date,amount
1990-12-19,1260.0
1990-12-20,197.0
1990-12-21,28.0
1990-12-24,32.0
1990-12-25,15.0
1990-12-26,100.0
1990-12-27,66.0
1990-12-28,108.0
1990-12-31,78.0
1991-01-02,91.0
1991-01-03,141.0
1991-01-04,420.0
1991-01-07,217.0
1991-01-08,2926.0
1991-01-09,5603.0
1991-01-10,9990.0
1991-01-11,13327.0
1991-01-14,12530.0
1991-01-15,1446.0
1991-01-16,509.0
1991-01-17,658.0
1991-01-18,3004.0
1991-01-21,2051.0
1991-01-22,354.0
1991-01-23,1095.0
1991-01-24,1857.0
1991-01-25,3447.0
1991-01-28,5107.0
1991-01-29,1387.0
1991-01-30,527.0
1991-01-31,510.0
1991-02-01,345.0
1991-02-04,553.0
1991-02-05,8562.0
1991-02-06,6641.0
1991-02-07,2133.0
1991-02-08,1234.0
1991-02-11,9317.0
1991-02-12,3774.0
1991-02-13,1152.0
1991-02-14,3624.0
1991-02-19,1748.0
1991-02-20,876.0
1991-02-21,3220.0
1991-02-22,3427.0
1991-02-25,810.0
1991-02-26,1094.0
1991-02-27,214.0
1991-02-28,2258.0
1991-03-01,7124.0
1991-03-04,2518.0
1991-03-05,982.0
1991-03-06,719.0
1991-03-07,568.0
1991-03-08,933.0
1991-03-11,514.0
1991-03-12,957.0
1991-03-13,498.0
1991-03-14,326.0
1991-03-15,790.0
1991-03-18,1250.0
1991-03-19,892.0
1991-03-20,678.0
1991-03-21,151.0
1991-03-22,207.0
1991-03-25,443.0
1991-03-26,1164.0
1991-03-27,668.0
1991-03-28,961.0
1991-03-29,2185.0
1991-04-01,11999.0
1991-04-02,816.0
1991-04-03,2063.0
1991-04-04,10517.0
1991-04-05,11589.0
1991-04-08,1862.0
1991-04-09,320.0
1991-04-10,466.0
1991-04-11,239.0
1991-04-12,399.0
1991-04-15,301.0
1991-04-16,105.0
1991-04-17,201.0
1991-04-18,178.0
1991-04-19,646.0
1991-04-22,430.0
1991-04-23,282.0
1991-04-24,148.0
1991-04-25,1495.0
1991-04-26,13354.0
1991-04-29,8411.0
1991-04-30,4850.0
1991-05-02,1465.0
1991-05-03,4230.0
1991-05-06,2764.0
1991-05-07,1875.0
1991-05-08,423.0
1991-05-10,249.0
1991-05-13,235.0
1991-05-14,267.0
1991-05-15,390.0
1991-05-16,3108.0
1991-05-17,20192.0
1991-05-20,863.0
1991-05-21,771.0
1991-05-22,18677.0
1991-05-23,5609.0
1991-05-24,1024.0
1991-05-27,8619.0
1991-05-28,1630.0
1991-05-29,530.0
1991-05-30,388.0
1991-05-31,1211.0
1991-06-03,954.0
1991-06-04,3603.0
1991-06-05,308.0
1991-06-07,100.0
1991-06-10,400.0
1991-06-11,543.0
1991-06-12,1372.0
1991-06-13,20868.0
1991-06-14,6633.0
1991-06-17,6933.0
1991-06-18,2030.0
1991-06-19,1481.0
1991-06-20,2299.0
1991-06-21,13613.0
1991-06-24,1960.0
1991-06-25,1624.0
1991-06-26,3409.0
1991-06-27,4497.0
1991-06-28,4935.0
1991-07-01,22940.0
1991-07-02,2838.0
1991-07-03,2715.0
1991-07-04,13394.0
1991-07-05,14540.0
1991-07-08,5874.0
1991-07-09,8442.0
1991-07-10,6023.0
1991-07-11,5073.0
1991-07-12,3144.0
1991-07-15,11938.0
1991-07-16,2796.0
1991-07-17,660.0
1991-07-18,847.0
1991-07-19,10823.0
1991-07-22,2764.0
1991-07-23,7241.0
1991-07-24,5988.0
1991-07-25,8390.0
1991-07-26,9279.0
1991-07-29,4771.0
1991-07-30,5601.0
1991-07-31,4051.0
1991-08-01,4731.0
1991-08-02,11744.0
1991-08-05,5126.0
1991-08-06,2001.0
1991-08-07,1107.0
1991-08-08,1951.0
1991-08-09,3715.0
1991-08-12,3919.0
1991-08-13,20039.0
1991-08-14,5480.0
1991-08-15,1537.0
1991-08-16,984.0
1991-08-19,985.0
1991-08-20,573.0
1991-08-21,3411.0
1991-08-22,1296.0
1991-08-23,605.0
1991-08-26,643.0
1991-08-27,796.0
1991-08-28,804.0
1991-08-29,2608.0
1991-08-30,6759.0
1991-09-02,1408.0
1991-09-03,1475.0
1991-09-04,650.0
1991-09-05,1514.0
1991-09-06,2765.0
1991-09-09,3552.0
1991-09-10,33434.0
1991-09-11,21392.0
1991-09-12,19699.0
1991-09-13,37434.0
1991-09-16,9933.0
1991-09-17,28829.0
1991-09-18,15822.0
1991-09-19,23439.0
1991-09-20,12075.0
1991-09-23,4034.0
1991-09-24,1426.0
1991-09-25,1389.0
1991-09-26,6541.0
1991-09-27,33728.0
1991-09-30,25594.0
1991-10-03,18741.0
1991-10-04,7360.0
1991-10-07,11369.0
1991-10-08,23745.0
1991-10-09,20989.0
1991-10-10,6638.0
1991-10-11,10981.0
1991-10-14,21493.0
1991-10-15,11002.0
1991-10-16,9562.0
1991-10-17,6077.0
1991-10-18,2968.0
1991-10-21,3537.0
1991-10-22,2128.0
1991-10-23,2623.0
1991-10-24,19357.0
1991-10-25,32650.0
1991-10-28,3217.0
1991-10-29,2697.0
1991-10-30,2380.0
1991-10-31,3929.0
1991-11-01,5906.0
1991-11-04,4474.0
1991-11-05,2805.0
1991-11-06,2848.0
1991-11-07,4833.0
1991-11-08,14406.0
1991-11-11,2474.0
1991-11-12,895.0
1991-11-13,799.0
1991-11-14,862.0
1991-11-15,2058.0
1991-11-18,1885.0
1991-11-19,2310.0
1991-11-20,2325.0
1991-11-21,2155.0
1991-11-22,2133.0
1991-11-25,2331.0
1991-11-26,2454.0
1991-11-27,2120.0
1991-11-28,2502.0
1991-11-29,33695.0
1991-12-02,19128.0
1991-12-03,1101.0
1991-12-04,742.0
1991-12-05,2050.0
1991-12-06,1613.0
1991-12-09,1631.0
1991-12-10,516.0
1991-12-11,669.0
1991-12-12,1577.0
1991-12-13,746.0
1991-12-16,580.0
1991-12-17,493.0
1991-12-18,760.0
1991-12-19,1094.0
1991-12-20,4393.0
1991-12-23,1046.0
1991-12-24,486.0
1991-12-25,573.0
1991-12-26,1168.0
1991-12-27,1551.0
1991-12-30,1165.0
1991-12-31,584.0
1992-01-02,928.0
1992-01-03,1436.0
1992-01-06,3400.0
1992-01-07,892.0
1992-01-08,659.0
1992-01-09,943.0
1992-01-10,1605.0
1992-01-13,725.0
1992-01-14,632.0
1992-01-15,259.0
1992-01-16,378.0
1992-01-17,250.0
1992-01-20,445.0
1992-01-21,534.0
1992-01-22,312.0
1992-01-23,413.0
1992-01-24,722.0
1992-01-27,562.0
1992-01-28,664.0
1992-01-29,401.0
1992-01-30,391.0
1992-01-31,354.0
1992-02-03,305.0
1992-02-07,327.0
1992-02-10,354.0
1992-02-11,296.0
1992-02-12,270.0
1992-02-14,457.0
1992-02-17,6369.0
1992-02-18,7407.0
1992-02-19,9401.0
1992-02-20,10341.0
1992-02-21,11582.0
1992-02-24,30157.0
1992-02-25,4862.0
1992-02-26,5753.0
1992-02-27,9524.0
1992-02-28,9862.0
1992-03-02,3405.0
1992-03-03,2989.0
1992-03-05,8360.0
1992-03-06,5237.0
1992-03-09,20968.0
1992-03-10,5011.0
1992-03-11,4001.0
1992-03-12,10326.0
1992-03-13,2527.0
1992-03-16,2646.0
1992-03-17,890.0
1992-03-18,4028.0
1992-03-19,13628.0
1992-03-20,3160.0
1992-03-23,10290.0
1992-03-24,4378.0
1992-03-25,11820.0
1992-03-26,10225.0
1992-03-27,1892.0
1992-03-30,12655.0
1992-03-31,17391.0
1992-04-01,4065.0
1992-04-02,1673.0
1992-04-03,1700.0
1992-04-06,5298.0
1992-04-07,10613.0
1992-04-08,1866.0
1992-04-09,3168.0
1992-04-10,7066.0
1992-04-13,20593.0
1992-04-14,9415.0
1992-04-15,10566.0
1992-04-16,39211.0
1992-04-17,15678.0
1992-04-20,10170.0
1992-04-21,51257.0
1992-04-22,50596.0
1992-04-23,54718.0
1992-04-24,34706.0
1992-04-27,37257.0
1992-04-28,42392.0
1992-04-29,52899.0
1992-04-30,45704.0
1992-05-04,64362.0
1992-05-05,49359.0
1992-05-06,33687.0
1992-05-07,34414.0
1992-05-08,48634.0
1992-05-12,33278.0
1992-05-13,33897.0
1992-05-14,33010.0
1992-05-15,63283.0
1992-05-18,29992.0
1992-05-19,47790.0
1992-05-20,65646.0
1992-05-21,89657.0
1992-05-22,93725.0
1992-05-25,88969.0
1992-05-26,68128.0
1992-05-27,64528.0
1992-05-28,48389.0
1992-05-29,51615.0
1992-06-01,39394.0
1992-06-02,34033.0
1992-06-03,41002.0
1992-06-04,43184.0
1992-06-05,44007.0
1992-06-08,28747.0
1992-06-09,35100.0
1992-06-10,58732.0
1992-06-11,34897.0
1992-06-12,47202.0
1992-06-15,37747.0
1992-06-17,34755.0
1992-06-18,29101.0
1992-06-19,25146.0
1992-06-22,27924.0
1992-06-23,19490.0
1992-06-24,16975.0
1992-06-25,19846.0
1992-06-26,29061.0
1992-06-29,53610.0
1992-06-30,58976.0
1992-07-01,58330.0
1992-07-02,46512.0
1992-07-03,75245.0
1992-07-06,63782.0
1992-07-07,68826.0
1992-07-08,68043.0
1992-07-09,53216.0
1992-07-10,58149.0
1992-07-13,51595.0
1992-07-14,44462.0
1992-07-15,44812.0
1992-07-16,50464.0
1992-07-17,62671.0
1992-07-20,31699.0
1992-07-21,35912.0
1992-07-22,47347.0
1992-07-23,77014.0
1992-07-24,57155.0
1992-07-27,59560.0
1992-07-28,78387.0
1992-07-29,68987.0
1992-07-30,99108.0
1992-07-31,87149.0
1992-08-03,60103.0
1992-08-04,52472.0
1992-08-05,61146.0
1992-08-06,72555.0
1992-08-07,78256.0
1992-08-10,81781.0
1992-08-11,106999.0
1992-08-12,144831.0
1992-08-13,115594.0
1992-08-14,104407.0
1992-08-17,113357.0
1992-08-18,148494.0
1992-08-19,75952.0
1992-08-20,160565.0
1992-08-21,170567.0
1992-08-24,99347.0
1992-08-25,84662.0
1992-08-26,126153.0
1992-08-27,54258.0
1992-08-28,74884.0
1992-08-31,54296.0
1992-09-01,78694.0
1992-09-02,93924.0
1992-09-03,163730.0
1992-09-04,98772.0
1992-09-07,87105.0
1992-09-08,100634.0
1992-09-09,111908.0
1992-09-10,113109.0
1992-09-11,117294.0
1992-09-14,137270.0
1992-09-15,119373.0
1992-09-16,143926.0
1992-09-17,94181.0
1992-09-18,61707.0
1992-09-21,81728.0
1992-09-22,69552.0
1992-09-23,65590.0
1992-09-24,77787.0
1992-09-25,76536.0
1992-09-28,42557.0
1992-09-29,64830.0
1992-09-30,89778.0
1992-10-05,94116.0
1992-10-06,71613.0
1992-10-07,53830.0
1992-10-08,84532.0
1992-10-09,93947.0
1992-10-12,110752.0
1992-10-13,112238.0
1992-10-14,105525.0
1992-10-15,75758.0
1992-10-16,68851.0
1992-10-19,81039.0
1992-10-20,94609.0
1992-10-21,91927.0
1992-10-22,138728.0
1992-10-23,114981.0
1992-10-26,125657.0
1992-10-27,141388.0
1992-10-28,116311.0
1992-10-29,124059.0
1992-10-30,146510.0
1992-11-02,126226.0
1992-11-03,125543.0
1992-11-04,128590.0
1992-11-05,95464.0
1992-11-06,73791.0
1992-11-09,95622.0
1992-11-10,124661.0
1992-11-11,104914.0
1992-11-12,121120.0
1992-11-13,116763.0
1992-11-16,107074.0
1992-11-17,100762.0
1992-11-18,93285.0
1992-11-19,115030.0
1992-11-20,86477.0
1992-11-23,133314.0
1992-11-24,175095.0
1992-11-25,302928.0
1992-11-26,387633.0
1992-11-27,266915.0
1992-11-30,370655.0
1992-12-01,215404.0
1992-12-02,181421.0
1992-12-03,301014.0
1992-12-04,305753.0
1992-12-07,250742.0
1992-12-08,433660.0
1992-12-09,276204.0
1992-12-10,227439.0
1992-12-11,307490.0
1992-12-14,188141.0
1992-12-15,141703.0
1992-12-16,121331.0
1992-12-17,116802.0
1992-12-18,102336.0
1992-12-21,277037.0
1992-12-22,183322.0
1992-12-23,113159.0
1992-12-24,166752.0
1992-12-25,261687.0
1992-12-28,152167.0
1992-12-29,149864.0
1992-12-30,152735.0
1992-12-31,135511.0
1993-01-04,183850.0
1993-01-06,402871.0
1993-01-07,268447.0
1993-01-08,373432.0
1993-01-11,638851.0
1993-01-12,624399.0
1993-01-13,395307.0
1993-01-14,638404.0
1993-01-15,466303.0
1993-01-18,338369.0
1993-01-19,332610.0
1993-01-20,258376.0
1993-01-21,301864.0
1993-01-22,325643.0
1993-01-27,472632.0
1993-01-28,460101.0
1993-01-29,520097.0
1993-02-01,683441.0
1993-02-02,614413.0
1993-02-03,560566.0
1993-02-04,556916.0
1993-02-05,651564.0
1993-02-08,622541.0
1993-02-09,764792.0
1993-02-10,788796.0
1993-02-11,731658.0
1993-02-12,853779.0
1993-02-16,493707.0
1993-02-17,374017.0
1993-02-18,442316.0
1993-02-19,504569.0
1993-02-22,477999.0
1993-02-23,471463.0
1993-02-24,720960.0
1993-02-25,595583.0
1993-02-26,650262.0
1993-03-01,425901.0
1993-03-02,399956.0
1993-03-03,193539.0
1993-03-04,277967.0
1993-03-05,484992.0
1993-03-08,759314.0
1993-03-09,391658.0
1993-03-10,301790.0
1993-03-11,448178.0
1993-03-12,402110.0
1993-03-15,256755.0
1993-03-16,243174.0
1993-03-17,165707.0
1993-03-18,176715.0
1993-03-19,263663.0
1993-03-22,377138.0
1993-03-23,350248.0
1993-03-24,220169.0
1993-03-25,219465.0
1993-03-26,512568.0
1993-03-29,244217.0
1993-03-30,271616.0
1993-03-31,235056.0
1993-04-01,138294.0
1993-04-02,184978.0
1993-04-05,180060.0
1993-04-06,538943.0
1993-04-07,1019684.0
1993-04-09,1069085.0
1993-04-12,638958.0
1993-04-13,668121.0
1993-04-14,880809.0
1993-04-15,597305.0
1993-04-16,651470.0
1993-04-19,478577.0
1993-04-20,450074.0
1993-04-21,280275.0
1993-04-22,344892.0
1993-04-23,556849.0
1993-04-26,774385.0
1993-04-27,911528.0
1993-04-28,688094.0
1993-04-29,502554.0
1993-04-30,399490.0
1993-05-03,595189.0
1993-05-04,712924.0
1993-05-05,460096.0
1993-05-06,465678.0
1993-05-07,432208.0
1993-05-10,397381.0
1993-05-11,241421.0
1993-05-12,248629.0
1993-05-13,193316.0
1993-05-14,257025.0
1993-05-17,194832.0
1993-05-18,194902.0
1993-05-19,117362.0
1993-05-20,243879.0
1993-05-21,153564.0
1993-05-24,386972.0
1993-05-25,301064.0
1993-05-26,202565.0
1993-05-27,253022.0
1993-05-28,218419.0
1993-05-31,341908.0
1993-06-01,275858.0
1993-06-02,998846.0
1993-06-03,1103748.0
1993-06-04,501040.0
1993-06-07,449563.0
1993-06-08,1012363.0
1993-06-09,454705.0
1993-06-10,323044.0
1993-06-11,279582.0
1993-06-14,421872.0
1993-06-15,233735.0
1993-06-16,150297.0
1993-06-17,134334.0
1993-06-18,148634.0
1993-06-21,175266.0
1993-06-22,163053.0
1993-06-23,136034.0
1993-06-24,137405.0
1993-06-25,224396.0
1993-06-28,328364.0
1993-06-29,832428.0
1993-06-30,580651.0
1993-07-01,399043.0
1993-07-02,264050.0
1993-07-05,286417.0
1993-07-06,326224.0
1993-07-07,233996.0
1993-07-08,120236.0
1993-07-09,174936.0
1993-07-12,433849.0
1993-07-13,284326.0
1993-07-14,308157.0
1993-07-15,179234.0
1993-07-16,190163.0
1993-07-19,336058.0
1993-07-20,194281.0
1993-07-21,162937.0
1993-07-22,148959.0
1993-07-23,202724.0
1993-07-26,245459.0
1993-07-27,148110.0
1993-07-28,439473.0
1993-07-29,259667.0
1993-07-30,1222136.0
1993-08-02,1327101.0
1993-08-03,307480.0
1993-08-04,343278.0
1993-08-05,538329.0
1993-08-06,524069.0
1993-08-09,1088235.0
1993-08-10,1438811.0
1993-08-11,435531.0
1993-08-12,1015689.0
1993-08-13,1332467.0
1993-08-16,1432882.0
1993-08-17,1542719.0
1993-08-18,642828.0
1993-08-19,448297.0
1993-08-20,451256.0
1993-08-23,497704.0
1993-08-24,342213.0
1993-08-25,285673.0
1993-08-26,170181.0
1993-08-27,411332.0
1993-08-30,231770.0
1993-08-31,169092.0
1993-09-01,245553.0
1993-09-02,171555.0
1993-09-03,323168.0
1993-09-06,497809.0
1993-09-07,345944.0
1993-09-08,263978.0
1993-09-09,237052.0
1993-09-10,171504.0
1993-09-13,295061.0
1993-09-14,138936.0
1993-09-15,100191.0
1993-09-16,114538.0
1993-09-17,142359.0
1993-09-20,177122.0
1993-09-21,266000.0
1993-09-22,179432.0
1993-09-23,172349.0
1993-09-24,467085.0
1993-09-27,312158.0
1993-09-28,559591.0
1993-09-29,488694.0
1993-09-30,524829.0
1993-10-04,563428.0
1993-10-05,357402.0
1993-10-06,436478.0
1993-10-07,1618615.0
1993-10-08,1195029.0
1993-10-11,635130.0
1993-10-12,554009.0
1993-10-13,607545.0
1993-10-14,417466.0
1993-10-15,268426.0
1993-10-18,554465.0
1993-10-19,576583.0
1993-10-20,691591.0
1993-10-21,742611.0
1993-10-22,1056350.0
1993-10-25,813707.0
1993-10-26,995521.0
1993-10-27,901031.0
1993-10-28,1160734.0
1993-10-29,999240.0
1993-11-01,646971.0
1993-11-02,549003.0
1993-11-03,571874.0
1993-11-04,504402.0
1993-11-05,518531.0
1993-11-08,818185.0
1993-11-09,679881.0
1993-11-10,1169090.0
1993-11-11,1114973.0
1993-11-12,983109.0
1993-11-15,1354358.0
1993-11-16,1278614.0
1993-11-17,1062975.0
1993-11-18,877493.0
1993-11-19,1620731.0
1993-11-22,1884341.0
1993-11-23,2135691.0
1993-11-24,1893822.0
1993-11-25,2354818.0
1993-11-26,1918993.0
1993-11-29,1386637.0
1993-11-30,1603177.0
1993-12-01,1217881.0
1993-12-02,778228.0
1993-12-03,806229.0
1993-12-06,2062968.0
1993-12-07,2402835.0
1993-12-08,2223643.0
1993-12-09,1246421.0
1993-12-10,1284583.0
1993-12-13,986699.0
1993-12-14,920584.0
1993-12-15,988407.0
1993-12-16,979969.0
1993-12-17,902744.0
1993-12-20,1319581.0
1993-12-21,1239165.0
1993-12-22,2060196.0
1993-12-23,1031247.0
1993-12-24,918481.0
1993-12-27,1004940.0
1993-12-28,1438026.0
1993-12-29,937012.0
1993-12-30,739747.0
1993-12-31,697063.0
1994-01-03,1010056.0
1994-01-04,652743.0
1994-01-05,894121.0
1994-01-06,1845117.0
1994-01-07,1686884.0
1994-01-10,1875951.0
1994-01-11,1368500.0
1994-01-12,1274299.0
1994-01-13,807921.0
1994-01-14,2429254.0
1994-01-17,1083501.0
1994-01-18,952694.0
1994-01-19,961660.0
1994-01-20,897650.0
1994-01-21,831843.0
1994-01-24,1252907.0
1994-01-25,1397286.0
1994-01-26,854492.0
1994-01-27,387437.0
1994-01-28,968163.0
1994-01-31,812960.0
1994-02-01,491702.0
1994-02-02,582879.0
1994-02-03,1066853.0
1994-02-04,1419538.0
1994-02-14,1149078.0
1994-02-15,643441.0
1994-02-16,538945.0
1994-02-17,514818.0
1994-02-18,430361.0
1994-02-21,449855.0
1994-02-22,647103.0
1994-02-23,402096.0
1994-02-24,1472418.0
1994-02-25,2347516.0
1994-02-28,2850034.0
1994-03-01,1227367.0
1994-03-02,1291178.0
1994-03-03,1002258.0
1994-03-04,1135285.0
1994-03-07,307824.0
1994-03-08,1712448.0
1994-03-09,2695066.0
1994-03-10,2940279.0
1994-03-11,3169069.0
1994-03-14,4827181.0
1994-03-15,4687746.0
1994-03-16,3699463.0
1994-03-17,3455372.0
1994-03-18,2566185.0
1994-03-21,1679037.0
1994-03-22,1309988.0
1994-03-23,1986507.0
1994-03-24,2825216.0
1994-03-25,2314904.0
1994-03-28,1986218.0
1994-03-29,2201980.0
1994-03-30,2023568.0
1994-03-31,2496753.0
1994-04-01,1654987.0
1994-04-04,2181421.0
1994-04-05,1503539.0
1994-04-06,1097687.0
1994-04-07,1188220.0
1994-04-08,914266.0
1994-04-11,1173086.0
1994-04-12,1078185.0
1994-04-13,1548426.0
1994-04-14,1630720.0
1994-04-15,2369345.0
1994-04-18,1587921.0
1994-04-19,1710162.0
1994-04-20,1814450.0
1994-04-21,2191990.0
1994-04-22,3213060.0
1994-04-25,1931556.0
1994-04-26,1423889.0
1994-04-27,2916956.0
1994-04-28,3579686.0
1994-04-29,2604835.0
1994-05-03,1400761.0
1994-05-04,2380003.0
1994-05-05,1907679.0
1994-05-06,1776204.0
1994-05-09,1749043.0
1994-05-10,1716041.0
1994-05-11,2548720.0
1994-05-12,1844336.0
1994-05-13,1466810.0
1994-05-16,2653975.0
1994-05-17,1637435.0
1994-05-18,1945166.0
1994-05-19,1231949.0
1994-05-20,2057304.0
1994-05-23,1585670.0
1994-05-24,1047124.0
1994-05-25,1076634.0
1994-05-26,1099491.0
1994-05-27,1299107.0
1994-05-30,6412940.0
1994-05-31,3108228.0
1994-06-01,2250024.0
1994-06-02,1835763.0
1994-06-03,1757666.0
1994-06-06,1169550.0
1994-06-07,586253.0
1994-06-08,805043.0
1994-06-09,931669.0
1994-06-10,784703.0
1994-06-13,707644.0
1994-06-14,751739.0
1994-06-15,829897.0
1994-06-16,797724.0
1994-06-17,1842022.0
1994-06-20,1858213.0
1994-06-21,636656.0
1994-06-22,556087.0
1994-06-23,624638.0
1994-06-24,599505.0
1994-06-27,661367.0
1994-06-28,387833.0
1994-06-29,343038.0
1994-06-30,475173.0
1994-07-01,528995.0
1994-07-04,519699.0
1994-07-05,438989.0
1994-07-06,562537.0
1994-07-07,441382.0
1994-07-08,596502.0
1994-07-11,660753.0
1994-07-12,322477.0
1994-07-13,461652.0
1994-07-14,790636.0
1994-07-15,696118.0
1994-07-18,450040.0
1994-07-19,388639.0
1994-07-20,334605.0
1994-07-21,519747.0
1994-07-22,782751.0
1994-07-25,940691.0
1994-07-26,1693893.0
1994-07-27,1834646.0
1994-07-28,1280774.0
1994-07-29,1183388.0
1994-08-01,6203991.0
1994-08-02,9188949.0
1994-08-03,8344837.0
1994-08-04,17575994.0
1994-08-05,17730586.0
1994-08-08,15876782.0
1994-08-09,9620500.0
1994-08-10,14283869.0
1994-08-11,16929738.0
1994-08-12,7254857.0
1994-08-15,4551259.0
1994-08-16,7200028.0
1994-08-17,5418758.0
1994-08-18,13240724.0
1994-08-19,8427972.0
1994-08-22,4689260.0
1994-08-23,4099113.0
1994-08-24,5104219.0
1994-08-25,4022221.0
1994-08-26,4949756.0
1994-08-29,3753917.0
1994-08-30,8119895.0
1994-08-31,10734819.0
1994-09-01,8635737.0
1994-09-02,6685557.0
1994-09-05,18384264.0
1994-09-06,14313953.0
1994-09-07,11867308.0
1994-09-08,7921545.0
1994-09-09,8833818.0
1994-09-12,8087496.0
1994-09-13,10204500.0
1994-09-14,8062620.0
1994-09-15,4641504.0
1994-09-16,5237974.0
1994-09-19,4141982.0
1994-09-20,3326539.0
1994-09-21,3536784.0
1994-09-22,4560400.0
1994-09-23,4166424.0
1994-09-26,2765866.0
1994-09-27,2366061.0
1994-09-29,3624128.0
1994-09-30,3668769.0
1994-10-05,3261098.0
1994-10-06,2837029.0
1994-10-07,6343069.0
1994-10-10,5216786.0
1994-10-11,2284055.0
1994-10-12,2136533.0
1994-10-13,3638977.0
1994-10-14,3270027.0
1994-10-17,1350710.0
1994-10-18,898639.0
1994-10-19,1934321.0
1994-10-20,4762116.0
1994-10-21,6549282.0
1994-10-24,6031524.0
1994-10-25,5659518.0
1994-10-26,3347931.0
1994-10-27,1905228.0
1994-10-28,2598664.0
1994-10-31,1551624.0
1994-11-01,1199615.0
1994-11-02,1008649.0
1994-11-03,3411274.0
1994-11-04,2777741.0
1994-11-07,1213088.0
1994-11-08,4271396.0
1994-11-09,2510967.0
1994-11-10,2914388.0
1994-11-11,1982480.0
1994-11-14,2434357.0
1994-11-15,1813599.0
1994-11-16,1135136.0
1994-11-17,912134.0
1994-11-18,706662.0
1994-11-21,345825.0
1994-11-22,724103.0
1994-11-23,690297.0
1994-11-24,583816.0
1994-11-25,662797.0
1994-11-28,307181.0
1994-11-29,393979.0
1994-11-30,387252.0
1994-12-01,268981.0
1994-12-02,338072.0
1994-12-05,392172.0
1994-12-06,410698.0
1994-12-07,252900.0
1994-12-08,276270.0
1994-12-09,401992.0
1994-12-12,344027.0
1994-12-13,439381.0
1994-12-14,306808.0
1994-12-15,1023539.0
1994-12-16,2095186.0
1994-12-19,977391.0
1994-12-20,1186345.0
1994-12-21,2568225.0
1994-12-22,1591470.0
1994-12-23,3023717.0
1994-12-26,1610154.0
1994-12-27,1638034.0
1994-12-28,982848.0
1994-12-29,828122.0
1994-12-30,677709.0
1995-01-03,234518.0
1995-01-04,422220.0
1995-01-05,430123.0
1995-01-06,487482.0
1995-01-09,509851.0
1995-01-10,606925.0
1995-01-11,362682.0
1995-01-12,338195.0
1995-01-13,421523.0
1995-01-16,373651.0
1995-01-17,350001.0
1995-01-18,315663.0
1995-01-19,417558.0
1995-01-20,435803.0
1995-01-23,372177.0
1995-01-24,391150.0
1995-01-25,378480.0
1995-01-26,323391.0
1995-01-27,558627.0
1995-02-06,298731.0
1995-02-07,271755.0
1995-02-08,267052.0
1995-02-09,587750.0
1995-02-10,632978.0
1995-02-13,435592.0
1995-02-14,334781.0
1995-02-15,232116.0
1995-02-16,322181.0
1995-02-17,385687.0
1995-02-20,253105.0
1995-02-21,263401.0
1995-02-22,1440033.0
1995-02-23,1922892.0
1995-02-24,1245653.0
1995-02-27,997645.0
1995-02-28,495285.0
1995-03-01,407516.0
1995-03-02,466527.0
1995-03-03,1069184.0
1995-03-06,2031407.0
1995-03-07,3210710.0
1995-03-08,3050924.0
1995-03-09,1623939.0
1995-03-10,1250517.0
1995-03-13,718221.0
1995-03-14,719495.0
1995-03-15,668663.0
1995-03-16,489403.0
1995-03-17,798196.0
1995-03-20,1084323.0
1995-03-21,603102.0
1995-03-22,1346165.0
1995-03-23,1907796.0
1995-03-24,979545.0
1995-03-27,1719001.0
1995-03-28,1246656.0
1995-03-29,1030425.0
1995-03-30,1684929.0
1995-03-31,1265963.0
1995-04-03,2114160.0
1995-04-04,1520953.0
1995-04-05,1403741.0
1995-04-06,1860292.0
1995-04-07,3441078.0
1995-04-10,2646181.0
1995-04-11,3541515.0
1995-04-12,1619812.0
1995-04-13,1436203.0
1995-04-14,1022125.0
1995-04-17,686729.0
1995-04-18,576374.0
1995-04-19,708130.0
1995-04-20,1090000.0
1995-04-21,1340573.0
1995-04-24,977123.0
1995-04-25,610985.0
1995-04-26,941409.0
1995-04-27,1905996.0
1995-04-28,938144.0
1995-05-02,807343.0
1995-05-03,482472.0
1995-05-04,480506.0
1995-05-05,418845.0
1995-05-08,300239.0
1995-05-09,363648.0
1995-05-10,548077.0
1995-05-11,349024.0
1995-05-12,106445.0
1995-05-15,410695.0
1995-05-16,332583.0
1995-05-17,242311.0
1995-05-18,10076101.0
1995-05-19,10855267.0
1995-05-22,12070917.0
1995-05-23,8409161.0
1995-05-24,4153473.0
1995-05-25,3151448.0
1995-05-26,3901339.0
1995-05-29,1505885.0
1995-05-30,1269182.0
1995-05-31,1092356.0
1995-06-01,906974.0
1995-06-02,1453289.0
1995-06-05,1187002.0
1995-06-06,932597.0
1995-06-07,1173637.0
1995-06-08,2143230.0
1995-06-09,1337475.0
1995-06-12,1944173.0
1995-06-13,1188396.0
1995-06-14,1103607.0
1995-06-15,2317091.0
1995-06-16,982912.0
1995-06-19,714114.0
1995-06-20,779500.0
1995-06-21,859035.0
1995-06-22,1063607.0
1995-06-23,855886.0
1995-06-26,820606.0
1995-06-27,1386078.0
1995-06-28,792094.0
1995-06-29,799524.0
1995-06-30,1917740.0
1995-07-03,1260256.0
1995-07-04,908399.0
1995-07-05,1157414.0
1995-07-06,2040922.0
1995-07-07,3066108.0
1995-07-10,3409459.0
1995-07-11,2245976.0
1995-07-12,1134289.0
1995-07-13,1588228.0
1995-07-14,1766402.0
1995-07-17,4618829.0
1995-07-18,6692290.0
1995-07-19,6698345.0
1995-07-20,2763215.0
1995-07-21,2876029.0
1995-07-24,8588448.0
1995-07-25,4677425.0
1995-07-26,3705401.0
1995-07-27,2246993.0
1995-07-28,3230925.0
1995-07-31,2324125.0
1995-08-01,3194201.0
1995-08-02,4544828.0
1995-08-03,1817123.0
1995-08-04,2570341.0
1995-08-07,2689043.0
1995-08-08,3566226.0
1995-08-09,3623220.0
1995-08-10,8558366.0
1995-08-11,9059357.0
1995-08-14,11835226.0
1995-08-15,7278627.0
1995-08-16,7800190.0
1995-08-17,6967108.0
1995-08-18,4953518.0
1995-08-21,4113199.0
1995-08-22,2430887.0
1995-08-23,2515786.0
1995-08-24,2596307.0
1995-08-25,2207277.0
1995-08-28,1478849.0
1995-08-29,2568240.0
1995-08-30,1793817.0
1995-08-31,1882342.0
1995-09-01,2036533.0
1995-09-04,2865883.0
1995-09-05,2698624.0
1995-09-06,3817502.0
1995-09-07,6190180.0
1995-09-08,3051478.0
1995-09-11,4213794.0
1995-09-12,4611117.0
1995-09-13,3426015.0
1995-09-14,5448405.0
1995-09-15,2691833.0
1995-09-18,2418002.0
1995-09-19,3154083.0
1995-09-20,2027674.0
1995-09-21,1367015.0
1995-09-22,1074830.0
1995-09-25,1210792.0
1995-09-26,1022871.0
1995-09-27,2608655.0
1995-09-28,2068937.0
1995-09-29,1922061.0
1995-10-04,1222045.0
1995-10-05,1020401.0
1995-10-06,2323431.0
1995-10-09,2345760.0
1995-10-10,3995194.0
1995-10-11,4139230.0
1995-10-12,5487184.0
1995-10-13,3929210.0
1995-10-16,2591953.0
1995-10-17,1888299.0
1995-10-18,4273054.0
1995-10-19,4527197.0
1995-10-20,3221212.0
1995-10-23,3877994.0
1995-10-24,3116097.0
1995-10-25,8046441.0
1995-10-26,6377618.0
1995-10-27,3579319.0
1995-10-30,2513254.0
1995-10-31,2733567.0
1995-11-01,3035687.0
1995-11-02,2050365.0
1995-11-03,3155308.0
1995-11-06,2477455.0
1995-11-07,2034498.0
1995-11-08,2553375.0
1995-11-09,2051134.0
1995-11-10,1328636.0
1995-11-13,1681681.0
1995-11-14,1290281.0
1995-11-15,1705474.0
1995-11-16,2658306.0
1995-11-17,1233322.0
1995-11-20,828513.0
1995-11-21,1173928.0
1995-11-22,914955.0
1995-11-23,1017387.0
1995-11-24,763563.0
1995-11-27,856620.0
1995-11-28,959655.0
1995-11-29,732428.0
1995-11-30,923616.0
1995-12-01,921951.0
1995-12-04,412218.0
1995-12-05,460212.0
1995-12-06,641821.0
1995-12-07,500832.0
1995-12-08,1458221.0
1995-12-11,1137729.0
1995-12-12,1476493.0
1995-12-13,1433506.0
1995-12-14,766437.0
1995-12-15,993696.0
1995-12-18,809700.0
1995-12-19,639003.0
1995-12-20,665901.0
1995-12-21,957680.0
1995-12-22,696867.0
1995-12-25,709792.0
1995-12-26,548952.0
1995-12-27,809123.0
1995-12-28,809372.0
1995-12-29,822337.0
1996-01-02,482478.0
1996-01-03,556192.0
1996-01-04,1105913.0
1996-01-05,1386371.0
1996-01-08,696207.0
1996-01-09,1894742.0
1996-01-10,1531535.0
1996-01-11,1157744.0
1996-01-12,967429.0
1996-01-15,919361.0
1996-01-16,852911.0
1996-01-17,981153.0
1996-01-18,1267549.0
1996-01-19,863912.0
1996-01-22,682624.0
1996-01-23,556340.0
1996-01-24,779977.0
1996-01-25,2307320.0
1996-01-26,967330.0
1996-01-29,1098300.0
1996-01-30,1153756.0
1996-01-31,1964732.0
1996-02-01,962217.0
1996-02-02,993070.0
1996-02-05,1220876.0
1996-02-06,776204.0
1996-02-07,673555.0
1996-02-08,378694.0
1996-02-09,329658.0
1996-02-12,364642.0
1996-02-13,471762.0
1996-02-14,497882.0
1996-02-15,830979.0
1996-02-16,1870610.0
1996-03-04,4480923.0
1996-03-05,4289672.0
1996-03-06,2514257.0
1996-03-07,1148420.0
1996-03-08,1334412.0
1996-03-11,1157246.0
1996-03-12,1166225.0
1996-03-13,661702.0
1996-03-14,592667.0
1996-03-15,597795.0
1996-03-18,980704.0
1996-03-19,763322.0
1996-03-20,803071.0
1996-03-21,1118479.0
1996-03-22,884935.0
1996-03-25,962361.0
1996-03-26,890455.0
1996-03-27,684522.0
1996-03-28,1060697.0
1996-03-29,1085856.0
1996-04-01,1371654.0
1996-04-02,676068.0
1996-04-03,484239.0
1996-04-04,536910.0
1996-04-05,1157159.0
1996-04-08,1899630.0
1996-04-09,859305.0
1996-04-10,1004596.0
1996-04-11,998554.0
1996-04-12,1548458.0
1996-04-15,827849.0
1996-04-16,1350672.0
1996-04-17,1740492.0
1996-04-18,1656789.0
1996-04-19,4123339.0
1996-04-22,5312174.0
1996-04-23,2881555.0
1996-04-24,7184553.0
1996-04-25,6689213.0
1996-04-26,10071376.0
1996-04-29,8780222.0
1996-04-30,7235604.0
1996-05-02,5179001.0
1996-05-03,2960827.0
1996-05-06,5766489.0
1996-05-07,4933715.0
1996-05-08,3119170.0
1996-05-09,2672481.0
1996-05-10,2225074.0
1996-05-13,3831605.0
1996-05-14,2811699.0
1996-05-15,2782651.0
1996-05-16,5889047.0
1996-05-17,4320810.0
1996-05-20,6628098.0
1996-05-21,4715549.0
1996-05-22,3663837.0
1996-05-23,3292401.0
1996-05-24,2519110.0
1996-05-27,1207223.0
1996-05-28,1934188.0
1996-05-29,1417899.0
1996-05-30,1681183.0
1996-05-31,2416099.0
1996-06-03,3233044.0
1996-06-04,3183675.0
1996-06-05,5991263.0
1996-06-06,7776633.0
1996-06-07,10691870.0
1996-06-10,10640451.0
1996-06-11,7705698.0
1996-06-12,8058351.0
1996-06-13,6929639.0
1996-06-14,10172193.0
1996-06-17,6021042.0
1996-06-18,5398729.0
1996-06-19,7345856.0
1996-06-20,3975064.0
1996-06-21,3773213.0
1996-06-24,3391442.0
1996-06-25,3668148.0
1996-06-26,3894474.0
1996-06-27,5731744.0
1996-06-28,4364062.0
1996-07-01,6027652.0
1996-07-02,3613407.0
1996-07-03,5436389.0
1996-07-04,6181885.0
1996-07-05,7135117.0
1996-07-08,7274347.0
1996-07-09,7673064.0
1996-07-10,6574262.0
1996-07-11,5395230.0
1996-07-12,3801905.0
1996-07-15,3665840.0
1996-07-16,5681102.0
1996-07-17,7192647.0
1996-07-18,3814635.0
1996-07-19,8602257.0
1996-07-22,10828270.0
1996-07-23,6847447.0
1996-07-24,7767470.0
1996-07-25,8224690.0
1996-07-26,6530364.0
1996-07-29,4168558.0
1996-07-30,4093727.0
1996-07-31,3568602.0
1996-08-01,3713304.0
1996-08-02,3918272.0
1996-08-05,3252658.0
1996-08-06,3764331.0
1996-08-07,5114482.0
1996-08-08,4467449.0
1996-08-09,5434288.0
1996-08-12,5292406.0
1996-08-13,3380463.0
1996-08-14,3066998.0
1996-08-15,3703103.0
1996-08-16,3927559.0
1996-08-19,2532430.0
1996-08-20,2715780.0
1996-08-21,3533549.0
1996-08-22,3002311.0
1996-08-23,3508527.0
1996-08-26,2941322.0
1996-08-27,2596491.0
1996-08-28,3499275.0
1996-08-29,3142907.0
1996-08-30,4664219.0
1996-09-02,3629176.0
1996-09-03,3634716.0
1996-09-04,3717969.0
1996-09-05,7055527.0
1996-09-06,3614965.0
1996-09-09,3603709.0
1996-09-10,3579191.0
1996-09-11,2902595.0
1996-09-12,4951125.0
1996-09-13,3294425.0
1996-09-16,3105759.0
1996-09-17,2825712.0
1996-09-18,2960647.0
1996-09-19,2047827.0
1996-09-20,3632568.0
1996-09-23,8750209.0
1996-09-24,7619116.0
1996-09-25,5269653.0
1996-09-26,5528706.0
1996-09-27,6779711.0
1996-10-03,5855275.0
1996-10-04,3849198.0
1996-10-07,4401367.0
1996-10-08,5362932.0
1996-10-09,5107229.0
1996-10-10,9745683.0
1996-10-11,11252541.0
1996-10-14,12502362.0
1996-10-15,8655867.0
1996-10-16,8499455.0
1996-10-17,8331417.0
1996-10-18,9963990.0
1996-10-21,7409762.0
1996-10-22,10114057.0
1996-10-23,14262611.0
1996-10-24,11165096.0
1996-10-25,11273987.0
1996-10-28,10295494.0
1996-10-29,11142888.0
1996-10-30,8913422.0
1996-10-31,7183930.0
1996-11-01,7974747.0
1996-11-04,5628502.0
1996-11-05,5038555.0
1996-11-06,3971998.0
1996-11-07,3494761.0
1996-11-08,3054420.0
1996-11-11,3631432.0
1996-11-12,4937158.0
1996-11-13,4520260.0
1996-11-14,5539152.0
1996-11-15,5509858.0
1996-11-18,8278962.0
1996-11-19,12890007.0
1996-11-20,8541935.0
1996-11-21,8714657.0
1996-11-22,6362317.0
1996-11-25,6440178.0
1996-11-26,6201207.0
1996-11-27,5476057.0
1996-11-28,7510755.0
1996-11-29,13130487.0
1996-12-02,20411528.0
1996-12-03,21485676.0
1996-12-04,14828442.0
1996-12-05,19687106.0
1996-12-06,14430518.0
1996-12-09,15603201.0
1996-12-10,12963366.0
1996-12-11,12680276.0
1996-12-12,11204061.0
1996-12-13,9742486.0
1996-12-16,1433003.0
1996-12-17,6014684.0
1996-12-18,10124334.0
1996-12-19,8908300.0
1996-12-20,6198930.0
1996-12-23,4437240.0
1996-12-24,3665224.0
1996-12-25,4159185.0
1996-12-26,5522191.0
1996-12-27,5509004.0
1996-12-30,5717506.0
1996-12-31,4721433.0
1997-01-02,2653037.0
1997-01-03,3429165.0
1997-01-06,2416088.0
1997-01-07,2518248.0
1997-01-08,2313690.0
1997-01-09,2526501.0
1997-01-10,3337217.0
1997-01-13,3881413.0
1997-01-14,3043939.0
1997-01-15,1937957.0
1997-01-16,1940147.0
1997-01-17,2236668.0
1997-01-20,2749331.0
1997-01-21,3393618.0
1997-01-22,3342414.0
1997-01-23,3969012.0
1997-01-24,3737870.0
1997-01-27,4799149.0
1997-01-28,3286744.0
1997-01-29,4130859.0
1997-01-30,3523831.0
1997-01-31,4088016.0
1997-02-17,3616966.0
1997-02-18,7273849.0
1997-02-19,5407282.0
1997-02-20,9530846.0
1997-02-21,13808384.0
1997-02-24,11122758.0
1997-02-25,7125747.0
1997-02-26,6167621.0
1997-02-27,6600775.0
1997-02-28,6698066.0
1997-03-03,9005945.0
1997-03-04,9139791.0
1997-03-05,7887031.0
1997-03-06,8700560.0
1997-03-07,8140573.0
1997-03-10,8631868.0
1997-03-11,8332303.0
1997-03-12,9627853.0
1997-03-13,9139949.0
1997-03-14,8188594.0
1997-03-17,11284870.0
1997-03-18,10507794.0
1997-03-19,8071929.0
1997-03-20,7576374.0
1997-03-21,7383739.0
1997-03-24,10888618.0
1997-03-25,9006469.0
1997-03-26,8872766.0
1997-03-27,9687737.0
1997-03-28,7532681.0
1997-03-31,8505750.0
1997-04-01,8367888.0
1997-04-02,7583241.0
1997-04-03,6891523.0
1997-04-04,10161852.0
1997-04-07,10098885.0
1997-04-08,8053775.0
1997-04-09,9604504.0
1997-04-10,10861329.0
1997-04-11,9223723.0
1997-04-14,14119474.0
1997-04-15,10320303.0
1997-04-16,9697085.0
1997-04-17,7803004.0
1997-04-18,8801098.0
1997-04-21,12377891.0
1997-04-22,10857722.0
1997-04-23,10522662.0
1997-04-24,10035406.0
1997-04-25,10444571.0
1997-04-28,9226121.0
1997-04-29,8349533.0
1997-04-30,8331599.0
1997-05-05,10288347.0
1997-05-06,11585373.0
1997-05-07,11442789.0
1997-05-08,11449654.0
1997-05-09,9601984.0
1997-05-12,13162879.0
1997-05-13,10808461.0
1997-05-14,8075459.0
1997-05-15,6742493.0
1997-05-16,9768284.0
1997-05-19,5613684.0
1997-05-20,5354499.0
1997-05-21,5652777.0
1997-05-22,6673195.0
1997-05-23,5390990.0
1997-05-26,5863918.0
1997-05-27,5377609.0
1997-05-28,4808782.0
1997-05-29,4661898.0
1997-05-30,3937747.0
1997-06-02,6344059.0
1997-06-03,7059196.0
1997-06-04,7167138.0
1997-06-05,6025594.0
1997-06-06,9218915.0
1997-06-09,3482366.0
1997-06-10,2750901.0
1997-06-11,3670099.0
1997-06-12,2912346.0
1997-06-13,4544997.0
1997-06-16,4840552.0
1997-06-17,3604596.0
1997-06-18,3284719.0
1997-06-19,3087207.0
1997-06-20,4840670.0
1997-06-23,6216438.0
1997-06-24,4145512.0
1997-06-25,4441957.0
1997-06-26,4106079.0
1997-06-27,5632511.0
1997-07-02,3923861.0
1997-07-03,3737271.0
1997-07-04,4445420.0
1997-07-07,3526133.0
1997-07-08,3675202.0
1997-07-09,3214466.0
1997-07-10,3354190.0
1997-07-11,3965974.0
1997-07-14,5573165.0
1997-07-15,5727596.0
1997-07-16,5273630.0
1997-07-17,4578718.0
1997-07-18,4765964.0
1997-07-21,4940280.0
1997-07-22,4552630.0
1997-07-23,4808424.0
1997-07-24,3325957.0
1997-07-25,3112253.0
1997-07-28,3059538.0
1997-07-29,3033113.0
1997-07-30,3652351.0
1997-07-31,3763266.0
1997-08-01,3286478.0
1997-08-04,4326691.0
1997-08-05,3597457.0
1997-08-06,2972321.0
1997-08-07,3448699.0
1997-08-08,7033741.0
1997-08-11,5036508.0
1997-08-12,3936901.0
1997-08-13,3460815.0
1997-08-14,3952971.0
1997-08-15,4767614.0
1997-08-18,3357464.0
1997-08-19,2571981.0
1997-08-20,2507383.0
1997-08-21,4007224.0
1997-08-22,4337399.0
1997-08-25,4539603.0
1997-08-26,5549792.0
1997-08-27,5433721.0
1997-08-28,6942658.0
1997-08-29,7318643.0
1997-09-01,6798216.0
1997-09-02,5896206.0
1997-09-03,5758038.0
1997-09-04,5447049.0
1997-09-05,4722780.0
1997-09-08,5484254.0
1997-09-09,4544453.0
1997-09-10,5390723.0
1997-09-11,7133641.0
1997-09-12,4310666.0
1997-09-15,3578373.0
1997-09-16,2651954.0
1997-09-17,2425953.0
1997-09-18,2300956.0
1997-09-19,2018437.0
1997-09-22,3062643.0
1997-09-23,4299589.0
1997-09-24,4964027.0
1997-09-25,4336333.0
1997-09-26,2741706.0
1997-09-29,2436154.0
1997-09-30,2045300.0
1997-10-06,1565933.0
1997-10-07,1762384.0
1997-10-08,2933823.0
1997-10-09,2025031.0
1997-10-10,1951931.0
1997-10-13,1899293.0
1997-10-14,1538060.0
1997-10-15,2145228.0
1997-10-16,3386234.0
1997-10-17,4599942.0
1997-10-20,4608956.0
1997-10-21,4232146.0
1997-10-22,6082871.0
1997-10-23,4154787.0
1997-10-24,3775922.0
1997-10-27,6563903.0
1997-10-28,5248239.0
1997-10-29,3591003.0
1997-10-30,4817378.0
1997-10-31,3050338.0
1997-11-03,2562182.0
1997-11-04,2362328.0
1997-11-05,4919680.0
1997-11-06,4281561.0
1997-11-07,3627501.0
1997-11-10,3996574.0
1997-11-11,2996537.0
1997-11-12,2949103.0
1997-11-13,2981946.0
1997-11-14,3893766.0
1997-11-17,2722943.0
1997-11-18,2563705.0
1997-11-19,2656860.0
1997-11-20,3245751.0
1997-11-21,2927301.0
1997-11-24,2966754.0
1997-11-25,3584243.0
1997-11-26,2347278.0
1997-11-27,2512619.0
1997-11-28,2657870.0
1997-12-01,2312875.0
1997-12-02,1875374.0
1997-12-03,1917993.0
1997-12-04,2290658.0
1997-12-05,2396652.0
1997-12-08,2096403.0
1997-12-09,2146267.0
1997-12-10,2368716.0
1997-12-11,2317636.0
1997-12-12,2571101.0
1997-12-15,3166176.0
1997-12-16,3339194.0
1997-12-17,3323458.0
1997-12-18,3049009.0
1997-12-19,3244670.0
1997-12-22,4233415.0
1997-12-23,3313634.0
1997-12-24,3178988.0
1997-12-25,3598401.0
1997-12-26,4192918.0
1997-12-29,3670210.0
1997-12-30,2792940.0
1997-12-31,3093250.0
1998-01-05,4371532.0
1998-01-06,5148664.0
1998-01-07,5756557.0
1998-01-08,4069472.0
1998-01-09,5357096.0
1998-01-12,5739689.0
1998-01-13,7194435.0
1998-01-14,5703801.0
1998-01-15,5539255.0
1998-01-16,4120326.0
1998-01-19,3262038.0
1998-01-20,3129378.0
1998-01-21,3032972.0
1998-01-22,4361254.0
1998-01-23,3580684.0
1998-02-09,4358584.0
1998-02-10,5324563.0
1998-02-11,4815520.0
1998-02-12,4749077.0
1998-02-13,4097735.0
1998-02-16,4615358.0
1998-02-17,3525859.0
1998-02-18,4614067.0
1998-02-19,3300714.0
1998-02-20,3159234.0
1998-02-23,3807533.0
1998-02-24,3526684.0
1998-02-25,3428467.0
1998-02-26,3147775.0
1998-02-27,3582150.0
1998-03-02,4843155.0
1998-03-03,3561297.0
1998-03-04,3595148.0
1998-03-05,3223419.0
1998-03-06,3085020.0
1998-03-09,3091094.0
1998-03-10,2980644.0
1998-03-11,3655966.0
1998-03-12,2504100.0
1998-03-13,2331528.0
1998-03-16,3018911.0
1998-03-17,3733760.0
1998-03-18,3622608.0
1998-03-19,3359438.0
1998-03-20,2789824.0
1998-03-23,3610322.0
1998-03-24,3519725.0
1998-03-25,4125855.0
1998-03-26,4520501.0
1998-03-27,6828855.0
1998-03-30,7296185.0
1998-03-31,6091676.0
1998-04-01,6222174.0
1998-04-02,10312029.0
1998-04-03,7910901.0
1998-04-06,10207026.0
1998-04-07,16278826.0
1998-04-08,14139194.0
1998-04-09,15117021.0
1998-04-10,14626799.0
1998-04-13,12145809.0
1998-04-14,8553116.0
1998-04-15,9554503.0
1998-04-16,9441175.0
1998-04-17,8786014.0
1998-04-20,7377140.0
1998-04-21,6563455.0
1998-04-22,7902050.0
1998-04-23,10653131.0
1998-04-24,9704622.0
1998-04-27,11064605.0
1998-04-28,9589329.0
1998-04-29,8270674.0
1998-04-30,8858593.0
1998-05-04,11036492.0
1998-05-05,8019245.0
1998-05-06,7638295.0
1998-05-07,7958195.0
1998-05-08,16861232.0
1998-05-11,13421615.0
1998-05-12,8679696.0
1998-05-13,10200862.0
1998-05-14,12367814.0
1998-05-15,10216419.0
1998-05-18,8261204.0
1998-05-19,6231354.0
1998-05-20,6720300.0
1998-05-21,6761925.0
1998-05-22,8001902.0
1998-05-25,10706885.0
1998-05-26,8752337.0
1998-05-27,8827416.0
1998-05-28,8308787.0
1998-05-29,9508796.0
1998-06-01,9839901.0
1998-06-02,7950942.0
1998-06-03,8558169.0
1998-06-04,7636490.0
1998-06-05,7567916.0
1998-06-08,6688325.0
1998-06-09,7226898.0
1998-06-10,5355221.0
1998-06-11,4239517.0
1998-06-12,5425097.0
1998-06-15,5488431.0
1998-06-16,5929275.0
1998-06-17,5131605.0
1998-06-18,5243717.0
1998-06-19,5359102.0
1998-06-22,6433844.0
1998-06-23,6393474.0
1998-06-24,6315300.0
1998-06-25,5065461.0
1998-06-26,10178135.0
1998-06-29,6015491.0
1998-06-30,3810656.0
1998-07-01,5550416.0
1998-07-02,4845889.0
1998-07-03,5450636.0
1998-07-06,4627863.0
1998-07-07,3515220.0
1998-07-08,3452984.0
1998-07-09,3988182.0
1998-07-10,5297925.0
1998-07-13,4795185.0
1998-07-14,5156275.0
1998-07-15,4335965.0
1998-07-16,4355452.0
1998-07-17,5126150.0
1998-07-20,4853887.0
1998-07-21,4077168.0
1998-07-22,3494924.0
1998-07-23,4108168.0
1998-07-24,4109076.0
1998-07-27,3954971.0
1998-07-28,3401691.0
1998-07-29,3850139.0
1998-07-30,9860431.0
1998-07-31,4825760.0
1998-08-03,4622575.0
1998-08-04,4159886.0
1998-08-05,5682483.0
1998-08-06,6236446.0
1998-08-07,5676227.0
1998-08-10,4890102.0
1998-08-11,3627140.0
1998-08-12,5306028.0
1998-08-13,4214021.0
1998-08-14,4689208.0
1998-08-17,5361820.0
1998-08-18,5309127.0
1998-08-19,7199986.0
1998-08-20,6440398.0
1998-08-21,7170023.0
1998-08-24,7292800.0
1998-08-25,6366485.0
1998-08-26,6644549.0
1998-08-27,4680063.0
1998-08-28,4504187.0
1998-08-31,5612658.0
1998-09-01,5622089.0
1998-09-02,4057826.0
1998-09-03,3656841.0
1998-09-04,5276275.0
1998-09-07,4907531.0
1998-09-08,6025118.0
1998-09-09,6320131.0
1998-09-10,10190773.0
1998-09-11,8687870.0
1998-09-14,12520165.0
1998-09-15,10596866.0
1998-09-16,9419148.0
1998-09-17,11191366.0
1998-09-18,8887182.0
1998-09-21,6041948.0
1998-09-22,5329662.0
1998-09-23,5413091.0
1998-09-24,7166078.0
1998-09-25,5309184.0
1998-09-28,6996815.0
1998-09-29,5584418.0
1998-09-30,5611272.0
1998-10-05,4504095.0
1998-10-06,5012908.0
1998-10-07,5274522.0
1998-10-08,4873150.0
1998-10-09,6284638.0
1998-10-12,7039820.0
1998-10-13,7027968.0
1998-10-14,5325806.0
1998-10-15,6299013.0
1998-10-16,7013483.0
1998-10-19,5713474.0
1998-10-20,5451338.0
1998-10-21,7465234.0
1998-10-22,6369171.0
1998-10-23,6731134.0
1998-10-26,6722034.0
1998-10-27,5103062.0
1998-10-28,5241782.0
1998-10-29,4580666.0
1998-10-30,4692935.0
1998-11-02,4348542.0
1998-11-03,4742017.0
1998-11-04,4604591.0
1998-11-05,6918229.0
1998-11-06,10106382.0
1998-11-09,8778119.0
1998-11-10,7898536.0
1998-11-11,6657490.0
1998-11-12,6745534.0
1998-11-13,5640455.0
1998-11-16,5825646.0
1998-11-17,5655216.0
1998-11-18,5451822.0
1998-11-19,4871674.0
1998-11-20,4504673.0
1998-11-23,4564038.0
1998-11-24,6718642.0
1998-11-25,4966802.0
1998-11-26,4351326.0
1998-11-27,4275890.0
1998-11-30,4046778.0
1998-12-01,3879527.0
1998-12-02,3423890.0
1998-12-03,3767116.0
1998-12-04,3700420.0
1998-12-07,3344392.0
1998-12-08,2977797.0
1998-12-09,2567503.0
1998-12-10,3513077.0
1998-12-11,3183443.0
1998-12-14,2825688.0
1998-12-15,3308838.0
1998-12-16,2399984.0
1998-12-17,3448844.0
1998-12-18,2859909.0
1998-12-21,2338726.0
1998-12-22,3520388.0
1998-12-23,2917591.0
1998-12-24,2654896.0
1998-12-25,2977074.0
1998-12-28,3366096.0
1998-12-29,3166236.0
1998-12-30,3710301.0
1998-12-31,2317843.0
1999-01-04,2339517.0
1999-01-05,2891920.0
1999-01-06,3255491.0
1999-01-07,3715075.0
1999-01-08,4436240.0
1999-01-11,3962658.0
1999-01-12,4624921.0
1999-01-13,4461641.0
1999-01-14,3230412.0
1999-01-15,3854682.0
1999-01-18,4477097.0
1999-01-19,4442966.0
1999-01-20,4063705.0
1999-01-21,4474945.0
1999-01-22,5536576.0
1999-01-25,7913127.0
1999-01-26,6203293.0
1999-01-27,7570979.0
1999-01-28,6254345.0
1999-01-29,5151585.0
1999-02-01,5084152.0
1999-02-02,3989973.0
1999-02-03,3714841.0
1999-02-04,3891062.0
1999-02-05,4085180.0
1999-02-08,3523808.0
1999-02-09,3275662.0
1999-03-01,2885407.0
1999-03-02,4040064.0
1999-03-03,5590344.0
1999-03-04,4951400.0
1999-03-05,5201943.0
1999-03-08,5631702.0
1999-03-09,5900199.0
1999-03-10,5326390.0
1999-03-11,6941610.0
1999-03-12,7064437.0
1999-03-15,7295911.0
1999-03-16,6598637.0
1999-03-17,7548775.0
1999-03-18,5927449.0
1999-03-19,7165931.0
1999-03-22,7695285.0
1999-03-23,8784440.0
1999-03-24,6132947.0
1999-03-25,5133762.0
1999-03-26,5151964.0
1999-03-29,5518242.0
1999-03-30,5147192.0
1999-03-31,4842390.0
1999-04-01,6202124.0
1999-04-02,7665532.0
1999-04-05,8071769.0
1999-04-06,6709362.0
1999-04-07,8141675.0
1999-04-08,8176106.0
1999-04-09,9809011.0
1999-04-12,10202961.0
1999-04-13,7348214.0
1999-04-14,5325704.0
1999-04-15,7370370.0
1999-04-16,7241138.0
1999-04-19,7671990.0
1999-04-20,10691399.0
1999-04-21,9520690.0
1999-04-22,9089428.0
1999-04-23,6756822.0
1999-04-26,6041763.0
1999-04-27,5624835.0
1999-04-28,4732066.0
1999-04-29,5046362.0
1999-04-30,4196097.0
1999-05-04,4088966.0
1999-05-05,4374633.0
1999-05-06,6390982.0
1999-05-07,5833327.0
1999-05-10,6881933.0
1999-05-11,4348191.0
1999-05-12,3961647.0
1999-05-13,3660732.0
1999-05-14,4859056.0
1999-05-17,3753625.0
1999-05-18,4004592.0
1999-05-19,5987952.0
1999-05-20,10670592.0
1999-05-21,15705957.0
1999-05-24,20741160.0
1999-05-25,28737594.0
1999-05-26,16205778.0
1999-05-27,22576348.0
1999-05-28,31968358.0
1999-05-31,23473262.0
1999-06-01,17229448.0
1999-06-02,22232502.0
1999-06-03,16661480.0
1999-06-04,13684804.0
1999-06-07,15662290.0
1999-06-08,16198350.0
1999-06-09,15632292.0
1999-06-10,24877430.0
1999-06-11,18841190.0
1999-06-14,25261662.0
1999-06-15,37484680.0
1999-06-16,25207224.0
1999-06-17,36486140.0
1999-06-18,36117504.0
1999-06-21,30698750.0
1999-06-22,31708660.0
1999-06-23,30268818.0
1999-06-24,37620468.0
1999-06-25,57813296.0
1999-06-28,41388044.0
1999-06-29,40105956.0
1999-06-30,48857932.0
1999-07-01,31256924.0
1999-07-02,34384460.0
1999-07-05,24206162.0
1999-07-06,17967018.0
1999-07-07,15710583.0
1999-07-08,14397748.0
1999-07-09,13422935.0
1999-07-12,14080123.0
1999-07-13,12409413.0
1999-07-14,11205836.0
1999-07-15,15971185.0
1999-07-16,14933603.0
1999-07-19,12353108.0
1999-07-20,17308460.0
1999-07-21,27920070.0
1999-07-22,17820736.0
1999-07-23,13293484.0
1999-07-26,12451229.0
1999-07-27,11616827.0
1999-07-28,10700562.0
1999-07-29,8743008.0
1999-07-30,14561656.0
1999-08-02,11658733.0
1999-08-03,12627973.0
1999-08-04,15286508.0
1999-08-05,14621661.0
1999-08-06,19330938.0
1999-08-09,13479724.0
1999-08-10,12439927.0
1999-08-11,9450115.0
1999-08-12,7433422.0
1999-08-13,6676834.0
1999-08-16,7269847.0
1999-08-17,8980643.0
1999-08-18,6820450.0
1999-08-19,15467971.0
1999-08-20,11817039.0
1999-08-23,10643615.0
1999-08-24,10960983.0
1999-08-25,9267888.0
1999-08-26,8239467.0
1999-08-27,8223116.0
1999-08-30,8956626.0
1999-08-31,7354986.0
1999-09-01,6859139.0
1999-09-02,8131522.0
1999-09-03,6856601.0
1999-09-06,5538676.0
1999-09-07,4670621.0
1999-09-08,4179842.0
1999-09-09,19742420.0
1999-09-10,19568526.0
1999-09-13,10893222.0
1999-09-14,9552708.0
1999-09-15,10498492.0
1999-09-16,7316895.0
1999-09-17,7076285.0
1999-09-20,5313335.0
1999-09-21,4720314.0
1999-09-22,3964186.0
1999-09-23,5485423.0
1999-09-24,4482136.0
1999-09-27,4092406.0
1999-09-28,4097813.0
1999-09-29,4749405.0
1999-09-30,4555072.0
1999-10-08,3312755.0
1999-10-11,3335240.0
1999-10-12,2338472.0
1999-10-13,3626323.0
1999-10-14,4033428.0
1999-10-15,5670809.0
1999-10-18,5602542.0
1999-10-19,4861655.0
1999-10-20,4311739.0
1999-10-21,4772687.0
1999-10-22,7843548.0
1999-10-25,5167719.0
1999-10-26,7555506.0
1999-10-27,16146892.0
1999-10-28,13281651.0
1999-10-29,8505934.0
1999-11-01,6191494.0
1999-11-02,4450313.0
1999-11-03,4845658.0
1999-11-04,5906955.0
1999-11-05,5600025.0
1999-11-08,4787861.0
1999-11-09,4406000.0
1999-11-10,6791218.0
1999-11-11,4677452.0
1999-11-12,3408139.0
1999-11-15,8089110.0
1999-11-16,8318061.0
1999-11-17,6525973.0
1999-11-18,10147597.0
1999-11-19,5705497.0
1999-11-22,6153753.0
1999-11-23,4185414.0
1999-11-24,4207111.0
1999-11-25,4122010.0
1999-11-26,7100498.0
1999-11-29,5246221.0
1999-11-30,4908134.0
1999-12-01,4974970.0
1999-12-02,5335604.0
1999-12-03,4547140.0
1999-12-06,5103726.0
1999-12-07,4662381.0
1999-12-08,4696821.0
1999-12-09,4592002.0
1999-12-10,4783451.0
1999-12-13,5042219.0
1999-12-14,4551198.0
1999-12-15,10922717.0
1999-12-16,6062448.0
1999-12-17,5122982.0
1999-12-21,5660583.0
1999-12-22,4936026.0
1999-12-23,5112644.0
1999-12-24,4292049.0
1999-12-27,5120891.0
1999-12-28,4895714.0
1999-12-29,5053567.0
1999-12-30,4013967.0
2000-01-04,9032824.0
2000-01-05,10579392.0
2000-01-06,13480517.0
2000-01-07,34869396.0
2000-01-10,31253046.0
2000-01-11,21924568.0
2000-01-12,15221934.0
2000-01-13,8611943.0
2000-01-14,7447013.0
2000-01-17,7647977.0
2000-01-18,7767131.0
2000-01-19,8004793.0
2000-01-20,10070803.0
2000-01-21,15050772.0
2000-01-24,16241508.0
2000-01-25,13635983.0
2000-01-26,10384438.0
2000-01-27,18979974.0
2000-01-28,29388162.0
2000-02-14,43569132.0
2000-02-15,52543428.0
2000-02-16,37435548.0
2000-02-17,51439068.0
2000-02-18,26785354.0
2000-02-21,31011206.0
2000-02-22,24251776.0
2000-02-23,19185730.0
2000-02-24,13932876.0
2000-02-25,17058054.0
2000-02-28,26127946.0
2000-02-29,28678748.0
2000-03-01,22487674.0
2000-03-02,19593496.0
2000-03-03,24815498.0
2000-03-06,26504710.0
2000-03-07,17685018.0
2000-03-08,19745944.0
2000-03-09,17877382.0
2000-03-10,15872365.0
2000-03-13,19826626.0
2000-03-14,22870444.0
2000-03-15,16782164.0
2000-03-16,19791590.0
2000-03-17,15336724.0
2000-03-20,18173800.0
2000-03-21,16351103.0
2000-03-22,14658422.0
2000-03-23,16743141.0
2000-03-24,22036720.0
2000-03-27,19927312.0
2000-03-28,24484368.0
2000-03-29,23026682.0
2000-03-30,29305432.0
2000-03-31,23340364.0
2000-04-03,18861114.0
2000-04-04,17128272.0
2000-04-05,13603240.0
2000-04-06,15007034.0
2000-04-07,16081263.0
2000-04-10,16809154.0
2000-04-11,14245477.0
2000-04-12,13643034.0
2000-04-13,16549059.0
2000-04-14,17905474.0
2000-04-17,19821740.0
2000-04-18,13204735.0
2000-04-19,12766161.0
2000-04-20,16533108.0
2000-04-21,16244630.0
2000-04-24,16427791.0
2000-04-25,10771405.0
2000-04-26,10163838.0
2000-04-27,12332934.0
2000-04-28,10971313.0
2000-05-08,8958631.0
2000-05-09,9117621.0
2000-05-10,9431059.0
2000-05-11,8437170.0
2000-05-12,7404179.0
2000-05-15,7094654.0
2000-05-16,5335453.0
2000-05-17,5257679.0
2000-05-18,8354142.0
2000-05-19,9553988.0
2000-05-22,14655311.0
2000-05-23,12469572.0
2000-05-24,15860859.0
2000-05-25,16809106.0
2000-05-26,20602522.0
2000-05-29,18029154.0
2000-05-30,16518999.0
2000-05-31,15760230.0
2000-06-01,14654595.0
2000-06-02,17840350.0
2000-06-05,29216146.0
2000-06-06,17120126.0
2000-06-07,15573925.0
2000-06-08,17086620.0
2000-06-09,15185524.0
2000-06-12,12039594.0
2000-06-13,14427663.0
2000-06-14,16150828.0
2000-06-15,14116758.0
2000-06-16,14706052.0
2000-06-19,11880869.0
2000-06-20,10135495.0
2000-06-21,8348911.0
2000-06-22,9054294.0
2000-06-23,11993923.0
2000-06-26,14062048.0
2000-06-27,11980052.0
2000-06-28,11239540.0
2000-06-29,11919841.0
2000-06-30,12467584.0
2000-07-03,15772238.0
2000-07-04,14404756.0
2000-07-05,13028429.0
2000-07-06,9802903.0
2000-07-07,11650363.0
2000-07-10,14524627.0
2000-07-11,14438388.0
2000-07-12,13919526.0
2000-07-13,18160108.0
2000-07-14,16215709.0
2000-07-17,15845496.0
2000-07-18,17563236.0
2000-07-19,29138588.0
2000-07-20,17370836.0
2000-07-21,11732602.0
2000-07-24,11897274.0
2000-07-25,11272790.0
2000-07-26,15163567.0
2000-07-27,17398156.0
2000-07-28,14896658.0
2000-07-31,17173844.0
2000-08-01,21187984.0
2000-08-02,23905316.0
2000-08-03,18321318.0
2000-08-04,19597136.0
2000-08-07,13716475.0
2000-08-08,13738001.0
2000-08-09,16350866.0
2000-08-10,17379430.0
2000-08-11,15313964.0
2000-08-14,15170757.0
2000-08-15,13479279.0
2000-08-16,15420303.0
2000-08-17,13925760.0
2000-08-18,12564344.0
2000-08-21,15859304.0
2000-08-22,16052733.0
2000-08-23,26378898.0
2000-08-24,17246856.0
2000-08-25,12290483.0
2000-08-28,13832498.0
2000-08-29,14521684.0
2000-08-30,13380507.0
2000-08-31,16110624.0
2000-09-01,12795555.0
2000-09-04,9840289.0
2000-09-05,9851131.0
2000-09-06,11017267.0
2000-09-07,8466657.0
2000-09-08,7223218.0
2000-09-11,7355435.0
2000-09-12,6688864.0
2000-09-13,8889416.0
2000-09-14,6467591.0
2000-09-15,6331164.0
2000-09-18,6892538.0
2000-09-19,9195399.0
2000-09-20,7043396.0
2000-09-21,6394554.0
2000-09-22,6683124.0
2000-09-25,4759702.0
2000-09-26,4358292.0
2000-09-27,4327159.0
2000-09-28,5049919.0
2000-09-29,4682326.0
2000-10-09,5166776.0
2000-10-10,6677506.0
2000-10-11,7252889.0
2000-10-12,7226056.0
2000-10-13,6642719.0
2000-10-16,6085036.0
2000-10-17,4174936.0
2000-10-18,5755033.0
2000-10-19,5965058.0
2000-10-20,9387661.0
2000-10-23,8577974.0
2000-10-24,6357283.0
2000-10-25,11506545.0
2000-10-26,10652764.0
2000-10-27,9037111.0
2000-10-30,9939449.0
2000-10-31,9090422.0
2000-11-01,8501940.0
2000-11-02,8933851.0
2000-11-03,9320818.0
2000-11-06,9996819.0
2000-11-07,7898747.0
2000-11-08,9254272.0
2000-11-09,14051628.0
2000-11-10,13965900.0
2000-11-13,14408777.0
2000-11-14,12448777.0
2000-11-15,13334267.0
2000-11-16,12821820.0
2000-11-17,11801326.0
2000-11-20,13102959.0
2000-11-21,12479718.0
2000-11-22,12146707.0
2000-11-23,12492077.0
2000-11-24,16497562.0
2000-11-27,10587826.0
2000-11-28,8588966.0
2000-11-29,9943629.0
2000-11-30,8465550.0
2000-12-01,12285286.0
2000-12-04,14228850.0
2000-12-05,13895864.0
2000-12-06,11383325.0
2000-12-07,9687361.0
2000-12-08,11583235.0
2000-12-11,11986534.0
2000-12-12,10991828.0
2000-12-13,9385102.0
2000-12-14,14192813.0
2000-12-15,13205907.0
2000-12-18,11262588.0
2000-12-19,11368183.0
2000-12-20,11920718.0
2000-12-21,12498349.0
2000-12-22,12032660.0
2000-12-25,12061012.0
2000-12-26,10428055.0
2000-12-27,11761632.0
2000-12-28,13842400.0
2000-12-29,13658680.0
2001-01-02,18650746.0
2001-01-03,17157672.0
2001-01-04,13423540.0
2001-01-05,13288175.0
2001-01-08,14787085.0
2001-01-09,11649338.0
2001-01-10,12916883.0
2001-01-11,14072209.0
2001-01-12,10660882.0
2001-01-15,14998588.0
2001-01-16,11583722.0
2001-01-17,7324134.0
2001-01-18,10341571.0
2001-01-19,11831264.0
2001-02-05,8974243.0
2001-02-06,9528427.0
2001-02-07,5882229.0
2001-02-08,8885737.0
2001-02-09,11237019.0
2001-02-12,7203075.0
2001-02-13,5403514.0
2001-02-14,4382153.0
2001-02-15,4506756.0
2001-02-16,6750210.0
2001-02-19,5846083.0
2001-02-20,6435934.0
2001-02-21,7617817.0
2001-02-22,5054734.0
2001-02-23,6209740.0
2001-02-26,7624348.0
2001-02-27,7398594.0
2001-02-28,6141354.0
2001-03-01,11667369.0
2001-03-02,15163578.0
2001-03-05,10719359.0
2001-03-06,20872240.0
2001-03-07,13890054.0
2001-03-08,11474609.0
2001-03-09,15653669.0
2001-03-12,12319635.0
2001-03-13,13787212.0
2001-03-14,10675446.0
2001-03-15,13727997.0
2001-03-16,12309716.0
2001-03-19,13918484.0
2001-03-20,12438004.0
2001-03-21,19606416.0
2001-03-22,23619556.0
2001-03-23,24221622.0
2001-03-26,21154246.0
2001-03-27,17883714.0
2001-03-28,15672518.0
2001-03-29,15510812.0
2001-03-30,24367148.0
2001-04-02,23700180.0
2001-04-03,20573912.0
2001-04-04,20793022.0
2001-04-05,23045766.0
2001-04-06,37397508.0
2001-04-09,25864174.0
2001-04-10,20749508.0
2001-04-11,15311063.0
2001-04-12,18643070.0
2001-04-13,18643834.0
2001-04-16,31419584.0
2001-04-17,28552578.0
2001-04-18,22127852.0
2001-04-19,24544314.0
2001-04-20,22812702.0
2001-04-23,21827884.0
2001-04-24,13515372.0
2001-04-25,18194856.0
2001-04-26,13285484.0
2001-04-27,13625350.0
2001-04-30,10911782.0
2001-05-08,8480368.0
2001-05-09,9719034.0
2001-05-10,9850559.0
2001-05-11,13806464.0
2001-05-14,25253200.0
2001-05-15,24656102.0
2001-05-16,18947892.0
2001-05-17,27912472.0
2001-05-18,32001434.0
2001-05-21,33653540.0
2001-05-22,15254451.0
2001-05-23,20262686.0
2001-05-24,14328948.0
2001-05-25,13580861.0
2001-05-28,14947151.0
2001-05-29,12065510.0
2001-05-30,19024930.0
2001-05-31,18573080.0
2001-06-01,17805808.0
2001-06-04,25639842.0
2001-06-05,24038726.0
2001-06-06,16878380.0
2001-06-07,15404849.0
2001-06-08,15120425.0
2001-06-11,15323698.0
2001-06-12,13822778.0
2001-06-13,13948556.0
2001-06-14,17901196.0
2001-06-15,14649235.0
2001-06-18,17262698.0
2001-06-19,9162338.0
2001-06-20,8067520.0
2001-06-21,10926355.0
2001-06-22,12275331.0
2001-06-25,14715507.0
2001-06-26,16016553.0
2001-06-27,12349234.0
2001-06-28,13362484.0
2001-06-29,17230252.0
2001-07-02,12083407.0
2001-07-03,20364184.0
2001-07-04,14379276.0
2001-07-05,12834708.0
2001-07-06,10699916.0
2001-07-09,8908828.0
2001-07-10,7291747.0
2001-07-11,7251158.0
2001-07-12,7460675.0
2001-07-13,8061426.0
2001-07-16,11125688.0
2001-07-17,9228229.0
2001-07-18,5200871.0
2001-07-19,8538162.0
2001-07-20,12949597.0
2001-07-23,9736242.0
2001-07-24,11095459.0
2001-07-25,9075121.0
2001-07-26,9157128.0
2001-07-27,10545587.0
2001-07-30,12318097.0
2001-07-31,11772308.0
2001-08-01,11570927.0
2001-08-02,11394469.0
2001-08-03,7348473.0
2001-08-06,12326410.0
2001-08-07,11860230.0
2001-08-08,13127597.0
2001-08-09,10716535.0
2001-08-10,14705140.0
2001-08-13,9948979.0
2001-08-14,8851098.0
2001-08-15,5434347.0
2001-08-16,6582618.0
2001-08-17,7105466.0
2001-08-20,8064581.0
2001-08-21,8402581.0
2001-08-22,9922789.0
2001-08-23,7772230.0
2001-08-24,7783670.0
2001-08-27,9766366.0
2001-08-28,9173735.0
2001-08-29,8495224.0
2001-08-30,6463776.0
2001-08-31,8065334.0
2001-09-03,6931195.0
2001-09-04,9963105.0
2001-09-05,10618446.0
2001-09-06,9983542.0
2001-09-07,14013289.0
2001-09-10,11727593.0
2001-09-11,10143178.0
2001-09-12,15107825.0
2001-09-13,7657115.0
2001-09-14,8465186.0
2001-09-17,8260906.0
2001-09-18,6175074.0
2001-09-19,7292669.0
2001-09-20,8715197.0
2001-09-21,13707383.0
2001-09-24,7794230.0
2001-09-25,7074227.0
2001-09-26,6762135.0
2001-09-27,6167968.0
2001-09-28,5863855.0
2001-10-08,4720978.0
2001-10-09,5640031.0
2001-10-10,6850454.0
2001-10-11,8462168.0
2001-10-12,12870193.0
2001-10-15,6689659.0
2001-10-16,5668653.0
2001-10-17,5848359.0
2001-10-18,6471829.0
2001-10-19,11377782.0
2001-10-22,8008601.0
2001-10-23,37543756.0
2001-10-24,33354956.0
2001-10-25,14494377.0
2001-10-26,9601522.0
2001-10-29,9509000.0
2001-10-30,10310847.0
2001-10-31,7731641.0
2001-11-01,9547888.0
2001-11-02,9625065.0
2001-11-05,8749560.0
2001-11-06,6735995.0
2001-11-07,11914083.0
2001-11-08,9157186.0
2001-11-09,9657029.0
2001-11-12,6005700.0
2001-11-13,5573401.0
2001-11-14,4801700.0
2001-11-15,4447500.0
2001-11-16,17699500.0
2001-11-19,6853200.0
2001-11-20,14353100.0
2001-11-21,10728900.0
2001-11-22,9541100.0
2001-11-23,10254900.0
2001-11-26,7893300.0
2001-11-27,7839900.0
2001-11-28,13331700.0
2001-11-29,10537600.0
2001-11-30,12148700.0
2001-12-03,12308900.0
2001-12-04,10210900.0
2001-12-05,13622700.0
2001-12-06,9694300.0
2001-12-07,8245100.0
2001-12-10,7386900.0
2001-12-11,9127800.0
2001-12-12,8719700.0
2001-12-13,8595300.0
2001-12-14,6840601.0
2001-12-17,5152000.0
2001-12-18,6820200.0
2001-12-19,5899801.0
2001-12-20,8320900.0
2001-12-21,5902500.0
2001-12-24,6635700.0
2001-12-25,6263900.0
2001-12-26,7229000.0
2001-12-27,7360700.0
2001-12-28,7060500.0
2001-12-31,10632300.0
2002-01-04,5265300.0
2002-01-07,5134000.0
2002-01-08,6071400.0
2002-01-09,6808601.0
2002-01-10,12487601.0
2002-01-11,5483400.0
2002-01-14,8867100.0
2002-01-15,7312500.0
2002-01-16,6379801.0
2002-01-17,8109100.0
2002-01-18,10553100.0
2002-01-21,5676900.0
2002-01-22,9519900.0
2002-01-23,13839500.0
2002-01-24,17330600.0
2002-01-25,9777400.0
2002-01-28,13984100.0
2002-01-29,8726100.0
2002-01-30,7118000.0
2002-01-31,27589602.0
2002-02-01,18166900.0
2002-02-04,11584700.0
2002-02-05,13974400.0
2002-02-06,11856200.0
2002-02-07,12798700.0
2002-02-08,9404000.0
2002-02-25,11375700.0
2002-02-26,9296600.0
2002-02-27,11617100.0
2002-02-28,9027800.0
2002-03-01,7298201.0
2002-03-04,7526300.0
2002-03-05,18763600.0
2002-03-06,21051700.0
2002-03-07,22017900.0
2002-03-08,33084300.0
2002-03-11,36350700.0
2002-03-12,30771400.0
2002-03-13,19757200.0
2002-03-14,16495100.0
2002-03-15,17542200.0
2002-03-18,16323000.0
2002-03-19,17211900.0
2002-03-20,26220600.0
2002-03-21,18358166.0
2002-03-22,13586600.0
2002-03-25,11101700.0
2002-03-26,13766799.0
2002-03-27,9183000.0
2002-03-28,9549300.0
2002-03-29,15007400.0
2002-04-01,9246300.0
2002-04-02,10704700.0
2002-04-03,9056800.0
2002-04-04,13272800.0
2002-04-05,13270200.0
2002-04-08,7840400.0
2002-04-09,18754700.0
2002-04-10,14493700.0
2002-04-11,11766400.0
2002-04-12,11237800.0
2002-04-15,10513300.0
2002-04-16,7547600.0
2002-04-17,9050200.0
2002-04-18,9560200.0
2002-04-19,10622400.0
2002-04-22,6609401.0
2002-04-23,6396100.0
2002-04-24,6859500.0
2002-04-25,5909900.0
2002-04-26,9104900.0
2002-04-29,12737100.0
2002-04-30,11275200.0
2002-05-08,5335500.0
2002-05-09,6538500.0
2002-05-10,6997300.0
2002-05-13,6777300.0
2002-05-14,6308200.0
2002-05-15,7819100.0
2002-05-16,10526900.0
2002-05-17,8445100.0
2002-05-20,6012900.0
2002-05-21,12498900.0
2002-05-22,7702500.0
2002-05-23,9149000.0
2002-05-24,6374700.0
2002-05-27,4682100.0
2002-05-28,4680600.0
2002-05-29,6605600.0
2002-05-30,6713300.0
2002-05-31,4850400.0
2002-06-03,6233401.0
2002-06-04,5546201.0
2002-06-05,5415900.0
2002-06-06,10962100.0
2002-06-07,11445400.0
2002-06-10,5479400.0
2002-06-11,5805300.0
2002-06-12,11734300.0
2002-06-13,5775801.0
2002-06-14,5461500.0
2002-06-17,4482200.0
2002-06-18,8365200.0
2002-06-19,4434300.0
2002-06-20,5680500.0
2002-06-21,17967800.0
2002-06-24,85051896.0
2002-06-25,52889904.0
2002-06-26,29518700.0
2002-06-27,26111900.0
2002-06-28,40515800.0
2002-07-01,20825400.0
2002-07-02,15195000.0
2002-07-03,15529100.0
2002-07-04,17093600.0
2002-07-05,14110100.0
2002-07-08,12441400.0
2002-07-09,11637700.0
2002-07-10,15511800.0
2002-07-11,11288600.0
2002-07-12,9034300.0
2002-07-15,9649800.0
2002-07-16,7960800.0
2002-07-17,7408900.0
2002-07-18,9559200.0
2002-07-19,8058900.0
2002-07-22,10196000.0
2002-07-23,7420500.0
2002-07-24,6068000.0
2002-07-25,6629800.0
2002-07-26,5912700.0
2002-07-29,6171200.0
2002-07-30,7452200.0
2002-07-31,6414000.0
2002-08-01,5965300.0
2002-08-02,5283500.0
2002-08-05,4460800.0
2002-08-06,8063100.0
2002-08-07,4228900.0
2002-08-08,5041900.0
2002-08-09,5503100.0
2002-08-12,5140200.0
2002-08-13,3718100.0
2002-08-14,4120800.0
2002-08-15,4488800.0
2002-08-16,7805800.0
2002-08-19,4212100.0
2002-08-20,10656400.0
2002-08-21,7388100.0
2002-08-22,12210700.0
2002-08-23,6964500.0
2002-08-26,6019600.0
2002-08-27,7445300.0
2002-08-28,7490029.0
2002-08-29,5690800.0
2002-08-30,4658700.0
2002-09-02,4640300.0
2002-09-03,6252800.0
2002-09-04,5036100.0
2002-09-05,8241600.0
2002-09-06,6983400.0
2002-09-09,5353900.0
2002-09-10,6982800.0
2002-09-11,6225000.0
2002-09-12,5083100.0
2002-09-13,3541400.0
2002-09-16,6453600.0
2002-09-17,6095200.0
2002-09-18,4372000.0
2002-09-19,7208900.0
2002-09-20,4227100.0
2002-09-23,3573500.0
2002-09-24,4245900.0
2002-09-25,4409800.0
2002-09-26,5777700.0
2002-09-27,6240900.0
2002-10-08,3511700.0
2002-10-09,19118400.0
2002-10-10,7217300.0
2002-10-11,8199300.0
2002-10-14,6573200.0
2002-10-15,4701200.0
2002-10-16,6384601.0
2002-10-17,5110100.0
2002-10-18,5077600.0
2002-10-21,3884600.0
2002-10-22,7363100.0
2002-10-23,5245500.0
2002-10-24,5153900.0
2002-10-25,6455700.0
2002-10-28,6507300.0
2002-10-29,6813100.0
2002-10-30,8251400.0
2002-10-31,7586201.0
2002-11-01,6107001.0
2002-11-04,7102800.0
2002-11-05,15686700.0
2002-11-06,8156400.0
2002-11-07,8131801.0
2002-11-08,12127700.0
2002-11-11,5626400.0
2002-11-12,9789700.0
2002-11-13,8028000.0
2002-11-14,6492900.0
2002-11-15,7288200.0
2002-11-18,4635300.0
2002-11-19,4980700.0
2002-11-20,7054400.0
2002-11-21,8854800.0
2002-11-22,8541900.0
2002-11-25,5364400.0
2002-11-26,6775801.0
2002-11-27,8835000.0
2002-11-28,9622900.0
2002-11-29,21439700.0
2002-12-02,8684900.0
2002-12-03,6341000.0
2002-12-04,9306000.0
2002-12-05,5569800.0
2002-12-06,4447300.0
2002-12-09,4038300.0
2002-12-10,6045300.0
2002-12-11,5247800.0
2002-12-12,6552300.0
2002-12-13,6903001.0
2002-12-16,7594400.0
2002-12-17,6702700.0
2002-12-18,7271200.0
2002-12-19,5598400.0
2002-12-20,7227100.0
2002-12-23,8299900.0
2002-12-24,6286700.0
2002-12-25,6762700.0
2002-12-26,12554400.0
2002-12-27,8293600.0
2002-12-30,7791300.0
2002-12-31,9892700.0
2003-01-02,6500700.0
2003-01-03,4576474.0
2003-01-06,6750100.0
2003-01-07,7343200.0
2003-01-08,9823400.0
2003-01-09,18529300.0
2003-01-10,16263300.0
2003-01-13,8607700.0
2003-01-14,41012400.0
2003-01-15,37023000.0
2003-01-16,24575400.0
2003-01-17,21566700.0
2003-01-20,22487800.0
2003-01-21,17551200.0
2003-01-22,12139944.0
2003-01-23,11427599.0
2003-01-24,14814600.0
2003-01-27,14672600.0
2003-01-28,10478500.0
2003-01-29,12698300.0
2003-02-10,7999500.0
2003-02-11,5979700.0
2003-02-12,10627700.0
2003-02-13,13093300.0
2003-02-14,9248600.0
2003-02-17,11086400.0
2003-02-18,7252743.0
2003-02-19,12157155.0
2003-02-20,10019900.0
2003-02-21,12053400.0
2003-02-24,7947700.0
2003-02-25,12912800.0
2003-02-26,8486200.0
2003-02-27,10416100.0
2003-02-28,8360100.0
2003-03-03,10236144.0
2003-03-04,9198499.0
2003-03-05,8142890.0
2003-03-06,9982208.0
2003-03-07,8335401.0
2003-03-10,8947347.0
2003-03-11,6336210.0
2003-03-12,6403671.0
2003-03-13,6033789.0
2003-03-14,5613442.0
2003-03-17,7187381.0
2003-03-18,7088745.0
2003-03-19,7637422.0
2003-03-20,7655740.0
2003-03-21,7617922.0
2003-03-24,6524191.0
2003-03-25,6475235.0
2003-03-26,6271469.0
2003-03-27,15051894.0
2003-03-28,14660785.0
2003-03-31,11841571.0
2003-04-01,15222781.0
2003-04-02,11090214.0
2003-04-03,9479199.0
2003-04-04,10240916.0
2003-04-07,13549293.0
2003-04-08,16253782.0
2003-04-09,31762636.0
2003-04-10,43111016.0
2003-04-11,39418800.0
2003-04-14,46769752.0
2003-04-15,38151012.0
2003-04-16,44806840.0
2003-04-17,32118988.0
2003-04-18,27414894.0
2003-04-21,25098944.0
2003-04-22,13557199.0
2003-04-23,17664770.0
2003-04-24,24854482.0
2003-04-25,13901836.0
2003-04-28,26462608.0
2003-04-29,20674900.0
2003-04-30,20966324.0
2003-05-12,17378744.0
2003-05-13,25529590.0
2003-05-14,20254406.0
2003-05-15,26715502.0
2003-05-16,18130438.0
2003-05-19,16507581.0
2003-05-20,13266615.0
2003-05-21,10444031.0
2003-05-22,10989875.0
2003-05-23,20813338.0
2003-05-26,17357022.0
2003-05-27,15966476.0
2003-05-28,17345720.0
2003-05-29,16911020.0
2003-05-30,18321274.0
2003-06-02,13112817.0
2003-06-03,12665087.0
2003-06-04,15927706.0
2003-06-05,13022067.0
2003-06-06,13874500.0
2003-06-09,11346522.0
2003-06-10,8163290.0
2003-06-11,15511866.0
2003-06-12,9547458.0
2003-06-13,11378883.0
2003-06-16,9221960.0
2003-06-17,9952659.0
2003-06-18,13207889.0
2003-06-19,14504294.0
2003-06-20,9253283.0
2003-06-23,9121908.0
2003-06-24,7554533.0
2003-06-25,9119553.0
2003-06-26,12574490.0
2003-06-27,10259070.0
2003-06-30,11418299.0
2003-07-01,8359717.0
2003-07-02,7941319.0
2003-07-03,7366238.0
2003-07-04,7297746.0
2003-07-07,7110300.0
2003-07-08,7483613.0
2003-07-09,6284420.0
2003-07-10,15221356.0
2003-07-11,9795392.0
2003-07-14,6951944.0
2003-07-15,8770402.0
2003-07-16,9458006.0
2003-07-17,15231598.0
2003-07-18,13638491.0
2003-07-21,12215025.0
2003-07-22,10213118.0
2003-07-23,7877962.0
2003-07-24,7130576.0
2003-07-25,15628453.0
2003-07-28,7248409.0
2003-07-29,6097542.0
2003-07-30,7373850.0
2003-07-31,6234450.0
2003-08-01,6974270.0
2003-08-04,8325095.0
2003-08-05,6248160.0
2003-08-06,6170086.0
2003-08-07,6214445.0
2003-08-08,7786446.0
2003-08-11,5113104.0
2003-08-12,4651339.0
2003-08-13,5384685.0
2003-08-14,7751326.0
2003-08-15,7380294.0
2003-08-18,5706707.0
2003-08-19,5174717.0
2003-08-20,6302306.0
2003-08-21,6357186.0
2003-08-22,5655785.0
2003-08-25,6247526.0
2003-08-26,5719069.0
2003-08-27,5185861.0
2003-08-28,5252151.0
2003-08-29,6255922.0
2003-09-01,9787720.0
2003-09-02,9618677.0
2003-09-03,7934245.0
2003-09-04,7756322.0
2003-09-05,8797560.0
2003-09-08,6572019.0
2003-09-09,6869803.0
2003-09-10,5805676.0
2003-09-11,4983347.0
2003-09-12,10898797.0
2003-09-15,7837559.0
2003-09-16,7549020.0
2003-09-17,6969215.0
2003-09-18,6449628.0
2003-09-19,6068520.0
2003-09-22,5402086.0
2003-09-23,6580509.0
2003-09-24,6534770.0
2003-09-25,5387565.0
2003-09-26,5058716.0
2003-09-29,5690487.0
2003-09-30,6695770.0
2003-10-08,4742732.0
2003-10-09,6069543.0
2003-10-10,13671898.0
2003-10-13,9254776.0
2003-10-14,7043525.0
2003-10-15,7471055.0
2003-10-16,6427421.0
2003-10-17,5759780.0
2003-10-20,5823284.0
2003-10-21,7456708.0
2003-10-22,16180474.0
2003-10-23,10879055.0
2003-10-24,9427492.0
2003-10-27,8603581.0
2003-10-28,11003647.0
2003-10-29,14258918.0
2003-10-30,9590991.0
2003-10-31,10788335.0
2003-11-03,13639622.0
2003-11-04,27955262.0
2003-11-05,16205427.0
2003-11-06,18254720.0
2003-11-07,15809009.0
2003-11-10,9062253.0
2003-11-11,9804738.0
2003-11-12,10296484.0
2003-11-13,9356415.0
2003-11-14,8135283.0
2003-11-17,6333991.0
2003-11-18,15365955.0
2003-11-19,10836911.0
2003-11-20,21739638.0
2003-11-21,21161552.0
2003-11-24,19893086.0
2003-11-25,27759954.0
2003-11-26,17701890.0
2003-11-27,17304762.0
2003-11-28,13000534.0
2003-12-01,20067920.0
2003-12-02,21475944.0
2003-12-03,23547704.0
2003-12-04,19941112.0
2003-12-05,17066736.0
2003-12-08,15664419.0
2003-12-09,12432960.0
2003-12-10,22148788.0
2003-12-11,20822422.0
2003-12-12,16078232.0
2003-12-15,12980440.0
2003-12-16,18618896.0
2003-12-17,18767610.0
2003-12-18,15819151.0
2003-12-19,26339928.0
2003-12-22,29921380.0
2003-12-23,28372572.0
2003-12-24,24159982.0
2003-12-25,24967400.0
2003-12-26,19920922.0
2003-12-29,19363864.0
2003-12-30,17800480.0
2003-12-31,21645524.0
2004-01-02,18978088.0
2004-01-05,32784966.0
2004-01-06,36703572.0
2004-01-07,34482972.0
2004-01-08,32013228.0
2004-01-09,35958288.0
2004-01-12,26156496.0
2004-01-13,28434554.0
2004-01-14,22763200.0
2004-01-15,20285774.0
2004-01-16,21985944.0
2004-01-29,19910392.0
2004-01-30,26500536.0
2004-02-02,40309888.0
2004-02-03,28195284.0
2004-02-04,36039924.0
2004-02-05,36343792.0
2004-02-06,36763884.0
2004-02-09,28825142.0
2004-02-10,30284730.0
2004-02-11,29288748.0
2004-02-12,29156698.0
2004-02-13,24025736.0
2004-02-16,25466728.0
2004-02-17,31976010.0
2004-02-18,31098174.0
2004-02-19,28931694.0
2004-02-20,26552606.0
2004-02-23,30566856.0
2004-02-24,29305682.0
2004-02-25,26285834.0
2004-02-26,25085848.0
2004-02-27,21316242.0
2004-03-01,21458634.0
2004-03-02,21959202.0
2004-03-03,20541766.0
2004-03-04,19255238.0
2004-03-05,18133416.0
2004-03-08,22766482.0
2004-03-09,18792044.0
2004-03-10,18952304.0
2004-03-11,20650830.0
2004-03-12,18390718.0
2004-03-15,29065090.0
2004-03-16,25148776.0
2004-03-17,21244536.0
2004-03-18,23578002.0
2004-03-19,20193520.0
2004-03-22,20490810.0
2004-03-23,20729146.0
2004-03-24,20233070.0
2004-03-25,18123060.0
2004-03-26,17971982.0
2004-03-29,17799934.0
2004-03-30,15167516.0
2004-03-31,17695362.0
2004-04-01,19312172.0
2004-04-02,23211072.0
2004-04-05,26351058.0
2004-04-06,25421632.0
2004-04-07,24717080.0
2004-04-08,24467966.0
2004-04-09,26828828.0
2004-04-12,20293370.0
2004-04-13,20636894.0
2004-04-14,21530458.0
2004-04-15,16507156.0
2004-04-16,19029894.0
2004-04-19,14759026.0
2004-04-20,13670257.0
2004-04-21,15865939.0
2004-04-22,13383034.0
2004-04-23,13463930.0
2004-04-26,10944212.0
2004-04-27,13376477.0
2004-04-28,13260498.0
2004-04-29,14230964.0
2004-04-30,12990051.0
2004-05-10,7260825.0
2004-05-11,8208075.0
2004-05-12,11874966.0
2004-05-13,9567336.0
2004-05-14,10072769.0
2004-05-17,8873142.0
2004-05-18,12609870.0
2004-05-19,13211805.0
2004-05-20,10559511.0
2004-05-21,10149540.0
2004-05-24,9315736.0
2004-05-25,10111280.0
2004-05-26,8092712.0
2004-05-27,13529194.0
2004-05-28,9525949.0
2004-05-31,8092426.0
2004-06-01,14386479.0
2004-06-02,14522630.0
2004-06-03,11785274.0
2004-06-04,11746335.0
2004-06-07,9975911.0
2004-06-08,10754945.0
2004-06-09,12367770.0
2004-06-10,11337074.0
2004-06-11,11086339.0
2004-06-14,11295660.0
2004-06-15,10726086.0
2004-06-16,11787133.0
2004-06-17,9847524.0
2004-06-18,10520460.0
2004-06-21,8221234.0
2004-06-22,11141370.0
2004-06-23,8713056.0
2004-06-24,9506898.0
2004-06-25,9854145.0
2004-06-28,8313757.0
2004-06-29,10654000.0
2004-06-30,8709699.0
2004-07-01,14580099.0
2004-07-02,11068765.0
2004-07-05,8398896.0
2004-07-06,12579503.0
2004-07-07,8110749.0
2004-07-08,7158494.0
2004-07-09,7418729.0
2004-07-12,8930134.0
2004-07-13,7358626.0
2004-07-14,10506909.0
2004-07-15,12771154.0
2004-07-16,22935944.0
2004-07-19,13493061.0
2004-07-20,12447571.0
2004-07-21,9644045.0
2004-07-22,13235340.0
2004-07-23,10997608.0
2004-07-26,8444411.0
2004-07-27,9508097.0
2004-07-28,10422292.0
2004-07-29,11508945.0
2004-07-30,9311763.0
2004-08-02,7271499.0
2004-08-03,7792464.0
2004-08-04,17709082.0
2004-08-05,11043246.0
2004-08-06,9235484.0
2004-08-09,8224818.0
2004-08-10,7162672.0
2004-08-11,7948078.0
2004-08-12,8755345.0
2004-08-13,8592050.0
2004-08-16,8121606.0
2004-08-17,7568852.0
2004-08-18,7980519.0
2004-08-19,8623672.0
2004-08-20,8835866.0
2004-08-23,6770421.0
2004-08-24,10166386.0
2004-08-25,6879255.0
2004-08-26,6084274.0
2004-08-27,7126479.0
2004-08-30,6289423.0
2004-08-31,12592352.0
2004-09-01,6758693.0
2004-09-02,9207820.0
2004-09-03,8206269.0
2004-09-06,6085463.0
2004-09-07,6308507.0
2004-09-08,8600496.0
2004-09-09,8667538.0
2004-09-10,6512138.0
2004-09-13,7293314.0
2004-09-14,13197996.0
2004-09-15,30964442.0
2004-09-16,24053604.0
2004-09-17,33018704.0
2004-09-20,44940848.0
2004-09-21,38403424.0
2004-09-22,32238924.0
2004-09-23,23744934.0
2004-09-24,43475624.0
2004-09-27,21099196.0
2004-09-28,15027514.0
2004-09-29,14036572.0
2004-09-30,13680023.0
2004-10-08,13813984.0
2004-10-11,23214829.0
2004-10-12,17089837.0
2004-10-13,14284111.0
2004-10-14,17247771.0
2004-10-15,13543168.0
2004-10-18,10119136.0
2004-10-19,13040369.0
2004-10-20,11864561.0
2004-10-21,16436469.0
2004-10-22,17925061.0
2004-10-25,17566033.0
2004-10-26,17069712.0
2004-10-27,20768242.0
2004-10-28,19593829.0
2004-10-29,17905715.0
2004-11-01,11961915.0
2004-11-02,10960955.0
2004-11-03,13282835.0
2004-11-04,13974384.0
2004-11-05,9996360.0
2004-11-08,7376656.0
2004-11-09,7111640.0
2004-11-10,23319738.0
2004-11-11,27429895.0
2004-11-12,15744105.0
2004-11-15,14230535.0
2004-11-16,14165607.0
2004-11-17,12234261.0
2004-11-18,11589095.0
2004-11-19,14107904.0
2004-11-22,16667439.0
2004-11-23,16328520.0
2004-11-24,16355434.0
2004-11-25,13425338.0
2004-11-26,10434933.0
2004-11-29,10083151.0
2004-11-30,9277245.0
2004-12-01,9553429.0
2004-12-02,12804483.0
2004-12-03,13505016.0
2004-12-06,10664785.0
2004-12-07,10236805.0
2004-12-08,8593358.0
2004-12-09,15257911.0
2004-12-10,11072386.0
2004-12-13,8549453.0
2004-12-14,8045982.0
2004-12-15,11405089.0
2004-12-16,9058802.0
2004-12-17,7662099.0
2004-12-20,8053107.0
2004-12-21,6999529.0
2004-12-22,13339675.0
2004-12-23,8476088.0
2004-12-24,7180521.0
2004-12-27,7231149.0
2004-12-28,7758212.0
2004-12-29,8713987.0
2004-12-30,8812857.0
2004-12-31,8303949.0
2005-01-04,8161770.0
2005-01-05,8678651.0
2005-01-06,7922254.0
2005-01-07,8940871.0
2005-01-10,7234683.0
2005-01-11,7725570.0
2005-01-12,6769585.0
2005-01-13,8746707.0
2005-01-14,9898327.0
2005-01-17,10028565.0
2005-01-18,10190288.0
2005-01-19,9377195.0
2005-01-20,10310284.0
2005-01-21,16970080.0
2005-01-24,18020207.0
2005-01-25,11813924.0
2005-01-26,9640691.0
2005-01-27,9412829.0
2005-01-28,8170557.0
2005-01-31,9078062.0
2005-02-01,9340222.0
2005-02-02,19054062.0
2005-02-03,20415225.0
2005-02-04,17028293.0
2005-02-16,14445455.0
2005-02-17,11218612.0
2005-02-18,10688050.0
2005-02-21,12536922.0
2005-02-22,22602815.0
2005-02-23,24189127.0
2005-02-24,20115815.0
2005-02-25,24069610.0
2005-02-28,17651432.0
2005-03-01,13980952.0
2005-03-02,18628635.0
2005-03-03,12823609.0
2005-03-04,11049958.0
2005-03-07,10762246.0
2005-03-08,17984398.0
2005-03-09,20567187.0
2005-03-10,17897669.0
2005-03-11,14996714.0
2005-03-14,18692502.0
2005-03-15,15642719.0
2005-03-16,13663373.0
2005-03-17,12895543.0
2005-03-18,12452432.0
2005-03-21,9963687.0
2005-03-22,14653309.0
2005-03-23,13440605.0
2005-03-24,11477190.0
2005-03-25,9527589.0
2005-03-28,9023233.0
2005-03-29,9233160.0
2005-03-30,11383481.0
2005-03-31,10437790.0
2005-04-01,19660332.0
2005-04-04,13794401.0
2005-04-05,11582684.0
2005-04-06,16727966.0
2005-04-07,24276814.0
2005-04-08,17768998.0
2005-04-11,19300757.0
2005-04-12,13075881.0
2005-04-13,19547071.0
2005-04-14,15616198.0
2005-04-15,14262298.0
2005-04-18,11671176.0
2005-04-19,10950126.0
2005-04-20,11182984.0
2005-04-21,13266844.0
2005-04-22,13578363.0
2005-04-25,13547648.0
2005-04-26,13974141.0
2005-04-27,13612865.0
2005-04-28,17419743.0
2005-04-29,14105696.0
2005-05-09,10869350.0
2005-05-10,13164154.0
2005-05-11,10995569.0
2005-05-12,12355883.0
2005-05-13,13474947.0
2005-05-16,10227759.0
2005-05-17,11568727.0
2005-05-18,10378408.0
2005-05-19,10658166.0
2005-05-20,9584041.0
2005-05-23,9533945.0
2005-05-24,11029454.0
2005-05-25,9807597.0
2005-05-26,9498556.0
2005-05-27,10146251.0
2005-05-30,8599816.0
2005-05-31,9239224.0
2005-06-01,10062490.0
2005-06-02,11465556.0
2005-06-03,10016268.0
2005-06-06,11043599.0
2005-06-07,15703053.0
2005-06-08,40282852.0
2005-06-09,40690928.0
2005-06-10,28410801.0
2005-06-13,19203779.0
2005-06-14,18368255.0
2005-06-15,15267633.0
2005-06-16,14483083.0
2005-06-17,16752562.0
2005-06-20,21468619.0
2005-06-21,15478090.0
2005-06-22,12351453.0
2005-06-23,11484886.0
2005-06-24,11121075.0
2005-06-27,21842381.0
2005-06-28,13458431.0
2005-06-29,13469379.0
2005-06-30,13785959.0
2005-07-01,13597814.0
2005-07-04,12275958.0
2005-07-05,10494885.0
2005-07-06,9196428.0
2005-07-07,8570426.0
2005-07-08,10337367.0
2005-07-11,11330361.0
2005-07-12,18457805.0
2005-07-13,12821974.0
2005-07-14,12571093.0
2005-07-15,12750514.0
2005-07-18,10964842.0
2005-07-19,9882316.0
2005-07-20,10568559.0
2005-07-21,11140360.0
2005-07-22,25488349.0
2005-07-25,14134108.0
2005-07-26,25577510.0
2005-07-27,23812348.0
2005-07-28,24695847.0
2005-07-29,17683944.0
2005-08-01,14731551.0
2005-08-02,19015019.0
2005-08-03,31436454.0
2005-08-04,19436798.0
2005-08-05,27096069.0
2005-08-08,30237526.0
2005-08-09,27154091.0
2005-08-10,31427115.0
2005-08-11,36967037.0
2005-08-12,40478755.0
2005-08-15,30319519.0
2005-08-16,33155379.0
2005-08-17,32307341.0
2005-08-18,49201496.0
2005-08-19,31501185.0
2005-08-22,24033198.0
2005-08-23,21840708.0
2005-08-24,22674109.0
2005-08-25,24232098.0
2005-08-26,24296356.0
2005-08-29,24333195.0
2005-08-30,18551862.0
2005-08-31,21676099.0
2005-09-01,33830475.0
2005-09-02,28920490.0
2005-09-05,26700066.0
2005-09-06,33685273.0
2005-09-07,28602851.0
2005-09-08,30528056.0
2005-09-09,22155746.0
2005-09-12,17096689.0
2005-09-13,25913705.0
2005-09-14,32243761.0
2005-09-15,27217492.0
2005-09-16,22397225.0
2005-09-19,24656893.0
2005-09-20,32300692.0
2005-09-21,31799464.0
2005-09-22,28602274.0
2005-09-23,18774394.0
2005-09-26,14538133.0
2005-09-27,18093629.0
2005-09-28,14751543.0
2005-09-29,18536992.0
2005-09-30,14493481.0
2005-10-10,11720065.0
2005-10-11,13426560.0
2005-10-12,18467231.0
2005-10-13,16905239.0
2005-10-14,15145999.0
2005-10-17,15135238.0
2005-10-18,18928090.0
2005-10-19,18908399.0
2005-10-20,17371817.0
2005-10-21,18011154.0
2005-10-24,17275913.0
2005-10-25,16929914.0
2005-10-26,19211835.0
2005-10-27,17203742.0
2005-10-28,17973929.0
2005-10-31,14835142.0
2005-11-01,13985501.0
2005-11-02,18764779.0
2005-11-03,16862694.0
2005-11-04,12783138.0
2005-11-07,12082279.0
2005-11-08,15311164.0
2005-11-09,16725453.0
2005-11-10,16155985.0
2005-11-11,12560032.0
2005-11-14,9202688.0
2005-11-15,12215753.0
2005-11-16,12608646.0
2005-11-17,11961802.0
2005-11-18,22480629.0
2005-11-21,15543906.0
2005-11-22,14646805.0
2005-11-23,12601919.0
2005-11-24,17140958.0
2005-11-25,15509150.0
2005-11-28,12852408.0
2005-11-29,11879938.0
2005-11-30,10875975.0
2005-12-01,8932119.0
2005-12-02,10636974.0
2005-12-05,11224965.0
2005-12-06,11052745.0
2005-12-07,10389383.0
2005-12-08,10398709.0
2005-12-09,13487010.0
2005-12-12,11944637.0
2005-12-13,11376092.0
2005-12-14,15022124.0
2005-12-15,16824259.0
2005-12-16,12610777.0
2005-12-19,12228678.0
2005-12-20,11712710.0
2005-12-21,12292322.0
2005-12-22,11121539.0
2005-12-23,14472553.0
2005-12-26,18653133.0
2005-12-27,15673883.0
2005-12-28,14680286.0
2005-12-29,21803399.0
2005-12-30,20027934.0
2006-01-04,23258542.0
2006-01-05,29484479.0
2006-01-06,34342856.0
2006-01-09,28706657.0
2006-01-10,26794547.0
2006-01-11,30631464.0
2006-01-12,27018916.0
2006-01-13,27708578.0
2006-01-16,25274318.0
2006-01-17,19726462.0
2006-01-18,26667854.0
2006-01-19,33617749.0
2006-01-20,33203923.0
2006-01-23,29028660.0
2006-01-24,29671421.0
2006-01-25,26558660.0
2006-02-06,29177507.0
2006-02-07,38404741.0
2006-02-08,32857299.0
2006-02-09,29079091.0
2006-02-10,26314211.0
2006-02-13,26131772.0
2006-02-14,22541704.0
2006-02-15,30147904.0
2006-02-16,32352607.0
2006-02-17,25903067.0
2006-02-20,21542797.0
2006-02-21,26659021.0
2006-02-22,28517841.0
2006-02-23,22875047.0
2006-02-24,23578148.0
2006-02-27,26819785.0
2006-02-28,23647422.0
2006-03-01,23640674.0
2006-03-02,28445729.0
2006-03-03,24925458.0
2006-03-06,20329582.0
2006-03-07,22653395.0
2006-03-08,19841574.0
2006-03-09,15385934.0
2006-03-10,14095626.0
2006-03-13,13775153.0
2006-03-14,14875712.0
2006-03-15,18451269.0
2006-03-16,18322699.0
2006-03-17,18754804.0
2006-03-20,20297174.0
2006-03-21,24345687.0
2006-03-22,22330090.0
2006-03-23,25465408.0
2006-03-24,24423936.0
2006-03-27,20613246.0
2006-03-28,25011826.0
2006-03-29,34152236.0
2006-03-30,26038827.0
2006-03-31,26636858.0
2006-04-03,32804669.0
2006-04-04,37134050.0
2006-04-05,37763198.0
2006-04-06,41715075.0
2006-04-07,40666055.0
2006-04-10,41415428.0
2006-04-11,43870408.0
2006-04-12,37129072.0
2006-04-13,41299055.0
2006-04-14,37871219.0
2006-04-17,42219761.0
2006-04-18,36785181.0
2006-04-19,40578163.0
2006-04-20,43303288.0
2006-04-21,45569103.0
2006-04-24,52015803.0
2006-04-25,43248836.0
2006-04-26,48410649.0
2006-04-27,37608444.0
2006-04-28,44562043.0
2006-05-08,51620655.0
2006-05-09,64683904.0
2006-05-10,62717096.0
2006-05-11,73218335.0
2006-05-12,68393752.0
2006-05-15,87725270.0
2006-05-16,88275040.0
2006-05-17,70980534.0
2006-05-18,60585107.0
2006-05-19,77086291.0
2006-05-22,77258873.0
2006-05-23,69900145.0
2006-05-24,57270432.0
2006-05-25,41049372.0
2006-05-26,43722532.0
2006-05-29,51715168.0
2006-05-30,53087733.0
2006-05-31,57015979.0
2006-06-01,67843864.0
2006-06-02,78144691.0
2006-06-05,67297771.0
2006-06-06,58422960.0
2006-06-07,65085316.0
2006-06-08,54576873.0
2006-06-09,47003917.0
2006-06-12,31496274.0
2006-06-13,32450683.0
2006-06-14,32438103.0
2006-06-15,28473398.0
2006-06-16,33572612.0
2006-06-19,35562047.0
2006-06-20,35537111.0
2006-06-21,39705880.0
2006-06-22,32465888.0
2006-06-23,35026778.0
2006-06-26,39499250.0
2006-06-27,36451784.0
2006-06-28,33220601.0
2006-06-29,51799028.0
2006-06-30,49837076.0
2006-07-03,48636592.0
2006-07-04,54316492.0
2006-07-05,60720806.0
2006-07-06,50062669.0
2006-07-07,49430127.0
2006-07-10,39049526.0
2006-07-11,40085450.0
2006-07-12,48785891.0
2006-07-13,67471589.0
2006-07-14,41587804.0
2006-07-17,32203933.0
2006-07-18,31405354.0
2006-07-19,35059830.0
2006-07-20,28661197.0
2006-07-21,29960489.0
2006-07-24,31184008.0
2006-07-25,34237801.0
2006-07-26,31167231.0
2006-07-27,36201831.0
2006-07-28,33268968.0
2006-07-31,33654486.0
2006-08-01,32310660.0
2006-08-02,27865763.0
2006-08-03,20822293.0
2006-08-04,25867054.0
2006-08-07,24099206.0
2006-08-08,23382998.0
2006-08-09,21636036.0
2006-08-10,26323136.0
2006-08-11,23451467.0
2006-08-14,25655050.0
2006-08-15,20259214.0
2006-08-16,28563998.0
2006-08-17,23391904.0
2006-08-18,23974248.0
2006-08-21,23374318.0
2006-08-22,26701211.0
2006-08-23,27212907.0
2006-08-24,25061297.0
2006-08-25,27821614.0
2006-08-28,39341243.0
2006-08-29,48050411.0
2006-08-30,31442858.0
2006-08-31,35135016.0
2006-09-01,35954575.0
2006-09-04,33093426.0
2006-09-05,40533493.0
2006-09-06,33579623.0
2006-09-07,31522754.0
2006-09-08,26552028.0
2006-09-11,30590529.0
2006-09-12,37390453.0
2006-09-13,43045691.0
2006-09-14,33888258.0
2006-09-15,47032307.0
2006-09-18,44840062.0
2006-09-19,43455330.0
2006-09-20,38836571.0
2006-09-21,39533146.0
2006-09-22,44777828.0
2006-09-25,40168093.0
2006-09-26,33134530.0
2006-09-27,29247158.0
2006-09-28,33979858.0
2006-09-29,41236285.0
2006-10-09,52935143.0
2006-10-10,55136493.0
2006-10-11,49283882.0
2006-10-12,53169046.0
2006-10-13,42539842.0
2006-10-16,46766160.0
2006-10-17,39262344.0
2006-10-18,36810563.0
2006-10-19,41490607.0
2006-10-20,41461599.0
2006-10-23,44441085.0
2006-10-24,39911206.0
2006-10-25,44512259.0
2006-10-26,48737082.0
2006-10-27,73748923.0
2006-10-30,45335944.0
2006-10-31,46557135.0
2006-11-01,47783526.0
2006-11-02,51741725.0
2006-11-03,49860720.0
2006-11-06,49544517.0
2006-11-07,54849074.0
2006-11-08,37770454.0
2006-11-09,44096182.0
2006-11-10,62809427.0
2006-11-13,50016729.0
2006-11-14,43188028.0
2006-11-15,46682441.0
2006-11-16,63983566.0
2006-11-17,49418740.0
2006-11-20,59146901.0
2006-11-21,53894076.0
2006-11-22,64881669.0
2006-11-23,60721945.0
2006-11-24,61232080.0
2006-11-27,57840031.0
2006-11-28,55070638.0
2006-11-29,56002280.0
2006-11-30,72779731.0
2006-12-01,76178964.0
2006-12-04,87232790.0
2006-12-05,88157171.0
2006-12-06,104347807.0
2006-12-07,99278766.0
2006-12-08,80889719.0
2006-12-11,62676017.0
2006-12-12,70191776.0
2006-12-13,57492749.0
2006-12-14,58439320.0
2006-12-15,60611949.0
2006-12-18,78252193.0
2006-12-19,87054928.0
2006-12-20,78298935.0
2006-12-21,83182551.0
2006-12-22,70484620.0
2006-12-25,73939450.0
2006-12-26,72261492.0
2006-12-27,72118218.0
2006-12-28,78718941.0
2006-12-29,86769012.0
2007-01-04,120156021.0
2007-01-05,106155625.0
2007-01-08,106813244.0
2007-01-09,110751267.0
2007-01-10,111769365.0
2007-01-11,121598717.0
2007-01-12,107303768.0
2007-01-15,91761561.0
2007-01-16,111178574.0
2007-01-17,127377480.0
2007-01-18,112313956.0
2007-01-19,122061894.0
2007-01-22,138576090.0
2007-01-23,142791803.0
2007-01-24,122056790.0
2007-01-25,117197215.0
2007-01-26,109599131.0
2007-01-29,112067906.0
2007-01-30,111931721.0
2007-01-31,114265970.0
2007-02-01,93443531.0
2007-02-02,85446236.0
2007-02-05,69224512.0
2007-02-06,86629950.0
2007-02-07,94883764.0
2007-02-08,88434295.0
2007-02-09,80874438.0
2007-02-12,79009403.0
2007-02-13,79001671.0
2007-02-14,94044555.0
2007-02-15,108831177.0
2007-02-16,117921722.0
2007-02-26,112056992.0
2007-02-27,161375663.0
2007-02-28,121479168.0
2007-03-01,127364860.0
2007-03-02,93943965.0
2007-03-05,106910584.0
2007-03-06,77040486.0
2007-03-07,87913930.0
2007-03-08,88955123.0
2007-03-09,107139105.0
2007-03-12,101542444.0
2007-03-13,107189316.0
2007-03-14,113730739.0
2007-03-15,101745754.0
2007-03-16,122681308.0
2007-03-19,109971752.0
2007-03-20,92761890.0
2007-03-21,99190127.0
2007-03-22,126065545.0
2007-03-23,118686417.0
2007-03-26,122660537.0
2007-03-27,124578931.0
2007-03-28,167267939.0
2007-03-29,149539661.0
2007-03-30,89424006.0
2007-04-02,97350446.0
2007-04-03,108601391.0
2007-04-04,112616107.0
2007-04-05,114528051.0
2007-04-06,119644881.0
2007-04-09,137314104.0
2007-04-10,147807284.0
2007-04-11,147572114.0
2007-04-12,135389879.0
2007-04-13,150695876.0
2007-04-16,131039101.0
2007-04-17,160660646.0
2007-04-18,150485424.0
2007-04-19,172725541.0
2007-04-20,138889292.0
2007-04-23,163498116.0
2007-04-24,174389341.0
2007-04-25,151763061.0
2007-04-26,117256968.0
2007-04-27,132175456.0
2007-04-30,146525713.0
2007-05-08,160568200.0
2007-05-09,208397449.0
2007-05-10,171113940.0
2007-05-11,140638210.0
2007-05-14,139326221.0
2007-05-15,156677553.0
2007-05-16,131719774.0
2007-05-17,139277988.0
2007-05-18,130756274.0
2007-05-21,156171062.0
2007-05-22,173562090.0
2007-05-23,161399478.0
2007-05-24,180984388.0
2007-05-25,154192860.0
2007-05-28,178615174.0
2007-05-29,172097642.0
2007-05-30,185596729.0
2007-05-31,173115312.0
2007-06-01,160934985.0
2007-06-04,114859357.0
2007-06-05,157137959.0
2007-06-06,145873852.0
2007-06-07,142366475.0
2007-06-08,135877192.0
2007-06-11,133842739.0
2007-06-12,149472398.0
2007-06-13,166948499.0
2007-06-14,138385604.0
2007-06-15,108665532.0
2007-06-18,128977748.0
2007-06-19,124581814.0
2007-06-20,135212775.0
2007-06-21,112919856.0
2007-06-22,119692037.0
2007-06-25,101606655.0
2007-06-26,93817469.0
2007-06-27,95113481.0
2007-06-28,97831610.0
2007-06-29,86099985.0
2007-07-02,74254060.0
2007-07-03,69749217.0
2007-07-04,56474777.0
2007-07-05,63405936.0
2007-07-06,80737241.0
2007-07-09,83480539.0
2007-07-10,76563334.0
2007-07-11,51353880.0
2007-07-12,55158363.0
2007-07-13,46024471.0
2007-07-16,47615280.0
2007-07-17,48712223.0
2007-07-18,62871834.0
2007-07-19,48737595.0
2007-07-20,83110646.0
2007-07-23,121668964.0
2007-07-24,110989252.0
2007-07-25,93950043.0
2007-07-26,99210669.0
2007-07-27,100245813.0
2007-07-30,112589768.0
2007-07-31,108561410.0
2007-08-01,126292874.0
2007-08-02,98278578.0
2007-08-03,115116672.0
2007-08-06,111707979.0
2007-08-07,116181085.0
2007-08-08,118909163.0
2007-08-09,97660198.0
2007-08-10,101867058.0
2007-08-13,114184714.0
2007-08-14,88568208.0
2007-08-15,90509675.0
2007-08-16,90538411.0
2007-08-17,91159048.0
2007-08-20,99152937.0
2007-08-21,104204109.0
2007-08-22,108110938.0
2007-08-23,99309428.0
2007-08-24,108995636.0
2007-08-27,116154244.0
2007-08-28,105436739.0
2007-08-29,100824139.0
2007-08-30,101210584.0
2007-08-31,103556261.0
2007-09-03,125779649.0
2007-09-04,120426368.0
2007-09-05,96240624.0
2007-09-06,106987966.0
2007-09-07,119841029.0
2007-09-10,102368235.0
2007-09-11,110055262.0
2007-09-12,97058855.0
2007-09-13,86550216.0
2007-09-14,94673912.0
2007-09-17,105638609.0
2007-09-18,102690994.0
2007-09-19,89725500.0
2007-09-20,86547205.0
2007-09-21,92838809.0
2007-09-24,81798471.0
2007-09-25,96509579.0
2007-09-26,63608585.0
2007-09-27,58884300.0
2007-09-28,80631285.0
2007-10-08,95983083.0
2007-10-09,83289030.0
2007-10-10,92445344.0
2007-10-11,94709657.0
2007-10-12,119148432.0
2007-10-15,98707442.0
2007-10-16,88152159.0
2007-10-17,71312588.0
2007-10-18,69805425.0
2007-10-19,55224892.0
2007-10-22,54433674.0
2007-10-23,58453968.0
2007-10-24,60292831.0
2007-10-25,71714448.0
2007-10-26,51519175.0
2007-10-29,50164402.0
2007-10-30,54278820.0
2007-10-31,71029564.0
2007-11-01,64885103.0
2007-11-02,59541596.0
2007-11-05,64132597.0
2007-11-06,45068039.0
2007-11-07,42730328.0
2007-11-08,48924662.0
2007-11-09,47341262.0
2007-11-12,52582703.0
2007-11-13,49237316.0
2007-11-14,50992880.0
2007-11-15,47819419.0
2007-11-16,37387331.0
2007-11-19,41097731.0
2007-11-20,49057398.0
2007-11-21,41231609.0
2007-11-22,40370330.0
2007-11-23,30872962.0
2007-11-26,36755797.0
2007-11-27,30833864.0
2007-11-28,32756757.0
2007-11-29,50071545.0
2007-11-30,43314662.0
2007-12-03,53750775.0
2007-12-04,42835766.0
2007-12-05,54299786.0
2007-12-06,43159311.0
2007-12-07,49961574.0
2007-12-10,68817889.0
2007-12-11,66848427.0
2007-12-12,72156227.0
2007-12-13,67283324.0
2007-12-14,53052727.0
2007-12-17,63546722.0
2007-12-18,40558047.0
2007-12-19,56275775.0
2007-12-20,57742689.0
2007-12-21,66142705.0
2007-12-24,85080422.0
2007-12-25,71023624.0
2007-12-26,74458628.0
2007-12-27,87324184.0
2007-12-28,77187038.0
2008-01-02,76566609.0
2008-01-03,98510323.0
2008-01-04,80875238.0
2008-01-07,91933001.0
2008-01-08,102477863.0
2008-01-09,76805862.0
2008-01-10,96553285.0
2008-01-11,87724750.0
2008-01-14,78714090.0
2008-01-15,80719506.0
2008-01-16,89278341.0
2008-01-17,98941952.0
2008-01-18,68635625.0
2008-01-21,75643958.0
2008-01-22,92491351.0
2008-01-23,87963973.0
2008-01-24,90038158.0
2008-01-25,77928370.0
2008-01-28,69350257.0
2008-01-29,50356220.0
2008-01-30,55080037.0
2008-01-31,45141558.0
2008-02-01,59307142.0
2008-02-04,63374578.0
2008-02-05,52619684.0
2008-02-13,36914151.0
2008-02-14,34913005.0
2008-02-15,41386516.0
2008-02-18,55824610.0
2008-02-19,60663188.0
2008-02-20,66474653.0
2008-02-21,61309148.0
2008-02-22,67601983.0
2008-02-25,58811935.0
2008-02-26,55686631.0
2008-02-27,50524991.0
2008-02-28,47922253.0
2008-02-29,47835383.0
2008-03-03,78513840.0
2008-03-04,86956515.0
2008-03-05,74109680.0
2008-03-06,84932145.0
2008-03-07,56747402.0
2008-03-10,65682205.0
2008-03-11,51333439.0
2008-03-12,57224458.0
2008-03-13,63653400.0
2008-03-14,41407257.0
2008-03-17,49100273.0
2008-03-18,57861001.0
2008-03-19,61586643.0
2008-03-20,73262694.0
2008-03-21,65093464.0
2008-03-24,58959678.0
2008-03-25,52765336.0
2008-03-26,46251818.0
2008-03-27,55069866.0
2008-03-28,63291684.0
2008-03-31,47113469.0
2008-04-01,54831376.0
2008-04-02,65487286.0
2008-04-03,50889224.0
2008-04-07,60994537.0
2008-04-08,65484823.0
2008-04-09,59852049.0
2008-04-10,45455150.0
2008-04-11,43284244.0
2008-04-14,50311706.0
2008-04-15,44668457.0
2008-04-16,40091184.0
2008-04-17,45843305.0
2008-04-18,43665343.0
2008-04-21,59955293.0
2008-04-22,48787413.0
2008-04-23,66235125.0
2008-04-24,142066287.0
2008-04-25,129621021.0
2008-04-28,75744975.0
2008-04-29,67175250.0
2008-04-30,107617708.0
2008-05-05,99696916.0
2008-05-06,98932250.0
2008-05-07,90497143.0
2008-05-08,75173242.0
2008-05-09,87898425.0
2008-05-12,79891220.0
2008-05-13,90747177.0
2008-05-14,88592078.0
2008-05-15,83955322.0
2008-05-16,64812853.0
2008-05-19,48450165.0
2008-05-20,66377053.0
2008-05-21,73641076.0
2008-05-22,68504703.0
2008-05-23,59950559.0
2008-05-26,52776596.0
2008-05-27,42499311.0
2008-05-28,52476760.0
2008-05-29,51439933.0
2008-05-30,48495407.0
2008-06-02,49186078.0
2008-06-03,56642494.0
2008-06-04,48038156.0
2008-06-05,41834663.0
2008-06-06,34763217.0
2008-06-10,50909546.0
2008-06-11,46939345.0
2008-06-12,49535824.0
2008-06-13,41069430.0
2008-06-16,40385924.0
2008-06-17,43298147.0
2008-06-18,66349803.0
2008-06-19,56795827.0
2008-06-20,74156830.0
2008-06-23,40670032.0
2008-06-24,48387231.0
2008-06-25,64819105.0
2008-06-26,65519228.0
2008-06-27,60529919.0
2008-06-30,38518854.0
2008-07-01,40681423.0
2008-07-02,40181793.0
2008-07-03,68146717.0
2008-07-04,57291928.0
2008-07-07,77405848.0
2008-07-08,80204680.0
2008-07-09,97026119.0
2008-07-10,90904841.0
2008-07-11,64820553.0
2008-07-14,54465923.0
2008-07-15,70915234.0
2008-07-16,60043922.0
2008-07-17,50842333.0
2008-07-18,57873500.0
2008-07-21,66487700.0
2008-07-22,61519107.0
2008-07-23,61497975.0
2008-07-24,72505445.0
2008-07-25,62531059.0
2008-07-28,62318792.0
2008-07-29,58632278.0
2008-07-30,48946884.0
2008-07-31,44530269.0
2008-08-01,49215419.0
2008-08-04,37170318.0
2008-08-05,42378552.0
2008-08-06,40605525.0
2008-08-07,39492121.0
2008-08-08,48507437.0
2008-08-11,47161450.0
2008-08-12,36632632.0
2008-08-13,41005231.0
2008-08-14,31305226.0
2008-08-15,31296068.0
2008-08-18,53656796.0
2008-08-19,38593821.0
2008-08-20,73736663.0
2008-08-21,61331990.0
2008-08-22,46284593.0
2008-08-25,33757217.0
2008-08-26,40979466.0
2008-08-27,40952604.0
2008-08-28,34752734.0
2008-08-29,46405768.0
2008-09-01,36265240.0
2008-09-02,34190291.0
2008-09-03,42250006.0
2008-09-04,34163089.0
2008-09-05,38608171.0
2008-09-08,37669497.0
2008-09-09,30722691.0
2008-09-10,39012042.0
2008-09-11,36441803.0
2008-09-12,30312475.0
2008-09-16,46223445.0
2008-09-17,45853472.0
2008-09-18,66333202.0
2008-09-19,58433536.0
2008-09-22,139930636.0
2008-09-23,100165152.0
2008-09-24,64547818.0
2008-09-25,101230404.0
2008-09-26,78259307.0
2008-10-06,60938137.0
2008-10-07,56902611.0
2008-10-08,50759473.0
2008-10-09,45071001.0
2008-10-10,54077527.0
2008-10-13,56633806.0
2008-10-14,68042483.0
2008-10-15,40817957.0
2008-10-16,50672447.0
2008-10-17,38647298.0
2008-10-20,44569785.0
2008-10-21,54096739.0
2008-10-22,48310367.0
2008-10-23,47830065.0
2008-10-24,46244580.0
2008-10-27,50534797.0
2008-10-28,59847441.0
2008-10-29,52188518.0
2008-10-30,53560920.0
2008-10-31,40219619.0
2008-11-03,35858333.0
2008-11-04,39253457.0
2008-11-05,60317911.0
2008-11-06,45680712.0
2008-11-07,46807658.0
2008-11-10,91273263.0
2008-11-11,90879185.0
2008-11-12,65873321.0
2008-11-13,121067441.0
2008-11-14,130439493.0
2008-11-17,136840656.0
2008-11-18,156698879.0
2008-11-19,128809645.0
2008-11-20,130840578.0
2008-11-21,127123084.0
2008-11-24,84519444.0
2008-11-25,69541174.0
2008-11-26,65140003.0
2008-11-27,122337126.0
2008-11-28,77722281.0
2008-12-01,81890353.0
2008-12-02,104288934.0
2008-12-03,134916124.0
2008-12-04,175952280.0
2008-12-05,118490336.0
2008-12-08,164973061.0
2008-12-09,145334179.0
2008-12-10,128251050.0
2008-12-11,121696744.0
2008-12-12,108147808.0
2008-12-15,81536951.0
2008-12-16,78328544.0
2008-12-17,97247278.0
2008-12-18,92160304.0
2008-12-19,102183392.0
2008-12-22,86820548.0
2008-12-23,98985955.0
2008-12-24,74495756.0
2008-12-25,64566147.0
2008-12-26,53256201.0
2008-12-29,55021399.0
2008-12-30,56466221.0
2008-12-31,50396099.0
2009-01-05,67136715.0
2009-01-06,99066756.0
2009-01-07,92360086.0
2009-01-08,80374000.0
2009-01-09,71224779.0
2009-01-12,83645557.0
2009-01-13,73836460.0
2009-01-14,87918051.0
2009-01-15,115984409.0
2009-01-16,132972538.0
2009-01-19,109401361.0
2009-01-20,74565389.0
2009-01-21,87289198.0
2009-01-22,88284495.0
2009-01-23,85967706.0
2009-02-02,84766272.0
2009-02-03,134407694.0
2009-02-04,151785867.0
2009-02-05,165352197.0
2009-02-06,160860189.0
2009-02-09,192312686.0
2009-02-10,172587361.0
2009-02-11,209328074.0
2009-02-12,173976848.0
2009-02-13,199715512.0
2009-02-16,211427610.0
2009-02-17,198117836.0
2009-02-18,162461879.0
2009-02-19,129844050.0
2009-02-20,128938105.0
2009-02-23,160289118.0
2009-02-24,183853106.0
2009-02-25,152376898.0
2009-02-26,148638852.0
2009-02-27,122905210.0
2009-03-02,87462587.0
2009-03-03,97781728.0
2009-03-04,154811275.0
2009-03-05,182441105.0
2009-03-06,123863233.0
2009-03-09,124300647.0
2009-03-10,83940262.0
2009-03-11,103723453.0
2009-03-12,87213151.0
2009-03-13,83504887.0
2009-03-16,73382635.0
2009-03-17,130805423.0
2009-03-18,146994599.0
2009-03-19,145822319.0
2009-03-20,150523664.0
2009-03-23,160060235.0
2009-03-24,162727081.0
2009-03-25,144842469.0
2009-03-26,158556822.0
2009-03-27,186528389.0
2009-03-30,139880606.0
2009-03-31,142695498.0
2009-04-01,179857619.0
2009-04-02,188385983.0
2009-04-03,170251684.0
2009-04-07,124209223.0
2009-04-08,146809157.0
2009-04-09,113234976.0
2009-04-10,157491196.0
2009-04-13,191344932.0
2009-04-14,165180093.0
2009-04-15,181085688.0
2009-04-16,186163119.0
2009-04-17,161593595.0
2009-04-20,147904251.0
2009-04-21,164621542.0
2009-04-22,193984096.0
2009-04-23,126119756.0
2009-04-24,113796845.0
2009-04-27,113008183.0
2009-04-28,94815296.0
2009-04-29,126530722.0
2009-04-30,131154168.0
2009-05-04,153369990.0
2009-05-05,158422283.0
2009-05-06,160708583.0
2009-05-07,181811460.0
2009-05-08,161920976.0
2009-05-11,178248359.0
2009-05-12,123005960.0
2009-05-13,145836006.0
2009-05-14,124762442.0
2009-05-15,110890182.0
2009-05-18,119048894.0
2009-05-19,147466097.0
2009-05-20,138245861.0
2009-05-21,138926981.0
2009-05-22,99147298.0
2009-05-25,112000785.0
2009-05-26,114514670.0
2009-05-27,103167720.0
2009-06-01,147959551.0
2009-06-02,156356058.0
2009-06-03,155681658.0
2009-06-04,170878921.0
2009-06-05,146648113.0
2009-06-08,133231447.0
2009-06-09,132601567.0
2009-06-10,145267188.0
2009-06-11,134114877.0
2009-06-12,127694651.0
2009-06-15,106225013.0
2009-06-16,103383327.0
2009-06-17,110783742.0
2009-06-18,138842694.0
2009-06-19,153023362.0
2009-06-22,146972200.0
2009-06-23,144465267.0
2009-06-24,140574260.0
2009-06-25,119613020.0
2009-06-26,109560720.0
2009-06-29,128543774.0
2009-06-30,125813958.0
2009-07-01,138250133.0
2009-07-02,161960284.0
2009-07-03,159467946.0
2009-07-06,183237316.0
2009-07-07,178775741.0
2009-07-08,155489181.0
2009-07-09,167287882.0
2009-07-10,161162269.0
2009-07-13,156610057.0
2009-07-14,161688479.0
2009-07-15,195911479.0
2009-07-16,191230184.0
2009-07-17,164690672.0
2009-07-20,198870795.0
2009-07-21,197565897.0
2009-07-22,168213043.0
2009-07-23,166397752.0
2009-07-24,189738676.0
2009-07-27,197623634.0
2009-07-28,204245819.0
2009-07-29,275801197.0
2009-07-30,198010213.0
2009-07-31,193714375.0
2009-08-03,200813706.0
2009-08-04,211490154.0
2009-08-05,202502543.0
2009-08-06,174827374.0
2009-08-07,153160007.0
2009-08-10,126683738.0
2009-08-11,103752297.0
2009-08-12,134447463.0
2009-08-13,116934226.0
2009-08-14,125815592.0
2009-08-17,125058959.0
2009-08-18,106251526.0
2009-08-19,114469464.0
2009-08-20,110039086.0
2009-08-21,126790301.0
2009-08-24,122875721.0
2009-08-25,145236180.0
2009-08-26,130425354.0
2009-08-27,136745904.0
2009-08-28,123048500.0
2009-08-31,118246250.0
2009-09-01,98042585.0
2009-09-02,83934714.0
2009-09-03,129890251.0
2009-09-04,128889936.0
2009-09-07,131182812.0
2009-09-08,127929384.0
2009-09-09,130754494.0
2009-09-10,105894857.0
2009-09-11,123246666.0
2009-09-14,143711225.0
2009-09-15,144467755.0
2009-09-16,147415778.0
2009-09-17,160740391.0
2009-09-18,168076584.0
2009-09-21,136231980.0
2009-09-22,124074699.0
2009-09-23,107626362.0
2009-09-24,102541326.0
2009-09-25,75167601.0
2009-09-28,71874586.0
2009-09-29,73565539.0
2009-09-30,64833254.0
2009-10-09,85546555.0
2009-10-12,88186631.0
2009-10-13,79997904.0
2009-10-14,129630148.0
2009-10-15,98617587.0
2009-10-16,92222799.0
2009-10-19,120615598.0
2009-10-20,143651187.0
2009-10-21,135482770.0
2009-10-22,103031488.0
2009-10-23,138600902.0
2009-10-26,114826118.0
2009-10-27,120886757.0
2009-10-28,100973138.0
2009-10-29,110282234.0
2009-10-30,104792187.0
2009-11-02,137286110.0
2009-11-03,150552258.0
2009-11-04,145370268.0
2009-11-05,145465766.0
2009-11-06,163490814.0
2009-11-09,139189835.0
2009-11-10,142448019.0
2009-11-11,126821701.0
2009-11-12,138033047.0
2009-11-13,151147494.0
2009-11-16,200378981.0
2009-11-17,166037305.0
2009-11-18,158663952.0
2009-11-19,174619648.0
2009-11-20,176074025.0
2009-11-23,169531590.0
2009-11-24,250211554.0
2009-11-25,189026737.0
2009-11-26,217978838.0
2009-11-27,148802727.0
2009-11-30,138860263.0
2009-12-01,165279767.0
2009-12-02,175051363.0
2009-12-03,159219988.0
2009-12-04,215945072.0
2009-12-07,139876001.0
2009-12-08,137065573.0
2009-12-09,115095030.0
2009-12-10,94306516.0
2009-12-11,91542945.0
2009-12-14,118243321.0
2009-12-15,101484567.0
2009-12-16,103873513.0
2009-12-17,105646586.0
2009-12-18,101866376.0
2009-12-21,74568126.0
2009-12-22,85080787.0
2009-12-23,80058134.0
2009-12-24,102406204.0
2009-12-25,84545783.0
2009-12-28,91211608.0
2009-12-29,102612637.0
2009-12-30,129456039.0
2009-12-31,116520402.0
2010-01-04,109447927.0
2010-01-05,126115066.0
2010-01-06,123651384.0
2010-01-07,128652827.0
2010-01-08,98377147.0
2010-01-11,136327216.0
2010-01-12,140655241.0
2010-01-13,158344278.0
2010-01-14,135954504.0
2010-01-15,120541135.0
2010-01-18,135067238.0
2010-01-19,129943532.0
2010-01-20,158243112.0
2010-01-21,114337079.0
2010-01-22,137758538.0
2010-01-25,78361862.0
2010-01-26,93507092.0
2010-01-27,76552214.0
2010-01-28,73365767.0
2010-01-29,80475875.0
2010-02-01,88147114.0
2010-02-02,82485789.0
2010-02-03,101022537.0
2010-02-04,99918364.0
2010-02-05,97274989.0
2010-02-08,63299582.0
2010-02-09,62282207.0
2010-02-10,55588005.0
2010-02-11,56646305.0
2010-02-12,56092124.0
2010-02-22,68505143.0
2010-02-23,80392858.0
2010-02-24,92918962.0
2010-02-25,119670781.0
2010-02-26,101296291.0
2010-03-01,111038878.0
2010-03-02,105327647.0
2010-03-03,117156519.0
2010-03-04,126383889.0
2010-03-05,92259665.0
2010-03-08,81011950.0
2010-03-09,92381803.0
2010-03-10,84612953.0
2010-03-11,79872195.0
2010-03-12,71418912.0
2010-03-15,63749768.0
2010-03-16,59627991.0
2010-03-17,87085699.0
2010-03-18,91379124.0
2010-03-19,88481189.0
2010-03-22,96499411.0
2010-03-23,92867190.0
2010-03-24,89266365.0
2010-03-25,90190542.0
2010-03-26,93077716.0
2010-03-29,131895114.0
2010-03-30,102431515.0
2010-03-31,101143351.0
2010-04-01,126779213.0
2010-04-02,122789383.0
2010-04-06,116814703.0
2010-04-07,103521570.0
2010-04-08,114643389.0
2010-04-09,105425960.0
2010-04-12,137962701.0
2010-04-13,143982040.0
2010-04-14,106435847.0
2010-04-15,106263908.0
2010-04-16,80934918.0
2010-04-19,129360505.0
2010-04-20,101732249.0
2010-04-21,116308514.0
2010-04-22,121726664.0
2010-04-23,103518713.0
2010-04-26,89146675.0
2010-04-27,108271273.0
2010-04-28,83749411.0
2010-04-29,89344434.0
2010-04-30,88734444.0
2010-05-04,66079844.0
2010-05-05,95340578.0
2010-05-06,92649316.0
2010-05-07,92026260.0
2010-05-10,81854050.0
2010-05-11,87897107.0
2010-05-12,82544160.0
2010-05-13,83077733.0
2010-05-14,73368024.0
2010-05-17,82648326.0
2010-05-18,82792386.0
2010-05-19,71372186.0
2010-05-20,66390044.0
2010-05-21,83856090.0
2010-05-24,112497272.0
2010-05-25,93269050.0
2010-05-26,68710464.0
2010-05-27,87883569.0
2010-05-28,86947998.0
2010-05-31,78743882.0
2010-06-01,74666113.0
2010-06-02,64866634.0
2010-06-03,69502328.0
2010-06-04,56518495.0
2010-06-07,65697988.0
2010-06-08,63032468.0
2010-06-09,96030984.0
2010-06-10,74583964.0
2010-06-11,66519280.0
2010-06-17,54957039.0
2010-06-18,67218453.0
2010-06-21,78554425.0
2010-06-22,63681459.0
2010-06-23,58776822.0
2010-06-24,48856571.0
2010-06-25,50078852.0
2010-06-28,43203938.0
2010-06-29,73744904.0
2010-06-30,55210569.0
2010-07-01,49967686.0
2010-07-02,68329570.0
2010-07-05,47996452.0
2010-07-06,61364295.0
2010-07-07,56110700.0
2010-07-08,54485954.0
2010-07-09,85890148.0
2010-07-12,82922349.0
2010-07-13,66327019.0
2010-07-14,72946145.0
2010-07-15,105539239.0
2010-07-16,70793303.0
2010-07-19,88838962.0
2010-07-20,118598374.0
2010-07-21,114247832.0
2010-07-22,105934217.0
2010-07-23,114373149.0
2010-07-26,93326486.0
2010-07-27,86605236.0
2010-07-28,128979538.0
2010-07-29,139123605.0
2010-07-30,94773788.0
2010-08-02,112944633.0
2010-08-03,127971094.0
2010-08-04,112123737.0
2010-08-05,113514382.0
2010-08-06,120927286.0
2010-08-09,119964750.0
2010-08-10,127010021.0
2010-08-11,86941461.0
2010-08-12,92675203.0
2010-08-13,88820450.0
2010-08-16,125862823.0
2010-08-17,122638294.0
2010-08-18,136254348.0
2010-08-19,128441613.0
2010-08-20,116172184.0
2010-08-23,88136539.0
2010-08-24,107243639.0
2010-08-25,109695828.0
2010-08-26,80313857.0
2010-08-27,70466094.0
2010-08-30,110479525.0
2010-08-31,110890245.0
2010-09-01,127164940.0
2010-09-02,124076238.0
2010-09-03,129456526.0
2010-09-06,144209066.0
2010-09-07,112231539.0
2010-09-08,113519409.0
2010-09-09,132989434.0
2010-09-10,113041151.0
2010-09-13,117918914.0
2010-09-14,120712410.0
2010-09-15,122039815.0
2010-09-16,118998200.0
2010-09-17,83171357.0
2010-09-20,79469519.0
2010-09-21,58101406.0
2010-09-27,76844658.0
2010-09-28,93117430.0
2010-09-29,88618663.0
2010-09-30,89580361.0
2010-10-08,135759543.0
2010-10-11,207535265.0
2010-10-12,167428327.0
2010-10-13,185281671.0
2010-10-14,229461709.0
2010-10-15,236568558.0
2010-10-18,263316938.0
2010-10-19,170667828.0
2010-10-20,207804424.0
2010-10-21,161436141.0
2010-10-22,147079881.0
2010-10-25,192114243.0
2010-10-26,198778908.0
2010-10-27,176268280.0
2010-10-28,143537933.0
2010-10-29,147109754.0
2010-11-01,186243180.0
2010-11-02,224947283.0
2010-11-03,189848032.0
2010-11-04,176857096.0
2010-11-05,211955803.0
2010-11-08,205417960.0
2010-11-09,192455746.0
2010-11-10,185052423.0
2010-11-11,210274743.0
2010-11-12,233084958.0
2010-11-15,153152448.0
2010-11-16,171089373.0
2010-11-17,123780261.0
2010-11-18,102226182.0
2010-11-19,123778460.0
2010-11-22,127117716.0
2010-11-23,116311956.0
2010-11-24,116156238.0
2010-11-25,131608453.0
2010-11-26,110866191.0
2010-11-29,102452542.0
2010-11-30,139324863.0
2010-12-01,81263296.0
2010-12-02,104195755.0
2010-12-03,83521010.0
2010-12-06,89773055.0
2010-12-07,86785497.0
2010-12-08,86707379.0
2010-12-09,94622552.0
2010-12-10,80496108.0
2010-12-13,128878468.0
2010-12-14,120944936.0
2010-12-15,109462489.0
2010-12-16,87606313.0
2010-12-17,73677136.0
2010-12-20,113755495.0
2010-12-21,106825623.0
2010-12-22,98325557.0
2010-12-23,89002488.0
2010-12-24,81216848.0
2010-12-27,97807278.0
2010-12-28,84332632.0
2010-12-29,63941278.0
2010-12-30,73172046.0
2010-12-31,83350214.0
2011-01-04,110072791.0
2011-01-05,104415282.0
2011-01-06,84705616.0
2011-01-07,113129568.0
2011-01-10,90780872.0
2011-01-11,80553780.0
2011-01-12,79246117.0
2011-01-13,74886265.0
2011-01-14,76753880.0
2011-01-17,92519113.0
2011-01-18,60377276.0
2011-01-19,78493169.0
2011-01-20,86047191.0
2011-01-21,95639038.0
2011-01-24,87920807.0
2011-01-25,69481412.0
2011-01-26,60750899.0
2011-01-27,105569163.0
2011-01-28,85427992.0
2011-01-31,91502814.0
2011-02-01,73350092.0
2011-02-09,87257788.0
2011-02-10,97919763.0
2011-02-11,107758171.0
2011-02-14,154242970.0
2011-02-15,152449898.0
2011-02-16,127805697.0
2011-02-17,130415498.0
2011-02-18,113775463.0
2011-02-21,118855883.0
2011-02-22,153004622.0
2011-02-23,111083059.0
2011-02-24,109772588.0
2011-02-25,100094039.0
2011-02-28,118705763.0
2011-03-01,136555048.0
2011-03-02,133442258.0
2011-03-03,150488884.0
2011-03-04,118277241.0
2011-03-07,160105884.0
2011-03-08,126681154.0
2011-03-09,124790735.0
2011-03-10,123799889.0
2011-03-11,115994480.0
2011-03-14,116910618.0
2011-03-15,154951951.0
2011-03-16,130777237.0
2011-03-17,137797827.0
2011-03-18,100637335.0
2011-03-21,96760275.0
2011-03-22,95117457.0
2011-03-23,112603475.0
2011-03-24,108955979.0
2011-03-25,136396367.0
2011-03-28,156016878.0
2011-03-29,168543246.0
2011-03-30,126493548.0
2011-03-31,108935611.0
2011-04-01,99844094.0
2011-04-06,141650613.0
2011-04-07,124734591.0
2011-04-08,114337794.0
2011-04-11,147189576.0
2011-04-12,145990547.0
2011-04-13,128202655.0
2011-04-14,129487107.0
2011-04-15,128530989.0
2011-04-18,137488739.0
2011-04-19,141896394.0
2011-04-20,119741657.0
2011-04-21,121510664.0
2011-04-22,118525613.0
2011-04-25,117316622.0
2011-04-26,95154819.0
2011-04-27,105492475.0
2011-04-28,105230875.0
2011-04-29,87534255.0
2011-05-03,96402722.0
2011-05-04,111481131.0
2011-05-05,91084427.0
2011-05-06,91063909.0
2011-05-09,81576155.0
2011-05-10,81297176.0
2011-05-11,92477122.0
2011-05-12,100240961.0
2011-05-13,93238815.0
2011-05-16,84648251.0
2011-05-17,94819847.0
2011-05-18,76826970.0
2011-05-19,76994538.0
2011-05-20,70743786.0
2011-05-23,98622045.0
2011-05-24,74852898.0
2011-05-25,74406534.0
2011-05-26,78741315.0
2011-05-27,82521052.0
2011-05-30,65174388.0
2011-05-31,67900383.0
2011-06-01,68555501.0
2011-06-02,86021158.0
2011-06-03,67983945.0
2011-06-07,65021293.0
2011-06-08,74294661.0
2011-06-09,83469268.0
2011-06-10,73400294.0
2011-06-13,63069459.0
2011-06-14,83097514.0
2011-06-15,74856945.0
2011-06-16,70927870.0
2011-06-17,64442633.0
2011-06-20,60059864.0
2011-06-21,64821871.0
2011-06-22,58313802.0
2011-06-23,73772688.0
2011-06-24,125773628.0
2011-06-27,101601018.0
2011-06-28,88277450.0
2011-06-29,88224197.0
2011-06-30,90967124.0
2011-07-01,92072878.0
2011-07-04,121962260.0
2011-07-05,110124224.0
2011-07-06,103104393.0
2011-07-07,116512143.0
2011-07-08,86211609.0
2011-07-11,86063595.0
2011-07-12,96674475.0
2011-07-13,91929128.0
2011-07-14,104502080.0
2011-07-15,107470064.0
2011-07-18,108108623.0
2011-07-19,92740884.0
2011-07-20,84030616.0
2011-07-21,81760582.0
2011-07-22,70211837.0
2011-07-25,111242249.0
2011-07-26,72881454.0
2011-07-27,80407781.0
2011-07-28,78474915.0
2011-07-29,75471655.0
2011-08-01,59000711.0
2011-08-02,69993181.0
2011-08-03,63981610.0
2011-08-04,58872111.0
2011-08-05,78571833.0
2011-08-08,110302496.0
2011-08-09,103723892.0
2011-08-10,100369343.0
2011-08-11,95597265.0
2011-08-12,97171206.0
2011-08-15,88676842.0
2011-08-16,85226861.0
2011-08-17,70109146.0
2011-08-18,70989277.0
2011-08-19,70606801.0
2011-08-22,61214429.0
2011-08-23,60944193.0
2011-08-24,65462469.0
2011-08-25,104537978.0
2011-08-26,77850450.0
2011-08-29,73696095.0
2011-08-30,75910686.0
2011-08-31,59169720.0
2011-09-01,57290927.0
2011-09-02,54436581.0
2011-09-05,55031066.0
2011-09-06,49223173.0
2011-09-07,59665860.0
2011-09-08,55271952.0
2011-09-09,51253380.0
2011-09-13,49930919.0
2011-09-14,54065977.0
2011-09-15,56003688.0
2011-09-16,47986854.0
2011-09-19,48746822.0
2011-09-20,46265892.0
2011-09-21,86689276.0
2011-09-22,74695409.0
2011-09-23,67302693.0
2011-09-26,57425042.0
2011-09-27,55231432.0
2011-09-28,55758447.0
2011-09-29,59191239.0
2011-09-30,48818372.0
2011-10-10,41745306.0
2011-10-11,63975806.0
2011-10-12,91508568.0
2011-10-13,87860106.0
2011-10-14,60673160.0
2011-10-17,58267682.0
2011-10-18,79525744.0
2011-10-19,58534637.0
2011-10-20,65425215.0
2011-10-21,48436725.0
2011-10-24,70874071.0
2011-10-25,90888876.0
2011-10-26,107447168.0
2011-10-27,82408961.0
2011-10-28,110032721.0
2011-10-31,84172562.0
2011-11-01,88892417.0
2011-11-02,105468200.0
2011-11-03,136576325.0
2011-11-04,101873675.0
2011-11-07,78867174.0
2011-11-08,78672656.0
2011-11-09,78208572.0
2011-11-10,87111088.0
2011-11-11,66137668.0
2011-11-14,81229812.0
2011-11-15,79227750.0
2011-11-16,93382109.0
2011-11-17,66414285.0
2011-11-18,72180807.0
2011-11-21,50170366.0
2011-11-22,51443233.0
2011-11-23,50547850.0
2011-11-24,52154150.0
2011-11-25,45362552.0
2011-11-28,46064666.0
2011-11-29,55123190.0
2011-11-30,76611104.0
2011-12-01,98650046.0
2011-12-02,59868845.0
2011-12-05,52214969.0
2011-12-06,45917077.0
2011-12-07,41570306.0
2011-12-08,51473520.0
2011-12-09,39988559.0
2011-12-12,39632578.0
2011-12-13,58627478.0
2011-12-14,44079822.0
2011-12-15,56712186.0
2011-12-16,57265903.0
2011-12-19,57818464.0
2011-12-20,52761113.0
2011-12-21,50877262.0
2011-12-22,58986117.0
2011-12-23,52421325.0
2011-12-26,43613663.0
2011-12-27,45712179.0
2011-12-28,49633435.0
2011-12-29,44749200.0
2011-12-30,51943838.0
2012-01-04,49245537.0
2012-01-05,58743447.0
2012-01-06,50583054.0
2012-01-09,76759839.0
2012-01-10,109585415.0
2012-01-11,84441781.0
2012-01-12,71569994.0
2012-01-13,71474322.0
2012-01-16,45859522.0
2012-01-17,87803560.0
2012-01-18,89940422.0
2012-01-19,72498861.0
2012-01-20,69922753.0
2012-01-30,58413687.0
2012-01-31,48738325.0
2012-02-01,53553811.0
2012-02-02,63471872.0
2012-02-03,78943697.0
2012-02-06,75734477.0
2012-02-07,67326906.0
2012-02-08,87114528.0
2012-02-09,98032325.0
2012-02-10,96501619.0
2012-02-13,86263585.0
2012-02-14,73130413.0
2012-02-15,98861021.0
2012-02-16,95051169.0
2012-02-17,71924839.0
2012-02-20,88911586.0
2012-02-21,79348669.0
2012-02-22,118684269.0
2012-02-23,112553593.0
2012-02-24,134903249.0
2012-02-27,158073244.0
2012-02-28,118361993.0
2012-02-29,95536952.0
2012-03-01,75083289.0
2012-03-02,103228378.0
2012-03-05,112693326.0
2012-03-06,103709012.0
2012-03-07,94790636.0
2012-03-08,96782134.0
2012-03-09,100624055.0
2012-03-12,106223059.0
2012-03-13,104649712.0
2012-03-14,179786029.0
2012-03-15,120025499.0
2012-03-16,103675622.0
2012-03-19,102153490.0
2012-03-20,97903935.0
2012-03-21,95686538.0
2012-03-22,79348880.0
2012-03-23,76862139.0
2012-03-26,55427733.0
2012-03-27,60881116.0
2012-03-28,83645283.0
2012-03-29,74248084.0
2012-03-30,62024147.0
2012-04-05,80101456.0
2012-04-06,72136521.0
2012-04-09,59760639.0
2012-04-10,67345526.0
2012-04-11,75130070.0
2012-04-12,97687895.0
2012-04-13,98774414.0
2012-04-16,85322682.0
2012-04-17,84688445.0
2012-04-18,108612544.0
2012-04-19,94272421.0
2012-04-20,115522062.0
2012-04-23,122907558.0
2012-04-24,133722354.0
2012-04-25,130972867.0
2012-04-26,115529587.0
2012-04-27,91228350.0
2012-05-02,128006006.0
2012-05-03,102248493.0
2012-05-04,102204871.0
2012-05-07,108830107.0
2012-05-08,104855537.0
2012-05-09,97902212.0
2012-05-10,81698471.0
2012-05-11,74863995.0
2012-05-14,90526339.0
2012-05-15,77922916.0
2012-05-16,76733829.0
2012-05-17,86870030.0
2012-05-18,89689419.0
2012-05-21,74840341.0
2012-05-22,76779780.0
2012-05-23,84216580.0
2012-05-24,79206805.0
2012-05-25,74019252.0
2012-05-28,94962105.0
2012-05-29,117157725.0
2012-05-30,89809793.0
2012-05-31,77890228.0
2012-06-01,77021923.0
2012-06-04,90179347.0
2012-06-05,66078528.0
2012-06-06,58532028.0
2012-06-07,60232048.0
2012-06-08,67924641.0
2012-06-11,64197967.0
2012-06-12,59941982.0
2012-06-13,78454349.0
2012-06-14,71633722.0
2012-06-15,68687579.0
2012-06-18,60594622.0
2012-06-19,60135905.0
2012-06-20,54103955.0
2012-06-21,58992012.0
2012-06-25,59768952.0
2012-06-26,52940798.0
2012-06-27,51049128.0
2012-06-28,54182183.0
2012-06-29,61441886.0
2012-07-02,62196207.0
2012-07-03,62703021.0
2012-07-04,55273656.0
2012-07-05,57967934.0
2012-07-06,76557917.0
2012-07-09,75111472.0
2012-07-10,58993972.0
2012-07-11,58614472.0
2012-07-12,82133762.0
2012-07-13,57546838.0
2012-07-16,67487681.0
2012-07-17,55184408.0
2012-07-18,66552659.0
2012-07-19,79338049.0
2012-07-20,64346672.0
2012-07-23,55677081.0
2012-07-24,54411286.0
2012-07-25,48575894.0
2012-07-26,52884076.0
2012-07-27,52076920.0
2012-07-30,51992383.0
2012-07-31,53456097.0
2012-08-01,53804602.0
2012-08-02,53467539.0
2012-08-03,53371329.0
2012-08-06,71843204.0
2012-08-07,75049798.0
2012-08-08,72869536.0
2012-08-09,72529246.0
2012-08-10,68368559.0
2012-08-13,71352322.0
2012-08-14,67571589.0
2012-08-15,54609394.0
2012-08-16,45173009.0
2012-08-17,44390634.0
2012-08-20,46717499.0
2012-08-21,60756505.0
2012-08-22,58441412.0
2012-08-23,58472299.0
2012-08-24,60178948.0
2012-08-27,60314833.0
2012-08-28,54422104.0
2012-08-29,52209808.0
2012-08-30,61963792.0
2012-08-31,46143904.0
2012-09-03,60635498.0
2012-09-04,57462184.0
2012-09-05,57649803.0
2012-09-06,56091817.0
2012-09-07,139932624.0
2012-09-10,103580026.0
2012-09-11,80426638.0
2012-09-12,84114742.0
2012-09-13,79044972.0
2012-09-14,91248271.0
2012-09-17,76392233.0
2012-09-18,53794850.0
2012-09-19,52243629.0
2012-09-20,67482659.0
2012-09-21,60289456.0
2012-09-24,57637779.0
2012-09-25,48219408.0
2012-09-26,50400828.0
2012-09-27,76691457.0
2012-09-28,79448952.0
2012-10-08,55131612.0
2012-10-09,84563788.0
2012-10-10,78912035.0
2012-10-11,74497029.0
2012-10-12,68262972.0
2012-10-15,53940751.0
2012-10-16,57818438.0
2012-10-17,59874065.0
2012-10-18,87191092.0
2012-10-19,67641279.0
2012-10-22,60117222.0
2012-10-23,72683806.0
2012-10-24,72886618.0
2012-10-25,85393109.0
2012-10-26,78606435.0
2012-10-29,53635009.0
2012-10-30,60569092.0
2012-10-31,59527234.0
2012-11-01,82886670.0
2012-11-02,76557220.0
2012-11-05,71538762.0
2012-11-06,71343850.0
2012-11-07,59380128.0
2012-11-08,66594561.0
2012-11-09,54223460.0
2012-11-12,56694855.0
2012-11-13,61087293.0
2012-11-14,48093000.0
2012-11-15,50556857.0
2012-11-16,49581680.0
2012-11-19,45327018.0
2012-11-20,42580635.0
2012-11-21,53282021.0
2012-11-22,45577847.0
2012-11-23,51551469.0
2012-11-26,44779551.0
2012-11-27,56627422.0
2012-11-28,50505587.0
2012-11-29,49540088.0
2012-11-30,56893416.0
2012-12-03,61653375.0
2012-12-04,62378123.0
2012-12-05,119973040.0
2012-12-06,81459219.0
2012-12-07,115157289.0
2012-12-10,115383226.0
2012-12-11,93370830.0
2012-12-12,78559142.0
2012-12-13,72272324.0
2012-12-14,160873812.0
2012-12-17,144242218.0
2012-12-18,126099467.0
2012-12-19,94391522.0
2012-12-20,99384183.0
2012-12-21,103372872.0
2012-12-24,78469664.0
2012-12-25,143327708.0
2012-12-26,121858630.0
2012-12-27,129023501.0
2012-12-28,115924934.0
2012-12-31,128031402.0
2013-01-04,139469931.0
2013-01-07,118162813.0
2013-01-08,122907877.0
2013-01-09,122014924.0
2013-01-10,120066676.0
2013-01-11,125068275.0
2013-01-14,144749889.0
2013-01-15,165645981.0
2013-01-16,153511167.0
2013-01-17,119101835.0
2013-01-18,125438026.0
2013-01-21,134680458.0
2013-01-22,149466584.0
2013-01-23,118179722.0
2013-01-24,161031674.0
2013-01-25,92605741.0
2013-01-28,128383760.0
2013-01-29,141853934.0
2013-01-30,149878907.0
2013-01-31,139707892.0
2013-02-01,140818172.0
2013-02-04,167551402.0
2013-02-05,150754505.0
2013-02-06,116579966.0
2013-02-07,120008634.0
2013-02-08,109070386.0
2013-02-18,116174994.0
2013-02-19,123473334.0
2013-02-20,110280577.0
2013-02-21,144059478.0
2013-02-22,96981828.0
2013-02-25,88367374.0
2013-02-26,117638667.0
2013-02-27,97824887.0
2013-02-28,126950494.0
2013-03-01,120312752.0
2013-03-04,161750025.0
2013-03-05,131136598.0
2013-03-06,141333692.0
2013-03-07,139756348.0
2013-03-08,98794148.0
2013-03-11,84111903.0
2013-03-12,117664456.0
2013-03-13,90972788.0
2013-03-14,80294086.0
2013-03-15,116477813.0
2013-03-18,93122772.0
2013-03-19,87582105.0
2013-03-20,131241284.0
2013-03-21,119200910.0
2013-03-22,101167299.0
2013-03-25,97031526.0
2013-03-26,104449015.0
2013-03-27,96331195.0
2013-03-28,127658698.0
2013-03-29,85565473.0
2013-04-01,77411774.0
2013-04-02,89714323.0
2013-04-03,81795267.0
2013-04-08,86257470.0
2013-04-09,82896544.0
2013-04-10,80619621.0
2013-04-11,73632704.0
2013-04-12,66846340.0
2013-04-15,71632323.0
2013-04-16,79992178.0
2013-04-17,68314181.0
2013-04-18,71616927.0
2013-04-19,109660556.0
2013-04-22,95233730.0
2013-04-23,96541315.0
2013-04-24,91600261.0
2013-04-25,96704188.0
2013-04-26,76673970.0
2013-05-02,68337936.0
2013-05-03,88583464.0
2013-05-06,92268146.0
2013-05-07,86452356.0
2013-05-08,90371933.0
2013-05-09,98531637.0
2013-05-10,90335476.0
2013-05-13,86211224.0
2013-05-14,83244975.0
2013-05-15,71722893.0
2013-05-16,110284376.0
2013-05-17,126126006.0
2013-05-20,139150514.0
2013-05-21,124173176.0
2013-05-22,128360026.0
2013-05-23,124019844.0
2013-05-24,101441213.0
2013-05-27,107325061.0
2013-05-28,132632995.0
2013-05-29,125250729.0
2013-05-30,111913032.0
2013-05-31,108162554.0
2013-06-03,96882814.0
2013-06-04,101895818.0
2013-06-05,76483303.0
2013-06-06,81538694.0
2013-06-07,89978077.0
2013-06-13,94371094.0
2013-06-14,77857472.0
2013-06-17,75757790.0
2013-06-18,69632271.0
2013-06-19,75425016.0
2013-06-20,77787930.0
2013-06-21,79673224.0
2013-06-24,109198215.0
2013-06-25,138158516.0
2013-06-26,101192527.0
2013-06-27,105813318.0
2013-06-28,100737968.0
2013-07-01,78051393.0
2013-07-02,86415418.0
2013-07-03,93466471.0
2013-07-04,100394183.0
2013-07-05,91345222.0
2013-07-08,84136491.0
2013-07-09,64538733.0
2013-07-10,89797981.0
2013-07-11,159970773.0
2013-07-12,121174175.0
2013-07-15,101470357.0
2013-07-16,96737399.0
2013-07-17,103251321.0
2013-07-18,92132049.0
2013-07-19,104577571.0
2013-07-22,82922190.0
2013-07-23,109517360.0
2013-07-24,106655779.0
2013-07-25,98545366.0
2013-07-26,73800429.0
2013-07-29,78683274.0
2013-07-30,77219784.0
2013-07-31,70160603.0
2013-08-01,91256686.0
2013-08-02,93592767.0
2013-08-05,85517968.0
2013-08-06,105580975.0
2013-08-07,107712594.0
2013-08-08,84133290.0
2013-08-09,95316423.0
2013-08-12,135128974.0
2013-08-13,117708875.0
2013-08-14,114437802.0
2013-08-15,99396656.0
2013-08-16,153063326.0
2013-08-19,97446783.0
2013-08-20,107381773.0
2013-08-21,87445991.0
2013-08-22,90928307.0
2013-08-23,112426351.0
2013-08-26,119932652.0
2013-08-27,126341966.0
2013-08-28,161392026.0
2013-08-29,133268219.0
2013-08-30,170075649.0
2013-09-02,149158524.0
2013-09-03,138893175.0
2013-09-04,142000386.0
2013-09-05,126544104.0
2013-09-06,143260660.0
2013-09-09,219427086.0
2013-09-10,237206649.0
2013-09-11,244349455.0
2013-09-12,209715110.0
2013-09-13,171984229.0
2013-09-16,154884020.0
2013-09-17,154542555.0
2013-09-18,115111887.0
2013-09-23,133174858.0
2013-09-24,160415055.0
2013-09-25,160212762.0
2013-09-26,140415346.0
2013-09-27,105401788.0
2013-09-30,92810081.0
2013-10-08,126710203.0
2013-10-09,130871737.0
2013-10-10,149775896.0
2013-10-11,156892176.0
2013-10-14,165983386.0
2013-10-15,153722825.0
2013-10-16,154638637.0
2013-10-17,126767944.0
2013-10-18,103724631.0
2013-10-21,136694408.0
2013-10-22,149132831.0
2013-10-23,146347090.0
2013-10-24,103008953.0
2013-10-25,113924520.0
2013-10-28,88401322.0
2013-10-29,143092811.0
2013-10-30,119643362.0
2013-10-31,108063020.0
2013-11-01,89118477.0
2013-11-04,76147941.0
2013-11-05,91900031.0
2013-11-06,100487344.0
2013-11-07,81842610.0
2013-11-08,83096859.0
2013-11-11,69678299.0
2013-11-12,79446731.0
2013-11-13,88257094.0
2013-11-14,83799373.0
2013-11-15,125894520.0
2013-11-18,157502714.0
2013-11-19,125082307.0
2013-11-20,118961861.0
2013-11-21,137245516.0
2013-11-22,113866457.0
2013-11-25,108282655.0
2013-11-26,100460830.0
2013-11-27,115384411.0
2013-11-28,134456777.0
2013-11-29,106959053.0
2013-12-02,174281990.0
2013-12-03,113506410.0
2013-12-04,157292943.0
2013-12-05,122048414.0
2013-12-06,103700929.0
2013-12-09,93273639.0
2013-12-10,109043133.0
2013-12-11,109473150.0
2013-12-12,86108671.0
2013-12-13,85101012.0
2013-12-16,101387594.0
2013-12-17,78578936.0
2013-12-18,64173584.0
2013-12-19,73123479.0
2013-12-20,86775212.0
2013-12-23,68146636.0
2013-12-24,70251467.0
2013-12-25,65139096.0
2013-12-26,78541408.0
2013-12-27,76756827.0
2013-12-30,74085056.0
2013-12-31,80474375.0
2014-01-02,68485486.0
2014-01-03,84497241.0
2014-01-06,89587608.0
2014-01-07,63402938.0
2014-01-08,71647364.0
2014-01-09,75941883.0
2014-01-10,75616121.0
2014-01-13,66544776.0
2014-01-14,70366614.0
2014-01-15,67436222.0
2014-01-16,72755719.0
2014-01-17,67305720.0
2014-01-20,56271247.0
2014-01-21,59844911.0
2014-01-22,98892856.0
2014-01-23,84210585.0
2014-01-24,92947921.0
2014-01-27,88815426.0
2014-01-28,72529043.0
2014-01-29,73865462.0
2014-01-30,62615184.0
2014-02-07,73598755.0
2014-02-10,124331833.0
2014-02-11,142211324.0
2014-02-12,126333186.0
2014-02-13,146532634.0
2014-02-14,111517950.0
2014-02-17,140244443.0
2014-02-18,142869308.0
2014-02-19,151261246.0
2014-02-20,157052276.0
2014-02-21,117662651.0
2014-02-24,123555308.0
2014-02-25,140132978.0
2014-02-26,110112687.0
2014-02-27,132163852.0
2014-02-28,111637907.0
2014-03-03,127460891.0
2014-03-04,115925792.0
2014-03-05,107733082.0
2014-03-06,109290133.0
2014-03-07,103709540.0
2014-03-10,115696666.0
2014-03-11,92705265.0
2014-03-12,101361719.0
2014-03-13,100978116.0
2014-03-14,87775111.0
2014-03-17,86250374.0
2014-03-18,96777193.0
2014-03-19,95180797.0
2014-03-20,110333048.0
2014-03-21,144477656.0
2014-03-24,147700085.0
2014-03-25,131822232.0
2014-03-26,102611116.0
2014-03-27,119149374.0
2014-03-28,121681965.0
2014-03-31,94356536.0
2014-04-01,83286576.0
2014-04-02,102658525.0
2014-04-03,108618421.0
2014-04-04,83189056.0
2014-04-08,133370983.0
2014-04-09,105340471.0
2014-04-10,156789609.0
2014-04-11,131768359.0
2014-04-14,102077853.0
2014-04-15,107531151.0
2014-04-16,89361657.0
2014-04-17,89896325.0
2014-04-18,88155695.0
2014-04-21,96378369.0
2014-04-22,98719882.0
2014-04-23,78531521.0
2014-04-24,78185955.0
2014-04-25,93042333.0
2014-04-28,89795262.0
2014-04-29,76221275.0
2014-04-30,74528578.0
2014-05-05,79933395.0
2014-05-06,74609411.0
2014-05-07,74360192.0
2014-05-08,77865393.0
2014-05-09,76224244.0
2014-05-12,115742077.0
2014-05-13,97223388.0
2014-05-14,72011125.0
2014-05-15,75845154.0
2014-05-16,66353660.0
2014-05-19,65329438.0
2014-05-20,61345382.0
2014-05-21,61811547.0
2014-05-22,74728474.0
2014-05-23,63488065.0
2014-05-26,70281220.0
2014-05-27,67577889.0
2014-05-28,81338642.0
2014-05-29,81242921.0
2014-05-30,75148898.0
2014-06-03,71584124.0
2014-06-04,72412771.0
2014-06-05,67949536.0
2014-06-06,66021744.0
2014-06-09,64788317.0
2014-06-10,79623717.0
2014-06-11,74444354.0
2014-06-12,81711186.0
2014-06-13,97174806.0
2014-06-16,95939770.0
2014-06-17,87800481.0
2014-06-18,87245350.0
2014-06-19,92914274.0
2014-06-20,67167246.0
2014-06-23,70485162.0
2014-06-24,71214634.0
2014-06-25,67539610.0
2014-06-26,80955778.0
2014-06-27,97592017.0
2014-06-30,96666598.0
2014-07-01,98457409.0
2014-07-02,109553911.0
2014-07-03,122926582.0
2014-07-04,105008792.0
2014-07-07,97168754.0
2014-07-08,95053393.0
2014-07-09,113305841.0
2014-07-10,97943819.0
2014-07-11,105088083.0
2014-07-14,115119740.0
2014-07-15,124488768.0
2014-07-16,137128020.0
2014-07-17,104491812.0
2014-07-18,106641094.0
2014-07-21,93857870.0
2014-07-22,123191868.0
2014-07-23,137292211.0
2014-07-24,165676996.0
2014-07-25,142495826.0
2014-07-28,236185752.0
2014-07-29,200264257.0
2014-07-30,184922187.0
2014-07-31,164691654.0
2014-08-01,191475042.0
2014-08-04,174097403.0
2014-08-05,175386987.0
2014-08-06,177711707.0
2014-08-07,175233274.0
2014-08-08,135181443.0
2014-08-11,150583421.0
2014-08-12,154799046.0
2014-08-13,178062806.0
2014-08-14,170149123.0
2014-08-15,149978691.0
2014-08-18,163928626.0
2014-08-19,177744592.0
2014-08-20,167658383.0
2014-08-21,165733498.0
2014-08-22,160111672.0
2014-08-25,162119578.0
2014-08-26,163507424.0
2014-08-27,120885885.0
2014-08-28,124229014.0
2014-08-29,105202496.0
2014-09-01,129166583.0
2014-09-02,192124869.0
2014-09-03,212478998.0
2014-09-04,199489978.0
2014-09-05,213181917.0
2014-09-09,196990318.0
2014-09-10,189828991.0
2014-09-11,222221798.0
2014-09-12,193471540.0
2014-09-15,215112414.0
2014-09-16,302694111.0
2014-09-17,210842453.0
2014-09-18,189089045.0
2014-09-19,174648487.0
2014-09-22,175842354.0
2014-09-23,156855169.0
2014-09-24,222525725.0
2014-09-25,225688323.0
2014-09-26,174748285.0
2014-09-29,200111021.0
2014-09-30,193918690.0
2014-10-08,204397326.0
2014-10-09,235920010.0
2014-10-10,224671126.0
2014-10-13,200899314.0
2014-10-14,196831418.0
2014-10-15,202804915.0
2014-10-16,248201168.0
2014-10-17,212300962.0
2014-10-20,160022305.0
2014-10-21,168828288.0
2014-10-22,152698425.0
2014-10-23,162636308.0
2014-10-24,132225281.0
2014-10-27,130261568.0
2014-10-28,178590357.0
2014-10-29,265588687.0
2014-10-30,294645943.0
2014-10-31,325763522.0
2014-11-03,298821235.0
2014-11-04,309013039.0
2014-11-05,263606654.0
2014-11-06,222005088.0
2014-11-07,291172245.0
2014-11-10,300628203.0
2014-11-11,411904065.0
2014-11-12,252933852.0
2014-11-13,295037058.0
2014-11-14,220607619.0
2014-11-17,215687800.0
2014-11-18,201062570.0
2014-11-19,186235771.0
2014-11-20,165495213.0
2014-11-21,212239774.0
2014-11-24,363485835.0
2014-11-25,314315572.0
2014-11-26,337127249.0
2014-11-27,364075719.0
2014-11-28,465880035.0
2014-12-01,446791741.0
2014-12-02,437733381.0
2014-12-03,562120281.0
2014-12-04,532687718.0
2014-12-05,640500296.0
2014-12-08,587570890.0
2014-12-09,771998379.0
2014-12-10,512886913.0
2014-12-11,482632733.0
2014-12-12,409480811.0
2014-12-15,400371695.0
2014-12-16,453842723.0
2014-12-17,542503179.0
2014-12-18,435904952.0
2014-12-19,521073511.0
2014-12-22,679371915.0
2014-12-23,437762400.0
2014-12-24,376805246.0
2014-12-25,376947776.0
2014-12-26,460700932.0
2014-12-29,510111439.0
2014-12-30,397725320.0
2014-12-31,405998521.0
2015-01-05,531352391.0
2015-01-06,501661695.0
2015-01-07,391918880.0
2015-01-08,371131170.0
2015-01-09,410240872.0
2015-01-12,322064679.0
2015-01-13,230725754.0
2015-01-14,240190747.0
2015-01-15,282546240.0
2015-01-16,339876753.0
2015-01-19,401098789.0
2015-01-20,357080811.0
2015-01-21,410956024.0
2015-01-22,353382961.0
2015-01-23,366249240.0
2015-01-26,317541007.0
2015-01-27,374517551.0
2015-01-28,301927095.0
2015-01-29,274658613.0
2015-01-30,258312548.0
2015-02-02,250861629.0
2015-02-03,248192164.0
2015-02-04,249098086.0
2015-02-05,306139305.0
2015-02-06,246749666.0
2015-02-09,206108383.0
2015-02-10,193817139.0
2015-02-11,172840094.0
2015-02-12,194592309.0
2015-02-13,261290436.0
2015-02-16,223797429.0
2015-02-17,228332624.0
2015-02-25,233348094.0
2015-02-26,301263875.0
2015-02-27,299163717.0
2015-03-02,346445671.0
2015-03-03,382044619.0
2015-03-04,293639522.0
2015-03-05,320663585.0
2015-03-06,282915791.0
2015-03-09,321495440.0
2015-03-10,285817576.0
2015-03-11,282985535.0
2015-03-12,357295105.0
2015-03-13,328410154.0
2015-03-16,399132430.0
2015-03-17,520939506.0
2015-03-18,545217144.0
2015-03-19,537346614.0
2015-03-20,516661669.0
2015-03-23,536062832.0
2015-03-24,639554669.0
2015-03-25,521886348.0
2015-03-26,488647203.0
2015-03-27,408945165.0
2015-03-30,564702353.0
2015-03-31,561676037.0
2015-04-01,447458319.0
2015-04-02,479299673.0
2015-04-03,473033311.0
2015-04-07,570447535.0
2015-04-08,618085419.0
2015-04-09,585176825.0
2015-04-10,484283619.0
2015-04-13,589814227.0
2015-04-14,610683541.0
2015-04-15,613005812.0
2015-04-16,551242956.0
2015-04-17,701706205.0
2015-04-20,857132807.0
2015-04-21,634470627.0
2015-04-22,680305086.0
2015-04-23,667344661.0
2015-04-24,628554996.0
2015-04-27,671088521.0
2015-04-28,767676416.0
2015-04-29,519834202.0
2015-04-30,526727975.0
2015-05-04,494173398.0
2015-05-05,572858596.0
2015-05-06,481732993.0
2015-05-07,394566653.0
2015-05-08,397428094.0
2015-05-11,488750515.0
2015-05-12,521866408.0
2015-05-13,510490475.0
2015-05-14,449077935.0
2015-05-15,439706198.0
2015-05-18,380057452.0
2015-05-19,436735224.0
2015-05-20,514106223.0
2015-05-21,464996520.0
2015-05-22,655591287.0
2015-05-25,682461391.0
2015-05-26,704892829.0
2015-05-27,681165379.0
2015-05-28,782964592.0
2015-05-29,611262409.0
2015-06-01,593389035.0
2015-06-02,623748099.0
2015-06-03,611453839.0
2015-06-04,674952402.0
2015-06-05,772240812.0
2015-06-08,855035085.0
2015-06-09,729893818.0
2015-06-10,596969001.0
2015-06-11,563990522.0
2015-06-12,625627854.0
2015-06-15,637803984.0
2015-06-16,550801407.0
2015-06-17,537101168.0
2015-06-18,507440899.0
2015-06-19,452689626.0
2015-06-23,473526128.0
2015-06-24,543003709.0
2015-06-25,572797533.0
2015-06-26,565217874.0
2015-06-29,673786349.0
2015-06-30,709176633.0
2015-07-01,598769427.0
2015-07-02,586015612.0
2015-07-03,548163111.0
2015-07-06,831139286.0
2015-07-07,698818688.0
2015-07-08,680356922.0
2015-07-09,656914612.0
2015-07-10,586364255.0
2015-07-13,643489007.0
2015-07-14,670558799.0
2015-07-15,601301324.0
2015-07-16,492256200.0
2015-07-17,481726268.0
2015-07-20,539106714.0
2015-07-21,504288028.0
2015-07-22,520732225.0
2015-07-23,563585966.0
2015-07-24,627424860.0
2015-07-27,556003247.0
2015-07-28,563330042.0
2015-07-29,434352085.0
2015-07-30,457943228.0
2015-07-31,350955745.0
2015-08-03,363968731.0
2015-08-04,362901666.0
2015-08-05,366422979.0
2015-08-06,274074663.0
2015-08-07,340757184.0
2015-08-10,497304319.0
2015-08-11,538923460.0
2015-08-12,442688278.0
2015-08-13,430073303.0
2015-08-14,467988217.0
2015-08-17,460432060.0
2015-08-18,543770822.0
2015-08-19,475396239.0
2015-08-20,390063057.0
2015-08-21,369920479.0
2015-08-24,334671792.0
2015-08-25,352325110.0
2015-08-26,466699663.0
2015-08-27,400308398.0
2015-08-28,443136928.0
2015-08-31,397431382.0
2015-09-01,432432468.0
2015-09-02,438170153.0
2015-09-07,296468114.0
2015-09-08,255415465.0
2015-09-09,375327978.0
2015-09-10,273261759.0
2015-09-11,224557822.0
2015-09-14,346631158.0
2015-09-15,249194445.0
2015-09-16,277524524.0
2015-09-17,317602892.0
2015-09-18,209175398.0
2015-09-21,239897354.0
2015-09-22,274786154.0
2015-09-23,236322670.0
2015-09-24,212887723.0
2015-09-25,236263871.0
2015-09-28,156727530.0
2015-09-29,163222673.0
2015-09-30,146642449.0
2015-10-08,234276050.0
2015-10-09,234851445.0
2015-10-12,386294715.0
2015-10-13,297153133.0
2015-10-14,295077739.0
2015-10-15,316283851.0
2015-10-16,395460575.0
2015-10-19,378112183.0
2015-10-20,318973758.0
2015-10-21,458455428.0
2015-10-22,323739341.0
2015-10-23,347372854.0
2015-10-26,365560853.0
2015-10-27,328172768.0
2015-10-28,293523284.0
2015-10-29,235676026.0
2015-10-30,243595118.0
2015-11-02,230951129.0
2015-11-03,192897428.0
2015-11-04,339078730.0
2015-11-05,553254947.0
2015-11-06,429167033.0
2015-11-09,503016682.0
2015-11-10,429746576.0
2015-11-11,360972651.0
2015-11-12,361717600.0
2015-11-13,345870933.0
2015-11-16,276187057.0
2015-11-17,383575468.0
2015-11-18,297580734.0
2015-11-19,247915576.0
2015-11-20,310801972.0
2015-11-23,315997474.0
2015-11-24,248810524.0
2015-11-25,273024857.0
2015-11-26,306761582.0
2015-11-27,354287525.0
2015-11-30,304197903.0
2015-12-01,252390755.0
2015-12-02,301491480.0
2015-12-03,281111255.0
2015-12-04,251736411.0
2015-12-07,208302579.0
2015-12-08,224367310.0
2015-12-09,195698845.0
2015-12-10,200427517.0
2015-12-11,182908878.0
2015-12-14,215374620.0
2015-12-15,200471341.0
2015-12-16,193482310.0
2015-12-17,283856476.0
2015-12-18,273707904.0
2015-12-21,299849280.0
2015-12-22,261178763.0
2015-12-23,298201801.0
2015-12-24,227785225.0
2015-12-25,198451111.0
2015-12-28,269983278.0
2015-12-29,182551923.0
2015-12-30,187889609.0
2015-12-31,176963659.0
2016-01-04,184418423.0
2016-01-05,266882083.0
2016-01-06,238886670.0
2016-01-07,70569123.0
2016-01-08,286440822.0
2016-01-11,271643691.0
2016-01-12,207659622.0
2016-01-13,194282106.0
2016-01-14,212905644.0
2016-01-15,198721697.0
2016-01-18,164699694.0
2016-01-19,205279703.0
2016-01-20,216505474.0
2016-01-21,191675668.0
2016-01-22,159810734.0
2016-01-25,153039057.0
2016-01-26,210836054.0
2016-01-27,215722046.0
2016-01-28,171120280.0
2016-01-29,186673106.0
2016-02-01,156383744.0
2016-02-02,158078211.0
2016-02-03,148397217.0
2016-02-04,170382018.0
2016-02-05,141186284.0
2016-02-15,129263932.0
2016-02-16,195961614.0
2016-02-17,216909925.0
2016-02-18,219203873.0
2016-02-19,163391413.0
2016-02-22,232176042.0
2016-02-23,199740663.0
2016-02-24,213410384.0
2016-02-25,270284416.0
2016-02-26,191110472.0
2016-02-29,207410709.0
2016-03-01,187207443.0
2016-03-02,270961783.0
2016-03-03,287478210.0
2016-03-04,312495169.0
2016-03-07,217466836.0
2016-03-08,233482661.0
2016-03-09,183355383.0
2016-03-10,138979461.0
2016-03-11,127247554.0
2016-03-14,194816030.0
2016-03-15,163386667.0
2016-03-16,186492535.0
2016-03-17,200290213.0
2016-03-18,313332735.0
2016-03-21,352400438.0
2016-03-22,270377322.0
2016-03-23,216977462.0
2016-03-24,237006403.0
2016-03-25,175074344.0
2016-03-28,202021241.0
2016-03-29,182965345.0
2016-03-30,210371451.0
2016-03-31,220413445.0
2016-04-01,206545866.0
2016-04-05,256730344.0
2016-04-06,232262051.0
2016-04-07,220919506.0
2016-04-08,187904633.0
2016-04-11,220018324.0
2016-04-12,182718668.0
2016-04-13,310003246.0
2016-04-14,208237830.0
2016-04-15,189613051.0
2016-04-18,183304512.0
2016-04-19,156533200.0
2016-04-20,283144219.0
2016-04-21,189406849.0
2016-04-22,137211668.0
2016-04-25,125856243.0
2016-04-26,117711604.0
2016-04-27,130867640.0
2016-04-28,138663274.0
2016-04-29,109310628.0
2016-05-03,168703643.0
2016-05-04,165407106.0
2016-05-05,144831383.0
2016-05-06,206796498.0
2016-05-09,180378330.0
2016-05-10,120829310.0
2016-05-11,135795466.0
2016-05-12,136337655.0
2016-05-13,114319710.0
2016-05-16,114653592.0
2016-05-17,123369064.0
2016-05-18,140487826.0
2016-05-19,111595071.0
2016-05-20,108700899.0
2016-05-23,120470455.0
2016-05-24,111452445.0
2016-05-25,103527265.0
2016-05-26,114766797.0
2016-05-27,109845823.0
2016-05-30,106319589.0
2016-05-31,215260341.0
2016-06-01,188386421.0
2016-06-02,159716916.0
2016-06-03,172021023.0
2016-06-06,141993742.0
2016-06-07,132987867.0
2016-06-08,143046071.0
2016-06-13,169255434.0
2016-06-14,119755274.0
2016-06-15,166671069.0
2016-06-16,173882767.0
2016-06-17,171472517.0
2016-06-20,136571051.0
2016-06-21,164359089.0
2016-06-22,130590424.0
2016-06-23,136137375.0
2016-06-24,190842609.0
2016-06-27,156697472.0
2016-06-28,173871047.0
2016-06-29,193215586.0
2016-06-30,154464930.0
2016-07-01,141246227.0
2016-07-04,222017132.0
2016-07-05,235204450.0
2016-07-06,212370920.0
2016-07-07,222681667.0
2016-07-08,168986859.0
2016-07-11,224338224.0
2016-07-12,259486295.0
2016-07-13,253659384.0
2016-07-14,180194804.0
2016-07-15,172866398.0
2016-07-18,177496562.0
2016-07-19,155361466.0
2016-07-20,138242815.0
2016-07-21,163767370.0
2016-07-22,162010181.0
2016-07-25,144206582.0
2016-07-26,156694506.0
2016-07-27,280160915.0
2016-07-28,190564950.0
2016-07-29,150101534.0
2016-08-01,147407763.0
2016-08-02,115468900.0
2016-08-03,141141332.0
2016-08-04,133933301.0
2016-08-05,141857101.0
2016-08-08,155729833.0
2016-08-09,169995446.0
2016-08-10,164675165.0
2016-08-11,161879481.0
2016-08-12,168173657.0
2016-08-15,297616506.0
2016-08-16,278328934.0
2016-08-17,213839637.0
2016-08-18,229359081.0
2016-08-19,194347453.0
2016-08-22,185387927.0
2016-08-23,161368965.0
2016-08-24,145707440.0
2016-08-25,174032980.0
2016-08-26,149663901.0
2016-08-29,144500007.0
2016-08-30,140434811.0
2016-08-31,141368609.0
2016-09-01,155191093.0
2016-09-02,150446920.0
2016-09-05,144963317.0
2016-09-06,172908524.0
2016-09-07,186956763.0
2016-09-08,145883771.0
2016-09-09,160692924.0
2016-09-12,206012086.0
2016-09-13,135387580.0
2016-09-14,133413401.0
2016-09-19,119225027.0
2016-09-20,118924117.0
2016-09-21,115721213.0
2016-09-22,139309554.0
2016-09-23,125590976.0
2016-09-26,144330286.0
2016-09-27,121701450.0
2016-09-28,104625697.0
2016-09-29,113213919.0
2016-09-30,101333562.0
2016-10-10,160051104.0
2016-10-11,167273496.0
2016-10-12,142493577.0
2016-10-13,154756725.0
2016-10-14,155373705.0
2016-10-17,163733265.0
2016-10-18,182042460.0
2016-10-19,182470143.0
2016-10-20,160691364.0
2016-10-21,187388072.0
2016-10-24,240522349.0
2016-10-25,203380898.0
2016-10-26,191663263.0
2016-10-27,158008789.0
2016-10-28,181774123.0
2016-10-31,151506764.0
2016-11-01,160232032.0
2016-11-02,182722067.0
2016-11-03,222986260.0
2016-11-04,197683197.0
2016-11-07,179418490.0
2016-11-08,190846979.0
2016-11-09,241114958.0
2016-11-10,244192602.0
2016-11-11,310854579.0
2016-11-14,329608313.0
2016-11-15,240886350.0
2016-11-16,221766993.0
2016-11-17,214206240.0
2016-11-18,209826639.0
2016-11-21,230652844.0
2016-11-22,261631547.0
2016-11-23,249959592.0
2016-11-24,232324527.0
2016-11-25,233921601.0
2016-11-28,281551253.0
2016-11-29,320836287.0
2016-11-30,243576053.0
2016-12-01,237759864.0
2016-12-02,259567205.0
2016-12-05,223010394.0
2016-12-06,157572693.0
2016-12-07,169072847.0
2016-12-08,170710173.0
2016-12-09,204023956.0
2016-12-12,274708461.0
2016-12-13,185164495.0
2016-12-14,201358887.0
2016-12-15,189990626.0
2016-12-16,164988699.0
2016-12-19,154169716.0
2016-12-20,157426759.0
2016-12-21,186706607.0
2016-12-22,167804990.0
2016-12-23,166176769.0
2016-12-26,152571881.0
2016-12-27,141528939.0
2016-12-28,135727087.0
2016-12-29,132623292.0
2016-12-30,133267130.0
2017-01-03,141567187.0
2017-01-04,167860850.0
2017-01-05,174727645.0
2017-01-06,183708966.0
2017-01-09,171714075.0
2017-01-10,179759216.0
2017-01-11,178362221.0
2017-01-12,148889240.0
2017-01-13,156274214.0
2017-01-16,257885996.0
2017-01-17,136157861.0
2017-01-18,131780128.0
2017-01-19,123851420.0
2017-01-20,122366777.0
2017-01-23,132660392.0
2017-01-24,125973881.0
2017-01-25,112073827.0
2017-01-26,113876772.0
2017-02-03,92224736.0
2017-02-06,127198283.0
2017-02-07,128337442.0
2017-02-08,144920187.0
2017-02-09,191640327.0
2017-02-10,239348913.0
2017-02-13,220191508.0
2017-02-14,188798088.0
2017-02-15,241507706.0
2017-02-16,216955942.0
2017-02-17,226228177.0
2017-02-20,232152096.0
2017-02-21,211673066.0
2017-02-22,207453776.0
2017-02-23,209179800.0
2017-02-24,186406362.0
2017-02-27,182581071.0
2017-02-28,151244318.0
2017-03-01,190677550.0
2017-03-02,181215076.0
2017-03-03,157082368.0
2017-03-06,156092158.0
2017-03-07,164064235.0
2017-03-08,160731388.0
2017-03-09,167371108.0
2017-03-10,136672743.0
2017-03-13,163673760.0
2017-03-14,146946022.0
2017-03-15,144055682.0
2017-03-16,189416002.0
2017-03-17,200583223.0
2017-03-20,170548430.0
2017-03-21,162719306.0
2017-03-22,189731649.0
2017-03-23,193029144.0
2017-03-24,219777914.0
2017-03-27,201852675.0
2017-03-28,161710013.0
2017-03-29,216105575.0
2017-03-30,247135479.0
2017-03-31,196442922.0
2017-04-05,248320202.0
2017-04-06,245287999.0
2017-04-07,236108942.0
2017-04-10,232694616.0
2017-04-11,281281248.0
2017-04-12,269381790.0
2017-04-13,207346875.0
2017-04-14,214508558.0
2017-04-17,212737189.0
2017-04-18,188661353.0
2017-04-19,213238075.0
2017-04-20,190873985.0
2017-04-21,164761740.0
2017-04-24,186277434.0
2017-04-25,153418307.0
2017-04-26,169878107.0
2017-04-27,211793073.0
2017-04-28,162889899.0
2017-05-02,154222962.0
2017-05-03,163763924.0
2017-05-04,177967485.0
2017-05-05,176213641.0
2017-05-08,180526904.0
2017-05-09,135066674.0
2017-05-10,160794452.0
2017-05-11,191341901.0
2017-05-12,159684099.0
2017-05-15,135660728.0
2017-05-16,173775564.0
2017-05-17,168674158.0
2017-05-18,148620035.0
2017-05-19,129635230.0
2017-05-22,153683730.0
2017-05-23,178310599.0
2017-05-24,139813353.0
2017-05-25,191391841.0
2017-05-26,155923486.0
2017-05-31,152950430.0
2017-06-01,163015719.0
2017-06-02,142504925.0
2017-06-05,132570300.0
2017-06-06,113439963.0
2017-06-07,173229014.0
2017-06-08,152277659.0
2017-06-09,160136334.0
2017-06-12,146729425.0
2017-06-13,128318279.0
2017-06-14,138347042.0
2017-06-15,146954245.0
2017-06-16,129652758.0
2017-06-19,134891758.0
2017-06-20,141191802.0
2017-06-21,136688268.0
2017-06-22,191344006.0
2017-06-23,154843648.0
2017-06-26,173579211.0
2017-06-27,148201198.0
2017-06-28,146516720.0
2017-06-29,128755470.0
2017-06-30,121464543.0
2017-07-03,140305717.0
2017-07-04,141114967.0
2017-07-05,148296483.0
2017-07-06,175809287.0
2017-07-07,176715416.0
2017-07-10,198928010.0
2017-07-11,187837262.0
2017-07-12,186900880.0
2017-07-13,195303611.0
2017-07-14,160126773.0
2017-07-17,266205274.0
2017-07-18,190623060.0
2017-07-19,272420726.0
2017-07-20,232108392.0
2017-07-21,206003251.0
2017-07-24,233056399.0
2017-07-25,205573873.0
2017-07-26,213542005.0
2017-07-27,228485945.0
2017-07-28,182226880.0
2017-07-31,246039440.0
2017-08-01,237194594.0
2017-08-02,266730628.0
2017-08-03,233277004.0
2017-08-04,275906340.0
2017-08-07,231173379.0
2017-08-08,252043537.0
2017-08-09,235597907.0
2017-08-10,240684622.0
2017-08-11,262962995.0
2017-08-14,190346796.0
2017-08-15,182297997.0
2017-08-16,176852051.0
2017-08-17,203622551.0
2017-08-18,191122483.0
2017-08-21,186122483.0
2017-08-22,186537991.0
2017-08-23,179832208.0
2017-08-24,163468937.0
2017-08-25,205839482.0
2017-08-28,257461438.0
2017-08-29,219504535.0
2017-08-30,246863312.0
2017-08-31,234419781.0
2017-09-01,282497584.0
2017-09-04,267427849.0
2017-09-05,216552946.0
2017-09-06,229090785.0
2017-09-07,221118685.0
2017-09-08,198405184.0
2017-09-11,219011019.0
2017-09-12,272910319.0
2017-09-13,194550715.0
2017-09-14,221306487.0
2017-09-15,219765816.0
2017-09-18,190319676.0
2017-09-19,191129691.0
2017-09-20,192196661.0
2017-09-21,197448695.0
2017-09-22,179234007.0
2017-09-25,169621293.0
2017-09-26,132628595.0
2017-09-27,143086945.0
2017-09-28,149444300.0
2017-09-29,144862443.0
2017-10-09,191736057.0
2017-10-10,179423841.0
2017-10-11,181476704.0
2017-10-12,161809380.0
2017-10-13,139954764.0
2017-10-16,174330620.0
2017-10-17,125381725.0
2017-10-18,157228791.0
2017-10-19,158476495.0
2017-10-20,127172851.0
2017-10-23,130846289.0
2017-10-24,139897511.0
2017-10-25,123131222.0
2017-10-26,183768625.0
2017-10-27,170257173.0
2017-10-30,208349286.0
2017-10-31,153498206.0
2017-11-01,180566127.0
2017-11-02,166864267.0
2017-11-03,172714790.0
2017-11-06,154636468.0
2017-11-07,190571746.0
2017-11-08,185436470.0
2017-11-09,158650426.0
2017-11-10,189276503.0
2017-11-13,205389054.0
2017-11-14,196472674.0
2017-11-15,168792076.0
2017-11-16,156684332.0
2017-11-17,249458153.0
2017-11-20,176524683.0
2017-11-21,196871803.0
2017-11-22,213567093.0
2017-11-23,215265393.0
2017-11-24,159569663.0
2017-11-27,166439170.0
2017-11-28,138247799.0
2017-11-29,183805932.0
2017-11-30,156595851.0
2017-12-01,139198300.0
2017-12-04,148053288.0
2017-12-05,208278862.0
2017-12-06,151604452.0
2017-12-07,132105900.0
2017-12-08,133209314.0
2017-12-11,131965984.0
2017-12-12,124604827.0
2017-12-13,111998647.0
2017-12-14,120544235.0
2017-12-15,130940618.0
2017-12-18,120700389.0
2017-12-19,115140134.0
2017-12-20,137745118.0
2017-12-21,142127927.0
2017-12-22,124047326.0
2017-12-25,146893635.0
2017-12-26,142434501.0
2017-12-27,162674890.0
2017-12-28,175371670.0
2017-12-29,141586836.0
2018-01-02,202278860.0
2018-01-03,213836149.0
2018-01-04,206955288.0
2018-01-05,213060681.0
2018-01-08,236165106.0
2018-01-09,191488551.0
2018-01-10,209094997.0
2018-01-11,173812133.0
2018-01-12,174063404.0
2018-01-15,232009283.0
2018-01-16,211475468.0
2018-01-17,261045030.0
2018-01-18,220039555.0
2018-01-19,247536733.0
2018-01-22,217487534.0
2018-01-23,238705904.0
2018-01-24,252954496.0
2018-01-25,243413422.0
2018-01-26,222698295.0
2018-01-29,236026965.0
2018-01-30,186369975.0
2018-01-31,207253403.0
2018-02-01,260504707.0
2018-02-02,208120551.0
2018-02-05,217673754.0
2018-02-06,280555477.0
2018-02-07,260939714.0
2018-02-08,201262499.0
2018-02-09,256389176.0
2018-02-12,153310831.0
2018-02-13,151527597.0
2018-02-14,100322827.0
2018-02-22,138730445.0
2018-02-23,145790368.0
2018-02-26,188568602.0
2018-02-27,174219368.0
2018-02-28,151043536.0
2018-03-01,159098320.0
2018-03-02,150861063.0
2018-03-05,144835988.0
2018-03-06,195358046.0
2018-03-07,168665019.0
2018-03-08,149827519.0
2018-03-09,168424509.0
2018-03-12,206532436.0
2018-03-13,177114353.0
2018-03-14,157491085.0
2018-03-15,148573606.0
2018-03-16,141203647.0
2018-03-19,137954980.0
2018-03-20,139881081.0
2018-03-21,168398277.0
2018-03-22,150432977.0
2018-03-23,275532013.0
2018-03-26,186366350.0
2018-03-27,189073383.0
2018-03-28,163500488.0
2018-03-29,170312384.0
2018-03-30,154646596.0
2018-04-02,177727777.0
2018-04-03,152216674.0
2018-04-04,146976682.0
2018-04-09,139608621.0
2018-04-10,168201359.0
2018-04-11,175867197.0
2018-04-12,148231313.0
2018-04-13,127552310.0
2018-04-16,154415695.0
2018-04-17,147222846.0
2018-04-18,159290503.0
2018-04-19,160056805.0
2018-04-20,155147091.0
2018-04-23,131686340.0
2018-04-24,162274806.0
2018-04-25,127311053.0
2018-04-26,133972736.0
2018-04-27,131225643.0
2018-05-02,134184566.0
2018-05-03,139985620.0
2018-05-04,118711265.0
2018-05-07,138948186.0
2018-05-08,146927061.0
2018-05-09,122637268.0
2018-05-10,133000756.0
2018-05-11,130659749.0
2018-05-14,129327353.0
2018-05-15,124549051.0
2018-05-16,130524968.0
2018-05-17,113995567.0
2018-05-18,136516918.0
2018-05-21,164459413.0
2018-05-22,144292684.0
2018-05-23,157807648.0
2018-05-24,124085800.0
2018-05-25,128610843.0
2018-05-28,128755918.0
2018-05-29,135717800.0
2018-05-30,155115126.0
2018-05-31,140475532.0
2018-06-01,129872199.0
2018-06-04,114593902.0
2018-06-05,118735592.0
2018-06-06,120196135.0
2018-06-07,127784970.0
2018-06-08,134688220.0
2018-06-11,108563786.0
2018-06-12,113275096.0
2018-06-13,119607886.0
2018-06-14,115469487.0
2018-06-15,144532571.0
2018-06-19,230550067.0
2018-06-20,144301420.0
2018-06-21,154378332.0
2018-06-22,126143129.0
2018-06-25,121917687.0
2018-06-26,125918468.0
2018-06-27,129420833.0
2018-06-28,118357907.0
2018-06-29,125671685.0
2018-07-02,137035034.0
2018-07-03,142498466.0
2018-07-04,123262181.0
2018-07-05,129226112.0
2018-07-06,136294380.0
2018-07-09,121549309.0
2018-07-10,117062748.0
2018-07-11,126821149.0
2018-07-12,146980200.0
2018-07-13,117689348.0
2018-07-16,107767151.0
2018-07-17,105409220.0
2018-07-18,120961165.0
2018-07-19,114486493.0
2018-07-20,145907688.0
2018-07-23,173382797.0
2018-07-24,229578307.0
2018-07-25,167800207.0
2018-07-26,168428202.0
2018-07-27,146371610.0
2018-07-30,151652249.0
2018-07-31,118931117.0
2018-08-01,149514348.0
2018-08-02,174179003.0
2018-08-03,127006363.0
2018-08-06,129753058.0
2018-08-07,149579743.0
2018-08-08,147688715.0
2018-08-09,151660333.0
2018-08-10,121532232.0
2018-08-13,127532241.0
2018-08-14,109571077.0
2018-08-15,116161787.0
2018-08-16,120277878.0
2018-08-17,112445294.0
2018-08-20,110784164.0
2018-08-21,113586839.0
2018-08-22,93664640.0
2018-08-23,98446470.0
2018-08-24,100516269.0
2018-08-27,132762578.0
2018-08-28,118749367.0
2018-08-29,100156929.0
2018-08-30,106060943.0
2018-08-31,109758742.0
2018-09-03,102213011.0
2018-09-04,109010307.0
2018-09-05,105002269.0
2018-09-06,99017833.0
2018-09-07,107523293.0
2018-09-10,103559170.0
2018-09-11,99865946.0
2018-09-12,90026758.0
2018-09-13,107335014.0
2018-09-14,100005008.0
2018-09-17,88238888.0
2018-09-18,115767993.0
2018-09-19,141550318.0
2018-09-20,111387463.0
2018-09-21,158016642.0
2018-09-25,111983179.0
2018-09-26,139567706.0
2018-09-27,123997696.0
2018-09-28,134290456.0
2018-10-08,149501388.0
2018-10-09,116771899.0
2018-10-10,113485736.0
2018-10-11,197150702.0
2018-10-12,170081635.0
2018-10-15,118576197.0
2018-10-16,119419144.0
2018-10-17,129953997.0
2018-10-18,125428513.0
2018-10-19,147323558.0
2018-10-22,211888449.0
2018-10-23,178343543.0
2018-10-24,160060407.0
2018-10-25,162032979.0
2018-10-26,158936119.0
2018-10-29,134241923.0
2018-10-30,166682309.0
2018-10-31,180550348.0
2018-11-01,200903932.0
2018-11-02,225026921.0
2018-11-05,193760100.0
2018-11-06,163669479.0
2018-11-07,173201986.0
2018-11-08,159635487.0
2018-11-09,152446307.0
2018-11-12,175031308.0
2018-11-13,249282447.0
2018-11-14,238449351.0
2018-11-15,207848721.0
2018-11-16,242198849.0
2018-11-19,231662827.0
2018-11-20,215891309.0
2018-11-21,182596447.0
2018-11-22,149309063.0
2018-11-23,191474549.0
2018-11-26,134314540.0
2018-11-27,123658436.0
2018-11-28,145963473.0
2018-11-29,157168738.0
2018-11-30,139329021.0
2018-12-03,207478955.0
2018-12-04,167940558.0
2018-12-05,154502056.0
2018-12-06,141661650.0
2018-12-07,109074993.0
2018-12-10,113199669.0
2018-12-11,101304364.0
2018-12-12,103518301.0
2018-12-13,150738115.0
2018-12-14,145942488.0
2018-12-17,117363250.0
2018-12-18,117033370.0
2018-12-19,107661797.0
2018-12-20,120566496.0
2018-12-21,115671200.0
2018-12-24,97339852.0
2018-12-25,140670560.0
2018-12-26,108799629.0
2018-12-27,135406843.0
2018-12-28,119245250.0
2019-01-02,109932013.0
2019-01-03,124397497.0
2019-01-04,168877667.0
2019-01-07,177305010.0
2019-01-08,158099181.0
2019-01-09,191887930.0
2019-01-10,159874326.0
2019-01-11,149444100.0
2019-01-14,144825464.0
2019-01-15,160265530.0
2019-01-16,149301539.0
2019-01-17,162468134.0
2019-01-18,190767237.0
2019-01-21,163425115.0
2019-01-22,152537773.0
2019-01-23,131426798.0
2019-01-24,154042046.0
2019-01-25,159394026.0
2019-01-28,146981765.0
2019-01-29,155581112.0
2019-01-30,120502571.0
2019-01-31,154303869.0
2019-02-01,131986850.0
2019-02-11,154898858.0
2019-02-12,184101179.0
2019-02-13,243794010.0
2019-02-14,197037349.0
2019-02-15,196004265.0
2019-02-18,260436007.0
2019-02-19,288046271.0
2019-02-20,245972527.0
2019-02-21,298649969.0
2019-02-22,301481411.0
2019-02-25,528658590.0
2019-02-26,565557967.0
2019-02-27,474976453.0
2019-02-28,350206602.0
2019-03-01,345786200.0
2019-03-04,525649436.0
2019-03-05,424142529.0
2019-03-06,555006365.0
2019-03-07,583817065.0
2019-03-08,577855473.0
2019-03-11,426213029.0
2019-03-12,511173158.0
2019-03-13,453214625.0
2019-03-14,373141798.0
2019-03-15,341206139.0
2019-03-18,397797179.0
2019-03-19,350908860.0
2019-03-20,358557505.0
2019-03-21,414251182.0
2019-03-22,364848346.0
2019-03-25,380278762.0
2019-03-26,353498021.0
2019-03-27,291390357.0
2019-03-28,288106425.0
2019-03-29,375082991.0
2019-04-01,466124693.0
2019-04-02,447068981.0
2019-04-03,430548635.0
2019-04-04,469117669.0
2019-04-08,504518403.0
2019-04-09,364169997.0
2019-04-10,380134408.0
2019-04-11,353031879.0
2019-04-12,289788996.0
2019-04-15,348809785.0
2019-04-16,357918752.0
2019-04-17,357541796.0
2019-04-18,325539942.0
2019-04-19,315198004.0
2019-04-22,353217387.0
2019-04-23,328361207.0
2019-04-24,274872164.0
2019-04-25,325879129.0
2019-04-26,280873854.0
2019-04-29,292114886.0
2019-04-30,222302517.0
2019-05-06,326972269.0
2019-05-07,253281769.0
2019-05-08,231530519.0
2019-05-09,200041133.0
2019-05-10,282306808.0
2019-05-13,212029882.0
2019-05-14,208345353.0
2019-05-15,230519701.0
2019-05-16,248385701.0
2019-05-17,266301643.0
2019-05-20,209472442.0
2019-05-21,211387022.0
2019-05-22,200026905.0
2019-05-23,197340309.0
2019-05-24,167205490.0
2019-05-27,196720902.0
2019-05-28,223310557.0
2019-05-29,198958821.0
2019-05-30,205758789.0
2019-05-31,195230580.0
2019-06-03,215943554.0
2019-06-04,188463541.0
2019-06-05,181561047.0
2019-06-06,177064411.0
2019-06-10,166585918.0
2019-06-11,260525796.0
2019-06-12,240255775.0
2019-06-13,212957791.0
2019-06-14,215435796.0
2019-06-17,153964960.0
2019-06-18,147705320.0
2019-06-19,230756973.0
2019-06-20,291011537.0
2019-06-21,286973835.0
2019-06-24,210493894.0
2019-06-25,243699244.0
2019-06-26,174449533.0
2019-06-27,195397049.0
2019-06-28,181431523.0
2019-07-01,250840433.0
2019-07-02,214520624.0
2019-07-03,212296173.0
2019-07-04,194415133.0
2019-07-05,156755429.0
2019-07-08,211541268.0
2019-07-09,145110604.0
2019-07-10,135483538.0
2019-07-11,143692522.0
2019-07-12,137794759.0
2019-07-15,167643397.0
2019-07-16,131811751.0
2019-07-17,149631616.0
2019-07-18,149888828.0
2019-07-19,149469553.0
2019-07-22,180674960.0
2019-07-23,129310508.0
2019-07-24,155245762.0
2019-07-25,145684385.0
2019-07-26,139343388.0
2019-07-29,127991846.0
2019-07-30,148316462.0
2019-07-31,141052348.0
2019-08-01,142389813.0
2019-08-02,184888443.0
2019-08-05,167419423.0
2019-08-06,231123727.0
2019-08-07,157716752.0
2019-08-08,149539564.0
2019-08-09,148240293.0
2019-08-12,131563433.0
2019-08-13,130916505.0
2019-08-14,144014641.0
2019-08-15,152772152.0
2019-08-16,148582344.0
2019-08-19,214546668.0
2019-08-20,189677206.0
2019-08-21,159019665.0
2019-08-22,149206215.0
2019-08-23,159156826.0
2019-08-26,169895363.0
2019-08-27,208141794.0
2019-08-28,183097903.0
2019-08-29,178613082.0
2019-08-30,193959951.0
2019-09-02,202786807.0
2019-09-03,189001216.0
2019-09-04,225495907.0
2019-09-05,305438706.0
2019-09-06,216826035.0
2019-09-09,243377752.0
2019-09-10,240012947.0
2019-09-11,229837362.0
2019-09-12,196968701.0
2019-09-16,221878959.0
2019-09-17,223338061.0
2019-09-18,168046699.0
2019-09-19,162690615.0
2019-09-20,182145302.0
2019-09-23,168139450.0
2019-09-24,163902761.0
2019-09-25,168543135.0
2019-09-26,188932541.0
2019-09-27,132905777.0
2019-09-30,116646811.0
2019-10-08,125535812.0
2019-10-09,130424144.0
2019-10-10,134239752.0
2019-10-11,161203746.0
2019-10-14,208614802.0
2019-10-15,155376904.0
2019-10-16,149885496.0
2019-10-17,122527614.0
2019-10-18,149990678.0
2019-10-21,132475107.0
2019-10-22,117482048.0
2019-10-23,123812881.0
2019-10-24,126540290.0
2019-10-25,136860706.0
2019-10-28,173731481.0
2019-10-29,166110058.0
2019-10-30,158798110.0
2019-10-31,161571483.0
2019-11-01,159907373.0
2019-11-04,167248364.0
2019-11-05,179891593.0
2019-11-06,165263547.0
2019-11-07,136952678.0
2019-11-08,149742107.0
2019-11-11,157916105.0
2019-11-12,129729154.0
2019-11-13,129765841.0
2019-11-14,129145448.0
2019-11-15,135519463.0
2019-11-18,124433177.0
2019-11-19,135417604.0
2019-11-20,137357530.0
2019-11-21,123458607.0
2019-11-22,158623365.0
2019-11-25,178587429.0
2019-11-26,170004663.0
2019-11-27,133862205.0
2019-11-28,119522468.0
2019-11-29,122612968.0
2019-12-02,128755806.0
2019-12-03,123778742.0
2019-12-04,125543653.0
2019-12-05,143163096.0
2019-12-06,134128878.0
2019-12-09,160796527.0
2019-12-10,170123998.0
2019-12-11,165541087.0
2019-12-12,151760804.0
2019-12-13,211978585.0
2019-12-16,211862119.0
2019-12-17,293032254.0
2019-12-18,244089691.0
2019-12-19,208624264.0
2019-12-20,215075755.0
2019-12-23,205716617.0
2019-12-24,163030250.0
2019-12-25,175654028.0
2019-12-26,182440426.0
2019-12-27,247102779.0
2019-12-30,248066530.0
2019-12-31,217429022.0
2020-01-02,292470208.0
2020-01-03,261496667.0
2020-01-06,312575842.0
2020-01-07,276583111.0
2020-01-08,297872553.0
2020-01-09,243435649.0
2020-01-10,210442462.0
2020-01-13,210621004.0
2020-01-14,229973769.0
2020-01-15,202313023.0
2020-01-16,203375475.0
2020-01-17,190304299.0
2020-01-20,210493341.0
2020-01-21,234830739.0
2020-01-22,223852865.0
2020-01-23,272763234.0
2020-02-03,215912103.0
2020-02-04,364046200.0
2020-02-05,309761823.0
2020-02-06,316392142.0
2020-02-07,309479642.0
2020-02-10,294929784.0
2020-02-11,269168335.0
2020-02-12,248733429.0
2020-02-13,274804844.0
2020-02-14,250650627.0
2020-02-17,313198007.0
2020-02-18,311665913.0
2020-02-19,315141151.0
2020-02-20,345732881.0
2020-02-21,364557276.0
2020-02-24,370430044.0
2020-02-25,441622762.0
2020-02-26,469049552.0
2020-02-27,350523658.0
2020-02-28,401216914.0
2020-03-02,367333369.0
2020-03-03,410108047.0
2020-03-04,353338278.0
2020-03-05,445425806.0
2020-03-06,362061533.0
2020-03-09,414560736.0
2020-03-10,393296648.0
2020-03-11,352470970.0
2020-03-12,307778457.0
2020-03-13,366450436.0
2020-03-16,351878665.0
2020-03-17,306149677.0
2020-03-18,291159852.0
2020-03-19,302302747.0
2020-03-20,252019507.0
2020-03-23,249820250.0
2020-03-24,257021930.0
2020-03-25,273144466.0
2020-03-26,234084022.0
2020-03-27,240764066.0
2020-03-30,239706604.0
2020-03-31,218598674.0
2020-04-01,217253427.0
2020-04-02,217864600.0
2020-04-03,200837404.0
2020-04-07,270198186.0
2020-04-08,243515305.0
2020-04-09,238184843.0
2020-04-10,233454768.0
2020-04-13,177124554.0
2020-04-14,202696569.0
2020-04-15,205621146.0
2020-04-16,203003773.0
2020-04-17,245736750.0
2020-04-20,211847078.0
2020-04-21,233235870.0
2020-04-22,217320000.0
2020-04-23,248779037.0
2020-04-24,235185076.0
2020-04-27,210130981.0
2020-04-28,253872745.0
2020-04-29,202061807.0
2020-04-30,242455278.0
2020-05-06,249826616.0
2020-05-07,226736957.0
2020-05-08,226822075.0
2020-05-11,225120410.0
2020-05-12,197082985.0
2020-05-13,185061310.0
2020-05-14,197776202.0
2020-05-15,188983592.0
2020-05-18,226022882.0
2020-05-19,197222405.0
2020-05-20,210519985.0
2020-05-21,203532038.0
2020-05-22,209063712.0
2020-05-25,172885557.0
2020-05-26,174562369.0
2020-05-27,198149343.0
2020-05-28,207546019.0
2020-05-29,206792804.0
2020-06-01,260196050.0
2020-06-02,256108049.0
2020-06-03,255663980.0
2020-06-04,226605873.0
2020-06-05,217360673.0
2020-06-08,231124360.0
2020-06-09,209048585.0
2020-06-10,207925969.0
2020-06-11,233722947.0
2020-06-12,236008642.0
2020-06-15,243205046.0
2020-06-16,223313065.0
2020-06-17,234654391.0
2020-06-18,258691377.0
2020-06-19,264313961.0
2020-06-22,267883834.0
2020-06-23,225212208.0
2020-06-24,213200732.0
2020-06-29,220622729.0
2020-06-30,214957214.0
2020-07-01,273313140.0
2020-07-02,391127996.0
2020-07-03,458793851.0
2020-07-06,643878906.0
2020-07-07,657840159.0
2020-07-08,587081685.0
2020-07-09,620001823.0
2020-07-10,556120011.0
2020-07-13,558006875.0
2020-07-14,543211492.0
2020-07-15,492030542.0
2020-07-16,490613123.0
2020-07-17,359652413.0
2020-07-20,418555306.0
2020-07-21,359252029.0
2020-07-22,393335335.0
2020-07-23,407042499.0
2020-07-24,427054026.0
2020-07-27,299319021.0
2020-07-28,289377861.0
2020-07-29,324924062.0
2020-07-30,340704121.0
2020-07-31,353758979.0
2020-08-03,407460867.0
2020-08-04,442328551.0
2020-08-05,385823027.0
2020-08-06,415302510.0
2020-08-07,403929633.0
2020-08-10,381379630.0
2020-08-11,400452706.0
2020-08-12,378328959.0
2020-08-13,324291278.0
2020-08-14,305998376.0
2020-08-17,434598260.0
2020-08-18,380729275.0
2020-08-19,405722214.0
2020-08-20,335600982.0
2020-08-21,287488340.0
2020-08-24,266227841.0
2020-08-25,277113421.0
2020-08-26,294451036.0
2020-08-27,237099353.0
2020-08-28,271325549.0
2020-08-31,323473890.0
2020-09-01,246999249.0
2020-09-02,261546319.0
2020-09-03,255346279.0
2020-09-04,221636550.0
2020-09-07,260616567.0
2020-09-08,271066278.0
2020-09-09,351509747.0
2020-09-10,312472804.0
2020-09-11,221698830.0
2020-09-14,213924137.0
2020-09-15,197684400.0
2020-09-16,200443364.0
2020-09-17,202931972.0
2020-09-18,256260788.0
2020-09-21,216503093.0
2020-09-22,214015065.0
2020-09-23,169178068.0
2020-09-24,206736011.0
2020-09-25,164822419.0
2020-09-28,155982783.0
2020-09-29,151349870.0
2020-09-30,153504457.0
2020-10-09,188325648.0
2020-10-12,259622408.0
2020-10-13,204926103.0
2020-10-14,198659382.0
2020-10-15,191031282.0
2020-10-16,194295421.0
2020-10-19,212303540.0
2020-10-20,165084762.0
2020-10-21,177632115.0
2020-10-22,165949987.0
2020-10-23,174208982.0
2020-10-26,167731795.0
2020-10-27,149115566.0
2020-10-28,173181965.0
2020-10-29,184703589.0
2020-10-30,230188803.0
2020-11-02,226779137.0
2020-11-03,215297864.0
2020-11-04,188514128.0
2020-11-05,226801462.0
2020-11-06,234864132.0
2020-11-09,310219771.0
2020-11-10,278701113.0
2020-11-11,271204653.0
2020-11-12,216501309.0
2020-11-13,227898364.0
2020-11-16,279593761.0
2020-11-17,283632479.0
2020-11-18,287531259.0
2020-11-19,253262992.0
2020-11-20,261271219.0
2020-11-23,373872047.0
2020-11-24,300994144.0
2020-11-25,322110207.0
2020-11-26,255886822.0
2020-11-27,280649894.0
2020-11-30,384989968.0
2020-12-01,316188980.0
2020-12-02,312811114.0
2020-12-03,298459930.0
2020-12-04,256276705.0
2020-12-07,254522508.0
2020-12-08,226907328.0
2020-12-09,260747424.0
2020-12-10,247308304.0
2020-12-11,298617158.0
2020-12-14,239807926.0
2020-12-15,225667402.0
2020-12-16,220813976.0
2020-12-17,275463631.0
2020-12-18,280992641.0
2020-12-21,283759794.0
2020-12-22,323037654.0
2020-12-23,299523527.0
2020-12-24,275044450.0
2020-12-25,294546895.0
2020-12-28,316181542.0
2020-12-29,311769185.0
2020-12-30,291023543.0
2020-12-31,335673926.0
2021-01-04,380790800.0
2021-01-05,407995934.0
2021-01-06,370230926.0
2021-01-07,405348226.0
2021-01-08,345557896.0
2021-01-11,362479154.0
2021-01-12,323406153.0
2021-01-13,388127791.0
2021-01-14,347666819.0
2021-01-15,324612744.0
2021-01-18,301652565.0
2021-01-19,323439541.0
2021-01-20,272271661.0
2021-01-21,327466995.0
2021-01-22,324463084.0
2021-01-25,327341070.0
2021-01-26,278139884.0
2021-01-27,264107161.0
2021-01-28,270862461.0
2021-01-29,293662664.0
2021-02-01,277567901.0
2021-02-02,264540630.0
2021-02-03,297351716.0
2021-02-04,298834854.0
2021-02-05,290146174.0
2021-02-08,249799619.0
2021-02-09,253821760.0
2021-02-10,257940824.0
2021-02-18,340309065.0
2021-02-19,361059804.0
2021-02-22,488821478.0
2021-02-23,398873174.0
2021-02-24,362158952.0
2021-02-25,366232299.0
2021-02-26,333280067.0
2021-03-01,315487526.0
2021-03-02,339830486.0
2021-03-03,347656846.0
2021-03-04,393616120.0
2021-03-05,356409223.0
2021-03-08,387047954.0
2021-03-09,407652539.0
2021-03-10,299749166.0
2021-03-11,322112044.0
2021-03-12,358027035.0
2021-03-15,367813293.0
2021-03-16,316668747.0
2021-03-17,280059818.0
2021-03-18,284403891.0
2021-03-19,309161716.0
2021-03-22,312559084.0
2021-03-23,326389409.0
2021-03-24,317398697.0
2021-03-25,270676097.0
2021-03-26,274614987.0
2021-03-29,284824243.0
2021-03-30,285423081.0
2021-03-31,283049261.0
2021-04-01,275244295.0
2021-04-02,262654873.0
2021-04-06,234746671.0
2021-04-07,295786978.0
2021-04-08,331755329.0
2021-04-09,280085196.0
2021-04-12,309577239.0
2021-04-13,270626054.0
2021-04-14,233242327.0
2021-04-15,234005054.0
2021-04-16,258579672.0
2021-04-19,302735819.0
2021-04-20,285300082.0
2021-04-21,253777859.0
2021-04-22,251114510.0
2021-04-23,249360433.0
2021-04-26,276970771.0
2021-04-27,253032393.0
2021-04-28,247381120.0
2021-04-29,276631387.0
2021-04-30,312660354.0
2021-05-06,310424192.0
2021-05-07,353785389.0
2021-05-10,374170884.0
2021-05-11,350934112.0
2021-05-12,311444547.0
2021-05-13,319325327.0
2021-05-14,336982309.0
2021-05-17,322135969.0
2021-05-18,271308558.0
2021-05-19,278321117.0
2021-05-20,326009333.0
2021-05-21,283826285.0
2021-05-24,289509242.0
2021-05-25,341241127.0
2021-05-26,341980288.0
2021-05-27,309551486.0
2021-05-28,349208830.0
2021-05-31,331523770.0
2021-06-01,352811413.0
2021-06-02,348558420.0
2021-06-03,354233031.0
2021-06-04,330893038.0
2021-06-07,303718677.0
2021-06-08,304491470.0
2021-06-09,298323296.0
2021-06-10,318174808.0
2021-06-11,360554970.0
2021-06-15,349168566.0
2021-06-16,312597306.0
2021-06-17,277229918.0
2021-06-18,296708585.0
2021-06-21,280898277.0
2021-06-22,307536399.0
2021-06-23,310709518.0
2021-06-24,335440754.0
2021-06-25,346087832.0
2021-06-28,321274974.0
2021-06-29,306071178.0
2021-06-30,268162818.0
2021-07-01,291883192.0
2021-07-02,291945548.0
2021-07-05,288094837.0
2021-07-06,314070211.0
2021-07-07,318839189.0
2021-07-08,350877857.0
2021-07-09,349884317.0
2021-07-12,403639558.0
2021-07-13,362416711.0
2021-07-14,372221722.0
2021-07-15,363259164.0
2021-07-16,366014779.0
2021-07-19,336760946.0
2021-07-20,293780594.0
2021-07-21,338978748.0
2021-07-22,381067054.0
2021-07-23,446421246.0
2021-07-26,442882203.0
2021-07-27,469075443.0
2021-07-28,395825419.0
2021-07-29,344569428.0
2021-07-30,381440956.0
2021-08-02,432927871.0
2021-08-03,400698081.0
2021-08-04,348744218.0
2021-08-05,348436922.0
2021-08-06,336824400.0
2021-08-09,349910094.0
2021-08-10,345112992.0
2021-08-11,383783554.0
2021-08-12,381074593.0
2021-08-13,378187282.0
2021-08-16,391099721.0
2021-08-17,422885804.0
2021-08-18,389203756.0
2021-08-19,382383031.0
2021-08-20,391136918.0
2021-08-23,384727440.0
2021-08-24,430236463.0
2021-08-25,450047019.0
2021-08-26,502903147.0
2021-08-27,455345906.0
2021-08-30,512785716.0
2021-08-31,524205056.0
2021-09-01,667276305.0
2021-09-02,572684039.0
2021-09-03,614532353.0
2021-09-06,521713276.0
2021-09-07,547721875.0
2021-09-08,586436193.0
2021-09-09,604810330.0
2021-09-10,635200433.0
2021-09-13,557484019.0
2021-09-14,564952386.0
2021-09-15,474970001.0
2021-09-16,546741474.0
2021-09-17,516850210.0
2021-09-22,472296053.0
2021-09-23,534995486.0
2021-09-24,507304772.0
2021-09-27,510802795.0
2021-09-28,444168807.0
2021-09-29,452511151.0
2021-09-30,395629626.0
2021-10-08,407161148.0
2021-10-11,394361159.0
2021-10-12,405393748.0
2021-10-13,325050667.0
2021-10-14,294969196.0
2021-10-15,320292984.0
2021-10-18,340950616.0
2021-10-19,334197652.0
2021-10-20,344245008.0
2021-10-21,352310867.0
2021-10-22,353157203.0
2021-10-25,321196816.0
2021-10-26,337278291.0
2021-10-27,350620940.0
2021-10-28,378171666.0
2021-10-29,358809377.0
2021-11-01,382251325.0
2021-11-02,417563173.0
2021-11-03,306607669.0
2021-11-04,319440829.0
2021-11-05,354533565.0
2021-11-08,298183722.0
2021-11-09,287315989.0
2021-11-10,307030708.0
2021-11-11,322087957.0
2021-11-12,308683354.0
2021-11-15,313017612.0
2021-11-16,310399909.0
2021-11-17,276735671.0
2021-11-18,312426927.0
2021-11-19,317989976.0
2021-11-22,330009385.0
2021-11-23,360011593.0
2021-11-24,336775246.0
2021-11-25,306451518.0
2021-11-26,301000066.0
2021-11-29,333618331.0
2021-11-30,349187938.0
2021-12-01,329873517.0
2021-12-02,354041524.0
2021-12-03,377551048.0
2021-12-06,418676743.0
2021-12-07,403842594.0
2021-12-08,361036657.0
2021-12-09,431918157.0
2021-12-10,419988801.0
2021-12-13,424092009.0
2021-12-14,362171934.0
2021-12-15,377477667.0
2021-12-16,381329507.0
2021-12-17,408487837.0
2021-12-20,423851410.0
2021-12-21,408184348.0
2021-12-22,394825177.0
2021-12-23,382925734.0
2021-12-24,390347625.0
2021-12-27,329235293.0
2021-12-28,316202242.0
2021-12-29,305131766.0
2021-12-30,307839291.0
2021-12-31,329681932.0
2022-01-04,405027769.0
2022-01-05,423902028.0
2022-01-06,371540543.0
2022-01-07,436306961.0
2022-01-10,356222610.0
2022-01-11,359761863.0
2022-01-12,343132956.0
2022-01-13,369368365.0
2022-01-14,376937024.0
2022-01-17,312886733.0
2022-01-18,377146435.0
2022-01-19,333235269.0
2022-01-20,379509846.0
2022-01-21,326534880.0
2022-01-24,280268342.0
2022-01-25,327353813.0
2022-01-26,275122828.0
2022-01-27,280606534.0
2022-01-28,290855257.0
2022-02-07,320485211.0
2022-02-08,366093865.0
2022-02-09,350249936.0
2022-02-10,355666267.0
2022-02-11,361356090.0
2022-02-14,315274448.0
2022-02-15,275559322.0
2022-02-16,274993913.0
2022-02-17,297262682.0
2022-02-18,295149963.0
2022-02-21,301541740.0
2022-02-22,326279484.0
2022-02-23,325604895.0
2022-02-24,488354901.0
2022-02-25,377542556.0
2022-02-28,345838388.0
2022-03-01,326001662.0
2022-03-02,329367684.0
2022-03-03,412594289.0
2022-03-04,393526581.0
2022-03-07,393588999.0
2022-03-08,415926766.0
2022-03-09,466285569.0
2022-03-10,378336376.0
2022-03-11,384067127.0
2022-03-14,337968687.0
2022-03-15,465037164.0
2022-03-16,444667189.0
2022-03-17,420813458.0
2022-03-18,373035611.0
2022-03-21,354228488.0
2022-03-22,361196158.0
2022-03-23,349875370.0
2022-03-24,329006654.0
2022-03-25,340020006.0
2022-03-28,344994873.0
2022-03-29,316273649.0
2022-03-30,366753677.0
2022-03-31,398439934.0
2022-04-01,378210460.0
2022-04-06,429642779.0
2022-04-07,402626660.0
2022-04-08,413826799.0
2022-04-11,424160185.0
2022-04-12,418321923.0
2022-04-13,391156925.0
2022-04-14,371242344.0
2022-04-15,407842082.0
2022-04-18,347365123.0
2022-04-19,339944104.0
2022-04-20,362047037.0
2022-04-21,391934694.0
2022-04-22,342000563.0
2022-04-25,433606108.0
2022-04-26,401615154.0
2022-04-27,423060191.0
2022-04-28,375371775.0
2022-04-29,423932794.0
2022-05-05,383072875.0
2022-05-06,343264218.0
2022-05-09,292061556.0
2022-05-10,370660980.0
2022-05-11,423991912.0
2022-05-12,344440477.0
2022-05-13,331737852.0
2022-05-16,338108492.0
2022-05-17,330356537.0
2022-05-18,315037923.0
2022-05-19,336600749.0
2022-05-20,372336636.0
2022-05-23,353376325.0
2022-05-24,416312158.0
2022-05-25,342259227.0
2022-05-26,370305518.0
2022-05-27,359463866.0
2022-05-30,349362285.0
2022-05-31,374523265.0
2022-06-01,365664432.0
2022-06-02,361770632.0
2022-06-06,422027835.0
2022-06-07,402203220.0
2022-06-08,434183270.0
2022-06-09,422728372.0
2022-06-10,439865730.0
2022-06-13,438578312.0
2022-06-14,450388187.0
2022-06-15,550584131.0
2022-06-16,433220868.0
2022-06-17,395300700.0
2022-06-20,413460410.0
2022-06-21,394456891.0
2022-06-22,375529782.0
2022-06-23,400614211.0
2022-06-24,390819734.0
2022-06-27,414117738.0
2022-06-28,412056516.0
2022-06-29,440573559.0
2022-06-30,381243178.0
2022-07-01,350489299.0
2022-07-04,357737919.0
2022-07-05,411699672.0
2022-07-06,384630047.0
2022-07-07,334400202.0
2022-07-08,322921072.0
2022-07-11,342669193.0
2022-07-12,334600539.0
2022-07-13,331845669.0
2022-07-14,355926432.0
2022-07-15,380156371.0
2022-07-18,348346022.0
2022-07-19,315651918.0
2022-07-20,301515123.0
2022-07-21,332358707.0
2022-07-22,300690066.0
2022-07-25,271245744.0
2022-07-26,259468676.0
2022-07-27,249131485.0
2022-07-28,288055056.0
2022-07-29,307331047.0
2022-08-01,292204805.0
2022-08-02,394176168.0
2022-08-03,324885673.0
2022-08-04,260898943.0
2022-08-05,274683729.0
2022-08-08,254268050.0
2022-08-09,259605467.0
2022-08-10,257583592.0
2022-08-11,300605376.0
2022-08-12,299932928.0
2022-08-15,287106773.0
2022-08-16,303592274.0
2022-08-17,326124759.0
2022-08-18,301694778.0
2022-08-19,333535471.0
2022-08-22,314537869.0
2022-08-23,316566356.0
2022-08-24,366140577.0
2022-08-25,336196165.0
2022-08-26,309927554.0
2022-08-29,297015097.0
2022-08-30,294318914.0
2022-08-31,344408829.0
2022-09-01,274660541.0
2022-09-02,250456911.0
2022-09-05,280675633.0
2022-09-06,318869689.0
2022-09-07,301014466.0
2022-09-08,281680358.0
2022-09-09,283827665.0
2022-09-13,276189823.0
2022-09-14,255193365.0
2022-09-15,325206121.0
2022-09-16,316475893.0
2022-09-19,249113662.0
2022-09-20,219942534.0
2022-09-21,232972496.0
2022-09-22,221140689.0
2022-09-23,243057719.0
2022-09-26,262698628.0
2022-09-27,232735303.0
2022-09-28,230098650.0
2022-09-29,230030416.0
2022-09-30,204115336.0
2022-10-10,243404828.0
2022-10-11,208635950.0
2022-10-12,248013557.0
2022-10-13,249683281.0
2022-10-14,277304061.0
2022-10-17,262608618.0
2022-10-18,245634757.0
2022-10-19,230895310.0
2022-10-20,244736145.0
2022-10-21,245254122.0
2022-10-24,298085356.0
2022-10-25,255554160.0
2022-10-26,268689492.0
2022-10-27,265608254.0
2022-10-28,292531308.0
2022-10-31,301994203.0
2022-11-01,319809578.0
2022-11-02,325078248.0
2022-11-03,259348567.0
2022-11-04,329806740.0
2022-11-07,320567097.0
2022-11-08,256522007.0
2022-11-09,235637324.0
2022-11-10,270371798.0
2022-11-11,409604534.0
2022-11-14,361788216.0
2022-11-15,331470577.0
2022-11-16,303429844.0
2022-11-17,287028407.0
2022-11-18,299954276.0
2022-11-21,256045549.0
2022-11-22,327565927.0
2022-11-23,326155449.0
2022-11-24,267482928.0
2022-11-25,311431979.0
2022-11-28,305811284.0
2022-11-29,391449748.0
2022-11-30,372718321.0
2022-12-01,387013056.0
2022-12-02,307812484.0
2022-12-05,447398437.0
2022-12-06,373590296.0
2022-12-07,354113078.0
2022-12-08,320969294.0
2022-12-09,373343209.0
2022-12-12,333381792.0
2022-12-13,285821200.0
2022-12-14,265623569.0
2022-12-15,243023333.0
2022-12-16,259771795.0
2022-12-19,278513541.0
2022-12-20,218836766.0
2022-12-21,189067920.0
2022-12-22,223639537.0
2022-12-23,192020305.0
2022-12-26,206503893.0
2022-12-27,222218322.0
2022-12-28,224554151.0
2022-12-29,215570676.0
2022-12-30,217545344.0
2023-01-03,281370362.0
2023-01-04,273313626.0
2023-01-05,257003018.0
2023-01-06,257380255.0
2023-01-09,258115218.0
2023-01-10,232984175.0
2023-01-11,237742869.0
2023-01-12,216671305.0
2023-01-13,220226897.0
2023-01-16,306749549.0
2023-01-17,226592230.0
2023-01-18,212109730.0
2023-01-19,226465030.0
2023-01-20,273219182.0
2023-01-30,353325829.0
2023-01-31,300162957.0
2023-02-01,339509410.0
2023-02-02,333413133.0
2023-02-03,293342814.0
2023-02-06,267053107.0
2023-02-07,250946450.0
2023-02-08,234530481.0
2023-02-09,254754529.0
2023-02-10,260626926.0
2023-02-13,297213188.0
2023-02-14,270974168.0
2023-02-15,269939123.0
2023-02-16,380863545.0
2023-02-17,278451237.0
2023-02-20,325007733.0
2023-02-21,324409449.0
2023-02-22,255403985.0
2023-02-23,262324304.0
2023-02-24,234206306.0
2023-02-27,242855344.0
2023-02-28,251625032.0
2023-03-01,318398704.0
2023-03-02,328520016.0
2023-03-03,343996919.0
2023-03-06,340530446.0
2023-03-07,389957956.0
2023-03-08,260443547.0
2023-03-09,264021859.0
2023-03-10,281135410.0
2023-03-13,294928087.0
2023-03-14,319906033.0
2023-03-15,305168798.0
2023-03-16,327389632.0
2023-03-17,343001022.0
2023-03-20,392517391.0
2023-03-21,301810779.0
2023-03-22,290840462.0
2023-03-23,306118393.0
2023-03-24,324513337.0
2023-03-27,337861206.0
2023-03-28,295682660.0
2023-03-29,296900508.0
2023-03-30,299898295.0
2023-03-31,283613746.0
2023-04-03,357676775.0
2023-04-04,385871617.0
2023-04-06,327155424.0
2023-04-07,283032247.0
2023-04-10,340819845.0
2023-04-11,320566055.0
2023-04-12,343025315.0
2023-04-13,347862106.0
2023-04-14,338299275.0
2023-04-17,402809926.0
2023-04-18,348399486.0
2023-04-19,346123443.0
2023-04-20,350354965.0
2023-04-21,387395098.0
2023-04-24,354255626.0
2023-04-25,380895729.0
2023-04-26,357917842.0
2023-04-27,341590534.0
2023-04-28,401554785.0
2023-05-04,483364916.0
2023-05-05,436504494.0
2023-05-08,534103659.0
2023-05-09,573013309.0
2023-05-10,451739731.0
2023-05-11,354258271.0
2023-05-12,347314983.0
2023-05-15,388045887.0
2023-05-16,322479410.0
2023-05-17,285744050.0
2023-05-18,309967472.0
2023-05-19,285404064.0
2023-05-22,273889998.0
2023-05-23,275279083.0
2023-05-24,288720257.0
2023-05-25,283588925.0
2023-05-26,261700479.0
2023-05-29,297389487.0
2023-05-30,303532460.0
2023-05-31,294573338.0
2023-06-01,312330759.0
2023-06-02,294667098.0
2023-06-05,278060203.0
2023-06-06,308285872.0
2023-06-07,258063400.0
2023-06-08,293530741.0
2023-06-09,314155501.0
2023-06-12,313784444.0
2023-06-13,280628454.0
2023-06-14,303537260.0
2023-06-15,313255752.0
2023-06-16,326281846.0
2023-06-19,327753047.0
2023-06-20,298260596.0
2023-06-21,294377372.0
2023-06-26,308129811.0
2023-06-27,287604327.0
2023-06-28,276231948.0
2023-06-29,250340074.0
2023-06-30,265379873.0
2023-07-03,312371395.0
2023-07-04,279248721.0
2023-07-05,264016426.0
2023-07-06,246119032.0
2023-07-07,255688469.0
2023-07-10,236560367.0
2023-07-11,227600467.0
2023-07-12,271423386.0
2023-07-13,276620508.0
2023-07-14,273327494.0
2023-07-17,250208376.0
2023-07-18,235030259.0
2023-07-19,217355860.0
2023-07-20,238932891.0
2023-07-21,225331363.0
2023-07-24,216595211.0
2023-07-25,348617714.0
2023-07-26,317206051.0
2023-07-27,327118867.0
2023-07-28,411068434.0
2023-07-31,459030994.0
2023-08-01,459890833.0
2023-08-02,405341499.0
2023-08-03,384691317.0
2023-08-04,470927697.0
2023-08-07,360341484.0
2023-08-08,316520733.0
2023-08-09,271218538.0
2023-08-10,287412142.0
2023-08-11,330137750.0
2023-08-14,299840327.0
2023-08-15,273251922.0
2023-08-16,281728292.0
2023-08-17,294692586.0
2023-08-18,294390352.0
2023-08-21,265753423.0
2023-08-22,309316335.0
2023-08-23,272244124.0
2023-08-24,300024637.0
2023-08-25,293347686.0
2023-08-28,485607764.0
2023-08-29,398875780.0
2023-08-30,347511867.0
2023-08-31,313448242.0
2023-09-01,292310992.0
2023-09-04,366391140.0
2023-09-05,294061849.0
2023-09-06,267002230.0
2023-09-07,269264733.0
2023-09-08,228125064.0
2023-09-11,290442917.0
2023-09-12,234672051.0
2023-09-13,249701038.0
2023-09-14,263990138.0
2023-09-15,292026365.0
2023-09-18,259444257.0
2023-09-19,253652761.0
2023-09-20,228124462.0
2023-09-21,228659100.0
2023-09-22,285978351.0
2023-09-25,258071885.0
2023-09-26,222644313.0
2023-09-27,240495830.0
2023-09-28,236329981.0
2023-10-09,264422205.0
2023-10-10,255327379.0
2023-10-11,259918692.0
2023-10-12,274827998.0
2023-10-13,255085235.0
2023-10-16,263882363.0
2023-10-17,259019588.0
2023-10-18,268647155.0
2023-10-19,304038910.0
2023-10-20,267113594.0
2023-10-23,278904128.0
2023-10-24,310985389.0
2023-10-25,332392004.0
2023-10-26,291814511.0
2023-10-27,321803717.0
2023-10-30,360604238.0
2023-10-31,319859967.0
2023-11-01,280110445.0
2023-11-02,268794581.0
2023-11-03,268486347.0
2023-11-06,372949630.0
2023-11-07,326853455.0
2023-11-08,335677834.0
2023-11-09,315621764.0
2023-11-10,285546497.0
2023-11-13,290430588.0
2023-11-14,294844733.0
2023-11-15,304250107.0
2023-11-16,271079460.0
2023-11-17,267606393.0
2023-11-20,287556998.0
2023-11-21,330733102.0
2023-11-22,289056490.0
2023-11-23,276592059.0
2023-11-24,287788413.0
2023-11-27,310517868.0
2023-11-28,268920746.0
2023-11-29,277956448.0
2023-11-30,282945357.0
2023-12-01,286089700.0
2023-12-04,288162053.0
2023-12-05,293943278.0
2023-12-06,294104187.0
2023-12-07,296243687.0
2023-12-08,369138705.0
2023-12-11,360216344.0
2023-12-12,287638762.0
2023-12-13,282754098.0
2023-12-14,271457650.0
2023-12-15,289327642.0
2023-12-18,293086999.0
2023-12-19,265926980.0
2023-12-20,265562454.0
2023-12-21,282541827.0
2023-12-22,296628367.0
2023-12-25,229814178.0
2023-12-26,228140855.0
2023-12-27,247900882.0
2023-12-28,339213116.0
2023-12-29,290672687.0
2024-01-02,304141793.0
2024-01-03,285455945.0
2024-01-04,264980924.0
2024-01-05,301040239.0
2024-01-08,270275055.0
2024-01-09,262955975.0
2024-01-10,244046526.0
2024-01-11,267050764.0
2024-01-12,261602931.0
2024-01-15,244611236.0
2024-01-16,286286714.0
2024-01-17,261251308.0
2024-01-18,390396855.0
2024-01-19,266664388.0
2024-01-22,350165758.0
2024-01-23,308749417.0
2024-01-24,369070600.0
2024-01-25,442009045.0
2024-01-26,421109084.0
2024-01-29,410581311.0
2024-01-30,335661226.0
2024-01-31,377103965.0
2024-02-01,352889185.0
2024-02-02,426230199.0
2024-02-05,478990292.0
2024-02-06,502849313.0
2024-02-07,547117439.0
2024-02-08,531108893.0
2024-02-19,458967704.0
2024-02-20,350138735.0
2024-02-21,444245463.0
2024-02-22,354132536.0
2024-02-23,380083270.0
2024-02-26,409026558.0
2024-02-27,372984687.0
2024-02-28,544109093.0
2024-02-29,409696374.0
2024-03-01,379132184.0
2024-03-04,387760002.0
2024-03-05,383509955.0
2024-03-06,340982739.0
2024-03-07,377154391.0
2024-03-08,319204392.0
2024-03-11,361608821.0
2024-03-12,415743914.0
2024-03-13,365047453.0
2024-03-14,364072290.0
2024-03-15,360268463.0
2024-03-18,406653508.0
2024-03-19,384123680.0
2024-03-20,349187729.0
2024-03-21,366877968.0
2024-03-22,394740486.0
2024-03-25,387485389.0
2024-03-26,345928787.0
2024-03-27,343198010.0
2024-03-28,353200026.0
2024-03-29,334822785.0
2024-04-01,375393640.0
2024-04-02,367304262.0
2024-04-03,363211380.0
2024-04-08,402936740.0
2024-04-09,333489965.0
2024-04-10,348991721.0
2024-04-11,340894392.0
2024-04-12,334229771.0
2024-04-15,461239244.0
2024-04-16,448070473.0
2024-04-17,413358368.0
2024-04-18,416321349.0
2024-04-19,375543855.0
2024-04-22,357216399.0
2024-04-23,325595128.0
2024-04-24,305264093.0
2024-04-25,292280148.0
2024-04-26,439382563.0
2024-04-29,506925445.0
2024-04-30,440213213.0
2024-05-06,450656899.0
2024-05-07,379102564.0
2024-05-08,334000320.0
2024-05-09,360881462.0
2024-05-10,384287495.0
2024-05-13,397030565.0
2024-05-14,343526194.0
2024-05-15,321027962.0
2024-05-16,367417361.0
2024-05-17,383915244.0
2024-05-20,426867280.0
2024-05-21,335783572.0
2024-05-22,354098082.0
2024-05-23,353943727.0
2024-05-24,306532279.0
2024-05-27,319396765.0
2024-05-28,310066974.0
2024-05-29,289970346.0
2024-05-30,302380762.0
2024-05-31,276072816.0
2024-06-03,357563362.0
2024-06-04,309287598.0
2024-06-05,290542344.0
2024-06-06,369867104.0
2024-06-07,316342484.0
2024-06-11,310481942.0
2024-06-12,279452106.0
2024-06-13,297862463.0
2024-06-14,348746753.0
2024-06-17,295763448.0
2024-06-18,273625999.0
2024-06-19,261296248.0
2024-06-20,295515907.0
2024-06-21,255001251.0
2024-06-24,298653884.0
2024-06-25,273209938.0
2024-06-26,282388409.0
2024-06-27,270548519.0
2024-06-28,315201432.0
2024-07-01,297782235.0
2024-07-02,281364683.0
2024-07-03,246284642.0
2024-07-04,274268789.0
2024-07-05,272324556.0
2024-07-08,277533424.0
2024-07-09,315062031.0
2024-07-10,301549456.0
2024-07-11,328372424.0
2024-07-12,303713014.0
2024-07-15,268992597.0
2024-07-16,260783630.0
2024-07-17,282307991.0
2024-07-18,278022665.0
2024-07-19,280932413.0
2024-07-22,278749559.0
2024-07-23,296295994.0
2024-07-24,306118853.0
2024-07-25,274639500.0
2024-07-26,278387536.0
2024-07-29,256899727.0
2024-07-30,262478837.0
2024-07-31,412723417.0
2024-08-01,346621137.0
2024-08-02,312205039.0
2024-08-05,355540572.0
2024-08-06,297300803.0
2024-08-07,263097150.0
2024-08-08,289128632.0
2024-08-09,284253916.0
2024-08-12,244241371.0
2024-08-13,231674601.0
2024-08-14,217885170.0
2024-08-15,271900000.0
2024-08-16,263653441.0
2024-08-19,261687730.0
2024-08-20,263658002.0
2024-08-21,229200027.0
2024-08-22,245399415.0
2024-08-23,226692565.0
2024-08-26,227351523.0
2024-08-27,230693006.0
2024-08-28,228730623.0
2024-08-29,277510534.0
2024-08-30,397516975.0
2024-09-02,340714193.0
2024-09-03,275736139.0
2024-09-04,257453500.0
2024-09-05,242040948.0
2024-09-06,253645375.0
2024-09-09,261468847.0
2024-09-10,262159015.0
2024-09-11,242264900.0
2024-09-12,240084315.0
2024-09-13,251270038.0
2024-09-18,247817132.0
2024-09-19,315208389.0
2024-09-20,285644627.0
2024-09-23,257642154.0
2024-09-24,477619545.0
2024-09-25,568259816.0
2024-09-26,576319261.0
2024-09-27,492287163.0
2024-09-30,1102337917.0
2024-10-08,1313460195.0
2024-10-09,992757256.0
2024-10-10,834500257.0
2024-10-11,606027433.0
2024-10-14,631466859.0
2024-10-15,566054558.0
2024-10-16,515813997.0
2024-10-17,528611772.0
2024-10-18,693014623.0
2024-10-21,668150299.0
2024-10-22,574913781.0
2024-10-23,650444128.0
2024-10-24,519827074.0
2024-10-25,595651707.0
2024-10-28,672373131.0
2024-10-29,725326154.0
2024-10-30,669018090.0
2024-10-31,784649094.0
2024-11-01,852055320.0
2024-11-04,665077454.0
2024-11-05,821124902.0
2024-11-06,895855930.0
2024-11-07,959556680.0
2024-11-08,964034562.0
2024-11-11,818025436.0
2024-11-12,817926524.0
2024-11-13,673662348.0
2024-11-14,631556690.0
2024-11-15,630285583.0
2024-11-18,743950692.0
2024-11-19,625024151.0
2024-11-20,566154289.0
2024-11-21,530331830.0
2024-11-22,630687790.0
2024-11-25,538897390.0
2024-11-26,472219304.0
2024-11-27,511202303.0
2024-11-28,511953047.0
2024-11-29,580227102.0
2024-12-02,668477762.0
2024-12-03,663030139.0
2024-12-04,621028862.0
2024-12-05,543885746.0
2024-12-06,698186572.0
2024-12-09,694905205.0
2024-12-10,794668034.0
2024-12-11,681544610.0
2024-12-12,700096689.0
2024-12-13,777464144.0
2024-12-16,625578996.0
2024-12-17,568941505.0
2024-12-18,512524979.0
2024-12-19,513909063.0
2024-12-20,490964621.0
2024-12-23,556747248.0
2024-12-24,471992673.0
2024-12-25,471315592.0
2024-12-26,422177271.0
2024-12-27,500488130.0
2024-12-30,455262383.0
2024-12-31,502731062.0
2025-01-02,561375199.0
2025-01-03,517592014.0
2025-01-06,430978403.0
2025-01-07,409660529.0
2025-01-08,472864390.0
2025-01-09,382943557.0
2025-01-10,403663348.0
2025-01-13,372742023.0
2025-01-14,469212704.0
2025-01-15,404723199.0
2025-01-16,430655539.0
2025-01-17,383599260.0
2025-01-20,403337948.0
2025-01-21,384583718.0
2025-01-22,364817518.0
2025-01-23,458246803.0
2025-01-24,398653033.0
2025-01-27,387467642.0
2025-02-05,406388181.0
2025-02-06,460842730.0
2025-02-07,600558451.0
2025-02-10,546589749.0
2025-02-11,511943541.0
2025-02-12,513437828.0
2025-02-13,568631161.0
2025-02-14,532332965.0
2025-02-17,589546569.0
2025-02-18,562679240.0
2025-02-19,502912965.0
2025-02-20,504357114.0
2025-02-21,608190206.0
2025-02-24,598188203.0
2025-02-25,527578562.0
2025-02-26,553992031.0
2025-02-27,575815020.0
2025-02-28,568319504.0
2025-03-03,502417862.0
2025-03-04,429996111.0
2025-03-05,460952696.0
2025-03-06,539992709.0
2025-03-07,517663551.0
2025-03-10,450380832.0
2025-03-11,448468323.0
2025-03-12,502195100.0
2025-03-13,519013479.0
2025-03-14,582663388.0
2025-03-17,515685138.0
2025-03-18,454916063.0
2025-03-19,440316299.0
2025-03-20,451630682.0
2025-03-21,520862630.0
2025-03-24,513310260.0
2025-03-25,456357393.0
2025-03-26,428533770.0
2025-03-27,414776314.0
2025-03-28,412284289.0
2025-03-31,472571978.0
2025-04-01,422588670.0
2025-04-02,350127364.0
2025-04-03,400517827.0
2025-04-07,662199584.0
2025-04-08,662242387.0
2025-04-09,684797174.0
2025-04-10,591208273.0
2025-04-11,475531804.0
2025-04-14,471373220.0
2025-04-15,396662895.0
2025-04-16,429534854.0
2025-04-17,382012698.0
2025-04-18,358836193.0
2025-04-21,379307588.0
2025-04-22,403167615.0
2025-04-23,411633212.0
2025-04-24,392844749.0
2025-04-25,411043192.0
2025-04-28,410665863.0
2025-04-29,388961672.0
2025-04-30,435794335.0
2025-05-06,474369617.0
2025-05-07,511159606.0
2025-05-08,428377766.0
2025-05-09,398909191.0
2025-05-12,418239910.0
2025-05-13,426240700.0
2025-05-14,464934441.0
2025-05-15,424100916.0
2025-05-16,395401030.0
2025-05-19,403074805.0
2025-05-20,405544534.0
2025-05-21,412496165.0
2025-05-22,394217206.0
2025-05-23,400227004.0
2025-05-26,347562101.0
2025-05-27,344071157.0
2025-05-28,341555443.0
2025-05-29,393233806.0
2025-05-30,385602170.0
2025-06-03,398060772.0
2025-06-04,386494643.0
2025-06-05,406252093.0
2025-06-06,380122886.0
2025-06-09,427347947.0
2025-06-10,481618568.0
2025-06-11,424090313.0
2025-06-12,409490610.0
2025-06-13,510065221.0
2025-06-16,405383278.0
2025-06-17,390012447.0
2025-06-18,378684891.0
2025-06-19,415327655.0
2025-06-20,350223662.0
2025-06-23,384561397.0
2025-06-24,460963800.0
2025-06-25,509384064.0
2025-06-26,496541077.0
2025-06-27,523129432.0
2025-06-30,457348049.0
2025-07-01,444356739.0
2025-07-02,498116776.0
2025-07-03,438543465.0
2025-07-04,500195210.0
2025-07-07,436631340.0
2025-07-08,493484773.0
2025-07-09,523920088.0
2025-07-10,564159805.0
2025-07-11,664185249.0
2025-07-14,572084705.0
2025-07-15,572074726.0
2025-07-16,470878578.0
2025-07-17,472211056.0
2025-07-18,493484088.0
2025-07-21,633649736.0
2025-07-22,716155230.0
2025-07-23,767672388.0
2025-07-24,773265835.0
2025-07-25,697189549.0
2025-07-28,594187877.0
2025-07-29,610642058.0
2025-07-30,637221916.0
2025-07-31,654509349.0
2025-08-01,509563080.0
2025-08-04,458573618.0
2025-08-05,499797780.0
2025-08-06,512467273.0
2025-08-07,535501202.0
2025-08-08,526407572.0
2025-08-11,551393348.0
2025-08-12,536623739.0
2025-08-13,613528884.0
2025-08-14,647829587.0
2025-08-15,678521703.0
2025-08-18,776016669.0
2025-08-19,696099750.0
2025-08-20,679836426.0
2025-08-21,691552959.0
2025-08-22,698136277.0
2025-08-25,885474802.0
2025-08-26,734565305.0
2025-08-27,858633499.0
2025-08-28,788351947.0
2025-08-29,739462366.0
2025-09-01,747709536.0
2025-09-02,762618833.0
2025-09-03,645668510.0
2025-09-04,710227933.0
2025-09-05,626223380.0
2025-09-08,660066898.0
2025-09-09,600239380.0
2025-09-10,534539825.0
2025-09-11,617012930.0
2025-09-12,700641784.0
2025-09-15,644793944.0
2025-09-16,673439723.0
2025-09-17,663434713.0
2025-09-18,876027389.0
2025-09-19,682292613.0
2025-09-22,568325686.0
2025-09-23,701902868.0
2025-09-24,602056670.0
2025-09-25,589950531.0
2025-09-26,551275335.0
2025-09-29,608466399.0
2025-09-30,569734631.0
2025-10-09,725218501.0
2025-10-10,718917673.0
2025-10-13,709506101.0
2025-10-14,800839631.0
2025-10-15,645012955.0
2025-10-16,595451491.0
2025-10-17,617563018.0
2025-10-20,549261712.0
2025-10-21,599415713.0
2025-10-22,543117344.0
2025-10-23,565189264.0
2025-10-24,567858443.0
2025-10-27,637589545.0
2025-10-28,577357684.0
2025-10-29,612917466.0
2025-10-30,668485609.0
2025-10-31,675615406.0
2025-11-03,641245945.0
2025-11-04,615493792.0
2025-11-05,614991618.0
2025-11-06,627367547.0
2025-11-07,596507034.0
2025-11-10,634049993.0
2025-11-11,581994921.0
2025-11-12,586193228.0
2025-11-13,613031061.0
2025-11-14,622017118.0
2025-11-17,592017950.0
2025-11-18,594411046.0
2025-11-19,531149601.0
2025-11-20,534749540.0
2025-11-21,631646251.0
2025-11-24,504601716.0
2025-11-25,478727611.0
2025-11-26,457589755.0
2025-11-27,444021947.0
2025-11-28,449931973.0
2025-12-01,537554133.0
2025-12-02,455584494.0
2025-12-03,485617270.0
2025-12-04,445040290.0
2025-12-05,500368768.0
2025-12-08,547349789.0
2025-12-09,524538256.0
2025-12-10,497331504.0
2025-12-11,525658600.0
2025-12-12,573947130.0
2025-12-15,500922790.0
2025-12-16,512494827.0
2025-12-17,512313692.0
2025-12-18,461172625.0
2025-12-19,513511893.0
2025-12-22,522938992.0
2025-12-23,521156952.0
2025-12-24,474896447.0
2025-12-25,469313093.0
2025-12-26,555489592.0
2025-12-29,563687197.0
2025-12-30,525932588.0
2025-12-31,490751490.0
2026-01-05,596950455.0
2026-01-06,702472270.0
2026-01-07,683384352.0
2026-01-08,666131337.0
2026-01-09,729837985.0
2026-01-12,839456089.0
2026-01-13,868382717.0
2026-01-14,952551289.0
2026-01-15,680250791.0
2026-01-16,763588465.0
2026-01-19,688905870.0
2026-01-20,734362496.0
2026-01-21,666989507.0
2026-01-22,709695409.0
2026-01-23,782115454.0
2026-01-26,887439731.0
2026-01-27,754990869.0
2026-01-28,823026748.0
2026-01-29,905908371.0
2026-01-30,804342746.0
2026-02-02,732953698.0
2026-02-03,637684249.0
2026-02-04,674254244.0
2026-02-05,596722236.0
2026-02-06,556709801.0
2026-02-09,572632582.0
2026-02-10,524620969.0
2026-02-11,500685278.0
2026-02-12,529370116.0
2026-02-13,500799472.0
2026-02-24,566322249.0
2026-02-25,724787214.0
2026-02-26,651702826.0
2026-02-27,682047646.0
2026-03-02,861579218.0
2026-03-03,921139170.0
2026-03-04,765169531.0
2026-03-05,689746535.0
2026-03-06,646765760.0
2026-03-09,797803556.0
2026-03-10,674922194.0
2026-03-11,707727169.0
2026-03-12,786151182.0
2026-03-13,792054764.0
2026-03-16,732227098.0
2026-03-17,678771224.0
2026-03-18,623873102.0
2026-03-19,667255422.0
2026-03-20,666798387.0
2026-03-23,804738850.0
2026-03-24,680622039.0
2026-03-25,688343626.0
2026-03-26,615973981.0
2026-03-27,561342963.0
2026-03-30,595589479.0
2026-03-31,606704983.0
2026-04-01,564611598.0
2026-04-02,544212835.0
2026-04-03,492699082.0
2026-04-07,473615076.0
2026-04-08,644135352.0
2026-04-09,541569801.0
2026-04-10,546415541.0
2026-04-13,545781768.0
2026-04-14,570259003.0
2026-04-15,569458589.0
2026-04-16,545876967.0
2026-04-17,548791406.0
2026-04-20,589841379.0
2026-04-21,576689450.0
2026-04-22,582466346.0
2026-04-23,671166092.0
2026-04-24,605031798.0
2026-04-27,589950867.0
2026-04-28,600507498.0
2026-04-29,614221451.0
2026-04-30,656912728.0
2026-05-06,701177480.0
2026-05-07,685574249.0
2026-05-08,697019094.0
2026-05-11,762736287.0
2026-05-12,718984002.0
2026-05-13,705018739.0
2026-05-14,764235004.0
2026-05-15,733162357.0
2026-05-18,627233137.0
2026-05-19,617611067.0
2026-05-20,624152035.0
2026-05-21,727218701.0
2026-05-22,589459644.0
2026-05-25,615930861.0
2026-05-26,654777756.0
2026-05-27,660467399.0
2026-05-28,621179950.0
2026-05-29,731597710.0
2026-06-01,676025806.0
2026-06-02,642244656.0
2026-06-03,668452583.0
2026-06-04,621194774.0
2026-06-05,662918577.0
2026-06-08,659293555.0
2026-06-09,576570090.0
2026-06-10,598694739.0
2026-06-11,568545244.0
2026-06-12,743131092.0
2026-06-15,678907811.0
2026-06-16,615668296.0
2026-06-17,608077413.0
2026-06-18,658116068.0
2026-06-22,743699355.0
2026-06-23,709003913.0
2026-06-24,644527518.0
2026-06-25,670459917.0
2026-06-26,660108666.0
2026-06-29,659199936.0
2026-06-30,598412203.0
2026-07-01,672331791.0
2026-07-02,656233612.0
2026-07-03,602009738.0
2026-07-06,590364903.0
