代码,日期,收盘,开盘,最高,最低,成交量,成交额
801950,2014-02-21,997.49,996.02,1015.05,974.68,0.271547,6.00218274
801950,2014-02-24,992.19,986.58,1011.78,977.75,0.24678244,5.64100512
801950,2014-02-25,910.23,993.91,996.64,895.15,0.69260042,14.93553309
801950,2014-02-26,899.24,905.87,911.95,859.04,0.3466471,7.04347333
801950,2014-02-27,904.85,904.8,946.94,901.06,0.44186995,9.18800921
801950,2014-02-28,926.41,904.57,935.33,892.71,0.2547666,5.29302971
801950,2014-03-03,953.47,951.88,984.0,939.63,0.40057155,8.73538876
801950,2014-03-04,966.74,949.19,980.7,939.38,0.3865453,8.3505535
801950,2014-03-05,945.46,962.42,973.36,937.67,0.27084446,5.78998989
801950,2014-03-06,928.0,944.33,949.33,915.29,0.2147877,4.54292944
801950,2014-03-07,920.27,928.06,945.32,917.44,0.17328002,3.61520113
801950,2014-03-10,889.99,902.2,909.3,871.76,0.24827452,4.99037431
801950,2014-03-11,882.34,885.73,897.61,871.57,0.17611434,3.49228649
801950,2014-03-12,879.48,883.62,892.08,862.31,0.17552961,3.44193412
801950,2014-03-13,909.6,881.53,915.32,876.88,0.2756235,5.56210901
801950,2014-03-14,892.29,904.49,907.71,884.66,0.16240486,3.18496022
801950,2014-03-17,907.22,905.59,917.49,889.95,0.20909995,4.19321227
801950,2014-03-18,906.26,909.44,918.02,898.55,0.21495305,4.25175495
801950,2014-03-19,898.32,895.28,903.08,878.17,0.15818496,3.1290119
801950,2014-03-20,859.68,892.75,897.47,859.25,0.20810526,3.92622718
801950,2014-03-21,883.5,857.96,889.51,842.94,0.23367787,4.6041355
801950,2014-03-24,879.57,885.54,894.7,875.24,0.16168821,3.16254022
801950,2014-03-25,883.2,881.6,891.89,872.72,0.11796299,2.29228936
801950,2014-03-26,878.35,883.53,889.66,868.76,0.12987281,2.50022918
801950,2014-03-27,859.43,872.08,880.2,858.75,0.14333144,2.6893123
801950,2014-03-28,823.53,859.59,863.98,818.73,0.25192662,4.58088133
801950,2014-03-31,832.12,824.09,839.07,813.45,0.13727345,2.47761358
801950,2014-04-01,841.26,833.13,844.21,824.82,0.14402414,2.63743696
801950,2014-04-02,832.77,841.51,846.59,829.59,0.10545125,1.90635627
801950,2014-04-03,830.67,836.73,846.1,823.63,0.15658648,2.78156117
801950,2014-04-04,846.73,828.97,847.18,827.1,0.13526558,2.40942012
801950,2014-04-08,895.04,845.66,910.36,842.71,0.39860415,7.95416375
801950,2014-04-09,901.83,899.36,910.91,885.6,0.32228041,6.42916589
801950,2014-04-10,903.47,895.62,909.27,886.77,0.10541964,1.82265661
801950,2014-04-11,900.43,895.39,905.06,885.6,0.07194057,1.23451812
801950,2014-04-14,903.71,894.45,909.5,887.71,0.07375652,1.27778308
801950,2014-04-15,904.17,908.25,922.37,891.22,0.14207139,2.49758912
801950,2014-04-16,905.11,897.96,910.21,886.54,0.07227795,1.25005475
801950,2014-04-17,889.56,920.41,925.84,884.11,0.26144337,5.785867
801950,2014-04-18,897.73,883.63,901.28,880.35,0.16361424,3.3537394
801950,2014-04-21,869.86,885.71,901.6,868.53,0.16017758,3.13893586
801950,2014-04-22,881.49,869.65,888.26,847.33,0.19598929,3.85215194
801950,2014-04-23,913.41,878.27,917.98,872.29,0.30796898,6.43978719
801950,2014-04-24,890.56,914.4,921.49,888.37,0.23022232,4.77365782
801950,2014-04-25,869.55,889.78,892.45,866.93,0.1259455,2.5412084
801950,2014-04-28,839.78,862.79,863.73,831.55,0.16373174,3.1161011
801950,2014-04-29,851.18,845.37,856.9,830.27,0.12932967,2.55358059
801950,2014-04-30,853.35,848.8,862.2,847.4,0.1030701,2.03070532
801950,2014-05-05,866.01,854.22,869.3,846.15,0.09346302,1.83322389
801950,2014-05-06,877.26,866.01,884.95,864.28,0.14433007,2.87109123
801950,2014-05-07,857.88,874.06,876.62,856.09,0.09448115,1.87229525
801950,2014-05-08,869.66,855.81,884.28,853.34,0.1230594,2.55261911
801950,2014-05-09,863.71,874.81,875.04,851.73,0.10944689,2.15706483
801950,2014-05-12,881.68,872.6,885.58,866.21,0.20201542,3.93561872
801950,2014-05-13,886.75,880.59,888.27,873.44,0.16633266,3.29720558
801950,2014-05-14,879.99,884.3,890.47,878.43,0.11645995,2.34810725
801950,2014-05-15,872.86,880.56,903.84,871.27,0.22976355,4.54502177
801950,2014-05-16,879.69,871.97,889.77,867.29,0.14962714,2.98739202
801950,2014-05-19,850.43,901.74,906.99,847.03,0.24527582,5.00594981
801950,2014-05-20,859.07,849.89,865.36,832.12,0.29723586,5.61816326
801950,2014-05-21,863.19,853.23,866.43,847.09,0.18222676,3.39090322
801950,2014-05-22,856.92,864.82,877.72,855.59,0.23026673,4.27363836
801950,2014-05-23,859.67,855.76,864.65,849.28,0.14277184,2.65010746
801950,2014-05-26,860.63,871.12,875.13,854.24,0.19785192,3.67673383
801950,2014-05-27,850.53,859.7,867.8,849.44,0.12675597,2.42104562
801950,2014-05-28,860.65,850.52,861.74,840.63,0.21082398,3.92620096
801950,2014-05-29,854.07,863.5,870.57,850.36,0.18821187,3.54182228
801950,2014-05-30,881.64,859.68,888.53,853.06,0.43111805,7.82826972
801950,2014-06-03,877.83,881.84,887.95,871.74,0.27551151,5.09730598
801950,2014-06-04,861.37,873.57,875.58,851.43,0.21100511,3.89489151
801950,2014-06-05,872.25,861.04,877.46,851.44,0.20588854,3.95295259
801950,2014-06-06,862.08,872.04,876.81,854.8,0.14624257,2.74292869
801950,2014-06-09,869.0,862.96,880.58,860.42,0.17913377,3.57499557
801950,2014-06-10,875.22,869.0,879.82,862.01,0.18192702,3.38091334
801950,2014-06-11,874.03,873.75,884.72,869.16,0.17508093,3.38224549
801950,2014-06-12,908.26,878.83,922.91,877.45,0.37543601,7.92928948
801950,2014-06-13,909.92,912.0,918.53,901.06,0.28420776,5.89751195
801950,2014-06-16,927.85,911.12,935.84,904.66,0.37913275,7.84526772
801950,2014-06-17,907.38,923.94,926.1,906.27,0.18491799,3.75090868
801950,2014-06-18,914.1,920.13,948.24,907.7,0.31307384,6.81011278
801950,2014-06-19,883.53,902.94,916.54,869.1,0.22603862,4.5909028
801950,2014-06-20,886.81,881.6,889.67,873.53,0.10207293,2.02943719
801950,2014-06-23,885.63,892.76,904.44,882.31,0.15196904,3.03384504
801950,2014-06-24,913.87,887.66,916.58,878.12,0.22216206,4.54976546
801950,2014-06-25,903.36,908.55,918.03,899.5,0.21216955,4.3192401
801950,2014-06-26,907.38,904.29,914.51,899.65,0.17014417,3.46402819
801950,2014-06-27,926.64,913.81,937.07,906.22,0.30137819,6.49002062
801950,2014-06-30,986.35,931.88,1004.11,931.88,0.75648145,15.90725075
801950,2014-07-01,964.0,998.22,999.36,958.02,0.47800463,10.24281956
801950,2014-07-02,975.85,963.51,1004.66,957.96,0.54931047,11.72231699
801950,2014-07-03,963.87,971.18,982.99,959.34,0.28753286,6.25544142
801950,2014-07-04,961.36,962.37,969.12,948.33,0.23332343,5.01356583
801950,2014-07-07,980.19,966.87,992.28,958.87,0.53238081,10.94439823
801950,2014-07-08,972.74,979.29,1006.02,957.74,0.62758436,12.91948262
801950,2014-07-09,975.51,964.74,1022.13,956.04,0.88679294,18.62359343
801950,2014-07-10,955.41,970.0,988.02,950.24,0.5269784,10.89353868
801950,2014-07-11,975.42,955.98,985.59,943.6,0.45174567,9.25940184
801950,2014-07-14,968.33,977.91,988.55,956.58,0.39410365,8.19732888
801950,2014-07-15,970.93,969.41,990.65,955.96,0.37601024,7.83934382
801950,2014-07-16,925.54,968.75,970.84,921.49,0.4649689,9.33979115
801950,2014-07-17,924.72,924.83,932.03,914.91,0.21285292,4.2310058
801950,2014-07-18,929.26,937.39,945.63,921.67,0.22974941,4.58253512
801950,2014-07-21,935.92,929.7,939.04,909.87,0.31753837,6.13901165
801950,2014-07-22,935.88,930.52,943.13,921.02,0.25536534,5.13213766
801950,2014-07-23,931.16,934.97,952.28,925.23,0.33661799,6.73091393
801950,2014-07-24,922.53,939.17,942.95,897.28,0.34998394,7.05782394
801950,2014-07-25,925.8,922.58,929.18,915.54,0.18094731,3.59079531
801950,2014-07-28,955.53,932.83,960.81,929.58,0.49170881,10.01347549
801950,2014-07-29,974.99,969.98,990.83,955.65,0.50263463,10.61597498
801950,2014-07-30,987.24,973.52,1008.05,959.32,0.64492715,13.46329083
801950,2014-07-31,992.65,982.79,1007.32,973.79,0.43269943,9.26666852
801950,2014-08-01,965.03,986.18,1005.4,962.77,0.43551252,9.42005582
801950,2014-08-04,975.57,966.76,990.52,964.95,0.31096709,6.69361463
801950,2014-08-05,976.24,984.08,985.91,962.59,0.29383371,6.1394017
801950,2014-08-06,996.81,972.36,1006.7,965.91,0.5773038,12.20003519
801950,2014-08-07,980.62,1000.35,1011.25,978.39,0.41598511,8.94007448
801950,2014-08-08,993.17,982.72,1002.45,981.56,0.39130817,8.29208019
801950,2014-08-11,1004.54,1007.75,1015.96,993.3,0.43409893,9.37481784
801950,2014-08-12,1009.74,1011.67,1022.24,999.78,0.54136198,11.45542196
801950,2014-08-13,989.73,1006.01,1009.87,979.44,0.4089323,8.62998767
801950,2014-08-14,991.61,987.43,1021.42,979.17,0.47144916,10.81023329
801950,2014-08-15,1009.23,996.43,1020.35,994.34,0.34394549,7.7251978
801950,2014-08-18,1027.09,1013.0,1031.61,1005.13,0.39285736,9.05081654
801950,2014-08-19,1025.06,1027.09,1038.25,1009.81,0.46893737,10.48076874
801950,2014-08-20,1014.58,1024.34,1028.02,1010.23,0.32866692,7.22082349
801950,2014-08-21,1008.64,1012.42,1023.48,1000.52,0.31947522,7.02920693
801950,2014-08-22,1003.48,1009.01,1017.23,999.7,0.27978673,6.05912497
801950,2014-08-25,994.96,1004.88,1011.89,992.72,0.21803246,4.72428409
801950,2014-08-26,1000.25,992.79,1017.68,970.48,0.3378493,7.60085327
801950,2014-08-27,1066.49,1021.79,1069.98,1020.39,0.38780248,9.14711384
801950,2014-08-28,1045.45,1118.63,1118.63,1039.02,0.72910646,19.92907623
801950,2014-08-29,1075.22,1041.44,1079.15,1037.49,0.41809102,10.79282072
801950,2014-09-01,1088.37,1093.69,1120.2,1083.3,0.60654667,14.90921246
801950,2014-09-02,1156.2,1089.58,1171.34,1080.97,1.12444797,26.77117168
801950,2014-09-03,1165.4,1151.47,1195.3,1141.04,1.38162462,32.71225926
801950,2014-09-04,1175.18,1163.35,1228.6,1154.62,1.16032497,28.94446718
801950,2014-09-05,1174.83,1171.24,1182.73,1151.52,0.70541073,17.31591119
801950,2014-09-09,1189.99,1169.39,1211.63,1166.42,0.83683199,20.87552409
801950,2014-09-10,1189.49,1186.3,1218.58,1167.96,0.62810265,15.92713254
801950,2014-09-11,1187.86,1186.26,1223.4,1173.07,0.72256059,18.25596027
801950,2014-09-12,1219.21,1190.99,1223.37,1186.58,0.76276514,19.26031322
801950,2014-09-15,1212.16,1225.45,1241.79,1208.19,0.70614544,18.33671021
801950,2014-09-16,1145.0,1207.72,1212.95,1141.32,0.83643615,21.06058936
801950,2014-09-17,1154.56,1146.71,1165.31,1123.59,0.5160366,12.57084542
801950,2014-09-18,1146.03,1153.18,1165.55,1138.19,0.33232335,8.15593606
801950,2014-09-19,1174.28,1146.46,1181.34,1136.78,0.47927153,11.83886373
801950,2014-09-22,1138.46,1167.77,1168.92,1131.47,0.34812814,8.74669609
801950,2014-09-23,1170.01,1136.42,1180.02,1136.19,0.49147868,12.44117801
801950,2014-09-24,1212.51,1165.37,1224.91,1159.72,0.69819107,18.27016546
801950,2014-09-25,1228.22,1220.0,1263.49,1201.66,0.79264631,21.14606921
801950,2014-09-26,1212.24,1233.03,1241.48,1203.0,0.45317558,12.01650766
801950,2014-09-29,1214.09,1218.65,1235.56,1195.07,0.43045688,11.26613602
801950,2014-09-30,1199.69,1216.45,1216.45,1190.68,0.31938221,8.28426524
801950,2014-10-08,1211.62,1201.05,1229.42,1190.82,0.46305342,12.03835074
801950,2014-10-09,1193.61,1205.4,1220.76,1182.66,0.45323209,11.54704082
801950,2014-10-10,1203.13,1183.78,1216.77,1176.83,0.52977437,13.50142831
801950,2014-10-13,1221.63,1198.41,1227.35,1173.97,0.52719211,14.32139479
801950,2014-10-14,1224.81,1212.51,1267.83,1205.3,0.66218276,18.07418641
801950,2014-10-15,1194.39,1219.34,1224.07,1178.29,0.46171826,12.01588245
801950,2014-10-16,1167.64,1183.75,1200.49,1164.3,0.36739063,9.22537404
801950,2014-10-17,1151.2,1158.15,1173.98,1128.69,0.33997549,8.46267552
801950,2014-10-20,1155.88,1154.43,1164.97,1144.88,0.20545995,5.19859143
801950,2014-10-21,1131.35,1154.55,1158.92,1124.58,0.23786265,5.83922837
801950,2014-10-22,1157.29,1131.8,1186.4,1131.58,0.39496691,10.25221605
801950,2014-10-23,1160.33,1151.91,1178.56,1149.75,0.295937,7.53068249
801950,2014-10-24,1148.08,1165.07,1176.55,1145.82,0.20520464,5.16731604
801950,2014-10-27,1164.8,1149.52,1172.17,1133.49,0.22031667,5.66669208
801950,2014-10-28,1217.06,1168.15,1221.16,1164.21,0.56299612,14.60472337
801950,2014-10-29,1213.46,1224.5,1229.49,1201.17,0.49285968,12.99465327
801950,2014-10-30,1186.25,1212.54,1216.99,1174.39,0.5046864,13.10417615
801950,2014-10-31,1179.57,1188.4,1194.71,1158.61,0.37271596,9.49091206
801950,2014-11-03,1181.12,1177.82,1195.06,1169.91,0.26382563,6.76586909
801950,2014-11-04,1157.38,1179.83,1182.91,1150.03,0.28908526,7.35238526
801950,2014-11-05,1159.12,1161.09,1178.02,1149.92,0.23954712,5.97645774
801950,2014-11-06,1159.52,1164.07,1168.61,1147.03,0.22691084,5.65576852
801950,2014-11-07,1149.75,1162.39,1174.65,1145.48,0.23941115,6.16756078
801950,2014-11-10,1157.88,1152.16,1166.13,1129.18,0.31910793,8.17459998
801950,2014-11-11,1115.53,1166.1,1172.54,1109.03,0.51646574,12.90713806
801950,2014-11-12,1126.45,1109.95,1137.7,1107.86,0.24616975,6.07097286
801950,2014-11-13,1077.04,1124.34,1125.86,1058.61,0.51825322,11.99143975
801950,2014-11-14,1077.84,1067.94,1090.93,1050.8,0.26352952,6.05692739
801950,2014-11-17,1094.08,1079.89,1107.69,1071.3,0.28607696,6.89348576
801950,2014-11-18,1083.69,1091.95,1097.84,1076.9,0.1853563,4.29992529
801950,2014-11-19,1089.71,1083.46,1097.23,1069.64,0.23279686,5.53948398
801950,2014-11-20,1074.23,1086.1,1087.91,1070.94,0.15988805,3.68965099
801950,2014-11-21,1078.64,1078.0,1084.11,1071.37,0.16137978,3.75633182
801950,2014-11-24,1106.98,1089.29,1115.65,1078.69,0.40101833,9.41422642
801950,2014-11-25,1115.09,1108.1,1128.08,1104.14,0.38273047,9.29089648
801950,2014-11-26,1140.86,1128.03,1150.35,1109.33,0.43705132,11.15994028
801950,2014-11-27,1128.98,1138.48,1151.58,1116.98,0.41513704,10.37863393
801950,2014-11-28,1107.1,1129.71,1140.0,1097.37,0.35787357,9.02006512
801950,2014-12-01,1081.18,1103.31,1111.96,1073.3,0.36607616,8.76788708
801950,2014-12-02,1093.33,1081.64,1105.31,1081.64,0.30119569,7.16558229
801950,2014-12-03,1151.34,1092.64,1152.67,1075.85,0.76655843,18.495845
801950,2014-12-04,1172.27,1146.91,1195.6,1141.88,0.80625631,20.45232722
801950,2014-12-05,1289.5,1199.75,1289.5,1135.93,1.77386573,47.81955048
801950,2014-12-08,1378.08,1340.51,1414.01,1318.45,1.86841083,55.99336032
801950,2014-12-09,1240.47,1374.83,1400.64,1240.47,1.53426011,44.26265569
801950,2014-12-10,1273.5,1219.66,1295.91,1171.7,0.99933199,27.25227784
801950,2014-12-11,1273.4,1262.43,1299.71,1230.58,0.74598657,20.47289057
801950,2014-12-12,1274.15,1272.32,1288.1,1255.05,0.44278426,12.12511392
801950,2014-12-15,1318.48,1220.31,1333.18,1209.63,1.29590173,36.55241176
801950,2014-12-16,1337.02,1326.07,1394.66,1323.04,1.03246149,30.87435031
801950,2014-12-17,1324.71,1337.28,1374.75,1311.07,0.70542239,20.93459912
801950,2014-12-18,1405.78,1320.76,1436.61,1306.6,1.04671643,32.56598998
801950,2014-12-19,1385.77,1380.63,1401.2,1333.32,0.74542846,22.90326538
801950,2014-12-22,1343.18,1392.9,1440.31,1334.41,0.5980073,18.63491593
801950,2014-12-23,1277.05,1331.58,1353.62,1263.19,0.52668023,15.48588859
801950,2014-12-24,1304.11,1277.33,1339.1,1271.06,0.50805495,14.80879842
801950,2014-12-25,1337.79,1309.61,1350.4,1294.35,0.48349427,14.29600518
801950,2014-12-26,1337.03,1337.78,1352.36,1303.94,0.50427082,14.95994965
801950,2014-12-29,1333.3,1331.46,1360.73,1277.21,0.68911515,20.16063789
801950,2014-12-30,1277.49,1326.7,1330.16,1270.54,0.48278215,13.84426278
801950,2014-12-31,1287.49,1281.39,1309.7,1270.58,0.35217122,10.11299222
801950,2015-01-05,1308.72,1298.47,1321.45,1275.01,0.43676892,12.63399038
801950,2015-01-06,1370.02,1306.37,1398.26,1296.82,0.76986066,23.25928981
801950,2015-01-07,1353.92,1376.04,1388.0,1341.0,0.54171914,16.48666004
801950,2015-01-08,1348.08,1348.11,1380.33,1335.2,0.44660307,13.58085513
801950,2015-01-09,1310.15,1343.05,1361.47,1304.17,0.44373653,13.26679286
801950,2015-01-12,1276.84,1298.37,1311.13,1251.64,0.5072581,14.19828018
801950,2015-01-13,1302.51,1287.66,1331.58,1280.75,0.51972039,15.41479302
801950,2015-01-14,1305.3,1304.34,1331.13,1285.94,0.35687262,10.46210845
801950,2015-01-15,1315.72,1302.44,1328.35,1275.31,0.36003843,10.30700959
801950,2015-01-16,1326.48,1316.59,1334.86,1303.9,0.35113354,10.22159414
801950,2015-01-19,1253.17,1270.52,1333.59,1224.99,0.55711236,15.98133932
801950,2015-01-20,1295.08,1259.23,1309.97,1254.9,0.45562089,12.92794364
801950,2015-01-21,1342.28,1292.5,1351.28,1288.57,0.57370484,16.87700592
801950,2015-01-22,1436.41,1342.26,1475.4,1333.1,0.99398813,31.04104862
801950,2015-01-23,1389.59,1431.49,1434.73,1382.48,0.65985444,20.60043912
801950,2015-01-26,1434.51,1416.23,1462.19,1413.04,0.59294622,18.89366256
801950,2015-01-27,1436.12,1451.67,1461.24,1405.53,0.51088199,16.25756579
801950,2015-01-28,1388.3,1436.33,1437.23,1372.83,0.4638886,14.41395295
801950,2015-01-29,1366.02,1370.58,1395.42,1359.94,0.26650913,8.137154
801950,2015-01-30,1358.89,1379.71,1393.74,1348.56,0.32739398,9.95715863
801950,2015-02-02,1362.93,1348.88,1381.7,1337.95,0.27505784,8.31850416
801950,2015-02-03,1363.99,1368.67,1377.74,1343.83,0.39406035,11.83972529
801950,2015-02-04,1381.93,1366.96,1428.46,1364.41,0.59276194,18.31927998
801950,2015-02-05,1340.55,1395.03,1398.43,1338.28,0.49390399,14.83821791
801950,2015-02-06,1295.82,1339.36,1347.67,1288.02,0.33993892,9.77389068
801950,2015-02-09,1297.75,1287.71,1319.64,1283.07,0.19963881,5.75236276
801950,2015-02-10,1320.91,1303.81,1327.9,1297.97,0.22677035,6.55593374
801950,2015-02-11,1337.01,1321.61,1345.7,1317.89,0.23901066,7.00705361
801950,2015-02-12,1322.58,1336.81,1337.93,1309.97,0.23554743,6.82582873
801950,2015-02-13,1333.3,1323.19,1353.24,1319.51,0.3561695,10.52790509
801950,2015-02-16,1358.02,1335.79,1365.15,1328.58,0.33595021,10.02558965
801950,2015-02-17,1356.33,1361.99,1371.02,1347.47,0.23908935,7.15839661
801950,2015-02-25,1377.09,1366.05,1395.47,1349.46,0.3883349,11.78428688
801950,2015-02-26,1392.57,1378.72,1402.49,1369.12,0.38428176,11.758321
801950,2015-02-27,1446.09,1409.64,1494.79,1409.64,0.91327008,29.64381523
801950,2015-03-02,1459.71,1453.22,1473.29,1421.47,0.54024126,17.33415314
801950,2015-03-03,1456.56,1456.42,1492.79,1434.55,0.65717296,21.47963495
801950,2015-03-04,1462.07,1467.49,1495.73,1435.24,0.57132601,18.5826549
801950,2015-03-05,1423.55,1467.72,1471.66,1409.74,0.4873364,15.47781845
801950,2015-03-06,1418.85,1426.2,1439.07,1400.29,0.34172881,10.75309593
801950,2015-03-09,1428.69,1408.6,1433.49,1394.64,0.30410366,9.55637165
801950,2015-03-10,1420.1,1425.74,1434.89,1408.93,0.27393156,8.62475886
801950,2015-03-11,1398.17,1418.37,1434.63,1389.5,0.33624275,10.53739303
801950,2015-03-12,1405.38,1405.69,1417.77,1387.89,0.25292294,7.87495807
801950,2015-03-13,1410.19,1400.96,1421.69,1394.69,0.2868574,9.0023398
801950,2015-03-16,1452.63,1418.23,1455.32,1414.12,0.50470587,16.1647631
801950,2015-03-17,1495.34,1461.39,1525.44,1443.42,0.87401737,29.05468175
801950,2015-03-18,1547.92,1492.8,1576.41,1475.16,0.89825118,30.71924274
801950,2015-03-19,1542.5,1556.29,1581.58,1524.48,0.76094818,26.36178192
801950,2015-03-20,1534.21,1542.93,1574.1,1522.43,0.58237039,19.97787922
801950,2015-03-23,1556.05,1538.37,1567.75,1533.73,0.55567616,19.11671701
801950,2015-03-24,1589.98,1563.49,1623.76,1534.66,0.94108134,33.15927554
801950,2015-03-25,1560.0,1584.68,1593.7,1550.48,0.65630833,22.91815957
801950,2015-03-26,1564.73,1558.05,1605.43,1537.66,0.69226772,24.25438037
801950,2015-03-27,1551.04,1571.12,1586.86,1537.54,0.46770133,16.05206815
801950,2015-03-30,1599.0,1559.47,1609.45,1554.66,0.6198822,21.8085307
801950,2015-03-31,1636.61,1629.15,1694.08,1600.59,0.93473884,34.4213137
801950,2015-04-01,1672.59,1635.27,1681.95,1618.61,0.66269374,24.56927558
801950,2015-04-02,1681.96,1668.35,1702.71,1642.55,0.71852478,26.90870908
801950,2015-04-03,1705.85,1669.43,1717.48,1655.11,0.74484215,27.67873204
801950,2015-04-07,1686.81,1713.42,1725.42,1672.7,0.59715486,22.28645259
801950,2015-04-08,1632.89,1686.15,1690.18,1606.67,0.71553464,25.75276065
801950,2015-04-09,1594.03,1636.72,1647.18,1554.82,0.52296811,18.32929591
801950,2015-04-10,1706.56,1594.03,1711.34,1581.91,0.75864904,28.8866099
801950,2015-04-13,1722.26,1710.32,1761.17,1690.22,0.70860363,27.64996591
801950,2015-04-14,1732.66,1696.04,1759.46,1669.69,0.60681373,23.12623439
801950,2015-04-15,1687.82,1763.72,1775.0,1670.36,0.6085611,23.51207654
801950,2015-04-16,1718.07,1677.31,1747.57,1648.13,0.47180997,18.30246914
801950,2015-04-17,1852.0,1722.23,1875.53,1722.23,1.20374816,47.805472
801950,2015-04-20,1983.92,1836.17,2027.94,1809.79,1.48537591,64.30673788
801950,2015-04-21,1977.42,1993.48,2153.9,1937.92,1.43514577,66.28599658
801950,2015-04-22,2018.84,1984.52,2060.54,1937.03,0.88405663,39.23911123
801950,2015-04-23,1982.43,2024.87,2026.29,1957.86,0.6961475,30.98550257
801950,2015-04-24,2044.32,1979.73,2130.09,1969.47,0.80562246,37.50135721
801950,2015-04-27,2167.1,2151.6,2215.31,2133.97,0.52745413,27.06754975
801950,2015-04-28,2122.49,2173.7,2258.42,2079.25,1.3085283,60.16073641
801950,2015-04-29,2260.58,2086.26,2290.1,2046.51,0.8821048,41.65425856
801950,2015-04-30,2277.97,2304.81,2414.3,2269.1,1.13899663,57.48922038
801950,2015-05-04,2374.8,2291.72,2419.38,2245.16,0.97236141,49.78937254
801950,2015-05-05,2379.67,2398.68,2478.96,2299.47,1.14354062,60.84160581
801950,2015-05-06,2317.16,2398.57,2427.25,2269.65,0.87357737,45.5339318
801950,2015-05-07,2187.66,2283.39,2305.9,2175.13,0.75570342,36.8995942
801950,2015-05-08,2259.59,2201.29,2265.36,2128.65,0.90018832,42.51572818
801950,2015-05-11,2358.13,2287.55,2386.5,2224.22,0.98566587,49.73047879
801950,2015-05-12,2593.93,2393.06,2593.93,2352.36,1.31692802,72.71286022
801950,2015-05-13,2590.87,2639.67,2767.93,2523.25,1.35691911,80.33931193
801950,2015-05-14,2577.28,2585.63,2673.45,2534.39,0.8014685,46.76549234
801950,2015-05-15,2712.72,2577.71,2774.87,2553.33,1.0863841,65.06371935
801950,2015-05-18,2759.58,2770.0,2890.7,2678.43,1.04730776,65.18415089
801950,2015-05-19,2745.83,2752.91,2780.0,2649.61,0.74311564,44.63165059
801950,2015-05-20,2828.58,2760.58,2954.95,2759.52,0.78535684,49.89607047
801950,2015-05-21,2858.54,2891.52,2914.21,2797.59,0.6839821,42.61752953
801950,2015-05-22,2916.3,2867.77,2921.41,2768.21,0.80993957,50.77465105
801950,2015-05-25,3174.01,2875.02,3182.51,2831.09,0.98716067,66.59218419
801950,2015-05-26,3483.58,3303.1,3491.44,3209.55,1.05721353,79.22604867
801950,2015-05-27,3502.56,3512.32,3691.6,3353.55,1.06563172,83.47594352
801950,2015-05-28,3165.8,3435.56,3549.83,3152.31,0.98952913,73.52113641
801950,2015-05-29,3231.75,3106.13,3349.28,2953.07,0.94471018,67.49403168
801950,2015-06-01,3367.82,3212.78,3418.23,3165.32,0.71319454,53.20236422
801950,2015-06-02,3429.12,3363.5,3513.47,3307.56,0.6840809,52.16797391
801950,2015-06-03,3267.48,3411.48,3437.38,3190.66,0.71869862,52.82405303
801950,2015-06-04,3200.18,3300.61,3311.66,2949.97,0.61544785,42.82378715
801950,2015-06-05,3263.51,3248.15,3391.42,3187.23,0.57337416,42.10259807
801950,2015-06-08,3124.13,3261.41,3262.6,3077.28,0.56962909,39.94891183
801950,2015-06-09,3165.43,3106.61,3241.81,3071.15,0.49536367,34.96713895
801950,2015-06-10,3167.7,3134.29,3228.01,3095.49,0.46519596,32.96965438
801950,2015-06-11,3215.68,3162.53,3223.86,3113.01,0.51044199,36.03189129
801950,2015-06-12,3287.67,3250.27,3345.17,3202.7,0.73207406,53.78912601
801950,2015-06-15,3196.96,3319.15,3447.35,3178.67,0.74199385,55.1056994
801950,2015-06-16,2907.82,3159.44,3160.29,2881.31,0.77197469,51.38225541
801950,2015-06-17,2888.64,2868.74,2942.88,2647.97,0.70186689,43.67152774
801950,2015-06-18,2726.89,2878.46,2921.21,2669.14,0.5376998,33.53274318
801950,2015-06-19,2684.82,2716.05,2854.95,2613.53,0.67360208,41.16888795
801950,2015-06-23,2945.91,2717.62,2952.77,2616.34,0.8095818,50.58000339
801950,2015-06-24,3015.81,2988.68,3132.34,2943.73,0.97137407,65.73373404
801950,2015-06-25,2885.29,2993.23,3098.5,2815.69,0.76041653,50.7839988
801950,2015-06-26,2596.82,2754.79,2818.77,2596.82,0.67987979,40.49875274
801950,2015-06-29,2349.16,2689.47,2706.04,2337.09,0.84695497,46.52611022
801950,2015-06-30,2476.78,2300.81,2506.4,2114.29,1.07785161,54.93325003
801950,2015-07-01,2263.91,2461.56,2570.72,2238.58,0.9026643,49.36458373
801950,2015-07-02,2037.68,2223.57,2233.23,2037.68,0.84728409,40.05606903
801950,2015-07-03,1833.73,1903.61,2047.71,1833.73,0.8621007,36.06900555
801950,2015-07-06,1658.87,2017.21,2017.21,1650.5,1.41653741,55.78020655
801950,2015-07-07,1493.04,1558.36,1627.33,1493.04,1.41793474,46.59670908
801950,2015-07-08,1345.88,1343.65,1411.64,1343.65,1.29185662,37.36255749
801950,2015-07-09,1480.43,1283.05,1480.43,1283.05,1.4877529,46.12252686
801950,2015-07-10,1628.51,1596.25,1628.51,1581.99,0.52328451,18.92692548
801950,2015-07-13,1791.42,1775.5,1791.42,1752.83,0.5725162,23.64136088
801950,2015-07-14,1970.54,1907.65,1970.54,1901.52,0.86055307,38.74808521
801950,2015-07-16,2058.13,1910.24,2087.2,1750.95,1.43410754,62.97682903
801950,2015-07-17,2264.06,2067.31,2264.06,2067.31,1.01762596,49.52950966
801950,2015-07-20,2459.54,2389.66,2490.38,2331.19,1.89958249,101.88044445
801950,2015-07-21,2412.47,2410.16,2508.86,2336.46,1.35026595,72.55602892
801950,2015-07-22,2636.37,2423.63,2645.16,2418.28,1.4515135,82.882541
801950,2015-07-23,2711.31,2657.88,2797.57,2543.7,1.42434338,82.88559024
801950,2015-07-24,2757.55,2666.74,2899.05,2647.89,1.48824669,91.20911723
801950,2015-07-27,2501.23,2682.97,2860.68,2484.89,1.74473337,104.75937649
801950,2015-07-28,2534.42,2316.26,2678.8,2296.03,1.8348063,100.13505726
801950,2015-07-29,2787.87,2587.11,2787.87,2473.54,1.67103069,98.53016688
801950,2015-07-30,2828.39,2789.92,3041.59,2674.42,1.88700794,122.56447704
801950,2015-07-31,2545.51,2777.4,2860.52,2545.51,1.42913925,85.65083305
801950,2015-08-03,2291.99,2400.14,2469.52,2291.0,1.08110181,56.03609217
801950,2015-08-04,2521.3,2254.68,2521.3,2254.68,1.42536699,77.16911487
801950,2015-08-05,2504.29,2598.63,2653.85,2436.37,1.537749,87.94571213
801950,2015-08-06,2395.85,2401.09,2536.16,2368.47,0.92650356,50.16208515
801950,2015-08-07,2509.83,2454.02,2537.22,2393.5,0.99945684,54.48759307
801950,2015-08-10,2743.12,2569.35,2755.78,2554.95,1.4308565,84.95666995
801950,2015-08-11,2718.21,2758.81,2834.35,2630.08,1.4335211,86.47931719
801950,2015-08-12,2735.17,2829.4,2890.21,2690.33,1.25120501,77.60330749
801950,2015-08-13,2767.66,2672.55,2784.82,2582.59,1.08847339,64.64842546
801950,2015-08-14,2726.12,2770.79,2807.83,2691.99,0.89174413,54.16076779
801950,2015-08-17,2751.56,2723.59,2855.82,2685.58,1.10041502,68.28544309
801950,2015-08-18,2476.4,2743.36,2747.24,2476.4,1.18848958,68.38185022
801950,2015-08-19,2509.59,2355.0,2547.94,2256.44,1.01871186,54.77279289
801950,2015-08-20,2320.01,2499.33,2527.15,2307.91,0.81882144,44.84977953
801950,2015-08-21,2288.76,2298.58,2466.55,2194.88,0.9284403,48.15917535
801950,2015-08-24,2060.01,2175.12,2225.51,2060.01,0.63887266,29.36900352
801950,2015-08-25,1854.23,1854.23,1886.99,1854.23,0.37817632,15.26612819
801950,2015-08-26,1668.97,1781.29,1907.07,1668.97,1.41806704,55.57670618
801950,2015-08-27,1802.08,1725.92,1804.53,1614.18,1.20281609,46.39177089
801950,2015-08-28,1982.3,1875.78,1982.3,1845.77,0.99107777,42.7403023
801950,2015-08-31,2088.86,2082.87,2125.72,1957.95,1.49936173,67.9069114
801950,2015-09-01,1904.69,1998.99,2023.32,1879.96,1.15537806,48.62982053
801950,2015-09-07,1647.59,1795.48,1907.78,1624.76,0.81305367,31.85681553
801950,2015-09-08,1681.18,1599.26,1705.16,1485.72,0.7876986,27.31669368
801950,2015-09-09,1719.49,1702.46,1797.01,1627.43,1.36587734,51.5215471
801950,2015-09-10,1733.36,1673.65,1805.21,1647.29,1.06745807,41.24323662
801950,2015-09-11,1708.34,1710.4,1769.92,1683.54,0.61646193,23.37413115
801950,2015-09-14,1634.52,1743.09,1770.45,1537.48,0.84048323,30.58730231
801950,2015-09-15,1484.31,1571.95,1594.25,1471.22,0.62171783,20.75722685
801950,2015-09-16,1627.49,1476.74,1632.92,1438.39,0.84006237,28.43727036
801950,2015-09-17,1586.52,1636.5,1715.98,1579.37,1.04383352,38.22600551
801950,2015-09-18,1583.72,1603.43,1629.3,1543.54,0.54573265,19.02536657
801950,2015-09-21,1711.22,1604.6,1714.43,1592.64,0.92001114,33.66306724
801950,2015-09-22,1721.59,1739.31,1787.41,1685.86,0.90916016,34.57950356
801950,2015-09-23,1710.58,1677.46,1748.13,1660.72,0.64418998,24.20189546
801950,2015-09-24,1774.36,1721.27,1803.52,1713.05,0.71792413,28.08830517
801950,2015-09-25,1716.43,1757.0,1809.68,1691.38,0.68536391,26.27469385
801950,2015-09-28,1725.5,1716.48,1751.78,1633.2,0.431162,15.95771306
801950,2015-09-29,1651.96,1694.7,1705.6,1644.1,0.36109712,13.13637464
801950,2015-09-30,1744.31,1676.73,1804.0,1671.3,0.53882988,20.29571911
801950,2015-10-08,1805.34,1749.89,1852.7,1738.08,0.43334267,16.77897264
801950,2015-10-09,1847.06,1766.53,1916.61,1753.91,0.4964584,20.20509443
801950,2015-10-12,1847.06,1817.9,1954.62,1801.79,0.75812901,31.8451819
801950,2015-10-13,1878.09,1809.89,1915.58,1799.73,0.40638181,16.78600405
801950,2015-10-14,1952.17,1984.44,1991.22,1948.68,0.37138356,15.4713528
801950,2015-10-15,2101.73,2032.03,2102.76,1962.82,0.99832165,45.52008045
801950,2015-10-16,2166.33,2128.67,2238.75,2099.88,0.94257433,45.21651224
801950,2015-10-19,2063.31,2178.08,2180.51,2046.95,0.89446254,41.3679383
801950,2015-10-20,2113.43,2050.87,2138.89,2050.87,0.71223352,32.5133889
801950,2015-10-21,2005.59,2117.79,2169.4,1954.02,0.97902666,44.42421272
801950,2015-10-22,2143.45,2000.16,2171.96,1970.26,0.88865876,41.32812082
801950,2015-10-23,2127.55,2154.63,2204.83,2085.51,0.87509385,41.79684234
801950,2015-10-26,2147.5,2145.56,2216.69,2077.67,0.91221265,42.18891578
801950,2015-10-27,2289.16,2147.16,2297.06,2071.07,1.26349924,60.06072495
801950,2015-10-28,2179.68,2295.77,2312.01,2166.14,1.00021679,49.18097508
801950,2015-10-29,2220.16,2189.89,2296.17,2166.72,0.82313001,40.39354734
801950,2015-10-30,2220.73,2205.45,2262.43,2187.18,0.60982124,30.10844176
801950,2015-11-02,2140.06,2208.49,2243.08,2105.66,0.64007736,30.6340762
801950,2015-11-03,2132.02,2154.83,2191.1,2067.38,0.60999839,28.58146677
801950,2015-11-04,2240.75,2173.86,2246.92,2145.23,0.74099188,35.77131162
801950,2015-11-05,2224.59,2232.86,2348.78,2171.36,1.26984087,63.39216878
801950,2015-11-06,2314.86,2219.87,2342.53,2204.9,0.96654301,48.92805692
801950,2015-11-09,2302.51,2290.59,2354.87,2239.35,0.94895123,48.38715072
801950,2015-11-10,2278.07,2287.87,2383.99,2238.87,1.22775305,63.02237428
801950,2015-11-11,2273.71,2308.05,2309.53,2233.07,0.7920303,39.57944771
801950,2015-11-12,2288.64,2278.6,2359.26,2256.3,0.879995,44.8667767
801950,2015-11-13,2240.77,2284.63,2312.66,2214.98,0.85320778,42.721842
801950,2015-11-16,2250.27,2186.41,2258.91,2169.61,0.58688404,28.79696944
801950,2015-11-17,2312.9,2275.77,2419.98,2239.24,1.21642453,62.68956868
801950,2015-11-18,2222.57,2303.84,2327.13,2209.24,0.67210888,33.74458256
801950,2015-11-19,2282.86,2229.81,2290.09,2222.24,0.52369795,25.98179768
801950,2015-11-20,2333.35,2292.08,2386.59,2279.86,0.91464374,47.07634805
801950,2015-11-23,2283.4,2352.96,2384.11,2267.61,0.69889626,35.87894354
801950,2015-11-24,2246.26,2282.0,2292.25,2209.74,0.53958998,26.57867745
801950,2015-11-25,2277.11,2312.37,2320.63,2259.46,0.5307865,26.74700203
801950,2015-11-26,2280.4,2269.86,2337.12,2213.94,0.71819353,35.9654043
801950,2015-11-30,2036.66,2091.36,2117.19,1917.39,0.68700212,30.52134396
801950,2015-12-01,2017.12,2041.63,2067.23,1999.03,0.4171261,18.65554682
801950,2015-12-02,2010.03,2022.43,2034.84,1930.65,0.40808484,17.85620969
801950,2015-12-03,2056.84,2013.93,2059.48,2001.64,0.37049821,16.59066204
801950,2015-12-04,2019.49,2057.75,2068.48,2003.53,0.34667506,15.59131359
801950,2015-12-07,2029.5,2015.74,2044.38,1981.0,0.33223399,14.71971287
801950,2015-12-08,1959.16,2012.19,2012.19,1958.3,0.33330638,14.51860643
801950,2015-12-09,1984.05,1936.29,2011.37,1915.44,0.40633499,17.51532565
801950,2015-12-10,1941.44,1963.65,1991.62,1933.05,0.27602993,11.91174711
801950,2015-12-11,1962.6,1942.22,1993.44,1926.64,0.30520516,13.20224508
801950,2015-12-14,2045.82,1938.78,2062.2,1932.81,0.47313025,21.04007596
801950,2015-12-15,2055.13,2042.41,2091.16,2034.22,0.37032459,16.88794806
801950,2015-12-16,2038.91,2065.48,2072.68,2031.51,0.24323803,10.95070878
801950,2015-12-17,2065.31,2067.74,2089.95,2048.61,0.34473925,15.57203875
801950,2015-12-18,2052.1,2066.71,2082.34,2039.35,0.27573483,12.43819223
801950,2015-12-21,2063.99,2056.25,2078.43,2041.61,0.28863802,13.00587122
801950,2015-12-22,2073.16,2069.29,2085.62,2044.7,0.28062733,12.67901334
801950,2015-12-23,2044.86,2073.78,2088.1,2041.7,0.31232745,14.25210894
801950,2015-12-24,1981.76,2043.51,2049.64,1964.69,0.2799717,12.28006888
801950,2015-12-25,1998.38,1983.41,2005.62,1974.36,0.18213121,7.9622752
801950,2015-12-28,1946.34,1999.44,2018.49,1943.01,0.28293262,12.33836195
801950,2015-12-29,1968.02,1949.67,1980.11,1920.15,0.23773188,10.11468701
801950,2015-12-30,2017.93,1968.02,2041.13,1949.76,0.35458916,15.57131267
801950,2015-12-31,1986.21,2014.06,2030.72,1971.65,0.2210772,9.73022921
801950,2016-01-04,1843.28,2037.74,2062.3,1837.4,0.41926667,18.37512882
801950,2016-01-05,1874.44,1747.12,1911.96,1746.87,0.47073937,19.12640587
801950,2016-01-06,1906.15,1880.77,1923.33,1867.19,0.4161259,17.33567963
801950,2016-01-07,1719.45,1859.39,1871.74,1715.54,0.11497792,4.51009731
801950,2016-01-08,1699.51,1753.79,1805.29,1605.3,0.55988098,20.9942644
801950,2016-01-11,1531.15,1632.75,1671.62,1529.67,0.46485458,16.20029693
801950,2016-01-12,1529.96,1530.08,1560.19,1470.9,0.34168304,11.3785794
801950,2016-01-13,1425.82,1542.26,1553.41,1419.77,0.29020792,9.55433879
801950,2016-01-14,1567.07,1375.46,1567.69,1366.83,0.5004499,16.29373899
801950,2016-01-15,1587.62,1564.81,1668.48,1533.63,0.703181,24.99130392
801950,2016-01-18,1630.56,1536.53,1649.72,1533.47,0.42974683,15.16595468
801950,2016-01-19,1722.86,1619.7,1768.96,1589.43,0.56156158,20.69282721
801950,2016-01-20,1714.45,1711.41,1793.84,1675.22,0.53099943,20.45406163
801950,2016-01-21,1607.03,1677.25,1745.55,1603.34,0.42480209,15.81043764
801950,2016-01-22,1656.22,1636.7,1694.39,1572.67,0.34981111,12.61808935
801950,2016-01-25,1667.94,1676.27,1692.46,1645.74,0.26475908,9.6462978
801950,2016-01-26,1534.15,1634.82,1719.97,1518.22,0.49216089,17.30140203
801950,2016-01-27,1623.78,1542.85,1648.21,1405.72,0.6168802,20.83824209
801950,2016-01-28,1482.23,1568.4,1603.87,1472.98,0.44684717,15.58690045
801950,2016-01-29,1505.77,1470.07,1558.74,1404.44,0.46209209,15.41074536
801950,2016-02-01,1455.37,1500.34,1513.9,1431.31,0.31658128,10.33904179
801950,2016-02-02,1516.0,1478.97,1540.18,1459.56,0.3824931,12.73762058
801950,2016-02-03,1521.56,1482.37,1542.22,1473.57,0.31578114,10.4264844
801950,2016-02-04,1570.53,1543.45,1590.21,1529.73,0.38801732,13.26565587
801950,2016-02-05,1569.14,1573.18,1609.44,1562.43,0.33261648,11.49451642
801950,2016-02-15,1586.67,1512.6,1594.02,1499.34,0.32809632,11.11519223
801950,2016-02-16,1644.54,1596.34,1657.95,1593.89,0.41723048,14.8686576
801950,2016-02-17,1688.75,1659.46,1743.64,1652.63,0.55729087,20.68620893
801950,2016-02-18,1652.11,1704.48,1706.52,1646.48,0.36396211,13.2123357
801950,2016-02-19,1668.64,1650.2,1685.83,1631.45,0.32082334,11.69232355
801950,2016-02-22,1685.55,1699.38,1703.41,1671.21,0.29454971,10.86719861
801950,2016-02-23,1663.34,1689.93,1698.92,1638.6,0.27099732,9.9157995
801950,2016-02-24,1677.69,1658.54,1686.38,1637.34,0.31669247,11.55482291
801950,2016-02-25,1511.42,1677.79,1682.25,1509.93,0.44263788,15.44800929
801950,2016-02-26,1537.83,1533.25,1562.56,1481.46,0.34105282,11.61663956
801950,2016-02-29,1466.27,1528.56,1535.69,1409.32,0.35867611,11.32657681
801950,2016-03-01,1526.12,1478.89,1537.11,1455.81,0.37271944,12.41768862
801950,2016-03-02,1615.82,1526.74,1623.8,1523.88,0.42746863,14.89903346
801950,2016-03-03,1630.2,1668.79,1703.08,1618.68,0.54577017,20.3638929
801950,2016-03-04,1586.22,1632.13,1667.53,1557.51,0.4365738,15.55041394
801950,2016-03-07,1620.32,1597.59,1637.86,1590.15,0.29718167,10.62340577
801950,2016-03-08,1591.64,1610.87,1610.87,1529.54,0.29200507,10.08025479
801950,2016-03-09,1570.61,1548.27,1633.79,1536.78,0.32719611,11.41903183
801950,2016-03-10,1523.24,1563.65,1581.53,1518.39,0.2448959,8.33294773
801950,2016-03-11,1526.77,1522.3,1541.36,1504.88,0.19951523,6.6960421
801950,2016-03-14,1572.56,1551.3,1590.41,1542.8,0.29597882,10.11351787
801950,2016-03-15,1544.69,1567.68,1574.47,1536.14,0.22048441,7.50466316
801950,2016-03-16,1519.74,1551.47,1556.56,1510.28,0.18324284,6.1839335
801950,2016-03-17,1578.64,1530.17,1597.08,1523.96,0.3850658,13.24014016
801950,2016-03-18,1636.03,1589.96,1659.03,1582.1,0.56876272,20.04507871
801950,2016-03-21,1683.59,1660.23,1692.36,1635.13,0.54543326,19.70080444
801950,2016-03-22,1730.52,1673.96,1789.33,1654.81,0.84133684,31.33266708
801950,2016-03-23,1752.37,1723.23,1761.93,1701.56,0.57562115,21.90675955
801950,2016-03-24,1706.98,1742.22,1791.33,1700.55,0.54635881,20.80602318
801950,2016-03-25,1698.01,1693.01,1720.07,1681.79,0.34284173,12.70682469
801950,2016-03-28,1686.31,1723.7,1758.19,1675.65,0.40063495,15.03702607
801950,2016-03-29,1656.3,1690.18,1697.99,1642.73,0.2913889,10.54802562
801950,2016-03-30,1719.05,1680.41,1720.77,1664.15,0.33813039,12.42166865
801950,2016-03-31,1708.73,1722.96,1743.87,1702.78,0.35289506,13.28137531
801950,2016-04-01,1679.39,1701.92,1712.26,1653.4,0.2726847,10.02383713
801950,2016-04-05,1720.67,1678.15,1727.84,1670.76,0.30621587,11.45630947
801950,2016-04-06,1721.04,1712.51,1738.22,1698.2,0.3483391,13.06198377
801950,2016-04-07,1669.89,1726.4,1732.05,1665.35,0.30531474,11.28895554
801950,2016-04-08,1647.89,1655.73,1679.33,1631.99,0.2587358,9.29270785
801950,2016-04-11,1677.9,1664.44,1684.61,1659.47,0.22982781,8.41789285
801950,2016-04-12,1664.4,1678.08,1683.05,1649.75,0.20681884,7.48166447
801950,2016-04-13,1690.96,1671.5,1715.02,1671.5,0.36441901,13.51720117
801950,2016-04-14,1696.98,1700.64,1705.14,1680.69,0.20291696,7.48703597
801950,2016-04-15,1689.57,1701.83,1715.32,1679.56,0.22136567,8.23863036
801950,2016-04-20,1599.42,1649.3,1684.63,1544.34,0.38918925,13.77334714
801950,2016-04-21,1569.91,1589.9,1600.72,1566.79,0.20286621,7.04025236
801950,2016-04-22,1587.45,1567.44,1599.39,1561.74,0.19344934,6.60670366
801950,2016-04-25,1614.34,1598.07,1640.5,1581.31,0.32362292,11.63786888
801950,2016-04-26,1608.25,1607.89,1614.74,1586.27,0.16700148,5.87494468
801950,2016-04-27,1582.38,1611.39,1612.54,1575.94,0.14454707,5.00445404
801950,2016-04-28,1570.47,1584.48,1591.22,1547.23,0.15076551,5.11175674
801950,2016-04-29,1562.95,1560.86,1577.3,1552.84,0.11590019,3.95701088
801950,2016-05-03,1605.94,1577.56,1606.84,1559.93,0.18834352,6.52888944
801950,2016-05-04,1592.89,1599.29,1610.76,1588.71,0.14253213,4.94552464
801950,2016-05-05,1600.15,1598.52,1625.54,1594.34,0.19125265,6.78227335
801950,2016-05-06,1541.79,1603.09,1607.43,1540.43,0.24228219,8.28637023
801950,2016-05-09,1468.76,1538.05,1538.3,1459.82,0.24088583,7.88839603
801950,2016-05-10,1472.9,1457.05,1491.59,1451.14,0.1297275,4.19395236
801950,2016-05-11,1463.99,1491.88,1493.58,1453.87,0.11381302,3.6472763
801950,2016-05-12,1469.63,1454.97,1480.14,1432.41,0.14811752,4.71152419
801950,2016-05-13,1468.74,1475.58,1490.03,1459.83,0.12604505,4.04847064
801950,2016-05-16,1477.5,1455.34,1478.76,1448.22,0.11822196,3.77072648
801950,2016-05-17,1466.77,1478.72,1482.57,1456.29,0.13732028,4.40536514
801950,2016-05-18,1434.59,1462.08,1474.2,1424.19,0.15996075,5.0643961
801950,2016-05-19,1433.06,1434.05,1453.83,1427.67,0.10541082,3.32612891
801950,2016-05-20,1458.52,1422.27,1484.33,1413.39,0.17652626,5.57010848
801950,2016-05-23,1462.62,1456.2,1473.37,1453.94,0.13517286,4.28663912
801950,2016-05-24,1435.71,1458.93,1460.97,1431.48,0.10630998,3.35235619
801950,2016-05-25,1427.78,1449.37,1451.0,1424.2,0.09610902,3.00897137
801950,2016-05-26,1421.7,1426.65,1436.78,1398.77,0.1276825,3.93910242
801950,2016-05-27,1441.71,1432.86,1454.19,1423.27,0.19642745,6.1315242
801950,2016-05-30,1424.75,1424.77,1437.37,1405.91,0.10859066,3.36622166
801950,2016-05-31,1487.51,1432.17,1493.51,1429.93,0.30066607,9.62373275
801950,2016-06-01,1504.87,1488.95,1554.84,1483.62,0.30947521,10.30220607
801950,2016-06-02,1503.87,1499.73,1514.38,1490.69,0.17475981,5.73272493
801950,2016-06-03,1507.78,1517.85,1528.11,1495.01,0.18483589,6.09759336
801950,2016-06-06,1496.59,1510.24,1516.98,1490.09,0.13656259,4.48034006
801950,2016-06-07,1500.56,1500.31,1508.49,1488.18,0.14063699,4.57434508
801950,2016-06-08,1523.45,1501.89,1538.19,1486.2,0.3159499,10.39412633
801950,2016-06-13,1481.59,1510.78,1573.56,1469.26,0.41818102,14.0392922
801950,2016-06-14,1455.77,1463.97,1479.33,1434.31,0.21062545,6.70582077
801950,2016-06-15,1490.34,1436.77,1502.03,1428.16,0.23945132,7.74929377
801950,2016-06-16,1486.71,1492.57,1512.17,1474.13,0.19840327,6.45484206
801950,2016-06-17,1493.28,1495.2,1517.28,1481.14,0.22456038,7.36918899
801950,2016-06-20,1484.79,1494.48,1499.0,1467.54,0.13818881,4.4720915
801950,2016-06-21,1475.77,1494.25,1508.54,1461.66,0.17719589,5.78663326
801950,2016-06-22,1504.45,1481.84,1506.25,1471.26,0.15910313,5.18010176
801950,2016-06-23,1540.03,1506.9,1553.67,1498.48,0.40569184,13.52736822
801950,2016-06-24,1499.37,1530.93,1541.35,1459.82,0.32201906,10.57139315
801950,2016-06-27,1562.1,1495.36,1574.92,1494.86,0.51942192,17.55692567
801950,2016-06-28,1558.22,1554.16,1569.73,1534.74,0.34594523,11.73337586
801950,2016-06-29,1545.88,1566.42,1577.01,1540.29,0.27865279,9.53625276
801950,2016-06-30,1545.7,1550.45,1561.79,1532.83,0.21134572,7.19212594
801950,2016-07-01,1572.7,1544.8,1612.69,1541.13,0.43837334,15.29551294
801950,2016-07-05,1653.21,1670.43,1737.74,1636.4,0.88422646,32.69714685
801950,2016-07-06,1672.59,1639.19,1677.22,1632.43,0.37948416,13.81248367
801950,2016-07-07,1644.17,1677.71,1678.21,1628.97,0.33800976,12.1278295
801950,2016-07-08,1673.56,1645.92,1703.2,1634.77,0.52253196,19.30148937
801950,2016-07-11,1680.73,1702.93,1733.67,1670.58,0.63129127,23.44450289
801950,2016-07-12,1703.62,1672.86,1719.25,1647.93,0.60819907,22.38796237
801950,2016-07-13,1696.63,1723.4,1726.33,1671.3,0.52150594,19.34920749
801950,2016-07-14,1717.02,1696.77,1760.25,1682.24,0.53470553,20.37021088
801950,2016-07-15,1671.16,1704.91,1711.28,1662.19,0.35860062,13.16326118
801950,2016-07-18,1636.41,1666.05,1673.18,1628.54,0.25156662,9.10135024
801950,2016-07-19,1647.96,1638.44,1656.37,1631.18,0.17024133,6.11303095
801950,2016-07-20,1640.96,1643.84,1661.04,1636.84,0.16120688,5.80892266
801950,2016-07-21,1636.55,1642.39,1651.8,1633.64,0.1832335,6.57991955
801950,2016-07-22,1629.71,1644.8,1662.43,1625.57,0.24966476,8.97857959
801950,2016-07-25,1614.63,1628.22,1645.69,1604.26,0.21150509,7.49255619
801950,2016-07-26,1634.51,1615.29,1635.37,1610.82,0.16689404,5.95058076
801950,2016-07-27,1570.86,1638.19,1657.68,1556.87,0.37988652,13.33599615
801950,2016-07-28,1586.44,1569.55,1598.19,1551.54,0.23128585,7.98165643
801950,2016-07-29,1551.06,1585.54,1585.54,1542.72,0.16221187,5.55435251
801950,2016-08-01,1523.38,1549.52,1555.73,1513.16,0.14910364,4.9890464
801950,2016-08-02,1535.81,1521.43,1536.76,1518.45,0.08231258,2.75187166
801950,2016-08-03,1545.11,1529.48,1550.13,1524.22,0.10709499,3.61096933
801950,2016-08-04,1549.57,1545.47,1558.36,1525.87,0.1412351,4.77654269
801950,2016-08-05,1531.34,1549.57,1552.05,1526.5,0.10740158,3.62598489
801950,2016-08-08,1588.63,1535.01,1598.25,1519.28,0.25789357,8.85373657
801950,2016-08-09,1577.47,1571.99,1584.15,1566.08,0.14685022,5.06417638
801950,2016-08-10,1568.85,1577.45,1587.74,1565.09,0.11307647,3.90626583
801950,2016-08-11,1535.7,1569.6,1572.35,1534.03,0.13855331,4.72894625
801950,2016-08-12,1558.28,1535.13,1568.24,1532.89,0.11634246,3.97108159
801950,2016-08-15,1596.61,1569.35,1606.01,1560.76,0.27539179,9.59881811
801950,2016-08-16,1601.67,1605.38,1616.82,1596.05,0.22449201,7.92807316
801950,2016-08-17,1611.98,1601.67,1637.1,1590.99,0.25745947,9.18198398
801950,2016-08-18,1597.97,1608.06,1611.73,1587.73,0.16304396,5.72128152
801950,2016-08-19,1597.91,1598.59,1608.67,1584.25,0.11997867,4.21228692
801950,2016-08-22,1573.43,1597.1,1603.31,1569.43,0.11782319,4.10563531
801950,2016-08-23,1570.59,1571.1,1585.24,1562.64,0.08431567,2.91869002
801950,2016-08-24,1586.51,1571.0,1608.98,1568.78,0.143945,5.05189927
801950,2016-08-25,1558.6,1576.27,1577.08,1546.99,0.15412627,5.27272128
801950,2016-08-26,1574.19,1560.28,1589.3,1558.09,0.15099663,5.26581407
801950,2016-08-29,1598.82,1656.68,1658.71,1595.02,0.33189971,12.27534688
801950,2016-08-30,1642.46,1604.92,1679.86,1589.24,0.41691028,15.59835439
801950,2016-08-31,1626.93,1626.74,1639.38,1610.52,0.22921566,8.42113883
801950,2016-09-01,1614.23,1625.7,1649.51,1612.54,0.1982416,7.21532581
801950,2016-09-02,1587.04,1611.93,1620.36,1575.71,0.17780092,6.27824092
801950,2016-09-05,1590.74,1596.28,1605.55,1583.74,0.11275113,4.00365429
801950,2016-09-06,1598.8,1590.74,1600.25,1564.01,0.14948521,5.19528174
801950,2016-09-07,1596.48,1601.58,1615.34,1593.78,0.15029057,5.33185699
801950,2016-09-08,1590.19,1596.57,1602.71,1582.37,0.10894815,3.8088987
801950,2016-09-09,1578.28,1591.37,1603.55,1576.92,0.1203372,4.19758484
801950,2016-09-12,1532.91,1549.3,1561.04,1528.75,0.17741613,6.02594683
801950,2016-09-13,1545.32,1539.94,1552.84,1526.38,0.10387516,3.51739072
801950,2016-09-14,1535.27,1536.03,1544.79,1528.22,0.09533399,3.23050244
801950,2016-09-19,1539.2,1536.13,1546.06,1532.26,0.10957977,3.67461132
801950,2016-09-20,1529.04,1537.71,1541.89,1526.87,0.0790143,2.64468044
801950,2016-09-21,1531.68,1530.4,1538.18,1528.14,0.06037339,2.0366039
801950,2016-09-22,1532.39,1537.4,1543.87,1530.87,0.08111705,2.72937929
801950,2016-09-23,1520.42,1532.41,1535.42,1519.43,0.0788378,2.63903482
801950,2016-09-26,1476.54,1518.34,1518.54,1474.82,0.13548965,4.41272855
801950,2016-09-27,1490.27,1473.36,1495.9,1469.63,0.09524659,3.08949099
801950,2016-09-28,1498.1,1494.0,1504.39,1480.64,0.09062956,2.9560524
801950,2016-09-29,1491.36,1496.88,1502.87,1490.14,0.06154311,2.02685972
801950,2016-09-30,1501.17,1493.73,1508.76,1489.94,0.07898779,2.58404594
801950,2016-10-10,1529.72,1509.35,1532.26,1508.86,0.1072762,3.57743203
801950,2016-10-11,1529.32,1520.36,1535.93,1513.95,0.04999948,1.62105365
801950,2016-10-12,1528.5,1512.41,1531.44,1511.71,0.03532769,1.14090183
801950,2016-10-13,1531.36,1518.12,1533.28,1514.57,0.04789251,1.55208013
801950,2016-10-14,1529.93,1519.55,1534.91,1512.93,0.05391589,1.74733931
801950,2016-10-17,1520.96,1529.74,1544.09,1506.82,0.0909855,2.95091218
801950,2016-10-18,1525.85,1505.07,1526.75,1504.37,0.05788188,1.85279561
801950,2016-10-19,1527.89,1515.47,1535.32,1511.92,0.07089562,2.2958613
801950,2016-10-20,1523.2,1517.71,1531.65,1508.65,0.04765316,1.53373787
801950,2016-10-21,1523.61,1511.39,1528.59,1505.59,0.05057793,1.62119067
801950,2016-10-24,1529.72,1510.37,1531.85,1506.0,0.08296842,2.67649362
801950,2016-10-25,1527.48,1516.29,1530.63,1511.3,0.04883289,1.57416411
801950,2016-10-26,1519.94,1516.08,1529.41,1506.61,0.06105029,1.95523206
801950,2016-10-27,1520.75,1506.5,1523.7,1505.8,0.04503129,1.43863931
801950,2016-10-28,1515.45,1506.7,1526.35,1502.13,0.0694017,2.21083875
801950,2016-10-31,1515.25,1498.75,1517.99,1495.2,0.04061261,1.28411956
801950,2016-11-01,1518.1,1503.24,1519.82,1501.31,0.03973583,1.26180229
801950,2016-11-02,1516.06,1505.89,1524.1,1502.94,0.06354311,2.02735196
801950,2016-11-03,1519.73,1503.85,1524.92,1499.27,0.07706573,2.45419911
801950,2016-11-04,1515.65,1507.31,1523.9,1501.11,0.0508748,1.618773
801950,2016-11-07,1512.6,1503.85,1517.17,1497.44,0.04037758,1.274112
801950,2016-11-08,1527.15,1532.63,1567.98,1513.62,0.25610236,9.04522019
801950,2016-11-09,1521.48,1521.85,1536.91,1503.22,0.17335446,5.8967587
801950,2016-11-10,1528.75,1533.38,1537.92,1519.93,0.1291185,4.38741751
801950,2016-11-11,1535.97,1528.5,1540.65,1516.46,0.1695702,5.7063655
801950,2016-11-14,1531.67,1523.8,1540.66,1521.45,0.16587171,5.57245922
801950,2016-11-15,1520.07,1529.8,1533.66,1510.1,0.16024877,5.42108041
801950,2016-11-16,1512.07,1519.82,1526.15,1510.15,0.13954534,4.68811054
801950,2016-11-17,1513.83,1514.41,1520.12,1504.22,0.10486569,3.47164281
801950,2016-11-18,1508.96,1515.77,1523.21,1507.1,0.10964159,3.65879747
801950,2016-11-21,1511.38,1507.73,1524.21,1504.89,0.12229058,4.03870406
801950,2016-11-22,1517.36,1517.1,1521.68,1507.18,0.13116073,4.36909397
801950,2016-11-23,1556.28,1520.44,1578.41,1515.67,0.48543731,16.32908617
801950,2016-11-24,1530.99,1553.9,1554.15,1528.73,0.24999449,8.40457043
801950,2016-11-25,1543.23,1534.74,1554.84,1523.67,0.22507794,7.58715106
801950,2016-11-28,1543.15,1542.67,1556.67,1535.45,0.1861822,6.31665112
801950,2016-11-29,1550.21,1547.65,1573.37,1540.05,0.31953769,10.94031665
801950,2016-11-30,1539.28,1545.76,1555.2,1530.06,0.20198467,6.80382316
801950,2016-12-01,1541.85,1542.83,1551.48,1532.32,0.15892626,5.36157208
801950,2016-12-02,1523.88,1542.89,1561.84,1523.18,0.22329059,7.54061047
801950,2016-12-05,1530.62,1507.31,1558.31,1501.96,0.21409057,7.20622461
801950,2016-12-06,1517.72,1535.05,1543.11,1515.25,0.13133892,4.3979892
801950,2016-12-07,1532.08,1522.68,1538.7,1515.73,0.18868899,6.32697173
801950,2016-12-08,1512.87,1535.51,1539.56,1510.85,0.17701716,5.93429033
801950,2016-12-09,1492.07,1508.75,1519.2,1482.96,0.21665662,7.16998993
801950,2016-12-12,1436.71,1495.66,1508.19,1426.62,0.2573631,8.2842352
801950,2016-12-13,1442.29,1434.92,1455.32,1420.14,0.17038812,5.36605348
801950,2016-12-14,1463.64,1445.96,1508.13,1417.67,0.2948177,9.53016762
801950,2016-12-15,1476.82,1449.67,1506.16,1444.65,0.25138844,8.27592774
801950,2016-12-16,1465.24,1472.27,1478.34,1454.33,0.13858696,4.47518479
801950,2016-12-19,1463.73,1466.94,1477.64,1455.93,0.0995128,3.19474379
801950,2016-12-20,1450.21,1465.22,1469.97,1440.53,0.11718151,3.74120781
801950,2016-12-21,1467.8,1453.06,1480.52,1449.04,0.20280188,6.50225215
801950,2016-12-22,1474.87,1469.09,1490.98,1462.33,0.19779577,6.38475587
801950,2016-12-23,1464.62,1470.26,1485.49,1460.08,0.12958939,4.18249744
801950,2016-12-26,1467.62,1453.27,1470.74,1437.07,0.11996559,3.83441327
801950,2016-12-27,1458.11,1462.24,1468.24,1453.99,0.09128674,2.92869972
801950,2016-12-28,1451.25,1459.78,1475.09,1449.48,0.09944347,3.19762923
801950,2016-12-29,1447.87,1452.22,1460.97,1445.43,0.07308527,2.33275789
801950,2016-12-30,1450.14,1448.73,1458.88,1442.76,0.09131723,2.92279447
801950,2017-01-03,1483.18,1449.58,1491.66,1449.58,0.1540504,5.01567031
801950,2017-01-04,1486.73,1483.94,1490.23,1474.04,0.1333395,4.3474706
801950,2017-01-05,1501.33,1488.36,1521.18,1480.74,0.274704,9.09204325
801950,2017-01-06,1496.38,1509.5,1516.65,1490.19,0.17271011,5.685512
801950,2017-01-09,1548.72,1499.14,1560.26,1492.57,0.41989505,14.10048529
801950,2017-01-10,1523.48,1548.88,1548.88,1519.46,0.25904265,8.67357142
801950,2017-01-11,1514.63,1526.21,1545.3,1506.44,0.2291503,7.67873479
801950,2017-01-12,1491.97,1508.87,1520.38,1488.31,0.15731727,5.19446645
801950,2017-01-13,1497.28,1489.8,1509.89,1482.42,0.1574694,5.18003809
801950,2017-01-16,1503.4,1490.39,1511.91,1448.2,0.25754531,8.39674721
801950,2017-01-17,1518.47,1489.93,1522.17,1489.32,0.16568832,5.48537096
801950,2017-01-18,1504.06,1507.98,1521.75,1500.53,0.10894961,3.60501853
801950,2017-01-19,1492.62,1500.84,1511.2,1489.0,0.10381283,3.4101246
801950,2017-01-20,1511.21,1491.76,1512.69,1489.45,0.11113732,3.67078336
801950,2021-12-13,2427.14,2402.39,2438.51,2402.39,22.24317921,192.53711168
801950,2021-12-14,2371.72,2417.9,2417.9,2365.89,16.72881519,144.94109958
801950,2021-12-15,2404.32,2371.95,2426.2,2367.79,17.21934377,161.35985096
801950,2021-12-16,2555.81,2425.23,2556.51,2425.23,33.65364716,316.05827595
801950,2021-12-17,2503.91,2578.43,2578.62,2502.64,30.23352645,291.39714079
801950,2021-12-20,2446.48,2503.73,2516.64,2443.13,23.99911048,217.75064788
801950,2021-12-21,2481.81,2435.71,2499.29,2435.71,21.14561929,160.53719999
801950,2021-12-22,2490.59,2477.0,2503.08,2452.28,18.8777474,163.69294485
801950,2021-12-23,2556.8,2481.89,2570.86,2481.77,22.4687861,215.54928891
801950,2021-12-24,2510.2,2554.76,2566.24,2507.14,20.94441204,201.03884185
801950,2021-12-27,2527.72,2510.24,2563.13,2510.24,16.82614637,173.73319126
801950,2021-12-28,2447.6,2533.01,2533.01,2431.21,19.89388313,205.58286712
801950,2021-12-29,2432.42,2440.5,2472.09,2432.42,17.76283162,151.53635257
801950,2021-12-30,2415.55,2423.39,2429.51,2410.47,14.67341761,132.53818681
801950,2021-12-31,2408.54,2409.98,2425.68,2398.76,16.06825463,155.51925429
801950,2022-01-04,2448.38,2470.66,2495.28,2440.03,25.59916087,205.5949758
801950,2022-01-05,2412.9,2434.46,2436.35,2392.34,20.05037639,173.48236793
801950,2022-01-06,2417.7,2401.81,2432.72,2401.08,13.98498619,129.10596051
801950,2022-01-07,2416.67,2410.82,2445.08,2410.82,15.93528868,139.45727585
801950,2022-01-10,2458.91,2421.72,2460.11,2413.57,15.32597924,133.13886151
801950,2022-01-11,2431.47,2435.25,2448.3,2423.6,13.50322596,122.68790688
801950,2022-01-12,2439.83,2436.57,2441.22,2408.48,11.95075237,100.63365887
801950,2022-01-13,2468.89,2446.48,2512.05,2446.48,21.01372736,183.47432557
801950,2022-01-14,2389.95,2446.38,2446.38,2388.89,17.2673774,132.47563793
801950,2022-01-17,2410.14,2400.13,2422.59,2385.74,13.05131285,107.62573404
801950,2022-01-18,2470.07,2409.16,2478.5,2400.21,17.30128998,152.72626315
801950,2022-01-19,2479.24,2485.57,2526.09,2466.55,18.83067865,166.99759337
801950,2022-01-20,2469.43,2458.95,2487.25,2441.78,14.80905532,126.61185362
801950,2022-01-21,2521.44,2489.41,2531.08,2476.49,19.08520873,164.29893465
801950,2022-01-24,2512.73,2507.77,2524.29,2467.61,17.11538002,149.94596763
801950,2022-01-25,2394.15,2488.18,2488.18,2392.75,16.9044016,135.91865253
801950,2022-01-26,2394.27,2394.58,2413.95,2358.37,13.8587655,120.67273214
801950,2022-01-27,2384.48,2403.07,2438.7,2384.12,13.78796226,111.43436953
801950,2022-01-28,2307.15,2378.06,2390.49,2287.56,14.46006606,117.38215647
801950,2022-02-07,2401.5,2348.1,2414.7,2347.68,14.50785073,117.03048231
801950,2022-02-08,2534.99,2458.56,2538.84,2458.49,22.5909865,193.01024804
801950,2022-02-09,2532.98,2522.92,2567.79,2497.95,20.8839318,178.6297626
801950,2022-02-10,2593.65,2492.86,2595.68,2472.95,18.00105652,152.67247861
801950,2022-02-11,2626.93,2581.85,2670.15,2579.78,21.50989717,197.74088757
801950,2022-02-14,2595.69,2619.32,2643.75,2582.38,15.18861137,132.59181236
801950,2022-02-15,2551.59,2576.26,2576.26,2529.15,13.03162041,116.76893391
801950,2022-02-16,2578.8,2553.63,2580.07,2542.53,11.62831236,107.31429292
801950,2022-02-17,2586.69,2563.64,2599.51,2545.59,11.06195924,100.30778616
801950,2022-02-18,2676.54,2586.32,2696.61,2586.32,21.41231015,186.12185538
801950,2022-02-21,2741.36,2691.14,2746.67,2677.33,22.40134277,199.51087858
801950,2022-02-22,2750.12,2716.91,2770.76,2695.72,19.20444367,176.50020251
801950,2022-02-23,2708.95,2741.39,2744.96,2673.08,17.10428913,152.8263552
801950,2022-02-24,2673.31,2695.66,2716.28,2638.37,19.47679443,175.33233048
801950,2022-02-25,2607.43,2663.43,2713.64,2556.32,21.11462338,209.51961331
801950,2022-02-28,2665.51,2605.94,2670.0,2605.94,16.03110832,153.24025762
801950,2022-03-01,2734.72,2683.29,2739.98,2659.06,16.6887057,154.54435546
801950,2022-03-02,2792.86,2763.39,2796.33,2749.21,20.11484353,197.3893719
801950,2022-03-04,2874.61,2848.55,2937.79,2815.46,27.66842058,242.09286023
801950,2022-03-07,2873.58,2953.77,2964.99,2852.72,25.21961223,238.08653365
801950,2022-03-08,2717.5,2834.14,2859.95,2710.87,22.16737812,208.31546459
801950,2022-03-09,2776.15,2731.88,2820.95,2663.43,24.09562802,217.26507661
801950,2022-03-10,2781.89,2733.32,2825.45,2688.51,19.6602895,183.07843033
801950,2022-03-11,2785.48,2769.19,2831.41,2707.45,19.30464118,183.41527656
801950,2022-03-14,2680.39,2725.36,2827.39,2680.39,18.92720015,178.5776534
801950,2022-03-15,2463.78,2654.43,2654.43,2463.78,23.73617832,197.94331696
801950,2022-03-16,2522.53,2497.27,2536.43,2414.33,17.98634954,147.02744525
801950,2022-03-17,2564.69,2545.91,2598.66,2477.18,17.99831942,159.79637793
801950,2022-03-18,2682.12,2575.33,2696.14,2575.33,20.50162901,171.65726678
801950,2022-03-21,2753.45,2682.25,2784.41,2682.25,18.15556154,158.20983063
801950,2022-03-22,2839.34,2750.08,2843.63,2750.08,17.83697781,172.16560903
801950,2022-03-24,2856.1,2845.94,2902.04,2838.97,15.77353641,159.38513641
801950,2022-03-25,2838.76,2835.42,2894.52,2811.26,13.57067586,131.98340876
801950,2022-03-28,2927.11,2856.65,2949.31,2846.37,15.37874174,161.78496758
801950,2022-03-29,2978.03,2906.26,2994.66,2899.56,17.1970792,165.29458764
801950,2022-03-30,2895.35,2942.66,2979.29,2865.07,17.21118053,176.5640802
801950,2022-04-01,2941.97,2921.67,2972.73,2898.22,17.35673562,165.74968624
801950,2022-04-06,2905.66,2922.53,2926.57,2824.94,17.42088463,161.3463056
801950,2022-04-07,2922.92,2892.22,2966.69,2886.24,17.39626298,160.28084151
801950,2022-04-08,2969.41,2939.72,2976.96,2897.64,17.5556527,165.91139079
801950,2022-04-11,2927.23,2931.7,2985.31,2914.9,17.29941804,175.08525195
801950,2022-04-12,2943.62,2960.33,2999.81,2908.05,17.92586368,179.16774456
801950,2022-04-13,3056.14,2940.84,3082.29,2938.11,24.25147749,237.13668678
801950,2022-04-15,3118.61,3252.73,3342.03,3097.26,43.74748617,422.41472749
801950,2022-04-18,3009.63,3029.38,3096.81,2996.52,27.47556902,255.11121775
801950,2022-04-19,3091.17,3026.76,3094.78,2981.25,25.92054183,232.27511752
801950,2022-04-20,2927.37,3047.0,3057.95,2927.37,23.82564941,220.37352081
801950,2022-04-21,2871.7,2948.68,2975.87,2859.56,24.05891028,208.20937813
801950,2022-04-22,2894.02,2829.33,2930.21,2829.33,20.23216812,170.94384974
801950,2022-04-25,2707.66,2806.55,2806.55,2689.61,23.96016699,189.23606289
801950,2022-04-26,2589.98,2698.52,2698.65,2583.4,22.52766531,178.76983774
801950,2022-04-27,2696.15,2564.31,2697.81,2557.28,23.20811165,173.13880506
801950,2022-04-28,2839.47,2719.38,2866.13,2719.38,24.2095747,210.61794115
801950,2022-04-29,2838.99,2853.81,2853.81,2753.97,23.28335602,206.44953479
801950,2022-05-06,2775.99,2759.37,2851.88,2748.13,18.52641918,152.58751431
801950,2022-05-10,2660.61,2669.49,2669.49,2596.76,18.83405329,165.61534108
801950,2022-05-11,2729.6,2651.78,2742.11,2651.78,19.55512981,169.70625303
801950,2022-05-12,2673.23,2738.78,2760.16,2650.07,16.993907,146.28376592
801950,2022-05-13,2761.92,2672.84,2762.4,2667.48,14.56491821,133.03332724
801950,2022-05-16,2837.05,2785.29,2840.34,2762.15,19.30408115,171.05762279
801950,2022-05-17,2874.07,2844.93,2881.96,2814.54,17.6664377,168.74452533
801950,2022-05-18,2831.32,2857.58,2865.26,2817.91,15.08571887,138.9842068
801950,2022-05-19,2838.11,2776.39,2844.12,2745.21,15.08062409,130.22145358
801950,2022-05-20,2966.09,2843.12,2973.83,2843.12,21.84631082,201.13982322
801950,2022-05-23,2993.57,2978.49,3044.31,2965.5,20.87987173,191.52487987
801950,2022-05-24,2974.01,2984.22,3079.53,2974.01,24.51970202,215.25525205
801950,2022-05-25,3034.14,2975.53,3050.61,2948.92,20.11142323,174.21383236
801950,2022-05-26,3123.95,3046.0,3146.3,3021.65,23.74376918,223.44526039
801950,2022-05-27,3170.11,3136.99,3202.95,3106.2,24.69436994,230.8248452
801950,2022-05-30,3138.45,3182.03,3182.03,3092.05,18.77081927,178.82415711
801950,2022-05-31,3115.14,3126.4,3131.72,3067.34,16.50582009,165.43836522
801950,2022-06-01,3163.48,3092.72,3164.04,3079.35,17.44166832,168.39776307
801950,2022-06-02,3065.02,3125.28,3125.28,3052.0,15.76527391,155.94054184
801950,2022-06-06,3166.43,3080.52,3174.66,3080.52,19.04454979,190.71912308
801950,2022-06-07,3162.51,3147.66,3216.02,3112.55,19.86772249,177.53716995
801950,2022-06-08,3325.34,3188.07,3325.34,3187.01,29.88305788,280.80852714
801950,2022-06-09,3328.53,3309.72,3405.83,3277.51,31.60032479,301.31634969
801950,2022-06-10,3382.28,3287.56,3405.34,3287.56,31.08499703,264.72944642
801950,2022-06-13,3340.57,3342.1,3387.2,3283.29,28.31729217,259.0383858
801950,2022-06-14,3421.93,3289.95,3421.93,3289.95,30.28740136,267.43770398
801950,2022-06-15,3330.27,3405.37,3431.17,3330.27,27.44871893,251.42314537
801950,2022-06-16,3196.03,3322.43,3349.96,3162.44,30.15523606,298.91777087
801950,2022-06-17,3186.11,3168.27,3205.59,3141.81,21.77788887,210.42023611
801950,2022-06-20,3009.26,3109.16,3109.16,2995.89,27.10407067,278.93885164
801950,2022-06-21,3013.51,3001.71,3052.65,2984.73,19.23369057,185.12811065
801950,2022-06-22,2957.21,3034.45,3045.13,2950.02,18.89783354,176.09054445
801950,2022-06-23,3020.76,2953.78,3021.1,2912.7,18.51819982,177.03929892
801950,2022-06-24,2995.46,3004.15,3048.07,2969.45,17.32889167,168.40620051
801950,2022-06-27,3128.22,3004.4,3129.3,3003.41,21.714408,226.94362467
801950,2022-06-28,3200.99,3137.32,3200.99,3137.32,21.34567188,224.88450139
801950,2022-06-29,3164.96,3190.57,3250.93,3164.96,23.33004007,215.13997077
801950,2022-06-30,3164.45,3144.74,3185.52,3144.74,15.13333693,150.97633356
801950,2022-07-01,3170.67,3138.11,3189.54,3057.14,15.98405372,171.45704579
801950,2022-07-04,3158.34,3164.57,3202.6,3129.89,15.55310348,158.31942717
801950,2022-07-05,3273.74,3189.21,3273.96,3189.21,34.64758825,255.03525931
801950,2022-07-06,3072.61,3194.39,3194.39,3045.05,28.88035848,231.43029886
801950,2022-07-07,3112.9,3063.49,3124.22,3015.28,18.72516348,164.74357299
801950,2022-07-08,3055.72,3133.61,3137.45,3055.72,17.15082745,148.33507072
801950,2022-07-11,2915.95,2973.28,2973.28,2891.87,17.74742387,148.58550972
801950,2022-07-12,2939.37,2920.39,2961.3,2911.35,14.91193673,129.16836314
801950,2022-07-13,2917.18,2895.99,2919.96,2871.0,13.02627108,111.70333283
801950,2022-07-14,2912.0,2916.27,2937.59,2881.92,14.22730026,122.10863676
801950,2022-07-15,2883.41,2910.98,3007.34,2883.41,18.32918344,170.3704634
801950,2022-07-18,3003.5,2913.63,3004.6,2913.63,22.5146193,172.25749207
801950,2022-07-19,2998.26,3014.45,3015.82,2967.67,16.35841996,143.08075976
801950,2022-07-20,2983.3,2998.35,3011.04,2976.6,13.0169135,118.38737297
801950,2022-07-21,2871.49,2973.08,2973.08,2870.43,15.78257763,151.66679073
801950,2022-07-22,2852.88,2865.51,2891.15,2841.2,11.69900935,105.71149728
801950,2022-07-25,2878.03,2863.81,2909.98,2863.71,11.45019214,103.91046379
801950,2022-07-26,2928.92,2875.95,2946.96,2868.3,10.29983103,93.83527776
801950,2022-07-27,2937.79,2923.5,2950.04,2904.25,10.62642251,107.01548782
801950,2022-07-28,2990.03,2968.04,2995.41,2944.61,15.07730801,147.50993027
801950,2022-07-29,2913.43,2986.52,3012.27,2913.32,15.18578479,142.38893525
801950,2022-08-01,2966.51,2915.09,2976.2,2896.2,13.38120585,132.13051113
801950,2022-08-02,2880.45,2922.89,2922.89,2847.2,16.87375884,143.33957857
801950,2022-08-03,2849.04,2888.21,2916.11,2846.69,11.77893033,114.67523981
801950,2022-08-04,2827.39,2850.77,2857.35,2788.7,10.85014305,101.96087783
801950,2022-08-05,2804.74,2826.8,2826.8,2753.1,10.38540281,105.59053739
801950,2022-08-08,2895.86,2786.04,2900.41,2780.21,11.67255547,118.51493707
801950,2022-08-09,2988.19,2898.22,3000.98,2897.36,16.85829083,162.12355935
801950,2022-08-10,2951.39,2976.22,2998.34,2935.75,13.6291837,121.50677814
801950,2022-08-11,2971.09,2972.67,2983.8,2936.8,10.79656792,94.03419658
801950,2022-08-12,3042.6,2981.94,3053.24,2981.94,15.55454994,142.62789177
801950,2022-08-15,3092.22,3045.56,3121.32,3045.56,18.70188773,165.84022599
801950,2022-08-16,3102.61,3086.35,3118.26,3055.36,16.96403371,156.5780537
801950,2022-08-17,3099.05,3108.6,3137.6,3086.71,15.24469444,141.06436889
801950,2022-08-18,3063.13,3092.86,3120.38,3050.33,13.21486303,121.75353528
801950,2022-08-19,3124.84,3075.47,3150.99,3069.32,18.37439162,174.95791173
801950,2022-08-22,3193.54,3134.32,3201.22,3134.32,20.30061324,210.70498373
801950,2022-08-23,3265.64,3187.22,3289.28,3159.69,26.08240241,235.59886499
801950,2022-08-24,3247.1,3281.7,3303.93,3231.59,24.48686456,240.12613714
801950,2022-08-25,3416.58,3264.0,3420.35,3259.37,30.60208488,320.09348256
801950,2022-08-26,3329.8,3388.49,3394.96,3318.2,24.57146909,259.82592303
801950,2022-08-29,3395.64,3290.54,3398.4,3241.48,23.31391046,246.74761723
801950,2022-08-30,3222.52,3368.96,3368.96,3196.95,21.90515147,235.23333573
801950,2022-08-31,3142.19,3207.75,3222.92,3136.44,22.19336347,191.07686883
801950,2022-09-01,3218.44,3142.97,3289.61,3128.51,19.97221729,191.29123184
801950,2022-09-02,3179.29,3209.46,3226.55,3160.64,14.25215784,136.78568955
801950,2022-09-05,3347.33,3220.32,3357.18,3212.5,23.75058669,217.21339577
801950,2022-09-06,3412.16,3350.77,3425.44,3329.65,21.07393252,201.74324214
801950,2022-09-07,3403.82,3375.97,3429.8,3370.32,17.57232316,165.68358838
801950,2022-09-08,3359.88,3365.19,3394.66,3306.69,16.10938217,155.82482379
801950,2022-09-09,3390.21,3369.41,3395.69,3323.59,15.53321514,152.13498734
801950,2022-09-13,3341.94,3397.03,3397.03,3315.49,14.10132133,126.57466111
801950,2022-09-14,3301.2,3285.19,3354.35,3285.19,13.09499219,125.45500955
801950,2022-09-15,3304.4,3345.8,3395.62,3246.06,21.12300234,212.07507295
801950,2022-09-16,3147.27,3269.03,3310.79,3144.18,21.27370157,201.88220793
801950,2022-09-19,3182.13,3137.29,3221.98,3137.29,15.6267548,136.36991277
801950,2022-09-20,3217.25,3210.94,3261.85,3172.03,14.24343355,122.28093532
801950,2022-09-21,3244.35,3204.22,3261.02,3204.22,13.47213442,121.85636628
801950,2022-09-22,3333.6,3222.55,3340.53,3222.55,17.16145417,175.1892658
801950,2022-09-23,3255.23,3315.29,3347.08,3252.18,15.96562158,156.22844412
801950,2022-09-26,3150.96,3212.55,3260.47,3146.41,15.51928134,141.18817131
801950,2022-09-27,3139.22,3173.11,3177.21,3049.09,15.4615892,138.60139588
801950,2022-09-28,3108.96,3150.55,3180.07,3104.97,13.23862244,111.91885124
801950,2022-09-29,3182.13,3154.98,3218.92,3150.26,18.55489566,148.61425276
801950,2022-09-30,3195.3,3171.78,3231.98,3166.32,16.35912429,132.0905064
801950,2022-10-10,3229.29,3238.21,3298.14,3212.99,19.84329778,162.80497358
801950,2022-10-11,3206.89,3222.76,3234.86,3148.48,14.82992936,127.35609146
801950,2022-10-12,3228.74,3179.23,3228.74,3139.43,14.97251953,126.29495776
801950,2022-10-13,3093.9,3203.19,3203.19,3083.28,17.26365925,162.78095302
801950,2022-10-14,3121.08,3116.31,3142.94,3092.06,14.46293524,130.3000823
801950,2022-10-17,3086.45,3090.11,3092.16,2990.35,18.22873293,161.68419359
801950,2022-10-18,3082.98,3082.49,3125.94,3061.66,13.82071655,125.46270971
801950,2022-10-19,3084.14,3062.97,3133.64,3050.13,13.42721368,136.03424407
801950,2022-10-20,3019.56,3068.14,3068.14,3015.13,12.44678729,115.41945866
801950,2022-10-21,3036.54,3013.38,3074.99,3009.97,10.15127099,89.85722785
801950,2022-10-24,2970.51,3041.64,3058.6,2959.18,12.03364236,108.84067139
801950,2022-10-25,2942.39,2967.6,2969.98,2899.84,11.5216499,99.13451343
801950,2022-10-26,2903.76,2943.25,2955.47,2880.3,11.71895939,113.27325869
801950,2022-10-27,2923.43,2907.22,2966.08,2907.22,12.08513008,112.05391798
801950,2022-10-28,2906.11,2906.22,2970.67,2890.44,15.3395484,144.08385792
801950,2022-10-31,2793.26,2886.52,2916.95,2785.13,14.95817018,156.79736377
801950,2022-11-01,2810.07,2794.18,2821.86,2734.74,13.93198742,146.43129515
801950,2022-11-02,2855.81,2795.65,2865.32,2782.89,12.47400649,120.05800159
801950,2022-11-03,2839.28,2832.3,2871.2,2818.31,8.91898654,82.83303038
801950,2022-11-04,2947.18,2838.14,2965.39,2838.14,14.25978515,136.61347306
801950,2022-11-07,3002.01,2949.54,3024.06,2949.52,13.89146264,131.11561104
801950,2022-11-08,2986.05,3013.5,3032.81,2972.26,12.91897129,101.50777181
801950,2022-11-09,2941.46,2980.32,2996.11,2937.2,8.61018703,78.64266901
801950,2022-11-10,2939.78,2912.96,2949.63,2868.49,9.40863117,85.38014413
801950,2022-11-11,2997.28,2988.86,3011.1,2943.24,14.55470783,131.00577105
801950,2022-11-14,2917.36,3004.79,3059.58,2901.55,15.26190315,158.95602174
801950,2022-11-15,2935.47,2900.84,2936.28,2893.59,10.28901618,100.53727629
801950,2022-11-16,2950.72,2938.63,2968.09,2935.71,10.08847396,95.55806696
801950,2022-11-17,2851.07,2935.88,2935.88,2829.7,13.86184572,150.50559247
801950,2022-11-18,2822.81,2846.1,2849.54,2819.7,11.61313853,104.38776578
801950,2022-11-21,2812.0,2795.27,2812.0,2777.17,8.27346591,78.48369861
801950,2022-11-22,2827.36,2807.72,2857.69,2807.72,9.76809367,88.78850486
801950,2022-11-23,2862.25,2832.45,2880.07,2832.45,11.4033369,93.85433918
801950,2022-11-24,2885.61,2863.55,2905.26,2846.68,8.90784024,88.70078192
801950,2022-11-25,2948.57,2877.75,2954.59,2862.6,13.75977325,130.9774312
801950,2022-11-28,2919.31,2903.35,2937.37,2892.26,13.10452153,109.68359412
801950,2022-11-29,2965.04,2933.7,2970.36,2917.93,14.25051367,128.92723842
801950,2022-11-30,2998.37,2964.59,3034.17,2964.59,16.18023523,154.2507924
801950,2022-12-01,2965.34,3025.13,3034.99,2961.04,14.01868388,134.44914089
801950,2022-12-02,2935.67,2956.74,2965.27,2924.53,9.21307172,88.69956628
801950,2022-12-05,2981.14,2959.11,2990.36,2946.71,14.1629601,115.60734111
801950,2022-12-06,2975.96,2963.8,2986.19,2930.34,10.14257586,93.19095951
801950,2022-12-07,2915.45,2970.85,2971.98,2906.57,11.84792527,104.37233397
801950,2022-12-08,2907.74,2912.85,2928.21,2893.59,8.14700277,72.09471023
801950,2022-12-09,2928.4,2911.13,2928.57,2900.38,12.62738181,118.16244477
801950,2022-12-12,2851.03,2919.77,2955.09,2845.83,13.8872044,131.44993536
801950,2022-12-13,2863.43,2851.69,2889.13,2848.84,7.64998265,71.20681172
801950,2022-12-14,2879.7,2862.22,2894.34,2854.36,8.15975,77.80394883
801950,2022-12-15,2835.61,2875.26,2875.27,2819.91,7.92849443,73.92486444
801950,2022-12-16,2845.6,2826.1,2867.71,2826.1,8.23918646,68.67942915
801950,2022-12-19,2776.29,2834.25,2836.08,2764.69,9.28024586,68.22902153
801950,2022-12-20,2757.88,2764.55,2779.68,2736.56,6.22179709,54.0386019
801950,2022-12-21,2740.61,2758.37,2760.52,2734.35,5.35842862,41.11222649
801950,2022-12-22,2678.61,2752.35,2760.09,2675.6,8.09704013,64.19083157
801950,2022-12-23,2683.19,2668.6,2687.17,2647.27,6.84550877,48.7756029
801950,2022-12-26,2695.77,2679.12,2698.09,2670.73,5.75674232,47.01928396
801950,2022-12-27,2745.13,2704.17,2749.19,2704.17,8.16992128,66.53021273
801950,2022-12-28,2727.59,2727.54,2746.66,2717.41,6.92442942,53.56299931
801950,2022-12-29,2667.78,2714.18,2714.2,2662.32,7.26880231,56.05467552
801950,2022-12-30,2672.19,2674.98,2685.64,2665.28,5.8380461,42.67088183
801950,2023-01-03,2694.61,2660.99,2695.13,2649.63,8.26021417,67.54466306
801950,2023-01-04,2640.68,2685.74,2685.74,2628.97,9.17179395,82.15702076
801950,2023-01-05,2647.05,2643.6,2651.09,2626.53,7.72028075,67.12689104
801950,2023-01-06,2673.76,2646.18,2675.84,2642.52,8.08302811,69.30296511
801950,2023-01-09,2694.19,2689.99,2703.68,2662.48,8.00661401,79.43473439
801950,2023-01-10,2669.48,2685.84,2689.88,2653.39,6.75288519,58.90408163
801950,2023-01-11,2776.39,2679.53,2786.13,2675.31,16.19362147,158.52504639
801950,2023-01-12,2771.8,2762.8,2780.35,2735.57,11.29300083,104.41980447
801950,2023-01-13,2770.1,2770.1,2806.42,2751.93,8.04782412,77.9160291
801950,2023-01-16,2761.75,2767.91,2772.38,2744.99,9.70751582,84.19226447
801950,2023-01-17,2750.26,2757.87,2766.7,2735.56,6.74390485,66.32663638
801950,2023-01-18,2764.46,2752.95,2794.08,2752.95,8.6269759,76.98350131
801950,2023-01-19,2789.5,2792.55,2813.42,2769.37,7.87822702,74.77986339
801950,2023-01-20,2837.1,2802.75,2838.84,2802.75,12.48346601,113.2052858
801950,2023-01-30,2790.99,2850.47,2850.47,2787.82,14.42819878,130.50928782
801950,2023-01-31,2809.86,2789.66,2816.25,2789.66,12.85000673,97.45205646
801950,2023-02-01,2813.36,2810.54,2814.1,2789.8,11.63309351,87.26591876
801950,2023-02-02,2835.58,2812.37,2846.72,2795.69,11.78684346,103.22955652
801950,2023-02-03,2806.17,2825.74,2825.74,2784.37,10.62171673,84.09965637
801950,2023-02-06,2794.57,2789.47,2804.16,2782.49,8.02358058,65.07609017
801950,2023-02-07,2804.72,2798.04,2828.18,2794.28,7.58451261,67.52661016
801950,2023-02-08,2782.71,2809.75,2815.08,2781.37,6.86014383,61.30857367
801950,2023-02-09,2795.52,2777.39,2799.2,2775.55,7.07938098,60.01300507
801950,2023-02-10,2758.66,2792.59,2792.59,2752.21,8.46949206,69.52404119
801950,2023-02-13,2747.01,2755.95,2755.95,2718.7,9.2999881,82.17153761
801950,2023-02-14,2760.84,2752.6,2772.48,2738.32,9.02390401,77.70585425
801950,2023-02-15,2738.61,2761.63,2771.51,2732.79,8.39558756,72.26336063
801950,2023-02-16,2698.5,2744.27,2755.64,2689.83,10.92806804,84.27193037
801950,2023-02-17,2744.64,2698.99,2761.89,2698.99,11.50574876,114.42399492
801950,2023-02-20,2814.78,2761.36,2814.91,2761.36,13.86766746,135.21437757
801950,2023-02-21,2885.83,2831.77,2894.53,2820.2,16.72641523,167.59283809
801950,2023-02-22,2893.44,2876.73,2916.18,2870.97,13.54838506,129.6610481
801950,2023-02-23,2912.88,2959.09,2970.86,2903.53,17.43056159,184.75848374
801950,2023-02-24,2898.97,2904.67,2919.81,2875.35,10.46690988,98.55096204
801950,2023-02-27,2912.48,2904.05,2951.58,2904.05,10.38832498,112.75269618
801950,2023-02-28,2892.28,2905.95,2905.95,2872.71,8.16058496,79.94661998
801950,2023-03-01,2898.94,2890.29,2908.68,2880.84,7.61322222,75.5011158
801950,2023-03-02,2903.87,2898.43,2928.72,2886.84,10.63900104,86.11871336
801950,2023-03-03,2908.11,2901.4,2917.36,2884.21,8.01069518,71.11404422
801950,2023-03-06,2847.16,2904.32,2905.79,2840.13,10.34854524,102.71454333
801950,2023-03-07,2864.56,2857.32,2924.35,2856.28,12.37318478,117.67233836
801950,2023-03-08,2845.6,2853.6,2856.96,2827.19,7.71030455,64.22503392
801950,2023-03-09,2841.75,2847.72,2880.92,2830.98,7.03072838,64.42921275
801950,2023-03-10,2784.33,2839.66,2839.66,2782.75,8.48616047,69.71927392
801950,2023-03-13,2817.74,2778.82,2817.93,2772.72,7.01858289,65.78409521
801950,2023-03-14,2775.26,2811.96,2834.47,2773.53,8.69049112,77.06938487
801950,2023-03-15,2781.37,2786.76,2792.42,2771.75,8.10516068,69.49996863
801950,2023-03-16,2689.89,2744.82,2744.82,2689.17,10.38646421,96.74766633
801950,2023-03-17,2712.48,2706.57,2742.34,2700.96,8.50792857,76.4799142
801950,2023-03-20,2702.94,2715.28,2743.6,2699.61,9.09469754,75.54654753
801950,2023-03-21,2699.88,2713.15,2715.02,2683.19,6.75727664,58.37960033
801950,2023-03-22,2724.5,2703.74,2743.3,2703.74,7.338243,65.3194448
801950,2023-03-23,2750.38,2721.88,2750.38,2716.15,7.40458456,71.19897112
801950,2023-03-24,2723.44,2749.85,2749.85,2706.76,7.98315104,76.56566041
801950,2023-03-27,2728.21,2711.32,2737.52,2678.68,9.6509335,115.8805692
801950,2023-03-28,2706.65,2734.67,2734.67,2703.41,8.12927031,88.2549453
801950,2023-03-29,2694.11,2714.86,2714.86,2690.14,7.39928064,69.18147351
801950,2023-03-30,2772.08,2696.87,2772.65,2682.47,10.63383158,111.40979935
801950,2023-03-31,2763.69,2765.64,2780.97,2758.2,7.39869726,73.47955633
801950,2023-04-03,2763.64,2774.05,2792.31,2761.92,9.07845636,89.51849055
801950,2023-04-04,2764.35,2756.79,2781.91,2753.96,8.36993335,74.17396773
801950,2023-04-06,2727.97,2757.79,2757.79,2720.03,8.02830383,71.88282408
801950,2023-04-07,2708.11,2724.85,2729.63,2702.14,6.6231105,59.30281689
801950,2023-04-10,2676.73,2699.71,2699.71,2674.03,8.88762202,68.83588918
801950,2023-04-11,2665.88,2677.28,2677.28,2650.99,7.35237363,60.49437881
801950,2023-04-12,2686.39,2670.58,2700.1,2670.46,7.62775865,66.85549242
801950,2023-04-13,2681.31,2683.47,2704.13,2675.8,7.20492199,63.90376144
801950,2023-04-14,2687.02,2684.25,2694.99,2670.21,7.63473429,68.81026555
801950,2023-04-17,2744.87,2687.33,2746.19,2685.6,14.40590063,123.28611132
801950,2023-04-18,2799.04,2747.53,2799.04,2746.56,14.02044651,139.97239432
801950,2023-04-19,2792.13,2791.42,2810.84,2786.85,11.38515356,107.14632359
801950,2023-04-20,2768.7,2781.94,2781.94,2739.15,10.38790884,93.98417446
801950,2023-04-21,2724.49,2762.23,2768.14,2724.49,10.22086534,78.74160174
801950,2023-04-24,2691.97,2724.82,2733.93,2685.71,9.58259773,78.23673322
801950,2023-04-25,2659.56,2695.19,2707.41,2633.18,10.58910516,86.67083275
801950,2023-04-26,2686.39,2653.45,2692.51,2646.53,9.23968284,81.23354638
801950,2023-04-27,2681.96,2705.73,2712.64,2649.56,9.70919146,102.59364004
801950,2023-04-28,2714.09,2675.1,2716.45,2672.39,9.36375521,90.81433475
801950,2023-05-04,2721.98,2689.62,2725.83,2654.85,11.70613708,101.31689814
801950,2023-05-05,2711.57,2710.58,2733.64,2681.73,9.20844791,80.22465297
801950,2023-05-08,2809.28,2713.05,2818.22,2713.05,15.35575534,146.67812945
801950,2023-05-09,2808.24,2818.54,2859.22,2806.0,15.20110025,142.04952241
801950,2023-05-10,2782.72,2806.21,2807.18,2764.47,9.42905902,83.38154287
801950,2023-05-11,2790.83,2777.52,2805.53,2755.81,8.73288429,72.03541272
801950,2023-05-12,2753.61,2786.71,2793.77,2747.72,7.89014504,70.52928163
801950,2023-05-15,2792.2,2745.04,2792.78,2738.2,8.34589266,81.56024699
801950,2023-05-16,2795.59,2794.0,2837.39,2789.19,7.71510474,78.98726731
801950,2023-05-17,2775.0,2789.34,2791.06,2762.12,5.65916054,51.70996401
801950,2023-05-18,2783.72,2778.16,2803.69,2778.16,6.25155353,57.68486951
801950,2023-05-19,2763.96,2768.8,2783.94,2753.07,6.7081757,54.96930875
801950,2023-05-22,2742.63,2756.58,2767.53,2737.6,8.07900707,63.56958283
801950,2023-05-23,2722.44,2747.96,2758.99,2722.44,7.55848133,58.66141091
801950,2023-05-24,2685.66,2716.78,2716.78,2680.97,7.21434368,64.94301054
801950,2023-05-25,2652.4,2678.15,2678.52,2628.4,8.19718656,72.61890804
801950,2023-05-26,2592.01,2639.65,2639.7,2578.33,8.30973211,79.94877737
801950,2023-05-29,2582.9,2588.16,2596.25,2556.07,8.71144052,80.79179241
801950,2023-05-30,2573.36,2568.34,2587.31,2550.05,9.11721333,69.04804111
801950,2023-05-31,2495.74,2554.8,2554.8,2482.89,12.36030125,102.63006207
801950,2023-06-01,2486.75,2490.03,2507.9,2480.53,7.41025881,62.18503843
801950,2023-06-02,2518.39,2489.63,2520.61,2489.63,8.16161576,60.58069745
801950,2023-06-05,2530.0,2516.95,2534.61,2514.82,7.46571468,56.63974362
801950,2023-06-06,2543.61,2530.82,2576.41,2525.01,9.36268927,75.20392993
801950,2023-06-07,2528.71,2542.11,2542.62,2509.7,6.40245142,51.02031303
801950,2023-06-08,2525.46,2499.85,2525.46,2499.85,8.61342161,56.22139157
801950,2023-06-09,2523.76,2524.04,2536.71,2512.42,6.89675682,50.48384439
801950,2023-06-12,2538.1,2518.09,2545.25,2511.15,8.99578185,58.72705152
801950,2023-06-13,2512.81,2532.42,2535.41,2500.96,8.14391327,56.98056409
801950,2023-06-14,2514.25,2516.72,2529.47,2510.15,8.8764874,54.66483278
801950,2023-06-15,2531.95,2516.66,2533.83,2496.39,11.18345419,61.1694215
801950,2023-06-16,2530.38,2524.94,2551.06,2524.94,9.38396801,59.11868388
801950,2023-06-19,2515.63,2528.71,2543.99,2515.63,9.53622329,51.42439124
801950,2023-06-20,2494.06,2518.18,2518.18,2493.39,7.14116155,45.43767392
801950,2023-06-21,2459.03,2473.8,2484.66,2458.15,8.93635277,47.55207667
801950,2023-06-26,2438.25,2446.96,2450.71,2431.87,8.70585074,50.72752195
801950,2023-06-27,2481.03,2442.16,2491.69,2439.47,8.12079102,54.34371194
801950,2023-06-28,2538.53,2486.58,2545.29,2486.57,14.5141766,98.51872074
801950,2023-06-29,2505.67,2532.28,2532.28,2505.43,11.33095708,74.22044848
801950,2023-06-30,2537.09,2499.57,2545.15,2499.57,9.03498908,64.30321818
801950,2023-07-03,2584.96,2537.29,2587.72,2537.29,11.0570482,83.25459096
801950,2023-07-04,2585.1,2582.29,2596.03,2573.65,8.12935217,63.41261387
801950,2023-07-05,2560.73,2540.65,2567.12,2537.05,8.19915094,64.51351106
801950,2023-07-06,2556.9,2562.36,2562.9,2544.53,6.76576273,50.27932955
801950,2023-07-07,2572.35,2551.05,2580.96,2551.05,8.77078112,57.22721986
801950,2023-07-10,2576.91,2586.75,2592.69,2571.01,7.10002427,58.03293642
801950,2023-07-11,2554.74,2583.75,2583.75,2547.03,7.07317718,56.58519706
801950,2023-07-12,2514.43,2521.92,2529.27,2507.26,6.58729351,52.11128395
801950,2023-07-13,2525.7,2512.86,2534.93,2512.86,5.94404455,47.92010547
801950,2023-07-14,2537.42,2527.55,2542.23,2522.74,6.70108073,53.96890479
801950,2023-07-17,2468.11,2493.4,2493.4,2452.01,6.24119108,54.32807056
801950,2023-07-18,2465.68,2474.09,2476.26,2459.77,5.4129776,42.7434522
801950,2023-07-19,2470.04,2462.46,2483.45,2460.1,5.31609959,38.35106113
801950,2023-07-20,2472.48,2480.52,2504.39,2470.22,6.32515034,46.81388152
801950,2023-07-21,2452.5,2470.57,2471.12,2447.73,5.52561667,37.1400666
801950,2023-07-24,2431.2,2441.91,2446.26,2429.44,5.24740499,35.38829559
801950,2023-07-25,2477.79,2449.72,2486.9,2449.72,9.08421689,56.9562187
801950,2023-07-26,2487.82,2478.57,2493.09,2474.78,13.20973092,49.12552451
801950,2023-07-27,2474.28,2486.06,2496.84,2468.86,10.44001198,45.54632969
801950,2023-07-28,2497.26,2467.72,2501.45,2459.13,10.44348834,55.24722651
801950,2023-07-31,2488.42,2501.91,2527.04,2485.69,13.20282227,78.78483679
801950,2023-08-01,2506.08,2491.91,2508.07,2489.41,15.37803561,68.85798236
801950,2023-08-02,2465.8,2505.5,2505.5,2460.73,12.21542788,65.08835632
801950,2023-08-03,2465.18,2460.45,2472.14,2452.51,8.65600683,43.10954347
801950,2023-08-04,2453.47,2473.47,2486.55,2452.42,8.44208764,49.65722514
801950,2023-08-07,2441.28,2448.62,2448.62,2433.96,6.97223284,40.87371765
801950,2023-08-08,2456.79,2439.42,2461.97,2426.25,7.07111551,49.21143607
801950,2023-08-09,2438.62,2453.62,2457.1,2433.56,6.04471189,39.63275839
801950,2023-08-10,2490.93,2437.33,2495.75,2437.33,10.74710071,76.78127664
801950,2023-08-11,2435.45,2484.81,2492.07,2435.45,8.88996337,57.43693281
801950,2023-08-14,2424.89,2420.18,2428.63,2403.47,6.65559795,41.29604016
801950,2023-08-15,2426.09,2427.74,2434.54,2410.16,5.98195922,35.22417588
801950,2023-08-16,2414.51,2417.25,2427.36,2414.51,4.84731501,29.1274716
801950,2023-08-17,2410.7,2407.22,2414.18,2380.44,6.40979929,39.10920985
801950,2023-08-18,2395.81,2407.67,2425.28,2395.81,6.46056244,41.45093596
801950,2023-08-21,2365.23,2397.41,2398.69,2365.23,6.24436833,37.90689225
801950,2023-08-22,2389.97,2370.0,2393.26,2360.56,6.65827261,42.83151439
801950,2023-08-23,2426.45,2391.73,2451.57,2391.73,11.3984499,84.55010591
801950,2023-08-24,2401.99,2426.63,2428.74,2401.64,7.99793784,51.55063921
801950,2023-08-25,2386.68,2392.95,2411.59,2380.34,6.83255931,41.58481338
801950,2023-08-28,2459.97,2486.16,2495.44,2450.25,17.45891967,124.88326486
801950,2023-08-29,2463.3,2456.31,2474.36,2452.8,11.48610838,80.05199934
801950,2023-08-30,2445.46,2466.86,2473.57,2439.84,9.34138325,62.89093287
801950,2023-08-31,2436.41,2447.82,2457.85,2430.85,8.12869498,55.08056718
801950,2023-09-01,2534.94,2442.11,2537.15,2442.11,17.33984374,146.02365782
801950,2023-09-04,2614.25,2558.31,2627.66,2558.31,22.68979181,179.45230295
801950,2023-09-05,2628.09,2610.07,2640.41,2603.84,16.63351264,119.06654384
801950,2023-09-06,2633.64,2622.35,2642.44,2605.7,14.58890998,102.8941695
801950,2023-09-07,2634.05,2627.56,2664.65,2626.01,14.29675953,110.82180835
801950,2023-09-11,2610.65,2598.84,2652.56,2598.84,12.66996063,98.85377034
801950,2023-09-12,2602.08,2617.13,2634.4,2600.32,8.67745489,63.29666272
801950,2023-09-13,2630.47,2607.76,2658.56,2607.76,12.01147964,85.72976531
801950,2023-09-14,2720.14,2631.37,2729.2,2631.37,22.97232251,183.11585361
801950,2023-09-15,2704.48,2729.57,2729.94,2696.2,16.91125797,128.07263874
801950,2023-09-18,2725.12,2712.61,2726.87,2687.39,14.49067288,108.93906383
801950,2023-09-19,2732.77,2728.36,2759.74,2722.59,17.51560833,125.6511184
801950,2023-09-20,2719.46,2726.1,2737.34,2710.51,12.2005716,85.32916244
801950,2023-09-21,2699.77,2709.24,2721.63,2690.89,12.03726704,79.88876031
801950,2023-09-22,2685.01,2701.31,2701.31,2666.22,12.56251873,94.20456611
801950,2023-09-25,2686.91,2688.77,2714.5,2683.88,10.39075489,75.65432552
801950,2023-09-26,2664.04,2680.77,2683.25,2661.99,8.11501833,59.46529529
801950,2023-09-27,2642.09,2667.62,2667.62,2641.21,7.77452335,56.18663623
801950,2023-09-28,2670.53,2679.46,2686.37,2664.3,11.58941284,77.963302
801950,2023-10-09,2695.21,2656.01,2706.17,2654.67,9.95395449,75.75977392
801950,2023-10-10,2651.97,2690.09,2690.36,2650.74,8.03108863,62.12029908
801950,2023-10-11,2623.09,2653.44,2655.52,2611.82,9.11416991,72.47714396
801950,2023-10-12,2622.37,2627.19,2641.71,2619.04,7.32935979,53.81121734
801950,2023-10-13,2634.71,2611.43,2643.88,2605.13,6.01843175,45.85165862
801950,2023-10-16,2670.3,2645.61,2671.2,2637.08,10.75529372,73.05686315
801950,2023-10-17,2680.53,2663.94,2680.53,2643.11,7.58142637,59.9703751
801950,2023-10-18,2666.02,2675.53,2692.7,2661.65,9.1856188,60.72548939
801950,2023-10-19,2625.74,2655.54,2656.99,2618.46,8.34121611,56.83818451
801950,2023-10-20,2612.86,2627.57,2631.16,2609.55,7.75768224,48.05011367
801950,2023-10-23,2578.54,2604.4,2617.14,2563.17,8.48436556,53.3924036
801950,2023-10-24,2602.7,2582.53,2610.92,2572.14,9.28628678,59.54358781
801950,2023-10-25,2625.36,2631.32,2659.58,2622.16,11.45615596,78.47212305
801950,2023-10-26,2594.49,2617.46,2618.19,2564.08,10.92850491,75.51515155
801950,2023-10-27,2584.51,2582.55,2608.8,2580.79,8.87565765,61.69803389
801950,2023-10-30,2557.69,2578.04,2597.84,2557.69,10.30883836,74.48958978
801950,2023-10-31,2590.1,2552.07,2599.48,2551.94,10.1611673,66.65116673
801950,2023-11-01,2575.58,2587.24,2587.26,2562.15,7.22825485,48.72587459
801950,2023-11-02,2572.78,2578.45,2591.77,2572.78,6.65553665,42.19842744
801950,2023-11-03,2577.8,2586.2,2609.93,2575.29,8.32963533,51.91892499
801950,2023-11-06,2537.97,2581.73,2582.16,2530.3,10.21941262,80.84120527
801950,2023-11-07,2557.43,2532.4,2561.38,2532.32,8.12958532,57.37913365
801950,2023-11-08,2546.03,2544.74,2552.26,2534.5,7.98577387,53.39556926
801950,2023-11-09,2622.52,2550.44,2634.12,2550.12,15.9012825,115.92908879
801950,2023-11-10,2652.52,2620.17,2657.31,2602.86,13.52787133,94.87706451
801950,2023-11-13,2658.9,2657.07,2665.48,2628.45,12.73209506,81.68929814
801950,2023-11-14,2629.19,2648.2,2648.2,2620.18,10.46292602,64.74134453
801950,2023-11-15,2650.17,2644.24,2650.87,2629.07,9.60324574,64.74075387
801950,2023-11-16,2655.63,2640.13,2665.95,2630.49,10.83236683,71.99454891
801950,2023-11-17,2652.28,2650.55,2658.29,2634.41,9.09317597,65.62032547
801950,2023-11-20,2645.78,2652.55,2652.55,2630.58,8.10893612,53.56065325
801950,2023-11-21,2655.87,2645.91,2686.28,2645.91,12.55547255,76.89673337
801950,2023-11-22,2651.73,2648.39,2668.64,2638.23,9.14468401,60.01167201
801950,2023-11-23,2685.28,2646.52,2686.2,2643.79,8.75131567,62.6996569
801950,2023-11-24,2712.18,2680.05,2727.62,2680.05,22.38760066,104.52511855
801950,2023-11-27,2755.13,2728.73,2760.92,2728.52,18.34688921,124.7119195
801950,2023-11-28,2751.78,2749.9,2754.92,2728.64,16.29788335,86.95118425
801950,2023-11-29,2778.33,2756.24,2792.9,2752.16,14.82553252,103.06459995
801950,2023-11-30,2772.94,2772.55,2773.82,2759.84,13.19943998,92.75727392
801950,2023-12-01,2794.49,2774.92,2798.36,2774.92,11.63131809,85.92463502
801950,2023-12-04,2816.22,2791.74,2821.62,2786.55,10.5936183,84.09413731
801950,2023-12-05,2760.93,2810.08,2812.89,2757.55,12.39245294,84.93687336
801950,2023-12-06,2763.37,2759.14,2765.43,2740.98,9.24693863,67.7686376
801950,2023-12-07,2742.54,2762.45,2768.04,2741.13,7.65942547,62.92332237
801950,2023-12-08,2725.6,2733.42,2757.89,2720.6,13.39209853,102.23071492
801950,2023-12-11,2793.21,2721.56,2796.18,2698.88,12.79239248,104.63674961
801950,2023-12-12,2809.3,2790.37,2809.91,2770.32,8.62867199,65.62600983
801950,2023-12-13,2781.71,2802.63,2805.26,2780.96,7.41601607,56.17649002
801950,2023-12-14,2793.72,2790.53,2810.31,2767.76,11.50191458,73.06607606
801950,2023-12-15,2770.72,2795.83,2800.7,2768.37,10.06046594,66.02134256
801950,2023-12-18,2777.03,2761.11,2790.18,2759.04,11.56129973,70.45569913
801950,2023-12-19,2764.15,2780.56,2780.56,2748.93,9.00047306,57.72360314
801950,2023-12-20,2774.68,2767.57,2811.6,2767.57,11.03395411,80.21496302
801950,2023-12-21,2771.26,2769.53,2785.19,2748.61,11.27258174,85.04444247
801950,2023-12-22,2798.87,2779.12,2828.44,2779.12,11.81102358,95.27678919
801950,2023-12-25,2823.63,2793.33,2826.53,2774.57,8.97958123,75.01848206
801950,2023-12-26,2781.88,2833.47,2880.28,2780.19,12.69287443,117.57824228
801950,2023-12-27,2807.31,2786.14,2817.1,2769.73,9.39359307,79.21840142
801950,2023-12-28,2763.41,2810.0,2814.86,2746.81,13.69678051,113.69419435
801950,2023-12-29,2782.24,2753.56,2787.5,2753.22,8.5528801,73.94822612
801950,2024-01-02,2876.0,2781.76,2888.15,2781.76,16.87039829,137.80007859
801950,2024-01-03,2916.13,2868.44,2927.57,2867.63,15.51497111,122.83234241
801950,2024-01-04,2944.74,2919.5,2954.59,2914.52,15.2954175,125.51185391
801950,2024-01-05,2937.7,2940.37,2970.89,2926.85,13.59029509,115.98765488
801950,2024-01-08,2922.74,2928.72,2938.72,2907.76,11.25585374,101.69472208
801950,2024-01-09,2954.13,2911.66,2969.11,2899.45,11.63284334,96.24162254
801950,2024-01-10,2928.49,2950.48,2973.05,2924.39,9.7198857,82.41894543
801950,2024-01-11,2886.46,2923.38,2923.38,2875.28,11.06198995,96.37329212
801950,2024-01-12,2903.69,2883.98,2912.59,2883.98,9.78913156,70.9992061
801950,2024-01-15,2917.16,2886.71,2919.76,2886.71,8.70508355,82.75491662
801950,2024-01-16,2916.98,2908.7,2925.04,2890.72,9.67293922,75.68627773
801950,2024-01-17,2880.68,2913.53,2930.21,2880.68,9.40905177,76.11037529
801950,2024-01-18,2866.79,2870.88,2871.39,2784.71,13.52844823,107.1204425
801950,2024-01-19,2813.09,2858.51,2858.51,2799.13,8.42259247,82.56775071
801950,2024-01-22,2740.08,2807.89,2807.89,2723.56,11.3137327,86.1032806
801950,2024-01-23,2797.34,2732.32,2810.28,2727.5,9.84137121,78.05678127
801950,2024-01-24,2862.51,2801.59,2867.83,2796.44,10.96291487,85.86613006
801950,2024-01-25,2955.09,2877.42,2955.09,2877.42,13.81450696,116.88019969
801950,2024-01-26,2988.11,2941.64,2991.64,2941.64,12.62092449,100.84011205
801950,2024-01-29,2975.96,2992.98,3001.31,2966.17,10.95280606,93.4054834
801950,2024-01-30,2949.26,2967.78,2989.32,2935.73,9.34733542,77.96393926
801950,2024-01-31,2967.68,2931.47,3002.68,2931.47,11.66470281,100.86301324
801950,2024-02-01,2918.34,2956.78,2967.95,2913.54,10.27580475,85.3751764
801950,2024-02-02,2918.29,2921.22,2953.81,2858.56,12.56233982,98.53591558
801950,2024-02-05,2932.01,2910.83,2953.43,2872.73,16.00884445,116.97508046
801950,2024-02-06,2940.71,2905.41,2960.62,2888.41,16.88055099,123.54224532
801950,2024-02-07,3005.76,2935.52,3005.76,2925.88,19.22976261,146.22261203
801950,2024-02-08,3016.23,2993.93,3025.83,2991.02,18.43632515,124.74520068
801950,2024-02-19,3149.2,3016.03,3149.2,2990.99,16.72771214,146.39415275
801950,2024-02-20,3173.39,3140.92,3190.67,3127.89,13.31194607,119.00382784
801950,2024-02-21,3155.08,3161.08,3189.92,3144.61,15.44928947,129.50029717
801950,2024-02-22,3314.19,3142.36,3314.19,3142.36,18.4020436,169.40650678
801950,2024-02-23,3261.78,3312.35,3312.65,3244.07,15.40857337,140.68818724
801950,2024-02-26,3189.08,3237.15,3275.36,3166.69,14.50782514,140.85867007
801950,2024-02-27,3195.37,3169.54,3213.87,3149.59,11.09128923,99.07285297
801950,2024-02-28,3183.86,3189.46,3226.89,3137.34,17.59557177,148.99784684
801950,2024-02-29,3192.27,3160.65,3192.27,3153.44,13.79224292,117.20397177
801950,2024-03-01,3229.01,3191.12,3252.67,3190.72,15.66156286,142.29160446
801950,2024-03-04,3296.38,3218.62,3296.38,3216.67,15.77770281,154.93894872
801950,2024-03-05,3294.69,3289.34,3326.08,3266.52,13.19103368,128.26181456
801950,2024-03-06,3313.57,3296.2,3365.36,3295.52,13.42389669,131.71919849
801950,2024-03-07,3344.11,3305.46,3368.08,3305.46,13.95753617,121.77289201
801950,2024-03-08,3319.85,3341.54,3341.54,3276.73,11.66249314,114.72376606
801950,2024-03-11,3223.22,3304.06,3304.4,3190.42,15.64386756,154.15142763
801950,2024-03-12,3111.42,3205.28,3207.72,3097.61,15.30671587,170.88203023
801950,2024-03-13,3096.61,3095.71,3101.1,3047.1,11.55870234,113.75216093
801950,2024-03-14,3115.23,3080.34,3122.8,3066.22,11.83542336,111.78507789
801950,2024-03-15,3079.53,3101.71,3101.71,3018.98,14.79305969,145.36617128
801950,2024-03-18,3037.42,3055.35,3055.35,3016.53,13.80372805,135.77267739
801950,2024-03-19,3071.88,3033.83,3121.79,3033.57,16.55387032,147.90814875
801950,2024-03-20,3085.49,3060.81,3110.38,3050.03,13.70208401,120.16018089
801950,2024-03-21,3079.83,3069.62,3098.55,3035.04,12.27956584,111.45224939
801950,2024-03-22,3089.52,3082.04,3101.85,3076.01,12.63015813,110.47129198
801950,2024-03-25,3081.33,3053.43,3136.11,3052.76,12.52386594,130.06084289
801950,2024-03-26,3016.71,3091.54,3092.04,2990.09,12.76006249,123.90577665
801950,2024-03-27,3010.04,3017.12,3052.06,3010.04,10.11353974,91.31617268
801950,2024-03-28,3018.73,3008.93,3037.15,2987.34,10.06291261,87.97422476
801950,2024-03-29,3073.39,3006.94,3074.2,3001.28,9.9934763,93.10614029
801950,2024-04-01,3041.53,3046.56,3046.91,3008.34,13.16788503,123.53052697
801950,2024-04-02,3068.69,3036.99,3090.18,3036.21,11.64876072,113.1416974
801950,2024-04-03,3145.41,3064.02,3147.21,3064.02,14.26561438,133.18555175
801950,2024-04-08,3130.98,3127.18,3190.31,3103.59,17.42850812,136.25953211
801950,2024-04-09,3138.45,3134.17,3159.13,3105.2,10.75385354,91.42974528
801950,2024-04-10,3179.91,3133.53,3205.62,3132.95,13.25037965,126.01791229
801950,2024-04-11,3217.95,3166.35,3253.2,3150.03,15.22530518,128.10909066
801950,2024-04-12,3203.86,3207.62,3233.36,3187.27,11.93031187,98.82363022
801950,2024-04-15,3279.73,3201.52,3282.02,3201.52,18.82189908,147.94047702
801950,2024-04-16,3276.31,3276.94,3320.26,3238.45,18.60963325,157.83600074
801950,2024-04-17,3310.3,3259.66,3312.23,3246.6,14.13149409,110.00404777
801950,2024-04-18,3303.14,3310.87,3360.04,3285.4,14.95201126,129.38600628
801950,2024-04-19,3309.15,3283.89,3345.82,3283.89,13.03350296,118.24624449
801950,2024-04-22,3160.22,3298.78,3319.86,3159.87,15.04309861,152.45544032
801950,2024-04-23,3088.17,3112.74,3143.35,3061.96,12.98195219,115.64985528
801950,2024-04-24,3071.74,3094.67,3094.67,3046.61,11.17453261,95.23428106
801950,2024-04-25,3099.56,3066.97,3114.35,3066.97,10.09376011,86.11681429
801950,2024-04-26,3077.35,3088.45,3100.89,3057.31,14.56859718,122.57807038
801950,2024-04-29,3074.4,3064.91,3080.39,3022.36,15.37662927,140.78196706
801950,2024-04-30,3101.49,3065.66,3123.72,3065.66,11.04671556,99.01221162
801950,2024-05-06,3116.88,3114.84,3117.84,3059.32,13.35068691,116.93914424
801950,2024-05-07,3144.09,3113.32,3144.11,3109.43,9.89850409,87.06747773
801950,2024-05-08,3222.13,3147.56,3246.04,3147.56,12.27575797,132.30645892
801950,2024-05-09,3221.65,3212.98,3243.6,3202.22,10.25806957,93.30163365
801950,2024-05-10,3230.94,3220.13,3241.68,3204.78,9.77289743,83.66200609
801950,2024-05-13,3199.26,3217.93,3224.41,3164.34,11.2572271,95.53846182
801950,2024-05-14,3151.84,3195.0,3195.0,3113.47,11.11986828,110.16670361
801950,2024-05-15,3162.49,3139.87,3181.93,3125.64,8.75456503,75.2087021
801950,2024-05-16,3138.12,3163.23,3176.51,3133.87,10.37002591,79.08810969
801950,2024-05-17,3163.03,3139.05,3163.71,3120.66,7.96620817,62.91251944
801950,2024-05-20,3268.67,3165.02,3280.18,3165.02,12.76125065,121.87996412
801950,2024-05-21,3299.65,3265.32,3302.26,3253.72,10.89613789,92.31118934
801950,2024-05-22,3302.02,3304.99,3359.39,3296.24,9.90790854,103.40077137
801950,2024-05-23,3258.76,3286.57,3288.14,3249.63,10.07738041,79.30572312
801950,2024-05-24,3232.24,3251.24,3292.13,3230.89,8.63960472,71.67298605
801950,2024-05-27,3298.5,3246.26,3349.18,3246.26,10.65984413,106.10787588
801950,2024-05-28,3324.21,3297.05,3353.23,3297.05,10.91070158,90.16734715
801950,2024-05-29,3358.08,3315.39,3377.89,3305.37,10.87461013,89.80434306
801950,2024-05-30,3293.5,3344.24,3369.08,3284.41,11.96106992,97.11439166
801950,2024-05-31,3297.75,3309.58,3330.51,3295.3,9.01779986,81.36078639
801950,2024-06-03,3300.54,3302.87,3313.17,3278.41,11.82149214,88.03064156
801950,2024-06-04,3241.83,3279.4,3279.4,3226.01,9.81671021,96.12330923
801950,2024-06-05,3219.0,3239.78,3272.93,3219.0,9.2424346,78.20900614
801950,2024-06-06,3271.56,3222.37,3309.8,3222.37,14.27621886,102.42510928
801950,2024-06-07,3291.45,3274.04,3294.11,3259.44,9.90144116,73.54318474
801950,2024-06-11,3242.45,3291.09,3297.01,3217.1,11.14215953,89.24906241
801950,2024-06-12,3350.85,3234.84,3364.09,3229.03,9.64054854,100.48320312
801950,2024-06-13,3315.31,3340.31,3362.35,3290.88,11.18880128,82.06586475
801950,2024-06-14,3295.16,3310.84,3335.9,3280.82,11.10735466,87.19061876
801950,2024-06-17,3223.13,3282.46,3293.45,3214.36,9.67207475,91.16932457
801950,2024-06-18,3224.41,3223.65,3225.24,3215.64,7.3700589,60.74156449
801950,2024-06-19,3201.13,3209.99,3249.54,3194.58,7.26625528,60.97871132
801950,2024-06-20,3240.08,3198.77,3258.62,3198.77,8.75483173,74.81819484
801950,2024-06-21,3208.86,3228.72,3243.26,3185.92,7.602334,63.15267012
801950,2024-06-24,3148.31,3201.02,3209.04,3134.36,11.04775861,78.12899033
801950,2024-06-25,3138.42,3155.3,3159.86,3123.14,9.51442447,59.37006931
801950,2024-06-26,3138.31,3134.33,3144.72,3094.81,9.85958221,64.53664662
801950,2024-06-27,3104.95,3135.89,3139.53,3103.28,10.63585808,65.95323449
801950,2024-06-28,3115.01,3069.64,3133.39,3068.18,8.84879241,62.97426006
801950,2024-07-01,3216.74,3118.54,3239.18,3118.54,8.83306731,74.89852532
801950,2024-07-02,3213.26,3218.62,3236.29,3167.62,8.60577165,65.15837282
801950,2024-07-03,3159.38,3204.17,3222.17,3151.43,6.23334449,56.08250132
801950,2024-07-04,3140.41,3161.1,3188.59,3133.98,7.62934691,55.86335633
801950,2024-07-05,3127.73,3139.58,3147.07,3084.36,6.57294314,59.44263663
801950,2024-07-08,3062.25,3072.26,3084.73,3046.52,8.5504596,65.24949943
801950,2024-07-09,3086.54,3057.95,3089.65,3028.16,8.62964432,65.95363025
801950,2024-07-10,2946.51,3057.81,3057.81,2938.29,11.85188202,112.7920209
801950,2024-07-11,2965.45,2947.18,2970.63,2931.51,10.26366664,81.44960739
801950,2024-07-12,2893.44,2951.16,2970.44,2878.58,9.61766191,80.37944728
801950,2024-07-15,2950.57,2884.65,2964.52,2866.77,7.92253948,75.39467083
801950,2024-07-16,2948.71,2948.8,2952.66,2930.68,6.00361709,53.11546381
801950,2024-07-17,2888.49,2945.44,2950.35,2875.22,8.39856447,62.55816445
801950,2024-07-18,2892.46,2876.74,2897.25,2849.95,7.32618342,50.06985191
801950,2024-07-19,2888.79,2886.46,2900.96,2866.22,6.13302736,47.89668386
801950,2024-07-22,2851.22,2880.34,2880.34,2784.31,8.03582387,73.12494307
801950,2024-07-23,2795.65,2842.37,2849.79,2795.65,8.14941667,51.26544314
801950,2024-07-24,2800.6,2795.26,2808.65,2752.9,23.20895753,66.67798816
801950,2024-07-25,2763.3,2789.47,2789.47,2739.15,5.07438083,48.69068142
801950,2024-07-26,2776.76,2761.59,2801.86,2758.2,4.76175979,43.28726517
801950,2024-07-29,2757.31,2774.9,2779.11,2741.35,4.22282489,39.14444907
801950,2024-07-30,2707.2,2750.66,2750.66,2698.01,4.69166372,44.85444766
801950,2024-07-31,2776.72,2710.65,2782.24,2697.65,7.54790152,68.03265486
801950,2024-08-01,2747.07,2792.62,2816.36,2746.95,6.18274352,57.34449784
801950,2024-08-02,2731.39,2731.11,2744.59,2712.37,4.77694805,42.90097774
801950,2024-08-05,2691.14,2716.3,2732.82,2687.41,5.97789784,53.40364361
801950,2024-08-06,2699.75,2703.3,2718.55,2678.81,5.62770437,50.19703337
801950,2024-08-07,2736.59,2696.24,2759.61,2686.02,6.76146699,54.77150111
801950,2024-08-08,2731.09,2750.28,2760.52,2727.36,11.11973059,46.94646862
801950,2024-08-09,2743.71,2744.73,2763.36,2726.52,19.99562418,60.88513001
801950,2024-08-12,2764.93,2729.13,2780.76,2717.24,12.61626616,52.9273268
801950,2024-08-13,2755.03,2771.91,2775.07,2731.06,10.0975161,46.29969751
801950,2024-08-14,2726.81,2744.51,2749.66,2719.48,7.16403525,35.70444883
801950,2024-08-15,2787.5,2724.42,2806.66,2719.17,9.75274848,57.1761645
801950,2024-08-16,2797.18,2788.86,2812.48,2784.55,8.36282174,43.9504982
801950,2024-08-19,2795.07,2795.05,2836.55,2788.67,10.8796533,50.89809969
801950,2024-08-20,2701.71,2789.3,2789.3,2692.27,12.51426185,68.16162572
801950,2024-08-21,2698.26,2707.05,2718.9,2652.27,15.28674306,62.11891653
801950,2024-08-22,2687.9,2694.76,2701.8,2669.58,11.38914431,46.33740283
801950,2024-08-23,2699.07,2678.69,2739.44,2678.69,8.43752141,46.30576862
801950,2024-08-26,2703.64,2700.96,2706.87,2669.88,7.24283037,43.10398901
801950,2024-08-27,2745.33,2694.49,2748.81,2684.05,8.98111112,54.43341195
801950,2024-08-28,2740.81,2737.94,2769.95,2728.61,8.56731427,50.7428984
801950,2024-08-29,2729.26,2740.78,2743.97,2706.25,8.02957653,43.3952038
801950,2024-08-30,2750.62,2727.54,2787.37,2702.39,11.94082566,76.07170092
801950,2024-09-02,2779.47,2749.51,2808.38,2729.86,10.89232177,77.30370861
801950,2024-09-03,2745.9,2772.96,2807.36,2725.05,8.77749752,60.24090964
801950,2024-09-04,2707.24,2728.23,2728.23,2693.97,7.32584079,47.62813988
801950,2024-09-05,2668.93,2707.64,2739.45,2662.42,6.1225087,50.04236203
801950,2024-09-06,2610.13,2646.02,2659.06,2609.64,6.23793957,45.02018327
801950,2024-09-09,2547.82,2600.12,2600.12,2523.59,8.54568531,63.67555538
801950,2024-09-10,2556.24,2546.94,2588.92,2533.67,7.81997176,46.23150488
801950,2024-09-11,2510.08,2541.81,2541.81,2481.1,6.93168272,50.34254585
801950,2024-09-12,2541.04,2519.97,2556.33,2515.32,7.6941515,48.28088674
801950,2024-09-13,2529.72,2541.62,2566.6,2528.82,6.59512838,40.84575437
801950,2024-09-18,2590.82,2523.76,2596.58,2523.76,8.07114469,48.03791612
801950,2024-09-19,2603.78,2596.33,2610.07,2551.38,9.51499464,55.55004617
801950,2024-09-20,2621.71,2600.11,2635.2,2591.08,6.62745067,45.85900606
801950,2024-09-23,2666.08,2616.86,2683.35,2616.86,8.12256757,48.50907765
801950,2024-09-24,2815.21,2696.37,2815.3,2691.11,18.24908459,102.53725443
801950,2024-09-25,2833.98,2862.64,2897.62,2822.49,22.21387335,113.08431342
801950,2024-09-26,2943.23,2841.13,2943.9,2825.56,19.1631919,102.9216056
801950,2024-09-27,2972.95,2988.92,3002.47,2923.01,18.14423331,89.38110403
801950,2024-09-30,3153.7,3066.52,3198.97,3007.96,40.51004594,262.42628844
801950,2024-10-08,3121.6,3424.87,3424.87,3035.08,50.20431208,330.79366707
801950,2024-10-09,2893.22,3078.57,3078.57,2893.22,34.66200729,199.21829534
801950,2024-10-10,3046.53,2907.97,3112.03,2907.97,31.48873472,218.71327418
801950,2024-10-11,2974.26,3058.74,3073.47,2940.32,23.1001474,149.94739649
801950,2024-10-14,3027.76,2980.59,3059.9,2975.23,18.44334898,123.64205438
801950,2024-10-15,2944.03,3015.84,3026.82,2944.03,17.50370426,99.34249854
801950,2024-10-16,2934.74,2926.0,2967.55,2914.17,13.62711769,76.64363631
801950,2024-10-17,2901.34,2943.78,2993.74,2899.95,12.72657707,74.4747105
801950,2024-10-18,2947.29,2899.24,2981.52,2881.33,18.54832772,109.38331816
801950,2024-10-21,2934.2,2950.43,2975.59,2918.87,15.19980229,102.51766136
801950,2024-10-22,2956.29,2932.49,2958.44,2918.92,13.70136332,82.20151953
801950,2024-10-23,2958.3,2951.94,2967.22,2928.05,20.29403171,109.1126179
801950,2024-10-24,2955.01,2953.32,2970.14,2942.09,17.29448807,91.4654555
801950,2024-10-25,2956.83,2958.43,2970.57,2947.83,16.79036296,92.74222547
801950,2024-10-28,3009.43,2965.02,3009.43,2965.02,29.92155802,138.57005631
801950,2024-10-29,2935.05,3001.25,3001.5,2932.28,25.4859322,131.92413029
801950,2024-10-30,2914.29,2921.55,2940.53,2892.41,19.13855753,98.41446791
801950,2024-10-31,2900.21,2901.89,2926.32,2872.9,23.73274018,112.08703297
801950,2024-11-01,2939.25,2902.45,2959.71,2901.61,24.39938196,123.16176169
801950,2024-11-04,2946.41,2946.67,2946.67,2905.68,17.53623011,86.86796411
801950,2024-11-05,2982.3,2939.89,2982.3,2924.37,35.59418469,137.74715465
801950,2024-11-06,2954.91,2986.46,2996.16,2943.97,49.73784929,176.40700738
801950,2024-11-07,3022.8,2945.99,3022.8,2945.99,52.17247249,198.19879708
801950,2024-11-08,2996.76,3035.99,3059.86,2973.58,45.8708171,190.77881702
801950,2024-11-11,2950.65,2974.26,2976.28,2915.97,36.2627682,160.63759807
801950,2024-11-12,2910.81,2938.67,2961.85,2897.13,34.58484401,156.01265917
801950,2024-11-13,2929.85,2896.27,2944.1,2895.49,22.22167281,114.46027151
801950,2024-11-14,2889.97,2919.97,2943.49,2887.99,22.13038389,106.08109141
801950,2024-11-15,2893.24,2885.69,2920.97,2871.68,18.29095614,97.88639927
801950,2024-11-18,2959.81,2905.87,2993.2,2905.87,36.98353544,177.74499131
801950,2024-11-19,2948.34,2958.07,2960.04,2909.22,34.35636936,137.23049459
801950,2024-11-20,2961.56,2933.24,2962.54,2926.53,24.73679864,105.56443026
801950,2024-11-21,2970.03,2952.47,2983.93,2952.47,21.77488125,99.80044114
801950,2024-11-22,2867.86,2969.92,2982.8,2867.86,21.81660961,112.03970292
801950,2024-11-25,2864.79,2879.36,2889.25,2839.2,17.3278272,80.13117226
801950,2024-11-26,2854.74,2855.09,2877.32,2841.37,13.17139141,63.04754614
801950,2024-11-27,2886.31,2850.97,2886.31,2820.39,17.3819281,79.52301815
801950,2024-11-28,2857.84,2881.57,2885.68,2855.23,17.31886746,70.88509812
801950,2024-11-29,2867.41,2860.01,2884.55,2847.96,17.40222776,84.07597826
801950,2024-12-02,2891.92,2866.32,2897.39,2850.21,25.41863114,113.51374099
801950,2024-12-03,2925.36,2888.79,2925.66,2883.86,18.47775801,100.56922753
801950,2024-12-04,2989.54,2916.79,3001.27,2911.18,23.71070006,136.46010367
801950,2024-12-05,2986.5,2984.41,2995.34,2967.59,21.29878361,98.74343063
801950,2024-12-06,3022.0,2991.58,3029.95,2991.58,41.77054542,150.36354459
801950,2024-12-09,3028.03,3034.69,3057.23,2996.47,69.16730447,205.06203492
801950,2024-12-10,3024.47,3079.42,3081.35,3017.36,58.66187356,202.85566169
801950,2024-12-11,3080.44,3015.07,3081.18,3015.07,43.88675386,166.52579753
801950,2024-12-12,3063.45,3081.57,3081.57,3052.3,34.6667977,133.81617716
801950,2024-12-13,2991.11,3049.98,3049.98,2989.3,36.4122907,171.49161335
801950,2024-12-16,3022.48,2990.5,3038.24,2990.5,29.58562172,130.95175639
801950,2024-12-17,2997.18,3020.6,3046.26,2993.19,25.41769963,111.78083649
801950,2024-12-18,3023.95,3012.59,3052.61,3012.59,27.28751135,110.56511818
801950,2024-12-19,2964.7,3003.11,3012.08,2959.64,34.6589763,121.61807435
801950,2024-12-20,2897.37,2960.54,2960.96,2892.54,24.54681127,115.99522577
801950,2024-12-23,2879.34,2893.47,2913.69,2877.14,21.00370375,96.52572701
801950,2024-12-24,2884.28,2878.72,2888.88,2861.21,23.09550084,93.02484513
801950,2024-12-25,2917.0,2887.94,2925.62,2879.28,20.28434471,97.69491113
801950,2024-12-26,2880.25,2912.8,2913.58,2878.96,17.87442546,87.82663007
801950,2024-12-27,2881.84,2878.32,2887.95,2861.08,19.19802059,92.34146053
801950,2024-12-30,2916.73,2886.42,2925.3,2886.42,21.82726431,107.28008973
801950,2024-12-31,2904.91,2923.86,2942.84,2904.91,26.85509013,127.12790414
801950,2025-01-02,2834.78,2902.98,2915.76,2823.65,26.18011491,122.5076358
801950,2025-01-03,2835.48,2844.89,2875.6,2828.28,25.31765296,113.58502881
801950,2025-01-06,2824.39,2831.78,2848.8,2794.04,23.62295816,101.56370255
801950,2025-01-07,2792.74,2819.94,2825.76,2768.86,20.3056602,87.35850079
801950,2025-01-08,2767.48,2786.21,2789.38,2737.87,20.49239647,86.33226424
801950,2025-01-09,2724.98,2756.72,2756.72,2720.32,19.18544993,88.39148431
801950,2025-01-10,2688.97,2725.28,2741.32,2688.97,19.6636107,86.9181032
801950,2025-01-13,2680.59,2680.06,2700.91,2670.01,16.22062439,67.23997173
801950,2025-01-14,2724.64,2689.82,2724.83,2677.11,19.20640059,79.65428574
801950,2025-01-15,2708.78,2715.55,2738.5,2702.59,14.91113122,71.69564338
801950,2025-01-16,2748.61,2721.81,2771.12,2721.81,18.95189768,94.56297393
801950,2025-01-17,2732.97,2746.8,2757.4,2730.99,12.67607555,63.56742744
801950,2025-01-20,2698.48,2736.45,2736.45,2696.3,14.15813626,75.15849007
801950,2025-01-21,2662.33,2703.53,2703.53,2656.84,13.24002069,68.14177842
801950,2025-01-22,2638.93,2662.31,2662.87,2629.54,10.83260886,56.68710454
801950,2025-01-23,2651.48,2655.84,2684.94,2651.48,14.69135555,65.41892505
801950,2025-01-24,2680.21,2653.98,2695.66,2647.16,12.17907709,65.94946714
801950,2025-01-27,2712.17,2686.05,2719.92,2686.05,13.18058672,66.4177583
801950,2025-02-05,2652.49,2721.37,2721.37,2642.9,12.24726862,70.83309723
801950,2025-02-06,2661.08,2649.56,2661.08,2633.15,14.41239047,66.13764224
801950,2025-02-07,2688.84,2652.71,2698.21,2645.47,22.62670406,90.0083147
801950,2025-02-10,2681.43,2682.87,2688.55,2675.9,20.54091817,79.33724873
801950,2025-02-11,2671.01,2681.07,2690.12,2658.45,14.09778361,66.76553995
801950,2025-02-12,2659.68,2666.46,2667.71,2644.4,14.58747257,70.3464677
801950,2025-02-13,2652.75,2658.83,2677.39,2652.13,13.87658468,72.97156197
801950,2025-02-14,2648.63,2654.94,2661.06,2639.72,13.48515246,64.50972152
801950,2025-02-17,2616.26,2646.46,2646.46,2608.49,16.19432875,92.10830408
801950,2025-02-18,2576.05,2609.26,2612.81,2567.61,16.26517666,87.79912313
801950,2025-02-19,2553.35,2572.02,2572.02,2546.06,13.79772643,78.91323538
801950,2025-02-20,2553.01,2551.17,2561.19,2540.5,13.50186349,70.0874919
801950,2025-02-21,2534.5,2552.53,2561.88,2527.07,15.92974948,87.23536426
801950,2025-02-24,2540.89,2521.88,2550.4,2512.76,17.10523466,91.50918778
801950,2025-02-25,2531.76,2531.54,2572.57,2518.93,15.95874914,96.46348429
801950,2025-02-26,2546.05,2532.35,2558.44,2527.32,15.23472439,75.410438
801950,2025-02-27,2535.59,2543.11,2543.83,2513.21,14.91386347,75.21493732
801950,2025-02-28,2506.49,2533.19,2543.34,2505.67,15.91347913,81.56905231
801950,2025-03-03,2517.82,2511.43,2536.37,2511.43,12.09589335,67.31535529
801950,2025-03-04,2491.32,2510.62,2510.62,2485.65,12.02859871,60.45923103
801950,2025-03-05,2486.71,2489.29,2489.29,2465.49,13.86904088,63.52959755
801950,2025-03-06,2497.0,2489.09,2501.5,2475.53,12.88088228,61.04690621
801950,2025-03-07,2517.67,2497.34,2534.4,2492.97,13.75195835,78.97004617
801950,2025-03-10,2552.86,2517.6,2560.52,2517.57,13.32018751,79.87058451
801950,2025-03-11,2557.01,2542.37,2560.41,2534.44,14.31756623,74.85720899
801950,2025-03-12,2536.64,2555.97,2555.97,2535.58,11.43975375,60.26937148
801950,2025-03-13,2642.66,2539.18,2653.57,2539.18,39.36727642,205.57930566
801950,2025-03-14,2639.56,2632.52,2639.93,2626.04,26.8235481,134.58933161
801950,2025-03-17,2630.23,2637.83,2654.67,2630.19,18.05946551,95.1235172
801950,2025-03-18,2613.8,2631.29,2631.29,2605.73,14.42079326,75.70307654
801950,2025-03-19,2610.76,2606.43,2623.41,2597.28,14.00277076,75.3382412
801950,2025-03-20,2621.95,2611.86,2653.42,2611.86,18.60888936,97.7759148
801950,2025-03-21,2616.87,2610.69,2640.69,2604.89,19.08930639,98.64174041
801950,2025-03-24,2627.78,2621.01,2653.82,2609.93,17.50594787,99.50753082
801950,2025-03-25,2677.62,2632.13,2681.03,2620.59,20.64394283,129.8271523
801950,2025-03-26,2675.79,2675.41,2687.74,2655.77,16.17809641,102.45232393
801950,2025-03-27,2655.36,2670.71,2677.55,2649.73,14.73048715,79.62777627
801950,2025-03-28,2614.27,2649.69,2649.85,2608.7,14.63551211,79.07935422
801950,2025-03-31,2597.39,2601.44,2624.84,2591.46,14.76323653,80.9142934
801950,2025-04-01,2630.97,2598.63,2630.97,2598.63,10.80223369,63.46905518
801950,2025-04-02,2629.09,2630.19,2641.08,2617.14,8.58185399,51.46191595
801950,2025-04-03,2629.92,2605.16,2630.87,2604.73,9.83488299,57.87859899
801950,2025-04-07,2440.15,2537.01,2543.3,2413.51,23.02078078,131.52260909
801950,2025-04-08,2521.01,2449.8,2521.01,2449.8,17.65981307,104.89634155
801950,2025-04-09,2524.8,2499.82,2524.8,2451.45,20.05187036,104.57937666
801950,2025-04-10,2527.08,2539.93,2540.36,2507.25,15.99250468,83.43029545
801950,2025-04-11,2497.38,2519.69,2519.69,2492.5,10.89210121,61.35870578
801950,2025-04-14,2559.9,2502.51,2562.96,2502.51,13.09302852,75.0898468
801950,2025-04-15,2561.46,2555.49,2566.13,2540.63,9.24638822,57.44556562
801950,2025-04-16,2578.37,2559.46,2578.37,2542.28,12.17902926,69.19205344
801950,2025-04-17,2576.16,2569.36,2576.73,2561.5,11.28756554,56.12634212
801950,2025-04-18,2564.99,2568.67,2572.68,2553.6,11.07507819,55.84044791
801950,2025-04-21,2556.69,2565.77,2569.51,2548.57,11.17119273,58.0867752
801950,2025-04-22,2553.86,2554.07,2577.27,2553.11,10.6908923,55.91422642
801950,2025-04-23,2547.43,2557.96,2560.75,2546.43,9.75041694,52.61644966
801950,2025-04-24,2563.84,2550.86,2579.37,2550.49,11.4044285,61.53285045
801950,2025-04-25,2548.73,2559.32,2560.66,2533.74,17.35373192,70.92281507
801950,2025-04-28,2510.48,2524.41,2524.57,2480.42,14.02993868,82.07713949
801950,2025-04-29,2497.64,2497.22,2508.01,2490.2,11.42796485,57.59599778
801950,2025-04-30,2485.03,2494.0,2496.87,2482.39,10.33844776,57.42052633
801950,2025-05-06,2503.52,2493.66,2503.85,2481.95,11.52213334,60.66651564
801950,2025-05-07,2524.87,2533.0,2533.0,2504.37,11.74836121,64.88475229
801950,2025-05-08,2520.34,2514.07,2530.11,2512.98,8.74573925,48.79414929
801950,2025-05-09,2522.92,2521.16,2530.09,2512.98,8.9757046,52.89181603
801950,2025-05-12,2524.22,2528.66,2528.66,2513.85,10.87546563,64.17351979
801950,2025-05-13,2539.93,2531.22,2553.0,2528.55,11.07962286,70.03946196
801950,2025-05-14,2565.88,2540.9,2568.63,2534.96,13.3220011,76.98102179
801950,2025-05-15,2576.63,2563.53,2601.7,2563.53,13.61853919,83.11834232
801950,2025-05-16,2560.89,2573.42,2575.25,2552.86,10.9653859,63.84618081
801950,2025-05-19,2568.63,2575.28,2578.58,2566.2,12.40372369,75.29980142
801950,2025-05-20,2560.14,2570.86,2570.86,2554.08,9.59748203,58.7018695
801950,2025-05-21,2625.4,2562.82,2638.99,2562.82,20.40029775,120.88704344
801950,2025-05-22,2614.1,2618.13,2627.63,2608.83,12.56330383,72.40819532
801950,2025-05-23,2587.34,2610.03,2632.66,2586.84,11.00683993,66.40976574
801950,2025-05-26,2580.29,2583.07,2590.95,2573.3,9.01907386,55.77609471
801950,2025-05-27,2561.8,2581.38,2584.42,2555.19,8.1908367,52.37147159
801950,2025-05-28,2580.66,2562.78,2593.12,2555.51,6.77165741,46.6936553
801950,2025-05-29,2593.12,2581.38,2605.76,2577.17,9.70603846,51.10128385
801950,2025-05-30,2578.75,2592.55,2592.55,2577.5,8.25394801,47.64366857
801950,2025-06-03,2557.0,2565.76,2565.76,2544.88,9.49338801,65.16907517
801950,2025-06-04,2569.94,2556.63,2569.94,2542.25,10.13817436,64.46005032
801950,2025-06-05,2555.62,2567.36,2582.15,2552.4,8.93567407,53.31636414
801950,2025-06-06,2565.75,2562.85,2578.73,2562.85,9.23092827,62.46863546
801950,2025-06-09,2569.17,2558.92,2577.52,2552.61,11.14745691,62.91692924
801950,2025-06-10,2564.84,2571.72,2581.2,2553.85,11.85154463,67.8275283
801950,2025-06-11,2580.54,2564.47,2592.31,2564.47,11.88591523,67.98480959
801950,2025-06-12,2551.16,2580.26,2580.26,2551.16,10.858218,66.12060993
801950,2025-06-13,2542.41,2550.44,2555.04,2537.84,15.44684792,87.13222877
801950,2025-06-16,2540.63,2546.86,2552.45,2535.46,10.82732343,66.8356908
801950,2025-06-17,2563.33,2541.17,2565.11,2529.01,11.66934837,72.61536504
801950,2025-06-18,2539.72,2559.43,2563.94,2534.14,10.55763832,59.38870877
801950,2025-06-19,2516.33,2533.4,2533.4,2504.22,11.30190818,62.68205385
801950,2025-06-20,2522.79,2516.82,2543.88,2516.82,9.99369707,55.499461
801950,2025-06-23,2565.26,2526.14,2569.9,2517.38,11.93902709,72.97245648
801950,2025-06-24,2559.73,2554.76,2566.92,2543.26,9.90409157,67.63905877
801950,2025-06-25,2534.16,2534.68,2536.44,2513.29,11.23971389,63.33328605
801950,2025-06-26,2521.91,2533.49,2547.57,2520.76,9.57845089,62.90535175
801950,2025-06-27,2539.55,2527.73,2542.65,2527.73,12.68838767,74.51379605
801950,2025-06-30,2548.02,2540.61,2549.07,2534.9,10.28771319,63.73263998
801950,2025-07-01,2548.98,2544.09,2551.82,2533.44,8.74450069,54.1659214
801950,2025-07-02,2599.59,2549.46,2599.79,2544.15,21.66896998,98.50716286
801950,2025-07-03,2569.45,2598.52,2614.07,2564.43,13.463946,74.16159184
801950,2025-07-04,2580.17,2569.93,2600.49,2569.93,18.35475479,81.39431609
801950,2025-07-07,2527.54,2547.51,2547.51,2516.42,16.92288629,79.24967033
801950,2025-07-08,2535.49,2528.18,2536.41,2516.51,14.66989269,69.47681862
801950,2025-07-09,2539.81,2540.17,2551.52,2532.13,15.59308409,78.37569803
801950,2025-07-10,2567.62,2536.87,2573.25,2536.87,22.32439351,118.23640472
801950,2025-07-11,2552.25,2564.62,2579.4,2552.25,24.0643734,123.90561248
801950,2025-07-14,2563.44,2553.49,2583.49,2553.49,21.66435816,115.19849478
801950,2025-07-15,2514.11,2554.03,2554.03,2507.01,22.59729308,106.96320612
801950,2025-07-16,2503.76,2512.85,2516.43,2497.13,11.56130521,57.65928223
801950,2025-07-17,2506.48,2506.16,2508.65,2496.0,9.57015462,50.16101652
801950,2025-07-18,2530.07,2518.97,2543.03,2518.97,14.03901107,80.87420397
801950,2025-07-21,2584.61,2537.94,2585.22,2537.94,21.73627808,124.1351723
801950,2025-07-22,2744.24,2594.0,2754.62,2574.23,42.05295059,291.35591243
801950,2025-07-23,2723.98,2796.1,2796.1,2720.42,39.60436089,273.87831508
801950,2025-07-24,2768.86,2718.27,2775.29,2693.38,39.64059666,211.16758491
801950,2025-07-25,2731.93,2768.81,2791.43,2727.41,28.02288947,165.09079046
801950,2025-07-28,2660.89,2683.58,2696.89,2655.32,24.05955803,142.52951798
801950,2025-07-29,2679.77,2655.32,2683.39,2639.68,17.12410029,104.23126632
801950,2025-07-30,2687.64,2694.76,2719.66,2680.51,17.95196007,117.947143
801950,2025-07-31,2614.51,2663.9,2663.9,2600.11,21.19387524,125.68846088
801950,2025-08-01,2604.28,2612.6,2628.16,2603.17,10.30565747,67.21533658
801950,2025-08-04,2620.06,2592.62,2620.47,2592.39,9.62887575,56.76428322
801950,2025-08-05,2646.33,2618.45,2647.28,2618.45,11.54328812,65.2160864
801950,2025-08-06,2696.41,2644.03,2698.48,2644.03,16.85159109,115.65283321
801950,2025-08-07,2703.93,2687.07,2708.34,2669.21,12.94215473,91.82052308
801950,2025-08-08,2699.31,2700.18,2708.47,2686.73,9.97607559,60.76158343
801950,2025-08-11,2689.88,2704.73,2704.73,2686.48,10.15207753,65.09536798
801950,2025-08-12,2716.97,2702.33,2728.66,2695.28,11.88316193,83.53873586
801950,2025-08-13,2695.06,2712.12,2712.12,2693.06,12.86273362,74.80719672
801950,2025-08-14,2659.79,2690.55,2691.82,2659.79,14.35084816,74.05757635
801950,2025-08-15,2675.94,2656.26,2679.49,2656.26,10.82015684,62.32043574
801950,2025-08-18,2683.87,2752.08,2752.08,2681.47,16.32200304,139.52592518
801950,2025-08-19,2669.88,2681.91,2682.09,2665.31,12.26733,93.2876889
801950,2025-08-20,2685.34,2661.51,2685.98,2657.7,11.68657856,78.34690532
801950,2025-08-21,2704.56,2685.81,2712.88,2677.39,16.50835241,95.55859081
801950,2025-08-22,2700.59,2697.82,2701.05,2675.65,15.55803645,94.40586313
801950,2025-08-25,2739.7,2710.91,2744.83,2710.36,21.92499452,126.62727934
801950,2025-08-26,2729.86,2742.27,2748.06,2726.11,20.41688774,103.64060908
801950,2025-08-27,2659.94,2719.89,2719.89,2659.51,23.17432844,125.67876373
801950,2025-08-28,2638.31,2638.08,2645.25,2602.53,21.83607838,125.43237328
801950,2025-08-29,2626.05,2636.03,2657.8,2622.88,15.0741699,101.24670324
801950,2025-09-01,2643.49,2624.03,2659.2,2614.17,15.71392023,101.60380039
801950,2025-09-02,2639.01,2642.2,2646.89,2622.84,18.88081981,94.41879931
801950,2025-09-03,2596.13,2640.02,2642.63,2589.21,15.60705544,77.56176835
801950,2025-09-04,2607.48,2590.27,2611.18,2574.84,14.36960192,87.51332375
801950,2025-09-05,2634.16,2606.51,2636.79,2593.05,12.56312094,78.43309873
801950,2025-09-08,2646.64,2629.42,2652.03,2619.26,12.93292611,80.84867199
801950,2025-09-09,2646.3,2649.29,2659.67,2635.51,13.12761108,71.23051452
801950,2025-09-10,2626.13,2644.66,2644.66,2624.86,9.0953482,58.59519969
801950,2025-09-11,2638.43,2629.06,2638.43,2613.93,14.12122164,70.90515092
801950,2025-09-12,2642.87,2637.39,2661.2,2627.84,21.23369033,100.51438295
801950,2025-09-15,2677.71,2643.9,2677.71,2634.97,23.43479266,116.53011392
801950,2025-09-16,2686.44,2700.39,2709.47,2673.63,25.89519924,125.38811783
801950,2025-09-17,2729.86,2676.44,2738.05,2671.02,23.24299262,148.61234561
801950,2025-09-18,2682.73,2726.28,2726.28,2667.94,35.13985767,149.42344388
801950,2025-09-19,2735.68,2692.76,2744.38,2688.95,53.53765508,191.89435375
801950,2025-09-22,2710.79,2735.51,2749.3,2703.15,28.43541769,115.34073679
801950,2025-09-23,2740.99,2704.29,2750.49,2694.67,38.15893053,152.44858235
801950,2025-09-24,2732.92,2723.91,2742.63,2707.28,24.34459009,105.85569863
801950,2025-09-25,2710.37,2724.27,2724.27,2698.83,20.66240086,91.61304001
801950,2025-09-26,2698.2,2710.45,2720.9,2698.2,17.8315674,93.62692825
801950,2025-09-29,2675.46,2685.87,2688.24,2648.7,19.69489048,102.10906045
801950,2025-09-30,2675.51,2671.76,2682.76,2659.17,15.55510569,74.14935361
801950,2025-10-09,2755.76,2677.09,2757.18,2674.4,26.56229429,131.58475485
801950,2025-10-10,2793.56,2749.22,2820.46,2738.32,30.29777509,160.8001882
801950,2025-10-13,2790.0,2737.82,2792.09,2737.82,26.26878599,135.72835383
801950,2025-10-14,2850.75,2795.07,2871.54,2793.61,35.73882442,216.73931181
801950,2025-10-15,2863.33,2853.32,2869.51,2835.36,28.09566729,161.71712995
801950,2025-10-16,2930.57,2859.9,2934.84,2859.9,34.89279599,218.07038722
801950,2025-10-17,2910.0,2925.96,2967.35,2904.25,34.03549833,210.32670674
801950,2025-10-20,2998.6,2925.95,2998.6,2920.41,42.00670263,257.49874181
801950,2025-10-21,2968.07,2983.55,2983.55,2924.03,41.67336037,246.50796288
801950,2025-10-22,2937.57,2943.34,2969.15,2925.56,28.6956889,157.53264751
801950,2025-10-23,2988.91,2934.33,3005.86,2934.33,40.62141487,221.81521546
801950,2025-10-24,2950.22,2964.14,2969.03,2933.39,38.69254414,221.87696037
801950,2025-10-27,2966.75,2930.29,2990.76,2890.52,32.75584752,204.5905824
801950,2025-10-28,2943.3,2952.57,2963.12,2928.97,28.38140299,165.23082086
801950,2025-10-29,2971.13,2935.93,2984.66,2917.07,33.40592924,189.85610024
801950,2025-10-30,2971.35,2962.36,3013.07,2962.36,32.78632774,193.10854505
801950,2025-10-31,2943.6,2969.69,2969.69,2934.96,22.49647753,129.62094207
801950,2025-11-03,3017.69,2956.77,3033.6,2956.77,24.3860652,172.31077891
801950,2025-11-04,3016.53,3018.41,3048.3,3006.38,25.06155775,156.73411676
801950,2025-11-05,3058.52,3003.11,3087.72,3003.11,32.80945906,191.8419533
801950,2025-11-06,3083.43,3060.91,3102.95,3044.59,31.20650362,198.20428407
801950,2025-11-07,3076.78,3078.81,3104.78,3064.43,25.67755434,157.02273919
801950,2025-11-10,3092.43,3066.41,3108.87,3048.98,26.1128348,167.91881459
801950,2025-11-11,3051.05,3082.9,3082.9,3010.91,27.61602167,175.71389633
801950,2025-11-12,3027.64,3041.83,3059.64,3025.21,23.95354663,140.71993407
801950,2025-11-13,3059.83,3029.32,3066.25,3007.0,22.07101776,141.46666187
801950,2025-11-14,3047.3,3062.05,3076.54,3042.88,44.49193698,180.35607511
801950,2025-11-17,3087.59,3047.57,3100.55,3018.41,49.91590711,231.65314883
801950,2025-11-18,2989.62,3069.53,3069.53,2984.0,40.86000682,206.96384646
801950,2025-11-19,2996.8,2978.35,3010.62,2962.22,25.5783691,127.74604003
801950,2025-11-20,2933.96,2986.02,2998.43,2931.98,22.39731812,118.85455437
801950,2025-11-21,2867.84,2933.25,2933.25,2867.46,28.53037459,137.74055945
801950,2025-11-24,2836.68,2877.77,2880.56,2819.62,20.11989555,106.502571
801950,2025-11-25,2850.86,2851.04,2857.62,2831.02,16.87165768,88.35692773
801950,2025-11-26,2834.64,2840.66,2863.41,2834.43,15.18566729,80.74981296
801950,2025-11-27,2857.26,2834.49,2862.38,2826.13,15.56331666,84.48020051
801950,2025-11-28,2853.3,2848.57,2862.6,2837.95,18.42044367,83.72769195
801950,2025-12-01,2876.51,2852.98,2876.51,2851.03,23.07351609,103.01768825
801950,2025-12-02,2882.51,2887.57,2887.57,2853.12,24.36669104,109.97071785
801950,2025-12-03,2898.93,2876.18,2921.97,2876.18,26.71254205,132.70291451
801950,2025-12-04,2878.45,2897.78,2898.09,2872.72,22.12064779,113.00783986
801950,2025-12-05,2887.25,2875.36,2892.5,2861.74,19.23141137,99.43666214
801950,2025-12-08,2845.87,2876.02,2876.02,2825.11,19.97529264,119.01840171
801950,2025-12-09,2799.63,2839.65,2839.65,2797.75,17.40744643,98.49389608
801950,2025-12-10,2802.34,2796.36,2806.78,2793.99,14.54215825,81.04781733
801950,2025-12-11,2781.62,2808.86,2816.17,2775.84,17.47478596,89.67012605
801950,2025-12-12,2782.1,2785.84,2802.03,2769.98,19.01733758,122.7223212
801950,2025-12-15,2785.57,2771.86,2809.57,2771.86,16.20181219,92.3819665
801950,2025-12-16,2750.56,2781.07,2781.07,2738.82,17.81626771,91.39170303
801950,2025-12-17,2747.41,2747.38,2758.3,2732.08,13.36941988,73.91396161
801950,2025-12-18,2799.46,2764.3,2806.67,2760.29,14.93803071,92.89916485
801950,2025-12-19,2791.37,2785.0,2801.65,2773.07,15.08113798,77.81648665
801950,2025-12-22,2801.2,2804.06,2812.04,2774.03,13.9075511,87.98429203
801950,2025-12-23,2790.39,2801.63,2812.18,2785.95,12.20783746,70.75101091
801950,2025-12-24,2770.89,2788.02,2788.02,2749.93,12.10339902,77.23067986
801950,2025-12-25,2764.25,2767.61,2771.37,2757.51,10.51155298,57.9668289
801950,2025-12-26,2772.29,2757.3,2780.51,2755.27,13.63757927,78.1169705
801950,2025-12-29,2775.15,2776.35,2801.85,2772.34,15.37935235,91.02496568
801950,2025-12-30,2766.23,2770.25,2770.25,2751.54,12.68939034,73.2664404
801950,2025-12-31,2751.81,2760.77,2770.33,2738.29,11.48674999,66.06485359
801950,2026-01-05,2766.68,2762.42,2779.3,2760.44,12.94649292,82.94866287
801950,2026-01-06,2827.02,2777.14,2831.3,2775.95,27.23671228,125.90366619
801950,2026-01-07,2896.76,2851.07,2896.76,2814.95,37.27694327,213.7520247
801950,2026-01-08,2901.0,2909.85,2924.71,2887.99,33.33440148,184.01253527
801950,2026-01-09,2924.32,2885.92,2930.93,2883.93,24.16015783,135.29854245
801950,2026-01-12,2910.69,2926.19,2939.19,2898.67,23.42524215,130.82302043
801950,2026-01-13,2894.66,2914.46,2922.62,2885.76,22.1497072,118.60578834
801950,2026-01-14,2877.0,2894.97,2904.75,2856.86,23.11271072,125.54493026
801950,2026-01-15,2866.34,2867.93,2894.78,2860.1,16.41186795,91.86341095
801950,2026-01-16,2833.39,2872.86,2892.78,2818.47,20.40034229,116.97742083
801950,2026-01-19,2855.07,2827.43,2864.69,2827.43,16.92740819,108.29679404
801950,2026-01-20,2877.23,2855.06,2878.91,2831.98,23.83291835,129.15827508
801950,2026-01-21,2832.16,2871.36,2871.36,2826.58,17.8501684,113.24430369
801950,2026-01-22,2884.51,2834.76,2889.43,2832.22,24.09123078,140.15336824
801950,2026-01-23,2862.7,2884.99,2884.99,2851.84,20.60264698,122.88868599
801950,2026-01-26,2922.09,2861.86,2930.45,2859.99,26.28785933,175.30781673
801950,2026-01-27,2855.64,2913.09,2930.5,2851.43,21.64134543,134.83031256
801950,2026-01-28,2953.39,2861.4,2982.64,2845.97,40.66390602,254.76498192
801950,2026-01-29,2965.18,2960.58,2982.47,2923.9,36.19535396,227.57850635
801950,2026-01-30,2968.01,2968.33,3027.23,2933.09,40.16380177,248.68175531
801950,2026-02-02,2800.52,2917.27,2917.27,2800.13,35.50491428,215.35595383
801950,2026-02-03,2811.18,2823.17,2836.32,2784.56,21.52738907,125.12519822
801950,2026-02-04,3024.36,2823.57,3029.69,2823.57,43.16559937,302.03969292
801950,2026-02-05,2957.36,2984.76,2984.76,2932.34,33.78362934,231.11418845
801950,2026-02-06,2949.53,2923.86,2971.69,2905.39,23.5738442,156.75769385
801950,2026-02-09,2980.14,2956.41,2988.43,2956.41,21.38777841,140.1696921
801950,2026-02-10,3006.4,2981.36,3017.36,2954.93,19.7547712,134.57184941
801950,2026-02-11,3048.59,3001.36,3058.71,2984.45,22.43014399,153.01068915
801950,2026-02-12,3058.09,3055.67,3086.72,3037.43,24.03439905,150.93652156
801950,2026-02-13,3001.91,3046.95,3054.31,3000.4,21.81247823,157.08664904
801950,2026-02-24,3095.02,3033.39,3107.19,3033.39,27.07445117,160.68635837
801950,2026-02-25,3101.49,3093.21,3150.37,3078.86,32.83543487,187.70945772
801950,2026-02-26,3081.04,3103.85,3130.55,3073.34,24.97315762,147.73290284
801950,2026-02-27,3179.62,3081.08,3189.56,3081.08,54.8142059,233.81331391
801950,2026-03-02,3299.55,3248.66,3301.15,3186.48,66.12424176,383.80422394
801950,2026-03-03,3357.47,3307.47,3423.58,3251.73,67.9074859,447.13384833
801950,2026-03-04,3324.66,3294.65,3345.17,3221.03,46.47209352,316.10309105
801950,2026-03-05,3318.75,3298.59,3342.07,3240.75,38.47276299,248.53144591
801950,2026-03-06,3300.15,3289.89,3310.91,3238.26,30.21962829,192.41388186
801950,2026-03-09,3396.51,3442.4,3500.01,3377.38,55.65623225,413.05749288
801950,2026-03-10,3290.93,3266.59,3332.74,3266.59,39.44793979,260.64630778
801950,2026-03-11,3374.32,3276.65,3382.95,3247.74,45.58360692,249.47179353
801950,2026-03-12,3517.42,3413.49,3528.89,3380.05,61.80510699,359.79740394
801950,2026-03-13,3466.29,3526.57,3538.46,3459.1,49.12829351,299.35511639
801950,2026-03-16,3397.67,3477.88,3492.65,3388.31,40.95422657,243.06339709
801950,2026-03-17,3334.07,3374.37,3413.92,3322.37,34.41373109,215.6433628
801950,2026-03-18,3316.93,3325.52,3380.86,3273.78,32.47925212,194.31392268
801950,2026-03-19,3377.36,3366.66,3405.55,3359.2,35.63284624,242.16335977
801950,2026-03-20,3380.89,3328.8,3403.55,3320.97,36.82304809,228.62978213
801950,2026-03-23,3387.78,3430.82,3464.15,3364.31,52.37794751,342.46003603
801950,2026-03-24,3371.17,3345.43,3382.74,3325.12,42.83465995,247.1848536
801950,2026-03-25,3327.82,3313.46,3331.68,3266.44,52.03521819,289.3632833
801950,2026-03-26,3347.51,3324.55,3365.41,3307.94,41.28206691,241.05597856
801950,2026-03-27,3339.92,3316.69,3363.46,3312.66,31.37003004,179.02386471
801950,2026-03-30,3337.45,3367.26,3386.82,3313.64,36.88674193,206.07164069
801950,2026-03-31,3214.93,3315.33,3329.37,3213.27,36.10145122,214.06119559
801950,2026-04-01,3208.71,3204.53,3254.75,3202.39,23.86798098,160.89702767
801950,2026-04-02,3240.21,3215.53,3266.44,3215.53,21.43998526,129.87430191
801950,2026-04-03,3172.51,3240.17,3240.17,3153.91,21.09544183,112.09609407
801950,2026-04-07,3249.8,3178.78,3252.05,3162.62,19.65520064,121.98283287
801950,2026-04-08,3198.97,3174.0,3199.26,3156.51,22.73013807,172.18217091
801950,2026-04-09,3180.64,3189.45,3211.1,3176.67,17.1497341,108.18635702
801950,2026-04-10,3175.17,3174.25,3195.51,3157.99,15.88336653,105.09419935
801950,2026-04-13,3191.92,3200.87,3211.26,3167.66,16.04448771,110.46472384
801950,2026-04-14,3159.45,3180.58,3183.99,3137.45,16.36164203,106.45852502
801950,2026-04-15,3165.37,3145.38,3174.36,3108.99,16.07574615,113.66157192
801950,2026-04-16,3173.99,3165.95,3183.52,3157.35,15.19110485,106.43037067
801950,2026-04-17,3145.55,3179.11,3183.83,3137.78,17.33601366,104.77868708
801950,2026-04-20,3131.94,3143.54,3160.1,3114.97,17.27061757,115.75963575
801950,2026-04-21,3204.17,3127.59,3210.44,3127.59,21.24436385,138.49969657
801950,2026-04-22,3206.36,3207.74,3241.93,3202.83,16.04353949,121.14262058
801950,2026-04-23,3274.64,3198.84,3287.1,3193.4,24.92576058,169.52276086
801950,2026-04-24,3269.21,3263.92,3300.18,3253.3,20.41052509,143.12341849
801950,2026-04-27,3259.81,3223.06,3273.14,3210.27,24.4299404,159.39091333
801950,2026-04-28,3351.42,3238.33,3360.5,3238.33,24.70308838,174.3054349
801950,2026-04-29,3397.86,3332.09,3426.61,3332.09,26.73156956,190.96826588
801950,2026-04-30,3390.76,3397.95,3411.73,3360.2,21.64981392,156.16458354
801950,2026-05-06,3399.7,3363.77,3404.36,3326.15,22.11235795,168.14882965
801950,2026-05-07,3239.57,3366.48,3366.48,3233.36,26.75286526,199.37564269
801950,2026-05-08,3219.06,3244.17,3263.55,3215.89,29.20927728,153.84395634
801950,2026-05-11,3224.66,3232.57,3271.23,3210.38,23.45826365,153.98134008
801950,2026-05-12,3201.86,3224.79,3243.48,3195.97,20.05685274,124.31847204
801950,2026-05-13,3181.68,3200.47,3218.23,3170.32,21.07301303,132.48211015
801950,2026-05-14,3153.88,3181.17,3199.93,3153.51,26.88436048,143.0756221
801950,2026-05-15,3180.05,3151.89,3211.36,3129.41,22.56818261,155.1627563
801950,2026-05-18,3229.39,3184.2,3231.91,3164.22,20.96969559,153.50788441
801950,2026-05-19,3236.93,3214.82,3248.64,3207.23,23.45241137,132.12164211
801950,2026-05-20,3193.04,3228.06,3244.99,3189.7,20.0313282,122.14195718
801950,2026-05-21,3100.46,3173.04,3181.38,3096.93,21.76814434,130.22055029
801950,2026-05-22,3089.64,3103.19,3104.95,3059.64,16.96901943,112.01152266
801950,2026-05-25,3156.47,3181.8,3244.24,3150.98,26.44486132,192.91042915
801950,2026-05-26,3141.13,3131.44,3160.44,3112.91,20.68089796,141.05838971
801950,2026-05-27,3187.8,3137.93,3191.53,3100.43,23.6040804,155.81943985
801950,2026-05-28,3217.65,3170.26,3270.53,3170.26,24.47634983,163.48393441
801950,2026-05-29,3295.34,3208.32,3311.61,3208.32,33.4729541,208.97002607
801950,2026-06-01,3477.59,3304.68,3477.59,3292.37,42.73990738,301.96871262
801950,2026-06-02,3438.53,3476.05,3557.23,3409.75,41.35880191,322.46236456
801950,2026-06-03,3526.16,3390.9,3552.37,3386.66,40.19370759,297.56934236
801950,2026-06-04,3567.89,3495.5,3624.21,3474.47,40.36038627,315.51439115
801950,2026-06-05,3505.0,3537.16,3588.67,3498.51,37.99881918,270.79100105
801950,2026-06-08,3518.82,3468.13,3568.69,3436.45,34.63238365,263.66156895
801950,2026-06-09,3430.82,3443.88,3470.97,3387.93,29.74825153,222.5875342
801950,2026-06-10,3319.79,3407.93,3412.94,3305.38,28.04281039,198.35658718
801950,2026-06-11,3329.82,3332.47,3365.37,3298.17,22.3769583,167.23957065
801950,2026-06-12,3335.57,3295.47,3376.35,3282.59,27.71887978,224.3578101
801950,2026-06-15,3182.16,3287.53,3287.53,3167.6,24.93941259,229.32066388
801950,2026-06-16,3120.0,3158.91,3158.91,3095.04,21.1022214,183.75533368
801950,2026-06-17,3051.84,3119.22,3119.22,3044.43,21.07063687,161.80083184
801950,2026-06-18,2983.58,3037.97,3057.61,2980.62,21.64553369,168.47132609
801950,2026-06-22,3047.12,2989.86,3047.18,2963.26,22.06265661,166.43649378
801950,2026-06-23,3005.59,3047.37,3089.62,3002.75,21.32557028,186.19191993
801950,2026-06-24,2939.07,3011.74,3011.74,2930.01,23.01086291,179.59784952
801950,2026-06-25,2892.08,2909.15,2946.33,2873.56,19.60797444,156.6529402
801950,2026-06-26,2825.65,2884.18,2890.43,2819.27,18.94910302,136.3034858
801950,2026-06-29,2864.38,2833.47,2878.82,2793.24,17.8198038,139.66512421
801950,2026-06-30,2791.06,2856.7,2856.7,2766.04,18.85126506,142.83089851
801950,2026-07-01,2860.63,2789.66,2890.29,2782.18,17.519545,124.08974186
801950,2026-07-02,2906.51,2873.33,2933.37,2873.33,13.35363648,133.57701305
801950,2026-07-03,2928.38,2920.36,2960.77,2910.84,10.28459932,99.54840534
801950,2026-07-06,3048.84,2917.32,3056.14,2909.89,13.79644596,143.67889513
801950,2026-07-07,2984.64,3043.02,3047.38,2957.91,11.08543733,107.41533873
801950,2026-07-08,3020.53,2989.91,3072.32,2983.32,10.89485877,112.28844792
