date,symbol,name,open,close,high,low,volume,amount,amplitude_pct,pct_change,change,turnover_pct,source,adjust
2015-01-05,159915,创业板ETF易方达,1.424,1.424,1.432,1.393,2227002.0,314526592.0,2.73,-0.42,-0.006,2.12,eastmoney,qfq
2015-01-06,159915,创业板ETF易方达,1.422,1.502,1.506,1.409,5273028.0,774540224.0,6.81,5.48,0.078,5.01,eastmoney,qfq
2015-01-07,159915,创业板ETF易方达,1.5,1.474,1.504,1.47,5820003.0,864140816.0,2.26,-1.86,-0.028,5.53,eastmoney,qfq
2015-01-08,159915,创业板ETF易方达,1.467,1.493,1.518,1.467,3789821.0,566618992.0,3.46,1.29,0.019,3.6,eastmoney,qfq
2015-01-09,159915,创业板ETF易方达,1.485,1.503,1.536,1.48,3869420.0,586347360.0,3.75,0.67,0.01,3.68,eastmoney,qfq
2015-01-12,159915,创业板ETF易方达,1.495,1.54,1.542,1.475,3358343.0,512100752.0,4.46,2.46,0.037,3.19,eastmoney,qfq
2015-01-13,159915,创业板ETF易方达,1.538,1.551,1.562,1.526,2253852.0,348447040.0,2.34,0.71,0.011,2.14,eastmoney,qfq
2015-01-14,159915,创业板ETF易方达,1.546,1.536,1.554,1.526,1413702.0,218119605.0,1.81,-0.97,-0.015,1.34,eastmoney,qfq
2015-01-15,159915,创业板ETF易方达,1.534,1.534,1.558,1.526,1966261.0,303252256.0,2.08,-0.13,-0.002,1.87,eastmoney,qfq
2015-01-16,159915,创业板ETF易方达,1.528,1.592,1.596,1.528,2330181.0,364731840.0,4.43,3.78,0.058,2.21,eastmoney,qfq
2015-01-19,159915,创业板ETF易方达,1.576,1.579,1.637,1.548,7977037.0,1271212800.0,5.59,-0.82,-0.013,7.58,eastmoney,qfq
2015-01-20,159915,创业板ETF易方达,1.581,1.657,1.657,1.581,5223034.0,844511904.0,4.81,4.94,0.078,4.96,eastmoney,qfq
2015-01-21,159915,创业板ETF易方达,1.662,1.668,1.673,1.636,3539652.0,588016320.0,2.23,0.66,0.011,3.36,eastmoney,qfq
2015-01-22,159915,创业板ETF易方达,1.661,1.683,1.686,1.655,3227682.0,540329712.0,1.86,0.9,0.015,3.07,eastmoney,qfq
2015-01-23,159915,创业板ETF易方达,1.682,1.638,1.683,1.632,1632896.0,270164352.0,3.03,-2.67,-0.045,1.55,eastmoney,qfq
2015-01-26,159915,创业板ETF易方达,1.639,1.686,1.686,1.639,3345613.0,558198224.0,2.87,2.93,0.048,3.18,eastmoney,qfq
2015-01-27,159915,创业板ETF易方达,1.686,1.688,1.698,1.651,2664797.0,448471600.0,2.79,0.12,0.002,2.53,eastmoney,qfq
2015-01-28,159915,创业板ETF易方达,1.672,1.668,1.7,1.662,2591469.0,436384672.0,2.25,-1.18,-0.02,2.46,eastmoney,qfq
2015-01-29,159915,创业板ETF易方达,1.655,1.652,1.676,1.648,1348225.0,223815960.0,1.68,-0.96,-0.016,1.28,eastmoney,qfq
2015-01-30,159915,创业板ETF易方达,1.651,1.623,1.661,1.614,922306.0,151518131.0,2.85,-1.76,-0.029,0.88,eastmoney,qfq
2015-02-02,159915,创业板ETF易方达,1.609,1.639,1.653,1.604,2259329.0,369609008.0,3.02,0.99,0.016,2.15,eastmoney,qfq
2015-02-03,159915,创业板ETF易方达,1.647,1.693,1.701,1.64,2628277.0,440291856.0,3.72,3.29,0.054,2.5,eastmoney,qfq
2015-02-04,159915,创业板ETF易方达,1.693,1.698,1.708,1.676,2268565.0,384401152.0,1.89,0.3,0.005,2.16,eastmoney,qfq
2015-02-05,159915,创业板ETF易方达,1.685,1.709,1.746,1.68,3652200.0,628657792.0,3.89,0.65,0.011,3.47,eastmoney,qfq
2015-02-06,159915,创业板ETF易方达,1.708,1.661,1.719,1.661,2145361.0,361980464.0,3.39,-2.81,-0.048,2.04,eastmoney,qfq
2015-02-09,159915,创业板ETF易方达,1.661,1.645,1.693,1.642,1900737.0,318342512.0,3.07,-0.96,-0.016,1.81,eastmoney,qfq
2015-02-10,159915,创业板ETF易方达,1.64,1.685,1.687,1.638,1999417.0,332532016.0,2.98,2.43,0.04,1.9,eastmoney,qfq
2015-02-11,159915,创业板ETF易方达,1.684,1.705,1.717,1.681,2278237.0,388552512.0,2.14,1.19,0.02,2.16,eastmoney,qfq
2015-02-12,159915,创业板ETF易方达,1.706,1.72,1.734,1.706,2737831.0,471228736.0,1.64,0.88,0.015,2.6,eastmoney,qfq
2015-02-13,159915,创业板ETF易方达,1.728,1.761,1.763,1.725,2894763.0,506492240.0,2.21,2.38,0.041,2.75,eastmoney,qfq
2015-02-16,159915,创业板ETF易方达,1.767,1.83,1.83,1.766,2431714.0,437738368.0,3.63,3.92,0.069,2.31,eastmoney,qfq
2015-02-17,159915,创业板ETF易方达,1.839,1.82,1.839,1.798,2654238.0,482832800.0,2.24,-0.55,-0.01,2.52,eastmoney,qfq
2015-02-25,159915,创业板ETF易方达,1.825,1.803,1.837,1.795,2709116.0,494844448.0,2.31,-0.93,-0.017,2.57,eastmoney,qfq
2015-02-26,159915,创业板ETF易方达,1.803,1.814,1.823,1.78,2348805.0,424540240.0,2.38,0.61,0.011,2.23,eastmoney,qfq
2015-02-27,159915,创业板ETF易方达,1.812,1.863,1.863,1.809,3111361.0,572008960.0,2.98,2.7,0.049,2.96,eastmoney,qfq
2015-03-02,159915,创业板ETF易方达,1.868,1.914,1.918,1.863,3172607.0,599872656.0,2.95,2.74,0.051,3.01,eastmoney,qfq
2015-03-03,159915,创业板ETF易方达,1.913,1.883,1.929,1.882,4994665.0,954930672.0,2.46,-1.62,-0.031,4.75,eastmoney,qfq
2015-03-04,159915,创业板ETF易方达,1.881,1.94,1.942,1.881,3423007.0,656215760.0,3.24,3.03,0.057,3.25,eastmoney,qfq
2015-03-05,159915,创业板ETF易方达,1.94,1.938,1.958,1.919,3487308.0,676207968.0,2.01,-0.1,-0.002,3.31,eastmoney,qfq
2015-03-06,159915,创业板ETF易方达,1.937,1.88,1.939,1.872,3228519.0,611165008.0,3.46,-2.99,-0.058,3.07,eastmoney,qfq
2015-03-09,159915,创业板ETF易方达,1.855,1.927,1.928,1.855,3978675.0,752710240.0,3.88,2.5,0.047,3.78,eastmoney,qfq
2015-03-10,159915,创业板ETF易方达,1.92,1.972,1.974,1.914,4325495.0,845177984.0,3.11,2.34,0.045,4.11,eastmoney,qfq
2015-03-11,159915,创业板ETF易方达,1.971,1.96,1.977,1.94,3144627.0,617268960.0,1.88,-0.61,-0.012,2.99,eastmoney,qfq
2015-03-12,159915,创业板ETF易方达,1.953,1.94,1.976,1.908,3560430.0,693323152.0,3.47,-1.02,-0.02,3.38,eastmoney,qfq
2015-03-13,159915,创业板ETF易方达,1.945,1.992,1.996,1.932,4168893.0,817182576.0,3.3,2.68,0.052,3.96,eastmoney,qfq
2015-03-16,159915,创业板ETF易方达,2.005,2.061,2.07,2.001,4007189.0,818641744.0,3.46,3.46,0.069,3.81,eastmoney,qfq
2015-03-17,159915,创业板ETF易方达,2.063,2.053,2.08,2.035,3411386.0,703232080.0,2.18,-0.39,-0.008,3.24,eastmoney,qfq
2015-03-18,159915,创业板ETF易方达,2.049,2.099,2.104,2.037,4991478.0,1034598880.0,3.26,2.24,0.046,4.74,eastmoney,qfq
2015-03-19,159915,创业板ETF易方达,2.09,2.095,2.103,2.07,3171081.0,662591680.0,1.57,-0.19,-0.004,3.01,eastmoney,qfq
2015-03-20,159915,创业板ETF易方达,2.094,2.126,2.145,2.091,5335737.0,1130249968.0,2.58,1.48,0.031,5.07,eastmoney,qfq
2015-03-23,159915,创业板ETF易方达,2.13,2.206,2.209,2.126,4724743.0,1022061872.0,3.9,3.76,0.08,4.49,eastmoney,qfq
2015-03-24,159915,创业板ETF易方达,2.21,2.273,2.286,2.156,7047471.0,1560822752.0,5.89,3.04,0.067,6.7,eastmoney,qfq
2015-03-25,159915,创业板ETF易方达,2.269,2.288,2.311,2.248,7446609.0,1698253728.0,2.77,0.66,0.015,7.08,eastmoney,qfq
2015-03-26,159915,创业板ETF易方达,2.26,2.19,2.278,2.17,3636202.0,810065648.0,4.72,-4.28,-0.098,3.46,eastmoney,qfq
2015-03-27,159915,创业板ETF易方达,2.18,2.228,2.233,2.17,6775769.0,1490547856.0,2.88,1.74,0.038,6.44,eastmoney,qfq
2015-03-30,159915,创业板ETF易方达,2.21,2.193,2.236,2.165,3703909.0,815630064.0,3.19,-1.57,-0.035,3.52,eastmoney,qfq
2015-03-31,159915,创业板ETF易方达,2.19,2.247,2.264,2.19,5873711.0,1311991856.0,3.37,2.46,0.054,5.58,eastmoney,qfq
2015-04-01,159915,创业板ETF易方达,2.241,2.296,2.301,2.24,5257417.0,1191844640.0,2.71,2.18,0.049,5.0,eastmoney,qfq
2015-04-02,159915,创业板ETF易方达,2.33,2.369,2.377,2.306,5195590.0,1216884896.0,3.09,3.18,0.073,4.94,eastmoney,qfq
2015-04-03,159915,创业板ETF易方达,2.357,2.391,2.406,2.347,6321722.0,1501905408.0,2.49,0.93,0.022,6.01,eastmoney,qfq
2015-04-07,159915,创业板ETF易方达,2.402,2.438,2.443,2.39,3927645.0,951415680.0,2.22,1.97,0.047,3.73,eastmoney,qfq
2015-04-08,159915,创业板ETF易方达,2.439,2.377,2.444,2.328,5641121.0,1344333872.0,4.76,-2.5,-0.061,5.36,eastmoney,qfq
2015-04-09,159915,创业板ETF易方达,2.346,2.466,2.48,2.24,5934667.0,1363077152.0,10.1,3.74,0.089,5.64,eastmoney,qfq
2015-04-10,159915,创业板ETF易方达,2.361,2.424,2.453,2.341,6546874.0,1574404912.0,4.54,-1.7,-0.042,6.22,eastmoney,qfq
2015-04-13,159915,创业板ETF易方达,2.435,2.451,2.476,2.4,3947227.0,966073552.0,3.14,1.11,0.027,3.75,eastmoney,qfq
2015-04-14,159915,创业板ETF易方达,2.455,2.44,2.476,2.4,4012894.0,984611488.0,3.1,-0.45,-0.011,3.81,eastmoney,qfq
2015-04-15,159915,创业板ETF易方达,2.43,2.33,2.437,2.32,5447841.0,1297231120.0,4.8,-4.51,-0.11,5.18,eastmoney,qfq
2015-04-16,159915,创业板ETF易方达,2.309,2.375,2.423,2.304,5385600.0,1280744032.0,5.11,1.93,0.045,5.12,eastmoney,qfq
2015-04-17,159915,创业板ETF易方达,2.391,2.368,2.405,2.345,3534355.0,839890016.0,2.53,-0.29,-0.007,3.36,eastmoney,qfq
2015-04-20,159915,创业板ETF易方达,2.355,2.318,2.395,2.305,5087122.0,1199849088.0,3.8,-2.11,-0.05,4.83,eastmoney,qfq
2015-04-21,159915,创业板ETF易方达,2.33,2.496,2.496,2.33,4654025.0,1120929392.0,7.16,7.68,0.178,4.42,eastmoney,qfq
2015-04-22,159915,创业板ETF易方达,2.497,2.524,2.55,2.497,4533162.0,1146203168.0,2.12,1.12,0.028,4.31,eastmoney,qfq
2015-04-23,159915,创业板ETF易方达,2.53,2.598,2.611,2.53,4687813.0,1208886032.0,3.21,2.93,0.074,4.45,eastmoney,qfq
2015-04-24,159915,创业板ETF易方达,2.566,2.645,2.652,2.558,4511858.0,1174997712.0,3.62,1.81,0.047,4.29,eastmoney,qfq
2015-04-27,159915,创业板ETF易方达,2.67,2.65,2.7,2.623,3354762.0,893273792.0,2.91,0.19,0.005,3.19,eastmoney,qfq
2015-04-28,159915,创业板ETF易方达,2.67,2.583,2.693,2.555,5309015.0,1380590768.0,5.21,-2.53,-0.067,5.04,eastmoney,qfq
2015-04-29,159915,创业板ETF易方达,2.561,2.723,2.723,2.561,4034541.0,1063511360.0,6.27,5.42,0.14,3.83,eastmoney,qfq
2015-04-30,159915,创业板ETF易方达,2.72,2.748,2.81,2.709,7016809.0,1942907936.0,3.71,0.92,0.025,6.67,eastmoney,qfq
2015-05-04,159915,创业板ETF易方达,2.758,2.74,2.777,2.691,6728004.0,1843431648.0,3.13,-0.29,-0.008,6.39,eastmoney,qfq
2015-05-05,159915,创业板ETF易方达,2.731,2.67,2.737,2.641,5041356.0,1362629616.0,3.5,-2.55,-0.07,4.79,eastmoney,qfq
2015-05-06,159915,创业板ETF易方达,2.7,2.738,2.845,2.7,7597775.0,2092673968.0,5.43,2.55,0.068,7.22,eastmoney,qfq
2015-05-07,159915,创业板ETF易方达,2.71,2.686,2.766,2.68,6396025.0,1742324496.0,3.14,-1.9,-0.052,6.08,eastmoney,qfq
2015-05-08,159915,创业板ETF易方达,2.72,2.894,2.91,2.72,5851599.0,1627139712.0,7.07,7.74,0.208,5.56,eastmoney,qfq
2015-05-11,159915,创业板ETF易方达,2.908,3.05,3.078,2.866,5692288.0,1674882400.0,7.33,5.39,0.156,5.41,eastmoney,qfq
2015-05-12,159915,创业板ETF易方达,3.063,3.129,3.147,3.002,8768275.0,2685475040.0,4.75,2.59,0.079,8.33,eastmoney,qfq
2015-05-13,159915,创业板ETF易方达,3.05,3.036,3.115,2.987,7302386.0,2236142224.0,4.09,-2.97,-0.093,6.94,eastmoney,qfq
2015-05-14,159915,创业板ETF易方达,3.03,3.008,3.095,2.999,6678157.0,2040312800.0,3.16,-0.92,-0.028,6.35,eastmoney,qfq
2015-05-15,159915,创业板ETF易方达,2.971,3.016,3.05,2.928,9669899.0,2881276736.0,4.06,0.27,0.008,9.19,eastmoney,qfq
2015-05-18,159915,创业板ETF易方达,3.043,3.157,3.157,3.043,5332171.0,1664258352.0,3.78,4.68,0.141,5.07,eastmoney,qfq
2015-05-19,159915,创业板ETF易方达,3.176,3.185,3.208,3.064,8042297.0,2523186272.0,4.56,0.89,0.028,7.64,eastmoney,qfq
2015-05-20,159915,创业板ETF易方达,3.192,3.264,3.339,3.192,6081225.0,1993205248.0,4.62,2.48,0.079,5.78,eastmoney,qfq
2015-05-21,159915,创业板ETF易方达,3.27,3.41,3.411,3.27,5914396.0,1969810656.0,4.32,4.47,0.146,5.62,eastmoney,qfq
2015-05-22,159915,创业板ETF易方达,3.456,3.382,3.499,3.3,8721782.0,2953564736.0,5.84,-0.82,-0.028,8.29,eastmoney,qfq
2015-05-25,159915,创业板ETF易方达,3.271,3.327,3.355,3.225,7936813.0,2618822240.0,3.84,-1.63,-0.055,7.54,eastmoney,qfq
2015-05-26,159915,创业板ETF易方达,3.313,3.463,3.465,3.31,7064685.0,2411213040.0,4.66,4.09,0.136,6.71,eastmoney,qfq
2015-05-27,159915,创业板ETF易方达,3.475,3.463,3.5,3.377,6649790.0,2284017152.0,3.55,0.0,0.0,6.32,eastmoney,qfq
2015-05-28,159915,创业板ETF易方达,3.445,3.29,3.508,3.265,9724501.0,3332792896.0,7.02,-5.0,-0.173,9.24,eastmoney,qfq
2015-05-29,159915,创业板ETF易方达,3.3,3.384,3.437,3.158,11029589.0,3667604832.0,8.48,2.86,0.094,10.48,eastmoney,qfq
2015-06-01,159915,创业板ETF易方达,3.398,3.568,3.568,3.398,6905522.0,2409023536.0,5.02,5.44,0.184,6.56,eastmoney,qfq
2015-06-02,159915,创业板ETF易方达,3.583,3.768,3.769,3.567,9408448.0,3431849392.0,5.66,5.61,0.2,8.94,eastmoney,qfq
2015-06-03,159915,创业板ETF易方达,3.772,3.79,3.828,3.654,11312070.0,4252910576.0,4.62,0.58,0.022,10.75,eastmoney,qfq
2015-06-04,159915,创业板ETF易方达,3.798,3.751,3.825,3.51,10838017.0,4037202576.0,8.31,-1.03,-0.039,10.3,eastmoney,qfq
2015-06-05,159915,创业板ETF易方达,3.801,3.703,3.845,3.645,7853468.0,2964324480.0,5.33,-1.28,-0.048,7.46,eastmoney,qfq
2015-06-08,159915,创业板ETF易方达,3.65,3.533,3.679,3.418,7004367.0,2479934400.0,7.05,-4.59,-0.17,6.66,eastmoney,qfq
2015-06-09,159915,创业板ETF易方达,3.475,3.526,3.61,3.46,8024676.0,2840856560.0,4.25,-0.2,-0.007,7.63,eastmoney,qfq
2015-06-10,159915,创业板ETF易方达,3.505,3.66,3.704,3.484,8315775.0,2965429520.0,6.24,3.8,0.134,7.9,eastmoney,qfq
2015-06-11,159915,创业板ETF易方达,3.652,3.666,3.69,3.62,8255892.0,3024627920.0,1.91,0.16,0.006,7.85,eastmoney,qfq
2015-06-12,159915,创业板ETF易方达,3.692,3.704,3.729,3.657,7650872.0,2825248896.0,1.96,1.04,0.038,7.27,eastmoney,qfq
2015-06-15,159915,创业板ETF易方达,3.712,3.512,3.725,3.492,6693332.0,2411824096.0,6.29,-5.18,-0.192,6.36,eastmoney,qfq
2015-06-16,159915,创业板ETF易方达,3.45,3.402,3.475,3.295,7907814.0,2684760768.0,5.13,-3.13,-0.11,7.51,eastmoney,qfq
2015-06-17,159915,创业板ETF易方达,3.39,3.545,3.55,3.327,9467387.0,3240341360.0,6.55,4.2,0.143,9.0,eastmoney,qfq
2015-06-18,159915,创业板ETF易方达,3.545,3.32,3.558,3.3,7969935.0,2787887712.0,7.28,-6.35,-0.225,7.57,eastmoney,qfq
2015-06-19,159915,创业板ETF易方达,3.22,3.15,3.313,3.142,7740591.0,2505028976.0,5.15,-5.12,-0.17,7.36,eastmoney,qfq
2015-06-23,159915,创业板ETF易方达,3.15,3.208,3.302,2.951,8647159.0,2687224896.0,11.14,1.84,0.058,8.22,eastmoney,qfq
2015-06-24,159915,创业板ETF易方达,3.22,3.199,3.276,3.13,7390080.0,2371324192.0,4.55,-0.28,-0.009,7.02,eastmoney,qfq
2015-06-25,159915,创业板ETF易方达,3.215,3.03,3.223,3.017,4183574.0,1315191872.0,6.44,-5.28,-0.169,3.98,eastmoney,qfq
2015-06-26,159915,创业板ETF易方达,2.947,2.767,2.948,2.727,4186874.0,1184654864.0,7.29,-8.68,-0.263,3.98,eastmoney,qfq
2015-06-29,159915,创业板ETF易方达,2.76,2.49,2.786,2.49,3025610.0,781514032.0,10.7,-10.01,-0.277,2.88,eastmoney,qfq
2015-06-30,159915,创业板ETF易方达,2.44,2.733,2.739,2.25,5498479.0,1400490048.0,19.64,9.76,0.243,5.22,eastmoney,qfq
2015-07-01,159915,创业板ETF易方达,2.66,2.56,2.843,2.56,8513714.0,2346491824.0,10.35,-6.33,-0.173,8.09,eastmoney,qfq
2015-07-02,159915,创业板ETF易方达,2.55,2.47,2.669,2.321,9082066.0,2339510912.0,13.59,-3.52,-0.09,8.63,eastmoney,qfq
2015-07-03,159915,创业板ETF易方达,2.4,2.457,2.64,2.296,10150517.0,2520953744.0,13.93,-0.53,-0.013,9.65,eastmoney,qfq
2015-07-06,159915,创业板ETF易方达,2.7,2.33,2.7,2.228,6778303.0,1655042288.0,19.21,-5.17,-0.127,6.44,eastmoney,qfq
2015-07-07,159915,创业板ETF易方达,2.245,2.097,2.252,2.097,2027704.0,435891024.0,6.65,-10.0,-0.233,1.93,eastmoney,qfq
2015-07-08,159915,创业板ETF易方达,1.887,1.899,2.027,1.887,3956613.0,751783504.0,6.68,-9.44,-0.198,3.76,eastmoney,qfq
2015-07-09,159915,创业板ETF易方达,1.901,2.089,2.089,1.898,1466701.0,295014736.0,10.06,10.01,0.19,1.39,eastmoney,qfq
2015-07-10,159915,创业板ETF易方达,2.29,2.298,2.298,2.241,571718.0,130780414.0,2.73,10.0,0.209,0.54,eastmoney,qfq
2015-07-13,159915,创业板ETF易方达,2.524,2.528,2.528,2.42,1835720.0,458516816.0,4.7,10.01,0.23,1.74,eastmoney,qfq
2015-07-14,159915,创业板ETF易方达,2.5,2.657,2.781,2.492,4015740.0,1067668768.0,11.43,5.1,0.129,3.82,eastmoney,qfq
2015-07-15,159915,创业板ETF易方达,2.607,2.405,2.612,2.4,3747267.0,935696288.0,7.98,-9.48,-0.252,3.56,eastmoney,qfq
2015-07-16,159915,创业板ETF易方达,2.302,2.489,2.574,2.261,4253141.0,1048376688.0,13.01,3.49,0.084,4.04,eastmoney,qfq
2015-07-17,159915,创业板ETF易方达,2.515,2.688,2.725,2.499,6152503.0,1584828992.0,9.08,8.0,0.199,5.85,eastmoney,qfq
2015-07-20,159915,创业板ETF易方达,2.67,2.69,2.78,2.62,8164417.0,2207726224.0,5.95,0.07,0.002,7.76,eastmoney,qfq
2015-07-21,159915,创业板ETF易方达,2.64,2.707,2.758,2.625,7875079.0,2124402224.0,4.94,0.63,0.017,7.48,eastmoney,qfq
2015-07-22,159915,创业板ETF易方达,2.715,2.754,2.779,2.651,9025412.0,2484888256.0,4.73,1.74,0.047,8.58,eastmoney,qfq
2015-07-23,159915,创业板ETF易方达,2.748,2.82,2.833,2.712,5963832.0,1642284848.0,4.39,2.4,0.066,5.67,eastmoney,qfq
2015-07-24,159915,创业板ETF易方达,2.819,2.74,2.858,2.682,6432457.0,1819742672.0,6.24,-2.84,-0.08,6.11,eastmoney,qfq
2015-07-27,159915,创业板ETF易方达,2.67,2.466,2.759,2.466,6865934.0,1845696320.0,10.69,-10.0,-0.274,6.52,eastmoney,qfq
2015-07-28,159915,创业板ETF易方达,2.38,2.395,2.559,2.328,6679256.0,1626226672.0,9.37,-2.88,-0.071,6.35,eastmoney,qfq
2015-07-29,159915,创业板ETF易方达,2.441,2.573,2.573,2.253,7529226.0,1839582288.0,13.36,7.43,0.178,7.15,eastmoney,qfq
2015-07-30,159915,创业板ETF易方达,2.52,2.4,2.564,2.399,6987260.0,1764586336.0,6.41,-6.72,-0.173,6.64,eastmoney,qfq
2015-07-31,159915,创业板ETF易方达,2.36,2.368,2.47,2.309,5169819.0,1236482656.0,6.71,-1.33,-0.032,4.91,eastmoney,qfq
2015-08-03,159915,创业板ETF易方达,2.325,2.24,2.355,2.221,2227807.0,509721264.0,5.66,-5.41,-0.128,2.12,eastmoney,qfq
2015-08-04,159915,创业板ETF易方达,2.256,2.442,2.445,2.245,3029092.0,702545104.0,8.93,9.02,0.202,2.88,eastmoney,qfq
2015-08-05,159915,创业板ETF易方达,2.417,2.358,2.448,2.321,2658624.0,637948720.0,5.2,-3.44,-0.084,2.53,eastmoney,qfq
2015-08-06,159915,创业板ETF易方达,2.295,2.35,2.382,2.282,2253453.0,527435072.0,4.24,-0.34,-0.008,2.14,eastmoney,qfq
2015-08-07,159915,创业板ETF易方达,2.386,2.459,2.46,2.368,2562424.0,622615120.0,3.91,4.64,0.109,2.43,eastmoney,qfq
2015-08-10,159915,创业板ETF易方达,2.475,2.622,2.645,2.46,3762882.0,957385936.0,7.52,6.63,0.163,3.58,eastmoney,qfq
2015-08-11,159915,创业板ETF易方达,2.614,2.565,2.619,2.533,3637730.0,940359600.0,3.28,-2.17,-0.057,3.46,eastmoney,qfq
2015-08-12,159915,创业板ETF易方达,2.52,2.489,2.568,2.487,3317293.0,843290560.0,3.16,-2.96,-0.076,3.15,eastmoney,qfq
2015-08-13,159915,创业板ETF易方达,2.483,2.558,2.562,2.442,4253217.0,1063345872.0,4.82,2.77,0.069,4.04,eastmoney,qfq
2015-08-14,159915,创业板ETF易方达,2.58,2.525,2.59,2.523,3392291.0,869777168.0,2.62,-1.29,-0.033,3.22,eastmoney,qfq
2015-08-17,159915,创业板ETF易方达,2.52,2.505,2.556,2.474,3678989.0,921088144.0,3.25,-0.79,-0.02,3.5,eastmoney,qfq
2015-08-18,159915,创业板ETF易方达,2.531,2.343,2.585,2.29,3849366.0,976602624.0,11.78,-6.47,-0.162,3.66,eastmoney,qfq
2015-08-19,159915,创业板ETF易方达,2.282,2.422,2.445,2.226,3798636.0,890061472.0,9.35,3.37,0.079,3.61,eastmoney,qfq
2015-08-20,159915,创业板ETF易方达,2.415,2.362,2.47,2.36,3520157.0,851025632.0,4.54,-2.48,-0.06,3.35,eastmoney,qfq
2015-08-21,159915,创业板ETF易方达,2.328,2.226,2.344,2.22,3612022.0,832829744.0,5.25,-5.76,-0.136,3.43,eastmoney,qfq
2015-08-24,159915,创业板ETF易方达,2.112,2.003,2.124,2.003,2749950.0,564173296.0,5.44,-10.02,-0.223,2.61,eastmoney,qfq
2015-08-25,159915,创业板ETF易方达,1.859,1.803,1.903,1.803,1948999.0,359898960.0,4.99,-9.99,-0.2,1.85,eastmoney,qfq
2015-08-26,159915,创业板ETF易方达,1.78,1.74,1.892,1.715,2353641.0,425070000.0,9.82,-3.49,-0.063,2.24,eastmoney,qfq
2015-08-27,159915,创业板ETF易方达,1.78,1.801,1.825,1.702,2527132.0,448133936.0,7.07,3.51,0.061,2.4,eastmoney,qfq
2015-08-28,159915,创业板ETF易方达,1.825,1.941,1.955,1.785,2512523.0,466218720.0,9.44,7.77,0.14,2.39,eastmoney,qfq
2015-08-31,159915,创业板ETF易方达,1.901,1.83,1.909,1.811,2160590.0,401111104.0,5.05,-5.72,-0.111,2.05,eastmoney,qfq
2015-09-01,159915,创业板ETF易方达,1.797,1.725,1.81,1.719,1523962.0,269733136.0,4.97,-5.74,-0.105,1.45,eastmoney,qfq
2015-09-02,159915,创业板ETF易方达,1.646,1.69,1.804,1.638,1771556.0,304741696.0,9.62,-2.03,-0.035,1.68,eastmoney,qfq
2015-09-07,159915,创业板ETF易方达,1.741,1.763,1.825,1.726,1964202.0,349523328.0,5.86,4.32,0.073,1.87,eastmoney,qfq
2015-09-08,159915,创业板ETF易方达,1.745,1.888,1.888,1.723,3320887.0,597995728.0,9.36,7.09,0.125,3.16,eastmoney,qfq
2015-09-09,159915,创业板ETF易方达,1.91,1.943,1.975,1.88,4516089.0,869892384.0,5.03,2.91,0.055,4.29,eastmoney,qfq
2015-09-10,159915,创业板ETF易方达,1.895,1.899,1.945,1.879,3162328.0,606530544.0,3.4,-2.26,-0.044,3.01,eastmoney,qfq
2015-09-11,159915,创业板ETF易方达,1.905,1.922,1.942,1.89,2223667.0,426673888.0,2.74,1.21,0.023,2.11,eastmoney,qfq
2015-09-14,159915,创业板ETF易方达,1.926,1.73,1.937,1.73,2586836.0,471671696.0,10.77,-9.99,-0.192,2.46,eastmoney,qfq
2015-09-15,159915,创业板ETF易方达,1.687,1.633,1.734,1.621,2288038.0,384788176.0,6.53,-5.61,-0.097,2.17,eastmoney,qfq
2015-09-16,159915,创业板ETF易方达,1.655,1.796,1.796,1.65,2421366.0,413616240.0,8.94,9.98,0.163,2.3,eastmoney,qfq
2015-09-17,159915,创业板ETF易方达,1.808,1.763,1.868,1.75,2508527.0,456804400.0,6.57,-1.84,-0.033,2.38,eastmoney,qfq
2015-09-18,159915,创业板ETF易方达,1.775,1.825,1.843,1.737,1769144.0,316474512.0,6.01,3.52,0.062,1.68,eastmoney,qfq
2015-09-21,159915,创业板ETF易方达,1.796,1.965,1.965,1.77,3301091.0,622886336.0,10.68,7.67,0.14,3.14,eastmoney,qfq
2015-09-22,159915,创业板ETF易方达,1.965,1.939,2.004,1.903,3695108.0,718020352.0,5.14,-1.32,-0.026,3.51,eastmoney,qfq
2015-09-23,159915,创业板ETF易方达,1.874,1.915,1.958,1.874,2171927.0,416608640.0,4.33,-1.24,-0.024,2.06,eastmoney,qfq
2015-09-24,159915,创业板ETF易方达,1.936,1.933,1.982,1.91,2236869.0,435546880.0,3.76,0.94,0.018,2.13,eastmoney,qfq
2015-09-25,159915,创业板ETF易方达,1.924,1.845,1.933,1.803,1978567.0,370797936.0,6.73,-4.55,-0.088,1.88,eastmoney,qfq
2015-09-28,159915,创业板ETF易方达,1.849,1.979,1.983,1.81,2162329.0,414663520.0,9.38,7.26,0.134,2.05,eastmoney,qfq
2015-09-29,159915,创业板ETF易方达,1.935,1.952,1.977,1.911,1963694.0,382385648.0,3.34,-1.36,-0.027,1.87,eastmoney,qfq
2015-09-30,159915,创业板ETF易方达,1.963,1.935,1.976,1.89,1583677.0,305773296.0,4.41,-0.87,-0.017,1.5,eastmoney,qfq
2015-10-08,159915,创业板ETF易方达,2.035,2.08,2.095,1.993,2298005.0,471636432.0,5.27,7.49,0.145,2.18,eastmoney,qfq
2015-10-09,159915,创业板ETF易方达,2.06,2.103,2.121,2.056,1803510.0,375011632.0,3.13,1.11,0.023,1.71,eastmoney,qfq
2015-10-12,159915,创业板ETF易方达,2.113,2.22,2.266,2.103,4309404.0,951695040.0,7.75,5.56,0.117,4.1,eastmoney,qfq
2015-10-13,159915,创业板ETF易方达,2.185,2.226,2.242,2.177,1942782.0,429846288.0,2.93,0.27,0.006,1.85,eastmoney,qfq
2015-10-14,159915,创业板ETF易方达,2.22,2.182,2.228,2.17,1914012.0,419964384.0,2.61,-1.98,-0.044,1.82,eastmoney,qfq
2015-10-15,159915,创业板ETF易方达,2.173,2.298,2.303,2.163,2391768.0,535799792.0,6.42,5.32,0.116,2.27,eastmoney,qfq
2015-10-16,159915,创业板ETF易方达,2.307,2.329,2.34,2.267,3004237.0,691885088.0,3.18,1.35,0.031,2.85,eastmoney,qfq
2015-10-19,159915,创业板ETF易方达,2.328,2.294,2.336,2.259,3166378.0,727786016.0,3.31,-1.5,-0.035,3.01,eastmoney,qfq
2015-10-20,159915,创业板ETF易方达,2.28,2.391,2.391,2.28,2478902.0,581098560.0,4.84,4.23,0.097,2.36,eastmoney,qfq
2015-10-21,159915,创业板ETF易方达,2.39,2.22,2.401,2.215,4242407.0,974866608.0,7.78,-7.15,-0.171,4.03,eastmoney,qfq
2015-10-22,159915,创业板ETF易方达,2.225,2.348,2.348,2.225,3700304.0,845319728.0,5.54,5.77,0.128,3.52,eastmoney,qfq
2015-10-23,159915,创业板ETF易方达,2.353,2.427,2.437,2.326,3567893.0,848061568.0,4.73,3.36,0.079,3.39,eastmoney,qfq
2015-10-26,159915,创业板ETF易方达,2.443,2.398,2.445,2.366,2832338.0,678313456.0,3.26,-1.19,-0.029,2.69,eastmoney,qfq
2015-10-27,159915,创业板ETF易方达,2.366,2.444,2.474,2.296,3160521.0,752781248.0,7.42,1.92,0.046,3.0,eastmoney,qfq
2015-10-28,159915,创业板ETF易方达,2.409,2.36,2.455,2.351,2692978.0,648100272.0,4.26,-3.44,-0.084,2.56,eastmoney,qfq
2015-10-29,159915,创业板ETF易方达,2.37,2.352,2.409,2.313,2725336.0,641920400.0,4.07,-0.34,-0.008,2.59,eastmoney,qfq
2015-10-30,159915,创业板ETF易方达,2.346,2.349,2.404,2.308,3543975.0,836692080.0,4.08,-0.13,-0.003,3.37,eastmoney,qfq
2015-11-02,159915,创业板ETF易方达,2.273,2.311,2.386,2.273,2367417.0,552120080.0,4.81,-1.62,-0.038,2.25,eastmoney,qfq
2015-11-03,159915,创业板ETF易方达,2.303,2.305,2.33,2.281,2026363.0,467095024.0,2.12,-0.26,-0.006,1.93,eastmoney,qfq
2015-11-04,159915,创业板ETF易方达,2.323,2.489,2.491,2.323,3304479.0,796017632.0,7.29,7.98,0.184,3.14,eastmoney,qfq
2015-11-05,159915,创业板ETF易方达,2.485,2.443,2.508,2.421,4424903.0,1091233712.0,3.5,-1.85,-0.046,4.2,eastmoney,qfq
2015-11-06,159915,创业板ETF易方达,2.444,2.548,2.558,2.444,3280867.0,821483104.0,4.67,4.3,0.105,3.12,eastmoney,qfq
2015-11-09,159915,创业板ETF易方达,2.521,2.583,2.617,2.478,3146623.0,802242080.0,5.46,1.37,0.035,2.99,eastmoney,qfq
2015-11-10,159915,创业板ETF易方达,2.558,2.609,2.64,2.558,3159369.0,823001184.0,3.17,1.01,0.026,3.0,eastmoney,qfq
2015-11-11,159915,创业板ETF易方达,2.603,2.68,2.68,2.59,2452364.0,645447104.0,3.45,2.72,0.071,2.33,eastmoney,qfq
2015-11-12,159915,创业板ETF易方达,2.674,2.648,2.688,2.605,2654557.0,703187456.0,3.1,-1.19,-0.032,2.52,eastmoney,qfq
2015-11-13,159915,创业板ETF易方达,2.606,2.58,2.63,2.548,2845473.0,738721040.0,3.1,-2.57,-0.068,2.7,eastmoney,qfq
2015-11-16,159915,创业板ETF易方达,2.523,2.67,2.67,2.52,2734824.0,707905024.0,5.81,3.49,0.09,2.6,eastmoney,qfq
2015-11-17,159915,创业板ETF易方达,2.688,2.569,2.699,2.555,3409453.0,897869600.0,5.39,-3.78,-0.101,3.24,eastmoney,qfq
2015-11-18,159915,创业板ETF易方达,2.575,2.516,2.594,2.511,2942607.0,752396624.0,3.23,-2.06,-0.053,2.8,eastmoney,qfq
2015-11-19,159915,创业板ETF易方达,2.526,2.624,2.63,2.526,3625920.0,933511632.0,4.13,4.29,0.108,3.45,eastmoney,qfq
2015-11-20,159915,创业板ETF易方达,2.624,2.645,2.666,2.606,3210896.0,846150416.0,2.29,0.8,0.021,3.05,eastmoney,qfq
2015-11-23,159915,创业板ETF易方达,2.628,2.619,2.684,2.601,3022552.0,800807600.0,3.14,-0.98,-0.026,2.87,eastmoney,qfq
2015-11-24,159915,创业板ETF易方达,2.61,2.663,2.665,2.593,2836073.0,744535600.0,2.75,1.68,0.044,2.7,eastmoney,qfq
2015-11-25,159915,创业板ETF易方达,2.654,2.746,2.755,2.65,3345482.0,905010016.0,3.94,3.12,0.083,3.18,eastmoney,qfq
2015-11-26,159915,创业板ETF易方达,2.748,2.674,2.754,2.672,3290004.0,892239440.0,2.99,-2.62,-0.072,3.13,eastmoney,qfq
2015-11-27,159915,创业板ETF易方达,2.655,2.496,2.685,2.471,5056396.0,1313359024.0,8.0,-6.66,-0.178,4.8,eastmoney,qfq
2015-11-30,159915,创业板ETF易方达,2.505,2.52,2.538,2.369,5203564.0,1288285168.0,6.77,0.96,0.024,4.94,eastmoney,qfq
2015-12-01,159915,创业板ETF易方达,2.51,2.507,2.545,2.449,3351539.0,842192624.0,3.81,-0.52,-0.013,3.18,eastmoney,qfq
2015-12-02,159915,创业板ETF易方达,2.494,2.454,2.511,2.384,3197754.0,782162144.0,5.07,-2.11,-0.053,3.04,eastmoney,qfq
2015-12-03,159915,创业板ETF易方达,2.461,2.561,2.563,2.46,3812405.0,958459280.0,4.2,4.36,0.107,3.62,eastmoney,qfq
2015-12-04,159915,创业板ETF易方达,2.54,2.53,2.585,2.512,2576537.0,657033808.0,2.85,-1.21,-0.031,2.45,eastmoney,qfq
2015-12-07,159915,创业板ETF易方达,2.534,2.571,2.591,2.527,2552821.0,654707024.0,2.53,1.62,0.041,2.43,eastmoney,qfq
2015-12-08,159915,创业板ETF易方达,2.556,2.531,2.571,2.516,2415193.0,614242592.0,2.14,-1.56,-0.04,2.3,eastmoney,qfq
2015-12-09,159915,创业板ETF易方达,2.515,2.51,2.54,2.493,2427621.0,610568368.0,1.86,-0.83,-0.021,2.31,eastmoney,qfq
2015-12-10,159915,创业板ETF易方达,2.514,2.526,2.566,2.501,2722032.0,689644400.0,2.59,0.64,0.016,2.59,eastmoney,qfq
2015-12-11,159915,创业板ETF易方达,2.519,2.51,2.541,2.502,1970367.0,497067968.0,1.54,-0.63,-0.016,1.87,eastmoney,qfq
2015-12-14,159915,创业板ETF易方达,2.489,2.555,2.555,2.463,2504075.0,627214848.0,3.67,1.79,0.045,2.38,eastmoney,qfq
2015-12-15,159915,创业板ETF易方达,2.551,2.577,2.598,2.547,2636008.0,680583760.0,2.0,0.86,0.022,2.5,eastmoney,qfq
2015-12-16,159915,创业板ETF易方达,2.588,2.593,2.625,2.576,2537198.0,658898336.0,1.9,0.62,0.016,2.41,eastmoney,qfq
2015-12-17,159915,创业板ETF易方达,2.611,2.674,2.674,2.611,2707358.0,717264512.0,2.43,3.12,0.081,2.57,eastmoney,qfq
2015-12-18,159915,创业板ETF易方达,2.67,2.668,2.675,2.63,2117621.0,561941920.0,1.68,-0.22,-0.006,2.01,eastmoney,qfq
2015-12-21,159915,创业板ETF易方达,2.654,2.663,2.669,2.631,2297002.0,608613296.0,1.42,-0.19,-0.005,2.18,eastmoney,qfq
2015-12-22,159915,创业板ETF易方达,2.675,2.656,2.679,2.637,1798790.0,478118800.0,1.58,-0.26,-0.007,1.71,eastmoney,qfq
2015-12-23,159915,创业板ETF易方达,2.658,2.6,2.666,2.599,2424334.0,639541136.0,2.52,-2.11,-0.056,2.3,eastmoney,qfq
2015-12-24,159915,创业板ETF易方达,2.597,2.624,2.633,2.565,2494359.0,648869536.0,2.62,0.92,0.024,2.37,eastmoney,qfq
2015-12-25,159915,创业板ETF易方达,2.623,2.62,2.644,2.598,2236704.0,586505712.0,1.75,-0.15,-0.004,2.13,eastmoney,qfq
2015-12-28,159915,创业板ETF易方达,2.623,2.551,2.643,2.551,1865996.0,487254720.0,3.51,-2.63,-0.069,1.77,eastmoney,qfq
2015-12-29,159915,创业板ETF易方达,2.547,2.58,2.584,2.539,1865284.0,476760928.0,1.76,1.14,0.029,1.77,eastmoney,qfq
2015-12-30,159915,创业板ETF易方达,2.581,2.605,2.608,2.56,1631224.0,422473632.0,1.86,0.97,0.025,1.55,eastmoney,qfq
2015-12-31,159915,创业板ETF易方达,2.606,2.539,2.612,2.539,1343768.0,345623216.0,2.8,-2.53,-0.066,1.28,eastmoney,qfq
2016-01-04,159915,创业板ETF易方达,2.531,2.306,2.538,2.301,1875801.0,458707936.0,9.33,-9.18,-0.233,1.78,eastmoney,qfq
2016-01-05,159915,创业板ETF易方达,2.24,2.275,2.336,2.2,3867289.0,881388240.0,5.9,-1.34,-0.031,3.67,eastmoney,qfq
2016-01-06,159915,创业板ETF易方达,2.291,2.321,2.33,2.25,3417992.0,784013360.0,3.52,2.02,0.046,3.25,eastmoney,qfq
2016-01-07,159915,创业板ETF易方达,2.272,2.096,2.28,2.09,1203798.0,263871424.0,8.19,-9.69,-0.225,1.14,eastmoney,qfq
2016-01-08,159915,创业板ETF易方达,2.17,2.125,2.19,2.03,4174901.0,889115168.0,7.63,1.38,0.029,3.97,eastmoney,qfq
2016-01-11,159915,创业板ETF易方达,2.067,1.999,2.109,1.99,4643732.0,957623520.0,5.6,-5.93,-0.126,4.41,eastmoney,qfq
2016-01-12,159915,创业板ETF易方达,2.011,2.036,2.067,1.979,2609035.0,527014912.0,4.4,1.85,0.037,2.48,eastmoney,qfq
2016-01-13,159915,创业板ETF易方达,2.048,1.964,2.057,1.936,2055166.0,413820688.0,5.94,-3.54,-0.072,1.95,eastmoney,qfq
2016-01-14,159915,创业板ETF易方达,1.904,2.072,2.079,1.885,2218448.0,442157888.0,9.88,5.5,0.108,2.11,eastmoney,qfq
2016-01-15,159915,创业板ETF易方达,2.041,1.997,2.07,1.98,2574903.0,523203696.0,4.34,-3.62,-0.075,2.45,eastmoney,qfq
2016-01-18,159915,创业板ETF易方达,1.966,2.07,2.097,1.964,2912857.0,597664912.0,6.66,3.66,0.073,2.77,eastmoney,qfq
2016-01-19,159915,创业板ETF易方达,2.05,2.126,2.129,2.03,3527495.0,734826064.0,4.78,2.71,0.056,3.35,eastmoney,qfq
2016-01-20,159915,创业板ETF易方达,2.102,2.085,2.129,2.069,3131662.0,658043680.0,2.82,-1.93,-0.041,2.98,eastmoney,qfq
2016-01-21,159915,创业板ETF易方达,2.059,2.006,2.126,2.006,2873125.0,596459696.0,5.76,-3.79,-0.079,2.73,eastmoney,qfq
2016-01-22,159915,创业板ETF易方达,2.027,2.042,2.047,1.971,3147389.0,635377344.0,3.79,1.79,0.036,2.99,eastmoney,qfq
2016-01-25,159915,创业板ETF易方达,2.055,2.04,2.07,2.02,1795250.0,367814960.0,2.45,-0.1,-0.002,1.71,eastmoney,qfq
2016-01-26,159915,创业板ETF易方达,2.01,1.888,2.024,1.845,4044459.0,793655104.0,8.77,-7.45,-0.152,3.84,eastmoney,qfq
2016-01-27,159915,创业板ETF易方达,1.899,1.887,1.907,1.794,4303859.0,797046016.0,5.99,-0.05,-0.001,4.09,eastmoney,qfq
2016-01-28,159915,创业板ETF易方达,1.869,1.808,1.883,1.799,2629486.0,487221664.0,4.45,-4.19,-0.079,2.5,eastmoney,qfq
2016-01-29,159915,创业板ETF易方达,1.807,1.879,1.905,1.801,2911766.0,543031440.0,5.75,3.93,0.071,2.77,eastmoney,qfq
2016-02-01,159915,创业板ETF易方达,1.875,1.895,1.902,1.85,2481211.0,467479744.0,2.77,0.85,0.016,2.36,eastmoney,qfq
2016-02-02,159915,创业板ETF易方达,1.897,1.972,1.986,1.894,3045712.0,595494848.0,4.85,4.06,0.077,2.89,eastmoney,qfq
2016-02-03,159915,创业板ETF易方达,1.949,1.988,2.005,1.924,2885674.0,565543216.0,4.11,0.81,0.016,2.74,eastmoney,qfq
2016-02-04,159915,创业板ETF易方达,1.997,2.024,2.036,1.991,5669151.0,1145774864.0,2.26,1.81,0.036,5.39,eastmoney,qfq
2016-02-05,159915,创业板ETF易方达,2.029,1.999,2.037,1.997,4615432.0,928874576.0,1.98,-1.24,-0.025,4.39,eastmoney,qfq
2016-02-15,159915,创业板ETF易方达,1.933,2.017,2.027,1.921,4167725.0,826385376.0,5.3,0.9,0.018,3.96,eastmoney,qfq
2016-02-16,159915,创业板ETF易方达,2.022,2.099,2.106,2.022,4250795.0,883624480.0,4.16,4.07,0.082,4.04,eastmoney,qfq
2016-02-17,159915,创业板ETF易方达,2.099,2.109,2.116,2.07,4345463.0,911283712.0,2.19,0.48,0.01,4.13,eastmoney,qfq
2016-02-18,159915,创业板ETF易方达,2.126,2.09,2.135,2.085,4214813.0,888019952.0,2.37,-0.9,-0.019,4.01,eastmoney,qfq
2016-02-19,159915,创业板ETF易方达,2.081,2.106,2.123,2.079,5694718.0,1194712144.0,2.11,0.77,0.016,5.41,eastmoney,qfq
2016-02-22,159915,创业板ETF易方达,2.134,2.142,2.142,2.108,4314314.0,916841824.0,1.61,1.71,0.036,4.1,eastmoney,qfq
2016-02-23,159915,创业板ETF易方达,2.14,2.117,2.145,2.088,3993192.0,845011616.0,2.66,-1.17,-0.025,3.79,eastmoney,qfq
2016-02-24,159915,创业板ETF易方达,2.102,2.097,2.124,2.049,4070632.0,848784816.0,3.54,-0.94,-0.02,3.87,eastmoney,qfq
2016-02-25,159915,创业板ETF易方达,2.094,1.896,2.095,1.888,8334199.0,1668984464.0,9.87,-9.59,-0.201,7.92,eastmoney,qfq
2016-02-26,159915,创业板ETF易方达,1.93,1.902,1.947,1.872,5943378.0,1141784128.0,3.96,0.32,0.006,5.65,eastmoney,qfq
2016-02-29,159915,创业板ETF易方达,1.886,1.77,1.897,1.755,4588137.0,826103376.0,7.47,-6.94,-0.132,4.36,eastmoney,qfq
2016-03-01,159915,创业板ETF易方达,1.776,1.824,1.844,1.736,4719124.0,848028480.0,6.1,3.05,0.054,4.48,eastmoney,qfq
2016-03-02,159915,创业板ETF易方达,1.823,1.912,1.918,1.813,5727378.0,1067228432.0,5.76,4.82,0.088,5.44,eastmoney,qfq
2016-03-03,159915,创业板ETF易方达,1.907,1.902,1.959,1.901,6073920.0,1171559184.0,3.03,-0.52,-0.01,5.77,eastmoney,qfq
2016-03-04,159915,创业板ETF易方达,1.89,1.81,1.9,1.795,6328748.0,1170632672.0,5.52,-4.84,-0.092,6.01,eastmoney,qfq
2016-03-07,159915,创业板ETF易方达,1.84,1.853,1.893,1.832,6205238.0,1152929792.0,3.37,2.38,0.043,5.9,eastmoney,qfq
2016-03-08,159915,创业板ETF易方达,1.847,1.888,1.895,1.761,7583684.0,1386604336.0,7.23,1.89,0.035,7.21,eastmoney,qfq
2016-03-09,159915,创业板ETF易方达,1.852,1.848,1.911,1.832,5798796.0,1089503232.0,4.18,-2.12,-0.04,5.51,eastmoney,qfq
2016-03-10,159915,创业板ETF易方达,1.865,1.835,1.889,1.833,5021458.0,936159008.0,3.03,-0.7,-0.013,4.77,eastmoney,qfq
2016-03-11,159915,创业板ETF易方达,1.8,1.834,1.846,1.8,4022368.0,734025664.0,2.51,-0.05,-0.001,3.82,eastmoney,qfq
2016-03-14,159915,创业板ETF易方达,1.86,1.925,1.948,1.858,6539860.0,1249886224.0,4.91,4.96,0.091,6.21,eastmoney,qfq
2016-03-15,159915,创业板ETF易方达,1.917,1.891,1.932,1.889,5133046.0,981970336.0,2.23,-1.77,-0.034,4.88,eastmoney,qfq
2016-03-16,159915,创业板ETF易方达,1.927,1.878,1.934,1.863,5759163.0,1089553760.0,3.75,-0.69,-0.013,5.47,eastmoney,qfq
2016-03-17,159915,创业板ETF易方达,1.88,1.991,1.991,1.879,11204059.0,2183952496.0,5.96,6.02,0.113,10.65,eastmoney,qfq
2016-03-18,159915,创业板ETF易方达,2.015,2.076,2.095,1.992,10227920.0,2088947632.0,5.17,4.27,0.085,9.72,eastmoney,qfq
2016-03-21,159915,创业板ETF易方达,2.1,2.116,2.12,2.08,6438543.0,1353279952.0,1.93,1.93,0.04,6.12,eastmoney,qfq
2016-03-22,159915,创业板ETF易方达,2.09,2.099,2.135,2.082,6730784.0,1421503216.0,2.5,-0.8,-0.017,6.4,eastmoney,qfq
2016-03-23,159915,创业板ETF易方达,2.1,2.148,2.152,2.091,7245496.0,1533622768.0,2.91,2.33,0.049,6.89,eastmoney,qfq
2016-03-24,159915,创业板ETF易方达,2.122,2.1,2.16,2.093,7282058.0,1552131280.0,3.12,-2.23,-0.048,6.92,eastmoney,qfq
2016-03-25,159915,创业板ETF易方达,2.092,2.099,2.117,2.067,6181155.0,1296099776.0,2.38,-0.05,-0.001,5.87,eastmoney,qfq
2016-03-28,159915,创业板ETF易方达,2.117,2.073,2.143,2.071,5507096.0,1164365456.0,3.43,-1.24,-0.026,5.23,eastmoney,qfq
2016-03-29,159915,创业板ETF易方达,2.072,2.039,2.081,2.01,5438191.0,1110802592.0,3.42,-1.64,-0.034,5.17,eastmoney,qfq
2016-03-30,159915,创业板ETF易方达,2.058,2.134,2.135,2.05,5627064.0,1175813680.0,4.17,4.66,0.095,5.35,eastmoney,qfq
2016-03-31,159915,创业板ETF易方达,2.14,2.119,2.158,2.118,5153021.0,1101951152.0,1.87,-0.7,-0.015,4.9,eastmoney,qfq
2016-04-01,159915,创业板ETF易方达,2.109,2.097,2.116,2.06,5730624.0,1195158272.0,2.64,-1.04,-0.022,5.45,eastmoney,qfq
2016-04-05,159915,创业板ETF易方达,2.093,2.168,2.175,2.092,6790260.0,1456233120.0,3.96,3.39,0.071,6.45,eastmoney,qfq
2016-04-06,159915,创业板ETF易方达,2.168,2.181,2.193,2.16,6042148.0,1315558336.0,1.52,0.6,0.013,5.74,eastmoney,qfq
2016-04-07,159915,创业板ETF易方达,2.199,2.145,2.205,2.139,4668404.0,1012566336.0,3.03,-1.65,-0.036,4.44,eastmoney,qfq
2016-04-08,159915,创业板ETF易方达,2.121,2.125,2.131,2.084,4759335.0,1005494112.0,2.19,-0.93,-0.02,4.52,eastmoney,qfq
2016-04-11,159915,创业板ETF易方达,2.148,2.17,2.193,2.145,4797405.0,1043016416.0,2.26,2.12,0.045,4.56,eastmoney,qfq
2016-04-12,159915,创业板ETF易方达,2.17,2.162,2.179,2.129,4846060.0,1042173808.0,2.3,-0.37,-0.008,4.61,eastmoney,qfq
2016-04-13,159915,创业板ETF易方达,2.17,2.177,2.221,2.17,5861528.0,1288245456.0,2.36,0.69,0.015,5.57,eastmoney,qfq
2016-04-14,159915,创业板ETF易方达,2.197,2.212,2.217,2.181,5585268.0,1229298768.0,1.65,1.61,0.035,5.31,eastmoney,qfq
2016-04-15,159915,创业板ETF易方达,2.214,2.195,2.217,2.189,3395353.0,746789920.0,1.27,-0.77,-0.017,3.23,eastmoney,qfq
2016-04-18,159915,创业板ETF易方达,2.176,2.16,2.178,2.139,4743527.0,1022342880.0,1.78,-1.59,-0.035,4.51,eastmoney,qfq
2016-04-19,159915,创业板ETF易方达,2.17,2.161,2.178,2.142,4712872.0,1016926752.0,1.67,0.05,0.001,4.48,eastmoney,qfq
2016-04-20,159915,创业板ETF易方达,2.168,2.03,2.173,2.012,7695534.0,1594296704.0,7.45,-6.06,-0.131,7.31,eastmoney,qfq
2016-04-21,159915,创业板ETF易方达,2.03,2.003,2.053,1.998,4630005.0,941793584.0,2.71,-1.33,-0.027,4.4,eastmoney,qfq
2016-04-22,159915,创业板ETF易方达,1.989,2.038,2.038,1.983,3644602.0,735275936.0,2.75,1.75,0.035,3.46,eastmoney,qfq
2016-04-25,159915,创业板ETF易方达,2.027,2.023,2.027,1.98,2980270.0,596684352.0,2.31,-0.74,-0.015,2.83,eastmoney,qfq
2016-04-26,159915,创业板ETF易方达,2.016,2.054,2.055,2.013,3170106.0,644632448.0,2.08,1.53,0.031,3.01,eastmoney,qfq
2016-04-27,159915,创业板ETF易方达,2.058,2.041,2.068,2.036,3197011.0,656115792.0,1.56,-0.63,-0.013,3.04,eastmoney,qfq
2016-04-28,159915,创业板ETF易方达,2.041,2.048,2.054,2.004,3045858.0,618893584.0,2.45,0.34,0.007,2.89,eastmoney,qfq
2016-04-29,159915,创业板ETF易方达,2.036,2.033,2.057,2.03,2465148.0,503695248.0,1.32,-0.73,-0.015,2.34,eastmoney,qfq
2016-05-03,159915,创业板ETF易方达,2.036,2.112,2.112,2.018,5746738.0,1199018192.0,4.62,3.89,0.079,5.46,eastmoney,qfq
2016-05-04,159915,创业板ETF易方达,2.105,2.102,2.124,2.096,4067831.0,859148208.0,1.33,-0.47,-0.01,3.87,eastmoney,qfq
2016-05-05,159915,创业板ETF易方达,2.098,2.116,2.119,2.091,3961828.0,834676080.0,1.33,0.67,0.014,3.76,eastmoney,qfq
2016-05-06,159915,创业板ETF易方达,2.119,2.018,2.127,2.018,6311791.0,1306158400.0,5.15,-4.63,-0.098,6.0,eastmoney,qfq
2016-05-09,159915,创业板ETF易方达,2.002,1.955,2.002,1.948,4445741.0,874502368.0,2.68,-3.12,-0.063,4.22,eastmoney,qfq
2016-05-10,159915,创业板ETF易方达,1.95,1.95,1.966,1.941,3339784.0,653029728.0,1.28,-0.26,-0.005,3.17,eastmoney,qfq
2016-05-11,159915,创业板ETF易方达,1.963,1.93,1.97,1.93,3649159.0,712182944.0,2.05,-1.03,-0.02,3.47,eastmoney,qfq
2016-05-12,159915,创业板ETF易方达,1.909,1.932,1.936,1.879,3220815.0,615260768.0,2.95,0.1,0.002,3.06,eastmoney,qfq
2016-05-13,159915,创业板ETF易方达,1.925,1.92,1.954,1.91,2925200.0,566175504.0,2.28,-0.62,-0.012,2.78,eastmoney,qfq
2016-05-16,159915,创业板ETF易方达,1.914,1.953,1.955,1.907,3143015.0,607941456.0,2.5,1.72,0.033,2.99,eastmoney,qfq
2016-05-17,159915,创业板ETF易方达,1.954,1.977,2.002,1.932,4567618.0,898711680.0,3.58,1.23,0.024,4.34,eastmoney,qfq
2016-05-18,159915,创业板ETF易方达,1.962,1.921,1.963,1.902,3250508.0,628278848.0,3.09,-2.83,-0.056,3.09,eastmoney,qfq
2016-05-19,159915,创业板ETF易方达,1.921,1.938,1.972,1.92,3092648.0,603954768.0,2.71,0.88,0.017,2.94,eastmoney,qfq
2016-05-20,159915,创业板ETF易方达,1.929,1.961,1.965,1.911,3718798.0,722932512.0,2.79,1.19,0.023,3.53,eastmoney,qfq
2016-05-23,159915,创业板ETF易方达,1.967,1.992,2.004,1.967,3580265.0,712501520.0,1.89,1.58,0.031,3.4,eastmoney,qfq
2016-05-24,159915,创业板ETF易方达,1.988,1.975,2.0,1.96,3347928.0,661083808.0,2.01,-0.85,-0.017,3.18,eastmoney,qfq
2016-05-25,159915,创业板ETF易方达,1.998,1.965,2.01,1.961,2982243.0,592385072.0,2.48,-0.51,-0.01,2.83,eastmoney,qfq
2016-05-26,159915,创业板ETF易方达,1.959,1.985,1.986,1.92,4621033.0,901795120.0,3.36,1.02,0.02,4.39,eastmoney,qfq
2016-05-27,159915,创业板ETF易方达,1.975,1.968,1.989,1.963,3193706.0,631617616.0,1.31,-0.86,-0.017,3.03,eastmoney,qfq
2016-05-30,159915,创业板ETF易方达,1.964,1.959,1.983,1.934,2481897.0,487072336.0,2.49,-0.46,-0.009,2.36,eastmoney,qfq
2016-05-31,159915,创业板ETF易方达,1.956,2.069,2.07,1.956,5272627.0,1069024304.0,5.82,5.62,0.11,5.01,eastmoney,qfq
2016-06-01,159915,创业板ETF易方达,2.067,2.067,2.086,2.056,4225593.0,875741168.0,1.45,-0.1,-0.002,4.02,eastmoney,qfq
2016-06-02,159915,创业板ETF易方达,2.065,2.088,2.09,2.06,3056935.0,633775328.0,1.45,1.02,0.021,2.9,eastmoney,qfq
2016-06-03,159915,创业板ETF易方达,2.08,2.109,2.136,2.077,5251021.0,1107640864.0,2.83,1.01,0.021,4.99,eastmoney,qfq
2016-06-06,159915,创业板ETF易方达,2.109,2.102,2.119,2.087,3063377.0,643204192.0,1.52,-0.33,-0.007,2.91,eastmoney,qfq
2016-06-07,159915,创业板ETF易方达,2.1,2.098,2.109,2.084,2731964.0,572219696.0,1.19,-0.19,-0.004,2.6,eastmoney,qfq
2016-06-08,159915,创业板ETF易方达,2.091,2.092,2.106,2.072,3138997.0,655211552.0,1.62,-0.29,-0.006,2.98,eastmoney,qfq
2016-06-13,159915,创业板ETF易方达,2.065,1.967,2.072,1.967,4376778.0,888455600.0,5.02,-5.98,-0.125,4.16,eastmoney,qfq
2016-06-14,159915,创业板ETF易方达,1.958,1.967,1.98,1.947,3925353.0,770387856.0,1.68,0.0,0.0,3.73,eastmoney,qfq
2016-06-15,159915,创业板ETF易方达,1.951,2.04,2.057,1.95,5174330.0,1044164912.0,5.44,3.71,0.073,4.92,eastmoney,qfq
2016-06-16,159915,创业板ETF易方达,2.034,2.009,2.047,2.005,3447652.0,700002672.0,2.06,-1.52,-0.031,3.28,eastmoney,qfq
2016-06-17,159915,创业板ETF易方达,2.02,2.034,2.065,2.015,4317038.0,882089808.0,2.49,1.24,0.025,4.1,eastmoney,qfq
2016-06-20,159915,创业板ETF易方达,2.033,2.03,2.042,1.997,3292488.0,664499888.0,2.21,-0.2,-0.004,3.13,eastmoney,qfq
2016-06-21,159915,创业板ETF易方达,2.045,2.007,2.065,1.999,3818565.0,776822096.0,3.25,-1.13,-0.023,3.63,eastmoney,qfq
2016-06-22,159915,创业板ETF易方达,1.998,2.055,2.06,1.998,4266318.0,865497392.0,3.09,2.39,0.048,4.05,eastmoney,qfq
2016-06-23,159915,创业板ETF易方达,2.055,2.051,2.066,2.032,3853563.0,791066576.0,1.65,-0.19,-0.004,3.66,eastmoney,qfq
2016-06-24,159915,创业板ETF易方达,2.047,2.043,2.07,1.979,6498082.0,1324673440.0,4.44,-0.39,-0.008,6.17,eastmoney,qfq
2016-06-27,159915,创业板ETF易方达,2.03,2.109,2.109,2.025,5492111.0,1140163136.0,4.11,3.23,0.066,5.22,eastmoney,qfq
2016-06-28,159915,创业板ETF易方达,2.095,2.128,2.132,2.085,5171557.0,1090948864.0,2.23,0.9,0.019,4.91,eastmoney,qfq
2016-06-29,159915,创业板ETF易方达,2.137,2.121,2.149,2.115,3372756.0,717396448.0,1.6,-0.33,-0.007,3.2,eastmoney,qfq
2016-06-30,159915,创业板ETF易方达,2.122,2.132,2.142,2.116,3036062.0,646909072.0,1.23,0.52,0.011,2.89,eastmoney,qfq
2016-07-01,159915,创业板ETF易方达,2.137,2.116,2.148,2.112,3334125.0,709968352.0,1.69,-0.75,-0.016,3.17,eastmoney,qfq
2016-07-04,159915,创业板ETF易方达,2.103,2.153,2.161,2.101,3971360.0,850193600.0,2.84,1.75,0.037,3.77,eastmoney,qfq
2016-07-05,159915,创业板ETF易方达,2.155,2.148,2.164,2.134,3251296.0,699381008.0,1.39,-0.23,-0.005,3.09,eastmoney,qfq
2016-07-06,159915,创业板ETF易方达,2.145,2.148,2.152,2.135,1919199.0,411401376.0,0.79,0.0,0.0,1.82,eastmoney,qfq
2016-07-07,159915,创业板ETF易方达,2.145,2.141,2.152,2.116,2175192.0,464693136.0,1.68,-0.33,-0.007,2.07,eastmoney,qfq
2016-07-08,159915,创业板ETF易方达,2.137,2.145,2.16,2.127,2692981.0,577716496.0,1.54,0.19,0.004,2.56,eastmoney,qfq
2016-07-11,159915,创业板ETF易方达,2.147,2.125,2.157,2.12,1877318.0,402537552.0,1.72,-0.93,-0.02,1.78,eastmoney,qfq
2016-07-12,159915,创业板ETF易方达,2.123,2.155,2.155,2.092,3655280.0,775995808.0,2.96,1.41,0.03,3.47,eastmoney,qfq
2016-07-13,159915,创业板ETF易方达,2.16,2.188,2.201,2.151,4236044.0,922693216.0,2.32,1.53,0.033,4.03,eastmoney,qfq
2016-07-14,159915,创业板ETF易方达,2.188,2.19,2.194,2.173,3339479.0,729436976.0,0.96,0.09,0.002,3.17,eastmoney,qfq
2016-07-15,159915,创业板ETF易方达,2.19,2.164,2.192,2.16,3138970.0,681817504.0,1.46,-1.19,-0.026,2.98,eastmoney,qfq
2016-07-18,159915,创业板ETF易方达,2.162,2.148,2.168,2.136,3769672.0,811263088.0,1.48,-0.74,-0.016,3.58,eastmoney,qfq
2016-07-19,159915,创业板ETF易方达,2.148,2.173,2.176,2.138,3451598.0,744453824.0,1.77,1.16,0.025,3.28,eastmoney,qfq
2016-07-20,159915,创业板ETF易方达,2.174,2.165,2.188,2.165,2697472.0,587356528.0,1.06,-0.37,-0.008,2.56,eastmoney,qfq
2016-07-21,159915,创业板ETF易方达,2.164,2.167,2.189,2.16,2412059.0,524294848.0,1.34,0.09,0.002,2.29,eastmoney,qfq
2016-07-22,159915,创业板ETF易方达,2.163,2.154,2.169,2.15,2092158.0,451820016.0,0.88,-0.6,-0.013,1.99,eastmoney,qfq
2016-07-25,159915,创业板ETF易方达,2.147,2.146,2.165,2.139,1683287.0,361954944.0,1.21,-0.37,-0.008,1.6,eastmoney,qfq
2016-07-26,159915,创业板ETF易方达,2.147,2.182,2.182,2.146,2308505.0,500350000.0,1.68,1.68,0.036,2.19,eastmoney,qfq
2016-07-27,159915,创业板ETF易方达,2.181,2.061,2.185,2.048,6514483.0,1364609568.0,6.28,-5.55,-0.121,6.19,eastmoney,qfq
2016-07-28,159915,创业板ETF易方达,2.06,2.044,2.075,2.023,3956703.0,810674784.0,2.52,-0.82,-0.017,3.76,eastmoney,qfq
2016-07-29,159915,创业板ETF易方达,2.053,2.031,2.055,2.017,2351326.0,478998864.0,1.86,-0.64,-0.013,2.23,eastmoney,qfq
2016-08-01,159915,创业板ETF易方达,2.024,2.013,2.028,1.981,3943984.0,788439632.0,2.31,-0.89,-0.018,3.75,eastmoney,qfq
2016-08-02,159915,创业板ETF易方达,2.012,2.025,2.027,2.008,2179841.0,440132608.0,0.94,0.6,0.012,2.07,eastmoney,qfq
2016-08-03,159915,创业板ETF易方达,2.021,2.017,2.031,2.009,1797202.0,362889712.0,1.09,-0.4,-0.008,1.71,eastmoney,qfq
2016-08-04,159915,创业板ETF易方达,2.017,2.04,2.044,2.013,1795408.0,364417872.0,1.54,1.14,0.023,1.71,eastmoney,qfq
2016-08-05,159915,创业板ETF易方达,2.036,2.022,2.04,2.02,1474876.0,299109728.0,0.98,-0.88,-0.018,1.4,eastmoney,qfq
2016-08-08,159915,创业板ETF易方达,2.019,2.041,2.042,1.996,2156866.0,436086112.0,2.27,0.94,0.019,2.05,eastmoney,qfq
2016-08-09,159915,创业板ETF易方达,2.041,2.061,2.062,2.035,2343517.0,480852720.0,1.32,0.98,0.02,2.23,eastmoney,qfq
2016-08-10,159915,创业板ETF易方达,2.063,2.043,2.071,2.043,2688114.0,552569328.0,1.36,-0.87,-0.018,2.55,eastmoney,qfq
2016-08-11,159915,创业板ETF易方达,2.04,2.017,2.047,2.015,1989860.0,403848176.0,1.57,-1.27,-0.026,1.89,eastmoney,qfq
2016-08-12,159915,创业板ETF易方达,2.013,2.035,2.035,2.01,1671247.0,338009488.0,1.24,0.89,0.018,1.59,eastmoney,qfq
2016-08-15,159915,创业板ETF易方达,2.035,2.103,2.109,2.02,5594114.0,1162832976.0,4.37,3.34,0.068,5.32,eastmoney,qfq
2016-08-16,159915,创业板ETF易方达,2.101,2.105,2.116,2.097,2962461.0,624540048.0,0.9,0.1,0.002,2.82,eastmoney,qfq
2016-08-17,159915,创业板ETF易方达,2.106,2.112,2.122,2.099,2381912.0,503026880.0,1.09,0.33,0.007,2.26,eastmoney,qfq
2016-08-18,159915,创业板ETF易方达,2.108,2.108,2.119,2.097,2059277.0,433969248.0,1.04,-0.19,-0.004,1.96,eastmoney,qfq
2016-08-19,159915,创业板ETF易方达,2.108,2.112,2.116,2.099,1427763.0,300807536.0,0.81,0.19,0.004,1.36,eastmoney,qfq
2016-08-22,159915,创业板ETF易方达,2.112,2.072,2.119,2.072,1819292.0,381658608.0,2.23,-1.89,-0.04,1.73,eastmoney,qfq
2016-08-23,159915,创业板ETF易方达,2.073,2.084,2.093,2.058,2170011.0,452085952.0,1.69,0.58,0.012,2.06,eastmoney,qfq
2016-08-24,159915,创业板ETF易方达,2.084,2.098,2.108,2.082,2550871.0,535253696.0,1.25,0.67,0.014,2.42,eastmoney,qfq
2016-08-25,159915,创业板ETF易方达,2.089,2.088,2.089,2.061,2636163.0,545954320.0,1.33,-0.48,-0.01,2.51,eastmoney,qfq
2016-08-26,159915,创业板ETF易方达,2.091,2.095,2.117,2.087,2007330.0,422531776.0,1.44,0.34,0.007,1.91,eastmoney,qfq
2016-08-29,159915,创业板ETF易方达,2.089,2.101,2.116,2.088,1325362.0,278423104.0,1.34,0.29,0.006,1.26,eastmoney,qfq
2016-08-30,159915,创业板ETF易方达,2.103,2.104,2.115,2.097,1285239.0,270748688.0,0.86,0.14,0.003,1.22,eastmoney,qfq
2016-08-31,159915,创业板ETF易方达,2.099,2.099,2.104,2.081,1672853.0,349816400.0,1.09,-0.24,-0.005,1.59,eastmoney,qfq
2016-09-01,159915,创业板ETF易方达,2.099,2.084,2.107,2.084,1537773.0,322676208.0,1.1,-0.71,-0.015,1.46,eastmoney,qfq
2016-09-02,159915,创业板ETF易方达,2.079,2.081,2.093,2.068,1254711.0,261142228.0,1.2,-0.14,-0.003,1.19,eastmoney,qfq
2016-09-05,159915,创业板ETF易方达,2.081,2.088,2.105,2.081,1422011.0,297738400.0,1.15,0.34,0.007,1.35,eastmoney,qfq
2016-09-06,159915,创业板ETF易方达,2.086,2.128,2.133,2.069,2970898.0,624940704.0,3.07,1.92,0.04,2.82,eastmoney,qfq
2016-09-07,159915,创业板ETF易方达,2.126,2.114,2.135,2.109,3124352.0,665123776.0,1.22,-0.66,-0.014,2.97,eastmoney,qfq
2016-09-08,159915,创业板ETF易方达,2.115,2.128,2.128,2.112,1232864.0,261464140.0,0.76,0.66,0.014,1.17,eastmoney,qfq
2016-09-09,159915,创业板ETF易方达,2.127,2.109,2.131,2.107,1152942.0,244489137.0,1.13,-0.89,-0.019,1.1,eastmoney,qfq
2016-09-12,159915,创业板ETF易方达,2.075,2.06,2.087,2.054,3530166.0,729962336.0,1.56,-2.32,-0.049,3.35,eastmoney,qfq
2016-09-13,159915,创业板ETF易方达,2.066,2.055,2.072,2.05,1562229.0,321969376.0,1.07,-0.24,-0.005,1.48,eastmoney,qfq
2016-09-14,159915,创业板ETF易方达,2.046,2.051,2.065,2.04,1326871.0,272445520.0,1.22,-0.19,-0.004,1.26,eastmoney,qfq
2016-09-19,159915,创业板ETF易方达,2.054,2.072,2.083,2.054,1175238.0,243331683.0,1.41,1.02,0.021,1.12,eastmoney,qfq
2016-09-20,159915,创业板ETF易方达,2.07,2.066,2.075,2.062,741129.0,153237148.0,0.63,-0.29,-0.006,0.7,eastmoney,qfq
2016-09-21,159915,创业板ETF易方达,2.068,2.068,2.08,2.063,718914.0,148953278.0,0.82,0.1,0.002,0.68,eastmoney,qfq
2016-09-22,159915,创业板ETF易方达,2.08,2.072,2.085,2.07,912522.0,189620785.0,0.73,0.19,0.004,0.87,eastmoney,qfq
2016-09-23,159915,创业板ETF易方达,2.076,2.065,2.078,2.065,649535.0,134482361.0,0.63,-0.34,-0.007,0.62,eastmoney,qfq
2016-09-26,159915,创业板ETF易方达,2.061,2.032,2.07,2.029,1414239.0,290422608.0,1.99,-1.6,-0.033,1.34,eastmoney,qfq
2016-09-27,159915,创业板ETF易方达,2.031,2.049,2.051,2.025,1854730.0,377924096.0,1.28,0.84,0.017,1.76,eastmoney,qfq
2016-09-28,159915,创业板ETF易方达,2.052,2.05,2.053,2.04,1151938.0,235648350.0,0.63,0.05,0.001,1.09,eastmoney,qfq
2016-09-29,159915,创业板ETF易方达,2.052,2.058,2.065,2.049,776504.0,159790751.0,0.78,0.39,0.008,0.74,eastmoney,qfq
2016-09-30,159915,创业板ETF易方达,2.057,2.062,2.063,2.054,512110.0,105448565.0,0.44,0.19,0.004,0.49,eastmoney,qfq
2016-10-10,159915,创业板ETF易方达,2.071,2.119,2.12,2.068,1760306.0,370166640.0,2.52,2.76,0.057,1.67,eastmoney,qfq
2016-10-11,159915,创业板ETF易方达,2.119,2.118,2.119,2.106,1037591.0,219187386.0,0.61,-0.05,-0.001,0.99,eastmoney,qfq
2016-10-12,159915,创业板ETF易方达,2.111,2.116,2.125,2.108,893656.0,189058453.0,0.8,-0.09,-0.002,0.85,eastmoney,qfq
2016-10-13,159915,创业板ETF易方达,2.117,2.113,2.122,2.107,1109354.0,234706138.0,0.71,-0.14,-0.003,1.05,eastmoney,qfq
2016-10-14,159915,创业板ETF易方达,2.114,2.104,2.114,2.088,894258.0,187584593.0,1.23,-0.43,-0.009,0.85,eastmoney,qfq
2016-10-17,159915,创业板ETF易方达,2.104,2.079,2.106,2.068,1174630.0,245419232.0,1.81,-1.19,-0.025,1.12,eastmoney,qfq
2016-10-18,159915,创业板ETF易方达,2.078,2.107,2.108,2.076,1534366.0,321326256.0,1.54,1.35,0.028,1.46,eastmoney,qfq
2016-10-19,159915,创业板ETF易方达,2.107,2.092,2.108,2.089,1058788.0,222265250.0,0.9,-0.71,-0.015,1.01,eastmoney,qfq
2016-10-20,159915,创业板ETF易方达,2.093,2.101,2.107,2.092,789524.0,165856226.0,0.72,0.43,0.009,0.75,eastmoney,qfq
2016-10-21,159915,创业板ETF易方达,2.102,2.09,2.11,2.079,1013664.0,212018762.0,1.48,-0.52,-0.011,0.96,eastmoney,qfq
2016-10-24,159915,创业板ETF易方达,2.09,2.109,2.116,2.086,2202418.0,463282064.0,1.44,0.91,0.019,2.09,eastmoney,qfq
2016-10-25,159915,创业板ETF易方达,2.111,2.109,2.117,2.104,1037451.0,218955787.0,0.62,0.0,0.0,0.99,eastmoney,qfq
2016-10-26,159915,创业板ETF易方达,2.106,2.094,2.112,2.088,1152149.0,241667421.0,1.14,-0.71,-0.015,1.09,eastmoney,qfq
2016-10-27,159915,创业板ETF易方达,2.092,2.092,2.095,2.081,666249.0,139179926.0,0.67,-0.1,-0.002,0.63,eastmoney,qfq
2016-10-28,159915,创业板ETF易方达,2.09,2.071,2.105,2.071,1489418.0,311160448.0,1.63,-1.0,-0.021,1.42,eastmoney,qfq
2016-10-31,159915,创业板ETF易方达,2.07,2.071,2.074,2.057,1238523.0,255680808.0,0.82,0.0,0.0,1.18,eastmoney,qfq
2016-11-01,159915,创业板ETF易方达,2.071,2.082,2.087,2.069,1340308.0,278405392.0,0.87,0.53,0.011,1.27,eastmoney,qfq
2016-11-02,159915,创业板ETF易方达,2.079,2.054,2.081,2.053,1336702.0,276273600.0,1.34,-1.34,-0.028,1.27,eastmoney,qfq
2016-11-03,159915,创业板ETF易方达,2.045,2.062,2.076,2.045,2105738.0,434113520.0,1.51,0.39,0.008,2.0,eastmoney,qfq
2016-11-04,159915,创业板ETF易方达,2.059,2.056,2.08,2.05,1687288.0,348234544.0,1.45,-0.29,-0.006,1.6,eastmoney,qfq
2016-11-07,159915,创业板ETF易方达,2.054,2.043,2.057,2.038,1108717.0,226919181.0,0.92,-0.63,-0.013,1.05,eastmoney,qfq
2016-11-08,159915,创业板ETF易方达,2.048,2.063,2.068,2.046,1592791.0,328011104.0,1.08,0.98,0.02,1.51,eastmoney,qfq
2016-11-09,159915,创业板ETF易方达,2.062,2.032,2.066,2.012,1814599.0,370359328.0,2.62,-1.5,-0.031,1.72,eastmoney,qfq
2016-11-10,159915,创业板ETF易方达,2.052,2.053,2.062,2.051,1723974.0,354559888.0,0.54,1.03,0.021,1.64,eastmoney,qfq
2016-11-11,159915,创业板ETF易方达,2.051,2.06,2.062,2.037,1686738.0,345829648.0,1.22,0.34,0.007,1.6,eastmoney,qfq
2016-11-14,159915,创业板ETF易方达,2.057,2.07,2.087,2.057,2135289.0,443480640.0,1.46,0.49,0.01,2.03,eastmoney,qfq
2016-11-15,159915,创业板ETF易方达,2.07,2.089,2.089,2.061,2037412.0,422741792.0,1.35,0.92,0.019,1.94,eastmoney,qfq
2016-11-16,159915,创业板ETF易方达,2.096,2.091,2.118,2.09,2662781.0,560558480.0,1.34,0.1,0.002,2.53,eastmoney,qfq
2016-11-17,159915,创业板ETF易方达,2.085,2.074,2.085,2.067,1234155.0,256055822.0,0.86,-0.81,-0.017,1.17,eastmoney,qfq
2016-11-18,159915,创业板ETF易方达,2.074,2.07,2.081,2.065,862820.0,178860753.0,0.77,-0.19,-0.004,0.82,eastmoney,qfq
2016-11-21,159915,创业板ETF易方达,2.065,2.061,2.075,2.056,1145398.0,236595906.0,0.92,-0.43,-0.009,1.09,eastmoney,qfq
2016-11-22,159915,创业板ETF易方达,2.064,2.086,2.086,2.059,2150689.0,445694912.0,1.31,1.21,0.025,2.04,eastmoney,qfq
2016-11-23,159915,创业板ETF易方达,2.09,2.075,2.1,2.073,2436438.0,508367248.0,1.29,-0.53,-0.011,2.32,eastmoney,qfq
2016-11-24,159915,创业板ETF易方达,2.067,2.054,2.08,2.054,1559166.0,322423920.0,1.25,-1.01,-0.021,1.48,eastmoney,qfq
2016-11-25,159915,创业板ETF易方达,2.052,2.076,2.078,2.03,2058857.0,423535104.0,2.34,1.07,0.022,1.96,eastmoney,qfq
2016-11-28,159915,创业板ETF易方达,2.079,2.071,2.086,2.067,1605870.0,333733744.0,0.92,-0.24,-0.005,1.53,eastmoney,qfq
2016-11-29,159915,创业板ETF易方达,2.068,2.073,2.086,2.064,2059938.0,427638608.0,1.06,0.1,0.002,1.96,eastmoney,qfq
2016-11-30,159915,创业板ETF易方达,2.068,2.092,2.11,2.063,3042287.0,636902240.0,2.27,0.92,0.019,2.89,eastmoney,qfq
2016-12-01,159915,创业板ETF易方达,2.09,2.089,2.097,2.083,1338251.0,279487456.0,0.67,-0.14,-0.003,1.27,eastmoney,qfq
2016-12-02,159915,创业板ETF易方达,2.087,2.055,2.096,2.055,2227677.0,461522640.0,1.96,-1.63,-0.034,2.12,eastmoney,qfq
2016-12-05,159915,创业板ETF易方达,2.045,2.055,2.071,2.038,1910269.0,393002336.0,1.61,0.0,0.0,1.82,eastmoney,qfq
2016-12-06,159915,创业板ETF易方达,2.058,2.036,2.066,2.033,1662374.0,340406560.0,1.61,-0.92,-0.019,1.58,eastmoney,qfq
2016-12-07,159915,创业板ETF易方达,2.04,2.044,2.045,2.025,1043243.0,212243832.0,0.98,0.39,0.008,0.99,eastmoney,qfq
2016-12-08,159915,创业板ETF易方达,2.044,2.028,2.045,2.026,1088350.0,221128132.0,0.93,-0.78,-0.016,1.03,eastmoney,qfq
2016-12-09,159915,创业板ETF易方达,2.025,2.013,2.029,2.011,1477669.0,298445312.0,0.89,-0.74,-0.015,1.4,eastmoney,qfq
2016-12-12,159915,创业板ETF易方达,2.01,1.902,2.011,1.895,3580867.0,697865728.0,5.76,-5.51,-0.111,3.4,eastmoney,qfq
2016-12-13,159915,创业板ETF易方达,1.9,1.9,1.911,1.879,2565921.0,486450288.0,1.68,-0.11,-0.002,2.44,eastmoney,qfq
2016-12-14,159915,创业板ETF易方达,1.898,1.88,1.905,1.873,1455802.0,275129984.0,1.68,-1.05,-0.02,1.38,eastmoney,qfq
2016-12-15,159915,创业板ETF易方达,1.877,1.893,1.908,1.873,1553879.0,293984272.0,1.86,0.69,0.013,1.48,eastmoney,qfq
2016-12-16,159915,创业板ETF易方达,1.888,1.908,1.922,1.886,1544205.0,295061776.0,1.9,0.79,0.015,1.47,eastmoney,qfq
2016-12-19,159915,创业板ETF易方达,1.907,1.896,1.909,1.891,576976.0,109548498.0,0.94,-0.63,-0.012,0.55,eastmoney,qfq
2016-12-20,159915,创业板ETF易方达,1.897,1.897,1.906,1.89,966099.0,183398655.0,0.84,0.05,0.001,0.92,eastmoney,qfq
2016-12-21,159915,创业板ETF易方达,1.899,1.904,1.912,1.897,872115.0,166079634.0,0.79,0.37,0.007,0.83,eastmoney,qfq
2016-12-22,159915,创业板ETF易方达,1.903,1.897,1.904,1.889,533975.0,101291791.0,0.79,-0.37,-0.007,0.51,eastmoney,qfq
2016-12-23,159915,创业板ETF易方达,1.893,1.874,1.903,1.874,675523.0,127584145.0,1.53,-1.21,-0.023,0.64,eastmoney,qfq
2016-12-26,159915,创业板ETF易方达,1.869,1.886,1.887,1.848,938586.0,174914844.0,2.08,0.64,0.012,0.89,eastmoney,qfq
2016-12-27,159915,创业板ETF易方达,1.883,1.881,1.892,1.879,700095.0,131998753.0,0.69,-0.27,-0.005,0.67,eastmoney,qfq
2016-12-28,159915,创业板ETF易方达,1.879,1.87,1.884,1.861,598143.0,112138837.0,1.22,-0.58,-0.011,0.57,eastmoney,qfq
2016-12-29,159915,创业板ETF易方达,1.869,1.876,1.887,1.866,597377.0,112222392.0,1.12,0.32,0.006,0.57,eastmoney,qfq
2016-12-30,159915,创业板ETF易方达,1.878,1.881,1.885,1.871,1208165.0,226871327.0,0.75,0.27,0.005,1.15,eastmoney,qfq
2017-01-03,159915,创业板ETF易方达,1.882,1.881,1.89,1.876,569142.0,107178845.0,0.74,0.0,0.0,0.54,eastmoney,qfq
2017-01-04,159915,创业板ETF易方达,1.882,1.907,1.909,1.876,1268433.0,240595462.0,1.75,1.38,0.026,1.21,eastmoney,qfq
2017-01-05,159915,创业板ETF易方达,1.904,1.901,1.908,1.897,808785.0,153887085.0,0.58,-0.31,-0.006,0.77,eastmoney,qfq
2017-01-06,159915,创业板ETF易方达,1.897,1.886,1.897,1.88,637273.0,120224778.0,0.89,-0.79,-0.015,0.61,eastmoney,qfq
2017-01-09,159915,创业板ETF易方达,1.883,1.878,1.889,1.869,455546.0,85535738.0,1.06,-0.42,-0.008,0.43,eastmoney,qfq
2017-01-10,159915,创业板ETF易方达,1.877,1.869,1.885,1.868,637245.0,119621380.0,0.91,-0.48,-0.009,0.61,eastmoney,qfq
2017-01-11,159915,创业板ETF易方达,1.863,1.857,1.877,1.853,977105.0,181990159.0,1.28,-0.64,-0.012,0.93,eastmoney,qfq
2017-01-12,159915,创业板ETF易方达,1.851,1.849,1.867,1.849,1064767.0,197737738.0,0.97,-0.43,-0.008,1.01,eastmoney,qfq
2017-01-13,159915,创业板ETF易方达,1.849,1.82,1.854,1.816,1101223.0,202323190.0,2.06,-1.57,-0.029,1.05,eastmoney,qfq
2017-01-16,159915,创业板ETF易方达,1.82,1.756,1.82,1.711,2571600.0,456937504.0,5.99,-3.52,-0.064,2.44,eastmoney,qfq
2017-01-17,159915,创业板ETF易方达,1.748,1.787,1.797,1.73,2907816.0,514410896.0,3.82,1.77,0.031,2.76,eastmoney,qfq
2017-01-18,159915,创业板ETF易方达,1.78,1.767,1.785,1.763,1505930.0,267403809.0,1.23,-1.12,-0.02,1.43,eastmoney,qfq
2017-01-19,159915,创业板ETF易方达,1.765,1.768,1.775,1.756,1167288.0,206294108.0,1.08,0.06,0.001,1.11,eastmoney,qfq
2017-01-20,159915,创业板ETF易方达,1.762,1.801,1.813,1.762,1821481.0,327812000.0,2.88,1.87,0.033,1.73,eastmoney,qfq
2017-01-23,159915,创业板ETF易方达,1.798,1.807,1.818,1.797,626704.0,113469294.0,1.17,0.33,0.006,0.6,eastmoney,qfq
2017-01-24,159915,创业板ETF易方达,1.807,1.786,1.807,1.78,708059.0,126819088.0,1.49,-1.16,-0.021,0.67,eastmoney,qfq
2017-01-25,159915,创业板ETF易方达,1.78,1.794,1.798,1.777,473826.0,84850398.0,1.18,0.45,0.008,0.45,eastmoney,qfq
2017-01-26,159915,创业板ETF易方达,1.794,1.804,1.81,1.794,430826.0,77772028.0,0.89,0.56,0.01,0.41,eastmoney,qfq
2017-02-03,159915,创业板ETF易方达,1.806,1.802,1.809,1.794,412051.0,74180664.0,0.83,-0.11,-0.002,0.39,eastmoney,qfq
2017-02-06,159915,创业板ETF易方达,1.799,1.82,1.825,1.796,928864.0,168414983.0,1.61,1.0,0.018,0.88,eastmoney,qfq
2017-02-07,159915,创业板ETF易方达,1.816,1.807,1.822,1.803,713488.0,129207055.0,1.04,-0.71,-0.013,0.68,eastmoney,qfq
2017-02-08,159915,创业板ETF易方达,1.806,1.822,1.825,1.803,919020.0,166642084.0,1.22,0.83,0.015,0.87,eastmoney,qfq
2017-02-09,159915,创业板ETF易方达,1.822,1.833,1.84,1.821,1049925.0,192282956.0,1.04,0.6,0.011,1.0,eastmoney,qfq
2017-02-10,159915,创业板ETF易方达,1.833,1.824,1.835,1.821,702526.0,128295215.0,0.76,-0.49,-0.009,0.67,eastmoney,qfq
2017-02-13,159915,创业板ETF易方达,1.82,1.833,1.842,1.815,938694.0,171803120.0,1.48,0.49,0.009,0.89,eastmoney,qfq
2017-02-14,159915,创业板ETF易方达,1.831,1.827,1.839,1.826,897032.0,164405623.0,0.71,-0.33,-0.006,0.85,eastmoney,qfq
2017-02-15,159915,创业板ETF易方达,1.828,1.812,1.842,1.81,659948.0,120533979.0,1.75,-0.82,-0.015,0.63,eastmoney,qfq
2017-02-16,159915,创业板ETF易方达,1.808,1.817,1.822,1.807,676779.0,122862188.0,0.83,0.28,0.005,0.64,eastmoney,qfq
2017-02-17,159915,创业板ETF易方达,1.817,1.801,1.826,1.8,847230.0,153457721.0,1.43,-0.88,-0.016,0.81,eastmoney,qfq
2017-02-20,159915,创业板ETF易方达,1.804,1.817,1.817,1.798,989914.0,179040135.0,1.05,0.89,0.016,0.94,eastmoney,qfq
2017-02-21,159915,创业板ETF易方达,1.817,1.842,1.845,1.815,1152993.0,211397860.0,1.65,1.38,0.025,1.1,eastmoney,qfq
2017-02-22,159915,创业板ETF易方达,1.844,1.838,1.845,1.83,1021327.0,187733887.0,0.81,-0.22,-0.004,0.97,eastmoney,qfq
2017-02-23,159915,创业板ETF易方达,1.838,1.848,1.848,1.825,1113450.0,204384340.0,1.25,0.54,0.01,1.06,eastmoney,qfq
2017-02-24,159915,创业板ETF易方达,1.846,1.859,1.859,1.841,1044113.0,193378161.0,0.97,0.6,0.011,0.99,eastmoney,qfq
2017-02-27,159915,创业板ETF易方达,1.859,1.847,1.864,1.841,879682.0,163117297.0,1.24,-0.65,-0.012,0.84,eastmoney,qfq
2017-02-28,159915,创业板ETF易方达,1.847,1.846,1.85,1.836,865102.0,159420322.0,0.76,-0.05,-0.001,0.82,eastmoney,qfq
2017-03-01,159915,创业板ETF易方达,1.842,1.85,1.86,1.842,871857.0,161545604.0,0.98,0.22,0.004,0.83,eastmoney,qfq
2017-03-02,159915,创业板ETF易方达,1.851,1.841,1.856,1.84,547043.0,101023148.0,0.86,-0.49,-0.009,0.52,eastmoney,qfq
2017-03-03,159915,创业板ETF易方达,1.836,1.849,1.852,1.829,737075.0,135740133.0,1.25,0.43,0.008,0.7,eastmoney,qfq
2017-03-06,159915,创业板ETF易方达,1.848,1.883,1.884,1.847,1464071.0,274466848.0,2.0,1.84,0.034,1.39,eastmoney,qfq
2017-03-07,159915,创业板ETF易方达,1.885,1.895,1.896,1.875,1088009.0,205396544.0,1.12,0.64,0.012,1.03,eastmoney,qfq
2017-03-08,159915,创业板ETF易方达,1.895,1.884,1.895,1.879,779683.0,147008854.0,0.84,-0.58,-0.011,0.74,eastmoney,qfq
2017-03-09,159915,创业板ETF易方达,1.877,1.869,1.881,1.867,849527.0,159154934.0,0.74,-0.8,-0.015,0.81,eastmoney,qfq
2017-03-10,159915,创业板ETF易方达,1.868,1.868,1.876,1.863,590482.0,110403829.0,0.7,-0.05,-0.001,0.56,eastmoney,qfq
2017-03-13,159915,创业板ETF易方达,1.864,1.89,1.89,1.857,1215816.0,228174383.0,1.77,1.18,0.022,1.16,eastmoney,qfq
2017-03-14,159915,创业板ETF易方达,1.888,1.875,1.888,1.868,1124812.0,211165936.0,1.06,-0.79,-0.015,1.07,eastmoney,qfq
2017-03-15,159915,创业板ETF易方达,1.871,1.876,1.882,1.863,771932.0,144644272.0,1.01,0.05,0.001,0.73,eastmoney,qfq
2017-03-16,159915,创业板ETF易方达,1.875,1.882,1.886,1.875,721987.0,135875459.0,0.59,0.32,0.006,0.69,eastmoney,qfq
2017-03-17,159915,创业板ETF易方达,1.883,1.862,1.9,1.862,1117074.0,210588723.0,2.02,-1.06,-0.02,1.06,eastmoney,qfq
2017-03-20,159915,创业板ETF易方达,1.863,1.87,1.871,1.856,892708.0,166421448.0,0.81,0.43,0.008,0.85,eastmoney,qfq
2017-03-21,159915,创业板ETF易方达,1.869,1.879,1.879,1.866,515699.0,96557588.0,0.7,0.48,0.009,0.49,eastmoney,qfq
2017-03-22,159915,创业板ETF易方达,1.87,1.864,1.879,1.858,1529804.0,285377456.0,1.12,-0.8,-0.015,1.45,eastmoney,qfq
2017-03-23,159915,创业板ETF易方达,1.866,1.865,1.879,1.85,1731106.0,322406640.0,1.56,0.05,0.001,1.64,eastmoney,qfq
2017-03-24,159915,创业板ETF易方达,1.865,1.882,1.884,1.863,725597.0,136133231.0,1.13,0.91,0.017,0.69,eastmoney,qfq
2017-03-27,159915,创业板ETF易方达,1.878,1.864,1.885,1.863,665478.0,124456752.0,1.17,-0.96,-0.018,0.63,eastmoney,qfq
2017-03-28,159915,创业板ETF易方达,1.863,1.863,1.871,1.859,418697.0,78072231.0,0.64,-0.05,-0.001,0.4,eastmoney,qfq
2017-03-29,159915,创业板ETF易方达,1.865,1.845,1.869,1.844,1007643.0,186918100.0,1.34,-0.97,-0.018,0.96,eastmoney,qfq
2017-03-30,159915,创业板ETF易方达,1.841,1.813,1.845,1.811,1474102.0,269193312.0,1.84,-1.73,-0.032,1.4,eastmoney,qfq
2017-03-31,159915,创业板ETF易方达,1.814,1.826,1.827,1.814,901511.0,164251518.0,0.72,0.72,0.013,0.86,eastmoney,qfq
2017-04-05,159915,创业板ETF易方达,1.831,1.861,1.861,1.831,665628.0,123156662.0,1.64,1.92,0.035,0.63,eastmoney,qfq
2017-04-06,159915,创业板ETF易方达,1.863,1.859,1.869,1.855,501456.0,93346439.0,0.75,-0.11,-0.002,0.48,eastmoney,qfq
2017-04-07,159915,创业板ETF易方达,1.859,1.865,1.871,1.852,541224.0,100831619.0,1.02,0.32,0.006,0.51,eastmoney,qfq
2017-04-10,159915,创业板ETF易方达,1.865,1.832,1.865,1.828,476985.0,87851964.0,1.98,-1.77,-0.033,0.45,eastmoney,qfq
2017-04-11,159915,创业板ETF易方达,1.829,1.836,1.84,1.81,1127883.0,205783631.0,1.64,0.22,0.004,1.07,eastmoney,qfq
2017-04-12,159915,创业板ETF易方达,1.832,1.819,1.834,1.815,577019.0,105362257.0,1.03,-0.93,-0.017,0.55,eastmoney,qfq
2017-04-13,159915,创业板ETF易方达,1.819,1.835,1.84,1.814,687693.0,126041845.0,1.43,0.88,0.016,0.65,eastmoney,qfq
2017-04-14,159915,创业板ETF易方达,1.829,1.81,1.834,1.808,862709.0,156652324.0,1.42,-1.36,-0.025,0.82,eastmoney,qfq
2017-04-17,159915,创业板ETF易方达,1.806,1.79,1.809,1.785,1299578.0,233566820.0,1.33,-1.1,-0.02,1.23,eastmoney,qfq
2017-04-18,159915,创业板ETF易方达,1.79,1.772,1.799,1.77,832396.0,148672136.0,1.62,-1.01,-0.018,0.79,eastmoney,qfq
2017-04-19,159915,创业板ETF易方达,1.767,1.763,1.77,1.738,1500867.0,262950426.0,1.81,-0.51,-0.009,1.43,eastmoney,qfq
2017-04-20,159915,创业板ETF易方达,1.765,1.77,1.778,1.758,1003611.0,177607690.0,1.13,0.4,0.007,0.95,eastmoney,qfq
2017-04-21,159915,创业板ETF易方达,1.77,1.761,1.784,1.756,880332.0,156023292.0,1.58,-0.51,-0.009,0.84,eastmoney,qfq
2017-04-24,159915,创业板ETF易方达,1.759,1.737,1.759,1.723,1324229.0,229845186.0,2.04,-1.36,-0.024,1.26,eastmoney,qfq
2017-04-25,159915,创业板ETF易方达,1.736,1.742,1.755,1.732,792405.0,138260087.0,1.32,0.29,0.005,0.75,eastmoney,qfq
2017-04-26,159915,创业板ETF易方达,1.74,1.743,1.747,1.734,363643.0,63329683.0,0.75,0.06,0.001,0.35,eastmoney,qfq
2017-04-27,159915,创业板ETF易方达,1.739,1.764,1.774,1.721,1502604.0,262127995.0,3.04,1.2,0.021,1.43,eastmoney,qfq
2017-04-28,159915,创业板ETF易方达,1.76,1.777,1.779,1.758,866992.0,153511342.0,1.19,0.74,0.013,0.82,eastmoney,qfq
2017-05-02,159915,创业板ETF易方达,1.775,1.773,1.778,1.766,501284.0,88855545.0,0.68,-0.23,-0.004,0.48,eastmoney,qfq
2017-05-03,159915,创业板ETF易方达,1.767,1.763,1.778,1.755,511279.0,90252808.0,1.3,-0.56,-0.01,0.49,eastmoney,qfq
2017-05-04,159915,创业板ETF易方达,1.761,1.769,1.781,1.753,1084637.0,191762746.0,1.59,0.34,0.006,1.03,eastmoney,qfq
2017-05-05,159915,创业板ETF易方达,1.76,1.743,1.765,1.743,1553911.0,272700128.0,1.24,-1.47,-0.026,1.48,eastmoney,qfq
2017-05-08,159915,创业板ETF易方达,1.735,1.716,1.75,1.715,1728978.0,299627920.0,2.01,-1.55,-0.027,1.64,eastmoney,qfq
2017-05-09,159915,创业板ETF易方达,1.709,1.726,1.73,1.699,2171479.0,371764688.0,1.81,0.58,0.01,2.06,eastmoney,qfq
2017-05-10,159915,创业板ETF易方达,1.725,1.7,1.74,1.699,2393477.0,412446384.0,2.38,-1.51,-0.026,2.27,eastmoney,qfq
2017-05-11,159915,创业板ETF易方达,1.69,1.696,1.698,1.657,3348574.0,562541776.0,2.41,-0.24,-0.004,3.18,eastmoney,qfq
2017-05-12,159915,创业板ETF易方达,1.692,1.698,1.7,1.677,1636130.0,276100464.0,1.36,0.12,0.002,1.55,eastmoney,qfq
2017-05-15,159915,创业板ETF易方达,1.701,1.704,1.713,1.698,895948.0,152810443.0,0.88,0.35,0.006,0.85,eastmoney,qfq
2017-05-16,159915,创业板ETF易方达,1.698,1.741,1.741,1.69,1794430.0,308032672.0,2.99,2.17,0.037,1.71,eastmoney,qfq
2017-05-17,159915,创业板ETF易方达,1.74,1.743,1.759,1.737,1728842.0,301857872.0,1.26,0.11,0.002,1.64,eastmoney,qfq
2017-05-18,159915,创业板ETF易方达,1.734,1.738,1.752,1.731,1315222.0,229008516.0,1.2,-0.29,-0.005,1.25,eastmoney,qfq
2017-05-19,159915,创业板ETF易方达,1.737,1.725,1.739,1.719,982465.0,169697665.0,1.15,-0.75,-0.013,0.93,eastmoney,qfq
2017-05-22,159915,创业板ETF易方达,1.723,1.711,1.738,1.702,1288382.0,221527959.0,2.09,-0.81,-0.014,1.22,eastmoney,qfq
2017-05-23,159915,创业板ETF易方达,1.706,1.681,1.714,1.681,2049409.0,347520160.0,1.93,-1.75,-0.03,1.95,eastmoney,qfq
2017-05-24,159915,创业板ETF易方达,1.676,1.703,1.703,1.658,2870807.0,483393440.0,2.68,1.31,0.022,2.73,eastmoney,qfq
2017-05-25,159915,创业板ETF易方达,1.698,1.703,1.713,1.671,4058082.0,687749456.0,2.47,0.0,0.0,3.86,eastmoney,qfq
2017-05-26,159915,创业板ETF易方达,1.696,1.689,1.705,1.684,2655762.0,450175760.0,1.23,-0.82,-0.014,2.52,eastmoney,qfq
2017-05-31,159915,创业板ETF易方达,1.719,1.692,1.719,1.692,3189028.0,542541968.0,1.6,0.18,0.003,3.03,eastmoney,qfq
2017-06-01,159915,创业板ETF易方达,1.687,1.661,1.688,1.66,1663429.0,278949856.0,1.65,-1.83,-0.031,1.58,eastmoney,qfq
2017-06-02,159915,创业板ETF易方达,1.652,1.678,1.687,1.643,3507694.0,583775664.0,2.65,1.02,0.017,3.33,eastmoney,qfq
2017-06-05,159915,创业板ETF易方达,1.681,1.689,1.699,1.68,2207064.0,373018448.0,1.13,0.66,0.011,2.1,eastmoney,qfq
2017-06-06,159915,创业板ETF易方达,1.686,1.692,1.702,1.684,1314035.0,222527392.0,1.07,0.18,0.003,1.25,eastmoney,qfq
2017-06-07,159915,创业板ETF易方达,1.692,1.73,1.733,1.689,3146698.0,539653008.0,2.6,2.25,0.038,2.99,eastmoney,qfq
2017-06-08,159915,创业板ETF易方达,1.728,1.722,1.733,1.718,1689238.0,291306416.0,0.87,-0.46,-0.008,1.61,eastmoney,qfq
2017-06-09,159915,创业板ETF易方达,1.718,1.725,1.726,1.71,1662672.0,285614800.0,0.93,0.17,0.003,1.58,eastmoney,qfq
2017-06-12,159915,创业板ETF易方达,1.715,1.702,1.718,1.7,1608720.0,274790800.0,1.04,-1.33,-0.023,1.53,eastmoney,qfq
2017-06-13,159915,创业板ETF易方达,1.702,1.723,1.728,1.699,2180762.0,374836992.0,1.7,1.23,0.021,2.07,eastmoney,qfq
2017-06-14,159915,创业板ETF易方达,1.721,1.72,1.726,1.713,1333080.0,229306046.0,0.75,-0.17,-0.003,1.27,eastmoney,qfq
2017-06-15,159915,创业板ETF易方达,1.719,1.744,1.753,1.717,3352447.0,583855216.0,2.09,1.4,0.024,3.19,eastmoney,qfq
2017-06-16,159915,创业板ETF易方达,1.744,1.739,1.747,1.736,1318495.0,229588306.0,0.63,-0.29,-0.005,1.25,eastmoney,qfq
2017-06-19,159915,创业板ETF易方达,1.737,1.746,1.747,1.736,1137842.0,198191200.0,0.63,0.4,0.007,1.08,eastmoney,qfq
2017-06-20,159915,创业板ETF易方达,1.747,1.748,1.763,1.745,1815702.0,318715280.0,1.03,0.11,0.002,1.73,eastmoney,qfq
2017-06-21,159915,创业板ETF易方达,1.756,1.753,1.758,1.737,1111860.0,194312827.0,1.2,0.29,0.005,1.06,eastmoney,qfq
2017-06-22,159915,创业板ETF易方达,1.752,1.725,1.758,1.721,1067562.0,186183714.0,2.11,-1.6,-0.028,1.01,eastmoney,qfq
2017-06-23,159915,创业板ETF易方达,1.724,1.737,1.737,1.706,1861228.0,320078864.0,1.8,0.7,0.012,1.77,eastmoney,qfq
2017-06-26,159915,创业板ETF易方达,1.734,1.749,1.75,1.725,1476284.0,256702631.0,1.44,0.69,0.012,1.4,eastmoney,qfq
2017-06-27,159915,创业板ETF易方达,1.749,1.746,1.758,1.743,1324418.0,231860208.0,0.86,-0.17,-0.003,1.26,eastmoney,qfq
2017-06-28,159915,创业板ETF易方达,1.743,1.734,1.745,1.73,1093784.0,189814127.0,0.86,-0.69,-0.012,1.04,eastmoney,qfq
2017-06-29,159915,创业板ETF易方达,1.733,1.742,1.751,1.731,1066992.0,185837316.0,1.15,0.46,0.008,1.01,eastmoney,qfq
2017-06-30,159915,创业板ETF易方达,1.737,1.748,1.748,1.731,1184106.0,205920904.0,0.98,0.34,0.006,1.13,eastmoney,qfq
2017-07-03,159915,创业板ETF易方达,1.747,1.764,1.764,1.743,1614596.0,283419760.0,1.2,0.92,0.016,1.53,eastmoney,qfq
2017-07-04,159915,创业板ETF易方达,1.764,1.755,1.764,1.749,1120421.0,196661228.0,0.85,-0.51,-0.009,1.06,eastmoney,qfq
2017-07-05,159915,创业板ETF易方达,1.753,1.761,1.763,1.745,1094746.0,192009435.0,1.03,0.34,0.006,1.04,eastmoney,qfq
2017-07-06,159915,创业板ETF易方达,1.76,1.753,1.766,1.743,1335707.0,234486219.0,1.31,-0.45,-0.008,1.27,eastmoney,qfq
2017-07-07,159915,创业板ETF易方达,1.747,1.75,1.752,1.743,716998.0,125282766.0,0.51,-0.17,-0.003,0.68,eastmoney,qfq
2017-07-10,159915,创业板ETF易方达,1.745,1.716,1.745,1.715,1538696.0,265984302.0,1.71,-1.94,-0.034,1.46,eastmoney,qfq
2017-07-11,159915,创业板ETF易方达,1.712,1.696,1.719,1.696,1461934.0,249616924.0,1.34,-1.17,-0.02,1.39,eastmoney,qfq
2017-07-12,159915,创业板ETF易方达,1.694,1.697,1.703,1.678,1891946.0,319582384.0,1.47,0.06,0.001,1.8,eastmoney,qfq
2017-07-13,159915,创业板ETF易方达,1.693,1.686,1.696,1.68,1207066.0,203911926.0,0.94,-0.65,-0.011,1.15,eastmoney,qfq
2017-07-14,159915,创业板ETF易方达,1.68,1.662,1.682,1.661,1963990.0,328168752.0,1.25,-1.42,-0.024,1.87,eastmoney,qfq
2017-07-17,159915,创业板ETF易方达,1.647,1.57,1.648,1.569,3561889.0,571619152.0,4.75,-5.54,-0.092,3.38,eastmoney,qfq
2017-07-18,159915,创业板ETF易方达,1.561,1.579,1.589,1.554,2213342.0,348115408.0,2.23,0.57,0.009,2.1,eastmoney,qfq
2017-07-19,159915,创业板ETF易方达,1.573,1.593,1.595,1.561,1628131.0,257042337.0,2.15,0.89,0.014,1.55,eastmoney,qfq
2017-07-20,159915,创业板ETF易方达,1.59,1.59,1.617,1.587,1620749.0,259995376.0,1.88,-0.19,-0.003,1.54,eastmoney,qfq
2017-07-21,159915,创业板ETF易方达,1.588,1.591,1.602,1.586,747248.0,119211178.0,1.01,0.06,0.001,0.71,eastmoney,qfq
2017-07-24,159915,创业板ETF易方达,1.589,1.599,1.602,1.582,946498.0,150676255.0,1.26,0.5,0.008,0.9,eastmoney,qfq
2017-07-25,159915,创业板ETF易方达,1.598,1.599,1.606,1.59,735778.0,117549609.0,1.0,0.0,0.0,0.7,eastmoney,qfq
2017-07-26,159915,创业板ETF易方达,1.597,1.588,1.6,1.586,735347.0,117107550.0,0.88,-0.69,-0.011,0.7,eastmoney,qfq
2017-07-27,159915,创业板ETF易方达,1.588,1.665,1.665,1.584,2959044.0,483583424.0,5.1,4.85,0.077,2.81,eastmoney,qfq
2017-07-28,159915,创业板ETF易方达,1.659,1.647,1.662,1.643,1924265.0,317980080.0,1.14,-1.08,-0.018,1.83,eastmoney,qfq
2017-07-31,159915,创业板ETF易方达,1.645,1.652,1.654,1.636,1011288.0,166423450.0,1.09,0.3,0.005,0.96,eastmoney,qfq
2017-08-01,159915,创业板ETF易方达,1.651,1.65,1.654,1.639,1190311.0,196061875.0,0.91,-0.12,-0.002,1.13,eastmoney,qfq
2017-08-02,159915,创业板ETF易方达,1.65,1.638,1.658,1.638,1371661.0,226185155.0,1.21,-0.73,-0.012,1.3,eastmoney,qfq
2017-08-03,159915,创业板ETF易方达,1.634,1.651,1.672,1.63,1998340.0,330630192.0,2.56,0.79,0.013,1.9,eastmoney,qfq
2017-08-04,159915,创业板ETF易方达,1.648,1.636,1.65,1.635,1031831.0,169463097.0,0.91,-0.91,-0.015,0.98,eastmoney,qfq
2017-08-07,159915,创业板ETF易方达,1.636,1.651,1.66,1.635,1070921.0,176894386.0,1.53,0.92,0.015,1.02,eastmoney,qfq
2017-08-08,159915,创业板ETF易方达,1.652,1.678,1.679,1.646,2199252.0,366490592.0,2.0,1.64,0.027,2.09,eastmoney,qfq
2017-08-09,159915,创业板ETF易方达,1.677,1.675,1.688,1.668,1392266.0,233621334.0,1.19,-0.18,-0.003,1.32,eastmoney,qfq
2017-08-10,159915,创业板ETF易方达,1.674,1.669,1.69,1.661,1108945.0,185775541.0,1.73,-0.36,-0.006,1.05,eastmoney,qfq
2017-08-11,159915,创业板ETF易方达,1.661,1.659,1.678,1.656,1718932.0,286724192.0,1.32,-0.6,-0.01,1.63,eastmoney,qfq
2017-08-14,159915,创业板ETF易方达,1.664,1.702,1.702,1.662,2364296.0,399552000.0,2.41,2.59,0.043,2.25,eastmoney,qfq
2017-08-15,159915,创业板ETF易方达,1.704,1.706,1.71,1.695,1496965.0,254988656.0,0.88,0.24,0.004,1.42,eastmoney,qfq
2017-08-16,159915,创业板ETF易方达,1.704,1.735,1.745,1.701,1924102.0,332345504.0,2.58,1.7,0.029,1.83,eastmoney,qfq
2017-08-17,159915,创业板ETF易方达,1.728,1.746,1.753,1.725,2536532.0,441654992.0,1.61,0.63,0.011,2.41,eastmoney,qfq
2017-08-18,159915,创业板ETF易方达,1.738,1.733,1.746,1.728,1417862.0,246227716.0,1.03,-0.74,-0.013,1.35,eastmoney,qfq
2017-08-21,159915,创业板ETF易方达,1.737,1.737,1.743,1.728,1264746.0,219416648.0,0.87,0.23,0.004,1.2,eastmoney,qfq
2017-08-22,159915,创业板ETF易方达,1.737,1.726,1.742,1.72,1162437.0,201043042.0,1.27,-0.63,-0.011,1.1,eastmoney,qfq
2017-08-23,159915,创业板ETF易方达,1.722,1.717,1.732,1.714,1230914.0,211834376.0,1.04,-0.52,-0.009,1.17,eastmoney,qfq
2017-08-24,159915,创业板ETF易方达,1.716,1.705,1.726,1.705,1279758.0,219382488.0,1.22,-0.7,-0.012,1.22,eastmoney,qfq
2017-08-25,159915,创业板ETF易方达,1.702,1.723,1.729,1.702,1454571.0,250144026.0,1.58,1.06,0.018,1.38,eastmoney,qfq
2017-08-28,159915,创业板ETF易方达,1.729,1.755,1.772,1.727,2402909.0,422238192.0,2.61,1.86,0.032,2.28,eastmoney,qfq
2017-08-29,159915,创业板ETF易方达,1.753,1.743,1.766,1.743,1535018.0,269173872.0,1.31,-0.68,-0.012,1.46,eastmoney,qfq
2017-08-30,159915,创业板ETF易方达,1.745,1.756,1.768,1.743,1613679.0,283467232.0,1.43,0.75,0.013,1.53,eastmoney,qfq
2017-08-31,159915,创业板ETF易方达,1.758,1.765,1.767,1.755,1343713.0,236760541.0,0.68,0.51,0.009,1.28,eastmoney,qfq
2017-09-01,159915,创业板ETF易方达,1.768,1.776,1.78,1.755,1753435.0,309891088.0,1.42,0.62,0.011,1.67,eastmoney,qfq
2017-09-04,159915,创业板ETF易方达,1.773,1.796,1.799,1.769,1455842.0,260343930.0,1.69,1.13,0.02,1.38,eastmoney,qfq
2017-09-05,159915,创业板ETF易方达,1.795,1.796,1.804,1.785,1394205.0,250347097.0,1.06,0.0,0.0,1.32,eastmoney,qfq
2017-09-06,159915,创业板ETF易方达,1.792,1.813,1.814,1.79,1611863.0,290327648.0,1.34,0.95,0.017,1.53,eastmoney,qfq
2017-09-07,159915,创业板ETF易方达,1.813,1.8,1.828,1.797,1632370.0,296344192.0,1.71,-0.72,-0.013,1.55,eastmoney,qfq
2017-09-08,159915,创业板ETF易方达,1.797,1.791,1.807,1.783,1398557.0,251025855.0,1.33,-0.5,-0.009,1.33,eastmoney,qfq
2017-09-11,159915,创业板ETF易方达,1.79,1.807,1.807,1.788,1023148.0,184131587.0,1.06,0.89,0.016,0.97,eastmoney,qfq
2017-09-12,159915,创业板ETF易方达,1.811,1.793,1.815,1.792,1222547.0,220494664.0,1.27,-0.77,-0.014,1.16,eastmoney,qfq
2017-09-13,159915,创业板ETF易方达,1.792,1.797,1.798,1.784,972239.0,174212687.0,0.78,0.22,0.004,0.92,eastmoney,qfq
2017-09-14,159915,创业板ETF易方达,1.797,1.787,1.803,1.783,839012.0,150416300.0,1.11,-0.56,-0.01,0.8,eastmoney,qfq
2017-09-15,159915,创业板ETF易方达,1.785,1.782,1.792,1.78,895529.0,159878870.0,0.67,-0.28,-0.005,0.85,eastmoney,qfq
2017-09-18,159915,创业板ETF易方达,1.782,1.808,1.808,1.78,1141358.0,205056836.0,1.57,1.46,0.026,1.08,eastmoney,qfq
2017-09-19,159915,创业板ETF易方达,1.807,1.79,1.811,1.785,1150825.0,207097411.0,1.44,-1.0,-0.018,1.09,eastmoney,qfq
2017-09-20,159915,创业板ETF易方达,1.788,1.801,1.803,1.786,761997.0,136795706.0,0.95,0.61,0.011,0.72,eastmoney,qfq
2017-09-21,159915,创业板ETF易方达,1.802,1.78,1.808,1.78,764904.0,137266294.0,1.55,-1.17,-0.021,0.73,eastmoney,qfq
2017-09-22,159915,创业板ETF易方达,1.775,1.773,1.78,1.762,1079249.0,191300260.0,1.01,-0.39,-0.007,1.03,eastmoney,qfq
2017-09-25,159915,创业板ETF易方达,1.77,1.75,1.778,1.748,807223.0,142398148.0,1.69,-1.3,-0.023,0.77,eastmoney,qfq
2017-09-26,159915,创业板ETF易方达,1.749,1.746,1.758,1.734,966425.0,168631756.0,1.37,-0.23,-0.004,0.92,eastmoney,qfq
2017-09-27,159915,创业板ETF易方达,1.75,1.757,1.766,1.748,815794.0,143255488.0,1.03,0.63,0.011,0.78,eastmoney,qfq
2017-09-28,159915,创业板ETF易方达,1.758,1.761,1.771,1.757,730491.0,128804556.0,0.8,0.23,0.004,0.69,eastmoney,qfq
2017-09-29,159915,创业板ETF易方达,1.764,1.78,1.78,1.764,570514.0,101193632.0,0.91,1.08,0.019,0.54,eastmoney,qfq
2017-10-09,159915,创业板ETF易方达,1.797,1.8,1.81,1.79,902553.0,162208355.0,1.12,1.12,0.02,0.86,eastmoney,qfq
2017-10-10,159915,创业板ETF易方达,1.798,1.828,1.828,1.797,1283464.0,232829319.0,1.72,1.56,0.028,1.22,eastmoney,qfq
2017-10-11,159915,创业板ETF易方达,1.83,1.814,1.835,1.811,1147732.0,208922109.0,1.31,-0.77,-0.014,1.09,eastmoney,qfq
2017-10-12,159915,创业板ETF易方达,1.812,1.811,1.819,1.799,785693.0,142223062.0,1.1,-0.17,-0.003,0.75,eastmoney,qfq
2017-10-13,159915,创业板ETF易方达,1.811,1.84,1.84,1.806,1188638.0,216937353.0,1.88,1.6,0.029,1.13,eastmoney,qfq
2017-10-16,159915,创业板ETF易方达,1.84,1.796,1.84,1.795,2194893.0,396814976.0,2.45,-2.39,-0.044,2.09,eastmoney,qfq
2017-10-17,159915,创业板ETF易方达,1.791,1.786,1.798,1.781,922739.0,164973103.0,0.95,-0.56,-0.01,0.88,eastmoney,qfq
2017-10-18,159915,创业板ETF易方达,1.789,1.778,1.8,1.778,846062.0,151658517.0,1.23,-0.45,-0.008,0.8,eastmoney,qfq
2017-10-19,159915,创业板ETF易方达,1.777,1.775,1.787,1.767,859962.0,152934960.0,1.12,-0.17,-0.003,0.82,eastmoney,qfq
2017-10-20,159915,创业板ETF易方达,1.773,1.794,1.795,1.771,712277.0,126972707.0,1.35,1.07,0.019,0.68,eastmoney,qfq
2017-10-23,159915,创业板ETF易方达,1.791,1.806,1.812,1.788,1204250.0,217029908.0,1.34,0.67,0.012,1.14,eastmoney,qfq
2017-10-24,159915,创业板ETF易方达,1.805,1.812,1.812,1.791,750796.0,135096771.0,1.16,0.33,0.006,0.71,eastmoney,qfq
2017-10-25,159915,创业板ETF易方达,1.808,1.818,1.822,1.802,775261.0,140635222.0,1.1,0.33,0.006,0.74,eastmoney,qfq
2017-10-26,159915,创业板ETF易方达,1.819,1.823,1.826,1.808,947333.0,172369305.0,0.99,0.28,0.005,0.9,eastmoney,qfq
2017-10-27,159915,创业板ETF易方达,1.821,1.801,1.822,1.801,708489.0,128277233.0,1.15,-1.21,-0.022,0.67,eastmoney,qfq
2017-10-30,159915,创业板ETF易方达,1.801,1.764,1.807,1.759,1579106.0,280053264.0,2.67,-2.05,-0.037,1.5,eastmoney,qfq
2017-10-31,159915,创业板ETF易方达,1.764,1.773,1.778,1.762,898699.0,159141759.0,0.91,0.51,0.009,0.85,eastmoney,qfq
2017-11-01,159915,创业板ETF易方达,1.773,1.769,1.781,1.768,929278.0,164908382.0,0.73,-0.23,-0.004,0.88,eastmoney,qfq
2017-11-02,159915,创业板ETF易方达,1.766,1.745,1.767,1.745,844634.0,148274262.0,1.24,-1.36,-0.024,0.8,eastmoney,qfq
2017-11-03,159915,创业板ETF易方达,1.742,1.732,1.757,1.726,1341182.0,233255287.0,1.78,-0.74,-0.013,1.27,eastmoney,qfq
2017-11-06,159915,创业板ETF易方达,1.732,1.754,1.754,1.719,770446.0,133756193.0,2.02,1.27,0.022,0.73,eastmoney,qfq
2017-11-07,159915,创业板ETF易方达,1.753,1.76,1.76,1.742,716436.0,125319493.0,1.03,0.34,0.006,0.68,eastmoney,qfq
2017-11-08,159915,创业板ETF易方达,1.758,1.765,1.783,1.755,1038651.0,183714963.0,1.59,0.28,0.005,0.99,eastmoney,qfq
2017-11-09,159915,创业板ETF易方达,1.764,1.779,1.783,1.755,683479.0,121051879.0,1.59,0.79,0.014,0.65,eastmoney,qfq
2017-11-10,159915,创业板ETF易方达,1.778,1.8,1.8,1.775,1019940.0,182887078.0,1.41,1.18,0.021,0.97,eastmoney,qfq
2017-11-13,159915,创业板ETF易方达,1.799,1.799,1.807,1.794,629013.0,113187797.0,0.72,-0.06,-0.001,0.6,eastmoney,qfq
2017-11-14,159915,创业板ETF易方达,1.8,1.788,1.808,1.781,839600.0,150864310.0,1.5,-0.61,-0.011,0.8,eastmoney,qfq
2017-11-15,159915,创业板ETF易方达,1.786,1.758,1.789,1.755,896095.0,158323051.0,1.9,-1.68,-0.03,0.85,eastmoney,qfq
2017-11-16,159915,创业板ETF易方达,1.756,1.765,1.771,1.751,907137.0,159809970.0,1.14,0.4,0.007,0.86,eastmoney,qfq
2017-11-17,159915,创业板ETF易方达,1.762,1.723,1.771,1.722,1444113.0,251693346.0,2.78,-2.38,-0.042,1.37,eastmoney,qfq
2017-11-20,159915,创业板ETF易方达,1.719,1.755,1.755,1.697,1326033.0,228152092.0,3.37,1.86,0.032,1.26,eastmoney,qfq
2017-11-21,159915,创业板ETF易方达,1.747,1.75,1.759,1.737,1080589.0,188781134.0,1.25,-0.28,-0.005,1.03,eastmoney,qfq
2017-11-22,159915,创业板ETF易方达,1.748,1.744,1.762,1.732,1151992.0,201255732.0,1.71,-0.34,-0.006,1.09,eastmoney,qfq
2017-11-23,159915,创业板ETF易方达,1.737,1.692,1.74,1.691,1359305.0,232912790.0,2.81,-2.98,-0.052,1.29,eastmoney,qfq
2017-11-24,159915,创业板ETF易方达,1.687,1.678,1.695,1.678,997676.0,168382604.0,1.0,-0.83,-0.014,0.95,eastmoney,qfq
2017-11-27,159915,创业板ETF易方达,1.671,1.66,1.692,1.657,1068216.0,178740678.0,2.09,-1.07,-0.018,1.02,eastmoney,qfq
2017-11-28,159915,创业板ETF易方达,1.66,1.682,1.686,1.658,1356762.0,227008829.0,1.69,1.33,0.022,1.29,eastmoney,qfq
2017-11-29,159915,创业板ETF易方达,1.682,1.674,1.684,1.661,787182.0,131678938.0,1.37,-0.48,-0.008,0.75,eastmoney,qfq
2017-11-30,159915,创业板ETF易方达,1.673,1.663,1.681,1.657,648333.0,108244149.0,1.43,-0.66,-0.011,0.62,eastmoney,qfq
2017-12-01,159915,创业板ETF易方达,1.665,1.687,1.695,1.662,1466779.0,247085286.0,1.98,1.44,0.024,1.39,eastmoney,qfq
2017-12-04,159915,创业板ETF易方达,1.683,1.676,1.692,1.673,1156242.0,194697807.0,1.13,-0.65,-0.011,1.1,eastmoney,qfq
2017-12-05,159915,创业板ETF易方达,1.674,1.644,1.679,1.632,1209397.0,199778563.0,2.8,-1.91,-0.032,1.15,eastmoney,qfq
2017-12-06,159915,创业板ETF易方达,1.647,1.663,1.664,1.631,2725132.0,449955328.0,2.01,1.16,0.019,2.59,eastmoney,qfq
2017-12-07,159915,创业板ETF易方达,1.662,1.656,1.673,1.654,1327841.0,220821668.0,1.14,-0.42,-0.007,1.26,eastmoney,qfq
2017-12-08,159915,创业板ETF易方达,1.656,1.675,1.688,1.654,1088584.0,182349395.0,2.05,1.15,0.019,1.03,eastmoney,qfq
2017-12-11,159915,创业板ETF易方达,1.682,1.698,1.698,1.678,1174630.0,198409111.0,1.19,1.37,0.023,1.12,eastmoney,qfq
2017-12-12,159915,创业板ETF易方达,1.698,1.675,1.699,1.675,707964.0,119597301.0,1.41,-1.35,-0.023,0.67,eastmoney,qfq
2017-12-13,159915,创业板ETF易方达,1.679,1.691,1.692,1.67,786223.0,132199735.0,1.31,0.96,0.016,0.75,eastmoney,qfq
2017-12-14,159915,创业板ETF易方达,1.689,1.68,1.692,1.674,741366.0,124568443.0,1.06,-0.65,-0.011,0.7,eastmoney,qfq
2017-12-15,159915,创业板ETF易方达,1.681,1.673,1.684,1.666,957791.0,160367344.0,1.07,-0.42,-0.007,0.91,eastmoney,qfq
2017-12-18,159915,创业板ETF易方达,1.673,1.667,1.676,1.66,570027.0,95003881.0,0.96,-0.36,-0.006,0.54,eastmoney,qfq
2017-12-19,159915,创业板ETF易方达,1.668,1.683,1.688,1.668,1220989.0,205326316.0,1.2,0.96,0.016,1.16,eastmoney,qfq
2017-12-20,159915,创业板ETF易方达,1.68,1.661,1.682,1.661,668020.0,111648626.0,1.25,-1.31,-0.022,0.63,eastmoney,qfq
2017-12-21,159915,创业板ETF易方达,1.659,1.668,1.68,1.647,878279.0,146251146.0,1.99,0.42,0.007,0.83,eastmoney,qfq
2017-12-22,159915,创业板ETF易方达,1.669,1.663,1.676,1.662,558834.0,93269899.0,0.84,-0.3,-0.005,0.53,eastmoney,qfq
2017-12-25,159915,创业板ETF易方达,1.662,1.642,1.663,1.634,1037449.0,170675380.0,1.74,-1.26,-0.021,0.99,eastmoney,qfq
2017-12-26,159915,创业板ETF易方达,1.642,1.644,1.646,1.631,1066961.0,174894030.0,0.91,0.12,0.002,1.01,eastmoney,qfq
2017-12-27,159915,创业板ETF易方达,1.644,1.63,1.647,1.626,873376.0,143061507.0,1.28,-0.85,-0.014,0.83,eastmoney,qfq
2017-12-28,159915,创业板ETF易方达,1.629,1.637,1.647,1.627,984560.0,161246661.0,1.23,0.43,0.007,0.94,eastmoney,qfq
2017-12-29,159915,创业板ETF易方达,1.638,1.644,1.644,1.632,935020.0,153104072.0,0.73,0.43,0.007,0.89,eastmoney,qfq
2018-01-02,159915,创业板ETF易方达,1.65,1.665,1.676,1.646,983128.0,163062394.0,1.82,1.28,0.021,0.93,eastmoney,qfq
2018-01-03,159915,创业板ETF易方达,1.666,1.689,1.693,1.663,1912283.0,321261920.0,1.8,1.44,0.024,1.82,eastmoney,qfq
2018-01-04,159915,创业板ETF易方达,1.686,1.693,1.693,1.682,925578.0,156329152.0,0.65,0.24,0.004,0.88,eastmoney,qfq
2018-01-05,159915,创业板ETF易方达,1.693,1.696,1.7,1.691,890407.0,151083448.0,0.53,0.18,0.003,0.85,eastmoney,qfq
2018-01-08,159915,创业板ETF易方达,1.694,1.701,1.701,1.682,706129.0,119464243.0,1.12,0.29,0.005,0.67,eastmoney,qfq
2018-01-09,159915,创业板ETF易方达,1.699,1.699,1.702,1.694,577035.0,97981048.0,0.47,-0.12,-0.002,0.55,eastmoney,qfq
2018-01-10,159915,创业板ETF易方达,1.695,1.689,1.699,1.679,715802.0,120750211.0,1.18,-0.59,-0.01,0.68,eastmoney,qfq
2018-01-11,159915,创业板ETF易方达,1.686,1.701,1.707,1.675,1468520.0,248536899.0,1.89,0.71,0.012,1.4,eastmoney,qfq
2018-01-12,159915,创业板ETF易方达,1.7,1.685,1.7,1.684,804909.0,136125215.0,0.94,-0.94,-0.016,0.76,eastmoney,qfq
2018-01-15,159915,创业板ETF易方达,1.68,1.634,1.681,1.63,1989656.0,328814256.0,3.03,-3.03,-0.051,1.89,eastmoney,qfq
2018-01-16,159915,创业板ETF易方达,1.632,1.631,1.642,1.621,1441133.0,235117492.0,1.29,-0.18,-0.003,1.37,eastmoney,qfq
2018-01-17,159915,创业板ETF易方达,1.628,1.639,1.647,1.601,3289036.0,534264992.0,2.82,0.49,0.008,3.13,eastmoney,qfq
2018-01-18,159915,创业板ETF易方达,1.633,1.636,1.651,1.631,1993958.0,327304672.0,1.22,-0.18,-0.003,1.89,eastmoney,qfq
2018-01-19,159915,创业板ETF易方达,1.64,1.63,1.648,1.629,1832485.0,299930576.0,1.16,-0.37,-0.006,1.74,eastmoney,qfq
2018-01-22,159915,创业板ETF易方达,1.623,1.67,1.674,1.616,2948239.0,486756208.0,3.56,2.45,0.04,2.8,eastmoney,qfq
2018-01-23,159915,创业板ETF易方达,1.668,1.667,1.676,1.661,2040673.0,340268752.0,0.9,-0.18,-0.003,1.94,eastmoney,qfq
2018-01-24,159915,创业板ETF易方达,1.672,1.714,1.723,1.653,5850316.0,988016912.0,4.2,2.82,0.047,5.56,eastmoney,qfq
2018-01-25,159915,创业板ETF易方达,1.714,1.708,1.751,1.705,7049033.0,1219092272.0,2.68,-0.35,-0.006,6.7,eastmoney,qfq
2018-01-26,159915,创业板ETF易方达,1.708,1.72,1.733,1.705,3586477.0,617135488.0,1.64,0.7,0.012,3.41,eastmoney,qfq
2018-01-29,159915,创业板ETF易方达,1.72,1.701,1.725,1.692,4965788.0,847216400.0,1.92,-1.1,-0.019,4.72,eastmoney,qfq
2018-01-30,159915,创业板ETF易方达,1.698,1.687,1.709,1.681,4049143.0,685449152.0,1.65,-0.82,-0.014,3.85,eastmoney,qfq
2018-01-31,159915,创业板ETF易方达,1.68,1.633,1.68,1.632,5281661.0,871475584.0,2.85,-3.2,-0.054,5.02,eastmoney,qfq
2018-02-01,159915,创业板ETF易方达,1.634,1.603,1.647,1.602,5622720.0,913368720.0,2.76,-1.84,-0.03,5.34,eastmoney,qfq
2018-02-02,159915,创业板ETF易方达,1.593,1.607,1.627,1.582,4988302.0,802212352.0,2.81,0.25,0.004,4.74,eastmoney,qfq
2018-02-05,159915,创业板ETF易方达,1.586,1.594,1.601,1.582,3260216.0,518994464.0,1.18,-0.81,-0.013,3.1,eastmoney,qfq
2018-02-06,159915,创业板ETF易方达,1.57,1.505,1.578,1.502,6148774.0,953692720.0,4.77,-5.58,-0.089,5.84,eastmoney,qfq
2018-02-07,159915,创业板ETF易方达,1.539,1.523,1.543,1.48,6332948.0,963662976.0,4.19,1.2,0.018,6.02,eastmoney,qfq
2018-02-08,159915,创业板ETF易方达,1.515,1.548,1.556,1.512,4195420.0,646892368.0,2.89,1.64,0.025,3.99,eastmoney,qfq
2018-02-09,159915,创业板ETF易方达,1.51,1.502,1.535,1.482,5801713.0,877744048.0,3.42,-2.97,-0.046,5.51,eastmoney,qfq
2018-02-12,159915,创业板ETF易方达,1.515,1.553,1.562,1.51,5167943.0,796551152.0,3.46,3.4,0.051,4.91,eastmoney,qfq
2018-02-13,159915,创业板ETF易方达,1.561,1.557,1.574,1.547,3208402.0,500876784.0,1.74,0.26,0.004,3.05,eastmoney,qfq
2018-02-14,159915,创业板ETF易方达,1.555,1.549,1.556,1.539,1913003.0,295943376.0,1.09,-0.51,-0.008,1.82,eastmoney,qfq
2018-02-22,159915,创业板ETF易方达,1.563,1.58,1.581,1.554,3030288.0,476359040.0,1.74,2.0,0.031,2.88,eastmoney,qfq
2018-02-23,159915,创业板ETF易方达,1.576,1.572,1.584,1.561,1880539.0,295671376.0,1.46,-0.51,-0.008,1.79,eastmoney,qfq
2018-02-26,159915,创业板ETF易方达,1.585,1.63,1.633,1.575,5175198.0,831373168.0,3.69,3.69,0.058,4.92,eastmoney,qfq
2018-02-27,159915,创业板ETF易方达,1.63,1.639,1.656,1.625,4628523.0,760274944.0,1.9,0.55,0.009,4.4,eastmoney,qfq
2018-02-28,159915,创业板ETF易方达,1.628,1.651,1.672,1.622,4197628.0,693341152.0,3.05,0.73,0.012,3.99,eastmoney,qfq
2018-03-01,159915,创业板ETF易方达,1.64,1.687,1.687,1.632,3678588.0,613346096.0,3.33,2.18,0.036,3.5,eastmoney,qfq
2018-03-02,159915,创业板ETF易方达,1.68,1.669,1.699,1.664,4515403.0,758910800.0,2.07,-1.07,-0.018,4.29,eastmoney,qfq
2018-03-05,159915,创业板ETF易方达,1.678,1.69,1.693,1.665,2949836.0,495291536.0,1.68,1.26,0.021,2.8,eastmoney,qfq
2018-03-06,159915,创业板ETF易方达,1.693,1.693,1.705,1.685,3373910.0,572301872.0,1.18,0.18,0.003,3.21,eastmoney,qfq
2018-03-07,159915,创业板ETF易方达,1.691,1.679,1.695,1.675,2217325.0,373416976.0,1.18,-0.83,-0.014,2.11,eastmoney,qfq
2018-03-08,159915,创业板ETF易方达,1.679,1.686,1.692,1.674,2274747.0,382777744.0,1.07,0.42,0.007,2.16,eastmoney,qfq
2018-03-09,159915,创业板ETF易方达,1.688,1.755,1.755,1.685,7878414.0,1364568128.0,4.15,4.09,0.069,7.49,eastmoney,qfq
2018-03-12,159915,创业板ETF易方达,1.773,1.777,1.795,1.763,6867064.0,1220360112.0,1.82,1.25,0.022,6.53,eastmoney,qfq
2018-03-13,159915,创业板ETF易方达,1.772,1.767,1.791,1.758,3685880.0,652901344.0,1.86,-0.56,-0.01,3.5,eastmoney,qfq
2018-03-14,159915,创业板ETF易方达,1.761,1.741,1.767,1.735,4468052.0,782882928.0,1.81,-1.47,-0.026,4.25,eastmoney,qfq
2018-03-15,159915,创业板ETF易方达,1.73,1.742,1.743,1.707,6701459.0,1156915120.0,2.07,0.06,0.001,6.37,eastmoney,qfq
2018-03-16,159915,创业板ETF易方达,1.74,1.716,1.75,1.715,4298468.0,746399936.0,2.01,-1.49,-0.026,4.08,eastmoney,qfq
2018-03-19,159915,创业板ETF易方达,1.712,1.736,1.754,1.711,4145099.0,719170032.0,2.51,1.17,0.02,3.94,eastmoney,qfq
2018-03-20,159915,创业板ETF易方达,1.721,1.76,1.762,1.719,5314534.0,926038960.0,2.48,1.38,0.024,5.05,eastmoney,qfq
2018-03-21,159915,创业板ETF易方达,1.76,1.72,1.768,1.718,4142583.0,724969088.0,2.84,-2.27,-0.04,3.94,eastmoney,qfq
2018-03-22,159915,创业板ETF易方达,1.726,1.711,1.735,1.71,3658481.0,629648144.0,1.45,-0.52,-0.009,3.48,eastmoney,qfq
2018-03-23,159915,创业板ETF易方达,1.666,1.622,1.688,1.61,11432224.0,1890952816.0,4.56,-5.2,-0.089,10.86,eastmoney,qfq
2018-03-26,159915,创业板ETF易方达,1.609,1.673,1.679,1.595,8328624.0,1365103696.0,5.18,3.14,0.051,7.91,eastmoney,qfq
2018-03-27,159915,创业板ETF易方达,1.69,1.738,1.74,1.686,8486973.0,1457090528.0,3.23,3.89,0.065,8.06,eastmoney,qfq
2018-03-28,159915,创业板ETF易方达,1.717,1.73,1.748,1.714,6829592.0,1185120384.0,1.96,-0.46,-0.008,6.49,eastmoney,qfq
2018-03-29,159915,创业板ETF易方达,1.736,1.739,1.75,1.719,4242984.0,736141504.0,1.79,0.52,0.009,4.03,eastmoney,qfq
2018-03-30,159915,创业板ETF易方达,1.744,1.791,1.791,1.739,8552652.0,1512740128.0,2.99,2.99,0.052,8.13,eastmoney,qfq
2018-04-02,159915,创业板ETF易方达,1.805,1.788,1.81,1.781,7302463.0,1311747728.0,1.62,-0.17,-0.003,6.94,eastmoney,qfq
2018-04-03,159915,创业板ETF易方达,1.765,1.764,1.778,1.744,6971305.0,1229546352.0,1.9,-1.34,-0.024,6.62,eastmoney,qfq
2018-04-04,159915,创业板ETF易方达,1.773,1.732,1.779,1.732,5269261.0,924709712.0,2.66,-1.81,-0.032,5.01,eastmoney,qfq
2018-04-09,159915,创业板ETF易方达,1.732,1.737,1.757,1.716,5599840.0,973559936.0,2.37,0.29,0.005,5.32,eastmoney,qfq
2018-04-10,159915,创业板ETF易方达,1.733,1.732,1.738,1.71,5783070.0,995625280.0,1.61,-0.29,-0.005,5.5,eastmoney,qfq
2018-04-11,159915,创业板ETF易方达,1.737,1.729,1.753,1.728,4809650.0,837265472.0,1.44,-0.17,-0.003,4.57,eastmoney,qfq
2018-04-12,159915,创业板ETF易方达,1.725,1.72,1.745,1.72,3665975.0,635696592.0,1.45,-0.52,-0.009,3.48,eastmoney,qfq
2018-04-13,159915,创业板ETF易方达,1.736,1.721,1.743,1.72,3978376.0,688896880.0,1.34,0.06,0.001,3.78,eastmoney,qfq
2018-04-16,159915,创业板ETF易方达,1.722,1.736,1.748,1.714,5560541.0,961752752.0,1.98,0.87,0.015,5.28,eastmoney,qfq
2018-04-17,159915,创业板ETF易方达,1.737,1.683,1.745,1.681,7492720.0,1280492176.0,3.69,-3.05,-0.053,7.12,eastmoney,qfq
2018-04-18,159915,创业板ETF易方达,1.692,1.718,1.732,1.659,9475695.0,1603547760.0,4.34,2.08,0.035,9.0,eastmoney,qfq
2018-04-19,159915,创业板ETF易方达,1.711,1.715,1.735,1.707,5757564.0,990967184.0,1.63,-0.17,-0.003,5.47,eastmoney,qfq
2018-04-20,159915,创业板ETF易方达,1.711,1.684,1.726,1.679,5757464.0,980923376.0,2.74,-1.81,-0.031,5.47,eastmoney,qfq
2018-04-23,159915,创业板ETF易方达,1.684,1.653,1.692,1.631,5675704.0,942863888.0,3.62,-1.84,-0.031,5.39,eastmoney,qfq
2018-04-24,159915,创业板ETF易方达,1.653,1.705,1.705,1.651,6202017.0,1043877776.0,3.27,3.15,0.052,5.89,eastmoney,qfq
2018-04-25,159915,创业板ETF易方达,1.698,1.715,1.724,1.695,5353027.0,915887008.0,1.7,0.59,0.01,5.09,eastmoney,qfq
2018-04-26,159915,创业板ETF易方达,1.713,1.681,1.716,1.68,4445481.0,754087888.0,2.1,-1.98,-0.034,4.22,eastmoney,qfq
2018-04-27,159915,创业板ETF易方达,1.689,1.707,1.711,1.681,4338080.0,737373696.0,1.78,1.55,0.026,4.12,eastmoney,qfq
2018-05-02,159915,创业板ETF易方达,1.711,1.701,1.729,1.687,4266399.0,728399712.0,2.46,-0.35,-0.006,4.05,eastmoney,qfq
2018-05-03,159915,创业板ETF易方达,1.697,1.726,1.726,1.668,6793981.0,1153767232.0,3.41,1.47,0.025,6.46,eastmoney,qfq
2018-05-04,159915,创业板ETF易方达,1.72,1.712,1.728,1.71,4598616.0,791003296.0,1.04,-0.81,-0.014,4.37,eastmoney,qfq
2018-05-07,159915,创业板ETF易方达,1.717,1.749,1.753,1.715,5590692.0,971893952.0,2.22,2.16,0.037,5.31,eastmoney,qfq
2018-05-08,159915,创业板ETF易方达,1.751,1.753,1.753,1.736,3871212.0,676355456.0,0.97,0.23,0.004,3.68,eastmoney,qfq
2018-05-09,159915,创业板ETF易方达,1.75,1.749,1.756,1.741,3015205.0,527669648.0,0.86,-0.23,-0.004,2.87,eastmoney,qfq
2018-05-10,159915,创业板ETF易方达,1.751,1.762,1.763,1.743,4070745.0,713640096.0,1.14,0.74,0.013,3.87,eastmoney,qfq
2018-05-11,159915,创业板ETF易方达,1.762,1.734,1.765,1.732,4851431.0,846975232.0,1.87,-1.59,-0.028,4.61,eastmoney,qfq
2018-05-14,159915,创业板ETF易方达,1.732,1.728,1.741,1.724,2943563.0,510032176.0,0.98,-0.35,-0.006,2.8,eastmoney,qfq
2018-05-15,159915,创业板ETF易方达,1.726,1.756,1.757,1.724,4322164.0,751896336.0,1.91,1.62,0.028,4.11,eastmoney,qfq
2018-05-16,159915,创业板ETF易方达,1.749,1.745,1.758,1.742,3943829.0,689802768.0,0.91,-0.63,-0.011,3.75,eastmoney,qfq
2018-05-17,159915,创业板ETF易方达,1.742,1.729,1.747,1.725,3139178.0,543953056.0,1.26,-0.92,-0.016,2.98,eastmoney,qfq
2018-05-18,159915,创业板ETF易方达,1.726,1.731,1.736,1.712,4633737.0,799011072.0,1.39,0.12,0.002,4.4,eastmoney,qfq
2018-05-21,159915,创业板ETF易方达,1.742,1.757,1.767,1.742,5618534.0,987077072.0,1.44,1.5,0.026,5.34,eastmoney,qfq
2018-05-22,159915,创业板ETF易方达,1.757,1.77,1.772,1.752,4378531.0,771556992.0,1.14,0.74,0.013,4.16,eastmoney,qfq
2018-05-23,159915,创业板ETF易方达,1.764,1.745,1.771,1.744,3327789.0,584988064.0,1.53,-1.41,-0.025,3.16,eastmoney,qfq
2018-05-24,159915,创业板ETF易方达,1.744,1.737,1.752,1.735,2846846.0,496240848.0,0.97,-0.46,-0.008,2.71,eastmoney,qfq
2018-05-25,159915,创业板ETF易方达,1.736,1.705,1.739,1.704,5064068.0,869941136.0,2.01,-1.84,-0.032,4.81,eastmoney,qfq
2018-05-28,159915,创业板ETF易方达,1.702,1.698,1.716,1.69,3238263.0,550994496.0,1.52,-0.41,-0.007,3.08,eastmoney,qfq
2018-05-29,159915,创业板ETF易方达,1.698,1.678,1.713,1.677,4152866.0,704959984.0,2.12,-1.18,-0.02,3.95,eastmoney,qfq
2018-05-30,159915,创业板ETF易方达,1.659,1.633,1.662,1.626,5973139.0,983604704.0,2.15,-2.68,-0.045,5.68,eastmoney,qfq
2018-05-31,159915,创业板ETF易方达,1.646,1.649,1.652,1.621,5650489.0,926869088.0,1.9,0.98,0.016,5.37,eastmoney,qfq
2018-06-01,159915,创业板ETF易方达,1.641,1.62,1.648,1.609,4501198.0,731478496.0,2.37,-1.76,-0.029,4.28,eastmoney,qfq
2018-06-04,159915,创业板ETF易方达,1.624,1.613,1.627,1.602,4228868.0,682312720.0,1.54,-0.43,-0.007,4.02,eastmoney,qfq
2018-06-05,159915,创业板ETF易方达,1.615,1.653,1.655,1.613,5639087.0,922301312.0,2.6,2.48,0.04,5.36,eastmoney,qfq
2018-06-06,159915,创业板ETF易方达,1.648,1.65,1.656,1.642,3217527.0,530674160.0,0.85,-0.18,-0.003,3.06,eastmoney,qfq
2018-06-07,159915,创业板ETF易方达,1.653,1.636,1.657,1.634,2227249.0,365900544.0,1.39,-0.85,-0.014,2.12,eastmoney,qfq
2018-06-08,159915,创业板ETF易方达,1.63,1.62,1.633,1.607,3805286.0,615686832.0,1.59,-0.98,-0.016,3.62,eastmoney,qfq
2018-06-11,159915,创业板ETF易方达,1.617,1.601,1.618,1.596,3784942.0,607749232.0,1.36,-1.17,-0.019,3.6,eastmoney,qfq
2018-06-12,159915,创业板ETF易方达,1.602,1.619,1.624,1.592,4830004.0,777843440.0,2.0,1.12,0.018,4.59,eastmoney,qfq
2018-06-13,159915,创业板ETF易方达,1.616,1.597,1.618,1.596,3347012.0,538670368.0,1.36,-1.36,-0.022,3.18,eastmoney,qfq
2018-06-14,159915,创业板ETF易方达,1.591,1.587,1.613,1.581,4651490.0,741824592.0,2.0,-0.63,-0.01,4.42,eastmoney,qfq
2018-06-15,159915,创业板ETF易方达,1.586,1.554,1.593,1.55,5400178.0,845181904.0,2.71,-2.08,-0.033,5.13,eastmoney,qfq
2018-06-19,159915,创业板ETF易方达,1.535,1.467,1.54,1.449,7967385.0,1196499168.0,5.86,-5.6,-0.087,7.57,eastmoney,qfq
2018-06-20,159915,创业板ETF易方达,1.461,1.478,1.492,1.444,7521337.0,1106341584.0,3.27,0.75,0.011,7.15,eastmoney,qfq
2018-06-21,159915,创业板ETF易方达,1.475,1.441,1.486,1.441,6174088.0,902225808.0,3.04,-2.5,-0.037,5.87,eastmoney,qfq
2018-06-22,159915,创业板ETF易方达,1.434,1.466,1.473,1.427,6509189.0,948090848.0,3.19,1.73,0.025,6.19,eastmoney,qfq
2018-06-25,159915,创业板ETF易方达,1.479,1.455,1.482,1.454,4237095.0,623580992.0,1.91,-0.75,-0.011,4.03,eastmoney,qfq
2018-06-26,159915,创业板ETF易方达,1.444,1.485,1.488,1.437,6668326.0,978447296.0,3.51,2.06,0.03,6.34,eastmoney,qfq
2018-06-27,159915,创业板ETF易方达,1.479,1.466,1.489,1.462,5151969.0,758594400.0,1.82,-1.28,-0.019,4.9,eastmoney,qfq
2018-06-28,159915,创业板ETF易方达,1.463,1.462,1.487,1.459,4661063.0,686804640.0,1.91,-0.27,-0.004,4.43,eastmoney,qfq
2018-06-29,159915,创业板ETF易方达,1.464,1.524,1.527,1.464,6748125.0,1011543152.0,4.31,4.24,0.062,6.41,eastmoney,qfq
2018-07-02,159915,创业板ETF易方达,1.522,1.503,1.526,1.489,5619238.0,848615552.0,2.43,-1.38,-0.021,5.34,eastmoney,qfq
2018-07-03,159915,创业板ETF易方达,1.507,1.52,1.531,1.477,7937997.0,1195307440.0,3.59,1.13,0.017,7.54,eastmoney,qfq
2018-07-04,159915,创业板ETF易方达,1.511,1.486,1.514,1.476,4815750.0,720058048.0,2.5,-2.24,-0.034,4.58,eastmoney,qfq
2018-07-05,159915,创业板ETF易方达,1.479,1.452,1.496,1.451,5326491.0,784496288.0,3.03,-2.29,-0.034,5.06,eastmoney,qfq
2018-07-06,159915,创业板ETF易方达,1.451,1.464,1.493,1.443,7653539.0,1125618240.0,3.44,0.83,0.012,7.27,eastmoney,qfq
2018-07-09,159915,创业板ETF易方达,1.474,1.504,1.505,1.47,6562165.0,978048480.0,2.39,2.73,0.04,6.24,eastmoney,qfq
2018-07-10,159915,创业板ETF易方达,1.505,1.516,1.517,1.5,4653501.0,701882880.0,1.13,0.8,0.012,4.42,eastmoney,qfq
2018-07-11,159915,创业板ETF易方达,1.49,1.488,1.5,1.468,7056090.0,1047805888.0,2.11,-1.85,-0.028,6.71,eastmoney,qfq
2018-07-12,159915,创业板ETF易方达,1.49,1.54,1.545,1.489,7735753.0,1179858896.0,3.76,3.49,0.052,7.35,eastmoney,qfq
2018-07-13,159915,创业板ETF易方达,1.537,1.542,1.548,1.532,4694873.0,722846656.0,1.04,0.13,0.002,4.46,eastmoney,qfq
2018-07-16,159915,创业板ETF易方达,1.536,1.542,1.546,1.528,2917485.0,447756320.0,1.17,0.0,0.0,2.77,eastmoney,qfq
2018-07-17,159915,创业板ETF易方达,1.54,1.543,1.545,1.521,3780670.0,579864832.0,1.56,0.06,0.001,3.59,eastmoney,qfq
2018-07-18,159915,创业板ETF易方达,1.545,1.532,1.557,1.531,3985459.0,616009360.0,1.69,-0.71,-0.011,3.79,eastmoney,qfq
2018-07-19,159915,创业板ETF易方达,1.532,1.514,1.543,1.508,4423700.0,672792960.0,2.28,-1.17,-0.018,4.2,eastmoney,qfq
2018-07-20,159915,创业板ETF易方达,1.511,1.535,1.54,1.505,5010058.0,763760416.0,2.31,1.39,0.021,4.76,eastmoney,qfq
2018-07-23,159915,创业板ETF易方达,1.534,1.54,1.541,1.515,5166963.0,789030560.0,1.69,0.33,0.005,4.91,eastmoney,qfq
2018-07-24,159915,创业板ETF易方达,1.54,1.549,1.562,1.53,5658661.0,875600576.0,2.08,0.58,0.009,5.38,eastmoney,qfq
2018-07-25,159915,创业板ETF易方达,1.549,1.551,1.567,1.547,4603272.0,716231808.0,1.29,0.13,0.002,4.37,eastmoney,qfq
2018-07-26,159915,创业板ETF易方达,1.551,1.534,1.557,1.526,4186107.0,643905472.0,2.0,-1.1,-0.017,3.98,eastmoney,qfq
2018-07-27,159915,创业板ETF易方达,1.529,1.518,1.532,1.515,4462206.0,680220032.0,1.11,-1.04,-0.016,4.24,eastmoney,qfq
2018-07-30,159915,创业板ETF易方达,1.514,1.484,1.52,1.482,6278488.0,940162560.0,2.5,-2.24,-0.034,5.97,eastmoney,qfq
2018-07-31,159915,创业板ETF易方达,1.483,1.489,1.499,1.481,4244351.0,632526528.0,1.21,0.34,0.005,4.03,eastmoney,qfq
2018-08-01,159915,创业板ETF易方达,1.494,1.471,1.507,1.471,4470316.0,666099680.0,2.42,-1.21,-0.018,4.25,eastmoney,qfq
2018-08-02,159915,创业板ETF易方达,1.465,1.44,1.467,1.415,8127046.0,1169029296.0,3.54,-2.11,-0.031,7.72,eastmoney,qfq
2018-08-03,159915,创业板ETF易方达,1.44,1.414,1.45,1.411,7348848.0,1051125520.0,2.71,-1.81,-0.026,6.98,eastmoney,qfq
2018-08-06,159915,创业板ETF易方达,1.405,1.374,1.416,1.368,12019113.0,1676927024.0,3.39,-2.83,-0.04,11.42,eastmoney,qfq
2018-08-07,159915,创业板ETF易方达,1.381,1.412,1.412,1.369,9234154.0,1285234272.0,3.13,2.77,0.038,8.77,eastmoney,qfq
2018-08-08,159915,创业板ETF易方达,1.403,1.381,1.408,1.379,6866129.0,956449216.0,2.05,-2.2,-0.031,6.52,eastmoney,qfq
2018-08-09,159915,创业板ETF易方达,1.379,1.426,1.437,1.376,10025652.0,1418011040.0,4.42,3.26,0.045,9.53,eastmoney,qfq
2018-08-10,159915,创业板ETF易方达,1.424,1.437,1.441,1.421,5700610.0,816509072.0,1.4,0.77,0.011,5.42,eastmoney,qfq
2018-08-13,159915,创业板ETF易方达,1.422,1.458,1.46,1.42,6646202.0,955990432.0,2.78,1.46,0.021,6.32,eastmoney,qfq
2018-08-14,159915,创业板ETF易方达,1.454,1.446,1.458,1.44,5205638.0,753486432.0,1.23,-0.82,-0.012,4.95,eastmoney,qfq
2018-08-15,159915,创业板ETF易方达,1.445,1.409,1.446,1.403,7090614.0,1007923536.0,2.97,-2.56,-0.037,6.74,eastmoney,qfq
2018-08-16,159915,创业板ETF易方达,1.391,1.396,1.419,1.381,7833649.0,1098295008.0,2.7,-0.92,-0.013,7.44,eastmoney,qfq
2018-08-17,159915,创业板ETF易方达,1.407,1.369,1.41,1.366,9120506.0,1263718544.0,3.15,-1.93,-0.027,8.67,eastmoney,qfq
2018-08-20,159915,创业板ETF易方达,1.363,1.367,1.376,1.34,10168691.0,1380052464.0,2.63,-0.15,-0.002,9.66,eastmoney,qfq
2018-08-21,159915,创业板ETF易方达,1.366,1.387,1.393,1.363,8547493.0,1179618704.0,2.19,1.46,0.02,8.12,eastmoney,qfq
2018-08-22,159915,创业板ETF易方达,1.385,1.375,1.389,1.37,4488101.0,619306368.0,1.37,-0.87,-0.012,4.26,eastmoney,qfq
2018-08-23,159915,创业板ETF易方达,1.376,1.388,1.395,1.373,6059138.0,839387824.0,1.6,0.95,0.013,5.76,eastmoney,qfq
2018-08-24,159915,创业板ETF易方达,1.38,1.382,1.394,1.376,3896292.0,539105216.0,1.3,-0.43,-0.006,3.7,eastmoney,qfq
2018-08-27,159915,创业板ETF易方达,1.387,1.426,1.426,1.385,8237422.0,1161330672.0,2.97,3.18,0.044,7.83,eastmoney,qfq
2018-08-28,159915,创业板ETF易方达,1.425,1.423,1.429,1.416,4082480.0,580853904.0,0.91,-0.21,-0.003,3.88,eastmoney,qfq
2018-08-29,159915,创业板ETF易方达,1.42,1.411,1.421,1.405,3866063.0,545976656.0,1.12,-0.84,-0.012,3.67,eastmoney,qfq
2018-08-30,159915,创业板ETF易方达,1.41,1.389,1.415,1.389,5144066.0,718996048.0,1.84,-1.56,-0.022,4.89,eastmoney,qfq
2018-08-31,159915,创业板ETF易方达,1.383,1.369,1.387,1.366,5614494.0,772512960.0,1.51,-1.44,-0.02,5.34,eastmoney,qfq
2018-09-03,159915,创业板ETF易方达,1.364,1.375,1.379,1.35,5836825.0,795335904.0,2.12,0.44,0.006,5.55,eastmoney,qfq
2018-09-04,159915,创业板ETF易方达,1.373,1.385,1.394,1.365,6740410.0,929244496.0,2.11,0.73,0.01,6.41,eastmoney,qfq
2018-09-05,159915,创业板ETF易方达,1.38,1.363,1.387,1.363,5131937.0,706973504.0,1.73,-1.59,-0.022,4.88,eastmoney,qfq
2018-09-06,159915,创业板ETF易方达,1.358,1.355,1.377,1.351,6994459.0,953927056.0,1.91,-0.59,-0.008,6.65,eastmoney,qfq
2018-09-07,159915,创业板ETF易方达,1.36,1.36,1.386,1.351,8612883.0,1179201104.0,2.58,0.37,0.005,8.18,eastmoney,qfq
2018-09-10,159915,创业板ETF易方达,1.353,1.327,1.36,1.325,8350878.0,1118646320.0,2.57,-2.43,-0.033,7.94,eastmoney,qfq
2018-09-11,159915,创业板ETF易方达,1.327,1.332,1.342,1.32,5717353.0,759902112.0,1.66,0.38,0.005,5.43,eastmoney,qfq
2018-09-12,159915,创业板ETF易方达,1.331,1.32,1.341,1.32,7147721.0,950209728.0,1.58,-0.9,-0.012,6.79,eastmoney,qfq
2018-09-13,159915,创业板ETF易方达,1.336,1.326,1.341,1.307,11026971.0,1460488592.0,2.58,0.45,0.006,10.48,eastmoney,qfq
2018-09-14,159915,创业板ETF易方达,1.326,1.304,1.332,1.304,8119944.0,1069370656.0,2.11,-1.66,-0.022,7.72,eastmoney,qfq
2018-09-17,159915,创业板ETF易方达,1.296,1.288,1.302,1.282,7135335.0,922151472.0,1.53,-1.23,-0.016,6.78,eastmoney,qfq
2018-09-18,159915,创业板ETF易方达,1.286,1.312,1.314,1.283,7905015.0,1026503488.0,2.41,1.86,0.024,7.51,eastmoney,qfq
2018-09-19,159915,创业板ETF易方达,1.308,1.324,1.339,1.303,9878343.0,1305036656.0,2.74,0.91,0.012,9.39,eastmoney,qfq
2018-09-20,159915,创业板ETF易方达,1.321,1.32,1.333,1.319,4455153.0,590303328.0,1.06,-0.3,-0.004,4.23,eastmoney,qfq
2018-09-21,159915,创业板ETF易方达,1.325,1.343,1.346,1.317,7684139.0,1024990848.0,2.2,1.74,0.023,7.3,eastmoney,qfq
2018-09-25,159915,创业板ETF易方达,1.333,1.338,1.347,1.331,6901896.0,923984736.0,1.19,-0.37,-0.005,6.56,eastmoney,qfq
2018-09-26,159915,创业板ETF易方达,1.339,1.352,1.361,1.334,6767440.0,912659792.0,2.02,1.05,0.014,6.43,eastmoney,qfq
2018-09-27,159915,创业板ETF易方达,1.35,1.333,1.353,1.332,5222584.0,700940528.0,1.55,-1.41,-0.019,4.96,eastmoney,qfq
2018-09-28,159915,创业板ETF易方达,1.337,1.346,1.346,1.327,6125986.0,819172288.0,1.43,0.98,0.013,5.82,eastmoney,qfq
2018-10-08,159915,创业板ETF易方达,1.317,1.289,1.322,1.286,7211935.0,942760208.0,2.67,-4.23,-0.057,6.85,eastmoney,qfq
2018-10-09,159915,创业板ETF易方达,1.294,1.283,1.301,1.275,6414966.0,825557136.0,2.02,-0.47,-0.006,6.1,eastmoney,qfq
2018-10-10,159915,创业板ETF易方达,1.284,1.282,1.293,1.271,5679270.0,728727648.0,1.71,-0.08,-0.001,5.4,eastmoney,qfq
2018-10-11,159915,创业板ETF易方达,1.243,1.196,1.249,1.19,11133687.0,1363904672.0,4.6,-6.71,-0.086,10.58,eastmoney,qfq
2018-10-12,159915,创业板ETF易方达,1.192,1.206,1.215,1.173,9926606.0,1185754496.0,3.51,0.84,0.01,9.43,eastmoney,qfq
2018-10-15,159915,创业板ETF易方达,1.205,1.19,1.22,1.189,5747889.0,692749520.0,2.57,-1.33,-0.016,5.46,eastmoney,qfq
2018-10-16,159915,创业板ETF易方达,1.192,1.16,1.195,1.154,9493811.0,1115771152.0,3.45,-2.52,-0.03,9.02,eastmoney,qfq
2018-10-17,159915,创业板ETF易方达,1.173,1.174,1.182,1.149,12516773.0,1460973648.0,2.84,1.21,0.014,11.89,eastmoney,qfq
2018-10-18,159915,创业板ETF易方达,1.163,1.153,1.173,1.151,12504529.0,1451090240.0,1.87,-1.79,-0.021,11.88,eastmoney,qfq
2018-10-19,159915,创业板ETF易方达,1.141,1.189,1.197,1.136,13971317.0,1634560976.0,5.29,3.12,0.036,13.28,eastmoney,qfq
2018-10-22,159915,创业板ETF易方达,1.22,1.26,1.268,1.211,18083601.0,2241899120.0,4.79,5.97,0.071,17.18,eastmoney,qfq
2018-10-23,159915,创业板ETF易方达,1.26,1.231,1.263,1.222,11243075.0,1396262096.0,3.25,-2.3,-0.029,10.68,eastmoney,qfq
2018-10-24,159915,创业板ETF易方达,1.231,1.226,1.246,1.22,8668279.0,1067748880.0,2.11,-0.41,-0.005,8.24,eastmoney,qfq
2018-10-25,159915,创业板ETF易方达,1.19,1.216,1.224,1.183,13471965.0,1613049696.0,3.34,-0.82,-0.01,12.8,eastmoney,qfq
2018-10-26,159915,创业板ETF易方达,1.221,1.203,1.233,1.198,8200547.0,996296464.0,2.88,-1.07,-0.013,7.79,eastmoney,qfq
2018-10-29,159915,创业板ETF易方达,1.205,1.192,1.213,1.188,8231478.0,989255712.0,2.08,-0.91,-0.011,7.82,eastmoney,qfq
2018-10-30,159915,创业板ETF易方达,1.189,1.204,1.221,1.168,11584948.0,1387339856.0,4.45,1.01,0.012,11.01,eastmoney,qfq
2018-10-31,159915,创业板ETF易方达,1.205,1.216,1.229,1.201,11360813.0,1383473344.0,2.33,1.0,0.012,10.8,eastmoney,qfq
2018-11-01,159915,创业板ETF易方达,1.231,1.227,1.253,1.227,13943364.0,1727519392.0,2.14,0.9,0.011,13.25,eastmoney,qfq
2018-11-02,159915,创业板ETF易方达,1.28,1.291,1.292,1.257,19396059.0,2467666576.0,2.85,5.22,0.064,18.43,eastmoney,qfq
2018-11-05,159915,创业板ETF易方达,1.284,1.287,1.308,1.261,16786209.0,2157876880.0,3.64,-0.31,-0.004,15.95,eastmoney,qfq
2018-11-06,159915,创业板ETF易方达,1.278,1.286,1.287,1.263,9355638.0,1191332976.0,1.86,-0.08,-0.001,8.89,eastmoney,qfq
2018-11-07,159915,创业板ETF易方达,1.287,1.282,1.303,1.28,9105793.0,1175793488.0,1.79,-0.31,-0.004,8.65,eastmoney,qfq
2018-11-08,159915,创业板ETF易方达,1.293,1.265,1.295,1.264,6608072.0,845284512.0,2.42,-1.33,-0.017,6.28,eastmoney,qfq
2018-11-09,159915,创业板ETF易方达,1.256,1.26,1.272,1.252,7016150.0,885728192.0,1.58,-0.4,-0.005,6.67,eastmoney,qfq
2018-11-12,159915,创业板ETF易方达,1.258,1.305,1.307,1.256,12015536.0,1546244304.0,4.05,3.57,0.045,11.42,eastmoney,qfq
2018-11-13,159915,创业板ETF易方达,1.293,1.326,1.333,1.291,17618753.0,2314208352.0,3.22,1.61,0.021,16.74,eastmoney,qfq
2018-11-14,159915,创业板ETF易方达,1.321,1.32,1.333,1.315,7536180.0,995978512.0,1.36,-0.45,-0.006,7.16,eastmoney,qfq
2018-11-15,159915,创业板ETF易方达,1.315,1.336,1.338,1.314,6782509.0,899095200.0,1.82,1.21,0.016,6.45,eastmoney,qfq
2018-11-16,159915,创业板ETF易方达,1.337,1.332,1.345,1.322,9070421.0,1210790656.0,1.72,-0.3,-0.004,8.62,eastmoney,qfq
2018-11-19,159915,创业板ETF易方达,1.328,1.325,1.332,1.31,10071341.0,1328533536.0,1.65,-0.53,-0.007,9.57,eastmoney,qfq
2018-11-20,159915,创业板ETF易方达,1.316,1.291,1.317,1.282,8702470.0,1133503984.0,2.64,-2.57,-0.034,8.27,eastmoney,qfq
2018-11-21,159915,创业板ETF易方达,1.285,1.294,1.296,1.274,8239441.0,1059126768.0,1.7,0.23,0.003,7.83,eastmoney,qfq
2018-11-22,159915,创业板ETF易方达,1.294,1.285,1.302,1.282,6435845.0,830050688.0,1.55,-0.7,-0.009,6.12,eastmoney,qfq
2018-11-23,159915,创业板ETF易方达,1.289,1.248,1.289,1.244,9056061.0,1142474432.0,3.5,-2.88,-0.037,8.61,eastmoney,qfq
2018-11-26,159915,创业板ETF易方达,1.247,1.244,1.254,1.234,4407785.0,548534000.0,1.6,-0.32,-0.004,4.19,eastmoney,qfq
2018-11-27,159915,创业板ETF易方达,1.251,1.253,1.259,1.245,5130197.0,642337024.0,1.13,0.72,0.009,4.88,eastmoney,qfq
2018-11-28,159915,创业板ETF易方达,1.253,1.277,1.277,1.243,6534659.0,826287344.0,2.71,1.92,0.024,6.21,eastmoney,qfq
2018-11-29,159915,创业板ETF易方达,1.284,1.247,1.287,1.245,7268236.0,924483392.0,3.29,-2.35,-0.03,6.91,eastmoney,qfq
2018-11-30,159915,创业板ETF易方达,1.244,1.264,1.269,1.241,6616892.0,830518336.0,2.25,1.36,0.017,6.29,eastmoney,qfq
2018-12-03,159915,创业板ETF易方达,1.301,1.31,1.316,1.292,9303419.0,1214136640.0,1.9,3.64,0.046,8.84,eastmoney,qfq
2018-12-04,159915,创业板ETF易方达,1.308,1.315,1.315,1.303,5345533.0,700085024.0,0.92,0.38,0.005,5.08,eastmoney,qfq
2018-12-05,159915,创业板ETF易方达,1.297,1.315,1.326,1.293,8071980.0,1058167280.0,2.51,0.0,0.0,7.67,eastmoney,qfq
2018-12-06,159915,创业板ETF易方达,1.305,1.28,1.313,1.277,6601176.0,854446544.0,2.74,-2.66,-0.035,6.27,eastmoney,qfq
2018-12-07,159915,创业板ETF易方达,1.284,1.275,1.287,1.273,3692638.0,471984704.0,1.09,-0.39,-0.005,3.51,eastmoney,qfq
2018-12-10,159915,创业板ETF易方达,1.269,1.264,1.277,1.263,3880188.0,492588976.0,1.1,-0.86,-0.011,3.69,eastmoney,qfq
2018-12-11,159915,创业板ETF易方达,1.269,1.277,1.277,1.266,3810907.0,485039264.0,0.87,1.03,0.013,3.62,eastmoney,qfq
2018-12-12,159915,创业板ETF易方达,1.283,1.276,1.286,1.273,3795480.0,485664560.0,1.02,-0.08,-0.001,3.61,eastmoney,qfq
2018-12-13,159915,创业板ETF易方达,1.277,1.286,1.295,1.265,7083380.0,908374720.0,2.35,0.78,0.01,6.73,eastmoney,qfq
2018-12-14,159915,创业板ETF易方达,1.282,1.248,1.283,1.247,7862516.0,993991920.0,2.8,-2.95,-0.038,7.47,eastmoney,qfq
2018-12-17,159915,创业板ETF易方达,1.242,1.24,1.247,1.227,7428262.0,918529888.0,1.6,-0.64,-0.008,7.06,eastmoney,qfq
2018-12-18,159915,创业板ETF易方达,1.232,1.232,1.248,1.224,8349719.0,1031565920.0,1.94,-0.65,-0.008,7.93,eastmoney,qfq
2018-12-19,159915,创业板ETF易方达,1.234,1.209,1.235,1.207,6413678.0,783048784.0,2.27,-1.87,-0.023,6.09,eastmoney,qfq
2018-12-20,159915,创业板ETF易方达,1.209,1.219,1.223,1.206,6235318.0,757899424.0,1.41,0.83,0.01,5.93,eastmoney,qfq
2018-12-21,159915,创业板ETF易方达,1.216,1.213,1.22,1.203,6384173.0,773884864.0,1.39,-0.49,-0.006,6.07,eastmoney,qfq
2018-12-24,159915,创业板ETF易方达,1.212,1.226,1.228,1.206,6913224.0,844408160.0,1.81,1.07,0.013,6.57,eastmoney,qfq
2018-12-25,159915,创业板ETF易方达,1.216,1.217,1.224,1.191,9326526.0,1126352784.0,2.69,-0.73,-0.009,8.86,eastmoney,qfq
2018-12-26,159915,创业板ETF易方达,1.216,1.211,1.225,1.209,5538747.0,673597200.0,1.31,-0.49,-0.006,5.26,eastmoney,qfq
2018-12-27,159915,创业板ETF易方达,1.229,1.192,1.232,1.191,6453764.0,783091904.0,3.39,-1.57,-0.019,6.13,eastmoney,qfq
2018-12-28,159915,创业板ETF易方达,1.194,1.194,1.202,1.186,5159856.0,615985024.0,1.34,0.17,0.002,4.9,eastmoney,qfq
2019-01-02,159915,创业板ETF易方达,1.198,1.178,1.199,1.176,6001623.0,711072512.0,1.93,-1.34,-0.016,5.7,eastmoney,qfq
2019-01-03,159915,创业板ETF易方达,1.176,1.164,1.189,1.163,6784060.0,797217968.0,2.21,-1.19,-0.014,6.45,eastmoney,qfq
2019-01-04,159915,创业板ETF易方达,1.155,1.195,1.195,1.152,11840440.0,1394716032.0,3.69,2.66,0.031,11.25,eastmoney,qfq
2019-01-07,159915,创业板ETF易方达,1.197,1.214,1.218,1.193,9797743.0,1182027888.0,2.09,1.59,0.019,9.31,eastmoney,qfq
2019-01-08,159915,创业板ETF易方达,1.21,1.211,1.217,1.207,4699100.0,569627456.0,0.82,-0.25,-0.003,4.47,eastmoney,qfq
2019-01-09,159915,创业板ETF易方达,1.212,1.21,1.232,1.207,7370433.0,899897040.0,2.06,-0.08,-0.001,7.0,eastmoney,qfq
2019-01-10,159915,创业板ETF易方达,1.208,1.207,1.219,1.203,4244882.0,513995808.0,1.32,-0.25,-0.003,4.03,eastmoney,qfq
2019-01-11,159915,创业板ETF易方达,1.207,1.209,1.214,1.201,4306086.0,519954096.0,1.08,0.17,0.002,4.09,eastmoney,qfq
2019-01-14,159915,创业板ETF易方达,1.21,1.195,1.212,1.193,4237978.0,508589328.0,1.57,-1.16,-0.014,4.03,eastmoney,qfq
2019-01-15,159915,创业板ETF易方达,1.194,1.216,1.216,1.189,6724999.0,809254368.0,2.26,1.76,0.021,6.39,eastmoney,qfq
2019-01-16,159915,创业板ETF易方达,1.214,1.214,1.224,1.21,5897143.0,717668336.0,1.15,-0.16,-0.002,5.6,eastmoney,qfq
2019-01-17,159915,创业板ETF易方达,1.215,1.198,1.215,1.198,5906281.0,712958608.0,1.4,-1.32,-0.016,5.61,eastmoney,qfq
2019-01-18,159915,创业板ETF易方达,1.203,1.216,1.218,1.198,6400241.0,773286432.0,1.67,1.5,0.018,6.08,eastmoney,qfq
2019-01-21,159915,创业板ETF易方达,1.218,1.222,1.231,1.213,6604167.0,807735712.0,1.48,0.49,0.006,6.28,eastmoney,qfq
2019-01-22,159915,创业板ETF易方达,1.219,1.201,1.22,1.196,5686736.0,686557392.0,1.96,-1.72,-0.021,5.4,eastmoney,qfq
2019-01-23,159915,创业板ETF易方达,1.198,1.197,1.204,1.194,3329009.0,398752320.0,0.83,-0.33,-0.004,3.16,eastmoney,qfq
2019-01-24,159915,创业板ETF易方达,1.199,1.211,1.221,1.197,6844337.0,829071264.0,2.01,1.17,0.014,6.5,eastmoney,qfq
2019-01-25,159915,创业板ETF易方达,1.212,1.214,1.224,1.209,6223129.0,757284944.0,1.24,0.25,0.003,5.91,eastmoney,qfq
2019-01-28,159915,创业板ETF易方达,1.22,1.208,1.227,1.205,5485220.0,667701360.0,1.81,-0.49,-0.006,5.21,eastmoney,qfq
2019-01-29,159915,创业板ETF易方达,1.205,1.192,1.207,1.18,7620726.0,907947216.0,2.24,-1.32,-0.016,7.24,eastmoney,qfq
2019-01-30,159915,创业板ETF易方达,1.183,1.183,1.197,1.182,4562773.0,542973520.0,1.26,-0.76,-0.009,4.34,eastmoney,qfq
2019-01-31,159915,创业板ETF易方达,1.183,1.178,1.194,1.172,7476244.0,884261504.0,1.86,-0.42,-0.005,7.1,eastmoney,qfq
2019-02-01,159915,创业板ETF易方达,1.182,1.221,1.222,1.182,10385764.0,1250855312.0,3.4,3.65,0.043,9.87,eastmoney,qfq
2019-02-11,159915,创业板ETF易方达,1.223,1.264,1.266,1.223,10998410.0,1370907952.0,3.52,3.52,0.043,10.45,eastmoney,qfq
2019-02-12,159915,创业板ETF易方达,1.262,1.278,1.281,1.259,8424747.0,1072222112.0,1.74,1.11,0.014,8.01,eastmoney,qfq
2019-02-13,159915,创业板ETF易方达,1.279,1.301,1.305,1.277,8785253.0,1136574464.0,2.19,1.8,0.023,8.35,eastmoney,qfq
2019-02-14,159915,创业板ETF易方达,1.3,1.304,1.313,1.293,6180714.0,804666384.0,1.54,0.23,0.003,5.87,eastmoney,qfq
2019-02-15,159915,创业板ETF易方达,1.301,1.302,1.314,1.299,8317743.0,1086517440.0,1.15,-0.15,-0.002,7.9,eastmoney,qfq
2019-02-18,159915,创业板ETF易方达,1.31,1.357,1.357,1.308,8628155.0,1151787424.0,3.76,4.22,0.055,8.2,eastmoney,qfq
2019-02-19,159915,创业板ETF易方达,1.359,1.346,1.368,1.333,12181711.0,1647296320.0,2.58,-0.81,-0.011,11.58,eastmoney,qfq
2019-02-20,159915,创业板ETF易方达,1.346,1.348,1.357,1.33,6955761.0,934374656.0,2.01,0.15,0.002,6.61,eastmoney,qfq
2019-02-21,159915,创业板ETF易方达,1.344,1.355,1.391,1.34,11258115.0,1533617408.0,3.78,0.52,0.007,10.7,eastmoney,qfq
2019-02-22,159915,创业板ETF易方达,1.348,1.406,1.406,1.347,10082465.0,1386485968.0,4.35,3.76,0.051,9.58,eastmoney,qfq
2019-02-25,159915,创业板ETF易方达,1.432,1.492,1.495,1.416,11322086.0,1643907408.0,5.62,6.12,0.086,10.76,eastmoney,qfq
2019-02-26,159915,创业板ETF易方达,1.487,1.479,1.519,1.459,14183028.0,2112923536.0,4.02,-0.87,-0.013,13.48,eastmoney,qfq
2019-02-27,159915,创业板ETF易方达,1.475,1.458,1.491,1.436,12474735.0,1828844736.0,3.72,-1.42,-0.021,11.85,eastmoney,qfq
2019-02-28,159915,创业板ETF易方达,1.456,1.47,1.482,1.454,7997755.0,1174326192.0,1.92,0.82,0.012,7.6,eastmoney,qfq
2019-03-01,159915,创业板ETF易方达,1.489,1.5,1.502,1.466,9410949.0,1398930832.0,2.45,2.04,0.03,8.94,eastmoney,qfq
2019-03-04,159915,创业板ETF易方达,1.526,1.556,1.582,1.525,12376555.0,1915610080.0,3.8,3.73,0.056,11.76,eastmoney,qfq
2019-03-05,159915,创业板ETF易方达,1.548,1.615,1.615,1.526,11460402.0,1807195968.0,5.72,3.79,0.059,10.89,eastmoney,qfq
2019-03-06,159915,创业板ETF易方达,1.624,1.635,1.641,1.59,14250005.0,2302065552.0,3.16,1.24,0.02,13.54,eastmoney,qfq
2019-03-07,159915,创业板ETF易方达,1.628,1.621,1.648,1.597,14107830.0,2291266704.0,3.12,-0.86,-0.014,13.41,eastmoney,qfq
2019-03-08,159915,创业板ETF易方达,1.572,1.584,1.644,1.564,20087676.0,3233658288.0,4.94,-2.28,-0.037,19.09,eastmoney,qfq
2019-03-11,159915,创业板ETF易方达,1.6,1.658,1.658,1.581,17024805.0,2767830208.0,4.86,4.67,0.074,16.18,eastmoney,qfq
2019-03-12,159915,创业板ETF易方达,1.675,1.696,1.715,1.659,22814532.0,3839093840.0,3.38,2.29,0.038,21.68,eastmoney,qfq
2019-03-13,159915,创业板ETF易方达,1.69,1.618,1.69,1.608,21688080.0,3571779648.0,4.83,-4.6,-0.078,20.61,eastmoney,qfq
2019-03-14,159915,创业板ETF易方达,1.604,1.583,1.625,1.556,18379184.0,2916689600.0,4.26,-2.16,-0.035,17.46,eastmoney,qfq
2019-03-15,159915,创业板ETF易方达,1.596,1.589,1.612,1.572,13198897.0,2106826656.0,2.53,0.38,0.006,12.54,eastmoney,qfq
2019-03-18,159915,创业板ETF易方达,1.598,1.634,1.634,1.581,12114716.0,1947360416.0,3.34,2.83,0.045,11.51,eastmoney,qfq
2019-03-19,159915,创业板ETF易方达,1.633,1.633,1.655,1.619,10383369.0,1697432000.0,2.2,-0.06,-0.001,9.87,eastmoney,qfq
2019-03-20,159915,创业板ETF易方达,1.628,1.613,1.632,1.583,9696310.0,1556244896.0,3.0,-1.22,-0.02,9.21,eastmoney,qfq
2019-03-21,159915,创业板ETF易方达,1.61,1.627,1.643,1.604,11691110.0,1902099184.0,2.42,0.87,0.014,11.11,eastmoney,qfq
2019-03-22,159915,创业板ETF易方达,1.628,1.621,1.629,1.589,13073009.0,2103966288.0,2.46,-0.37,-0.006,12.42,eastmoney,qfq
2019-03-25,159915,创业板ETF易方达,1.594,1.598,1.622,1.588,8377287.0,1345112464.0,2.1,-1.42,-0.023,7.96,eastmoney,qfq
2019-03-26,159915,创业板ETF易方达,1.608,1.556,1.61,1.554,7830213.0,1237447168.0,3.5,-2.63,-0.042,7.44,eastmoney,qfq
2019-03-27,159915,创业板ETF易方达,1.567,1.568,1.574,1.546,7526007.0,1176282784.0,1.8,0.77,0.012,7.15,eastmoney,qfq
2019-03-28,159915,创业板ETF易方达,1.557,1.556,1.588,1.553,7559261.0,1187543488.0,2.23,-0.77,-0.012,7.18,eastmoney,qfq
2019-03-29,159915,创业板ETF易方达,1.564,1.624,1.627,1.559,11876845.0,1905978800.0,4.37,4.37,0.068,11.29,eastmoney,qfq
2019-04-01,159915,创业板ETF易方达,1.635,1.694,1.695,1.635,10597457.0,1775243952.0,3.69,4.31,0.07,10.07,eastmoney,qfq
2019-04-02,159915,创业板ETF易方达,1.696,1.682,1.704,1.675,8842649.0,1495342624.0,1.71,-0.71,-0.012,8.4,eastmoney,qfq
2019-04-03,159915,创业板ETF易方达,1.673,1.7,1.701,1.669,6623401.0,1116334416.0,1.9,1.07,0.018,6.29,eastmoney,qfq
2019-04-04,159915,创业板ETF易方达,1.704,1.701,1.71,1.688,6827361.0,1159661088.0,1.29,0.06,0.001,6.49,eastmoney,qfq
2019-04-08,159915,创业板ETF易方达,1.709,1.665,1.716,1.645,8547676.0,1431801504.0,4.17,-2.12,-0.036,8.12,eastmoney,qfq
2019-04-09,159915,创业板ETF易方达,1.657,1.667,1.677,1.646,6527202.0,1085974784.0,1.86,0.12,0.002,6.2,eastmoney,qfq
2019-04-10,159915,创业板ETF易方达,1.657,1.654,1.668,1.639,6106801.0,1008779216.0,1.74,-0.78,-0.013,5.8,eastmoney,qfq
2019-04-11,159915,创业板ETF易方达,1.655,1.619,1.657,1.616,7245282.0,1181550192.0,2.48,-2.12,-0.035,6.88,eastmoney,qfq
2019-04-12,159915,创业板ETF易方达,1.616,1.624,1.63,1.611,5892095.0,954790816.0,1.17,0.31,0.005,5.6,eastmoney,qfq
2019-04-15,159915,创业板ETF易方达,1.647,1.596,1.651,1.594,6596022.0,1073984720.0,3.51,-1.72,-0.028,6.27,eastmoney,qfq
2019-04-16,159915,创业板ETF易方达,1.586,1.629,1.629,1.568,9685385.0,1547669920.0,3.82,2.07,0.033,9.2,eastmoney,qfq
2019-04-17,159915,创业板ETF易方达,1.623,1.642,1.655,1.621,8676529.0,1421519728.0,2.09,0.8,0.013,8.24,eastmoney,qfq
2019-04-18,159915,创业板ETF易方达,1.637,1.629,1.645,1.629,3841242.0,628750720.0,0.97,-0.79,-0.013,3.65,eastmoney,qfq
2019-04-19,159915,创业板ETF易方达,1.63,1.645,1.645,1.617,4125439.0,672817888.0,1.72,0.98,0.016,3.92,eastmoney,qfq
2019-04-22,159915,创业板ETF易方达,1.645,1.624,1.649,1.617,5265640.0,860784976.0,1.95,-1.28,-0.021,5.0,eastmoney,qfq
2019-04-23,159915,创业板ETF易方达,1.619,1.61,1.636,1.603,4356214.0,704956848.0,2.03,-0.86,-0.014,4.14,eastmoney,qfq
2019-04-24,159915,创业板ETF易方达,1.616,1.646,1.648,1.603,8088348.0,1316404624.0,2.8,2.24,0.036,7.69,eastmoney,qfq
2019-04-25,159915,创业板ETF易方达,1.635,1.598,1.649,1.596,8327967.0,1356370192.0,3.22,-2.92,-0.048,7.91,eastmoney,qfq
2019-04-26,159915,创业板ETF易方达,1.591,1.589,1.61,1.584,6398892.0,1021292144.0,1.63,-0.56,-0.009,6.08,eastmoney,qfq
2019-04-29,159915,创业板ETF易方达,1.589,1.549,1.594,1.541,9148151.0,1433020800.0,3.34,-2.52,-0.04,8.69,eastmoney,qfq
2019-04-30,159915,创业板ETF易方达,1.546,1.553,1.565,1.54,5226536.0,812501232.0,1.61,0.26,0.004,4.97,eastmoney,qfq
2019-05-06,159915,创业板ETF易方达,1.496,1.424,1.497,1.421,14214372.0,2081644688.0,4.89,-8.31,-0.129,13.51,eastmoney,qfq
2019-05-07,159915,创业板ETF易方达,1.442,1.438,1.46,1.413,9885604.0,1423184192.0,3.3,0.98,0.014,9.39,eastmoney,qfq
2019-05-08,159915,创业板ETF易方达,1.41,1.419,1.45,1.405,9481468.0,1353802800.0,3.13,-1.32,-0.019,9.01,eastmoney,qfq
2019-05-09,159915,创业板ETF易方达,1.41,1.409,1.429,1.405,8748632.0,1239228640.0,1.69,-0.7,-0.01,8.31,eastmoney,qfq
2019-05-10,159915,创业板ETF易方达,1.427,1.465,1.473,1.402,14321411.0,2069524656.0,5.04,3.97,0.056,13.61,eastmoney,qfq
2019-05-13,159915,创业板ETF易方达,1.448,1.441,1.457,1.43,7567192.0,1094202576.0,1.84,-1.64,-0.024,7.19,eastmoney,qfq
2019-05-14,159915,创业板ETF易方达,1.432,1.431,1.453,1.43,6841598.0,985784544.0,1.6,-0.69,-0.01,6.5,eastmoney,qfq
2019-05-15,159915,创业板ETF易方达,1.444,1.462,1.469,1.438,6691145.0,971895600.0,2.17,2.17,0.031,6.36,eastmoney,qfq
2019-05-16,159915,创业板ETF易方达,1.461,1.468,1.472,1.451,4649140.0,679623072.0,1.44,0.41,0.006,4.42,eastmoney,qfq
2019-05-17,159915,创业板ETF易方达,1.469,1.416,1.471,1.411,6313171.0,910441424.0,4.09,-3.54,-0.052,6.0,eastmoney,qfq
2019-05-20,159915,创业板ETF易方达,1.412,1.407,1.418,1.391,7550100.0,1058113184.0,1.91,-0.64,-0.009,7.17,eastmoney,qfq
2019-05-21,159915,创业板ETF易方达,1.409,1.43,1.441,1.405,6138078.0,874793584.0,2.56,1.63,0.023,5.83,eastmoney,qfq
2019-05-22,159915,创业板ETF易方达,1.428,1.427,1.44,1.415,4603943.0,656986160.0,1.75,-0.21,-0.003,4.37,eastmoney,qfq
2019-05-23,159915,创业板ETF易方达,1.42,1.392,1.422,1.389,7384027.0,1035834544.0,2.31,-2.45,-0.035,7.02,eastmoney,qfq
2019-05-24,159915,创业板ETF易方达,1.392,1.384,1.403,1.377,6699349.0,930957184.0,1.87,-0.57,-0.008,6.37,eastmoney,qfq
2019-05-27,159915,创业板ETF易方达,1.387,1.428,1.436,1.383,9692343.0,1368770592.0,3.83,3.18,0.044,9.21,eastmoney,qfq
2019-05-28,159915,创业板ETF易方达,1.431,1.432,1.442,1.421,7628804.0,1093672096.0,1.47,0.28,0.004,7.25,eastmoney,qfq
2019-05-29,159915,创业板ETF易方达,1.428,1.432,1.445,1.424,4738714.0,679872544.0,1.47,0.0,0.0,4.5,eastmoney,qfq
2019-05-30,159915,创业板ETF易方达,1.429,1.422,1.433,1.405,4886767.0,692734096.0,1.96,-0.7,-0.01,4.64,eastmoney,qfq
2019-05-31,159915,创业板ETF易方达,1.423,1.425,1.437,1.416,4686305.0,668795552.0,1.48,0.21,0.003,4.45,eastmoney,qfq
2019-06-03,159915,创业板ETF易方达,1.428,1.411,1.438,1.407,5187126.0,735971024.0,2.18,-0.98,-0.014,4.93,eastmoney,qfq
2019-06-04,159915,创业板ETF易方达,1.407,1.4,1.416,1.392,4956117.0,695336192.0,1.7,-0.78,-0.011,4.71,eastmoney,qfq
2019-06-05,159915,创业板ETF易方达,1.412,1.393,1.415,1.391,5331830.0,746679200.0,1.71,-0.5,-0.007,5.07,eastmoney,qfq
2019-06-06,159915,创业板ETF易方达,1.391,1.363,1.394,1.355,7860684.0,1078153888.0,2.8,-2.15,-0.03,7.47,eastmoney,qfq
2019-06-10,159915,创业板ETF易方达,1.364,1.376,1.383,1.356,5239492.0,718712464.0,1.98,0.95,0.013,4.98,eastmoney,qfq
2019-06-11,159915,创业板ETF易方达,1.374,1.43,1.432,1.373,9700598.0,1365339168.0,4.29,3.92,0.054,9.22,eastmoney,qfq
2019-06-12,159915,创业板ETF易方达,1.425,1.412,1.427,1.41,6898543.0,978373568.0,1.19,-1.26,-0.018,6.56,eastmoney,qfq
2019-06-13,159915,创业板ETF易方达,1.412,1.422,1.426,1.406,5511665.0,781136256.0,1.42,0.71,0.01,5.24,eastmoney,qfq
2019-06-14,159915,创业板ETF易方达,1.421,1.397,1.428,1.395,6190400.0,875068992.0,2.32,-1.76,-0.025,5.88,eastmoney,qfq
2019-06-17,159915,创业板ETF易方达,1.395,1.39,1.405,1.385,4243003.0,590340816.0,1.43,-0.5,-0.007,4.03,eastmoney,qfq
2019-06-18,159915,创业板ETF易方达,1.392,1.4,1.405,1.383,5047027.0,705262640.0,1.58,0.72,0.01,4.8,eastmoney,qfq
2019-06-19,159915,创业板ETF易方达,1.445,1.417,1.466,1.414,9636334.0,1378779392.0,3.71,1.21,0.017,9.16,eastmoney,qfq
2019-06-20,159915,创业板ETF易方达,1.415,1.442,1.454,1.41,9263345.0,1328203952.0,3.11,1.76,0.025,8.8,eastmoney,qfq
2019-06-21,159915,创业板ETF易方达,1.491,1.473,1.494,1.462,17858132.0,2634031392.0,2.22,2.15,0.031,16.97,eastmoney,qfq
2019-06-24,159915,创业板ETF易方达,1.467,1.46,1.47,1.453,6482214.0,946116240.0,1.15,-0.88,-0.013,6.16,eastmoney,qfq
2019-06-25,159915,创业板ETF易方达,1.458,1.442,1.458,1.426,6872718.0,988833648.0,2.19,-1.23,-0.018,6.53,eastmoney,qfq
2019-06-26,159915,创业板ETF易方达,1.433,1.448,1.455,1.431,5238257.0,757952016.0,1.66,0.42,0.006,4.98,eastmoney,qfq
2019-06-27,159915,创业板ETF易方达,1.45,1.469,1.473,1.45,7072723.0,1036596576.0,1.59,1.45,0.021,6.72,eastmoney,qfq
2019-06-28,159915,创业板ETF易方达,1.468,1.457,1.468,1.444,5867318.0,852765456.0,1.63,-0.82,-0.012,5.58,eastmoney,qfq
2019-07-01,159915,创业板ETF易方达,1.487,1.511,1.512,1.477,10139692.0,1517431216.0,2.4,3.71,0.054,9.64,eastmoney,qfq
2019-07-02,159915,创业板ETF易方达,1.506,1.511,1.518,1.503,4672655.0,706458784.0,0.99,0.0,0.0,4.44,eastmoney,qfq
2019-07-03,159915,创业板ETF易方达,1.506,1.488,1.506,1.482,4424900.0,660271616.0,1.59,-1.52,-0.023,4.2,eastmoney,qfq
2019-07-04,159915,创业板ETF易方达,1.489,1.476,1.494,1.469,4592315.0,679582800.0,1.68,-0.81,-0.012,4.36,eastmoney,qfq
2019-07-05,159915,创业板ETF易方达,1.475,1.492,1.496,1.474,4127200.0,613067440.0,1.49,1.08,0.016,3.92,eastmoney,qfq
2019-07-08,159915,创业板ETF易方达,1.488,1.45,1.488,1.439,5890928.0,859786624.0,3.28,-2.82,-0.042,5.6,eastmoney,qfq
2019-07-09,159915,创业板ETF易方达,1.45,1.462,1.467,1.447,3937260.0,573417664.0,1.38,0.83,0.012,3.74,eastmoney,qfq
2019-07-10,159915,创业板ETF易方达,1.465,1.456,1.468,1.45,2845376.0,415331216.0,1.23,-0.41,-0.006,2.7,eastmoney,qfq
2019-07-11,159915,创业板ETF易方达,1.464,1.458,1.476,1.452,3230504.0,473267056.0,1.65,0.14,0.002,3.07,eastmoney,qfq
2019-07-12,159915,创业板ETF易方达,1.458,1.465,1.472,1.451,3135137.0,458763776.0,1.44,0.48,0.007,2.98,eastmoney,qfq
2019-07-15,159915,创业板ETF易方达,1.458,1.489,1.502,1.441,9985541.0,1478474000.0,4.16,1.64,0.024,9.49,eastmoney,qfq
2019-07-16,159915,创业板ETF易方达,1.486,1.489,1.494,1.481,4182161.0,622033664.0,0.87,0.0,0.0,3.97,eastmoney,qfq
2019-07-17,159915,创业板ETF易方达,1.486,1.492,1.505,1.483,4401301.0,658665168.0,1.48,0.2,0.003,4.18,eastmoney,qfq
2019-07-18,159915,创业板ETF易方达,1.486,1.47,1.487,1.469,3488065.0,515231776.0,1.21,-1.47,-0.022,3.31,eastmoney,qfq
2019-07-19,159915,创业板ETF易方达,1.473,1.486,1.497,1.473,6410550.0,953352416.0,1.63,1.09,0.016,6.09,eastmoney,qfq
2019-07-22,159915,创业板ETF易方达,1.488,1.461,1.491,1.453,4944706.0,726277936.0,2.56,-1.68,-0.025,4.7,eastmoney,qfq
2019-07-23,159915,创业板ETF易方达,1.46,1.481,1.481,1.46,3961668.0,582821824.0,1.44,1.37,0.02,3.76,eastmoney,qfq
2019-07-24,159915,创业板ETF易方达,1.483,1.498,1.506,1.482,4515358.0,675722800.0,1.62,1.15,0.017,4.29,eastmoney,qfq
2019-07-25,159915,创业板ETF易方达,1.493,1.506,1.511,1.493,3899024.0,585696752.0,1.2,0.53,0.008,3.71,eastmoney,qfq
2019-07-26,159915,创业板ETF易方达,1.502,1.506,1.508,1.495,3513603.0,527726784.0,0.86,0.0,0.0,3.34,eastmoney,qfq
2019-07-29,159915,创业板ETF易方达,1.504,1.509,1.509,1.497,2813804.0,423169440.0,0.8,0.2,0.003,2.67,eastmoney,qfq
2019-07-30,159915,创业板ETF易方达,1.508,1.522,1.536,1.506,4907746.0,748047360.0,1.99,0.86,0.013,4.66,eastmoney,qfq
2019-07-31,159915,创业板ETF易方达,1.515,1.512,1.521,1.51,3849937.0,583207168.0,0.72,-0.66,-0.01,3.66,eastmoney,qfq
2019-08-01,159915,创业板ETF易方达,1.506,1.516,1.52,1.502,4069486.0,615624720.0,1.19,0.26,0.004,3.87,eastmoney,qfq
2019-08-02,159915,创业板ETF易方达,1.486,1.501,1.504,1.481,5367036.0,800549968.0,1.52,-0.99,-0.015,5.1,eastmoney,qfq
2019-08-05,159915,创业板ETF易方达,1.495,1.473,1.509,1.472,4401574.0,656190800.0,2.47,-1.87,-0.028,4.18,eastmoney,qfq
2019-08-06,159915,创业板ETF易方达,1.445,1.451,1.462,1.423,7338107.0,1059788336.0,2.65,-1.49,-0.022,6.97,eastmoney,qfq
2019-08-07,159915,创业板ETF易方达,1.462,1.447,1.467,1.446,3691314.0,537946784.0,1.45,-0.28,-0.004,3.51,eastmoney,qfq
2019-08-08,159915,创业板ETF易方达,1.452,1.468,1.47,1.452,2961218.0,432946672.0,1.24,1.45,0.021,2.81,eastmoney,qfq
2019-08-09,159915,创业板ETF易方达,1.474,1.45,1.48,1.449,3209958.0,469676784.0,2.11,-1.23,-0.018,3.05,eastmoney,qfq
2019-08-12,159915,创业板ETF易方达,1.457,1.486,1.486,1.452,3188297.0,467704160.0,2.34,2.48,0.036,3.03,eastmoney,qfq
2019-08-13,159915,创业板ETF易方达,1.473,1.47,1.479,1.463,2760235.0,405821664.0,1.08,-1.08,-0.016,2.62,eastmoney,qfq
2019-08-14,159915,创业板ETF易方达,1.488,1.477,1.494,1.476,4427788.0,657758896.0,1.22,0.48,0.007,4.21,eastmoney,qfq
2019-08-15,159915,创业板ETF易方达,1.459,1.498,1.5,1.451,5458580.0,807305568.0,3.32,1.42,0.021,5.19,eastmoney,qfq
2019-08-16,159915,创业板ETF易方达,1.497,1.512,1.527,1.491,5520390.0,834130064.0,2.4,0.93,0.014,5.25,eastmoney,qfq
2019-08-19,159915,创业板ETF易方达,1.528,1.568,1.573,1.524,8078877.0,1250126496.0,3.24,3.7,0.056,7.68,eastmoney,qfq
2019-08-20,159915,创业板ETF易方达,1.565,1.553,1.571,1.549,5533235.0,862848896.0,1.4,-0.96,-0.015,5.26,eastmoney,qfq
2019-08-21,159915,创业板ETF易方达,1.55,1.549,1.557,1.545,4321600.0,670373776.0,0.77,-0.26,-0.004,4.11,eastmoney,qfq
2019-08-22,159915,创业板ETF易方达,1.553,1.554,1.556,1.539,3956921.0,612815904.0,1.1,0.32,0.005,3.76,eastmoney,qfq
2019-08-23,159915,创业板ETF易方达,1.553,1.555,1.563,1.544,3747349.0,582706208.0,1.22,0.06,0.001,3.56,eastmoney,qfq
2019-08-26,159915,创业板ETF易方达,1.54,1.54,1.549,1.529,4701494.0,724143264.0,1.29,-0.96,-0.015,4.47,eastmoney,qfq
2019-08-27,159915,创业板ETF易方达,1.549,1.567,1.586,1.548,7877236.0,1235914880.0,2.47,1.75,0.027,7.49,eastmoney,qfq
2019-08-28,159915,创业板ETF易方达,1.566,1.565,1.572,1.555,3786104.0,591739616.0,1.08,-0.13,-0.002,3.6,eastmoney,qfq
2019-08-29,159915,创业板ETF易方达,1.566,1.558,1.573,1.557,3319307.0,518872176.0,1.02,-0.45,-0.007,3.15,eastmoney,qfq
2019-08-30,159915,创业板ETF易方达,1.569,1.549,1.577,1.541,4498853.0,701180672.0,2.31,-0.58,-0.009,4.28,eastmoney,qfq
2019-09-02,159915,创业板ETF易方达,1.55,1.592,1.595,1.55,4827259.0,760787344.0,2.91,2.78,0.043,4.59,eastmoney,qfq
2019-09-03,159915,创业板ETF易方达,1.592,1.595,1.6,1.585,3522885.0,561098784.0,0.94,0.19,0.003,3.35,eastmoney,qfq
2019-09-04,159915,创业板ETF易方达,1.595,1.607,1.609,1.587,3824705.0,610907616.0,1.38,0.75,0.012,3.63,eastmoney,qfq
2019-09-05,159915,创业板ETF易方达,1.618,1.627,1.647,1.618,5320689.0,869088848.0,1.8,1.24,0.02,5.06,eastmoney,qfq
2019-09-06,159915,创业板ETF易方达,1.634,1.631,1.637,1.611,4064147.0,660451216.0,1.6,0.25,0.004,3.86,eastmoney,qfq
2019-09-09,159915,创业板ETF易方达,1.639,1.67,1.672,1.628,6398893.0,1054795856.0,2.7,2.39,0.039,6.08,eastmoney,qfq
2019-09-10,159915,创业板ETF易方达,1.666,1.661,1.67,1.65,3870489.0,643004592.0,1.2,-0.54,-0.009,3.68,eastmoney,qfq
2019-09-11,159915,创业板ETF易方达,1.665,1.638,1.67,1.636,4100106.0,676492944.0,2.05,-1.38,-0.023,3.9,eastmoney,qfq
2019-09-12,159915,创业板ETF易方达,1.647,1.646,1.649,1.632,3018324.0,495634832.0,1.04,0.49,0.008,2.87,eastmoney,qfq
2019-09-16,159915,创业板ETF易方达,1.649,1.65,1.658,1.639,3765306.0,621110352.0,1.15,0.24,0.004,3.58,eastmoney,qfq
2019-09-17,159915,创业板ETF易方达,1.646,1.618,1.646,1.609,4812616.0,781250288.0,2.24,-1.94,-0.032,4.57,eastmoney,qfq
2019-09-18,159915,创业板ETF易方达,1.618,1.617,1.624,1.607,3566637.0,575953632.0,1.05,-0.06,-0.001,3.39,eastmoney,qfq
2019-09-19,159915,创业板ETF易方达,1.62,1.642,1.646,1.612,4658412.0,758063904.0,2.1,1.55,0.025,4.43,eastmoney,qfq
2019-09-20,159915,创业板ETF易方达,1.643,1.638,1.652,1.637,3669839.0,602897504.0,0.91,-0.24,-0.004,3.49,eastmoney,qfq
2019-09-23,159915,创业板ETF易方达,1.635,1.62,1.635,1.607,3751128.0,606485696.0,1.71,-1.1,-0.018,3.56,eastmoney,qfq
2019-09-24,159915,创业板ETF易方达,1.619,1.629,1.642,1.614,4424661.0,721217712.0,1.73,0.56,0.009,4.2,eastmoney,qfq
2019-09-25,159915,创业板ETF易方达,1.62,1.611,1.625,1.608,3200008.0,517019616.0,1.04,-1.1,-0.018,3.04,eastmoney,qfq
2019-09-26,159915,创业板ETF易方达,1.615,1.561,1.617,1.56,5311699.0,840824880.0,3.54,-3.1,-0.05,5.05,eastmoney,qfq
2019-09-27,159915,创业板ETF易方达,1.562,1.587,1.59,1.561,4290942.0,677400704.0,1.86,1.67,0.026,4.08,eastmoney,qfq
2019-09-30,159915,创业板ETF易方达,1.585,1.57,1.59,1.565,2764847.0,435864752.0,1.58,-1.07,-0.017,2.63,eastmoney,qfq
2019-10-08,159915,创业板ETF易方达,1.571,1.556,1.577,1.554,2594176.0,406277456.0,1.46,-0.89,-0.014,2.47,eastmoney,qfq
2019-10-09,159915,创业板ETF易方达,1.549,1.561,1.563,1.543,4016334.0,623226960.0,1.29,0.32,0.005,3.82,eastmoney,qfq
2019-10-10,159915,创业板ETF易方达,1.568,1.604,1.606,1.563,5988881.0,950547664.0,2.75,2.75,0.043,5.69,eastmoney,qfq
2019-10-11,159915,创业板ETF易方达,1.605,1.606,1.615,1.592,4350439.0,697988480.0,1.43,0.12,0.002,4.13,eastmoney,qfq
2019-10-14,159915,创业板ETF易方达,1.615,1.617,1.63,1.611,3385188.0,548329008.0,1.18,0.68,0.011,3.22,eastmoney,qfq
2019-10-15,159915,创业板ETF易方达,1.613,1.597,1.614,1.596,2197397.0,352196400.0,1.11,-1.24,-0.02,2.09,eastmoney,qfq
2019-10-16,159915,创业板ETF易方达,1.602,1.592,1.61,1.592,4147055.0,664018016.0,1.13,-0.31,-0.005,3.94,eastmoney,qfq
2019-10-17,159915,创业板ETF易方达,1.594,1.595,1.602,1.591,3136873.0,500440544.0,0.69,0.19,0.003,2.98,eastmoney,qfq
2019-10-18,159915,创业板ETF易方达,1.6,1.589,1.613,1.582,3674190.0,587484304.0,1.94,-0.38,-0.006,3.49,eastmoney,qfq
2019-10-21,159915,创业板ETF易方达,1.588,1.585,1.591,1.57,3705058.0,585581488.0,1.32,-0.25,-0.004,3.52,eastmoney,qfq
2019-10-22,159915,创业板ETF易方达,1.587,1.606,1.606,1.585,3832288.0,611910768.0,1.32,1.32,0.021,3.64,eastmoney,qfq
2019-10-23,159915,创业板ETF易方达,1.608,1.589,1.61,1.587,2793496.0,446274976.0,1.43,-1.06,-0.017,2.65,eastmoney,qfq
2019-10-24,159915,创业板ETF易方达,1.59,1.593,1.6,1.581,2457897.0,391136576.0,1.2,0.25,0.004,2.34,eastmoney,qfq
2019-10-25,159915,创业板ETF易方达,1.593,1.616,1.616,1.586,4207127.0,674647392.0,1.88,1.44,0.023,4.0,eastmoney,qfq
2019-10-28,159915,创业板ETF易方达,1.63,1.646,1.646,1.622,4466011.0,730058992.0,1.49,1.86,0.03,4.24,eastmoney,qfq
2019-10-29,159915,创业板ETF易方达,1.642,1.624,1.643,1.622,3370282.0,550829072.0,1.28,-1.34,-0.022,3.2,eastmoney,qfq
2019-10-30,159915,创业板ETF易方达,1.623,1.619,1.627,1.609,2403905.0,389210560.0,1.11,-0.31,-0.005,2.28,eastmoney,qfq
2019-10-31,159915,创业板ETF易方达,1.624,1.608,1.63,1.607,2975355.0,481495104.0,1.42,-0.68,-0.011,2.83,eastmoney,qfq
2019-11-01,159915,创业板ETF易方达,1.609,1.625,1.628,1.602,3038283.0,491396096.0,1.62,1.06,0.017,2.89,eastmoney,qfq
2019-11-04,159915,创业板ETF易方达,1.624,1.634,1.643,1.624,3533228.0,577725840.0,1.17,0.55,0.009,3.36,eastmoney,qfq
2019-11-05,159915,创业板ETF易方达,1.637,1.649,1.655,1.631,3419151.0,562183184.0,1.47,0.92,0.015,3.25,eastmoney,qfq
2019-11-06,159915,创业板ETF易方达,1.652,1.638,1.655,1.632,2705177.0,445166160.0,1.39,-0.67,-0.011,2.57,eastmoney,qfq
2019-11-07,159915,创业板ETF易方达,1.634,1.651,1.66,1.632,2911937.0,480363696.0,1.71,0.79,0.013,2.77,eastmoney,qfq
2019-11-08,159915,创业板ETF易方达,1.655,1.645,1.666,1.645,3624055.0,600012096.0,1.27,-0.36,-0.006,3.44,eastmoney,qfq
2019-11-11,159915,创业板ETF易方达,1.641,1.61,1.641,1.609,2716840.0,440940704.0,1.95,-2.13,-0.035,2.58,eastmoney,qfq
2019-11-12,159915,创业板ETF易方达,1.61,1.611,1.616,1.593,2783940.0,446876480.0,1.43,0.06,0.001,2.65,eastmoney,qfq
2019-11-13,159915,创业板ETF易方达,1.608,1.62,1.621,1.604,2530968.0,408310128.0,1.06,0.56,0.009,2.41,eastmoney,qfq
2019-11-14,159915,创业板ETF易方达,1.619,1.63,1.634,1.616,2018536.0,327966832.0,1.11,0.62,0.01,1.92,eastmoney,qfq
2019-11-15,159915,创业板ETF易方达,1.626,1.614,1.632,1.614,2049131.0,332186944.0,1.1,-0.98,-0.016,1.95,eastmoney,qfq
2019-11-18,159915,创业板ETF易方达,1.613,1.621,1.623,1.603,2092688.0,337860864.0,1.24,0.43,0.007,1.99,eastmoney,qfq
2019-11-19,159915,创业板ETF易方达,1.62,1.666,1.666,1.618,4776529.0,788222848.0,2.96,2.78,0.045,4.54,eastmoney,qfq
2019-11-20,159915,创业板ETF易方达,1.664,1.655,1.679,1.654,3802885.0,634036656.0,1.5,-0.66,-0.011,3.61,eastmoney,qfq
2019-11-21,159915,创业板ETF易方达,1.65,1.65,1.663,1.643,2287551.0,377737008.0,1.21,-0.3,-0.005,2.17,eastmoney,qfq
2019-11-22,159915,创业板ETF易方达,1.653,1.614,1.672,1.608,5089391.0,832603952.0,3.88,-2.18,-0.036,4.84,eastmoney,qfq
2019-11-25,159915,创业板ETF易方达,1.616,1.599,1.619,1.591,3422679.0,547441024.0,1.73,-0.93,-0.015,3.25,eastmoney,qfq
2019-11-26,159915,创业板ETF易方达,1.603,1.608,1.617,1.596,3142161.0,505140336.0,1.31,0.56,0.009,2.99,eastmoney,qfq
2019-11-27,159915,创业板ETF易方达,1.605,1.611,1.622,1.594,2636920.0,424397584.0,1.74,0.19,0.003,2.51,eastmoney,qfq
2019-11-28,159915,创业板ETF易方达,1.608,1.611,1.62,1.605,1745429.0,281463776.0,0.93,0.0,0.0,1.66,eastmoney,qfq
2019-11-29,159915,创业板ETF易方达,1.608,1.6,1.61,1.585,2550212.0,407518784.0,1.55,-0.68,-0.011,2.42,eastmoney,qfq
2019-12-02,159915,创业板ETF易方达,1.605,1.606,1.618,1.601,2158416.0,347145408.0,1.06,0.38,0.006,2.05,eastmoney,qfq
2019-12-03,159915,创业板ETF易方达,1.6,1.613,1.613,1.586,2610192.0,417574912.0,1.68,0.44,0.007,2.48,eastmoney,qfq
2019-12-04,159915,创业板ETF易方达,1.606,1.612,1.62,1.602,2144555.0,345616192.0,1.12,-0.06,-0.001,2.04,eastmoney,qfq
2019-12-05,159915,创业板ETF易方达,1.615,1.648,1.65,1.615,3982671.0,651809840.0,2.17,2.23,0.036,3.78,eastmoney,qfq
2019-12-06,159915,创业板ETF易方达,1.646,1.662,1.662,1.641,2885881.0,476840768.0,1.27,0.85,0.014,2.74,eastmoney,qfq
2019-12-09,159915,创业板ETF易方达,1.667,1.656,1.669,1.65,2760774.0,457341264.0,1.14,-0.36,-0.006,2.62,eastmoney,qfq
2019-12-10,159915,创业板ETF易方达,1.651,1.67,1.67,1.645,2450735.0,406620432.0,1.51,0.85,0.014,2.33,eastmoney,qfq
2019-12-11,159915,创业板ETF易方达,1.667,1.653,1.669,1.649,2075743.0,344015136.0,1.2,-1.02,-0.017,1.97,eastmoney,qfq
2019-12-12,159915,创业板ETF易方达,1.651,1.657,1.668,1.651,2223151.0,369197088.0,1.03,0.24,0.004,2.11,eastmoney,qfq
2019-12-13,159915,创业板ETF易方达,1.67,1.693,1.695,1.667,4539326.0,763312320.0,1.69,2.17,0.036,4.31,eastmoney,qfq
2019-12-16,159915,创业板ETF易方达,1.693,1.715,1.716,1.686,3814064.0,649084592.0,1.77,1.3,0.022,3.62,eastmoney,qfq
2019-12-17,159915,创业板ETF易方达,1.715,1.738,1.741,1.713,4637689.0,802963008.0,1.63,1.34,0.023,4.41,eastmoney,qfq
2019-12-18,159915,创业板ETF易方达,1.734,1.725,1.739,1.721,2533072.0,438241664.0,1.04,-0.75,-0.013,2.41,eastmoney,qfq
2019-12-19,159915,创业板ETF易方达,1.725,1.724,1.73,1.714,2644836.0,455270864.0,0.93,-0.06,-0.001,2.51,eastmoney,qfq
2019-12-20,159915,创业板ETF易方达,1.724,1.708,1.73,1.705,2538238.0,435005296.0,1.45,-0.93,-0.016,2.41,eastmoney,qfq
2019-12-23,159915,创业板ETF易方达,1.703,1.671,1.708,1.667,3759545.0,635116960.0,2.4,-2.17,-0.037,3.57,eastmoney,qfq
2019-12-24,159915,创业板ETF易方达,1.676,1.704,1.706,1.675,3113619.0,525817088.0,1.86,1.97,0.033,2.96,eastmoney,qfq
2019-12-25,159915,创业板ETF易方达,1.7,1.718,1.719,1.697,2729869.0,466617984.0,1.29,0.82,0.014,2.59,eastmoney,qfq
2019-12-26,159915,创业板ETF易方达,1.716,1.726,1.727,1.711,2152210.0,370131872.0,0.93,0.47,0.008,2.05,eastmoney,qfq
2019-12-27,159915,创业板ETF易方达,1.728,1.698,1.737,1.698,3015341.0,518302672.0,2.26,-1.62,-0.028,2.87,eastmoney,qfq
2019-12-30,159915,创业板ETF易方达,1.695,1.727,1.727,1.684,2693595.0,461047328.0,2.53,1.71,0.029,2.56,eastmoney,qfq
2019-12-31,159915,创业板ETF易方达,1.72,1.73,1.736,1.718,3051085.0,527289200.0,1.04,0.17,0.003,2.9,eastmoney,qfq
2020-01-02,159915,创业板ETF易方达,1.743,1.765,1.771,1.731,3380825.0,593821312.0,2.31,2.02,0.035,3.21,eastmoney,qfq
2020-01-03,159915,创业板ETF易方达,1.766,1.764,1.774,1.751,2746860.0,484657152.0,1.3,-0.06,-0.001,2.61,eastmoney,qfq
2020-01-06,159915,创业板ETF易方达,1.756,1.788,1.806,1.753,4166992.0,744384656.0,3.0,1.36,0.024,3.96,eastmoney,qfq
2020-01-07,159915,创业板ETF易方达,1.792,1.822,1.823,1.792,3945590.0,713661488.0,1.73,1.9,0.034,3.75,eastmoney,qfq
2020-01-08,159915,创业板ETF易方达,1.808,1.792,1.822,1.789,4959107.0,894926576.0,1.81,-1.65,-0.03,4.71,eastmoney,qfq
2020-01-09,159915,创业板ETF易方达,1.811,1.839,1.842,1.811,4475689.0,818555088.0,1.73,2.62,0.047,4.25,eastmoney,qfq
2020-01-10,159915,创业板ETF易方达,1.847,1.831,1.847,1.821,3546451.0,650123952.0,1.41,-0.44,-0.008,3.37,eastmoney,qfq
2020-01-13,159915,创业板ETF易方达,1.834,1.862,1.862,1.82,4400772.0,812006320.0,2.29,1.69,0.031,4.18,eastmoney,qfq
2020-01-14,159915,创业板ETF易方达,1.864,1.85,1.871,1.849,3806680.0,707363696.0,1.18,-0.64,-0.012,3.62,eastmoney,qfq
2020-01-15,159915,创业板ETF易方达,1.848,1.847,1.856,1.829,2627883.0,484326112.0,1.46,-0.16,-0.003,2.5,eastmoney,qfq
2020-01-16,159915,创业板ETF易方达,1.851,1.856,1.863,1.842,2703073.0,501536384.0,1.14,0.49,0.009,2.57,eastmoney,qfq
2020-01-17,159915,创业板ETF易方达,1.861,1.858,1.874,1.853,2991225.0,557328144.0,1.13,0.11,0.002,2.84,eastmoney,qfq
2020-01-20,159915,创业板ETF易方达,1.862,1.905,1.911,1.861,4151555.0,785167600.0,2.69,2.53,0.047,3.95,eastmoney,qfq
2020-01-21,159915,创业板ETF易方达,1.9,1.892,1.911,1.881,5334019.0,1010621920.0,1.57,-0.68,-0.013,5.07,eastmoney,qfq
2020-01-22,159915,创业板ETF易方达,1.882,1.918,1.93,1.852,4902213.0,925446976.0,4.12,1.37,0.026,4.66,eastmoney,qfq
2020-01-23,159915,创业板ETF易方达,1.892,1.853,1.918,1.829,6523279.0,1220349856.0,4.64,-3.39,-0.065,6.2,eastmoney,qfq
2020-02-03,159915,创业板ETF易方达,1.67,1.708,1.766,1.669,10226280.0,1759930592.0,5.23,-7.83,-0.145,9.72,eastmoney,qfq
2020-02-04,159915,创业板ETF易方达,1.716,1.816,1.82,1.715,6955576.0,1239347232.0,6.15,6.32,0.108,6.61,eastmoney,qfq
2020-02-05,159915,创业板ETF易方达,1.833,1.871,1.896,1.818,6230238.0,1159567344.0,4.3,3.03,0.055,5.92,eastmoney,qfq
2020-02-06,159915,创业板ETF易方达,1.855,1.93,1.94,1.836,7059755.0,1340342448.0,5.56,3.15,0.059,6.71,eastmoney,qfq
2020-02-07,159915,创业板ETF易方达,1.932,1.94,1.949,1.9,5020758.0,968173696.0,2.54,0.52,0.01,4.77,eastmoney,qfq
2020-02-10,159915,创业板ETF易方达,1.938,1.961,1.966,1.924,4377523.0,853349840.0,2.16,1.08,0.021,4.16,eastmoney,qfq
2020-02-11,159915,创业板ETF易方达,1.964,1.947,1.964,1.935,2771379.0,540477056.0,1.48,-0.71,-0.014,2.63,eastmoney,qfq
2020-02-12,159915,创业板ETF易方达,1.943,2.006,2.012,1.939,3942707.0,782098800.0,3.75,3.03,0.059,3.75,eastmoney,qfq
2020-02-13,159915,创业板ETF易方达,2.005,1.988,2.01,1.971,4268443.0,849396208.0,1.94,-0.9,-0.018,4.06,eastmoney,qfq
2020-02-14,159915,创业板ETF易方达,1.983,1.987,2.022,1.965,3383130.0,675301616.0,2.87,-0.05,-0.001,3.21,eastmoney,qfq
2020-02-17,159915,创业板ETF易方达,2.005,2.071,2.071,2.004,6896795.0,1411302160.0,3.37,4.23,0.084,6.55,eastmoney,qfq
2020-02-18,159915,创业板ETF易方达,2.072,2.09,2.09,2.05,7042729.0,1461049104.0,1.93,0.92,0.019,6.69,eastmoney,qfq
2020-02-19,159915,创业板ETF易方达,2.08,2.054,2.087,2.052,5724038.0,1184645184.0,1.67,-1.72,-0.036,5.44,eastmoney,qfq
2020-02-20,159915,创业板ETF易方达,2.062,2.105,2.118,2.056,5648539.0,1179806160.0,3.02,2.48,0.051,5.37,eastmoney,qfq
2020-02-21,159915,创业板ETF易方达,2.1,2.145,2.162,2.092,5337413.0,1138639744.0,3.33,1.9,0.04,5.07,eastmoney,qfq
2020-02-24,159915,创业板ETF易方达,2.137,2.178,2.185,2.127,5040842.0,1086958000.0,2.7,1.54,0.033,4.79,eastmoney,qfq
2020-02-25,159915,创业板ETF易方达,2.145,2.195,2.21,2.082,7141842.0,1540210400.0,5.88,0.78,0.017,6.79,eastmoney,qfq
2020-02-26,159915,创业板ETF易方达,2.162,2.102,2.176,2.086,6436770.0,1371540256.0,4.1,-4.24,-0.093,6.12,eastmoney,qfq
2020-02-27,159915,创业板ETF易方达,2.111,2.111,2.148,2.076,7620196.0,1609806400.0,3.43,0.43,0.009,7.24,eastmoney,qfq
2020-02-28,159915,创业板ETF易方达,2.041,1.995,2.074,1.985,11449503.0,2320203312.0,4.22,-5.5,-0.116,10.88,eastmoney,qfq
2020-03-02,159915,创业板ETF易方达,2.026,2.054,2.071,1.999,6409490.0,1304480320.0,3.61,2.96,0.059,6.09,eastmoney,qfq
2020-03-03,159915,创业板ETF易方达,2.101,2.092,2.155,2.066,7589350.0,1604280864.0,4.33,1.85,0.038,7.21,eastmoney,qfq
2020-03-04,159915,创业板ETF易方达,2.077,2.088,2.097,2.04,4468505.0,924792448.0,2.72,-0.19,-0.004,4.25,eastmoney,qfq
2020-03-05,159915,创业板ETF易方达,2.121,2.121,2.131,2.09,5371268.0,1134560352.0,1.96,1.58,0.033,5.1,eastmoney,qfq
2020-03-06,159915,创业板ETF易方达,2.09,2.111,2.14,2.087,2909523.0,614750208.0,2.5,-0.47,-0.01,2.76,eastmoney,qfq
2020-03-09,159915,创业板ETF易方达,2.068,2.013,2.09,2.011,4246042.0,868558240.0,3.74,-4.64,-0.098,4.03,eastmoney,qfq
2020-03-10,159915,创业板ETF易方达,2.016,2.063,2.068,1.974,6367022.0,1291227936.0,4.67,2.48,0.05,6.05,eastmoney,qfq
2020-03-11,159915,创业板ETF易方达,2.07,2.024,2.078,2.017,4429573.0,906930144.0,2.96,-1.89,-0.039,4.21,eastmoney,qfq
2020-03-12,159915,创业板ETF易方达,1.996,1.971,1.998,1.948,4160470.0,820946976.0,2.47,-2.62,-0.053,3.95,eastmoney,qfq
2020-03-13,159915,创业板ETF易方达,1.895,1.952,1.978,1.85,8280712.0,1584748400.0,6.49,-0.96,-0.019,7.87,eastmoney,qfq
2020-03-16,159915,创业板ETF易方达,1.953,1.832,1.96,1.83,6293171.0,1191112096.0,6.66,-6.15,-0.12,5.98,eastmoney,qfq
2020-03-17,159915,创业板ETF易方达,1.863,1.842,1.886,1.776,8537147.0,1563509728.0,6.0,0.55,0.01,8.11,eastmoney,qfq
2020-03-18,159915,创业板ETF易方达,1.86,1.818,1.907,1.816,8089588.0,1512016752.0,4.94,-1.3,-0.024,7.69,eastmoney,qfq
2020-03-19,159915,创业板ETF易方达,1.833,1.825,1.839,1.768,11112669.0,2007773584.0,3.91,0.39,0.007,10.56,eastmoney,qfq
2020-03-20,159915,创业板ETF易方达,1.847,1.847,1.854,1.805,7362102.0,1351892032.0,2.68,1.21,0.022,7.0,eastmoney,qfq
2020-03-23,159915,创业板ETF易方达,1.79,1.761,1.816,1.75,7333947.0,1305813920.0,3.57,-4.66,-0.086,6.97,eastmoney,qfq
2020-03-24,159915,创业板ETF易方达,1.797,1.806,1.81,1.748,7895146.0,1410852880.0,3.52,2.56,0.045,7.5,eastmoney,qfq
2020-03-25,159915,创业板ETF易方达,1.845,1.86,1.867,1.833,8801155.0,1630786976.0,1.88,2.99,0.054,8.36,eastmoney,qfq
2020-03-26,159915,创业板ETF易方达,1.845,1.853,1.874,1.841,4843137.0,900324464.0,1.77,-0.38,-0.007,4.6,eastmoney,qfq
2020-03-27,159915,创业板ETF易方达,1.878,1.83,1.882,1.828,6472183.0,1197067632.0,2.91,-1.24,-0.023,6.15,eastmoney,qfq
2020-03-30,159915,创业板ETF易方达,1.807,1.791,1.808,1.762,6321042.0,1128069456.0,2.51,-2.13,-0.039,6.01,eastmoney,qfq
2020-03-31,159915,创业板ETF易方达,1.805,1.795,1.813,1.79,4280000.0,771482304.0,1.28,0.22,0.004,4.07,eastmoney,qfq
2020-04-01,159915,创业板ETF易方达,1.798,1.792,1.829,1.79,3974344.0,718993776.0,2.17,-0.17,-0.003,3.78,eastmoney,qfq
2020-04-02,159915,创业板ETF易方达,1.786,1.844,1.845,1.784,6213602.0,1125309792.0,3.4,2.9,0.052,5.9,eastmoney,qfq
2020-04-03,159915,创业板ETF易方达,1.834,1.834,1.854,1.825,4144941.0,762594144.0,1.57,-0.54,-0.01,3.94,eastmoney,qfq
2020-04-07,159915,创业板ETF易方达,1.871,1.894,1.898,1.866,6965575.0,1312190880.0,1.74,3.27,0.06,6.62,eastmoney,qfq
2020-04-08,159915,创业板ETF易方达,1.886,1.89,1.901,1.879,2979424.0,562745120.0,1.16,-0.21,-0.004,2.83,eastmoney,qfq
2020-04-09,159915,创业板ETF易方达,1.905,1.921,1.925,1.896,4690481.0,897401392.0,1.53,1.64,0.031,4.46,eastmoney,qfq
2020-04-10,159915,创业板ETF易方达,1.921,1.877,1.921,1.868,3888827.0,735521440.0,2.76,-2.29,-0.044,3.7,eastmoney,qfq
2020-04-13,159915,创业板ETF易方达,1.872,1.853,1.872,1.84,3488667.0,645264336.0,1.7,-1.28,-0.024,3.32,eastmoney,qfq
2020-04-14,159915,创业板ETF易方达,1.862,1.909,1.91,1.856,4850910.0,914603648.0,2.91,3.02,0.056,4.61,eastmoney,qfq
2020-04-15,159915,创业板ETF易方达,1.911,1.899,1.927,1.899,3916733.0,749693136.0,1.47,-0.52,-0.01,3.72,eastmoney,qfq
2020-04-16,159915,创业板ETF易方达,1.893,1.932,1.938,1.891,3436599.0,659893808.0,2.47,1.74,0.033,3.27,eastmoney,qfq
2020-04-17,159915,创业板ETF易方达,1.948,1.943,1.969,1.936,4235499.0,827242032.0,1.71,0.57,0.011,4.02,eastmoney,qfq
2020-04-20,159915,创业板ETF易方达,1.945,1.969,1.969,1.94,2338526.0,457862512.0,1.49,1.34,0.026,2.22,eastmoney,qfq
2020-04-21,159915,创业板ETF易方达,1.96,1.949,1.96,1.92,3205774.0,622482688.0,2.03,-1.02,-0.02,3.05,eastmoney,qfq
2020-04-22,159915,创业板ETF易方达,1.932,1.967,1.967,1.927,3221094.0,627374192.0,2.05,0.92,0.018,3.06,eastmoney,qfq
2020-04-23,159915,创业板ETF易方达,1.97,1.951,1.978,1.947,3127959.0,613241024.0,1.58,-0.81,-0.016,2.97,eastmoney,qfq
2020-04-24,159915,创业板ETF易方达,1.951,1.93,1.959,1.921,2489550.0,482010976.0,1.95,-1.08,-0.021,2.37,eastmoney,qfq
2020-04-27,159915,创业板ETF易方达,1.938,1.939,1.957,1.919,3320566.0,645358320.0,1.97,0.47,0.009,3.16,eastmoney,qfq
2020-04-28,159915,创业板ETF易方达,1.947,1.951,1.969,1.89,4469275.0,865921536.0,4.07,0.62,0.012,4.25,eastmoney,qfq
2020-04-29,159915,创业板ETF易方达,1.943,1.952,1.973,1.94,3560957.0,696005744.0,1.69,0.05,0.001,3.38,eastmoney,qfq
2020-04-30,159915,创业板ETF易方达,1.964,1.993,1.999,1.96,4117361.0,817442896.0,2.0,2.1,0.041,3.91,eastmoney,qfq
2020-05-06,159915,创业板ETF易方达,1.98,2.029,2.032,1.974,3677676.0,737917200.0,2.91,1.81,0.036,3.49,eastmoney,qfq
2020-05-07,159915,创业板ETF易方达,2.03,2.025,2.035,2.014,2659351.0,538456240.0,1.03,-0.2,-0.004,2.53,eastmoney,qfq
2020-05-08,159915,创业板ETF易方达,2.035,2.042,2.058,2.033,3043404.0,622569008.0,1.23,0.84,0.017,2.89,eastmoney,qfq
2020-05-11,159915,创业板ETF易方达,2.054,2.024,2.057,2.01,3723830.0,755905408.0,2.3,-0.88,-0.018,3.54,eastmoney,qfq
2020-05-12,159915,创业板ETF易方达,2.021,2.043,2.045,2.012,2733098.0,554753040.0,1.63,0.94,0.019,2.6,eastmoney,qfq
2020-05-13,159915,创业板ETF易方达,2.033,2.058,2.063,2.033,2285287.0,468032256.0,1.47,0.73,0.015,2.17,eastmoney,qfq
2020-05-14,159915,创业板ETF易方达,2.047,2.036,2.058,2.035,2417094.0,494059216.0,1.12,-1.07,-0.022,2.3,eastmoney,qfq
2020-05-15,159915,创业板ETF易方达,2.047,2.042,2.056,2.03,2280859.0,466146592.0,1.28,0.29,0.006,2.17,eastmoney,qfq
2020-05-18,159915,创业板ETF易方达,2.045,2.039,2.057,2.015,2553643.0,520926432.0,2.06,-0.15,-0.003,2.43,eastmoney,qfq
2020-05-19,159915,创业板ETF易方达,2.052,2.061,2.061,2.046,3727488.0,766492304.0,0.74,1.08,0.022,3.54,eastmoney,qfq
2020-05-20,159915,创业板ETF易方达,2.061,2.041,2.074,2.033,3154279.0,648502016.0,1.99,-0.97,-0.02,3.0,eastmoney,qfq
2020-05-21,159915,创业板ETF易方达,2.045,2.02,2.058,2.015,2862828.0,583607040.0,2.11,-1.03,-0.021,2.72,eastmoney,qfq
2020-05-22,159915,创业板ETF易方达,2.015,1.972,2.018,1.96,4220288.0,837242320.0,2.87,-2.38,-0.048,4.01,eastmoney,qfq
2020-05-25,159915,创业板ETF易方达,1.968,1.975,1.977,1.958,2559965.0,504052560.0,0.96,0.15,0.003,2.43,eastmoney,qfq
2020-05-26,159915,创业板ETF易方达,1.989,2.038,2.038,1.986,3457737.0,696891568.0,2.63,3.19,0.063,3.29,eastmoney,qfq
2020-05-27,159915,创业板ETF易方达,2.034,1.997,2.035,1.986,4287970.0,859890896.0,2.4,-2.01,-0.041,4.07,eastmoney,qfq
2020-05-28,159915,创业板ETF易方达,1.99,1.982,1.999,1.948,4464551.0,878971376.0,2.55,-0.75,-0.015,4.24,eastmoney,qfq
2020-05-29,159915,创业板ETF易方达,1.969,2.006,2.012,1.967,3657814.0,731316336.0,2.27,1.21,0.024,3.48,eastmoney,qfq
2020-06-01,159915,创业板ETF易方达,2.024,2.082,2.087,2.02,4017528.0,829581440.0,3.34,3.79,0.076,3.82,eastmoney,qfq
2020-06-02,159915,创业板ETF易方达,2.083,2.067,2.085,2.054,3026346.0,625496288.0,1.49,-0.72,-0.015,2.88,eastmoney,qfq
2020-06-03,159915,创业板ETF易方达,2.075,2.06,2.085,2.059,2498871.0,517396640.0,1.26,-0.34,-0.007,2.37,eastmoney,qfq
2020-06-04,159915,创业板ETF易方达,2.067,2.073,2.077,2.057,2573691.0,532624128.0,0.97,0.63,0.013,2.45,eastmoney,qfq
2020-06-05,159915,创业板ETF易方达,2.069,2.087,2.087,2.062,2198269.0,456286880.0,1.21,0.68,0.014,2.09,eastmoney,qfq
2020-06-08,159915,创业板ETF易方达,2.101,2.073,2.111,2.07,2396401.0,500333440.0,1.96,-0.67,-0.014,2.28,eastmoney,qfq
2020-06-09,159915,创业板ETF易方达,2.076,2.102,2.106,2.068,2560763.0,535995824.0,1.83,1.4,0.029,2.43,eastmoney,qfq
2020-06-10,159915,创业板ETF易方达,2.102,2.122,2.124,2.099,2992622.0,632269232.0,1.19,0.95,0.02,2.84,eastmoney,qfq
2020-06-11,159915,创业板ETF易方达,2.123,2.119,2.161,2.103,3245740.0,691810128.0,2.73,-0.14,-0.003,3.08,eastmoney,qfq
2020-06-12,159915,创业板ETF易方达,2.08,2.141,2.147,2.078,3958806.0,839264064.0,3.26,1.04,0.022,3.76,eastmoney,qfq
2020-06-15,159915,创业板ETF易方达,2.143,2.141,2.181,2.14,3509464.0,757264000.0,1.91,0.0,0.0,3.33,eastmoney,qfq
2020-06-16,159915,创业板ETF易方达,2.169,2.183,2.188,2.161,3814328.0,829913776.0,1.26,1.96,0.042,3.62,eastmoney,qfq
2020-06-17,159915,创业板ETF易方达,2.184,2.188,2.198,2.171,2882259.0,629367520.0,1.24,0.23,0.005,2.74,eastmoney,qfq
2020-06-18,159915,创业板ETF易方达,2.187,2.194,2.196,2.17,3618833.0,790565840.0,1.19,0.27,0.006,3.44,eastmoney,qfq
2020-06-19,159915,创业板ETF易方达,2.196,2.238,2.253,2.191,3392705.0,757480672.0,2.83,2.01,0.044,3.22,eastmoney,qfq
2020-06-22,159915,创业板ETF易方达,2.246,2.263,2.282,2.245,3435734.0,778089552.0,1.65,1.12,0.025,3.26,eastmoney,qfq
2020-06-23,159915,创业板ETF易方达,2.26,2.307,2.307,2.255,2697375.0,615432640.0,2.3,1.94,0.044,2.56,eastmoney,qfq
2020-06-24,159915,创业板ETF易方达,2.318,2.307,2.318,2.29,2801178.0,644657424.0,1.21,0.0,0.0,2.66,eastmoney,qfq
2020-06-29,159915,创业板ETF易方达,2.292,2.295,2.307,2.28,2573967.0,589922240.0,1.17,-0.52,-0.012,2.45,eastmoney,qfq
2020-06-30,159915,创业板ETF易方达,2.304,2.359,2.363,2.304,2758787.0,645987872.0,2.57,2.79,0.064,2.62,eastmoney,qfq
2020-07-01,159915,创业板ETF易方达,2.363,2.342,2.37,2.303,4312636.0,1008298496.0,2.84,-0.72,-0.017,4.1,eastmoney,qfq
2020-07-02,159915,创业板ETF易方达,2.337,2.35,2.355,2.314,3631422.0,848789792.0,1.75,0.34,0.008,3.45,eastmoney,qfq
2020-07-03,159915,创业板ETF易方达,2.349,2.38,2.39,2.325,3924943.0,926308192.0,2.77,1.28,0.03,3.73,eastmoney,qfq
2020-07-06,159915,创业板ETF易方达,2.384,2.45,2.459,2.375,5373576.0,1298220544.0,3.53,2.94,0.07,5.11,eastmoney,qfq
2020-07-07,159915,创业板ETF易方达,2.459,2.503,2.561,2.45,4396992.0,1104592912.0,4.53,2.16,0.053,4.18,eastmoney,qfq
2020-07-08,159915,创业板ETF易方达,2.515,2.574,2.58,2.489,3464337.0,877417264.0,3.64,2.84,0.071,3.29,eastmoney,qfq
2020-07-09,159915,创业板ETF易方达,2.576,2.674,2.681,2.56,4989135.0,1314914800.0,4.7,3.89,0.1,4.74,eastmoney,qfq
2020-07-10,159915,创业板ETF易方达,2.66,2.685,2.706,2.64,4771821.0,1279620064.0,2.47,0.41,0.011,4.53,eastmoney,qfq
2020-07-13,159915,创业板ETF易方达,2.693,2.802,2.81,2.693,5342794.0,1474933376.0,4.36,4.36,0.117,5.08,eastmoney,qfq
2020-07-14,159915,创业板ETF易方达,2.798,2.767,2.798,2.695,7260612.0,1996260336.0,3.68,-1.25,-0.035,6.9,eastmoney,qfq
2020-07-15,159915,创业板ETF易方达,2.766,2.722,2.797,2.688,7817439.0,2153845856.0,3.94,-1.63,-0.045,7.43,eastmoney,qfq
2020-07-16,159915,创业板ETF易方达,2.718,2.558,2.755,2.538,12691819.0,3351186160.0,7.97,-6.02,-0.164,12.06,eastmoney,qfq
2020-07-17,159915,创业板ETF易方达,2.558,2.583,2.635,2.529,9000057.0,2321894448.0,4.14,0.98,0.025,8.55,eastmoney,qfq
2020-07-20,159915,创业板ETF易方达,2.62,2.611,2.629,2.528,6860347.0,1770602912.0,3.91,1.08,0.028,6.52,eastmoney,qfq
2020-07-21,159915,创业板ETF易方达,2.62,2.643,2.653,2.596,6598154.0,1737413408.0,2.18,1.23,0.032,6.27,eastmoney,qfq
2020-07-22,159915,创业板ETF易方达,2.628,2.678,2.713,2.621,6189281.0,1659035424.0,3.48,1.32,0.035,5.88,eastmoney,qfq
2020-07-23,159915,创业板ETF易方达,2.657,2.706,2.706,2.613,4962724.0,1324355248.0,3.47,1.05,0.028,4.72,eastmoney,qfq
2020-07-24,159915,创业板ETF易方达,2.68,2.537,2.695,2.525,8178398.0,2120347856.0,6.28,-6.25,-0.169,7.77,eastmoney,qfq
2020-07-27,159915,创业板ETF易方达,2.544,2.54,2.577,2.513,4235953.0,1080018864.0,2.52,0.12,0.003,4.03,eastmoney,qfq
2020-07-28,159915,创业板ETF易方达,2.576,2.573,2.587,2.539,4378313.0,1122978640.0,1.89,1.3,0.033,4.16,eastmoney,qfq
2020-07-29,159915,创业板ETF易方达,2.564,2.68,2.685,2.561,4852175.0,1278752608.0,4.82,4.16,0.107,4.61,eastmoney,qfq
2020-07-30,159915,创业板ETF易方达,2.68,2.652,2.692,2.641,4295841.0,1146614624.0,1.9,-1.04,-0.028,4.08,eastmoney,qfq
2020-07-31,159915,创业板ETF易方达,2.658,2.708,2.724,2.646,4689587.0,1262589296.0,2.94,2.11,0.056,4.46,eastmoney,qfq
2020-08-03,159915,创业板ETF易方达,2.734,2.774,2.774,2.704,4057964.0,1114103920.0,2.58,2.44,0.066,3.86,eastmoney,qfq
2020-08-04,159915,创业板ETF易方达,2.772,2.738,2.794,2.721,4411026.0,1216085616.0,2.63,-1.3,-0.036,4.19,eastmoney,qfq
2020-08-05,159915,创业板ETF易方达,2.74,2.763,2.779,2.707,3249324.0,891682560.0,2.63,0.91,0.025,3.09,eastmoney,qfq
2020-08-06,159915,创业板ETF易方达,2.767,2.719,2.77,2.682,4318767.0,1173644624.0,3.18,-1.59,-0.044,4.1,eastmoney,qfq
2020-08-07,159915,创业板ETF易方达,2.701,2.657,2.726,2.61,4497971.0,1198850624.0,4.27,-2.28,-0.062,4.27,eastmoney,qfq
2020-08-10,159915,创业板ETF易方达,2.641,2.641,2.666,2.603,3011593.0,793749024.0,2.37,-0.6,-0.016,2.86,eastmoney,qfq
2020-08-11,159915,创业板ETF易方达,2.643,2.6,2.68,2.59,3989014.0,1052834048.0,3.41,-1.55,-0.041,3.79,eastmoney,qfq
2020-08-12,159915,创业板ETF易方达,2.596,2.548,2.604,2.492,7018783.0,1776970112.0,4.31,-2.0,-0.052,6.67,eastmoney,qfq
2020-08-13,159915,创业板ETF易方达,2.56,2.535,2.566,2.521,3378844.0,860036384.0,1.77,-0.51,-0.013,3.21,eastmoney,qfq
2020-08-14,159915,创业板ETF易方达,2.533,2.579,2.58,2.528,4848202.0,1240668240.0,2.05,1.74,0.044,4.61,eastmoney,qfq
2020-08-17,159915,创业板ETF易方达,2.591,2.607,2.608,2.56,5706203.0,1477528128.0,1.86,1.09,0.028,5.42,eastmoney,qfq
2020-08-18,159915,创业板ETF易方达,2.608,2.605,2.631,2.595,3326428.0,868339536.0,1.38,-0.08,-0.002,3.16,eastmoney,qfq
2020-08-19,159915,创业板ETF易方达,2.604,2.524,2.61,2.521,3363203.0,859262800.0,3.42,-3.11,-0.081,3.2,eastmoney,qfq
2020-08-20,159915,创业板ETF易方达,2.503,2.503,2.541,2.272,3311967.0,831085472.0,10.66,-0.83,-0.021,3.15,eastmoney,qfq
2020-08-21,159915,创业板ETF易方达,2.52,2.547,2.555,2.519,3349568.0,850586320.0,1.44,1.76,0.044,3.18,eastmoney,qfq
2020-08-24,159915,创业板ETF易方达,2.564,2.598,2.613,2.504,4449750.0,1144983920.0,4.28,2.0,0.051,4.23,eastmoney,qfq
2020-08-25,159915,创业板ETF易方达,2.592,2.612,2.651,2.59,4042884.0,1057606848.0,2.35,0.54,0.014,3.84,eastmoney,qfq
2020-08-26,159915,创业板ETF易方达,2.609,2.552,2.628,2.547,4372084.0,1130157872.0,3.1,-2.3,-0.06,4.15,eastmoney,qfq
2020-08-27,159915,创业板ETF易方达,2.562,2.603,2.61,2.548,3773585.0,974798256.0,2.43,2.0,0.051,3.59,eastmoney,qfq
2020-08-28,159915,创业板ETF易方达,2.59,2.666,2.67,2.586,4008136.0,1056256944.0,3.23,2.42,0.063,3.81,eastmoney,qfq
2020-08-31,159915,创业板ETF易方达,2.676,2.637,2.687,2.633,3485857.0,927733040.0,2.03,-1.09,-0.029,3.31,eastmoney,qfq
2020-09-01,159915,创业板ETF易方达,2.628,2.658,2.659,2.611,2594640.0,684918224.0,1.82,0.8,0.021,2.47,eastmoney,qfq
2020-09-02,159915,创业板ETF易方达,2.657,2.676,2.692,2.634,3319582.0,885461824.0,2.18,0.68,0.018,3.15,eastmoney,qfq
2020-09-03,159915,创业板ETF易方达,2.667,2.653,2.696,2.642,3431358.0,915507472.0,2.02,-0.86,-0.023,3.26,eastmoney,qfq
2020-09-04,159915,创业板ETF易方达,2.609,2.638,2.649,2.596,3137602.0,821326560.0,2.0,-0.57,-0.015,2.98,eastmoney,qfq
2020-09-07,159915,创业板ETF易方达,2.628,2.549,2.65,2.541,4232589.0,1097756000.0,4.13,-3.37,-0.089,4.02,eastmoney,qfq
2020-09-08,159915,创业板ETF易方达,2.554,2.564,2.574,2.524,3396924.0,866442624.0,1.96,0.59,0.015,3.23,eastmoney,qfq
2020-09-09,159915,创业板ETF易方达,2.533,2.44,2.533,2.421,5228648.0,1290302256.0,4.37,-4.84,-0.124,4.97,eastmoney,qfq
2020-09-10,159915,创业板ETF易方达,2.462,2.403,2.478,2.39,3648363.0,890871792.0,3.61,-1.52,-0.037,3.47,eastmoney,qfq
2020-09-11,159915,创业板ETF易方达,2.391,2.449,2.457,2.39,2920433.0,708370144.0,2.79,1.91,0.046,2.78,eastmoney,qfq
2020-09-14,159915,创业板ETF易方达,2.476,2.484,2.515,2.461,3263080.0,811189488.0,2.2,1.43,0.035,3.1,eastmoney,qfq
2020-09-15,159915,创业板ETF易方达,2.484,2.504,2.51,2.473,2271611.0,566728528.0,1.49,0.81,0.02,2.16,eastmoney,qfq
2020-09-16,159915,创业板ETF易方达,2.506,2.47,2.507,2.454,1716909.0,425309584.0,2.12,-1.36,-0.034,1.63,eastmoney,qfq
2020-09-17,159915,创业板ETF易方达,2.46,2.467,2.495,2.437,2384302.0,587710512.0,2.35,-0.12,-0.003,2.27,eastmoney,qfq
2020-09-18,159915,创业板ETF易方达,2.468,2.513,2.514,2.45,3034122.0,753809184.0,2.59,1.86,0.046,2.88,eastmoney,qfq
2020-09-21,159915,创业板ETF易方达,2.516,2.48,2.517,2.479,2248765.0,561392736.0,1.51,-1.31,-0.033,2.14,eastmoney,qfq
2020-09-22,159915,创业板ETF易方达,2.47,2.469,2.508,2.462,2283205.0,568003024.0,1.85,-0.44,-0.011,2.17,eastmoney,qfq
2020-09-23,159915,创业板ETF易方达,2.472,2.508,2.52,2.459,2227099.0,555643088.0,2.47,1.58,0.039,2.12,eastmoney,qfq
2020-09-24,159915,创业板ETF易方达,2.49,2.454,2.496,2.451,2265188.0,559422768.0,1.79,-2.15,-0.054,2.15,eastmoney,qfq
2020-09-25,159915,创业板ETF易方达,2.46,2.457,2.482,2.444,2007067.0,494279360.0,1.55,0.12,0.003,1.91,eastmoney,qfq
2020-09-28,159915,创业板ETF易方达,2.465,2.434,2.467,2.432,1656324.0,405194144.0,1.42,-0.94,-0.023,1.57,eastmoney,qfq
2020-09-29,159915,创业板ETF易方达,2.453,2.479,2.49,2.436,2086201.0,514655904.0,2.22,1.85,0.045,1.98,eastmoney,qfq
2020-09-30,159915,创业板ETF易方达,2.478,2.489,2.513,2.472,2195074.0,547313040.0,1.65,0.4,0.01,2.09,eastmoney,qfq
2020-10-09,159915,创业板ETF易方达,2.539,2.581,2.586,2.534,2442025.0,626372576.0,2.09,3.7,0.092,2.32,eastmoney,qfq
2020-10-12,159915,创业板ETF易方达,2.606,2.683,2.683,2.601,3648370.0,968069584.0,3.18,3.95,0.102,3.47,eastmoney,qfq
2020-10-13,159915,创业板ETF易方达,2.679,2.688,2.697,2.66,2498942.0,669090512.0,1.38,0.19,0.005,2.37,eastmoney,qfq
2020-10-14,159915,创业板ETF易方达,2.682,2.668,2.696,2.664,2018388.0,540189392.0,1.19,-0.74,-0.02,1.92,eastmoney,qfq
2020-10-15,159915,创业板ETF易方达,2.668,2.65,2.675,2.642,2174800.0,577161104.0,1.24,-0.67,-0.018,2.07,eastmoney,qfq
2020-10-16,159915,创业板ETF易方达,2.641,2.634,2.658,2.602,2027924.0,533554912.0,2.11,-0.6,-0.016,1.93,eastmoney,qfq
2020-10-19,159915,创业板ETF易方达,2.648,2.6,2.656,2.593,2241531.0,587731856.0,2.39,-1.29,-0.034,2.13,eastmoney,qfq
2020-10-20,159915,创业板ETF易方达,2.594,2.645,2.646,2.594,2496863.0,654281616.0,2.0,1.73,0.045,2.37,eastmoney,qfq
2020-10-21,159915,创业板ETF易方达,2.647,2.612,2.65,2.597,2454994.0,642838112.0,2.0,-1.25,-0.033,2.33,eastmoney,qfq
2020-10-22,159915,创业板ETF易方达,2.594,2.582,2.599,2.556,2805171.0,722984048.0,1.65,-1.15,-0.03,2.67,eastmoney,qfq
2020-10-23,159915,创业板ETF易方达,2.579,2.516,2.609,2.504,4119059.0,1049439840.0,4.07,-2.56,-0.066,3.91,eastmoney,qfq
2020-10-26,159915,创业板ETF易方达,2.5,2.533,2.539,2.468,3124658.0,783906640.0,2.82,0.68,0.017,2.97,eastmoney,qfq
2020-10-27,159915,创业板ETF易方达,2.52,2.56,2.563,2.52,2534417.0,645580448.0,1.7,1.07,0.027,2.41,eastmoney,qfq
2020-10-28,159915,创业板ETF易方达,2.552,2.577,2.591,2.536,2699070.0,692050496.0,2.15,0.66,0.017,2.56,eastmoney,qfq
2020-10-29,159915,创业板ETF易方达,2.548,2.607,2.619,2.542,2774295.0,717854992.0,2.99,1.16,0.03,2.64,eastmoney,qfq
2020-10-30,159915,创业板ETF易方达,2.607,2.563,2.618,2.553,2528421.0,653686608.0,2.49,-1.69,-0.044,2.4,eastmoney,qfq
2020-11-02,159915,创业板ETF易方达,2.57,2.617,2.628,2.57,2891309.0,751996912.0,2.26,2.11,0.054,2.75,eastmoney,qfq
2020-11-03,159915,创业板ETF易方达,2.622,2.649,2.657,2.605,2027613.0,533933856.0,1.99,1.22,0.032,1.93,eastmoney,qfq
2020-11-04,159915,创业板ETF易方达,2.644,2.658,2.661,2.629,2190373.0,580280192.0,1.21,0.34,0.009,2.08,eastmoney,qfq
2020-11-05,159915,创业板ETF易方达,2.682,2.69,2.695,2.651,2606058.0,698627104.0,1.66,1.2,0.032,2.48,eastmoney,qfq
2020-11-06,159915,创业板ETF易方达,2.693,2.637,2.697,2.618,3040823.0,803744480.0,2.94,-1.97,-0.053,2.89,eastmoney,qfq
2020-11-09,159915,创业板ETF易方达,2.653,2.719,2.736,2.653,3721035.0,1004789888.0,3.15,3.11,0.082,3.54,eastmoney,qfq
2020-11-10,159915,创业板ETF易方达,2.717,2.674,2.717,2.619,3859826.0,1034456192.0,3.6,-1.66,-0.045,3.67,eastmoney,qfq
2020-11-11,159915,创业板ETF易方达,2.664,2.595,2.671,2.592,3272014.0,856982464.0,2.95,-2.95,-0.079,3.11,eastmoney,qfq
2020-11-12,159915,创业板ETF易方达,2.602,2.607,2.628,2.595,2076144.0,541944560.0,1.27,0.46,0.012,1.97,eastmoney,qfq
2020-11-13,159915,创业板ETF易方达,2.591,2.619,2.628,2.59,2410436.0,628170432.0,1.46,0.46,0.012,2.29,eastmoney,qfq
2020-11-16,159915,创业板ETF易方达,2.626,2.62,2.627,2.583,2284801.0,596375648.0,1.68,0.04,0.001,2.17,eastmoney,qfq
2020-11-17,159915,创业板ETF易方达,2.614,2.572,2.622,2.538,3982737.0,1021474736.0,3.21,-1.83,-0.048,3.78,eastmoney,qfq
2020-11-18,159915,创业板ETF易方达,2.57,2.534,2.59,2.523,4662336.0,1185926304.0,2.6,-1.48,-0.038,4.43,eastmoney,qfq
2020-11-19,159915,创业板ETF易方达,2.527,2.556,2.56,2.506,3473700.0,882134448.0,2.13,0.87,0.022,3.3,eastmoney,qfq
2020-11-20,159915,创业板ETF易方达,2.553,2.576,2.584,2.552,3061705.0,787255424.0,1.25,0.78,0.02,2.91,eastmoney,qfq
2020-11-23,159915,创业板ETF易方达,2.579,2.593,2.612,2.557,3202966.0,828386720.0,2.14,0.66,0.017,3.04,eastmoney,qfq
2020-11-24,159915,创业板ETF易方达,2.591,2.582,2.604,2.571,1771235.0,457547120.0,1.27,-0.42,-0.011,1.68,eastmoney,qfq
2020-11-25,159915,创业板ETF易方达,2.583,2.528,2.585,2.526,2911161.0,741594592.0,2.29,-2.09,-0.054,2.77,eastmoney,qfq
2020-11-26,159915,创业板ETF易方达,2.529,2.522,2.542,2.498,3260729.0,820162176.0,1.74,-0.24,-0.006,3.1,eastmoney,qfq
2020-11-27,159915,创业板ETF易方达,2.519,2.532,2.546,2.504,2835378.0,715239088.0,1.67,0.4,0.01,2.69,eastmoney,qfq
2020-11-30,159915,创业板ETF易方达,2.532,2.541,2.563,2.506,3632232.0,922464800.0,2.25,0.36,0.009,3.45,eastmoney,qfq
2020-12-01,159915,创业板ETF易方达,2.535,2.602,2.608,2.53,4450098.0,1148264656.0,3.07,2.4,0.061,4.23,eastmoney,qfq
2020-12-02,159915,创业板ETF易方达,2.602,2.593,2.607,2.572,2538751.0,656776880.0,1.35,-0.35,-0.009,2.41,eastmoney,qfq
2020-12-03,159915,创业板ETF易方达,2.583,2.619,2.628,2.577,3070061.0,800328224.0,1.97,1.0,0.026,2.92,eastmoney,qfq
2020-12-04,159915,创业板ETF易方达,2.608,2.637,2.64,2.604,2189828.0,574346176.0,1.37,0.69,0.018,2.08,eastmoney,qfq
2020-12-07,159915,创业板ETF易方达,2.625,2.628,2.643,2.62,1982819.0,521625216.0,0.87,-0.34,-0.009,1.88,eastmoney,qfq
2020-12-08,159915,创业板ETF易方达,2.633,2.646,2.659,2.633,2114235.0,560166000.0,0.99,0.68,0.018,2.01,eastmoney,qfq
2020-12-09,159915,创业板ETF易方达,2.65,2.598,2.665,2.596,2944265.0,773982160.0,2.61,-1.81,-0.048,2.8,eastmoney,qfq
2020-12-10,159915,创业板ETF易方达,2.587,2.627,2.642,2.582,1979315.0,517199328.0,2.31,1.12,0.029,1.88,eastmoney,qfq
2020-12-11,159915,创业板ETF易方达,2.629,2.601,2.637,2.575,2226660.0,579549840.0,2.36,-0.99,-0.026,2.12,eastmoney,qfq
2020-12-14,159915,创业板ETF易方达,2.6,2.641,2.641,2.585,1959530.0,512961200.0,2.15,1.54,0.04,1.86,eastmoney,qfq
2020-12-15,159915,创业板ETF易方达,2.633,2.667,2.668,2.629,2206104.0,585048064.0,1.48,0.98,0.026,2.1,eastmoney,qfq
2020-12-16,159915,创业板ETF易方达,2.666,2.667,2.677,2.638,1505525.0,400176176.0,1.46,0.0,0.0,1.43,eastmoney,qfq
2020-12-17,159915,创业板ETF易方达,2.659,2.694,2.695,2.646,1850877.0,495452800.0,1.84,1.01,0.027,1.76,eastmoney,qfq
2020-12-18,159915,创业板ETF易方达,2.699,2.688,2.706,2.672,2577184.0,693602896.0,1.26,-0.22,-0.006,2.45,eastmoney,qfq
2020-12-21,159915,创业板ETF易方达,2.687,2.778,2.781,2.686,4241577.0,1164673056.0,3.53,3.35,0.09,4.03,eastmoney,qfq
2020-12-22,159915,创业板ETF易方达,2.767,2.718,2.792,2.716,2725385.0,750971184.0,2.74,-2.16,-0.06,2.59,eastmoney,qfq
2020-12-23,159915,创业板ETF易方达,2.721,2.745,2.768,2.717,3288485.0,901276400.0,1.88,0.99,0.027,3.12,eastmoney,qfq
2020-12-24,159915,创业板ETF易方达,2.741,2.726,2.753,2.718,3884456.0,1062296688.0,1.28,-0.69,-0.019,3.69,eastmoney,qfq
2020-12-25,159915,创业板ETF易方达,2.715,2.749,2.749,2.695,5213010.0,1418883200.0,1.98,0.84,0.023,4.95,eastmoney,qfq
2020-12-28,159915,创业板ETF易方达,2.748,2.745,2.764,2.724,1910388.0,524052496.0,1.46,-0.15,-0.004,1.82,eastmoney,qfq
2020-12-29,159915,创业板ETF易方达,2.733,2.717,2.747,2.702,1553207.0,423359984.0,1.64,-1.02,-0.028,1.48,eastmoney,qfq
2020-12-30,159915,创业板ETF易方达,2.72,2.799,2.807,2.72,2639808.0,733734976.0,3.2,3.02,0.082,2.51,eastmoney,qfq
2020-12-31,159915,创业板ETF易方达,2.809,2.866,2.869,2.805,3106916.0,883262480.0,2.29,2.39,0.067,2.95,eastmoney,qfq
2021-01-04,159915,创业板ETF易方达,2.864,2.976,2.99,2.861,2472764.0,727814960.0,4.5,3.84,0.11,2.35,eastmoney,qfq
2021-01-05,159915,创业板ETF易方达,2.94,2.988,2.997,2.925,2470004.0,734648144.0,2.42,0.4,0.012,2.35,eastmoney,qfq
2021-01-06,159915,创业板ETF易方达,3.0,3.003,3.03,2.953,2290438.0,684446080.0,2.58,0.5,0.015,2.18,eastmoney,qfq
2021-01-07,159915,创业板ETF易方达,2.996,3.056,3.056,2.978,2029990.0,611873216.0,2.6,1.76,0.053,1.93,eastmoney,qfq
2021-01-08,159915,创业板ETF易方达,3.065,3.036,3.086,3.011,1867431.0,566629504.0,2.45,-0.65,-0.02,1.77,eastmoney,qfq
2021-01-11,159915,创业板ETF易方达,3.052,2.989,3.054,2.962,2068085.0,622614208.0,3.03,-1.55,-0.047,1.97,eastmoney,qfq
2021-01-12,159915,创业板ETF易方达,2.98,3.076,3.076,2.954,1857681.0,560342112.0,4.08,2.91,0.087,1.77,eastmoney,qfq
2021-01-13,159915,创业板ETF易方达,3.071,3.025,3.094,2.997,2141047.0,650804288.0,3.15,-1.66,-0.051,2.03,eastmoney,qfq
2021-01-14,159915,创业板ETF易方达,3.01,2.987,3.036,2.959,2353512.0,705882912.0,2.55,-1.26,-0.038,2.24,eastmoney,qfq
2021-01-15,159915,创业板ETF易方达,2.98,2.99,3.004,2.919,2712677.0,805189712.0,2.85,0.1,0.003,2.58,eastmoney,qfq
2021-01-18,159915,创业板ETF易方达,2.969,3.046,3.058,2.949,2312313.0,698319136.0,3.65,1.87,0.056,2.2,eastmoney,qfq
2021-01-19,159915,创业板ETF易方达,3.034,2.976,3.046,2.966,2181228.0,655650576.0,2.63,-2.3,-0.07,2.07,eastmoney,qfq
2021-01-20,159915,创业板ETF易方达,2.992,3.096,3.098,2.987,2986081.0,913406720.0,3.73,4.03,0.12,2.84,eastmoney,qfq
2021-01-21,159915,创业板ETF易方达,3.103,3.176,3.19,3.101,2207908.0,696148912.0,2.87,2.58,0.08,2.1,eastmoney,qfq
2021-01-22,159915,创业板ETF易方达,3.17,3.241,3.252,3.165,2561056.0,821750432.0,2.74,2.05,0.065,2.43,eastmoney,qfq
2021-01-25,159915,创业板ETF易方达,3.242,3.242,3.307,3.215,2136784.0,695590816.0,2.84,0.03,0.001,2.03,eastmoney,qfq
2021-01-26,159915,创业板ETF易方达,3.222,3.152,3.228,3.14,3330042.0,1054569344.0,2.71,-2.78,-0.09,3.16,eastmoney,qfq
2021-01-27,159915,创业板ETF易方达,3.151,3.166,3.184,3.085,2279217.0,714569088.0,3.14,0.44,0.014,2.17,eastmoney,qfq
2021-01-28,159915,创业板ETF易方达,3.111,3.057,3.139,3.053,2763172.0,853132048.0,2.72,-3.44,-0.109,2.63,eastmoney,qfq
2021-01-29,159915,创业板ETF易方达,3.089,3.029,3.108,2.966,3193132.0,971033488.0,4.65,-0.92,-0.028,3.03,eastmoney,qfq
2021-02-01,159915,创业板ETF易方达,3.024,3.056,3.08,3.001,2008111.0,613122880.0,2.61,0.89,0.027,1.91,eastmoney,qfq
2021-02-02,159915,创业板ETF易方达,3.062,3.118,3.12,3.023,2701434.0,833896288.0,3.17,2.03,0.062,2.57,eastmoney,qfq
2021-02-03,159915,创业板ETF易方达,3.128,3.106,3.16,3.105,2202237.0,690037296.0,1.76,-0.38,-0.012,2.09,eastmoney,qfq
2021-02-04,159915,创业板ETF易方达,3.09,3.098,3.134,3.048,2097697.0,648337312.0,2.77,-0.26,-0.008,1.99,eastmoney,qfq
2021-02-05,159915,创业板ETF易方达,3.102,3.084,3.144,3.08,1967702.0,612708352.0,2.07,-0.45,-0.014,1.87,eastmoney,qfq
2021-02-09,159915,创业板ETF易方达,3.171,3.222,3.223,3.163,2343912.0,749138288.0,1.95,4.47,0.138,2.23,eastmoney,qfq
2021-02-10,159915,创业板ETF易方达,3.23,3.293,3.309,3.195,2423154.0,791269872.0,3.54,2.2,0.071,2.3,eastmoney,qfq
2021-02-18,159915,创业板ETF易方达,3.353,3.202,3.359,3.186,3195999.0,1036753344.0,5.25,-2.76,-0.091,3.04,eastmoney,qfq
2021-02-19,159915,创业板ETF易方达,3.191,3.17,3.192,3.086,3747736.0,1174621776.0,3.31,-1.0,-0.032,3.56,eastmoney,qfq
2021-02-22,159915,创业板ETF易方达,3.156,3.032,3.159,3.03,3897255.0,1203307680.0,4.07,-4.35,-0.138,3.7,eastmoney,qfq
2021-02-23,159915,创业板ETF易方达,3.0,3.009,3.046,2.988,3111370.0,936301632.0,1.91,-0.76,-0.023,2.96,eastmoney,qfq
2021-02-24,159915,创业板ETF易方达,3.01,2.904,3.016,2.87,7980683.0,2338730960.0,4.85,-3.49,-0.105,7.58,eastmoney,qfq
2021-02-25,159915,创业板ETF易方达,2.929,2.878,2.934,2.866,4918260.0,1426992416.0,2.34,-0.9,-0.026,4.67,eastmoney,qfq
2021-02-26,159915,创业板ETF易方达,2.854,2.814,2.858,2.79,5850851.0,1649457360.0,2.36,-2.22,-0.064,5.56,eastmoney,qfq
2021-03-01,159915,创业板ETF易方达,2.85,2.894,2.895,2.831,4940004.0,1416027184.0,2.27,2.84,0.08,4.69,eastmoney,qfq
2021-03-02,159915,创业板ETF易方达,2.908,2.859,2.915,2.834,3887161.0,1118995408.0,2.8,-1.21,-0.035,3.69,eastmoney,qfq
2021-03-03,159915,创业板ETF易方达,2.848,2.9,2.9,2.833,2831522.0,811821936.0,2.34,1.43,0.041,2.69,eastmoney,qfq
2021-03-04,159915,创业板ETF易方达,2.863,2.751,2.863,2.743,7501829.0,2089982000.0,4.14,-5.14,-0.149,7.13,eastmoney,qfq
2021-03-05,159915,创业板ETF易方达,2.706,2.772,2.795,2.705,5270808.0,1451448560.0,3.27,0.76,0.021,5.01,eastmoney,qfq
2021-03-08,159915,创业板ETF易方达,2.783,2.633,2.803,2.631,8054625.0,2178710624.0,6.2,-5.01,-0.139,7.65,eastmoney,qfq
2021-03-09,159915,创业板ETF易方达,2.618,2.547,2.64,2.52,8107633.0,2092868816.0,4.56,-3.27,-0.086,7.7,eastmoney,qfq
2021-03-10,159915,创业板ETF易方达,2.607,2.586,2.622,2.572,6051196.0,1575015536.0,1.96,1.53,0.039,5.75,eastmoney,qfq
2021-03-11,159915,创业板ETF易方达,2.585,2.65,2.67,2.581,5149149.0,1358033328.0,3.44,2.47,0.064,4.89,eastmoney,qfq
2021-03-12,159915,创业板ETF易方达,2.666,2.658,2.673,2.616,3482583.0,921889776.0,2.15,0.3,0.008,3.31,eastmoney,qfq
2021-03-15,159915,创业板ETF易方达,2.64,2.555,2.64,2.523,5028761.0,1292687120.0,4.4,-3.88,-0.103,4.78,eastmoney,qfq
2021-03-16,159915,创业板ETF易方达,2.562,2.579,2.583,2.539,3414109.0,876211552.0,1.72,0.94,0.024,3.24,eastmoney,qfq
2021-03-17,159915,创业板ETF易方达,2.56,2.607,2.622,2.54,3636284.0,942558048.0,3.18,1.09,0.028,3.46,eastmoney,qfq
2021-03-18,159915,创业板ETF易方达,2.619,2.65,2.661,2.614,3539701.0,935917552.0,1.8,1.65,0.043,3.36,eastmoney,qfq
2021-03-19,159915,创业板ETF易方达,2.608,2.579,2.632,2.562,2947309.0,764112368.0,2.64,-2.68,-0.071,2.8,eastmoney,qfq
2021-03-22,159915,创业板ETF易方达,2.583,2.607,2.632,2.573,2926073.0,761576656.0,2.29,1.09,0.028,2.78,eastmoney,qfq
2021-03-23,159915,创业板ETF易方达,2.595,2.579,2.614,2.551,2756059.0,710164768.0,2.42,-1.07,-0.028,2.62,eastmoney,qfq
2021-03-24,159915,创业板ETF易方达,2.558,2.543,2.586,2.533,3386892.0,864354144.0,2.06,-1.4,-0.036,3.22,eastmoney,qfq
2021-03-25,159915,创业板ETF易方达,2.522,2.567,2.578,2.515,3315595.0,845104560.0,2.48,0.94,0.024,3.15,eastmoney,qfq
2021-03-26,159915,创业板ETF易方达,2.576,2.65,2.658,2.576,5451832.0,1431652368.0,3.19,3.23,0.083,5.18,eastmoney,qfq
2021-03-29,159915,创业板ETF易方达,2.644,2.637,2.669,2.621,3227203.0,854263488.0,1.81,-0.49,-0.013,3.07,eastmoney,qfq
2021-03-30,159915,创业板ETF易方达,2.627,2.673,2.682,2.625,2582933.0,687546256.0,2.16,1.37,0.036,2.45,eastmoney,qfq
2021-03-31,159915,创业板ETF易方达,2.662,2.665,2.68,2.637,1914494.0,508500224.0,1.61,-0.3,-0.008,1.82,eastmoney,qfq
2021-04-01,159915,创业板ETF易方达,2.665,2.718,2.72,2.665,2742149.0,740217408.0,2.06,1.99,0.053,2.61,eastmoney,qfq
2021-04-02,159915,创业板ETF易方达,2.725,2.756,2.769,2.718,2968993.0,815604784.0,1.88,1.4,0.038,2.82,eastmoney,qfq
2021-04-06,159915,创业板ETF易方达,2.762,2.73,2.769,2.711,2331452.0,637619888.0,2.1,-0.94,-0.026,2.22,eastmoney,qfq
2021-04-07,159915,创业板ETF易方达,2.74,2.707,2.744,2.678,2151116.0,580661056.0,2.42,-0.84,-0.023,2.04,eastmoney,qfq
2021-04-08,159915,创业板ETF易方达,2.694,2.728,2.74,2.682,1803054.0,490669312.0,2.14,0.78,0.021,1.71,eastmoney,qfq
2021-04-09,159915,创业板ETF易方达,2.722,2.69,2.729,2.677,1958353.0,527593056.0,1.91,-1.39,-0.038,1.86,eastmoney,qfq
2021-04-12,159915,创业板ETF易方达,2.683,2.627,2.715,2.618,2789497.0,741519328.0,3.61,-2.34,-0.063,2.65,eastmoney,qfq
2021-04-13,159915,创业板ETF易方达,2.618,2.649,2.688,2.618,2954009.0,785200592.0,2.66,0.84,0.022,2.81,eastmoney,qfq
2021-04-14,159915,创业板ETF易方达,2.654,2.707,2.71,2.652,2289912.0,615820096.0,2.19,2.19,0.058,2.18,eastmoney,qfq
2021-04-15,159915,创业板ETF易方达,2.695,2.698,2.698,2.663,2412531.0,647312832.0,1.29,-0.33,-0.009,2.29,eastmoney,qfq
2021-04-16,159915,创业板ETF易方达,2.707,2.688,2.709,2.65,2438103.0,652800000.0,2.19,-0.37,-0.01,2.32,eastmoney,qfq
2021-04-19,159915,创业板ETF易方达,2.681,2.798,2.799,2.672,3754710.0,1034483296.0,4.72,4.09,0.11,3.57,eastmoney,qfq
2021-04-20,159915,创业板ETF易方达,2.788,2.791,2.82,2.77,2918739.0,816627344.0,1.79,-0.25,-0.007,2.77,eastmoney,qfq
2021-04-21,159915,创业板ETF易方达,2.767,2.814,2.818,2.767,2022147.0,565760528.0,1.83,0.82,0.023,1.92,eastmoney,qfq
2021-04-22,159915,创业板ETF易方达,2.831,2.837,2.847,2.799,2621638.0,740860768.0,1.71,0.82,0.023,2.49,eastmoney,qfq
2021-04-23,159915,创业板ETF易方达,2.824,2.891,2.905,2.824,3037408.0,874385184.0,2.86,1.9,0.054,2.89,eastmoney,qfq
2021-04-26,159915,创业板ETF易方达,2.91,2.863,2.954,2.861,4035399.0,1176042832.0,3.22,-0.97,-0.028,3.83,eastmoney,qfq
2021-04-27,159915,创业板ETF易方达,2.857,2.884,2.889,2.846,2171817.0,622874928.0,1.5,0.73,0.021,2.06,eastmoney,qfq
2021-04-28,159915,创业板ETF易方达,2.884,2.949,2.95,2.877,2653664.0,775202848.0,2.53,2.25,0.065,2.52,eastmoney,qfq
2021-04-29,159915,创业板ETF易方达,2.946,2.952,2.964,2.91,1928393.0,567772912.0,1.83,0.1,0.003,1.83,eastmoney,qfq
2021-04-30,159915,创业板ETF易方达,2.941,2.989,3.004,2.932,2523476.0,750582144.0,2.44,1.25,0.037,2.4,eastmoney,qfq
2021-05-06,159915,创业板ETF易方达,2.963,2.904,2.963,2.862,2544894.0,740129712.0,3.38,-2.84,-0.085,2.42,eastmoney,qfq
2021-05-07,159915,创业板ETF易方达,2.91,2.819,2.925,2.816,3130357.0,895660608.0,3.75,-2.93,-0.085,2.97,eastmoney,qfq
2021-05-10,159915,创业板ETF易方达,2.82,2.827,2.863,2.805,2472832.0,699785104.0,2.06,0.28,0.008,2.35,eastmoney,qfq
2021-05-11,159915,创业板ETF易方达,2.796,2.823,2.837,2.769,2832003.0,794229936.0,2.41,-0.14,-0.004,2.69,eastmoney,qfq
2021-05-12,159915,创业板ETF易方达,2.813,2.865,2.868,2.788,2184432.0,618372560.0,2.83,1.49,0.042,2.08,eastmoney,qfq
2021-05-13,159915,创业板ETF易方达,2.836,2.845,2.871,2.814,2053186.0,583466640.0,1.99,-0.7,-0.02,1.95,eastmoney,qfq
2021-05-14,159915,创业板ETF易方达,2.857,2.937,2.938,2.846,2676586.0,777497328.0,3.23,3.23,0.092,2.54,eastmoney,qfq
2021-05-17,159915,创业板ETF易方达,2.945,3.007,3.024,2.945,3406090.0,1023735200.0,2.69,2.38,0.07,3.24,eastmoney,qfq
2021-05-18,159915,创业板ETF易方达,3.0,2.988,3.023,2.964,1898547.0,567480768.0,1.96,-0.63,-0.019,1.8,eastmoney,qfq
2021-05-19,159915,创业板ETF易方达,2.965,3.012,3.023,2.965,1891321.0,568364192.0,1.94,0.8,0.024,1.8,eastmoney,qfq
2021-05-20,159915,创业板ETF易方达,3.003,3.043,3.054,3.003,1614468.0,489333568.0,1.69,1.03,0.031,1.53,eastmoney,qfq
2021-05-21,159915,创业板ETF易方达,3.055,3.012,3.065,2.992,1829129.0,553115440.0,2.4,-1.02,-0.031,1.74,eastmoney,qfq
2021-05-24,159915,创业板ETF易方达,3.01,3.036,3.04,2.972,1940881.0,585452176.0,2.26,0.8,0.024,1.84,eastmoney,qfq
2021-05-25,159915,创业板ETF易方达,3.042,3.119,3.129,3.042,2742751.0,850821568.0,2.87,2.73,0.083,2.61,eastmoney,qfq
2021-05-26,159915,创业板ETF易方达,3.12,3.095,3.12,3.08,2178905.0,674613040.0,1.28,-0.77,-0.024,2.07,eastmoney,qfq
2021-05-27,159915,创业板ETF易方达,3.086,3.118,3.135,3.066,1567565.0,486549856.0,2.23,0.74,0.023,1.49,eastmoney,qfq
2021-05-28,159915,创业板ETF易方达,3.117,3.121,3.175,3.099,2271367.0,713557216.0,2.44,0.1,0.003,2.16,eastmoney,qfq
2021-05-31,159915,创业板ETF易方达,3.13,3.195,3.2,3.13,1813961.0,575852848.0,2.24,2.37,0.074,1.72,eastmoney,qfq
2021-06-01,159915,创业板ETF易方达,3.18,3.188,3.2,3.136,1707586.0,542181216.0,2.0,-0.22,-0.007,1.62,eastmoney,qfq
2021-06-02,159915,创业板ETF易方达,3.2,3.133,3.202,3.12,1870094.0,589869888.0,2.57,-1.73,-0.055,1.78,eastmoney,qfq
2021-06-03,159915,创业板ETF易方达,3.129,3.099,3.149,3.094,1695496.0,529315632.0,1.76,-1.09,-0.034,1.61,eastmoney,qfq
2021-06-04,159915,创业板ETF易方达,3.077,3.141,3.177,3.077,2049342.0,641448624.0,3.23,1.36,0.042,1.95,eastmoney,qfq
2021-06-07,159915,创业板ETF易方达,3.136,3.122,3.136,3.092,1541037.0,479806176.0,1.4,-0.6,-0.019,1.46,eastmoney,qfq
2021-06-08,159915,创业板ETF易方达,3.118,3.105,3.17,3.082,2030914.0,635032064.0,2.82,-0.54,-0.017,1.93,eastmoney,qfq
2021-06-09,159915,创业板ETF易方达,3.096,3.1,3.12,3.079,1404822.0,435578848.0,1.32,-0.16,-0.005,1.33,eastmoney,qfq
2021-06-10,159915,创业板ETF易方达,3.107,3.179,3.192,3.107,2250945.0,713270048.0,2.74,2.55,0.079,2.14,eastmoney,qfq
2021-06-11,159915,创业板ETF易方达,3.196,3.195,3.212,3.159,1843166.0,588267824.0,1.67,0.5,0.016,1.75,eastmoney,qfq
2021-06-15,159915,创业板ETF易方达,3.191,3.155,3.199,3.139,1940396.0,613732080.0,1.88,-1.25,-0.04,1.84,eastmoney,qfq
2021-06-16,159915,创业板ETF易方达,3.145,3.024,3.153,3.021,2999583.0,920087840.0,4.18,-4.15,-0.131,2.85,eastmoney,qfq
2021-06-17,159915,创业板ETF易方达,3.023,3.088,3.094,3.023,2576794.0,791342336.0,2.35,2.12,0.064,2.45,eastmoney,qfq
2021-06-18,159915,创业板ETF易方达,3.096,3.137,3.16,3.095,2152121.0,673787904.0,2.1,1.59,0.049,2.05,eastmoney,qfq
2021-06-21,159915,创业板ETF易方达,3.127,3.166,3.185,3.1,1992203.0,627736800.0,2.71,0.92,0.029,1.89,eastmoney,qfq
2021-06-22,159915,创业板ETF易方达,3.17,3.174,3.19,3.119,1753812.0,553574192.0,2.24,0.25,0.008,1.67,eastmoney,qfq
2021-06-23,159915,创业板ETF易方达,3.179,3.217,3.234,3.164,2093712.0,671310048.0,2.21,1.35,0.043,1.99,eastmoney,qfq
2021-06-24,159915,创业板ETF易方达,3.212,3.174,3.218,3.16,1425199.0,453456752.0,1.8,-1.34,-0.043,1.35,eastmoney,qfq
2021-06-25,159915,创业板ETF易方达,3.18,3.243,3.254,3.18,2422358.0,781184720.0,2.33,2.17,0.069,2.3,eastmoney,qfq
2021-06-28,159915,创业板ETF易方达,3.238,3.305,3.313,3.236,2164854.0,712544784.0,2.37,1.91,0.062,2.06,eastmoney,qfq
2021-06-29,159915,创业板ETF易方达,3.329,3.297,3.336,3.282,1745426.0,577444736.0,1.63,-0.24,-0.008,1.66,eastmoney,qfq
2021-06-30,159915,创业板ETF易方达,3.302,3.373,3.373,3.277,1829713.0,611149632.0,2.91,2.31,0.076,1.74,eastmoney,qfq
2021-07-01,159915,创业板ETF易方达,3.381,3.34,3.388,3.32,2835940.0,951824064.0,2.02,-0.98,-0.033,2.69,eastmoney,qfq
2021-07-02,159915,创业板ETF易方达,3.332,3.227,3.332,3.224,2120859.0,691956112.0,3.23,-3.38,-0.113,2.02,eastmoney,qfq
2021-07-05,159915,创业板ETF易方达,3.223,3.25,3.282,3.215,2258864.0,732915440.0,2.08,0.71,0.023,2.15,eastmoney,qfq
2021-07-06,159915,创业板ETF易方达,3.242,3.196,3.266,3.142,2866689.0,915970992.0,3.82,-1.66,-0.054,2.72,eastmoney,qfq
2021-07-07,159915,创业板ETF易方达,3.172,3.305,3.313,3.157,2853291.0,930426560.0,4.88,3.41,0.109,2.71,eastmoney,qfq
2021-07-08,159915,创业板ETF易方达,3.317,3.322,3.36,3.305,1715823.0,571683056.0,1.66,0.51,0.017,1.63,eastmoney,qfq
2021-07-09,159915,创业板ETF易方达,3.3,3.303,3.323,3.23,2029696.0,666538528.0,2.8,-0.57,-0.019,1.93,eastmoney,qfq
2021-07-12,159915,创业板ETF易方达,3.339,3.427,3.445,3.315,1880156.0,638762656.0,3.94,3.75,0.124,1.79,eastmoney,qfq
2021-07-13,159915,创业板ETF易方达,3.415,3.411,3.452,3.372,1926483.0,657281856.0,2.33,-0.47,-0.016,1.83,eastmoney,qfq
2021-07-14,159915,创业板ETF易方达,3.402,3.382,3.432,3.357,1661007.0,564682480.0,2.2,-0.85,-0.029,1.58,eastmoney,qfq
2021-07-15,159915,创业板ETF易方达,3.359,3.429,3.429,3.345,2013289.0,682489968.0,2.48,1.39,0.047,1.91,eastmoney,qfq
2021-07-16,159915,创业板ETF易方达,3.41,3.328,3.412,3.322,1924837.0,648178352.0,2.62,-2.95,-0.101,1.83,eastmoney,qfq
2021-07-19,159915,创业板ETF易方达,3.326,3.35,3.373,3.311,1393121.0,465561968.0,1.86,0.66,0.022,1.32,eastmoney,qfq
2021-07-20,159915,创业板ETF易方达,3.318,3.356,3.379,3.311,1738555.0,582846560.0,2.03,0.18,0.006,1.65,eastmoney,qfq
2021-07-21,159915,创业板ETF易方达,3.364,3.455,3.46,3.362,2373590.0,811990160.0,2.92,2.95,0.099,2.26,eastmoney,qfq
2021-07-22,159915,创业板ETF易方达,3.455,3.438,3.463,3.404,1635811.0,560469840.0,1.71,-0.49,-0.017,1.55,eastmoney,qfq
2021-07-23,159915,创业板ETF易方达,3.434,3.367,3.434,3.356,1795825.0,607636768.0,2.27,-2.07,-0.071,1.71,eastmoney,qfq
2021-07-26,159915,创业板ETF易方达,3.34,3.27,3.36,3.193,2829719.0,927839856.0,4.96,-2.88,-0.097,2.69,eastmoney,qfq
2021-07-27,159915,创业板ETF易方达,3.259,3.14,3.318,3.135,3349822.0,1085320944.0,5.6,-3.98,-0.13,3.18,eastmoney,qfq
2021-07-28,159915,创业板ETF易方达,3.11,3.183,3.201,3.063,3368791.0,1061721408.0,4.39,1.37,0.043,3.2,eastmoney,qfq
2021-07-29,159915,创业板ETF易方达,3.26,3.358,3.359,3.23,2961780.0,975237648.0,4.05,5.5,0.175,2.81,eastmoney,qfq
2021-07-30,159915,创业板ETF易方达,3.34,3.328,3.371,3.292,2059150.0,685764208.0,2.35,-0.89,-0.03,1.96,eastmoney,qfq
2021-08-02,159915,创业板ETF易方达,3.328,3.393,3.396,3.29,2784736.0,934241824.0,3.19,1.95,0.065,2.65,eastmoney,qfq
2021-08-03,159915,创业板ETF易方达,3.39,3.363,3.408,3.34,1647228.0,554656208.0,2.0,-0.88,-0.03,1.57,eastmoney,qfq
2021-08-04,159915,创业板ETF易方达,3.356,3.446,3.451,3.34,1694798.0,577360128.0,3.3,2.47,0.083,1.61,eastmoney,qfq
2021-08-05,159915,创业板ETF易方达,3.44,3.419,3.457,3.398,1509103.0,516418960.0,1.71,-0.78,-0.027,1.43,eastmoney,qfq
2021-08-06,159915,创业板ETF易方达,3.435,3.386,3.436,3.362,1841368.0,625516928.0,2.16,-0.97,-0.033,1.75,eastmoney,qfq
2021-08-09,159915,创业板ETF易方达,3.351,3.348,3.36,3.304,3469037.0,1156326384.0,1.65,-1.12,-0.038,3.3,eastmoney,qfq
2021-08-10,159915,创业板ETF易方达,3.34,3.366,3.366,3.315,1715806.0,573577344.0,1.52,0.54,0.018,1.63,eastmoney,qfq
2021-08-11,159915,创业板ETF易方达,3.355,3.326,3.363,3.314,1415732.0,472639536.0,1.46,-1.19,-0.04,1.35,eastmoney,qfq
2021-08-12,159915,创业板ETF易方达,3.32,3.28,3.33,3.276,1498937.0,494504752.0,1.62,-1.38,-0.046,1.42,eastmoney,qfq
2021-08-13,159915,创业板ETF易方达,3.26,3.249,3.329,3.228,1661711.0,543977760.0,3.08,-0.95,-0.031,1.58,eastmoney,qfq
2021-08-16,159915,创业板ETF易方达,3.225,3.206,3.244,3.187,1800980.0,578522400.0,1.75,-1.32,-0.043,1.71,eastmoney,qfq
2021-08-17,159915,创业板ETF易方达,3.204,3.126,3.223,3.115,2731118.0,865960512.0,3.37,-2.5,-0.08,2.6,eastmoney,qfq
2021-08-18,159915,创业板ETF易方达,3.134,3.16,3.171,3.123,2231740.0,701353920.0,1.54,1.09,0.034,2.12,eastmoney,qfq
2021-08-19,159915,创业板ETF易方达,3.148,3.177,3.202,3.134,2352249.0,744827920.0,2.15,0.54,0.017,2.24,eastmoney,qfq
2021-08-20,159915,创业板ETF易方达,3.155,3.1,3.167,3.067,2924677.0,908150032.0,3.15,-2.42,-0.077,2.78,eastmoney,qfq
2021-08-23,159915,创业板ETF易方达,3.105,3.195,3.196,3.102,2466912.0,779137824.0,3.03,3.06,0.095,2.34,eastmoney,qfq
2021-08-24,159915,创业板ETF易方达,3.195,3.225,3.247,3.169,2074945.0,667829696.0,2.44,0.94,0.03,1.97,eastmoney,qfq
2021-08-25,159915,创业板ETF易方达,3.225,3.241,3.244,3.193,1339651.0,431469088.0,1.58,0.5,0.016,1.27,eastmoney,qfq
2021-08-26,159915,创业板ETF易方达,3.247,3.164,3.261,3.161,1566747.0,501763344.0,3.09,-2.38,-0.077,1.49,eastmoney,qfq
2021-08-27,159915,创业板ETF易方达,3.16,3.158,3.197,3.141,1437735.0,454953280.0,1.77,-0.19,-0.006,1.37,eastmoney,qfq
2021-08-30,159915,创业板ETF易方达,3.17,3.164,3.214,3.147,1688552.0,536854672.0,2.12,0.19,0.006,1.6,eastmoney,qfq
2021-08-31,159915,创业板ETF易方达,3.163,3.106,3.168,3.086,1951142.0,608183536.0,2.59,-1.83,-0.058,1.85,eastmoney,qfq
2021-09-01,159915,创业板ETF易方达,3.11,3.094,3.124,3.035,2095449.0,644313456.0,2.87,-0.39,-0.012,1.99,eastmoney,qfq
2021-09-02,159915,创业板ETF易方达,3.08,3.046,3.097,3.039,1947998.0,596884960.0,1.87,-1.55,-0.048,1.85,eastmoney,qfq
2021-09-03,159915,创业板ETF易方达,3.046,3.01,3.071,2.996,2287972.0,693053344.0,2.46,-1.18,-0.036,2.17,eastmoney,qfq
2021-09-06,159915,创业板ETF易方达,3.012,3.129,3.13,2.993,2886873.0,888941408.0,4.55,3.95,0.119,2.74,eastmoney,qfq
2021-09-07,159915,创业板ETF易方达,3.113,3.147,3.159,3.107,2007852.0,629216448.0,1.66,0.58,0.018,1.91,eastmoney,qfq
2021-09-08,159915,创业板ETF易方达,3.152,3.123,3.18,3.115,1339784.0,420781312.0,2.07,-0.76,-0.024,1.27,eastmoney,qfq
2021-09-09,159915,创业板ETF易方达,3.116,3.126,3.145,3.076,1662833.0,516471504.0,2.21,0.1,0.003,1.58,eastmoney,qfq
2021-09-10,159915,创业板ETF易方达,3.113,3.135,3.145,3.089,1385052.0,431832880.0,1.79,0.29,0.009,1.32,eastmoney,qfq
2021-09-13,159915,创业板ETF易方达,3.127,3.095,3.156,3.085,1547267.0,481294896.0,2.26,-1.28,-0.04,1.47,eastmoney,qfq
2021-09-14,159915,创业板ETF易方达,3.094,3.14,3.174,3.085,1959533.0,615567744.0,2.88,1.45,0.045,1.86,eastmoney,qfq
2021-09-15,159915,创业板ETF易方达,3.122,3.105,3.133,3.088,1499152.0,465234512.0,1.43,-1.11,-0.035,1.42,eastmoney,qfq
2021-09-16,159915,创业板ETF易方达,3.103,3.035,3.103,3.032,1553756.0,475463024.0,2.29,-2.25,-0.07,1.48,eastmoney,qfq
2021-09-17,159915,创业板ETF易方达,3.027,3.097,3.101,3.026,1358987.0,416326544.0,2.47,2.04,0.062,1.29,eastmoney,qfq
2021-09-22,159915,创业板ETF易方达,3.057,3.068,3.1,3.051,1299379.0,399143232.0,1.58,-0.94,-0.029,1.23,eastmoney,qfq
2021-09-23,159915,创业板ETF易方达,3.087,3.086,3.111,3.059,1288925.0,397539184.0,1.69,0.59,0.018,1.22,eastmoney,qfq
2021-09-24,159915,创业板ETF易方达,3.077,3.109,3.147,3.071,2202959.0,686278128.0,2.46,0.75,0.023,2.09,eastmoney,qfq
2021-09-27,159915,创业板ETF易方达,3.119,3.13,3.177,3.111,1722804.0,542895648.0,2.12,0.68,0.021,1.64,eastmoney,qfq
2021-09-28,159915,创业板ETF易方达,3.118,3.114,3.17,3.102,1320809.0,413922400.0,2.17,-0.51,-0.016,1.26,eastmoney,qfq
2021-09-29,159915,创业板ETF易方达,3.095,3.083,3.109,3.067,1286494.0,397039744.0,1.35,-1.0,-0.031,1.22,eastmoney,qfq
2021-09-30,159915,创业板ETF易方达,3.088,3.148,3.155,3.084,1681963.0,526243728.0,2.3,2.11,0.065,1.6,eastmoney,qfq
2021-10-08,159915,创业板ETF易方达,3.169,3.138,3.186,3.125,1465348.0,462007152.0,1.94,-0.32,-0.01,1.39,eastmoney,qfq
2021-10-11,159915,创业板ETF易方达,3.147,3.096,3.156,3.092,1238806.0,386575056.0,2.04,-1.34,-0.042,1.18,eastmoney,qfq
2021-10-12,159915,创业板ETF易方达,3.081,3.042,3.102,3.013,1911200.0,584156112.0,2.87,-1.74,-0.054,1.82,eastmoney,qfq
2021-10-13,159915,创业板ETF易方达,3.04,3.109,3.11,3.04,1601972.0,493474528.0,2.3,2.2,0.067,1.52,eastmoney,qfq
2021-10-14,159915,创业板ETF易方达,3.1,3.112,3.138,3.1,1412202.0,440664704.0,1.22,0.1,0.003,1.34,eastmoney,qfq
2021-10-15,159915,创业板ETF易方达,3.11,3.176,3.18,3.088,1488620.0,469407104.0,2.96,2.06,0.064,1.41,eastmoney,qfq
2021-10-18,159915,创业板ETF易方达,3.178,3.172,3.185,3.128,1363309.0,429834368.0,1.79,-0.13,-0.004,1.3,eastmoney,qfq
2021-10-19,159915,创业板ETF易方达,3.18,3.191,3.208,3.168,1159874.0,370006960.0,1.26,0.6,0.019,1.1,eastmoney,qfq
2021-10-20,159915,创业板ETF易方达,3.19,3.185,3.215,3.172,996129.0,318199424.0,1.35,-0.19,-0.006,0.95,eastmoney,qfq
2021-10-21,159915,创业板ETF易方达,3.188,3.174,3.2,3.155,847815.0,269220240.0,1.41,-0.35,-0.011,0.81,eastmoney,qfq
2021-10-22,159915,创业板ETF易方达,3.184,3.185,3.205,3.166,1274677.0,406128192.0,1.23,0.35,0.011,1.21,eastmoney,qfq
2021-10-25,159915,创业板ETF易方达,3.182,3.236,3.237,3.182,1168058.0,376354448.0,1.73,1.6,0.051,1.11,eastmoney,qfq
2021-10-26,159915,创业板ETF易方达,3.256,3.221,3.262,3.217,1109509.0,359486736.0,1.39,-0.46,-0.015,1.05,eastmoney,qfq
2021-10-27,159915,创业板ETF易方达,3.221,3.205,3.221,3.182,852486.0,272827856.0,1.21,-0.5,-0.016,0.81,eastmoney,qfq
2021-10-28,159915,创业板ETF易方达,3.196,3.178,3.232,3.163,1298800.0,415142992.0,2.15,-0.84,-0.027,1.23,eastmoney,qfq
2021-10-29,159915,创业板ETF易方达,3.186,3.249,3.25,3.151,1622370.0,519204480.0,3.12,2.23,0.071,1.54,eastmoney,qfq
2021-11-01,159915,创业板ETF易方达,3.245,3.224,3.268,3.201,1219758.0,394374048.0,2.06,-0.77,-0.025,1.16,eastmoney,qfq
2021-11-02,159915,创业板ETF易方达,3.227,3.228,3.266,3.205,1301082.0,421526528.0,1.89,0.12,0.004,1.24,eastmoney,qfq
2021-11-03,159915,创业板ETF易方达,3.213,3.222,3.26,3.198,1190392.0,384321856.0,1.92,-0.19,-0.006,1.13,eastmoney,qfq
2021-11-04,159915,创业板ETF易方达,3.233,3.26,3.275,3.233,1151153.0,374782368.0,1.3,1.18,0.038,1.09,eastmoney,qfq
2021-11-05,159915,创业板ETF易方达,3.243,3.248,3.276,3.243,986307.0,321718704.0,1.01,-0.37,-0.012,0.94,eastmoney,qfq
2021-11-08,159915,创业板ETF易方达,3.24,3.278,3.287,3.234,1064489.0,347490992.0,1.63,0.92,0.03,1.01,eastmoney,qfq
2021-11-09,159915,创业板ETF易方达,3.278,3.3,3.302,3.269,977717.0,321415216.0,1.01,0.67,0.022,0.93,eastmoney,qfq
2021-11-10,159915,创业板ETF易方达,3.287,3.296,3.3,3.236,1444681.0,472925648.0,1.94,-0.12,-0.004,1.37,eastmoney,qfq
2021-11-11,159915,创业板ETF易方达,3.284,3.324,3.333,3.279,928950.0,308172880.0,1.64,0.85,0.028,0.88,eastmoney,qfq
2021-11-12,159915,创业板ETF易方达,3.318,3.324,3.335,3.3,910840.0,302146416.0,1.05,0.0,0.0,0.87,eastmoney,qfq
2021-11-15,159915,创业板ETF易方达,3.324,3.295,3.329,3.284,1094791.0,361456656.0,1.35,-0.87,-0.029,1.04,eastmoney,qfq
2021-11-16,159915,创业板ETF易方达,3.292,3.282,3.315,3.28,991753.0,326985008.0,1.06,-0.39,-0.013,0.94,eastmoney,qfq
2021-11-17,159915,创业板ETF易方达,3.284,3.317,3.319,3.284,877420.0,290279984.0,1.07,1.07,0.035,0.83,eastmoney,qfq
2021-11-18,159915,创业板ETF易方达,3.305,3.274,3.308,3.268,1353350.0,444481600.0,1.21,-1.3,-0.043,1.29,eastmoney,qfq
2021-11-19,159915,创业板ETF易方达,3.273,3.313,3.315,3.271,1198829.0,395483408.0,1.34,1.19,0.039,1.14,eastmoney,qfq
2021-11-22,159915,创业板ETF易方达,3.322,3.393,3.395,3.314,1383692.0,465562688.0,2.44,2.41,0.08,1.31,eastmoney,qfq
2021-11-23,159915,创业板ETF易方达,3.392,3.38,3.402,3.371,874429.0,296005008.0,0.91,-0.38,-0.013,0.83,eastmoney,qfq
2021-11-24,159915,创业板ETF易方达,3.381,3.362,3.392,3.357,905310.0,305382864.0,1.04,-0.53,-0.018,0.86,eastmoney,qfq
2021-11-25,159915,创业板ETF易方达,3.366,3.368,3.386,3.353,1120023.0,377306224.0,0.98,0.18,0.006,1.06,eastmoney,qfq
2021-11-26,159915,创业板ETF易方达,3.367,3.364,3.39,3.35,643308.0,216778344.0,1.19,-0.12,-0.004,0.61,eastmoney,qfq
2021-11-29,159915,创业板ETF易方达,3.345,3.389,3.411,3.338,1478543.0,501423040.0,2.17,0.74,0.025,1.4,eastmoney,qfq
2021-11-30,159915,创业板ETF易方达,3.395,3.386,3.408,3.364,1315321.0,444538656.0,1.3,-0.09,-0.003,1.25,eastmoney,qfq
2021-12-01,159915,创业板ETF易方达,3.377,3.365,3.389,3.352,785130.0,264340175.0,1.09,-0.62,-0.021,0.75,eastmoney,qfq
2021-12-02,159915,创业板ETF易方达,3.354,3.355,3.375,3.346,715812.0,240583837.0,0.86,-0.3,-0.01,0.68,eastmoney,qfq
2021-12-03,159915,创业板ETF易方达,3.355,3.37,3.372,3.34,918558.0,308520256.0,0.95,0.45,0.015,0.87,eastmoney,qfq
2021-12-06,159915,创业板ETF易方达,3.354,3.294,3.368,3.293,1355422.0,450904336.0,2.23,-2.26,-0.076,1.29,eastmoney,qfq
2021-12-07,159915,创业板ETF易方达,3.314,3.266,3.317,3.235,1328362.0,433547040.0,2.49,-0.85,-0.028,1.26,eastmoney,qfq
2021-12-08,159915,创业板ETF易方达,3.266,3.314,3.32,3.266,1139795.0,375738224.0,1.65,1.47,0.048,1.08,eastmoney,qfq
2021-12-09,159915,创业板ETF易方达,3.304,3.353,3.353,3.29,1298926.0,432890832.0,1.9,1.18,0.039,1.23,eastmoney,qfq
2021-12-10,159915,创业板ETF易方达,3.335,3.37,3.377,3.324,795567.0,266988997.0,1.58,0.51,0.017,0.76,eastmoney,qfq
2021-12-13,159915,创业板ETF易方达,3.362,3.389,3.4,3.347,1037874.0,351039664.0,1.57,0.56,0.019,0.99,eastmoney,qfq
2021-12-14,159915,创业板ETF易方达,3.37,3.384,3.396,3.37,776587.0,262770210.0,0.77,-0.15,-0.005,0.74,eastmoney,qfq
2021-12-15,159915,创业板ETF易方达,3.382,3.355,3.411,3.355,803330.0,271904784.0,1.65,-0.86,-0.029,0.76,eastmoney,qfq
2021-12-16,159915,创业板ETF易方达,3.361,3.378,3.384,3.357,744559.0,250958262.0,0.8,0.69,0.023,0.71,eastmoney,qfq
2021-12-17,159915,创业板ETF易方达,3.376,3.328,3.376,3.32,917412.0,306517648.0,1.66,-1.48,-0.05,0.87,eastmoney,qfq
2021-12-20,159915,创业板ETF易方达,3.322,3.225,3.328,3.218,1810235.0,589476640.0,3.31,-3.09,-0.103,1.72,eastmoney,qfq
2021-12-21,159915,创业板ETF易方达,3.227,3.247,3.25,3.204,1604192.0,518742688.0,1.43,0.68,0.022,1.52,eastmoney,qfq
2021-12-22,159915,创业板ETF易方达,3.249,3.26,3.273,3.248,955849.0,311821728.0,0.77,0.4,0.013,0.91,eastmoney,qfq
2021-12-23,159915,创业板ETF易方达,3.269,3.269,3.282,3.252,744303.0,243092924.0,0.92,0.28,0.009,0.71,eastmoney,qfq
2021-12-24,159915,创业板ETF易方达,3.268,3.196,3.275,3.181,1182512.0,379369584.0,2.88,-2.23,-0.073,1.12,eastmoney,qfq
2021-12-27,159915,创业板ETF易方达,3.183,3.19,3.212,3.173,1026215.0,327519840.0,1.22,-0.19,-0.006,0.98,eastmoney,qfq
2021-12-28,159915,创业板ETF易方达,3.193,3.226,3.229,3.178,1425478.0,456900672.0,1.6,1.13,0.036,1.35,eastmoney,qfq
2021-12-29,159915,创业板ETF易方达,3.216,3.182,3.218,3.176,1414972.0,451279120.0,1.3,-1.36,-0.044,1.34,eastmoney,qfq
2021-12-30,159915,创业板ETF易方达,3.18,3.219,3.233,3.176,1940254.0,623398576.0,1.79,1.16,0.037,1.84,eastmoney,qfq
2021-12-31,159915,创业板ETF易方达,3.231,3.218,3.247,3.207,1135672.0,365770848.0,1.24,-0.03,-0.001,1.08,eastmoney,qfq
2022-01-04,159915,创业板ETF易方达,3.236,3.154,3.242,3.14,1329408.0,420460016.0,3.17,-1.99,-0.064,1.26,eastmoney,qfq
2022-01-05,159915,创业板ETF易方达,3.151,3.064,3.151,3.049,3326676.0,1024198000.0,3.23,-2.85,-0.09,3.16,eastmoney,qfq
2022-01-06,159915,创业板ETF易方达,3.043,3.034,3.054,2.999,3940022.0,1191713456.0,1.8,-0.98,-0.03,3.74,eastmoney,qfq
2022-01-07,159915,创业板ETF易方达,3.035,3.003,3.046,2.998,2532898.0,763631792.0,1.58,-1.02,-0.031,2.41,eastmoney,qfq
2022-01-10,159915,创业板ETF易方达,3.0,2.998,3.018,2.958,2563940.0,766782192.0,2.0,-0.17,-0.005,2.44,eastmoney,qfq
2022-01-11,159915,创业板ETF易方达,2.998,2.96,3.008,2.956,2460580.0,731615232.0,1.73,-1.27,-0.038,2.34,eastmoney,qfq
2022-01-12,159915,创业板ETF易方达,2.984,3.035,3.039,2.984,3398322.0,1024275776.0,1.86,2.53,0.075,3.23,eastmoney,qfq
2022-01-13,159915,创业板ETF易方达,3.042,2.99,3.043,2.988,2161757.0,650933056.0,1.81,-1.48,-0.045,2.05,eastmoney,qfq
2022-01-14,159915,创业板ETF易方达,2.975,3.015,3.027,2.967,2101345.0,631548720.0,2.01,0.84,0.025,2.0,eastmoney,qfq
2022-01-17,159915,创业板ETF易方达,3.0,3.068,3.075,3.0,1880369.0,574324704.0,2.49,1.76,0.053,1.79,eastmoney,qfq
2022-01-18,159915,创业板ETF易方达,3.057,3.047,3.075,3.038,1633493.0,499162016.0,1.21,-0.68,-0.021,1.55,eastmoney,qfq
2022-01-19,159915,创业板ETF易方达,3.036,2.985,3.047,2.958,3143886.0,940912464.0,2.92,-2.03,-0.062,2.99,eastmoney,qfq
2022-01-20,159915,创业板ETF易方达,2.973,2.975,3.002,2.962,1806636.0,538084528.0,1.34,-0.34,-0.01,1.72,eastmoney,qfq
2022-01-21,159915,创业板ETF易方达,2.957,2.941,2.973,2.927,2693107.0,792706576.0,1.55,-1.14,-0.034,2.56,eastmoney,qfq
2022-01-24,159915,创业板ETF易方达,2.929,2.962,2.972,2.924,2375722.0,701816608.0,1.63,0.71,0.021,2.26,eastmoney,qfq
2022-01-25,159915,创业板ETF易方达,2.94,2.881,2.961,2.881,2869779.0,838924816.0,2.7,-2.73,-0.081,2.73,eastmoney,qfq
2022-01-26,159915,创业板ETF易方达,2.893,2.906,2.914,2.86,2292046.0,663438512.0,1.87,0.87,0.025,2.18,eastmoney,qfq
2022-01-27,159915,创业板ETF易方达,2.889,2.815,2.904,2.813,4025788.0,1146566928.0,3.13,-3.13,-0.091,3.83,eastmoney,qfq
2022-01-28,159915,创业板ETF易方达,2.848,2.819,2.869,2.794,3053074.0,866769776.0,2.66,0.14,0.004,2.9,eastmoney,qfq
2022-02-07,159915,创业板ETF易方达,2.87,2.83,2.891,2.815,2575698.0,734467152.0,2.7,0.39,0.011,2.45,eastmoney,qfq
2022-02-08,159915,创业板ETF易方达,2.826,2.758,2.826,2.697,4540175.0,1245274528.0,4.56,-2.54,-0.072,4.31,eastmoney,qfq
2022-02-09,159915,创业板ETF易方达,2.749,2.791,2.797,2.729,2759428.0,763262240.0,2.47,1.2,0.033,2.62,eastmoney,qfq
2022-02-10,159915,创业板ETF易方达,2.794,2.74,2.8,2.711,3709244.0,1016153808.0,3.19,-1.83,-0.051,3.52,eastmoney,qfq
2022-02-11,159915,创业板ETF易方达,2.715,2.66,2.725,2.655,4349599.0,1171177440.0,2.55,-2.92,-0.08,4.13,eastmoney,qfq
2022-02-14,159915,创业板ETF易方达,2.648,2.646,2.687,2.626,3943463.0,1047249840.0,2.29,-0.53,-0.014,3.75,eastmoney,qfq
2022-02-15,159915,创业板ETF易方达,2.653,2.726,2.728,2.653,4685596.0,1262875392.0,2.83,3.02,0.08,4.45,eastmoney,qfq
2022-02-16,159915,创业板ETF易方达,2.733,2.725,2.75,2.718,3140857.0,859252096.0,1.17,-0.04,-0.001,2.98,eastmoney,qfq
2022-02-17,159915,创业板ETF易方达,2.716,2.744,2.768,2.705,3360070.0,922856288.0,2.31,0.7,0.019,3.19,eastmoney,qfq
2022-02-18,159915,创业板ETF易方达,2.727,2.739,2.74,2.713,2491155.0,679899440.0,0.98,-0.18,-0.005,2.37,eastmoney,qfq
2022-02-21,159915,创业板ETF易方达,2.739,2.713,2.747,2.706,2448619.0,666516016.0,1.5,-0.95,-0.026,2.33,eastmoney,qfq
2022-02-22,159915,创业板ETF易方达,2.689,2.678,2.692,2.656,3733094.0,996241152.0,1.33,-1.29,-0.035,3.55,eastmoney,qfq
2022-02-23,159915,创业板ETF易方达,2.683,2.754,2.754,2.68,3632140.0,989582144.0,2.76,2.84,0.076,3.45,eastmoney,qfq
2022-02-24,159915,创业板ETF易方达,2.721,2.693,2.759,2.662,4697380.0,1275508048.0,3.52,-2.21,-0.061,4.46,eastmoney,qfq
2022-02-25,159915,创业板ETF易方达,2.732,2.763,2.79,2.732,4171521.0,1153131744.0,2.15,2.6,0.07,3.96,eastmoney,qfq
2022-02-28,159915,创业板ETF易方达,2.763,2.786,2.787,2.741,2973351.0,822801648.0,1.66,0.83,0.023,2.83,eastmoney,qfq
2022-03-01,159915,创业板ETF易方达,2.8,2.795,2.814,2.772,2971590.0,829887584.0,1.51,0.32,0.009,2.82,eastmoney,qfq
2022-03-02,159915,创业板ETF易方达,2.777,2.741,2.777,2.721,3239070.0,887831888.0,2.0,-1.93,-0.054,3.08,eastmoney,qfq
2022-03-03,159915,创业板ETF易方达,2.76,2.704,2.761,2.701,3557835.0,967361088.0,2.19,-1.35,-0.037,3.38,eastmoney,qfq
2022-03-04,159915,创业板ETF易方达,2.681,2.662,2.71,2.652,4215688.0,1129164384.0,2.14,-1.55,-0.042,4.01,eastmoney,qfq
2022-03-07,159915,创业板ETF易方达,2.641,2.543,2.642,2.535,6574311.0,1693028064.0,4.02,-4.47,-0.119,6.25,eastmoney,qfq
2022-03-08,159915,创业板ETF易方达,2.54,2.507,2.568,2.486,8234743.0,2081933920.0,3.22,-1.42,-0.036,7.83,eastmoney,qfq
2022-03-09,159915,创业板ETF易方达,2.515,2.483,2.526,2.388,10003297.0,2464941040.0,5.5,-0.96,-0.024,9.51,eastmoney,qfq
2022-03-10,159915,创业板ETF易方达,2.552,2.547,2.578,2.525,9371422.0,2395099648.0,2.13,2.58,0.064,8.91,eastmoney,qfq
2022-03-11,159915,创业板ETF易方达,2.502,2.583,2.585,2.484,5741455.0,1451675040.0,3.97,1.41,0.036,5.46,eastmoney,qfq
2022-03-14,159915,创业板ETF易方达,2.547,2.49,2.564,2.489,5004129.0,1264484848.0,2.9,-3.6,-0.093,4.76,eastmoney,qfq
2022-03-15,159915,创业板ETF易方达,2.455,2.421,2.54,2.421,7203711.0,1782042416.0,4.78,-2.77,-0.069,6.85,eastmoney,qfq
2022-03-16,159915,创业板ETF易方达,2.46,2.552,2.557,2.4,11182561.0,2779605344.0,6.48,5.41,0.131,10.63,eastmoney,qfq
2022-03-17,159915,创业板ETF易方达,2.595,2.624,2.674,2.59,9819180.0,2582585872.0,3.29,2.82,0.072,9.33,eastmoney,qfq
2022-03-18,159915,创业板ETF易方达,2.61,2.635,2.642,2.582,4074621.0,1064215120.0,2.29,0.42,0.011,3.87,eastmoney,qfq
2022-03-21,159915,创业板ETF易方达,2.639,2.636,2.666,2.614,4590040.0,1212819344.0,1.97,0.04,0.001,4.36,eastmoney,qfq
2022-03-22,159915,创业板ETF易方达,2.623,2.602,2.626,2.589,3043426.0,792870768.0,1.4,-1.29,-0.034,2.89,eastmoney,qfq
2022-03-23,159915,创业板ETF易方达,2.619,2.629,2.639,2.597,3441752.0,902277648.0,1.61,1.04,0.027,3.27,eastmoney,qfq
2022-03-24,159915,创业板ETF易方达,2.605,2.62,2.638,2.571,4342960.0,1128841040.0,2.55,-0.34,-0.009,4.13,eastmoney,qfq
2022-03-25,159915,创业板ETF易方达,2.612,2.565,2.627,2.559,5088554.0,1313441856.0,2.6,-2.1,-0.055,4.84,eastmoney,qfq
2022-03-28,159915,创业板ETF易方达,2.54,2.512,2.545,2.494,5459154.0,1374741680.0,1.99,-2.07,-0.053,5.19,eastmoney,qfq
2022-03-29,159915,创业板ETF易方达,2.517,2.511,2.548,2.499,4138832.0,1044201424.0,1.95,-0.04,-0.001,3.93,eastmoney,qfq
2022-03-30,159915,创业板ETF易方达,2.527,2.61,2.61,2.524,5443448.0,1401462032.0,3.42,3.94,0.099,5.17,eastmoney,qfq
2022-03-31,159915,创业板ETF易方达,2.595,2.574,2.6,2.563,3904354.0,1006760048.0,1.42,-1.38,-0.036,3.71,eastmoney,qfq
2022-04-01,159915,创业板ETF易方达,2.55,2.58,2.599,2.548,4210102.0,1086474048.0,1.98,0.23,0.006,4.0,eastmoney,qfq
2022-04-06,159915,创业板ETF易方达,2.566,2.55,2.577,2.533,3535043.0,900487024.0,1.71,-1.16,-0.03,3.36,eastmoney,qfq
2022-04-07,159915,创业板ETF易方达,2.535,2.496,2.547,2.495,4428186.0,1112917408.0,2.04,-2.12,-0.054,4.21,eastmoney,qfq
2022-04-08,159915,创业板ETF易方达,2.496,2.491,2.525,2.467,3466390.0,864112992.0,2.32,-0.2,-0.005,3.29,eastmoney,qfq
2022-04-11,159915,创业板ETF易方达,2.46,2.386,2.465,2.378,6050103.0,1456176624.0,3.49,-4.22,-0.105,5.75,eastmoney,qfq
2022-04-12,159915,创业板ETF易方达,2.386,2.44,2.442,2.381,4713928.0,1136473152.0,2.56,2.26,0.054,4.48,eastmoney,qfq
2022-04-13,159915,创业板ETF易方达,2.418,2.394,2.433,2.391,4781737.0,1152801776.0,1.72,-1.89,-0.046,4.54,eastmoney,qfq
2022-04-14,159915,创业板ETF易方达,2.42,2.389,2.43,2.365,7573057.0,1810300880.0,2.72,-0.21,-0.005,7.2,eastmoney,qfq
2022-04-15,159915,创业板ETF易方达,2.36,2.385,2.406,2.339,5226941.0,1238914352.0,2.8,-0.17,-0.004,4.97,eastmoney,qfq
2022-04-18,159915,创业板ETF易方达,2.361,2.412,2.413,2.335,5381764.0,1280920672.0,3.27,1.13,0.027,5.11,eastmoney,qfq
2022-04-19,159915,创业板ETF易方达,2.398,2.377,2.43,2.368,4388862.0,1049972640.0,2.57,-1.45,-0.035,4.17,eastmoney,qfq
2022-04-20,159915,创业板ETF易方达,2.376,2.288,2.376,2.284,8180802.0,1899263296.0,3.87,-3.74,-0.089,7.77,eastmoney,qfq
2022-04-21,159915,创业板ETF易方达,2.27,2.24,2.304,2.227,6554452.0,1485233312.0,3.37,-2.1,-0.048,6.23,eastmoney,qfq
2022-04-22,159915,创业板ETF易方达,2.221,2.225,2.252,2.207,5942086.0,1324393072.0,2.01,-0.67,-0.015,5.65,eastmoney,qfq
2022-04-25,159915,创业板ETF易方达,2.177,2.103,2.192,2.103,10441595.0,2241221680.0,4.0,-5.48,-0.122,9.92,eastmoney,qfq
2022-04-26,159915,创业板ETF易方达,2.103,2.086,2.15,2.083,10201517.0,2151858224.0,3.19,-0.81,-0.017,9.69,eastmoney,qfq
2022-04-27,159915,创业板ETF易方达,2.066,2.2,2.2,2.057,13651751.0,2893832000.0,6.86,5.47,0.114,12.97,eastmoney,qfq
2022-04-28,159915,创业板ETF易方达,2.172,2.158,2.194,2.138,7788323.0,1683688128.0,2.55,-1.91,-0.042,7.4,eastmoney,qfq
2022-04-29,159915,创业板ETF易方达,2.166,2.244,2.25,2.152,8381799.0,1849314400.0,4.54,3.99,0.086,7.96,eastmoney,qfq
2022-05-05,159915,创业板ETF易方达,2.2,2.212,2.244,2.174,7654924.0,1693006832.0,3.12,-1.43,-0.032,7.27,eastmoney,qfq
2022-05-06,159915,创业板ETF易方达,2.16,2.177,2.203,2.148,7336270.0,1598495152.0,2.49,-1.58,-0.035,6.97,eastmoney,qfq
2022-05-09,159915,创业板ETF易方达,2.165,2.162,2.194,2.145,3274220.0,709048112.0,2.25,-0.69,-0.015,3.11,eastmoney,qfq
2022-05-10,159915,创业板ETF易方达,2.136,2.204,2.217,2.121,6378781.0,1394483024.0,4.44,1.94,0.042,6.06,eastmoney,qfq
2022-05-11,159915,创业板ETF易方达,2.206,2.272,2.323,2.203,12844831.0,2927962880.0,5.44,3.09,0.068,12.21,eastmoney,qfq
2022-05-12,159915,创业板ETF易方达,2.256,2.277,2.295,2.251,6115130.0,1390418816.0,1.94,0.22,0.005,5.81,eastmoney,qfq
2022-05-13,159915,创业板ETF易方达,2.29,2.285,2.298,2.26,4332170.0,987480480.0,1.67,0.35,0.008,4.12,eastmoney,qfq
2022-05-16,159915,创业板ETF易方达,2.295,2.257,2.319,2.256,4600004.0,1048772704.0,2.76,-1.23,-0.028,4.37,eastmoney,qfq
2022-05-17,159915,创业板ETF易方达,2.256,2.293,2.297,2.249,3402680.0,775875472.0,2.13,1.6,0.036,3.23,eastmoney,qfq
2022-05-18,159915,创业板ETF易方达,2.291,2.29,2.31,2.277,2977280.0,682924960.0,1.44,-0.13,-0.003,2.83,eastmoney,qfq
2022-05-19,159915,创业板ETF易方达,2.255,2.306,2.306,2.255,3944608.0,900615504.0,2.23,0.7,0.016,3.75,eastmoney,qfq
2022-05-20,159915,创业板ETF易方达,2.317,2.347,2.352,2.31,3843675.0,896931088.0,1.82,1.78,0.041,3.65,eastmoney,qfq
2022-05-23,159915,创业板ETF易方达,2.347,2.332,2.348,2.313,3007046.0,700392448.0,1.49,-0.64,-0.015,2.86,eastmoney,qfq
2022-05-24,159915,创业板ETF易方达,2.331,2.246,2.331,2.246,5710831.0,1301870288.0,3.64,-3.69,-0.086,5.43,eastmoney,qfq
2022-05-25,159915,创业板ETF易方达,2.246,2.253,2.26,2.233,4450353.0,998804928.0,1.2,0.31,0.007,4.23,eastmoney,qfq
2022-05-26,159915,创业板ETF易方达,2.254,2.249,2.271,2.212,4963802.0,1114149056.0,2.62,-0.18,-0.004,4.72,eastmoney,qfq
2022-05-27,159915,创业板ETF易方达,2.268,2.251,2.304,2.238,4631267.0,1052158832.0,2.93,0.09,0.002,4.4,eastmoney,qfq
2022-05-30,159915,创业板ETF易方达,2.262,2.276,2.289,2.252,3592693.0,816599728.0,1.64,1.11,0.025,3.41,eastmoney,qfq
2022-05-31,159915,创业板ETF易方达,2.276,2.334,2.338,2.251,3969815.0,913288800.0,3.82,2.55,0.058,3.77,eastmoney,qfq
2022-06-01,159915,创业板ETF易方达,2.333,2.354,2.366,2.321,4131103.0,970268944.0,1.93,0.86,0.02,3.93,eastmoney,qfq
2022-06-02,159915,创业板ETF易方达,2.341,2.386,2.389,2.336,3273884.0,777180736.0,2.25,1.36,0.032,3.11,eastmoney,qfq
2022-06-06,159915,创业板ETF易方达,2.38,2.477,2.483,2.379,4656797.0,1141794048.0,4.36,3.81,0.091,4.43,eastmoney,qfq
2022-06-07,159915,创业板ETF易方达,2.474,2.478,2.498,2.457,3160635.0,782226848.0,1.66,0.04,0.001,3.0,eastmoney,qfq
2022-06-08,159915,创业板ETF易方达,2.477,2.494,2.498,2.433,3920410.0,966851632.0,2.62,0.65,0.016,3.73,eastmoney,qfq
2022-06-09,159915,创业板ETF易方达,2.477,2.423,2.487,2.419,3320643.0,813530320.0,2.73,-2.85,-0.071,3.16,eastmoney,qfq
2022-06-10,159915,创业板ETF易方达,2.408,2.48,2.481,2.404,3144430.0,771162256.0,3.18,2.35,0.057,2.99,eastmoney,qfq
2022-06-13,159915,创业板ETF易方达,2.458,2.469,2.488,2.448,2799829.0,690639936.0,1.61,-0.44,-0.011,2.66,eastmoney,qfq
2022-06-14,159915,创业板ETF易方达,2.443,2.475,2.48,2.388,4204232.0,1020709280.0,3.73,0.24,0.006,4.0,eastmoney,qfq
2022-06-15,159915,创业板ETF易方达,2.476,2.497,2.554,2.473,5041002.0,1265062240.0,3.27,0.89,0.022,4.79,eastmoney,qfq
2022-06-16,159915,创业板ETF易方达,2.498,2.507,2.539,2.494,3656097.0,920034928.0,1.8,0.4,0.01,3.47,eastmoney,qfq
2022-06-17,159915,创业板ETF易方达,2.482,2.584,2.588,2.482,4633465.0,1181373872.0,4.23,3.07,0.077,4.4,eastmoney,qfq
2022-06-20,159915,创业板ETF易方达,2.59,2.626,2.661,2.588,4342664.0,1139676096.0,2.83,1.63,0.042,4.13,eastmoney,qfq
2022-06-21,159915,创业板ETF易方达,2.626,2.615,2.643,2.586,3433377.0,896834432.0,2.17,-0.42,-0.011,3.26,eastmoney,qfq
2022-06-22,159915,创业板ETF易方达,2.614,2.596,2.642,2.595,3377905.0,885373232.0,1.8,-0.73,-0.019,3.21,eastmoney,qfq
2022-06-23,159915,创业板ETF易方达,2.601,2.68,2.68,2.594,3333111.0,879219376.0,3.31,3.24,0.084,3.17,eastmoney,qfq
2022-06-24,159915,创业板ETF易方达,2.697,2.738,2.74,2.678,3443233.0,934975888.0,2.31,2.16,0.058,3.27,eastmoney,qfq
2022-06-27,159915,创业板ETF易方达,2.751,2.741,2.78,2.735,3511708.0,967427232.0,1.64,0.11,0.003,3.34,eastmoney,qfq
2022-06-28,159915,创业板ETF易方达,2.739,2.754,2.767,2.69,3019686.0,821994192.0,2.81,0.47,0.013,2.87,eastmoney,qfq
2022-06-29,159915,创业板ETF易方达,2.734,2.683,2.76,2.68,4188196.0,1139624736.0,2.9,-2.58,-0.071,3.98,eastmoney,qfq
2022-06-30,159915,创业板ETF易方达,2.689,2.73,2.751,2.689,3851202.0,1049192624.0,2.31,1.75,0.047,3.66,eastmoney,qfq
2022-07-01,159915,创业板ETF易方达,2.728,2.699,2.738,2.687,3733177.0,1012247104.0,1.87,-1.14,-0.031,3.55,eastmoney,qfq
2022-07-04,159915,创业板ETF易方达,2.682,2.75,2.75,2.663,4224542.0,1149825968.0,3.22,1.89,0.051,4.01,eastmoney,qfq
2022-07-05,159915,创业板ETF易方达,2.758,2.739,2.784,2.701,3190755.0,872914384.0,3.02,-0.4,-0.011,3.03,eastmoney,qfq
2022-07-06,159915,创业板ETF易方达,2.734,2.725,2.773,2.694,3553013.0,973782192.0,2.88,-0.51,-0.014,3.38,eastmoney,qfq
2022-07-07,159915,创业板ETF易方达,2.721,2.769,2.77,2.709,2977018.0,817217264.0,2.24,1.61,0.044,2.83,eastmoney,qfq
2022-07-08,159915,创业板ETF易方达,2.779,2.731,2.803,2.727,3410261.0,940906416.0,2.74,-1.37,-0.038,3.24,eastmoney,qfq
2022-07-11,159915,创业板ETF易方达,2.729,2.69,2.729,2.661,3312053.0,889549024.0,2.49,-1.5,-0.041,3.15,eastmoney,qfq
2022-07-12,159915,创业板ETF易方达,2.682,2.622,2.692,2.618,3666848.0,970727725.576,2.75,-2.53,-0.068,3.48,eastmoney,qfq
2022-07-13,159915,创业板ETF易方达,2.628,2.665,2.681,2.595,4034359.0,1065751082.83,3.28,1.64,0.043,3.83,eastmoney,qfq
2022-07-14,159915,创业板ETF易方达,2.653,2.735,2.758,2.649,4022018.0,1094292975.736,4.09,2.63,0.07,3.82,eastmoney,qfq
2022-07-15,159915,创业板ETF易方达,2.729,2.68,2.755,2.68,3179270.0,865852959.113,2.74,-2.01,-0.055,3.02,eastmoney,qfq
2022-07-18,159915,创业板ETF易方达,2.685,2.717,2.732,2.657,2959546.0,797786444.434,2.8,1.38,0.037,2.81,eastmoney,qfq
2022-07-19,159915,创业板ETF易方达,2.715,2.67,2.715,2.658,3179314.0,853331935.532,2.1,-1.73,-0.047,3.02,eastmoney,qfq
2022-07-20,159915,创业板ETF易方达,2.682,2.68,2.706,2.674,2115302.0,569203440.3,1.2,0.37,0.01,2.01,eastmoney,qfq
2022-07-21,159915,创业板ETF易方达,2.674,2.67,2.712,2.66,2400850.0,645789345.0,1.94,-0.37,-0.01,2.28,eastmoney,qfq
2022-07-22,159915,创业板ETF易方达,2.694,2.651,2.706,2.635,2731006.0,729309353.181,2.66,-0.71,-0.019,2.6,eastmoney,qfq
2022-07-25,159915,创业板ETF易方达,2.647,2.629,2.657,2.615,2688917.0,707531030.318,1.58,-0.83,-0.022,2.56,eastmoney,qfq
2022-07-26,159915,创业板ETF易方达,2.628,2.634,2.65,2.603,2964000.0,778613116.443,1.79,0.19,0.005,2.82,eastmoney,qfq
2022-07-27,159915,创业板ETF易方达,2.629,2.637,2.65,2.616,2480509.0,652824562.765,1.29,0.11,0.003,2.36,eastmoney,qfq
2022-07-28,159915,创业板ETF易方达,2.653,2.629,2.669,2.624,2803313.0,741482248.241,1.71,-0.3,-0.008,2.66,eastmoney,qfq
2022-07-29,159915,创业板ETF易方达,2.633,2.594,2.639,2.588,3248334.0,847751101.941,1.94,-1.33,-0.035,3.09,eastmoney,qfq
2022-08-01,159915,创业板ETF易方达,2.58,2.657,2.657,2.562,2966450.0,776182250.824,3.66,2.43,0.063,2.82,eastmoney,qfq
2022-08-02,159915,创业板ETF易方达,2.627,2.605,2.637,2.575,3618875.0,943589432.36,2.33,-1.96,-0.052,3.44,eastmoney,qfq
2022-08-03,159915,创业板ETF易方达,2.613,2.553,2.637,2.545,2941596.0,761912522.285,3.53,-2.0,-0.052,2.8,eastmoney,qfq
2022-08-04,159915,创业板ETF易方达,2.56,2.565,2.578,2.536,2737219.0,700218509.72,1.65,0.47,0.012,2.6,eastmoney,qfq
2022-08-05,159915,创业板ETF易方达,2.566,2.606,2.61,2.561,2975011.0,770493902.012,1.91,1.6,0.041,2.83,eastmoney,qfq
2022-08-08,159915,创业板ETF易方达,2.588,2.596,2.602,2.571,2255928.0,584360799.7,1.19,-0.38,-0.01,2.14,eastmoney,qfq
2022-08-09,159915,创业板ETF易方达,2.596,2.614,2.62,2.58,1817196.0,473721182.8,1.54,0.69,0.018,1.73,eastmoney,qfq
2022-08-10,159915,创业板ETF易方达,2.606,2.579,2.614,2.57,2017434.0,522628844.3,1.68,-1.34,-0.035,1.92,eastmoney,qfq
2022-08-11,159915,创业板ETF易方达,2.59,2.647,2.647,2.572,2920715.0,764684794.001,2.91,2.64,0.068,2.78,eastmoney,qfq
2022-08-12,159915,创业板ETF易方达,2.633,2.613,2.639,2.611,2392295.0,626906468.393,1.06,-1.28,-0.034,2.27,eastmoney,qfq
2022-08-15,159915,创业板ETF易方达,2.606,2.638,2.654,2.606,2141853.0,564950676.542,1.84,0.96,0.025,2.04,eastmoney,qfq
2022-08-16,159915,创业板ETF易方达,2.639,2.652,2.679,2.638,2113154.0,562021362.388,1.55,0.53,0.014,2.01,eastmoney,qfq
2022-08-17,159915,创业板ETF易方达,2.653,2.695,2.702,2.639,2512153.0,671659961.919,2.38,1.62,0.043,2.39,eastmoney,qfq
2022-08-18,159915,创业板ETF易方达,2.687,2.693,2.713,2.682,1946039.0,525084893.15,1.15,-0.07,-0.002,1.85,eastmoney,qfq
2022-08-19,159915,创业板ETF易方达,2.693,2.653,2.698,2.652,1925441.0,514616519.95,1.71,-1.49,-0.04,1.83,eastmoney,qfq
2022-08-22,159915,创业板ETF易方达,2.65,2.699,2.701,2.634,2411756.0,645464008.882,2.53,1.73,0.046,2.29,eastmoney,qfq
2022-08-23,159915,创业板ETF易方达,2.69,2.697,2.719,2.683,2043619.0,551734915.695,1.33,-0.07,-0.002,1.94,eastmoney,qfq
2022-08-24,159915,创业板ETF易方达,2.714,2.6,2.721,2.597,3869852.0,1021893624.731,4.6,-3.6,-0.097,3.68,eastmoney,qfq
2022-08-25,159915,创业板ETF易方达,2.604,2.59,2.615,2.558,2546453.0,657182670.848,2.19,-0.38,-0.01,2.42,eastmoney,qfq
2022-08-26,159915,创业板ETF易方达,2.581,2.566,2.598,2.556,2272271.0,585540538.999,1.62,-0.93,-0.024,2.16,eastmoney,qfq
2022-08-29,159915,创业板ETF易方达,2.541,2.553,2.564,2.525,2273973.0,579746547.3,1.52,-0.51,-0.013,2.16,eastmoney,qfq
2022-08-30,159915,创业板ETF易方达,2.551,2.538,2.555,2.52,2213826.0,561430724.026,1.37,-0.59,-0.015,2.1,eastmoney,qfq
2022-08-31,159915,创业板ETF易方达,2.525,2.491,2.537,2.474,3297222.0,825005583.262,2.48,-1.85,-0.047,3.13,eastmoney,qfq
2022-09-01,159915,创业板ETF易方达,2.487,2.463,2.508,2.457,2949739.0,732782105.919,2.05,-1.12,-0.028,2.8,eastmoney,qfq
2022-09-02,159915,创业板ETF易方达,2.466,2.461,2.48,2.443,3490205.0,858991298.185,1.5,-0.08,-0.002,3.32,eastmoney,qfq
2022-09-05,159915,创业板ETF易方达,2.454,2.467,2.479,2.445,2996766.0,736895176.3,1.38,0.24,0.006,2.85,eastmoney,qfq
2022-09-06,159915,创业板ETF易方达,2.466,2.468,2.47,2.42,4665268.0,1142575774.757,2.03,0.04,0.001,4.43,eastmoney,qfq
2022-09-07,159915,创业板ETF易方达,2.45,2.493,2.509,2.443,3859395.0,959508458.597,2.67,1.01,0.025,3.67,eastmoney,qfq
2022-09-08,159915,创业板ETF易方达,2.494,2.448,2.496,2.445,3447969.0,850822848.67,2.05,-1.81,-0.045,3.28,eastmoney,qfq
2022-09-09,159915,创业板ETF易方达,2.453,2.476,2.477,2.449,2696311.0,664274323.265,1.14,1.14,0.028,2.56,eastmoney,qfq
2022-09-13,159915,创业板ETF易方达,2.485,2.475,2.494,2.46,2035526.0,503964408.823,1.37,-0.04,-0.001,1.93,eastmoney,qfq
2022-09-14,159915,创业板ETF易方达,2.445,2.431,2.454,2.415,2706495.0,659194896.455,1.58,-1.78,-0.044,2.57,eastmoney,qfq
2022-09-15,159915,创业板ETF易方达,2.431,2.349,2.438,2.336,4556434.0,1083976788.256,4.2,-3.37,-0.082,4.33,eastmoney,qfq
2022-09-16,159915,创业板ETF易方达,2.341,2.297,2.356,2.297,4833455.0,1122302443.527,2.51,-2.21,-0.052,4.59,eastmoney,qfq
2022-09-19,159915,创业板ETF易方达,2.292,2.285,2.318,2.27,3991607.0,915197463.826,2.09,-0.52,-0.012,3.79,eastmoney,qfq
2022-09-20,159915,创业板ETF易方达,2.295,2.297,2.327,2.285,3602172.0,830485845.316,1.84,0.53,0.012,3.42,eastmoney,qfq
2022-09-21,159915,创业板ETF易方达,2.284,2.265,2.289,2.256,5211843.0,1181944144.214,1.44,-1.39,-0.032,4.95,eastmoney,qfq
2022-09-22,159915,创业板ETF易方达,2.25,2.252,2.28,2.236,3672890.0,828818164.838,1.94,-0.57,-0.013,3.49,eastmoney,qfq
2022-09-23,159915,创业板ETF易方达,2.245,2.239,2.268,2.209,5317417.0,1189493313.755,2.62,-0.58,-0.013,5.05,eastmoney,qfq
2022-09-26,159915,创业板ETF易方达,2.226,2.253,2.288,2.22,5280030.0,1194645335.225,3.04,0.63,0.014,5.02,eastmoney,qfq
2022-09-27,159915,创业板ETF易方达,2.258,2.306,2.306,2.258,4788444.0,1091035686.312,2.13,2.35,0.053,4.55,eastmoney,qfq
2022-09-28,159915,创业板ETF易方达,2.294,2.249,2.3,2.248,4647200.0,1052922691.876,2.25,-2.47,-0.057,4.42,eastmoney,qfq
2022-09-29,159915,创业板ETF易方达,2.269,2.267,2.288,2.251,4075693.0,925354891.107,1.65,0.8,0.018,3.87,eastmoney,qfq
2022-09-30,159915,创业板ETF易方达,2.259,2.221,2.276,2.219,4371564.0,982234933.625,2.51,-2.03,-0.046,4.15,eastmoney,qfq
2022-10-10,159915,创业板ETF易方达,2.219,2.166,2.232,2.166,4171627.0,915088738.969,2.97,-2.48,-0.055,3.96,eastmoney,qfq
2022-10-11,159915,创业板ETF易方达,2.183,2.192,2.206,2.176,3940142.0,863598840.147,1.39,1.2,0.026,3.74,eastmoney,qfq
2022-10-12,159915,创业板ETF易方达,2.191,2.274,2.275,2.169,7392730.0,1644065087.782,4.84,3.74,0.082,7.03,eastmoney,qfq
2022-10-13,159915,创业板ETF易方达,2.255,2.282,2.305,2.252,5962608.0,1363147675.051,2.33,0.35,0.008,5.67,eastmoney,qfq
2022-10-14,159915,创业板ETF易方达,2.315,2.365,2.38,2.297,6671160.0,1559025000.992,3.64,3.64,0.083,6.34,eastmoney,qfq
2022-10-17,159915,创业板ETF易方达,2.349,2.362,2.375,2.333,3898715.0,918318759.833,1.78,-0.13,-0.003,3.7,eastmoney,qfq
2022-10-18,159915,创业板ETF易方达,2.38,2.373,2.397,2.355,4509612.0,1071043942.248,1.78,0.47,0.011,4.29,eastmoney,qfq
2022-10-19,159915,创业板ETF易方达,2.366,2.355,2.39,2.351,4024150.0,953362760.865,1.64,-0.76,-0.018,3.82,eastmoney,qfq
2022-10-20,159915,创业板ETF易方达,2.34,2.337,2.375,2.296,6670187.0,1556557603.982,3.35,-0.76,-0.018,6.34,eastmoney,qfq
2022-10-21,159915,创业板ETF易方达,2.337,2.321,2.342,2.31,4429153.0,1030042923.653,1.37,-0.68,-0.016,4.21,eastmoney,qfq
2022-10-24,159915,创业板ETF易方达,2.323,2.266,2.348,2.253,7715408.0,1771918160.558,4.09,-2.37,-0.055,7.33,eastmoney,qfq
2022-10-25,159915,创业板ETF易方达,2.252,2.241,2.279,2.214,6661031.0,1496709732.86,2.87,-1.1,-0.025,6.33,eastmoney,qfq
2022-10-26,159915,创业板ETF易方达,2.251,2.302,2.329,2.251,6719579.0,1543143214.042,3.48,2.72,0.061,6.39,eastmoney,qfq
2022-10-27,159915,创业板ETF易方达,2.319,2.265,2.32,2.265,5303540.0,1214527194.908,2.39,-1.61,-0.037,5.04,eastmoney,qfq
2022-10-28,159915,创业板ETF易方达,2.247,2.187,2.259,2.179,7321986.0,1625576082.75,3.53,-3.44,-0.078,6.96,eastmoney,qfq
2022-10-31,159915,创业板ETF易方达,2.166,2.202,2.231,2.164,6828842.0,1503479168.0,3.06,0.69,0.015,6.49,eastmoney,qfq
2022-11-01,159915,创业板ETF易方达,2.208,2.275,2.275,2.186,7625569.0,1699347630.528,4.04,3.32,0.073,7.25,eastmoney,qfq
2022-11-02,159915,创业板ETF易方达,2.261,2.305,2.325,2.256,7214615.0,1655586782.96,3.03,1.32,0.03,6.86,eastmoney,qfq
2022-11-03,159915,创业板ETF易方达,2.283,2.309,2.316,2.283,6292292.0,1449665101.399,1.43,0.17,0.004,5.98,eastmoney,qfq
2022-11-04,159915,创业板ETF易方达,2.307,2.383,2.394,2.304,6868599.0,1620339902.752,3.9,3.2,0.074,6.53,eastmoney,qfq
2022-11-07,159915,创业板ETF易方达,2.372,2.379,2.4,2.36,5431515.0,1292475454.68,1.68,-0.17,-0.004,5.16,eastmoney,qfq
2022-11-08,159915,创业板ETF易方达,2.379,2.363,2.386,2.341,4922189.0,1162296853.3,1.89,-0.67,-0.016,4.68,eastmoney,qfq
2022-11-09,159915,创业板ETF易方达,2.356,2.326,2.362,2.326,5089810.0,1190843693.673,1.52,-1.57,-0.037,4.84,eastmoney,qfq
2022-11-10,159915,创业板ETF易方达,2.313,2.288,2.321,2.276,7389732.0,1697717814.617,1.93,-1.63,-0.038,7.02,eastmoney,qfq
2022-11-11,159915,创业板ETF易方达,2.4,2.33,2.4,2.33,10301881.0,2423406667.954,3.06,1.84,0.042,9.79,eastmoney,qfq
2022-11-14,159915,创业板ETF易方达,2.333,2.302,2.345,2.296,5736871.0,1332197394.816,2.1,-1.2,-0.028,5.45,eastmoney,qfq
2022-11-15,159915,创业板ETF易方达,2.297,2.361,2.362,2.287,6900639.0,1607887432.137,3.26,2.56,0.059,6.56,eastmoney,qfq
2022-11-16,159915,创业板ETF易方达,2.359,2.33,2.372,2.327,5663526.0,1328655949.747,1.91,-1.31,-0.031,5.38,eastmoney,qfq
2022-11-17,159915,创业板ETF易方达,2.322,2.316,2.322,2.281,6296816.0,1446037619.756,1.76,-0.6,-0.014,5.98,eastmoney,qfq
2022-11-18,159915,创业板ETF易方达,2.317,2.315,2.348,2.312,7439799.0,1733414577.115,1.55,-0.04,-0.001,7.07,eastmoney,qfq
2022-11-21,159915,创业板ETF易方达,2.298,2.319,2.32,2.291,3815406.0,879699281.743,1.25,0.17,0.004,3.63,eastmoney,qfq
2022-11-22,159915,创业板ETF易方达,2.312,2.273,2.316,2.263,5982903.0,1368854747.347,2.29,-1.98,-0.046,5.69,eastmoney,qfq
2022-11-23,159915,创业板ETF易方达,2.269,2.269,2.288,2.233,5826873.0,1317378800.065,2.42,-0.18,-0.004,5.54,eastmoney,qfq
2022-11-24,159915,创业板ETF易方达,2.276,2.264,2.289,2.262,3179765.0,723242428.332,1.19,-0.22,-0.005,3.02,eastmoney,qfq
2022-11-25,159915,创业板ETF易方达,2.261,2.242,2.261,2.238,3409459.0,766181308.201,1.02,-0.97,-0.022,3.24,eastmoney,qfq
2022-11-28,159915,创业板ETF易方达,2.203,2.233,2.235,2.197,4870886.0,1077709960.108,1.69,-0.4,-0.009,4.63,eastmoney,qfq
2022-11-29,159915,创业板ETF易方达,2.233,2.268,2.28,2.228,6475879.0,1462123786.67,2.33,1.57,0.035,6.15,eastmoney,qfq
2022-11-30,159915,创业板ETF易方达,2.266,2.265,2.277,2.255,4449866.0,1007896822.454,0.97,-0.13,-0.003,4.23,eastmoney,qfq
2022-12-01,159915,创业板ETF易方达,2.312,2.311,2.332,2.308,6205197.0,1439503784.333,1.06,2.03,0.046,5.9,eastmoney,qfq
2022-12-02,159915,创业板ETF易方达,2.31,2.316,2.339,2.302,4384055.0,1018348442.807,1.6,0.22,0.005,4.17,eastmoney,qfq
2022-12-05,159915,创业板ETF易方达,2.327,2.313,2.334,2.298,7615325.0,1758129142.18,1.55,-0.13,-0.003,7.24,eastmoney,qfq
2022-12-06,159915,创业板ETF易方达,2.301,2.319,2.346,2.299,4939916.0,1147772470.181,2.03,0.26,0.006,4.69,eastmoney,qfq
2022-12-07,159915,创业板ETF易方达,2.311,2.343,2.359,2.308,7450582.0,1744170477.012,2.2,1.03,0.024,7.08,eastmoney,qfq
2022-12-08,159915,创业板ETF易方达,2.337,2.338,2.351,2.326,3043366.0,711782390.406,1.07,-0.21,-0.005,2.89,eastmoney,qfq
2022-12-09,159915,创业板ETF易方达,2.337,2.348,2.353,2.323,3583372.0,837521119.938,1.28,0.43,0.01,3.41,eastmoney,qfq
2022-12-12,159915,创业板ETF易方达,2.342,2.333,2.348,2.33,3881623.0,907490954.931,0.77,-0.64,-0.015,3.69,eastmoney,qfq
2022-12-13,159915,创业板ETF易方达,2.334,2.305,2.336,2.303,3623504.0,838699628.185,1.41,-1.2,-0.028,3.44,eastmoney,qfq
2022-12-14,159915,创业板ETF易方达,2.309,2.299,2.32,2.293,3335662.0,768091406.907,1.17,-0.26,-0.006,3.17,eastmoney,qfq
2022-12-15,159915,创业板ETF易方达,2.299,2.326,2.33,2.295,4351062.0,1005896265.262,1.52,1.17,0.027,4.13,eastmoney,qfq
2022-12-16,159915,创业板ETF易方达,2.312,2.298,2.319,2.291,3966390.0,913544785.517,1.2,-1.2,-0.028,3.77,eastmoney,qfq
2022-12-19,159915,创业板ETF易方达,2.304,2.274,2.317,2.267,4476904.0,1025543893.537,2.18,-1.04,-0.024,4.25,eastmoney,qfq
2022-12-20,159915,创业板ETF易方达,2.27,2.243,2.271,2.242,4084808.0,920756610.852,1.28,-1.36,-0.031,3.88,eastmoney,qfq
2022-12-21,159915,创业板ETF易方达,2.244,2.24,2.253,2.225,3390578.0,759300920.38,1.25,-0.13,-0.003,3.22,eastmoney,qfq
2022-12-22,159915,创业板ETF易方达,2.249,2.235,2.259,2.221,4067703.0,911848117.834,1.7,-0.22,-0.005,3.87,eastmoney,qfq
2022-12-23,159915,创业板ETF易方达,2.216,2.222,2.236,2.207,4362469.0,969067962.9,1.3,-0.58,-0.013,4.15,eastmoney,qfq
2022-12-26,159915,创业板ETF易方达,2.224,2.262,2.265,2.222,5714695.0,1287210409.448,1.94,1.8,0.04,5.43,eastmoney,qfq
2022-12-27,159915,创业板ETF易方达,2.268,2.293,2.295,2.256,5650560.0,1286940340.401,1.72,1.37,0.031,5.37,eastmoney,qfq
2022-12-28,159915,创业板ETF易方达,2.278,2.267,2.281,2.257,4269173.0,968584394.205,1.05,-1.13,-0.026,4.06,eastmoney,qfq
2022-12-29,159915,创业板ETF易方达,2.255,2.277,2.295,2.252,4390878.0,1001296980.452,1.9,0.44,0.01,4.17,eastmoney,qfq
2022-12-30,159915,创业板ETF易方达,2.287,2.279,2.298,2.278,3802277.0,869409610.896,0.88,0.09,0.002,3.61,eastmoney,qfq
2023-01-03,159915,创业板ETF易方达,2.267,2.289,2.293,2.246,4154350.0,943665756.348,2.06,0.44,0.01,3.95,eastmoney,qfq
2023-01-04,159915,创业板ETF易方达,2.28,2.267,2.283,2.255,3642832.0,827058629.22,1.22,-0.96,-0.022,3.46,eastmoney,qfq
2023-01-05,159915,创业板ETF易方达,2.276,2.33,2.334,2.274,6603989.0,1524537065.585,2.65,2.78,0.063,6.28,eastmoney,qfq
2023-01-06,159915,创业板ETF易方达,2.321,2.35,2.368,2.315,4965654.0,1164821538.86,2.27,0.86,0.02,4.72,eastmoney,qfq
2023-01-09,159915,创业板ETF易方达,2.361,2.365,2.382,2.356,3195073.0,756781803.999,1.11,0.64,0.015,3.04,eastmoney,qfq
2023-01-10,159915,创业板ETF易方达,2.365,2.401,2.406,2.36,3763983.0,898088948.698,1.95,1.52,0.036,3.58,eastmoney,qfq
2023-01-11,159915,创业板ETF易方达,2.401,2.374,2.409,2.369,2923227.0,698040665.78,1.67,-1.12,-0.027,2.78,eastmoney,qfq
2023-01-12,159915,创业板ETF易方达,2.383,2.382,2.404,2.375,3475973.0,829707689.34,1.22,0.34,0.008,3.3,eastmoney,qfq
2023-01-13,159915,创业板ETF易方达,2.397,2.417,2.417,2.388,3792202.0,909951500.141,1.22,1.47,0.035,3.6,eastmoney,qfq
2023-01-16,159915,创业板ETF易方达,2.421,2.462,2.492,2.417,5158873.0,1269926087.484,3.1,1.86,0.045,4.9,eastmoney,qfq
2023-01-17,159915,创业板ETF易方达,2.465,2.47,2.483,2.46,2462065.0,608463040.288,0.93,0.32,0.008,2.34,eastmoney,qfq
2023-01-18,159915,创业板ETF易方达,2.479,2.468,2.482,2.457,2641094.0,652164937.4,1.01,-0.08,-0.002,2.51,eastmoney,qfq
2023-01-19,159915,创业板ETF易方达,2.465,2.496,2.498,2.454,3016618.0,748630145.911,1.78,1.13,0.028,2.87,eastmoney,qfq
2023-01-20,159915,创业板ETF易方达,2.505,2.507,2.518,2.495,4008460.0,1004660329.568,0.92,0.44,0.011,3.81,eastmoney,qfq
2023-01-30,159915,创业板ETF易方达,2.577,2.533,2.579,2.532,5683977.0,1450511413.592,1.87,1.04,0.026,5.4,eastmoney,qfq
2023-01-31,159915,创业板ETF易方达,2.533,2.507,2.543,2.497,3745048.0,943675151.217,1.82,-1.03,-0.026,3.56,eastmoney,qfq
2023-02-01,159915,创业板ETF易方达,2.516,2.537,2.538,2.495,4638571.0,1167804023.758,1.72,1.2,0.03,4.41,eastmoney,qfq
2023-02-02,159915,创业板ETF易方达,2.544,2.524,2.554,2.519,3119554.0,791120816.775,1.38,-0.51,-0.013,2.96,eastmoney,qfq
2023-02-03,159915,创业板ETF易方达,2.515,2.5,2.527,2.475,4632210.0,1158328375.601,2.06,-0.95,-0.024,4.4,eastmoney,qfq
2023-02-06,159915,创业板ETF易方达,2.486,2.468,2.486,2.449,4240242.0,1045613922.704,1.48,-1.28,-0.032,4.03,eastmoney,qfq
2023-02-07,159915,创业板ETF易方达,2.474,2.461,2.482,2.445,3967825.0,976604426.133,1.5,-0.28,-0.007,3.77,eastmoney,qfq
2023-02-08,159915,创业板ETF易方达,2.466,2.447,2.475,2.445,3929469.0,966329485.284,1.22,-0.57,-0.014,3.73,eastmoney,qfq
2023-02-09,159915,创业板ETF易方达,2.444,2.493,2.496,2.44,4730294.0,1172120589.556,2.29,1.88,0.046,4.5,eastmoney,qfq
2023-02-10,159915,创业板ETF易方达,2.493,2.465,2.494,2.455,4264098.0,1054102719.203,1.56,-1.12,-0.028,4.05,eastmoney,qfq
2023-02-13,159915,创业板ETF易方达,2.463,2.495,2.502,2.463,4003011.0,995868214.878,1.58,1.22,0.03,3.8,eastmoney,qfq
2023-02-14,159915,创业板ETF易方达,2.502,2.49,2.508,2.475,2709498.0,673563677.11,1.32,-0.2,-0.005,2.57,eastmoney,qfq
2023-02-15,159915,创业板ETF易方达,2.488,2.468,2.498,2.466,2759204.0,682666614.98,1.29,-0.88,-0.022,2.62,eastmoney,qfq
2023-02-16,159915,创业板ETF易方达,2.473,2.436,2.491,2.422,4404394.0,1083733097.476,2.8,-1.3,-0.032,4.19,eastmoney,qfq
2023-02-17,159915,创业板ETF易方达,2.433,2.378,2.439,2.375,5949468.0,1429280289.727,2.63,-2.38,-0.058,5.65,eastmoney,qfq
2023-02-20,159915,创业板ETF易方达,2.372,2.403,2.409,2.353,5333660.0,1269505061.414,2.35,1.05,0.025,5.07,eastmoney,qfq
2023-02-21,159915,创业板ETF易方达,2.401,2.395,2.407,2.378,3780998.0,905100097.7,1.21,-0.33,-0.008,3.59,eastmoney,qfq
2023-02-22,159915,创业板ETF易方达,2.385,2.377,2.399,2.372,3420616.0,815119185.33,1.13,-0.75,-0.018,3.25,eastmoney,qfq
2023-02-23,159915,创业板ETF易方达,2.379,2.385,2.398,2.374,3849257.0,918343003.602,1.01,0.34,0.008,3.66,eastmoney,qfq
2023-02-24,159915,创业板ETF易方达,2.388,2.357,2.39,2.354,4935288.0,1167374629.836,1.51,-1.17,-0.028,4.69,eastmoney,qfq
2023-02-27,159915,创业板ETF易方达,2.347,2.34,2.362,2.333,5052813.0,1183931502.392,1.23,-0.72,-0.017,4.8,eastmoney,qfq
2023-02-28,159915,创业板ETF易方达,2.35,2.359,2.362,2.334,4766879.0,1120630125.193,1.2,0.81,0.019,4.53,eastmoney,qfq
2023-03-01,159915,创业板ETF易方达,2.358,2.372,2.378,2.344,6412398.0,1515000132.132,1.44,0.55,0.013,6.09,eastmoney,qfq
2023-03-02,159915,创业板ETF易方达,2.368,2.347,2.371,2.341,5046453.0,1187932735.936,1.26,-1.05,-0.025,4.8,eastmoney,qfq
2023-03-03,159915,创业板ETF易方达,2.353,2.352,2.362,2.332,5632116.0,1323371045.211,1.28,0.21,0.005,5.35,eastmoney,qfq
2023-03-06,159915,创业板ETF易方达,2.356,2.361,2.365,2.32,7738048.0,1815382144.734,1.91,0.38,0.009,7.35,eastmoney,qfq
2023-03-07,159915,创业板ETF易方达,2.354,2.312,2.359,2.311,8956964.0,2091310410.946,2.03,-2.08,-0.049,8.51,eastmoney,qfq
2023-03-08,159915,创业板ETF易方达,2.303,2.308,2.319,2.296,7611736.0,1754539003.433,0.99,-0.17,-0.004,7.23,eastmoney,qfq
2023-03-09,159915,创业板ETF易方达,2.309,2.303,2.316,2.296,6948051.0,1602665742.41,0.87,-0.22,-0.005,6.6,eastmoney,qfq
2023-03-10,159915,创业板ETF易方达,2.295,2.3,2.318,2.284,9929630.0,2284813245.1,1.48,-0.13,-0.003,9.44,eastmoney,qfq
2023-03-13,159915,创业板ETF易方达,2.295,2.287,2.306,2.276,10195900.0,2333097120.399,1.3,-0.57,-0.013,9.69,eastmoney,qfq
2023-03-14,159915,创业板ETF易方达,2.285,2.276,2.287,2.238,11674301.0,2646251583.758,2.14,-0.48,-0.011,11.09,eastmoney,qfq
2023-03-15,159915,创业板ETF易方达,2.285,2.268,2.303,2.266,10187440.0,2327203774.176,1.63,-0.35,-0.008,9.68,eastmoney,qfq
2023-03-16,159915,创业板ETF易方达,2.257,2.233,2.265,2.23,12835765.0,2884549879.575,1.54,-1.54,-0.035,12.2,eastmoney,qfq
2023-03-17,159915,创业板ETF易方达,2.248,2.228,2.252,2.221,16480314.0,3685846849.535,1.39,-0.22,-0.005,15.66,eastmoney,qfq
2023-03-20,159915,创业板ETF易方达,2.229,2.226,2.25,2.213,15921009.0,3546732507.992,1.66,-0.09,-0.002,15.13,eastmoney,qfq
2023-03-21,159915,创业板ETF易方达,2.233,2.265,2.266,2.232,16259210.0,3658666378.204,1.53,1.75,0.039,15.45,eastmoney,qfq
2023-03-22,159915,创业板ETF易方达,2.27,2.27,2.286,2.26,14370671.0,3267475374.119,1.15,0.22,0.005,13.66,eastmoney,qfq
2023-03-23,159915,创业板ETF易方达,2.262,2.288,2.288,2.259,8626970.0,1965791419.49,1.28,0.79,0.018,8.2,eastmoney,qfq
2023-03-24,159915,创业板ETF易方达,2.292,2.297,2.3,2.282,8485594.0,1946226679.717,0.79,0.39,0.009,8.06,eastmoney,qfq
2023-03-27,159915,创业板ETF易方达,2.293,2.323,2.325,2.29,12049124.0,2786917097.533,1.52,1.13,0.026,11.45,eastmoney,qfq
2023-03-28,159915,创业板ETF易方达,2.322,2.298,2.322,2.293,6173109.0,1422968347.472,1.25,-1.08,-0.025,5.87,eastmoney,qfq
2023-03-29,159915,创业板ETF易方达,2.3,2.297,2.309,2.294,5585027.0,1286214706.707,0.65,-0.04,-0.001,5.31,eastmoney,qfq
2023-03-30,159915,创业板ETF易方达,2.3,2.313,2.313,2.29,5651995.0,1301419790.113,1.0,0.7,0.016,5.37,eastmoney,qfq
2023-03-31,159915,创业板ETF易方达,2.321,2.327,2.328,2.314,6808435.0,1580918255.262,0.61,0.61,0.014,6.47,eastmoney,qfq
2023-04-03,159915,创业板ETF易方达,2.327,2.366,2.37,2.327,11096153.0,2608463108.322,1.85,1.68,0.039,10.54,eastmoney,qfq
2023-04-04,159915,创业板ETF易方达,2.366,2.35,2.367,2.336,7764314.0,1822002563.154,1.31,-0.68,-0.016,7.38,eastmoney,qfq
2023-04-06,159915,创业板ETF易方达,2.334,2.354,2.355,2.331,5487069.0,1285376423.21,1.02,0.17,0.004,5.21,eastmoney,qfq
2023-04-07,159915,创业板ETF易方达,2.351,2.369,2.38,2.347,5684291.0,1346645921.39,1.4,0.64,0.015,5.4,eastmoney,qfq
2023-04-10,159915,创业板ETF易方达,2.379,2.368,2.385,2.358,8264410.0,1960483425.724,1.14,-0.04,-0.001,7.85,eastmoney,qfq
2023-04-11,159915,创业板ETF易方达,2.367,2.362,2.386,2.351,5058054.0,1197323525.615,1.48,-0.25,-0.006,4.81,eastmoney,qfq
2023-04-12,159915,创业板ETF易方达,2.364,2.353,2.364,2.342,5356209.0,1259523938.32,0.93,-0.38,-0.009,5.09,eastmoney,qfq
2023-04-13,159915,创业板ETF易方达,2.345,2.332,2.352,2.332,4415316.0,1033292670.392,0.85,-0.89,-0.021,4.2,eastmoney,qfq
2023-04-14,159915,创业板ETF易方达,2.342,2.355,2.356,2.336,5338872.0,1254207925.494,0.86,0.99,0.023,5.07,eastmoney,qfq
2023-04-17,159915,创业板ETF易方达,2.354,2.364,2.366,2.348,4229752.0,997150264.8,0.76,0.38,0.009,4.02,eastmoney,qfq
2023-04-18,159915,创业板ETF易方达,2.362,2.354,2.372,2.35,4686560.0,1105884332.189,0.93,-0.42,-0.01,4.45,eastmoney,qfq
2023-04-19,159915,创业板ETF易方达,2.356,2.339,2.356,2.338,3090913.0,724993726.414,0.76,-0.64,-0.015,2.94,eastmoney,qfq
2023-04-20,159915,创业板ETF易方达,2.337,2.314,2.338,2.304,5434874.0,1259885382.868,1.45,-1.07,-0.025,5.16,eastmoney,qfq
2023-04-21,159915,创业板ETF易方达,2.318,2.269,2.326,2.268,6917726.0,1587990018.845,2.51,-1.94,-0.045,6.57,eastmoney,qfq
2023-04-24,159915,创业板ETF易方达,2.267,2.234,2.269,2.22,7294237.0,1633647557.757,2.16,-1.54,-0.035,6.93,eastmoney,qfq
2023-04-25,159915,创业板ETF易方达,2.236,2.193,2.241,2.178,13608452.0,2993352612.481,2.82,-1.84,-0.041,12.93,eastmoney,qfq
2023-04-26,159915,创业板ETF易方达,2.187,2.226,2.238,2.184,11083037.0,2461077825.159,2.46,1.5,0.033,10.53,eastmoney,qfq
2023-04-27,159915,创业板ETF易方达,2.219,2.24,2.247,2.215,4590208.0,1025641028.228,1.44,0.63,0.014,4.36,eastmoney,qfq
2023-04-28,159915,创业板ETF易方达,2.247,2.255,2.26,2.236,4133146.0,929424455.635,1.07,0.67,0.015,3.93,eastmoney,qfq
2023-05-04,159915,创业板ETF易方达,2.253,2.23,2.253,2.224,3845670.0,858954724.27,1.29,-1.11,-0.025,3.65,eastmoney,qfq
2023-05-05,159915,创业板ETF易方达,2.228,2.202,2.23,2.194,5257951.0,1161401101.16,1.61,-1.26,-0.028,5.0,eastmoney,qfq
2023-05-08,159915,创业板ETF易方达,2.21,2.213,2.214,2.188,7761581.0,1709956981.041,1.18,0.5,0.011,7.38,eastmoney,qfq
2023-05-09,159915,创业板ETF易方达,2.209,2.18,2.211,2.179,8089629.0,1776822707.692,1.45,-1.49,-0.033,7.69,eastmoney,qfq
2023-05-10,159915,创业板ETF易方达,2.176,2.199,2.21,2.166,11774381.0,2574160725.628,2.02,0.87,0.019,11.19,eastmoney,qfq
2023-05-11,159915,创业板ETF易方达,2.201,2.211,2.229,2.2,8314269.0,1841293786.245,1.32,0.55,0.012,7.9,eastmoney,qfq
2023-05-12,159915,创业板ETF易方达,2.211,2.185,2.22,2.185,5986893.0,1317692906.827,1.58,-1.18,-0.026,5.69,eastmoney,qfq
2023-05-15,159915,创业板ETF易方达,2.192,2.234,2.235,2.19,6916403.0,1532618072.966,2.06,2.24,0.049,6.57,eastmoney,qfq
2023-05-16,159915,创业板ETF易方达,2.242,2.228,2.244,2.222,6250010.0,1395160843.55,0.98,-0.27,-0.006,5.94,eastmoney,qfq
2023-05-17,159915,创业板ETF易方达,2.23,2.229,2.236,2.217,6221353.0,1384597411.611,0.85,0.04,0.001,5.91,eastmoney,qfq
2023-05-18,159915,创业板ETF易方达,2.233,2.215,2.237,2.198,7670419.0,1699666378.098,1.75,-0.63,-0.014,7.29,eastmoney,qfq
2023-05-19,159915,创业板ETF易方达,2.212,2.215,2.229,2.206,4472283.0,991730762.438,1.04,0.0,0.0,4.25,eastmoney,qfq
2023-05-22,159915,创业板ETF易方达,2.216,2.214,2.227,2.201,5172903.0,1144617725.1,1.17,-0.05,-0.001,4.92,eastmoney,qfq
2023-05-23,159915,创业板ETF易方达,2.216,2.187,2.218,2.186,6933644.0,1527019908.604,1.45,-1.22,-0.027,6.59,eastmoney,qfq
2023-05-24,159915,创业板ETF易方达,2.181,2.183,2.204,2.175,7395047.0,1618149752.086,1.33,-0.18,-0.004,7.03,eastmoney,qfq
2023-05-25,159915,创业板ETF易方达,2.179,2.184,2.194,2.166,8126967.0,1770841547.728,1.28,0.05,0.001,7.72,eastmoney,qfq
2023-05-26,159915,创业板ETF易方达,2.183,2.167,2.183,2.153,9181841.0,1990154129.266,1.37,-0.78,-0.017,8.73,eastmoney,qfq
2023-05-29,159915,创业板ETF易方达,2.171,2.143,2.177,2.136,7125225.0,1531858751.801,1.89,-1.11,-0.024,6.77,eastmoney,qfq
2023-05-30,159915,创业板ETF易方达,2.139,2.155,2.157,2.12,7249693.0,1552001556.974,1.73,0.56,0.012,6.89,eastmoney,qfq
2023-05-31,159915,创业板ETF易方达,2.149,2.131,2.153,2.125,8498795.0,1815634532.653,1.3,-1.11,-0.024,8.08,eastmoney,qfq
2023-06-01,159915,创业板ETF易方达,2.133,2.148,2.163,2.127,8826449.0,1899353699.709,1.69,0.8,0.017,8.39,eastmoney,qfq
2023-06-02,159915,创业板ETF易方达,2.156,2.175,2.179,2.152,7879769.0,1708637641.611,1.26,1.26,0.027,7.49,eastmoney,qfq
2023-06-05,159915,创业板ETF易方达,2.173,2.143,2.173,2.138,8672138.0,1861880058.649,1.61,-1.47,-0.032,8.24,eastmoney,qfq
2023-06-06,159915,创业板ETF易方达,2.14,2.106,2.141,2.102,9012032.0,1912088170.629,1.82,-1.73,-0.037,8.56,eastmoney,qfq
2023-06-07,159915,创业板ETF易方达,2.105,2.075,2.106,2.069,9359429.0,1949152965.977,1.76,-1.47,-0.031,8.89,eastmoney,qfq
2023-06-08,159915,创业板ETF易方达,2.075,2.071,2.083,2.064,9368152.0,1941993647.294,0.92,-0.19,-0.004,8.9,eastmoney,qfq
2023-06-09,159915,创业板ETF易方达,2.073,2.086,2.086,2.064,8745659.0,1814523637.904,1.06,0.72,0.015,8.31,eastmoney,qfq
2023-06-12,159915,创业板ETF易方达,2.08,2.095,2.106,2.076,7595908.0,1588662807.187,1.44,0.43,0.009,7.22,eastmoney,qfq
2023-06-13,159915,创业板ETF易方达,2.093,2.111,2.113,2.09,7058034.0,1485189091.473,1.1,0.76,0.016,6.71,eastmoney,qfq
2023-06-14,159915,创业板ETF易方达,2.115,2.106,2.121,2.106,6824060.0,1441646659.143,0.71,-0.24,-0.005,6.48,eastmoney,qfq
2023-06-15,159915,创业板ETF易方达,2.114,2.179,2.18,2.114,18945139.0,4072250914.331,3.13,3.47,0.073,18.0,eastmoney,qfq
2023-06-16,159915,创业板ETF易方达,2.185,2.208,2.215,2.178,10714323.0,2354504582.919,1.7,1.33,0.029,10.18,eastmoney,qfq
2023-06-19,159915,创业板ETF易方达,2.211,2.207,2.219,2.201,7367843.0,1627002667.741,0.82,-0.05,-0.001,7.0,eastmoney,qfq
2023-06-20,159915,创业板ETF易方达,2.203,2.21,2.22,2.199,5795831.0,1280742117.803,0.95,0.14,0.003,5.51,eastmoney,qfq
2023-06-21,159915,创业板ETF易方达,2.206,2.156,2.208,2.155,7175166.0,1563223806.373,2.4,-2.44,-0.054,6.82,eastmoney,qfq
2023-06-26,159915,创业板ETF易方达,2.14,2.133,2.158,2.118,6925302.0,1478758273.7,1.86,-1.07,-0.023,6.58,eastmoney,qfq
2023-06-27,159915,创业板ETF易方达,2.133,2.138,2.151,2.124,5959136.0,1273123146.83,1.27,0.23,0.005,5.66,eastmoney,qfq
2023-06-28,159915,创业板ETF易方达,2.134,2.126,2.135,2.107,6467057.0,1373018915.509,1.31,-0.56,-0.012,6.15,eastmoney,qfq
2023-06-29,159915,创业板ETF易方达,2.121,2.129,2.139,2.121,3774614.0,804433119.411,0.85,0.14,0.003,3.59,eastmoney,qfq
2023-06-30,159915,创业板ETF易方达,2.126,2.164,2.174,2.118,10091436.0,2177900541.632,2.63,1.64,0.035,9.59,eastmoney,qfq
2023-07-03,159915,创业板ETF易方达,2.168,2.171,2.185,2.16,5582985.0,1213190974.763,1.16,0.32,0.007,5.31,eastmoney,qfq
2023-07-04,159915,创业板ETF易方达,2.169,2.174,2.178,2.161,4306543.0,934176287.662,0.78,0.14,0.003,4.09,eastmoney,qfq
2023-07-05,159915,创业板ETF易方达,2.176,2.156,2.182,2.152,3978490.0,861355843.8,1.38,-0.83,-0.018,3.78,eastmoney,qfq
2023-07-06,159915,创业板ETF易方达,2.15,2.137,2.163,2.133,5978724.0,1281170745.728,1.39,-0.88,-0.019,5.68,eastmoney,qfq
2023-07-07,159915,创业板ETF易方达,2.13,2.118,2.132,2.116,4742779.0,1006764646.903,0.75,-0.89,-0.019,4.51,eastmoney,qfq
2023-07-10,159915,创业板ETF易方达,2.127,2.145,2.158,2.126,5823235.0,1248499024.991,1.51,1.27,0.027,5.53,eastmoney,qfq
2023-07-11,159915,创业板ETF易方达,2.147,2.161,2.162,2.138,3706789.0,797744814.985,1.12,0.75,0.016,3.52,eastmoney,qfq
2023-07-12,159915,创业板ETF易方达,2.162,2.139,2.163,2.138,4353128.0,935868566.201,1.16,-1.02,-0.022,4.14,eastmoney,qfq
2023-07-13,159915,创业板ETF易方达,2.151,2.182,2.182,2.151,6341780.0,1378630702.278,1.45,2.01,0.043,6.03,eastmoney,qfq
2023-07-14,159915,创业板ETF易方达,2.184,2.169,2.187,2.167,5191818.0,1128574320.219,0.92,-0.6,-0.013,4.93,eastmoney,qfq
2023-07-17,159915,创业板ETF易方达,2.163,2.152,2.164,2.142,3642698.0,783461345.012,1.01,-0.78,-0.017,3.46,eastmoney,qfq
2023-07-18,159915,创业板ETF易方达,2.155,2.147,2.159,2.143,4462889.0,958560160.478,0.74,-0.23,-0.005,4.24,eastmoney,qfq
2023-07-19,159915,创业板ETF易方达,2.145,2.125,2.148,2.117,6795781.0,1445979320.509,1.44,-1.02,-0.022,6.46,eastmoney,qfq
2023-07-20,159915,创业板ETF易方达,2.129,2.103,2.145,2.098,8536235.0,1811813284.511,2.21,-1.04,-0.022,8.11,eastmoney,qfq
2023-07-21,159915,创业板ETF易方达,2.1,2.11,2.123,2.097,5375403.0,1134454100.044,1.24,0.33,0.007,5.11,eastmoney,qfq
2023-07-24,159915,创业板ETF易方达,2.1,2.09,2.114,2.088,6242250.0,1308892789.909,1.23,-0.95,-0.02,5.93,eastmoney,qfq
2023-07-25,159915,创业板ETF易方达,2.123,2.136,2.14,2.113,9349575.0,1988807314.884,1.29,2.2,0.046,8.88,eastmoney,qfq
2023-07-26,159915,创业板ETF易方达,2.13,2.135,2.138,2.125,6837817.0,1458159714.989,0.61,-0.05,-0.001,6.5,eastmoney,qfq
2023-07-27,159915,创业板ETF易方达,2.14,2.129,2.15,2.125,4941275.0,1056226088.934,1.17,-0.28,-0.006,4.7,eastmoney,qfq
2023-07-28,159915,创业板ETF易方达,2.12,2.163,2.169,2.117,9366865.0,2013407724.616,2.44,1.6,0.034,8.9,eastmoney,qfq
2023-07-31,159915,创业板ETF易方达,2.172,2.182,2.199,2.172,6609653.0,1445212383.63,1.25,0.88,0.019,6.28,eastmoney,qfq
2023-08-01,159915,创业板ETF易方达,2.18,2.168,2.192,2.161,4864460.0,1058105268.735,1.42,-0.64,-0.014,4.62,eastmoney,qfq
2023-08-02,159915,创业板ETF易方达,2.166,2.164,2.177,2.158,4060986.0,879593774.671,0.88,-0.18,-0.004,3.86,eastmoney,qfq
2023-08-03,159915,创业板ETF易方达,2.158,2.187,2.187,2.158,4455753.0,969634983.313,1.34,1.06,0.023,4.23,eastmoney,qfq
2023-08-04,159915,创业板ETF易方达,2.21,2.204,2.225,2.19,8867475.0,1959096598.609,1.6,0.78,0.017,8.43,eastmoney,qfq
2023-08-07,159915,创业板ETF易方达,2.198,2.185,2.201,2.179,5951739.0,1301999178.47,1.0,-0.86,-0.019,5.66,eastmoney,qfq
2023-08-08,159915,创业板ETF易方达,2.183,2.177,2.19,2.171,5264217.0,1147757817.04,0.87,-0.37,-0.008,5.0,eastmoney,qfq
2023-08-09,159915,创业板ETF易方达,2.17,2.174,2.185,2.169,4116312.0,895238678.783,0.73,-0.14,-0.003,3.91,eastmoney,qfq
2023-08-10,159915,创业板ETF易方达,2.173,2.184,2.186,2.165,4737376.0,1031790344.633,0.97,0.46,0.01,4.5,eastmoney,qfq
2023-08-11,159915,创业板ETF易方达,2.187,2.129,2.187,2.129,7023687.0,1512087615.606,2.66,-2.52,-0.055,6.67,eastmoney,qfq
2023-08-14,159915,创业板ETF易方达,2.112,2.113,2.115,2.087,7658517.0,1610654412.627,1.32,-0.75,-0.016,7.28,eastmoney,qfq
2023-08-15,159915,创业板ETF易方达,2.112,2.096,2.116,2.078,6416059.0,1342676080.731,1.8,-0.8,-0.017,6.1,eastmoney,qfq
2023-08-16,159915,创业板ETF易方达,2.085,2.082,2.102,2.08,4670580.0,976619953.045,1.05,-0.67,-0.014,4.44,eastmoney,qfq
2023-08-17,159915,创业板ETF易方达,2.078,2.094,2.099,2.061,7563131.0,1574016215.566,1.83,0.58,0.012,7.19,eastmoney,qfq
2023-08-18,159915,创业板ETF易方达,2.09,2.065,2.101,2.064,6226475.0,1297043878.266,1.77,-1.38,-0.029,5.92,eastmoney,qfq
2023-08-21,159915,创业板ETF易方达,2.061,2.035,2.061,2.033,6871950.0,1407292362.424,1.36,-1.45,-0.03,6.53,eastmoney,qfq
2023-08-22,159915,创业板ETF易方达,2.043,2.038,2.05,1.998,11460186.0,2319842201.515,2.56,0.15,0.003,10.89,eastmoney,qfq
2023-08-23,159915,创业板ETF易方达,2.023,1.987,2.028,1.984,9056674.0,1816410148.755,2.16,-2.5,-0.051,8.61,eastmoney,qfq
2023-08-24,159915,创业板ETF易方达,1.995,2.014,2.031,1.99,9914098.0,1994099514.06,2.06,1.36,0.027,9.42,eastmoney,qfq
2023-08-25,159915,创业板ETF易方达,2.0,1.991,2.007,1.982,6827771.0,1362246860.638,1.24,-1.14,-0.023,6.49,eastmoney,qfq
2023-08-28,159915,创业板ETF易方达,2.136,2.01,2.136,2.003,13123418.0,2700032793.544,6.68,0.95,0.019,12.47,eastmoney,qfq
2023-08-29,159915,创业板ETF易方达,2.002,2.067,2.08,2.0,10960279.0,2248179739.882,3.98,2.84,0.057,10.42,eastmoney,qfq
2023-08-30,159915,创业板ETF易方达,2.064,2.066,2.088,2.057,6586467.0,1364718724.19,1.5,-0.05,-0.001,6.26,eastmoney,qfq
2023-08-31,159915,创业板ETF易方达,2.062,2.052,2.064,2.048,4098959.0,842366261.501,0.77,-0.68,-0.014,3.9,eastmoney,qfq
2023-09-01,159915,创业板ETF易方达,2.058,2.049,2.068,2.04,3885205.0,797102947.698,1.36,-0.15,-0.003,3.69,eastmoney,qfq
2023-09-04,159915,创业板ETF易方达,2.058,2.067,2.069,2.038,6799681.0,1398673132.026,1.51,0.88,0.018,6.46,eastmoney,qfq
2023-09-05,159915,创业板ETF易方达,2.06,2.057,2.069,2.055,4350852.0,896796269.804,0.68,-0.48,-0.01,4.13,eastmoney,qfq
2023-09-06,159915,创业板ETF易方达,2.05,2.049,2.053,2.037,4481243.0,916192384.969,0.78,-0.39,-0.008,4.26,eastmoney,qfq
2023-09-07,159915,创业板ETF易方达,2.043,2.003,2.043,2.003,6253926.0,1262214404.272,1.95,-2.24,-0.046,5.94,eastmoney,qfq
2023-09-08,159915,创业板ETF易方达,2.0,1.998,2.005,1.987,4690669.0,936024551.608,0.9,-0.25,-0.005,4.46,eastmoney,qfq
2023-09-11,159915,创业板ETF易方达,2.0,2.011,2.025,1.99,5840379.0,1172438835.229,1.75,0.65,0.013,5.55,eastmoney,qfq
2023-09-12,159915,创业板ETF易方达,2.007,1.998,2.012,1.997,4265938.0,854262967.943,0.75,-0.65,-0.013,4.05,eastmoney,qfq
2023-09-13,159915,创业板ETF易方达,1.995,1.974,2.002,1.964,7345141.0,1453391113.1,1.9,-1.2,-0.024,6.98,eastmoney,qfq
2023-09-14,159915,创业板ETF易方达,1.969,1.96,1.974,1.952,7055404.0,1383425958.49,1.11,-0.71,-0.014,6.7,eastmoney,qfq
2023-09-15,159915,创业板ETF易方达,1.962,1.954,1.972,1.946,8965208.0,1753078110.606,1.33,-0.31,-0.006,8.52,eastmoney,qfq
2023-09-18,159915,创业板ETF易方达,1.951,1.968,1.982,1.946,7729081.0,1521163681.185,1.84,0.72,0.014,7.34,eastmoney,qfq
2023-09-19,159915,创业板ETF易方达,1.966,1.952,1.967,1.945,6882452.0,1343148109.074,1.12,-0.81,-0.016,6.54,eastmoney,qfq
2023-09-20,159915,创业板ETF易方达,1.947,1.936,1.952,1.935,5492624.0,1066751867.356,0.87,-0.82,-0.016,5.22,eastmoney,qfq
2023-09-21,159915,创业板ETF易方达,1.93,1.917,1.94,1.917,5594249.0,1077187922.054,1.19,-0.98,-0.019,5.32,eastmoney,qfq
2023-09-22,159915,创业板ETF易方达,1.913,1.964,1.964,1.911,9745011.0,1892135675.372,2.76,2.45,0.047,9.26,eastmoney,qfq
2023-09-25,159915,创业板ETF易方达,1.955,1.953,1.963,1.949,4760782.0,930583694.729,0.71,-0.56,-0.011,4.52,eastmoney,qfq
2023-09-26,159915,创业板ETF易方达,1.951,1.938,1.958,1.938,4548459.0,884715811.998,1.02,-0.77,-0.015,4.32,eastmoney,qfq
2023-09-27,159915,创业板ETF易方达,1.935,1.956,1.977,1.935,7918953.0,1549533282.592,2.17,0.93,0.018,7.53,eastmoney,qfq
2023-09-28,159915,创业板ETF易方达,1.958,1.953,1.968,1.945,4960486.0,969167462.235,1.18,-0.15,-0.003,4.71,eastmoney,qfq
2023-10-09,159915,创业板ETF易方达,1.95,1.947,1.956,1.928,5801127.0,1125998596.722,1.43,-0.31,-0.006,5.51,eastmoney,qfq
2023-10-10,159915,创业板ETF易方达,1.954,1.938,1.962,1.936,4585178.0,893269399.65,1.34,-0.46,-0.009,4.36,eastmoney,qfq
2023-10-11,159915,创业板ETF易方达,1.945,1.954,1.969,1.945,5787960.0,1132965435.236,1.24,0.83,0.016,5.5,eastmoney,qfq
2023-10-12,159915,创业板ETF易方达,1.969,1.968,1.971,1.951,5099397.0,1001556845.373,1.02,0.72,0.014,4.85,eastmoney,qfq
2023-10-13,159915,创业板ETF易方达,1.954,1.945,1.956,1.936,5708362.0,1110367167.052,1.02,-1.17,-0.023,5.42,eastmoney,qfq
2023-10-16,159915,创业板ETF易方达,1.945,1.906,1.947,1.9,7719278.0,1479735211.777,2.42,-2.01,-0.039,7.34,eastmoney,qfq
2023-10-17,159915,创业板ETF易方达,1.91,1.912,1.919,1.9,4152577.0,793332533.945,1.0,0.31,0.006,3.95,eastmoney,qfq
2023-10-18,159915,创业板ETF易方达,1.906,1.887,1.906,1.885,5781098.0,1093760512.562,1.1,-1.31,-0.025,5.49,eastmoney,qfq
2023-10-19,159915,创业板ETF易方达,1.878,1.867,1.887,1.864,7172698.0,1345516353.388,1.22,-1.06,-0.02,6.82,eastmoney,qfq
2023-10-20,159915,创业板ETF易方达,1.86,1.85,1.874,1.845,7344155.0,1363194268.6,1.55,-0.91,-0.017,6.98,eastmoney,qfq
2023-10-23,159915,创业板ETF易方达,1.845,1.815,1.845,1.806,9515482.0,1734577390.475,2.11,-1.89,-0.035,9.04,eastmoney,qfq
2023-10-24,159915,创业板ETF易方达,1.818,1.832,1.842,1.812,8474434.0,1548311384.565,1.65,0.94,0.017,8.05,eastmoney,qfq
2023-10-25,159915,创业板ETF易方达,1.844,1.815,1.848,1.814,9044607.0,1655296717.16,1.86,-0.93,-0.017,8.59,eastmoney,qfq
2023-10-26,159915,创业板ETF易方达,1.802,1.829,1.83,1.793,8462440.0,1530249533.136,2.04,0.77,0.014,8.04,eastmoney,qfq
2023-10-27,159915,创业板ETF易方达,1.82,1.881,1.888,1.816,13235087.0,2456974471.157,3.94,2.84,0.052,12.58,eastmoney,qfq
2023-10-30,159915,创业板ETF易方达,1.874,1.926,1.933,1.874,14828830.0,2835314842.376,3.14,2.39,0.045,14.09,eastmoney,qfq
2023-10-31,159915,创业板ETF易方达,1.92,1.916,1.923,1.907,4614183.0,883490876.275,0.83,-0.52,-0.01,4.38,eastmoney,qfq
2023-11-01,159915,创业板ETF易方达,1.921,1.908,1.923,1.899,4354752.0,831878498.737,1.25,-0.42,-0.008,4.14,eastmoney,qfq
2023-11-02,159915,创业板ETF易方达,1.912,1.89,1.922,1.889,4815026.0,916837551.864,1.73,-0.94,-0.018,4.58,eastmoney,qfq
2023-11-03,159915,创业板ETF易方达,1.894,1.918,1.925,1.894,6255220.0,1196348049.99,1.64,1.48,0.028,5.94,eastmoney,qfq
2023-11-06,159915,创业板ETF易方达,1.93,1.981,1.982,1.93,10733074.0,2108232238.048,2.71,3.28,0.063,10.2,eastmoney,qfq
2023-11-07,159915,创业板ETF易方达,1.974,1.967,1.98,1.96,6945658.0,1367621073.153,1.01,-0.71,-0.014,6.6,eastmoney,qfq
2023-11-08,159915,创业板ETF易方达,1.964,1.971,1.983,1.957,6967776.0,1374036921.459,1.32,0.2,0.004,6.62,eastmoney,qfq
2023-11-09,159915,创业板ETF易方达,1.968,1.967,1.983,1.961,5760086.0,1134900129.379,1.12,-0.2,-0.004,5.47,eastmoney,qfq
2023-11-10,159915,创业板ETF易方达,1.958,1.955,1.96,1.948,5055579.0,987856579.081,0.61,-0.61,-0.012,4.8,eastmoney,qfq
2023-11-13,159915,创业板ETF易方达,1.965,1.958,1.97,1.945,5083840.0,994005985.157,1.28,0.15,0.003,4.83,eastmoney,qfq
2023-11-14,159915,创业板ETF易方达,1.957,1.953,1.973,1.943,5992595.0,1173304817.079,1.53,-0.26,-0.005,5.69,eastmoney,qfq
2023-11-15,159915,创业板ETF易方达,1.98,1.963,1.983,1.956,6513422.0,1282823008.767,1.38,0.51,0.01,6.19,eastmoney,qfq
2023-11-16,159915,创业板ETF易方达,1.961,1.925,1.962,1.925,7428397.0,1439596749.633,1.88,-1.94,-0.038,7.06,eastmoney,qfq
2023-11-17,159915,创业板ETF易方达,1.92,1.934,1.935,1.918,3698543.0,713018363.956,0.88,0.47,0.009,3.51,eastmoney,qfq
2023-11-20,159915,创业板ETF易方达,1.934,1.942,1.947,1.918,6020104.0,1162760020.945,1.5,0.41,0.008,5.72,eastmoney,qfq
2023-11-21,159915,创业板ETF易方达,1.949,1.931,1.962,1.928,7599572.0,1477950379.886,1.75,-0.57,-0.011,7.22,eastmoney,qfq
2023-11-22,159915,创业板ETF易方达,1.923,1.899,1.93,1.899,7736300.0,1478989709.677,1.61,-1.66,-0.032,7.35,eastmoney,qfq
2023-11-23,159915,创业板ETF易方达,1.898,1.911,1.912,1.891,5082927.0,966151374.152,1.11,0.63,0.012,4.83,eastmoney,qfq
2023-11-24,159915,创业板ETF易方达,1.908,1.888,1.91,1.885,5475884.0,1036666689.054,1.31,-1.2,-0.023,5.2,eastmoney,qfq
2023-11-27,159915,创业板ETF易方达,1.883,1.878,1.886,1.868,4792836.0,898970208.26,0.95,-0.53,-0.01,4.55,eastmoney,qfq
2023-11-28,159915,创业板ETF易方达,1.874,1.89,1.89,1.87,4044168.0,760640145.591,1.06,0.64,0.012,3.84,eastmoney,qfq
2023-11-29,159915,创业板ETF易方达,1.886,1.867,1.888,1.867,4509925.0,846641824.76,1.11,-1.22,-0.023,4.29,eastmoney,qfq
2023-11-30,159915,创业板ETF易方达,1.869,1.874,1.884,1.863,4464594.0,836239285.038,1.12,0.37,0.007,4.24,eastmoney,qfq
2023-12-01,159915,创业板ETF易方达,1.873,1.881,1.887,1.856,6312007.0,1181661361.571,1.65,0.37,0.007,6.0,eastmoney,qfq
2023-12-04,159915,创业板ETF易方达,1.878,1.858,1.88,1.858,6568211.0,1226999419.549,1.17,-1.22,-0.023,6.24,eastmoney,qfq
2023-12-05,159915,创业板ETF易方达,1.854,1.823,1.857,1.822,7334469.0,1349960021.938,1.88,-1.88,-0.035,6.97,eastmoney,qfq
2023-12-06,159915,创业板ETF易方达,1.818,1.834,1.85,1.816,5351235.0,983248291.957,1.87,0.6,0.011,5.09,eastmoney,qfq
2023-12-07,159915,创业板ETF易方达,1.828,1.829,1.841,1.817,5021061.0,917245048.662,1.31,-0.27,-0.005,4.77,eastmoney,qfq
2023-12-08,159915,创业板ETF易方达,1.831,1.843,1.848,1.823,4918462.0,903724815.643,1.37,0.77,0.014,4.67,eastmoney,qfq
2023-12-11,159915,创业板ETF易方达,1.836,1.868,1.872,1.819,9670301.0,1784431939.823,2.88,1.36,0.025,9.19,eastmoney,qfq
2023-12-12,159915,创业板ETF易方达,1.861,1.856,1.865,1.851,6573033.0,1220686877.755,0.75,-0.64,-0.012,6.25,eastmoney,qfq
2023-12-13,159915,创业板ETF易方达,1.85,1.822,1.85,1.822,6941014.0,1272670979.771,1.51,-1.83,-0.034,6.6,eastmoney,qfq
2023-12-14,159915,创业板ETF易方达,1.833,1.812,1.846,1.812,5317268.0,971479846.505,1.87,-0.55,-0.01,5.05,eastmoney,qfq
2023-12-15,159915,创业板ETF易方达,1.82,1.802,1.83,1.795,7355922.0,1331806827.852,1.93,-0.55,-0.01,6.99,eastmoney,qfq
2023-12-18,159915,创业板ETF易方达,1.792,1.773,1.799,1.767,6636733.0,1182987159.103,1.78,-1.61,-0.029,6.31,eastmoney,qfq
2023-12-19,159915,创业板ETF易方达,1.771,1.781,1.791,1.767,6635994.0,1178902788.072,1.35,0.45,0.008,6.31,eastmoney,qfq
2023-12-20,159915,创业板ETF易方达,1.783,1.755,1.787,1.755,7435957.0,1314787691.285,1.8,-1.46,-0.026,7.07,eastmoney,qfq
2023-12-21,159915,创业板ETF易方达,1.749,1.787,1.794,1.747,9659934.0,1712190864.094,2.68,1.82,0.032,9.18,eastmoney,qfq
2023-12-22,159915,创业板ETF易方达,1.779,1.78,1.801,1.766,8841372.0,1576158511.174,1.96,-0.39,-0.007,8.4,eastmoney,qfq
2023-12-25,159915,创业板ETF易方达,1.777,1.783,1.791,1.772,5703304.0,1015507698.85,1.07,0.17,0.003,5.42,eastmoney,qfq
2023-12-26,159915,创业板ETF易方达,1.78,1.761,1.781,1.753,8185801.0,1442271689.63,1.57,-1.23,-0.022,7.78,eastmoney,qfq
2023-12-27,159915,创业板ETF易方达,1.762,1.763,1.771,1.75,6536878.0,1150699719.655,1.19,0.11,0.002,6.21,eastmoney,qfq
2023-12-28,159915,创业板ETF易方达,1.761,1.833,1.84,1.757,15884491.0,2875816785.62,4.71,3.97,0.07,15.09,eastmoney,qfq
2023-12-29,159915,创业板ETF易方达,1.828,1.842,1.848,1.827,7493274.0,1378547224.124,1.15,0.49,0.009,7.12,eastmoney,qfq
2024-01-02,159915,创业板ETF易方达,1.842,1.806,1.842,1.806,7089134.0,1289636676.348,1.95,-1.95,-0.036,6.74,eastmoney,qfq
2024-01-03,159915,创业板ETF易方达,1.802,1.787,1.809,1.778,7887162.0,1412240535.042,1.72,-1.05,-0.019,7.49,eastmoney,qfq
2024-01-04,159915,创业板ETF易方达,1.783,1.754,1.786,1.748,10753851.0,1892807410.772,2.13,-1.85,-0.033,10.22,eastmoney,qfq
2024-01-05,159915,创业板ETF易方达,1.751,1.728,1.768,1.72,11806031.0,2058616833.088,2.74,-1.48,-0.026,11.22,eastmoney,qfq
2024-01-08,159915,创业板ETF易方达,1.724,1.699,1.734,1.698,12421990.0,2127475776.66,2.08,-1.68,-0.029,11.8,eastmoney,qfq
2024-01-09,159915,创业板ETF易方达,1.702,1.706,1.729,1.691,12561517.0,2143990454.555,2.24,0.41,0.007,11.94,eastmoney,qfq
2024-01-10,159915,创业板ETF易方达,1.696,1.698,1.726,1.681,11066784.0,1886530670.936,2.64,-0.47,-0.008,10.52,eastmoney,qfq
2024-01-11,159915,创业板ETF易方达,1.694,1.732,1.744,1.694,13703936.0,2359728392.379,2.94,2.0,0.034,13.02,eastmoney,qfq
2024-01-12,159915,创业板ETF易方达,1.722,1.714,1.739,1.713,10125457.0,1746324895.392,1.5,-1.04,-0.018,9.62,eastmoney,qfq
2024-01-15,159915,创业板ETF易方达,1.702,1.698,1.72,1.692,8517910.0,1451523478.967,1.63,-0.93,-0.016,8.09,eastmoney,qfq
2024-01-16,159915,创业板ETF易方达,1.692,1.708,1.709,1.679,12847605.0,2176231828.164,1.77,0.59,0.01,12.21,eastmoney,qfq
2024-01-17,159915,创业板ETF易方达,1.7,1.656,1.7,1.653,12653379.0,2123585814.985,2.75,-3.04,-0.052,12.02,eastmoney,qfq
2024-01-18,159915,创业板ETF易方达,1.643,1.683,1.69,1.635,16880885.0,2794540413.086,3.32,1.63,0.027,16.04,eastmoney,qfq
2024-01-19,159915,创业板ETF易方达,1.675,1.669,1.697,1.669,14864531.0,2498436774.154,1.66,-0.83,-0.014,14.13,eastmoney,qfq
2024-01-22,159915,创业板ETF易方达,1.663,1.623,1.67,1.612,13022844.0,2144565815.448,3.48,-2.76,-0.046,12.38,eastmoney,qfq
2024-01-23,159915,创业板ETF易方达,1.62,1.642,1.656,1.612,14088142.0,2311645670.571,2.71,1.17,0.019,13.39,eastmoney,qfq
2024-01-24,159915,创业板ETF易方达,1.65,1.65,1.657,1.599,15021493.0,2449723396.253,3.53,0.49,0.008,14.27,eastmoney,qfq
2024-01-25,159915,创业板ETF易方达,1.641,1.675,1.676,1.628,17851989.0,2958236063.376,2.91,1.52,0.025,16.96,eastmoney,qfq
2024-01-26,159915,创业板ETF易方达,1.665,1.637,1.67,1.633,13965335.0,2307114645.895,2.21,-2.27,-0.038,13.27,eastmoney,qfq
2024-01-29,159915,创业板ETF易方达,1.638,1.58,1.643,1.58,16865287.0,2705441120.778,3.85,-3.48,-0.057,16.03,eastmoney,qfq
2024-01-30,159915,创业板ETF易方达,1.57,1.544,1.589,1.541,15955558.0,2493371606.879,3.04,-2.28,-0.036,15.16,eastmoney,qfq
2024-01-31,159915,创业板ETF易方达,1.544,1.533,1.56,1.53,18661332.0,2884546065.995,1.94,-0.71,-0.011,17.73,eastmoney,qfq
2024-02-01,159915,创业板ETF易方达,1.527,1.548,1.574,1.522,19813258.0,3070980291.653,3.39,0.98,0.015,18.83,eastmoney,qfq
2024-02-02,159915,创业板ETF易方达,1.546,1.508,1.554,1.471,25536277.0,3868328778.934,5.36,-2.58,-0.04,24.27,eastmoney,qfq
2024-02-05,159915,创业板ETF易方达,1.491,1.527,1.56,1.444,62847942.0,9548912110.888,7.69,1.26,0.019,59.72,eastmoney,qfq
2024-02-06,159915,创业板ETF易方达,1.508,1.623,1.624,1.502,36880751.0,5835093267.116,7.99,6.29,0.096,35.05,eastmoney,qfq
2024-02-07,159915,创业板ETF易方达,1.622,1.66,1.666,1.614,43618911.0,7203702865.633,3.2,2.28,0.037,41.45,eastmoney,qfq
2024-02-08,159915,创业板ETF易方达,1.67,1.681,1.718,1.669,25603676.0,4328895568.062,2.95,1.27,0.021,24.33,eastmoney,qfq
2024-02-19,159915,创业板ETF易方达,1.704,1.697,1.707,1.675,22819199.0,3851174613.555,1.9,0.95,0.016,21.68,eastmoney,qfq
2024-02-20,159915,创业板ETF易方达,1.688,1.696,1.701,1.676,13329437.0,2253230303.13,1.47,-0.06,-0.001,12.67,eastmoney,qfq
2024-02-21,159915,创业板ETF易方达,1.681,1.703,1.736,1.676,12371674.0,2116292414.101,3.54,0.41,0.007,11.76,eastmoney,qfq
2024-02-22,159915,创业板ETF易方达,1.7,1.71,1.714,1.694,9607940.0,1636373905.059,1.17,0.41,0.007,9.13,eastmoney,qfq
2024-02-23,159915,创业板ETF易方达,1.717,1.709,1.719,1.695,8398755.0,1432116124.756,1.4,-0.06,-0.001,7.98,eastmoney,qfq
2024-02-26,159915,创业板ETF易方达,1.706,1.704,1.72,1.69,12311415.0,2098414307.647,1.76,-0.29,-0.005,11.7,eastmoney,qfq
2024-02-27,159915,创业板ETF易方达,1.696,1.746,1.746,1.694,12148528.0,2089515169.044,3.05,2.46,0.042,11.54,eastmoney,qfq
2024-02-28,159915,创业板ETF易方达,1.749,1.701,1.78,1.701,18649875.0,3255806446.122,4.52,-2.58,-0.045,17.72,eastmoney,qfq
2024-02-29,159915,创业板ETF易方达,1.696,1.761,1.762,1.693,14247782.0,2471440725.001,4.06,3.53,0.06,13.54,eastmoney,qfq
2024-03-01,159915,创业板ETF易方达,1.757,1.775,1.781,1.746,12881947.0,2273286642.421,1.99,0.8,0.014,12.24,eastmoney,qfq
2024-03-04,159915,创业板ETF易方达,1.773,1.783,1.796,1.767,9626856.0,1715526745.231,1.63,0.45,0.008,9.15,eastmoney,qfq
2024-03-05,159915,创业板ETF易方达,1.771,1.78,1.794,1.765,34464320.0,6145635731.623,1.63,-0.17,-0.003,32.75,eastmoney,qfq
2024-03-06,159915,创业板ETF易方达,1.773,1.782,1.805,1.761,15007242.0,2665126135.581,2.47,0.11,0.002,14.26,eastmoney,qfq
2024-03-07,159915,创业板ETF易方达,1.779,1.742,1.788,1.74,12194754.0,2142139665.232,2.69,-2.24,-0.04,11.59,eastmoney,qfq
2024-03-08,159915,创业板ETF易方达,1.745,1.756,1.763,1.73,8227489.0,1438428485.099,1.89,0.8,0.014,7.82,eastmoney,qfq
2024-03-11,159915,创业板ETF易方达,1.76,1.84,1.84,1.76,20127243.0,3627820398.651,4.56,4.78,0.084,19.13,eastmoney,qfq
2024-03-12,159915,创业板ETF易方达,1.845,1.851,1.863,1.832,11138939.0,2058508901.515,1.68,0.6,0.011,10.58,eastmoney,qfq
2024-03-13,159915,创业板ETF易方达,1.854,1.841,1.859,1.838,8936894.0,1650375298.174,1.13,-0.54,-0.01,8.49,eastmoney,qfq
2024-03-14,159915,创业板ETF易方达,1.841,1.832,1.86,1.818,8278951.0,1520527764.472,2.28,-0.49,-0.009,7.87,eastmoney,qfq
2024-03-15,159915,创业板ETF易方达,1.825,1.833,1.836,1.796,10764747.0,1953112039.125,2.18,0.05,0.001,10.23,eastmoney,qfq
2024-03-18,159915,创业板ETF易方达,1.85,1.875,1.875,1.848,14211896.0,2643711004.149,1.47,2.29,0.042,13.5,eastmoney,qfq
2024-03-19,159915,创业板ETF易方达,1.87,1.853,1.873,1.852,7903054.0,1474010253.765,1.12,-1.17,-0.022,7.51,eastmoney,qfq
2024-03-20,159915,创业板ETF易方达,1.848,1.856,1.862,1.844,6171236.0,1143969188.114,0.97,0.16,0.003,5.86,eastmoney,qfq
2024-03-21,159915,创业板ETF易方达,1.86,1.846,1.868,1.844,7108849.0,1316880020.165,1.29,-0.54,-0.01,6.76,eastmoney,qfq
2024-03-22,159915,创业板ETF易方达,1.843,1.817,1.844,1.808,10667121.0,1943555229.485,1.95,-1.57,-0.029,10.14,eastmoney,qfq
2024-03-25,159915,创业板ETF易方达,1.809,1.781,1.819,1.781,11583246.0,2087959021.225,2.09,-1.98,-0.036,11.01,eastmoney,qfq
2024-03-26,159915,创业板ETF易方达,1.782,1.792,1.805,1.777,10141589.0,1815893657.353,1.57,0.62,0.011,9.64,eastmoney,qfq
2024-03-27,159915,创业板ETF易方达,1.787,1.742,1.788,1.741,7599032.0,1339840543.91,2.62,-2.79,-0.05,7.22,eastmoney,qfq
2024-03-28,159915,创业板ETF易方达,1.74,1.758,1.778,1.738,7390774.0,1300045015.431,2.3,0.92,0.016,7.02,eastmoney,qfq
2024-03-29,159915,创业板ETF易方达,1.756,1.768,1.773,1.75,5988697.0,1055046937.284,1.31,0.57,0.01,5.69,eastmoney,qfq
2024-04-01,159915,创业板ETF易方达,1.78,1.822,1.822,1.78,8830135.0,1596048944.79,2.38,3.05,0.054,8.39,eastmoney,qfq
2024-04-02,159915,创业板ETF易方达,1.822,1.808,1.822,1.801,6401949.0,1158298114.724,1.15,-0.77,-0.014,6.08,eastmoney,qfq
2024-04-03,159915,创业板ETF易方达,1.804,1.79,1.804,1.789,4609270.0,827315040.422,0.83,-1.0,-0.018,4.38,eastmoney,qfq
2024-04-08,159915,创业板ETF易方达,1.785,1.758,1.789,1.756,5396913.0,955289218.836,1.84,-1.79,-0.032,5.13,eastmoney,qfq
2024-04-09,159915,创业板ETF易方达,1.759,1.777,1.778,1.752,4864696.0,859278565.315,1.48,1.08,0.019,4.62,eastmoney,qfq
2024-04-10,159915,创业板ETF易方达,1.774,1.739,1.774,1.731,9000053.0,1569964686.588,2.42,-2.14,-0.038,8.55,eastmoney,qfq
2024-04-11,159915,创业板ETF易方达,1.725,1.731,1.752,1.725,7246190.0,1258500431.58,1.55,-0.46,-0.008,6.89,eastmoney,qfq
2024-04-12,159915,创业板ETF易方达,1.73,1.713,1.74,1.711,7251324.0,1249364654.156,1.68,-1.04,-0.018,6.89,eastmoney,qfq
2024-04-15,159915,创业板ETF易方达,1.712,1.746,1.757,1.712,11357926.0,1979130288.867,2.63,1.93,0.033,10.79,eastmoney,qfq
2024-04-16,159915,创业板ETF易方达,1.74,1.713,1.742,1.709,7561462.0,1303733279.501,1.89,-1.89,-0.033,7.19,eastmoney,qfq
2024-04-17,159915,创业板ETF易方达,1.718,1.747,1.748,1.718,6311060.0,1094935987.125,1.75,1.98,0.034,6.0,eastmoney,qfq
2024-04-18,159915,创业板ETF易方达,1.739,1.738,1.759,1.717,7231806.0,1258117105.748,2.4,-0.52,-0.009,6.87,eastmoney,qfq
2024-04-19,159915,创业板ETF易方达,1.725,1.705,1.728,1.692,8437475.0,1441227373.0,2.07,-1.9,-0.033,8.02,eastmoney,qfq
2024-04-22,159915,创业板ETF易方达,1.695,1.703,1.718,1.687,5119593.0,872464901.952,1.82,-0.12,-0.002,4.86,eastmoney,qfq
2024-04-23,159915,创业板ETF易方达,1.708,1.705,1.716,1.693,4772879.0,813383060.541,1.35,0.12,0.002,4.54,eastmoney,qfq
2024-04-24,159915,创业板ETF易方达,1.709,1.719,1.72,1.696,5444651.0,930652227.873,1.41,0.82,0.014,5.17,eastmoney,qfq
2024-04-25,159915,创业板ETF易方达,1.71,1.716,1.73,1.7,5916390.0,1015097835.684,1.75,-0.17,-0.003,5.62,eastmoney,qfq
2024-04-26,159915,创业板ETF易方达,1.717,1.774,1.777,1.717,10455629.0,1835092513.043,3.5,3.38,0.058,9.94,eastmoney,qfq
2024-04-29,159915,创业板ETF易方达,1.78,1.837,1.854,1.78,12330808.0,2249887446.742,4.17,3.55,0.063,11.72,eastmoney,qfq
2024-04-30,159915,创业板ETF易方达,1.837,1.816,1.837,1.816,7158340.0,1307150516.621,1.14,-1.14,-0.021,6.8,eastmoney,qfq
2024-05-06,159915,创业板ETF易方达,1.852,1.853,1.863,1.846,8690891.0,1611906606.445,0.94,2.04,0.037,8.26,eastmoney,qfq
2024-05-07,159915,创业板ETF易方达,1.851,1.85,1.857,1.844,5551162.0,1027079885.132,0.7,-0.16,-0.003,5.28,eastmoney,qfq
2024-05-08,159915,创业板ETF易方达,1.847,1.821,1.847,1.82,5926798.0,1083975322.9,1.46,-1.57,-0.029,5.63,eastmoney,qfq
2024-05-09,159915,创业板ETF易方达,1.828,1.856,1.86,1.828,7593648.0,1404404803.6,1.76,1.92,0.035,7.22,eastmoney,qfq
2024-05-10,159915,创业板ETF易方达,1.858,1.84,1.859,1.829,6345733.0,1166185263.927,1.62,-0.86,-0.016,6.03,eastmoney,qfq
2024-05-13,159915,创业板ETF易方达,1.819,1.817,1.835,1.808,5506427.0,1003162015.7,1.47,-1.25,-0.023,5.23,eastmoney,qfq
2024-05-14,159915,创业板ETF易方达,1.821,1.813,1.831,1.809,5137245.0,933390405.971,1.21,-0.22,-0.004,4.88,eastmoney,qfq
2024-05-15,159915,创业板ETF易方达,1.814,1.797,1.823,1.795,6397224.0,1155215878.492,1.54,-0.88,-0.016,6.08,eastmoney,qfq
2024-05-16,159915,创业板ETF易方达,1.806,1.801,1.819,1.794,6594689.0,1191189941.165,1.39,0.22,0.004,6.27,eastmoney,qfq
2024-05-17,159915,创业板ETF易方达,1.795,1.824,1.825,1.791,7089806.0,1282770696.493,1.89,1.28,0.023,6.74,eastmoney,qfq
2024-05-20,159915,创业板ETF易方达,1.828,1.831,1.844,1.823,8230898.0,1508793859.48,1.15,0.38,0.007,7.82,eastmoney,qfq
2024-05-21,159915,创业板ETF易方达,1.826,1.818,1.831,1.813,4508421.0,820583253.22,0.98,-0.71,-0.013,4.28,eastmoney,qfq
2024-05-22,159915,创业板ETF易方达,1.819,1.839,1.842,1.814,7434674.0,1358050288.773,1.54,1.16,0.021,7.06,eastmoney,qfq
2024-05-23,159915,创业板ETF易方达,1.837,1.811,1.837,1.807,6599889.0,1199542616.421,1.63,-1.52,-0.028,6.27,eastmoney,qfq
2024-05-24,159915,创业板ETF易方达,1.804,1.781,1.821,1.778,6828319.0,1226193736.942,2.37,-1.66,-0.03,6.49,eastmoney,qfq
2024-05-27,159915,创业板ETF易方达,1.784,1.792,1.793,1.762,6219239.0,1104233033.265,1.74,0.62,0.011,5.91,eastmoney,qfq
2024-05-28,159915,创业板ETF易方达,1.784,1.769,1.789,1.766,4237288.0,752314720.067,1.28,-1.28,-0.023,4.03,eastmoney,qfq
2024-05-29,159915,创业板ETF易方达,1.768,1.772,1.793,1.765,6817607.0,1212774231.5,1.58,0.17,0.003,6.48,eastmoney,qfq
2024-05-30,159915,创业板ETF易方达,1.772,1.777,1.783,1.767,4575191.0,811975922.1,0.9,0.28,0.005,4.35,eastmoney,qfq
2024-05-31,159915,创业板ETF易方达,1.781,1.772,1.794,1.77,5199314.0,926361099.15,1.35,-0.28,-0.005,4.94,eastmoney,qfq
2024-06-03,159915,创业板ETF易方达,1.769,1.782,1.786,1.764,5534371.0,983357008.728,1.24,0.56,0.01,5.26,eastmoney,qfq
2024-06-04,159915,创业板ETF易方达,1.778,1.806,1.812,1.777,7450205.0,1338179961.014,1.96,1.35,0.024,7.08,eastmoney,qfq
2024-06-05,159915,创业板ETF易方达,1.805,1.796,1.821,1.796,5298417.0,958489683.728,1.38,-0.55,-0.01,5.03,eastmoney,qfq
2024-06-06,159915,创业板ETF易方达,1.804,1.785,1.808,1.778,6577509.0,1180252981.529,1.67,-0.61,-0.011,6.25,eastmoney,qfq
2024-06-07,159915,创业板ETF易方达,1.784,1.748,1.786,1.729,10017845.0,1757294814.554,3.19,-2.07,-0.037,9.52,eastmoney,qfq
2024-06-11,159915,创业板ETF易方达,1.735,1.752,1.757,1.727,6034655.0,1050263762.575,1.72,0.23,0.004,5.73,eastmoney,qfq
2024-06-12,159915,创业板ETF易方达,1.746,1.743,1.754,1.742,3943802.0,689179251.875,0.68,-0.51,-0.009,3.75,eastmoney,qfq
2024-06-13,159915,创业板ETF易方达,1.752,1.742,1.766,1.741,7245042.0,1267620108.3,1.43,-0.06,-0.001,6.88,eastmoney,qfq
2024-06-14,159915,创业板ETF易方达,1.745,1.756,1.762,1.726,6487355.0,1130929526.855,2.07,0.8,0.014,6.16,eastmoney,qfq
2024-06-17,159915,创业板ETF易方达,1.746,1.768,1.775,1.743,6088884.0,1074684609.6,1.82,0.68,0.012,5.79,eastmoney,qfq
2024-06-18,159915,创业板ETF易方达,1.769,1.776,1.785,1.766,4924351.0,874882847.353,1.07,0.45,0.008,4.68,eastmoney,qfq
2024-06-19,159915,创业板ETF易方达,1.781,1.753,1.783,1.752,6303647.0,1108481829.85,1.75,-1.3,-0.023,5.99,eastmoney,qfq
2024-06-20,159915,创业板ETF易方达,1.75,1.728,1.758,1.727,5944620.0,1033472874.31,1.77,-1.43,-0.025,5.65,eastmoney,qfq
2024-06-21,159915,创业板ETF易方达,1.725,1.723,1.729,1.709,6062895.0,1042667756.0,1.16,-0.29,-0.005,5.76,eastmoney,qfq
2024-06-24,159915,创业板ETF易方达,1.711,1.696,1.721,1.693,7359958.0,1256397081.89,1.63,-1.57,-0.027,6.99,eastmoney,qfq
2024-06-25,159915,创业板ETF易方达,1.694,1.666,1.698,1.657,8888546.0,1489330686.87,2.42,-1.77,-0.03,8.45,eastmoney,qfq
2024-06-26,159915,创业板ETF易方达,1.665,1.699,1.7,1.662,7668659.0,1288964861.958,2.28,1.98,0.033,7.29,eastmoney,qfq
2024-06-27,159915,创业板ETF易方达,1.689,1.67,1.689,1.669,7214333.0,1209479321.074,1.18,-1.71,-0.029,6.86,eastmoney,qfq
2024-06-28,159915,创业板ETF易方达,1.665,1.652,1.688,1.647,7560791.0,1261766760.664,2.46,-1.08,-0.018,7.18,eastmoney,qfq
2024-07-01,159915,创业板ETF易方达,1.648,1.65,1.658,1.621,8680997.0,1421609502.621,2.24,-0.12,-0.002,8.25,eastmoney,qfq
2024-07-02,159915,创业板ETF易方达,1.643,1.633,1.652,1.627,6926318.0,1134882671.728,1.52,-1.03,-0.017,6.58,eastmoney,qfq
2024-07-03,159915,创业板ETF易方达,1.633,1.629,1.645,1.616,7416438.0,1208017829.842,1.78,-0.24,-0.004,7.05,eastmoney,qfq
2024-07-04,159915,创业板ETF易方达,1.633,1.616,1.643,1.615,7168739.0,1165540300.32,1.72,-0.8,-0.013,6.81,eastmoney,qfq
2024-07-05,159915,创业板ETF易方达,1.615,1.623,1.63,1.601,8138205.0,1313878495.801,1.79,0.43,0.007,7.73,eastmoney,qfq
2024-07-08,159915,创业板ETF易方达,1.615,1.596,1.62,1.592,7936130.0,1273747612.306,1.73,-1.66,-0.027,7.54,eastmoney,qfq
2024-07-09,159915,创业板ETF易方达,1.594,1.62,1.629,1.584,11008810.0,1768440724.248,2.82,1.5,0.024,10.46,eastmoney,qfq
2024-07-10,159915,创业板ETF易方达,1.609,1.618,1.636,1.608,7768890.0,1262057166.9,1.73,-0.12,-0.002,7.38,eastmoney,qfq
2024-07-11,159915,创业板ETF易方达,1.64,1.654,1.664,1.627,9657457.0,1590536255.136,2.29,2.22,0.036,9.18,eastmoney,qfq
2024-07-12,159915,创业板ETF易方达,1.648,1.653,1.661,1.64,8332844.0,1376375909.296,1.27,-0.06,-0.001,7.92,eastmoney,qfq
2024-07-15,159915,创业板ETF易方达,1.644,1.64,1.648,1.633,7912562.0,1297951099.874,0.91,-0.79,-0.013,7.52,eastmoney,qfq
2024-07-16,159915,创业板ETF易方达,1.638,1.664,1.665,1.637,8758555.0,1448026915.645,1.71,1.46,0.024,8.32,eastmoney,qfq
2024-07-17,159915,创业板ETF易方达,1.66,1.663,1.674,1.653,7834300.0,1303083812.509,1.26,-0.06,-0.001,7.44,eastmoney,qfq
2024-07-18,159915,创业板ETF易方达,1.653,1.686,1.687,1.649,20806962.0,3469057541.183,2.29,1.38,0.023,19.77,eastmoney,qfq
2024-07-19,159915,创业板ETF易方达,1.673,1.692,1.699,1.672,14700685.0,2486560315.398,1.6,0.36,0.006,13.97,eastmoney,qfq
2024-07-22,159915,创业板ETF易方达,1.693,1.693,1.702,1.679,7726957.0,1307253170.83,1.36,0.06,0.001,7.34,eastmoney,qfq
2024-07-23,159915,创业板ETF易方达,1.691,1.64,1.691,1.639,7606749.0,1262944816.83,3.07,-3.13,-0.053,7.23,eastmoney,qfq
2024-07-24,159915,创业板ETF易方达,1.634,1.619,1.651,1.614,6715404.0,1095298509.99,2.26,-1.28,-0.021,6.38,eastmoney,qfq
2024-07-25,159915,创业板ETF易方达,1.61,1.614,1.627,1.607,5649908.0,912831629.313,1.24,-0.31,-0.005,5.37,eastmoney,qfq
2024-07-26,159915,创业板ETF易方达,1.617,1.627,1.638,1.615,7502581.0,1220285927.23,1.43,0.81,0.013,7.13,eastmoney,qfq
2024-07-29,159915,创业板ETF易方达,1.622,1.604,1.623,1.603,5724428.0,920370351.555,1.23,-1.41,-0.023,5.44,eastmoney,qfq
2024-07-30,159915,创业板ETF易方达,1.6,1.601,1.607,1.591,6106035.0,975027426.172,1.0,-0.19,-0.003,5.8,eastmoney,qfq
2024-07-31,159915,创业板ETF易方达,1.594,1.658,1.658,1.592,14320519.0,2339588940.191,4.12,3.56,0.057,13.61,eastmoney,qfq
2024-08-01,159915,创业板ETF易方达,1.659,1.636,1.663,1.631,9030439.0,1484320326.521,1.93,-1.33,-0.022,8.58,eastmoney,qfq
2024-08-02,159915,创业板ETF易方达,1.621,1.609,1.639,1.604,11190243.0,1810881105.993,2.14,-1.65,-0.027,10.63,eastmoney,qfq
2024-08-05,159915,创业板ETF易方达,1.592,1.576,1.625,1.576,12579838.0,2010902183.749,3.05,-2.05,-0.033,11.95,eastmoney,qfq
2024-08-06,159915,创业板ETF易方达,1.594,1.597,1.607,1.581,8932552.0,1423912521.232,1.65,1.33,0.021,8.49,eastmoney,qfq
2024-08-07,159915,创业板ETF易方达,1.593,1.589,1.601,1.587,6887508.0,1098120312.3,0.88,-0.5,-0.008,6.54,eastmoney,qfq
2024-08-08,159915,创业板ETF易方达,1.582,1.582,1.599,1.568,8938446.0,1413969051.56,1.95,-0.44,-0.007,8.49,eastmoney,qfq
2024-08-09,159915,创业板ETF易方达,1.59,1.566,1.598,1.566,8196082.0,1294422205.6,2.02,-1.01,-0.016,7.79,eastmoney,qfq
2024-08-12,159915,创业板ETF易方达,1.566,1.563,1.572,1.558,6462704.0,1011415437.4,0.89,-0.19,-0.003,6.14,eastmoney,qfq
2024-08-13,159915,创业板ETF易方达,1.562,1.578,1.578,1.558,7636057.0,1195477104.283,1.28,0.96,0.015,7.26,eastmoney,qfq
2024-08-14,159915,创业板ETF易方达,1.575,1.555,1.576,1.554,8798504.0,1373900547.908,1.39,-1.46,-0.023,8.36,eastmoney,qfq
2024-08-15,159915,创业板ETF易方达,1.551,1.565,1.579,1.55,13802745.0,2158889978.627,1.86,0.64,0.01,13.12,eastmoney,qfq
2024-08-16,159915,创业板ETF易方达,1.564,1.561,1.573,1.558,6554594.0,1025138603.239,0.96,-0.26,-0.004,6.23,eastmoney,qfq
2024-08-19,159915,创业板ETF易方达,1.56,1.559,1.577,1.557,7943774.0,1244095195.0,1.28,-0.13,-0.002,7.55,eastmoney,qfq
2024-08-20,159915,创业板ETF易方达,1.561,1.539,1.562,1.536,9367585.0,1447293515.25,1.67,-1.28,-0.02,8.9,eastmoney,qfq
2024-08-21,159915,创业板ETF易方达,1.532,1.529,1.543,1.527,7341937.0,1125584865.14,1.04,-0.65,-0.01,6.98,eastmoney,qfq
2024-08-22,159915,创业板ETF易方达,1.53,1.516,1.534,1.515,8555917.0,1301647484.735,1.24,-0.85,-0.013,8.13,eastmoney,qfq
2024-08-23,159915,创业板ETF易方达,1.512,1.517,1.526,1.509,12097258.0,1835561828.46,1.12,0.07,0.001,11.5,eastmoney,qfq
2024-08-26,159915,创业板ETF易方达,1.517,1.515,1.528,1.511,7052690.0,1070720952.548,1.12,-0.13,-0.002,6.7,eastmoney,qfq
2024-08-27,159915,创业板ETF易方达,1.511,1.5,1.512,1.497,7951119.0,1194899265.98,0.99,-0.99,-0.015,7.56,eastmoney,qfq
2024-08-28,159915,创业板ETF易方达,1.499,1.501,1.505,1.494,7883197.0,1182047814.75,0.73,0.07,0.001,7.49,eastmoney,qfq
2024-08-29,159915,创业板ETF易方达,1.488,1.513,1.522,1.484,18401290.0,2770964892.435,2.53,0.8,0.012,17.49,eastmoney,qfq
2024-08-30,159915,创业板ETF易方达,1.511,1.552,1.571,1.511,20670044.0,3199131567.465,3.97,2.58,0.039,19.64,eastmoney,qfq
2024-09-02,159915,创业板ETF易方达,1.547,1.507,1.552,1.506,15867300.0,2416710682.158,2.96,-2.9,-0.045,15.08,eastmoney,qfq
2024-09-03,159915,创业板ETF易方达,1.504,1.525,1.532,1.503,11015247.0,1675797248.304,1.92,1.19,0.018,10.47,eastmoney,qfq
2024-09-04,159915,创业板ETF易方达,1.512,1.525,1.54,1.51,9785096.0,1492736475.856,1.97,0.0,0.0,9.3,eastmoney,qfq
2024-09-05,159915,创业板ETF易方达,1.525,1.536,1.546,1.524,8624512.0,1323868191.808,1.44,0.72,0.011,8.2,eastmoney,qfq
2024-09-06,159915,创业板ETF易方达,1.535,1.508,1.538,1.508,9896846.0,1503394564.8,1.95,-1.82,-0.028,9.4,eastmoney,qfq
2024-09-09,159915,创业板ETF易方达,1.5,1.513,1.519,1.498,18135289.0,2736028698.504,1.39,0.33,0.005,17.23,eastmoney,qfq
2024-09-10,159915,创业板ETF易方达,1.514,1.512,1.524,1.495,15412588.0,2323816829.436,1.92,-0.07,-0.001,14.65,eastmoney,qfq
2024-09-11,159915,创业板ETF易方达,1.51,1.528,1.534,1.507,14352293.0,2187736485.803,1.79,1.06,0.016,13.64,eastmoney,qfq
2024-09-12,159915,创业板ETF易方达,1.536,1.525,1.549,1.521,12617763.0,1936399815.193,1.83,-0.2,-0.003,11.99,eastmoney,qfq
2024-09-13,159915,创业板ETF易方达,1.525,1.509,1.528,1.508,8784237.0,1332460552.155,1.31,-1.05,-0.016,8.35,eastmoney,qfq
2024-09-18,159915,创业板ETF易方达,1.505,1.504,1.513,1.494,9657148.0,1451166497.533,1.26,-0.33,-0.005,9.18,eastmoney,qfq
2024-09-19,159915,创业板ETF易方达,1.511,1.519,1.537,1.492,18394237.0,2789678359.133,2.99,1.0,0.015,17.48,eastmoney,qfq
2024-09-20,159915,创业板ETF易方达,1.516,1.508,1.517,1.498,20920584.0,3150914899.5,1.25,-0.72,-0.011,19.88,eastmoney,qfq
2024-09-23,159915,创业板ETF易方达,1.507,1.501,1.52,1.5,13035359.0,1967069133.831,1.33,-0.46,-0.007,12.39,eastmoney,qfq
2024-09-24,159915,创业板ETF易方达,1.515,1.587,1.588,1.504,33377295.0,5158211996.798,5.6,5.73,0.086,31.72,eastmoney,qfq
2024-09-25,159915,创业板ETF易方达,1.621,1.61,1.649,1.609,26730083.0,4346647262.225,2.52,1.45,0.023,25.4,eastmoney,qfq
2024-09-26,159915,创业板ETF易方达,1.604,1.686,1.686,1.595,28442155.0,4662498812.27,5.65,4.72,0.076,27.03,eastmoney,qfq
2024-09-27,159915,创业板ETF易方达,1.713,1.86,1.89,1.713,56125985.0,10096030846.854,10.5,10.32,0.174,53.33,eastmoney,qfq
2024-09-30,159915,创业板ETF易方达,2.0,2.232,2.232,1.928,69772145.0,14533319604.382,16.34,20.0,0.372,66.3,eastmoney,qfq
2024-10-08,159915,创业板ETF易方达,2.678,2.678,2.678,2.29,185677265.0,47486377734.325,17.38,19.98,0.446,176.44,eastmoney,qfq
2024-10-09,159915,创业板ETF易方达,2.41,2.242,2.478,2.238,164618813.0,38584923664.502,8.96,-16.28,-0.436,156.43,eastmoney,qfq
2024-10-10,159915,创业板ETF易方达,2.241,2.174,2.297,2.137,80625516.0,17811734056.289,7.14,-3.03,-0.068,76.62,eastmoney,qfq
2024-10-11,159915,创业板ETF易方达,2.134,2.06,2.152,2.026,72995288.0,15183685404.586,5.8,-5.24,-0.114,69.36,eastmoney,qfq
2024-10-14,159915,创业板ETF易方达,2.078,2.116,2.124,2.022,57004799.0,11851253261.662,4.95,2.72,0.056,54.17,eastmoney,qfq
2024-10-15,159915,创业板ETF易方达,2.094,2.045,2.135,2.045,43784762.0,9145503483.604,4.25,-3.36,-0.071,41.61,eastmoney,qfq
2024-10-16,159915,创业板ETF易方达,2.001,2.0,2.044,1.989,38151331.0,7664940633.07,2.69,-2.2,-0.045,36.25,eastmoney,qfq
2024-10-17,159915,创业板ETF易方达,2.019,1.995,2.042,1.993,31361055.0,6333780718.009,2.45,-0.25,-0.005,29.8,eastmoney,qfq
2024-10-18,159915,创业板ETF易方达,1.986,2.156,2.256,1.986,81695885.0,17246253906.793,13.53,8.07,0.161,77.63,eastmoney,qfq
2024-10-21,159915,创业板ETF易方达,2.162,2.167,2.225,2.139,52905363.0,11510502662.903,3.99,0.51,0.011,50.27,eastmoney,qfq
2024-10-22,159915,创业板ETF易方达,2.158,2.175,2.186,2.139,27314769.0,5911593010.163,2.17,0.37,0.008,25.96,eastmoney,qfq
2024-10-23,159915,创业板ETF易方达,2.166,2.162,2.211,2.145,30454404.0,6623460718.262,3.03,-0.6,-0.013,28.94,eastmoney,qfq
2024-10-24,159915,创业板ETF易方达,2.149,2.132,2.161,2.126,19996473.0,4281073036.949,1.62,-1.39,-0.03,19.0,eastmoney,qfq
2024-10-25,159915,创业板ETF易方达,2.147,2.196,2.236,2.138,41856616.0,9158136091.576,4.6,3.0,0.064,39.77,eastmoney,qfq
2024-10-28,159915,创业板ETF易方达,2.193,2.188,2.193,2.158,20357121.0,4432947300.66,1.59,-0.36,-0.008,19.34,eastmoney,qfq
2024-10-29,159915,创业板ETF易方达,2.191,2.135,2.198,2.133,26794604.0,5783642893.711,2.97,-2.42,-0.053,25.46,eastmoney,qfq
2024-10-30,159915,创业板ETF易方达,2.119,2.111,2.138,2.086,23065017.0,4870460597.468,2.44,-1.12,-0.024,21.92,eastmoney,qfq
2024-10-31,159915,创业板ETF易方达,2.105,2.122,2.164,2.09,31276690.0,6665871258.044,3.51,0.52,0.011,29.72,eastmoney,qfq
2024-11-01,159915,创业板ETF易方达,2.104,2.084,2.125,2.08,23885768.0,5027417592.785,2.12,-1.79,-0.038,22.7,eastmoney,qfq
2024-11-04,159915,创业板ETF易方达,2.081,2.145,2.146,2.08,20837386.0,4424060317.6,3.17,2.93,0.061,19.8,eastmoney,qfq
2024-11-05,159915,创业板ETF易方达,2.144,2.249,2.258,2.13,52481838.0,11653247663.192,5.97,4.85,0.104,49.87,eastmoney,qfq
2024-11-06,159915,创业板ETF易方达,2.249,2.223,2.316,2.202,45986097.0,10389830349.896,5.07,-1.16,-0.026,43.7,eastmoney,qfq
2024-11-07,159915,创业板ETF易方达,2.202,2.306,2.306,2.198,36027816.0,8123542737.353,4.86,3.73,0.083,34.24,eastmoney,qfq
2024-11-08,159915,创业板ETF易方达,2.355,2.282,2.365,2.274,34984930.0,8113596732.71,3.95,-1.04,-0.024,33.24,eastmoney,qfq
2024-11-11,159915,创业板ETF易方达,2.25,2.349,2.35,2.249,31861165.0,7362300483.6,4.43,2.94,0.067,30.28,eastmoney,qfq
2024-11-12,159915,创业板ETF易方达,2.365,2.345,2.402,2.316,32230534.0,7623609143.475,3.66,-0.17,-0.004,30.63,eastmoney,qfq
2024-11-13,159915,创业板ETF易方达,2.325,2.372,2.381,2.3,28539851.0,6672901457.963,3.45,1.15,0.027,27.12,eastmoney,qfq
2024-11-14,159915,创业板ETF易方达,2.37,2.288,2.372,2.285,21661199.0,5043001876.48,3.67,-3.54,-0.084,20.58,eastmoney,qfq
2024-11-15,159915,创业板ETF易方达,2.276,2.204,2.294,2.201,27246692.0,6126017644.301,4.06,-3.67,-0.084,25.89,eastmoney,qfq
2024-11-18,159915,创业板ETF易方达,2.205,2.149,2.219,2.132,28609469.0,6207444236.805,3.95,-2.5,-0.055,27.19,eastmoney,qfq
2024-11-19,159915,创业板ETF易方达,2.155,2.215,2.219,2.132,31529902.0,6860088377.953,4.05,3.07,0.066,29.96,eastmoney,qfq
2024-11-20,159915,创业板ETF易方达,2.201,2.223,2.24,2.195,23956979.0,5309861882.455,2.03,0.36,0.008,22.77,eastmoney,qfq
2024-11-21,159915,创业板ETF易方达,2.213,2.223,2.237,2.206,15526239.0,3449564222.641,1.39,0.0,0.0,14.75,eastmoney,qfq
2024-11-22,159915,创业板ETF易方达,2.218,2.136,2.226,2.133,20256843.0,4419031312.634,4.18,-3.91,-0.087,19.25,eastmoney,qfq
2024-11-25,159915,创业板ETF易方达,2.14,2.132,2.151,2.1,19946017.0,4239346267.277,2.39,-0.19,-0.004,18.95,eastmoney,qfq
2024-11-26,159915,创业板ETF易方达,2.122,2.109,2.146,2.107,13881308.0,2950218246.699,1.83,-1.08,-0.023,13.19,eastmoney,qfq
2024-11-27,159915,创业板ETF易方达,2.1,2.165,2.167,2.079,23812605.0,5063215464.538,4.17,2.66,0.056,22.63,eastmoney,qfq
2024-11-28,159915,创业板ETF易方达,2.162,2.128,2.165,2.124,15812142.0,3390963014.451,1.89,-1.71,-0.037,15.03,eastmoney,qfq
2024-11-29,159915,创业板ETF易方达,2.122,2.179,2.221,2.12,30698302.0,6686251148.115,4.75,2.4,0.051,29.17,eastmoney,qfq
2024-12-02,159915,创业板ETF易方达,2.172,2.211,2.218,2.166,20748569.0,4569798100.424,2.39,1.47,0.032,19.72,eastmoney,qfq
2024-12-03,159915,创业板ETF易方达,2.211,2.198,2.219,2.182,15916814.0,3502377943.646,1.67,-0.59,-0.013,15.13,eastmoney,qfq
2024-12-04,159915,创业板ETF易方达,2.195,2.17,2.203,2.161,14083118.0,3072274745.95,1.91,-1.27,-0.028,13.38,eastmoney,qfq
2024-12-05,159915,创业板ETF易方达,2.167,2.177,2.195,2.163,10881280.0,2370569445.183,1.47,0.32,0.007,10.34,eastmoney,qfq
2024-12-06,159915,创业板ETF易方达,2.18,2.224,2.247,2.17,25903279.0,5742016666.224,3.54,2.16,0.047,24.61,eastmoney,qfq
2024-12-09,159915,创业板ETF易方达,2.219,2.206,2.23,2.185,14918244.0,3292494593.409,2.02,-0.81,-0.018,14.18,eastmoney,qfq
2024-12-10,159915,创业板ETF易方达,2.32,2.221,2.32,2.214,35328843.0,7987491172.366,4.81,0.68,0.015,33.57,eastmoney,qfq
2024-12-11,159915,创业板ETF易方达,2.215,2.218,2.235,2.209,14406912.0,3197772570.038,1.17,-0.14,-0.003,13.69,eastmoney,qfq
2024-12-12,159915,创业板ETF易方达,2.217,2.248,2.258,2.212,19109548.0,4274890548.278,2.07,1.35,0.03,18.16,eastmoney,qfq
2024-12-13,159915,创业板ETF易方达,2.231,2.193,2.233,2.19,17805550.0,3936277775.368,1.91,-2.45,-0.055,16.92,eastmoney,qfq
2024-12-16,159915,创业板ETF易方达,2.19,2.158,2.192,2.148,12552537.0,2716261843.241,2.01,-1.6,-0.035,11.93,eastmoney,qfq
2024-12-17,159915,创业板ETF易方达,2.156,2.159,2.189,2.153,16959955.0,3681413046.513,1.67,0.05,0.001,16.12,eastmoney,qfq
2024-12-18,159915,创业板ETF易方达,2.167,2.158,2.173,2.15,10734338.0,2318259676.496,1.07,-0.05,-0.001,10.2,eastmoney,qfq
2024-12-19,159915,创业板ETF易方达,2.137,2.171,2.178,2.132,14482076.0,3123320233.12,2.13,0.6,0.013,13.76,eastmoney,qfq
2024-12-20,159915,创业板ETF易方达,2.166,2.169,2.19,2.157,12555582.0,2726937858.249,1.52,-0.09,-0.002,11.93,eastmoney,qfq
2024-12-23,159915,创业板ETF易方达,2.163,2.147,2.18,2.142,13008414.0,2810536450.2,1.75,-1.01,-0.022,12.36,eastmoney,qfq
2024-12-24,159915,创业板ETF易方达,2.148,2.17,2.172,2.143,15581880.0,3361542137.627,1.35,1.07,0.023,14.81,eastmoney,qfq
2024-12-25,159915,创业板ETF易方达,2.173,2.156,2.175,2.144,11594528.0,2502557661.67,1.43,-0.65,-0.014,11.02,eastmoney,qfq
2024-12-26,159915,创业板ETF易方达,2.16,2.166,2.176,2.152,10655084.0,2309054268.675,1.11,0.46,0.01,10.13,eastmoney,qfq
2024-12-27,159915,创业板ETF易方达,2.166,2.163,2.192,2.154,14826588.0,3218106312.295,1.75,-0.14,-0.003,14.09,eastmoney,qfq
2024-12-30,159915,创业板ETF易方达,2.158,2.165,2.174,2.155,10202963.0,2207790488.178,0.88,0.09,0.002,9.7,eastmoney,qfq
2024-12-31,159915,创业板ETF易方达,2.162,2.102,2.165,2.101,19047476.0,4056325482.738,2.96,-2.91,-0.063,18.1,eastmoney,qfq
2025-01-02,159915,创业板ETF易方达,2.096,2.019,2.097,2.0,22999093.0,4709844390.934,4.61,-3.95,-0.083,21.86,eastmoney,qfq
2025-01-03,159915,创业板ETF易方达,2.02,1.978,2.027,1.976,20166724.0,4033494990.009,2.53,-2.03,-0.041,19.16,eastmoney,qfq
2025-01-06,159915,创业板ETF易方达,1.978,1.976,1.994,1.962,16794769.0,3322854220.7,1.62,-0.1,-0.002,15.96,eastmoney,qfq
2025-01-07,159915,创业板ETF易方达,1.965,1.99,1.99,1.951,16954313.0,3344010729.37,1.97,0.71,0.014,16.11,eastmoney,qfq
2025-01-08,159915,创业板ETF易方达,1.975,1.968,1.99,1.925,22795329.0,4466166489.116,3.27,-1.11,-0.022,21.66,eastmoney,qfq
2025-01-09,159915,创业板ETF易方达,1.956,1.971,1.985,1.954,13525681.0,2671984315.048,1.58,0.15,0.003,12.85,eastmoney,qfq
2025-01-10,159915,创业板ETF易方达,1.967,1.938,1.983,1.938,12061622.0,2366472762.214,2.28,-1.67,-0.033,11.46,eastmoney,qfq
2025-01-13,159915,创业板ETF易方达,1.916,1.942,1.959,1.916,13517608.0,2622517596.02,2.22,0.21,0.004,12.85,eastmoney,qfq
2025-01-14,159915,创业板ETF易方达,1.95,2.036,2.037,1.942,28363155.0,5666356596.638,4.89,4.84,0.094,26.95,eastmoney,qfq
2025-01-15,159915,创业板ETF易方达,2.022,1.999,2.025,1.992,17505191.0,3511330420.628,1.62,-1.82,-0.037,16.63,eastmoney,qfq
2025-01-16,159915,创业板ETF易方达,2.009,2.01,2.044,1.99,19330738.0,3896733940.297,2.7,0.55,0.011,18.37,eastmoney,qfq
2025-01-17,159915,创业板ETF易方达,1.999,2.026,2.043,1.998,16072145.0,3249604106.116,2.24,0.8,0.016,15.27,eastmoney,qfq
2025-01-20,159915,创业板ETF易方达,2.047,2.062,2.077,2.046,19351278.0,3993926763.688,1.53,1.78,0.036,18.39,eastmoney,qfq
2025-01-21,159915,创业板ETF易方达,2.081,2.07,2.083,2.048,10659994.0,2200295028.927,1.7,0.39,0.008,10.13,eastmoney,qfq
2025-01-22,159915,创业板ETF易方达,2.063,2.059,2.069,2.041,11106114.0,2281647143.145,1.35,-0.53,-0.011,10.55,eastmoney,qfq
2025-01-23,159915,创业板ETF易方达,2.082,2.052,2.11,2.052,17381341.0,3618632282.938,2.82,-0.34,-0.007,16.52,eastmoney,qfq
2025-01-24,159915,创业板ETF易方达,2.045,2.084,2.092,2.044,15011413.0,3113708667.104,2.34,1.56,0.032,14.26,eastmoney,qfq
2025-01-27,159915,创业板ETF易方达,2.086,2.028,2.087,2.028,14246932.0,2922348702.718,2.83,-2.69,-0.056,13.54,eastmoney,qfq
2025-02-05,159915,创业板ETF易方达,2.043,2.024,2.047,2.016,11049675.0,2240818341.606,1.53,-0.2,-0.004,10.5,eastmoney,qfq
2025-02-06,159915,创业板ETF易方达,2.022,2.08,2.082,2.017,17017750.0,3505456955.157,3.21,2.77,0.056,16.17,eastmoney,qfq
2025-02-07,159915,创业板ETF易方达,2.08,2.131,2.159,2.08,27469983.0,5838438099.748,3.8,2.45,0.051,26.1,eastmoney,qfq
2025-02-10,159915,创业板ETF易方达,2.14,2.142,2.147,2.114,13228398.0,2821357496.675,1.55,0.52,0.011,12.57,eastmoney,qfq
2025-02-11,159915,创业板ETF易方达,2.141,2.113,2.142,2.11,10674532.0,2260595044.488,1.49,-1.35,-0.029,10.14,eastmoney,qfq
2025-02-12,159915,创业板ETF易方达,2.107,2.15,2.154,2.101,15623364.0,3322841476.11,2.51,1.75,0.037,14.85,eastmoney,qfq
2025-02-13,159915,创业板ETF易方达,2.145,2.135,2.163,2.133,14983656.0,3217541986.367,1.4,-0.7,-0.015,14.24,eastmoney,qfq
2025-02-14,159915,创业板ETF易方达,2.134,2.174,2.181,2.132,21577861.0,4668509747.439,2.3,1.83,0.039,20.5,eastmoney,qfq
2025-02-17,159915,创业板ETF易方达,2.198,2.182,2.2,2.166,16500527.0,3606618049.443,1.56,0.37,0.008,15.68,eastmoney,qfq
2025-02-18,159915,创业板ETF易方达,2.178,2.14,2.19,2.131,13363110.0,2892733134.994,2.7,-1.92,-0.042,12.7,eastmoney,qfq
2025-02-19,159915,创业板ETF易方达,2.136,2.185,2.186,2.133,13819064.0,2996598071.184,2.48,2.1,0.045,13.13,eastmoney,qfq
2025-02-20,159915,创业板ETF易方达,2.179,2.184,2.191,2.161,10073320.0,2194588122.263,1.37,-0.05,-0.001,9.57,eastmoney,qfq
2025-02-21,159915,创业板ETF易方达,2.185,2.239,2.242,2.185,18182523.0,4035502064.543,2.61,2.52,0.055,17.28,eastmoney,qfq
2025-02-24,159915,创业板ETF易方达,2.232,2.221,2.24,2.201,15447324.0,3431453111.529,1.74,-0.8,-0.018,14.68,eastmoney,qfq
2025-02-25,159915,创业板ETF易方达,2.189,2.197,2.222,2.185,14558336.0,3203034928.62,1.67,-1.08,-0.024,13.83,eastmoney,qfq
2025-02-26,159915,创业板ETF易方达,2.199,2.223,2.225,2.19,13441086.0,2970832857.675,1.59,1.18,0.026,12.77,eastmoney,qfq
2025-02-27,159915,创业板ETF易方达,2.224,2.212,2.237,2.183,13424835.0,2963835960.485,2.43,-0.49,-0.011,12.76,eastmoney,qfq
2025-02-28,159915,创业板ETF易方达,2.197,2.128,2.198,2.123,18951792.0,4095199128.933,3.39,-3.8,-0.084,18.01,eastmoney,qfq
2025-03-03,159915,创业板ETF易方达,2.133,2.154,2.189,2.12,20129437.0,4353725070.0,3.24,1.22,0.026,19.13,eastmoney,qfq
2025-03-04,159915,创业板ETF易方达,2.131,2.149,2.151,2.12,10755616.0,2299059817.031,1.44,-0.23,-0.005,10.22,eastmoney,qfq
2025-03-05,159915,创业板ETF易方达,2.147,2.149,2.159,2.131,9583045.0,2053850545.627,1.3,0.0,0.0,9.11,eastmoney,qfq
2025-03-06,159915,创业板ETF易方达,2.162,2.191,2.2,2.16,17630606.0,3849695005.753,1.86,1.95,0.042,16.75,eastmoney,qfq
2025-03-07,159915,创业板ETF易方达,2.181,2.16,2.183,2.152,12596179.0,2731623950.059,1.41,-1.41,-0.031,11.97,eastmoney,qfq
2025-03-10,159915,创业板ETF易方达,2.166,2.159,2.174,2.14,10578257.0,2277006445.308,1.57,-0.05,-0.001,10.05,eastmoney,qfq
2025-03-11,159915,创业板ETF易方达,2.135,2.159,2.161,2.131,11097012.0,2382242786.444,1.39,0.0,0.0,10.55,eastmoney,qfq
2025-03-12,159915,创业板ETF易方达,2.17,2.149,2.172,2.148,10441195.0,2254199739.096,1.11,-0.46,-0.01,9.92,eastmoney,qfq
2025-03-13,159915,创业板ETF易方达,2.146,2.125,2.158,2.113,11140607.0,2373852234.623,2.09,-1.12,-0.024,10.59,eastmoney,qfq
2025-03-14,159915,创业板ETF易方达,2.125,2.186,2.19,2.12,19647221.0,4259564959.696,3.29,2.87,0.061,18.67,eastmoney,qfq
2025-03-17,159915,创业板ETF易方达,2.188,2.173,2.191,2.169,10186892.0,2217737744.359,1.01,-0.59,-0.013,9.68,eastmoney,qfq
2025-03-18,159915,创业板ETF易方达,2.182,2.185,2.201,2.173,11167341.0,2442376910.384,1.29,0.55,0.012,10.61,eastmoney,qfq
2025-03-19,159915,创业板ETF易方达,2.181,2.178,2.195,2.166,9564472.0,2084327408.135,1.33,-0.32,-0.007,9.09,eastmoney,qfq
2025-03-20,159915,创业板ETF易方达,2.178,2.158,2.18,2.155,8744022.0,1894715234.15,1.15,-0.92,-0.02,8.31,eastmoney,qfq
2025-03-21,159915,创业板ETF易方达,2.153,2.112,2.159,2.108,14212017.0,3023428322.313,2.36,-2.13,-0.046,13.51,eastmoney,qfq
2025-03-24,159915,创业板ETF易方达,2.11,2.112,2.118,2.084,9427423.0,1982939078.184,1.61,0.0,0.0,8.96,eastmoney,qfq
2025-03-25,159915,创业板ETF易方达,2.112,2.105,2.123,2.094,9336352.0,1967146654.34,1.37,-0.33,-0.007,8.87,eastmoney,qfq
2025-03-26,159915,创业板ETF易方达,2.1,2.098,2.117,2.097,8839485.0,1861535855.22,0.95,-0.33,-0.007,8.4,eastmoney,qfq
2025-03-27,159915,创业板ETF易方达,2.093,2.103,2.125,2.076,9348640.0,1963608468.535,2.34,0.24,0.005,8.88,eastmoney,qfq
2025-03-28,159915,创业板ETF易方达,2.101,2.089,2.112,2.087,8162006.0,1710499759.8,1.19,-0.67,-0.014,7.76,eastmoney,qfq
2025-03-31,159915,创业板ETF易方达,2.079,2.064,2.083,2.047,12318221.0,2541748555.966,1.72,-1.2,-0.025,11.71,eastmoney,qfq
2025-04-01,159915,创业板ETF易方达,2.067,2.062,2.087,2.06,9304839.0,1927320561.242,1.31,-0.1,-0.002,8.84,eastmoney,qfq
2025-04-02,159915,创业板ETF易方达,2.062,2.064,2.081,2.057,7303188.0,1510412683.185,1.16,0.1,0.002,6.94,eastmoney,qfq
2025-04-03,159915,创业板ETF易方达,2.042,2.027,2.057,2.018,15626423.0,3181472986.023,1.89,-1.79,-0.037,14.85,eastmoney,qfq
2025-04-07,159915,创业板ETF易方达,1.93,1.775,1.931,1.721,69505868.0,12659759619.398,10.36,-12.43,-0.252,66.05,eastmoney,qfq
2025-04-08,159915,创业板ETF易方达,1.792,1.804,1.844,1.777,29297322.0,5298034546.772,3.77,1.63,0.029,27.84,eastmoney,qfq
2025-04-09,159915,创业板ETF易方达,1.762,1.823,1.838,1.743,31929857.0,5760841736.393,5.27,1.05,0.019,30.34,eastmoney,qfq
2025-04-10,159915,创业板ETF易方达,1.88,1.863,1.908,1.86,29094618.0,5475498058.797,2.63,2.19,0.04,27.65,eastmoney,qfq
2025-04-11,159915,创业板ETF易方达,1.845,1.892,1.907,1.844,18605349.0,3492329846.925,3.38,1.56,0.029,17.68,eastmoney,qfq
2025-04-14,159915,创业板ETF易方达,1.915,1.895,1.919,1.892,13033281.0,2481540099.817,1.43,0.16,0.003,12.38,eastmoney,qfq
2025-04-15,159915,创业板ETF易方达,1.895,1.893,1.903,1.881,9943364.0,1879135555.703,1.16,-0.11,-0.002,9.45,eastmoney,qfq
2025-04-16,159915,创业板ETF易方达,1.885,1.87,1.885,1.844,17281809.0,3218073684.0,2.17,-1.22,-0.023,16.42,eastmoney,qfq
2025-04-17,159915,创业板ETF易方达,1.859,1.873,1.887,1.856,11084084.0,2081248945.704,1.66,0.16,0.003,10.53,eastmoney,qfq
2025-04-18,159915,创业板ETF易方达,1.865,1.878,1.881,1.862,8888570.0,1664135334.929,1.01,0.27,0.005,8.45,eastmoney,qfq
2025-04-21,159915,创业板ETF易方达,1.874,1.908,1.91,1.865,12287907.0,2328928106.628,2.4,1.6,0.03,11.68,eastmoney,qfq
2025-04-22,159915,创业板ETF易方达,1.903,1.899,1.911,1.895,8689827.0,1652435883.609,0.84,-0.47,-0.009,8.26,eastmoney,qfq
2025-04-23,159915,创业板ETF易方达,1.917,1.919,1.933,1.906,15179641.0,2915749901.78,1.42,1.05,0.02,14.42,eastmoney,qfq
2025-04-24,159915,创业板ETF易方达,1.916,1.907,1.929,1.902,12207396.0,2336068858.749,1.41,-0.63,-0.012,11.6,eastmoney,qfq
2025-04-25,159915,创业板ETF易方达,1.913,1.92,1.932,1.908,12024520.0,2309659992.776,1.26,0.68,0.013,11.43,eastmoney,qfq
2025-04-28,159915,创业板ETF易方达,1.918,1.906,1.921,1.901,6991261.0,1334167133.0,1.04,-0.73,-0.014,6.64,eastmoney,qfq
2025-04-29,159915,创业板ETF易方达,1.902,1.903,1.912,1.895,6795070.0,1293918095.471,0.89,-0.16,-0.003,6.46,eastmoney,qfq
2025-04-30,159915,创业板ETF易方达,1.905,1.921,1.926,1.904,10655595.0,2044909415.911,1.16,0.95,0.018,10.13,eastmoney,qfq
2025-05-06,159915,创业板ETF易方达,1.936,1.958,1.959,1.935,10395145.0,2026370672.879,1.25,1.93,0.037,9.88,eastmoney,qfq
2025-05-07,159915,创业板ETF易方达,1.995,1.967,2.007,1.953,17348732.0,3426132325.993,2.76,0.46,0.009,16.49,eastmoney,qfq
2025-05-08,159915,创业板ETF易方达,1.963,2.001,2.006,1.961,15804047.0,3148925965.463,2.29,1.73,0.034,15.02,eastmoney,qfq
2025-05-09,159915,创业板ETF易方达,2.0,1.984,2.001,1.975,8209132.0,1629568540.583,1.3,-0.85,-0.017,7.8,eastmoney,qfq
2025-05-12,159915,创业板ETF易方达,2.013,2.037,2.037,2.007,15584949.0,3149770588.876,1.51,2.67,0.053,14.81,eastmoney,qfq
2025-05-13,159915,创业板ETF易方达,2.062,2.03,2.065,2.027,10952122.0,2234622684.115,1.87,-0.34,-0.007,10.41,eastmoney,qfq
2025-05-14,159915,创业板ETF易方达,2.032,2.054,2.074,2.021,12210653.0,2496059353.939,2.61,1.18,0.024,11.6,eastmoney,qfq
2025-05-15,159915,创业板ETF易方达,2.046,2.012,2.047,2.012,8533395.0,1727955312.398,1.7,-2.04,-0.042,8.11,eastmoney,qfq
2025-05-16,159915,创业板ETF易方达,2.006,2.008,2.02,2.005,5946975.0,1197218183.195,0.75,-0.2,-0.004,5.65,eastmoney,qfq
2025-05-19,159915,创业板ETF易方达,2.006,2.002,2.008,1.988,7379950.0,1474714685.148,1.0,-0.3,-0.006,7.01,eastmoney,qfq
2025-05-20,159915,创业板ETF易方达,2.009,2.018,2.031,1.997,7844446.0,1580369547.217,1.7,0.8,0.016,7.45,eastmoney,qfq
2025-05-21,159915,创业板ETF易方达,2.02,2.034,2.047,2.019,10241285.0,2083759004.62,1.39,0.79,0.016,9.73,eastmoney,qfq
2025-05-22,159915,创业板ETF易方达,2.036,2.016,2.037,2.014,5615394.0,1135814240.949,1.13,-0.88,-0.018,5.34,eastmoney,qfq
2025-05-23,159915,创业板ETF易方达,2.015,1.994,2.03,1.994,7272379.0,1463619653.819,1.79,-1.09,-0.022,6.91,eastmoney,qfq
2025-05-26,159915,创业板ETF易方达,1.99,1.977,1.997,1.965,7532962.0,1489711308.496,1.6,-0.85,-0.017,7.16,eastmoney,qfq
2025-05-27,159915,创业板ETF易方达,1.976,1.967,1.976,1.957,7464291.0,1466776070.321,0.96,-0.51,-0.01,7.09,eastmoney,qfq
2025-05-28,159915,创业板ETF易方达,1.969,1.959,1.975,1.956,7195168.0,1414015462.706,0.97,-0.41,-0.008,6.84,eastmoney,qfq
2025-05-29,159915,创业板ETF易方达,1.962,1.989,1.991,1.961,9341379.0,1850177077.489,1.53,1.53,0.03,8.88,eastmoney,qfq
2025-05-30,159915,创业板ETF易方达,1.98,1.972,1.98,1.963,6612255.0,1303691547.765,0.85,-0.85,-0.017,6.28,eastmoney,qfq
2025-06-03,159915,创业板ETF易方达,1.961,1.977,1.987,1.96,5758778.0,1139384009.044,1.37,0.25,0.005,5.47,eastmoney,qfq
2025-06-04,159915,创业板ETF易方达,1.983,2.0,2.006,1.982,7389093.0,1475808291.241,1.21,1.16,0.023,7.02,eastmoney,qfq
2025-06-05,159915,创业板ETF易方达,2.001,2.023,2.029,1.989,8084529.0,1624628219.751,2.0,1.15,0.023,7.68,eastmoney,qfq
2025-06-06,159915,创业板ETF易方达,2.022,2.017,2.027,2.01,5147504.0,1037863344.0,0.84,-0.3,-0.006,4.89,eastmoney,qfq
2025-06-09,159915,创业板ETF易方达,2.02,2.034,2.051,2.02,8445347.0,1721674805.581,1.54,0.84,0.017,8.03,eastmoney,qfq
2025-06-10,159915,创业板ETF易方达,2.034,2.012,2.041,1.999,9385023.0,1894152205.056,2.06,-1.08,-0.022,8.92,eastmoney,qfq
2025-06-11,159915,创业板ETF易方达,2.016,2.038,2.053,2.016,8732720.0,1781856917.291,1.84,1.29,0.026,8.3,eastmoney,qfq
2025-06-12,159915,创业板ETF易方达,2.033,2.04,2.052,2.027,6124760.0,1250732889.926,1.23,0.1,0.002,5.82,eastmoney,qfq
2025-06-13,159915,创业板ETF易方达,2.033,2.02,2.042,2.015,7302115.0,1480102735.182,1.32,-0.98,-0.02,6.94,eastmoney,qfq
2025-06-16,159915,创业板ETF易方达,2.019,2.037,2.039,2.016,4976448.0,1011261424.094,1.14,0.84,0.017,4.73,eastmoney,qfq
2025-06-17,159915,创业板ETF易方达,2.04,2.028,2.041,2.023,4252575.0,863471367.207,0.88,-0.44,-0.009,4.04,eastmoney,qfq
2025-06-18,159915,创业板ETF易方达,2.027,2.034,2.038,2.017,4931127.0,999608204.908,1.04,0.3,0.006,4.69,eastmoney,qfq
2025-06-19,159915,创业板ETF易方达,2.028,2.005,2.036,2.0,6989479.0,1408373550.495,1.77,-1.43,-0.029,6.64,eastmoney,qfq
2025-06-20,159915,创业板ETF易方达,2.005,1.988,2.015,1.987,5926744.0,1183215436.7,1.4,-0.85,-0.017,5.63,eastmoney,qfq
2025-06-23,159915,创业板ETF易方达,1.98,1.998,2.001,1.975,6068657.0,1207204146.999,1.31,0.5,0.01,5.77,eastmoney,qfq
2025-06-24,159915,创业板ETF易方达,2.004,2.044,2.044,2.003,12388429.0,2518135496.438,2.05,2.3,0.046,11.77,eastmoney,qfq
2025-06-25,159915,创业板ETF易方达,2.05,2.109,2.113,2.05,16381973.0,3406556995.774,3.08,3.18,0.065,15.57,eastmoney,qfq
2025-06-26,159915,创业板ETF易方达,2.109,2.093,2.121,2.092,11040739.0,2325635078.858,1.38,-0.76,-0.016,10.49,eastmoney,qfq
2025-06-27,159915,创业板ETF易方达,2.1,2.101,2.125,2.091,11326780.0,2389373180.739,1.62,0.38,0.008,10.76,eastmoney,qfq
2025-06-30,159915,创业板ETF易方达,2.11,2.133,2.134,2.106,10634131.0,2255934779.632,1.33,1.52,0.032,10.11,eastmoney,qfq
2025-07-01,159915,创业板ETF易方达,2.128,2.126,2.131,2.112,6758008.0,1434048675.341,0.89,-0.33,-0.007,6.42,eastmoney,qfq
2025-07-02,159915,创业板ETF易方达,2.123,2.104,2.123,2.097,6869308.0,1445894926.421,1.22,-1.03,-0.022,6.53,eastmoney,qfq
2025-07-03,159915,创业板ETF易方达,2.11,2.141,2.147,2.108,10437516.0,2221641222.03,1.85,1.76,0.037,9.92,eastmoney,qfq
2025-07-04,159915,创业板ETF易方达,2.141,2.133,2.167,2.131,10770847.0,2308805612.626,1.68,-0.37,-0.008,10.24,eastmoney,qfq
2025-07-07,159915,创业板ETF易方达,2.126,2.11,2.134,2.106,7631514.0,1613281869.68,1.31,-1.08,-0.023,7.25,eastmoney,qfq
2025-07-08,159915,创业板ETF易方达,2.109,2.159,2.161,2.107,12591227.0,2700369074.947,2.56,2.32,0.049,11.96,eastmoney,qfq
2025-07-09,159915,创业板ETF易方达,2.157,2.163,2.183,2.155,11223645.0,2435284014.046,1.3,0.19,0.004,10.67,eastmoney,qfq
2025-07-10,159915,创业板ETF易方达,2.17,2.169,2.179,2.153,8455356.0,1830798185.168,1.2,0.28,0.006,8.03,eastmoney,qfq
2025-07-11,159915,创业板ETF易方达,2.169,2.185,2.202,2.159,11419299.0,2493790368.014,1.98,0.74,0.016,10.85,eastmoney,qfq
2025-07-14,159915,创业板ETF易方达,2.18,2.177,2.187,2.167,6661325.0,1449095599.025,0.92,-0.37,-0.008,6.33,eastmoney,qfq
2025-07-15,159915,创业板ETF易方达,2.184,2.212,2.223,2.184,14273177.0,3151896333.733,1.79,1.61,0.035,13.56,eastmoney,qfq
2025-07-16,159915,创业板ETF易方达,2.217,2.206,2.237,2.205,8014571.0,1778554120.466,1.45,-0.27,-0.006,7.62,eastmoney,qfq
2025-07-17,159915,创业板ETF易方达,2.205,2.247,2.247,2.204,9615694.0,2146267402.895,1.95,1.86,0.041,9.14,eastmoney,qfq
2025-07-18,159915,创业板ETF易方达,2.256,2.252,2.274,2.241,9440410.0,2131513000.878,1.47,0.22,0.005,8.97,eastmoney,qfq
2025-07-21,159915,创业板ETF易方达,2.258,2.275,2.275,2.251,9911442.0,2244881619.446,1.07,1.02,0.023,9.42,eastmoney,qfq
2025-07-22,159915,创业板ETF易方达,2.274,2.289,2.291,2.267,10784625.0,2460630714.563,1.05,0.62,0.014,10.25,eastmoney,qfq
2025-07-23,159915,创业板ETF易方达,2.288,2.287,2.31,2.281,12335622.0,2829799317.115,1.27,-0.09,-0.002,11.72,eastmoney,qfq
2025-07-24,159915,创业板ETF易方达,2.297,2.325,2.325,2.291,10346952.0,2386144787.825,1.49,1.66,0.038,9.83,eastmoney,qfq
2025-07-25,159915,创业板ETF易方达,2.326,2.318,2.326,2.308,7610292.0,1763030434.184,0.77,-0.3,-0.007,7.23,eastmoney,qfq
2025-07-28,159915,创业板ETF易方达,2.322,2.342,2.344,2.311,8647995.0,2015532116.201,1.42,1.04,0.024,8.22,eastmoney,qfq
2025-07-29,159915,创业板ETF易方达,2.338,2.383,2.384,2.332,10423053.0,2458006718.553,2.22,1.75,0.041,9.9,eastmoney,qfq
2025-07-30,159915,创业板ETF易方达,2.378,2.345,2.378,2.325,17952943.0,4225955580.442,2.22,-1.59,-0.038,17.06,eastmoney,qfq
2025-07-31,159915,创业板ETF易方达,2.354,2.301,2.37,2.299,19803836.0,4628163692.09,3.03,-1.88,-0.044,18.82,eastmoney,qfq
2025-08-01,159915,创业板ETF易方达,2.296,2.303,2.324,2.281,11371253.0,2620619508.446,1.87,0.09,0.002,10.81,eastmoney,qfq
2025-08-04,159915,创业板ETF易方达,2.285,2.313,2.313,2.282,7651039.0,1755984114.526,1.35,0.43,0.01,7.27,eastmoney,qfq
2025-08-05,159915,创业板ETF易方达,2.326,2.32,2.328,2.3,10464315.0,2423350451.697,1.21,0.3,0.007,9.94,eastmoney,qfq
2025-08-06,159915,创业板ETF易方达,2.314,2.336,2.338,2.312,8691742.0,2023667990.508,1.12,0.69,0.016,8.26,eastmoney,qfq
2025-08-07,159915,创业板ETF易方达,2.338,2.32,2.35,2.3,11035689.0,2561935101.344,2.14,-0.68,-0.016,10.49,eastmoney,qfq
2025-08-08,159915,创业板ETF易方达,2.314,2.312,2.331,2.307,7461764.0,1728760970.226,1.03,-0.34,-0.008,7.09,eastmoney,qfq
2025-08-11,159915,创业板ETF易方达,2.317,2.357,2.362,2.312,11597518.0,2719858279.901,2.16,1.95,0.045,11.02,eastmoney,qfq
2025-08-12,159915,创业板ETF易方达,2.358,2.385,2.385,2.345,11120495.0,2635788947.593,1.7,1.19,0.028,10.57,eastmoney,qfq
2025-08-13,159915,创业板ETF易方达,2.395,2.473,2.475,2.391,18976851.0,4624232806.169,3.52,3.69,0.088,18.03,eastmoney,qfq
2025-08-14,159915,创业板ETF易方达,2.473,2.446,2.489,2.438,14892827.0,3670028993.538,2.06,-1.09,-0.027,14.15,eastmoney,qfq
2025-08-15,159915,创业板ETF易方达,2.435,2.509,2.518,2.435,14271173.0,3545929725.368,3.39,2.58,0.063,13.56,eastmoney,qfq
2025-08-18,159915,创业板ETF易方达,2.52,2.582,2.608,2.504,22969315.0,5893785524.283,4.15,2.91,0.073,21.83,eastmoney,qfq
2025-08-19,159915,创业板ETF易方达,2.575,2.575,2.61,2.561,16354090.0,4222774161.561,1.9,-0.27,-0.007,15.54,eastmoney,qfq
2025-08-20,159915,创业板ETF易方达,2.551,2.588,2.588,2.524,20594441.0,5260550950.151,2.49,0.5,0.013,19.57,eastmoney,qfq
2025-08-21,159915,创业板ETF易方达,2.589,2.572,2.605,2.558,18828044.0,4859237812.754,1.82,-0.62,-0.016,17.89,eastmoney,qfq
2025-08-22,159915,创业板ETF易方达,2.566,2.662,2.663,2.563,21659089.0,5681941122.755,3.89,3.5,0.09,20.58,eastmoney,qfq
2025-08-25,159915,创业板ETF易方达,2.693,2.737,2.76,2.675,27514140.0,7457636147.978,3.19,2.82,0.075,26.15,eastmoney,qfq
2025-08-26,159915,创业板ETF易方达,2.727,2.716,2.75,2.702,20918322.0,5706483426.739,1.75,-0.77,-0.021,19.88,eastmoney,qfq
2025-08-27,159915,创业板ETF易方达,2.716,2.696,2.796,2.696,29434776.0,8091776959.283,3.68,-0.74,-0.02,27.97,eastmoney,qfq
2025-08-28,159915,创业板ETF易方达,2.68,2.806,2.807,2.677,26820208.0,7337066719.709,4.82,4.08,0.11,25.49,eastmoney,qfq
2025-08-29,159915,创业板ETF易方达,2.799,2.865,2.909,2.78,24760608.0,7050495858.504,4.6,2.1,0.059,23.53,eastmoney,qfq
2025-09-01,159915,创业板ETF易方达,2.88,2.927,2.932,2.859,20641012.0,5979182419.477,2.55,2.16,0.062,19.61,eastmoney,qfq
2025-09-02,159915,创业板ETF易方达,2.922,2.848,2.954,2.815,30202205.0,8691244492.502,4.75,-2.7,-0.079,28.7,eastmoney,qfq
2025-09-03,159915,创业板ETF易方达,2.852,2.87,2.899,2.832,29187032.0,8367566301.436,2.35,0.77,0.022,27.74,eastmoney,qfq
2025-09-04,159915,创业板ETF易方达,2.899,2.751,2.93,2.716,35046019.0,9856433541.82,7.46,-4.15,-0.119,33.3,eastmoney,qfq
2025-09-05,159915,创业板ETF易方达,2.75,2.944,2.947,2.749,27420789.0,7802431010.294,7.2,7.02,0.193,26.06,eastmoney,qfq
2025-09-08,159915,创业板ETF易方达,2.946,2.908,2.951,2.856,24968782.0,7234949537.598,3.23,-1.22,-0.036,23.73,eastmoney,qfq
2025-09-09,159915,创业板ETF易方达,2.866,2.845,2.898,2.818,17046755.0,4870733789.144,2.75,-2.17,-0.063,16.2,eastmoney,qfq
2025-09-10,159915,创业板ETF易方达,2.857,2.875,2.9,2.833,18595794.0,5345322585.754,2.36,1.05,0.03,17.67,eastmoney,qfq
2025-09-11,159915,创业板ETF易方达,2.883,3.025,3.027,2.871,26297373.0,7786806668.195,5.43,5.22,0.15,24.99,eastmoney,qfq
2025-09-12,159915,创业板ETF易方达,3.01,2.995,3.033,2.982,21253623.0,6394148105.646,1.69,-0.99,-0.03,20.2,eastmoney,qfq
2025-09-15,159915,创业板ETF易方达,3.006,3.037,3.08,3.006,17136620.0,5227741888.059,2.47,1.4,0.042,16.28,eastmoney,qfq
2025-09-16,159915,创业板ETF易方达,3.039,3.059,3.064,2.993,18886350.0,5729177908.937,2.34,0.72,0.022,17.95,eastmoney,qfq
2025-09-17,159915,创业板ETF易方达,3.055,3.119,3.125,3.036,16687573.0,5154304123.48,2.91,1.96,0.06,15.86,eastmoney,qfq
2025-09-18,159915,创业板ETF易方达,3.115,3.067,3.141,3.024,27190632.0,8408306051.594,3.75,-1.67,-0.052,25.84,eastmoney,qfq
2025-09-19,159915,创业板ETF易方达,3.067,3.062,3.101,3.046,17122318.0,5266798692.281,1.79,-0.16,-0.005,16.27,eastmoney,qfq
2025-09-22,159915,创业板ETF易方达,3.068,3.082,3.082,3.026,13820787.0,4228087839.518,1.83,0.65,0.02,13.13,eastmoney,qfq
2025-09-23,159915,创业板ETF易方达,3.115,3.093,3.13,3.015,22320034.0,6865555807.126,3.73,0.36,0.011,21.21,eastmoney,qfq
2025-09-24,159915,创业板ETF易方达,3.063,3.16,3.162,3.061,19449895.0,6065237036.156,3.27,2.17,0.067,18.48,eastmoney,qfq
2025-09-25,159915,创业板ETF易方达,3.15,3.211,3.24,3.134,16257324.0,5199641840.272,3.35,1.61,0.051,15.45,eastmoney,qfq
2025-09-26,159915,创业板ETF易方达,3.193,3.129,3.226,3.126,16927559.0,5368043518.048,3.11,-2.55,-0.082,16.09,eastmoney,qfq
2025-09-29,159915,创业板ETF易方达,3.126,3.213,3.233,3.126,16328471.0,5208289767.057,3.42,2.68,0.084,15.52,eastmoney,qfq
2025-09-30,159915,创业板ETF易方达,3.221,3.217,3.254,3.194,12401712.0,3995389304.531,1.87,0.12,0.004,11.78,eastmoney,qfq
2025-10-09,159915,创业板ETF易方达,3.217,3.235,3.297,3.217,17435666.0,5667232669.797,2.49,0.56,0.018,16.57,eastmoney,qfq
2025-10-10,159915,创业板ETF易方达,3.201,3.095,3.217,3.072,22276431.0,6981652423.033,4.48,-4.33,-0.14,21.17,eastmoney,qfq
2025-10-13,159915,创业板ETF易方达,2.952,3.054,3.073,2.951,22235483.0,6730538312.754,3.94,-1.32,-0.041,21.13,eastmoney,qfq
2025-10-14,159915,创业板ETF易方达,3.093,2.934,3.106,2.92,24116473.0,7241505141.832,6.09,-3.93,-0.12,22.92,eastmoney,qfq
2025-10-15,159915,创业板ETF易方达,2.932,3.003,3.01,2.905,18770043.0,5552036995.144,3.58,2.35,0.069,17.84,eastmoney,qfq
2025-10-16,159915,创业板ETF易方达,2.984,3.014,3.044,2.978,15488704.0,4670184541.573,2.2,0.37,0.011,14.72,eastmoney,qfq
2025-10-17,159915,创业板ETF易方达,3.002,2.915,3.021,2.91,15526407.0,4576629143.027,3.68,-3.28,-0.099,14.75,eastmoney,qfq
2025-10-20,159915,创业板ETF易方达,2.976,2.971,3.02,2.948,15566787.0,4642754506.081,2.47,1.92,0.056,14.79,eastmoney,qfq
2025-10-21,159915,创业板ETF易方达,2.999,3.062,3.078,2.972,17359633.0,5272466543.795,3.57,3.06,0.091,16.5,eastmoney,qfq
2025-10-22,159915,创业板ETF易方达,3.037,3.039,3.067,3.02,11741287.0,3571697635.407,1.53,-0.75,-0.023,11.16,eastmoney,qfq
2025-10-23,159915,创业板ETF易方达,3.021,3.038,3.045,2.98,9985458.0,3006639972.485,2.14,-0.03,-0.001,9.49,eastmoney,qfq
2025-10-24,159915,创业板ETF易方达,3.069,3.147,3.147,3.058,14948805.0,4637974087.124,2.93,3.59,0.109,14.21,eastmoney,qfq
2025-10-27,159915,创业板ETF易方达,3.209,3.209,3.218,3.155,15096685.0,4823568499.713,2.0,1.97,0.062,14.35,eastmoney,qfq
2025-10-28,159915,创业板ETF易方达,3.189,3.205,3.258,3.181,13533297.0,4352354390.296,2.4,-0.12,-0.004,12.86,eastmoney,qfq
2025-10-29,159915,创业板ETF易方达,3.235,3.3,3.3,3.234,13701356.0,4473209145.637,2.06,2.96,0.095,13.02,eastmoney,qfq
2025-10-30,159915,创业板ETF易方达,3.296,3.239,3.308,3.235,14068840.0,4602035004.766,2.21,-1.85,-0.061,13.37,eastmoney,qfq
2025-10-31,159915,创业板ETF易方达,3.235,3.166,3.258,3.164,14956429.0,4795957338.81,2.9,-2.25,-0.073,14.21,eastmoney,qfq
2025-11-03,159915,创业板ETF易方达,3.152,3.176,3.178,3.098,12919888.0,4057838466.861,2.53,0.32,0.01,12.28,eastmoney,qfq
2025-11-04,159915,创业板ETF易方达,3.166,3.112,3.184,3.087,12779003.0,3999079270.611,3.05,-2.02,-0.064,12.14,eastmoney,qfq
2025-11-05,159915,创业板ETF易方达,3.06,3.142,3.157,3.046,13128615.0,4073292024.942,3.57,0.96,0.03,12.48,eastmoney,qfq
2025-11-06,159915,创业板ETF易方达,3.158,3.201,3.213,3.153,13344230.0,4251348431.464,1.91,1.88,0.059,12.68,eastmoney,qfq
2025-11-07,159915,创业板ETF易方达,3.184,3.185,3.218,3.155,9705146.0,3090346851.245,1.97,-0.5,-0.016,9.22,eastmoney,qfq
2025-11-10,159915,创业板ETF易方达,3.2,3.158,3.215,3.117,11746888.0,3697770212.51,3.08,-0.85,-0.027,11.16,eastmoney,qfq
2025-11-11,159915,创业板ETF易方达,3.175,3.113,3.188,3.107,10573098.0,3323335998.6,2.56,-1.42,-0.045,10.05,eastmoney,qfq
2025-11-12,159915,创业板ETF易方达,3.095,3.108,3.116,3.058,11814661.0,3648762908.877,1.86,-0.16,-0.005,11.23,eastmoney,qfq
2025-11-13,159915,创业板ETF易方达,3.094,3.182,3.188,3.086,16018683.0,5045454814.849,3.28,2.38,0.074,15.22,eastmoney,qfq
2025-11-14,159915,创业板ETF易方达,3.146,3.093,3.146,3.091,12217523.0,3818689061.473,1.73,-2.8,-0.089,11.61,eastmoney,qfq
2025-11-17,159915,创业板ETF易方达,3.074,3.084,3.101,3.06,9828891.0,3024962847.564,1.33,-0.29,-0.009,9.34,eastmoney,qfq
2025-11-18,159915,创业板ETF易方达,3.069,3.051,3.095,3.032,12524587.0,3834326362.657,2.04,-1.07,-0.033,11.9,eastmoney,qfq
2025-11-19,159915,创业板ETF易方达,3.051,3.057,3.092,3.041,13254195.0,4059815544.721,1.67,0.2,0.006,12.59,eastmoney,qfq
2025-11-20,159915,创业板ETF易方达,3.106,3.026,3.113,3.019,13808023.0,4222309799.476,3.07,-1.01,-0.031,13.12,eastmoney,qfq
2025-11-21,159915,创业板ETF易方达,2.99,2.904,2.99,2.903,23813254.0,7001980046.896,2.88,-4.03,-0.122,22.63,eastmoney,qfq
2025-11-24,159915,创业板ETF易方达,2.925,2.908,2.932,2.873,15108009.0,4394186366.192,2.03,0.14,0.004,14.36,eastmoney,qfq
2025-11-25,159915,创业板ETF易方达,2.951,2.961,3.008,2.94,21847137.0,6485664185.436,2.34,1.82,0.053,20.76,eastmoney,qfq
2025-11-26,159915,创业板ETF易方达,2.955,3.027,3.061,2.943,18263483.0,5496575402.93,3.99,2.23,0.066,17.36,eastmoney,qfq
2025-11-27,159915,创业板ETF易方达,3.018,3.012,3.093,3.007,12497687.0,3812794595.844,2.84,-0.5,-0.015,11.88,eastmoney,qfq
2025-11-28,159915,创业板ETF易方达,3.008,3.035,3.048,2.993,9092535.0,2745371289.08,1.83,0.76,0.023,8.64,eastmoney,qfq
2025-12-01,159915,创业板ETF易方达,3.044,3.073,3.074,3.017,10046772.0,3065143122.884,1.88,1.25,0.038,9.55,eastmoney,qfq
2025-12-02,159915,创业板ETF易方达,3.075,3.052,3.075,3.036,6232246.0,1904764494.804,1.27,-0.68,-0.021,5.92,eastmoney,qfq
2025-12-03,159915,创业板ETF易方达,3.058,3.019,3.086,3.01,7761190.0,2361211728.084,2.49,-1.08,-0.033,7.38,eastmoney,qfq
2025-12-04,159915,创业板ETF易方达,3.014,3.051,3.056,2.997,8084380.0,2449923929.303,1.95,1.06,0.032,7.68,eastmoney,qfq
2025-12-05,159915,创业板ETF易方达,3.063,3.089,3.098,3.028,8738437.0,2681407787.262,2.29,1.25,0.038,8.3,eastmoney,qfq
2025-12-08,159915,创业板ETF易方达,3.101,3.171,3.194,3.099,12681256.0,4001557936.312,3.08,2.65,0.082,12.05,eastmoney,qfq
2025-12-09,159915,创业板ETF易方达,3.168,3.188,3.215,3.153,10825661.0,3451146147.769,1.96,0.54,0.017,10.29,eastmoney,qfq
2025-12-10,159915,创业板ETF易方达,3.185,3.192,3.2,3.124,8529586.0,2694949380.043,2.38,0.13,0.004,8.11,eastmoney,qfq
2025-12-11,159915,创业板ETF易方达,3.192,3.146,3.226,3.145,9362313.0,2993222525.739,2.54,-1.44,-0.046,8.9,eastmoney,qfq
2025-12-12,159915,创业板ETF易方达,3.152,3.174,3.186,3.12,10110131.0,3194779883.316,2.1,0.89,0.028,9.61,eastmoney,qfq
2025-12-15,159915,创业板ETF易方达,3.14,3.12,3.167,3.119,7984532.0,2506448325.479,1.51,-1.7,-0.054,7.59,eastmoney,qfq
2025-12-16,159915,创业板ETF易方达,3.112,3.06,3.125,3.043,13098987.0,4025761888.812,2.63,-1.92,-0.06,12.45,eastmoney,qfq
2025-12-17,159915,创业板ETF易方达,3.057,3.164,3.165,3.054,15861637.0,4937699275.096,3.63,3.4,0.104,15.07,eastmoney,qfq
2025-12-18,159915,创业板ETF易方达,3.134,3.092,3.14,3.092,13805174.0,4297352252.305,1.52,-2.28,-0.072,13.12,eastmoney,qfq
2025-12-19,159915,创业板ETF易方达,3.118,3.107,3.141,3.096,10670931.0,3326085604.734,1.46,0.49,0.015,10.14,eastmoney,qfq
2025-12-22,159915,创业板ETF易方达,3.135,3.175,3.18,3.135,13260799.0,4197241563.678,1.45,2.19,0.068,12.6,eastmoney,qfq
2025-12-23,159915,创业板ETF易方达,3.18,3.185,3.21,3.166,9460188.0,3015016522.905,1.39,0.31,0.01,8.99,eastmoney,qfq
2025-12-24,159915,创业板ETF易方达,3.194,3.212,3.219,3.177,7828621.0,2505014135.06,1.32,0.85,0.027,7.44,eastmoney,qfq
2025-12-25,159915,创业板ETF易方达,3.21,3.222,3.234,3.184,8825070.0,2835992188.315,1.56,0.31,0.01,8.39,eastmoney,qfq
2025-12-26,159915,创业板ETF易方达,3.222,3.226,3.252,3.202,9532784.0,3075750266.223,1.55,0.12,0.004,9.06,eastmoney,qfq
2025-12-29,159915,创业板ETF易方达,3.217,3.205,3.234,3.19,9520732.0,3055961797.223,1.36,-0.65,-0.021,9.05,eastmoney,qfq
2025-12-30,159915,创业板ETF易方达,3.19,3.229,3.234,3.19,11809655.0,3800219966.893,1.37,0.75,0.024,11.22,eastmoney,qfq
2025-12-31,159915,创业板ETF易方达,3.23,3.186,3.239,3.182,7178897.0,2302045751.952,1.77,-1.33,-0.043,6.82,eastmoney,qfq
2026-01-05,159915,创业板ETF易方达,3.215,3.281,3.281,3.21,10935771.0,3551323048.42,2.23,2.98,0.095,10.39,eastmoney,qfq
2026-01-06,159915,创业板ETF易方达,3.278,3.303,3.305,3.249,13170598.0,4324236361.937,1.71,0.67,0.022,12.52,eastmoney,qfq
2026-01-07,159915,创业板ETF易方达,3.311,3.311,3.336,3.281,12270467.0,4059296355.554,1.67,0.24,0.008,11.66,eastmoney,qfq
2026-01-08,159915,创业板ETF易方达,3.291,3.287,3.313,3.27,11039130.0,3632320850.416,1.3,-0.72,-0.024,10.49,eastmoney,qfq
2026-01-09,159915,创业板ETF易方达,3.269,3.314,3.315,3.253,15451463.0,5087072562.422,1.89,0.82,0.027,14.68,eastmoney,qfq
2026-01-12,159915,创业板ETF易方达,3.314,3.371,3.387,3.267,21937201.0,7314374488.185,3.62,1.72,0.057,20.85,eastmoney,qfq
2026-01-13,159915,创业板ETF易方达,3.372,3.306,3.402,3.291,19314673.0,6466148012.324,3.29,-1.93,-0.065,18.35,eastmoney,qfq
2026-01-14,159915,创业板ETF易方达,3.307,3.332,3.388,3.292,28740079.0,9606956788.598,2.9,0.79,0.026,27.31,eastmoney,qfq
2026-01-15,159915,创业板ETF易方达,3.306,3.352,3.359,3.293,38865233.0,12904865517.29,1.98,0.6,0.02,36.93,eastmoney,qfq
2026-01-16,159915,创业板ETF易方达,3.382,3.346,3.394,3.337,40925188.0,13720977212.367,1.7,-0.18,-0.006,38.89,eastmoney,qfq
2026-01-19,159915,创业板ETF易方达,3.327,3.318,3.369,3.31,19437418.0,6480798729.57,1.76,-0.84,-0.028,18.47,eastmoney,qfq
2026-01-20,159915,创业板ETF易方达,3.319,3.263,3.335,3.242,23282675.0,7628206634.222,2.8,-1.66,-0.055,22.12,eastmoney,qfq
2026-01-21,159915,创业板ETF易方达,3.243,3.281,3.315,3.242,11950615.0,3933094022.781,2.24,0.55,0.018,11.36,eastmoney,qfq
2026-01-22,159915,创业板ETF易方达,3.298,3.315,3.323,3.264,17919800.0,5894354074.254,1.8,1.04,0.034,17.03,eastmoney,qfq
2026-01-23,159915,创业板ETF易方达,3.322,3.337,3.337,3.304,9079939.0,3018742908.302,1.0,0.66,0.022,8.63,eastmoney,qfq
2026-01-26,159915,创业板ETF易方达,3.352,3.305,3.355,3.292,16782457.0,5559095523.957,1.89,-0.96,-0.032,15.95,eastmoney,qfq
2026-01-27,159915,创业板ETF易方达,3.31,3.327,3.352,3.263,17652715.0,5853388036.695,2.69,0.67,0.022,16.77,eastmoney,qfq
2026-01-28,159915,创业板ETF易方达,3.342,3.307,3.345,3.29,19496402.0,6465046669.206,1.65,-0.6,-0.02,18.53,eastmoney,qfq
2026-01-29,159915,创业板ETF易方达,3.297,3.292,3.342,3.284,16261187.0,5378675115.192,1.75,-0.45,-0.015,15.45,eastmoney,qfq
2026-01-30,159915,创业板ETF易方达,3.286,3.335,3.355,3.241,12918381.0,4271421135.064,3.46,1.31,0.043,12.28,eastmoney,qfq
2026-02-02,159915,创业板ETF易方达,3.338,3.252,3.376,3.248,11487593.0,3801816673.138,3.84,-2.49,-0.083,10.92,eastmoney,qfq
2026-02-03,159915,创业板ETF易方达,3.302,3.313,3.32,3.238,12015893.0,3952454659.255,2.52,1.88,0.061,11.42,eastmoney,qfq
2026-02-04,159915,创业板ETF易方达,3.29,3.297,3.307,3.233,11797862.0,3852326601.838,2.23,-0.48,-0.016,11.21,eastmoney,qfq
2026-02-05,159915,创业板ETF易方达,3.264,3.238,3.278,3.227,9852894.0,3200834322.531,1.55,-1.79,-0.059,9.36,eastmoney,qfq
2026-02-06,159915,创业板ETF易方达,3.21,3.229,3.275,3.187,8785306.0,2843474221.458,2.72,-0.28,-0.009,8.35,eastmoney,qfq
2026-02-09,159915,创业板ETF易方达,3.288,3.321,3.327,3.263,9896213.0,3265112642.186,1.98,2.85,0.092,9.4,eastmoney,qfq
2026-02-10,159915,创业板ETF易方达,3.327,3.311,3.335,3.307,5381156.0,1786183381.832,0.84,-0.3,-0.01,5.11,eastmoney,qfq
2026-02-11,159915,创业板ETF易方达,3.3,3.273,3.312,3.272,8118673.0,2669085868.988,1.21,-1.15,-0.038,7.71,eastmoney,qfq
2026-02-12,159915,创业板ETF易方达,3.28,3.319,3.323,3.277,9516282.0,3145580563.839,1.41,1.41,0.046,9.04,eastmoney,qfq
2026-02-13,159915,创业板ETF易方达,3.303,3.265,3.313,3.263,9359664.0,3077154441.329,1.51,-1.63,-0.054,8.89,eastmoney,qfq
2026-02-24,159915,创业板ETF易方达,3.318,3.295,3.331,3.282,9249640.0,3059400028.358,1.5,0.92,0.03,8.79,eastmoney,qfq
2026-02-25,159915,创业板ETF易方达,3.301,3.344,3.352,3.293,11022264.0,3669068169.732,1.79,1.49,0.049,10.47,eastmoney,qfq
2026-02-26,159915,创业板ETF易方达,3.338,3.336,3.343,3.301,8912843.0,2959414786.886,1.26,-0.24,-0.008,8.47,eastmoney,qfq
2026-02-27,159915,创业板ETF易方达,3.31,3.301,3.317,3.283,12708821.0,4189212906.84,1.02,-1.05,-0.035,12.08,eastmoney,qfq
2026-03-02,159915,创业板ETF易方达,3.251,3.282,3.308,3.25,16917591.0,5551369278.544,1.76,-0.58,-0.019,16.08,eastmoney,qfq
2026-03-03,159915,创业板ETF易方达,3.303,3.205,3.32,3.198,16751169.0,5460114837.727,3.72,-2.35,-0.077,15.92,eastmoney,qfq
2026-03-04,159915,创业板ETF易方达,3.17,3.154,3.207,3.138,14046228.0,4453321263.303,2.15,-1.59,-0.051,13.35,eastmoney,qfq
2026-03-05,159915,创业板ETF易方达,3.216,3.206,3.254,3.183,15918683.0,5123994848.675,2.25,1.65,0.052,15.13,eastmoney,qfq
2026-03-06,159915,创业板ETF易方达,3.191,3.225,3.238,3.169,8594461.0,2755966767.95,2.15,0.59,0.019,8.17,eastmoney,qfq
2026-03-09,159915,创业板ETF易方达,3.183,3.201,3.21,3.1,13719189.0,4311143643.948,3.41,-0.74,-0.024,13.04,eastmoney,qfq
2026-03-10,159915,创业板ETF易方达,3.267,3.296,3.298,3.252,12409336.0,4069373222.191,1.44,2.97,0.095,11.79,eastmoney,qfq
2026-03-11,159915,创业板ETF易方达,3.303,3.335,3.377,3.303,10731783.0,3585290331.082,2.25,1.18,0.039,10.2,eastmoney,qfq
2026-03-12,159915,创业板ETF易方达,3.34,3.308,3.35,3.278,7876461.0,2601723474.185,2.16,-0.81,-0.027,7.48,eastmoney,qfq
2026-03-13,159915,创业板ETF易方达,3.29,3.3,3.334,3.28,8097919.0,2682651220.724,1.63,-0.24,-0.008,7.7,eastmoney,qfq
2026-03-16,159915,创业板ETF易方达,3.308,3.349,3.35,3.275,10653744.0,3529085209.464,2.27,1.48,0.049,10.12,eastmoney,qfq
2026-03-17,159915,创业板ETF易方达,3.369,3.273,3.379,3.271,11597774.0,3853089118.117,3.22,-2.27,-0.076,11.02,eastmoney,qfq
2026-03-18,159915,创业板ETF易方达,3.293,3.338,3.341,3.265,11208680.0,3701559654.42,2.32,1.99,0.065,10.65,eastmoney,qfq
2026-03-19,159915,创业板ETF易方达,3.297,3.303,3.353,3.287,12469345.0,4139744623.703,1.98,-1.05,-0.035,11.85,eastmoney,qfq
2026-03-20,159915,创业板ETF易方达,3.337,3.341,3.417,3.337,19596729.0,6613612449.458,2.42,1.15,0.038,18.62,eastmoney,qfq
2026-03-23,159915,创业板ETF易方达,3.3,3.228,3.326,3.206,16832932.0,5505326627.788,3.59,-3.38,-0.113,16.0,eastmoney,qfq
2026-03-24,159915,创业板ETF易方达,3.275,3.237,3.277,3.145,14810267.0,4747716096.742,4.09,0.28,0.009,14.07,eastmoney,qfq
2026-03-25,159915,创业板ETF易方达,3.279,3.307,3.315,3.262,11788368.0,3885554464.343,1.64,2.16,0.07,11.2,eastmoney,qfq
2026-03-26,159915,创业板ETF易方达,3.306,3.263,3.338,3.256,9530418.0,3137106084.603,2.48,-1.33,-0.044,9.06,eastmoney,qfq
2026-03-27,159915,创业板ETF易方达,3.241,3.293,3.313,3.221,9411777.0,3079351984.17,2.82,0.92,0.03,8.94,eastmoney,qfq
2026-03-30,159915,创业板ETF易方达,3.242,3.264,3.273,3.216,9884804.0,3210679548.133,1.73,-0.88,-0.029,9.39,eastmoney,qfq
2026-03-31,159915,创业板ETF易方达,3.248,3.182,3.272,3.178,13794790.0,4434723769.673,2.88,-2.51,-0.082,13.11,eastmoney,qfq
2026-04-01,159915,创业板ETF易方达,3.245,3.232,3.247,3.2,11374568.0,3666283809.55,1.48,1.57,0.05,10.81,eastmoney,qfq
2026-04-02,159915,创业板ETF易方达,3.224,3.164,3.224,3.148,10357474.0,3296758515.252,2.35,-2.1,-0.068,9.84,eastmoney,qfq
2026-04-03,159915,创业板ETF易方达,3.182,3.141,3.189,3.139,7353196.0,2326714624.862,1.58,-0.73,-0.023,6.99,eastmoney,qfq
2026-04-07,159915,创业板ETF易方达,3.153,3.151,3.173,3.125,7493724.0,2361499071.31,1.53,0.32,0.01,7.12,eastmoney,qfq
2026-04-08,159915,创业板ETF易方达,3.241,3.345,3.345,3.235,14569399.0,4785824705.834,3.49,6.16,0.194,13.84,eastmoney,qfq
2026-04-09,159915,创业板ETF易方达,3.316,3.32,3.331,3.292,7267214.0,2407159486.863,1.17,-0.75,-0.025,6.91,eastmoney,qfq
2026-04-10,159915,创业板ETF易方达,3.339,3.437,3.462,3.339,13933264.0,4765722093.559,3.7,3.52,0.117,13.24,eastmoney,qfq
2026-04-13,159915,创业板ETF易方达,3.43,3.468,3.485,3.421,10417629.0,3606546237.848,1.86,0.9,0.031,9.9,eastmoney,qfq
2026-04-14,159915,创业板ETF易方达,3.501,3.55,3.552,3.484,10632436.0,3744100707.304,1.96,2.36,0.082,10.1,eastmoney,qfq
2026-04-15,159915,创业板ETF易方达,3.589,3.511,3.595,3.482,13524690.0,4785008636.285,3.18,-1.1,-0.039,12.85,eastmoney,qfq
2026-04-16,159915,创业板ETF易方达,3.522,3.624,3.624,3.511,14796542.0,5298080774.882,3.22,3.22,0.113,14.06,eastmoney,qfq
2026-04-17,159915,创业板ETF易方达,3.638,3.67,3.678,3.61,15033058.0,5489998910.635,1.88,1.27,0.046,14.29,eastmoney,qfq
2026-04-20,159915,创业板ETF易方达,3.657,3.672,3.689,3.636,14853588.0,5444544523.628,1.44,0.05,0.002,14.11,eastmoney,qfq
2026-04-21,159915,创业板ETF易方达,3.663,3.681,3.688,3.614,13828383.0,5051182322.518,2.02,0.25,0.009,13.14,eastmoney,qfq
2026-04-22,159915,创业板ETF易方达,3.66,3.758,3.761,3.66,18615006.0,6923895010.658,2.74,2.09,0.077,17.69,eastmoney,qfq
2026-04-23,159915,创业板ETF易方达,3.769,3.728,3.789,3.684,14580921.0,5446610050.463,2.79,-0.8,-0.03,13.86,eastmoney,qfq
2026-04-24,159915,创业板ETF易方达,3.689,3.674,3.704,3.63,17128265.0,6285359225.219,1.98,-1.45,-0.054,16.28,eastmoney,qfq
2026-04-27,159915,创业板ETF易方达,3.68,3.652,3.691,3.643,9604111.0,3519636450.21,1.31,-0.6,-0.022,9.13,eastmoney,qfq
2026-04-28,159915,创业板ETF易方达,3.63,3.602,3.643,3.588,11061019.0,3998704631.168,1.51,-1.37,-0.05,10.51,eastmoney,qfq
2026-04-29,159915,创业板ETF易方达,3.585,3.694,3.7,3.578,10641461.0,3886447435.205,3.39,2.55,0.092,10.11,eastmoney,qfq
2026-04-30,159915,创业板ETF易方达,3.703,3.689,3.727,3.668,10039840.0,3710117031.458,1.6,-0.14,-0.005,9.54,eastmoney,qfq
2026-05-06,159915,创业板ETF易方达,3.763,3.786,3.824,3.733,19639487.0,7445851677.571,2.47,2.63,0.097,18.66,eastmoney,qfq
2026-05-07,159915,创业板ETF易方达,3.814,3.845,3.849,3.769,8949955.0,3408781901.032,2.11,1.56,0.059,8.5,eastmoney,qfq
2026-05-08,159915,创业板ETF易方达,3.811,3.806,3.851,3.796,9696180.0,3704430721.104,1.43,-1.01,-0.039,9.21,eastmoney,qfq
2026-05-11,159915,创业板ETF易方达,3.834,3.947,3.947,3.806,13488228.0,5237822670.85,3.7,3.7,0.141,12.82,eastmoney,qfq
2026-05-12,159915,创业板ETF易方达,3.952,3.94,3.966,3.907,12480831.0,4919168159.673,1.49,-0.18,-0.007,11.86,eastmoney,qfq
2026-05-13,159915,创业板ETF易方达,3.91,4.048,4.054,3.904,12150099.0,4827427703.022,3.81,2.74,0.108,11.55,eastmoney,qfq
2026-05-14,159915,创业板ETF易方达,4.092,3.961,4.104,3.948,14719688.0,5906571388.606,3.85,-2.15,-0.087,13.99,eastmoney,qfq
2026-05-15,159915,创业板ETF易方达,3.961,3.97,4.015,3.88,19036007.0,7510651174.562,3.41,0.23,0.009,18.09,eastmoney,qfq
2026-05-18,159915,创业板ETF易方达,3.912,3.923,3.971,3.892,13870922.0,5450614720.997,1.99,-1.18,-0.047,13.18,eastmoney,qfq
2026-05-19,159915,创业板ETF易方达,3.901,3.922,3.931,3.82,14732403.0,5712080576.183,2.83,-0.03,-0.001,14.0,eastmoney,qfq
2026-05-20,159915,创业板ETF易方达,3.895,3.932,3.959,3.895,11602678.0,4551859988.279,1.63,0.25,0.01,11.03,eastmoney,qfq
2026-05-21,159915,创业板ETF易方达,3.97,3.846,4.029,3.835,18284145.0,7219559132.685,4.93,-2.19,-0.086,17.37,eastmoney,qfq
2026-05-22,159915,创业板ETF易方达,3.877,3.946,3.959,3.866,14475800.0,5660833953.616,2.42,2.6,0.1,13.76,eastmoney,qfq
2026-05-25,159915,创业板ETF易方达,3.982,4.034,4.034,3.916,13650326.0,5436396959.877,2.99,2.23,0.088,12.97,eastmoney,qfq
2026-05-26,159915,创业板ETF易方达,4.012,4.055,4.07,3.997,16023246.0,6460251325.066,1.81,0.52,0.021,15.23,eastmoney,qfq
2026-05-27,159915,创业板ETF易方达,4.053,4.056,4.158,4.027,17473331.0,7161587254.754,3.23,0.02,0.001,16.6,eastmoney,qfq
2026-05-28,159915,创业板ETF易方达,4.039,4.138,4.148,3.984,14011682.0,5679123150.34,4.04,2.02,0.082,13.31,eastmoney,qfq
2026-05-29,159915,创业板ETF易方达,4.143,4.053,4.174,4.022,16171881.0,6627594234.918,3.67,-2.05,-0.085,15.37,eastmoney,qfq
2026-06-01,159915,创业板ETF易方达,4.047,3.964,4.094,3.956,13224451.0,5325031114.047,3.4,-2.2,-0.089,12.57,eastmoney,qfq
2026-06-02,159915,创业板ETF易方达,3.981,4.071,4.098,3.959,14821750.0,5968727719.571,3.51,2.7,0.107,14.08,eastmoney,qfq
2026-06-03,159915,创业板ETF易方达,4.095,4.145,4.23,4.076,16490581.0,6853479731.095,3.78,1.82,0.074,15.67,eastmoney,qfq
2026-06-04,159915,创业板ETF易方达,4.074,4.1,4.131,4.065,10599121.0,4344953805.909,1.59,-1.09,-0.045,10.07,eastmoney,qfq
2026-06-05,159915,创业板ETF易方达,4.083,3.977,4.122,3.947,14663505.0,5925661224.953,4.27,-3.0,-0.123,13.93,eastmoney,qfq
2026-06-08,159915,创业板ETF易方达,3.83,3.827,3.916,3.79,17916388.0,6918765209.041,3.17,-3.77,-0.15,17.03,eastmoney,qfq
2026-06-09,159915,创业板ETF易方达,3.877,3.972,3.975,3.836,15787653.0,6169162413.896,3.63,3.79,0.145,15.0,eastmoney,qfq
2026-06-10,159915,创业板ETF易方达,3.925,3.87,3.942,3.835,12698150.0,4932052567.099,2.69,-2.57,-0.102,12.07,eastmoney,qfq
2026-06-11,159915,创业板ETF易方达,3.843,3.83,3.925,3.77,15131492.0,5811234668.286,4.01,-1.03,-0.04,14.38,eastmoney,qfq
2026-06-12,159915,创业板ETF易方达,3.932,3.846,3.934,3.835,12496087.0,4861543972.63,2.58,0.42,0.016,11.87,eastmoney,qfq
2026-06-15,159915,创业板ETF易方达,3.912,4.045,4.053,3.858,14610496.0,5783322879.484,5.07,5.17,0.199,13.88,eastmoney,qfq
2026-06-16,159915,创业板ETF易方达,4.068,4.111,4.154,4.063,10921491.0,4481671129.668,2.25,1.63,0.066,10.38,eastmoney,qfq
2026-06-17,159915,创业板ETF易方达,4.086,4.183,4.183,4.071,10937036.0,4511811472.394,2.72,1.75,0.072,10.39,eastmoney,qfq
2026-06-18,159915,创业板ETF易方达,4.169,4.269,4.288,4.16,10580532.0,4493982913.518,3.06,2.06,0.086,10.05,eastmoney,qfq
2015-01-05,510300,沪深300ETF华泰柏瑞,2.805,2.889,2.936,2.79,30758984.0,11300578304.0,5.26,4.11,0.114,11.36,eastmoney,qfq
2015-01-06,510300,沪深300ETF华泰柏瑞,2.866,2.864,2.909,2.813,16023424.0,5869771008.0,3.32,-0.87,-0.025,5.92,eastmoney,qfq
2015-01-07,510300,沪深300ETF华泰柏瑞,2.846,2.863,2.891,2.826,17043222.0,6243527424.0,2.27,-0.03,-0.001,6.29,eastmoney,qfq
2015-01-08,510300,沪深300ETF华泰柏瑞,2.873,2.783,2.883,2.771,12361366.0,4461717248.0,3.91,-2.79,-0.08,4.56,eastmoney,qfq
2015-01-09,510300,沪深300ETF华泰柏瑞,2.773,2.757,2.926,2.743,20780563.0,7508849920.0,6.58,-0.93,-0.026,7.67,eastmoney,qfq
2015-01-12,510300,沪深300ETF华泰柏瑞,2.758,2.746,2.781,2.688,13826505.0,4895407616.0,3.37,-0.4,-0.011,5.11,eastmoney,qfq
2015-01-13,510300,沪深300ETF华泰柏瑞,2.743,2.739,2.777,2.713,9697401.0,3440029376.0,2.33,-0.25,-0.007,3.58,eastmoney,qfq
2015-01-14,510300,沪深300ETF华泰柏瑞,2.746,2.731,2.774,2.691,9631631.0,3410790320.0,3.03,-0.29,-0.008,3.56,eastmoney,qfq
2015-01-15,510300,沪深300ETF华泰柏瑞,2.731,2.831,2.837,2.705,13119280.0,4667964928.0,4.83,3.66,0.1,4.84,eastmoney,qfq
2015-01-16,510300,沪深300ETF华泰柏瑞,2.844,2.863,2.886,2.834,13133958.0,4802719232.0,1.84,1.13,0.032,4.85,eastmoney,qfq
2015-01-19,510300,沪深300ETF华泰柏瑞,2.67,2.497,2.7,2.497,12765273.0,4374566400.0,7.09,-12.78,-0.366,4.71,eastmoney,qfq
2015-01-20,510300,沪深300ETF华泰柏瑞,2.546,2.618,2.65,2.538,17005137.0,5718203392.0,4.49,4.85,0.121,6.28,eastmoney,qfq
2015-01-21,510300,沪深300ETF华泰柏瑞,2.63,2.773,2.792,2.627,13881856.0,4796846336.0,6.3,5.92,0.155,5.13,eastmoney,qfq
2015-01-22,510300,沪深300ETF华泰柏瑞,2.779,2.779,2.804,2.737,9941913.0,3519047040.0,2.42,0.22,0.006,3.67,eastmoney,qfq
2015-01-23,510300,沪深300ETF华泰柏瑞,2.804,2.796,2.849,2.766,9745623.0,3483961888.0,2.99,0.61,0.017,3.6,eastmoney,qfq
2015-01-26,510300,沪深300ETF华泰柏瑞,2.816,2.83,2.836,2.778,8802065.0,3141158256.0,2.07,1.22,0.034,3.25,eastmoney,qfq
2015-01-27,510300,沪深300ETF华泰柏瑞,2.838,2.794,2.843,2.722,12312450.0,4364745728.0,4.28,-1.27,-0.036,4.55,eastmoney,qfq
2015-01-28,510300,沪深300ETF华泰柏瑞,2.767,2.737,2.806,2.725,9584009.0,3377022672.0,2.9,-2.04,-0.057,3.54,eastmoney,qfq
2015-01-29,510300,沪深300ETF华泰柏瑞,2.691,2.7,2.724,2.668,9530566.0,3303736480.0,2.05,-1.35,-0.037,3.52,eastmoney,qfq
2015-01-30,510300,沪深300ETF华泰柏瑞,2.72,2.657,2.739,2.642,11179817.0,3856952112.0,3.59,-1.59,-0.043,4.13,eastmoney,qfq
2015-02-02,510300,沪深300ETF华泰柏瑞,2.596,2.58,2.635,2.569,8583404.0,2885463712.0,2.48,-2.9,-0.077,3.17,eastmoney,qfq
2015-02-03,510300,沪深300ETF华泰柏瑞,2.619,2.659,2.671,2.589,8725037.0,2952260336.0,3.18,3.06,0.079,3.22,eastmoney,qfq
2015-02-04,510300,沪深300ETF华泰柏瑞,2.675,2.62,2.706,2.616,10930569.0,3754964880.0,3.38,-1.47,-0.039,4.04,eastmoney,qfq
2015-02-05,510300,沪深300ETF华泰柏瑞,2.711,2.58,2.716,2.576,14647722.0,5016368640.0,5.34,-1.53,-0.04,5.41,eastmoney,qfq
2015-02-06,510300,沪深300ETF华泰柏瑞,2.58,2.53,2.597,2.505,13323766.0,4433202688.0,3.57,-1.94,-0.05,4.92,eastmoney,qfq
2015-02-09,510300,沪深300ETF华泰柏瑞,2.53,2.568,2.606,2.526,12518566.0,4161309856.0,3.16,1.5,0.038,4.62,eastmoney,qfq
2015-02-10,510300,沪深300ETF华泰柏瑞,2.572,2.635,2.637,2.569,13935346.0,4692324608.0,2.65,2.61,0.067,5.15,eastmoney,qfq
2015-02-11,510300,沪深300ETF华泰柏瑞,2.639,2.657,2.671,2.638,11911260.0,4072350320.0,1.25,0.83,0.022,4.4,eastmoney,qfq
2015-02-12,510300,沪深300ETF华泰柏瑞,2.657,2.671,2.682,2.629,7785122.0,2662860160.0,1.99,0.53,0.014,2.87,eastmoney,qfq
2015-02-13,510300,沪深300ETF华泰柏瑞,2.679,2.693,2.739,2.679,10813776.0,3752357200.0,2.25,0.82,0.022,3.99,eastmoney,qfq
2015-02-16,510300,沪深300ETF华泰柏瑞,2.692,2.722,2.731,2.687,8421548.0,2922890512.0,1.63,1.08,0.029,3.11,eastmoney,qfq
2015-02-17,510300,沪深300ETF华泰柏瑞,2.737,2.753,2.765,2.736,8973060.0,3155300464.0,1.07,1.14,0.031,3.31,eastmoney,qfq
2015-02-25,510300,沪深300ETF华泰柏瑞,2.75,2.699,2.75,2.68,13779806.0,4794796544.0,2.54,-1.96,-0.054,5.09,eastmoney,qfq
2015-02-26,510300,沪深300ETF华泰柏瑞,2.696,2.802,2.805,2.681,12517041.0,4392817152.0,4.59,3.82,0.103,4.62,eastmoney,qfq
2015-02-27,510300,沪深300ETF华泰柏瑞,2.8,2.795,2.821,2.778,10331788.0,3683288832.0,1.53,-0.25,-0.007,3.81,eastmoney,qfq
2015-03-02,510300,沪深300ETF华泰柏瑞,2.819,2.823,2.834,2.787,11512423.0,4115162816.0,1.68,1.0,0.028,4.25,eastmoney,qfq
2015-03-03,510300,沪深300ETF华泰柏瑞,2.799,2.725,2.799,2.721,11965033.0,4216664816.0,2.76,-3.47,-0.098,4.42,eastmoney,qfq
2015-03-04,510300,沪深300ETF华泰柏瑞,2.737,2.754,2.768,2.714,8696866.0,3049939824.0,1.98,1.06,0.029,3.21,eastmoney,qfq
2015-03-05,510300,沪深300ETF华泰柏瑞,2.733,2.724,2.742,2.687,10619008.0,3692919680.0,2.0,-1.09,-0.03,3.92,eastmoney,qfq
2015-03-06,510300,沪深300ETF华泰柏瑞,2.721,2.702,2.737,2.693,9184234.0,3197044448.0,1.62,-0.81,-0.022,3.39,eastmoney,qfq
2015-03-09,510300,沪深300ETF华泰柏瑞,2.668,2.77,2.78,2.637,14989497.0,5181077760.0,5.29,2.52,0.068,5.53,eastmoney,qfq
2015-03-10,510300,沪深300ETF华泰柏瑞,2.757,2.745,2.773,2.732,10614478.0,3729284944.0,1.48,-0.9,-0.025,3.92,eastmoney,qfq
2015-03-11,510300,沪深300ETF华泰柏瑞,2.746,2.75,2.801,2.731,14136149.0,4990033408.0,2.55,0.18,0.005,5.22,eastmoney,qfq
2015-03-12,510300,沪深300ETF华泰柏瑞,2.774,2.814,2.833,2.762,14385133.0,5121790464.0,2.58,2.33,0.064,5.31,eastmoney,qfq
2015-03-13,510300,沪深300ETF华泰柏瑞,2.822,2.834,2.861,2.809,9200029.0,3312797664.0,1.85,0.71,0.02,3.4,eastmoney,qfq
2015-03-16,510300,沪深300ETF华泰柏瑞,2.856,2.923,2.93,2.837,12419542.0,4527500544.0,3.28,3.14,0.089,4.59,eastmoney,qfq
2015-03-17,510300,沪深300ETF华泰柏瑞,2.951,2.97,2.978,2.937,13772577.0,5121293824.0,1.4,1.61,0.047,5.09,eastmoney,qfq
2015-03-18,510300,沪深300ETF华泰柏瑞,2.978,3.069,3.075,2.978,13322043.0,5037976320.0,3.27,3.33,0.099,4.92,eastmoney,qfq
2015-03-19,510300,沪深300ETF华泰柏瑞,3.052,3.049,3.068,3.029,13747984.0,5245857536.0,1.27,-0.65,-0.02,5.08,eastmoney,qfq
2015-03-20,510300,沪深300ETF华泰柏瑞,3.06,3.103,3.132,3.046,12711220.0,4883603712.0,2.82,1.77,0.054,4.69,eastmoney,qfq
2015-03-23,510300,沪深300ETF华泰柏瑞,3.143,3.181,3.216,3.138,9506120.0,3736073664.0,2.51,2.51,0.078,3.51,eastmoney,qfq
2015-03-24,510300,沪深300ETF华泰柏瑞,3.187,3.177,3.198,3.104,16266947.0,6375751680.0,2.96,-0.13,-0.004,6.01,eastmoney,qfq
2015-03-25,510300,沪深300ETF华泰柏瑞,3.162,3.153,3.187,3.117,12189714.0,4781120256.0,2.2,-0.76,-0.024,4.5,eastmoney,qfq
2015-03-26,510300,沪深300ETF华泰柏瑞,3.136,3.156,3.202,3.096,12752409.0,4992388096.0,3.36,0.1,0.003,4.71,eastmoney,qfq
2015-03-27,510300,沪深300ETF华泰柏瑞,3.163,3.186,3.208,3.146,8845228.0,3479800400.0,1.96,0.95,0.03,3.27,eastmoney,qfq
2015-03-30,510300,沪深300ETF华泰柏瑞,3.219,3.312,3.326,3.211,12802761.0,5176868864.0,3.61,3.95,0.126,4.73,eastmoney,qfq
2015-03-31,510300,沪深300ETF华泰柏瑞,3.37,3.267,3.386,3.211,27410138.0,11212696576.0,5.28,-1.36,-0.045,10.12,eastmoney,qfq
2015-04-01,510300,沪深300ETF华泰柏瑞,3.271,3.333,3.361,3.264,14824101.0,6043660800.0,2.97,2.02,0.066,5.47,eastmoney,qfq
2015-04-02,510300,沪深300ETF华泰柏瑞,3.363,3.327,3.375,3.271,20198227.0,8235441408.0,3.12,-0.18,-0.006,7.46,eastmoney,qfq
2015-04-03,510300,沪深300ETF华泰柏瑞,3.319,3.393,3.398,3.309,10549231.0,4336932352.0,2.68,1.98,0.066,3.9,eastmoney,qfq
2015-04-07,510300,沪深300ETF华泰柏瑞,3.419,3.466,3.466,3.392,12398464.0,5197239296.0,2.18,2.15,0.073,4.58,eastmoney,qfq
2015-04-08,510300,沪深300ETF华泰柏瑞,3.476,3.5,3.513,3.421,9368158.0,3965108704.0,2.65,0.98,0.034,3.46,eastmoney,qfq
2015-04-09,510300,沪深300ETF华泰柏瑞,3.518,3.469,3.534,3.429,11668331.0,4952893184.0,3.0,-0.89,-0.031,4.31,eastmoney,qfq
2015-04-10,510300,沪深300ETF华泰柏瑞,3.469,3.568,3.575,3.449,10284434.0,4405115392.0,3.63,2.85,0.099,3.8,eastmoney,qfq
2015-04-13,510300,沪深300ETF华泰柏瑞,3.593,3.64,3.659,3.577,8257742.0,3608508416.0,2.3,2.02,0.072,3.05,eastmoney,qfq
2015-04-14,510300,沪深300ETF华泰柏瑞,3.631,3.642,3.694,3.606,9848464.0,4330542336.0,2.42,0.05,0.002,3.64,eastmoney,qfq
2015-04-15,510300,沪深300ETF华泰柏瑞,3.642,3.605,3.686,3.6,11917794.0,5249948160.0,2.36,-1.02,-0.037,4.4,eastmoney,qfq
2015-04-16,510300,沪深300ETF华泰柏瑞,3.605,3.748,3.753,3.559,10711659.0,4736441600.0,5.38,3.97,0.143,3.96,eastmoney,qfq
2015-04-17,510300,沪深300ETF华泰柏瑞,3.766,3.826,3.867,3.765,12126834.0,5540718336.0,2.72,2.08,0.078,4.48,eastmoney,qfq
2015-04-20,510300,沪深300ETF华泰柏瑞,3.826,3.726,3.885,3.706,12638764.0,5762100480.0,4.68,-2.61,-0.1,4.67,eastmoney,qfq
2015-04-21,510300,沪深300ETF华泰柏瑞,3.729,3.821,3.824,3.722,13299154.0,6030545152.0,2.74,2.55,0.095,4.91,eastmoney,qfq
2015-04-22,510300,沪深300ETF华泰柏瑞,3.836,3.946,3.953,3.836,12169516.0,5674757632.0,3.06,3.27,0.125,4.49,eastmoney,qfq
2015-04-23,510300,沪深300ETF华泰柏瑞,3.973,3.941,3.985,3.902,9725637.0,4586792704.0,2.1,-0.13,-0.005,3.59,eastmoney,qfq
2015-04-24,510300,沪深300ETF华泰柏瑞,3.906,3.924,3.936,3.828,8708713.0,4049351136.0,2.74,-0.43,-0.017,3.22,eastmoney,qfq
2015-04-27,510300,沪深300ETF华泰柏瑞,3.973,4.021,4.031,3.938,11266967.0,5353433600.0,2.37,2.47,0.097,4.16,eastmoney,qfq
2015-04-28,510300,沪深300ETF华泰柏瑞,4.005,3.959,4.04,3.915,12519068.0,5953969664.0,3.11,-1.54,-0.062,4.62,eastmoney,qfq
2015-04-29,510300,沪深300ETF华泰柏瑞,3.959,3.985,4.011,3.917,8027906.0,3794297632.0,2.37,0.66,0.026,2.96,eastmoney,qfq
2015-04-30,510300,沪深300ETF华泰柏瑞,3.996,3.975,4.033,3.973,7658200.0,3652174928.0,1.51,-0.25,-0.01,2.83,eastmoney,qfq
2015-05-04,510300,沪深300ETF华泰柏瑞,3.975,4.001,4.006,3.924,7988416.0,3780818880.0,2.06,0.65,0.026,2.95,eastmoney,qfq
2015-05-05,510300,沪深300ETF华泰柏瑞,3.996,3.82,3.996,3.789,9813952.0,4587563008.0,5.17,-4.52,-0.181,3.62,eastmoney,qfq
2015-05-06,510300,沪深300ETF华泰柏瑞,3.826,3.772,3.914,3.733,18782493.0,8636284160.0,4.74,-1.26,-0.048,6.94,eastmoney,qfq
2015-05-07,510300,沪深300ETF华泰柏瑞,3.747,3.693,3.764,3.678,25005675.0,11223533568.0,2.28,-2.09,-0.079,9.23,eastmoney,qfq
2015-05-08,510300,沪深300ETF华泰柏瑞,3.726,3.762,3.766,3.656,13094728.0,5873287680.0,2.98,1.87,0.069,4.84,eastmoney,qfq
2015-05-11,510300,沪深300ETF华泰柏瑞,3.786,3.911,3.916,3.744,27020156.0,12360263680.0,4.57,3.96,0.149,9.98,eastmoney,qfq
2015-05-12,510300,沪深300ETF华泰柏瑞,3.91,3.965,3.967,3.878,7819126.0,3658799312.0,2.28,1.38,0.054,2.89,eastmoney,qfq
2015-05-13,510300,沪深300ETF华泰柏瑞,3.971,3.921,3.971,3.892,6823684.0,3211349616.0,1.99,-1.11,-0.044,2.52,eastmoney,qfq
2015-05-14,510300,沪深300ETF华泰柏瑞,3.922,3.91,3.943,3.889,6155978.0,2879906288.0,1.38,-0.28,-0.011,2.27,eastmoney,qfq
2015-05-15,510300,沪深300ETF华泰柏瑞,3.904,3.824,3.906,3.803,8241200.0,3802627680.0,2.63,-2.2,-0.086,3.04,eastmoney,qfq
2015-05-18,510300,沪深300ETF华泰柏瑞,3.809,3.79,3.833,3.769,7372686.0,3374658944.0,1.67,-0.89,-0.034,2.72,eastmoney,qfq
2015-05-19,510300,沪深300ETF华泰柏瑞,3.79,3.947,3.963,3.783,15114417.0,7043776000.0,4.75,4.14,0.157,5.58,eastmoney,qfq
2015-05-20,510300,沪深300ETF华泰柏瑞,3.973,3.969,4.069,3.933,20741771.0,9894178816.0,3.45,0.56,0.022,7.66,eastmoney,qfq
2015-05-21,510300,沪深300ETF华泰柏瑞,3.981,4.066,4.069,3.968,11635718.0,5558786048.0,2.54,2.44,0.097,4.3,eastmoney,qfq
2015-05-22,510300,沪深300ETF华泰柏瑞,4.101,4.17,4.174,4.085,12159246.0,5944489216.0,2.19,2.56,0.104,4.49,eastmoney,qfq
2015-05-25,510300,沪深300ETF华泰柏瑞,4.164,4.326,4.328,4.158,11365785.0,5710573056.0,4.08,3.74,0.156,4.2,eastmoney,qfq
2015-05-26,510300,沪深300ETF华泰柏瑞,4.336,4.401,4.416,4.275,11309206.0,5782825216.0,3.26,1.73,0.075,4.18,eastmoney,qfq
2015-05-27,510300,沪深300ETF华泰柏瑞,4.421,4.401,4.446,4.333,15048547.0,7762775552.0,2.57,0.0,0.0,5.56,eastmoney,qfq
2015-05-28,510300,沪深300ETF华泰柏瑞,4.395,4.051,4.416,3.991,15097913.0,7610281984.0,9.66,-7.95,-0.35,5.57,eastmoney,qfq
2015-05-29,510300,沪深300ETF华泰柏瑞,4.066,4.054,4.132,3.876,20550190.0,9838144000.0,6.32,0.07,0.003,7.59,eastmoney,qfq
2015-06-01,510300,沪深300ETF华泰柏瑞,4.054,4.306,4.316,4.037,17542104.0,8685471488.0,6.88,6.22,0.252,6.48,eastmoney,qfq
2015-06-02,510300,沪深300ETF华泰柏瑞,4.306,4.392,4.398,4.238,15123215.0,7672665856.0,3.72,2.0,0.086,5.58,eastmoney,qfq
2015-06-03,510300,沪深300ETF华泰柏瑞,4.392,4.349,4.402,4.261,14301796.0,7299557632.0,3.21,-0.98,-0.043,5.28,eastmoney,qfq
2015-06-04,510300,沪深300ETF华泰柏瑞,4.351,4.407,4.416,3.945,21827335.0,10946362112.0,10.83,1.33,0.058,8.06,eastmoney,qfq
2015-06-05,510300,沪深300ETF华泰柏瑞,4.436,4.415,4.486,4.287,14405085.0,7453938432.0,4.52,0.18,0.008,5.32,eastmoney,qfq
2015-06-08,510300,沪深300ETF华泰柏瑞,4.431,4.542,4.586,4.368,25233080.0,13131363840.0,4.94,2.88,0.127,9.32,eastmoney,qfq
2015-06-09,510300,沪深300ETF华泰柏瑞,4.551,4.499,4.559,4.432,17623199.0,9287378688.0,2.8,-0.95,-0.043,6.51,eastmoney,qfq
2015-06-10,510300,沪深300ETF华泰柏瑞,4.47,4.494,4.583,4.432,7031790.0,3702360688.0,3.36,-0.11,-0.005,2.6,eastmoney,qfq
2015-06-11,510300,沪深300ETF华泰柏瑞,4.494,4.495,4.536,4.442,7340937.0,3854687488.0,2.09,0.02,0.001,2.71,eastmoney,qfq
2015-06-12,510300,沪深300ETF华泰柏瑞,4.517,4.534,4.564,4.471,8205332.0,4335709952.0,2.07,0.87,0.039,3.03,eastmoney,qfq
2015-06-15,510300,沪深300ETF华泰柏瑞,4.549,4.407,4.567,4.394,8778393.0,4609475840.0,3.82,-2.8,-0.127,3.24,eastmoney,qfq
2015-06-16,510300,沪深300ETF华泰柏瑞,4.385,4.271,4.402,4.216,9127586.0,4640656640.0,4.22,-3.09,-0.136,3.37,eastmoney,qfq
2015-06-17,510300,沪深300ETF华泰柏瑞,4.273,4.346,4.374,4.171,10940242.0,5492839168.0,4.75,1.76,0.075,4.04,eastmoney,qfq
2015-06-18,510300,沪深300ETF华泰柏瑞,4.315,4.145,4.326,4.13,8722978.0,4378607872.0,4.51,-4.62,-0.201,3.22,eastmoney,qfq
2015-06-19,510300,沪深300ETF华泰柏瑞,4.08,3.839,4.125,3.827,10840079.0,5187811584.0,7.19,-7.38,-0.306,4.0,eastmoney,qfq
2015-06-23,510300,沪深300ETF华泰柏瑞,3.852,4.002,4.02,3.682,17606866.0,8199907840.0,8.8,4.25,0.163,6.5,eastmoney,qfq
2015-06-24,510300,沪深300ETF华泰柏瑞,4.026,4.107,4.113,3.916,13416413.0,6445209600.0,4.92,2.62,0.105,4.95,eastmoney,qfq
2015-06-25,510300,沪深300ETF华泰柏瑞,4.128,3.932,4.151,3.898,6760862.0,3271482096.0,6.16,-4.26,-0.175,2.5,eastmoney,qfq
2015-06-26,510300,沪深300ETF华泰柏瑞,3.826,3.582,3.894,3.465,9893036.0,4430493440.0,10.91,-8.9,-0.35,3.65,eastmoney,qfq
2015-06-29,510300,沪深300ETF华泰柏瑞,3.679,3.418,3.681,3.196,17347940.0,7391458816.0,13.54,-4.58,-0.164,6.41,eastmoney,qfq
2015-06-30,510300,沪深300ETF华泰柏瑞,3.426,3.72,3.721,3.232,27653176.0,11729333504.0,14.31,8.84,0.302,10.21,eastmoney,qfq
2015-07-01,510300,沪深300ETF华泰柏瑞,3.65,3.433,3.768,3.407,13863664.0,6149233920.0,9.7,-7.72,-0.287,5.12,eastmoney,qfq
2015-07-02,510300,沪深300ETF华泰柏瑞,3.516,3.344,3.558,3.196,22616373.0,9438253312.0,10.54,-2.59,-0.089,8.35,eastmoney,qfq
2015-07-03,510300,沪深300ETF华泰柏瑞,3.344,3.155,3.421,3.021,35819538.0,14236856064.0,11.96,-5.65,-0.189,13.23,eastmoney,qfq
2015-07-06,510300,沪深300ETF华泰柏瑞,3.544,3.261,3.544,3.066,49183037.0,19912432421.0,15.15,3.36,0.106,18.16,eastmoney,qfq
2015-07-07,510300,沪深300ETF华泰柏瑞,3.156,3.084,3.218,3.005,33833890.0,13128635136.0,6.53,-5.43,-0.177,12.49,eastmoney,qfq
2015-07-08,510300,沪深300ETF华泰柏瑞,2.786,2.699,2.936,2.699,16586074.0,5895770624.0,7.68,-12.48,-0.385,6.12,eastmoney,qfq
2015-07-09,510300,沪深300ETF华泰柏瑞,2.656,3.045,3.045,2.646,13925565.0,5089642752.0,14.78,12.82,0.346,5.14,eastmoney,qfq
2015-07-10,510300,沪深300ETF华泰柏瑞,3.166,3.425,3.426,3.098,12497601.0,5136731648.0,10.77,12.48,0.38,4.61,eastmoney,qfq
2015-07-13,510300,沪深300ETF华泰柏瑞,3.386,3.47,3.552,3.336,10322504.0,4339160064.0,6.31,1.31,0.045,3.81,eastmoney,qfq
2015-07-14,510300,沪深300ETF华泰柏瑞,3.401,3.39,3.533,3.328,9097319.0,3809522960.0,5.91,-2.31,-0.08,3.36,eastmoney,qfq
2015-07-15,510300,沪深300ETF华泰柏瑞,3.328,3.181,3.375,3.136,6006836.0,2404061456.0,7.05,-6.17,-0.209,2.22,eastmoney,qfq
2015-07-16,510300,沪深300ETF华泰柏瑞,3.166,3.272,3.339,3.126,6337549.0,2542514320.0,6.7,2.86,0.091,2.34,eastmoney,qfq
2015-07-17,510300,沪深300ETF华泰柏瑞,3.306,3.436,3.466,3.259,7336477.0,3034018928.0,6.33,5.01,0.164,2.71,eastmoney,qfq
2015-07-20,510300,沪深300ETF华泰柏瑞,3.419,3.424,3.49,3.37,6895961.0,2891973776.0,3.49,-0.35,-0.012,2.55,eastmoney,qfq
2015-07-21,510300,沪深300ETF华泰柏瑞,3.37,3.45,3.48,3.341,4712594.0,1976835744.0,4.06,0.76,0.026,1.74,eastmoney,qfq
2015-07-22,510300,沪深300ETF华泰柏瑞,3.436,3.43,3.461,3.372,3665738.0,1537754928.0,2.58,-0.58,-0.02,1.35,eastmoney,qfq
2015-07-23,510300,沪深300ETF华泰柏瑞,3.435,3.544,3.556,3.417,5204890.0,2217880720.0,4.05,3.32,0.114,1.92,eastmoney,qfq
2015-07-24,510300,沪深300ETF华泰柏瑞,3.538,3.454,3.572,3.428,4200409.0,1801340000.0,4.06,-2.54,-0.09,1.55,eastmoney,qfq
2015-07-27,510300,沪深300ETF华泰柏瑞,3.372,3.039,3.432,3.032,5086914.0,2052935216.0,11.58,-12.02,-0.415,1.88,eastmoney,qfq
2015-07-28,510300,沪深300ETF华泰柏瑞,2.958,3.083,3.156,2.902,7616119.0,2880899920.0,8.36,1.45,0.044,2.81,eastmoney,qfq
2015-07-29,510300,沪深300ETF华泰柏瑞,3.117,3.224,3.232,3.046,5245457.0,2022710464.0,6.03,4.57,0.141,1.94,eastmoney,qfq
2015-07-30,510300,沪深300ETF华泰柏瑞,3.186,3.087,3.247,3.075,3901715.0,1544667136.0,5.33,-4.25,-0.137,1.44,eastmoney,qfq
2015-07-31,510300,沪深300ETF华泰柏瑞,3.077,3.087,3.146,3.041,3505092.0,1350562944.0,3.4,0.0,0.0,1.29,eastmoney,qfq
2015-08-03,510300,沪深300ETF华泰柏瑞,3.03,3.088,3.096,3.001,2193441.0,835974320.0,3.08,0.03,0.001,0.81,eastmoney,qfq
2015-08-04,510300,沪深300ETF华泰柏瑞,3.097,3.241,3.247,3.075,2827401.0,1111271120.0,5.57,4.95,0.153,1.04,eastmoney,qfq
2015-08-05,510300,沪深300ETF华泰柏瑞,3.223,3.152,3.231,3.113,3735917.0,1472703872.0,3.64,-2.75,-0.089,1.38,eastmoney,qfq
2015-08-06,510300,沪深300ETF华泰柏瑞,3.092,3.109,3.166,3.074,2958714.0,1150671712.0,2.92,-1.36,-0.043,1.09,eastmoney,qfq
2015-08-07,510300,沪深300ETF华泰柏瑞,3.137,3.189,3.216,3.136,6858933.0,2705637712.0,2.57,2.57,0.08,2.53,eastmoney,qfq
2015-08-10,510300,沪深300ETF华泰柏瑞,3.216,3.384,3.4,3.197,3991595.0,1618145568.0,6.37,6.11,0.195,1.47,eastmoney,qfq
2015-08-11,510300,沪深300ETF华泰柏瑞,3.371,3.335,3.384,3.317,3004252.0,1238087888.0,1.98,-1.45,-0.049,1.11,eastmoney,qfq
2015-08-12,510300,沪深300ETF华泰柏瑞,3.294,3.293,3.364,3.284,3885216.0,1587147008.0,2.4,-1.26,-0.042,1.43,eastmoney,qfq
2015-08-13,510300,沪深300ETF华泰柏瑞,3.294,3.348,3.353,3.237,4652588.0,1892387088.0,3.52,1.67,0.055,1.72,eastmoney,qfq
2015-08-14,510300,沪深300ETF华泰柏瑞,3.363,3.338,3.381,3.327,5458429.0,2250593520.0,1.61,-0.3,-0.01,2.02,eastmoney,qfq
2015-08-17,510300,沪深300ETF华泰柏瑞,3.316,3.345,3.352,3.281,3455986.0,1409200784.0,2.13,0.21,0.007,1.28,eastmoney,qfq
2015-08-18,510300,沪深300ETF华泰柏瑞,3.346,3.063,3.371,3.056,4606012.0,1844399264.0,9.42,-8.43,-0.282,1.7,eastmoney,qfq
2015-08-19,510300,沪深300ETF华泰柏瑞,3.031,3.151,3.171,2.936,5919635.0,2256707952.0,7.67,2.87,0.088,2.19,eastmoney,qfq
2015-08-20,510300,沪深300ETF华泰柏瑞,3.11,3.051,3.149,3.037,2333264.0,901579328.0,3.55,-3.17,-0.1,0.86,eastmoney,qfq
2015-08-21,510300,沪深300ETF华泰柏瑞,3.036,2.861,3.049,2.852,6931380.0,2581531248.0,6.46,-6.23,-0.19,2.56,eastmoney,qfq
2015-08-24,510300,沪深300ETF华泰柏瑞,2.746,2.499,2.75,2.499,5422396.0,1823944960.0,8.77,-12.65,-0.362,2.0,eastmoney,qfq
2015-08-25,510300,沪深300ETF华泰柏瑞,2.341,2.219,2.466,2.21,7105358.0,2219017296.0,10.24,-11.2,-0.28,2.62,eastmoney,qfq
2015-08-26,510300,沪深300ETF华泰柏瑞,2.306,2.303,2.457,2.222,7356207.0,2287585040.0,10.59,3.79,0.084,2.72,eastmoney,qfq
2015-08-27,510300,沪深300ETF华泰柏瑞,2.359,2.493,2.506,2.302,7086962.0,2222078416.0,8.86,8.25,0.19,2.62,eastmoney,qfq
2015-08-28,510300,沪深300ETF华泰柏瑞,2.513,2.638,2.656,2.472,5682560.0,1881063904.0,7.38,5.82,0.145,2.1,eastmoney,qfq
2015-08-31,510300,沪深300ETF华泰柏瑞,2.556,2.631,2.638,2.481,3136291.0,1038036448.0,5.95,-0.27,-0.007,1.16,eastmoney,qfq
2015-09-01,510300,沪深300ETF华泰柏瑞,2.537,2.618,2.634,2.454,2274113.0,757897776.0,6.84,-0.49,-0.013,0.84,eastmoney,qfq
2015-09-02,510300,沪深300ETF华泰柏瑞,2.515,2.608,2.656,2.467,2444089.0,821052352.0,7.22,-0.38,-0.01,0.9,eastmoney,qfq
2015-09-07,510300,沪深300ETF华泰柏瑞,2.606,2.525,2.708,2.513,1785875.0,605459200.0,7.48,-3.18,-0.083,0.66,eastmoney,qfq
2015-09-08,510300,沪深300ETF华泰柏瑞,2.486,2.614,2.63,2.426,2032500.0,667680128.0,8.08,3.52,0.089,0.75,eastmoney,qfq
2015-09-09,510300,沪深300ETF华泰柏瑞,2.634,2.678,2.704,2.609,1883864.0,644982528.0,3.63,2.45,0.064,0.7,eastmoney,qfq
2015-09-10,510300,沪深300ETF华泰柏瑞,2.633,2.617,2.684,2.612,1016280.0,345908496.0,2.69,-2.28,-0.061,0.38,eastmoney,qfq
2015-09-11,510300,沪深300ETF华泰柏瑞,2.625,2.624,2.678,2.595,2550800.0,868424192.0,3.17,0.27,0.007,0.94,eastmoney,qfq
2015-09-14,510300,沪深300ETF华泰柏瑞,2.634,2.505,2.643,2.436,1980072.0,650565776.0,7.89,-4.54,-0.119,0.73,eastmoney,qfq
2015-09-15,510300,沪深300ETF华泰柏瑞,2.474,2.409,2.513,2.398,2166238.0,694110624.0,4.59,-3.83,-0.096,0.8,eastmoney,qfq
2015-09-16,510300,沪深300ETF华泰柏瑞,2.419,2.581,2.631,2.396,5723574.0,1856030496.0,9.76,7.14,0.172,2.11,eastmoney,qfq
2015-09-17,510300,沪深300ETF华泰柏瑞,2.539,2.516,2.617,2.51,4197731.0,1400918768.0,4.15,-2.52,-0.065,1.55,eastmoney,qfq
2015-09-18,510300,沪深300ETF华泰柏瑞,2.536,2.515,2.549,2.496,2581484.0,848541008.0,2.11,-0.04,-0.001,0.95,eastmoney,qfq
2015-09-21,510300,沪深300ETF华泰柏瑞,2.487,2.575,2.596,2.467,2525744.0,832870112.0,5.13,2.39,0.06,0.93,eastmoney,qfq
2015-09-22,510300,沪深300ETF华泰柏瑞,2.574,2.601,2.649,2.565,2116113.0,712112576.0,3.26,1.01,0.026,0.78,eastmoney,qfq
2015-09-23,510300,沪深300ETF华泰柏瑞,2.536,2.523,2.586,2.516,873020.0,288875760.0,2.69,-3.0,-0.078,0.32,eastmoney,qfq
2015-09-24,510300,沪深300ETF华泰柏瑞,2.556,2.551,2.569,2.516,772058.0,255551647.0,2.1,1.11,0.028,0.29,eastmoney,qfq
2015-09-25,510300,沪深300ETF华泰柏瑞,2.539,2.479,2.55,2.459,1123987.0,366955040.0,3.57,-2.82,-0.072,0.42,eastmoney,qfq
2015-09-28,510300,沪深300ETF华泰柏瑞,2.485,2.498,2.51,2.461,1018360.0,331322704.0,1.98,0.77,0.019,0.38,eastmoney,qfq
2015-09-29,510300,沪深300ETF华泰柏瑞,2.46,2.435,2.469,2.416,732167.0,234741281.0,2.12,-2.52,-0.063,0.27,eastmoney,qfq
2015-09-30,510300,沪深300ETF华泰柏瑞,2.448,2.457,2.486,2.446,502083.0,161905220.0,1.64,0.9,0.022,0.19,eastmoney,qfq
2015-10-08,510300,沪深300ETF华泰柏瑞,2.591,2.573,2.598,2.572,1102589.0,369034640.0,1.06,4.72,0.116,0.41,eastmoney,qfq
2015-10-09,510300,沪深300ETF华泰柏瑞,2.566,2.615,2.635,2.566,972619.0,326881856.0,2.68,1.63,0.042,0.36,eastmoney,qfq
2015-10-12,510300,沪深300ETF华泰柏瑞,2.616,2.756,2.781,2.616,1969044.0,685890496.0,6.31,5.39,0.141,0.73,eastmoney,qfq
2015-10-13,510300,沪深300ETF华泰柏瑞,2.719,2.731,2.741,2.699,1443108.0,503192816.0,1.52,-0.91,-0.025,0.53,eastmoney,qfq
2015-10-14,510300,沪深300ETF华泰柏瑞,2.714,2.693,2.744,2.691,1138426.0,396439504.0,1.94,-1.39,-0.038,0.42,eastmoney,qfq
2015-10-15,510300,沪深300ETF华泰柏瑞,2.684,2.782,2.784,2.676,1263223.0,443506432.0,4.01,3.3,0.089,0.47,eastmoney,qfq
2015-10-16,510300,沪深300ETF华泰柏瑞,2.796,2.831,2.834,2.781,2075700.0,742938880.0,1.91,1.76,0.049,0.77,eastmoney,qfq
2015-10-19,510300,沪深300ETF华泰柏瑞,2.833,2.825,2.86,2.799,1203408.0,432133728.0,2.15,-0.21,-0.006,0.44,eastmoney,qfq
2015-10-20,510300,沪深300ETF华泰柏瑞,2.823,2.872,2.876,2.8,795328.0,285474672.0,2.69,1.66,0.047,0.29,eastmoney,qfq
2015-10-21,510300,沪深300ETF华泰柏瑞,2.876,2.763,2.883,2.708,1658596.0,592576960.0,6.09,-3.8,-0.109,0.61,eastmoney,qfq
2015-10-22,510300,沪深300ETF华泰柏瑞,2.736,2.808,2.815,2.734,973251.0,343982976.0,2.93,1.63,0.045,0.36,eastmoney,qfq
2015-10-23,510300,沪深300ETF华泰柏瑞,2.809,2.871,2.877,2.804,1197799.0,430869152.0,2.6,2.24,0.063,0.44,eastmoney,qfq
2015-10-26,510300,沪深300ETF华泰柏瑞,2.902,2.877,2.908,2.855,1803183.0,658806960.0,1.85,0.21,0.006,0.67,eastmoney,qfq
2015-10-27,510300,沪深300ETF华泰柏瑞,2.869,2.879,2.895,2.774,1322361.0,475940224.0,4.21,0.07,0.002,0.49,eastmoney,qfq
2015-10-28,510300,沪深300ETF华泰柏瑞,2.859,2.815,2.882,2.804,1744483.0,631290176.0,2.71,-2.22,-0.064,0.64,eastmoney,qfq
2015-10-29,510300,沪深300ETF华泰柏瑞,2.818,2.82,2.856,2.794,1213245.0,435133936.0,2.2,0.18,0.005,0.45,eastmoney,qfq
2015-10-30,510300,沪深300ETF华泰柏瑞,2.813,2.821,2.862,2.781,995649.0,356856864.0,2.87,0.04,0.001,0.37,eastmoney,qfq
2015-11-02,510300,沪深300ETF华泰柏瑞,2.79,2.761,2.83,2.75,2680803.0,952078784.0,2.84,-2.13,-0.06,0.99,eastmoney,qfq
2015-11-03,510300,沪深300ETF华泰柏瑞,2.767,2.734,2.776,2.716,2212781.0,778391904.0,2.17,-0.98,-0.027,0.82,eastmoney,qfq
2015-11-04,510300,沪深300ETF华泰柏瑞,2.743,2.944,2.951,2.743,2712068.0,977551744.0,7.61,7.68,0.21,1.0,eastmoney,qfq
2015-11-05,510300,沪深300ETF华泰柏瑞,2.932,3.003,3.091,2.907,2727443.0,1025950672.0,6.25,2.0,0.059,1.01,eastmoney,qfq
2015-11-06,510300,沪深300ETF华泰柏瑞,3.002,3.093,3.103,2.991,2646076.0,1009144240.0,3.73,3.0,0.09,0.98,eastmoney,qfq
2015-11-09,510300,沪深300ETF华泰柏瑞,3.086,3.133,3.176,3.086,2517805.0,983571984.0,2.91,1.29,0.04,0.93,eastmoney,qfq
2015-11-10,510300,沪深300ETF华泰柏瑞,3.096,3.122,3.159,3.095,1401064.0,544369792.0,2.04,-0.35,-0.011,0.52,eastmoney,qfq
2015-11-11,510300,沪深300ETF华泰柏瑞,3.121,3.117,3.131,3.066,1765151.0,681402000.0,2.08,-0.16,-0.005,0.65,eastmoney,qfq
2015-11-12,510300,沪深300ETF华泰柏瑞,3.121,3.077,3.126,3.049,1444703.0,556205424.0,2.47,-1.28,-0.04,0.53,eastmoney,qfq
2015-11-13,510300,沪深300ETF华泰柏瑞,3.052,3.04,3.077,3.018,1474506.0,562264720.0,1.92,-1.2,-0.037,0.54,eastmoney,qfq
2015-11-16,510300,沪深300ETF华泰柏瑞,2.994,3.062,3.066,2.976,1374761.0,520044672.0,2.96,0.72,0.022,0.51,eastmoney,qfq
2015-11-17,510300,沪深300ETF华泰柏瑞,3.079,3.048,3.154,3.036,1486759.0,573675488.0,3.85,-0.46,-0.014,0.55,eastmoney,qfq
2015-11-18,510300,沪深300ETF华泰柏瑞,3.05,3.015,3.064,2.935,1370455.0,518943680.0,4.23,-1.08,-0.033,0.51,eastmoney,qfq
2015-11-19,510300,沪深300ETF华泰柏瑞,3.017,3.072,3.074,3.002,1001049.0,379709088.0,2.39,1.89,0.057,0.37,eastmoney,qfq
2015-11-20,510300,沪深300ETF华泰柏瑞,3.071,3.061,3.085,3.047,1190019.0,456082368.0,1.24,-0.36,-0.011,0.44,eastmoney,qfq
2015-11-23,510300,沪深300ETF华泰柏瑞,3.056,3.042,3.098,3.036,877203.0,336171200.0,2.03,-0.62,-0.019,0.32,eastmoney,qfq
2015-11-24,510300,沪深300ETF华泰柏瑞,3.03,3.045,3.046,2.986,1253068.0,474458304.0,1.97,0.1,0.003,0.46,eastmoney,qfq
2015-11-25,510300,沪深300ETF华泰柏瑞,3.038,3.068,3.072,3.023,1485889.0,566591312.0,1.61,0.76,0.023,0.55,eastmoney,qfq
2015-11-26,510300,沪深300ETF华泰柏瑞,3.092,3.05,3.093,3.038,1267994.0,486306848.0,1.79,-0.59,-0.018,0.47,eastmoney,qfq
2015-11-27,510300,沪深300ETF华泰柏瑞,3.036,2.844,3.036,2.822,1851806.0,684370608.0,7.02,-6.75,-0.206,0.68,eastmoney,qfq
2015-11-30,510300,沪深300ETF华泰柏瑞,2.851,2.845,2.874,2.746,2035673.0,728916224.0,4.5,0.04,0.001,0.75,eastmoney,qfq
2015-12-01,510300,沪深300ETF华泰柏瑞,2.84,2.873,2.899,2.816,2790144.0,1011698208.0,2.92,0.98,0.028,1.03,eastmoney,qfq
2015-12-02,510300,沪深300ETF华泰柏瑞,2.87,3.029,3.036,2.854,1869804.0,692873200.0,6.33,5.43,0.156,0.69,eastmoney,qfq
2015-12-03,510300,沪深300ETF华泰柏瑞,3.019,3.037,3.052,2.985,1456644.0,550680640.0,2.21,0.26,0.008,0.54,eastmoney,qfq
2015-12-04,510300,沪深300ETF华泰柏瑞,3.019,2.965,3.019,2.95,1394299.0,522056080.0,2.27,-2.37,-0.072,0.51,eastmoney,qfq
2015-12-07,510300,沪深300ETF华泰柏瑞,2.968,2.971,2.996,2.943,785126.0,293026112.0,1.79,0.2,0.006,0.29,eastmoney,qfq
2015-12-08,510300,沪深300ETF华泰柏瑞,2.947,2.917,2.953,2.899,949081.0,350102624.0,1.82,-1.82,-0.054,0.35,eastmoney,qfq
2015-12-09,510300,沪深300ETF华泰柏瑞,2.915,2.922,2.944,2.896,942590.0,347389840.0,1.65,0.17,0.005,0.35,eastmoney,qfq
2015-12-10,510300,沪深300ETF华泰柏瑞,2.932,2.915,2.97,2.892,2103556.0,778783648.0,2.67,-0.24,-0.007,0.78,eastmoney,qfq
2015-12-11,510300,沪深300ETF华泰柏瑞,2.896,2.897,2.924,2.871,1507340.0,550808864.0,1.82,-0.62,-0.018,0.56,eastmoney,qfq
2015-12-14,510300,沪深300ETF华泰柏瑞,2.875,3.009,3.011,2.865,1989951.0,735628592.0,5.04,3.87,0.112,0.73,eastmoney,qfq
2015-12-15,510300,沪深300ETF华泰柏瑞,3.006,2.973,3.008,2.962,1409127.0,529036976.0,1.53,-1.2,-0.036,0.52,eastmoney,qfq
2015-12-16,510300,沪深300ETF华泰柏瑞,2.987,2.974,3.004,2.967,971984.0,364722080.0,1.24,0.03,0.001,0.36,eastmoney,qfq
2015-12-17,510300,沪深300ETF华泰柏瑞,2.995,3.044,3.055,2.995,1571514.0,596617984.0,2.02,2.35,0.07,0.58,eastmoney,qfq
2015-12-18,510300,沪深300ETF华泰柏瑞,3.044,3.058,3.092,3.033,1489845.0,569504272.0,1.94,0.46,0.014,0.55,eastmoney,qfq
2015-12-21,510300,沪深300ETF华泰柏瑞,3.046,3.158,3.185,3.036,1594826.0,620696320.0,4.87,3.27,0.1,0.59,eastmoney,qfq
2015-12-22,510300,沪深300ETF华泰柏瑞,3.164,3.163,3.169,3.119,1541485.0,603217072.0,1.58,0.16,0.005,0.57,eastmoney,qfq
2015-12-23,510300,沪深300ETF华泰柏瑞,3.164,3.158,3.216,3.148,2892636.0,1139663312.0,2.15,-0.16,-0.005,1.07,eastmoney,qfq
2015-12-24,510300,沪深300ETF华泰柏瑞,3.152,3.111,3.158,3.079,1982189.0,768152160.0,2.5,-1.49,-0.047,0.73,eastmoney,qfq
2015-12-25,510300,沪深300ETF华泰柏瑞,3.121,3.131,3.135,3.097,1475445.0,572968432.0,1.22,0.64,0.02,0.54,eastmoney,qfq
2015-12-28,510300,沪深300ETF华泰柏瑞,3.12,3.014,3.135,3.01,1661649.0,638347632.0,3.99,-3.74,-0.117,0.61,eastmoney,qfq
2015-12-29,510300,沪深300ETF华泰柏瑞,3.007,3.049,3.05,3.002,1529129.0,579206624.0,1.59,1.16,0.035,0.56,eastmoney,qfq
2015-12-30,510300,沪深300ETF华泰柏瑞,3.049,3.048,3.054,3.017,1391575.0,528767936.0,1.21,-0.03,-0.001,0.51,eastmoney,qfq
2015-12-31,510300,沪深300ETF华泰柏瑞,3.037,3.014,3.065,3.012,1270700.0,482833520.0,1.74,-1.12,-0.034,0.47,eastmoney,qfq
2016-01-04,510300,沪深300ETF华泰柏瑞,3.012,2.771,3.012,2.764,3108539.0,1137173584.0,8.23,-8.06,-0.243,1.15,eastmoney,qfq
2016-01-05,510300,沪深300ETF华泰柏瑞,2.703,2.763,2.814,2.665,4268878.0,1497174448.0,5.38,-0.29,-0.008,1.58,eastmoney,qfq
2016-01-06,510300,沪深300ETF华泰柏瑞,2.761,2.818,2.828,2.756,1752466.0,622444912.0,2.61,1.99,0.055,0.65,eastmoney,qfq
2016-01-07,510300,沪深300ETF华泰柏瑞,2.775,2.72,2.775,2.639,750405.0,260993448.0,4.83,-3.48,-0.098,0.28,eastmoney,qfq
2016-01-08,510300,沪深300ETF华泰柏瑞,2.721,2.644,2.721,2.526,4083360.0,1387037120.0,7.17,-2.79,-0.076,1.51,eastmoney,qfq
2016-01-11,510300,沪深300ETF华泰柏瑞,2.581,2.469,2.623,2.466,4612188.0,1533396224.0,5.94,-6.62,-0.175,1.7,eastmoney,qfq
2016-01-12,510300,沪深300ETF华泰柏瑞,2.496,2.492,2.531,2.457,2766902.0,902582528.0,3.0,0.93,0.023,1.02,eastmoney,qfq
2016-01-13,510300,沪深300ETF华泰柏瑞,2.519,2.447,2.537,2.426,2500409.0,815542528.0,4.45,-1.81,-0.045,0.92,eastmoney,qfq
2016-01-14,510300,沪深300ETF华泰柏瑞,2.371,2.501,2.508,2.364,3469088.0,1107232400.0,5.88,2.21,0.054,1.28,eastmoney,qfq
2016-01-15,510300,沪深300ETF华泰柏瑞,2.481,2.405,2.495,2.382,3014651.0,966523072.0,4.52,-3.84,-0.096,1.11,eastmoney,qfq
2016-01-18,510300,沪深300ETF华泰柏瑞,2.365,2.407,2.443,2.356,3142912.0,995915216.0,3.62,0.08,0.002,1.16,eastmoney,qfq
2016-01-19,510300,沪深300ETF华泰柏瑞,2.406,2.498,2.511,2.394,2523184.0,815841808.0,4.86,3.78,0.091,0.93,eastmoney,qfq
2016-01-20,510300,沪深300ETF华泰柏瑞,2.487,2.456,2.503,2.432,2565344.0,815923968.0,2.84,-1.68,-0.042,0.95,eastmoney,qfq
2016-01-21,510300,沪深300ETF华泰柏瑞,2.425,2.365,2.486,2.358,2733316.0,858371424.0,5.21,-3.71,-0.091,1.01,eastmoney,qfq
2016-01-22,510300,沪深300ETF华泰柏瑞,2.399,2.395,2.417,2.337,2439673.0,754819440.0,3.38,1.27,0.03,0.9,eastmoney,qfq
2016-01-25,510300,沪深300ETF华泰柏瑞,2.423,2.407,2.433,2.379,1795483.0,560271264.0,2.25,0.5,0.012,0.66,eastmoney,qfq
2016-01-26,510300,沪深300ETF华泰柏瑞,2.362,2.231,2.39,2.217,2987121.0,902898752.0,7.19,-7.31,-0.176,1.1,eastmoney,qfq
2016-01-27,510300,沪深300ETF华泰柏瑞,2.237,2.199,2.267,2.125,5350877.0,1555167664.0,6.36,-1.43,-0.032,1.98,eastmoney,qfq
2016-01-28,510300,沪深300ETF华泰柏瑞,2.186,2.136,2.22,2.122,2435149.0,704307088.0,4.46,-2.86,-0.063,0.9,eastmoney,qfq
2016-01-29,510300,沪深300ETF华泰柏瑞,2.137,2.217,2.248,2.133,3053498.0,887994288.0,5.38,3.79,0.081,1.13,eastmoney,qfq
2016-02-01,510300,沪深300ETF华泰柏瑞,2.215,2.185,2.225,2.147,1669837.0,485387632.0,3.52,-1.44,-0.032,0.62,eastmoney,qfq
2016-02-02,510300,沪深300ETF华泰柏瑞,2.179,2.247,2.253,2.179,2210160.0,650514912.0,3.39,2.84,0.062,0.82,eastmoney,qfq
2016-02-03,510300,沪深300ETF华泰柏瑞,2.217,2.233,2.239,2.189,2278307.0,665970640.0,2.23,-0.62,-0.014,0.84,eastmoney,qfq
2016-02-04,510300,沪深300ETF华泰柏瑞,2.242,2.272,2.281,2.239,4273607.0,1270882192.0,1.88,1.75,0.039,1.58,eastmoney,qfq
2016-02-05,510300,沪深300ETF华泰柏瑞,2.27,2.237,2.27,2.235,4766112.0,1414850240.0,1.54,-1.54,-0.035,1.76,eastmoney,qfq
2016-02-15,510300,沪深300ETF华泰柏瑞,2.186,2.226,2.241,2.172,2216572.0,645516480.0,3.08,-0.49,-0.011,0.82,eastmoney,qfq
2016-02-16,510300,沪深300ETF华泰柏瑞,2.238,2.309,2.319,2.237,2719885.0,817548448.0,3.68,3.73,0.083,1.0,eastmoney,qfq
2016-02-17,510300,沪深300ETF华泰柏瑞,2.31,2.34,2.345,2.302,2351821.0,714641664.0,1.86,1.34,0.031,0.87,eastmoney,qfq
2016-02-18,510300,沪深300ETF华泰柏瑞,2.362,2.336,2.377,2.329,2211639.0,678382032.0,2.05,-0.17,-0.004,0.82,eastmoney,qfq
2016-02-19,510300,沪深300ETF华泰柏瑞,2.334,2.328,2.353,2.312,2113775.0,643254112.0,1.76,-0.34,-0.008,0.78,eastmoney,qfq
2016-02-22,510300,沪深300ETF华泰柏瑞,2.375,2.391,2.403,2.349,7328682.0,2263230944.0,2.32,2.71,0.063,2.71,eastmoney,qfq
2016-02-23,510300,沪深300ETF华泰柏瑞,2.389,2.367,2.393,2.339,2300798.0,709597968.0,2.26,-1.0,-0.024,0.85,eastmoney,qfq
2016-02-24,510300,沪深300ETF华泰柏瑞,2.359,2.39,2.394,2.33,2805922.0,862853072.0,2.7,0.97,0.023,1.04,eastmoney,qfq
2016-02-25,510300,沪深300ETF华泰柏瑞,2.385,2.192,2.385,2.172,3757682.0,1125399584.0,8.91,-8.28,-0.198,1.39,eastmoney,qfq
2016-02-26,510300,沪深300ETF华泰柏瑞,2.213,2.22,2.242,2.186,4618957.0,1354173920.0,2.55,1.28,0.028,1.71,eastmoney,qfq
2016-02-29,510300,沪深300ETF华泰柏瑞,2.208,2.151,2.216,2.098,3940303.0,1123408224.0,5.32,-3.11,-0.069,1.45,eastmoney,qfq
2016-03-01,510300,沪深300ETF华泰柏瑞,2.158,2.205,2.227,2.097,2345626.0,679926880.0,6.04,2.51,0.054,0.87,eastmoney,qfq
2016-03-02,510300,沪深300ETF华泰柏瑞,2.208,2.336,2.343,2.208,4514134.0,1350518128.0,6.12,5.94,0.131,1.67,eastmoney,qfq
2016-03-03,510300,沪深300ETF华泰柏瑞,2.335,2.329,2.373,2.32,2388758.0,729282000.0,2.27,-0.3,-0.007,0.88,eastmoney,qfq
2016-03-04,510300,沪深300ETF华泰柏瑞,2.327,2.366,2.382,2.308,4606083.0,1411889936.0,3.18,1.59,0.037,1.7,eastmoney,qfq
2016-03-07,510300,沪深300ETF华泰柏瑞,2.379,2.39,2.465,2.357,3423066.0,1062124016.0,4.56,1.01,0.024,1.26,eastmoney,qfq
2016-03-08,510300,沪深300ETF华泰柏瑞,2.373,2.379,2.383,2.286,2890423.0,876806224.0,4.06,-0.46,-0.011,1.07,eastmoney,qfq
2016-03-09,510300,沪深300ETF华泰柏瑞,2.33,2.333,2.34,2.293,2647695.0,803040608.0,1.98,-1.93,-0.046,0.98,eastmoney,qfq
2016-03-10,510300,沪深300ETF华泰柏瑞,2.329,2.292,2.357,2.288,1373433.0,417118400.0,2.96,-1.76,-0.041,0.51,eastmoney,qfq
2016-03-11,510300,沪深300ETF华泰柏瑞,2.267,2.286,2.305,2.246,1589932.0,475963056.0,2.57,-0.26,-0.006,0.59,eastmoney,qfq
2016-03-14,510300,沪深300ETF华泰柏瑞,2.314,2.351,2.392,2.314,5780534.0,1778753120.0,3.41,2.84,0.065,2.13,eastmoney,qfq
2016-03-15,510300,沪深300ETF华泰柏瑞,2.345,2.341,2.352,2.305,2931010.0,892527472.0,2.0,-0.43,-0.01,1.08,eastmoney,qfq
2016-03-16,510300,沪深300ETF华泰柏瑞,2.328,2.361,2.386,2.328,2877221.0,885143664.0,2.48,0.85,0.02,1.06,eastmoney,qfq
2016-03-17,510300,沪深300ETF华泰柏瑞,2.365,2.411,2.437,2.35,4099650.0,1276388464.0,3.68,2.12,0.05,1.51,eastmoney,qfq
2016-03-18,510300,沪深300ETF华泰柏瑞,2.412,2.455,2.485,2.411,9687665.0,3073815200.0,3.07,1.82,0.044,3.58,eastmoney,qfq
2016-03-21,510300,沪深300ETF华泰柏瑞,2.478,2.525,2.549,2.478,3885501.0,1256109008.0,2.89,2.85,0.07,1.43,eastmoney,qfq
2016-03-22,510300,沪深300ETF华泰柏瑞,2.505,2.503,2.527,2.498,1688628.0,544804992.0,1.15,-0.87,-0.022,0.62,eastmoney,qfq
2016-03-23,510300,沪深300ETF华泰柏瑞,2.5,2.509,2.525,2.477,2526468.0,812332864.0,1.92,0.24,0.006,0.93,eastmoney,qfq
2016-03-24,510300,沪深300ETF华泰柏瑞,2.488,2.459,2.499,2.457,3537115.0,1128611600.0,1.67,-1.99,-0.05,1.31,eastmoney,qfq
2016-03-25,510300,沪深300ETF华泰柏瑞,2.461,2.472,2.487,2.452,2554328.0,812493936.0,1.42,0.53,0.013,0.94,eastmoney,qfq
2016-03-28,510300,沪深300ETF华泰柏瑞,2.484,2.442,2.514,2.437,2537085.0,809290000.0,3.11,-1.21,-0.03,0.94,eastmoney,qfq
2016-03-29,510300,沪深300ETF华泰柏瑞,2.445,2.416,2.455,2.398,5106345.0,1600486320.0,2.33,-1.06,-0.026,1.89,eastmoney,qfq
2016-03-30,510300,沪深300ETF华泰柏瑞,2.436,2.502,2.505,2.436,3213460.0,1023688960.0,2.86,3.56,0.086,1.19,eastmoney,qfq
2016-03-31,510300,沪深300ETF华泰柏瑞,2.512,2.496,2.519,2.481,2677770.0,860786480.0,1.52,-0.24,-0.006,0.99,eastmoney,qfq
2016-04-01,510300,沪深300ETF华泰柏瑞,2.487,2.506,2.507,2.44,2554757.0,815859424.0,2.68,0.4,0.01,0.94,eastmoney,qfq
2016-04-05,510300,沪深300ETF华泰柏瑞,2.491,2.537,2.556,2.483,3410879.0,1105926640.0,2.91,1.24,0.031,1.26,eastmoney,qfq
2016-04-06,510300,沪深300ETF华泰柏瑞,2.524,2.531,2.543,2.519,2822236.0,915319376.0,0.95,-0.24,-0.006,1.04,eastmoney,qfq
2016-04-07,510300,沪深300ETF华泰柏瑞,2.54,2.491,2.551,2.483,2359795.0,760739376.0,2.69,-1.58,-0.04,0.87,eastmoney,qfq
2016-04-08,510300,沪深300ETF华泰柏瑞,2.467,2.464,2.491,2.437,2876953.0,911962832.0,2.17,-1.08,-0.027,1.06,eastmoney,qfq
2016-04-11,510300,沪深300ETF华泰柏瑞,2.49,2.499,2.535,2.49,2939344.0,949251600.0,1.83,1.42,0.035,1.09,eastmoney,qfq
2016-04-12,510300,沪深300ETF华泰柏瑞,2.5,2.495,2.506,2.475,4237926.0,1355859600.0,1.24,-0.16,-0.004,1.56,eastmoney,qfq
2016-04-13,510300,沪深300ETF华泰柏瑞,2.513,2.536,2.577,2.513,6647237.0,2175119952.0,2.57,1.64,0.041,2.45,eastmoney,qfq
2016-04-14,510300,沪深300ETF华泰柏瑞,2.549,2.548,2.562,2.528,1963764.0,640055616.0,1.34,0.47,0.012,0.73,eastmoney,qfq
2016-04-15,510300,沪深300ETF华泰柏瑞,2.555,2.551,2.561,2.537,1908465.0,621949248.0,0.94,0.12,0.003,0.7,eastmoney,qfq
2016-04-18,510300,沪深300ETF华泰柏瑞,2.529,2.505,2.529,2.497,2255224.0,726682576.0,1.25,-1.8,-0.046,0.83,eastmoney,qfq
2016-04-19,510300,沪深300ETF华泰柏瑞,2.516,2.509,2.532,2.496,2768543.0,891538336.0,1.44,0.16,0.004,1.02,eastmoney,qfq
2016-04-20,510300,沪深300ETF华泰柏瑞,2.522,2.453,2.525,2.377,4679624.0,1477267984.0,5.9,-2.23,-0.056,1.73,eastmoney,qfq
2016-04-21,510300,沪深300ETF华泰柏瑞,2.434,2.438,2.482,2.423,2547429.0,806652000.0,2.41,-0.61,-0.015,0.94,eastmoney,qfq
2016-04-22,510300,沪深300ETF华泰柏瑞,2.428,2.452,2.456,2.417,1534015.0,483590304.0,1.6,0.57,0.014,0.57,eastmoney,qfq
2016-04-25,510300,沪深300ETF华泰柏瑞,2.45,2.442,2.45,2.398,1560970.0,490143680.0,2.12,-0.41,-0.01,0.58,eastmoney,qfq
2016-04-26,510300,沪深300ETF华泰柏瑞,2.44,2.46,2.465,2.425,1301659.0,411143888.0,1.64,0.74,0.018,0.48,eastmoney,qfq
2016-04-27,510300,沪深300ETF华泰柏瑞,2.46,2.445,2.466,2.437,1447534.0,458068896.0,1.18,-0.61,-0.015,0.53,eastmoney,qfq
2016-04-28,510300,沪深300ETF华泰柏瑞,2.446,2.443,2.453,2.415,1445680.0,454960944.0,1.55,-0.08,-0.002,0.53,eastmoney,qfq
2016-04-29,510300,沪深300ETF华泰柏瑞,2.435,2.439,2.453,2.429,1135891.0,358665712.0,0.98,-0.16,-0.004,0.42,eastmoney,qfq
2016-05-03,510300,沪深300ETF华泰柏瑞,2.444,2.5,2.505,2.425,2341181.0,748201328.0,3.28,2.5,0.061,0.86,eastmoney,qfq
2016-05-04,510300,沪深300ETF华泰柏瑞,2.485,2.488,2.505,2.473,1844623.0,590306512.0,1.28,-0.48,-0.012,0.68,eastmoney,qfq
2016-05-05,510300,沪深300ETF华泰柏瑞,2.484,2.488,2.496,2.474,1320283.0,422287536.0,0.88,0.0,0.0,0.49,eastmoney,qfq
2016-05-06,510300,沪深300ETF华泰柏瑞,2.49,2.415,2.494,2.413,2155428.0,684329072.0,3.26,-2.93,-0.073,0.8,eastmoney,qfq
2016-05-09,510300,沪深300ETF华泰柏瑞,2.407,2.351,2.407,2.341,3272034.0,1004431936.0,2.73,-2.65,-0.064,1.21,eastmoney,qfq
2016-05-10,510300,沪深300ETF华泰柏瑞,2.347,2.348,2.363,2.34,1135479.0,347961920.0,0.98,-0.13,-0.003,0.42,eastmoney,qfq
2016-05-11,510300,沪深300ETF华泰柏瑞,2.357,2.36,2.382,2.346,994515.0,305936112.0,1.53,0.51,0.012,0.37,eastmoney,qfq
2016-05-12,510300,沪深300ETF华泰柏瑞,2.347,2.371,2.376,2.32,1195078.0,366292000.0,2.37,0.47,0.011,0.44,eastmoney,qfq
2016-05-13,510300,沪深300ETF华泰柏瑞,2.36,2.36,2.388,2.346,908964.0,279919200.0,1.77,-0.46,-0.011,0.34,eastmoney,qfq
2016-05-16,510300,沪深300ETF华泰柏瑞,2.354,2.372,2.375,2.328,1102907.0,338736032.0,1.99,0.51,0.012,0.41,eastmoney,qfq
2016-05-17,510300,沪深300ETF华泰柏瑞,2.375,2.367,2.385,2.349,961064.0,295797360.0,1.52,-0.21,-0.005,0.35,eastmoney,qfq
2016-05-18,510300,沪深300ETF华泰柏瑞,2.359,2.347,2.36,2.317,1192441.0,363787904.0,1.82,-0.84,-0.02,0.44,eastmoney,qfq
2016-05-19,510300,沪深300ETF华泰柏瑞,2.345,2.341,2.372,2.337,1112605.0,341617200.0,1.49,-0.26,-0.006,0.41,eastmoney,qfq
2016-05-20,510300,沪深300ETF华泰柏瑞,2.335,2.361,2.363,2.325,1390693.0,425379888.0,1.62,0.85,0.02,0.51,eastmoney,qfq
2016-05-23,510300,沪深300ETF华泰柏瑞,2.365,2.366,2.387,2.355,1078091.0,332507472.0,1.36,0.21,0.005,0.4,eastmoney,qfq
2016-05-24,510300,沪深300ETF华泰柏瑞,2.366,2.347,2.366,2.335,967809.0,296006432.0,1.31,-0.8,-0.019,0.36,eastmoney,qfq
2016-05-25,510300,沪深300ETF华泰柏瑞,2.353,2.345,2.373,2.34,837864.0,257099787.0,1.41,-0.09,-0.002,0.31,eastmoney,qfq
2016-05-26,510300,沪深300ETF华泰柏瑞,2.345,2.345,2.359,2.313,1424764.0,433670400.0,1.96,0.0,0.0,0.53,eastmoney,qfq
2016-05-27,510300,沪深300ETF华泰柏瑞,2.343,2.347,2.355,2.333,856852.0,261992521.0,0.94,0.09,0.002,0.32,eastmoney,qfq
2016-05-30,510300,沪深300ETF华泰柏瑞,2.343,2.349,2.359,2.314,792383.0,241917771.0,1.92,0.09,0.002,0.29,eastmoney,qfq
2016-05-31,510300,沪深300ETF华泰柏瑞,2.35,2.456,2.459,2.349,4945933.0,1554177040.0,4.68,4.56,0.107,1.83,eastmoney,qfq
2016-06-01,510300,沪深300ETF华泰柏瑞,2.457,2.443,2.462,2.439,1713478.0,541843488.0,0.94,-0.53,-0.013,0.63,eastmoney,qfq
2016-06-02,510300,沪深300ETF华泰柏瑞,2.445,2.446,2.448,2.431,923858.0,291409488.0,0.7,0.12,0.003,0.34,eastmoney,qfq
2016-06-03,510300,沪深300ETF华泰柏瑞,2.449,2.483,2.493,2.444,1777932.0,564204400.0,2.0,1.51,0.037,0.66,eastmoney,qfq
2016-06-06,510300,沪深300ETF华泰柏瑞,2.478,2.464,2.491,2.459,816479.0,259805697.0,1.29,-0.77,-0.019,0.3,eastmoney,qfq
2016-06-07,510300,沪深300ETF华泰柏瑞,2.468,2.464,2.472,2.458,576210.0,183029382.0,0.57,0.0,0.0,0.21,eastmoney,qfq
2016-06-08,510300,沪深300ETF华泰柏瑞,2.461,2.46,2.469,2.439,726250.0,229820366.0,1.22,-0.16,-0.004,0.27,eastmoney,qfq
2016-06-13,510300,沪深300ETF华泰柏瑞,2.437,2.356,2.437,2.353,3299624.0,1026673568.0,3.41,-4.23,-0.104,1.22,eastmoney,qfq
2016-06-14,510300,沪深300ETF华泰柏瑞,2.352,2.369,2.37,2.349,1750902.0,538000784.0,0.89,0.55,0.013,0.65,eastmoney,qfq
2016-06-15,510300,沪深300ETF华泰柏瑞,2.346,2.41,2.439,2.337,1945951.0,605204880.0,4.31,1.73,0.041,0.72,eastmoney,qfq
2016-06-16,510300,沪深300ETF华泰柏瑞,2.409,2.391,2.409,2.382,877245.0,272860064.0,1.12,-0.79,-0.019,0.32,eastmoney,qfq
2016-06-17,510300,沪深300ETF华泰柏瑞,2.393,2.404,2.427,2.392,2013081.0,628220784.0,1.46,0.54,0.013,0.74,eastmoney,qfq
2016-06-20,510300,沪深300ETF华泰柏瑞,2.407,2.405,2.417,2.384,821085.0,255483683.0,1.37,0.04,0.001,0.3,eastmoney,qfq
2016-06-21,510300,沪深300ETF华泰柏瑞,2.417,2.398,2.455,2.387,1445446.0,452800480.0,2.83,-0.29,-0.007,0.53,eastmoney,qfq
2016-06-22,510300,沪深300ETF华泰柏瑞,2.396,2.417,2.421,2.384,1172914.0,366208112.0,1.54,0.79,0.019,0.43,eastmoney,qfq
2016-06-23,510300,沪深300ETF华泰柏瑞,2.417,2.407,2.419,2.388,993873.0,309928176.0,1.28,-0.41,-0.01,0.37,eastmoney,qfq
2016-06-24,510300,沪深300ETF华泰柏瑞,2.407,2.374,2.424,2.327,1543955.0,478738656.0,4.03,-1.37,-0.033,0.57,eastmoney,qfq
2016-06-27,510300,沪深300ETF华泰柏瑞,2.367,2.413,2.415,2.364,1355578.0,421471184.0,2.15,1.64,0.039,0.5,eastmoney,qfq
2016-06-28,510300,沪深300ETF华泰柏瑞,2.403,2.429,2.432,2.388,1814889.0,566115616.0,1.82,0.66,0.016,0.67,eastmoney,qfq
2016-06-29,510300,沪深300ETF华泰柏瑞,2.432,2.443,2.453,2.431,1195420.0,376789520.0,0.91,0.58,0.014,0.44,eastmoney,qfq
2016-06-30,510300,沪深300ETF华泰柏瑞,2.444,2.448,2.456,2.439,928513.0,293590848.0,0.7,0.2,0.005,0.34,eastmoney,qfq
2016-07-01,510300,沪深300ETF华泰柏瑞,2.448,2.445,2.464,2.442,937667.0,296840464.0,0.9,-0.12,-0.003,0.35,eastmoney,qfq
2016-07-04,510300,沪深300ETF华泰柏瑞,2.44,2.498,2.512,2.43,1378107.0,441388880.0,3.35,2.17,0.053,0.51,eastmoney,qfq
2016-07-05,510300,沪深300ETF华泰柏瑞,2.498,2.506,2.517,2.494,1607144.0,517232176.0,0.92,0.32,0.008,0.59,eastmoney,qfq
2016-07-06,510300,沪深300ETF华泰柏瑞,2.503,2.522,2.525,2.493,2780687.0,896513392.0,1.28,0.64,0.016,1.03,eastmoney,qfq
2016-07-07,510300,沪深300ETF华泰柏瑞,2.518,2.526,2.537,2.504,1856772.0,600682512.0,1.31,0.16,0.004,0.69,eastmoney,qfq
2016-07-08,510300,沪深300ETF华泰柏瑞,2.521,2.514,2.523,2.509,1680195.0,542424352.0,0.55,-0.48,-0.012,0.62,eastmoney,qfq
2016-07-11,510300,沪深300ETF华泰柏瑞,2.519,2.522,2.562,2.518,1079601.0,350916208.0,1.75,0.32,0.008,0.4,eastmoney,qfq
2016-07-12,510300,沪深300ETF华泰柏瑞,2.52,2.604,2.606,2.52,1723629.0,564574976.0,3.41,3.25,0.082,0.64,eastmoney,qfq
2016-07-13,510300,沪深300ETF华泰柏瑞,2.607,2.611,2.636,2.602,2498416.0,832961392.0,1.31,0.27,0.007,0.92,eastmoney,qfq
2016-07-14,510300,沪深300ETF华泰柏瑞,2.611,2.606,2.612,2.593,1304281.0,432771840.0,0.73,-0.19,-0.005,0.48,eastmoney,qfq
2016-07-15,510300,沪深300ETF华泰柏瑞,2.613,2.61,2.617,2.6,916970.0,304596320.0,0.65,0.15,0.004,0.34,eastmoney,qfq
2016-07-18,510300,沪深300ETF华泰柏瑞,2.605,2.598,2.612,2.586,1384782.0,458828256.0,1.0,-0.46,-0.012,0.51,eastmoney,qfq
2016-07-19,510300,沪深300ETF华泰柏瑞,2.596,2.581,2.6,2.564,1169011.0,384975536.0,1.39,-0.65,-0.017,0.43,eastmoney,qfq
2016-07-20,510300,沪深300ETF华泰柏瑞,2.577,2.574,2.59,2.57,648020.0,213343016.0,0.77,-0.27,-0.007,0.24,eastmoney,qfq
2016-07-21,510300,沪深300ETF华泰柏瑞,2.574,2.592,2.611,2.574,1073903.0,355314944.0,1.44,0.7,0.018,0.4,eastmoney,qfq
2016-07-22,510300,沪深300ETF华泰柏瑞,2.585,2.563,2.591,2.56,1152247.0,378582880.0,1.2,-1.12,-0.029,0.43,eastmoney,qfq
2016-07-25,510300,沪深300ETF华泰柏瑞,2.56,2.562,2.583,2.557,950112.0,311708016.0,1.01,-0.04,-0.001,0.35,eastmoney,qfq
2016-07-26,510300,沪深300ETF华泰柏瑞,2.562,2.604,2.605,2.562,1080209.0,356695888.0,1.68,1.64,0.042,0.4,eastmoney,qfq
2016-07-27,510300,沪深300ETF华泰柏瑞,2.605,2.543,2.61,2.493,2287309.0,745666304.0,4.49,-2.34,-0.061,0.84,eastmoney,qfq
2016-07-28,510300,沪深300ETF华泰柏瑞,2.532,2.552,2.571,2.531,2122107.0,692839984.0,1.57,0.35,0.009,0.78,eastmoney,qfq
2016-07-29,510300,沪深300ETF华泰柏瑞,2.552,2.541,2.561,2.53,1267245.0,413434592.0,1.21,-0.43,-0.011,0.47,eastmoney,qfq
2016-08-01,510300,沪深300ETF华泰柏瑞,2.532,2.514,2.539,2.498,1333762.0,430354688.0,1.61,-1.06,-0.027,0.49,eastmoney,qfq
2016-08-02,510300,沪深300ETF华泰柏瑞,2.513,2.522,2.535,2.505,1164916.0,376188240.0,1.19,0.32,0.008,0.43,eastmoney,qfq
2016-08-03,510300,沪深300ETF华泰柏瑞,2.517,2.526,2.533,2.512,2018837.0,653488048.0,0.83,0.16,0.004,0.75,eastmoney,qfq
2016-08-04,510300,沪深300ETF华泰柏瑞,2.525,2.536,2.537,2.507,930975.0,301068096.0,1.19,0.4,0.01,0.34,eastmoney,qfq
2016-08-05,510300,沪深300ETF华泰柏瑞,2.537,2.549,2.564,2.53,1014150.0,330558976.0,1.34,0.51,0.013,0.37,eastmoney,qfq
2016-08-08,510300,沪深300ETF华泰柏瑞,2.549,2.576,2.577,2.527,849698.0,277754512.0,1.96,1.06,0.027,0.31,eastmoney,qfq
2016-08-09,510300,沪深300ETF华泰柏瑞,2.57,2.591,2.597,2.567,2312883.0,763092416.0,1.16,0.58,0.015,0.85,eastmoney,qfq
2016-08-10,510300,沪深300ETF华泰柏瑞,2.591,2.581,2.599,2.578,1765682.0,582763536.0,0.81,-0.39,-0.01,0.65,eastmoney,qfq
2016-08-11,510300,沪深300ETF华泰柏瑞,2.579,2.577,2.615,2.573,1265070.0,418084128.0,1.63,-0.15,-0.004,0.47,eastmoney,qfq
2016-08-12,510300,沪深300ETF华泰柏瑞,2.569,2.635,2.64,2.568,2173902.0,720561696.0,2.79,2.25,0.058,0.8,eastmoney,qfq
2016-08-15,510300,沪深300ETF华泰柏瑞,2.642,2.734,2.771,2.64,3925781.0,1347967776.0,4.97,3.76,0.099,1.45,eastmoney,qfq
2016-08-16,510300,沪深300ETF华泰柏瑞,2.744,2.724,2.763,2.719,2741304.0,945310640.0,1.61,-0.37,-0.01,1.01,eastmoney,qfq
2016-08-17,510300,沪深300ETF华泰柏瑞,2.718,2.716,2.736,2.703,1188311.0,407992208.0,1.21,-0.29,-0.008,0.44,eastmoney,qfq
2016-08-18,510300,沪深300ETF华泰柏瑞,2.722,2.711,2.735,2.694,953906.0,327156064.0,1.51,-0.18,-0.005,0.35,eastmoney,qfq
2016-08-19,510300,沪深300ETF华泰柏瑞,2.709,2.707,2.714,2.68,1322039.0,450920912.0,1.25,-0.15,-0.004,0.49,eastmoney,qfq
2016-08-22,510300,沪深300ETF华泰柏瑞,2.707,2.683,2.719,2.68,1053783.0,358992832.0,1.44,-0.89,-0.024,0.39,eastmoney,qfq
2016-08-23,510300,沪深300ETF华泰柏瑞,2.683,2.685,2.703,2.665,2416251.0,821466096.0,1.42,0.07,0.002,0.89,eastmoney,qfq
2016-08-24,510300,沪深300ETF华泰柏瑞,2.685,2.671,2.689,2.665,1542671.0,523023616.0,0.89,-0.52,-0.014,0.57,eastmoney,qfq
2016-08-25,510300,沪深300ETF华泰柏瑞,2.654,2.653,2.662,2.622,1262292.0,423460368.0,1.5,-0.67,-0.018,0.47,eastmoney,qfq
2016-08-26,510300,沪深300ETF华泰柏瑞,2.655,2.649,2.68,2.645,791423.0,267092367.0,1.32,-0.15,-0.004,0.29,eastmoney,qfq
2016-08-29,510300,沪深300ETF华泰柏瑞,2.644,2.648,2.657,2.638,778727.0,261703238.0,0.72,-0.04,-0.001,0.29,eastmoney,qfq
2016-08-30,510300,沪深300ETF华泰柏瑞,2.65,2.662,2.673,2.645,1034445.0,348315008.0,1.06,0.53,0.014,0.38,eastmoney,qfq
2016-08-31,510300,沪深300ETF华泰柏瑞,2.659,2.676,2.683,2.646,1120571.0,378639360.0,1.39,0.53,0.014,0.41,eastmoney,qfq
2016-09-01,510300,沪深300ETF华泰柏瑞,2.675,2.64,2.676,2.637,923902.0,311604976.0,1.46,-1.35,-0.036,0.34,eastmoney,qfq
2016-09-02,510300,沪深300ETF华泰柏瑞,2.637,2.655,2.664,2.637,988755.0,332709840.0,1.02,0.57,0.015,0.37,eastmoney,qfq
2016-09-05,510300,沪深300ETF华泰柏瑞,2.662,2.662,2.689,2.657,1592257.0,538325904.0,1.21,0.26,0.007,0.59,eastmoney,qfq
2016-09-06,510300,沪深300ETF华泰柏瑞,2.664,2.691,2.698,2.639,1428756.0,483032704.0,2.22,1.09,0.029,0.53,eastmoney,qfq
2016-09-07,510300,沪深300ETF华泰柏瑞,2.694,2.693,2.71,2.688,1969669.0,672253504.0,0.82,0.07,0.002,0.73,eastmoney,qfq
2016-09-08,510300,沪深300ETF华泰柏瑞,2.69,2.688,2.693,2.68,748925.0,254578323.0,0.48,-0.19,-0.005,0.28,eastmoney,qfq
2016-09-09,510300,沪深300ETF华泰柏瑞,2.688,2.671,2.694,2.669,1204615.0,409027744.0,0.93,-0.63,-0.017,0.44,eastmoney,qfq
2016-09-12,510300,沪深300ETF华泰柏瑞,2.627,2.604,2.63,2.585,2064725.0,685240736.0,1.68,-2.51,-0.067,0.76,eastmoney,qfq
2016-09-13,510300,沪深300ETF华泰柏瑞,2.606,2.604,2.614,2.597,954382.0,316642784.0,0.65,0.0,0.0,0.35,eastmoney,qfq
2016-09-14,510300,沪深300ETF华泰柏瑞,2.595,2.584,2.601,2.58,719669.0,237676355.0,0.81,-0.77,-0.02,0.27,eastmoney,qfq
2016-09-19,510300,沪深300ETF华泰柏瑞,2.585,2.605,2.608,2.583,1007977.0,334221072.0,0.97,0.81,0.021,0.37,eastmoney,qfq
2016-09-20,510300,沪深300ETF华泰柏瑞,2.607,2.601,2.611,2.596,706944.0,234298807.0,0.58,-0.15,-0.004,0.26,eastmoney,qfq
2016-09-21,510300,沪深300ETF华泰柏瑞,2.601,2.614,2.619,2.598,680128.0,225902307.0,0.81,0.5,0.013,0.25,eastmoney,qfq
2016-09-22,510300,沪深300ETF华泰柏瑞,2.628,2.636,2.652,2.622,989001.0,331304624.0,1.15,0.84,0.022,0.37,eastmoney,qfq
2016-09-23,510300,沪深300ETF华泰柏瑞,2.637,2.628,2.642,2.625,673588.0,225265235.0,0.64,-0.3,-0.008,0.25,eastmoney,qfq
2016-09-26,510300,沪深300ETF华泰柏瑞,2.624,2.572,2.624,2.57,1633492.0,540512624.0,2.05,-2.13,-0.056,0.6,eastmoney,qfq
2016-09-27,510300,沪深300ETF华泰柏瑞,2.572,2.589,2.591,2.567,1068962.0,351901552.0,0.93,0.66,0.017,0.39,eastmoney,qfq
2016-09-28,510300,沪深300ETF华泰柏瑞,2.589,2.584,2.592,2.579,471317.0,155394118.0,0.5,-0.19,-0.005,0.17,eastmoney,qfq
2016-09-29,510300,沪深300ETF华泰柏瑞,2.588,2.599,2.607,2.588,1111320.0,368023392.0,0.74,0.58,0.015,0.41,eastmoney,qfq
2016-09-30,510300,沪深300ETF华泰柏瑞,2.592,2.609,2.614,2.592,1096256.0,363733280.0,0.85,0.38,0.01,0.4,eastmoney,qfq
2016-10-10,510300,沪深300ETF华泰柏瑞,2.617,2.647,2.653,2.607,1563661.0,523323072.0,1.76,1.46,0.038,0.58,eastmoney,qfq
2016-10-11,510300,沪深300ETF华泰柏瑞,2.649,2.655,2.658,2.641,1019211.0,342683152.0,0.64,0.3,0.008,0.38,eastmoney,qfq
2016-10-12,510300,沪深300ETF华泰柏瑞,2.646,2.647,2.651,2.638,689822.0,231631940.0,0.49,-0.3,-0.008,0.25,eastmoney,qfq
2016-10-13,510300,沪深300ETF华泰柏瑞,2.652,2.647,2.657,2.64,950246.0,319338544.0,0.64,0.0,0.0,0.35,eastmoney,qfq
2016-10-14,510300,沪深300ETF华泰柏瑞,2.646,2.657,2.659,2.63,1169802.0,392571008.0,1.1,0.38,0.01,0.43,eastmoney,qfq
2016-10-17,510300,沪深300ETF华泰柏瑞,2.657,2.626,2.66,2.597,1169469.0,392904896.0,2.37,-1.17,-0.031,0.43,eastmoney,qfq
2016-10-18,510300,沪深300ETF华泰柏瑞,2.626,2.668,2.669,2.622,1854193.0,623176864.0,1.79,1.6,0.042,0.68,eastmoney,qfq
2016-10-19,510300,沪深300ETF华泰柏瑞,2.669,2.666,2.682,2.659,1334999.0,451465648.0,0.86,-0.07,-0.002,0.49,eastmoney,qfq
2016-10-20,510300,沪深300ETF华泰柏瑞,2.664,2.661,2.67,2.658,1087665.0,367226560.0,0.45,-0.19,-0.005,0.4,eastmoney,qfq
2016-10-21,510300,沪深300ETF华泰柏瑞,2.663,2.678,2.685,2.654,1529254.0,517338640.0,1.16,0.64,0.017,0.56,eastmoney,qfq
2016-10-24,510300,沪深300ETF华泰柏瑞,2.678,2.719,2.736,2.675,2065992.0,708239088.0,2.28,1.53,0.041,0.76,eastmoney,qfq
2016-10-25,510300,沪深300ETF华泰柏瑞,2.719,2.71,2.72,2.702,1881782.0,643812656.0,0.66,-0.33,-0.009,0.69,eastmoney,qfq
2016-10-26,510300,沪深300ETF华泰柏瑞,2.709,2.7,2.712,2.695,1426710.0,487518688.0,0.63,-0.37,-0.01,0.53,eastmoney,qfq
2016-10-27,510300,沪深300ETF华泰柏瑞,2.697,2.695,2.7,2.682,892225.0,303649120.0,0.67,-0.19,-0.005,0.33,eastmoney,qfq
2016-10-28,510300,沪深300ETF华泰柏瑞,2.693,2.69,2.723,2.689,1492268.0,510243040.0,1.26,-0.19,-0.005,0.55,eastmoney,qfq
2016-10-31,510300,沪深300ETF华泰柏瑞,2.689,2.683,2.689,2.66,891946.0,302195856.0,1.08,-0.26,-0.007,0.33,eastmoney,qfq
2016-11-01,510300,沪深300ETF华泰柏瑞,2.681,2.704,2.709,2.679,866924.0,295386208.0,1.12,0.78,0.021,0.32,eastmoney,qfq
2016-11-02,510300,沪深300ETF华泰柏瑞,2.699,2.681,2.699,2.677,852540.0,289919440.0,0.81,-0.85,-0.023,0.31,eastmoney,qfq
2016-11-03,510300,沪深300ETF华泰柏瑞,2.669,2.707,2.724,2.669,2258266.0,771607696.0,2.05,0.97,0.026,0.83,eastmoney,qfq
2016-11-04,510300,沪深300ETF华泰柏瑞,2.705,2.696,2.721,2.691,1114075.0,381040624.0,1.11,-0.41,-0.011,0.41,eastmoney,qfq
2016-11-07,510300,沪深300ETF华泰柏瑞,2.696,2.699,2.707,2.689,1008060.0,344044272.0,0.67,0.11,0.003,0.37,eastmoney,qfq
2016-11-08,510300,沪深300ETF华泰柏瑞,2.706,2.717,2.733,2.704,1422438.0,487640880.0,1.07,0.67,0.018,0.53,eastmoney,qfq
2016-11-09,510300,沪深300ETF华泰柏瑞,2.717,2.704,2.717,2.661,1960762.0,668832768.0,2.06,-0.48,-0.013,0.72,eastmoney,qfq
2016-11-10,510300,沪深300ETF华泰柏瑞,2.714,2.739,2.748,2.714,1448274.0,499217376.0,1.26,1.29,0.035,0.53,eastmoney,qfq
2016-11-11,510300,沪深300ETF华泰柏瑞,2.736,2.769,2.773,2.726,1734272.0,600639536.0,1.72,1.1,0.03,0.64,eastmoney,qfq
2016-11-14,510300,沪深300ETF华泰柏瑞,2.763,2.774,2.797,2.755,2619852.0,913221120.0,1.52,0.18,0.005,0.97,eastmoney,qfq
2016-11-15,510300,沪深300ETF华泰柏瑞,2.773,2.77,2.778,2.758,1363920.0,474805216.0,0.72,-0.14,-0.004,0.5,eastmoney,qfq
2016-11-16,510300,沪深300ETF华泰柏瑞,2.772,2.771,2.78,2.762,1439264.0,501424496.0,0.65,0.04,0.001,0.53,eastmoney,qfq
2016-11-17,510300,沪深300ETF华泰柏瑞,2.766,2.779,2.78,2.755,1314600.0,457641856.0,0.9,0.29,0.008,0.49,eastmoney,qfq
2016-11-18,510300,沪深300ETF华泰柏瑞,2.78,2.767,2.786,2.762,1097434.0,382865952.0,0.86,-0.43,-0.012,0.41,eastmoney,qfq
2016-11-21,510300,沪深300ETF华泰柏瑞,2.762,2.783,2.812,2.76,1362853.0,477608880.0,1.88,0.58,0.016,0.5,eastmoney,qfq
2016-11-22,510300,沪深300ETF华泰柏瑞,2.786,2.818,2.82,2.786,1721437.0,606165664.0,1.22,1.26,0.035,0.64,eastmoney,qfq
2016-11-23,510300,沪深300ETF华泰柏瑞,2.823,2.824,2.84,2.815,911254.0,322725904.0,0.89,0.21,0.006,0.34,eastmoney,qfq
2016-11-24,510300,沪深300ETF华泰柏瑞,2.822,2.834,2.855,2.817,1755187.0,622021456.0,1.35,0.35,0.01,0.65,eastmoney,qfq
2016-11-25,510300,沪深300ETF华泰柏瑞,2.834,2.873,2.875,2.808,1347871.0,480069680.0,2.36,1.38,0.039,0.5,eastmoney,qfq
2016-11-28,510300,沪深300ETF华泰柏瑞,2.881,2.889,2.907,2.88,1483483.0,534775712.0,0.94,0.56,0.016,0.55,eastmoney,qfq
2016-11-29,510300,沪深300ETF华泰柏瑞,2.879,2.917,2.935,2.867,1591361.0,575802832.0,2.35,0.97,0.028,0.59,eastmoney,qfq
2016-11-30,510300,沪深300ETF华泰柏瑞,2.908,2.884,2.919,2.878,1660677.0,598824976.0,1.41,-1.13,-0.033,0.61,eastmoney,qfq
2016-12-01,510300,沪深300ETF华泰柏瑞,2.886,2.918,2.93,2.886,1128865.0,408535648.0,1.53,1.18,0.034,0.42,eastmoney,qfq
2016-12-02,510300,沪深300ETF华泰柏瑞,2.915,2.878,2.915,2.869,938826.0,337964544.0,1.58,-1.37,-0.04,0.35,eastmoney,qfq
2016-12-05,510300,沪深300ETF华泰柏瑞,2.831,2.806,2.846,2.801,2228656.0,788857104.0,1.56,-2.5,-0.072,0.82,eastmoney,qfq
2016-12-06,510300,沪深300ETF华泰柏瑞,2.809,2.8,2.822,2.799,1268854.0,447422128.0,0.82,-0.21,-0.006,0.47,eastmoney,qfq
2016-12-07,510300,沪深300ETF华泰柏瑞,2.802,2.816,2.82,2.788,1113534.0,391741728.0,1.14,0.57,0.016,0.41,eastmoney,qfq
2016-12-08,510300,沪深300ETF华泰柏瑞,2.826,2.824,2.837,2.816,2079601.0,736364880.0,0.75,0.28,0.008,0.77,eastmoney,qfq
2016-12-09,510300,沪深300ETF华泰柏瑞,2.816,2.844,2.855,2.812,1113083.0,394957328.0,1.52,0.71,0.02,0.41,eastmoney,qfq
2016-12-12,510300,沪深300ETF华泰柏瑞,2.842,2.75,2.842,2.747,1479029.0,516726032.0,3.34,-3.31,-0.094,0.55,eastmoney,qfq
2016-12-13,510300,沪深300ETF华泰柏瑞,2.739,2.745,2.761,2.717,1611876.0,556255408.0,1.6,-0.18,-0.005,0.6,eastmoney,qfq
2016-12-14,510300,沪深300ETF华泰柏瑞,2.737,2.721,2.753,2.72,1013559.0,350073296.0,1.2,-0.87,-0.024,0.37,eastmoney,qfq
2016-12-15,510300,沪深300ETF华泰柏瑞,2.703,2.682,2.72,2.668,2297928.0,783089344.0,1.91,-1.43,-0.039,0.85,eastmoney,qfq
2016-12-16,510300,沪深300ETF华泰柏瑞,2.678,2.682,2.7,2.674,1422497.0,483458720.0,0.97,0.0,0.0,0.53,eastmoney,qfq
2016-12-19,510300,沪深300ETF华泰柏瑞,2.682,2.672,2.685,2.664,870419.0,294947472.0,0.78,-0.37,-0.01,0.32,eastmoney,qfq
2016-12-20,510300,沪深300ETF华泰柏瑞,2.667,2.647,2.671,2.628,1674660.0,562356448.0,1.61,-0.94,-0.025,0.62,eastmoney,qfq
2016-12-21,510300,沪深300ETF华泰柏瑞,2.652,2.684,2.685,2.652,1291631.0,437133424.0,1.25,1.4,0.037,0.48,eastmoney,qfq
2016-12-22,510300,沪深300ETF华泰柏瑞,2.68,2.678,2.682,2.663,1035924.0,350703088.0,0.71,-0.22,-0.006,0.38,eastmoney,qfq
2016-12-23,510300,沪深300ETF华泰柏瑞,2.67,2.651,2.675,2.642,802605.0,270285952.0,1.23,-1.01,-0.027,0.3,eastmoney,qfq
2016-12-26,510300,沪深300ETF华泰柏瑞,2.641,2.663,2.666,2.612,1452621.0,486226400.0,2.04,0.45,0.012,0.54,eastmoney,qfq
2016-12-27,510300,沪深300ETF华泰柏瑞,2.657,2.658,2.671,2.652,1132961.0,382302240.0,0.71,-0.19,-0.005,0.42,eastmoney,qfq
2016-12-28,510300,沪深300ETF华泰柏瑞,2.655,2.64,2.661,2.629,1049116.0,352092176.0,1.2,-0.68,-0.018,0.39,eastmoney,qfq
2016-12-29,510300,沪深300ETF华泰柏瑞,2.636,2.642,2.655,2.626,848783.0,284718672.0,1.1,0.08,0.002,0.31,eastmoney,qfq
2016-12-30,510300,沪深300ETF华泰柏瑞,2.641,2.645,2.655,2.637,960788.0,322779312.0,0.68,0.11,0.003,0.35,eastmoney,qfq
2017-01-03,510300,沪深300ETF华泰柏瑞,2.649,2.683,2.691,2.649,1058679.0,359018000.0,1.59,1.44,0.038,0.39,eastmoney,qfq
2017-01-04,510300,沪深300ETF华泰柏瑞,2.681,2.713,2.714,2.674,1134840.0,386401184.0,1.49,1.12,0.03,0.42,eastmoney,qfq
2017-01-05,510300,沪深300ETF华泰柏瑞,2.712,2.706,2.717,2.698,656748.0,224689515.0,0.7,-0.26,-0.007,0.24,eastmoney,qfq
2017-01-06,510300,沪深300ETF华泰柏瑞,2.703,2.695,2.71,2.69,778860.0,265624396.0,0.74,-0.41,-0.011,0.29,eastmoney,qfq
2017-01-09,510300,沪深300ETF华泰柏瑞,2.69,2.707,2.711,2.687,775129.0,264758569.0,0.89,0.45,0.012,0.29,eastmoney,qfq
2017-01-10,510300,沪深300ETF华泰柏瑞,2.706,2.698,2.713,2.694,697214.0,238188561.0,0.7,-0.33,-0.009,0.26,eastmoney,qfq
2017-01-11,510300,沪深300ETF华泰柏瑞,2.692,2.673,2.709,2.672,947053.0,322318176.0,1.37,-0.93,-0.025,0.35,eastmoney,qfq
2017-01-12,510300,沪深300ETF华泰柏瑞,2.673,2.656,2.682,2.653,840009.0,284381824.0,1.08,-0.64,-0.017,0.31,eastmoney,qfq
2017-01-13,510300,沪深300ETF华泰柏瑞,2.655,2.662,2.68,2.649,974975.0,329078592.0,1.17,0.23,0.006,0.36,eastmoney,qfq
2017-01-16,510300,沪深300ETF华泰柏瑞,2.655,2.658,2.66,2.603,1469151.0,492412448.0,2.14,-0.15,-0.004,0.54,eastmoney,qfq
2017-01-17,510300,沪深300ETF华泰柏瑞,2.647,2.663,2.67,2.636,864950.0,291327184.0,1.28,0.19,0.005,0.32,eastmoney,qfq
2017-01-18,510300,沪深300ETF华泰柏瑞,2.658,2.685,2.696,2.657,1138663.0,386681360.0,1.46,0.83,0.022,0.42,eastmoney,qfq
2017-01-19,510300,沪深300ETF华泰柏瑞,2.676,2.673,2.691,2.667,1060346.0,359710688.0,0.89,-0.45,-0.012,0.39,eastmoney,qfq
2017-01-20,510300,沪深300ETF华泰柏瑞,2.667,2.702,2.703,2.665,2063694.0,703729072.0,1.42,1.08,0.029,0.76,eastmoney,qfq
2017-01-23,510300,沪深300ETF华泰柏瑞,2.702,2.703,2.728,2.699,1421798.0,478936400.0,1.07,0.04,0.001,0.52,eastmoney,qfq
2017-01-24,510300,沪深300ETF华泰柏瑞,2.703,2.705,2.711,2.695,842963.0,283122752.0,0.59,0.07,0.002,0.31,eastmoney,qfq
2017-01-25,510300,沪深300ETF华泰柏瑞,2.703,2.715,2.717,2.692,670240.0,225504014.0,0.92,0.37,0.01,0.25,eastmoney,qfq
2017-01-26,510300,沪深300ETF华泰柏瑞,2.715,2.729,2.739,2.715,661763.0,224128556.0,0.88,0.52,0.014,0.24,eastmoney,qfq
2017-02-03,510300,沪深300ETF华泰柏瑞,2.729,2.709,2.731,2.699,1120450.0,377377168.0,1.17,-0.73,-0.02,0.41,eastmoney,qfq
2017-02-06,510300,沪深300ETF华泰柏瑞,2.71,2.708,2.718,2.698,1011689.0,340453264.0,0.74,-0.04,-0.001,0.37,eastmoney,qfq
2017-02-07,510300,沪深300ETF华泰柏瑞,2.705,2.702,2.713,2.692,919571.0,308980880.0,0.78,-0.22,-0.006,0.34,eastmoney,qfq
2017-02-08,510300,沪深300ETF华泰柏瑞,2.701,2.725,2.731,2.684,951701.0,319982368.0,1.74,0.85,0.023,0.35,eastmoney,qfq
2017-02-09,510300,沪深300ETF华泰柏瑞,2.721,2.737,2.75,2.72,983411.0,334000224.0,1.1,0.44,0.012,0.36,eastmoney,qfq
2017-02-10,510300,沪深300ETF华泰柏瑞,2.74,2.755,2.762,2.734,1061428.0,361430912.0,1.02,0.66,0.018,0.39,eastmoney,qfq
2017-02-13,510300,沪深300ETF华泰柏瑞,2.754,2.773,2.778,2.754,1225064.0,419765184.0,0.87,0.65,0.018,0.45,eastmoney,qfq
2017-02-14,510300,沪深300ETF华泰柏瑞,2.773,2.777,2.778,2.767,774970.0,265836733.0,0.4,0.14,0.004,0.29,eastmoney,qfq
2017-02-15,510300,沪深300ETF华泰柏瑞,2.776,2.765,2.788,2.758,1245321.0,427278624.0,1.08,-0.43,-0.012,0.46,eastmoney,qfq
2017-02-16,510300,沪深300ETF华泰柏瑞,2.765,2.78,2.78,2.758,905008.0,310095296.0,0.8,0.54,0.015,0.33,eastmoney,qfq
2017-02-17,510300,沪深300ETF华泰柏瑞,2.78,2.76,2.797,2.759,1253715.0,430590656.0,1.37,-0.72,-0.02,0.46,eastmoney,qfq
2017-02-20,510300,沪深300ETF华泰柏瑞,2.76,2.816,2.827,2.759,1382844.0,477381328.0,2.46,2.03,0.056,0.51,eastmoney,qfq
2017-02-21,510300,沪深300ETF华泰柏瑞,2.816,2.816,2.829,2.812,1118516.0,388819584.0,0.6,0.0,0.0,0.41,eastmoney,qfq
2017-02-22,510300,沪深300ETF华泰柏瑞,2.819,2.827,2.83,2.812,951853.0,331353648.0,0.64,0.39,0.011,0.35,eastmoney,qfq
2017-02-23,510300,沪深300ETF华泰柏瑞,2.824,2.812,2.83,2.803,1028589.0,357287088.0,0.96,-0.53,-0.015,0.38,eastmoney,qfq
2017-02-24,510300,沪深300ETF华泰柏瑞,2.813,2.809,2.813,2.796,897412.0,310748416.0,0.6,-0.11,-0.003,0.33,eastmoney,qfq
2017-02-27,510300,沪深300ETF华泰柏瑞,2.81,2.782,2.81,2.774,735682.0,253856619.0,1.28,-0.96,-0.027,0.27,eastmoney,qfq
2017-02-28,510300,沪深300ETF华泰柏瑞,2.778,2.787,2.799,2.777,950733.0,327340272.0,0.79,0.18,0.005,0.35,eastmoney,qfq
2017-03-01,510300,沪深300ETF华泰柏瑞,2.789,2.791,2.814,2.783,1355898.0,468346592.0,1.11,0.14,0.004,0.5,eastmoney,qfq
2017-03-02,510300,沪深300ETF华泰柏瑞,2.797,2.779,2.845,2.769,955485.0,329333168.0,2.72,-0.43,-0.012,0.35,eastmoney,qfq
2017-03-03,510300,沪深300ETF华泰柏瑞,2.769,2.766,2.77,2.749,778375.0,266094270.0,0.76,-0.47,-0.013,0.29,eastmoney,qfq
2017-03-06,510300,沪深300ETF华泰柏瑞,2.766,2.783,2.786,2.76,999939.0,343393504.0,0.94,0.61,0.017,0.37,eastmoney,qfq
2017-03-07,510300,沪深300ETF华泰柏瑞,2.781,2.788,2.789,2.776,761854.0,262134060.0,0.47,0.18,0.005,0.28,eastmoney,qfq
2017-03-08,510300,沪深300ETF华泰柏瑞,2.786,2.792,2.793,2.781,1101721.0,379539856.0,0.43,0.14,0.004,0.41,eastmoney,qfq
2017-03-09,510300,沪深300ETF华泰柏瑞,2.786,2.761,2.786,2.755,809001.0,276909952.0,1.11,-1.11,-0.031,0.3,eastmoney,qfq
2017-03-10,510300,沪深300ETF华泰柏瑞,2.758,2.764,2.773,2.758,825743.0,282727136.0,0.54,0.11,0.003,0.3,eastmoney,qfq
2017-03-13,510300,沪深300ETF华泰柏瑞,2.758,2.801,2.803,2.749,1236681.0,425156080.0,1.95,1.34,0.037,0.46,eastmoney,qfq
2017-03-14,510300,沪深300ETF华泰柏瑞,2.798,2.793,2.802,2.789,680534.0,234993212.0,0.46,-0.29,-0.008,0.25,eastmoney,qfq
2017-03-15,510300,沪深300ETF华泰柏瑞,2.787,2.799,2.802,2.784,576086.0,198854471.0,0.64,0.21,0.006,0.21,eastmoney,qfq
2017-03-16,510300,沪深300ETF华泰柏瑞,2.807,2.82,2.835,2.807,934776.0,325318448.0,1.0,0.75,0.021,0.35,eastmoney,qfq
2017-03-17,510300,沪深300ETF华泰柏瑞,2.82,2.781,2.825,2.778,1037743.0,359081744.0,1.67,-1.38,-0.039,0.38,eastmoney,qfq
2017-03-20,510300,沪深300ETF华泰柏瑞,2.782,2.783,2.79,2.769,889350.0,305764000.0,0.76,0.07,0.002,0.33,eastmoney,qfq
2017-03-21,510300,沪深300ETF华泰柏瑞,2.783,2.807,2.807,2.779,1077075.0,371423616.0,1.01,0.86,0.024,0.4,eastmoney,qfq
2017-03-22,510300,沪深300ETF华泰柏瑞,2.793,2.789,2.801,2.77,628259.0,216426259.0,1.1,-0.64,-0.018,0.23,eastmoney,qfq
2017-03-23,510300,沪深300ETF华泰柏瑞,2.792,2.799,2.809,2.774,853840.0,294742448.0,1.25,0.36,0.01,0.32,eastmoney,qfq
2017-03-24,510300,沪深300ETF华泰柏瑞,2.8,2.832,2.842,2.798,1283552.0,446211840.0,1.57,1.18,0.033,0.47,eastmoney,qfq
2017-03-27,510300,沪深300ETF华泰柏瑞,2.831,2.816,2.841,2.812,867856.0,302554848.0,1.02,-0.56,-0.016,0.32,eastmoney,qfq
2017-03-28,510300,沪深300ETF华泰柏瑞,2.816,2.811,2.823,2.802,669608.0,232236124.0,0.75,-0.18,-0.005,0.25,eastmoney,qfq
2017-03-29,510300,沪深300ETF华泰柏瑞,2.811,2.804,2.82,2.792,790107.0,273799424.0,1.0,-0.25,-0.007,0.29,eastmoney,qfq
2017-03-30,510300,沪深300ETF华泰柏瑞,2.797,2.771,2.804,2.76,1197411.0,411529536.0,1.57,-1.18,-0.033,0.44,eastmoney,qfq
2017-03-31,510300,沪深300ETF华泰柏瑞,2.771,2.796,2.797,2.77,886200.0,305008272.0,0.97,0.9,0.025,0.33,eastmoney,qfq
2017-04-05,510300,沪深300ETF华泰柏瑞,2.816,2.853,2.854,2.814,1351355.0,472558864.0,1.43,2.04,0.057,0.5,eastmoney,qfq
2017-04-06,510300,沪深300ETF华泰柏瑞,2.851,2.849,2.854,2.832,960783.0,336535712.0,0.77,-0.14,-0.004,0.35,eastmoney,qfq
2017-04-07,510300,沪深300ETF华泰柏瑞,2.851,2.856,2.868,2.843,755353.0,265254246.0,0.88,0.25,0.007,0.28,eastmoney,qfq
2017-04-10,510300,沪深300ETF华泰柏瑞,2.859,2.847,2.86,2.845,821129.0,288180832.0,0.53,-0.32,-0.009,0.3,eastmoney,qfq
2017-04-11,510300,沪深300ETF华泰柏瑞,2.846,2.856,2.86,2.809,1057268.0,369694160.0,1.79,0.32,0.009,0.39,eastmoney,qfq
2017-04-12,510300,沪深300ETF华泰柏瑞,2.854,2.843,2.86,2.836,988677.0,346896368.0,0.84,-0.46,-0.013,0.37,eastmoney,qfq
2017-04-13,510300,沪深300ETF华泰柏瑞,2.839,2.856,2.862,2.836,784439.0,275414672.0,0.91,0.46,0.013,0.29,eastmoney,qfq
2017-04-14,510300,沪深300ETF华泰柏瑞,2.856,2.827,2.857,2.821,860763.0,300482672.0,1.26,-1.02,-0.029,0.32,eastmoney,qfq
2017-04-17,510300,沪深300ETF华泰柏瑞,2.82,2.815,2.823,2.798,1357763.0,470981568.0,0.88,-0.42,-0.012,0.5,eastmoney,qfq
2017-04-18,510300,沪深300ETF华泰柏瑞,2.81,2.807,2.826,2.806,832006.0,288999056.0,0.71,-0.28,-0.008,0.31,eastmoney,qfq
2017-04-19,510300,沪深300ETF华泰柏瑞,2.8,2.78,2.8,2.765,2120401.0,729202656.0,1.25,-0.96,-0.027,0.78,eastmoney,qfq
2017-04-20,510300,沪深300ETF华泰柏瑞,2.778,2.799,2.804,2.777,1158009.0,399723872.0,0.97,0.68,0.019,0.43,eastmoney,qfq
2017-04-21,510300,沪深300ETF华泰柏瑞,2.802,2.802,2.812,2.786,814366.0,281667344.0,0.93,0.11,0.003,0.3,eastmoney,qfq
2017-04-24,510300,沪深300ETF华泰柏瑞,2.793,2.765,2.797,2.748,1700779.0,582007616.0,1.75,-1.32,-0.037,0.63,eastmoney,qfq
2017-04-25,510300,沪深300ETF华泰柏瑞,2.772,2.776,2.787,2.767,983836.0,337966320.0,0.72,0.4,0.011,0.36,eastmoney,qfq
2017-04-26,510300,沪深300ETF华泰柏瑞,2.776,2.784,2.804,2.776,876265.0,302137648.0,1.01,0.29,0.008,0.32,eastmoney,qfq
2017-04-27,510300,沪深300ETF华泰柏瑞,2.78,2.786,2.792,2.742,2097327.0,717275568.0,1.8,0.07,0.002,0.77,eastmoney,qfq
2017-04-28,510300,沪深300ETF华泰柏瑞,2.783,2.773,2.783,2.758,715290.0,245193219.0,0.9,-0.47,-0.013,0.26,eastmoney,qfq
2017-05-02,510300,沪深300ETF华泰柏瑞,2.768,2.768,2.772,2.756,920827.0,315153104.0,0.58,-0.18,-0.005,0.34,eastmoney,qfq
2017-05-03,510300,沪深300ETF华泰柏瑞,2.764,2.751,2.772,2.747,821768.0,280638576.0,0.9,-0.61,-0.017,0.3,eastmoney,qfq
2017-05-04,510300,沪深300ETF华泰柏瑞,2.748,2.738,2.761,2.735,1043228.0,354995520.0,0.95,-0.47,-0.013,0.39,eastmoney,qfq
2017-05-05,510300,沪深300ETF华泰柏瑞,2.733,2.716,2.735,2.704,1465209.0,494947120.0,1.13,-0.8,-0.022,0.54,eastmoney,qfq
2017-05-08,510300,沪深300ETF华泰柏瑞,2.712,2.687,2.716,2.679,1643939.0,551753632.0,1.36,-1.07,-0.029,0.61,eastmoney,qfq
2017-05-09,510300,沪深300ETF华泰柏瑞,2.682,2.69,2.698,2.671,1400236.0,467728688.0,1.0,0.11,0.003,0.52,eastmoney,qfq
2017-05-10,510300,沪深300ETF华泰柏瑞,2.691,2.678,2.706,2.676,1670224.0,560475408.0,1.12,-0.45,-0.012,0.62,eastmoney,qfq
2017-05-11,510300,沪深300ETF华泰柏瑞,2.67,2.695,2.703,2.658,2181884.0,727387616.0,1.68,0.63,0.017,0.81,eastmoney,qfq
2017-05-12,510300,沪深300ETF华泰柏瑞,2.693,2.722,2.727,2.689,1451197.0,488589568.0,1.41,1.0,0.027,0.54,eastmoney,qfq
2017-05-15,510300,沪深300ETF华泰柏瑞,2.731,2.736,2.747,2.728,1024392.0,348045632.0,0.7,0.51,0.014,0.38,eastmoney,qfq
2017-05-16,510300,沪深300ETF华泰柏瑞,2.733,2.776,2.777,2.72,1033132.0,351932704.0,2.08,1.46,0.04,0.38,eastmoney,qfq
2017-05-17,510300,沪深300ETF华泰柏瑞,2.772,2.753,2.774,2.752,1097919.0,375710176.0,0.79,-0.83,-0.023,0.41,eastmoney,qfq
2017-05-18,510300,沪深300ETF华泰柏瑞,2.741,2.738,2.755,2.732,974236.0,331211744.0,0.84,-0.54,-0.015,0.36,eastmoney,qfq
2017-05-19,510300,沪深300ETF华泰柏瑞,2.737,2.744,2.749,2.737,715945.0,243482042.0,0.44,0.22,0.006,0.26,eastmoney,qfq
2017-05-22,510300,沪深300ETF华泰柏瑞,2.745,2.747,2.764,2.732,863366.0,294185616.0,1.17,0.11,0.003,0.32,eastmoney,qfq
2017-05-23,510300,沪深300ETF华泰柏瑞,2.746,2.762,2.776,2.743,1514699.0,517643728.0,1.2,0.55,0.015,0.56,eastmoney,qfq
2017-05-24,510300,沪深300ETF华泰柏瑞,2.757,2.762,2.763,2.731,1404383.0,478014240.0,1.16,0.0,0.0,0.52,eastmoney,qfq
2017-05-25,510300,沪深300ETF华泰柏瑞,2.759,2.835,2.839,2.752,2489525.0,861101232.0,3.15,2.64,0.073,0.92,eastmoney,qfq
2017-05-26,510300,沪深300ETF华泰柏瑞,2.829,2.829,2.845,2.82,2032030.0,709039520.0,0.88,-0.21,-0.006,0.75,eastmoney,qfq
2017-05-31,510300,沪深300ETF华泰柏瑞,2.84,2.831,2.861,2.815,1480334.0,517279008.0,1.63,0.07,0.002,0.55,eastmoney,qfq
2017-06-01,510300,沪深300ETF华泰柏瑞,2.825,2.839,2.841,2.822,907182.0,316723296.0,0.67,0.28,0.008,0.33,eastmoney,qfq
2017-06-02,510300,沪深300ETF华泰柏瑞,2.837,2.83,2.841,2.811,1315413.0,458835040.0,1.06,-0.32,-0.009,0.49,eastmoney,qfq
2017-06-05,510300,沪深300ETF华泰柏瑞,2.82,2.807,2.832,2.804,1101787.0,382517632.0,0.99,-0.81,-0.023,0.41,eastmoney,qfq
2017-06-06,510300,沪深300ETF华泰柏瑞,2.807,2.834,2.835,2.804,959069.0,333744288.0,1.1,0.96,0.027,0.35,eastmoney,qfq
2017-06-07,510300,沪深300ETF华泰柏瑞,2.838,2.882,2.884,2.833,1667237.0,588224304.0,1.8,1.69,0.048,0.62,eastmoney,qfq
2017-06-08,510300,沪深300ETF华泰柏瑞,2.88,2.907,2.912,2.875,1460939.0,518490288.0,1.28,0.87,0.025,0.54,eastmoney,qfq
2017-06-09,510300,沪深300ETF华泰柏瑞,2.906,2.929,2.938,2.905,1512316.0,541579952.0,1.14,0.76,0.022,0.56,eastmoney,qfq
2017-06-12,510300,沪深300ETF华泰柏瑞,2.922,2.922,2.949,2.913,1240740.0,445107824.0,1.23,-0.24,-0.007,0.46,eastmoney,qfq
2017-06-13,510300,沪深300ETF华泰柏瑞,2.913,2.929,2.937,2.911,1316254.0,471603248.0,0.89,0.24,0.007,0.49,eastmoney,qfq
2017-06-14,510300,沪深300ETF华泰柏瑞,2.927,2.893,2.927,2.887,1425762.0,508242896.0,1.37,-1.23,-0.036,0.53,eastmoney,qfq
2017-06-15,510300,沪深300ETF华泰柏瑞,2.892,2.881,2.903,2.867,1208419.0,427918144.0,1.24,-0.41,-0.012,0.45,eastmoney,qfq
2017-06-16,510300,沪深300ETF华泰柏瑞,2.881,2.875,2.897,2.87,1023957.0,362702880.0,0.94,-0.21,-0.006,0.38,eastmoney,qfq
2017-06-19,510300,沪深300ETF华泰柏瑞,2.877,2.915,2.918,2.877,1413142.0,503221280.0,1.43,1.39,0.04,0.52,eastmoney,qfq
2017-06-20,510300,沪深300ETF华泰柏瑞,2.918,2.904,2.925,2.896,1298320.0,462757488.0,0.99,-0.38,-0.011,0.48,eastmoney,qfq
2017-06-21,510300,沪深300ETF华泰柏瑞,2.927,2.949,2.95,2.904,2026661.0,726053664.0,1.58,1.55,0.045,0.75,eastmoney,qfq
2017-06-22,510300,沪深300ETF华泰柏瑞,2.942,2.953,2.994,2.94,1900074.0,689630288.0,1.83,0.14,0.004,0.7,eastmoney,qfq
2017-06-23,510300,沪深300ETF华泰柏瑞,2.95,2.988,2.99,2.934,979934.0,354015584.0,1.9,1.19,0.035,0.36,eastmoney,qfq
2017-06-26,510300,沪深300ETF华泰柏瑞,2.988,3.033,3.036,2.988,1073946.0,395226720.0,1.61,1.51,0.045,0.4,eastmoney,qfq
2017-06-27,510300,沪深300ETF华泰柏瑞,3.031,3.035,3.041,3.012,806651.0,297031200.0,0.96,0.07,0.002,0.3,eastmoney,qfq
2017-06-28,510300,沪深300ETF华泰柏瑞,3.032,3.01,3.032,3.005,792488.0,291471792.0,0.89,-0.82,-0.025,0.29,eastmoney,qfq
2017-06-29,510300,沪深300ETF华泰柏瑞,3.011,3.032,3.037,3.01,868377.0,319708768.0,0.9,0.73,0.022,0.32,eastmoney,qfq
2017-06-30,510300,沪深300ETF华泰柏瑞,3.02,3.026,3.037,3.008,824751.0,303289200.0,0.96,-0.2,-0.006,0.3,eastmoney,qfq
2017-07-03,510300,沪深300ETF华泰柏瑞,3.027,3.01,3.03,2.995,965189.0,354075696.0,1.16,-0.53,-0.016,0.36,eastmoney,qfq
2017-07-04,510300,沪深300ETF华泰柏瑞,3.009,2.98,3.01,2.972,1352155.0,492446688.0,1.26,-1.0,-0.03,0.5,eastmoney,qfq
2017-07-05,510300,沪深300ETF华泰柏瑞,2.978,3.027,3.034,2.978,1333338.0,488489680.0,1.88,1.58,0.047,0.49,eastmoney,qfq
2017-07-06,510300,沪深300ETF华泰柏瑞,3.027,3.024,3.032,2.998,1618321.0,595546768.0,1.12,-0.1,-0.003,0.6,eastmoney,qfq
2017-07-07,510300,沪深300ETF华泰柏瑞,3.019,3.022,3.027,3.003,826427.0,303788032.0,0.79,-0.07,-0.002,0.31,eastmoney,qfq
2017-07-10,510300,沪深300ETF华泰柏瑞,3.021,3.026,3.042,3.017,950921.0,350798544.0,0.83,0.13,0.004,0.35,eastmoney,qfq
2017-07-11,510300,沪深300ETF华泰柏瑞,3.022,3.056,3.085,3.021,1314197.0,488047744.0,2.12,0.99,0.03,0.49,eastmoney,qfq
2017-07-12,510300,沪深300ETF华泰柏瑞,3.05,3.034,3.07,3.018,1174761.0,435484096.0,1.7,-0.72,-0.022,0.43,eastmoney,qfq
2017-07-13,510300,沪深300ETF华泰柏瑞,3.035,3.072,3.075,3.035,1112379.0,413674304.0,1.32,1.25,0.038,0.41,eastmoney,qfq
2017-07-14,510300,沪深300ETF华泰柏瑞,3.073,3.097,3.101,3.062,855767.0,319746144.0,1.27,0.81,0.025,0.32,eastmoney,qfq
2017-07-17,510300,沪深300ETF华泰柏瑞,3.094,3.046,3.103,3.018,1942106.0,721614608.0,2.74,-1.65,-0.051,0.72,eastmoney,qfq
2017-07-18,510300,沪深300ETF华泰柏瑞,3.04,3.048,3.053,3.014,1608457.0,594672816.0,1.28,0.07,0.002,0.59,eastmoney,qfq
2017-07-19,510300,沪深300ETF华泰柏瑞,3.047,3.125,3.13,3.043,1741180.0,651901904.0,2.85,2.53,0.077,0.64,eastmoney,qfq
2017-07-20,510300,沪深300ETF华泰柏瑞,3.122,3.143,3.144,3.116,976976.0,369859504.0,0.9,0.58,0.018,0.36,eastmoney,qfq
2017-07-21,510300,沪深300ETF华泰柏瑞,3.133,3.124,3.146,3.112,977615.0,370647632.0,1.08,-0.6,-0.019,0.36,eastmoney,qfq
2017-07-24,510300,沪深300ETF华泰柏瑞,3.12,3.143,3.151,3.113,642643.0,243903316.0,1.22,0.61,0.019,0.24,eastmoney,qfq
2017-07-25,510300,沪深300ETF华泰柏瑞,3.142,3.114,3.144,3.107,969984.0,367104736.0,1.18,-0.92,-0.029,0.36,eastmoney,qfq
2017-07-26,510300,沪深300ETF华泰柏瑞,3.114,3.093,3.131,3.077,1542540.0,579533888.0,1.73,-0.67,-0.021,0.57,eastmoney,qfq
2017-07-27,510300,沪深300ETF华泰柏瑞,3.094,3.104,3.113,3.068,1463574.0,548556304.0,1.45,0.36,0.011,0.54,eastmoney,qfq
2017-07-28,510300,沪深300ETF华泰柏瑞,3.099,3.118,3.122,3.092,741487.0,279473440.0,0.97,0.45,0.014,0.27,eastmoney,qfq
2017-07-31,510300,沪深300ETF华泰柏瑞,3.118,3.132,3.146,3.109,1194636.0,452022176.0,1.19,0.45,0.014,0.44,eastmoney,qfq
2017-08-01,510300,沪深300ETF华泰柏瑞,3.132,3.162,3.166,3.13,1224510.0,466016816.0,1.15,0.96,0.03,0.45,eastmoney,qfq
2017-08-02,510300,沪深300ETF华泰柏瑞,3.164,3.162,3.182,3.156,1180980.0,451860544.0,0.82,0.0,0.0,0.44,eastmoney,qfq
2017-08-03,510300,沪深300ETF华泰柏瑞,3.156,3.124,3.165,3.116,1072929.0,407643792.0,1.55,-1.2,-0.038,0.4,eastmoney,qfq
2017-08-04,510300,沪深300ETF华泰柏瑞,3.124,3.101,3.138,3.1,1040716.0,393420960.0,1.22,-0.74,-0.023,0.38,eastmoney,qfq
2017-08-07,510300,沪深300ETF华泰柏瑞,3.094,3.124,3.131,3.091,1062491.0,400289024.0,1.29,0.74,0.023,0.39,eastmoney,qfq
2017-08-08,510300,沪深300ETF华泰柏瑞,3.126,3.125,3.133,3.114,1211295.0,458104576.0,0.61,0.03,0.001,0.45,eastmoney,qfq
2017-08-09,510300,沪深300ETF华泰柏瑞,3.122,3.122,3.134,3.109,961917.0,363926512.0,0.8,-0.1,-0.003,0.36,eastmoney,qfq
2017-08-10,510300,沪深300ETF华泰柏瑞,3.115,3.114,3.143,3.086,1386799.0,523518864.0,1.83,-0.26,-0.008,0.51,eastmoney,qfq
2017-08-11,510300,沪深300ETF华泰柏瑞,3.09,3.042,3.098,3.037,1816643.0,676532336.0,1.96,-2.31,-0.072,0.67,eastmoney,qfq
2017-08-14,510300,沪深300ETF华泰柏瑞,3.043,3.088,3.095,3.043,1489559.0,556588432.0,1.71,1.51,0.046,0.55,eastmoney,qfq
2017-08-15,510300,沪深300ETF华泰柏瑞,3.089,3.098,3.113,3.084,2386280.0,896629440.0,0.94,0.32,0.01,0.88,eastmoney,qfq
2017-08-16,510300,沪深300ETF华泰柏瑞,3.094,3.092,3.099,3.071,881399.0,330127584.0,0.9,-0.19,-0.006,0.33,eastmoney,qfq
2017-08-17,510300,沪深300ETF华泰柏瑞,3.098,3.121,3.122,3.096,703318.0,264849652.0,0.84,0.94,0.029,0.26,eastmoney,qfq
2017-08-18,510300,沪深300ETF华泰柏瑞,3.109,3.123,3.132,3.097,724997.0,273300464.0,1.12,0.06,0.002,0.27,eastmoney,qfq
2017-08-21,510300,沪深300ETF华泰柏瑞,3.133,3.139,3.148,3.124,490788.0,186243891.0,0.77,0.51,0.016,0.18,eastmoney,qfq
2017-08-22,510300,沪深300ETF华泰柏瑞,3.138,3.145,3.153,3.128,723347.0,274716416.0,0.8,0.19,0.006,0.27,eastmoney,qfq
2017-08-23,510300,沪深300ETF华泰柏瑞,3.145,3.155,3.171,3.139,563945.0,215028427.0,1.02,0.32,0.01,0.21,eastmoney,qfq
2017-08-24,510300,沪深300ETF华泰柏瑞,3.155,3.135,3.164,3.13,764002.0,290507264.0,1.08,-0.63,-0.02,0.28,eastmoney,qfq
2017-08-25,510300,沪深300ETF华泰柏瑞,3.134,3.201,3.202,3.133,2023896.0,777247456.0,2.2,2.11,0.066,0.75,eastmoney,qfq
2017-08-28,510300,沪深300ETF华泰柏瑞,3.204,3.245,3.27,3.204,2297449.0,897023280.0,2.06,1.37,0.044,0.85,eastmoney,qfq
2017-08-29,510300,沪深300ETF华泰柏瑞,3.246,3.237,3.249,3.23,1218355.0,474880032.0,0.59,-0.25,-0.008,0.45,eastmoney,qfq
2017-08-30,510300,沪深300ETF华泰柏瑞,3.236,3.233,3.254,3.231,837835.0,326837104.0,0.71,-0.12,-0.004,0.31,eastmoney,qfq
2017-08-31,510300,沪深300ETF华泰柏瑞,3.233,3.226,3.243,3.204,1166771.0,452601024.0,1.21,-0.22,-0.007,0.43,eastmoney,qfq
2017-09-01,510300,沪深300ETF华泰柏瑞,3.226,3.231,3.244,3.217,900119.0,350147392.0,0.84,0.15,0.005,0.33,eastmoney,qfq
2017-09-04,510300,沪深300ETF华泰柏瑞,3.231,3.245,3.248,3.212,1280227.0,498484880.0,1.11,0.43,0.014,0.47,eastmoney,qfq
2017-09-05,510300,沪深300ETF华泰柏瑞,3.245,3.259,3.266,3.242,703199.0,275197296.0,0.74,0.43,0.014,0.26,eastmoney,qfq
2017-09-06,510300,沪深300ETF华泰柏瑞,3.25,3.247,3.26,3.233,787843.0,307521824.0,0.83,-0.37,-0.012,0.29,eastmoney,qfq
2017-09-07,510300,沪深300ETF华泰柏瑞,3.25,3.23,3.262,3.229,513055.0,200326578.0,1.02,-0.52,-0.017,0.19,eastmoney,qfq
2017-09-08,510300,沪深300ETF华泰柏瑞,3.232,3.226,3.246,3.21,586516.0,228110193.0,1.11,-0.12,-0.004,0.22,eastmoney,qfq
2017-09-11,510300,沪深300ETF华泰柏瑞,3.231,3.232,3.259,3.223,760060.0,295901104.0,1.12,0.19,0.006,0.28,eastmoney,qfq
2017-09-12,510300,沪深300ETF华泰柏瑞,3.242,3.242,3.255,3.226,623237.0,242811422.0,0.9,0.31,0.01,0.23,eastmoney,qfq
2017-09-13,510300,沪深300ETF华泰柏瑞,3.244,3.245,3.25,3.227,593112.0,231145734.0,0.71,0.09,0.003,0.22,eastmoney,qfq
2017-09-14,510300,沪深300ETF华泰柏瑞,3.243,3.232,3.257,3.223,625455.0,243709475.0,1.05,-0.4,-0.013,0.23,eastmoney,qfq
2017-09-15,510300,沪深300ETF华泰柏瑞,3.23,3.238,3.243,3.219,926836.0,360429120.0,0.74,0.19,0.006,0.34,eastmoney,qfq
2017-09-18,510300,沪深300ETF华泰柏瑞,3.235,3.253,3.272,3.232,1107038.0,433280768.0,1.24,0.46,0.015,0.41,eastmoney,qfq
2017-09-19,510300,沪深300ETF华泰柏瑞,3.254,3.228,3.257,3.214,887576.0,345678304.0,1.32,-0.77,-0.025,0.33,eastmoney,qfq
2017-09-20,510300,沪深300ETF华泰柏瑞,3.226,3.246,3.251,3.224,697777.0,271873424.0,0.84,0.56,0.018,0.26,eastmoney,qfq
2017-09-21,510300,沪深300ETF华泰柏瑞,3.246,3.247,3.258,3.233,1208403.0,471686528.0,0.77,0.03,0.001,0.45,eastmoney,qfq
2017-09-22,510300,沪深300ETF华泰柏瑞,3.232,3.236,3.241,3.218,747235.0,290348464.0,0.71,-0.34,-0.011,0.28,eastmoney,qfq
2017-09-25,510300,沪深300ETF华泰柏瑞,3.231,3.22,3.233,3.212,845460.0,327969280.0,0.65,-0.49,-0.016,0.31,eastmoney,qfq
2017-09-26,510300,沪深300ETF华泰柏瑞,3.215,3.222,3.224,3.213,605663.0,234783027.0,0.34,0.06,0.002,0.22,eastmoney,qfq
2017-09-27,510300,沪深300ETF华泰柏瑞,3.221,3.225,3.236,3.216,548812.0,213162344.0,0.62,0.09,0.003,0.2,eastmoney,qfq
2017-09-28,510300,沪深300ETF华泰柏瑞,3.225,3.231,3.235,3.215,496639.0,192874070.0,0.62,0.19,0.006,0.18,eastmoney,qfq
2017-09-29,510300,沪深300ETF华泰柏瑞,3.231,3.244,3.261,3.231,887626.0,346351776.0,0.93,0.4,0.013,0.33,eastmoney,qfq
2017-10-09,510300,沪深300ETF华泰柏瑞,3.314,3.285,3.327,3.283,1653137.0,655239552.0,1.36,1.26,0.041,0.61,eastmoney,qfq
2017-10-10,510300,沪深300ETF华泰柏瑞,3.282,3.29,3.299,3.262,1417638.0,558063648.0,1.13,0.15,0.005,0.52,eastmoney,qfq
2017-10-11,510300,沪深300ETF华泰柏瑞,3.29,3.305,3.311,3.283,1082136.0,428214368.0,0.85,0.46,0.015,0.4,eastmoney,qfq
2017-10-12,510300,沪深300ETF华泰柏瑞,3.304,3.322,3.323,3.298,1102176.0,437032176.0,0.76,0.51,0.017,0.41,eastmoney,qfq
2017-10-13,510300,沪深300ETF华泰柏瑞,3.313,3.33,3.331,3.313,548574.0,218430412.0,0.54,0.24,0.008,0.2,eastmoney,qfq
2017-10-16,510300,沪深300ETF华泰柏瑞,3.33,3.316,3.345,3.315,1052854.0,419997104.0,0.9,-0.42,-0.014,0.39,eastmoney,qfq
2017-10-17,510300,沪深300ETF华泰柏瑞,3.316,3.314,3.324,3.305,734483.0,291842256.0,0.57,-0.06,-0.002,0.27,eastmoney,qfq
2017-10-18,510300,沪深300ETF华泰柏瑞,3.313,3.338,3.343,3.313,955523.0,380778416.0,0.91,0.72,0.024,0.35,eastmoney,qfq
2017-10-19,510300,沪深300ETF华泰柏瑞,3.34,3.327,3.34,3.322,956389.0,381387920.0,0.54,-0.33,-0.011,0.35,eastmoney,qfq
2017-10-20,510300,沪深300ETF华泰柏瑞,3.324,3.325,3.329,3.315,516508.0,205545192.0,0.42,-0.06,-0.002,0.19,eastmoney,qfq
2017-10-23,510300,沪深300ETF华泰柏瑞,3.329,3.337,3.34,3.318,884069.0,352641376.0,0.66,0.36,0.012,0.33,eastmoney,qfq
2017-10-24,510300,沪深300ETF华泰柏瑞,3.328,3.363,3.364,3.326,939317.0,376229856.0,1.14,0.78,0.026,0.35,eastmoney,qfq
2017-10-25,510300,沪深300ETF华泰柏瑞,3.357,3.376,3.381,3.353,640828.0,258041081.0,0.83,0.39,0.013,0.24,eastmoney,qfq
2017-10-26,510300,沪深300ETF华泰柏瑞,3.377,3.405,3.419,3.369,1403180.0,569599040.0,1.48,0.86,0.029,0.52,eastmoney,qfq
2017-10-27,510300,沪深300ETF华泰柏瑞,3.4,3.425,3.426,3.398,699862.0,284877584.0,0.82,0.59,0.02,0.26,eastmoney,qfq
2017-10-30,510300,沪深300ETF华泰柏瑞,3.428,3.407,3.432,3.361,1557692.0,631582016.0,2.07,-0.53,-0.018,0.58,eastmoney,qfq
2017-10-31,510300,沪深300ETF华泰柏瑞,3.394,3.404,3.409,3.384,676836.0,274321232.0,0.73,-0.09,-0.003,0.25,eastmoney,qfq
2017-11-01,510300,沪深300ETF华泰柏瑞,3.403,3.39,3.43,3.386,1298294.0,528341296.0,1.29,-0.41,-0.014,0.48,eastmoney,qfq
2017-11-02,510300,沪深300ETF华泰柏瑞,3.39,3.397,3.398,3.373,982107.0,396901120.0,0.74,0.21,0.007,0.36,eastmoney,qfq
2017-11-03,510300,沪深300ETF华泰柏瑞,3.393,3.386,3.402,3.36,1125906.0,454646224.0,1.24,-0.32,-0.011,0.42,eastmoney,qfq
2017-11-06,510300,沪深300ETF华泰柏瑞,3.38,3.422,3.424,3.373,608521.0,246647548.0,1.51,1.06,0.036,0.22,eastmoney,qfq
2017-11-07,510300,沪深300ETF华泰柏瑞,3.421,3.462,3.472,3.419,1032092.0,423893328.0,1.55,1.17,0.04,0.38,eastmoney,qfq
2017-11-08,510300,沪深300ETF华泰柏瑞,3.458,3.453,3.497,3.445,994468.0,410490256.0,1.5,-0.26,-0.009,0.37,eastmoney,qfq
2017-11-09,510300,沪深300ETF华泰柏瑞,3.449,3.484,3.485,3.444,1217574.0,501131328.0,1.19,0.9,0.031,0.45,eastmoney,qfq
2017-11-10,510300,沪深300ETF华泰柏瑞,3.476,3.521,3.527,3.468,1260335.0,524278192.0,1.69,1.06,0.037,0.47,eastmoney,qfq
2017-11-13,510300,沪深300ETF华泰柏瑞,3.522,3.53,3.542,3.519,889665.0,372766000.0,0.65,0.26,0.009,0.33,eastmoney,qfq
2017-11-14,510300,沪深300ETF华泰柏瑞,3.532,3.498,3.535,3.494,1327241.0,552965536.0,1.16,-0.91,-0.032,0.49,eastmoney,qfq
2017-11-15,510300,沪深300ETF华泰柏瑞,3.491,3.468,3.501,3.461,2554123.0,1056078416.0,1.14,-0.86,-0.03,0.94,eastmoney,qfq
2017-11-16,510300,沪深300ETF华泰柏瑞,3.467,3.507,3.511,3.463,1933055.0,800920000.0,1.38,1.12,0.039,0.71,eastmoney,qfq
2017-11-17,510300,沪深300ETF华泰柏瑞,3.5,3.512,3.517,3.484,1888910.0,785716576.0,0.94,0.14,0.005,0.7,eastmoney,qfq
2017-11-20,510300,沪深300ETF华泰柏瑞,3.5,3.545,3.546,3.466,1403475.0,582537824.0,2.28,0.94,0.033,0.52,eastmoney,qfq
2017-11-21,510300,沪深300ETF华泰柏瑞,3.539,3.628,3.63,3.532,1728882.0,735785936.0,2.76,2.34,0.083,0.64,eastmoney,qfq
2017-11-22,510300,沪深300ETF华泰柏瑞,3.629,3.627,3.667,3.592,1549477.0,665099904.0,2.07,-0.03,-0.001,0.57,eastmoney,qfq
2017-11-23,510300,沪深300ETF华泰柏瑞,3.621,3.491,3.621,3.481,2992734.0,1263614864.0,3.86,-3.75,-0.136,1.11,eastmoney,qfq
2017-11-24,510300,沪深300ETF华泰柏瑞,3.481,3.495,3.514,3.458,2160150.0,895477104.0,1.6,0.11,0.004,0.8,eastmoney,qfq
2017-11-27,510300,沪深300ETF华泰柏瑞,3.482,3.428,3.489,3.425,2731052.0,1119758000.0,1.83,-1.92,-0.067,1.01,eastmoney,qfq
2017-11-28,510300,沪深300ETF华泰柏瑞,3.423,3.447,3.452,3.412,1048320.0,429268912.0,1.17,0.55,0.019,0.39,eastmoney,qfq
2017-11-29,510300,沪深300ETF华泰柏瑞,3.451,3.443,3.462,3.393,1191682.0,487608672.0,2.0,-0.12,-0.004,0.44,eastmoney,qfq
2017-11-30,510300,沪深300ETF华泰柏瑞,3.439,3.396,3.448,3.386,1176151.0,479533344.0,1.8,-1.37,-0.047,0.43,eastmoney,qfq
2017-12-01,510300,沪深300ETF华泰柏瑞,3.395,3.399,3.427,3.382,847133.0,343851088.0,1.33,0.09,0.003,0.31,eastmoney,qfq
2017-12-04,510300,沪深300ETF华泰柏瑞,3.395,3.416,3.433,3.378,778886.0,317184944.0,1.62,0.5,0.017,0.29,eastmoney,qfq
2017-12-05,510300,沪深300ETF华泰柏瑞,3.406,3.441,3.448,3.405,818565.0,335054288.0,1.26,0.73,0.025,0.3,eastmoney,qfq
2017-12-06,510300,沪深300ETF华泰柏瑞,3.432,3.41,3.432,3.368,908335.0,369190704.0,1.86,-0.9,-0.031,0.34,eastmoney,qfq
2017-12-07,510300,沪深300ETF华泰柏瑞,3.405,3.364,3.418,3.35,897479.0,362413808.0,1.99,-1.35,-0.046,0.33,eastmoney,qfq
2017-12-08,510300,沪深300ETF华泰柏瑞,3.364,3.403,3.414,3.359,941708.0,381443856.0,1.63,1.16,0.039,0.35,eastmoney,qfq
2017-12-11,510300,沪深300ETF华泰柏瑞,3.402,3.47,3.472,3.402,921278.0,377600256.0,2.06,1.97,0.067,0.34,eastmoney,qfq
2017-12-12,510300,沪深300ETF华泰柏瑞,3.466,3.405,3.466,3.403,1094855.0,448726512.0,1.82,-1.87,-0.065,0.4,eastmoney,qfq
2017-12-13,510300,沪深300ETF华泰柏瑞,3.405,3.434,3.443,3.398,1159791.0,472838976.0,1.32,0.85,0.029,0.43,eastmoney,qfq
2017-12-14,510300,沪深300ETF华泰柏瑞,3.435,3.421,3.446,3.405,1559102.0,636128736.0,1.19,-0.38,-0.013,0.58,eastmoney,qfq
2017-12-15,510300,沪深300ETF华泰柏瑞,3.41,3.367,3.412,3.363,925487.0,374175024.0,1.43,-1.58,-0.054,0.34,eastmoney,qfq
2017-12-18,510300,沪深300ETF华泰柏瑞,3.37,3.368,3.399,3.355,1028031.0,414628240.0,1.31,0.03,0.001,0.38,eastmoney,qfq
2017-12-19,510300,沪深300ETF华泰柏瑞,3.372,3.421,3.423,3.372,1052969.0,427717904.0,1.51,1.57,0.053,0.39,eastmoney,qfq
2017-12-20,510300,沪深300ETF华泰柏瑞,3.418,3.412,3.43,3.403,930047.0,378936960.0,0.79,-0.26,-0.009,0.34,eastmoney,qfq
2017-12-21,510300,沪深300ETF华泰柏瑞,3.404,3.462,3.476,3.402,2415533.0,993428000.0,2.17,1.47,0.05,0.89,eastmoney,qfq
2017-12-22,510300,沪深300ETF华泰柏瑞,3.46,3.443,3.465,3.439,1297649.0,533563760.0,0.75,-0.55,-0.019,0.48,eastmoney,qfq
2017-12-25,510300,沪深300ETF华泰柏瑞,3.446,3.424,3.478,3.414,1702341.0,698948640.0,1.86,-0.55,-0.019,0.63,eastmoney,qfq
2017-12-26,510300,沪深300ETF华泰柏瑞,3.427,3.436,3.446,3.407,2089952.0,854166368.0,1.14,0.35,0.012,0.77,eastmoney,qfq
2017-12-27,510300,沪深300ETF华泰柏瑞,3.437,3.368,3.44,3.364,2084859.0,845669696.0,2.21,-1.98,-0.068,0.77,eastmoney,qfq
2017-12-28,510300,沪深300ETF华泰柏瑞,3.373,3.405,3.42,3.363,1939510.0,786210864.0,1.69,1.1,0.037,0.72,eastmoney,qfq
2017-12-29,510300,沪深300ETF华泰柏瑞,3.408,3.418,3.425,3.396,1083159.0,440609296.0,0.85,0.38,0.013,0.4,eastmoney,qfq
2018-01-02,510300,沪深300ETF华泰柏瑞,3.428,3.478,3.48,3.426,1688766.0,695160736.0,1.58,1.76,0.06,0.62,eastmoney,qfq
2018-01-03,510300,沪深300ETF华泰柏瑞,3.478,3.5,3.528,3.474,1267933.0,527466336.0,1.55,0.63,0.022,0.47,eastmoney,qfq
2018-01-04,510300,沪深300ETF华泰柏瑞,3.5,3.513,3.522,3.492,922207.0,384082448.0,0.86,0.37,0.013,0.34,eastmoney,qfq
2018-01-05,510300,沪深300ETF华泰柏瑞,3.521,3.529,3.539,3.507,1271317.0,531271776.0,0.91,0.46,0.016,0.47,eastmoney,qfq
2018-01-08,510300,沪深300ETF华泰柏瑞,3.528,3.546,3.556,3.515,1056967.0,443371344.0,1.16,0.48,0.017,0.39,eastmoney,qfq
2018-01-09,510300,沪深300ETF华泰柏瑞,3.546,3.58,3.583,3.539,1079461.0,455234080.0,1.24,0.96,0.034,0.4,eastmoney,qfq
2018-01-10,510300,沪深300ETF华泰柏瑞,3.576,3.598,3.602,3.563,1449657.0,614504160.0,1.09,0.5,0.018,0.54,eastmoney,qfq
2018-01-11,510300,沪深300ETF华泰柏瑞,3.591,3.592,3.598,3.574,984751.0,417892592.0,0.67,-0.17,-0.006,0.36,eastmoney,qfq
2018-01-12,510300,沪深300ETF华泰柏瑞,3.592,3.615,3.619,3.587,1035749.0,441244224.0,0.89,0.64,0.023,0.38,eastmoney,qfq
2018-01-15,510300,沪深300ETF华泰柏瑞,3.615,3.607,3.652,3.603,1573647.0,674167936.0,1.36,-0.22,-0.008,0.58,eastmoney,qfq
2018-01-16,510300,沪深300ETF华泰柏瑞,3.607,3.65,3.653,3.602,1231840.0,528244304.0,1.41,1.19,0.043,0.45,eastmoney,qfq
2018-01-17,510300,沪深300ETF华泰柏瑞,3.651,3.637,3.669,3.623,1589397.0,684342128.0,1.26,-0.36,-0.013,0.59,eastmoney,qfq
2018-01-18,510300,沪深300ETF华泰柏瑞,3.643,3.665,3.678,3.64,1250863.0,540068096.0,1.04,0.77,0.028,0.46,eastmoney,qfq
2018-01-19,510300,沪深300ETF华泰柏瑞,3.667,3.677,3.707,3.664,2185065.0,948695888.0,1.17,0.33,0.012,0.81,eastmoney,qfq
2018-01-22,510300,沪深300ETF华泰柏瑞,3.664,3.732,3.735,3.664,1398734.0,609570928.0,1.93,1.5,0.055,0.52,eastmoney,qfq
2018-01-23,510300,沪深300ETF华泰柏瑞,3.741,3.776,3.777,3.738,1584663.0,692085168.0,1.05,1.18,0.044,0.59,eastmoney,qfq
2018-01-24,510300,沪深300ETF华泰柏瑞,3.776,3.779,3.788,3.744,1613457.0,707011904.0,1.17,0.08,0.003,0.6,eastmoney,qfq
2018-01-25,510300,沪深300ETF华泰柏瑞,3.776,3.751,3.778,3.729,1548720.0,675877088.0,1.3,-0.74,-0.028,0.57,eastmoney,qfq
2018-01-26,510300,沪深300ETF华泰柏瑞,3.738,3.773,3.802,3.733,984132.0,431465312.0,1.84,0.59,0.022,0.36,eastmoney,qfq
2018-01-29,510300,沪深300ETF华泰柏瑞,3.783,3.69,3.788,3.679,2140532.0,928592912.0,2.89,-2.2,-0.083,0.79,eastmoney,qfq
2018-01-30,510300,沪深300ETF华泰柏瑞,3.68,3.646,3.698,3.643,1616871.0,692033504.0,1.49,-1.19,-0.044,0.6,eastmoney,qfq
2018-01-31,510300,沪深300ETF华泰柏瑞,3.634,3.659,3.674,3.628,1667369.0,710282992.0,1.26,0.36,0.013,0.62,eastmoney,qfq
2018-02-01,510300,沪深300ETF华泰柏瑞,3.658,3.629,3.676,3.604,4390736.0,1861964688.0,1.97,-0.82,-0.03,1.62,eastmoney,qfq
2018-02-02,510300,沪深300ETF华泰柏瑞,3.598,3.655,3.661,3.576,2127961.0,900347632.0,2.34,0.72,0.026,0.79,eastmoney,qfq
2018-02-05,510300,沪深300ETF华泰柏瑞,3.617,3.651,3.656,3.598,2308395.0,979154064.0,1.59,-0.11,-0.004,0.85,eastmoney,qfq
2018-02-06,510300,沪深300ETF华泰柏瑞,3.588,3.531,3.601,3.524,3131731.0,1306561664.0,2.11,-3.29,-0.12,1.16,eastmoney,qfq
2018-02-07,510300,沪深300ETF华泰柏瑞,3.588,3.433,3.597,3.427,3395178.0,1400842656.0,4.81,-2.78,-0.098,1.25,eastmoney,qfq
2018-02-08,510300,沪深300ETF华泰柏瑞,3.428,3.4,3.46,3.369,3123486.0,1257459008.0,2.65,-0.96,-0.033,1.15,eastmoney,qfq
2018-02-09,510300,沪深300ETF华泰柏瑞,3.293,3.215,3.309,3.152,4168372.0,1597192112.0,4.62,-5.44,-0.185,1.54,eastmoney,qfq
2018-02-12,510300,沪深300ETF华泰柏瑞,3.224,3.27,3.293,3.212,1935589.0,749100608.0,2.52,1.71,0.055,0.71,eastmoney,qfq
2018-02-13,510300,沪深300ETF华泰柏瑞,3.305,3.317,3.369,3.305,1624625.0,641207456.0,1.96,1.44,0.047,0.6,eastmoney,qfq
2018-02-14,510300,沪深300ETF华泰柏瑞,3.329,3.352,3.359,3.315,930356.0,367327728.0,1.33,1.06,0.035,0.34,eastmoney,qfq
2018-02-22,510300,沪深300ETF华泰柏瑞,3.404,3.434,3.441,3.39,1890641.0,762189664.0,1.52,2.45,0.082,0.7,eastmoney,qfq
2018-02-23,510300,沪深300ETF华泰柏瑞,3.442,3.456,3.466,3.421,1576572.0,639724880.0,1.31,0.64,0.022,0.58,eastmoney,qfq
2018-02-26,510300,沪深300ETF华泰柏瑞,3.486,3.508,3.521,3.438,2027723.0,830732992.0,2.4,1.5,0.052,0.75,eastmoney,qfq
2018-02-27,510300,沪深300ETF华泰柏瑞,3.516,3.449,3.517,3.443,2118233.0,865489040.0,2.11,-1.68,-0.059,0.78,eastmoney,qfq
2018-02-28,510300,沪深300ETF华泰柏瑞,3.416,3.408,3.443,3.383,2392246.0,962934464.0,1.74,-1.19,-0.041,0.88,eastmoney,qfq
2018-03-01,510300,沪深300ETF华泰柏瑞,3.388,3.437,3.455,3.381,1186369.0,479103440.0,2.17,0.85,0.029,0.44,eastmoney,qfq
2018-03-02,510300,沪深300ETF华泰柏瑞,3.408,3.41,3.431,3.396,906147.0,364642464.0,1.02,-0.79,-0.027,0.33,eastmoney,qfq
2018-03-05,510300,沪深300ETF华泰柏瑞,3.413,3.401,3.437,3.378,960125.0,385767888.0,1.73,-0.26,-0.009,0.35,eastmoney,qfq
2018-03-06,510300,沪深300ETF华泰柏瑞,3.43,3.461,3.462,3.385,1335938.0,539875120.0,2.26,1.76,0.06,0.49,eastmoney,qfq
2018-03-07,510300,沪深300ETF华泰柏瑞,3.458,3.428,3.481,3.419,1397285.0,568031952.0,1.79,-0.95,-0.033,0.52,eastmoney,qfq
2018-03-08,510300,沪深300ETF华泰柏瑞,3.43,3.469,3.471,3.419,932075.0,378638992.0,1.52,1.2,0.041,0.34,eastmoney,qfq
2018-03-09,510300,沪深300ETF华泰柏瑞,3.476,3.499,3.505,3.462,1116871.0,457659728.0,1.24,0.86,0.03,0.41,eastmoney,qfq
2018-03-12,510300,沪深300ETF华泰柏瑞,3.519,3.511,3.536,3.505,2949892.0,1217400448.0,0.89,0.34,0.012,1.09,eastmoney,qfq
2018-03-13,510300,沪深300ETF华泰柏瑞,3.508,3.467,3.515,3.465,1435128.0,588518512.0,1.42,-1.25,-0.044,0.53,eastmoney,qfq
2018-03-14,510300,沪深300ETF华泰柏瑞,3.458,3.453,3.473,3.449,1209034.0,492145664.0,0.69,-0.4,-0.014,0.45,eastmoney,qfq
2018-03-15,510300,沪深300ETF华泰柏瑞,3.448,3.483,3.486,3.44,1000794.0,408458352.0,1.33,0.87,0.03,0.37,eastmoney,qfq
2018-03-16,510300,沪深300ETF华泰柏瑞,3.478,3.438,3.493,3.437,883233.0,360428560.0,1.61,-1.29,-0.045,0.33,eastmoney,qfq
2018-03-19,510300,沪深300ETF华泰柏瑞,3.437,3.46,3.463,3.417,809020.0,328421744.0,1.34,0.64,0.022,0.3,eastmoney,qfq
2018-03-20,510300,沪深300ETF华泰柏瑞,3.447,3.458,3.47,3.422,754936.0,306450960.0,1.39,-0.06,-0.002,0.28,eastmoney,qfq
2018-03-21,510300,沪深300ETF华泰柏瑞,3.474,3.437,3.502,3.428,1291003.0,527036032.0,2.14,-0.61,-0.021,0.48,eastmoney,qfq
2018-03-22,510300,沪深300ETF华泰柏瑞,3.444,3.401,3.457,3.391,984440.0,396821616.0,1.92,-1.05,-0.036,0.36,eastmoney,qfq
2018-03-23,510300,沪深300ETF华泰柏瑞,3.288,3.282,3.311,3.213,2789761.0,1086361136.0,2.88,-3.5,-0.119,1.03,eastmoney,qfq
2018-03-26,510300,沪深300ETF华泰柏瑞,3.251,3.264,3.274,3.215,2339576.0,902528336.0,1.8,-0.55,-0.018,0.86,eastmoney,qfq
2018-03-27,510300,沪深300ETF华泰柏瑞,3.309,3.299,3.318,3.273,1437934.0,562269232.0,1.38,1.07,0.035,0.53,eastmoney,qfq
2018-03-28,510300,沪深300ETF华泰柏瑞,3.262,3.22,3.292,3.217,1350991.0,521665680.0,2.27,-2.39,-0.079,0.5,eastmoney,qfq
2018-03-29,510300,沪深300ETF华泰柏瑞,3.235,3.29,3.307,3.181,1934540.0,746819664.0,3.91,2.17,0.07,0.71,eastmoney,qfq
2018-03-30,510300,沪深300ETF华泰柏瑞,3.291,3.284,3.303,3.266,923031.0,359636704.0,1.12,-0.18,-0.006,0.34,eastmoney,qfq
2018-04-02,510300,沪深300ETF华泰柏瑞,3.285,3.271,3.324,3.268,1775060.0,693287264.0,1.71,-0.4,-0.013,0.66,eastmoney,qfq
2018-04-03,510300,沪深300ETF华泰柏瑞,3.247,3.246,3.266,3.225,1409853.0,543351696.0,1.25,-0.76,-0.025,0.52,eastmoney,qfq
2018-04-04,510300,沪深300ETF华泰柏瑞,3.255,3.236,3.284,3.231,1028784.0,398759728.0,1.63,-0.31,-0.01,0.38,eastmoney,qfq
2018-04-09,510300,沪深300ETF华泰柏瑞,3.24,3.241,3.263,3.216,1191991.0,459331568.0,1.45,0.15,0.005,0.44,eastmoney,qfq
2018-04-10,510300,沪深300ETF华泰柏瑞,3.245,3.316,3.317,3.241,1590734.0,618424480.0,2.34,2.31,0.075,0.59,eastmoney,qfq
2018-04-11,510300,沪深300ETF华泰柏瑞,3.326,3.321,3.345,3.314,1364955.0,537937552.0,0.93,0.15,0.005,0.5,eastmoney,qfq
2018-04-12,510300,沪深300ETF华泰柏瑞,3.32,3.28,3.326,3.279,967303.0,378606240.0,1.42,-1.23,-0.041,0.36,eastmoney,qfq
2018-04-13,510300,沪深300ETF华泰柏瑞,3.303,3.253,3.315,3.246,1212468.0,470493232.0,2.1,-0.82,-0.027,0.45,eastmoney,qfq
2018-04-16,510300,沪深300ETF华泰柏瑞,3.246,3.192,3.258,3.179,1141596.0,436296432.0,2.43,-1.88,-0.061,0.42,eastmoney,qfq
2018-04-17,510300,沪深300ETF华泰柏瑞,3.203,3.136,3.208,3.133,1382998.0,523630368.0,2.35,-1.75,-0.056,0.51,eastmoney,qfq
2018-04-18,510300,沪深300ETF华泰柏瑞,3.169,3.144,3.183,3.098,2125677.0,796578448.0,2.71,0.26,0.008,0.78,eastmoney,qfq
2018-04-19,510300,沪深300ETF华泰柏瑞,3.153,3.197,3.207,3.152,1714952.0,651728800.0,1.75,1.69,0.053,0.63,eastmoney,qfq
2018-04-20,510300,沪深300ETF华泰柏瑞,3.185,3.138,3.198,3.131,1631786.0,615887360.0,2.1,-1.85,-0.059,0.6,eastmoney,qfq
2018-04-23,510300,沪深300ETF华泰柏瑞,3.131,3.154,3.177,3.119,1064100.0,399919040.0,1.85,0.51,0.016,0.39,eastmoney,qfq
2018-04-24,510300,沪深300ETF华泰柏瑞,3.162,3.233,3.243,3.162,1794867.0,687344864.0,2.57,2.5,0.079,0.66,eastmoney,qfq
2018-04-25,510300,沪深300ETF华泰柏瑞,3.217,3.21,3.225,3.201,1072139.0,410074480.0,0.74,-0.71,-0.023,0.4,eastmoney,qfq
2018-04-26,510300,沪深300ETF华泰柏瑞,3.215,3.134,3.222,3.128,1279569.0,482929632.0,2.93,-2.37,-0.076,0.47,eastmoney,qfq
2018-04-27,510300,沪深300ETF华泰柏瑞,3.154,3.142,3.157,3.1,1178762.0,441623024.0,1.82,0.26,0.008,0.44,eastmoney,qfq
2018-05-02,510300,沪深300ETF华泰柏瑞,3.158,3.154,3.177,3.129,1130980.0,425241648.0,1.53,0.38,0.012,0.42,eastmoney,qfq
2018-05-03,510300,沪深300ETF华泰柏瑞,3.144,3.176,3.19,3.119,1500874.0,565842656.0,2.25,0.7,0.022,0.55,eastmoney,qfq
2018-05-04,510300,沪深300ETF华泰柏瑞,3.174,3.158,3.187,3.152,1112294.0,420677776.0,1.1,-0.57,-0.018,0.41,eastmoney,qfq
2018-05-07,510300,沪深300ETF华泰柏瑞,3.164,3.219,3.223,3.158,1519753.0,579308592.0,2.06,1.93,0.061,0.56,eastmoney,qfq
2018-05-08,510300,沪深300ETF华泰柏瑞,3.223,3.269,3.279,3.218,1882644.0,728175008.0,1.89,1.55,0.05,0.7,eastmoney,qfq
2018-05-09,510300,沪深300ETF华泰柏瑞,3.268,3.258,3.269,3.241,872673.0,337422352.0,0.86,-0.34,-0.011,0.32,eastmoney,qfq
2018-05-10,510300,沪深300ETF华泰柏瑞,3.269,3.284,3.286,3.25,994891.0,386259696.0,1.1,0.8,0.026,0.37,eastmoney,qfq
2018-05-11,510300,沪深300ETF华泰柏瑞,3.291,3.261,3.298,3.257,850968.0,330549504.0,1.25,-0.7,-0.023,0.31,eastmoney,qfq
2018-05-14,510300,沪深300ETF华泰柏瑞,3.269,3.295,3.304,3.269,1809287.0,706411152.0,1.07,1.04,0.034,0.67,eastmoney,qfq
2018-05-15,510300,沪深300ETF华泰柏瑞,3.303,3.31,3.31,3.272,1444888.0,563948816.0,1.15,0.46,0.015,0.53,eastmoney,qfq
2018-05-16,510300,沪深300ETF华泰柏瑞,3.296,3.278,3.305,3.27,878035.0,342418768.0,1.06,-0.97,-0.032,0.32,eastmoney,qfq
2018-05-17,510300,沪深300ETF华泰柏瑞,3.28,3.245,3.285,3.244,835910.0,323714464.0,1.25,-1.01,-0.033,0.31,eastmoney,qfq
2018-05-18,510300,沪深300ETF华泰柏瑞,3.25,3.287,3.292,3.232,1916792.0,742237808.0,1.85,1.29,0.042,0.71,eastmoney,qfq
2018-05-21,510300,沪深300ETF华泰柏瑞,3.313,3.306,3.33,3.294,1582574.0,620802688.0,1.1,0.58,0.019,0.58,eastmoney,qfq
2018-05-22,510300,沪深300ETF华泰柏瑞,3.306,3.29,3.306,3.266,846888.0,330057424.0,1.21,-0.48,-0.016,0.31,eastmoney,qfq
2018-05-23,510300,沪深300ETF华泰柏瑞,3.28,3.239,3.281,3.238,1100045.0,425876944.0,1.31,-1.55,-0.051,0.41,eastmoney,qfq
2018-05-24,510300,沪深300ETF华泰柏瑞,3.238,3.208,3.248,3.204,1216400.0,466989760.0,1.36,-0.96,-0.031,0.45,eastmoney,qfq
2018-05-25,510300,沪深300ETF华泰柏瑞,3.207,3.199,3.227,3.189,1031684.0,394358880.0,1.18,-0.28,-0.009,0.38,eastmoney,qfq
2018-05-28,510300,沪深300ETF华泰柏瑞,3.207,3.223,3.238,3.189,916134.0,350526736.0,1.53,0.75,0.024,0.34,eastmoney,qfq
2018-05-29,510300,沪深300ETF华泰柏瑞,3.218,3.187,3.228,3.185,1263856.0,482554992.0,1.33,-1.12,-0.036,0.47,eastmoney,qfq
2018-05-30,510300,沪深300ETF华泰柏瑞,3.15,3.115,3.155,3.114,1440323.0,539595344.0,1.29,-2.26,-0.072,0.53,eastmoney,qfq
2018-05-31,510300,沪深300ETF华泰柏瑞,3.136,3.191,3.194,3.13,1701936.0,641624944.0,2.05,2.44,0.076,0.63,eastmoney,qfq
2018-06-01,510300,沪深300ETF华泰柏瑞,3.174,3.165,3.187,3.148,1210255.0,457363168.0,1.22,-0.81,-0.026,0.45,eastmoney,qfq
2018-06-04,510300,沪深300ETF华泰柏瑞,3.185,3.202,3.206,3.172,1260797.0,479680896.0,1.07,1.17,0.037,0.47,eastmoney,qfq
2018-06-05,510300,沪深300ETF华泰柏瑞,3.198,3.234,3.238,3.191,1048860.0,401237872.0,1.47,1.0,0.032,0.39,eastmoney,qfq
2018-06-06,510300,沪深300ETF华泰柏瑞,3.229,3.227,3.237,3.219,835028.0,320637984.0,0.56,-0.22,-0.007,0.31,eastmoney,qfq
2018-06-07,510300,沪深300ETF华泰柏瑞,3.241,3.226,3.257,3.219,1098143.0,422900704.0,1.18,-0.03,-0.001,0.41,eastmoney,qfq
2018-06-08,510300,沪深300ETF华泰柏瑞,3.218,3.175,3.218,3.156,1353333.0,513530048.0,1.92,-1.58,-0.051,0.5,eastmoney,qfq
2018-06-11,510300,沪深300ETF华泰柏瑞,3.159,3.185,3.193,3.158,768349.0,291013488.0,1.1,0.31,0.01,0.28,eastmoney,qfq
2018-06-12,510300,沪深300ETF华泰柏瑞,3.186,3.223,3.236,3.167,1221684.0,467011536.0,2.17,1.19,0.038,0.45,eastmoney,qfq
2018-06-13,510300,沪深300ETF华泰柏瑞,3.21,3.184,3.215,3.178,1148817.0,437627120.0,1.15,-1.21,-0.039,0.42,eastmoney,qfq
2018-06-14,510300,沪深300ETF华泰柏瑞,3.173,3.174,3.209,3.164,1372526.0,520482496.0,1.41,-0.31,-0.01,0.51,eastmoney,qfq
2018-06-15,510300,沪深300ETF华泰柏瑞,3.168,3.168,3.19,3.148,1303403.0,492809280.0,1.32,-0.19,-0.006,0.48,eastmoney,qfq
2018-06-19,510300,沪深300ETF华泰柏瑞,3.143,3.038,3.143,2.999,3515761.0,1292738880.0,4.55,-4.1,-0.13,1.3,eastmoney,qfq
2018-06-20,510300,沪深300ETF华泰柏瑞,3.025,3.038,3.055,2.993,2490303.0,904915504.0,2.04,0.0,0.0,0.92,eastmoney,qfq
2018-06-21,510300,沪深300ETF华泰柏瑞,3.04,3.008,3.084,3.002,3337200.0,1221213664.0,2.7,-0.99,-0.03,1.23,eastmoney,qfq
2018-06-22,510300,沪深300ETF华泰柏瑞,2.998,3.024,3.025,2.96,1542610.0,556599136.0,2.16,0.53,0.016,0.57,eastmoney,qfq
2018-06-25,510300,沪深300ETF华泰柏瑞,3.036,2.973,3.042,2.972,1154245.0,417813392.0,2.31,-1.69,-0.051,0.43,eastmoney,qfq
2018-06-26,510300,沪深300ETF华泰柏瑞,2.939,2.938,2.959,2.895,2023402.0,716286624.0,2.15,-1.18,-0.035,0.75,eastmoney,qfq
2018-06-27,510300,沪深300ETF华泰柏瑞,2.941,2.854,2.948,2.845,2008945.0,702852608.0,3.51,-2.86,-0.084,0.74,eastmoney,qfq
2018-06-28,510300,沪深300ETF华泰柏瑞,2.838,2.834,2.887,2.828,1625310.0,564116640.0,2.07,-0.7,-0.02,0.6,eastmoney,qfq
2018-06-29,510300,沪深300ETF华泰柏瑞,2.837,2.925,2.931,2.837,1706050.0,597021728.0,3.32,3.21,0.091,0.63,eastmoney,qfq
2018-07-02,510300,沪深300ETF华泰柏瑞,2.919,2.831,2.923,2.793,2121981.0,735873216.0,4.44,-3.21,-0.094,0.78,eastmoney,qfq
2018-07-03,510300,沪深300ETF华泰柏瑞,2.83,2.818,2.841,2.737,3615524.0,1233354160.0,3.67,-0.46,-0.013,1.34,eastmoney,qfq
2018-07-04,510300,沪深300ETF华泰柏瑞,2.811,2.782,2.828,2.777,1268909.0,433275632.0,1.81,-1.28,-0.036,0.47,eastmoney,qfq
2018-07-05,510300,沪深300ETF华泰柏瑞,2.783,2.754,2.815,2.748,1726212.0,584959040.0,2.41,-1.01,-0.028,0.64,eastmoney,qfq
2018-07-06,510300,沪深300ETF华泰柏瑞,2.76,2.783,2.819,2.718,2354378.0,795708992.0,3.67,1.05,0.029,0.87,eastmoney,qfq
2018-07-09,510300,沪深300ETF华泰柏瑞,2.798,2.882,2.885,2.798,2299572.0,795175056.0,3.13,3.56,0.099,0.85,eastmoney,qfq
2018-07-10,510300,沪深300ETF华泰柏瑞,2.888,2.891,2.895,2.857,1457345.0,508628688.0,1.32,0.31,0.009,0.54,eastmoney,qfq
2018-07-11,510300,沪深300ETF华泰柏瑞,2.828,2.833,2.848,2.787,1954318.0,670565344.0,2.11,-2.01,-0.058,0.72,eastmoney,qfq
2018-07-12,510300,沪深300ETF华泰柏瑞,2.831,2.916,2.934,2.829,2089340.0,731987744.0,3.71,2.93,0.083,0.77,eastmoney,qfq
2018-07-13,510300,沪深300ETF华泰柏瑞,2.917,2.922,2.931,2.905,1327476.0,468721616.0,0.89,0.21,0.006,0.49,eastmoney,qfq
2018-07-16,510300,沪深300ETF华泰柏瑞,2.919,2.907,2.947,2.894,1265179.0,445644464.0,1.81,-0.51,-0.015,0.47,eastmoney,qfq
2018-07-17,510300,沪深300ETF华泰柏瑞,2.903,2.885,2.907,2.858,1215374.0,424438864.0,1.69,-0.76,-0.022,0.45,eastmoney,qfq
2018-07-18,510300,沪深300ETF华泰柏瑞,2.89,2.869,2.923,2.868,1276137.0,447725440.0,1.91,-0.55,-0.016,0.47,eastmoney,qfq
2018-07-19,510300,沪深300ETF华泰柏瑞,2.887,2.871,2.91,2.856,1419531.0,496040528.0,1.88,0.07,0.002,0.52,eastmoney,qfq
2018-07-20,510300,沪深300ETF华泰柏瑞,2.869,2.938,2.953,2.842,1934022.0,678380240.0,3.87,2.33,0.067,0.71,eastmoney,qfq
2018-07-23,510300,沪深300ETF华泰柏瑞,2.918,2.961,2.97,2.908,1737761.0,617794896.0,2.11,0.78,0.023,0.64,eastmoney,qfq
2018-07-24,510300,沪深300ETF华泰柏瑞,2.969,3.027,3.045,2.969,2602805.0,946219424.0,2.57,2.23,0.066,0.96,eastmoney,qfq
2018-07-25,510300,沪深300ETF华泰柏瑞,3.028,3.026,3.033,3.009,2022573.0,734740080.0,0.79,-0.03,-0.001,0.75,eastmoney,qfq
2018-07-26,510300,沪深300ETF华泰柏瑞,3.023,2.979,3.037,2.97,1554862.0,560786016.0,2.21,-1.55,-0.047,0.57,eastmoney,qfq
2018-07-27,510300,沪深300ETF华泰柏瑞,2.974,2.97,2.992,2.958,876625.0,314271008.0,1.14,-0.3,-0.009,0.32,eastmoney,qfq
2018-07-30,510300,沪深300ETF华泰柏瑞,2.969,2.95,2.995,2.932,1599820.0,571061216.0,2.12,-0.67,-0.02,0.59,eastmoney,qfq
2018-07-31,510300,沪深300ETF华泰柏瑞,2.945,2.963,2.982,2.941,1057737.0,377612128.0,1.39,0.44,0.013,0.39,eastmoney,qfq
2018-08-01,510300,沪深300ETF华泰柏瑞,2.983,2.883,2.997,2.882,2696108.0,955861968.0,3.88,-2.7,-0.08,1.0,eastmoney,qfq
2018-08-02,510300,沪深300ETF华泰柏瑞,2.872,2.805,2.875,2.766,2706062.0,928219552.0,3.78,-2.71,-0.078,1.0,eastmoney,qfq
2018-08-03,510300,沪深300ETF华泰柏瑞,2.804,2.757,2.818,2.756,1675736.0,570042880.0,2.21,-1.71,-0.048,0.62,eastmoney,qfq
2018-08-06,510300,沪深300ETF华泰柏瑞,2.757,2.722,2.788,2.701,2222050.0,745138912.0,3.16,-1.27,-0.035,0.82,eastmoney,qfq
2018-08-07,510300,沪深300ETF华泰柏瑞,2.728,2.815,2.817,2.711,2250981.0,760035072.0,3.89,3.42,0.093,0.83,eastmoney,qfq
2018-08-08,510300,沪深300ETF华泰柏瑞,2.809,2.765,2.81,2.751,1975637.0,671015984.0,2.1,-1.78,-0.05,0.73,eastmoney,qfq
2018-08-09,510300,沪深300ETF华泰柏瑞,2.763,2.846,2.857,2.751,2292220.0,786909760.0,3.83,2.93,0.081,0.85,eastmoney,qfq
2018-08-10,510300,沪深300ETF华泰柏瑞,2.841,2.852,2.87,2.824,1376744.0,476328432.0,1.62,0.21,0.006,0.51,eastmoney,qfq
2018-08-13,510300,沪深300ETF华泰柏瑞,2.818,2.837,2.846,2.78,1707540.0,585048480.0,2.31,-0.53,-0.015,0.63,eastmoney,qfq
2018-08-14,510300,沪深300ETF华泰柏瑞,2.834,2.822,2.839,2.8,971811.0,333235952.0,1.37,-0.53,-0.015,0.36,eastmoney,qfq
2018-08-15,510300,沪深300ETF华泰柏瑞,2.82,2.74,2.822,2.733,1514897.0,511733360.0,3.15,-2.91,-0.082,0.56,eastmoney,qfq
2018-08-16,510300,沪深300ETF华泰柏瑞,2.718,2.726,2.765,2.68,2077490.0,693606304.0,3.1,-0.51,-0.014,0.77,eastmoney,qfq
2018-08-17,510300,沪深300ETF华泰柏瑞,2.75,2.675,2.754,2.666,1801104.0,599148752.0,3.23,-1.87,-0.051,0.67,eastmoney,qfq
2018-08-20,510300,沪深300ETF华泰柏瑞,2.683,2.71,2.713,2.658,2046795.0,675291680.0,2.06,1.31,0.035,0.76,eastmoney,qfq
2018-08-21,510300,沪深300ETF华泰柏瑞,2.709,2.767,2.784,2.709,2322492.0,782217696.0,2.77,2.1,0.057,0.86,eastmoney,qfq
2018-08-22,510300,沪深300ETF华泰柏瑞,2.773,2.761,2.773,2.744,1165533.0,392672640.0,1.05,-0.22,-0.006,0.43,eastmoney,qfq
2018-08-23,510300,沪深300ETF华泰柏瑞,2.763,2.771,2.791,2.733,2450655.0,828514160.0,2.1,0.36,0.01,0.9,eastmoney,qfq
2018-08-24,510300,沪深300ETF华泰柏瑞,2.765,2.776,2.804,2.737,2031331.0,686112192.0,2.42,0.18,0.005,0.75,eastmoney,qfq
2018-08-27,510300,沪深300ETF华泰柏瑞,2.783,2.861,2.862,2.783,2241291.0,771738592.0,2.85,3.06,0.085,0.83,eastmoney,qfq
2018-08-28,510300,沪深300ETF华泰柏瑞,2.862,2.851,2.872,2.841,1432063.0,496834080.0,1.08,-0.35,-0.01,0.53,eastmoney,qfq
2018-08-29,510300,沪深300ETF华泰柏瑞,2.847,2.838,2.851,2.829,1323573.0,456314432.0,0.77,-0.46,-0.013,0.49,eastmoney,qfq
2018-08-30,510300,沪深300ETF华泰柏瑞,2.838,2.804,2.856,2.798,1629237.0,559016736.0,2.04,-1.2,-0.034,0.6,eastmoney,qfq
2018-08-31,510300,沪深300ETF华泰柏瑞,2.79,2.778,2.812,2.76,1491241.0,506223120.0,1.85,-0.93,-0.026,0.55,eastmoney,qfq
2018-09-03,510300,沪深300ETF华泰柏瑞,2.774,2.771,2.783,2.739,1405628.0,474050720.0,1.58,-0.25,-0.007,0.52,eastmoney,qfq
2018-09-04,510300,沪深300ETF华泰柏瑞,2.77,2.811,2.826,2.758,1749978.0,596721024.0,2.45,1.44,0.04,0.65,eastmoney,qfq
2018-09-05,510300,沪深300ETF华泰柏瑞,2.798,2.741,2.804,2.74,1952640.0,661947232.0,2.28,-2.49,-0.07,0.72,eastmoney,qfq
2018-09-06,510300,沪深300ETF华泰柏瑞,2.739,2.712,2.766,2.702,2133340.0,713999168.0,2.33,-1.06,-0.029,0.79,eastmoney,qfq
2018-09-07,510300,沪深300ETF华泰柏瑞,2.722,2.734,2.772,2.701,1850578.0,620163728.0,2.62,0.81,0.022,0.68,eastmoney,qfq
2018-09-10,510300,沪深300ETF华泰柏瑞,2.721,2.686,2.731,2.682,1603306.0,530067968.0,1.79,-1.76,-0.048,0.59,eastmoney,qfq
2018-09-11,510300,沪深300ETF华泰柏瑞,2.687,2.674,2.702,2.662,2253782.0,741946464.0,1.49,-0.45,-0.012,0.83,eastmoney,qfq
2018-09-12,510300,沪深300ETF华泰柏瑞,2.673,2.651,2.679,2.647,2061822.0,675164144.0,1.2,-0.86,-0.023,0.76,eastmoney,qfq
2018-09-13,510300,沪深300ETF华泰柏瑞,2.684,2.686,2.703,2.645,2597714.0,853411392.0,2.19,1.32,0.035,0.96,eastmoney,qfq
2018-09-14,510300,沪深300ETF华泰柏瑞,2.69,2.691,2.703,2.676,1756240.0,579892800.0,1.01,0.19,0.005,0.65,eastmoney,qfq
2018-09-17,510300,沪深300ETF华泰柏瑞,2.673,2.66,2.679,2.652,1156508.0,378852960.0,1.0,-1.15,-0.031,0.43,eastmoney,qfq
2018-09-18,510300,沪深300ETF华泰柏瑞,2.649,2.723,2.727,2.648,2367468.0,781592576.0,2.97,2.37,0.063,0.87,eastmoney,qfq
2018-09-19,510300,沪深300ETF华泰柏瑞,2.718,2.768,2.795,2.711,4463292.0,1506129696.0,3.08,1.65,0.045,1.65,eastmoney,qfq
2018-09-20,510300,沪深300ETF华泰柏瑞,2.768,2.766,2.801,2.759,2440904.0,825539584.0,1.52,-0.07,-0.002,0.9,eastmoney,qfq
2018-09-21,510300,沪深300ETF华泰柏瑞,2.776,2.872,2.874,2.765,4773660.0,1638859072.0,3.94,3.83,0.106,1.76,eastmoney,qfq
2018-09-25,510300,沪深300ETF华泰柏瑞,2.835,2.837,2.846,2.818,2089806.0,720037968.0,0.97,-1.22,-0.035,0.77,eastmoney,qfq
2018-09-26,510300,沪深300ETF华泰柏瑞,2.838,2.875,2.904,2.836,3015784.0,1051659664.0,2.4,1.34,0.038,1.11,eastmoney,qfq
2018-09-27,510300,沪深300ETF华泰柏瑞,2.863,2.86,2.875,2.848,2312029.0,802583648.0,0.94,-0.52,-0.015,0.85,eastmoney,qfq
2018-09-28,510300,沪深300ETF华泰柏瑞,2.865,2.896,2.9,2.861,3022668.0,1056783600.0,1.36,1.26,0.036,1.12,eastmoney,qfq
2018-10-08,510300,沪深300ETF华泰柏瑞,2.819,2.729,2.822,2.728,4299048.0,1455777088.0,3.25,-5.77,-0.167,1.59,eastmoney,qfq
2018-10-09,510300,沪深300ETF华泰柏瑞,2.736,2.736,2.759,2.724,1965700.0,659150608.0,1.28,0.26,0.007,0.73,eastmoney,qfq
2018-10-10,510300,沪深300ETF华泰柏瑞,2.739,2.734,2.766,2.702,2636641.0,882335120.0,2.34,-0.07,-0.002,0.97,eastmoney,qfq
2018-10-11,510300,沪深300ETF华泰柏瑞,2.638,2.562,2.66,2.538,6675568.0,2150656832.0,4.46,-6.29,-0.172,2.46,eastmoney,qfq
2018-10-12,510300,沪深300ETF华泰柏瑞,2.566,2.621,2.637,2.549,5007325.0,1602829888.0,3.43,2.3,0.059,1.85,eastmoney,qfq
2018-10-15,510300,沪深300ETF华泰柏瑞,2.627,2.574,2.63,2.571,2926292.0,939523904.0,2.25,-1.79,-0.047,1.08,eastmoney,qfq
2018-10-16,510300,沪深300ETF华泰柏瑞,2.578,2.553,2.616,2.541,4938840.0,1573220160.0,2.91,-0.82,-0.021,1.82,eastmoney,qfq
2018-10-17,510300,沪深300ETF华泰柏瑞,2.593,2.564,2.603,2.513,6437365.0,2044127840.0,3.53,0.43,0.011,2.38,eastmoney,qfq
2018-10-18,510300,沪深300ETF华泰柏瑞,2.543,2.494,2.553,2.493,5932914.0,1856470336.0,2.34,-2.73,-0.07,2.19,eastmoney,qfq
2018-10-19,510300,沪深300ETF华泰柏瑞,2.478,2.573,2.588,2.461,6731053.0,2107742160.0,5.09,3.17,0.079,2.49,eastmoney,qfq
2018-10-22,510300,沪深300ETF华泰柏瑞,2.638,2.741,2.758,2.588,9341864.0,3089534704.0,6.61,6.53,0.168,3.45,eastmoney,qfq
2018-10-23,510300,沪深300ETF华泰柏瑞,2.738,2.628,2.74,2.61,8599760.0,2826511888.0,4.74,-4.12,-0.113,3.18,eastmoney,qfq
2018-10-24,510300,沪深300ETF华泰柏瑞,2.624,2.633,2.697,2.617,5306690.0,1729656784.0,3.04,0.19,0.005,1.96,eastmoney,qfq
2018-10-25,510300,沪深300ETF华泰柏瑞,2.558,2.649,2.654,2.549,5283846.0,1694329472.0,3.99,0.61,0.016,1.95,eastmoney,qfq
2018-10-26,510300,沪深300ETF华泰柏瑞,2.656,2.616,2.673,2.591,4499658.0,1458792288.0,3.1,-1.25,-0.033,1.66,eastmoney,qfq
2018-10-29,510300,沪深300ETF华泰柏瑞,2.607,2.519,2.614,2.498,4083249.0,1289984528.0,4.43,-3.71,-0.097,1.51,eastmoney,qfq
2018-10-30,510300,沪深300ETF华泰柏瑞,2.509,2.556,2.59,2.496,5465880.0,1725356928.0,3.73,1.47,0.037,2.02,eastmoney,qfq
2018-10-31,510300,沪深300ETF华泰柏瑞,2.563,2.593,2.621,2.552,3798124.0,1215577184.0,2.7,1.45,0.037,1.4,eastmoney,qfq
2018-11-01,510300,沪深300ETF华泰柏瑞,2.629,2.616,2.668,2.61,5178410.0,1684628656.0,2.24,0.89,0.023,1.91,eastmoney,qfq
2018-11-02,510300,沪深300ETF华泰柏瑞,2.738,2.751,2.766,2.671,8571833.0,2850227376.0,3.63,5.16,0.135,3.17,eastmoney,qfq
2018-11-05,510300,沪深300ETF华泰柏瑞,2.728,2.708,2.732,2.674,4511809.0,1498256832.0,2.11,-1.56,-0.043,1.67,eastmoney,qfq
2018-11-06,510300,沪深300ETF华泰柏瑞,2.696,2.687,2.703,2.655,3370718.0,1109603472.0,1.77,-0.78,-0.021,1.24,eastmoney,qfq
2018-11-07,510300,沪深300ETF华泰柏瑞,2.69,2.66,2.724,2.657,3920487.0,1293442432.0,2.49,-1.0,-0.027,1.45,eastmoney,qfq
2018-11-08,510300,沪深300ETF华泰柏瑞,2.692,2.657,2.7,2.653,3121866.0,1026631712.0,1.77,-0.11,-0.003,1.15,eastmoney,qfq
2018-11-09,510300,沪深300ETF华泰柏瑞,2.639,2.616,2.641,2.614,3006413.0,974269056.0,1.02,-1.54,-0.041,1.11,eastmoney,qfq
2018-11-12,510300,沪深300ETF华泰柏瑞,2.608,2.652,2.657,2.603,3474719.0,1126558736.0,2.06,1.38,0.036,1.28,eastmoney,qfq
2018-11-13,510300,沪深300ETF华泰柏瑞,2.616,2.686,2.705,2.611,4499382.0,1469919904.0,3.54,1.28,0.034,1.66,eastmoney,qfq
2018-11-14,510300,沪深300ETF华泰柏瑞,2.676,2.646,2.685,2.638,3412692.0,1117143888.0,1.75,-1.49,-0.04,1.26,eastmoney,qfq
2018-11-15,510300,沪深300ETF华泰柏瑞,2.646,2.689,2.69,2.643,3344246.0,1098160736.0,1.78,1.63,0.043,1.23,eastmoney,qfq
2018-11-16,510300,沪深300ETF华泰柏瑞,2.694,2.699,2.732,2.666,4153067.0,1376601904.0,2.45,0.37,0.01,1.53,eastmoney,qfq
2018-11-19,510300,沪深300ETF华泰柏瑞,2.698,2.736,2.737,2.691,3650423.0,1215420368.0,1.7,1.37,0.037,1.35,eastmoney,qfq
2018-11-20,510300,沪深300ETF华泰柏瑞,2.714,2.663,2.722,2.652,3825191.0,1261365696.0,2.56,-2.67,-0.073,1.41,eastmoney,qfq
2018-11-21,510300,沪深300ETF华泰柏瑞,2.633,2.666,2.674,2.631,2891170.0,945423664.0,1.61,0.11,0.003,1.07,eastmoney,qfq
2018-11-22,510300,沪深300ETF华泰柏瑞,2.673,2.657,2.675,2.634,3222327.0,1052449856.0,1.54,-0.34,-0.009,1.19,eastmoney,qfq
2018-11-23,510300,沪深300ETF华泰柏瑞,2.651,2.572,2.654,2.568,3672487.0,1182063376.0,3.24,-3.2,-0.085,1.36,eastmoney,qfq
2018-11-26,510300,沪深300ETF华泰柏瑞,2.581,2.577,2.608,2.562,4260561.0,1361422640.0,1.79,0.19,0.005,1.57,eastmoney,qfq
2018-11-27,510300,沪深300ETF华泰柏瑞,2.589,2.574,2.601,2.564,2798289.0,894557360.0,1.44,-0.12,-0.003,1.03,eastmoney,qfq
2018-11-28,510300,沪深300ETF华泰柏瑞,2.575,2.622,2.626,2.568,2517277.0,809476320.0,2.25,1.86,0.048,0.93,eastmoney,qfq
2018-11-29,510300,沪深300ETF华泰柏瑞,2.639,2.59,2.648,2.588,2037880.0,659013728.0,2.29,-1.22,-0.032,0.75,eastmoney,qfq
2018-11-30,510300,沪深300ETF华泰柏瑞,2.588,2.623,2.624,2.579,2691271.0,865231840.0,1.74,1.27,0.033,0.99,eastmoney,qfq
2018-12-03,510300,沪深300ETF华泰柏瑞,2.715,2.707,2.727,2.68,5925490.0,1967884144.0,1.79,3.2,0.084,2.19,eastmoney,qfq
2018-12-04,510300,沪深300ETF华泰柏瑞,2.702,2.712,2.717,2.69,2204018.0,730675744.0,1.0,0.18,0.005,0.81,eastmoney,qfq
2018-12-05,510300,沪深300ETF华泰柏瑞,2.676,2.697,2.716,2.672,2694283.0,890764784.0,1.62,-0.55,-0.015,0.99,eastmoney,qfq
2018-12-06,510300,沪深300ETF华泰柏瑞,2.669,2.63,2.669,2.625,4354710.0,1417004896.0,1.63,-2.48,-0.067,1.61,eastmoney,qfq
2018-12-07,510300,沪深300ETF华泰柏瑞,2.632,2.623,2.639,2.622,1924266.0,624489232.0,0.65,-0.27,-0.007,0.71,eastmoney,qfq
2018-12-10,510300,沪深300ETF华泰柏瑞,2.601,2.593,2.618,2.58,2601286.0,835086528.0,1.45,-1.14,-0.03,0.96,eastmoney,qfq
2018-12-11,510300,沪深300ETF华泰柏瑞,2.601,2.606,2.609,2.588,1518319.0,487594880.0,0.81,0.5,0.013,0.56,eastmoney,qfq
2018-12-12,510300,沪深300ETF华泰柏瑞,2.623,2.617,2.634,2.605,2090476.0,675103344.0,1.11,0.42,0.011,0.77,eastmoney,qfq
2018-12-13,510300,沪深300ETF华泰柏瑞,2.623,2.672,2.687,2.618,4177232.0,1369000784.0,2.64,2.1,0.055,1.54,eastmoney,qfq
2018-12-14,510300,沪深300ETF华泰柏瑞,2.661,2.615,2.662,2.612,3001484.0,974869584.0,1.87,-2.13,-0.057,1.11,eastmoney,qfq
2018-12-17,510300,沪深300ETF华泰柏瑞,2.609,2.611,2.621,2.585,3507315.0,1128489168.0,1.38,-0.15,-0.004,1.3,eastmoney,qfq
2018-12-18,510300,沪深300ETF华泰柏瑞,2.595,2.571,2.618,2.558,3278632.0,1047493728.0,2.3,-1.53,-0.04,1.21,eastmoney,qfq
2018-12-19,510300,沪深300ETF华泰柏瑞,2.574,2.538,2.581,2.531,2910278.0,922374192.0,1.94,-1.28,-0.033,1.07,eastmoney,qfq
2018-12-20,510300,沪深300ETF华泰柏瑞,2.531,2.515,2.544,2.491,3465181.0,1083554512.0,2.09,-0.91,-0.023,1.28,eastmoney,qfq
2018-12-21,510300,沪深300ETF华泰柏瑞,2.507,2.476,2.509,2.456,3864981.0,1192539200.0,2.11,-1.55,-0.039,1.43,eastmoney,qfq
2018-12-24,510300,沪深300ETF华泰柏瑞,2.465,2.483,2.486,2.454,2414407.0,745420768.0,1.29,0.28,0.007,0.89,eastmoney,qfq
2018-12-25,510300,沪深300ETF华泰柏瑞,2.455,2.464,2.478,2.414,4031316.0,1230561360.0,2.58,-0.77,-0.019,1.49,eastmoney,qfq
2018-12-26,510300,沪深300ETF华泰柏瑞,2.455,2.447,2.473,2.439,2164598.0,663819232.0,1.38,-0.69,-0.017,0.8,eastmoney,qfq
2018-12-27,510300,沪深300ETF华泰柏瑞,2.485,2.44,2.49,2.434,2353476.0,724428288.0,2.29,-0.29,-0.007,0.87,eastmoney,qfq
2018-12-28,510300,沪深300ETF华泰柏瑞,2.446,2.447,2.475,2.434,3892667.0,1192574432.0,1.68,0.29,0.007,1.44,eastmoney,qfq
2019-01-02,510300,沪深300ETF华泰柏瑞,2.458,2.405,2.458,2.397,3509349.0,1062967152.0,2.49,-1.72,-0.042,1.3,eastmoney,qfq
2019-01-03,510300,沪深300ETF华泰柏瑞,2.404,2.405,2.449,2.398,2681762.0,811656816.0,2.12,0.0,0.0,0.99,eastmoney,qfq
2019-01-04,510300,沪深300ETF华泰柏瑞,2.389,2.482,2.484,2.385,4798477.0,1465170848.0,4.12,3.2,0.077,1.77,eastmoney,qfq
2019-01-07,510300,沪深300ETF华泰柏瑞,2.497,2.495,2.506,2.479,4168316.0,1293817440.0,1.09,0.52,0.013,1.54,eastmoney,qfq
2019-01-08,510300,沪深300ETF华泰柏瑞,2.495,2.495,2.498,2.482,1970848.0,611718752.0,0.64,0.0,0.0,0.73,eastmoney,qfq
2019-01-09,510300,沪深300ETF华泰柏瑞,2.507,2.518,2.567,2.506,4396882.0,1385615360.0,2.44,0.92,0.023,1.62,eastmoney,qfq
2019-01-10,510300,沪深300ETF华泰柏瑞,2.517,2.521,2.542,2.502,2476923.0,776376032.0,1.59,0.12,0.003,0.91,eastmoney,qfq
2019-01-11,510300,沪深300ETF华泰柏瑞,2.519,2.544,2.553,2.517,2513682.0,791053152.0,1.43,0.91,0.023,0.93,eastmoney,qfq
2019-01-14,510300,沪深300ETF华泰柏瑞,2.543,2.517,2.543,2.51,2039121.0,638696704.0,1.3,-1.06,-0.027,0.75,eastmoney,qfq
2019-01-15,510300,沪深300ETF华泰柏瑞,2.521,2.576,2.578,2.514,3518301.0,1112566272.0,2.54,2.34,0.059,1.3,eastmoney,qfq
2019-01-16,510300,沪深300ETF华泰柏瑞,2.578,2.576,2.579,2.561,1877281.0,586525232.0,0.7,0.0,0.0,0.69,eastmoney,qfq
2019-01-17,510300,沪深300ETF华泰柏瑞,2.576,2.559,2.592,2.557,2381767.0,744200064.0,1.36,-0.66,-0.017,0.88,eastmoney,qfq
2019-01-18,510300,沪深300ETF华泰柏瑞,2.568,2.613,2.622,2.568,3889859.0,1226138128.0,2.11,2.11,0.054,1.44,eastmoney,qfq
2019-01-21,510300,沪深300ETF华泰柏瑞,2.613,2.63,2.647,2.61,2851849.0,908445488.0,1.42,0.65,0.017,1.05,eastmoney,qfq
2019-01-22,510300,沪深300ETF华泰柏瑞,2.624,2.59,2.624,2.582,2543107.0,801998528.0,1.6,-1.52,-0.04,0.94,eastmoney,qfq
2019-01-23,510300,沪深300ETF华泰柏瑞,2.582,2.582,2.609,2.574,2255126.0,708959824.0,1.35,-0.31,-0.008,0.83,eastmoney,qfq
2019-01-24,510300,沪深300ETF华泰柏瑞,2.586,2.606,2.614,2.565,2543770.0,800011760.0,1.9,0.93,0.024,0.94,eastmoney,qfq
2019-01-25,510300,沪深300ETF华泰柏瑞,2.609,2.63,2.65,2.609,2722859.0,867447680.0,1.57,0.92,0.024,1.01,eastmoney,qfq
2019-01-28,510300,沪深300ETF华泰柏瑞,2.644,2.626,2.676,2.618,2966955.0,950568912.0,2.21,-0.15,-0.004,1.1,eastmoney,qfq
2019-01-29,510300,沪深300ETF华泰柏瑞,2.619,2.64,2.65,2.597,3587900.0,1139850224.0,2.02,0.53,0.014,1.32,eastmoney,qfq
2019-01-30,510300,沪深300ETF华泰柏瑞,2.625,2.619,2.65,2.616,2129268.0,677812064.0,1.29,-0.8,-0.021,0.79,eastmoney,qfq
2019-01-31,510300,沪深300ETF华泰柏瑞,2.631,2.649,2.663,2.625,3342948.0,1068335728.0,1.45,1.15,0.03,1.23,eastmoney,qfq
2019-02-01,510300,沪深300ETF华泰柏瑞,2.666,2.702,2.704,2.649,3512649.0,1134007536.0,2.08,2.0,0.053,1.3,eastmoney,qfq
2019-02-11,510300,沪深300ETF华泰柏瑞,2.692,2.747,2.752,2.679,3872537.0,1267715664.0,2.7,1.67,0.045,1.43,eastmoney,qfq
2019-02-12,510300,沪深300ETF华泰柏瑞,2.746,2.771,2.778,2.741,3728810.0,1235580864.0,1.35,0.87,0.024,1.38,eastmoney,qfq
2019-02-13,510300,沪深300ETF华泰柏瑞,2.776,2.84,2.857,2.77,4278016.0,1439016768.0,3.14,2.49,0.069,1.58,eastmoney,qfq
2019-02-14,510300,沪深300ETF华泰柏瑞,2.836,2.844,2.861,2.827,3797561.0,1288823472.0,1.2,0.14,0.004,1.4,eastmoney,qfq
2019-02-15,510300,沪深300ETF华泰柏瑞,2.828,2.788,2.842,2.783,4479468.0,1507132016.0,2.07,-1.97,-0.056,1.65,eastmoney,qfq
2019-02-18,510300,沪深300ETF华泰柏瑞,2.81,2.885,2.887,2.81,4711064.0,1605204752.0,2.76,3.48,0.097,1.74,eastmoney,qfq
2019-02-19,510300,沪深300ETF华泰柏瑞,2.892,2.876,2.918,2.858,6782305.0,2336311872.0,2.08,-0.31,-0.009,2.5,eastmoney,qfq
2019-02-20,510300,沪深300ETF华泰柏瑞,2.884,2.885,2.9,2.862,6116145.0,2102498560.0,1.32,0.31,0.009,2.26,eastmoney,qfq
2019-02-21,510300,沪深300ETF华泰柏瑞,2.886,2.881,2.935,2.865,6352929.0,2191410160.0,2.43,-0.14,-0.004,2.35,eastmoney,qfq
2019-02-22,510300,沪深300ETF华泰柏瑞,2.876,2.973,2.975,2.857,5921217.0,2046074096.0,4.1,3.19,0.092,2.19,eastmoney,qfq
2019-02-25,510300,沪深300ETF华泰柏瑞,3.027,3.222,3.227,3.007,11513198.0,4191233264.0,7.4,8.38,0.249,4.25,eastmoney,qfq
2019-02-26,510300,沪深300ETF华泰柏瑞,3.191,3.137,3.205,3.12,7820036.0,2911479200.0,2.64,-2.64,-0.085,2.89,eastmoney,qfq
2019-02-27,510300,沪深300ETF华泰柏瑞,3.136,3.117,3.17,3.077,5994359.0,2212624240.0,2.96,-0.64,-0.02,2.21,eastmoney,qfq
2019-02-28,510300,沪深300ETF华泰柏瑞,3.116,3.11,3.134,3.09,4628979.0,1697133456.0,1.41,-0.22,-0.007,1.71,eastmoney,qfq
2019-03-01,510300,沪深300ETF华泰柏瑞,3.137,3.185,3.196,3.104,6527375.0,2409031104.0,2.96,2.41,0.075,2.41,eastmoney,qfq
2019-03-04,510300,沪深300ETF华泰柏瑞,3.217,3.224,3.325,3.197,6603305.0,2509089920.0,4.02,1.22,0.039,2.44,eastmoney,qfq
2019-03-05,510300,沪深300ETF华泰柏瑞,3.221,3.256,3.261,3.208,4431035.0,1677260192.0,1.64,0.99,0.032,1.64,eastmoney,qfq
2019-03-06,510300,沪深300ETF华泰柏瑞,3.256,3.282,3.297,3.221,5804959.0,2208529312.0,2.33,0.8,0.026,2.14,eastmoney,qfq
2019-03-07,510300,沪深300ETF华泰柏瑞,3.277,3.24,3.282,3.21,6184210.0,2349302240.0,2.19,-1.28,-0.042,2.28,eastmoney,qfq
2019-03-08,510300,沪深300ETF华泰柏瑞,3.161,3.108,3.207,3.098,5360776.0,1984438720.0,3.36,-4.07,-0.132,1.98,eastmoney,qfq
2019-03-11,510300,沪深300ETF华泰柏瑞,3.108,3.157,3.169,3.094,4523060.0,1666485424.0,2.41,1.58,0.049,1.67,eastmoney,qfq
2019-03-12,510300,沪深300ETF华泰柏瑞,3.185,3.182,3.24,3.155,5307450.0,1992691904.0,2.69,0.79,0.025,1.96,eastmoney,qfq
2019-03-13,510300,沪深300ETF华泰柏瑞,3.185,3.16,3.195,3.14,4832336.0,1796583888.0,1.73,-0.69,-0.022,1.78,eastmoney,qfq
2019-03-14,510300,沪深300ETF华泰柏瑞,3.152,3.133,3.178,3.115,3621079.0,1340665792.0,1.99,-0.85,-0.027,1.34,eastmoney,qfq
2019-03-15,510300,沪深300ETF华泰柏瑞,3.143,3.182,3.226,3.143,3870056.0,1445462176.0,2.65,1.56,0.049,1.43,eastmoney,qfq
2019-03-18,510300,沪深300ETF华泰柏瑞,3.183,3.297,3.299,3.172,5714156.0,2172220320.0,3.99,3.61,0.115,2.11,eastmoney,qfq
2019-03-19,510300,沪深300ETF华泰柏瑞,3.299,3.269,3.309,3.252,3970865.0,1523709152.0,1.73,-0.85,-0.028,1.47,eastmoney,qfq
2019-03-20,510300,沪深300ETF华泰柏瑞,3.265,3.269,3.293,3.227,3278933.0,1250007728.0,2.02,0.0,0.0,1.21,eastmoney,qfq
2019-03-21,510300,沪深300ETF华泰柏瑞,3.273,3.271,3.301,3.257,3800127.0,1456872032.0,1.35,0.06,0.002,1.4,eastmoney,qfq
2019-03-22,510300,沪深300ETF华泰柏瑞,3.27,3.276,3.284,3.219,3023844.0,1152049536.0,1.99,0.15,0.005,1.12,eastmoney,qfq
2019-03-25,510300,沪深300ETF华泰柏瑞,3.215,3.181,3.243,3.174,4359509.0,1639701920.0,2.11,-2.9,-0.095,1.61,eastmoney,qfq
2019-03-26,510300,沪深300ETF华泰柏瑞,3.195,3.142,3.205,3.125,3201400.0,1190190240.0,2.51,-1.23,-0.039,1.18,eastmoney,qfq
2019-03-27,510300,沪深300ETF华泰柏瑞,3.156,3.174,3.185,3.148,3507393.0,1304048304.0,1.18,1.02,0.032,1.3,eastmoney,qfq
2019-03-28,510300,沪深300ETF华泰柏瑞,3.161,3.164,3.191,3.145,2568844.0,955866288.0,1.45,-0.32,-0.01,0.95,eastmoney,qfq
2019-03-29,510300,沪深300ETF华泰柏瑞,3.172,3.316,3.325,3.172,6344016.0,2426004336.0,4.84,4.8,0.152,2.34,eastmoney,qfq
2019-04-01,510300,沪深300ETF华泰柏瑞,3.341,3.416,3.42,3.341,6910357.0,2731589888.0,2.38,3.02,0.1,2.55,eastmoney,qfq
2019-04-02,510300,沪深300ETF华泰柏瑞,3.418,3.409,3.435,3.393,3839400.0,1522890288.0,1.23,-0.2,-0.007,1.42,eastmoney,qfq
2019-04-03,510300,沪深300ETF华泰柏瑞,3.387,3.462,3.476,3.382,5420180.0,2161151184.0,2.76,1.55,0.053,2.0,eastmoney,qfq
2019-04-04,510300,沪深300ETF华泰柏瑞,3.474,3.509,3.519,3.454,5213701.0,2110326816.0,1.88,1.36,0.047,1.93,eastmoney,qfq
2019-04-08,510300,沪深300ETF华泰柏瑞,3.545,3.483,3.575,3.448,7639483.0,3102817040.0,3.62,-0.74,-0.026,2.82,eastmoney,qfq
2019-04-09,510300,沪深300ETF华泰柏瑞,3.489,3.507,3.523,3.468,3712238.0,1502839360.0,1.58,0.69,0.024,1.37,eastmoney,qfq
2019-04-10,510300,沪深300ETF华泰柏瑞,3.489,3.513,3.553,3.463,3859946.0,1562381808.0,2.57,0.17,0.006,1.43,eastmoney,qfq
2019-04-11,510300,沪深300ETF华泰柏瑞,3.513,3.443,3.531,3.42,5021041.0,2018585328.0,3.16,-1.99,-0.07,1.85,eastmoney,qfq
2019-04-12,510300,沪深300ETF华泰柏瑞,3.43,3.429,3.445,3.4,2823989.0,1122866512.0,1.31,-0.41,-0.014,1.04,eastmoney,qfq
2019-04-15,510300,沪深300ETF华泰柏瑞,3.491,3.404,3.521,3.403,7225803.0,2903101552.0,3.44,-0.73,-0.025,2.67,eastmoney,qfq
2019-04-16,510300,沪深300ETF华泰柏瑞,3.385,3.524,3.526,3.381,6690852.0,2686061424.0,4.26,3.53,0.12,2.47,eastmoney,qfq
2019-04-17,510300,沪深300ETF华泰柏瑞,3.523,3.514,3.544,3.489,4181515.0,1701577296.0,1.56,-0.28,-0.01,1.54,eastmoney,qfq
2019-04-18,510300,沪深300ETF华泰柏瑞,3.514,3.507,3.528,3.493,3569518.0,1451119728.0,1.0,-0.2,-0.007,1.32,eastmoney,qfq
2019-04-19,510300,沪深300ETF华泰柏瑞,3.51,3.567,3.567,3.476,4578386.0,1866441120.0,2.59,1.71,0.06,1.69,eastmoney,qfq
2019-04-22,510300,沪深300ETF华泰柏瑞,3.567,3.464,3.567,3.447,5775087.0,2339510352.0,3.36,-2.89,-0.103,2.13,eastmoney,qfq
2019-04-23,510300,沪深300ETF华泰柏瑞,3.452,3.457,3.498,3.441,3532001.0,1418835088.0,1.65,-0.2,-0.007,1.3,eastmoney,qfq
2019-04-24,510300,沪深300ETF华泰柏瑞,3.466,3.463,3.479,3.4,4631227.0,1854784688.0,2.29,0.17,0.006,1.71,eastmoney,qfq
2019-04-25,510300,沪深300ETF华泰柏瑞,3.447,3.38,3.457,3.378,3785556.0,1504043072.0,2.28,-2.4,-0.083,1.4,eastmoney,qfq
2019-04-26,510300,沪深300ETF华泰柏瑞,3.366,3.326,3.385,3.318,6288098.0,2457759248.0,1.98,-1.6,-0.054,2.32,eastmoney,qfq
2019-04-29,510300,沪深300ETF华泰柏瑞,3.335,3.341,3.392,3.318,5593756.0,2184244016.0,2.22,0.45,0.015,2.07,eastmoney,qfq
2019-04-30,510300,沪深300ETF华泰柏瑞,3.335,3.343,3.358,3.325,3992608.0,1554463808.0,0.99,0.06,0.002,1.47,eastmoney,qfq
2019-05-06,510300,沪深300ETF华泰柏瑞,3.225,3.12,3.237,3.087,12145228.0,4499823872.0,4.49,-6.67,-0.223,4.48,eastmoney,qfq
2019-05-07,510300,沪深300ETF华泰柏瑞,3.135,3.154,3.178,3.114,4835997.0,1790820384.0,2.05,1.09,0.034,1.79,eastmoney,qfq
2019-05-08,510300,沪深300ETF华泰柏瑞,3.104,3.106,3.164,3.09,4753728.0,1745381568.0,2.35,-1.52,-0.048,1.76,eastmoney,qfq
2019-05-09,510300,沪深300ETF华泰柏瑞,3.082,3.054,3.099,3.016,5540530.0,2001315072.0,2.67,-1.67,-0.052,2.05,eastmoney,qfq
2019-05-10,510300,沪深300ETF华泰柏瑞,3.082,3.167,3.175,3.02,6719965.0,2468212416.0,5.08,3.7,0.113,2.48,eastmoney,qfq
2019-05-13,510300,沪深300ETF华泰柏瑞,3.132,3.099,3.135,3.089,4257770.0,1560795952.0,1.45,-2.15,-0.068,1.57,eastmoney,qfq
2019-05-14,510300,沪深300ETF华泰柏瑞,3.077,3.081,3.124,3.07,2900686.0,1060006496.0,1.74,-0.58,-0.018,1.07,eastmoney,qfq
2019-05-15,510300,沪深300ETF华泰柏瑞,3.109,3.159,3.187,3.109,3575138.0,1320562720.0,2.53,2.53,0.078,1.32,eastmoney,qfq
2019-05-16,510300,沪深300ETF华泰柏瑞,3.154,3.177,3.182,3.138,2474374.0,919412288.0,1.39,0.57,0.018,0.91,eastmoney,qfq
2019-05-17,510300,沪深300ETF华泰柏瑞,3.177,3.093,3.181,3.077,3153908.0,1158993568.0,3.27,-2.64,-0.084,1.16,eastmoney,qfq
2019-05-20,510300,沪深300ETF华泰柏瑞,3.081,3.053,3.091,3.023,3882248.0,1400010000.0,2.2,-1.29,-0.04,1.43,eastmoney,qfq
2019-05-21,510300,沪深300ETF华泰柏瑞,3.052,3.098,3.132,3.051,3503829.0,1278867488.0,2.65,1.47,0.045,1.29,eastmoney,qfq
2019-05-22,510300,沪深300ETF华泰柏瑞,3.101,3.089,3.11,3.067,2835080.0,1032358160.0,1.39,-0.29,-0.009,1.05,eastmoney,qfq
2019-05-23,510300,沪深300ETF华泰柏瑞,3.072,3.031,3.079,3.025,3106083.0,1116377296.0,1.75,-1.88,-0.058,1.15,eastmoney,qfq
2019-05-24,510300,沪深300ETF华泰柏瑞,3.033,3.037,3.07,3.02,2994092.0,1076879360.0,1.65,0.2,0.006,1.11,eastmoney,qfq
2019-05-27,510300,沪深300ETF华泰柏瑞,3.038,3.08,3.096,3.001,4351011.0,1566298432.0,3.13,1.42,0.043,1.61,eastmoney,qfq
2019-05-28,510300,沪深300ETF华泰柏瑞,3.075,3.097,3.125,3.072,3850673.0,1405784016.0,1.72,0.55,0.017,1.42,eastmoney,qfq
2019-05-29,510300,沪深300ETF华泰柏瑞,3.087,3.099,3.137,3.079,2928526.0,1070983408.0,1.87,0.06,0.002,1.08,eastmoney,qfq
2019-05-30,510300,沪深300ETF华泰柏瑞,3.093,3.097,3.101,3.054,3054264.0,1107801232.0,1.52,-0.06,-0.002,1.13,eastmoney,qfq
2019-05-31,510300,沪深300ETF华泰柏瑞,3.089,3.079,3.122,3.076,2760301.0,1007992256.0,1.49,-0.58,-0.018,1.02,eastmoney,qfq
2019-06-03,510300,沪深300ETF华泰柏瑞,3.092,3.087,3.129,3.06,3308131.0,1205594368.0,2.24,0.26,0.008,1.22,eastmoney,qfq
2019-06-04,510300,沪深300ETF华泰柏瑞,3.084,3.054,3.092,3.039,3263229.0,1177428528.0,1.72,-1.07,-0.033,1.2,eastmoney,qfq
2019-06-05,510300,沪深300ETF华泰柏瑞,3.079,3.046,3.087,3.043,3285644.0,1189233600.0,1.44,-0.26,-0.008,1.21,eastmoney,qfq
2019-06-06,510300,沪深300ETF华泰柏瑞,3.046,3.015,3.055,3.014,3660674.0,1312429008.0,1.35,-1.02,-0.031,1.35,eastmoney,qfq
2019-06-10,510300,沪深300ETF华泰柏瑞,3.027,3.061,3.082,3.024,3354976.0,1210624400.0,1.92,1.53,0.046,1.24,eastmoney,qfq
2019-06-11,510300,沪深300ETF华泰柏瑞,3.067,3.174,3.183,3.067,4667963.0,1721944272.0,3.79,3.69,0.113,1.72,eastmoney,qfq
2019-06-12,510300,沪深300ETF华泰柏瑞,3.169,3.146,3.169,3.138,2597249.0,961944224.0,0.98,-0.88,-0.028,0.96,eastmoney,qfq
2019-06-13,510300,沪深300ETF华泰柏瑞,3.142,3.139,3.158,3.107,3012292.0,1109255184.0,1.62,-0.22,-0.007,1.11,eastmoney,qfq
2019-06-14,510300,沪深300ETF华泰柏瑞,3.141,3.117,3.164,3.105,3445140.0,1270771664.0,1.88,-0.7,-0.022,1.27,eastmoney,qfq
2019-06-17,510300,沪深300ETF华泰柏瑞,3.111,3.12,3.146,3.107,2352061.0,865085584.0,1.25,0.1,0.003,0.87,eastmoney,qfq
2019-06-18,510300,沪深300ETF华泰柏瑞,3.125,3.128,3.139,3.094,2653706.0,975436688.0,1.44,0.26,0.008,0.98,eastmoney,qfq
2019-06-19,510300,沪深300ETF华泰柏瑞,3.219,3.182,3.254,3.179,6289015.0,2366152480.0,2.4,1.73,0.054,2.32,eastmoney,qfq
2019-06-20,510300,沪深300ETF华泰柏瑞,3.181,3.29,3.322,3.179,6609284.0,2522649392.0,4.49,3.39,0.108,2.44,eastmoney,qfq
2019-06-21,510300,沪深300ETF华泰柏瑞,3.302,3.297,3.327,3.28,4219552.0,1626602096.0,1.43,0.21,0.007,1.56,eastmoney,qfq
2019-06-24,510300,沪深300ETF华泰柏瑞,3.302,3.303,3.316,3.279,3074540.0,1184601120.0,1.12,0.18,0.006,1.14,eastmoney,qfq
2019-06-25,510300,沪深300ETF华泰柏瑞,3.302,3.264,3.302,3.217,5057034.0,1926078224.0,2.57,-1.18,-0.039,1.87,eastmoney,qfq
2019-06-26,510300,沪深300ETF华泰柏瑞,3.242,3.265,3.277,3.237,2402084.0,915875696.0,1.23,0.03,0.001,0.89,eastmoney,qfq
2019-06-27,510300,沪深300ETF华泰柏瑞,3.267,3.307,3.327,3.267,4730768.0,1825070976.0,1.84,1.29,0.042,1.75,eastmoney,qfq
2019-06-28,510300,沪深300ETF华泰柏瑞,3.307,3.306,3.307,3.276,3862690.0,1485096144.0,0.94,-0.03,-0.001,1.43,eastmoney,qfq
2019-07-01,510300,沪深300ETF华泰柏瑞,3.369,3.401,3.412,3.357,5102660.0,2012117168.0,1.66,2.87,0.095,1.88,eastmoney,qfq
2019-07-02,510300,沪深300ETF华泰柏瑞,3.401,3.407,3.413,3.384,3338436.0,1319955760.0,0.85,0.18,0.006,1.23,eastmoney,qfq
2019-07-03,510300,沪深300ETF华泰柏瑞,3.398,3.374,3.398,3.359,2518385.0,989488528.0,1.14,-0.97,-0.033,0.93,eastmoney,qfq
2019-07-04,510300,沪深300ETF华泰柏瑞,3.367,3.348,3.386,3.324,3860217.0,1509568960.0,1.84,-0.77,-0.026,1.43,eastmoney,qfq
2019-07-05,510300,沪深300ETF华泰柏瑞,3.347,3.368,3.376,3.335,2362039.0,924064384.0,1.22,0.6,0.02,0.87,eastmoney,qfq
2019-07-08,510300,沪深300ETF华泰柏瑞,3.35,3.278,3.35,3.247,4225313.0,1625813680.0,3.06,-2.67,-0.09,1.56,eastmoney,qfq
2019-07-09,510300,沪深300ETF华泰柏瑞,3.283,3.269,3.291,3.253,2183461.0,835183232.0,1.16,-0.27,-0.009,0.81,eastmoney,qfq
2019-07-10,510300,沪深300ETF华泰柏瑞,3.282,3.27,3.295,3.257,1744793.0,667520304.0,1.16,0.03,0.001,0.64,eastmoney,qfq
2019-07-11,510300,沪深300ETF华泰柏瑞,3.285,3.271,3.319,3.257,2345244.0,900919952.0,1.9,0.03,0.001,0.87,eastmoney,qfq
2019-07-12,510300,沪深300ETF华泰柏瑞,3.268,3.302,3.317,3.266,2460108.0,947469648.0,1.56,0.95,0.031,0.91,eastmoney,qfq
2019-07-15,510300,沪深300ETF华泰柏瑞,3.288,3.316,3.348,3.237,4484611.0,1725285120.0,3.36,0.42,0.014,1.66,eastmoney,qfq
2019-07-16,510300,沪深300ETF华泰柏瑞,3.31,3.3,3.323,3.292,1828874.0,705319200.0,0.93,-0.48,-0.016,0.68,eastmoney,qfq
2019-07-17,510300,沪深300ETF华泰柏瑞,3.289,3.294,3.313,3.275,2199668.0,847318544.0,1.15,-0.18,-0.006,0.81,eastmoney,qfq
2019-07-18,510300,沪深300ETF华泰柏瑞,3.281,3.269,3.286,3.267,2305494.0,882753328.0,0.58,-0.76,-0.025,0.85,eastmoney,qfq
2019-07-19,510300,沪深300ETF华泰柏瑞,3.279,3.309,3.33,3.279,3199381.0,1235677328.0,1.56,1.22,0.04,1.18,eastmoney,qfq
2019-07-22,510300,沪深300ETF华泰柏瑞,3.309,3.279,3.319,3.257,3088632.0,1186817424.0,1.87,-0.91,-0.03,1.14,eastmoney,qfq
2019-07-23,510300,沪深300ETF华泰柏瑞,3.283,3.288,3.292,3.269,1670290.0,640637072.0,0.7,0.27,0.009,0.62,eastmoney,qfq
2019-07-24,510300,沪深300ETF华泰柏瑞,3.301,3.319,3.347,3.299,2974454.0,1154191776.0,1.46,0.94,0.031,1.1,eastmoney,qfq
2019-07-25,510300,沪深300ETF华泰柏瑞,3.318,3.354,3.355,3.313,2336296.0,908142112.0,1.27,1.05,0.035,0.86,eastmoney,qfq
2019-07-26,510300,沪深300ETF华泰柏瑞,3.337,3.359,3.368,3.334,2857909.0,1115742688.0,1.01,0.15,0.005,1.06,eastmoney,qfq
2019-07-29,510300,沪深300ETF华泰柏瑞,3.357,3.353,3.361,3.339,2471022.0,964260320.0,0.65,-0.18,-0.006,0.91,eastmoney,qfq
2019-07-30,510300,沪深300ETF华泰柏瑞,3.357,3.371,3.396,3.356,2396549.0,941746112.0,1.19,0.54,0.018,0.88,eastmoney,qfq
2019-07-31,510300,沪深300ETF华泰柏瑞,3.358,3.343,3.361,3.334,2164229.0,843556608.0,0.8,-0.83,-0.028,0.8,eastmoney,qfq
2019-08-01,510300,沪深300ETF华泰柏瑞,3.326,3.307,3.335,3.292,3124657.0,1206953808.0,1.29,-1.08,-0.036,1.15,eastmoney,qfq
2019-08-02,510300,沪深300ETF华泰柏瑞,3.237,3.248,3.257,3.22,4906139.0,1859709600.0,1.12,-1.78,-0.059,1.81,eastmoney,qfq
2019-08-05,510300,沪深300ETF华泰柏瑞,3.232,3.182,3.238,3.177,3542147.0,1331928160.0,1.88,-2.03,-0.066,1.31,eastmoney,qfq
2019-08-06,510300,沪深300ETF华泰柏瑞,3.123,3.143,3.151,3.084,5837027.0,2140168128.0,2.11,-1.23,-0.039,2.16,eastmoney,qfq
2019-08-07,510300,沪深300ETF华泰柏瑞,3.152,3.119,3.158,3.115,2785812.0,1029304080.0,1.37,-0.76,-0.024,1.03,eastmoney,qfq
2019-08-08,510300,沪深300ETF华泰柏瑞,3.143,3.173,3.177,3.143,2809849.0,1042883472.0,1.09,1.73,0.054,1.04,eastmoney,qfq
2019-08-09,510300,沪深300ETF华泰柏瑞,3.186,3.144,3.192,3.136,2109639.0,783418416.0,1.76,-0.91,-0.029,0.78,eastmoney,qfq
2019-08-12,510300,沪深300ETF华泰柏瑞,3.155,3.203,3.205,3.148,1801156.0,670864656.0,1.81,1.88,0.059,0.67,eastmoney,qfq
2019-08-13,510300,沪深300ETF华泰柏瑞,3.174,3.171,3.187,3.159,1553490.0,578461088.0,0.87,-1.0,-0.032,0.57,eastmoney,qfq
2019-08-14,510300,沪深300ETF华泰柏瑞,3.216,3.185,3.221,3.184,1937006.0,727773776.0,1.17,0.44,0.014,0.72,eastmoney,qfq
2019-08-15,510300,沪深300ETF华泰柏瑞,3.127,3.2,3.206,3.123,2443062.0,907979344.0,2.61,0.47,0.015,0.9,eastmoney,qfq
2019-08-16,510300,沪深300ETF华泰柏瑞,3.198,3.216,3.242,3.188,2574125.0,971656240.0,1.69,0.5,0.016,0.95,eastmoney,qfq
2019-08-19,510300,沪深300ETF华泰柏瑞,3.245,3.306,3.307,3.227,3279432.0,1254127712.0,2.49,2.8,0.09,1.21,eastmoney,qfq
2019-08-20,510300,沪深300ETF华泰柏瑞,3.298,3.29,3.312,3.288,2069121.0,796970864.0,0.73,-0.48,-0.016,0.76,eastmoney,qfq
2019-08-21,510300,沪深300ETF华泰柏瑞,3.288,3.289,3.299,3.283,2422452.0,931096032.0,0.49,-0.03,-0.001,0.89,eastmoney,qfq
2019-08-22,510300,沪深300ETF华泰柏瑞,3.299,3.297,3.302,3.277,2647785.0,1017422992.0,0.76,0.24,0.008,0.98,eastmoney,qfq
2019-08-23,510300,沪深300ETF华泰柏瑞,3.3,3.324,3.339,3.29,2856821.0,1106705440.0,1.49,0.82,0.027,1.05,eastmoney,qfq
2019-08-26,510300,沪深300ETF华泰柏瑞,3.27,3.281,3.293,3.263,2674902.0,1024561344.0,0.9,-1.29,-0.043,0.99,eastmoney,qfq
2019-08-27,510300,沪深300ETF华泰柏瑞,3.296,3.321,3.361,3.294,3661760.0,1423007680.0,2.04,1.22,0.04,1.35,eastmoney,qfq
2019-08-28,510300,沪深300ETF华泰柏瑞,3.32,3.309,3.33,3.3,1739580.0,672483872.0,0.9,-0.36,-0.012,0.64,eastmoney,qfq
2019-08-29,510300,沪深300ETF华泰柏瑞,3.314,3.298,3.316,3.275,2339283.0,899467504.0,1.24,-0.33,-0.011,0.86,eastmoney,qfq
2019-08-30,510300,沪深300ETF华泰柏瑞,3.323,3.308,3.344,3.283,2762818.0,1068497904.0,1.85,0.3,0.01,1.02,eastmoney,qfq
2019-09-02,510300,沪深300ETF华泰柏瑞,3.306,3.351,3.37,3.305,3019442.0,1177245792.0,1.96,1.3,0.043,1.11,eastmoney,qfq
2019-09-03,510300,沪深300ETF华泰柏瑞,3.357,3.355,3.361,3.34,2313453.0,903328000.0,0.63,0.12,0.004,0.85,eastmoney,qfq
2019-09-04,510300,沪深300ETF华泰柏瑞,3.356,3.404,3.406,3.355,2937605.0,1154462912.0,1.52,1.46,0.049,1.08,eastmoney,qfq
2019-09-05,510300,沪深300ETF华泰柏瑞,3.418,3.441,3.495,3.418,5274017.0,2116380672.0,2.26,1.09,0.037,1.95,eastmoney,qfq
2019-09-06,510300,沪深300ETF华泰柏瑞,3.454,3.468,3.47,3.439,2640294.0,1057696400.0,0.9,0.78,0.027,0.97,eastmoney,qfq
2019-09-09,510300,沪深300ETF华泰柏瑞,3.495,3.484,3.504,3.464,2828454.0,1140490064.0,1.15,0.46,0.016,1.04,eastmoney,qfq
2019-09-10,510300,沪深300ETF华泰柏瑞,3.481,3.473,3.487,3.452,1686929.0,678146848.0,1.0,-0.32,-0.011,0.62,eastmoney,qfq
2019-09-11,510300,沪深300ETF华泰柏瑞,3.485,3.444,3.487,3.441,3041955.0,1218851136.0,1.32,-0.84,-0.029,1.12,eastmoney,qfq
2019-09-12,510300,沪深300ETF华泰柏瑞,3.457,3.485,3.495,3.451,2172055.0,873683984.0,1.28,1.19,0.041,0.8,eastmoney,qfq
2019-09-16,510300,沪深300ETF华泰柏瑞,3.493,3.471,3.494,3.451,1818498.0,731512752.0,1.23,-0.4,-0.014,0.67,eastmoney,qfq
2019-09-17,510300,沪深300ETF华泰柏瑞,3.465,3.398,3.466,3.386,3810790.0,1515230656.0,2.3,-2.1,-0.073,1.41,eastmoney,qfq
2019-09-18,510300,沪深300ETF华泰柏瑞,3.413,3.415,3.432,3.406,2010311.0,798496640.0,0.77,0.5,0.017,0.74,eastmoney,qfq
2019-09-19,510300,沪深300ETF华泰柏瑞,3.431,3.434,3.435,3.403,2421778.0,962786624.0,0.94,0.56,0.019,0.89,eastmoney,qfq
2019-09-20,510300,沪深300ETF华泰柏瑞,3.441,3.44,3.451,3.432,2325043.0,928123392.0,0.55,0.17,0.006,0.86,eastmoney,qfq
2019-09-23,510300,沪深300ETF华泰柏瑞,3.429,3.405,3.43,3.383,2898921.0,1144938512.0,1.37,-1.02,-0.035,1.07,eastmoney,qfq
2019-09-24,510300,沪深300ETF华泰柏瑞,3.407,3.408,3.444,3.401,2114820.0,840079472.0,1.26,0.09,0.003,0.78,eastmoney,qfq
2019-09-25,510300,沪深300ETF华泰柏瑞,3.401,3.381,3.405,3.379,2349764.0,927174176.0,0.76,-0.79,-0.027,0.87,eastmoney,qfq
2019-09-26,510300,沪深300ETF华泰柏瑞,3.396,3.354,3.405,3.351,3170949.0,1245839968.0,1.6,-0.8,-0.027,1.17,eastmoney,qfq
2019-09-27,510300,沪深300ETF华泰柏瑞,3.36,3.363,3.37,3.347,2677341.0,1047443008.0,0.69,0.27,0.009,0.99,eastmoney,qfq
2019-09-30,510300,沪深300ETF华泰柏瑞,3.357,3.316,3.366,3.311,2632884.0,1025545904.0,1.64,-1.4,-0.047,0.97,eastmoney,qfq
2019-10-08,510300,沪深300ETF华泰柏瑞,3.321,3.341,3.368,3.321,3234239.0,1261877856.0,1.42,0.75,0.025,1.19,eastmoney,qfq
2019-10-09,510300,沪深300ETF华泰柏瑞,3.332,3.352,3.354,3.31,2507897.0,975532608.0,1.32,0.33,0.011,0.93,eastmoney,qfq
2019-10-10,510300,沪深300ETF华泰柏瑞,3.35,3.38,3.387,3.336,2363352.0,925785536.0,1.52,0.84,0.028,0.87,eastmoney,qfq
2019-10-11,510300,沪深300ETF华泰柏瑞,3.388,3.428,3.44,3.374,3060201.0,1211436368.0,1.95,1.42,0.048,1.13,eastmoney,qfq
2019-10-14,510300,沪深300ETF华泰柏瑞,3.449,3.457,3.497,3.445,3956546.0,1591550464.0,1.52,0.85,0.029,1.46,eastmoney,qfq
2019-10-15,510300,沪深300ETF华泰柏瑞,3.456,3.444,3.461,3.442,2950005.0,1180542816.0,0.55,-0.38,-0.013,1.09,eastmoney,qfq
2019-10-16,510300,沪深300ETF华泰柏瑞,3.449,3.43,3.478,3.427,3143663.0,1257411216.0,1.48,-0.41,-0.014,1.16,eastmoney,qfq
2019-10-17,510300,沪深300ETF华泰柏瑞,3.434,3.436,3.449,3.424,1936428.0,772383216.0,0.73,0.17,0.006,0.72,eastmoney,qfq
2019-10-18,510300,沪深300ETF华泰柏瑞,3.438,3.378,3.453,3.368,3081431.0,1219432832.0,2.47,-1.69,-0.058,1.14,eastmoney,qfq
2019-10-21,510300,沪深300ETF华泰柏瑞,3.369,3.387,3.39,3.364,1849393.0,727143488.0,0.77,0.27,0.009,0.68,eastmoney,qfq
2019-10-22,510300,沪深300ETF华泰柏瑞,3.395,3.402,3.411,3.377,1641342.0,647323696.0,1.0,0.44,0.015,0.61,eastmoney,qfq
2019-10-23,510300,沪深300ETF华泰柏瑞,3.403,3.381,3.408,3.369,1478262.0,582892944.0,1.15,-0.62,-0.021,0.55,eastmoney,qfq
2019-10-24,510300,沪深300ETF华泰柏瑞,3.382,3.386,3.401,3.36,2021671.0,795479680.0,1.21,0.15,0.005,0.75,eastmoney,qfq
2019-10-25,510300,沪深300ETF华泰柏瑞,3.38,3.41,3.415,3.356,2502908.0,985865184.0,1.74,0.71,0.024,0.92,eastmoney,qfq
2019-10-28,510300,沪深300ETF华泰柏瑞,3.417,3.433,3.439,3.409,2674343.0,1063994688.0,0.88,0.67,0.023,0.99,eastmoney,qfq
2019-10-29,510300,沪深300ETF华泰柏瑞,3.436,3.42,3.436,3.416,2095536.0,833722144.0,0.58,-0.38,-0.013,0.77,eastmoney,qfq
2019-10-30,510300,沪深300ETF华泰柏瑞,3.413,3.394,3.417,3.386,2628461.0,1038323008.0,0.91,-0.76,-0.026,0.97,eastmoney,qfq
2019-10-31,510300,沪深300ETF华泰柏瑞,3.403,3.392,3.412,3.383,1927828.0,762011568.0,0.85,-0.06,-0.002,0.71,eastmoney,qfq
2019-11-01,510300,沪深300ETF华泰柏瑞,3.387,3.473,3.474,3.381,3206514.0,1281238320.0,2.74,2.39,0.081,1.18,eastmoney,qfq
2019-11-04,510300,沪深300ETF华泰柏瑞,3.472,3.486,3.494,3.47,2359683.0,952642400.0,0.69,0.37,0.013,0.87,eastmoney,qfq
2019-11-05,510300,沪深300ETF华泰柏瑞,3.486,3.509,3.548,3.479,3529357.0,1435062384.0,1.98,0.66,0.023,1.3,eastmoney,qfq
2019-11-06,510300,沪深300ETF华泰柏瑞,3.507,3.492,3.513,3.48,2059389.0,835011376.0,0.94,-0.48,-0.017,0.76,eastmoney,qfq
2019-11-07,510300,沪深300ETF华泰柏瑞,3.492,3.497,3.521,3.48,2377225.0,963751232.0,1.17,0.14,0.005,0.88,eastmoney,qfq
2019-11-08,510300,沪深300ETF华泰柏瑞,3.527,3.481,3.531,3.477,2972163.0,1205845632.0,1.54,-0.46,-0.016,1.1,eastmoney,qfq
2019-11-11,510300,沪深300ETF华泰柏瑞,3.46,3.414,3.46,3.407,3470689.0,1383687072.0,1.52,-1.92,-0.067,1.28,eastmoney,qfq
2019-11-12,510300,沪深300ETF华泰柏瑞,3.409,3.409,3.426,3.385,3300547.0,1306746064.0,1.2,-0.15,-0.005,1.22,eastmoney,qfq
2019-11-13,510300,沪深300ETF华泰柏瑞,3.404,3.406,3.412,3.389,2020165.0,798607024.0,0.67,-0.09,-0.003,0.75,eastmoney,qfq
2019-11-14,510300,沪深300ETF华泰柏瑞,3.406,3.409,3.423,3.399,2385877.0,945812672.0,0.7,0.09,0.003,0.88,eastmoney,qfq
2019-11-15,510300,沪深300ETF华泰柏瑞,3.41,3.39,3.426,3.387,1877915.0,742722416.0,1.14,-0.56,-0.019,0.69,eastmoney,qfq
2019-11-18,510300,沪深300ETF华泰柏瑞,3.388,3.418,3.425,3.379,2408753.0,953614224.0,1.36,0.83,0.028,0.89,eastmoney,qfq
2019-11-19,510300,沪深300ETF华泰柏瑞,3.416,3.458,3.46,3.41,2378890.0,950390304.0,1.46,1.17,0.04,0.88,eastmoney,qfq
2019-11-20,510300,沪深300ETF华泰柏瑞,3.457,3.417,3.457,3.406,2166103.0,863321152.0,1.47,-1.19,-0.041,0.8,eastmoney,qfq
2019-11-21,510300,沪深300ETF华泰柏瑞,3.407,3.397,3.414,3.384,2448407.0,967498736.0,0.88,-0.59,-0.02,0.9,eastmoney,qfq
2019-11-22,510300,沪深300ETF华泰柏瑞,3.406,3.355,3.433,3.341,3547072.0,1395855008.0,2.71,-1.24,-0.042,1.31,eastmoney,qfq
2019-11-25,510300,沪深300ETF华泰柏瑞,3.362,3.383,3.384,3.35,2524576.0,990424080.0,1.01,0.83,0.028,0.93,eastmoney,qfq
2019-11-26,510300,沪深300ETF华泰柏瑞,3.394,3.389,3.403,3.371,2858215.0,1126251536.0,0.95,0.18,0.006,1.06,eastmoney,qfq
2019-11-27,510300,沪深300ETF华泰柏瑞,3.387,3.383,3.401,3.368,2112392.0,831877056.0,0.97,-0.18,-0.006,0.78,eastmoney,qfq
2019-11-28,510300,沪深300ETF华泰柏瑞,3.383,3.377,3.399,3.364,1694810.0,666322576.0,1.03,-0.18,-0.006,0.63,eastmoney,qfq
2019-11-29,510300,沪深300ETF华泰柏瑞,3.369,3.334,3.375,3.315,3029171.0,1180162224.0,1.78,-1.27,-0.043,1.12,eastmoney,qfq
2019-12-02,510300,沪深300ETF华泰柏瑞,3.338,3.342,3.358,3.334,1743557.0,680076864.0,0.72,0.24,0.008,0.64,eastmoney,qfq
2019-12-03,510300,沪深300ETF华泰柏瑞,3.333,3.358,3.36,3.317,1985519.0,772475072.0,1.29,0.48,0.016,0.73,eastmoney,qfq
2019-12-04,510300,沪深300ETF华泰柏瑞,3.347,3.36,3.361,3.335,1589396.0,620313856.0,0.77,0.06,0.002,0.59,eastmoney,qfq
2019-12-05,510300,沪深300ETF华泰柏瑞,3.368,3.389,3.396,3.367,2192064.0,862802160.0,0.86,0.86,0.029,0.81,eastmoney,qfq
2019-12-06,510300,沪深300ETF华泰柏瑞,3.391,3.413,3.414,3.386,2130770.0,841690000.0,0.83,0.71,0.024,0.79,eastmoney,qfq
2019-12-09,510300,沪深300ETF华泰柏瑞,3.413,3.4,3.422,3.389,2322208.0,918540384.0,0.97,-0.38,-0.013,0.86,eastmoney,qfq
2019-12-10,510300,沪深300ETF华泰柏瑞,3.393,3.403,3.408,3.388,1869955.0,738991632.0,0.59,0.09,0.003,0.69,eastmoney,qfq
2019-12-11,510300,沪深300ETF华泰柏瑞,3.411,3.409,3.413,3.392,1704989.0,663923744.0,0.62,0.18,0.006,0.63,eastmoney,qfq
2019-12-12,510300,沪深300ETF华泰柏瑞,3.41,3.398,3.413,3.394,1371519.0,533964096.0,0.56,-0.32,-0.011,0.51,eastmoney,qfq
2019-12-13,510300,沪深300ETF华泰柏瑞,3.433,3.477,3.484,3.432,4360829.0,1721558480.0,1.53,2.32,0.079,1.61,eastmoney,qfq
2019-12-16,510300,沪深300ETF华泰柏瑞,3.476,3.489,3.497,3.46,3028483.0,1201480496.0,1.06,0.35,0.012,1.12,eastmoney,qfq
2019-12-17,510300,沪深300ETF华泰柏瑞,3.487,3.551,3.577,3.483,5256305.0,2117785568.0,2.69,1.78,0.062,1.94,eastmoney,qfq
2019-12-18,510300,沪深300ETF华泰柏瑞,3.552,3.536,3.566,3.531,3631177.0,1467298736.0,0.99,-0.42,-0.015,1.34,eastmoney,qfq
2019-12-19,510300,沪深300ETF华泰柏瑞,3.539,3.529,3.542,3.521,2641920.0,1062562560.0,0.59,-0.2,-0.007,0.98,eastmoney,qfq
2019-12-20,510300,沪深300ETF华泰柏瑞,3.528,3.525,3.555,3.523,3287798.0,1323871264.0,0.91,-0.11,-0.004,1.21,eastmoney,qfq
2019-12-23,510300,沪深300ETF华泰柏瑞,3.524,3.473,3.541,3.471,4471448.0,1788105552.0,1.99,-1.48,-0.052,1.65,eastmoney,qfq
2019-12-24,510300,沪深300ETF华泰柏瑞,3.474,3.494,3.502,3.473,3127921.0,1244533040.0,0.84,0.6,0.021,1.15,eastmoney,qfq
2019-12-25,510300,沪深300ETF华泰柏瑞,3.494,3.501,3.506,3.482,3105784.0,1237399744.0,0.69,0.2,0.007,1.15,eastmoney,qfq
2019-12-26,510300,沪深300ETF华泰柏瑞,3.498,3.53,3.535,3.496,3322559.0,1331523232.0,1.11,0.83,0.029,1.23,eastmoney,qfq
2019-12-27,510300,沪深300ETF华泰柏瑞,3.534,3.526,3.577,3.525,4368130.0,1766178608.0,1.47,-0.11,-0.004,1.61,eastmoney,qfq
2019-12-30,510300,沪深300ETF华泰柏瑞,3.515,3.584,3.597,3.509,5423815.0,2198624416.0,2.5,1.64,0.058,2.0,eastmoney,qfq
2019-12-31,510300,沪深300ETF华泰柏瑞,3.578,3.605,3.608,3.571,3521859.0,1437559664.0,1.03,0.59,0.021,1.3,eastmoney,qfq
2020-01-02,510300,沪深300ETF华泰柏瑞,3.629,3.658,3.683,3.627,6276236.0,2603983232.0,1.55,1.47,0.053,2.32,eastmoney,qfq
2020-01-03,510300,沪深300ETF华泰柏瑞,3.665,3.648,3.671,3.642,4696738.0,1948030080.0,0.79,-0.27,-0.01,1.73,eastmoney,qfq
2020-01-06,510300,沪深300ETF华泰柏瑞,3.635,3.632,3.68,3.603,6665048.0,2760524448.0,2.11,-0.44,-0.016,2.46,eastmoney,qfq
2020-01-07,510300,沪深300ETF华泰柏瑞,3.643,3.664,3.669,3.637,4649595.0,1927362288.0,0.88,0.88,0.032,1.72,eastmoney,qfq
2020-01-08,510300,沪深300ETF华泰柏瑞,3.644,3.623,3.658,3.606,5628521.0,2321782208.0,1.42,-1.12,-0.041,2.08,eastmoney,qfq
2020-01-09,510300,沪深300ETF华泰柏瑞,3.647,3.667,3.674,3.643,3944317.0,1636905840.0,0.86,1.21,0.044,1.46,eastmoney,qfq
2020-01-10,510300,沪深300ETF华泰柏瑞,3.674,3.666,3.685,3.653,3795550.0,1576677936.0,0.87,-0.03,-0.001,1.4,eastmoney,qfq
2020-01-13,510300,沪深300ETF华泰柏瑞,3.665,3.711,3.714,3.65,3736392.0,1558366384.0,1.75,1.23,0.045,1.38,eastmoney,qfq
2020-01-14,510300,沪深300ETF华泰柏瑞,3.711,3.693,3.731,3.689,4099628.0,1723090048.0,1.13,-0.49,-0.018,1.51,eastmoney,qfq
2020-01-15,510300,沪深300ETF华泰柏瑞,3.693,3.661,3.699,3.654,3196074.0,1330016016.0,1.22,-0.87,-0.032,1.18,eastmoney,qfq
2020-01-16,510300,沪深300ETF华泰柏瑞,3.668,3.655,3.672,3.644,4162978.0,1726422320.0,0.76,-0.16,-0.006,1.54,eastmoney,qfq
2020-01-17,510300,沪深300ETF华泰柏瑞,3.661,3.66,3.684,3.646,3216274.0,1335598768.0,1.04,0.14,0.005,1.19,eastmoney,qfq
2020-01-20,510300,沪深300ETF华泰柏瑞,3.665,3.69,3.692,3.651,3534883.0,1472153088.0,1.12,0.82,0.03,1.31,eastmoney,qfq
2020-01-21,510300,沪深300ETF华泰柏瑞,3.672,3.614,3.672,3.609,6182946.0,2548564528.0,1.71,-2.06,-0.076,2.28,eastmoney,qfq
2020-01-22,510300,沪深300ETF华泰柏瑞,3.598,3.628,3.642,3.543,9073933.0,3709564736.0,2.74,0.39,0.014,3.35,eastmoney,qfq
2020-01-23,510300,沪深300ETF华泰柏瑞,3.59,3.505,3.599,3.465,7535834.0,3042046032.0,3.69,-3.39,-0.123,2.78,eastmoney,qfq
2020-02-03,510300,沪深300ETF华泰柏瑞,3.239,3.168,3.245,3.145,14710758.0,5431562752.0,2.85,-9.61,-0.337,5.43,eastmoney,qfq
2020-02-04,510300,沪深300ETF华泰柏瑞,3.159,3.279,3.285,3.158,7358437.0,2749866016.0,4.01,3.5,0.111,2.72,eastmoney,qfq
2020-02-05,510300,沪深300ETF华泰柏瑞,3.293,3.316,3.364,3.277,5532875.0,2109910832.0,2.65,1.13,0.037,2.04,eastmoney,qfq
2020-02-06,510300,沪深300ETF华泰柏瑞,3.332,3.406,3.422,3.306,5279652.0,2038967056.0,3.5,2.71,0.09,1.95,eastmoney,qfq
2020-02-07,510300,沪深300ETF华泰柏瑞,3.379,3.397,3.401,3.353,3469891.0,1340754096.0,1.41,-0.26,-0.009,1.28,eastmoney,qfq
2020-02-10,510300,沪深300ETF华泰柏瑞,3.377,3.41,3.419,3.36,3985192.0,1549146624.0,1.74,0.38,0.013,1.47,eastmoney,qfq
2020-02-11,510300,沪深300ETF华泰柏瑞,3.418,3.452,3.469,3.416,4222588.0,1663318176.0,1.55,1.23,0.042,1.56,eastmoney,qfq
2020-02-12,510300,沪深300ETF华泰柏瑞,3.448,3.48,3.486,3.439,2907835.0,1150842640.0,1.36,0.81,0.028,1.07,eastmoney,qfq
2020-02-13,510300,沪深300ETF华泰柏瑞,3.479,3.459,3.494,3.447,3259610.0,1290560944.0,1.35,-0.6,-0.021,1.2,eastmoney,qfq
2020-02-14,510300,沪深300ETF华泰柏瑞,3.454,3.486,3.504,3.452,3139793.0,1247221632.0,1.5,0.78,0.027,1.16,eastmoney,qfq
2020-02-17,510300,沪深300ETF华泰柏瑞,3.495,3.573,3.579,3.495,5811401.0,2345003456.0,2.41,2.5,0.087,2.15,eastmoney,qfq
2020-02-18,510300,沪深300ETF华泰柏瑞,3.566,3.548,3.571,3.521,7099510.0,2867046800.0,1.4,-0.7,-0.025,2.62,eastmoney,qfq
2020-02-19,510300,沪深300ETF华泰柏瑞,3.545,3.549,3.578,3.538,4403772.0,1783390976.0,1.13,0.03,0.001,1.63,eastmoney,qfq
2020-02-20,510300,沪深300ETF华泰柏瑞,3.564,3.64,3.653,3.548,6052411.0,2472181760.0,2.96,2.56,0.091,2.23,eastmoney,qfq
2020-02-21,510300,沪深300ETF华泰柏瑞,3.632,3.654,3.687,3.626,4444702.0,1839049776.0,1.68,0.38,0.014,1.64,eastmoney,qfq
2020-02-24,510300,沪深300ETF华泰柏瑞,3.632,3.621,3.645,3.591,3727273.0,1532512768.0,1.48,-0.9,-0.033,1.38,eastmoney,qfq
2020-02-25,510300,沪深300ETF华泰柏瑞,3.56,3.613,3.625,3.521,6038308.0,2459159328.0,2.87,-0.22,-0.008,2.23,eastmoney,qfq
2020-02-26,510300,沪深300ETF华泰柏瑞,3.573,3.579,3.627,3.557,6417934.0,2617010928.0,1.94,-0.94,-0.034,2.37,eastmoney,qfq
2020-02-27,510300,沪深300ETF华泰柏瑞,3.592,3.58,3.606,3.57,4753305.0,1938047424.0,1.01,0.03,0.001,1.76,eastmoney,qfq
2020-02-28,510300,沪深300ETF华泰柏瑞,3.519,3.442,3.528,3.433,5600710.0,2224760720.0,2.65,-3.85,-0.138,2.07,eastmoney,qfq
2020-03-02,510300,沪深300ETF华泰柏瑞,3.457,3.585,3.599,3.457,4266837.0,1721101328.0,4.13,4.15,0.143,1.58,eastmoney,qfq
2020-03-03,510300,沪深300ETF华泰柏瑞,3.626,3.582,3.648,3.564,4087761.0,1677225024.0,2.34,-0.08,-0.003,1.51,eastmoney,qfq
2020-03-04,510300,沪深300ETF华泰柏瑞,3.574,3.611,3.613,3.557,2954533.0,1204615728.0,1.56,0.81,0.029,1.09,eastmoney,qfq
2020-03-05,510300,沪深300ETF华泰柏瑞,3.66,3.709,3.717,3.62,5478313.0,2282136992.0,2.69,2.71,0.098,2.02,eastmoney,qfq
2020-03-06,510300,沪深300ETF华泰柏瑞,3.676,3.63,3.678,3.626,2499877.0,1035853456.0,1.4,-2.13,-0.079,0.92,eastmoney,qfq
2020-03-09,510300,沪深300ETF华泰柏瑞,3.577,3.499,3.577,3.49,4236424.0,1701717888.0,2.4,-3.61,-0.131,1.56,eastmoney,qfq
2020-03-10,510300,沪深300ETF华泰柏瑞,3.501,3.587,3.597,3.452,8596482.0,3457073168.0,4.14,2.52,0.088,3.17,eastmoney,qfq
2020-03-11,510300,沪深300ETF华泰柏瑞,3.587,3.52,3.587,3.518,7032694.0,2845979728.0,1.92,-1.87,-0.067,2.6,eastmoney,qfq
2020-03-12,510300,沪深300ETF华泰柏瑞,3.482,3.457,3.484,3.428,3881192.0,1531041360.0,1.59,-1.79,-0.063,1.43,eastmoney,qfq
2020-03-13,510300,沪深300ETF华泰柏瑞,3.342,3.398,3.439,3.259,7178929.0,2753021872.0,5.21,-1.71,-0.059,2.65,eastmoney,qfq
2020-03-16,510300,沪深300ETF华泰柏瑞,3.394,3.235,3.394,3.225,5710801.0,2168080976.0,4.97,-4.8,-0.163,2.11,eastmoney,qfq
2020-03-17,510300,沪深300ETF华泰柏瑞,3.268,3.202,3.297,3.124,9852559.0,3645999360.0,5.35,-1.02,-0.033,3.64,eastmoney,qfq
2020-03-18,510300,沪深300ETF华泰柏瑞,3.215,3.14,3.272,3.135,7833048.0,2903199184.0,4.28,-1.94,-0.062,2.89,eastmoney,qfq
2020-03-19,510300,沪深300ETF华泰柏瑞,3.143,3.105,3.156,3.001,12481638.0,4456146432.0,4.94,-1.11,-0.035,4.61,eastmoney,qfq
2020-03-20,510300,沪深300ETF华泰柏瑞,3.121,3.153,3.166,3.091,6786895.0,2456318768.0,2.42,1.55,0.048,2.51,eastmoney,qfq
2020-03-23,510300,沪深300ETF华泰柏瑞,3.049,3.035,3.091,3.022,8072781.0,2858519648.0,2.19,-3.74,-0.118,2.98,eastmoney,qfq
2020-03-24,510300,沪深300ETF华泰柏瑞,3.098,3.12,3.132,3.045,8328985.0,2993488752.0,2.87,2.8,0.085,3.08,eastmoney,qfq
2020-03-25,510300,沪深300ETF华泰柏瑞,3.202,3.215,3.23,3.179,10100836.0,3732548144.0,1.63,3.04,0.095,3.73,eastmoney,qfq
2020-03-26,510300,沪深300ETF华泰柏瑞,3.192,3.192,3.231,3.179,3556542.0,1314493552.0,1.62,-0.72,-0.023,1.31,eastmoney,qfq
2020-03-27,510300,沪深300ETF华泰柏瑞,3.238,3.209,3.263,3.207,4915443.0,1829774384.0,1.75,0.53,0.017,1.81,eastmoney,qfq
2020-03-30,510300,沪深300ETF华泰柏瑞,3.168,3.175,3.194,3.139,4971344.0,1817215408.0,1.71,-1.06,-0.034,1.84,eastmoney,qfq
2020-03-31,510300,沪深300ETF华泰柏瑞,3.212,3.178,3.215,3.169,3740030.0,1377646912.0,1.45,0.09,0.003,1.38,eastmoney,qfq
2020-04-01,510300,沪深300ETF华泰柏瑞,3.173,3.182,3.232,3.163,3554389.0,1309936608.0,2.17,0.13,0.004,1.31,eastmoney,qfq
2020-04-02,510300,沪深300ETF华泰柏瑞,3.167,3.232,3.237,3.15,4630489.0,1702317216.0,2.73,1.57,0.05,1.71,eastmoney,qfq
2020-04-03,510300,沪深300ETF华泰柏瑞,3.219,3.206,3.233,3.192,3247170.0,1202415072.0,1.27,-0.8,-0.026,1.2,eastmoney,qfq
2020-04-07,510300,沪深300ETF华泰柏瑞,3.269,3.289,3.302,3.267,5467405.0,2064202704.0,1.09,2.59,0.083,2.02,eastmoney,qfq
2020-04-08,510300,沪深300ETF华泰柏瑞,3.275,3.274,3.288,3.261,2219175.0,835369072.0,0.82,-0.46,-0.015,0.82,eastmoney,qfq
2020-04-09,510300,沪深300ETF华泰柏瑞,3.29,3.285,3.297,3.279,3285436.0,1241868016.0,0.55,0.34,0.011,1.21,eastmoney,qfq
2020-04-10,510300,沪深300ETF华泰柏瑞,3.285,3.273,3.321,3.255,4642472.0,1752635040.0,2.01,-0.37,-0.012,1.71,eastmoney,qfq
2020-04-13,510300,沪深300ETF华泰柏瑞,3.259,3.252,3.267,3.241,2466969.0,923357824.0,0.79,-0.64,-0.021,0.91,eastmoney,qfq
2020-04-14,510300,沪深300ETF华泰柏瑞,3.269,3.314,3.317,3.264,3761248.0,1423412720.0,1.63,1.91,0.062,1.39,eastmoney,qfq
2020-04-15,510300,沪深300ETF华泰柏瑞,3.314,3.292,3.323,3.29,2392008.0,907994640.0,1.0,-0.66,-0.022,0.88,eastmoney,qfq
2020-04-16,510300,沪深300ETF华泰柏瑞,3.279,3.294,3.306,3.275,2273172.0,859202032.0,0.94,0.06,0.002,0.84,eastmoney,qfq
2020-04-17,510300,沪深300ETF华泰柏瑞,3.323,3.328,3.354,3.319,5704809.0,2183824464.0,1.06,1.03,0.034,2.11,eastmoney,qfq
2020-04-20,510300,沪深300ETF华泰柏瑞,3.335,3.344,3.345,3.322,3822960.0,1463235136.0,0.69,0.48,0.016,1.41,eastmoney,qfq
2020-04-21,510300,沪深300ETF华泰柏瑞,3.329,3.304,3.334,3.279,2927572.0,1110170608.0,1.64,-1.2,-0.04,1.08,eastmoney,qfq
2020-04-22,510300,沪深300ETF华泰柏瑞,3.288,3.338,3.339,3.281,3456710.0,1313936912.0,1.76,1.03,0.034,1.28,eastmoney,qfq
2020-04-23,510300,沪深300ETF华泰柏瑞,3.341,3.331,3.351,3.321,2015207.0,771450448.0,0.9,-0.21,-0.007,0.74,eastmoney,qfq
2020-04-24,510300,沪深300ETF华泰柏瑞,3.316,3.299,3.321,3.287,3058295.0,1159836784.0,1.02,-0.96,-0.032,1.13,eastmoney,qfq
2020-04-27,510300,沪深300ETF华泰柏瑞,3.301,3.316,3.342,3.296,3094609.0,1180911440.0,1.39,0.52,0.017,1.14,eastmoney,qfq
2020-04-28,510300,沪深300ETF华泰柏瑞,3.329,3.34,3.353,3.265,4228656.0,1614577808.0,2.65,0.72,0.024,1.56,eastmoney,qfq
2020-04-29,510300,沪深300ETF华泰柏瑞,3.335,3.36,3.374,3.332,2778349.0,1069637520.0,1.26,0.6,0.02,1.03,eastmoney,qfq
2020-04-30,510300,沪深300ETF华泰柏瑞,3.374,3.417,3.425,3.372,5279980.0,2059990944.0,1.58,1.7,0.057,1.95,eastmoney,qfq
2020-05-06,510300,沪深300ETF华泰柏瑞,3.374,3.427,3.435,3.369,3834535.0,1490004480.0,1.93,0.29,0.01,1.42,eastmoney,qfq
2020-05-07,510300,沪深300ETF华泰柏瑞,3.427,3.42,3.434,3.408,2746388.0,1073971200.0,0.76,-0.2,-0.007,1.01,eastmoney,qfq
2020-05-08,510300,沪深300ETF华泰柏瑞,3.438,3.462,3.481,3.436,3706743.0,1464209056.0,1.32,1.23,0.042,1.37,eastmoney,qfq
2020-05-11,510300,沪深300ETF华泰柏瑞,3.468,3.455,3.501,3.444,4123096.0,1634097104.0,1.65,-0.2,-0.007,1.52,eastmoney,qfq
2020-05-12,510300,沪深300ETF华泰柏瑞,3.456,3.454,3.469,3.426,5866052.0,2310845680.0,1.24,-0.03,-0.001,2.17,eastmoney,qfq
2020-05-13,510300,沪深300ETF华泰柏瑞,3.442,3.463,3.469,3.429,2783969.0,1096626960.0,1.16,0.26,0.009,1.03,eastmoney,qfq
2020-05-14,510300,沪深300ETF华泰柏瑞,3.449,3.43,3.449,3.426,3001796.0,1178568304.0,0.66,-0.95,-0.033,1.11,eastmoney,qfq
2020-05-15,510300,沪深300ETF华泰柏瑞,3.437,3.411,3.449,3.41,5435704.0,2129155232.0,1.14,-0.55,-0.019,2.01,eastmoney,qfq
2020-05-18,510300,沪深300ETF华泰柏瑞,3.41,3.423,3.447,3.401,3020530.0,1184460544.0,1.35,0.35,0.012,1.12,eastmoney,qfq
2020-05-19,510300,沪深300ETF华泰柏瑞,3.459,3.452,3.466,3.441,2781211.0,1096942160.0,0.73,0.85,0.029,1.03,eastmoney,qfq
2020-05-20,510300,沪深300ETF华泰柏瑞,3.449,3.436,3.453,3.429,1975618.0,777073056.0,0.7,-0.46,-0.016,0.73,eastmoney,qfq
2020-05-21,510300,沪深300ETF华泰柏瑞,3.442,3.41,3.449,3.408,2365234.0,926829392.0,1.19,-0.76,-0.026,0.87,eastmoney,qfq
2020-05-22,510300,沪深300ETF华泰柏瑞,3.407,3.324,3.407,3.322,5328616.0,2048425728.0,2.49,-2.52,-0.086,1.97,eastmoney,qfq
2020-05-25,510300,沪深300ETF华泰柏瑞,3.321,3.326,3.338,3.306,2505597.0,955690448.0,0.96,0.06,0.002,0.93,eastmoney,qfq
2020-05-26,510300,沪深300ETF华泰柏瑞,3.343,3.372,3.375,3.343,4751108.0,1829472416.0,0.96,1.38,0.046,1.75,eastmoney,qfq
2020-05-27,510300,沪深300ETF华泰柏瑞,3.372,3.354,3.373,3.342,2311996.0,889357456.0,0.92,-0.53,-0.018,0.85,eastmoney,qfq
2020-05-28,510300,沪深300ETF华泰柏瑞,3.356,3.359,3.393,3.324,2840731.0,1093611520.0,2.06,0.15,0.005,1.05,eastmoney,qfq
2020-05-29,510300,沪深300ETF华泰柏瑞,3.339,3.375,3.378,3.332,2509198.0,966708848.0,1.37,0.48,0.016,0.93,eastmoney,qfq
2020-06-01,510300,沪深300ETF华泰柏瑞,3.407,3.477,3.485,3.404,3509289.0,1385589760.0,2.4,3.02,0.102,1.3,eastmoney,qfq
2020-06-02,510300,沪深300ETF华泰柏瑞,3.477,3.488,3.498,3.469,1628382.0,647069168.0,0.83,0.32,0.011,0.6,eastmoney,qfq
2020-06-03,510300,沪深300ETF华泰柏瑞,3.507,3.487,3.529,3.485,3657525.0,1461404416.0,1.26,-0.03,-0.001,1.35,eastmoney,qfq
2020-06-04,510300,沪深300ETF华泰柏瑞,3.5,3.489,3.504,3.474,2813844.0,1119665728.0,0.86,0.06,0.002,1.04,eastmoney,qfq
2020-06-05,510300,沪深300ETF华泰柏瑞,3.488,3.512,3.513,3.474,2013596.0,801832960.0,1.12,0.66,0.023,0.74,eastmoney,qfq
2020-06-08,510300,沪深300ETF华泰柏瑞,3.529,3.531,3.556,3.521,2856037.0,1149881968.0,1.0,0.54,0.019,1.05,eastmoney,qfq
2020-06-09,510300,沪深300ETF华泰柏瑞,3.533,3.558,3.559,3.522,2944925.0,1189397520.0,1.05,0.76,0.027,1.09,eastmoney,qfq
2020-06-10,510300,沪深300ETF华泰柏瑞,3.554,3.549,3.555,3.536,3183572.0,1285096272.0,0.53,-0.25,-0.009,1.18,eastmoney,qfq
2020-06-11,510300,沪深300ETF华泰柏瑞,3.542,3.512,3.559,3.493,3051933.0,1226496432.0,1.86,-1.04,-0.037,1.13,eastmoney,qfq
2020-06-12,510300,沪深300ETF华泰柏瑞,3.471,3.522,3.532,3.451,3090733.0,1230613936.0,2.31,0.28,0.01,1.14,eastmoney,qfq
2020-06-15,510300,沪深300ETF华泰柏瑞,3.491,3.465,3.518,3.464,2805261.0,1117257840.0,1.53,-1.62,-0.057,1.04,eastmoney,qfq
2020-06-16,510300,沪深300ETF华泰柏瑞,3.504,3.527,3.528,3.5,2476953.0,992947040.0,0.81,1.79,0.062,0.91,eastmoney,qfq
2020-06-17,510300,沪深300ETF华泰柏瑞,3.529,3.531,3.532,3.505,2790256.0,1118948768.0,0.77,0.11,0.004,1.03,eastmoney,qfq
2020-06-18,510300,沪深300ETF华泰柏瑞,3.522,3.562,3.564,3.514,3430027.0,1385004400.0,1.42,0.88,0.031,1.27,eastmoney,qfq
2020-06-19,510300,沪深300ETF华泰柏瑞,3.559,3.614,3.634,3.559,3695636.0,1514130384.0,2.11,1.46,0.052,1.36,eastmoney,qfq
2020-06-22,510300,沪深300ETF华泰柏瑞,3.614,3.618,3.649,3.606,5212442.0,2146227184.0,1.19,0.11,0.004,1.92,eastmoney,qfq
2020-06-23,510300,沪深300ETF华泰柏瑞,3.609,3.637,3.642,3.595,3981678.0,1638145520.0,1.3,0.53,0.019,1.47,eastmoney,qfq
2020-06-24,510300,沪深300ETF华泰柏瑞,3.647,3.673,3.676,3.645,4579422.0,1899221456.0,0.85,0.99,0.036,1.69,eastmoney,qfq
2020-06-29,510300,沪深300ETF华泰柏瑞,3.659,3.637,3.669,3.615,2126550.0,876863744.0,1.47,-0.98,-0.036,0.79,eastmoney,qfq
2020-06-30,510300,沪深300ETF华泰柏瑞,3.657,3.687,3.701,3.655,5424685.0,2264019136.0,1.26,1.37,0.05,2.0,eastmoney,qfq
2020-07-01,510300,沪深300ETF华泰柏瑞,3.696,3.781,3.785,3.692,5740641.0,2425293920.0,2.52,2.55,0.094,2.12,eastmoney,qfq
2020-07-02,510300,沪深300ETF华泰柏瑞,3.779,3.879,3.884,3.772,5504378.0,2380221136.0,2.96,2.59,0.098,2.03,eastmoney,qfq
2020-07-03,510300,沪深300ETF华泰柏瑞,3.895,3.966,3.973,3.878,5867687.0,2583513168.0,2.45,2.24,0.087,2.17,eastmoney,qfq
2020-07-06,510300,沪深300ETF华泰柏瑞,4.036,4.293,4.308,4.017,9293175.0,4319345408.0,7.34,8.25,0.327,3.43,eastmoney,qfq
2020-07-07,510300,沪深300ETF华泰柏瑞,4.33,4.245,4.359,4.233,10745019.0,5140703744.0,2.94,-1.12,-0.048,3.97,eastmoney,qfq
2020-07-08,510300,沪深300ETF华泰柏瑞,4.243,4.307,4.347,4.217,9034869.0,4300342528.0,3.06,1.46,0.062,3.34,eastmoney,qfq
2020-07-09,510300,沪深300ETF华泰柏瑞,4.305,4.381,4.393,4.269,6424342.0,3104867392.0,2.88,1.72,0.074,2.37,eastmoney,qfq
2020-07-10,510300,沪深300ETF华泰柏瑞,4.347,4.294,4.366,4.272,5644168.0,2719824192.0,2.15,-1.99,-0.087,2.08,eastmoney,qfq
2020-07-13,510300,沪深300ETF华泰柏瑞,4.291,4.394,4.436,4.286,8243783.0,4008141936.0,3.49,2.33,0.1,3.04,eastmoney,qfq
2020-07-14,510300,沪深300ETF华泰柏瑞,4.386,4.351,4.408,4.274,7376414.0,3569719104.0,3.05,-0.98,-0.043,2.72,eastmoney,qfq
2020-07-15,510300,沪深300ETF华泰柏瑞,4.369,4.293,4.404,4.274,6624029.0,3200591200.0,2.99,-1.33,-0.058,2.45,eastmoney,qfq
2020-07-16,510300,沪深300ETF华泰柏瑞,4.299,4.065,4.337,4.059,12899181.0,6024139008.0,6.48,-5.31,-0.228,4.76,eastmoney,qfq
2020-07-17,510300,沪深300ETF华泰柏瑞,4.079,4.114,4.163,4.05,9042924.0,4154619232.0,2.78,1.21,0.049,3.34,eastmoney,qfq
2020-07-20,510300,沪深300ETF华泰柏瑞,4.156,4.236,4.249,4.094,7249762.0,3384863200.0,3.77,2.97,0.122,2.68,eastmoney,qfq
2020-07-21,510300,沪深300ETF华泰柏瑞,4.258,4.248,4.273,4.22,4653507.0,2204859168.0,1.25,0.28,0.012,1.72,eastmoney,qfq
2020-07-22,510300,沪深300ETF华泰柏瑞,4.241,4.301,4.365,4.237,7054372.0,3385495856.0,3.01,1.25,0.053,2.6,eastmoney,qfq
2020-07-23,510300,沪深300ETF华泰柏瑞,4.251,4.275,4.298,4.171,4305771.0,2037385936.0,2.95,-0.6,-0.026,1.59,eastmoney,qfq
2020-07-24,510300,沪深300ETF华泰柏瑞,4.235,4.063,4.251,4.036,6482820.0,3002698176.0,5.03,-4.96,-0.212,2.39,eastmoney,qfq
2020-07-27,510300,沪深300ETF华泰柏瑞,4.092,4.091,4.125,4.046,3111014.0,1424772720.0,1.94,0.69,0.028,1.15,eastmoney,qfq
2020-07-28,510300,沪深300ETF华泰柏瑞,4.124,4.126,4.15,4.096,3742573.0,1726997392.0,1.32,0.86,0.035,1.38,eastmoney,qfq
2020-07-29,510300,沪深300ETF华泰柏瑞,4.114,4.258,4.262,4.108,4883854.0,2295204608.0,3.73,3.2,0.132,1.8,eastmoney,qfq
2020-07-30,510300,沪深300ETF华泰柏瑞,4.259,4.223,4.266,4.218,2974744.0,1407409984.0,1.13,-0.82,-0.035,1.1,eastmoney,qfq
2020-07-31,510300,沪深300ETF华泰柏瑞,4.219,4.259,4.318,4.181,5185247.0,2461206608.0,3.24,0.85,0.036,1.91,eastmoney,qfq
2020-08-03,510300,沪深300ETF华泰柏瑞,4.299,4.334,4.338,4.281,4343933.0,2085189584.0,1.34,1.76,0.075,1.6,eastmoney,qfq
2020-08-04,510300,沪深300ETF华泰柏瑞,4.358,4.338,4.372,4.313,3114025.0,1504562144.0,1.36,0.09,0.004,1.15,eastmoney,qfq
2020-08-05,510300,沪深300ETF华泰柏瑞,4.331,4.34,4.354,4.27,3006974.0,1444229408.0,1.94,0.05,0.002,1.11,eastmoney,qfq
2020-08-06,510300,沪深300ETF华泰柏瑞,4.34,4.322,4.361,4.256,2246670.0,1078135872.0,2.42,-0.41,-0.018,0.83,eastmoney,qfq
2020-08-07,510300,沪深300ETF华泰柏瑞,4.312,4.274,4.314,4.209,3430551.0,1633338704.0,2.43,-1.11,-0.048,1.27,eastmoney,qfq
2020-08-10,510300,沪深300ETF华泰柏瑞,4.242,4.29,4.327,4.204,2404258.0,1145210288.0,2.88,0.37,0.016,0.89,eastmoney,qfq
2020-08-11,510300,沪深300ETF华泰柏瑞,4.294,4.243,4.36,4.235,2480529.0,1192172416.0,2.91,-1.1,-0.047,0.92,eastmoney,qfq
2020-08-12,510300,沪深300ETF华泰柏瑞,4.234,4.211,4.249,4.131,4240605.0,1982239072.0,2.78,-0.75,-0.032,1.57,eastmoney,qfq
2020-08-13,510300,沪深300ETF华泰柏瑞,4.224,4.196,4.233,4.187,1978058.0,929510048.0,1.09,-0.36,-0.015,0.73,eastmoney,qfq
2020-08-14,510300,沪深300ETF华泰柏瑞,4.197,4.287,4.289,4.179,4221856.0,2003224528.0,2.62,2.17,0.091,1.56,eastmoney,qfq
2020-08-17,510300,沪深300ETF华泰柏瑞,4.307,4.386,4.419,4.292,5634750.0,2736783504.0,2.96,2.31,0.099,2.08,eastmoney,qfq
2020-08-18,510300,沪深300ETF华泰柏瑞,4.391,4.379,4.401,4.353,3493118.0,1701347312.0,1.09,-0.16,-0.007,1.29,eastmoney,qfq
2020-08-19,510300,沪深300ETF华泰柏瑞,4.376,4.303,4.38,4.3,4058191.0,1960455856.0,1.83,-1.74,-0.076,1.5,eastmoney,qfq
2020-08-20,510300,沪深300ETF华泰柏瑞,4.279,4.252,4.29,4.232,3442808.0,1635643696.0,1.35,-1.19,-0.051,1.27,eastmoney,qfq
2020-08-21,510300,沪深300ETF华泰柏瑞,4.277,4.293,4.317,4.254,2893291.0,1383398800.0,1.48,0.96,0.041,1.07,eastmoney,qfq
2020-08-24,510300,沪深300ETF华泰柏瑞,4.315,4.323,4.341,4.288,4159345.0,2001903984.0,1.23,0.7,0.03,1.54,eastmoney,qfq
2020-08-25,510300,沪深300ETF华泰柏瑞,4.336,4.332,4.38,4.313,2161333.0,1045169792.0,1.55,0.21,0.009,0.8,eastmoney,qfq
2020-08-26,510300,沪深300ETF华泰柏瑞,4.329,4.273,4.359,4.257,3349817.0,1602850784.0,2.35,-1.36,-0.059,1.24,eastmoney,qfq
2020-08-27,510300,沪深300ETF华泰柏瑞,4.279,4.309,4.311,4.25,2074315.0,990307792.0,1.43,0.84,0.036,0.77,eastmoney,qfq
2020-08-28,510300,沪深300ETF华泰柏瑞,4.302,4.426,4.434,4.287,5549965.0,2700358160.0,3.41,2.72,0.117,2.05,eastmoney,qfq
2020-08-31,510300,沪深300ETF华泰柏瑞,4.454,4.383,4.477,4.379,4886972.0,2411052928.0,2.21,-0.97,-0.043,1.8,eastmoney,qfq
2020-09-01,510300,沪深300ETF华泰柏瑞,4.375,4.417,4.419,4.369,2405330.0,1174549248.0,1.14,0.78,0.034,0.89,eastmoney,qfq
2020-09-02,510300,沪深300ETF华泰柏瑞,4.428,4.413,4.434,4.363,3859047.0,1888805904.0,1.61,-0.09,-0.004,1.42,eastmoney,qfq
2020-09-03,510300,沪深300ETF华泰柏瑞,4.407,4.393,4.449,4.37,2298303.0,1126381248.0,1.79,-0.45,-0.02,0.85,eastmoney,qfq
2020-09-04,510300,沪深300ETF华泰柏瑞,4.319,4.338,4.356,4.3,3751025.0,1805338848.0,1.27,-1.25,-0.055,1.39,eastmoney,qfq
2020-09-07,510300,沪深300ETF华泰柏瑞,4.329,4.241,4.364,4.219,4457466.0,2132974128.0,3.34,-2.24,-0.097,1.65,eastmoney,qfq
2020-09-08,510300,沪深300ETF华泰柏瑞,4.249,4.265,4.279,4.213,4858203.0,2301096976.0,1.56,0.57,0.024,1.79,eastmoney,qfq
2020-09-09,510300,沪深300ETF华泰柏瑞,4.209,4.154,4.219,4.124,5154947.0,2407141152.0,2.23,-2.6,-0.111,1.9,eastmoney,qfq
2020-09-10,510300,沪深300ETF华泰柏瑞,4.193,4.158,4.215,4.143,4235369.0,1982854304.0,1.73,0.1,0.004,1.56,eastmoney,qfq
2020-09-11,510300,沪深300ETF华泰柏瑞,4.139,4.194,4.202,4.136,2799463.0,1305435216.0,1.59,0.87,0.036,1.03,eastmoney,qfq
2020-09-14,510300,沪深300ETF华泰柏瑞,4.216,4.221,4.233,4.194,2635947.0,1240126304.0,0.93,0.64,0.027,0.97,eastmoney,qfq
2020-09-15,510300,沪深300ETF华泰柏瑞,4.214,4.256,4.264,4.203,2928606.0,1384217312.0,1.45,0.83,0.035,1.08,eastmoney,qfq
2020-09-16,510300,沪深300ETF华泰柏瑞,4.254,4.228,4.258,4.211,1889127.0,893325904.0,1.1,-0.66,-0.028,0.7,eastmoney,qfq
2020-09-17,510300,沪深300ETF华泰柏瑞,4.212,4.199,4.244,4.176,4081454.0,1916736896.0,1.61,-0.69,-0.029,1.51,eastmoney,qfq
2020-09-18,510300,沪深300ETF华泰柏瑞,4.204,4.32,4.322,4.202,8735178.0,4159028080.0,2.86,2.88,0.121,3.23,eastmoney,qfq
2020-09-21,510300,沪深300ETF华泰柏瑞,4.324,4.265,4.359,4.259,3816204.0,1825584800.0,2.31,-1.27,-0.055,1.41,eastmoney,qfq
2020-09-22,510300,沪深300ETF华泰柏瑞,4.234,4.208,4.285,4.188,5785134.0,2730884256.0,2.27,-1.34,-0.057,2.14,eastmoney,qfq
2020-09-23,510300,沪深300ETF华泰柏瑞,4.212,4.222,4.238,4.193,4660062.0,2194437872.0,1.07,0.33,0.014,1.72,eastmoney,qfq
2020-09-24,510300,沪深300ETF华泰柏瑞,4.194,4.145,4.205,4.134,3445023.0,1602695296.0,1.68,-1.82,-0.077,1.27,eastmoney,qfq
2020-09-25,510300,沪深300ETF华泰柏瑞,4.152,4.148,4.175,4.13,3253692.0,1509949952.0,1.09,0.07,0.003,1.2,eastmoney,qfq
2020-09-28,510300,沪深300ETF华泰柏瑞,4.151,4.158,4.19,4.144,3046796.0,1418157840.0,1.11,0.24,0.01,1.13,eastmoney,qfq
2020-09-29,510300,沪深300ETF华泰柏瑞,4.179,4.169,4.196,4.161,3158810.0,1474785392.0,0.84,0.26,0.011,1.17,eastmoney,qfq
2020-09-30,510300,沪深300ETF华泰柏瑞,4.182,4.155,4.204,4.129,4549102.0,2117459408.0,1.8,-0.34,-0.014,1.68,eastmoney,qfq
2020-10-09,510300,沪深300ETF华泰柏瑞,4.23,4.248,4.274,4.229,3596667.0,1703741728.0,1.08,2.24,0.093,1.33,eastmoney,qfq
2020-10-12,510300,沪深300ETF华泰柏瑞,4.274,4.396,4.402,4.272,3609528.0,1747762576.0,3.06,3.48,0.148,1.33,eastmoney,qfq
2020-10-13,510300,沪深300ETF华泰柏瑞,4.397,4.412,4.423,4.369,3200439.0,1562011920.0,1.23,0.36,0.016,1.18,eastmoney,qfq
2020-10-14,510300,沪深300ETF华泰柏瑞,4.399,4.388,4.406,4.372,2789483.0,1360025600.0,0.77,-0.54,-0.024,1.03,eastmoney,qfq
2020-10-15,510300,沪深300ETF华泰柏瑞,4.383,4.376,4.41,4.367,3305283.0,1611849488.0,0.98,-0.27,-0.012,1.22,eastmoney,qfq
2020-10-16,510300,沪深300ETF华泰柏瑞,4.373,4.362,4.401,4.333,2835707.0,1379059696.0,1.55,-0.32,-0.014,1.05,eastmoney,qfq
2020-10-19,510300,沪深300ETF华泰柏瑞,4.389,4.331,4.429,4.313,6019252.0,2924978832.0,2.66,-0.71,-0.031,2.22,eastmoney,qfq
2020-10-20,510300,沪深300ETF华泰柏瑞,4.32,4.361,4.363,4.316,2739130.0,1322702080.0,1.09,0.69,0.03,1.01,eastmoney,qfq
2020-10-21,510300,沪深300ETF华泰柏瑞,4.364,4.367,4.373,4.327,3488947.0,1690610416.0,1.05,0.14,0.006,1.29,eastmoney,qfq
2020-10-22,510300,沪深300ETF华泰柏瑞,4.353,4.351,4.368,4.301,2571483.0,1239996912.0,1.53,-0.37,-0.016,0.95,eastmoney,qfq
2020-10-23,510300,沪深300ETF华泰柏瑞,4.341,4.295,4.376,4.29,7768057.0,3742156544.0,1.98,-1.29,-0.056,2.87,eastmoney,qfq
2020-10-26,510300,沪深300ETF华泰柏瑞,4.266,4.259,4.285,4.215,5071474.0,2405937648.0,1.63,-0.84,-0.036,1.87,eastmoney,qfq
2020-10-27,510300,沪深300ETF华泰柏瑞,4.246,4.273,4.279,4.242,2993488.0,1423170544.0,0.87,0.33,0.014,1.11,eastmoney,qfq
2020-10-28,510300,沪深300ETF华泰柏瑞,4.271,4.313,4.327,4.256,4828291.0,2308480720.0,1.66,0.94,0.04,1.78,eastmoney,qfq
2020-10-29,510300,沪深300ETF华泰柏瑞,4.268,4.357,4.38,4.261,3710248.0,1788027264.0,2.76,1.02,0.044,1.37,eastmoney,qfq
2020-10-30,510300,沪深300ETF华泰柏瑞,4.347,4.266,4.356,4.257,3845878.0,1841396288.0,2.27,-2.09,-0.091,1.42,eastmoney,qfq
2020-11-02,510300,沪深300ETF华泰柏瑞,4.268,4.294,4.313,4.268,2001660.0,957490288.0,1.05,0.66,0.028,0.74,eastmoney,qfq
2020-11-03,510300,沪深300ETF华泰柏瑞,4.309,4.345,4.372,4.309,3561129.0,1720609440.0,1.47,1.19,0.051,1.31,eastmoney,qfq
2020-11-04,510300,沪深300ETF华泰柏瑞,4.354,4.382,4.404,4.339,3447388.0,1675789712.0,1.5,0.85,0.037,1.27,eastmoney,qfq
2020-11-05,510300,沪深300ETF华泰柏瑞,4.429,4.458,4.462,4.409,3758944.0,1854962368.0,1.21,1.73,0.076,1.39,eastmoney,qfq
2020-11-06,510300,沪深300ETF华泰柏瑞,4.467,4.46,4.471,4.417,3541237.0,1747900640.0,1.21,0.04,0.002,1.31,eastmoney,qfq
2020-11-09,510300,沪深300ETF华泰柏瑞,4.489,4.557,4.583,4.489,5979880.0,3010717312.0,2.11,2.17,0.097,2.21,eastmoney,qfq
2020-11-10,510300,沪深300ETF华泰柏瑞,4.569,4.53,4.572,4.501,3847847.0,1934778672.0,1.56,-0.59,-0.027,1.42,eastmoney,qfq
2020-11-11,510300,沪深300ETF华泰柏瑞,4.517,4.483,4.537,4.478,3940726.0,1969353184.0,1.3,-1.04,-0.047,1.46,eastmoney,qfq
2020-11-12,510300,沪深300ETF华泰柏瑞,4.489,4.48,4.503,4.465,2580329.0,1283521968.0,0.85,-0.07,-0.003,0.95,eastmoney,qfq
2020-11-13,510300,沪深300ETF华泰柏瑞,4.46,4.429,4.462,4.396,4329279.0,2124647712.0,1.47,-1.14,-0.051,1.6,eastmoney,qfq
2020-11-16,510300,沪深300ETF华泰柏瑞,4.454,4.482,4.484,4.42,2851087.0,1409715392.0,1.45,1.2,0.053,1.05,eastmoney,qfq
2020-11-17,510300,沪深300ETF华泰柏瑞,4.476,4.473,4.479,4.443,2987696.0,1479905280.0,0.8,-0.2,-0.009,1.1,eastmoney,qfq
2020-11-18,510300,沪深300ETF华泰柏瑞,4.469,4.466,4.491,4.443,3606987.0,1790609648.0,1.07,-0.16,-0.007,1.33,eastmoney,qfq
2020-11-19,510300,沪深300ETF华泰柏瑞,4.455,4.508,4.521,4.447,2700795.0,1345193264.0,1.66,0.94,0.042,1.0,eastmoney,qfq
2020-11-20,510300,沪深300ETF华泰柏瑞,4.509,4.523,4.529,4.495,2845033.0,1423546304.0,0.75,0.33,0.015,1.05,eastmoney,qfq
2020-11-23,510300,沪深300ETF华泰柏瑞,4.539,4.581,4.614,4.518,5211471.0,2636959456.0,2.12,1.28,0.058,1.92,eastmoney,qfq
2020-11-24,510300,沪深300ETF华泰柏瑞,4.578,4.549,4.584,4.54,3461421.0,1747429488.0,0.96,-0.7,-0.032,1.28,eastmoney,qfq
2020-11-25,510300,沪深300ETF华泰柏瑞,4.564,4.487,4.586,4.485,4251960.0,2134951328.0,2.22,-1.36,-0.062,1.57,eastmoney,qfq
2020-11-26,510300,沪深300ETF华泰柏瑞,4.485,4.494,4.499,4.446,3958386.0,1966293312.0,1.18,0.16,0.007,1.46,eastmoney,qfq
2020-11-27,510300,沪深300ETF华泰柏瑞,4.494,4.565,4.569,4.486,3787808.0,1897536960.0,1.85,1.58,0.071,1.4,eastmoney,qfq
2020-11-30,510300,沪深300ETF华泰柏瑞,4.578,4.54,4.639,4.537,5351157.0,2720233200.0,2.23,-0.55,-0.025,1.98,eastmoney,qfq
2020-12-01,510300,沪深300ETF华泰柏瑞,4.536,4.651,4.659,4.535,4752836.0,2427406336.0,2.73,2.44,0.111,1.75,eastmoney,qfq
2020-12-02,510300,沪深300ETF华泰柏瑞,4.654,4.64,4.674,4.617,2929469.0,1504583760.0,1.23,-0.24,-0.011,1.08,eastmoney,qfq
2020-12-03,510300,沪深300ETF华泰柏瑞,4.635,4.638,4.656,4.612,2489868.0,1276108544.0,0.95,-0.04,-0.002,0.92,eastmoney,qfq
2020-12-04,510300,沪深300ETF华泰柏瑞,4.629,4.649,4.656,4.589,3301548.0,1690672160.0,1.44,0.24,0.011,1.22,eastmoney,qfq
2020-12-07,510300,沪深300ETF华泰柏瑞,4.649,4.605,4.651,4.586,3593753.0,1833454992.0,1.4,-0.95,-0.044,1.33,eastmoney,qfq
2020-12-08,510300,沪深300ETF华泰柏瑞,4.605,4.589,4.629,4.581,3612519.0,1839851216.0,1.04,-0.35,-0.016,1.33,eastmoney,qfq
2020-12-09,510300,沪深300ETF华泰柏瑞,4.604,4.529,4.616,4.52,5685506.0,2876485552.0,2.09,-1.31,-0.06,2.1,eastmoney,qfq
2020-12-10,510300,沪深300ETF华泰柏瑞,4.519,4.519,4.541,4.501,3189474.0,1598596512.0,0.88,-0.22,-0.01,1.18,eastmoney,qfq
2020-12-11,510300,沪深300ETF华泰柏瑞,4.529,4.463,4.544,4.427,4030120.0,2000650448.0,2.59,-1.24,-0.056,1.49,eastmoney,qfq
2020-12-14,510300,沪深300ETF华泰柏瑞,4.468,4.507,4.511,4.457,2518877.0,1254112960.0,1.21,0.99,0.044,0.93,eastmoney,qfq
2020-12-15,510300,沪深300ETF华泰柏瑞,4.507,4.522,4.529,4.475,2844127.0,1419141952.0,1.2,0.33,0.015,1.05,eastmoney,qfq
2020-12-16,510300,沪深300ETF华泰柏瑞,4.529,4.532,4.539,4.513,2840815.0,1425691984.0,0.57,0.22,0.01,1.05,eastmoney,qfq
2020-12-17,510300,沪深300ETF华泰柏瑞,4.531,4.603,4.607,4.523,4662309.0,2356909280.0,1.85,1.57,0.071,1.72,eastmoney,qfq
2020-12-18,510300,沪深300ETF华泰柏瑞,4.599,4.574,4.604,4.552,4607113.0,2334924960.0,1.13,-0.63,-0.029,1.7,eastmoney,qfq
2020-12-21,510300,沪深300ETF华泰柏瑞,4.571,4.619,4.63,4.544,4458961.0,2272522624.0,1.88,0.98,0.045,1.65,eastmoney,qfq
2020-12-22,510300,沪深300ETF华泰柏瑞,4.608,4.542,4.626,4.535,5153970.0,2620513200.0,1.97,-1.67,-0.077,1.9,eastmoney,qfq
2020-12-23,510300,沪深300ETF华泰柏瑞,4.549,4.583,4.607,4.546,3386872.0,1715172080.0,1.34,0.9,0.041,1.25,eastmoney,qfq
2020-12-24,510300,沪深300ETF华泰柏瑞,4.583,4.583,4.606,4.559,3833768.0,1946157072.0,1.03,0.0,0.0,1.42,eastmoney,qfq
2020-12-25,510300,沪深300ETF华泰柏瑞,4.563,4.625,4.628,4.552,4033561.0,2053182592.0,1.66,0.92,0.042,1.49,eastmoney,qfq
2020-12-28,510300,沪深300ETF华泰柏瑞,4.621,4.639,4.669,4.612,4471300.0,2291869856.0,1.23,0.3,0.014,1.65,eastmoney,qfq
2020-12-29,510300,沪深300ETF华泰柏瑞,4.647,4.623,4.661,4.615,3427179.0,1756155520.0,0.99,-0.34,-0.016,1.27,eastmoney,qfq
2020-12-30,510300,沪深300ETF华泰柏瑞,4.619,4.687,4.689,4.616,3406715.0,1756760320.0,1.58,1.38,0.064,1.26,eastmoney,qfq
2020-12-31,510300,沪深300ETF华泰柏瑞,4.697,4.796,4.802,4.695,8617992.0,4531294976.0,2.28,2.33,0.109,3.18,eastmoney,qfq
2021-01-04,510300,沪深300ETF华泰柏瑞,4.789,4.843,4.875,4.769,5067056.0,2697192784.0,2.21,0.98,0.047,1.87,eastmoney,qfq
2021-01-05,510300,沪深300ETF华泰柏瑞,4.83,4.942,4.954,4.814,6228308.0,3349890560.0,2.89,2.04,0.099,2.3,eastmoney,qfq
2021-01-06,510300,沪深300ETF华泰柏瑞,4.956,4.991,5.023,4.926,3749451.0,2048972320.0,1.96,0.99,0.049,1.38,eastmoney,qfq
2021-01-07,510300,沪深300ETF华泰柏瑞,4.999,5.108,5.109,4.992,4706592.0,2604546544.0,2.34,2.34,0.117,1.74,eastmoney,qfq
2021-01-08,510300,沪深300ETF华泰柏瑞,5.117,5.08,5.14,5.028,6975648.0,3884322784.0,2.19,-0.55,-0.028,2.58,eastmoney,qfq
2021-01-11,510300,沪深300ETF华泰柏瑞,5.081,5.017,5.129,4.986,6359652.0,3536919280.0,2.81,-1.24,-0.063,2.35,eastmoney,qfq
2021-01-12,510300,沪深300ETF华泰柏瑞,5.005,5.177,5.181,5.001,5962808.0,3327362000.0,3.59,3.19,0.16,2.2,eastmoney,qfq
2021-01-13,510300,沪深300ETF华泰柏瑞,5.193,5.155,5.224,5.119,5524344.0,3129878576.0,2.03,-0.42,-0.022,2.04,eastmoney,qfq
2021-01-14,510300,沪深300ETF华泰柏瑞,5.155,5.052,5.155,5.047,6960480.0,3885747952.0,2.1,-2.0,-0.103,2.57,eastmoney,qfq
2021-01-15,510300,沪深300ETF华泰柏瑞,5.052,5.035,5.085,4.969,7090492.0,3916989376.0,2.3,-0.34,-0.017,2.62,eastmoney,qfq
2021-01-18,510300,沪深300ETF华泰柏瑞,5.032,5.094,5.128,4.996,3967686.0,2176480896.0,2.62,1.17,0.059,1.47,eastmoney,qfq
2021-01-19,510300,沪深300ETF华泰柏瑞,5.099,5.019,5.111,4.997,4170097.0,2282323328.0,2.24,-1.47,-0.075,1.54,eastmoney,qfq
2021-01-20,510300,沪深300ETF华泰柏瑞,5.017,5.049,5.076,5.011,4223857.0,2307751584.0,1.3,0.6,0.03,1.56,eastmoney,qfq
2021-01-21,510300,沪深300ETF华泰柏瑞,5.064,5.143,5.169,5.064,5116203.0,2833318064.0,2.08,1.86,0.094,1.89,eastmoney,qfq
2021-01-22,510300,沪深300ETF华泰柏瑞,5.138,5.146,5.151,5.087,5543093.0,3074483616.0,1.24,0.06,0.003,2.05,eastmoney,qfq
2021-01-25,510300,沪深300ETF华泰柏瑞,5.145,5.212,5.23,5.112,4501772.0,2518875360.0,2.29,1.28,0.066,1.66,eastmoney,qfq
2021-01-26,510300,沪深300ETF华泰柏瑞,5.188,5.092,5.191,5.084,3927450.0,2175771664.0,2.05,-2.3,-0.12,1.45,eastmoney,qfq
2021-01-27,510300,沪深300ETF华泰柏瑞,5.086,5.102,5.113,5.031,5915416.0,3252544448.0,1.61,0.2,0.01,2.18,eastmoney,qfq
2021-01-28,510300,沪深300ETF华泰柏瑞,5.041,4.966,5.041,4.945,4699518.0,2541914768.0,1.88,-2.67,-0.136,1.74,eastmoney,qfq
2021-01-29,510300,沪深300ETF华泰柏瑞,4.988,4.929,5.004,4.863,6221139.0,3343269152.0,2.84,-0.75,-0.037,2.3,eastmoney,qfq
2021-02-01,510300,沪深300ETF华泰柏瑞,4.929,4.992,4.995,4.927,4362881.0,2352426032.0,1.38,1.28,0.063,1.61,eastmoney,qfq
2021-02-02,510300,沪深300ETF华泰柏瑞,5.001,5.072,5.075,4.992,5731569.0,3133181952.0,1.66,1.6,0.08,2.12,eastmoney,qfq
2021-02-03,510300,沪深300ETF华泰柏瑞,5.072,5.066,5.106,5.045,2819695.0,1549207312.0,1.2,-0.12,-0.006,1.04,eastmoney,qfq
2021-02-04,510300,沪深300ETF华泰柏瑞,5.041,5.055,5.091,4.997,3000841.0,1639395456.0,1.86,-0.22,-0.011,1.11,eastmoney,qfq
2021-02-05,510300,沪深300ETF华泰柏瑞,5.067,5.063,5.128,5.057,5600005.0,3085296672.0,1.4,0.16,0.008,2.07,eastmoney,qfq
2021-02-08,510300,沪深300ETF华泰柏瑞,5.101,5.135,5.154,5.063,4750134.0,2628084272.0,1.8,1.42,0.072,1.75,eastmoney,qfq
2021-02-09,510300,沪深300ETF华泰柏瑞,5.156,5.273,5.275,5.131,4182998.0,2349537936.0,2.8,2.69,0.138,1.54,eastmoney,qfq
2021-02-10,510300,沪深300ETF华泰柏瑞,5.287,5.388,5.414,5.278,3419099.0,1973984352.0,2.58,2.18,0.115,1.26,eastmoney,qfq
2021-02-18,510300,沪深300ETF华泰柏瑞,5.504,5.345,5.514,5.329,4707657.0,2747359952.0,3.43,-0.8,-0.043,1.74,eastmoney,qfq
2021-02-19,510300,沪深300ETF华泰柏瑞,5.323,5.377,5.382,5.252,7090647.0,4060011760.0,2.43,0.6,0.032,2.62,eastmoney,qfq
2021-02-22,510300,沪深300ETF华泰柏瑞,5.366,5.17,5.367,5.165,7760760.0,4399449088.0,3.76,-3.85,-0.207,2.87,eastmoney,qfq
2021-02-23,510300,沪深300ETF华泰柏瑞,5.131,5.155,5.218,5.128,5912504.0,3308715200.0,1.74,-0.29,-0.015,2.18,eastmoney,qfq
2021-02-24,510300,沪深300ETF华泰柏瑞,5.169,5.008,5.181,4.952,10112690.0,5539235584.0,4.44,-2.85,-0.147,3.73,eastmoney,qfq
2021-02-25,510300,沪深300ETF华泰柏瑞,5.062,5.059,5.104,5.023,6693054.0,3670095568.0,1.62,1.02,0.051,2.47,eastmoney,qfq
2021-02-26,510300,沪深300ETF华泰柏瑞,4.97,4.91,5.001,4.902,8370703.0,4486159616.0,1.96,-2.95,-0.149,3.09,eastmoney,qfq
2021-03-01,510300,沪深300ETF华泰柏瑞,4.962,4.999,5.001,4.929,5582085.0,3007992816.0,1.47,1.81,0.089,2.06,eastmoney,qfq
2021-03-02,510300,沪深300ETF华泰柏瑞,5.027,4.93,5.032,4.888,4338598.0,2338148832.0,2.88,-1.38,-0.069,1.6,eastmoney,qfq
2021-03-03,510300,沪深300ETF华泰柏瑞,4.914,5.035,5.039,4.897,3611546.0,1950248208.0,2.88,2.13,0.105,1.33,eastmoney,qfq
2021-03-04,510300,沪深300ETF华泰柏瑞,4.981,4.868,4.981,4.839,6449816.0,3428246544.0,2.82,-3.32,-0.167,2.38,eastmoney,qfq
2021-03-05,510300,沪深300ETF华泰柏瑞,4.783,4.847,4.892,4.76,5936328.0,3111411984.0,2.71,-0.43,-0.021,2.19,eastmoney,qfq
2021-03-08,510300,沪深300ETF华泰柏瑞,4.881,4.661,4.906,4.651,5637220.0,2929014224.0,5.26,-3.84,-0.186,2.08,eastmoney,qfq
2021-03-09,510300,沪深300ETF华泰柏瑞,4.658,4.56,4.676,4.507,9317191.0,4677125888.0,3.63,-2.17,-0.101,3.44,eastmoney,qfq
2021-03-10,510300,沪深300ETF华泰柏瑞,4.618,4.581,4.642,4.564,6365358.0,3197285824.0,1.71,0.46,0.021,2.35,eastmoney,qfq
2021-03-11,510300,沪深300ETF华泰柏瑞,4.605,4.71,4.713,4.596,6206769.0,3161968864.0,2.55,2.82,0.129,2.29,eastmoney,qfq
2021-03-12,510300,沪深300ETF华泰柏瑞,4.726,4.723,4.733,4.661,4482015.0,2295113616.0,1.53,0.28,0.013,1.65,eastmoney,qfq
2021-03-15,510300,沪深300ETF华泰柏瑞,4.699,4.621,4.7,4.574,3865724.0,1952657088.0,2.67,-2.16,-0.102,1.43,eastmoney,qfq
2021-03-16,510300,沪深300ETF华泰柏瑞,4.623,4.654,4.667,4.593,3232361.0,1635219632.0,1.6,0.71,0.033,1.19,eastmoney,qfq
2021-03-17,510300,沪深300ETF华泰柏瑞,4.64,4.677,4.702,4.594,3062946.0,1554332784.0,2.32,0.49,0.023,1.13,eastmoney,qfq
2021-03-18,510300,沪深300ETF华泰柏瑞,4.689,4.717,4.74,4.687,3196101.0,1639545024.0,1.13,0.86,0.04,1.18,eastmoney,qfq
2021-03-19,510300,沪深300ETF华泰柏瑞,4.653,4.578,4.669,4.564,4921956.0,2478004768.0,2.23,-2.95,-0.139,1.82,eastmoney,qfq
2021-03-22,510300,沪深300ETF华泰柏瑞,4.576,4.635,4.653,4.571,4234868.0,2132916080.0,1.79,1.25,0.057,1.56,eastmoney,qfq
2021-03-23,510300,沪深300ETF华泰柏瑞,4.63,4.59,4.639,4.548,4916388.0,2459560320.0,1.96,-0.97,-0.045,1.82,eastmoney,qfq
2021-03-24,510300,沪深300ETF华泰柏瑞,4.569,4.514,4.611,4.493,7550529.0,3741109712.0,2.57,-1.66,-0.076,2.79,eastmoney,qfq
2021-03-25,510300,沪深300ETF华泰柏瑞,4.487,4.51,4.532,4.469,2849087.0,1402397536.0,1.4,-0.09,-0.004,1.05,eastmoney,qfq
2021-03-26,510300,沪深300ETF华泰柏瑞,4.531,4.614,4.637,4.527,5565349.0,2790146480.0,2.44,2.31,0.104,2.05,eastmoney,qfq
2021-03-29,510300,沪深300ETF华泰柏瑞,4.626,4.624,4.661,4.586,6392568.0,3229920080.0,1.63,0.22,0.01,2.36,eastmoney,qfq
2021-03-30,510300,沪深300ETF华泰柏瑞,4.621,4.668,4.685,4.611,2682839.0,1361536032.0,1.6,0.95,0.044,0.99,eastmoney,qfq
2021-03-31,510300,沪深300ETF华泰柏瑞,4.664,4.631,4.665,4.594,2308127.0,1163103568.0,1.52,-0.79,-0.037,0.85,eastmoney,qfq
2021-04-01,510300,沪深300ETF华泰柏瑞,4.637,4.693,4.701,4.633,3229964.0,1641836112.0,1.47,1.34,0.062,1.19,eastmoney,qfq
2021-04-02,510300,沪深300ETF华泰柏瑞,4.711,4.742,4.747,4.69,2803346.0,1440678160.0,1.21,1.04,0.049,1.04,eastmoney,qfq
2021-04-06,510300,沪深300ETF华泰柏瑞,4.754,4.714,4.758,4.701,2346355.0,1206265184.0,1.2,-0.59,-0.028,0.87,eastmoney,qfq
2021-04-07,510300,沪深300ETF华泰柏瑞,4.719,4.679,4.721,4.648,1752173.0,891976448.0,1.55,-0.74,-0.035,0.65,eastmoney,qfq
2021-04-08,510300,沪深300ETF华泰柏瑞,4.662,4.69,4.711,4.638,1407559.0,718026032.0,1.56,0.24,0.011,0.52,eastmoney,qfq
2021-04-09,510300,沪深300ETF华泰柏瑞,4.676,4.619,4.676,4.606,2223298.0,1122455296.0,1.49,-1.51,-0.071,0.82,eastmoney,qfq
2021-04-12,510300,沪深300ETF华泰柏瑞,4.607,4.535,4.63,4.518,6639382.0,3300299232.0,2.42,-1.82,-0.084,2.45,eastmoney,qfq
2021-04-13,510300,沪深300ETF华泰柏瑞,4.527,4.528,4.575,4.51,4535452.0,2247446208.0,1.43,-0.15,-0.007,1.67,eastmoney,qfq
2021-04-14,510300,沪深300ETF华泰柏瑞,4.533,4.556,4.57,4.524,5271842.0,2620909280.0,1.02,0.62,0.028,1.95,eastmoney,qfq
2021-04-15,510300,沪深300ETF华泰柏瑞,4.541,4.528,4.546,4.475,4935407.0,2431754048.0,1.56,-0.61,-0.028,1.82,eastmoney,qfq
2021-04-16,510300,沪深300ETF华泰柏瑞,4.54,4.544,4.556,4.499,4998940.0,2476638368.0,1.26,0.35,0.016,1.85,eastmoney,qfq
2021-04-19,510300,沪深300ETF华泰柏瑞,4.54,4.67,4.678,4.517,5673692.0,2864077168.0,3.54,2.77,0.126,2.09,eastmoney,qfq
2021-04-20,510300,沪深300ETF华泰柏瑞,4.652,4.662,4.697,4.643,3698516.0,1882537200.0,1.16,-0.17,-0.008,1.37,eastmoney,qfq
2021-04-21,510300,沪深300ETF华泰柏瑞,4.63,4.674,4.689,4.628,4143214.0,2104768800.0,1.31,0.26,0.012,1.53,eastmoney,qfq
2021-04-22,510300,沪深300ETF华泰柏瑞,4.682,4.67,4.699,4.646,4483992.0,2279984128.0,1.13,-0.09,-0.004,1.66,eastmoney,qfq
2021-04-23,510300,沪深300ETF华泰柏瑞,4.662,4.721,4.731,4.662,3229926.0,1656258288.0,1.48,1.09,0.051,1.19,eastmoney,qfq
2021-04-26,510300,沪深300ETF华泰柏瑞,4.732,4.657,4.772,4.652,5380616.0,2762169536.0,2.54,-1.36,-0.064,1.99,eastmoney,qfq
2021-04-27,510300,沪深300ETF华泰柏瑞,4.661,4.67,4.679,4.634,3177926.0,1612968576.0,0.97,0.28,0.013,1.17,eastmoney,qfq
2021-04-28,510300,沪深300ETF华泰柏瑞,4.652,4.708,4.711,4.637,3012460.0,1535175280.0,1.58,0.81,0.038,1.11,eastmoney,qfq
2021-04-29,510300,沪深300ETF华泰柏瑞,4.709,4.754,4.761,4.701,3809845.0,1964024096.0,1.27,0.98,0.046,1.41,eastmoney,qfq
2021-04-30,510300,沪深300ETF华泰柏瑞,4.742,4.709,4.753,4.675,4042413.0,2075946592.0,1.64,-0.95,-0.045,1.49,eastmoney,qfq
2021-05-06,510300,沪深300ETF华泰柏瑞,4.69,4.642,4.723,4.616,4075746.0,2073197360.0,2.27,-1.42,-0.067,1.5,eastmoney,qfq
2021-05-07,510300,沪深300ETF华泰柏瑞,4.654,4.581,4.678,4.577,3382892.0,1705351376.0,2.18,-1.31,-0.061,1.25,eastmoney,qfq
2021-05-10,510300,沪深300ETF华泰柏瑞,4.585,4.58,4.606,4.536,3691992.0,1843018240.0,1.53,-0.02,-0.001,1.36,eastmoney,qfq
2021-05-11,510300,沪深300ETF华泰柏瑞,4.548,4.606,4.625,4.513,3979265.0,1985720800.0,2.45,0.57,0.026,1.47,eastmoney,qfq
2021-05-12,510300,沪深300ETF华泰柏瑞,4.595,4.637,4.644,4.577,2539712.0,1277881520.0,1.45,0.67,0.031,0.94,eastmoney,qfq
2021-05-13,510300,沪深300ETF华泰柏瑞,4.597,4.582,4.608,4.557,4725439.0,2363024816.0,1.1,-1.19,-0.055,1.74,eastmoney,qfq
2021-05-14,510300,沪深300ETF华泰柏瑞,4.601,4.708,4.71,4.573,8489630.0,4316323584.0,2.99,2.75,0.126,3.13,eastmoney,qfq
2021-05-17,510300,沪深300ETF华泰柏瑞,4.704,4.769,4.796,4.698,6672555.0,3464215776.0,2.08,1.3,0.061,2.46,eastmoney,qfq
2021-05-18,510300,沪深300ETF华泰柏瑞,4.78,4.771,4.793,4.748,2834588.0,1469848176.0,0.94,0.04,0.002,1.05,eastmoney,qfq
2021-05-19,510300,沪深300ETF华泰柏瑞,4.761,4.757,4.777,4.734,3933595.0,2034732848.0,0.9,-0.29,-0.014,1.45,eastmoney,qfq
2021-05-20,510300,沪深300ETF华泰柏瑞,4.753,4.771,4.787,4.733,2701391.0,1400149088.0,1.14,0.29,0.014,1.0,eastmoney,qfq
2021-05-21,510300,沪深300ETF华泰柏瑞,4.778,4.716,4.808,4.704,5410635.0,2791300048.0,2.18,-1.15,-0.055,2.0,eastmoney,qfq
2021-05-24,510300,沪深300ETF华泰柏瑞,4.716,4.744,4.745,4.677,3496128.0,1796637072.0,1.44,0.59,0.028,1.29,eastmoney,qfq
2021-05-25,510300,沪深300ETF华泰柏瑞,4.744,4.908,4.919,4.744,15361601.0,8133780736.0,3.69,3.46,0.164,5.67,eastmoney,qfq
2021-05-26,510300,沪深300ETF华泰柏瑞,4.912,4.909,4.934,4.897,4868611.0,2596720928.0,0.75,0.02,0.001,1.8,eastmoney,qfq
2021-05-27,510300,沪深300ETF华泰柏瑞,4.901,4.928,4.975,4.877,5307535.0,2835202992.0,2.0,0.39,0.019,1.96,eastmoney,qfq
2021-05-28,510300,沪深300ETF华泰柏瑞,4.927,4.913,4.954,4.881,3456219.0,1843452032.0,1.48,-0.3,-0.015,1.28,eastmoney,qfq
2021-05-31,510300,沪深300ETF华泰柏瑞,4.91,4.919,4.92,4.871,3286030.0,1745986736.0,1.0,0.12,0.006,1.21,eastmoney,qfq
2021-06-01,510300,沪深300ETF华泰柏瑞,4.914,4.927,4.931,4.852,4544228.0,2415673328.0,1.61,0.16,0.008,1.68,eastmoney,qfq
2021-06-02,510300,沪深300ETF华泰柏瑞,4.932,4.884,4.938,4.857,5776071.0,3069526944.0,1.64,-0.87,-0.043,2.13,eastmoney,qfq
2021-06-03,510300,沪深300ETF华泰柏瑞,4.881,4.843,4.904,4.841,4432764.0,2344157008.0,1.29,-0.84,-0.041,1.64,eastmoney,qfq
2021-06-04,510300,沪深300ETF华泰柏瑞,4.831,4.876,4.933,4.814,5581178.0,2951205184.0,2.46,0.68,0.033,2.06,eastmoney,qfq
2021-06-07,510300,沪深300ETF华泰柏瑞,4.876,4.87,4.879,4.832,2652774.0,1399803056.0,0.96,-0.12,-0.006,0.98,eastmoney,qfq
2021-06-08,510300,沪深300ETF华泰柏瑞,4.87,4.828,4.921,4.794,4542037.0,2392039776.0,2.61,-0.86,-0.042,1.68,eastmoney,qfq
2021-06-09,510300,沪深300ETF华泰柏瑞,4.814,4.836,4.847,4.812,2595132.0,1362104032.0,0.72,0.17,0.008,0.96,eastmoney,qfq
2021-06-10,510300,沪深300ETF华泰柏瑞,4.83,4.87,4.905,4.829,4041126.0,2139819984.0,1.57,0.7,0.034,1.49,eastmoney,qfq
2021-06-11,510300,沪深300ETF华泰柏瑞,4.874,4.821,4.888,4.817,3375558.0,1774141744.0,1.46,-1.01,-0.049,1.25,eastmoney,qfq
2021-06-15,510300,沪深300ETF华泰柏瑞,4.821,4.762,4.831,4.735,4312366.0,2237735904.0,1.99,-1.22,-0.059,1.59,eastmoney,qfq
2021-06-16,510300,沪深300ETF华泰柏瑞,4.756,4.691,4.764,4.675,5573017.0,2861614496.0,1.87,-1.49,-0.071,2.06,eastmoney,qfq
2021-06-17,510300,沪深300ETF华泰柏瑞,4.681,4.702,4.725,4.678,3422104.0,1752532816.0,1.0,0.23,0.011,1.26,eastmoney,qfq
2021-06-18,510300,沪深300ETF华泰柏瑞,4.701,4.707,4.736,4.67,5237657.0,2681620832.0,1.4,0.11,0.005,1.93,eastmoney,qfq
2021-06-21,510300,沪深300ETF华泰柏瑞,4.689,4.7,4.736,4.668,4492631.0,2297972208.0,1.44,-0.15,-0.007,1.66,eastmoney,qfq
2021-06-22,510300,沪深300ETF华泰柏瑞,4.721,4.726,4.732,4.692,6783142.0,3481237664.0,0.85,0.55,0.026,2.5,eastmoney,qfq
2021-06-23,510300,沪深300ETF华泰柏瑞,4.733,4.757,4.784,4.717,5864652.0,3034353440.0,1.42,0.66,0.031,2.17,eastmoney,qfq
2021-06-24,510300,沪深300ETF华泰柏瑞,4.761,4.77,4.771,4.736,2175097.0,1125515424.0,0.74,0.27,0.013,0.8,eastmoney,qfq
2021-06-25,510300,沪深300ETF华泰柏瑞,4.774,4.851,4.87,4.772,6192587.0,3253306016.0,2.05,1.7,0.081,2.29,eastmoney,qfq
2021-06-28,510300,沪深300ETF华泰柏瑞,4.859,4.86,4.871,4.838,4454965.0,2349760656.0,0.68,0.19,0.009,1.64,eastmoney,qfq
2021-06-29,510300,沪深300ETF华泰柏瑞,4.86,4.806,4.86,4.796,2901856.0,1520211072.0,1.32,-1.11,-0.054,1.07,eastmoney,qfq
2021-06-30,510300,沪深300ETF华泰柏瑞,4.807,4.837,4.848,4.806,3711710.0,1948238480.0,0.87,0.65,0.031,1.37,eastmoney,qfq
2021-07-01,510300,沪深300ETF华泰柏瑞,4.854,4.835,4.865,4.803,5643739.0,2964560976.0,1.28,-0.04,-0.002,2.08,eastmoney,qfq
2021-07-02,510300,沪深300ETF华泰柏瑞,4.801,4.694,4.803,4.692,4422360.0,2278045472.0,2.3,-2.92,-0.141,1.63,eastmoney,qfq
2021-07-05,510300,沪深300ETF华泰柏瑞,4.694,4.701,4.713,4.671,2575703.0,1316062240.0,0.89,0.15,0.007,0.95,eastmoney,qfq
2021-07-06,510300,沪深300ETF华泰柏瑞,4.701,4.708,4.711,4.652,3816887.0,1946038944.0,1.26,0.15,0.007,1.41,eastmoney,qfq
2021-07-07,510300,沪深300ETF华泰柏瑞,4.686,4.761,4.783,4.678,3494651.0,1802156512.0,2.23,1.13,0.053,1.29,eastmoney,qfq
2021-07-08,510300,沪深300ETF华泰柏瑞,4.77,4.717,4.777,4.702,3280350.0,1689688928.0,1.58,-0.92,-0.044,1.21,eastmoney,qfq
2021-07-09,510300,沪深300ETF华泰柏瑞,4.701,4.693,4.709,4.637,4262319.0,2174685024.0,1.53,-0.51,-0.024,1.57,eastmoney,qfq
2021-07-12,510300,沪深300ETF华泰柏瑞,4.731,4.761,4.79,4.703,5966929.0,3088418560.0,1.85,1.45,0.068,2.2,eastmoney,qfq
2021-07-13,510300,沪深300ETF华泰柏瑞,4.76,4.777,4.795,4.749,3464404.0,1798359504.0,0.97,0.34,0.016,1.28,eastmoney,qfq
2021-07-14,510300,沪深300ETF华泰柏瑞,4.772,4.72,4.772,4.709,3824693.0,1970051840.0,1.32,-1.19,-0.057,1.41,eastmoney,qfq
2021-07-15,510300,沪深300ETF华泰柏瑞,4.712,4.788,4.795,4.705,3552867.0,1839020768.0,1.91,1.44,0.068,1.31,eastmoney,qfq
2021-07-16,510300,沪深300ETF华泰柏瑞,4.781,4.737,4.786,4.733,3702352.0,1916254592.0,1.11,-1.07,-0.051,1.37,eastmoney,qfq
2021-07-19,510300,沪深300ETF华泰柏瑞,4.728,4.759,4.769,4.687,3320462.0,1709347744.0,1.73,0.46,0.022,1.23,eastmoney,qfq
2021-07-20,510300,沪深300ETF华泰柏瑞,4.721,4.746,4.76,4.712,3066793.0,1581145200.0,1.01,-0.27,-0.013,1.13,eastmoney,qfq
2021-07-21,510300,沪深300ETF华泰柏瑞,4.761,4.785,4.806,4.753,5784303.0,3011038368.0,1.12,0.82,0.039,2.14,eastmoney,qfq
2021-07-22,510300,沪深300ETF华泰柏瑞,4.786,4.79,4.814,4.779,2696841.0,1405906240.0,0.73,0.1,0.005,1.0,eastmoney,qfq
2021-07-23,510300,沪深300ETF华泰柏瑞,4.791,4.738,4.792,4.726,2681441.0,1384583056.0,1.38,-1.09,-0.052,0.99,eastmoney,qfq
2021-07-26,510300,沪深300ETF华泰柏瑞,4.718,4.563,4.719,4.504,9152734.0,4590557952.0,4.54,-3.69,-0.175,3.38,eastmoney,qfq
2021-07-27,510300,沪深300ETF华泰柏瑞,4.56,4.39,4.581,4.384,8072052.0,3972490928.0,4.32,-3.79,-0.173,2.98,eastmoney,qfq
2021-07-28,510300,沪深300ETF华泰柏瑞,4.384,4.4,4.424,4.316,9133473.0,4378815488.0,2.46,0.23,0.01,3.37,eastmoney,qfq
2021-07-29,510300,沪深300ETF华泰柏瑞,4.48,4.487,4.498,4.439,6402064.0,3130337232.0,1.34,1.98,0.087,2.36,eastmoney,qfq
2021-07-30,510300,沪深300ETF华泰柏瑞,4.464,4.453,4.465,4.402,2258702.0,1097220224.0,1.4,-0.76,-0.034,0.83,eastmoney,qfq
2021-08-02,510300,沪深300ETF华泰柏瑞,4.437,4.574,4.585,4.405,3752039.0,1853444880.0,4.04,2.72,0.121,1.39,eastmoney,qfq
2021-08-03,510300,沪深300ETF华泰柏瑞,4.552,4.576,4.6,4.536,2330098.0,1161609440.0,1.4,0.04,0.002,0.86,eastmoney,qfq
2021-08-04,510300,沪深300ETF华泰柏瑞,4.565,4.62,4.621,4.563,2486453.0,1248682992.0,1.27,0.96,0.044,0.92,eastmoney,qfq
2021-08-05,510300,沪深300ETF华泰柏瑞,4.585,4.59,4.639,4.562,2098716.0,1053873952.0,1.67,-0.65,-0.03,0.77,eastmoney,qfq
2021-08-06,510300,沪深300ETF华泰柏瑞,4.581,4.574,4.586,4.543,1126992.0,561475936.0,0.94,-0.35,-0.016,0.42,eastmoney,qfq
2021-08-09,510300,沪深300ETF华泰柏瑞,4.551,4.629,4.648,4.533,2290906.0,1151898656.0,2.51,1.2,0.055,0.85,eastmoney,qfq
2021-08-10,510300,沪深300ETF华泰柏瑞,4.617,4.686,4.689,4.583,3241224.0,1635519296.0,2.29,1.23,0.057,1.2,eastmoney,qfq
2021-08-11,510300,沪深300ETF华泰柏瑞,4.679,4.659,4.705,4.656,2391296.0,1219614192.0,1.05,-0.58,-0.027,0.88,eastmoney,qfq
2021-08-12,510300,沪深300ETF华泰柏瑞,4.641,4.627,4.662,4.617,1339717.0,677135200.0,0.97,-0.69,-0.032,0.49,eastmoney,qfq
2021-08-13,510300,沪深300ETF华泰柏瑞,4.614,4.6,4.647,4.571,2025664.0,1017354160.0,1.64,-0.58,-0.027,0.75,eastmoney,qfq
2021-08-16,510300,沪深300ETF华泰柏瑞,4.594,4.597,4.625,4.582,1862036.0,934436576.0,0.93,-0.07,-0.003,0.69,eastmoney,qfq
2021-08-17,510300,沪深300ETF华泰柏瑞,4.591,4.485,4.623,4.476,3523009.0,1751144112.0,3.2,-2.44,-0.112,1.3,eastmoney,qfq
2021-08-18,510300,沪深300ETF华泰柏瑞,4.485,4.538,4.567,4.473,3847710.0,1901295856.0,2.1,1.18,0.053,1.42,eastmoney,qfq
2021-08-19,510300,沪深300ETF华泰柏瑞,4.521,4.504,4.538,4.482,2403110.0,1185219024.0,1.23,-0.75,-0.034,0.89,eastmoney,qfq
2021-08-20,510300,沪深300ETF华泰柏瑞,4.493,4.414,4.494,4.369,4184413.0,2023086384.0,2.78,-2.0,-0.09,1.55,eastmoney,qfq
2021-08-23,510300,沪深300ETF华泰柏瑞,4.424,4.486,4.492,4.421,3529613.0,1724629440.0,1.61,1.63,0.072,1.3,eastmoney,qfq
2021-08-24,510300,沪深300ETF华泰柏瑞,4.491,4.538,4.559,4.491,3177054.0,1571638432.0,1.52,1.16,0.052,1.17,eastmoney,qfq
2021-08-25,510300,沪深300ETF华泰柏瑞,4.546,4.552,4.554,4.519,2076564.0,1029752688.0,0.77,0.31,0.014,0.77,eastmoney,qfq
2021-08-26,510300,沪深300ETF华泰柏瑞,4.549,4.467,4.55,4.451,1948403.0,956302464.0,2.17,-1.87,-0.085,0.72,eastmoney,qfq
2021-08-27,510300,沪深300ETF华泰柏瑞,4.46,4.48,4.525,4.457,2322364.0,1140911552.0,1.52,0.29,0.013,0.86,eastmoney,qfq
2021-08-30,510300,沪深300ETF华泰柏瑞,4.492,4.462,4.503,4.44,2155322.0,1052155088.0,1.41,-0.4,-0.018,0.8,eastmoney,qfq
2021-08-31,510300,沪深300ETF华泰柏瑞,4.463,4.46,4.478,4.391,2450326.0,1190430816.0,1.95,-0.04,-0.002,0.9,eastmoney,qfq
2021-09-01,510300,沪深300ETF华泰柏瑞,4.461,4.53,4.569,4.421,3865183.0,1903964592.0,3.32,1.57,0.07,1.43,eastmoney,qfq
2021-09-02,510300,沪深300ETF华泰柏瑞,4.541,4.526,4.549,4.501,2240048.0,1107121904.0,1.06,-0.09,-0.004,0.83,eastmoney,qfq
2021-09-03,510300,沪深300ETF华泰柏瑞,4.526,4.499,4.55,4.49,3483673.0,1718509776.0,1.33,-0.6,-0.027,1.29,eastmoney,qfq
2021-09-06,510300,沪深300ETF华泰柏瑞,4.499,4.583,4.597,4.495,4945359.0,2468976368.0,2.27,1.87,0.084,1.83,eastmoney,qfq
2021-09-07,510300,沪深300ETF华泰柏瑞,4.581,4.646,4.67,4.567,4574956.0,2304933616.0,2.25,1.37,0.063,1.69,eastmoney,qfq
2021-09-08,510300,沪深300ETF华泰柏瑞,4.65,4.625,4.674,4.609,2369431.0,1198609520.0,1.4,-0.45,-0.021,0.87,eastmoney,qfq
2021-09-09,510300,沪深300ETF华泰柏瑞,4.612,4.623,4.624,4.583,1825452.0,917262208.0,0.89,-0.04,-0.002,0.67,eastmoney,qfq
2021-09-10,510300,沪深300ETF华泰柏瑞,4.618,4.672,4.708,4.615,3893350.0,1982110592.0,2.01,1.06,0.049,1.44,eastmoney,qfq
2021-09-13,510300,沪深300ETF华泰柏瑞,4.666,4.645,4.69,4.616,3200157.0,1620670960.0,1.58,-0.58,-0.027,1.18,eastmoney,qfq
2021-09-14,510300,沪深300ETF华泰柏瑞,4.646,4.579,4.663,4.558,3277120.0,1645687920.0,2.26,-1.42,-0.066,1.21,eastmoney,qfq
2021-09-15,510300,沪深300ETF华泰柏瑞,4.571,4.526,4.572,4.498,2707359.0,1340902832.0,1.62,-1.16,-0.053,1.0,eastmoney,qfq
2021-09-16,510300,沪深300ETF华泰柏瑞,4.526,4.47,4.536,4.462,4293484.0,2106848912.0,1.63,-1.24,-0.056,1.59,eastmoney,qfq
2021-09-17,510300,沪深300ETF华泰柏瑞,4.469,4.509,4.515,4.449,5139927.0,2520613344.0,1.48,0.87,0.039,1.9,eastmoney,qfq
2021-09-22,510300,沪深300ETF华泰柏瑞,4.441,4.476,4.493,4.433,4916296.0,2399574656.0,1.33,-0.73,-0.033,1.82,eastmoney,qfq
2021-09-23,510300,沪深300ETF华泰柏瑞,4.498,4.505,4.536,4.487,2869732.0,1413518496.0,1.09,0.65,0.029,1.06,eastmoney,qfq
2021-09-24,510300,沪深300ETF华泰柏瑞,4.509,4.512,4.556,4.499,4647712.0,2299464432.0,1.27,0.16,0.007,1.72,eastmoney,qfq
2021-09-27,510300,沪深300ETF华泰柏瑞,4.526,4.544,4.579,4.502,3598936.0,1786172112.0,1.71,0.71,0.032,1.33,eastmoney,qfq
2021-09-28,510300,沪深300ETF华泰柏瑞,4.536,4.535,4.561,4.507,2636353.0,1306079040.0,1.19,-0.2,-0.009,0.97,eastmoney,qfq
2021-09-29,510300,沪深300ETF华泰柏瑞,4.503,4.502,4.53,4.459,5922611.0,2909490208.0,1.57,-0.73,-0.033,2.19,eastmoney,qfq
2021-09-30,510300,沪深300ETF华泰柏瑞,4.504,4.516,4.534,4.502,3129597.0,1544835056.0,0.71,0.31,0.014,1.16,eastmoney,qfq
2021-10-08,510300,沪深300ETF华泰柏瑞,4.559,4.587,4.596,4.552,2446241.0,1222701424.0,0.97,1.57,0.071,0.9,eastmoney,qfq
2021-10-11,510300,沪深300ETF华泰柏瑞,4.595,4.586,4.641,4.582,2603224.0,1309512480.0,1.29,-0.02,-0.001,0.96,eastmoney,qfq
2021-10-12,510300,沪深300ETF华泰柏瑞,4.568,4.534,4.579,4.494,3306068.0,1639579408.0,1.85,-1.13,-0.052,1.22,eastmoney,qfq
2021-10-13,510300,沪深300ETF华泰柏瑞,4.526,4.59,4.606,4.524,2535737.0,1264333984.0,1.81,1.24,0.056,0.94,eastmoney,qfq
2021-10-14,510300,沪深300ETF华泰柏瑞,4.584,4.563,4.609,4.552,1998087.0,998317200.0,1.24,-0.59,-0.027,0.74,eastmoney,qfq
2021-10-15,510300,沪深300ETF华泰柏瑞,4.56,4.587,4.598,4.541,2179701.0,1089703600.0,1.25,0.53,0.024,0.8,eastmoney,qfq
2021-10-18,510300,沪深300ETF华泰柏瑞,4.584,4.529,4.585,4.497,2512605.0,1241208464.0,1.92,-1.26,-0.058,0.93,eastmoney,qfq
2021-10-19,510300,沪深300ETF华泰柏瑞,4.521,4.576,4.581,4.518,2884698.0,1436191680.0,1.39,1.04,0.047,1.07,eastmoney,qfq
2021-10-20,510300,沪深300ETF华泰柏瑞,4.581,4.562,4.603,4.552,1566963.0,782001184.0,1.11,-0.31,-0.014,0.58,eastmoney,qfq
2021-10-21,510300,沪深300ETF华泰柏瑞,4.561,4.584,4.608,4.543,2240855.0,1119219632.0,1.42,0.48,0.022,0.83,eastmoney,qfq
2021-10-22,510300,沪深300ETF华泰柏瑞,4.591,4.617,4.653,4.591,3345973.0,1686635696.0,1.35,0.72,0.033,1.24,eastmoney,qfq
2021-10-25,510300,沪深300ETF华泰柏瑞,4.603,4.634,4.642,4.592,2653745.0,1336929136.0,1.08,0.37,0.017,0.98,eastmoney,qfq
2021-10-26,510300,沪深300ETF华泰柏瑞,4.636,4.617,4.669,4.604,2479095.0,1251852288.0,1.4,-0.37,-0.017,0.92,eastmoney,qfq
2021-10-27,510300,沪深300ETF华泰柏瑞,4.605,4.551,4.605,4.539,2781043.0,1385676608.0,1.43,-1.43,-0.066,1.03,eastmoney,qfq
2021-10-28,510300,沪深300ETF华泰柏瑞,4.541,4.53,4.558,4.507,4413412.0,2185194496.0,1.12,-0.46,-0.021,1.63,eastmoney,qfq
2021-10-29,510300,沪深300ETF华泰柏瑞,4.527,4.562,4.563,4.515,4264847.0,2114092672.0,1.06,0.71,0.032,1.57,eastmoney,qfq
2021-11-01,510300,沪深300ETF华泰柏瑞,4.538,4.546,4.569,4.52,1950023.0,967955360.0,1.07,-0.35,-0.016,0.72,eastmoney,qfq
2021-11-02,510300,沪深300ETF华泰柏瑞,4.543,4.494,4.576,4.455,4294135.0,2119278880.0,2.66,-1.14,-0.052,1.59,eastmoney,qfq
2021-11-03,510300,沪深300ETF华泰柏瑞,4.491,4.474,4.517,4.46,3406351.0,1671068448.0,1.27,-0.45,-0.02,1.26,eastmoney,qfq
2021-11-04,510300,沪深300ETF华泰柏瑞,4.494,4.521,4.532,4.493,2844233.0,1403738128.0,0.87,1.05,0.047,1.05,eastmoney,qfq
2021-11-05,510300,沪深300ETF华泰柏瑞,4.511,4.504,4.548,4.503,2656008.0,1312374544.0,1.0,-0.38,-0.017,0.98,eastmoney,qfq
2021-11-08,510300,沪深300ETF华泰柏瑞,4.501,4.5,4.529,4.483,3124852.0,1539084832.0,1.02,-0.09,-0.004,1.15,eastmoney,qfq
2021-11-09,510300,沪深300ETF华泰柏瑞,4.516,4.498,4.533,4.473,2628400.0,1292760720.0,1.33,-0.04,-0.002,0.97,eastmoney,qfq
2021-11-10,510300,沪深300ETF华泰柏瑞,4.494,4.473,4.494,4.407,4894264.0,2379856064.0,1.93,-0.56,-0.025,1.81,eastmoney,qfq
2021-11-11,510300,沪深300ETF华泰柏瑞,4.463,4.553,4.556,4.461,3523650.0,1740182224.0,2.12,1.79,0.08,1.3,eastmoney,qfq
2021-11-12,510300,沪深300ETF华泰柏瑞,4.557,4.551,4.572,4.535,2729067.0,1355972400.0,0.81,-0.04,-0.002,1.01,eastmoney,qfq
2021-11-15,510300,沪深300ETF华泰柏瑞,4.555,4.545,4.572,4.524,3359154.0,1667408832.0,1.05,-0.13,-0.006,1.24,eastmoney,qfq
2021-11-16,510300,沪深300ETF华泰柏瑞,4.547,4.541,4.577,4.531,3518703.0,1750476656.0,1.01,-0.09,-0.004,1.3,eastmoney,qfq
2021-11-17,510300,沪深300ETF华泰柏瑞,4.534,4.54,4.555,4.522,2269818.0,1125215664.0,0.73,-0.02,-0.001,0.84,eastmoney,qfq
2021-11-18,510300,沪深300ETF华泰柏瑞,4.528,4.496,4.533,4.483,3606012.0,1774308240.0,1.1,-0.97,-0.044,1.33,eastmoney,qfq
2021-11-19,510300,沪深300ETF华泰柏瑞,4.491,4.551,4.557,4.486,2759206.0,1365616720.0,1.58,1.22,0.055,1.02,eastmoney,qfq
2021-11-22,510300,沪深300ETF华泰柏瑞,4.555,4.564,4.576,4.548,3536475.0,1761554912.0,0.62,0.29,0.013,1.31,eastmoney,qfq
2021-11-23,510300,沪深300ETF华泰柏瑞,4.557,4.567,4.581,4.547,3172672.0,1582334512.0,0.74,0.07,0.003,1.17,eastmoney,qfq
2021-11-24,510300,沪深300ETF华泰柏瑞,4.567,4.578,4.597,4.555,1785947.0,891904464.0,0.92,0.24,0.011,0.66,eastmoney,qfq
2021-11-25,510300,沪深300ETF华泰柏瑞,4.579,4.559,4.58,4.551,1372600.0,683495472.0,0.63,-0.42,-0.019,0.51,eastmoney,qfq
2021-11-26,510300,沪深300ETF华泰柏瑞,4.546,4.517,4.547,4.508,2046378.0,1011650368.0,0.86,-0.92,-0.042,0.76,eastmoney,qfq
2021-11-29,510300,沪深300ETF华泰柏瑞,4.481,4.51,4.519,4.481,2338560.0,1151391536.0,0.84,-0.15,-0.007,0.86,eastmoney,qfq
2021-11-30,510300,沪深300ETF华泰柏瑞,4.513,4.492,4.53,4.469,1836800.0,903625440.0,1.35,-0.4,-0.018,0.68,eastmoney,qfq
2021-12-01,510300,沪深300ETF华泰柏瑞,4.492,4.505,4.51,4.488,2116262.0,1040600304.0,0.49,0.29,0.013,0.78,eastmoney,qfq
2021-12-02,510300,沪深300ETF华泰柏瑞,4.501,4.515,4.526,4.484,1610351.0,794007120.0,0.93,0.22,0.01,0.59,eastmoney,qfq
2021-12-03,510300,沪深300ETF华泰柏瑞,4.515,4.56,4.561,4.507,2196321.0,1087954880.0,1.2,1.0,0.045,0.81,eastmoney,qfq
2021-12-06,510300,沪深300ETF华泰柏瑞,4.563,4.555,4.597,4.55,3328991.0,1663482016.0,1.03,-0.11,-0.005,1.23,eastmoney,qfq
2021-12-07,510300,沪深300ETF华泰柏瑞,4.576,4.583,4.59,4.559,2124268.0,1060624160.0,0.68,0.61,0.028,0.78,eastmoney,qfq
2021-12-08,510300,沪深300ETF华泰柏瑞,4.588,4.655,4.66,4.57,3411917.0,1721655424.0,1.96,1.57,0.072,1.26,eastmoney,qfq
2021-12-09,510300,沪深300ETF华泰柏瑞,4.659,4.739,4.785,4.657,6332212.0,3267970656.0,2.75,1.8,0.084,2.34,eastmoney,qfq
2021-12-10,510300,沪深300ETF华泰柏瑞,4.724,4.724,4.731,4.704,3961260.0,2035800624.0,0.57,-0.32,-0.015,1.46,eastmoney,qfq
2021-12-13,510300,沪深300ETF华泰柏瑞,4.748,4.737,4.808,4.73,4290338.0,2227870768.0,1.65,0.28,0.013,1.58,eastmoney,qfq
2021-12-14,510300,沪深300ETF华泰柏瑞,4.718,4.706,4.736,4.696,3626878.0,1860581408.0,0.84,-0.65,-0.031,1.34,eastmoney,qfq
2021-12-15,510300,沪深300ETF华泰柏瑞,4.701,4.66,4.717,4.656,2035832.0,1038757248.0,1.3,-0.98,-0.046,0.75,eastmoney,qfq
2021-12-16,510300,沪深300ETF华泰柏瑞,4.663,4.687,4.688,4.646,3773043.0,1919332416.0,0.9,0.58,0.027,1.39,eastmoney,qfq
2021-12-17,510300,沪深300ETF华泰柏瑞,4.679,4.614,4.682,4.612,6226189.0,3145885072.0,1.49,-1.56,-0.073,2.3,eastmoney,qfq
2021-12-20,510300,沪深300ETF华泰柏瑞,4.6,4.539,4.631,4.528,8518253.0,4250322976.0,2.23,-1.63,-0.075,3.15,eastmoney,qfq
2021-12-21,510300,沪深300ETF华泰柏瑞,4.534,4.56,4.573,4.53,5171335.0,2572582592.0,0.95,0.46,0.021,1.91,eastmoney,qfq
2021-12-22,510300,沪深300ETF华泰柏瑞,4.573,4.563,4.585,4.551,6660462.0,3320651904.0,0.75,0.07,0.003,2.46,eastmoney,qfq
2021-12-23,510300,沪深300ETF华泰柏瑞,4.574,4.601,4.607,4.559,3023053.0,1512949488.0,1.05,0.83,0.038,1.12,eastmoney,qfq
2021-12-24,510300,沪深300ETF华泰柏瑞,4.607,4.578,4.613,4.559,2603961.0,1301806384.0,1.17,-0.5,-0.023,0.96,eastmoney,qfq
2021-12-27,510300,沪深300ETF华泰柏瑞,4.578,4.582,4.599,4.551,5044913.0,2520394800.0,1.05,0.09,0.004,1.86,eastmoney,qfq
2021-12-28,510300,沪深300ETF华泰柏瑞,4.582,4.608,4.618,4.573,6399142.0,3209575440.0,0.98,0.57,0.026,2.36,eastmoney,qfq
2021-12-29,510300,沪深300ETF华泰柏瑞,4.606,4.541,4.612,4.54,4038656.0,2011288448.0,1.56,-1.45,-0.067,1.49,eastmoney,qfq
2021-12-30,510300,沪深300ETF华泰柏瑞,4.541,4.577,4.598,4.536,4744980.0,2369943648.0,1.37,0.79,0.036,1.75,eastmoney,qfq
2021-12-31,510300,沪深300ETF华泰柏瑞,4.591,4.589,4.61,4.575,3514166.0,1760912800.0,0.76,0.26,0.012,1.3,eastmoney,qfq
2022-01-04,510300,沪深300ETF华泰柏瑞,4.606,4.571,4.608,4.523,4863553.0,2417587488.0,1.85,-0.39,-0.018,1.8,eastmoney,qfq
2022-01-05,510300,沪深300ETF华泰柏瑞,4.56,4.524,4.573,4.506,4640731.0,2300116656.0,1.47,-1.03,-0.047,1.71,eastmoney,qfq
2022-01-06,510300,沪深300ETF华泰柏瑞,4.504,4.468,4.514,4.438,5172728.0,2530768432.0,1.68,-1.24,-0.056,1.91,eastmoney,qfq
2022-01-07,510300,沪深300ETF华泰柏瑞,4.481,4.48,4.511,4.474,4785197.0,2349400432.0,0.83,0.27,0.012,1.77,eastmoney,qfq
2022-01-10,510300,沪深300ETF华泰柏瑞,4.469,4.493,4.504,4.44,4911223.0,2406258640.0,1.43,0.29,0.013,1.81,eastmoney,qfq
2022-01-11,510300,沪深300ETF华泰柏瑞,4.493,4.448,4.505,4.445,4122189.0,2014962368.0,1.34,-1.0,-0.045,1.52,eastmoney,qfq
2022-01-12,510300,沪深300ETF华泰柏瑞,4.465,4.5,4.514,4.465,5113326.0,2511098384.0,1.1,1.17,0.052,1.89,eastmoney,qfq
2022-01-13,510300,沪深300ETF华泰柏瑞,4.511,4.419,4.513,4.417,4882723.0,2379000208.0,2.13,-1.8,-0.081,1.8,eastmoney,qfq
2022-01-14,510300,沪深300ETF华泰柏瑞,4.406,4.375,4.421,4.372,4100290.0,1972987312.0,1.11,-1.0,-0.044,1.51,eastmoney,qfq
2022-01-17,510300,沪深300ETF华泰柏瑞,4.379,4.416,4.432,4.378,4983491.0,2407274464.0,1.23,0.94,0.041,1.84,eastmoney,qfq
2022-01-18,510300,沪深300ETF华泰柏瑞,4.413,4.462,4.478,4.396,6241671.0,3038466592.0,1.86,1.04,0.046,2.3,eastmoney,qfq
2022-01-19,510300,沪深300ETF华泰柏瑞,4.471,4.436,4.495,4.412,5224393.0,2501399280.0,1.86,-0.58,-0.026,1.93,eastmoney,qfq
2022-01-20,510300,沪深300ETF华泰柏瑞,4.431,4.474,4.503,4.43,5412785.0,2608626688.0,1.65,0.86,0.038,2.0,eastmoney,qfq
2022-01-21,510300,沪深300ETF华泰柏瑞,4.466,4.44,4.471,4.42,7814370.0,3739337872.0,1.14,-0.76,-0.034,2.89,eastmoney,qfq
2022-01-24,510300,沪深300ETF华泰柏瑞,4.416,4.442,4.455,4.404,4605740.0,2197609280.0,1.15,0.05,0.002,1.7,eastmoney,qfq
2022-01-25,510300,沪深300ETF华泰柏瑞,4.418,4.336,4.433,4.332,5952709.0,2814468224.0,2.27,-2.39,-0.106,2.2,eastmoney,qfq
2022-01-26,510300,沪深300ETF华泰柏瑞,4.351,4.362,4.367,4.306,5218421.0,2449571760.0,1.41,0.6,0.026,1.93,eastmoney,qfq
2022-01-27,510300,沪深300ETF华泰柏瑞,4.349,4.281,4.355,4.272,6076217.0,2827030192.0,1.9,-1.86,-0.081,2.24,eastmoney,qfq
2022-01-28,510300,沪深300ETF华泰柏瑞,4.293,4.21,4.315,4.206,8583917.0,3950302960.0,2.55,-1.66,-0.071,3.17,eastmoney,qfq
2022-02-07,510300,沪深300ETF华泰柏瑞,4.281,4.282,4.319,4.262,4845868.0,2243165824.0,1.35,1.71,0.072,1.79,eastmoney,qfq
2022-02-08,510300,沪深300ETF华泰柏瑞,4.282,4.26,4.282,4.171,4481413.0,2050015392.0,2.59,-0.51,-0.022,1.65,eastmoney,qfq
2022-02-09,510300,沪深300ETF华泰柏瑞,4.262,4.299,4.309,4.246,4589381.0,2124086976.0,1.48,0.92,0.039,1.69,eastmoney,qfq
2022-02-10,510300,沪深300ETF华泰柏瑞,4.306,4.288,4.309,4.262,4953831.0,2291737792.0,1.09,-0.26,-0.011,1.83,eastmoney,qfq
2022-02-11,510300,沪深300ETF华泰柏瑞,4.27,4.252,4.314,4.249,4617436.0,2134586496.0,1.52,-0.84,-0.036,1.7,eastmoney,qfq
2022-02-14,510300,沪深300ETF华泰柏瑞,4.236,4.203,4.25,4.182,3299679.0,1503834192.0,1.6,-1.15,-0.049,1.22,eastmoney,qfq
2022-02-15,510300,沪深300ETF华泰柏瑞,4.204,4.245,4.249,4.202,6043144.0,2765515056.0,1.12,1.0,0.042,2.23,eastmoney,qfq
2022-02-16,510300,沪深300ETF华泰柏瑞,4.266,4.266,4.29,4.254,4498005.0,2076275360.0,0.85,0.49,0.021,1.66,eastmoney,qfq
2022-02-17,510300,沪深300ETF华泰柏瑞,4.261,4.276,4.3,4.255,6290407.0,2909007328.0,1.05,0.23,0.01,2.32,eastmoney,qfq
2022-02-18,510300,沪深300ETF华泰柏瑞,4.256,4.3,4.301,4.251,3041052.0,1405440368.0,1.17,0.56,0.024,1.12,eastmoney,qfq
2022-02-21,510300,沪深300ETF华泰柏瑞,4.292,4.283,4.293,4.261,3241951.0,1497429120.0,0.74,-0.4,-0.017,1.2,eastmoney,qfq
2022-02-22,510300,沪深300ETF华泰柏瑞,4.246,4.223,4.253,4.205,3153168.0,1438664976.0,1.12,-1.4,-0.06,1.16,eastmoney,qfq
2022-02-23,510300,沪深300ETF华泰柏瑞,4.236,4.271,4.274,4.227,4469039.0,2054646288.0,1.11,1.14,0.048,1.65,eastmoney,qfq
2022-02-24,510300,沪深300ETF华泰柏瑞,4.246,4.186,4.258,4.145,5912365.0,2683234000.0,2.65,-1.99,-0.085,2.18,eastmoney,qfq
2022-02-25,510300,沪深300ETF华泰柏瑞,4.209,4.221,4.267,4.209,3844661.0,1760979840.0,1.39,0.84,0.035,1.42,eastmoney,qfq
2022-02-28,510300,沪深300ETF华泰柏瑞,4.218,4.227,4.229,4.178,2693171.0,1225032608.0,1.21,0.14,0.006,0.99,eastmoney,qfq
2022-03-01,510300,沪深300ETF华泰柏瑞,4.244,4.265,4.273,4.229,3261629.0,1499507424.0,1.04,0.9,0.038,1.2,eastmoney,qfq
2022-03-02,510300,沪深300ETF华泰柏瑞,4.245,4.23,4.246,4.208,1946013.0,889476592.0,0.89,-0.82,-0.035,0.72,eastmoney,qfq
2022-03-03,510300,沪深300ETF华泰柏瑞,4.246,4.201,4.256,4.191,2006899.0,914647552.0,1.54,-0.69,-0.029,0.74,eastmoney,qfq
2022-03-04,510300,沪深300ETF华泰柏瑞,4.161,4.15,4.19,4.136,4053766.0,1823719312.0,1.29,-1.21,-0.051,1.5,eastmoney,qfq
2022-03-07,510300,沪深300ETF华泰柏瑞,4.115,4.002,4.115,3.984,5831130.0,2553534384.0,3.16,-3.57,-0.148,2.15,eastmoney,qfq
2022-03-08,510300,沪深300ETF华泰柏瑞,4.003,3.92,4.027,3.904,6917081.0,2976687584.0,3.07,-2.05,-0.082,2.55,eastmoney,qfq
2022-03-09,510300,沪深300ETF华泰柏瑞,3.928,3.88,3.95,3.726,7867488.0,3301655744.0,5.71,-1.02,-0.04,2.91,eastmoney,qfq
2022-03-10,510300,沪深300ETF华泰柏瑞,3.956,3.94,3.982,3.938,5528465.0,2377355392.0,1.13,1.55,0.06,2.04,eastmoney,qfq
2022-03-11,510300,沪深300ETF华泰柏瑞,3.884,3.968,3.974,3.831,3973422.0,1687296400.0,3.63,0.71,0.028,1.47,eastmoney,qfq
2022-03-14,510300,沪深300ETF华泰柏瑞,3.906,3.828,3.93,3.827,4331004.0,1828943104.0,2.6,-3.53,-0.14,1.6,eastmoney,qfq
2022-03-15,510300,沪深300ETF华泰柏瑞,3.791,3.629,3.82,3.624,10444778.0,4244938240.0,5.12,-5.2,-0.199,3.86,eastmoney,qfq
2022-03-16,510300,沪深300ETF华泰柏瑞,3.691,3.802,3.826,3.598,13251385.0,5383854336.0,6.28,4.77,0.173,4.89,eastmoney,qfq
2022-03-17,510300,沪深300ETF华泰柏瑞,3.879,3.886,3.95,3.861,11475616.0,4866876928.0,2.34,2.21,0.084,4.24,eastmoney,qfq
2022-03-18,510300,沪深300ETF华泰柏瑞,3.866,3.914,3.932,3.845,4030217.0,1703858640.0,2.24,0.72,0.028,1.49,eastmoney,qfq
2022-03-21,510300,沪深300ETF华泰柏瑞,3.919,3.908,3.936,3.868,3720164.0,1581985312.0,1.74,-0.15,-0.006,1.37,eastmoney,qfq
2022-03-22,510300,沪深300ETF华泰柏瑞,3.888,3.904,3.938,3.887,2504225.0,1064168272.0,1.31,-0.1,-0.004,0.92,eastmoney,qfq
2022-03-23,510300,沪深300ETF华泰柏瑞,3.914,3.929,3.942,3.896,3082447.0,1314097168.0,1.18,0.64,0.025,1.14,eastmoney,qfq
2022-03-24,510300,沪深300ETF华泰柏瑞,3.906,3.902,3.926,3.869,2206418.0,935511952.0,1.45,-0.69,-0.027,0.81,eastmoney,qfq
2022-03-25,510300,沪深300ETF华泰柏瑞,3.901,3.825,3.91,3.823,3568083.0,1499894624.0,2.23,-1.97,-0.077,1.32,eastmoney,qfq
2022-03-28,510300,沪深300ETF华泰柏瑞,3.79,3.8,3.83,3.739,4155938.0,1715993648.0,2.38,-0.65,-0.025,1.53,eastmoney,qfq
2022-03-29,510300,沪深300ETF华泰柏瑞,3.811,3.782,3.829,3.775,2310331.0,957679744.0,1.42,-0.47,-0.018,0.85,eastmoney,qfq
2022-03-30,510300,沪深300ETF华泰柏瑞,3.81,3.905,3.908,3.81,5002575.0,2107747776.0,2.59,3.25,0.123,1.85,eastmoney,qfq
2022-03-31,510300,沪深300ETF华泰柏瑞,3.895,3.874,3.9,3.866,4242790.0,1791950304.0,0.87,-0.79,-0.031,1.57,eastmoney,qfq
2022-04-01,510300,沪深300ETF华泰柏瑞,3.843,3.925,3.945,3.841,3752472.0,1594296080.0,2.68,1.32,0.051,1.39,eastmoney,qfq
2022-04-06,510300,沪深300ETF华泰柏瑞,3.899,3.913,3.925,3.884,3398938.0,1443714224.0,1.04,-0.31,-0.012,1.26,eastmoney,qfq
2022-04-07,510300,沪深300ETF华泰柏瑞,3.893,3.861,3.924,3.858,2783984.0,1177384176.0,1.69,-1.33,-0.052,1.03,eastmoney,qfq
2022-04-08,510300,沪深300ETF华泰柏瑞,3.864,3.889,3.892,3.831,3202713.0,1349449552.0,1.58,0.73,0.028,1.18,eastmoney,qfq
2022-04-11,510300,沪深300ETF华泰柏瑞,3.861,3.757,3.862,3.744,5800585.0,2391596000.0,3.03,-3.39,-0.132,2.14,eastmoney,qfq
2022-04-12,510300,沪深300ETF华泰柏瑞,3.759,3.827,3.832,3.732,8064759.0,3334403952.0,2.66,1.86,0.07,2.98,eastmoney,qfq
2022-04-13,510300,沪深300ETF华泰柏瑞,3.807,3.795,3.843,3.791,3872602.0,1609161760.0,1.36,-0.84,-0.032,1.43,eastmoney,qfq
2022-04-14,510300,沪深300ETF华泰柏瑞,3.832,3.839,3.868,3.809,5736892.0,2400662560.0,1.55,1.16,0.044,2.12,eastmoney,qfq
2022-04-15,510300,沪深300ETF华泰柏瑞,3.816,3.837,3.862,3.806,5322380.0,2224422368.0,1.46,-0.05,-0.002,1.97,eastmoney,qfq
2022-04-18,510300,沪深300ETF华泰柏瑞,3.801,3.817,3.82,3.773,2797093.0,1159501392.0,1.22,-0.52,-0.02,1.03,eastmoney,qfq
2022-04-19,510300,沪深300ETF华泰柏瑞,3.816,3.79,3.842,3.766,3139962.0,1301465632.0,1.99,-0.71,-0.027,1.16,eastmoney,qfq
2022-04-20,510300,沪深300ETF华泰柏瑞,3.788,3.72,3.794,3.714,3903434.0,1596762864.0,2.11,-1.85,-0.07,1.44,eastmoney,qfq
2022-04-21,510300,沪深300ETF华泰柏瑞,3.708,3.652,3.737,3.631,7925085.0,3193817664.0,2.85,-1.83,-0.068,2.93,eastmoney,qfq
2022-04-22,510300,沪深300ETF华泰柏瑞,3.621,3.662,3.693,3.608,6173784.0,2469379280.0,2.33,0.27,0.01,2.28,eastmoney,qfq
2022-04-25,510300,沪深300ETF华泰柏瑞,3.601,3.469,3.615,3.463,16542844.0,6447291648.0,4.15,-5.27,-0.193,6.11,eastmoney,qfq
2022-04-26,510300,沪深300ETF华泰柏瑞,3.472,3.439,3.529,3.43,15437597.0,5888627456.0,2.85,-0.86,-0.03,5.7,eastmoney,qfq
2022-04-27,510300,沪深300ETF华泰柏瑞,3.427,3.545,3.547,3.416,13725839.0,5260465152.0,3.81,3.08,0.106,5.07,eastmoney,qfq
2022-04-28,510300,沪深300ETF华泰柏瑞,3.528,3.571,3.591,3.525,10729261.0,4183266928.0,1.86,0.73,0.026,3.96,eastmoney,qfq
2022-04-29,510300,沪深300ETF华泰柏瑞,3.585,3.671,3.675,3.549,7631212.0,3024738240.0,3.53,2.8,0.1,2.82,eastmoney,qfq
2022-05-05,510300,沪深300ETF华泰柏瑞,3.636,3.656,3.687,3.626,7360954.0,2950065280.0,1.66,-0.41,-0.015,2.72,eastmoney,qfq
2022-05-06,510300,沪深300ETF华泰柏瑞,3.581,3.559,3.599,3.556,5206697.0,2042557056.0,1.18,-2.65,-0.097,1.92,eastmoney,qfq
2022-05-09,510300,沪深300ETF华泰柏瑞,3.534,3.527,3.562,3.506,3187006.0,1234844480.0,1.57,-0.9,-0.032,1.18,eastmoney,qfq
2022-05-10,510300,沪深300ETF华泰柏瑞,3.489,3.572,3.589,3.464,5474672.0,2129935216.0,3.54,1.28,0.045,2.02,eastmoney,qfq
2022-05-11,510300,沪深300ETF华泰柏瑞,3.565,3.627,3.682,3.565,6290116.0,2502148832.0,3.28,1.54,0.055,2.32,eastmoney,qfq
2022-05-12,510300,沪深300ETF华泰柏瑞,3.611,3.607,3.635,3.589,3071058.0,1215316560.0,1.27,-0.55,-0.02,1.13,eastmoney,qfq
2022-05-13,510300,沪深300ETF华泰柏瑞,3.644,3.638,3.655,3.608,2799732.0,1113468048.0,1.3,0.86,0.031,1.03,eastmoney,qfq
2022-05-16,510300,沪深300ETF华泰柏瑞,3.656,3.607,3.67,3.596,4425843.0,1755248944.0,2.03,-0.85,-0.031,1.63,eastmoney,qfq
2022-05-17,510300,沪深300ETF华泰柏瑞,3.616,3.656,3.657,3.605,3008496.0,1197703808.0,1.44,1.36,0.049,1.11,eastmoney,qfq
2022-05-18,510300,沪深300ETF华泰柏瑞,3.663,3.642,3.673,3.616,2640173.0,1052734336.0,1.56,-0.38,-0.014,0.97,eastmoney,qfq
2022-05-19,510300,沪深300ETF华泰柏瑞,3.603,3.651,3.653,3.592,3249620.0,1289180784.0,1.67,0.25,0.009,1.2,eastmoney,qfq
2022-05-20,510300,沪深300ETF华泰柏瑞,3.676,3.735,3.736,3.666,6004614.0,2434115744.0,1.92,2.3,0.084,2.22,eastmoney,qfq
2022-05-23,510300,沪深300ETF华泰柏瑞,3.735,3.703,3.735,3.677,5120913.0,2070370272.0,1.55,-0.86,-0.032,1.89,eastmoney,qfq
2022-05-24,510300,沪深300ETF华泰柏瑞,3.702,3.621,3.705,3.616,4156645.0,1664349504.0,2.4,-2.21,-0.082,1.53,eastmoney,qfq
2022-05-25,510300,沪深300ETF华泰柏瑞,3.616,3.638,3.64,3.604,4576841.0,1814584624.0,0.99,0.47,0.017,1.69,eastmoney,qfq
2022-05-26,510300,沪深300ETF华泰柏瑞,3.639,3.648,3.676,3.588,4816141.0,1914318704.0,2.42,0.27,0.01,1.78,eastmoney,qfq
2022-05-27,510300,沪深300ETF华泰柏瑞,3.678,3.658,3.713,3.641,5532972.0,2228537584.0,1.97,0.27,0.01,2.04,eastmoney,qfq
2022-05-30,510300,沪深300ETF华泰柏瑞,3.676,3.681,3.699,3.663,4505319.0,1813277776.0,0.98,0.63,0.023,1.66,eastmoney,qfq
2022-05-31,510300,沪深300ETF华泰柏瑞,3.681,3.745,3.759,3.672,4522581.0,1836840912.0,2.36,1.74,0.064,1.67,eastmoney,qfq
2022-06-01,510300,沪深300ETF华泰柏瑞,3.745,3.739,3.752,3.716,3774345.0,1540652768.0,0.96,-0.16,-0.006,1.39,eastmoney,qfq
2022-06-02,510300,沪深300ETF华泰柏瑞,3.722,3.75,3.754,3.714,2901326.0,1183803264.0,1.07,0.29,0.011,1.07,eastmoney,qfq
2022-06-06,510300,沪深300ETF华泰柏瑞,3.748,3.832,3.833,3.721,4238359.0,1751273376.0,2.99,2.19,0.082,1.56,eastmoney,qfq
2022-06-07,510300,沪深300ETF华泰柏瑞,3.817,3.838,3.858,3.811,3808642.0,1592929728.0,1.23,0.16,0.006,1.41,eastmoney,qfq
2022-06-08,510300,沪深300ETF华泰柏瑞,3.841,3.88,3.886,3.821,4272911.0,1796493328.0,1.69,1.09,0.042,1.58,eastmoney,qfq
2022-06-09,510300,沪深300ETF华泰柏瑞,3.871,3.846,3.89,3.829,2916148.0,1226358656.0,1.57,-0.88,-0.034,1.08,eastmoney,qfq
2022-06-10,510300,沪深300ETF华泰柏瑞,3.815,3.904,3.916,3.814,6480691.0,2738650048.0,2.65,1.51,0.058,2.39,eastmoney,qfq
2022-06-13,510300,沪深300ETF华泰柏瑞,3.866,3.852,3.879,3.826,5799003.0,2431783712.0,1.36,-1.33,-0.052,2.14,eastmoney,qfq
2022-06-14,510300,沪深300ETF华泰柏瑞,3.821,3.892,3.896,3.771,6249025.0,2613833376.0,3.25,1.04,0.04,2.31,eastmoney,qfq
2022-06-15,510300,沪深300ETF华泰柏瑞,3.889,3.941,4.02,3.889,11218852.0,4834544896.0,3.37,1.26,0.049,4.14,eastmoney,qfq
2022-06-16,510300,沪深300ETF华泰柏瑞,3.954,3.914,3.973,3.905,5075120.0,2175195328.0,1.73,-0.69,-0.027,1.87,eastmoney,qfq
2022-06-17,510300,沪深300ETF华泰柏瑞,3.897,3.977,3.993,3.891,7156474.0,3070562896.0,2.61,1.61,0.063,2.64,eastmoney,qfq
2022-06-20,510300,沪深300ETF华泰柏瑞,3.987,3.998,4.044,3.964,7324345.0,3177526640.0,2.01,0.53,0.021,2.7,eastmoney,qfq
2022-06-21,510300,沪深300ETF华泰柏瑞,3.998,3.996,4.034,3.961,4224016.0,1833860944.0,1.83,-0.05,-0.002,1.56,eastmoney,qfq
2022-06-22,510300,沪深300ETF华泰柏瑞,3.996,3.946,4.003,3.938,3619643.0,1560986304.0,1.63,-1.25,-0.05,1.34,eastmoney,qfq
2022-06-23,510300,沪深300ETF华泰柏瑞,3.947,4.021,4.023,3.94,4056939.0,1755177552.0,2.1,1.9,0.075,1.5,eastmoney,qfq
2022-06-24,510300,沪深300ETF华泰柏瑞,4.031,4.069,4.082,4.019,4148339.0,1823076992.0,1.57,1.19,0.048,1.53,eastmoney,qfq
2022-06-27,510300,沪深300ETF华泰柏瑞,4.085,4.117,4.155,4.085,4559811.0,2036731648.0,1.72,1.18,0.048,1.68,eastmoney,qfq
2022-06-28,510300,沪深300ETF华泰柏瑞,4.116,4.169,4.182,4.089,3748824.0,1678987264.0,2.26,1.26,0.052,1.38,eastmoney,qfq
2022-06-29,510300,沪深300ETF华泰柏瑞,4.154,4.114,4.183,4.099,5448356.0,2437464368.0,2.01,-1.32,-0.055,2.01,eastmoney,qfq
2022-06-30,510300,沪深300ETF华泰柏瑞,4.11,4.164,4.201,4.109,5680516.0,2558737776.0,2.24,1.22,0.05,2.1,eastmoney,qfq
2022-07-01,510300,沪深300ETF华泰柏瑞,4.176,4.149,4.181,4.13,4455712.0,2004084496.0,1.22,-0.36,-0.015,1.65,eastmoney,qfq
2022-07-04,510300,沪深300ETF华泰柏瑞,4.134,4.177,4.179,4.105,3874217.0,1742756112.0,1.78,0.67,0.028,1.43,eastmoney,qfq
2022-07-05,510300,沪深300ETF华泰柏瑞,4.182,4.167,4.221,4.118,3921158.0,1764375392.0,2.47,-0.24,-0.01,1.45,eastmoney,qfq
2022-07-06,510300,沪深300ETF华泰柏瑞,4.156,4.108,4.166,4.079,3189627.0,1422718112.0,2.09,-1.42,-0.059,1.18,eastmoney,qfq
2022-07-07,510300,沪深300ETF华泰柏瑞,4.101,4.124,4.144,4.078,4030460.0,1799540016.0,1.61,0.39,0.016,1.49,eastmoney,qfq
2022-07-08,510300,沪深300ETF华泰柏瑞,4.147,4.12,4.169,4.113,2082490.0,933514544.0,1.36,-0.1,-0.004,0.77,eastmoney,qfq
2022-07-11,510300,沪深300ETF华泰柏瑞,4.102,4.044,4.102,4.026,4522075.0,1985923664.0,1.84,-1.84,-0.076,1.67,eastmoney,qfq
2022-07-12,510300,沪深300ETF华泰柏瑞,4.038,4.008,4.063,3.994,3435392.0,1500811278.0,1.71,-0.89,-0.036,1.27,eastmoney,qfq
2022-07-13,510300,沪深300ETF华泰柏瑞,4.011,4.015,4.035,3.984,2956003.0,1286893961.0,1.27,0.17,0.007,1.09,eastmoney,qfq
2022-07-14,510300,沪深300ETF华泰柏瑞,4.011,4.016,4.045,3.992,3264143.0,1423957223.0,1.32,0.02,0.001,1.21,eastmoney,qfq
2022-07-15,510300,沪深300ETF华泰柏瑞,4.006,3.951,4.056,3.949,7373071.0,3198511731.0,2.66,-1.62,-0.065,2.72,eastmoney,qfq
2022-07-18,510300,沪深300ETF华泰柏瑞,3.968,3.997,4.015,3.93,3891151.0,1680718462.0,2.15,1.16,0.046,1.44,eastmoney,qfq
2022-07-19,510300,沪深300ETF华泰柏瑞,3.993,3.975,3.993,3.941,3535270.0,1526690226.0,1.3,-0.55,-0.022,1.31,eastmoney,qfq
2022-07-20,510300,沪深300ETF华泰柏瑞,3.996,3.987,4.016,3.974,2998384.0,1301780820.0,1.06,0.3,0.012,1.11,eastmoney,qfq
2022-07-21,510300,沪深300ETF华泰柏瑞,3.971,3.942,3.994,3.941,3104926.0,1336941254.0,1.33,-1.13,-0.045,1.15,eastmoney,qfq
2022-07-22,510300,沪深300ETF华泰柏瑞,3.957,3.945,3.991,3.915,3147688.0,1353688808.0,1.93,0.08,0.003,1.16,eastmoney,qfq
2022-07-25,510300,沪深300ETF华泰柏瑞,3.941,3.927,3.944,3.909,2516761.0,1074518097.0,0.89,-0.46,-0.018,0.93,eastmoney,qfq
2022-07-26,510300,沪深300ETF华泰柏瑞,3.933,3.956,3.976,3.93,3762545.0,1616765933.0,1.17,0.74,0.029,1.39,eastmoney,qfq
2022-07-27,510300,沪深300ETF华泰柏瑞,3.946,3.932,3.953,3.924,2571786.0,1100930340.0,0.73,-0.61,-0.024,0.95,eastmoney,qfq
2022-07-28,510300,沪深300ETF华泰柏瑞,3.948,3.935,3.986,3.931,3695810.0,1591342846.0,1.4,0.08,0.003,1.36,eastmoney,qfq
2022-07-29,510300,沪深300ETF华泰柏瑞,3.939,3.876,3.961,3.867,4712654.0,2000643545.0,2.39,-1.5,-0.059,1.74,eastmoney,qfq
2022-08-01,510300,沪深300ETF华泰柏瑞,3.862,3.894,3.904,3.837,2983915.0,1259938955.0,1.73,0.46,0.018,1.1,eastmoney,qfq
2022-08-02,510300,沪深300ETF华泰柏瑞,3.866,3.823,3.866,3.788,5439733.0,2264729834.0,2.0,-1.82,-0.071,2.01,eastmoney,qfq
2022-08-03,510300,沪深300ETF华泰柏瑞,3.836,3.778,3.865,3.767,3766628.0,1569163066.0,2.56,-1.18,-0.045,1.39,eastmoney,qfq
2022-08-04,510300,沪深300ETF华泰柏瑞,3.795,3.809,3.818,3.778,2617509.0,1084601677.0,1.06,0.82,0.031,0.97,eastmoney,qfq
2022-08-05,510300,沪深300ETF华泰柏瑞,3.812,3.874,3.88,3.809,3933852.0,1643679832.0,1.86,1.71,0.065,1.45,eastmoney,qfq
2022-08-08,510300,沪深300ETF华泰柏瑞,3.857,3.86,3.875,3.849,1572824.0,661606877.0,0.67,-0.36,-0.014,0.58,eastmoney,qfq
2022-08-09,510300,沪深300ETF华泰柏瑞,3.858,3.867,3.875,3.846,2418244.0,1017515521.0,0.75,0.18,0.007,0.89,eastmoney,qfq
2022-08-10,510300,沪深300ETF华泰柏瑞,3.858,3.822,3.872,3.804,2037632.0,851095724.0,1.76,-1.16,-0.045,0.75,eastmoney,qfq
2022-08-11,510300,沪深300ETF华泰柏瑞,3.839,3.91,3.916,3.832,3480503.0,1469915003.0,2.2,2.3,0.088,1.29,eastmoney,qfq
2022-08-12,510300,沪深300ETF华泰柏瑞,3.908,3.911,3.922,3.894,2055898.0,874286490.0,0.72,0.03,0.001,0.76,eastmoney,qfq
2022-08-15,510300,沪深300ETF华泰柏瑞,3.898,3.901,3.942,3.894,2328228.0,991661294.0,1.23,-0.26,-0.01,0.86,eastmoney,qfq
2022-08-16,510300,沪深300ETF华泰柏瑞,3.906,3.891,3.928,3.883,1684834.0,715599992.0,1.15,-0.26,-0.01,0.62,eastmoney,qfq
2022-08-17,510300,沪深300ETF华泰柏瑞,3.892,3.932,3.943,3.867,2810228.0,1196207108.0,1.95,1.05,0.041,1.04,eastmoney,qfq
2022-08-18,510300,沪深300ETF华泰柏瑞,3.926,3.895,3.93,3.89,1999681.0,849821038.0,1.02,-0.94,-0.037,0.74,eastmoney,qfq
2022-08-19,510300,沪深300ETF华泰柏瑞,3.891,3.865,3.907,3.863,2894411.0,1223343184.0,1.13,-0.77,-0.03,1.07,eastmoney,qfq
2022-08-22,510300,沪深300ETF华泰柏瑞,3.856,3.892,3.904,3.852,3109324.0,1316161171.0,1.35,0.7,0.027,1.15,eastmoney,qfq
2022-08-23,510300,沪深300ETF华泰柏瑞,3.889,3.878,3.906,3.859,2758776.0,1164226234.0,1.21,-0.36,-0.014,1.02,eastmoney,qfq
2022-08-24,510300,沪深300ETF华泰柏瑞,3.89,3.801,3.894,3.792,4031611.0,1683776031.0,2.63,-1.99,-0.077,1.49,eastmoney,qfq
2022-08-25,510300,沪深300ETF华泰柏瑞,3.809,3.837,3.842,3.78,3325107.0,1381245566.0,1.63,0.95,0.036,1.23,eastmoney,qfq
2022-08-26,510300,沪深300ETF华泰柏瑞,3.835,3.831,3.857,3.824,2268554.0,949304012.0,0.86,-0.16,-0.006,0.84,eastmoney,qfq
2022-08-29,510300,沪深300ETF华泰柏瑞,3.797,3.806,3.817,3.781,2345945.0,972243824.0,0.94,-0.65,-0.025,0.87,eastmoney,qfq
2022-08-30,510300,沪深300ETF华泰柏瑞,3.81,3.797,3.812,3.762,2320948.0,958534782.0,1.31,-0.24,-0.009,0.86,eastmoney,qfq
2022-08-31,510300,沪深300ETF华泰柏瑞,3.78,3.797,3.838,3.769,5552796.0,2299526279.0,1.82,0.0,0.0,2.05,eastmoney,qfq
2022-09-01,510300,沪深300ETF华泰柏瑞,3.786,3.763,3.809,3.754,3202516.0,1320917293.0,1.45,-0.9,-0.034,1.18,eastmoney,qfq
2022-09-02,510300,沪深300ETF华泰柏瑞,3.766,3.74,3.775,3.72,2637374.0,1078568286.0,1.46,-0.61,-0.023,0.97,eastmoney,qfq
2022-09-05,510300,沪深300ETF华泰柏瑞,3.731,3.738,3.739,3.696,2158650.0,876596965.0,1.15,-0.05,-0.002,0.8,eastmoney,qfq
2022-09-06,510300,沪深300ETF华泰柏瑞,3.751,3.767,3.772,3.73,2641015.0,1081646065.0,1.12,0.78,0.029,0.98,eastmoney,qfq
2022-09-07,510300,沪深300ETF华泰柏瑞,3.753,3.775,3.787,3.75,1835728.0,755009708.0,0.98,0.21,0.008,0.68,eastmoney,qfq
2022-09-08,510300,沪深300ETF华泰柏瑞,3.779,3.757,3.787,3.756,1716322.0,705978922.0,0.82,-0.48,-0.018,0.63,eastmoney,qfq
2022-09-09,510300,沪深300ETF华泰柏瑞,3.763,3.815,3.823,3.762,3929759.0,1630730745.0,1.62,1.54,0.058,1.45,eastmoney,qfq
2022-09-13,510300,沪深300ETF华泰柏瑞,3.822,3.829,3.851,3.818,3274312.0,1368323051.0,0.87,0.37,0.014,1.21,eastmoney,qfq
2022-09-14,510300,沪深300ETF华泰柏瑞,3.79,3.783,3.811,3.77,4299139.0,1777685334.0,1.07,-1.2,-0.046,1.59,eastmoney,qfq
2022-09-15,510300,沪深300ETF华泰柏瑞,3.79,3.746,3.803,3.721,5888444.0,2414072683.0,2.17,-0.98,-0.037,2.17,eastmoney,qfq
2022-09-16,510300,沪深300ETF华泰柏瑞,3.733,3.656,3.743,3.652,7257809.0,2929005272.0,2.43,-2.4,-0.09,2.68,eastmoney,qfq
2022-09-19,510300,沪深300ETF华泰柏瑞,3.65,3.645,3.671,3.631,3977904.0,1588020723.0,1.09,-0.3,-0.011,1.47,eastmoney,qfq
2022-09-20,510300,沪深300ETF华泰柏瑞,3.662,3.647,3.679,3.636,3015150.0,1206397489.0,1.18,0.05,0.002,1.11,eastmoney,qfq
2022-09-21,510300,沪深300ETF华泰柏瑞,3.636,3.617,3.646,3.599,3634886.0,1441702412.0,1.29,-0.82,-0.03,1.34,eastmoney,qfq
2022-09-22,510300,沪深300ETF华泰柏瑞,3.601,3.588,3.62,3.576,2798468.0,1101764633.0,1.22,-0.8,-0.029,1.03,eastmoney,qfq
2022-09-23,510300,沪深300ETF华泰柏瑞,3.588,3.58,3.607,3.548,5202490.0,2042024441.0,1.64,-0.22,-0.008,1.92,eastmoney,qfq
2022-09-26,510300,沪深300ETF华泰柏瑞,3.556,3.555,3.614,3.55,7560336.0,2966154628.0,1.79,-0.7,-0.025,2.79,eastmoney,qfq
2022-09-27,510300,沪深300ETF华泰柏瑞,3.566,3.605,3.613,3.548,5191603.0,2035835677.0,1.83,1.41,0.05,1.92,eastmoney,qfq
2022-09-28,510300,沪深300ETF华泰柏瑞,3.591,3.549,3.594,3.546,5300816.0,2073607923.0,1.33,-1.55,-0.056,1.96,eastmoney,qfq
2022-09-29,510300,沪深300ETF华泰柏瑞,3.572,3.55,3.593,3.529,5060836.0,1977736758.0,1.8,0.03,0.001,1.87,eastmoney,qfq
2022-09-30,510300,沪深300ETF华泰柏瑞,3.551,3.524,3.571,3.521,6383788.0,2480624616.0,1.41,-0.73,-0.026,2.36,eastmoney,qfq
2022-10-10,510300,沪深300ETF华泰柏瑞,3.523,3.445,3.526,3.433,6841092.0,2614912261.0,2.64,-2.24,-0.079,2.53,eastmoney,qfq
2022-10-11,510300,沪深300ETF华泰柏瑞,3.447,3.442,3.46,3.426,4913807.0,1861116628.0,0.99,-0.09,-0.003,1.81,eastmoney,qfq
2022-10-12,510300,沪深300ETF华泰柏瑞,3.443,3.504,3.507,3.375,7315130.0,2765038458.0,3.83,1.8,0.062,2.7,eastmoney,qfq
2022-10-13,510300,沪深300ETF华泰柏瑞,3.472,3.471,3.503,3.462,3451403.0,1318777601.0,1.17,-0.94,-0.033,1.27,eastmoney,qfq
2022-10-14,510300,沪深300ETF华泰柏瑞,3.508,3.559,3.579,3.499,7496291.0,2913802969.0,2.3,2.54,0.088,2.77,eastmoney,qfq
2022-10-17,510300,沪深300ETF华泰柏瑞,3.551,3.558,3.562,3.525,3887601.0,1512958472.0,1.04,-0.03,-0.001,1.44,eastmoney,qfq
2022-10-18,510300,沪深300ETF华泰柏瑞,3.58,3.551,3.586,3.543,4311344.0,1683477555.0,1.21,-0.2,-0.007,1.59,eastmoney,qfq
2022-10-19,510300,沪深300ETF华泰柏瑞,3.546,3.492,3.558,3.49,2881623.0,1112398864.0,1.91,-1.66,-0.059,1.06,eastmoney,qfq
2022-10-20,510300,沪深300ETF华泰柏瑞,3.476,3.48,3.532,3.447,3723050.0,1422560648.0,2.43,-0.34,-0.012,1.37,eastmoney,qfq
2022-10-21,510300,沪深300ETF华泰柏瑞,3.493,3.458,3.495,3.44,3275721.0,1248398834.0,1.58,-0.63,-0.022,1.21,eastmoney,qfq
2022-10-24,510300,沪深300ETF华泰柏瑞,3.455,3.36,3.489,3.342,6297940.0,2356237577.0,4.25,-2.83,-0.098,2.33,eastmoney,qfq
2022-10-25,510300,沪深300ETF华泰柏瑞,3.348,3.344,3.395,3.317,8235170.0,3041126027.0,2.32,-0.48,-0.016,3.04,eastmoney,qfq
2022-10-26,510300,沪深300ETF华泰柏瑞,3.346,3.372,3.424,3.345,6862870.0,2555494776.0,2.36,0.84,0.028,2.53,eastmoney,qfq
2022-10-27,510300,沪深300ETF华泰柏瑞,3.395,3.346,3.406,3.345,5123971.0,1906381171.0,1.81,-0.77,-0.026,1.89,eastmoney,qfq
2022-10-28,510300,沪深300ETF华泰柏瑞,3.333,3.26,3.339,3.251,7381372.0,2686507817.0,2.63,-2.57,-0.086,2.73,eastmoney,qfq
2022-10-31,510300,沪深300ETF华泰柏瑞,3.236,3.221,3.272,3.208,5976564.0,2139122276.0,1.96,-1.2,-0.039,2.21,eastmoney,qfq
2022-11-01,510300,沪深300ETF华泰柏瑞,3.241,3.359,3.361,3.236,10691572.0,3904744293.0,3.88,4.28,0.138,3.95,eastmoney,qfq
2022-11-02,510300,沪深300ETF华泰柏瑞,3.341,3.393,3.423,3.334,7516463.0,2800488062.0,2.65,1.01,0.034,2.78,eastmoney,qfq
2022-11-03,510300,沪深300ETF华泰柏瑞,3.373,3.363,3.388,3.345,4881107.0,1811025929.0,1.27,-0.88,-0.03,1.8,eastmoney,qfq
2022-11-04,510300,沪深300ETF华泰柏瑞,3.361,3.49,3.507,3.36,11292457.0,4301093449.0,4.37,3.78,0.127,4.17,eastmoney,qfq
2022-11-07,510300,沪深300ETF华泰柏瑞,3.466,3.49,3.511,3.465,5340734.0,2046292254.0,1.32,0.0,0.0,1.97,eastmoney,qfq
2022-11-08,510300,沪深300ETF华泰柏瑞,3.49,3.467,3.499,3.443,8012579.0,3048899191.0,1.6,-0.66,-0.023,2.96,eastmoney,qfq
2022-11-09,510300,沪深300ETF华泰柏瑞,3.467,3.427,3.48,3.423,5209240.0,1973017696.0,1.64,-1.15,-0.04,1.92,eastmoney,qfq
2022-11-10,510300,沪深300ETF华泰柏瑞,3.406,3.406,3.422,3.383,5064964.0,1895277956.0,1.14,-0.61,-0.021,1.87,eastmoney,qfq
2022-11-11,510300,沪深300ETF华泰柏瑞,3.498,3.504,3.554,3.466,13767023.0,5298752150.0,2.58,2.88,0.098,5.08,eastmoney,qfq
2022-11-14,510300,沪深300ETF华泰柏瑞,3.554,3.506,3.575,3.496,8509669.0,3301268208.0,2.25,0.06,0.002,3.14,eastmoney,qfq
2022-11-15,510300,沪深300ETF华泰柏瑞,3.498,3.581,3.59,3.491,7671835.0,2991368782.0,2.82,2.14,0.075,2.83,eastmoney,qfq
2022-11-16,510300,沪深300ETF华泰柏瑞,3.574,3.552,3.594,3.547,5377972.0,2102969877.0,1.31,-0.81,-0.029,1.99,eastmoney,qfq
2022-11-17,510300,沪深300ETF华泰柏瑞,3.542,3.535,3.542,3.491,7916228.0,3054875919.0,1.44,-0.48,-0.017,2.92,eastmoney,qfq
2022-11-18,510300,沪深300ETF华泰柏瑞,3.538,3.522,3.558,3.515,6491949.0,2516386318.0,1.22,-0.37,-0.013,2.4,eastmoney,qfq
2022-11-21,510300,沪深300ETF华泰柏瑞,3.493,3.489,3.493,3.446,5182489.0,1975747610.0,1.33,-0.94,-0.033,1.91,eastmoney,qfq
2022-11-22,510300,沪深300ETF华泰柏瑞,3.483,3.487,3.527,3.461,6490256.0,2485266857.0,1.89,-0.06,-0.002,2.4,eastmoney,qfq
2022-11-23,510300,沪深300ETF华泰柏瑞,3.476,3.49,3.512,3.47,5487916.0,2103792365.0,1.2,0.09,0.003,2.03,eastmoney,qfq
2022-11-24,510300,沪深300ETF华泰柏瑞,3.506,3.472,3.524,3.466,4821489.0,1848016848.0,1.66,-0.52,-0.018,1.78,eastmoney,qfq
2022-11-25,510300,沪深300ETF华泰柏瑞,3.475,3.493,3.51,3.461,5492158.0,2105975532.0,1.41,0.6,0.021,2.03,eastmoney,qfq
2022-11-28,510300,沪深300ETF华泰柏瑞,3.428,3.448,3.455,3.386,6260914.0,2355441434.0,1.98,-1.29,-0.045,2.31,eastmoney,qfq
2022-11-29,510300,沪深300ETF华泰柏瑞,3.47,3.564,3.573,3.47,7207068.0,2792262749.0,2.99,3.36,0.116,2.66,eastmoney,qfq
2022-11-30,510300,沪深300ETF华泰柏瑞,3.554,3.567,3.583,3.551,4594858.0,1796654800.0,0.9,0.08,0.003,1.7,eastmoney,qfq
2022-12-01,510300,沪深300ETF华泰柏瑞,3.636,3.612,3.666,3.611,6354126.0,2528610659.0,1.54,1.26,0.045,2.35,eastmoney,qfq
2022-12-02,510300,沪深300ETF华泰柏瑞,3.611,3.589,3.62,3.587,10304210.0,4066062110.0,0.91,-0.64,-0.023,3.8,eastmoney,qfq
2022-12-05,510300,沪深300ETF华泰柏瑞,3.63,3.66,3.663,3.613,8761771.0,3492977853.0,1.39,1.98,0.071,3.24,eastmoney,qfq
2022-12-06,510300,沪深300ETF华泰柏瑞,3.648,3.683,3.706,3.644,7658073.0,3081714196.0,1.69,0.63,0.023,2.83,eastmoney,qfq
2022-12-07,510300,沪深300ETF华泰柏瑞,3.676,3.671,3.722,3.656,6820751.0,2745026152.0,1.79,-0.33,-0.012,2.52,eastmoney,qfq
2022-12-08,510300,沪深300ETF华泰柏瑞,3.671,3.68,3.689,3.659,5094095.0,2047176131.0,0.82,0.25,0.009,1.88,eastmoney,qfq
2022-12-09,510300,沪深300ETF华泰柏瑞,3.679,3.714,3.725,3.664,6474552.0,2613255569.0,1.66,0.92,0.034,2.39,eastmoney,qfq
2022-12-12,510300,沪深300ETF华泰柏瑞,3.701,3.672,3.701,3.668,4668575.0,1880206885.0,0.89,-1.13,-0.042,1.72,eastmoney,qfq
2022-12-13,510300,沪深300ETF华泰柏瑞,3.674,3.661,3.684,3.656,3636743.0,1459236500.0,0.76,-0.3,-0.011,1.34,eastmoney,qfq
2022-12-14,510300,沪深300ETF华泰柏瑞,3.666,3.671,3.689,3.651,6219074.0,2495651006.0,1.04,0.27,0.01,2.3,eastmoney,qfq
2022-12-15,510300,沪深300ETF华泰柏瑞,3.672,3.669,3.681,3.644,5307513.0,2126027806.0,1.01,-0.05,-0.002,1.96,eastmoney,qfq
2022-12-16,510300,沪深300ETF华泰柏瑞,3.667,3.673,3.682,3.648,9083687.0,3639862008.0,0.93,0.11,0.004,3.35,eastmoney,qfq
2022-12-19,510300,沪深300ETF华泰柏瑞,3.678,3.615,3.689,3.598,7451965.0,2965759177.0,2.48,-1.58,-0.058,2.75,eastmoney,qfq
2022-12-20,510300,沪深300ETF华泰柏瑞,3.601,3.552,3.604,3.529,8155655.0,3188456650.0,2.07,-1.74,-0.063,3.01,eastmoney,qfq
2022-12-21,510300,沪深300ETF华泰柏瑞,3.557,3.549,3.567,3.538,5230558.0,2038360701.0,0.82,-0.08,-0.003,1.93,eastmoney,qfq
2022-12-22,510300,沪深300ETF华泰柏瑞,3.572,3.557,3.6,3.537,6878210.0,2690306339.0,1.78,0.23,0.008,2.54,eastmoney,qfq
2022-12-23,510300,沪深300ETF华泰柏瑞,3.54,3.547,3.568,3.528,10847910.0,4222061974.0,1.12,-0.28,-0.01,4.01,eastmoney,qfq
2022-12-26,510300,沪深300ETF华泰柏瑞,3.546,3.556,3.576,3.544,6511937.0,2542745278.0,0.9,0.25,0.009,2.4,eastmoney,qfq
2022-12-27,510300,沪深300ETF华泰柏瑞,3.596,3.603,3.609,3.575,5820488.0,2292894562.0,0.96,1.32,0.047,2.15,eastmoney,qfq
2022-12-28,510300,沪深300ETF华泰柏瑞,3.595,3.59,3.601,3.573,6492690.0,2553573421.0,0.78,-0.36,-0.013,2.4,eastmoney,qfq
2022-12-29,510300,沪深300ETF华泰柏瑞,3.575,3.578,3.589,3.552,7212710.0,2825957366.0,1.03,-0.33,-0.012,2.66,eastmoney,qfq
2022-12-30,510300,沪深300ETF华泰柏瑞,3.593,3.594,3.607,3.59,6302286.0,2485143924.0,0.48,0.45,0.016,2.33,eastmoney,qfq
2023-01-03,510300,沪深300ETF华泰柏瑞,3.593,3.605,3.617,3.546,6563108.0,2576087718.0,1.98,0.31,0.011,2.42,eastmoney,qfq
2023-01-04,510300,沪深300ETF华泰柏瑞,3.604,3.61,3.621,3.587,9807997.0,3874438389.0,0.94,0.14,0.005,3.62,eastmoney,qfq
2023-01-05,510300,沪深300ETF华泰柏瑞,3.631,3.685,3.691,3.628,7745023.0,3108571448.0,1.75,2.08,0.075,2.86,eastmoney,qfq
2023-01-06,510300,沪深300ETF华泰柏瑞,3.686,3.701,3.718,3.682,5410808.0,2187353311.0,0.98,0.43,0.016,2.0,eastmoney,qfq
2023-01-09,510300,沪深300ETF华泰柏瑞,3.721,3.726,3.742,3.708,7809599.0,3178181433.0,0.92,0.68,0.025,2.88,eastmoney,qfq
2023-01-10,510300,沪深300ETF华泰柏瑞,3.724,3.732,3.748,3.718,7442622.0,3033001135.0,0.81,0.16,0.006,2.75,eastmoney,qfq
2023-01-11,510300,沪深300ETF华泰柏瑞,3.733,3.732,3.761,3.725,5715114.0,2334923330.0,0.96,0.0,0.0,2.11,eastmoney,qfq
2023-01-12,510300,沪深300ETF华泰柏瑞,3.739,3.738,3.751,3.724,3255872.0,1328948654.0,0.72,0.16,0.006,1.2,eastmoney,qfq
2023-01-13,510300,沪深300ETF华泰柏瑞,3.745,3.8,3.804,3.745,6559090.0,2702284069.0,1.58,1.66,0.062,2.42,eastmoney,qfq
2023-01-16,510300,沪深300ETF华泰柏瑞,3.805,3.863,3.904,3.803,17163759.0,7109168359.0,2.66,1.66,0.063,6.34,eastmoney,qfq
2023-01-17,510300,沪深300ETF华泰柏瑞,3.863,3.859,3.872,3.842,6015131.0,2488168863.0,0.78,-0.1,-0.004,2.22,eastmoney,qfq
2023-01-18,510300,沪深300ETF华泰柏瑞,3.866,3.85,3.872,3.846,4456901.0,1843406132.0,0.67,-0.23,-0.009,1.65,eastmoney,qfq
2023-01-19,510300,沪深300ETF华泰柏瑞,3.841,3.878,3.88,3.823,6074324.0,2513066753.0,1.48,0.73,0.028,2.24,eastmoney,qfq
2023-01-20,510300,沪深300ETF华泰柏瑞,3.893,3.901,3.914,3.885,5700822.0,2382114372.0,0.75,0.59,0.023,2.1,eastmoney,qfq
2023-01-30,510300,沪深300ETF华泰柏瑞,3.98,3.925,3.987,3.918,8013471.0,3386449597.0,1.77,0.62,0.024,2.96,eastmoney,qfq
2023-01-31,510300,沪深300ETF华泰柏瑞,3.928,3.879,3.937,3.872,11392222.0,4761842944.0,1.66,-1.17,-0.046,4.21,eastmoney,qfq
2023-02-01,510300,沪深300ETF华泰柏瑞,3.884,3.91,3.912,3.853,7156520.0,2981748341.0,1.52,0.8,0.031,2.64,eastmoney,qfq
2023-02-02,510300,沪深300ETF华泰柏瑞,3.922,3.9,3.925,3.883,10018528.0,4188623374.0,1.07,-0.26,-0.01,3.7,eastmoney,qfq
2023-02-03,510300,沪深300ETF华泰柏瑞,3.874,3.857,3.877,3.821,9600521.0,3961301299.0,1.44,-1.1,-0.043,3.54,eastmoney,qfq
2023-02-06,510300,沪深300ETF华泰柏瑞,3.823,3.8,3.824,3.778,7314597.0,2982940562.0,1.19,-1.48,-0.057,2.7,eastmoney,qfq
2023-02-07,510300,沪深300ETF华泰柏瑞,3.806,3.81,3.821,3.79,5539881.0,2263547380.0,0.82,0.26,0.01,2.05,eastmoney,qfq
2023-02-08,510300,沪深300ETF华泰柏瑞,3.812,3.793,3.829,3.785,4628713.0,1889787994.0,1.15,-0.45,-0.017,1.71,eastmoney,qfq
2023-02-09,510300,沪深300ETF华泰柏瑞,3.787,3.847,3.851,3.783,5958886.0,2450554135.0,1.79,1.42,0.054,2.2,eastmoney,qfq
2023-02-10,510300,沪深300ETF华泰柏瑞,3.848,3.823,3.848,3.806,5205224.0,2135893097.0,1.09,-0.62,-0.024,1.92,eastmoney,qfq
2023-02-13,510300,沪深300ETF华泰柏瑞,3.81,3.855,3.861,3.803,8280101.0,3415190764.0,1.52,0.84,0.032,3.06,eastmoney,qfq
2023-02-14,510300,沪深300ETF华泰柏瑞,3.861,3.864,3.867,3.839,3326324.0,1374345788.0,0.73,0.23,0.009,1.23,eastmoney,qfq
2023-02-15,510300,沪深300ETF华泰柏瑞,3.861,3.836,3.874,3.828,6455068.0,2658512888.0,1.19,-0.72,-0.028,2.38,eastmoney,qfq
2023-02-16,510300,沪深300ETF华泰柏瑞,3.84,3.807,3.888,3.782,7925101.0,3275079466.0,2.76,-0.76,-0.029,2.93,eastmoney,qfq
2023-02-17,510300,沪深300ETF华泰柏瑞,3.805,3.749,3.821,3.745,7433949.0,3025278809.0,2.0,-1.52,-0.058,2.74,eastmoney,qfq
2023-02-20,510300,沪深300ETF华泰柏瑞,3.754,3.854,3.857,3.748,10495255.0,4282521265.0,2.91,2.8,0.105,3.88,eastmoney,qfq
2023-02-21,510300,沪深300ETF华泰柏瑞,3.854,3.859,3.87,3.834,5609025.0,2318009475.0,0.93,0.13,0.005,2.07,eastmoney,qfq
2023-02-22,510300,沪深300ETF华泰柏瑞,3.843,3.819,3.854,3.812,4529454.0,1861371777.0,1.09,-1.04,-0.04,1.67,eastmoney,qfq
2023-02-23,510300,沪深300ETF华泰柏瑞,3.823,3.819,3.845,3.801,4655595.0,1908740957.0,1.15,0.0,0.0,1.72,eastmoney,qfq
2023-02-24,510300,沪深300ETF华泰柏瑞,3.818,3.78,3.818,3.76,8087762.0,3282777177.0,1.52,-1.02,-0.039,2.99,eastmoney,qfq
2023-02-27,510300,沪深300ETF华泰柏瑞,3.76,3.765,3.783,3.748,4569575.0,1848791379.0,0.93,-0.4,-0.015,1.69,eastmoney,qfq
2023-02-28,510300,沪深300ETF华泰柏瑞,3.777,3.791,3.796,3.74,4845454.0,1963458643.0,1.49,0.69,0.026,1.79,eastmoney,qfq
2023-03-01,510300,沪深300ETF华泰柏瑞,3.787,3.84,3.856,3.78,11804810.0,4856375177.0,2.0,1.29,0.049,4.36,eastmoney,qfq
2023-03-02,510300,沪深300ETF华泰柏瑞,3.83,3.835,3.854,3.827,4391329.0,1808866225.0,0.7,-0.13,-0.005,1.62,eastmoney,qfq
2023-03-03,510300,沪深300ETF华泰柏瑞,3.846,3.844,3.856,3.814,4201757.0,1730990673.0,1.1,0.23,0.009,1.55,eastmoney,qfq
2023-03-06,510300,沪深300ETF华泰柏瑞,3.845,3.819,3.847,3.8,9293025.0,3808515076.0,1.22,-0.65,-0.025,3.43,eastmoney,qfq
2023-03-07,510300,沪深300ETF华泰柏瑞,3.815,3.762,3.838,3.759,6746494.0,2756431261.0,2.07,-1.49,-0.057,2.49,eastmoney,qfq
2023-03-08,510300,沪深300ETF华泰柏瑞,3.75,3.746,3.755,3.73,4313154.0,1735039806.0,0.66,-0.43,-0.016,1.59,eastmoney,qfq
2023-03-09,510300,沪深300ETF华泰柏瑞,3.752,3.736,3.756,3.712,4079365.0,1639051249.0,1.17,-0.27,-0.01,1.51,eastmoney,qfq
2023-03-10,510300,沪深300ETF华泰柏瑞,3.71,3.681,3.724,3.679,4981129.0,1982846713.0,1.2,-1.47,-0.055,1.84,eastmoney,qfq
2023-03-13,510300,沪深300ETF华泰柏瑞,3.681,3.725,3.728,3.681,4674529.0,1865984620.0,1.28,1.2,0.044,1.73,eastmoney,qfq
2023-03-14,510300,沪深300ETF华泰柏瑞,3.72,3.7,3.72,3.665,4635416.0,1842611053.0,1.48,-0.67,-0.025,1.71,eastmoney,qfq
2023-03-15,510300,沪深300ETF华泰柏瑞,3.726,3.699,3.736,3.698,3933011.0,1571377024.0,1.03,-0.03,-0.001,1.45,eastmoney,qfq
2023-03-16,510300,沪深300ETF华泰柏瑞,3.68,3.653,3.699,3.65,4331438.0,1713141943.0,1.32,-1.24,-0.046,1.6,eastmoney,qfq
2023-03-17,510300,沪深300ETF华泰柏瑞,3.68,3.674,3.724,3.655,11235012.0,4453754362.0,1.89,0.57,0.021,4.15,eastmoney,qfq
2023-03-20,510300,沪深300ETF华泰柏瑞,3.674,3.652,3.696,3.646,5709548.0,2258210593.0,1.36,-0.6,-0.022,2.11,eastmoney,qfq
2023-03-21,510300,沪深300ETF华泰柏瑞,3.663,3.695,3.699,3.661,5567437.0,2206195773.0,1.04,1.18,0.043,2.06,eastmoney,qfq
2023-03-22,510300,沪深300ETF华泰柏瑞,3.705,3.713,3.729,3.699,5817562.0,2323803781.0,0.81,0.49,0.018,2.15,eastmoney,qfq
2023-03-23,510300,沪深300ETF华泰柏瑞,3.7,3.751,3.752,3.698,5344729.0,2143951550.0,1.45,1.02,0.038,1.97,eastmoney,qfq
2023-03-24,510300,沪深300ETF华泰柏瑞,3.743,3.746,3.754,3.734,2548953.0,1025007603.0,0.53,-0.13,-0.005,0.94,eastmoney,qfq
2023-03-27,510300,沪深300ETF华泰柏瑞,3.745,3.725,3.745,3.704,4912547.0,1966086521.0,1.09,-0.56,-0.021,1.81,eastmoney,qfq
2023-03-28,510300,沪深300ETF华泰柏瑞,3.726,3.717,3.738,3.71,5072061.0,2029086627.0,0.75,-0.21,-0.008,1.87,eastmoney,qfq
2023-03-29,510300,沪深300ETF华泰柏瑞,3.738,3.717,3.739,3.711,6163363.0,2467227537.0,0.75,0.0,0.0,2.28,eastmoney,qfq
2023-03-30,510300,沪深300ETF华泰柏瑞,3.718,3.76,3.761,3.701,5572070.0,2238129589.0,1.61,1.16,0.043,2.06,eastmoney,qfq
2023-03-31,510300,沪深300ETF华泰柏瑞,3.765,3.77,3.783,3.759,6711625.0,2718176592.0,0.64,0.27,0.01,2.48,eastmoney,qfq
2023-04-03,510300,沪深300ETF华泰柏瑞,3.77,3.8,3.811,3.765,5513397.0,2243377317.0,1.22,0.8,0.03,2.04,eastmoney,qfq
2023-04-04,510300,沪深300ETF华泰柏瑞,3.8,3.82,3.822,3.792,4803087.0,1960368642.0,0.79,0.53,0.02,1.77,eastmoney,qfq
2023-04-06,510300,沪深300ETF华泰柏瑞,3.805,3.808,3.813,3.793,3782868.0,1544679079.0,0.52,-0.31,-0.012,1.4,eastmoney,qfq
2023-04-07,510300,沪深300ETF华泰柏瑞,3.808,3.837,3.849,3.806,3295857.0,1355999026.0,1.13,0.76,0.029,1.22,eastmoney,qfq
2023-04-10,510300,沪深300ETF华泰柏瑞,3.848,3.822,3.849,3.818,4743616.0,1948356331.0,0.81,-0.39,-0.015,1.75,eastmoney,qfq
2023-04-11,510300,沪深300ETF华泰柏瑞,3.825,3.812,3.832,3.798,5359550.0,2195224021.0,0.89,-0.26,-0.01,1.98,eastmoney,qfq
2023-04-12,510300,沪深300ETF华泰柏瑞,3.813,3.808,3.818,3.8,3358337.0,1373120380.0,0.47,-0.1,-0.004,1.24,eastmoney,qfq
2023-04-13,510300,沪深300ETF华泰柏瑞,3.799,3.783,3.805,3.777,4021907.0,1635782613.0,0.74,-0.66,-0.025,1.49,eastmoney,qfq
2023-04-14,510300,沪深300ETF华泰柏瑞,3.795,3.804,3.814,3.791,4560326.0,1860596353.0,0.61,0.56,0.021,1.68,eastmoney,qfq
2023-04-17,510300,沪深300ETF华泰柏瑞,3.801,3.865,3.867,3.8,6325480.0,2605868198.0,1.76,1.6,0.061,2.34,eastmoney,qfq
2023-04-18,510300,沪深300ETF华泰柏瑞,3.864,3.872,3.883,3.856,4160543.0,1726660643.0,0.7,0.18,0.007,1.54,eastmoney,qfq
2023-04-19,510300,沪深300ETF华泰柏瑞,3.874,3.839,3.874,3.835,4085730.0,1688498846.0,1.01,-0.85,-0.033,1.51,eastmoney,qfq
2023-04-20,510300,沪深300ETF华泰柏瑞,3.838,3.823,3.842,3.81,6073086.0,2491260807.0,0.83,-0.42,-0.016,2.24,eastmoney,qfq
2023-04-21,510300,沪深300ETF华泰柏瑞,3.823,3.75,3.826,3.744,6836486.0,2776624903.0,2.14,-1.91,-0.073,2.52,eastmoney,qfq
2023-04-24,510300,沪深300ETF华泰柏瑞,3.749,3.699,3.752,3.683,5940937.0,2372492823.0,1.84,-1.36,-0.051,2.19,eastmoney,qfq
2023-04-25,510300,沪深300ETF华泰柏瑞,3.7,3.68,3.708,3.644,9664268.0,3820424644.0,1.73,-0.51,-0.019,3.57,eastmoney,qfq
2023-04-26,510300,沪深300ETF华泰柏瑞,3.678,3.671,3.69,3.654,9034653.0,3570141037.0,0.98,-0.24,-0.009,3.34,eastmoney,qfq
2023-04-27,510300,沪深300ETF华泰柏瑞,3.668,3.706,3.72,3.66,4677697.0,1857891159.0,1.63,0.95,0.035,1.73,eastmoney,qfq
2023-04-28,510300,沪深300ETF华泰柏瑞,3.717,3.745,3.75,3.711,4518062.0,1813115078.0,1.05,1.05,0.039,1.67,eastmoney,qfq
2023-05-04,510300,沪深300ETF华泰柏瑞,3.733,3.745,3.747,3.716,3378611.0,1356998397.0,0.83,0.0,0.0,1.25,eastmoney,qfq
2023-05-05,510300,沪深300ETF华泰柏瑞,3.746,3.729,3.758,3.709,3379499.0,1355979468.0,1.31,-0.43,-0.016,1.25,eastmoney,qfq
2023-05-08,510300,沪深300ETF华泰柏瑞,3.736,3.774,3.784,3.731,6848152.0,2769137971.0,1.42,1.21,0.045,2.53,eastmoney,qfq
2023-05-09,510300,沪深300ETF华泰柏瑞,3.779,3.739,3.805,3.739,5668907.0,2299963548.0,1.75,-0.93,-0.035,2.09,eastmoney,qfq
2023-05-10,510300,沪深300ETF华泰柏瑞,3.737,3.708,3.739,3.7,9165933.0,3663507046.0,1.04,-0.83,-0.031,3.38,eastmoney,qfq
2023-05-11,510300,沪深300ETF华泰柏瑞,3.718,3.703,3.728,3.7,3216150.0,1284651681.0,0.76,-0.13,-0.005,1.19,eastmoney,qfq
2023-05-12,510300,沪深300ETF华泰柏瑞,3.702,3.652,3.716,3.65,5187745.0,2053102560.0,1.78,-1.38,-0.051,1.92,eastmoney,qfq
2023-05-15,510300,沪深300ETF华泰柏瑞,3.654,3.715,3.716,3.643,8107574.0,3203031252.0,2.0,1.73,0.063,2.99,eastmoney,qfq
2023-05-16,510300,沪深300ETF华泰柏瑞,3.714,3.698,3.72,3.682,4068203.0,1620578488.0,1.02,-0.46,-0.017,1.5,eastmoney,qfq
2023-05-17,510300,沪深300ETF华泰柏瑞,3.691,3.671,3.702,3.661,6405805.0,2535368771.0,1.11,-0.73,-0.027,2.37,eastmoney,qfq
2023-05-18,510300,沪深300ETF华泰柏瑞,3.678,3.67,3.698,3.651,7006002.0,2770097587.0,1.28,-0.03,-0.001,2.59,eastmoney,qfq
2023-05-19,510300,沪深300ETF华泰柏瑞,3.66,3.664,3.686,3.642,3417126.0,1347166083.0,1.2,-0.16,-0.006,1.26,eastmoney,qfq
2023-05-22,510300,沪深300ETF华泰柏瑞,3.663,3.684,3.705,3.65,5003757.0,1981482735.0,1.5,0.55,0.02,1.85,eastmoney,qfq
2023-05-23,510300,沪深300ETF华泰柏瑞,3.687,3.627,3.691,3.626,6117573.0,2405349012.0,1.76,-1.55,-0.057,2.26,eastmoney,qfq
2023-05-24,510300,沪深300ETF华泰柏瑞,3.622,3.574,3.623,3.572,7672776.0,2973586313.0,1.41,-1.46,-0.053,2.83,eastmoney,qfq
2023-05-25,510300,沪深300ETF华泰柏瑞,3.568,3.565,3.578,3.532,4918567.0,1888723116.0,1.29,-0.25,-0.009,1.82,eastmoney,qfq
2023-05-26,510300,沪深300ETF华泰柏瑞,3.563,3.57,3.581,3.533,4462037.0,1713952910.0,1.35,0.14,0.005,1.65,eastmoney,qfq
2023-05-29,510300,沪深300ETF华泰柏瑞,3.578,3.554,3.59,3.539,4030135.0,1546653526.0,1.43,-0.45,-0.016,1.49,eastmoney,qfq
2023-05-30,510300,沪深300ETF华泰柏瑞,3.546,3.558,3.567,3.51,5720979.0,2186287405.0,1.6,0.11,0.004,2.11,eastmoney,qfq
2023-05-31,510300,沪深300ETF华泰柏瑞,3.548,3.522,3.548,3.505,7338757.0,2792006056.0,1.21,-1.01,-0.036,2.71,eastmoney,qfq
2023-06-01,510300,沪深300ETF华泰柏瑞,3.519,3.53,3.56,3.514,6749757.0,2579669883.0,1.31,0.23,0.008,2.49,eastmoney,qfq
2023-06-02,510300,沪深300ETF华泰柏瑞,3.55,3.583,3.593,3.55,6929781.0,2672332967.0,1.22,1.5,0.053,2.56,eastmoney,qfq
2023-06-05,510300,沪深300ETF华泰柏瑞,3.577,3.565,3.581,3.555,3611549.0,1389909743.0,0.73,-0.5,-0.018,1.33,eastmoney,qfq
2023-06-06,510300,沪深300ETF华泰柏瑞,3.566,3.528,3.594,3.524,4115697.0,1579493947.0,1.96,-1.04,-0.037,1.52,eastmoney,qfq
2023-06-07,510300,沪深300ETF华泰柏瑞,3.54,3.516,3.547,3.503,3721767.0,1416641429.0,1.25,-0.34,-0.012,1.37,eastmoney,qfq
2023-06-08,510300,沪深300ETF华泰柏瑞,3.516,3.548,3.563,3.503,3834889.0,1462204388.0,1.71,0.91,0.032,1.42,eastmoney,qfq
2023-06-09,510300,沪深300ETF华泰柏瑞,3.549,3.564,3.567,3.542,5270689.0,2021624139.0,0.7,0.45,0.016,1.95,eastmoney,qfq
2023-06-12,510300,沪深300ETF华泰柏瑞,3.56,3.568,3.59,3.545,4596593.0,1768357700.0,1.26,0.11,0.004,1.7,eastmoney,qfq
2023-06-13,510300,沪深300ETF华泰柏瑞,3.56,3.597,3.6,3.557,3503880.0,1353181342.0,1.21,0.81,0.029,1.29,eastmoney,qfq
2023-06-14,510300,沪深300ETF华泰柏瑞,3.599,3.597,3.624,3.595,4441136.0,1727523754.0,0.81,0.0,0.0,1.64,eastmoney,qfq
2023-06-15,510300,沪深300ETF华泰柏瑞,3.606,3.662,3.663,3.6,5084305.0,1990297387.0,1.75,1.81,0.065,1.88,eastmoney,qfq
2023-06-16,510300,沪深300ETF华泰柏瑞,3.669,3.699,3.708,3.669,6021488.0,2389873017.0,1.06,1.01,0.037,2.22,eastmoney,qfq
2023-06-19,510300,沪深300ETF华泰柏瑞,3.699,3.669,3.699,3.664,4003074.0,1583693179.0,0.95,-0.81,-0.03,1.48,eastmoney,qfq
2023-06-20,510300,沪深300ETF华泰柏瑞,3.661,3.662,3.679,3.656,3538923.0,1396571289.0,0.63,-0.19,-0.007,1.31,eastmoney,qfq
2023-06-21,510300,沪深300ETF华泰柏瑞,3.655,3.607,3.659,3.605,4893537.0,1915610962.0,1.47,-1.5,-0.055,1.81,eastmoney,qfq
2023-06-26,510300,沪深300ETF华泰柏瑞,3.586,3.563,3.59,3.551,6404956.0,2462685974.0,1.08,-1.22,-0.044,2.36,eastmoney,qfq
2023-06-27,510300,沪深300ETF华泰柏瑞,3.562,3.589,3.599,3.555,3971021.0,1532293882.0,1.23,0.73,0.026,1.47,eastmoney,qfq
2023-06-28,510300,沪深300ETF华泰柏瑞,3.583,3.597,3.598,3.557,4627456.0,1786039957.0,1.14,0.22,0.008,1.71,eastmoney,qfq
2023-06-29,510300,沪深300ETF华泰柏瑞,3.597,3.579,3.599,3.567,3002626.0,1159259690.0,0.89,-0.5,-0.018,1.11,eastmoney,qfq
2023-06-30,510300,沪深300ETF华泰柏瑞,3.578,3.602,3.62,3.573,5299183.0,2058017000.0,1.31,0.64,0.023,1.96,eastmoney,qfq
2023-07-03,510300,沪深300ETF华泰柏瑞,3.61,3.647,3.659,3.608,4739097.0,1857984547.0,1.42,1.25,0.045,1.75,eastmoney,qfq
2023-07-04,510300,沪深300ETF华泰柏瑞,3.645,3.654,3.656,3.639,2521213.0,990312869.0,0.47,0.19,0.007,0.93,eastmoney,qfq
2023-07-05,510300,沪深300ETF华泰柏瑞,3.648,3.627,3.654,3.621,2712152.0,1061461518.0,0.9,-0.74,-0.027,1.0,eastmoney,qfq
2023-07-06,510300,沪深300ETF华泰柏瑞,3.62,3.599,3.64,3.594,3467439.0,1349288878.0,1.27,-0.77,-0.028,1.28,eastmoney,qfq
2023-07-07,510300,沪深300ETF华泰柏瑞,3.595,3.588,3.604,3.579,3022777.0,1170006594.0,0.69,-0.31,-0.011,1.12,eastmoney,qfq
2023-07-10,510300,沪深300ETF华泰柏瑞,3.606,3.604,3.63,3.592,4284868.0,1668025659.0,1.06,0.45,0.016,1.58,eastmoney,qfq
2023-07-11,510300,沪深300ETF华泰柏瑞,3.617,3.63,3.635,3.607,5874389.0,2292218456.0,0.78,0.72,0.026,2.17,eastmoney,qfq
2023-07-12,510300,沪深300ETF华泰柏瑞,3.634,3.611,3.64,3.601,3894108.0,1520311053.0,1.07,-0.52,-0.019,1.44,eastmoney,qfq
2023-07-13,510300,沪深300ETF华泰柏瑞,3.63,3.674,3.677,3.63,5722866.0,2254997240.0,1.3,1.74,0.063,2.11,eastmoney,qfq
2023-07-14,510300,沪深300ETF华泰柏瑞,3.68,3.672,3.684,3.67,3632621.0,1437431006.0,0.38,-0.05,-0.002,1.34,eastmoney,qfq
2023-07-17,510300,沪深300ETF华泰柏瑞,3.666,3.644,3.666,3.628,4486126.0,1757874089.0,1.03,-0.76,-0.028,1.66,eastmoney,qfq
2023-07-18,510300,沪深300ETF华泰柏瑞,3.645,3.638,3.652,3.625,2666707.0,1044528809.0,0.74,-0.16,-0.006,0.98,eastmoney,qfq
2023-07-19,510300,沪深300ETF华泰柏瑞,3.63,3.636,3.644,3.615,5012407.0,1958620837.0,0.8,-0.05,-0.002,1.85,eastmoney,qfq
2023-07-20,510300,沪深300ETF华泰柏瑞,3.643,3.608,3.662,3.601,8715071.0,3409059171.0,1.68,-0.77,-0.028,3.22,eastmoney,qfq
2023-07-21,510300,沪深300ETF华泰柏瑞,3.608,3.61,3.637,3.595,7272501.0,2831069309.0,1.16,0.06,0.002,2.69,eastmoney,qfq
2023-07-24,510300,沪深300ETF华泰柏瑞,3.59,3.593,3.617,3.584,4549820.0,1762582929.0,0.91,-0.47,-0.017,1.68,eastmoney,qfq
2023-07-25,510300,沪深300ETF华泰柏瑞,3.64,3.705,3.706,3.64,11409824.0,4516702930.0,1.84,3.12,0.112,4.21,eastmoney,qfq
2023-07-26,510300,沪深300ETF华泰柏瑞,3.7,3.696,3.702,3.681,5880386.0,2336248742.0,0.57,-0.24,-0.009,2.17,eastmoney,qfq
2023-07-27,510300,沪深300ETF华泰柏瑞,3.705,3.692,3.718,3.68,6024658.0,2399970524.0,1.03,-0.11,-0.004,2.22,eastmoney,qfq
2023-07-28,510300,沪深300ETF华泰柏瑞,3.673,3.788,3.795,3.673,14964884.0,6045486970.0,3.3,2.6,0.096,5.53,eastmoney,qfq
2023-07-31,510300,沪深300ETF华泰柏瑞,3.82,3.804,3.861,3.794,17906350.0,7347223022.0,1.77,0.42,0.016,6.61,eastmoney,qfq
2023-08-01,510300,沪深300ETF华泰柏瑞,3.8,3.786,3.825,3.775,11359816.0,4628166309.0,1.31,-0.47,-0.018,4.19,eastmoney,qfq
2023-08-02,510300,沪深300ETF华泰柏瑞,3.779,3.757,3.8,3.746,7894398.0,3195405068.0,1.43,-0.77,-0.029,2.91,eastmoney,qfq
2023-08-03,510300,沪深300ETF华泰柏瑞,3.751,3.793,3.795,3.751,7379311.0,2990984772.0,1.17,0.96,0.036,2.72,eastmoney,qfq
2023-08-04,510300,沪深300ETF华泰柏瑞,3.835,3.814,3.852,3.8,14223575.0,5844695555.0,1.37,0.55,0.021,5.25,eastmoney,qfq
2023-08-07,510300,沪深300ETF华泰柏瑞,3.796,3.783,3.796,3.769,12814224.0,5203107906.0,0.71,-0.81,-0.031,4.73,eastmoney,qfq
2023-08-08,510300,沪深300ETF华泰柏瑞,3.768,3.768,3.795,3.755,11165791.0,4524172048.0,1.06,-0.4,-0.015,4.12,eastmoney,qfq
2023-08-09,510300,沪深300ETF华泰柏瑞,3.758,3.76,3.775,3.754,13325079.0,5388159549.0,0.56,-0.21,-0.008,4.92,eastmoney,qfq
2023-08-10,510300,沪深300ETF华泰柏瑞,3.758,3.765,3.77,3.734,9382509.0,3788454446.0,0.96,0.13,0.005,3.46,eastmoney,qfq
2023-08-11,510300,沪深300ETF华泰柏瑞,3.765,3.67,3.768,3.668,12885598.0,5137860063.0,2.66,-2.52,-0.095,4.76,eastmoney,qfq
2023-08-14,510300,沪深300ETF华泰柏瑞,3.639,3.643,3.652,3.604,10386003.0,4062406138.0,1.31,-0.74,-0.027,3.83,eastmoney,qfq
2023-08-15,510300,沪深300ETF华泰柏瑞,3.647,3.639,3.655,3.601,8165194.0,3193418408.0,1.48,-0.11,-0.004,3.01,eastmoney,qfq
2023-08-16,510300,沪深300ETF华泰柏瑞,3.622,3.609,3.642,3.607,8558495.0,3338499228.0,0.96,-0.82,-0.03,3.16,eastmoney,qfq
2023-08-17,510300,沪深300ETF华泰柏瑞,3.591,3.622,3.629,3.575,11561183.0,4488757418.0,1.5,0.36,0.013,4.27,eastmoney,qfq
2023-08-18,510300,沪深300ETF华泰柏瑞,3.624,3.572,3.634,3.571,12755465.0,4949895035.0,1.74,-1.38,-0.05,4.71,eastmoney,qfq
2023-08-21,510300,沪深300ETF华泰柏瑞,3.563,3.52,3.574,3.517,11009244.0,4211773045.0,1.6,-1.46,-0.052,4.07,eastmoney,qfq
2023-08-22,510300,沪深300ETF华泰柏瑞,3.538,3.543,3.561,3.492,13315289.0,5068251898.0,1.96,0.65,0.023,4.92,eastmoney,qfq
2023-08-23,510300,沪深300ETF华泰柏瑞,3.53,3.488,3.541,3.479,10824197.0,4103294099.0,1.75,-1.55,-0.055,4.0,eastmoney,qfq
2023-08-24,510300,沪深300ETF华泰柏瑞,3.495,3.511,3.54,3.492,9526548.0,3613485225.0,1.38,0.66,0.023,3.52,eastmoney,qfq
2023-08-25,510300,沪深300ETF华泰柏瑞,3.496,3.504,3.529,3.488,11745355.0,4441349667.0,1.17,-0.2,-0.007,4.34,eastmoney,qfq
2023-08-28,510300,沪深300ETF华泰柏瑞,3.731,3.557,3.731,3.53,28220118.0,10967426433.0,5.74,1.51,0.053,10.42,eastmoney,qfq
2023-08-29,510300,沪深300ETF华泰柏瑞,3.54,3.579,3.608,3.538,21940525.0,8447914072.0,1.97,0.62,0.022,8.1,eastmoney,qfq
2023-08-30,510300,沪深300ETF华泰柏瑞,3.584,3.578,3.604,3.57,10361323.0,4005949852.0,0.95,-0.03,-0.001,3.83,eastmoney,qfq
2023-08-31,510300,沪深300ETF华泰柏瑞,3.578,3.559,3.585,3.55,8384688.0,3223625329.0,0.98,-0.53,-0.019,3.1,eastmoney,qfq
2023-09-01,510300,沪深300ETF华泰柏瑞,3.577,3.582,3.6,3.57,7926925.0,3061777815.0,0.84,0.65,0.023,2.93,eastmoney,qfq
2023-09-04,510300,沪深300ETF华泰柏瑞,3.61,3.64,3.65,3.594,11855233.0,4631839161.0,1.56,1.62,0.058,4.38,eastmoney,qfq
2023-09-05,510300,沪深300ETF华泰柏瑞,3.63,3.613,3.632,3.605,6297701.0,2454185740.0,0.74,-0.74,-0.027,2.33,eastmoney,qfq
2023-09-06,510300,沪深300ETF华泰柏瑞,3.6,3.603,3.613,3.586,7151761.0,2772119111.0,0.75,-0.28,-0.01,2.64,eastmoney,qfq
2023-09-07,510300,沪深300ETF华泰柏瑞,3.595,3.55,3.596,3.546,9410350.0,3620025670.0,1.39,-1.47,-0.053,3.47,eastmoney,qfq
2023-09-08,510300,沪深300ETF华泰柏瑞,3.535,3.529,3.548,3.516,8186358.0,3117927088.0,0.9,-0.59,-0.021,3.02,eastmoney,qfq
2023-09-11,510300,沪深300ETF华泰柏瑞,3.53,3.557,3.581,3.523,8166508.0,3130054721.0,1.64,0.79,0.028,3.02,eastmoney,qfq
2023-09-12,510300,沪深300ETF华泰柏瑞,3.554,3.552,3.566,3.545,5949369.0,2280742953.0,0.59,-0.14,-0.005,2.2,eastmoney,qfq
2023-09-13,510300,沪深300ETF华泰柏瑞,3.551,3.527,3.562,3.507,10321331.0,3927790358.0,1.55,-0.7,-0.025,3.81,eastmoney,qfq
2023-09-14,510300,沪深300ETF华泰柏瑞,3.526,3.524,3.538,3.505,9282830.0,3527433204.0,0.94,-0.09,-0.003,3.43,eastmoney,qfq
2023-09-15,510300,沪深300ETF华泰柏瑞,3.531,3.507,3.538,3.489,11906221.0,4515384978.0,1.39,-0.48,-0.017,4.4,eastmoney,qfq
2023-09-18,510300,沪深300ETF华泰柏瑞,3.498,3.52,3.531,3.484,9859264.0,3740921119.0,1.34,0.37,0.013,3.64,eastmoney,qfq
2023-09-19,510300,沪深300ETF华泰柏瑞,3.516,3.515,3.518,3.492,7270063.0,2752539515.0,0.74,-0.14,-0.005,2.68,eastmoney,qfq
2023-09-20,510300,沪深300ETF华泰柏瑞,3.505,3.497,3.513,3.497,6341355.0,2399486875.0,0.46,-0.51,-0.018,2.34,eastmoney,qfq
2023-09-21,510300,沪深300ETF华泰柏瑞,3.489,3.462,3.503,3.461,8991970.0,3378417954.0,1.2,-1.0,-0.035,3.32,eastmoney,qfq
2023-09-22,510300,沪深300ETF华泰柏瑞,3.456,3.537,3.538,3.455,12471166.0,4719058010.0,2.4,2.17,0.075,4.6,eastmoney,qfq
2023-09-25,510300,沪深300ETF华泰柏瑞,3.526,3.509,3.529,3.502,7009057.0,2656946227.0,0.76,-0.79,-0.028,2.59,eastmoney,qfq
2023-09-26,510300,沪深300ETF华泰柏瑞,3.506,3.488,3.517,3.486,8629085.0,3257834057.0,0.88,-0.6,-0.021,3.19,eastmoney,qfq
2023-09-27,510300,沪深300ETF华泰柏瑞,3.487,3.498,3.525,3.486,10780540.0,4074752971.0,1.12,0.29,0.01,3.98,eastmoney,qfq
2023-09-28,510300,沪深300ETF华泰柏瑞,3.505,3.484,3.511,3.476,11206124.0,4221645459.0,1.0,-0.4,-0.014,4.14,eastmoney,qfq
2023-10-09,510300,沪深300ETF华泰柏瑞,3.477,3.474,3.488,3.433,8752131.0,3273783140.0,1.58,-0.29,-0.01,3.23,eastmoney,qfq
2023-10-10,510300,沪深300ETF华泰柏瑞,3.486,3.447,3.498,3.444,9279324.0,3475885457.0,1.55,-0.78,-0.027,3.43,eastmoney,qfq
2023-10-11,510300,沪深300ETF华泰柏瑞,3.465,3.455,3.482,3.447,8934987.0,3346389864.0,1.02,0.23,0.008,3.3,eastmoney,qfq
2023-10-12,510300,沪深300ETF华泰柏瑞,3.49,3.491,3.505,3.472,9335216.0,3516113484.0,0.96,1.04,0.036,3.45,eastmoney,qfq
2023-10-13,510300,沪深300ETF华泰柏瑞,3.47,3.456,3.471,3.444,11350953.0,4239502340.0,0.77,-1.0,-0.035,4.19,eastmoney,qfq
2023-10-16,510300,沪深300ETF华泰柏瑞,3.456,3.413,3.458,3.402,11389806.0,4217878506.0,1.62,-1.24,-0.043,4.21,eastmoney,qfq
2023-10-17,510300,沪深300ETF华泰柏瑞,3.42,3.425,3.433,3.407,8880603.0,3286594496.0,0.76,0.35,0.012,3.28,eastmoney,qfq
2023-10-18,510300,沪深300ETF华泰柏瑞,3.419,3.397,3.423,3.395,8102706.0,2986654336.0,0.82,-0.82,-0.028,2.99,eastmoney,qfq
2023-10-19,510300,沪深300ETF华泰柏瑞,3.38,3.32,3.38,3.315,16903688.0,6128588638.0,1.91,-2.27,-0.077,6.24,eastmoney,qfq
2023-10-20,510300,沪深300ETF华泰柏瑞,3.303,3.302,3.32,3.285,17404462.0,6233727376.0,1.05,-0.54,-0.018,6.43,eastmoney,qfq
2023-10-23,510300,沪深300ETF华泰柏瑞,3.288,3.264,3.29,3.232,27102417.0,9591980200.0,1.76,-1.15,-0.038,10.01,eastmoney,qfq
2023-10-24,510300,沪深300ETF华泰柏瑞,3.273,3.269,3.283,3.24,15350130.0,5440874384.0,1.32,0.15,0.005,5.67,eastmoney,qfq
2023-10-25,510300,沪深300ETF华泰柏瑞,3.308,3.289,3.323,3.287,13833516.0,4957392955.0,1.1,0.61,0.02,5.11,eastmoney,qfq
2023-10-26,510300,沪深300ETF华泰柏瑞,3.275,3.302,3.306,3.268,11436095.0,4074940755.0,1.16,0.4,0.013,4.22,eastmoney,qfq
2023-10-27,510300,沪深300ETF华泰柏瑞,3.294,3.356,3.369,3.285,16476624.0,5952697550.0,2.54,1.64,0.054,6.08,eastmoney,qfq
2023-10-30,510300,沪深300ETF华泰柏瑞,3.342,3.372,3.383,3.34,9614014.0,3503763582.0,1.28,0.48,0.016,3.55,eastmoney,qfq
2023-10-31,510300,沪深300ETF华泰柏瑞,3.365,3.364,3.37,3.342,8396600.0,3053046237.0,0.83,-0.24,-0.008,3.1,eastmoney,qfq
2023-11-01,510300,沪深300ETF华泰柏瑞,3.4,3.362,3.4,3.352,8119834.0,2960433483.0,1.43,-0.06,-0.002,3.0,eastmoney,qfq
2023-11-02,510300,沪深300ETF华泰柏瑞,3.368,3.345,3.389,3.344,10753816.0,3915900772.0,1.34,-0.51,-0.017,3.97,eastmoney,qfq
2023-11-03,510300,沪深300ETF华泰柏瑞,3.351,3.373,3.388,3.35,10578227.0,3863396873.0,1.14,0.84,0.028,3.91,eastmoney,qfq
2023-11-06,510300,沪深300ETF华泰柏瑞,3.395,3.421,3.425,3.394,11766496.0,4344615629.0,0.92,1.42,0.048,4.34,eastmoney,qfq
2023-11-07,510300,沪深300ETF华泰柏瑞,3.412,3.41,3.421,3.396,6575291.0,2424393951.0,0.73,-0.32,-0.011,2.43,eastmoney,qfq
2023-11-08,510300,沪深300ETF华泰柏瑞,3.403,3.399,3.416,3.378,11353212.0,4175672872.0,1.11,-0.32,-0.011,4.19,eastmoney,qfq
2023-11-09,510300,沪深300ETF华泰柏瑞,3.391,3.402,3.415,3.389,8185694.0,3012831353.0,0.76,0.09,0.003,3.02,eastmoney,qfq
2023-11-10,510300,沪深300ETF华泰柏瑞,3.388,3.375,3.388,3.363,7841768.0,2864208754.0,0.73,-0.79,-0.027,2.9,eastmoney,qfq
2023-11-13,510300,沪深300ETF华泰柏瑞,3.379,3.37,3.386,3.35,6744633.0,2456900620.0,1.07,-0.15,-0.005,2.49,eastmoney,qfq
2023-11-14,510300,沪深300ETF华泰柏瑞,3.374,3.37,3.39,3.355,7533172.0,2750944509.0,1.04,0.0,0.0,2.78,eastmoney,qfq
2023-11-15,510300,沪深300ETF华泰柏瑞,3.4,3.395,3.411,3.383,9940631.0,3654308894.0,0.83,0.74,0.025,3.67,eastmoney,qfq
2023-11-16,510300,沪深300ETF华泰柏瑞,3.39,3.359,3.393,3.357,8815567.0,3216526669.0,1.06,-1.06,-0.036,3.26,eastmoney,qfq
2023-11-17,510300,沪深300ETF华泰柏瑞,3.35,3.354,3.358,3.332,11984509.0,4344183851.0,0.77,-0.15,-0.005,4.43,eastmoney,qfq
2023-11-20,510300,沪深300ETF华泰柏瑞,3.357,3.365,3.377,3.33,8584304.0,3119864711.0,1.4,0.33,0.011,3.17,eastmoney,qfq
2023-11-21,510300,沪深300ETF华泰柏瑞,3.375,3.37,3.406,3.36,9316055.0,3414862520.0,1.37,0.15,0.005,3.44,eastmoney,qfq
2023-11-22,510300,沪深300ETF华泰柏瑞,3.361,3.331,3.366,3.33,7622027.0,2765607794.0,1.07,-1.16,-0.039,2.81,eastmoney,qfq
2023-11-23,510300,沪深300ETF华泰柏瑞,3.329,3.35,3.352,3.315,7749718.0,2800813039.0,1.11,0.57,0.019,2.86,eastmoney,qfq
2023-11-24,510300,沪深300ETF华泰柏瑞,3.346,3.325,3.347,3.318,7434533.0,2684275512.0,0.87,-0.75,-0.025,2.75,eastmoney,qfq
2023-11-27,510300,沪深300ETF华泰柏瑞,3.324,3.301,3.324,3.277,7762956.0,2773819650.0,1.41,-0.72,-0.024,2.87,eastmoney,qfq
2023-11-28,510300,沪深300ETF华泰柏瑞,3.295,3.305,3.31,3.286,7274837.0,2603222024.0,0.73,0.12,0.004,2.69,eastmoney,qfq
2023-11-29,510300,沪深300ETF华泰柏瑞,3.306,3.278,3.309,3.265,7590570.0,2702123586.0,1.33,-0.82,-0.027,2.8,eastmoney,qfq
2023-11-30,510300,沪深300ETF华泰柏瑞,3.274,3.282,3.292,3.267,6678101.0,2377329010.0,0.76,0.12,0.004,2.47,eastmoney,qfq
2023-12-01,510300,沪深300ETF华泰柏瑞,3.281,3.268,3.287,3.239,8604681.0,3046328676.0,1.46,-0.43,-0.014,3.18,eastmoney,qfq
2023-12-04,510300,沪深300ETF华泰柏瑞,3.271,3.244,3.274,3.243,6925230.0,2448340185.0,0.95,-0.73,-0.024,2.56,eastmoney,qfq
2023-12-05,510300,沪深300ETF华泰柏瑞,3.239,3.178,3.239,3.177,10087896.0,3519764103.0,1.91,-2.03,-0.066,3.72,eastmoney,qfq
2023-12-06,510300,沪深300ETF华泰柏瑞,3.174,3.183,3.203,3.164,10019449.0,3471511576.0,1.23,0.16,0.005,3.7,eastmoney,qfq
2023-12-07,510300,沪深300ETF华泰柏瑞,3.181,3.174,3.188,3.151,9345058.0,3222732043.0,1.16,-0.28,-0.009,3.45,eastmoney,qfq
2023-12-08,510300,沪深300ETF华泰柏瑞,3.175,3.181,3.193,3.17,7091986.0,2456531937.0,0.72,0.22,0.007,2.62,eastmoney,qfq
2023-12-11,510300,沪深300ETF华泰柏瑞,3.16,3.205,3.217,3.135,9982478.0,3440612626.0,2.58,0.75,0.024,3.69,eastmoney,qfq
2023-12-12,510300,沪深300ETF华泰柏瑞,3.196,3.213,3.215,3.193,6407242.0,2232549949.0,0.69,0.25,0.008,2.37,eastmoney,qfq
2023-12-13,510300,沪深300ETF华泰柏瑞,3.202,3.155,3.206,3.152,7088152.0,2449237490.0,1.68,-1.81,-0.058,2.62,eastmoney,qfq
2023-12-14,510300,沪深300ETF华泰柏瑞,3.171,3.139,3.185,3.134,7415331.0,2548257393.0,1.62,-0.51,-0.016,2.74,eastmoney,qfq
2023-12-15,510300,沪深300ETF华泰柏瑞,3.15,3.132,3.174,3.125,8999768.0,3083345817.0,1.56,-0.22,-0.007,3.32,eastmoney,qfq
2023-12-18,510300,沪深300ETF华泰柏瑞,3.118,3.118,3.139,3.1,8473038.0,2880805451.0,1.25,-0.45,-0.014,3.13,eastmoney,qfq
2023-12-19,510300,沪深300ETF华泰柏瑞,3.117,3.12,3.134,3.1,10985366.0,3728059629.0,1.09,0.06,0.002,4.06,eastmoney,qfq
2023-12-20,510300,沪深300ETF华泰柏瑞,3.124,3.089,3.129,3.085,10347176.0,3505163478.0,1.41,-0.99,-0.031,3.82,eastmoney,qfq
2023-12-21,510300,沪深300ETF华泰柏瑞,3.075,3.12,3.131,3.072,15924481.0,5392955427.0,1.91,1.0,0.031,5.88,eastmoney,qfq
2023-12-22,510300,沪深300ETF华泰柏瑞,3.117,3.126,3.15,3.102,20765265.0,7076759645.0,1.54,0.19,0.006,7.67,eastmoney,qfq
2023-12-25,510300,沪深300ETF华泰柏瑞,3.125,3.135,3.14,3.121,10041465.0,3425066434.0,0.61,0.29,0.009,3.71,eastmoney,qfq
2023-12-26,510300,沪深300ETF华泰柏瑞,3.133,3.115,3.133,3.105,7771693.0,2637394901.0,0.89,-0.64,-0.02,2.87,eastmoney,qfq
2023-12-27,510300,沪深300ETF华泰柏瑞,3.116,3.125,3.131,3.098,8361725.0,2840693989.0,1.06,0.32,0.01,3.09,eastmoney,qfq
2023-12-28,510300,沪深300ETF华泰柏瑞,3.121,3.209,3.218,3.12,23832992.0,8259924175.0,3.14,2.69,0.084,8.8,eastmoney,qfq
2023-12-29,510300,沪深300ETF华泰柏瑞,3.208,3.219,3.225,3.202,25188735.0,8806298908.0,0.72,0.31,0.01,9.3,eastmoney,qfq
2024-01-02,510300,沪深300ETF华泰柏瑞,3.222,3.173,3.222,3.171,9429306.0,3269676679.0,1.58,-1.43,-0.046,3.48,eastmoney,qfq
2024-01-03,510300,沪深300ETF华泰柏瑞,3.166,3.163,3.18,3.148,10617503.0,3654757871.0,1.01,-0.32,-0.01,3.92,eastmoney,qfq
2024-01-04,510300,沪深300ETF华泰柏瑞,3.162,3.133,3.162,3.107,16661525.0,5674869534.0,1.74,-0.95,-0.03,6.15,eastmoney,qfq
2024-01-05,510300,沪深300ETF华泰柏瑞,3.124,3.116,3.159,3.097,16996697.0,5796964474.0,1.98,-0.54,-0.017,6.28,eastmoney,qfq
2024-01-08,510300,沪深300ETF华泰柏瑞,3.109,3.069,3.123,3.066,17304244.0,5816612453.0,1.83,-1.51,-0.047,6.39,eastmoney,qfq
2024-01-09,510300,沪深300ETF华泰柏瑞,3.071,3.077,3.091,3.059,11312178.0,3794394933.0,1.04,0.26,0.008,4.18,eastmoney,qfq
2024-01-10,510300,沪深300ETF华泰柏瑞,3.07,3.061,3.101,3.052,9582541.0,3211385597.0,1.59,-0.52,-0.016,3.54,eastmoney,qfq
2024-01-11,510300,沪深300ETF华泰柏瑞,3.061,3.08,3.1,3.054,12662372.0,4254642486.0,1.5,0.62,0.019,4.68,eastmoney,qfq
2024-01-12,510300,沪深300ETF华泰柏瑞,3.071,3.069,3.097,3.066,8413273.0,2826380699.0,1.01,-0.36,-0.011,3.11,eastmoney,qfq
2024-01-15,510300,沪深300ETF华泰柏瑞,3.05,3.065,3.095,3.044,9055706.0,3030920178.0,1.66,-0.13,-0.004,3.34,eastmoney,qfq
2024-01-16,510300,沪深300ETF华泰柏瑞,3.06,3.087,3.088,3.046,17689524.0,5925099758.0,1.37,0.72,0.022,6.53,eastmoney,qfq
2024-01-17,510300,沪深300ETF华泰柏瑞,3.077,3.012,3.077,3.01,12862152.0,4278633103.0,2.17,-2.43,-0.075,4.75,eastmoney,qfq
2024-01-18,510300,沪深300ETF华泰柏瑞,3.007,3.057,3.064,2.955,47543511.0,15257021704.0,3.62,1.49,0.045,17.56,eastmoney,qfq
2024-01-19,510300,沪深300ETF华泰柏瑞,3.038,3.064,3.074,3.031,36944521.0,12079016731.0,1.41,0.23,0.007,13.64,eastmoney,qfq
2024-01-22,510300,沪深300ETF华泰柏瑞,3.054,2.995,3.064,2.982,46470565.0,15113081733.0,2.68,-2.25,-0.069,17.16,eastmoney,qfq
2024-01-23,510300,沪深300ETF华泰柏瑞,2.988,3.017,3.036,2.975,13924804.0,4481443569.0,2.04,0.73,0.022,5.14,eastmoney,qfq
2024-01-24,510300,沪深300ETF华泰柏瑞,3.028,3.068,3.069,2.977,22789369.0,7373901841.0,3.05,1.69,0.051,8.41,eastmoney,qfq
2024-01-25,510300,沪深300ETF华泰柏瑞,3.059,3.124,3.129,3.05,16487014.0,5449682868.0,2.57,1.83,0.056,6.09,eastmoney,qfq
2024-01-26,510300,沪深300ETF华泰柏瑞,3.117,3.118,3.139,3.101,21833051.0,7273329362.0,1.22,-0.19,-0.006,8.06,eastmoney,qfq
2024-01-29,510300,沪深300ETF华泰柏瑞,3.12,3.088,3.134,3.087,10113930.0,3358335864.0,1.51,-0.96,-0.03,3.73,eastmoney,qfq
2024-01-30,510300,沪深300ETF华泰柏瑞,3.07,3.032,3.087,3.03,18892623.0,6186331951.0,1.85,-1.81,-0.056,6.98,eastmoney,qfq
2024-01-31,510300,沪深300ETF华泰柏瑞,3.022,3.011,3.038,2.986,19090997.0,6157214385.0,1.72,-0.69,-0.021,7.05,eastmoney,qfq
2024-02-01,510300,沪深300ETF华泰柏瑞,2.989,3.007,3.037,2.979,18909976.0,6091552415.0,1.93,-0.13,-0.004,6.98,eastmoney,qfq
2024-02-02,510300,沪深300ETF华泰柏瑞,3.007,2.977,3.021,2.891,25386942.0,8074716502.0,4.32,-1.0,-0.03,9.37,eastmoney,qfq
2024-02-05,510300,沪深300ETF华泰柏瑞,2.947,2.997,3.023,2.9,26601787.0,8439536816.0,4.13,0.67,0.02,9.82,eastmoney,qfq
2024-02-06,510300,沪深300ETF华泰柏瑞,2.974,3.1,3.103,2.971,20089182.0,6562526022.0,4.4,3.44,0.103,7.42,eastmoney,qfq
2024-02-07,510300,沪深300ETF华泰柏瑞,3.099,3.129,3.131,3.076,34658147.0,11514587248.0,1.77,0.94,0.029,12.8,eastmoney,qfq
2024-02-08,510300,沪深300ETF华泰柏瑞,3.141,3.151,3.155,3.122,23942620.0,8019665628.0,1.05,0.7,0.022,8.84,eastmoney,qfq
2024-02-19,510300,沪深300ETF华泰柏瑞,3.163,3.178,3.181,3.144,14861876.0,5016056179.0,1.17,0.86,0.027,5.49,eastmoney,qfq
2024-02-20,510300,沪深300ETF华泰柏瑞,3.172,3.19,3.194,3.161,9801668.0,3322077448.0,1.04,0.38,0.012,3.62,eastmoney,qfq
2024-02-21,510300,沪深300ETF华泰柏瑞,3.177,3.238,3.285,3.171,16009581.0,5528334980.0,3.57,1.5,0.048,5.91,eastmoney,qfq
2024-02-22,510300,沪深300ETF华泰柏瑞,3.236,3.264,3.266,3.23,9446351.0,3270537309.0,1.11,0.8,0.026,3.49,eastmoney,qfq
2024-02-23,510300,沪深300ETF华泰柏瑞,3.264,3.267,3.286,3.253,10908774.0,3794512188.0,1.01,0.09,0.003,4.03,eastmoney,qfq
2024-02-26,510300,沪深300ETF华泰柏瑞,3.265,3.232,3.271,3.226,11172368.0,3865703825.0,1.38,-1.07,-0.035,4.13,eastmoney,qfq
2024-02-27,510300,沪深300ETF华泰柏瑞,3.224,3.273,3.275,3.222,10468849.0,3620336718.0,1.64,1.27,0.041,3.87,eastmoney,qfq
2024-02-28,510300,沪深300ETF华泰柏瑞,3.276,3.237,3.303,3.235,28549979.0,9926190298.0,2.08,-1.1,-0.036,10.54,eastmoney,qfq
2024-02-29,510300,沪深300ETF华泰柏瑞,3.229,3.292,3.296,3.226,14835850.0,5163736038.0,2.16,1.7,0.055,5.48,eastmoney,qfq
2024-03-01,510300,沪深300ETF华泰柏瑞,3.29,3.319,3.329,3.284,12256393.0,4311480716.0,1.37,0.82,0.027,4.53,eastmoney,qfq
2024-03-04,510300,沪深300ETF华泰柏瑞,3.315,3.316,3.326,3.297,10146550.0,3576642516.0,0.87,-0.09,-0.003,3.75,eastmoney,qfq
2024-03-05,510300,沪深300ETF华泰柏瑞,3.304,3.345,3.355,3.297,27991019.0,9924986737.0,1.75,0.87,0.029,10.34,eastmoney,qfq
2024-03-06,510300,沪深300ETF华泰柏瑞,3.34,3.331,3.361,3.327,12995274.0,4612496593.0,1.02,-0.42,-0.014,4.8,eastmoney,qfq
2024-03-07,510300,沪深300ETF华泰柏瑞,3.33,3.312,3.349,3.304,10589480.0,3740550493.0,1.35,-0.57,-0.019,3.91,eastmoney,qfq
2024-03-08,510300,沪深300ETF华泰柏瑞,3.314,3.322,3.329,3.293,8621877.0,3038389403.0,1.09,0.3,0.01,3.18,eastmoney,qfq
2024-03-11,510300,沪深300ETF华泰柏瑞,3.32,3.37,3.373,3.319,11207615.0,3980306236.0,1.63,1.44,0.048,4.14,eastmoney,qfq
2024-03-12,510300,沪深300ETF华泰柏瑞,3.372,3.375,3.388,3.357,11058396.0,3962320648.0,0.92,0.15,0.005,4.08,eastmoney,qfq
2024-03-13,510300,沪深300ETF华泰柏瑞,3.374,3.354,3.374,3.344,6858706.0,2448621615.0,0.89,-0.62,-0.021,2.53,eastmoney,qfq
2024-03-14,510300,沪深300ETF华泰柏瑞,3.349,3.341,3.376,3.324,7018811.0,2499760281.0,1.55,-0.39,-0.013,2.59,eastmoney,qfq
2024-03-15,510300,沪深300ETF华泰柏瑞,3.331,3.35,3.355,3.311,8490238.0,3005272035.0,1.32,0.27,0.009,3.13,eastmoney,qfq
2024-03-18,510300,沪深300ETF华泰柏瑞,3.35,3.381,3.382,3.35,7873329.0,2817049387.0,0.96,0.93,0.031,2.91,eastmoney,qfq
2024-03-19,510300,沪深300ETF华泰柏瑞,3.375,3.358,3.389,3.354,6548752.0,2344663833.0,1.04,-0.68,-0.023,2.42,eastmoney,qfq
2024-03-20,510300,沪深300ETF华泰柏瑞,3.35,3.361,3.371,3.347,5379620.0,1920793104.0,0.71,0.09,0.003,1.99,eastmoney,qfq
2024-03-21,510300,沪深300ETF华泰柏瑞,3.369,3.359,3.383,3.354,6197332.0,2218906080.0,0.86,-0.06,-0.002,2.29,eastmoney,qfq
2024-03-22,510300,沪深300ETF华泰柏瑞,3.356,3.328,3.357,3.301,14506378.0,5127448694.0,1.67,-0.92,-0.031,5.36,eastmoney,qfq
2024-03-25,510300,沪深300ETF华泰柏瑞,3.319,3.309,3.344,3.306,6305427.0,2227919111.0,1.14,-0.57,-0.019,2.33,eastmoney,qfq
2024-03-26,510300,沪深300ETF华泰柏瑞,3.309,3.32,3.327,3.301,8791033.0,3098650769.0,0.79,0.33,0.011,3.25,eastmoney,qfq
2024-03-27,510300,沪深300ETF华泰柏瑞,3.315,3.282,3.321,3.281,8746475.0,3074186800.0,1.2,-1.14,-0.038,3.23,eastmoney,qfq
2024-03-28,510300,沪深300ETF华泰柏瑞,3.28,3.299,3.333,3.27,10319251.0,3626832966.0,1.92,0.52,0.017,3.81,eastmoney,qfq
2024-03-29,510300,沪深300ETF华泰柏瑞,3.296,3.315,3.319,3.294,6511959.0,2290152714.0,0.76,0.48,0.016,2.4,eastmoney,qfq
2024-04-01,510300,沪深300ETF华泰柏瑞,3.329,3.373,3.383,3.328,10932625.0,3911633845.0,1.66,1.75,0.058,4.04,eastmoney,qfq
2024-04-02,510300,沪深300ETF华泰柏瑞,3.372,3.361,3.376,3.35,5831914.0,2083908476.0,0.77,-0.36,-0.012,2.15,eastmoney,qfq
2024-04-03,510300,沪深300ETF华泰柏瑞,3.359,3.347,3.361,3.337,5983464.0,2129802753.0,0.71,-0.42,-0.014,2.21,eastmoney,qfq
2024-04-08,510300,沪深300ETF华泰柏瑞,3.339,3.318,3.345,3.313,7099487.0,2511699150.0,0.96,-0.87,-0.029,2.62,eastmoney,qfq
2024-04-09,510300,沪深300ETF华泰柏瑞,3.316,3.312,3.323,3.301,5345371.0,1882130476.0,0.66,-0.18,-0.006,1.97,eastmoney,qfq
2024-04-10,510300,沪深300ETF华泰柏瑞,3.313,3.286,3.313,3.269,6816711.0,2385834189.0,1.33,-0.79,-0.026,2.52,eastmoney,qfq
2024-04-11,510300,沪深300ETF华泰柏瑞,3.27,3.283,3.302,3.264,5391159.0,1884073688.0,1.16,-0.09,-0.003,1.99,eastmoney,qfq
2024-04-12,510300,沪深300ETF华泰柏瑞,3.283,3.255,3.294,3.246,7405129.0,2575786145.0,1.46,-0.85,-0.028,2.73,eastmoney,qfq
2024-04-15,510300,沪深300ETF华泰柏瑞,3.255,3.328,3.334,3.253,10999537.0,3869936517.0,2.49,2.24,0.073,4.06,eastmoney,qfq
2024-04-16,510300,沪深300ETF华泰柏瑞,3.313,3.296,3.324,3.28,9132298.0,3210005558.0,1.32,-0.96,-0.032,3.37,eastmoney,qfq
2024-04-17,510300,沪深300ETF华泰柏瑞,3.296,3.342,3.346,3.28,9964664.0,3514407052.0,2.0,1.4,0.046,3.68,eastmoney,qfq
2024-04-18,510300,沪深300ETF华泰柏瑞,3.333,3.348,3.383,3.33,9302193.0,3319194193.0,1.59,0.18,0.006,3.43,eastmoney,qfq
2024-04-19,510300,沪深300ETF华泰柏瑞,3.334,3.32,3.343,3.307,6442757.0,2277856492.0,1.08,-0.84,-0.028,2.38,eastmoney,qfq
2024-04-22,510300,沪深300ETF华泰柏瑞,3.319,3.313,3.341,3.307,7251824.0,2562064527.0,1.02,-0.21,-0.007,2.68,eastmoney,qfq
2024-04-23,510300,沪深300ETF华泰柏瑞,3.313,3.288,3.319,3.282,9428474.0,3302843911.0,1.12,-0.75,-0.025,3.48,eastmoney,qfq
2024-04-24,510300,沪深300ETF华泰柏瑞,3.294,3.302,3.306,3.278,5942319.0,2081789894.0,0.85,0.43,0.014,2.19,eastmoney,qfq
2024-04-25,510300,沪深300ETF华泰柏瑞,3.292,3.312,3.326,3.284,6647552.0,2337486533.0,1.27,0.3,0.01,2.45,eastmoney,qfq
2024-04-26,510300,沪深300ETF华泰柏瑞,3.313,3.362,3.37,3.313,13743140.0,4889467155.0,1.72,1.51,0.05,5.07,eastmoney,qfq
2024-04-29,510300,沪深300ETF华泰柏瑞,3.366,3.405,3.427,3.361,15303224.0,5523568416.0,1.96,1.28,0.043,5.65,eastmoney,qfq
2024-04-30,510300,沪深300ETF华泰柏瑞,3.404,3.387,3.413,3.385,8231090.0,2971763282.0,0.82,-0.53,-0.018,3.04,eastmoney,qfq
2024-05-06,510300,沪深300ETF华泰柏瑞,3.429,3.437,3.453,3.424,13090611.0,4778963455.0,0.86,1.48,0.05,4.83,eastmoney,qfq
2024-05-07,510300,沪深300ETF华泰柏瑞,3.434,3.439,3.445,3.426,6860184.0,2503006857.0,0.55,0.06,0.002,2.53,eastmoney,qfq
2024-05-08,510300,沪深300ETF华泰柏瑞,3.432,3.41,3.433,3.407,6387759.0,2318202807.0,0.76,-0.84,-0.029,2.36,eastmoney,qfq
2024-05-09,510300,沪深300ETF华泰柏瑞,3.409,3.445,3.451,3.408,6502023.0,2372500248.0,1.26,1.03,0.035,2.4,eastmoney,qfq
2024-05-10,510300,沪深300ETF华泰柏瑞,3.452,3.447,3.459,3.42,8650954.0,3157134930.0,1.13,0.06,0.002,3.19,eastmoney,qfq
2024-05-13,510300,沪深300ETF华泰柏瑞,3.426,3.444,3.455,3.408,7411594.0,2701728525.0,1.36,-0.09,-0.003,2.74,eastmoney,qfq
2024-05-14,510300,沪深300ETF华泰柏瑞,3.444,3.438,3.459,3.427,5876668.0,2144402883.0,0.93,-0.17,-0.006,2.17,eastmoney,qfq
2024-05-15,510300,沪深300ETF华泰柏瑞,3.436,3.412,3.44,3.406,8559463.0,3109209781.0,0.99,-0.76,-0.026,3.16,eastmoney,qfq
2024-05-16,510300,沪深300ETF华泰柏瑞,3.419,3.424,3.44,3.41,10511975.0,3822598483.0,0.88,0.35,0.012,3.88,eastmoney,qfq
2024-05-17,510300,沪深300ETF华泰柏瑞,3.424,3.465,3.468,3.412,9320469.0,3401620100.0,1.64,1.2,0.041,3.44,eastmoney,qfq
2024-05-20,510300,沪深300ETF华泰柏瑞,3.471,3.473,3.489,3.459,9365359.0,3450627455.0,0.87,0.23,0.008,3.46,eastmoney,qfq
2024-05-21,510300,沪深300ETF华泰柏瑞,3.468,3.461,3.472,3.449,4969839.0,1824951018.0,0.66,-0.35,-0.012,1.84,eastmoney,qfq
2024-05-22,510300,沪深300ETF华泰柏瑞,3.459,3.469,3.478,3.452,6766846.0,2488949571.0,0.75,0.23,0.008,2.5,eastmoney,qfq
2024-05-23,510300,沪深300ETF华泰柏瑞,3.46,3.432,3.463,3.42,6988061.0,2548466424.0,1.24,-1.07,-0.037,2.58,eastmoney,qfq
2024-05-24,510300,沪深300ETF华泰柏瑞,3.421,3.391,3.439,3.387,8412742.0,3048259226.0,1.52,-1.19,-0.041,3.11,eastmoney,qfq
2024-05-27,510300,沪深300ETF华泰柏瑞,3.394,3.421,3.423,3.39,6696225.0,2421614804.0,0.97,0.88,0.03,2.47,eastmoney,qfq
2024-05-28,510300,沪深300ETF华泰柏瑞,3.42,3.398,3.422,3.391,5317532.0,1923959394.0,0.91,-0.67,-0.023,1.96,eastmoney,qfq
2024-05-29,510300,沪深300ETF华泰柏瑞,3.397,3.399,3.422,3.39,6152451.0,2225724205.0,0.94,0.03,0.001,2.27,eastmoney,qfq
2024-05-30,510300,沪深300ETF华泰柏瑞,3.392,3.385,3.414,3.377,7779253.0,2801007806.0,1.09,-0.41,-0.014,2.87,eastmoney,qfq
2024-05-31,510300,沪深300ETF华泰柏瑞,3.391,3.371,3.405,3.369,7232183.0,2602439724.0,1.06,-0.41,-0.014,2.67,eastmoney,qfq
2024-06-03,510300,沪深300ETF华泰柏瑞,3.369,3.376,3.388,3.354,7075116.0,2533469501.0,1.01,0.15,0.005,2.61,eastmoney,qfq
2024-06-04,510300,沪深300ETF华泰柏瑞,3.374,3.401,3.413,3.368,6817379.0,2455442420.0,1.33,0.74,0.025,2.52,eastmoney,qfq
2024-06-05,510300,沪深300ETF华泰柏瑞,3.402,3.388,3.411,3.386,5839394.0,2108415409.0,0.74,-0.38,-0.013,2.16,eastmoney,qfq
2024-06-06,510300,沪深300ETF华泰柏瑞,3.395,3.388,3.419,3.374,10266993.0,3703349866.0,1.33,0.0,0.0,3.79,eastmoney,qfq
2024-06-07,510300,沪深300ETF华泰柏瑞,3.391,3.365,3.399,3.344,10281271.0,3679748332.0,1.62,-0.68,-0.023,3.8,eastmoney,qfq
2024-06-11,510300,沪深300ETF华泰柏瑞,3.356,3.34,3.358,3.322,8799170.0,3120655858.0,1.07,-0.74,-0.025,3.25,eastmoney,qfq
2024-06-12,510300,沪深300ETF华泰柏瑞,3.333,3.336,3.345,3.325,5698353.0,2021361645.0,0.6,-0.12,-0.004,2.1,eastmoney,qfq
2024-06-13,510300,沪深300ETF华泰柏瑞,3.344,3.323,3.347,3.314,5488037.0,1942881857.0,0.99,-0.39,-0.013,2.03,eastmoney,qfq
2024-06-14,510300,沪深300ETF华泰柏瑞,3.316,3.343,3.347,3.306,6741040.0,2384388229.0,1.23,0.6,0.02,2.49,eastmoney,qfq
2024-06-17,510300,沪深300ETF华泰柏瑞,3.326,3.333,3.342,3.321,3930172.0,1393127820.0,0.63,-0.3,-0.01,1.45,eastmoney,qfq
2024-06-18,510300,沪深300ETF华泰柏瑞,3.338,3.344,3.354,3.332,5490352.0,1951607303.0,0.66,0.33,0.011,2.03,eastmoney,qfq
2024-06-19,510300,沪深300ETF华泰柏瑞,3.346,3.334,3.35,3.329,5308595.0,1883345443.0,0.63,-0.3,-0.01,1.96,eastmoney,qfq
2024-06-20,510300,沪深300ETF华泰柏瑞,3.332,3.311,3.34,3.305,5546558.0,1957492953.0,1.05,-0.69,-0.023,2.05,eastmoney,qfq
2024-06-21,510300,沪深300ETF华泰柏瑞,3.306,3.305,3.314,3.282,19658677.0,6909858710.0,0.97,-0.18,-0.006,7.26,eastmoney,qfq
2024-06-24,510300,沪深300ETF华泰柏瑞,3.291,3.288,3.315,3.282,20875455.0,7315197212.0,1.0,-0.51,-0.017,7.71,eastmoney,qfq
2024-06-25,510300,沪深300ETF华泰柏瑞,3.284,3.267,3.293,3.248,17384585.0,6057065481.0,1.37,-0.64,-0.021,6.42,eastmoney,qfq
2024-06-26,510300,沪深300ETF华泰柏瑞,3.259,3.288,3.296,3.253,10454895.0,3639499501.0,1.32,0.64,0.021,3.86,eastmoney,qfq
2024-06-27,510300,沪深300ETF华泰柏瑞,3.279,3.269,3.285,3.263,14337049.0,4995169625.0,0.67,-0.58,-0.019,5.29,eastmoney,qfq
2024-06-28,510300,沪深300ETF华泰柏瑞,3.263,3.276,3.3,3.262,12755434.0,4457663634.0,1.16,0.21,0.007,4.71,eastmoney,qfq
2024-07-01,510300,沪深300ETF华泰柏瑞,3.276,3.29,3.296,3.256,8536040.0,2977313191.0,1.22,0.43,0.014,3.15,eastmoney,qfq
2024-07-02,510300,沪深300ETF华泰柏瑞,3.283,3.285,3.3,3.278,5992049.0,2097312039.0,0.67,-0.15,-0.005,2.21,eastmoney,qfq
2024-07-03,510300,沪深300ETF华泰柏瑞,3.283,3.279,3.292,3.269,7914240.0,2761083445.0,0.7,-0.18,-0.006,2.92,eastmoney,qfq
2024-07-04,510300,沪深300ETF华泰柏瑞,3.282,3.264,3.298,3.262,15599237.0,5436186195.0,1.1,-0.46,-0.015,5.76,eastmoney,qfq
2024-07-05,510300,沪深300ETF华泰柏瑞,3.259,3.247,3.267,3.217,16363845.0,5643439643.0,1.53,-0.52,-0.017,6.04,eastmoney,qfq
2024-07-08,510300,沪深300ETF华泰柏瑞,3.24,3.223,3.247,3.215,9426255.0,3240708452.0,0.99,-0.74,-0.024,3.48,eastmoney,qfq
2024-07-09,510300,沪深300ETF华泰柏瑞,3.218,3.26,3.273,3.207,10688956.0,3689270214.0,2.05,1.15,0.037,3.95,eastmoney,qfq
2024-07-10,510300,沪深300ETF华泰柏瑞,3.253,3.252,3.271,3.249,5792821.0,2010659819.0,0.67,-0.25,-0.008,2.14,eastmoney,qfq
2024-07-11,510300,沪深300ETF华泰柏瑞,3.279,3.298,3.308,3.266,10524378.0,3685787239.0,1.29,1.41,0.046,3.89,eastmoney,qfq
2024-07-12,510300,沪深300ETF华泰柏瑞,3.3,3.308,3.313,3.294,8723694.0,3066853429.0,0.58,0.3,0.01,3.22,eastmoney,qfq
2024-07-15,510300,沪深300ETF华泰柏瑞,3.3,3.315,3.32,3.297,12550082.0,4423002980.0,0.7,0.21,0.007,4.63,eastmoney,qfq
2024-07-16,510300,沪深300ETF华泰柏瑞,3.309,3.34,3.344,3.306,16125087.0,5710212236.0,1.15,0.75,0.025,5.95,eastmoney,qfq
2024-07-17,510300,沪深300ETF华泰柏瑞,3.338,3.345,3.359,3.329,22565644.0,8028962162.0,0.9,0.15,0.005,8.33,eastmoney,qfq
2024-07-18,510300,沪深300ETF华泰柏瑞,3.33,3.366,3.368,3.321,19611815.0,6976289739.0,1.41,0.63,0.021,7.24,eastmoney,qfq
2024-07-19,510300,沪深300ETF华泰柏瑞,3.354,3.389,3.395,3.341,31696626.0,11368072270.0,1.6,0.68,0.023,11.7,eastmoney,qfq
2024-07-22,510300,沪深300ETF华泰柏瑞,3.384,3.36,3.387,3.34,17163073.0,6131911990.0,1.39,-0.86,-0.029,6.34,eastmoney,qfq
2024-07-23,510300,沪深300ETF华泰柏瑞,3.355,3.29,3.36,3.287,9195337.0,3244779189.0,2.17,-2.08,-0.07,3.4,eastmoney,qfq
2024-07-24,510300,沪深300ETF华泰柏瑞,3.284,3.268,3.298,3.255,14910835.0,5196094516.0,1.31,-0.67,-0.022,5.51,eastmoney,qfq
2024-07-25,510300,沪深300ETF华泰柏瑞,3.253,3.248,3.265,3.23,20455525.0,7073298526.0,1.07,-0.61,-0.02,7.55,eastmoney,qfq
2024-07-26,510300,沪深300ETF华泰柏瑞,3.249,3.263,3.272,3.241,13579703.0,4708501591.0,0.95,0.46,0.015,5.01,eastmoney,qfq
2024-07-29,510300,沪深300ETF华泰柏瑞,3.259,3.243,3.261,3.242,5949376.0,2058113230.0,0.58,-0.61,-0.02,2.2,eastmoney,qfq
2024-07-30,510300,沪深300ETF华泰柏瑞,3.235,3.22,3.235,3.206,15250861.0,5228653801.0,0.89,-0.71,-0.023,5.63,eastmoney,qfq
2024-07-31,510300,沪深300ETF华泰柏瑞,3.22,3.297,3.299,3.216,15389083.0,5353003146.0,2.58,2.39,0.077,5.68,eastmoney,qfq
2024-08-01,510300,沪深300ETF华泰柏瑞,3.291,3.272,3.304,3.27,7965404.0,2783731528.0,1.03,-0.76,-0.025,2.94,eastmoney,qfq
2024-08-02,510300,沪深300ETF华泰柏瑞,3.249,3.236,3.272,3.23,12997733.0,4492045041.0,1.28,-1.1,-0.036,4.8,eastmoney,qfq
2024-08-05,510300,沪深300ETF华泰柏瑞,3.22,3.197,3.263,3.196,20183109.0,6920794410.0,2.07,-1.21,-0.039,7.45,eastmoney,qfq
2024-08-06,510300,沪深300ETF华泰柏瑞,3.217,3.197,3.227,3.17,12936275.0,4403870273.0,1.78,0.0,0.0,4.78,eastmoney,qfq
2024-08-07,510300,沪深300ETF华泰柏瑞,3.19,3.19,3.214,3.18,6125438.0,2088374404.0,1.06,-0.22,-0.007,2.26,eastmoney,qfq
2024-08-08,510300,沪深300ETF华泰柏瑞,3.185,3.194,3.218,3.172,8541072.0,2910131505.0,1.44,0.13,0.004,3.15,eastmoney,qfq
2024-08-09,510300,沪深300ETF华泰柏瑞,3.205,3.182,3.219,3.181,6040536.0,2060032809.0,1.19,-0.38,-0.012,2.23,eastmoney,qfq
2024-08-12,510300,沪深300ETF华泰柏瑞,3.18,3.178,3.191,3.172,5102200.0,1730501718.0,0.6,-0.13,-0.004,1.88,eastmoney,qfq
2024-08-13,510300,沪深300ETF华泰柏瑞,3.18,3.183,3.187,3.161,6958063.0,2355493509.0,0.82,0.16,0.005,2.57,eastmoney,qfq
2024-08-14,510300,沪深300ETF华泰柏瑞,3.184,3.159,3.184,3.158,5610998.0,1895836817.0,0.82,-0.75,-0.024,2.07,eastmoney,qfq
2024-08-15,510300,沪深300ETF华泰柏瑞,3.154,3.197,3.212,3.15,19046381.0,6477429750.0,1.96,1.2,0.038,7.03,eastmoney,qfq
2024-08-16,510300,沪深300ETF华泰柏瑞,3.193,3.199,3.211,3.187,16407617.0,5598868064.0,0.75,0.06,0.002,6.06,eastmoney,qfq
2024-08-19,510300,沪深300ETF华泰柏瑞,3.198,3.208,3.233,3.196,7478253.0,2564014063.0,1.16,0.28,0.009,2.76,eastmoney,qfq
2024-08-20,510300,沪深300ETF华泰柏瑞,3.213,3.192,3.215,3.177,15944748.0,5419638977.0,1.18,-0.5,-0.016,5.89,eastmoney,qfq
2024-08-21,510300,沪深300ETF华泰柏瑞,3.18,3.177,3.195,3.163,10553698.0,3580301585.0,1.0,-0.47,-0.015,3.9,eastmoney,qfq
2024-08-22,510300,沪深300ETF华泰柏瑞,3.179,3.168,3.184,3.16,12504794.0,4229630780.0,0.76,-0.28,-0.009,4.62,eastmoney,qfq
2024-08-23,510300,沪深300ETF华泰柏瑞,3.16,3.182,3.194,3.16,8203428.0,2781431192.0,1.07,0.44,0.014,3.03,eastmoney,qfq
2024-08-26,510300,沪深300ETF华泰柏瑞,3.184,3.183,3.196,3.167,14006799.0,4747763549.0,0.91,0.03,0.001,5.17,eastmoney,qfq
2024-08-27,510300,沪深300ETF华泰柏瑞,3.176,3.166,3.179,3.156,12142201.0,4098131754.0,0.72,-0.53,-0.017,4.48,eastmoney,qfq
2024-08-28,510300,沪深300ETF华泰柏瑞,3.159,3.146,3.166,3.134,19955803.0,6698906857.0,1.01,-0.63,-0.02,7.37,eastmoney,qfq
2024-08-29,510300,沪深300ETF华泰柏瑞,3.138,3.136,3.151,3.129,15082477.0,5052924865.0,0.7,-0.32,-0.01,5.57,eastmoney,qfq
2024-08-30,510300,沪深300ETF华泰柏瑞,3.131,3.181,3.212,3.131,17858998.0,6055678708.0,2.58,1.43,0.045,6.59,eastmoney,qfq
2024-09-02,510300,沪深300ETF华泰柏瑞,3.17,3.121,3.172,3.119,11333065.0,3798026307.0,1.67,-1.89,-0.06,4.18,eastmoney,qfq
2024-09-03,510300,沪深300ETF华泰柏瑞,3.119,3.133,3.141,3.117,12935523.0,4323110376.0,0.77,0.38,0.012,4.78,eastmoney,qfq
2024-09-04,510300,沪深300ETF华泰柏瑞,3.12,3.112,3.132,3.11,6803058.0,2264442533.0,0.7,-0.67,-0.021,2.51,eastmoney,qfq
2024-09-05,510300,沪深300ETF华泰柏瑞,3.115,3.119,3.129,3.109,16005558.0,5326213535.0,0.64,0.22,0.007,5.91,eastmoney,qfq
2024-09-06,510300,沪深300ETF华泰柏瑞,3.124,3.091,3.134,3.089,7933157.0,2635539673.0,1.44,-0.9,-0.028,2.93,eastmoney,qfq
2024-09-09,510300,沪深300ETF华泰柏瑞,3.081,3.05,3.085,3.039,10188971.0,3333497562.0,1.49,-1.33,-0.041,3.76,eastmoney,qfq
2024-09-10,510300,沪深300ETF华泰柏瑞,3.052,3.05,3.064,3.028,8666554.0,2821540043.0,1.18,0.0,0.0,3.2,eastmoney,qfq
2024-09-11,510300,沪深300ETF华泰柏瑞,3.042,3.043,3.056,3.03,7808902.0,2540394225.0,0.85,-0.23,-0.007,2.88,eastmoney,qfq
2024-09-12,510300,沪深300ETF华泰柏瑞,3.048,3.032,3.061,3.03,6423793.0,2090444738.0,1.02,-0.36,-0.011,2.37,eastmoney,qfq
2024-09-13,510300,沪深300ETF华泰柏瑞,3.034,3.017,3.046,3.016,8504681.0,2758508174.0,0.99,-0.49,-0.015,3.14,eastmoney,qfq
2024-09-18,510300,沪深300ETF华泰柏瑞,3.016,3.027,3.04,3.004,12254391.0,3961249915.0,1.19,0.33,0.01,4.52,eastmoney,qfq
2024-09-19,510300,沪深300ETF华泰柏瑞,3.032,3.054,3.075,3.005,16348870.0,5332278336.0,2.31,0.89,0.027,6.04,eastmoney,qfq
2024-09-20,510300,沪深300ETF华泰柏瑞,3.047,3.063,3.068,3.028,23065620.0,7514201387.0,1.31,0.29,0.009,8.52,eastmoney,qfq
2024-09-23,510300,沪深300ETF华泰柏瑞,3.058,3.072,3.089,3.052,8973165.0,2948484470.0,1.21,0.29,0.009,3.31,eastmoney,qfq
2024-09-24,510300,沪深300ETF华泰柏瑞,3.103,3.216,3.218,3.082,39185162.0,13212614699.0,4.43,4.69,0.144,14.47,eastmoney,qfq
2024-09-25,510300,沪深300ETF华泰柏瑞,3.278,3.263,3.333,3.256,32373469.0,11342949010.0,2.39,1.46,0.047,11.95,eastmoney,qfq
2024-09-26,510300,沪深300ETF华泰柏瑞,3.257,3.429,3.432,3.256,44429621.0,15792061339.0,5.39,5.09,0.166,16.41,eastmoney,qfq
2024-09-27,510300,沪深300ETF华泰柏瑞,3.489,3.658,3.722,3.459,25594612.0,9610052344.0,7.67,6.68,0.229,9.45,eastmoney,qfq
2024-09-30,510300,沪深300ETF华泰柏瑞,3.796,4.022,4.029,3.665,63702341.0,25799279642.0,9.95,9.95,0.364,23.52,eastmoney,qfq
2024-10-08,510300,沪深300ETF华泰柏瑞,4.445,4.201,4.445,3.997,86298224.0,38303717305.0,11.14,4.45,0.179,31.87,eastmoney,qfq
2024-10-09,510300,沪深300ETF华泰柏瑞,4.074,3.811,4.074,3.794,54091966.0,22450547643.0,6.67,-9.28,-0.39,19.97,eastmoney,qfq
2024-10-10,510300,沪深300ETF华泰柏瑞,3.859,3.875,3.974,3.788,37790001.0,15473060494.0,4.88,1.68,0.064,13.95,eastmoney,qfq
2024-10-11,510300,沪深300ETF华泰柏瑞,3.846,3.766,3.849,3.712,40900777.0,16347430929.0,3.54,-2.81,-0.109,15.1,eastmoney,qfq
2024-10-14,510300,沪深300ETF华泰柏瑞,3.776,3.829,3.849,3.735,31049317.0,12444027076.0,3.03,1.67,0.063,11.46,eastmoney,qfq
2024-10-15,510300,沪深300ETF华泰柏瑞,3.803,3.72,3.835,3.716,26138707.0,10426846503.0,3.11,-2.85,-0.109,9.65,eastmoney,qfq
2024-10-16,510300,沪深300ETF华泰柏瑞,3.68,3.695,3.749,3.671,21611196.0,8450464021.0,2.1,-0.67,-0.025,7.98,eastmoney,qfq
2024-10-17,510300,沪深300ETF华泰柏瑞,3.719,3.652,3.749,3.651,29354356.0,11450617810.0,2.65,-1.16,-0.043,10.84,eastmoney,qfq
2024-10-18,510300,沪深300ETF华泰柏瑞,3.647,3.805,3.907,3.635,36209179.0,14349439594.0,7.45,4.19,0.153,13.37,eastmoney,qfq
2024-10-21,510300,沪深300ETF华泰柏瑞,3.806,3.805,3.849,3.769,25293364.0,10167737315.0,2.1,0.0,0.0,9.34,eastmoney,qfq
2024-10-22,510300,沪深300ETF华泰柏瑞,3.791,3.829,3.835,3.79,16669245.0,6711416525.0,1.18,0.63,0.024,6.16,eastmoney,qfq
2024-10-23,510300,沪深300ETF华泰柏瑞,3.829,3.844,3.886,3.81,22666292.0,9196021921.0,1.98,0.39,0.015,8.37,eastmoney,qfq
2024-10-24,510300,沪深300ETF华泰柏瑞,3.827,3.8,3.831,3.782,15982487.0,6418011399.0,1.27,-1.14,-0.044,5.9,eastmoney,qfq
2024-10-25,510300,沪深300ETF华泰柏瑞,3.801,3.829,3.867,3.792,16852658.0,6801807389.0,1.97,0.76,0.029,6.22,eastmoney,qfq
2024-10-28,510300,沪深300ETF华泰柏瑞,3.824,3.835,3.836,3.789,13963081.0,5622580497.0,1.23,0.16,0.006,5.16,eastmoney,qfq
2024-10-29,510300,沪深300ETF华泰柏瑞,3.839,3.802,3.868,3.792,17946282.0,7237339621.0,1.98,-0.86,-0.033,6.63,eastmoney,qfq
2024-10-30,510300,沪深300ETF华泰柏瑞,3.79,3.76,3.8,3.734,18128591.0,7210707530.0,1.74,-1.1,-0.042,6.69,eastmoney,qfq
2024-10-31,510300,沪深300ETF华泰柏瑞,3.758,3.76,3.796,3.727,17636493.0,7004839523.0,1.84,0.0,0.0,6.51,eastmoney,qfq
2024-11-01,510300,沪深300ETF华泰柏瑞,3.753,3.768,3.807,3.75,18177560.0,7259471612.0,1.52,0.21,0.008,6.71,eastmoney,qfq
2024-11-04,510300,沪深300ETF华泰柏瑞,3.771,3.821,3.823,3.76,12493144.0,4997179234.0,1.67,1.41,0.053,4.61,eastmoney,qfq
2024-11-05,510300,沪深300ETF华泰柏瑞,3.813,3.926,3.928,3.799,27630144.0,11308231751.0,3.38,2.75,0.105,10.2,eastmoney,qfq
2024-11-06,510300,沪深300ETF华泰柏瑞,3.926,3.9,3.969,3.874,21734248.0,8976072158.0,2.42,-0.66,-0.026,8.03,eastmoney,qfq
2024-11-07,510300,沪深300ETF华泰柏瑞,3.869,4.037,4.039,3.865,27887189.0,11598082835.0,4.46,3.51,0.137,10.3,eastmoney,qfq
2024-11-08,510300,沪深300ETF华泰柏瑞,4.071,3.983,4.079,3.967,28080232.0,11867165449.0,2.77,-1.34,-0.054,10.37,eastmoney,qfq
2024-11-11,510300,沪深300ETF华泰柏瑞,3.941,4.004,4.008,3.919,23043651.0,9617369865.0,2.23,0.53,0.021,8.51,eastmoney,qfq
2024-11-12,510300,沪深300ETF华泰柏瑞,3.999,3.958,4.057,3.934,23041668.0,9698713979.0,3.07,-1.15,-0.046,8.51,eastmoney,qfq
2024-11-13,510300,沪深300ETF华泰柏瑞,3.939,3.984,3.995,3.935,15727943.0,6569000903.0,1.52,0.66,0.026,5.81,eastmoney,qfq
2024-11-14,510300,沪深300ETF华泰柏瑞,3.977,3.913,3.992,3.906,14438853.0,6015521584.0,2.16,-1.78,-0.071,5.33,eastmoney,qfq
2024-11-15,510300,沪深300ETF华泰柏瑞,3.903,3.844,3.923,3.839,16769935.0,6875318302.0,2.15,-1.76,-0.069,6.19,eastmoney,qfq
2024-11-18,510300,沪深300ETF华泰柏瑞,3.86,3.827,3.907,3.802,16100926.0,6552723785.0,2.73,-0.44,-0.017,5.95,eastmoney,qfq
2024-11-19,510300,沪深300ETF华泰柏瑞,3.829,3.847,3.85,3.77,16705449.0,6731130787.0,2.09,0.52,0.02,6.17,eastmoney,qfq
2024-11-20,510300,沪深300ETF华泰柏瑞,3.835,3.857,3.874,3.827,15485304.0,6285302021.0,1.22,0.26,0.01,5.72,eastmoney,qfq
2024-11-21,510300,沪深300ETF华泰柏瑞,3.849,3.862,3.871,3.837,10454707.0,4249179703.0,0.88,0.13,0.005,3.86,eastmoney,qfq
2024-11-22,510300,沪深300ETF华泰柏瑞,3.86,3.742,3.863,3.735,17571913.0,7058103342.0,3.31,-3.11,-0.12,6.49,eastmoney,qfq
2024-11-25,510300,沪深300ETF华泰柏瑞,3.744,3.72,3.761,3.683,13590858.0,5349569691.0,2.08,-0.59,-0.022,5.02,eastmoney,qfq
2024-11-26,510300,沪深300ETF华泰柏瑞,3.703,3.712,3.745,3.702,7847079.0,3086739740.0,1.16,-0.22,-0.008,2.9,eastmoney,qfq
2024-11-27,510300,沪深300ETF华泰柏瑞,3.705,3.776,3.781,3.69,14519874.0,5739351636.0,2.45,1.72,0.064,5.36,eastmoney,qfq
2024-11-28,510300,沪深300ETF华泰柏瑞,3.773,3.747,3.778,3.737,10724073.0,4256335685.0,1.09,-0.77,-0.029,3.96,eastmoney,qfq
2024-11-29,510300,沪深300ETF华泰柏瑞,3.749,3.79,3.836,3.746,15297716.0,6126864756.0,2.4,1.15,0.043,5.65,eastmoney,qfq
2024-12-02,510300,沪深300ETF华泰柏瑞,3.786,3.82,3.832,3.776,9816348.0,3948066718.0,1.48,0.79,0.03,3.62,eastmoney,qfq
2024-12-03,510300,沪深300ETF华泰柏瑞,3.819,3.824,3.841,3.794,15244237.0,6140454912.0,1.23,0.1,0.004,5.63,eastmoney,qfq
2024-12-04,510300,沪深300ETF华泰柏瑞,3.819,3.803,3.83,3.792,10069479.0,4047901833.0,0.99,-0.55,-0.021,3.72,eastmoney,qfq
2024-12-05,510300,沪深300ETF华泰柏瑞,3.795,3.796,3.811,3.783,7595229.0,3042872203.0,0.74,-0.18,-0.007,2.8,eastmoney,qfq
2024-12-06,510300,沪深300ETF华泰柏瑞,3.796,3.846,3.874,3.795,17762294.0,7198784380.0,2.08,1.32,0.05,6.56,eastmoney,qfq
2024-12-09,510300,沪深300ETF华泰柏瑞,3.843,3.843,3.869,3.819,12464187.0,5050072365.0,1.3,-0.08,-0.003,4.6,eastmoney,qfq
2024-12-10,510300,沪深300ETF华泰柏瑞,3.968,3.874,3.987,3.862,24827953.0,10257484391.0,3.25,0.81,0.031,9.17,eastmoney,qfq
2024-12-11,510300,沪深300ETF华泰柏瑞,3.867,3.864,3.883,3.854,12587160.0,5136178221.0,0.75,-0.26,-0.01,4.65,eastmoney,qfq
2024-12-12,510300,沪深300ETF华泰柏瑞,3.866,3.906,3.911,3.855,13601804.0,5577925837.0,1.45,1.09,0.042,5.02,eastmoney,qfq
2024-12-13,510300,沪深300ETF华泰柏瑞,3.881,3.809,3.881,3.801,23465697.0,9490500688.0,2.05,-2.48,-0.097,8.66,eastmoney,qfq
2024-12-16,510300,沪深300ETF华泰柏瑞,3.807,3.785,3.81,3.775,9893231.0,3956401792.0,0.92,-0.63,-0.024,3.65,eastmoney,qfq
2024-12-17,510300,沪深300ETF华泰柏瑞,3.782,3.796,3.832,3.78,13646692.0,5482919074.0,1.37,0.29,0.011,5.04,eastmoney,qfq
2024-12-18,510300,沪深300ETF华泰柏瑞,3.809,3.813,3.828,3.804,10236096.0,4121893615.0,0.63,0.45,0.017,3.78,eastmoney,qfq
2024-12-19,510300,沪深300ETF华泰柏瑞,3.789,3.819,3.827,3.77,9903622.0,3977931242.0,1.49,0.16,0.006,3.66,eastmoney,qfq
2024-12-20,510300,沪深300ETF华泰柏瑞,3.813,3.807,3.834,3.801,12230620.0,4921231692.0,0.86,-0.31,-0.012,4.52,eastmoney,qfq
2024-12-23,510300,沪深300ETF华泰柏瑞,3.806,3.811,3.842,3.804,14247022.0,5749434770.0,1.0,0.11,0.004,5.26,eastmoney,qfq
2024-12-24,510300,沪深300ETF华泰柏瑞,3.813,3.858,3.865,3.811,14563434.0,5907574012.0,1.42,1.23,0.047,5.38,eastmoney,qfq
2024-12-25,510300,沪深300ETF华泰柏瑞,3.861,3.861,3.883,3.843,14181375.0,5775975676.0,1.04,0.08,0.003,5.24,eastmoney,qfq
2024-12-26,510300,沪深300ETF华泰柏瑞,3.861,3.862,3.868,3.845,9470234.0,3855435790.0,0.6,0.03,0.001,3.5,eastmoney,qfq
2024-12-27,510300,沪深300ETF华泰柏瑞,3.865,3.856,3.888,3.85,10869639.0,4428609591.0,0.98,-0.16,-0.006,4.01,eastmoney,qfq
2024-12-30,510300,沪深300ETF华泰柏瑞,3.855,3.875,3.882,3.854,13119335.0,5359063002.0,0.73,0.49,0.019,4.84,eastmoney,qfq
2024-12-31,510300,沪深300ETF华泰柏瑞,3.876,3.811,3.883,3.809,18436188.0,7479851076.0,1.91,-1.65,-0.064,6.81,eastmoney,qfq
2025-01-02,510300,沪深300ETF华泰柏瑞,3.809,3.698,3.81,3.67,21729803.0,8582891966.0,3.67,-2.97,-0.113,8.02,eastmoney,qfq
2025-01-03,510300,沪深300ETF华泰柏瑞,3.698,3.658,3.71,3.642,15930226.0,6191152281.0,1.84,-1.08,-0.04,5.88,eastmoney,qfq
2025-01-06,510300,沪深300ETF华泰柏瑞,3.654,3.642,3.662,3.617,12986739.0,5000830631.0,1.23,-0.44,-0.016,4.8,eastmoney,qfq
2025-01-07,510300,沪深300ETF华泰柏瑞,3.634,3.669,3.671,3.625,9689740.0,3741067135.0,1.26,0.74,0.027,3.58,eastmoney,qfq
2025-01-08,510300,沪深300ETF华泰柏瑞,3.659,3.663,3.688,3.604,14097968.0,5440502616.0,2.29,-0.16,-0.006,5.21,eastmoney,qfq
2025-01-09,510300,沪深300ETF华泰柏瑞,3.652,3.655,3.669,3.646,8060658.0,3119907404.0,0.63,-0.22,-0.008,2.98,eastmoney,qfq
2025-01-10,510300,沪深300ETF华泰柏瑞,3.654,3.612,3.664,3.611,8265725.0,3179602825.0,1.45,-1.18,-0.043,3.05,eastmoney,qfq
2025-01-13,510300,沪深300ETF华泰柏瑞,3.59,3.597,3.615,3.582,9493947.0,3613570705.0,0.91,-0.42,-0.015,3.51,eastmoney,qfq
2025-01-14,510300,沪深300ETF华泰柏瑞,3.604,3.695,3.707,3.598,16445462.0,6369926277.0,3.03,2.72,0.098,6.07,eastmoney,qfq
2025-01-15,510300,沪深300ETF华泰柏瑞,3.685,3.672,3.693,3.666,7420496.0,2886729493.0,0.73,-0.62,-0.023,2.74,eastmoney,qfq
2025-01-16,510300,沪深300ETF华泰柏瑞,3.685,3.674,3.722,3.65,11090052.0,4322396833.0,1.96,0.05,0.002,4.09,eastmoney,qfq
2025-01-17,510300,沪深300ETF华泰柏瑞,3.664,3.687,3.711,3.657,8476993.0,3304922190.0,1.47,0.35,0.013,3.13,eastmoney,qfq
2025-01-20,510300,沪深300ETF华泰柏瑞,3.71,3.706,3.738,3.697,9202943.0,3619235609.0,1.11,0.52,0.019,3.4,eastmoney,qfq
2025-01-21,510300,沪深300ETF华泰柏瑞,3.726,3.711,3.73,3.694,7439264.0,2916284005.0,0.97,0.13,0.005,2.75,eastmoney,qfq
2025-01-22,510300,沪深300ETF华泰柏瑞,3.705,3.675,3.705,3.657,10996807.0,4270106497.0,1.29,-0.97,-0.036,4.06,eastmoney,qfq
2025-01-23,510300,沪深300ETF华泰柏瑞,3.704,3.686,3.747,3.683,10385928.0,4075002566.0,1.74,0.3,0.011,3.83,eastmoney,qfq
2025-01-24,510300,沪深300ETF华泰柏瑞,3.678,3.718,3.732,3.672,11436475.0,4485387449.0,1.63,0.87,0.032,4.22,eastmoney,qfq
2025-01-27,510300,沪深300ETF华泰柏瑞,3.725,3.696,3.734,3.693,13053850.0,5123431141.0,1.1,-0.59,-0.022,4.82,eastmoney,qfq
2025-02-05,510300,沪深300ETF华泰柏瑞,3.719,3.676,3.723,3.668,7515497.0,2927530877.0,1.49,-0.54,-0.02,2.78,eastmoney,qfq
2025-02-06,510300,沪深300ETF华泰柏瑞,3.673,3.721,3.726,3.67,13886365.0,5435915349.0,1.52,1.22,0.045,5.13,eastmoney,qfq
2025-02-07,510300,沪深300ETF华泰柏瑞,3.722,3.777,3.803,3.715,19306314.0,7669642167.0,2.36,1.5,0.056,7.13,eastmoney,qfq
2025-02-10,510300,沪深300ETF华泰柏瑞,3.778,3.781,3.789,3.763,12672646.0,5055466090.0,0.69,0.11,0.004,4.68,eastmoney,qfq
2025-02-11,510300,沪深300ETF华泰柏瑞,3.786,3.765,3.787,3.752,9990359.0,3973032663.0,0.93,-0.42,-0.016,3.69,eastmoney,qfq
2025-02-12,510300,沪深300ETF华泰柏瑞,3.763,3.803,3.808,3.749,9789537.0,3903102518.0,1.57,1.01,0.038,3.61,eastmoney,qfq
2025-02-13,510300,沪深300ETF华泰柏瑞,3.798,3.793,3.823,3.787,11758227.0,4719508133.0,0.95,-0.26,-0.01,4.34,eastmoney,qfq
2025-02-14,510300,沪深300ETF华泰柏瑞,3.789,3.823,3.829,3.786,12924287.0,5196144834.0,1.13,0.79,0.03,4.77,eastmoney,qfq
2025-02-17,510300,沪深300ETF华泰柏瑞,3.833,3.83,3.842,3.801,13341020.0,5380966546.0,1.07,0.18,0.007,4.93,eastmoney,qfq
2025-02-18,510300,沪深300ETF华泰柏瑞,3.824,3.801,3.847,3.785,12465911.0,5027787885.0,1.62,-0.76,-0.029,4.6,eastmoney,qfq
2025-02-19,510300,沪深300ETF华泰柏瑞,3.794,3.822,3.83,3.789,10190769.0,4102654822.0,1.08,0.55,0.021,3.76,eastmoney,qfq
2025-02-20,510300,沪深300ETF华泰柏瑞,3.818,3.81,3.822,3.797,10186035.0,4094980472.0,0.65,-0.31,-0.012,3.76,eastmoney,qfq
2025-02-21,510300,沪深300ETF华泰柏瑞,3.821,3.864,3.869,3.809,14372665.0,5834090272.0,1.57,1.42,0.054,5.31,eastmoney,qfq
2025-02-24,510300,沪深300ETF华泰柏瑞,3.859,3.851,3.878,3.83,15385782.0,6256202737.0,1.24,-0.34,-0.013,5.68,eastmoney,qfq
2025-02-25,510300,沪深300ETF华泰柏瑞,3.824,3.81,3.84,3.797,8924900.0,3596194905.0,1.12,-1.06,-0.041,3.3,eastmoney,qfq
2025-02-26,510300,沪深300ETF华泰柏瑞,3.817,3.843,3.844,3.808,13456581.0,5430499637.0,0.94,0.87,0.033,4.97,eastmoney,qfq
2025-02-27,510300,沪深300ETF华泰柏瑞,3.845,3.856,3.858,3.817,11285856.0,4570197712.0,1.07,0.34,0.013,4.17,eastmoney,qfq
2025-02-28,510300,沪深300ETF华泰柏瑞,3.838,3.783,3.854,3.771,13293340.0,5343803359.0,2.15,-1.89,-0.073,4.91,eastmoney,qfq
2025-03-03,510300,沪深300ETF华泰柏瑞,3.784,3.77,3.816,3.755,11457686.0,4581300848.0,1.61,-0.34,-0.013,4.23,eastmoney,qfq
2025-03-04,510300,沪深300ETF华泰柏瑞,3.749,3.766,3.773,3.741,10121848.0,4019370464.0,0.85,-0.11,-0.004,3.74,eastmoney,qfq
2025-03-05,510300,沪深300ETF华泰柏瑞,3.769,3.783,3.788,3.757,11919016.0,4748819507.0,0.82,0.45,0.017,4.4,eastmoney,qfq
2025-03-06,510300,沪深300ETF华泰柏瑞,3.804,3.838,3.851,3.8,13710079.0,5540793752.0,1.35,1.45,0.055,5.06,eastmoney,qfq
2025-03-07,510300,沪深300ETF华泰柏瑞,3.829,3.828,3.85,3.819,11559971.0,4671741021.0,0.81,-0.26,-0.01,4.27,eastmoney,qfq
2025-03-10,510300,沪深300ETF华泰柏瑞,3.826,3.812,3.831,3.788,14427837.0,5792520821.0,1.12,-0.42,-0.016,5.33,eastmoney,qfq
2025-03-11,510300,沪深300ETF华泰柏瑞,3.783,3.824,3.825,3.779,10029170.0,4027510341.0,1.21,0.31,0.012,3.7,eastmoney,qfq
2025-03-12,510300,沪深300ETF华泰柏瑞,3.827,3.814,3.839,3.807,6092317.0,2456951615.0,0.84,-0.26,-0.01,2.25,eastmoney,qfq
2025-03-13,510300,沪深300ETF华泰柏瑞,3.813,3.794,3.822,3.782,6410438.0,2572874364.0,1.05,-0.52,-0.02,2.37,eastmoney,qfq
2025-03-14,510300,沪深300ETF华泰柏瑞,3.801,3.895,3.902,3.799,19037183.0,7767222868.0,2.71,2.66,0.101,7.03,eastmoney,qfq
2025-03-17,510300,沪深300ETF华泰柏瑞,3.907,3.883,3.912,3.877,11330420.0,4647468370.0,0.9,-0.31,-0.012,4.18,eastmoney,qfq
2025-03-18,510300,沪深300ETF华泰柏瑞,3.897,3.892,3.904,3.88,8114043.0,3329371908.0,0.62,0.23,0.009,3.0,eastmoney,qfq
2025-03-19,510300,沪深300ETF华泰柏瑞,3.887,3.898,3.91,3.873,8798313.0,3609853058.0,0.95,0.15,0.006,3.25,eastmoney,qfq
2025-03-20,510300,沪深300ETF华泰柏瑞,3.898,3.865,3.898,3.857,8751426.0,3573521339.0,1.05,-0.85,-0.033,3.23,eastmoney,qfq
2025-03-21,510300,沪深300ETF华泰柏瑞,3.852,3.799,3.868,3.789,10149157.0,4092584085.0,2.04,-1.71,-0.066,3.75,eastmoney,qfq
2025-03-24,510300,沪深300ETF华泰柏瑞,3.798,3.816,3.82,3.793,7912221.0,3179823658.0,0.71,0.45,0.017,2.92,eastmoney,qfq
2025-03-25,510300,沪深300ETF华泰柏瑞,3.817,3.818,3.828,3.806,6115316.0,2463223975.0,0.58,0.05,0.002,2.26,eastmoney,qfq
2025-03-26,510300,沪深300ETF华泰柏瑞,3.814,3.802,3.829,3.799,7742554.0,3114333330.0,0.79,-0.42,-0.016,2.86,eastmoney,qfq
2025-03-27,510300,沪深300ETF华泰柏瑞,3.8,3.816,3.839,3.784,8015252.0,3224972886.0,1.45,0.37,0.014,2.96,eastmoney,qfq
2025-03-28,510300,沪深300ETF华泰柏瑞,3.816,3.797,3.818,3.789,7043048.0,2826192921.0,0.76,-0.5,-0.019,2.6,eastmoney,qfq
2025-03-31,510300,沪深300ETF华泰柏瑞,3.793,3.773,3.813,3.758,9021729.0,3600807135.0,1.45,-0.63,-0.024,3.33,eastmoney,qfq
2025-04-01,510300,沪深300ETF华泰柏瑞,3.777,3.771,3.792,3.768,6150155.0,2452333015.0,0.64,-0.05,-0.002,2.27,eastmoney,qfq
2025-04-02,510300,沪深300ETF华泰柏瑞,3.772,3.768,3.785,3.76,6291176.0,2505793835.0,0.66,-0.08,-0.003,2.32,eastmoney,qfq
2025-04-03,510300,沪深300ETF华泰柏瑞,3.737,3.748,3.769,3.732,11143308.0,4411676416.0,0.98,-0.53,-0.02,4.11,eastmoney,qfq
2025-04-07,510300,沪深300ETF华泰柏瑞,3.589,3.484,3.629,3.393,65609880.0,24314516116.0,6.3,-7.04,-0.264,24.23,eastmoney,qfq
2025-04-08,510300,沪深300ETF华泰柏瑞,3.487,3.519,3.528,3.46,58535333.0,21668647143.0,1.95,1.0,0.035,21.61,eastmoney,qfq
2025-04-09,510300,沪深300ETF华泰柏瑞,3.484,3.555,3.563,3.467,16982014.0,6334479041.0,2.73,1.02,0.036,6.27,eastmoney,qfq
2025-04-10,510300,沪深300ETF华泰柏瑞,3.606,3.618,3.636,3.587,14296317.0,5465041115.0,1.38,1.77,0.063,5.28,eastmoney,qfq
2025-04-11,510300,沪深300ETF华泰柏瑞,3.599,3.629,3.64,3.589,8619842.0,3298517131.0,1.41,0.3,0.011,3.18,eastmoney,qfq
2025-04-14,510300,沪深300ETF华泰柏瑞,3.648,3.637,3.654,3.631,9415710.0,3627429751.0,0.63,0.22,0.008,3.48,eastmoney,qfq
2025-04-15,510300,沪深300ETF华泰柏瑞,3.633,3.64,3.646,3.614,9817935.0,3773853446.0,0.88,0.08,0.003,3.63,eastmoney,qfq
2025-04-16,510300,沪深300ETF华泰柏瑞,3.63,3.649,3.658,3.6,21771337.0,8373466072.0,1.59,0.25,0.009,8.04,eastmoney,qfq
2025-04-17,510300,沪深300ETF华泰柏瑞,3.631,3.652,3.66,3.63,13873406.0,5357723628.0,0.82,0.08,0.003,5.12,eastmoney,qfq
2025-04-18,510300,沪深300ETF华泰柏瑞,3.646,3.662,3.668,3.636,13780507.0,5327127532.0,0.88,0.27,0.01,5.09,eastmoney,qfq
2025-04-21,510300,沪深300ETF华泰柏瑞,3.654,3.664,3.675,3.646,7126315.0,2762708291.0,0.79,0.05,0.002,2.63,eastmoney,qfq
2025-04-22,510300,沪深300ETF华泰柏瑞,3.664,3.667,3.682,3.662,7520436.0,2919236921.0,0.55,0.08,0.003,2.78,eastmoney,qfq
2025-04-23,510300,沪深300ETF华泰柏瑞,3.681,3.671,3.696,3.662,6155041.0,2391310228.0,0.93,0.11,0.004,2.27,eastmoney,qfq
2025-04-24,510300,沪深300ETF华泰柏瑞,3.671,3.671,3.692,3.66,4873615.0,1894334207.0,0.87,0.0,0.0,1.8,eastmoney,qfq
2025-04-25,510300,沪深300ETF华泰柏瑞,3.676,3.671,3.688,3.664,5771935.0,2243036186.0,0.65,0.0,0.0,2.13,eastmoney,qfq
2025-04-28,510300,沪深300ETF华泰柏瑞,3.672,3.665,3.675,3.653,6247090.0,2421364302.0,0.6,-0.16,-0.006,2.31,eastmoney,qfq
2025-04-29,510300,沪深300ETF华泰柏瑞,3.663,3.658,3.669,3.651,4947350.0,1914265261.0,0.49,-0.19,-0.007,1.83,eastmoney,qfq
2025-04-30,510300,沪深300ETF华泰柏瑞,3.659,3.655,3.675,3.653,5004537.0,1937487287.0,0.6,-0.08,-0.003,1.85,eastmoney,qfq
2025-05-06,510300,沪深300ETF华泰柏瑞,3.675,3.692,3.695,3.669,7178253.0,2795762534.0,0.71,1.01,0.037,2.65,eastmoney,qfq
2025-05-07,510300,沪深300ETF华泰柏瑞,3.739,3.716,3.751,3.699,10470812.0,4110994908.0,1.41,0.65,0.024,3.87,eastmoney,qfq
2025-05-08,510300,沪深300ETF华泰柏瑞,3.707,3.739,3.755,3.707,7820057.0,3087094214.0,1.29,0.62,0.023,2.89,eastmoney,qfq
2025-05-09,510300,沪深300ETF华泰柏瑞,3.735,3.734,3.739,3.721,6933748.0,2734071470.0,0.48,-0.13,-0.005,2.56,eastmoney,qfq
2025-05-12,510300,沪深300ETF华泰柏瑞,3.752,3.779,3.781,3.746,8365002.0,3327197559.0,0.94,1.21,0.045,3.09,eastmoney,qfq
2025-05-13,510300,沪深300ETF华泰柏瑞,3.8,3.783,3.801,3.777,7934009.0,3170416334.0,0.64,0.11,0.004,2.93,eastmoney,qfq
2025-05-14,510300,沪深300ETF华泰柏瑞,3.784,3.834,3.855,3.781,12147902.0,4893477242.0,1.96,1.35,0.051,4.49,eastmoney,qfq
2025-05-15,510300,沪深300ETF华泰柏瑞,3.827,3.8,3.83,3.793,8177224.0,3287897242.0,0.97,-0.89,-0.034,3.02,eastmoney,qfq
2025-05-16,510300,沪深300ETF华泰柏瑞,3.791,3.778,3.798,3.766,7302837.0,2913902471.0,0.84,-0.58,-0.022,2.7,eastmoney,qfq
2025-05-19,510300,沪深300ETF华泰柏瑞,3.773,3.772,3.777,3.754,5562981.0,2212057936.0,0.61,-0.16,-0.006,2.05,eastmoney,qfq
2025-05-20,510300,沪深300ETF华泰柏瑞,3.773,3.792,3.805,3.769,5499875.0,2198868086.0,0.95,0.53,0.02,2.03,eastmoney,qfq
2025-05-21,510300,沪深300ETF华泰柏瑞,3.793,3.808,3.82,3.792,5606031.0,2253851046.0,0.74,0.42,0.016,2.07,eastmoney,qfq
2025-05-22,510300,沪深300ETF华泰柏瑞,3.807,3.806,3.816,3.792,4919320.0,1975447858.0,0.63,-0.05,-0.002,1.82,eastmoney,qfq
2025-05-23,510300,沪深300ETF华泰柏瑞,3.801,3.777,3.828,3.776,8450891.0,3391996057.0,1.37,-0.76,-0.029,3.12,eastmoney,qfq
2025-05-26,510300,沪深300ETF华泰柏瑞,3.771,3.756,3.782,3.745,7404857.0,2939168237.0,0.98,-0.56,-0.021,2.73,eastmoney,qfq
2025-05-27,510300,沪深300ETF华泰柏瑞,3.754,3.735,3.758,3.728,5782884.0,2285272068.0,0.8,-0.56,-0.021,2.14,eastmoney,qfq
2025-05-28,510300,沪深300ETF华泰柏瑞,3.736,3.731,3.745,3.727,5399202.0,2130111536.0,0.48,-0.11,-0.004,1.99,eastmoney,qfq
2025-05-29,510300,沪深300ETF华泰柏瑞,3.734,3.755,3.768,3.728,8910394.0,3531865335.0,1.07,0.64,0.024,3.29,eastmoney,qfq
2025-05-30,510300,沪深300ETF华泰柏瑞,3.748,3.748,3.753,3.721,7370307.0,2910576351.0,0.85,-0.19,-0.007,2.72,eastmoney,qfq
2025-06-03,510300,沪深300ETF华泰柏瑞,3.735,3.746,3.761,3.731,5967868.0,2361902723.0,0.8,-0.05,-0.002,2.2,eastmoney,qfq
2025-06-04,510300,沪深300ETF华泰柏瑞,3.748,3.763,3.774,3.747,4645434.0,1846404388.0,0.72,0.45,0.017,1.72,eastmoney,qfq
2025-06-05,510300,沪深300ETF华泰柏瑞,3.767,3.773,3.783,3.756,5319657.0,2116243913.0,0.72,0.27,0.01,1.96,eastmoney,qfq
2025-06-06,510300,沪深300ETF华泰柏瑞,3.776,3.775,3.788,3.767,4888808.0,1948178948.0,0.56,0.05,0.002,1.81,eastmoney,qfq
2025-06-09,510300,沪深300ETF华泰柏瑞,3.778,3.784,3.799,3.773,5810982.0,2322756628.0,0.69,0.24,0.009,2.15,eastmoney,qfq
2025-06-10,510300,沪深300ETF华泰柏瑞,3.786,3.761,3.794,3.747,7710518.0,3069054930.0,1.24,-0.61,-0.023,2.85,eastmoney,qfq
2025-06-11,510300,沪深300ETF华泰柏瑞,3.763,3.793,3.813,3.763,11035095.0,4422015632.0,1.33,0.85,0.032,4.07,eastmoney,qfq
2025-06-12,510300,沪深300ETF华泰柏瑞,3.787,3.795,3.802,3.769,6900872.0,2758909222.0,0.87,0.05,0.002,2.55,eastmoney,qfq
2025-06-13,510300,沪深300ETF华泰柏瑞,3.787,3.769,3.791,3.756,6980168.0,2779843230.0,0.92,-0.69,-0.026,2.58,eastmoney,qfq
2025-06-16,510300,沪深300ETF华泰柏瑞,3.763,3.779,3.783,3.76,6493267.0,2586770171.0,0.61,0.27,0.01,2.4,eastmoney,qfq
2025-06-17,510300,沪深300ETF华泰柏瑞,3.78,3.778,3.786,3.763,4828913.0,1925078391.0,0.61,-0.03,-0.001,1.78,eastmoney,qfq
2025-06-18,510300,沪深300ETF华泰柏瑞,3.78,3.781,3.787,3.759,4808034.0,1874167101.0,0.74,0.08,0.003,1.78,eastmoney,qfq
2025-06-19,510300,沪深300ETF华泰柏瑞,3.775,3.75,3.776,3.74,6007886.0,2331339243.0,0.95,-0.82,-0.031,2.22,eastmoney,qfq
2025-06-20,510300,沪深300ETF华泰柏瑞,3.749,3.755,3.765,3.748,4230441.0,1641824026.0,0.45,0.13,0.005,1.56,eastmoney,qfq
2025-06-23,510300,沪深300ETF华泰柏瑞,3.746,3.768,3.779,3.739,7492447.0,2908735828.0,1.07,0.35,0.013,2.77,eastmoney,qfq
2025-06-24,510300,沪深300ETF华泰柏瑞,3.773,3.813,3.827,3.773,12245549.0,4815432117.0,1.43,1.19,0.045,4.52,eastmoney,qfq
2025-06-25,510300,沪深300ETF华泰柏瑞,3.816,3.878,3.88,3.812,17241161.0,6841352725.0,1.78,1.7,0.065,6.37,eastmoney,qfq
2025-06-26,510300,沪深300ETF华泰柏瑞,3.872,3.863,3.881,3.862,9379679.0,3745893284.0,0.49,-0.39,-0.015,3.46,eastmoney,qfq
2025-06-27,510300,沪深300ETF华泰柏瑞,3.867,3.84,3.89,3.835,10696914.0,4258505726.0,1.42,-0.6,-0.023,3.95,eastmoney,qfq
2025-06-30,510300,沪深300ETF华泰柏瑞,3.838,3.859,3.862,3.833,10819590.0,4300171928.0,0.76,0.49,0.019,4.0,eastmoney,qfq
2025-07-01,510300,沪深300ETF华泰柏瑞,3.857,3.865,3.869,3.846,6406861.0,2551468709.0,0.6,0.16,0.006,2.37,eastmoney,qfq
2025-07-02,510300,沪深300ETF华泰柏瑞,3.862,3.869,3.876,3.852,5188835.0,2069608324.0,0.62,0.1,0.004,1.92,eastmoney,qfq
2025-07-03,510300,沪深300ETF华泰柏瑞,3.871,3.892,3.897,3.868,6863819.0,2748927253.0,0.75,0.59,0.023,2.53,eastmoney,qfq
2025-07-04,510300,沪深300ETF华泰柏瑞,3.888,3.909,3.942,3.881,10525621.0,4241383565.0,1.57,0.44,0.017,3.89,eastmoney,qfq
2025-07-07,510300,沪深300ETF华泰柏瑞,3.903,3.891,3.909,3.882,4022514.0,1614976763.0,0.69,-0.46,-0.018,1.49,eastmoney,qfq
2025-07-08,510300,沪深300ETF华泰柏瑞,3.893,3.925,3.933,3.89,6122487.0,2473798113.0,1.11,0.87,0.034,2.26,eastmoney,qfq
2025-07-09,510300,沪深300ETF华泰柏瑞,3.925,3.922,3.946,3.917,6476608.0,2626402688.0,0.74,-0.08,-0.003,2.39,eastmoney,qfq
2025-07-10,510300,沪深300ETF华泰柏瑞,3.922,3.942,3.967,3.921,6323877.0,2569715942.0,1.17,0.51,0.02,2.34,eastmoney,qfq
2025-07-11,510300,沪深300ETF华泰柏瑞,3.943,3.956,4.007,3.942,12648551.0,5184103110.0,1.65,0.36,0.014,4.67,eastmoney,qfq
2025-07-14,510300,沪深300ETF华泰柏瑞,3.955,3.955,3.971,3.953,8205479.0,3351107668.0,0.46,-0.03,-0.001,3.03,eastmoney,qfq
2025-07-15,510300,沪深300ETF华泰柏瑞,3.959,3.955,3.981,3.93,8074813.0,3292797650.0,1.29,0.0,0.0,2.98,eastmoney,qfq
2025-07-16,510300,沪深300ETF华泰柏瑞,3.956,3.946,3.97,3.933,4791819.0,1951853024.0,0.94,-0.23,-0.009,1.77,eastmoney,qfq
2025-07-17,510300,沪深300ETF华泰柏瑞,3.946,3.979,3.98,3.945,5978225.0,2443096232.0,0.89,0.84,0.033,2.21,eastmoney,qfq
2025-07-18,510300,沪深300ETF华泰柏瑞,3.985,4.009,4.013,3.982,7131296.0,2940955208.0,0.78,0.75,0.03,2.63,eastmoney,qfq
2025-07-21,510300,沪深300ETF华泰柏瑞,4.014,4.034,4.037,4.011,7674613.0,3184284274.0,0.65,0.62,0.025,2.83,eastmoney,qfq
2025-07-22,510300,沪深300ETF华泰柏瑞,4.036,4.078,4.08,4.019,10821091.0,4516788944.0,1.51,1.09,0.044,4.0,eastmoney,qfq
2025-07-23,510300,沪深300ETF华泰柏瑞,4.081,4.076,4.111,4.065,9947315.0,4188253000.0,1.13,-0.05,-0.002,3.67,eastmoney,qfq
2025-07-24,510300,沪深300ETF华泰柏瑞,4.072,4.102,4.105,4.067,8852360.0,3729028292.0,0.93,0.64,0.026,3.27,eastmoney,qfq
2025-07-25,510300,沪深300ETF华泰柏瑞,4.102,4.08,4.102,4.07,8200860.0,3452281674.0,0.78,-0.54,-0.022,3.03,eastmoney,qfq
2025-07-28,510300,沪深300ETF华泰柏瑞,4.08,4.091,4.1,4.063,6027713.0,2535151857.0,0.91,0.27,0.011,2.23,eastmoney,qfq
2025-07-29,510300,沪深300ETF华泰柏瑞,4.085,4.112,4.113,4.069,8059786.0,3395606595.0,1.08,0.51,0.021,2.98,eastmoney,qfq
2025-07-30,510300,沪深300ETF华泰柏瑞,4.104,4.109,4.142,4.084,9502522.0,4023783503.0,1.41,-0.07,-0.003,3.51,eastmoney,qfq
2025-07-31,510300,沪深300ETF华泰柏瑞,4.098,4.032,4.098,4.019,11229126.0,4687659264.0,1.92,-1.87,-0.077,4.15,eastmoney,qfq
2025-08-01,510300,沪深300ETF华泰柏瑞,4.025,4.01,4.039,3.995,6115671.0,2531113831.0,1.09,-0.55,-0.022,2.26,eastmoney,qfq
2025-08-04,510300,沪深300ETF华泰柏瑞,3.999,4.029,4.031,3.994,4355672.0,1801388564.0,0.92,0.47,0.019,1.61,eastmoney,qfq
2025-08-05,510300,沪深300ETF华泰柏瑞,4.031,4.06,4.062,4.028,5480681.0,2282989180.0,0.84,0.77,0.031,2.02,eastmoney,qfq
2025-08-06,510300,沪深300ETF华泰柏瑞,4.058,4.071,4.076,4.053,4089449.0,1713095761.0,0.57,0.27,0.011,1.51,eastmoney,qfq
2025-08-07,510300,沪深300ETF华泰柏瑞,4.073,4.07,4.087,4.048,5339656.0,2236786690.0,0.96,-0.02,-0.001,1.97,eastmoney,qfq
2025-08-08,510300,沪深300ETF华泰柏瑞,4.065,4.06,4.078,4.052,4230624.0,1771777749.0,0.64,-0.25,-0.01,1.56,eastmoney,qfq
2025-08-11,510300,沪深300ETF华泰柏瑞,4.06,4.079,4.095,4.06,6881519.0,2891923703.0,0.86,0.47,0.019,2.54,eastmoney,qfq
2025-08-12,510300,沪深300ETF华泰柏瑞,4.077,4.105,4.114,4.077,4824872.0,2036818306.0,0.91,0.64,0.026,1.78,eastmoney,qfq
2025-08-13,510300,沪深300ETF华泰柏瑞,4.111,4.14,4.149,4.106,7588408.0,3227703467.0,1.05,0.85,0.035,2.8,eastmoney,qfq
2025-08-14,510300,沪深300ETF华泰柏瑞,4.142,4.133,4.18,4.125,8879344.0,3797429985.0,1.33,-0.17,-0.007,3.28,eastmoney,qfq
2025-08-15,510300,沪深300ETF华泰柏瑞,4.119,4.172,4.179,4.117,10718339.0,4584387161.0,1.5,0.94,0.039,3.96,eastmoney,qfq
2025-08-18,510300,沪深300ETF华泰柏瑞,4.175,4.204,4.237,4.162,10092475.0,4362087157.0,1.8,0.77,0.032,3.73,eastmoney,qfq
2025-08-19,510300,沪深300ETF华泰柏瑞,4.203,4.182,4.224,4.174,7743324.0,3347920291.0,1.19,-0.52,-0.022,2.86,eastmoney,qfq
2025-08-20,510300,沪深300ETF华泰柏瑞,4.172,4.241,4.242,4.144,13784166.0,5938089045.0,2.34,1.41,0.059,5.09,eastmoney,qfq
2025-08-21,510300,沪深300ETF华泰柏瑞,4.245,4.255,4.271,4.235,9130025.0,3997377735.0,0.85,0.33,0.014,3.37,eastmoney,qfq
2025-08-22,510300,沪深300ETF华泰柏瑞,4.252,4.356,4.361,4.251,13602634.0,6031204221.0,2.59,2.37,0.101,5.02,eastmoney,qfq
2025-08-25,510300,沪深300ETF华泰柏瑞,4.378,4.442,4.449,4.374,14560918.0,6599627199.0,1.72,1.97,0.086,5.38,eastmoney,qfq
2025-08-26,510300,沪深300ETF华泰柏瑞,4.431,4.418,4.449,4.404,11142941.0,5068845227.0,1.01,-0.54,-0.024,4.11,eastmoney,qfq
2025-08-27,510300,沪深300ETF华泰柏瑞,4.418,4.352,4.462,4.35,14126904.0,6408311259.0,2.54,-1.49,-0.066,5.22,eastmoney,qfq
2025-08-28,510300,沪深300ETF华泰柏瑞,4.346,4.436,4.438,4.329,12764157.0,5746035433.0,2.5,1.93,0.084,4.71,eastmoney,qfq
2025-08-29,510300,沪深300ETF华泰柏瑞,4.427,4.478,4.49,4.417,13550574.0,6208498370.0,1.65,0.95,0.042,5.0,eastmoney,qfq
2025-09-01,510300,沪深300ETF华泰柏瑞,4.484,4.493,4.501,4.457,11939867.0,5495420182.0,0.98,0.33,0.015,4.41,eastmoney,qfq
2025-09-02,510300,沪深300ETF华泰柏瑞,4.49,4.467,4.52,4.427,10344122.0,4755250317.0,2.07,-0.58,-0.026,3.82,eastmoney,qfq
2025-09-03,510300,沪深300ETF华泰柏瑞,4.469,4.426,4.486,4.397,9188625.0,4187703184.0,1.99,-0.92,-0.041,3.39,eastmoney,qfq
2025-09-04,510300,沪深300ETF华泰柏瑞,4.423,4.333,4.432,4.293,14208228.0,6352441030.0,3.14,-2.1,-0.093,5.25,eastmoney,qfq
2025-09-05,510300,沪深300ETF华泰柏瑞,4.327,4.431,4.44,4.319,10603325.0,4780253830.0,2.79,2.26,0.098,3.92,eastmoney,qfq
2025-09-08,510300,沪深300ETF华泰柏瑞,4.431,4.432,4.45,4.401,10340220.0,4701185135.0,1.11,0.02,0.001,3.82,eastmoney,qfq
2025-09-09,510300,沪深300ETF华泰柏瑞,4.422,4.405,4.441,4.379,6803545.0,3084847254.0,1.4,-0.61,-0.027,2.51,eastmoney,qfq
2025-09-10,510300,沪深300ETF华泰柏瑞,4.403,4.415,4.439,4.384,6086583.0,2761984289.0,1.25,0.23,0.01,2.25,eastmoney,qfq
2025-09-11,510300,沪深300ETF华泰柏瑞,4.404,4.537,4.539,4.394,9783418.0,4504295390.0,3.28,2.76,0.122,3.61,eastmoney,qfq
2025-09-12,510300,沪深300ETF华泰柏瑞,4.539,4.498,4.541,4.492,9158580.0,4251540392.0,1.08,-0.86,-0.039,3.38,eastmoney,qfq
2025-09-15,510300,沪深300ETF华泰柏瑞,4.499,4.506,4.539,4.491,7211915.0,3346337207.0,1.07,0.18,0.008,2.66,eastmoney,qfq
2025-09-16,510300,沪深300ETF华泰柏瑞,4.509,4.497,4.529,4.468,7889034.0,3642646550.0,1.35,-0.2,-0.009,2.91,eastmoney,qfq
2025-09-17,510300,沪深300ETF华泰柏瑞,4.492,4.53,4.536,4.476,7154079.0,3315621289.0,1.33,0.73,0.033,2.64,eastmoney,qfq
2025-09-18,510300,沪深300ETF华泰柏瑞,4.532,4.471,4.553,4.431,11873727.0,5488692045.0,2.69,-1.3,-0.059,4.38,eastmoney,qfq
2025-09-19,510300,沪深300ETF华泰柏瑞,4.467,4.481,4.51,4.464,7316138.0,3369611818.0,1.03,0.22,0.01,2.7,eastmoney,qfq
2025-09-22,510300,沪深300ETF华泰柏瑞,4.481,4.496,4.498,4.459,6292766.0,2896946428.0,0.87,0.33,0.015,2.32,eastmoney,qfq
2025-09-23,510300,沪深300ETF华泰柏瑞,4.504,4.499,4.533,4.435,10550001.0,4859849641.0,2.18,0.07,0.003,3.9,eastmoney,qfq
2025-09-24,510300,沪深300ETF华泰柏瑞,4.474,4.54,4.541,4.473,10044859.0,4656117026.0,1.51,0.91,0.041,3.71,eastmoney,qfq
2025-09-25,510300,沪深300ETF华泰柏瑞,4.54,4.572,4.595,4.534,7713362.0,3614405601.0,1.34,0.7,0.032,2.85,eastmoney,qfq
2025-09-26,510300,沪深300ETF华泰柏瑞,4.554,4.528,4.576,4.527,7153059.0,3344592886.0,1.07,-0.96,-0.044,2.64,eastmoney,qfq
2025-09-29,510300,沪深300ETF华泰柏瑞,4.525,4.605,4.632,4.517,11954365.0,5620190347.0,2.54,1.7,0.077,4.41,eastmoney,qfq
2025-09-30,510300,沪深300ETF华泰柏瑞,4.611,4.618,4.627,4.597,7403809.0,3508639995.0,0.65,0.28,0.013,2.73,eastmoney,qfq
2025-10-09,510300,沪深300ETF华泰柏瑞,4.631,4.693,4.713,4.627,8970906.0,4308933449.0,1.86,1.62,0.075,3.31,eastmoney,qfq
2025-10-10,510300,沪深300ETF华泰柏瑞,4.664,4.596,4.671,4.581,11746426.0,5581932563.0,1.92,-2.07,-0.097,4.34,eastmoney,qfq
2025-10-13,510300,沪深300ETF华泰柏瑞,4.475,4.569,4.581,4.473,9658362.0,4499844601.0,2.35,-0.59,-0.027,3.57,eastmoney,qfq
2025-10-14,510300,沪深300ETF华泰柏瑞,4.602,4.522,4.617,4.497,11619095.0,5445976980.0,2.63,-1.03,-0.047,4.29,eastmoney,qfq
2025-10-15,510300,沪深300ETF华泰柏瑞,4.525,4.583,4.592,4.504,9974013.0,4649845988.0,1.95,1.35,0.061,3.68,eastmoney,qfq
2025-10-16,510300,沪深300ETF华泰柏瑞,4.566,4.598,4.624,4.566,8124633.0,3835512324.0,1.27,0.33,0.015,3.0,eastmoney,qfq
2025-10-17,510300,沪深300ETF华泰柏瑞,4.592,4.501,4.601,4.489,8400582.0,3909864092.0,2.44,-2.11,-0.097,3.1,eastmoney,qfq
2025-10-20,510300,沪深300ETF华泰柏瑞,4.528,4.517,4.555,4.501,7644178.0,3554256321.0,1.2,0.36,0.016,2.82,eastmoney,qfq
2025-10-21,510300,沪深300ETF华泰柏瑞,4.533,4.587,4.6,4.529,9598685.0,4511371971.0,1.57,1.55,0.07,3.54,eastmoney,qfq
2025-10-22,510300,沪深300ETF华泰柏瑞,4.567,4.572,4.585,4.545,5544842.0,2601506365.0,0.87,-0.33,-0.015,2.05,eastmoney,qfq
2025-10-23,510300,沪深300ETF华泰柏瑞,4.564,4.59,4.596,4.519,6993428.0,3267824361.0,1.68,0.39,0.018,2.58,eastmoney,qfq
2025-10-24,510300,沪深300ETF华泰柏瑞,4.605,4.647,4.649,4.604,8653036.0,4110591097.0,0.98,1.24,0.057,3.2,eastmoney,qfq
2025-10-27,510300,沪深300ETF华泰柏瑞,4.685,4.703,4.708,4.673,7585249.0,3652922851.0,0.75,1.21,0.056,2.8,eastmoney,qfq
2025-10-28,510300,沪深300ETF华泰柏瑞,4.692,4.679,4.727,4.669,7259491.0,3497088820.0,1.23,-0.51,-0.024,2.68,eastmoney,qfq
2025-10-29,510300,沪深300ETF华泰柏瑞,4.687,4.739,4.741,4.687,6792784.0,3284668925.0,1.15,1.28,0.06,2.51,eastmoney,qfq
2025-10-30,510300,沪深300ETF华泰柏瑞,4.735,4.7,4.751,4.693,8164619.0,3955485339.0,1.22,-0.82,-0.039,3.01,eastmoney,qfq
2025-10-31,510300,沪深300ETF华泰柏瑞,4.696,4.633,4.703,4.632,14325686.0,6851751220.0,1.51,-1.43,-0.067,5.29,eastmoney,qfq
2025-11-03,510300,沪深300ETF华泰柏瑞,4.629,4.64,4.644,4.582,7759881.0,3674194550.0,1.34,0.15,0.007,2.87,eastmoney,qfq
2025-11-04,510300,沪深300ETF华泰柏瑞,4.637,4.606,4.65,4.583,12015243.0,5708778783.0,1.44,-0.73,-0.034,4.44,eastmoney,qfq
2025-11-05,510300,沪深300ETF华泰柏瑞,4.569,4.612,4.628,4.545,7633533.0,3599158874.0,1.8,0.13,0.006,2.82,eastmoney,qfq
2025-11-06,510300,沪深300ETF华泰柏瑞,4.619,4.682,4.69,4.619,7326649.0,3506780405.0,1.54,1.52,0.07,2.71,eastmoney,qfq
2025-11-07,510300,沪深300ETF华泰柏瑞,4.667,4.672,4.689,4.651,5392556.0,2584816479.0,0.81,-0.21,-0.01,1.99,eastmoney,qfq
2025-11-10,510300,沪深300ETF华泰柏瑞,4.674,4.684,4.688,4.64,4483488.0,2146884969.0,1.03,0.26,0.012,1.66,eastmoney,qfq
2025-11-11,510300,沪深300ETF华泰柏瑞,4.691,4.64,4.701,4.634,5651936.0,2702663134.0,1.43,-0.94,-0.044,2.09,eastmoney,qfq
2025-11-12,510300,沪深300ETF华泰柏瑞,4.631,4.642,4.66,4.608,5236907.0,2491775456.0,1.12,0.04,0.002,1.93,eastmoney,qfq
2025-11-13,510300,沪深300ETF华泰柏瑞,4.634,4.689,4.692,4.629,6459561.0,3096198221.0,1.36,1.01,0.047,2.39,eastmoney,qfq
2025-11-14,510300,沪深300ETF华泰柏瑞,4.662,4.618,4.673,4.616,5936317.0,2832605947.0,1.22,-1.51,-0.071,2.19,eastmoney,qfq
2025-11-17,510300,沪深300ETF华泰柏瑞,4.607,4.587,4.617,4.568,7524669.0,3545084093.0,1.06,-0.67,-0.031,2.78,eastmoney,qfq
2025-11-18,510300,沪深300ETF华泰柏瑞,4.577,4.56,4.594,4.541,8568239.0,4018390178.0,1.16,-0.59,-0.027,3.16,eastmoney,qfq
2025-11-19,510300,沪深300ETF华泰柏瑞,4.555,4.574,4.594,4.555,8569615.0,4026545623.0,0.86,0.31,0.014,3.16,eastmoney,qfq
2025-11-20,510300,沪深300ETF华泰柏瑞,4.601,4.553,4.606,4.55,5619395.0,2644705315.0,1.22,-0.46,-0.021,2.07,eastmoney,qfq
2025-11-21,510300,沪深300ETF华泰柏瑞,4.522,4.441,4.531,4.439,14964004.0,6884359920.0,2.02,-2.46,-0.112,5.53,eastmoney,qfq
2025-11-24,510300,沪深300ETF华泰柏瑞,4.456,4.434,4.462,4.41,11557477.0,5269730484.0,1.17,-0.16,-0.007,4.27,eastmoney,qfq
2025-11-25,510300,沪深300ETF华泰柏瑞,4.457,4.474,4.5,4.456,8959406.0,4120829562.0,0.99,0.9,0.04,3.31,eastmoney,qfq
2025-11-26,510300,沪深300ETF华泰柏瑞,4.477,4.503,4.523,4.471,9140793.0,4228349386.0,1.16,0.65,0.029,3.38,eastmoney,qfq
2025-11-27,510300,沪深300ETF华泰柏瑞,4.506,4.499,4.551,4.495,4793694.0,2226374836.0,1.24,-0.09,-0.004,1.77,eastmoney,qfq
2025-11-28,510300,沪深300ETF华泰柏瑞,4.498,4.512,4.519,4.48,5192341.0,2403092677.0,0.87,0.29,0.013,1.92,eastmoney,qfq
2025-12-01,510300,沪深300ETF华泰柏瑞,4.523,4.564,4.565,4.516,5783014.0,2698559001.0,1.09,1.15,0.052,2.14,eastmoney,qfq
2025-12-02,510300,沪深300ETF华泰柏瑞,4.563,4.543,4.563,4.528,3834449.0,1790231961.0,0.77,-0.46,-0.021,1.42,eastmoney,qfq
2025-12-03,510300,沪深300ETF华泰柏瑞,4.542,4.522,4.561,4.512,3950348.0,1840202209.0,1.08,-0.46,-0.021,1.46,eastmoney,qfq
2025-12-04,510300,沪深300ETF华泰柏瑞,4.525,4.534,4.548,4.505,4026188.0,1871831892.0,0.95,0.27,0.012,1.49,eastmoney,qfq
2025-12-05,510300,沪深300ETF华泰柏瑞,4.533,4.575,4.587,4.52,6872031.0,3217071412.0,1.48,0.9,0.041,2.54,eastmoney,qfq
2025-12-08,510300,沪深300ETF华泰柏瑞,4.588,4.609,4.631,4.586,8263438.0,3908784386.0,0.98,0.74,0.034,3.05,eastmoney,qfq
2025-12-09,510300,沪深300ETF华泰柏瑞,4.604,4.585,4.616,4.571,7001055.0,3302885875.0,0.98,-0.52,-0.024,2.59,eastmoney,qfq
2025-12-10,510300,沪深300ETF华泰柏瑞,4.577,4.579,4.586,4.535,6207764.0,2903153594.0,1.11,-0.13,-0.006,2.29,eastmoney,qfq
2025-12-11,510300,沪深300ETF华泰柏瑞,4.585,4.545,4.599,4.539,6199443.0,2910601742.0,1.31,-0.74,-0.034,2.29,eastmoney,qfq
2025-12-12,510300,沪深300ETF华泰柏瑞,4.555,4.571,4.579,4.525,8671539.0,4057237306.0,1.19,0.57,0.026,3.2,eastmoney,qfq
2025-12-15,510300,沪深300ETF华泰柏瑞,4.551,4.544,4.589,4.427,6917855.0,3241015143.0,3.54,-0.59,-0.027,2.55,eastmoney,qfq
2025-12-16,510300,沪深300ETF华泰柏瑞,4.537,4.497,4.544,4.478,7693550.0,3559031617.0,1.45,-1.03,-0.047,2.84,eastmoney,qfq
2025-12-17,510300,沪深300ETF华泰柏瑞,4.496,4.576,4.592,4.493,10856133.0,5079203142.0,2.2,1.76,0.079,4.01,eastmoney,qfq
2025-12-18,510300,沪深300ETF华泰柏瑞,4.56,4.545,4.569,4.538,6780189.0,3169750209.0,0.68,-0.68,-0.031,2.5,eastmoney,qfq
2025-12-19,510300,沪深300ETF华泰柏瑞,4.557,4.565,4.591,4.543,8317889.0,3901916782.0,1.06,0.44,0.02,3.07,eastmoney,qfq
2025-12-22,510300,沪深300ETF华泰柏瑞,4.579,4.607,4.612,4.579,8371220.0,3956863485.0,0.72,0.92,0.042,3.09,eastmoney,qfq
2025-12-23,510300,沪深300ETF华泰柏瑞,4.612,4.617,4.64,4.603,8083405.0,3833240598.0,0.8,0.22,0.01,2.98,eastmoney,qfq
2025-12-24,510300,沪深300ETF华泰柏瑞,4.617,4.634,4.642,4.603,5334294.0,2531260594.0,0.84,0.37,0.017,1.97,eastmoney,qfq
2025-12-25,510300,沪深300ETF华泰柏瑞,4.627,4.643,4.654,4.621,4272443.0,2033628744.0,0.71,0.19,0.009,1.58,eastmoney,qfq
2025-12-26,510300,沪深300ETF华泰柏瑞,4.643,4.661,4.678,4.632,8160801.0,3902900785.0,0.99,0.39,0.018,3.01,eastmoney,qfq
2025-12-29,510300,沪深300ETF华泰柏瑞,4.657,4.64,4.671,4.626,8529050.0,4069832489.0,0.97,-0.45,-0.021,3.15,eastmoney,qfq
2025-12-30,510300,沪深300ETF华泰柏瑞,4.623,4.65,4.667,4.619,4772242.0,2275508778.0,1.03,0.22,0.01,1.76,eastmoney,qfq
2025-12-31,510300,沪深300ETF华泰柏瑞,4.654,4.63,4.666,4.619,6668292.0,3175879377.0,1.01,-0.43,-0.02,2.46,eastmoney,qfq
2026-01-05,510300,沪深300ETF华泰柏瑞,4.66,4.721,4.725,4.657,10171325.0,4902061805.0,1.47,1.97,0.091,3.76,eastmoney,qfq
2026-01-06,510300,沪深300ETF华泰柏瑞,4.727,4.796,4.797,4.725,10523015.0,5141603633.0,1.53,1.59,0.075,3.89,eastmoney,qfq
2026-01-07,510300,沪深300ETF华泰柏瑞,4.797,4.778,4.804,4.753,9334026.0,4578481053.0,1.06,-0.38,-0.018,3.45,eastmoney,qfq
2026-01-08,510300,沪深300ETF华泰柏瑞,4.765,4.74,4.771,4.72,6827198.0,3324674355.0,1.07,-0.8,-0.038,2.52,eastmoney,qfq
2026-01-09,510300,沪深300ETF华泰柏瑞,4.734,4.762,4.78,4.721,11348553.0,5535581862.0,1.24,0.46,0.022,4.19,eastmoney,qfq
2026-01-12,510300,沪深300ETF华泰柏瑞,4.77,4.79,4.806,4.738,13330753.0,6529675045.0,1.43,0.59,0.028,4.92,eastmoney,qfq
2026-01-13,510300,沪深300ETF华泰柏瑞,4.799,4.773,4.842,4.753,12717832.0,6249488306.0,1.86,-0.35,-0.017,4.7,eastmoney,qfq
2026-01-14,510300,沪深300ETF华泰柏瑞,4.773,4.743,4.826,4.718,21367223.0,10465332592.0,2.26,-0.63,-0.03,7.89,eastmoney,qfq
2026-01-15,510300,沪深300ETF华泰柏瑞,4.726,4.752,4.771,4.72,52171489.0,25390672681.0,1.08,0.19,0.009,19.26,eastmoney,qfq
2026-01-16,510300,沪深300ETF华泰柏瑞,4.782,4.736,4.796,4.715,53201665.0,25922582412.0,1.7,-0.34,-0.016,19.64,eastmoney,qfq
2026-01-19,510300,沪深300ETF华泰柏瑞,4.737,4.738,4.769,4.718,29134399.0,13792576409.0,1.08,0.04,0.002,10.76,eastmoney,qfq
2026-01-20,510300,沪深300ETF华泰柏瑞,4.735,4.724,4.751,4.688,28867656.0,13613769428.0,1.33,-0.3,-0.014,10.66,eastmoney,qfq
2026-01-21,510300,沪深300ETF华泰柏瑞,4.709,4.73,4.764,4.709,49039740.0,23207895509.0,1.16,0.13,0.006,18.11,eastmoney,qfq
2026-01-22,510300,沪深300ETF华泰柏瑞,4.741,4.727,4.76,4.703,43163442.0,20376067887.0,1.21,-0.06,-0.003,15.94,eastmoney,qfq
2026-01-23,510300,沪深300ETF华泰柏瑞,4.732,4.704,4.742,4.687,67693781.0,31834663643.0,1.16,-0.49,-0.023,25.0,eastmoney,qfq
2026-01-26,510300,沪深300ETF华泰柏瑞,4.712,4.712,4.76,4.694,59398529.0,28002364939.0,1.4,0.17,0.008,21.93,eastmoney,qfq
2026-01-27,510300,沪深300ETF华泰柏瑞,4.712,4.71,4.742,4.679,43391350.0,20450057577.0,1.34,-0.04,-0.002,16.02,eastmoney,qfq
2026-01-28,510300,沪深300ETF华泰柏瑞,4.725,4.725,4.743,4.704,84977823.0,40100175381.0,0.83,0.32,0.015,31.38,eastmoney,qfq
2026-01-29,510300,沪深300ETF华泰柏瑞,4.724,4.768,4.779,4.704,35456647.0,16773879626.0,1.59,0.91,0.043,13.09,eastmoney,qfq
2026-01-30,510300,沪深300ETF华泰柏瑞,4.736,4.711,4.758,4.642,16702748.0,7860479504.0,2.43,-1.2,-0.057,6.17,eastmoney,qfq
2026-02-02,510300,沪深300ETF华泰柏瑞,4.68,4.6,4.719,4.591,26511344.0,12299263716.0,2.72,-2.36,-0.111,9.79,eastmoney,qfq
2026-02-03,510300,沪深300ETF华泰柏瑞,4.64,4.664,4.668,4.585,10529446.0,4881749326.0,1.8,1.39,0.064,3.89,eastmoney,qfq
2026-02-04,510300,沪深300ETF华泰柏瑞,4.652,4.707,4.709,4.643,10525059.0,4914865553.0,1.42,0.92,0.043,3.89,eastmoney,qfq
2026-02-05,510300,沪深300ETF华泰柏瑞,4.68,4.679,4.695,4.645,9339829.0,4364498239.0,1.06,-0.59,-0.028,3.45,eastmoney,qfq
2026-02-06,510300,沪深300ETF华泰柏瑞,4.643,4.649,4.691,4.61,8816737.0,4106577054.0,1.73,-0.64,-0.03,3.26,eastmoney,qfq
2026-02-09,510300,沪深300ETF华泰柏瑞,4.695,4.727,4.73,4.686,7011195.0,3304026961.0,0.95,1.68,0.078,2.59,eastmoney,qfq
2026-02-10,510300,沪深300ETF华泰柏瑞,4.733,4.733,4.739,4.72,6804617.0,3219183511.0,0.4,0.13,0.006,2.51,eastmoney,qfq
2026-02-11,510300,沪深300ETF华泰柏瑞,4.727,4.723,4.732,4.714,3720787.0,1757895647.0,0.38,-0.21,-0.01,1.37,eastmoney,qfq
2026-02-12,510300,沪深300ETF华泰柏瑞,4.729,4.727,4.735,4.716,3980124.0,1881073591.0,0.4,0.08,0.004,1.47,eastmoney,qfq
2026-02-13,510300,沪深300ETF华泰柏瑞,4.714,4.671,4.714,4.667,13673572.0,6405790170.0,0.99,-1.18,-0.056,5.05,eastmoney,qfq
2026-02-24,510300,沪深300ETF华泰柏瑞,4.725,4.716,4.736,4.705,6242456.0,2946760847.0,0.66,0.96,0.045,2.3,eastmoney,qfq
2026-02-25,510300,沪深300ETF华泰柏瑞,4.717,4.75,4.778,4.716,8734031.0,4148107679.0,1.31,0.72,0.034,3.22,eastmoney,qfq
2026-02-26,510300,沪深300ETF华泰柏瑞,4.751,4.735,4.754,4.712,7663721.0,3624553287.0,0.88,-0.32,-0.015,2.83,eastmoney,qfq
2026-02-27,510300,沪深300ETF华泰柏瑞,4.72,4.725,4.732,4.7,6062453.0,2859792911.0,0.68,-0.21,-0.01,2.24,eastmoney,qfq
2026-03-02,510300,沪深300ETF华泰柏瑞,4.694,4.739,4.743,4.674,12423675.0,5860854055.0,1.46,0.3,0.014,4.59,eastmoney,qfq
2026-03-03,510300,沪深300ETF华泰柏瑞,4.741,4.678,4.751,4.665,9665579.0,4550837091.0,1.81,-1.29,-0.061,3.57,eastmoney,qfq
2026-03-04,510300,沪深300ETF华泰柏瑞,4.64,4.61,4.65,4.587,8292240.0,3830984400.0,1.35,-1.45,-0.068,3.06,eastmoney,qfq
2026-03-05,510300,沪深300ETF华泰柏瑞,4.647,4.654,4.678,4.639,5684210.0,2646464156.0,0.85,0.95,0.044,2.1,eastmoney,qfq
2026-03-06,510300,沪深300ETF华泰柏瑞,4.64,4.667,4.682,4.624,5043759.0,2349185776.0,1.25,0.28,0.013,1.86,eastmoney,qfq
2026-03-09,510300,沪深300ETF华泰柏瑞,4.623,4.629,4.638,4.56,8380983.0,3854535508.0,1.67,-0.81,-0.038,3.09,eastmoney,qfq
2026-03-10,510300,沪深300ETF华泰柏瑞,4.642,4.683,4.689,4.641,5460125.0,2550822882.0,1.04,1.17,0.054,2.02,eastmoney,qfq
2026-03-11,510300,沪深300ETF华泰柏瑞,4.686,4.711,4.719,4.682,5937122.0,2792866730.0,0.79,0.6,0.028,2.19,eastmoney,qfq
2026-03-12,510300,沪深300ETF华泰柏瑞,4.711,4.694,4.711,4.665,3433836.0,1610201018.0,0.98,-0.36,-0.017,1.27,eastmoney,qfq
2026-03-13,510300,沪深300ETF华泰柏瑞,4.672,4.677,4.716,4.67,3251129.0,1526480622.0,0.98,-0.36,-0.017,1.2,eastmoney,qfq
2026-03-16,510300,沪深300ETF华泰柏瑞,4.675,4.68,4.686,4.632,4038627.0,1881524447.0,1.15,0.06,0.003,1.49,eastmoney,qfq
2026-03-17,510300,沪深300ETF华泰柏瑞,4.686,4.646,4.731,4.645,7233377.0,3388771831.0,1.84,-0.73,-0.034,2.67,eastmoney,qfq
2026-03-18,510300,沪深300ETF华泰柏瑞,4.652,4.662,4.67,4.616,7702627.0,3575798297.0,1.16,0.34,0.016,2.84,eastmoney,qfq
2026-03-19,510300,沪深300ETF华泰柏瑞,4.621,4.599,4.641,4.581,7722418.0,3558170504.0,1.29,-1.35,-0.063,2.85,eastmoney,qfq
2026-03-20,510300,沪深300ETF华泰柏瑞,4.598,4.576,4.635,4.573,7612736.0,3509938019.0,1.35,-0.5,-0.023,2.81,eastmoney,qfq
2026-03-23,510300,沪深300ETF华泰柏瑞,4.528,4.43,4.537,4.406,15234981.0,6799292790.0,2.86,-3.19,-0.146,5.63,eastmoney,qfq
2026-03-24,510300,沪深300ETF华泰柏瑞,4.463,4.479,4.48,4.405,8504351.0,3784113263.0,1.69,1.11,0.049,3.14,eastmoney,qfq
2026-03-25,510300,沪深300ETF华泰柏瑞,4.51,4.544,4.549,4.504,8677126.0,3932266869.0,1.0,1.45,0.065,3.2,eastmoney,qfq
2026-03-26,510300,沪深300ETF华泰柏瑞,4.536,4.488,4.547,4.477,4742424.0,2139118213.0,1.54,-1.23,-0.056,1.75,eastmoney,qfq
2026-03-27,510300,沪深300ETF华泰柏瑞,4.45,4.508,4.53,4.445,5626908.0,2529639239.0,1.89,0.45,0.02,2.08,eastmoney,qfq
2026-03-30,510300,沪深300ETF华泰柏瑞,4.462,4.5,4.505,4.453,5439943.0,2434696108.0,1.15,-0.18,-0.008,2.01,eastmoney,qfq
2026-03-31,510300,沪深300ETF华泰柏瑞,4.501,4.463,4.529,4.462,5305656.0,2385310576.0,1.49,-0.82,-0.037,1.96,eastmoney,qfq
2026-04-01,510300,沪深300ETF华泰柏瑞,4.52,4.534,4.542,4.501,5012281.0,2267466693.0,0.92,1.59,0.071,1.85,eastmoney,qfq
2026-04-02,510300,沪深300ETF华泰柏瑞,4.521,4.489,4.526,4.47,4663511.0,2098973595.0,1.24,-0.99,-0.045,1.72,eastmoney,qfq
2026-04-03,510300,沪深300ETF华泰柏瑞,4.495,4.454,4.506,4.446,4261096.0,1903072420.0,1.34,-0.78,-0.035,1.57,eastmoney,qfq
2026-04-07,510300,沪深300ETF华泰柏瑞,4.455,4.446,4.47,4.431,4285686.0,1908516206.0,0.88,-0.18,-0.008,1.58,eastmoney,qfq
2026-04-08,510300,沪深300ETF华泰柏瑞,4.519,4.602,4.604,4.517,9968846.0,4550818244.0,1.96,3.51,0.156,3.68,eastmoney,qfq
2026-04-09,510300,沪深300ETF华泰柏瑞,4.573,4.572,4.586,4.56,7049553.0,3223934997.0,0.56,-0.65,-0.03,2.6,eastmoney,qfq
2026-04-10,510300,沪深300ETF华泰柏瑞,4.588,4.642,4.664,4.588,9063873.0,4203124967.0,1.66,1.53,0.07,3.35,eastmoney,qfq
2026-04-13,510300,沪深300ETF华泰柏瑞,4.629,4.652,4.66,4.623,3928926.0,1825187755.0,0.8,0.22,0.01,1.45,eastmoney,qfq
2026-04-14,510300,沪深300ETF华泰柏瑞,4.679,4.712,4.712,4.663,4276571.0,2005429241.0,1.05,1.29,0.06,1.58,eastmoney,qfq
2026-04-15,510300,沪深300ETF华泰柏瑞,4.732,4.694,4.746,4.684,6759806.0,3185349113.0,1.32,-0.38,-0.018,2.5,eastmoney,qfq
2026-04-16,510300,沪深300ETF华泰柏瑞,4.704,4.746,4.747,4.7,8532344.0,4036951794.0,1.0,1.11,0.052,3.15,eastmoney,qfq
2026-04-17,510300,沪深300ETF华泰柏瑞,4.737,4.739,4.75,4.722,7361501.0,3485941360.0,0.59,-0.15,-0.007,2.72,eastmoney,qfq
2026-04-20,510300,沪深300ETF华泰柏瑞,4.735,4.765,4.777,4.728,7624578.0,3627929894.0,1.03,0.55,0.026,2.82,eastmoney,qfq
2026-04-21,510300,沪深300ETF华泰柏瑞,4.764,4.776,4.786,4.73,6361081.0,3026895923.0,1.18,0.23,0.011,2.35,eastmoney,qfq
2026-04-22,510300,沪深300ETF华泰柏瑞,4.76,4.811,4.813,4.756,10125926.0,4851593064.0,1.19,0.73,0.035,3.74,eastmoney,qfq
2026-04-23,510300,沪深300ETF华泰柏瑞,4.82,4.801,4.834,4.772,10085181.0,4848688474.0,1.29,-0.21,-0.01,3.72,eastmoney,qfq
2026-04-24,510300,沪深300ETF华泰柏瑞,4.785,4.782,4.798,4.75,7193226.0,3432906825.0,1.0,-0.4,-0.019,2.66,eastmoney,qfq
2026-04-27,510300,沪深300ETF华泰柏瑞,4.786,4.782,4.81,4.773,9280360.0,4443760487.0,0.77,0.0,0.0,3.43,eastmoney,qfq
2026-04-28,510300,沪深300ETF华泰柏瑞,4.766,4.77,4.79,4.757,8644202.0,4125806962.0,0.69,-0.25,-0.012,3.19,eastmoney,qfq
2026-04-29,510300,沪深300ETF华泰柏瑞,4.755,4.821,4.828,4.755,12796798.0,6139314265.0,1.53,1.07,0.051,4.73,eastmoney,qfq
2026-04-30,510300,沪深300ETF华泰柏瑞,4.83,4.824,4.841,4.808,16517864.0,7965711080.0,0.68,0.06,0.003,6.1,eastmoney,qfq
2026-05-06,510300,沪深300ETF华泰柏瑞,4.866,4.888,4.914,4.852,18677828.0,9131466569.0,1.29,1.33,0.064,6.9,eastmoney,qfq
2026-05-07,510300,沪深300ETF华泰柏瑞,4.905,4.912,4.914,4.879,20946226.0,10262731527.0,0.72,0.49,0.024,7.73,eastmoney,qfq
2026-05-08,510300,沪深300ETF华泰柏瑞,4.89,4.886,4.902,4.862,12535649.0,6121164078.0,0.81,-0.53,-0.026,4.63,eastmoney,qfq
2026-05-11,510300,沪深300ETF华泰柏瑞,4.911,4.966,4.98,4.9,21165218.0,10456512044.0,1.64,1.64,0.08,7.82,eastmoney,qfq
2026-05-12,510300,沪深300ETF华泰柏瑞,4.975,4.963,4.987,4.944,10021705.0,4976355850.0,0.87,-0.06,-0.003,3.7,eastmoney,qfq
2026-05-13,510300,沪深300ETF华泰柏瑞,4.94,5.017,5.023,4.939,12726150.0,6331249194.0,1.69,1.09,0.054,4.7,eastmoney,qfq
2026-05-14,510300,沪深300ETF华泰柏瑞,5.037,4.941,5.041,4.931,10281646.0,5118663487.0,2.19,-1.51,-0.076,3.8,eastmoney,qfq
2026-05-15,510300,沪深300ETF华泰柏瑞,4.935,4.878,4.954,4.852,10479024.0,5135152285.0,2.06,-1.28,-0.063,3.87,eastmoney,qfq
2026-05-18,510300,沪深300ETF华泰柏瑞,4.855,4.852,4.885,4.819,5835764.0,2832450612.0,1.35,-0.53,-0.026,2.15,eastmoney,qfq
2026-05-19,510300,沪深300ETF华泰柏瑞,4.843,4.869,4.874,4.789,9674999.0,4670192858.0,1.75,0.35,0.017,3.57,eastmoney,qfq
2026-05-20,510300,沪深300ETF华泰柏瑞,4.845,4.871,4.882,4.84,9597201.0,4664422387.0,0.86,0.04,0.002,3.54,eastmoney,qfq
2026-05-21,510300,沪深300ETF华泰柏瑞,4.897,4.808,4.954,4.801,12055773.0,5913215496.0,3.14,-1.29,-0.063,4.45,eastmoney,qfq
2026-05-22,510300,沪深300ETF华泰柏瑞,4.828,4.862,4.868,4.807,13250518.0,6421618436.0,1.27,1.12,0.054,4.89,eastmoney,qfq
2026-05-25,510300,沪深300ETF华泰柏瑞,4.88,4.937,4.938,4.872,16250559.0,7970991059.0,1.36,1.54,0.075,6.0,eastmoney,qfq
2026-05-26,510300,沪深300ETF华泰柏瑞,4.912,4.972,4.975,4.91,9686752.0,4786813577.0,1.32,0.71,0.035,3.58,eastmoney,qfq
2026-05-27,510300,沪深300ETF华泰柏瑞,4.963,4.932,4.993,4.913,6405215.0,3174582673.0,1.61,-0.8,-0.04,2.37,eastmoney,qfq
2026-05-28,510300,沪深300ETF华泰柏瑞,4.917,4.932,4.948,4.866,4396498.0,2155076599.0,1.66,0.0,0.0,1.62,eastmoney,qfq
2026-05-29,510300,沪深300ETF华泰柏瑞,4.946,4.923,4.978,4.9,6566854.0,3243446893.0,1.58,-0.18,-0.009,2.42,eastmoney,qfq
2026-06-01,510300,沪深300ETF华泰柏瑞,4.923,4.868,4.94,4.861,4990927.0,2443095510.0,1.6,-1.12,-0.055,1.84,eastmoney,qfq
2026-06-02,510300,沪深300ETF华泰柏瑞,4.867,4.936,4.956,4.856,6809437.0,3345673270.0,2.05,1.4,0.068,2.51,eastmoney,qfq
2026-06-03,510300,沪深300ETF华泰柏瑞,4.938,4.965,5.016,4.928,7604619.0,3784497955.0,1.78,0.59,0.029,2.81,eastmoney,qfq
2026-06-04,510300,沪深300ETF华泰柏瑞,4.919,4.926,4.961,4.91,6097283.0,3006706301.0,1.03,-0.79,-0.039,2.25,eastmoney,qfq
2026-06-05,510300,沪深300ETF华泰柏瑞,4.909,4.843,4.948,4.825,6182927.0,3023262809.0,2.5,-1.68,-0.083,2.28,eastmoney,qfq
2026-06-08,510300,沪深300ETF华泰柏瑞,4.79,4.739,4.808,4.705,9232724.0,4394322754.0,2.13,-2.15,-0.104,3.41,eastmoney,qfq
2026-06-09,510300,沪深300ETF华泰柏瑞,4.764,4.826,4.828,4.741,4361645.0,2085593718.0,1.84,1.84,0.087,1.61,eastmoney,qfq
2026-06-10,510300,沪深300ETF华泰柏瑞,4.79,4.784,4.814,4.751,3931623.0,1879211957.0,1.31,-0.87,-0.042,1.45,eastmoney,qfq
2026-06-11,510300,沪深300ETF华泰柏瑞,4.766,4.751,4.793,4.718,4160688.0,1975529542.0,1.57,-0.69,-0.033,1.54,eastmoney,qfq
2026-06-12,510300,沪深300ETF华泰柏瑞,4.81,4.818,4.846,4.789,7808859.0,3761995011.0,1.2,1.41,0.067,2.88,eastmoney,qfq
2026-06-15,510300,沪深300ETF华泰柏瑞,4.858,4.919,4.92,4.839,16233007.0,7928405421.0,1.68,2.1,0.101,5.99,eastmoney,qfq
2026-06-16,510300,沪深300ETF华泰柏瑞,4.92,4.91,4.933,4.893,9085294.0,4467242130.0,0.81,-0.18,-0.009,3.35,eastmoney,qfq
2026-06-17,510300,沪深300ETF华泰柏瑞,4.898,4.958,4.96,4.894,13911870.0,6854308726.0,1.34,0.98,0.048,5.14,eastmoney,qfq
2026-06-18,510300,沪深300ETF华泰柏瑞,4.943,4.984,5.001,4.941,12933430.0,6434057084.0,1.21,0.52,0.026,4.78,eastmoney,qfq
2015-01-05,511010,国债ETF国泰,99.72,99.62,99.808,99.576,21728.0,224616960.0,0.23,-0.1,-0.102,6.16,eastmoney,qfq
2015-01-06,511010,国债ETF国泰,99.487,99.686,99.724,99.487,16614.0,171691936.0,0.24,0.07,0.066,4.71,eastmoney,qfq
2015-01-07,511010,国债ETF国泰,99.654,99.816,99.869,99.654,57836.0,598522784.0,0.22,0.13,0.13,16.39,eastmoney,qfq
2015-01-08,511010,国债ETF国泰,99.923,99.842,99.923,99.722,91999.0,952410672.0,0.2,0.03,0.026,26.07,eastmoney,qfq
2015-01-09,511010,国债ETF国泰,99.85,100.039,100.152,99.813,76539.0,792426416.0,0.34,0.2,0.197,21.69,eastmoney,qfq
2015-01-12,511010,国债ETF国泰,100.022,100.314,100.317,99.954,74098.0,769645408.0,0.36,0.27,0.275,21.0,eastmoney,qfq
2015-01-13,511010,国债ETF国泰,100.275,100.552,100.622,100.171,89036.0,927831168.0,0.45,0.24,0.238,25.23,eastmoney,qfq
2015-01-14,511010,国债ETF国泰,100.575,100.666,100.7,100.552,74154.0,773688336.0,0.15,0.11,0.114,21.01,eastmoney,qfq
2015-01-15,511010,国债ETF国泰,101.024,100.981,101.093,100.674,68893.0,721101792.0,0.42,0.31,0.315,19.52,eastmoney,qfq
2015-01-16,511010,国债ETF国泰,100.874,101.541,101.82,100.874,45617.0,478193776.0,0.94,0.55,0.56,12.93,eastmoney,qfq
2015-01-19,511010,国债ETF国泰,101.524,101.867,102.739,101.523,36653.0,386942928.0,1.2,0.32,0.326,10.39,eastmoney,qfq
2015-01-20,511010,国债ETF国泰,100.684,101.872,102.309,100.684,51972.0,549381744.0,1.6,0.0,0.005,14.73,eastmoney,qfq
2015-01-21,511010,国债ETF国泰,102.018,101.939,102.018,101.854,107540.0,1135961056.0,0.16,0.07,0.067,30.48,eastmoney,qfq
2015-01-22,511010,国债ETF国泰,102.002,101.967,102.146,101.874,78539.0,830086512.0,0.27,0.03,0.028,22.26,eastmoney,qfq
2015-01-23,511010,国债ETF国泰,101.975,102.017,102.104,101.924,145966.0,1542882352.0,0.18,0.05,0.05,41.37,eastmoney,qfq
2015-01-26,511010,国债ETF国泰,102.101,102.144,102.203,102.024,141888.0,1501039536.0,0.18,0.12,0.127,40.21,eastmoney,qfq
2015-01-27,511010,国债ETF国泰,102.074,102.243,102.319,102.074,133018.0,1409115696.0,0.24,0.1,0.099,37.7,eastmoney,qfq
2015-01-28,511010,国债ETF国泰,102.243,102.173,102.503,102.125,180516.0,1913190864.0,0.37,-0.07,-0.07,51.16,eastmoney,qfq
2015-01-29,511010,国债ETF国泰,101.938,102.013,102.424,101.938,87964.0,931495072.0,0.48,-0.16,-0.16,24.93,eastmoney,qfq
2015-01-30,511010,国债ETF国泰,102.024,101.637,102.103,101.574,98528.0,1040847744.0,0.52,-0.37,-0.376,27.92,eastmoney,qfq
2015-02-02,511010,国债ETF国泰,101.724,101.781,101.914,101.626,122451.0,1292176096.0,0.28,0.14,0.144,34.7,eastmoney,qfq
2015-02-03,511010,国债ETF国泰,101.756,101.997,102.074,101.756,50357.0,531559600.0,0.31,0.21,0.216,14.27,eastmoney,qfq
2015-02-04,511010,国债ETF国泰,102.022,102.155,102.202,102.022,101218.0,1070580336.0,0.18,0.15,0.158,28.68,eastmoney,qfq
2015-02-05,511010,国债ETF国泰,102.255,102.357,102.414,102.224,199292.0,2113253872.0,0.19,0.2,0.202,56.48,eastmoney,qfq
2015-02-06,511010,国债ETF国泰,102.372,102.776,103.323,102.324,4913.0,52274544.0,0.98,0.41,0.419,1.39,eastmoney,qfq
2015-02-09,511010,国债ETF国泰,102.779,102.919,103.208,102.424,28168.0,300469616.0,0.76,0.14,0.143,7.98,eastmoney,qfq
2015-02-10,511010,国债ETF国泰,102.944,102.264,102.964,102.023,29628.0,314540160.0,0.91,-0.64,-0.655,8.4,eastmoney,qfq
2015-02-11,511010,国债ETF国泰,102.623,102.811,102.89,102.125,26260.0,279240160.0,0.75,0.53,0.547,7.44,eastmoney,qfq
2015-02-12,511010,国债ETF国泰,102.924,103.097,103.274,102.834,39895.0,426144752.0,0.43,0.28,0.286,11.31,eastmoney,qfq
2015-02-13,511010,国债ETF国泰,103.064,103.286,103.323,103.064,191148.0,2043226656.0,0.25,0.18,0.189,54.17,eastmoney,qfq
2015-02-16,511010,国债ETF国泰,103.292,103.001,103.51,102.657,33206.0,353950640.0,0.83,-0.28,-0.285,9.41,eastmoney,qfq
2015-02-17,511010,国债ETF国泰,103.16,103.222,103.262,102.876,21161.0,226075324.0,0.37,0.21,0.221,6.0,eastmoney,qfq
2015-02-25,511010,国债ETF国泰,103.274,103.228,103.276,103.147,118964.0,1271573856.0,0.12,0.01,0.006,33.71,eastmoney,qfq
2015-02-26,511010,国债ETF国泰,103.419,103.031,103.724,103.024,149499.0,1596725760.0,0.68,-0.19,-0.197,42.37,eastmoney,qfq
2015-02-27,511010,国债ETF国泰,102.995,103.053,103.143,102.995,91356.0,975567392.0,0.14,0.02,0.022,25.89,eastmoney,qfq
2015-03-02,511010,国债ETF国泰,103.069,102.731,103.114,102.656,36813.0,392816640.0,0.44,-0.31,-0.322,10.43,eastmoney,qfq
2015-03-03,511010,国债ETF国泰,102.699,102.683,102.859,102.649,65814.0,700645856.0,0.2,-0.05,-0.048,18.65,eastmoney,qfq
2015-03-04,511010,国债ETF国泰,102.604,102.759,102.845,102.604,95171.0,1013502496.0,0.23,0.07,0.076,26.97,eastmoney,qfq
2015-03-05,511010,国债ETF国泰,102.761,102.58,102.783,102.555,92747.0,986259136.0,0.22,-0.17,-0.179,26.28,eastmoney,qfq
2015-03-06,511010,国债ETF国泰,102.545,102.546,102.68,102.526,38431.0,408276624.0,0.15,-0.03,-0.034,10.89,eastmoney,qfq
2015-03-09,511010,国债ETF国泰,102.525,102.199,102.586,102.035,38810.0,410859712.0,0.54,-0.34,-0.347,11.0,eastmoney,qfq
2015-03-10,511010,国债ETF国泰,102.403,102.071,102.524,102.025,26652.0,282508304.0,0.49,-0.13,-0.128,7.55,eastmoney,qfq
2015-03-11,511010,国债ETF国泰,102.273,102.624,102.724,102.026,40330.0,428178512.0,0.68,0.54,0.553,11.43,eastmoney,qfq
2015-03-12,511010,国债ETF国泰,102.624,102.627,102.938,102.435,32719.0,348272432.0,0.49,0.0,0.003,9.27,eastmoney,qfq
2015-03-13,511010,国债ETF国泰,102.646,102.541,102.786,102.534,71394.0,759357856.0,0.25,-0.08,-0.086,20.23,eastmoney,qfq
2015-03-16,511010,国债ETF国泰,102.824,102.539,102.824,102.454,208717.0,2218183920.0,0.36,0.0,-0.002,59.15,eastmoney,qfq
2015-03-17,511010,国债ETF国泰,102.465,102.602,102.69,102.465,101521.0,1078932064.0,0.22,0.06,0.063,28.77,eastmoney,qfq
2015-03-18,511010,国债ETF国泰,102.605,102.578,102.859,102.549,88522.0,941312032.0,0.3,-0.02,-0.024,25.09,eastmoney,qfq
2015-03-19,511010,国债ETF国泰,102.579,102.58,102.799,102.562,60087.0,638737488.0,0.23,0.0,0.002,17.03,eastmoney,qfq
2015-03-20,511010,国债ETF国泰,102.593,102.597,102.688,102.578,128026.0,1360634096.0,0.11,0.02,0.017,36.28,eastmoney,qfq
2015-03-23,511010,国债ETF国泰,102.606,102.667,102.745,102.606,101047.0,1074554688.0,0.14,0.07,0.07,28.64,eastmoney,qfq
2015-03-24,511010,国债ETF国泰,102.708,102.666,102.855,102.625,126110.0,1341628544.0,0.22,0.0,-0.001,35.74,eastmoney,qfq
2015-03-25,511010,国债ETF国泰,102.685,102.676,102.785,102.634,77121.0,820304704.0,0.15,0.01,0.01,21.86,eastmoney,qfq
2015-03-26,511010,国债ETF国泰,102.677,102.647,102.699,102.616,176386.0,1875922832.0,0.08,-0.03,-0.029,49.99,eastmoney,qfq
2015-03-27,511010,国债ETF国泰,102.647,102.564,102.679,102.484,86631.0,920965136.0,0.19,-0.08,-0.083,24.55,eastmoney,qfq
2015-03-30,511010,国债ETF国泰,102.564,102.062,102.616,102.027,75509.0,801564624.0,0.57,-0.49,-0.502,21.4,eastmoney,qfq
2015-03-31,511010,国债ETF国泰,102.076,101.37,102.114,101.238,90504.0,955627568.0,0.86,-0.68,-0.692,25.65,eastmoney,qfq
2015-04-01,511010,国债ETF国泰,101.524,101.743,101.757,101.518,85699.0,903330240.0,0.24,0.37,0.373,24.29,eastmoney,qfq
2015-04-02,511010,国债ETF国泰,101.765,101.944,101.994,101.765,138897.0,1466732944.0,0.23,0.2,0.201,39.36,eastmoney,qfq
2015-04-03,511010,国债ETF国泰,101.996,101.823,102.054,101.779,94897.0,1001682944.0,0.27,-0.12,-0.121,26.89,eastmoney,qfq
2015-04-07,511010,国债ETF国泰,101.795,101.748,101.823,101.675,112843.0,1189631872.0,0.15,-0.07,-0.075,31.98,eastmoney,qfq
2015-04-08,511010,国债ETF国泰,101.744,101.579,101.85,101.525,42463.0,447674544.0,0.32,-0.17,-0.169,12.03,eastmoney,qfq
2015-04-09,511010,国债ETF国泰,101.435,101.653,101.667,101.435,203175.0,2138992176.0,0.23,0.07,0.074,57.58,eastmoney,qfq
2015-04-10,511010,国债ETF国泰,101.666,101.711,101.744,101.642,199937.0,2106315376.0,0.1,0.06,0.058,56.66,eastmoney,qfq
2015-04-13,511010,国债ETF国泰,101.734,101.79,101.79,101.709,57728.0,608580704.0,0.08,0.08,0.079,16.36,eastmoney,qfq
2015-04-14,511010,国债ETF国泰,101.79,101.967,101.984,101.749,33207.0,350669856.0,0.23,0.17,0.177,9.41,eastmoney,qfq
2015-04-15,511010,国债ETF国泰,102.021,101.936,102.277,101.876,58811.0,621327248.0,0.39,-0.03,-0.031,16.67,eastmoney,qfq
2015-04-16,511010,国债ETF国泰,101.936,102.621,103.324,101.936,30579.0,323589136.0,1.36,0.67,0.685,8.67,eastmoney,qfq
2015-04-17,511010,国债ETF国泰,102.212,102.637,103.122,102.212,95521.0,1016002528.0,0.89,0.02,0.016,27.07,eastmoney,qfq
2015-04-20,511010,国债ETF国泰,102.725,102.984,103.072,102.724,32967.0,350923280.0,0.34,0.34,0.347,9.34,eastmoney,qfq
2015-04-21,511010,国债ETF国泰,103.103,103.041,104.244,102.99,77044.0,825159888.0,1.22,0.06,0.057,21.83,eastmoney,qfq
2015-04-22,511010,国债ETF国泰,103.324,103.266,103.336,102.926,65556.0,701306256.0,0.4,0.22,0.225,18.58,eastmoney,qfq
2015-04-23,511010,国债ETF国泰,103.272,103.161,103.272,103.044,40963.0,437402400.0,0.22,-0.1,-0.105,11.61,eastmoney,qfq
2015-04-24,511010,国债ETF国泰,103.161,102.974,103.174,102.965,84775.0,904663456.0,0.2,-0.18,-0.187,24.02,eastmoney,qfq
2015-04-27,511010,国债ETF国泰,102.993,103.264,103.273,102.974,99996.0,1067704816.0,0.29,0.28,0.29,28.34,eastmoney,qfq
2015-04-28,511010,国债ETF国泰,103.234,103.383,103.385,103.234,48547.0,519378768.0,0.15,0.12,0.119,13.76,eastmoney,qfq
2015-04-29,511010,国债ETF国泰,103.176,103.423,103.764,102.924,65412.0,700392128.0,0.81,0.04,0.04,18.54,eastmoney,qfq
2015-04-30,511010,国债ETF国泰,103.324,103.554,103.624,103.324,48759.0,522914624.0,0.29,0.13,0.131,13.82,eastmoney,qfq
2015-05-04,511010,国债ETF国泰,103.764,103.236,103.774,103.124,34969.0,374496144.0,0.63,-0.31,-0.318,9.91,eastmoney,qfq
2015-05-05,511010,国债ETF国泰,103.374,103.192,103.474,103.145,52122.0,557199296.0,0.32,-0.04,-0.044,14.77,eastmoney,qfq
2015-05-06,511010,国债ETF国泰,103.165,102.779,103.194,102.725,27832.0,296727664.0,0.45,-0.4,-0.413,7.89,eastmoney,qfq
2015-05-07,511010,国债ETF国泰,102.725,102.982,102.982,102.724,44164.0,470263744.0,0.25,0.2,0.203,12.52,eastmoney,qfq
2015-05-08,511010,国债ETF国泰,103.08,103.353,103.38,103.044,59683.0,638600560.0,0.33,0.36,0.371,16.91,eastmoney,qfq
2015-05-11,511010,国债ETF国泰,103.354,103.522,103.57,103.349,31498.0,337438240.0,0.21,0.16,0.169,8.93,eastmoney,qfq
2015-05-12,511010,国债ETF国泰,103.594,103.504,103.594,103.424,60054.0,643753408.0,0.16,-0.02,-0.018,17.02,eastmoney,qfq
2015-05-13,511010,国债ETF国泰,103.524,103.456,103.544,103.403,54757.0,586806096.0,0.14,-0.05,-0.048,15.52,eastmoney,qfq
2015-05-14,511010,国债ETF国泰,103.469,103.681,103.811,103.469,30459.0,326863280.0,0.33,0.22,0.225,8.63,eastmoney,qfq
2015-05-15,511010,国债ETF国泰,103.741,103.696,103.868,103.675,55070.0,591493232.0,0.19,0.01,0.015,15.61,eastmoney,qfq
2015-05-18,511010,国债ETF国泰,103.705,103.724,103.807,103.704,99638.0,1070218096.0,0.1,0.03,0.028,28.24,eastmoney,qfq
2015-05-19,511010,国债ETF国泰,103.649,103.517,103.723,103.475,44912.0,481509328.0,0.24,-0.2,-0.207,12.73,eastmoney,qfq
2015-05-20,511010,国债ETF国泰,103.712,103.409,103.712,103.309,23974.0,256917508.0,0.39,-0.1,-0.108,6.79,eastmoney,qfq
2015-05-21,511010,国债ETF国泰,103.37,103.27,103.47,103.04,34133.0,365360672.0,0.42,-0.13,-0.139,9.67,eastmoney,qfq
2015-05-22,511010,国债ETF国泰,103.322,103.364,103.694,103.322,66163.0,708077312.0,0.36,0.09,0.094,18.75,eastmoney,qfq
2015-05-25,511010,国债ETF国泰,103.424,103.359,103.424,103.03,36944.0,395212016.0,0.38,0.0,-0.005,10.47,eastmoney,qfq
2015-05-26,511010,国债ETF国泰,103.361,103.338,103.404,103.222,93759.0,1003294144.0,0.18,-0.02,-0.021,26.57,eastmoney,qfq
2015-05-27,511010,国债ETF国泰,103.234,103.23,103.774,103.204,130923.0,1400298048.0,0.55,-0.1,-0.108,37.1,eastmoney,qfq
2015-05-28,511010,国债ETF国泰,103.324,103.253,103.522,103.147,280075.0,2996394880.0,0.36,0.02,0.023,79.37,eastmoney,qfq
2015-05-29,511010,国债ETF国泰,103.244,102.635,103.244,102.427,62704.0,667601984.0,0.79,-0.6,-0.618,17.77,eastmoney,qfq
2015-06-01,511010,国债ETF国泰,102.81,102.124,103.324,101.825,65704.0,696125648.0,1.46,-0.5,-0.511,18.62,eastmoney,qfq
2015-06-02,511010,国债ETF国泰,102.094,102.294,102.724,101.946,78275.0,829435872.0,0.76,0.17,0.17,22.18,eastmoney,qfq
2015-06-03,511010,国债ETF国泰,102.244,102.919,102.925,102.244,107687.0,1146854864.0,0.67,0.61,0.625,30.52,eastmoney,qfq
2015-06-04,511010,国债ETF国泰,102.924,103.014,103.322,102.735,69348.0,739168160.0,0.57,0.09,0.095,19.65,eastmoney,qfq
2015-06-05,511010,国债ETF国泰,102.974,103.375,103.834,102.937,126671.0,1353406464.0,0.87,0.35,0.361,35.9,eastmoney,qfq
2015-06-08,511010,国债ETF国泰,103.327,103.475,104.123,103.323,59053.0,633145408.0,0.77,0.1,0.1,16.74,eastmoney,qfq
2015-06-09,511010,国债ETF国泰,103.714,103.263,103.744,103.224,106517.0,1142505344.0,0.5,-0.2,-0.212,30.19,eastmoney,qfq
2015-06-10,511010,国债ETF国泰,103.412,103.017,103.434,102.929,38586.0,412567120.0,0.49,-0.24,-0.246,10.94,eastmoney,qfq
2015-06-11,511010,国债ETF国泰,102.979,103.064,103.41,102.674,263930.0,2818925376.0,0.71,0.05,0.047,74.8,eastmoney,qfq
2015-06-12,511010,国债ETF国泰,103.064,102.934,103.314,102.924,172357.0,1840479520.0,0.38,-0.13,-0.13,48.85,eastmoney,qfq
2015-06-15,511010,国债ETF国泰,102.934,102.523,102.936,102.488,50685.0,538672352.0,0.44,-0.4,-0.411,14.36,eastmoney,qfq
2015-06-16,511010,国债ETF国泰,102.774,102.52,102.774,102.124,72798.0,772974480.0,0.63,0.0,-0.003,20.63,eastmoney,qfq
2015-06-17,511010,国债ETF国泰,102.435,102.374,102.604,101.324,45547.0,483010544.0,1.25,-0.14,-0.146,12.91,eastmoney,qfq
2015-06-18,511010,国债ETF国泰,102.664,102.445,102.722,102.228,132692.0,1407873696.0,0.48,0.07,0.071,37.6,eastmoney,qfq
2015-06-19,511010,国债ETF国泰,102.445,102.522,102.524,102.384,65884.0,699325008.0,0.14,0.08,0.077,18.67,eastmoney,qfq
2015-06-23,511010,国债ETF国泰,102.464,102.716,102.983,102.464,70294.0,747848464.0,0.51,0.19,0.194,19.92,eastmoney,qfq
2015-06-24,511010,国债ETF国泰,102.716,102.98,102.989,102.714,156070.0,1664118736.0,0.27,0.26,0.264,44.23,eastmoney,qfq
2015-06-25,511010,国债ETF国泰,102.99,102.524,103.118,102.524,121915.0,1299635952.0,0.58,-0.44,-0.456,34.55,eastmoney,qfq
2015-06-26,511010,国债ETF国泰,102.643,102.119,103.125,102.055,136295.0,1445695456.0,1.04,-0.4,-0.405,38.63,eastmoney,qfq
2015-06-29,511010,国债ETF国泰,102.694,102.274,103.296,101.849,71258.0,754814128.0,1.42,0.15,0.155,20.19,eastmoney,qfq
2015-06-30,511010,国债ETF国泰,102.236,102.212,102.349,102.144,59485.0,630210864.0,0.2,-0.06,-0.062,16.86,eastmoney,qfq
2015-07-01,511010,国债ETF国泰,102.212,102.394,102.474,102.034,6560.0,69542605.0,0.43,0.18,0.182,1.86,eastmoney,qfq
2015-07-02,511010,国债ETF国泰,102.384,102.147,102.384,102.124,3876.0,41052083.0,0.25,-0.24,-0.247,1.1,eastmoney,qfq
2015-07-03,511010,国债ETF国泰,102.095,102.231,103.288,102.095,4004.0,42401677.0,1.17,0.08,0.084,1.13,eastmoney,qfq
2015-07-06,511010,国债ETF国泰,102.244,102.914,102.924,102.244,5232.0,55663678.0,0.67,0.67,0.683,1.48,eastmoney,qfq
2015-07-07,511010,国债ETF国泰,102.566,103.623,103.634,102.566,17908.0,191573190.0,1.04,0.69,0.709,5.08,eastmoney,qfq
2015-07-08,511010,国债ETF国泰,103.635,104.142,104.24,103.635,11100.0,119662648.0,0.58,0.5,0.519,3.15,eastmoney,qfq
2015-07-09,511010,国债ETF国泰,103.925,103.977,104.045,103.415,4781.0,51472296.0,0.6,-0.16,-0.165,1.35,eastmoney,qfq
2015-07-10,511010,国债ETF国泰,104.11,103.366,104.11,102.929,2908.0,31174238.0,1.14,-0.59,-0.611,0.82,eastmoney,qfq
2015-07-13,511010,国债ETF国泰,103.324,103.508,103.624,103.324,21578.0,231297351.0,0.29,0.14,0.142,6.12,eastmoney,qfq
2015-07-14,511010,国债ETF国泰,103.504,103.404,103.808,103.124,32096.0,343729360.0,0.66,-0.1,-0.104,9.1,eastmoney,qfq
2015-07-15,511010,国债ETF国泰,103.479,103.657,104.12,103.124,39241.0,420046448.0,0.96,0.24,0.253,11.12,eastmoney,qfq
2015-07-16,511010,国债ETF国泰,103.656,104.224,114.324,103.492,31873.0,343259136.0,10.45,0.55,0.567,9.03,eastmoney,qfq
2015-07-17,511010,国债ETF国泰,104.224,104.929,105.32,104.155,14537.0,157973484.0,1.12,0.68,0.705,4.12,eastmoney,qfq
2015-07-20,511010,国债ETF国泰,104.635,104.725,105.058,104.634,10794.0,117196938.0,0.4,-0.19,-0.204,3.06,eastmoney,qfq
2015-07-21,511010,国债ETF国泰,105.019,104.684,105.019,104.625,19255.0,208872238.0,0.38,-0.04,-0.041,5.46,eastmoney,qfq
2015-07-22,511010,国债ETF国泰,104.694,104.64,104.726,104.324,30123.0,326358752.0,0.38,-0.04,-0.044,8.54,eastmoney,qfq
2015-07-23,511010,国债ETF国泰,104.684,104.774,104.807,104.624,21474.0,232808813.0,0.17,0.13,0.134,6.09,eastmoney,qfq
2015-07-24,511010,国债ETF国泰,104.484,104.367,104.808,104.353,21399.0,231785532.0,0.43,-0.39,-0.407,6.06,eastmoney,qfq
2015-07-27,511010,国债ETF国泰,104.497,104.423,104.498,104.127,12620.0,136267575.0,0.36,0.05,0.056,3.58,eastmoney,qfq
2015-07-28,511010,国债ETF国泰,104.453,104.698,105.124,104.345,21110.0,228861295.0,0.75,0.26,0.275,5.98,eastmoney,qfq
2015-07-29,511010,国债ETF国泰,104.704,105.045,107.324,104.698,16476.0,179436254.0,2.51,0.33,0.347,4.67,eastmoney,qfq
2015-07-30,511010,国债ETF国泰,104.912,104.59,105.524,104.277,44192.0,481137104.0,1.19,-0.43,-0.455,12.52,eastmoney,qfq
2015-07-31,511010,国债ETF国泰,104.602,104.504,104.602,104.358,58233.0,629798000.0,0.23,-0.08,-0.086,16.5,eastmoney,qfq
2015-08-03,511010,国债ETF国泰,104.494,104.717,105.124,104.324,35317.0,383230464.0,0.77,0.2,0.213,10.01,eastmoney,qfq
2015-08-04,511010,国债ETF国泰,104.124,104.506,105.043,104.084,72125.0,781146816.0,0.92,-0.2,-0.211,20.44,eastmoney,qfq
2015-08-05,511010,国债ETF国泰,104.724,104.747,104.884,104.517,94868.0,1027691472.0,0.35,0.23,0.241,26.89,eastmoney,qfq
2015-08-06,511010,国债ETF国泰,104.725,104.946,104.979,104.646,65618.0,712425040.0,0.32,0.19,0.199,18.6,eastmoney,qfq
2015-08-07,511010,国债ETF国泰,104.974,105.013,105.274,104.974,60370.0,657184352.0,0.29,0.06,0.067,17.11,eastmoney,qfq
2015-08-10,511010,国债ETF国泰,104.844,104.987,105.315,104.834,17159.0,186677919.0,0.46,-0.02,-0.026,4.86,eastmoney,qfq
2015-08-11,511010,国债ETF国泰,104.964,104.917,105.158,104.864,26476.0,287601248.0,0.28,-0.07,-0.07,7.5,eastmoney,qfq
2015-08-12,511010,国债ETF国泰,104.914,104.846,104.986,104.624,26406.0,286677744.0,0.35,-0.07,-0.071,7.48,eastmoney,qfq
2015-08-13,511010,国债ETF国泰,104.819,104.732,105.064,104.657,48469.0,525417136.0,0.39,-0.11,-0.114,13.74,eastmoney,qfq
2015-08-14,511010,国债ETF国泰,104.774,104.682,104.839,104.654,33614.0,364396208.0,0.18,-0.05,-0.05,9.53,eastmoney,qfq
2015-08-17,511010,国债ETF国泰,104.649,104.342,104.713,104.264,12782.0,138430690.0,0.43,-0.32,-0.34,3.62,eastmoney,qfq
2015-08-18,511010,国债ETF国泰,104.423,103.959,104.423,103.924,26996.0,291452496.0,0.48,-0.37,-0.383,7.65,eastmoney,qfq
2015-08-19,511010,国债ETF国泰,103.873,104.022,104.024,103.873,153488.0,1651973648.0,0.15,0.06,0.063,43.5,eastmoney,qfq
2015-08-20,511010,国债ETF国泰,103.964,104.01,104.062,103.955,173871.0,1871935312.0,0.1,-0.01,-0.012,49.27,eastmoney,qfq
2015-08-21,511010,国债ETF国泰,103.924,104.037,104.114,103.924,51377.0,553302528.0,0.18,0.03,0.027,14.56,eastmoney,qfq
2015-08-24,511010,国债ETF国泰,103.912,104.207,104.424,103.912,34663.0,373391712.0,0.49,0.16,0.17,9.82,eastmoney,qfq
2015-08-25,511010,国债ETF国泰,104.108,104.324,104.443,104.108,86530.0,934366944.0,0.32,0.11,0.117,24.52,eastmoney,qfq
2015-08-26,511010,国债ETF国泰,104.134,104.424,104.612,104.129,102463.0,1107271872.0,0.46,0.1,0.1,29.04,eastmoney,qfq
2015-08-27,511010,国债ETF国泰,104.522,104.702,104.705,104.337,74265.0,802930240.0,0.35,0.27,0.278,21.05,eastmoney,qfq
2015-08-28,511010,国债ETF国泰,104.616,104.856,104.974,104.424,21280.0,230910857.0,0.53,0.15,0.154,6.03,eastmoney,qfq
2015-08-31,511010,国债ETF国泰,104.856,105.09,105.354,104.776,153936.0,1674932144.0,0.55,0.22,0.234,43.62,eastmoney,qfq
2015-09-01,511010,国债ETF国泰,105.174,105.454,105.474,105.11,94819.0,1033073056.0,0.35,0.35,0.364,26.87,eastmoney,qfq
2015-09-02,511010,国债ETF国泰,105.424,105.439,105.704,105.323,28987.0,316406752.0,0.36,-0.01,-0.015,8.21,eastmoney,qfq
2015-09-07,511010,国债ETF国泰,105.432,105.343,106.237,104.904,82457.0,898111056.0,1.26,-0.09,-0.096,23.37,eastmoney,qfq
2015-09-08,511010,国债ETF国泰,105.319,104.963,105.344,104.926,103619.0,1127231904.0,0.4,-0.36,-0.38,29.37,eastmoney,qfq
2015-09-09,511010,国债ETF国泰,104.959,104.991,105.061,104.959,133255.0,1448442288.0,0.1,0.03,0.028,37.76,eastmoney,qfq
2015-09-10,511010,国债ETF国泰,105.015,104.774,105.015,104.764,56821.0,617318224.0,0.24,-0.21,-0.217,16.1,eastmoney,qfq
2015-09-11,511010,国债ETF国泰,104.823,104.538,104.904,104.458,94783.0,1026762128.0,0.43,-0.23,-0.236,26.86,eastmoney,qfq
2015-09-14,511010,国债ETF国泰,104.533,104.713,104.713,104.533,119553.0,1294651904.0,0.17,0.17,0.175,33.88,eastmoney,qfq
2015-09-15,511010,国债ETF国泰,104.734,104.752,104.85,104.638,128676.0,1395445648.0,0.2,0.04,0.039,36.47,eastmoney,qfq
2015-09-16,511010,国债ETF国泰,104.749,104.724,104.924,104.645,123281.0,1336372688.0,0.27,-0.03,-0.028,34.94,eastmoney,qfq
2015-09-17,511010,国债ETF国泰,104.674,104.696,104.822,104.674,176434.0,1912440464.0,0.14,-0.03,-0.028,50.0,eastmoney,qfq
2015-09-18,511010,国债ETF国泰,104.723,104.682,104.723,104.641,133179.0,1443092816.0,0.08,-0.01,-0.014,37.74,eastmoney,qfq
2015-09-21,511010,国债ETF国泰,104.724,104.701,104.744,104.683,193669.0,2099053088.0,0.06,0.02,0.019,54.89,eastmoney,qfq
2015-09-22,511010,国债ETF国泰,104.702,104.629,104.72,104.624,206110.0,2232940192.0,0.09,-0.07,-0.072,58.41,eastmoney,qfq
2015-09-23,511010,国债ETF国泰,104.634,104.645,104.649,104.625,383465.0,4153144528.0,0.02,0.02,0.016,108.67,eastmoney,qfq
2015-09-24,511010,国债ETF国泰,104.645,104.639,104.656,104.615,284193.0,3077785392.0,0.04,-0.01,-0.006,80.54,eastmoney,qfq
2015-09-25,511010,国债ETF国泰,104.644,104.602,104.644,104.572,359103.0,3889193776.0,0.07,-0.04,-0.037,101.77,eastmoney,qfq
2015-09-28,511010,国债ETF国泰,104.595,104.625,104.734,102.524,162973.0,1765207536.0,2.11,0.02,0.023,46.19,eastmoney,qfq
2015-09-29,511010,国债ETF国泰,104.624,104.753,104.754,104.615,52569.0,569784720.0,0.13,0.12,0.128,14.9,eastmoney,qfq
2015-09-30,511010,国债ETF国泰,104.841,105.015,105.05,104.754,20716.0,225034541.0,0.28,0.25,0.262,5.87,eastmoney,qfq
2015-10-08,511010,国债ETF国泰,105.034,104.903,105.034,104.742,5105.0,55434286.0,0.28,-0.11,-0.112,1.45,eastmoney,qfq
2015-10-09,511010,国债ETF国泰,105.014,105.184,105.493,104.224,7775.0,83904272.0,1.21,0.27,0.281,2.2,eastmoney,qfq
2015-10-12,511010,国债ETF国泰,104.874,105.764,105.773,104.874,9992.0,108003296.0,0.85,0.55,0.58,2.83,eastmoney,qfq
2015-10-13,511010,国债ETF国泰,105.599,105.626,106.122,105.599,8792.0,95297151.0,0.49,-0.13,-0.138,2.49,eastmoney,qfq
2015-10-14,511010,国债ETF国泰,105.723,105.947,106.106,105.645,21370.0,232118298.0,0.44,0.3,0.321,6.06,eastmoney,qfq
2015-10-15,511010,国债ETF国泰,106.163,105.775,106.163,105.754,11153.0,121147922.0,0.39,-0.16,-0.172,3.16,eastmoney,qfq
2015-10-16,511010,国债ETF国泰,105.714,105.34,105.754,105.274,11570.0,124973223.0,0.45,-0.41,-0.435,3.28,eastmoney,qfq
2015-10-19,511010,国债ETF国泰,105.336,105.388,105.434,105.246,23046.0,248944321.0,0.18,0.05,0.048,6.53,eastmoney,qfq
2015-10-20,511010,国债ETF国泰,105.414,105.913,105.92,105.414,8413.0,91147683.0,0.48,0.5,0.525,2.38,eastmoney,qfq
2015-10-21,511010,国债ETF国泰,105.884,105.823,105.964,105.627,19215.0,208685371.0,0.32,-0.08,-0.09,5.45,eastmoney,qfq
2015-10-22,511010,国债ETF国泰,105.822,105.73,105.832,105.634,11025.0,119503707.0,0.19,-0.09,-0.093,3.12,eastmoney,qfq
2015-10-23,511010,国债ETF国泰,105.731,105.863,106.057,105.711,6273.0,68100906.0,0.33,0.13,0.133,1.78,eastmoney,qfq
2015-10-26,511010,国债ETF国泰,105.604,105.988,106.028,105.604,20454.0,222201512.0,0.4,0.12,0.125,5.8,eastmoney,qfq
2015-10-27,511010,国债ETF国泰,106.124,106.174,106.214,105.996,20027.0,217903736.0,0.21,0.18,0.186,5.68,eastmoney,qfq
2015-10-28,511010,国债ETF国泰,106.174,106.364,106.543,106.174,9277.0,101230950.0,0.35,0.18,0.19,2.63,eastmoney,qfq
2015-10-29,511010,国债ETF国泰,106.324,106.072,106.408,106.024,16681.0,181506009.0,0.36,-0.27,-0.292,4.73,eastmoney,qfq
2015-10-30,511010,国债ETF国泰,106.054,106.129,106.161,106.034,12889.0,140192731.0,0.12,0.05,0.057,3.65,eastmoney,qfq
2015-11-02,511010,国债ETF国泰,106.129,106.16,106.298,106.062,17442.0,189809865.0,0.22,0.03,0.031,4.94,eastmoney,qfq
2015-11-03,511010,国债ETF国泰,105.874,106.097,106.144,105.874,11902.0,129450597.0,0.25,-0.06,-0.063,3.37,eastmoney,qfq
2015-11-04,511010,国债ETF国泰,106.088,105.73,106.088,105.68,10718.0,116420584.0,0.38,-0.35,-0.367,3.04,eastmoney,qfq
2015-11-05,511010,国债ETF国泰,105.759,105.716,105.759,105.584,10473.0,113453248.0,0.17,-0.01,-0.014,2.97,eastmoney,qfq
2015-11-06,511010,国债ETF国泰,105.718,105.546,105.718,105.464,9418.0,102038339.0,0.24,-0.16,-0.17,2.67,eastmoney,qfq
2015-11-09,511010,国债ETF国泰,105.545,104.538,105.545,103.824,10008.0,107266666.0,1.63,-0.96,-1.008,2.84,eastmoney,qfq
2015-11-10,511010,国债ETF国泰,104.812,104.825,104.888,104.494,7499.0,80513848.0,0.38,0.27,0.287,2.13,eastmoney,qfq
2015-11-11,511010,国债ETF国泰,104.85,105.241,105.249,104.812,20222.0,218210648.0,0.42,0.4,0.416,5.73,eastmoney,qfq
2015-11-12,511010,国债ETF国泰,105.224,105.337,105.424,105.098,17129.0,185070262.0,0.31,0.09,0.096,4.85,eastmoney,qfq
2015-11-13,511010,国债ETF国泰,105.374,105.327,105.439,105.287,21357.0,230676840.0,0.14,-0.01,-0.01,6.05,eastmoney,qfq
2015-11-16,511010,国债ETF国泰,105.354,105.356,105.423,105.264,9227.0,99674701.0,0.15,0.03,0.029,2.61,eastmoney,qfq
2015-11-17,511010,国债ETF国泰,105.356,105.474,105.474,105.268,16547.0,178709896.0,0.2,0.11,0.118,4.69,eastmoney,qfq
2015-11-18,511010,国债ETF国泰,105.473,105.277,105.474,105.269,45763.0,494492928.0,0.19,-0.19,-0.197,12.97,eastmoney,qfq
2015-11-19,511010,国债ETF国泰,105.259,105.336,105.342,105.225,15245.0,164601875.0,0.11,0.06,0.059,4.32,eastmoney,qfq
2015-11-20,511010,国债ETF国泰,105.294,105.347,105.421,105.287,7885.0,85173008.0,0.13,0.01,0.011,2.23,eastmoney,qfq
2015-11-23,511010,国债ETF国泰,105.325,105.346,105.398,105.254,13141.0,141943456.0,0.14,0.0,-0.001,3.72,eastmoney,qfq
2015-11-24,511010,国债ETF国泰,105.342,105.592,105.655,105.333,13799.0,149324960.0,0.31,0.23,0.246,3.91,eastmoney,qfq
2015-11-25,511010,国债ETF国泰,105.592,105.597,105.772,105.546,23546.0,255062232.0,0.21,0.0,0.005,6.67,eastmoney,qfq
2015-11-26,511010,国债ETF国泰,105.597,105.819,105.971,105.597,18069.0,196053104.0,0.35,0.21,0.222,5.12,eastmoney,qfq
2015-11-27,511010,国债ETF国泰,105.857,105.767,105.895,105.724,31329.0,339869440.0,0.16,-0.05,-0.052,8.88,eastmoney,qfq
2015-11-30,511010,国债ETF国泰,105.759,105.902,105.992,105.724,10364.0,112508118.0,0.25,0.13,0.135,2.94,eastmoney,qfq
2015-12-01,511010,国债ETF国泰,105.905,105.757,105.916,105.707,6195.0,67196565.0,0.2,-0.14,-0.145,1.76,eastmoney,qfq
2015-12-02,511010,国债ETF国泰,105.857,105.924,106.064,105.854,8585.0,93265719.0,0.2,0.16,0.167,2.43,eastmoney,qfq
2015-12-03,511010,国债ETF国泰,105.962,105.959,106.008,105.897,16425.0,178424630.0,0.1,0.03,0.035,4.65,eastmoney,qfq
2015-12-04,511010,国债ETF国泰,106.042,105.94,106.07,105.88,20104.0,218540578.0,0.18,-0.02,-0.019,5.7,eastmoney,qfq
2015-12-07,511010,国债ETF国泰,105.935,105.995,106.072,105.935,19824.0,215417016.0,0.13,0.05,0.055,5.62,eastmoney,qfq
2015-12-08,511010,国债ETF国泰,105.995,106.049,106.073,105.949,17792.0,193443998.0,0.12,0.05,0.054,5.04,eastmoney,qfq
2015-12-09,511010,国债ETF国泰,106.049,106.035,106.074,106.026,16472.0,179089781.0,0.05,-0.01,-0.014,4.67,eastmoney,qfq
2015-12-10,511010,国债ETF国泰,106.037,106.081,106.147,106.036,17788.0,193481294.0,0.1,0.04,0.046,5.04,eastmoney,qfq
2015-12-11,511010,国债ETF国泰,106.053,106.083,106.114,106.053,23498.0,255567134.0,0.06,0.0,0.002,6.66,eastmoney,qfq
2015-12-14,511010,国债ETF国泰,106.084,105.954,106.084,105.937,43593.0,473716384.0,0.14,-0.12,-0.129,12.35,eastmoney,qfq
2015-12-15,511010,国债ETF国泰,105.901,106.028,106.052,105.901,12988.0,141110543.0,0.14,0.07,0.074,3.68,eastmoney,qfq
2015-12-16,511010,国债ETF国泰,106.013,106.109,106.116,105.945,21863.0,237619064.0,0.16,0.08,0.081,6.2,eastmoney,qfq
2015-12-17,511010,国债ETF国泰,106.109,106.145,106.202,106.069,26894.0,292607152.0,0.13,0.03,0.036,7.62,eastmoney,qfq
2015-12-18,511010,国债ETF国泰,106.124,106.424,106.495,105.874,31003.0,338117504.0,0.59,0.26,0.279,8.79,eastmoney,qfq
2015-12-21,511010,国债ETF国泰,106.53,106.845,106.87,106.493,7482.0,81877648.0,0.35,0.4,0.421,2.12,eastmoney,qfq
2015-12-22,511010,国债ETF国泰,106.843,106.783,106.846,106.734,10318.0,112947048.0,0.1,-0.06,-0.062,2.92,eastmoney,qfq
2015-12-23,511010,国债ETF国泰,106.776,106.825,106.924,106.664,10750.0,117677004.0,0.24,0.04,0.042,3.05,eastmoney,qfq
2015-12-24,511010,国债ETF国泰,106.835,106.972,107.024,106.797,8204.0,89919839.0,0.21,0.14,0.147,2.33,eastmoney,qfq
2015-12-25,511010,国债ETF国泰,107.015,106.924,107.053,106.894,9967.0,109261632.0,0.15,-0.04,-0.048,2.82,eastmoney,qfq
2015-12-28,511010,国债ETF国泰,106.925,107.389,107.51,106.924,26079.0,286168784.0,0.55,0.43,0.465,7.39,eastmoney,qfq
2015-12-29,511010,国债ETF国泰,107.499,107.322,107.504,107.206,13421.0,147592013.0,0.28,-0.06,-0.067,3.8,eastmoney,qfq
2015-12-30,511010,国债ETF国泰,107.237,107.291,107.304,107.094,18645.0,204925747.0,0.2,-0.03,-0.031,5.28,eastmoney,qfq
2015-12-31,511010,国债ETF国泰,107.288,107.169,107.521,107.126,10177.0,111994390.0,0.37,-0.11,-0.122,2.88,eastmoney,qfq
2016-01-04,511010,国债ETF国泰,107.211,106.829,107.232,106.718,1436.0,15727101.0,0.48,-0.32,-0.34,0.41,eastmoney,qfq
2016-01-05,511010,国债ETF国泰,106.867,106.764,106.87,106.735,1419.0,15536986.0,0.13,-0.06,-0.065,0.4,eastmoney,qfq
2016-01-06,511010,国债ETF国泰,106.726,106.799,106.844,106.726,5583.0,61105392.0,0.11,0.03,0.035,1.58,eastmoney,qfq
2016-01-07,511010,国债ETF国泰,106.794,106.915,106.947,106.794,3825.0,41907432.0,0.14,0.11,0.116,1.08,eastmoney,qfq
2016-01-08,511010,国债ETF国泰,106.888,107.174,107.184,106.886,2115.0,23211326.0,0.28,0.24,0.259,0.6,eastmoney,qfq
2016-01-11,511010,国债ETF国泰,107.174,107.224,107.302,107.174,3546.0,38969295.0,0.12,0.05,0.05,1.0,eastmoney,qfq
2016-01-12,511010,国债ETF国泰,107.266,107.516,107.524,107.266,2049.0,22553344.0,0.24,0.27,0.292,0.58,eastmoney,qfq
2016-01-13,511010,国债ETF国泰,107.524,107.648,107.674,107.464,3892.0,42919319.0,0.2,0.12,0.132,1.1,eastmoney,qfq
2016-01-14,511010,国债ETF国泰,107.778,107.509,107.856,107.394,3612.0,39841994.0,0.43,-0.13,-0.139,1.02,eastmoney,qfq
2016-01-15,511010,国债ETF国泰,107.511,107.612,107.699,107.51,3742.0,41259661.0,0.18,0.1,0.103,1.06,eastmoney,qfq
2016-01-18,511010,国债ETF国泰,107.55,107.493,107.625,97.497,7044.0,77351367.0,9.41,-0.11,-0.119,2.0,eastmoney,qfq
2016-01-19,511010,国债ETF国泰,107.473,107.204,107.511,107.024,4394.0,48324192.0,0.45,-0.27,-0.289,1.25,eastmoney,qfq
2016-01-20,511010,国债ETF国泰,107.214,107.167,107.245,106.98,4012.0,44042232.0,0.25,-0.03,-0.037,1.14,eastmoney,qfq
2016-01-21,511010,国债ETF国泰,107.132,107.421,107.472,107.104,2273.0,25006364.0,0.34,0.24,0.254,0.64,eastmoney,qfq
2016-01-22,511010,国债ETF国泰,107.469,107.436,107.524,107.359,3471.0,38226545.0,0.15,0.01,0.015,0.98,eastmoney,qfq
2016-01-25,511010,国债ETF国泰,107.397,107.291,107.397,107.207,3620.0,39802372.0,0.18,-0.13,-0.145,1.03,eastmoney,qfq
2016-01-26,511010,国债ETF国泰,107.245,107.352,107.397,107.208,3819.0,42009175.0,0.18,0.06,0.061,1.08,eastmoney,qfq
2016-01-27,511010,国债ETF国泰,107.242,107.153,107.344,107.136,5042.0,55429968.0,0.19,-0.19,-0.199,1.43,eastmoney,qfq
2016-01-28,511010,国债ETF国泰,107.151,107.08,107.154,106.986,7459.0,81852515.0,0.16,-0.07,-0.073,2.11,eastmoney,qfq
2016-01-29,511010,国债ETF国泰,107.054,107.13,107.202,107.049,14477.0,158984337.0,0.14,0.05,0.05,4.1,eastmoney,qfq
2016-02-01,511010,国债ETF国泰,107.162,107.128,107.162,107.125,12611.0,138479001.0,0.03,0.0,-0.002,3.57,eastmoney,qfq
2016-02-02,511010,国债ETF国泰,107.135,107.113,107.397,107.055,8438.0,92716163.0,0.32,-0.01,-0.015,2.39,eastmoney,qfq
2016-02-03,511010,国债ETF国泰,107.13,107.234,107.242,107.057,5010.0,55024315.0,0.17,0.11,0.121,1.42,eastmoney,qfq
2016-02-04,511010,国债ETF国泰,107.233,107.198,107.239,107.148,12851.0,141186191.0,0.08,-0.03,-0.036,3.64,eastmoney,qfq
2016-02-05,511010,国债ETF国泰,107.232,107.229,107.274,107.193,13727.0,150876471.0,0.08,0.03,0.031,3.89,eastmoney,qfq
2016-02-15,511010,国债ETF国泰,107.282,107.434,107.436,107.243,19570.0,215198378.0,0.18,0.19,0.205,5.55,eastmoney,qfq
2016-02-16,511010,国债ETF国泰,107.414,107.43,107.523,107.334,14792.0,162904038.0,0.18,0.0,-0.004,4.19,eastmoney,qfq
2016-02-17,511010,国债ETF国泰,107.424,107.433,107.433,107.334,33758.0,371500640.0,0.09,0.0,0.003,9.57,eastmoney,qfq
2016-02-18,511010,国债ETF国泰,107.397,107.366,107.423,107.325,9982.0,109854396.0,0.09,-0.06,-0.067,2.83,eastmoney,qfq
2016-02-19,511010,国债ETF国泰,107.359,107.463,107.497,107.358,26857.0,295804608.0,0.13,0.09,0.097,7.61,eastmoney,qfq
2016-02-22,511010,国债ETF国泰,107.464,107.459,107.724,107.432,29424.0,324104864.0,0.27,0.0,-0.004,8.34,eastmoney,qfq
2016-02-23,511010,国债ETF国泰,107.435,107.521,107.532,107.435,15157.0,166994902.0,0.09,0.06,0.062,4.3,eastmoney,qfq
2016-02-24,511010,国债ETF国泰,107.574,107.69,107.701,107.488,14591.0,160980909.0,0.2,0.16,0.169,4.14,eastmoney,qfq
2016-02-25,511010,国债ETF国泰,107.704,107.603,107.783,107.524,13212.0,145825952.0,0.24,-0.08,-0.087,3.74,eastmoney,qfq
2016-02-26,511010,国债ETF国泰,107.669,107.686,107.701,107.599,19310.0,213048875.0,0.09,0.08,0.083,5.47,eastmoney,qfq
2016-02-29,511010,国债ETF国泰,107.672,107.697,107.797,107.671,11638.0,128498293.0,0.12,0.01,0.011,3.3,eastmoney,qfq
2016-03-01,511010,国债ETF国泰,107.699,107.854,107.88,107.693,5304.0,58586394.0,0.17,0.15,0.157,1.5,eastmoney,qfq
2016-03-02,511010,国债ETF国泰,107.954,107.894,108.022,107.835,4712.0,52108480.0,0.17,0.04,0.04,1.34,eastmoney,qfq
2016-03-03,511010,国债ETF国泰,107.527,107.822,107.845,107.527,13394.0,147985167.0,0.29,-0.07,-0.072,3.8,eastmoney,qfq
2016-03-04,511010,国债ETF国泰,107.815,107.759,107.884,97.824,23550.0,260009027.0,9.33,-0.06,-0.063,6.67,eastmoney,qfq
2016-03-07,511010,国债ETF国泰,107.604,107.723,107.793,107.604,22611.0,249685103.0,0.18,-0.03,-0.036,6.41,eastmoney,qfq
2016-03-08,511010,国债ETF国泰,107.725,107.745,107.781,107.723,38239.0,422342176.0,0.05,0.02,0.022,10.84,eastmoney,qfq
2016-03-09,511010,国债ETF国泰,107.754,107.824,107.864,107.754,19495.0,215413068.0,0.1,0.07,0.079,5.52,eastmoney,qfq
2016-03-10,511010,国债ETF国泰,107.824,107.963,107.974,107.796,18817.0,208125050.0,0.17,0.13,0.139,5.33,eastmoney,qfq
2016-03-11,511010,国债ETF国泰,107.974,108.261,108.335,107.974,12190.0,135066517.0,0.33,0.28,0.298,3.45,eastmoney,qfq
2016-03-14,511010,国债ETF国泰,108.224,107.996,108.62,107.973,12470.0,138093100.0,0.6,-0.24,-0.265,3.53,eastmoney,qfq
2016-03-15,511010,国债ETF国泰,107.997,107.96,108.054,107.839,30702.0,339519664.0,0.2,-0.03,-0.036,8.7,eastmoney,qfq
2016-03-16,511010,国债ETF国泰,107.974,108.145,108.164,107.965,19811.0,219351052.0,0.18,0.17,0.185,5.61,eastmoney,qfq
2016-03-17,511010,国债ETF国泰,108.154,108.144,108.243,108.121,28770.0,318855888.0,0.11,0.0,-0.001,8.15,eastmoney,qfq
2016-03-18,511010,国债ETF国泰,108.124,108.143,108.186,108.074,33573.0,372065824.0,0.1,0.0,-0.001,9.51,eastmoney,qfq
2016-03-21,511010,国债ETF国泰,108.094,108.038,108.134,107.976,27835.0,308224848.0,0.15,-0.1,-0.105,7.89,eastmoney,qfq
2016-03-22,511010,国债ETF国泰,108.044,108.154,108.189,108.044,24237.0,268587104.0,0.13,0.11,0.116,6.87,eastmoney,qfq
2016-03-23,511010,国债ETF国泰,108.149,108.274,108.334,108.124,22554.0,250243003.0,0.19,0.11,0.12,6.39,eastmoney,qfq
2016-03-24,511010,国债ETF国泰,108.284,108.518,108.524,108.274,19297.0,214364967.0,0.23,0.23,0.244,5.47,eastmoney,qfq
2016-03-25,511010,国债ETF国泰,108.544,108.639,108.704,108.494,36020.0,400984448.0,0.19,0.11,0.121,10.21,eastmoney,qfq
2016-03-28,511010,国债ETF国泰,108.629,108.681,109.314,108.626,11570.0,128919769.0,0.63,0.04,0.042,3.28,eastmoney,qfq
2016-03-29,511010,国债ETF国泰,108.648,108.723,108.91,108.644,15087.0,168096517.0,0.24,0.04,0.042,4.28,eastmoney,qfq
2016-03-30,511010,国债ETF国泰,108.724,108.784,108.819,108.712,24566.0,273818720.0,0.1,0.06,0.061,6.96,eastmoney,qfq
2016-03-31,511010,国债ETF国泰,108.804,108.754,108.873,108.654,8272.0,92220292.0,0.2,-0.03,-0.03,2.34,eastmoney,qfq
2016-04-01,511010,国债ETF国泰,108.813,109.066,109.083,108.753,3080.0,34382031.0,0.3,0.29,0.312,0.87,eastmoney,qfq
2016-04-05,511010,国债ETF国泰,109.067,108.902,109.173,108.852,15761.0,175937323.0,0.29,-0.15,-0.164,4.47,eastmoney,qfq
2016-04-06,511010,国债ETF国泰,108.927,108.934,108.965,108.885,8712.0,97224168.0,0.07,0.03,0.032,2.47,eastmoney,qfq
2016-04-07,511010,国债ETF国泰,108.934,108.847,109.003,108.834,12236.0,136499694.0,0.16,-0.08,-0.087,3.47,eastmoney,qfq
2016-04-08,511010,国债ETF国泰,108.824,108.844,108.897,108.815,36383.0,405815472.0,0.08,0.0,-0.003,10.31,eastmoney,qfq
2016-04-11,511010,国债ETF国泰,108.834,108.847,108.873,108.814,3199.0,35675586.0,0.05,0.0,0.003,0.91,eastmoney,qfq
2016-04-12,511010,国债ETF国泰,108.831,108.82,108.865,108.804,12128.0,135241319.0,0.06,-0.02,-0.027,3.44,eastmoney,qfq
2016-04-13,511010,国债ETF国泰,108.777,108.632,108.811,108.624,11175.0,124428472.0,0.17,-0.17,-0.188,3.17,eastmoney,qfq
2016-04-14,511010,国债ETF国泰,108.627,108.474,108.698,108.379,13400.0,148963633.0,0.29,-0.15,-0.158,3.8,eastmoney,qfq
2016-04-15,511010,国债ETF国泰,108.521,108.468,108.521,108.409,16534.0,183692612.0,0.1,-0.01,-0.006,4.69,eastmoney,qfq
2016-04-18,511010,国债ETF国泰,108.468,108.538,108.585,108.468,3405.0,37865122.0,0.11,0.06,0.07,0.96,eastmoney,qfq
2016-04-19,511010,国债ETF国泰,108.539,108.584,108.608,108.539,17107.0,190340025.0,0.06,0.04,0.046,4.85,eastmoney,qfq
2016-04-20,511010,国债ETF国泰,108.549,108.453,108.564,108.418,10353.0,115091841.0,0.13,-0.12,-0.131,2.93,eastmoney,qfq
2016-04-21,511010,国债ETF国泰,108.32,107.977,108.322,107.899,4936.0,54673157.0,0.39,-0.44,-0.476,1.4,eastmoney,qfq
2016-04-22,511010,国债ETF国泰,107.995,107.949,108.025,107.928,5412.0,59871571.0,0.09,-0.03,-0.028,1.53,eastmoney,qfq
2016-04-25,511010,国债ETF国泰,107.911,107.354,107.911,107.344,5692.0,62773035.0,0.53,-0.55,-0.595,1.61,eastmoney,qfq
2016-04-26,511010,国债ETF国泰,107.354,107.523,107.534,107.331,16841.0,185528214.0,0.19,0.16,0.169,4.77,eastmoney,qfq
2016-04-27,511010,国债ETF国泰,107.52,107.621,107.672,107.518,20562.0,226838653.0,0.14,0.09,0.098,5.83,eastmoney,qfq
2016-04-28,511010,国债ETF国泰,107.673,107.968,107.969,107.673,5094.0,56332225.0,0.28,0.32,0.347,1.44,eastmoney,qfq
2016-04-29,511010,国债ETF国泰,107.968,108.013,108.024,107.954,68825.0,761475440.0,0.06,0.04,0.045,19.5,eastmoney,qfq
2016-05-03,511010,国债ETF国泰,108.015,108.076,108.076,108.014,20076.0,222304074.0,0.06,0.06,0.063,5.69,eastmoney,qfq
2016-05-04,511010,国债ETF国泰,108.064,108.054,108.108,108.024,7276.0,80583528.0,0.08,-0.02,-0.022,2.06,eastmoney,qfq
2016-05-05,511010,国债ETF国泰,108.069,108.127,108.134,108.069,12322.0,136504952.0,0.06,0.07,0.073,3.49,eastmoney,qfq
2016-05-06,511010,国债ETF国泰,108.123,108.057,108.123,107.977,9871.0,109330434.0,0.14,-0.06,-0.07,2.8,eastmoney,qfq
2016-05-09,511010,国债ETF国泰,108.06,108.145,108.238,108.06,5542.0,61427550.0,0.16,0.08,0.088,1.57,eastmoney,qfq
2016-05-10,511010,国债ETF国泰,108.2,108.306,108.319,108.2,13103.0,145417207.0,0.11,0.15,0.161,3.71,eastmoney,qfq
2016-05-11,511010,国债ETF国泰,108.313,108.371,108.382,108.313,8902.0,98841063.0,0.06,0.06,0.065,2.52,eastmoney,qfq
2016-05-12,511010,国债ETF国泰,108.361,108.566,108.567,108.349,3135.0,34840258.0,0.2,0.18,0.195,0.89,eastmoney,qfq
2016-05-13,511010,国债ETF国泰,108.423,108.628,108.65,108.423,8445.0,93956196.0,0.21,0.06,0.062,2.39,eastmoney,qfq
2016-05-16,511010,国债ETF国泰,108.613,108.35,108.749,108.324,7538.0,83874659.0,0.39,-0.26,-0.278,2.14,eastmoney,qfq
2016-05-17,511010,国债ETF国泰,108.331,108.368,108.452,108.331,19671.0,218422855.0,0.11,0.02,0.018,5.57,eastmoney,qfq
2016-05-18,511010,国债ETF国泰,108.366,108.256,108.374,108.224,16192.0,179607093.0,0.14,-0.1,-0.112,4.59,eastmoney,qfq
2016-05-19,511010,国债ETF国泰,108.205,108.159,108.235,108.105,9699.0,107481517.0,0.12,-0.09,-0.097,2.75,eastmoney,qfq
2016-05-20,511010,国债ETF国泰,108.149,108.304,108.31,108.149,4386.0,48628258.0,0.15,0.13,0.145,1.24,eastmoney,qfq
2016-05-23,511010,国债ETF国泰,108.168,108.21,108.368,108.167,8129.0,90132216.0,0.19,-0.09,-0.094,2.3,eastmoney,qfq
2016-05-24,511010,国债ETF国泰,108.184,108.223,108.234,108.169,1836.0,20353894.0,0.06,0.01,0.013,0.52,eastmoney,qfq
2016-05-25,511010,国债ETF国泰,108.218,108.277,108.297,108.195,9666.0,107217168.0,0.09,0.05,0.054,2.74,eastmoney,qfq
2016-05-26,511010,国债ETF国泰,108.267,108.207,108.267,108.17,2619.0,29039511.0,0.09,-0.06,-0.07,0.74,eastmoney,qfq
2016-05-27,511010,国债ETF国泰,108.224,108.22,108.257,108.174,22578.0,250346321.0,0.08,0.01,0.013,6.4,eastmoney,qfq
2016-05-30,511010,国债ETF国泰,108.223,108.177,108.242,108.136,15113.0,167546321.0,0.1,-0.04,-0.043,4.28,eastmoney,qfq
2016-05-31,511010,国债ETF国泰,108.135,108.215,108.217,108.135,15822.0,175366292.0,0.08,0.04,0.038,4.48,eastmoney,qfq
2016-06-01,511010,国债ETF国泰,108.204,108.228,108.239,108.129,4938.0,54754472.0,0.1,0.01,0.013,1.4,eastmoney,qfq
2016-06-02,511010,国债ETF国泰,108.224,108.124,108.224,108.057,9458.0,104840844.0,0.15,-0.1,-0.104,2.68,eastmoney,qfq
2016-06-03,511010,国债ETF国泰,108.055,108.079,108.156,108.055,26439.0,292929584.0,0.09,-0.04,-0.045,7.49,eastmoney,qfq
2016-06-06,511010,国债ETF国泰,108.079,108.095,108.11,108.075,9183.0,101722757.0,0.03,0.01,0.016,2.6,eastmoney,qfq
2016-06-07,511010,国债ETF国泰,108.098,108.118,108.165,108.081,13217.0,146439265.0,0.08,0.02,0.023,3.75,eastmoney,qfq
2016-06-08,511010,国债ETF国泰,108.107,108.221,108.23,108.107,3131.0,34715743.0,0.11,0.1,0.103,0.89,eastmoney,qfq
2016-06-13,511010,国债ETF国泰,108.204,108.234,108.261,108.129,3352.0,37172896.0,0.12,0.01,0.013,0.95,eastmoney,qfq
2016-06-14,511010,国债ETF国泰,108.182,108.402,108.432,108.168,2070.0,22971572.0,0.24,0.16,0.168,0.59,eastmoney,qfq
2016-06-15,511010,国债ETF国泰,108.359,108.416,108.458,108.357,7661.0,85112264.0,0.09,0.01,0.014,2.17,eastmoney,qfq
2016-06-16,511010,国债ETF国泰,108.414,108.501,108.507,108.414,3250.0,36125618.0,0.09,0.08,0.085,0.92,eastmoney,qfq
2016-06-17,511010,国债ETF国泰,108.454,108.547,108.583,108.436,2980.0,33140939.0,0.14,0.04,0.046,0.84,eastmoney,qfq
2016-06-20,511010,国债ETF国泰,108.51,108.447,108.527,108.284,3916.0,43510610.0,0.22,-0.09,-0.1,1.11,eastmoney,qfq
2016-06-21,511010,国债ETF国泰,108.444,108.461,108.521,108.365,5733.0,63712790.0,0.14,0.01,0.014,1.62,eastmoney,qfq
2016-06-22,511010,国债ETF国泰,108.509,108.526,108.565,108.509,7264.0,80786070.0,0.05,0.06,0.065,2.06,eastmoney,qfq
2016-06-23,511010,国债ETF国泰,108.538,108.58,108.594,108.538,6090.0,67747450.0,0.05,0.05,0.054,1.73,eastmoney,qfq
2016-06-24,511010,国债ETF国泰,108.595,108.747,108.794,108.595,6516.0,72548550.0,0.18,0.15,0.167,1.85,eastmoney,qfq
2016-06-27,511010,国债ETF国泰,108.737,108.978,108.99,108.737,4055.0,45248473.0,0.23,0.21,0.231,1.15,eastmoney,qfq
2016-06-28,511010,国债ETF国泰,108.996,108.954,109.104,108.95,8883.0,99246033.0,0.14,-0.02,-0.024,2.52,eastmoney,qfq
2016-06-29,511010,国债ETF国泰,108.924,108.874,108.924,108.727,4091.0,45619262.0,0.18,-0.07,-0.08,1.16,eastmoney,qfq
2016-06-30,511010,国债ETF国泰,108.853,108.883,108.904,108.724,6856.0,76467821.0,0.17,0.01,0.009,1.94,eastmoney,qfq
2016-07-01,511010,国债ETF国泰,108.889,109.174,109.221,108.889,4998.0,55873451.0,0.3,0.27,0.291,1.42,eastmoney,qfq
2016-07-04,511010,国债ETF国泰,109.244,109.174,109.244,109.164,5586.0,62498512.0,0.07,0.0,0.0,1.58,eastmoney,qfq
2016-07-05,511010,国债ETF国泰,109.153,109.181,109.209,109.153,4237.0,47395603.0,0.05,0.01,0.007,1.2,eastmoney,qfq
2016-07-06,511010,国债ETF国泰,109.181,109.316,109.542,109.162,2153.0,24097992.0,0.35,0.12,0.135,0.61,eastmoney,qfq
2016-07-07,511010,国债ETF国泰,109.338,109.425,109.53,109.275,3409.0,38231403.0,0.23,0.1,0.109,0.97,eastmoney,qfq
2016-07-08,511010,国债ETF国泰,109.494,109.322,109.534,109.316,8211.0,92006254.0,0.2,-0.09,-0.103,2.33,eastmoney,qfq
2016-07-11,511010,国债ETF国泰,109.326,109.286,109.334,109.226,10956.0,122686609.0,0.1,-0.03,-0.036,3.1,eastmoney,qfq
2016-07-12,511010,国债ETF国泰,109.274,109.241,109.314,109.174,7639.0,85518668.0,0.13,-0.04,-0.045,2.16,eastmoney,qfq
2016-07-13,511010,国债ETF国泰,109.212,109.185,109.231,109.173,8706.0,97393886.0,0.05,-0.05,-0.056,2.47,eastmoney,qfq
2016-07-14,511010,国债ETF国泰,109.182,109.215,109.232,109.175,14185.0,158714039.0,0.05,0.03,0.03,4.02,eastmoney,qfq
2016-07-15,511010,国债ETF国泰,109.215,109.35,109.352,109.215,6741.0,75460579.0,0.13,0.12,0.135,1.91,eastmoney,qfq
2016-07-18,511010,国债ETF国泰,109.306,109.377,109.401,109.306,10673.0,119586359.0,0.09,0.02,0.027,3.02,eastmoney,qfq
2016-07-19,511010,国债ETF国泰,109.377,109.453,109.472,109.376,11973.0,134235340.0,0.09,0.07,0.076,3.39,eastmoney,qfq
2016-07-20,511010,国债ETF国泰,109.476,109.52,109.554,109.474,13128.0,147287747.0,0.07,0.06,0.067,3.72,eastmoney,qfq
2016-07-21,511010,国债ETF国泰,109.65,109.584,109.65,109.527,24598.0,276159776.0,0.11,0.06,0.064,6.97,eastmoney,qfq
2016-07-22,511010,国债ETF国泰,109.631,109.564,109.631,109.524,36043.0,404630176.0,0.1,-0.02,-0.02,10.21,eastmoney,qfq
2016-07-25,511010,国债ETF国泰,109.53,109.551,109.622,109.53,16719.0,187698561.0,0.08,-0.01,-0.013,4.74,eastmoney,qfq
2016-07-26,511010,国债ETF国泰,109.551,109.621,109.622,109.551,21706.0,243697356.0,0.06,0.06,0.07,6.15,eastmoney,qfq
2016-07-27,511010,国债ETF国泰,109.647,109.642,109.647,109.603,40183.0,451259168.0,0.04,0.02,0.021,11.39,eastmoney,qfq
2016-07-28,511010,国债ETF国泰,109.624,109.671,109.713,109.584,29264.0,328649296.0,0.12,0.03,0.029,8.29,eastmoney,qfq
2016-07-29,511010,国债ETF国泰,109.719,109.744,109.744,109.644,23243.0,261243886.0,0.09,0.07,0.073,6.59,eastmoney,qfq
2016-08-01,511010,国债ETF国泰,109.729,109.973,109.974,109.729,5251.0,59119853.0,0.22,0.21,0.229,1.49,eastmoney,qfq
2016-08-02,511010,国债ETF国泰,109.919,109.94,110.104,109.919,13983.0,157559476.0,0.17,-0.03,-0.033,3.96,eastmoney,qfq
2016-08-03,511010,国债ETF国泰,109.943,109.951,109.999,109.743,22987.0,258902585.0,0.23,0.01,0.011,6.51,eastmoney,qfq
2016-08-04,511010,国债ETF国泰,109.983,109.895,109.99,109.876,16689.0,187919165.0,0.1,-0.05,-0.056,4.73,eastmoney,qfq
2016-08-05,511010,国债ETF国泰,109.877,110.042,110.065,109.877,25824.0,290876752.0,0.17,0.13,0.147,7.32,eastmoney,qfq
2016-08-08,511010,国债ETF国泰,110.104,110.114,110.224,110.06,34323.0,387124304.0,0.15,0.07,0.072,9.73,eastmoney,qfq
2016-08-09,511010,国债ETF国泰,110.112,110.298,110.298,110.112,44243.0,499496048.0,0.17,0.17,0.184,12.54,eastmoney,qfq
2016-08-10,511010,国债ETF国泰,110.323,110.451,110.922,110.322,39355.0,444971264.0,0.54,0.14,0.153,11.15,eastmoney,qfq
2016-08-11,511010,国债ETF国泰,110.479,110.384,110.526,110.329,29492.0,333553952.0,0.18,-0.06,-0.067,8.36,eastmoney,qfq
2016-08-12,511010,国债ETF国泰,110.387,110.36,110.433,110.276,25654.0,289973760.0,0.14,-0.02,-0.024,7.27,eastmoney,qfq
2016-08-15,511010,国债ETF国泰,110.357,110.196,110.434,110.104,14172.0,160021425.0,0.3,-0.15,-0.164,4.02,eastmoney,qfq
2016-08-16,511010,国债ETF国泰,110.309,110.347,110.364,110.189,10951.0,123701006.0,0.16,0.14,0.151,3.1,eastmoney,qfq
2016-08-17,511010,国债ETF国泰,110.324,110.369,110.412,110.311,9263.0,104701579.0,0.09,0.02,0.022,2.63,eastmoney,qfq
2016-08-18,511010,国债ETF国泰,110.37,110.303,110.375,110.283,8589.0,97068685.0,0.08,-0.06,-0.066,2.43,eastmoney,qfq
2016-08-19,511010,国债ETF国泰,110.341,110.17,110.341,110.164,14903.0,168259381.0,0.16,-0.12,-0.133,4.22,eastmoney,qfq
2016-08-22,511010,国债ETF国泰,110.159,110.274,110.29,110.129,10997.0,124145337.0,0.15,0.09,0.104,3.12,eastmoney,qfq
2016-08-23,511010,国债ETF国泰,110.291,110.212,110.291,109.804,28196.0,318384496.0,0.44,-0.06,-0.062,7.99,eastmoney,qfq
2016-08-24,511010,国债ETF国泰,110.212,110.0,110.269,109.975,42604.0,480634448.0,0.27,-0.19,-0.212,12.07,eastmoney,qfq
2016-08-25,511010,国债ETF国泰,110.046,110.005,110.046,109.957,43321.0,488150880.0,0.08,0.0,0.005,12.28,eastmoney,qfq
2016-08-26,511010,国债ETF国泰,110.044,110.132,110.139,110.01,47621.0,536908768.0,0.12,0.12,0.127,13.5,eastmoney,qfq
2016-08-29,511010,国债ETF国泰,110.138,110.174,110.213,110.092,32896.0,371181232.0,0.11,0.04,0.042,9.32,eastmoney,qfq
2016-08-30,511010,国债ETF国泰,110.166,110.113,110.192,110.043,37862.0,427182352.0,0.14,-0.06,-0.061,10.73,eastmoney,qfq
2016-08-31,511010,国债ETF国泰,110.134,110.121,110.183,109.912,31082.0,350594944.0,0.25,0.01,0.008,8.81,eastmoney,qfq
2016-09-01,511010,国债ETF国泰,110.124,109.985,110.171,109.931,14905.0,167964263.0,0.22,-0.12,-0.136,4.22,eastmoney,qfq
2016-09-02,511010,国债ETF国泰,110.035,109.975,110.035,109.946,8424.0,94915552.0,0.08,-0.01,-0.01,2.39,eastmoney,qfq
2016-09-05,511010,国债ETF国泰,110.012,109.997,110.022,109.963,11488.0,129435662.0,0.05,0.02,0.022,3.26,eastmoney,qfq
2016-09-06,511010,国债ETF国泰,110.006,109.845,110.006,109.838,9832.0,110713978.0,0.15,-0.14,-0.152,2.79,eastmoney,qfq
2016-09-07,511010,国债ETF国泰,109.852,109.88,109.903,109.834,17430.0,196165102.0,0.06,0.03,0.035,4.94,eastmoney,qfq
2016-09-08,511010,国债ETF国泰,109.874,109.924,109.93,109.874,13101.0,147512235.0,0.05,0.04,0.044,3.71,eastmoney,qfq
2016-09-09,511010,国债ETF国泰,109.904,110.09,110.098,109.904,14810.0,166906689.0,0.18,0.15,0.166,4.2,eastmoney,qfq
2016-09-12,511010,国债ETF国泰,110.014,109.956,110.014,109.579,9411.0,105990982.0,0.4,-0.12,-0.134,2.67,eastmoney,qfq
2016-09-13,511010,国债ETF国泰,109.956,110.009,110.022,109.909,35354.0,398359360.0,0.1,0.05,0.053,10.02,eastmoney,qfq
2016-09-14,511010,国债ETF国泰,110.045,110.108,110.192,110.012,30608.0,345113232.0,0.16,0.09,0.099,8.67,eastmoney,qfq
2016-09-19,511010,国债ETF国泰,110.164,110.135,110.164,110.095,34088.0,384556304.0,0.06,0.02,0.027,9.66,eastmoney,qfq
2016-09-20,511010,国债ETF国泰,110.152,110.196,110.221,110.132,41204.0,465120032.0,0.08,0.06,0.061,11.68,eastmoney,qfq
2016-09-21,511010,国债ETF国泰,110.237,110.178,110.252,110.132,29770.0,336032624.0,0.11,-0.02,-0.018,8.44,eastmoney,qfq
2016-09-22,511010,国债ETF国泰,110.203,110.174,110.203,110.133,38310.0,432259504.0,0.06,0.0,-0.004,10.86,eastmoney,qfq
2016-09-23,511010,国债ETF国泰,110.184,110.197,110.211,110.147,36574.0,412803600.0,0.06,0.02,0.023,10.37,eastmoney,qfq
2016-09-26,511010,国债ETF国泰,110.2,110.227,110.254,110.194,22974.0,259390074.0,0.05,0.03,0.03,6.51,eastmoney,qfq
2016-09-27,511010,国债ETF国泰,110.227,110.245,110.284,110.227,44841.0,506391456.0,0.05,0.02,0.018,12.71,eastmoney,qfq
2016-09-28,511010,国债ETF国泰,110.243,110.313,110.314,110.241,39331.0,444186864.0,0.07,0.06,0.068,11.15,eastmoney,qfq
2016-09-29,511010,国债ETF国泰,110.275,110.418,110.884,110.275,52015.0,588283024.0,0.55,0.1,0.105,14.74,eastmoney,qfq
2016-09-30,511010,国债ETF国泰,110.516,110.481,110.602,110.434,19180.0,217086604.0,0.15,0.06,0.063,5.44,eastmoney,qfq
2016-10-10,511010,国债ETF国泰,110.469,110.499,110.523,110.446,6882.0,77882769.0,0.07,0.02,0.018,1.95,eastmoney,qfq
2016-10-11,511010,国债ETF国泰,110.505,110.521,110.622,110.48,20479.0,231931568.0,0.13,0.02,0.022,5.8,eastmoney,qfq
2016-10-12,511010,国债ETF国泰,110.556,110.522,110.571,110.466,22252.0,251943684.0,0.1,0.0,0.001,6.31,eastmoney,qfq
2016-10-13,511010,国债ETF国泰,110.518,110.551,110.593,110.495,26311.0,297872672.0,0.09,0.03,0.029,7.46,eastmoney,qfq
2016-10-14,511010,国债ETF国泰,110.567,110.641,110.654,110.551,25525.0,289100448.0,0.09,0.08,0.09,7.23,eastmoney,qfq
2016-10-17,511010,国债ETF国泰,110.761,110.739,110.762,110.687,26838.0,304327072.0,0.07,0.09,0.098,7.61,eastmoney,qfq
2016-10-18,511010,国债ETF国泰,110.759,110.754,110.764,110.729,22623.0,256597107.0,0.03,0.01,0.015,6.41,eastmoney,qfq
2016-10-19,511010,国债ETF国泰,110.745,110.798,110.847,110.743,26323.0,298629168.0,0.09,0.04,0.044,7.46,eastmoney,qfq
2016-10-20,511010,国债ETF国泰,110.882,110.931,110.972,110.857,32677.0,371110464.0,0.1,0.12,0.133,9.26,eastmoney,qfq
2016-10-21,511010,国债ETF国泰,110.995,111.086,111.109,110.932,27411.0,311797200.0,0.16,0.14,0.155,7.77,eastmoney,qfq
2016-10-24,511010,国债ETF国泰,111.259,111.081,111.324,111.057,22238.0,253190902.0,0.24,0.0,-0.005,6.3,eastmoney,qfq
2016-10-25,511010,国债ETF国泰,111.107,110.972,111.114,110.961,27578.0,313515824.0,0.14,-0.1,-0.109,7.82,eastmoney,qfq
2016-10-26,511010,国债ETF国泰,110.951,110.818,110.986,110.75,28149.0,319598912.0,0.21,-0.14,-0.154,7.98,eastmoney,qfq
2016-10-27,511010,国债ETF国泰,110.833,110.657,110.956,110.454,34442.0,390602608.0,0.45,-0.15,-0.161,9.76,eastmoney,qfq
2016-10-28,511010,国债ETF国泰,110.685,110.848,110.859,110.685,32602.0,369929904.0,0.16,0.17,0.191,9.24,eastmoney,qfq
2016-10-31,511010,国债ETF国泰,110.848,110.787,110.854,110.654,27722.0,314525600.0,0.18,-0.06,-0.061,7.86,eastmoney,qfq
2016-11-01,511010,国债ETF国泰,110.822,110.825,111.082,110.764,31252.0,354770048.0,0.29,0.03,0.038,8.86,eastmoney,qfq
2016-11-02,511010,国债ETF国泰,110.869,110.735,110.869,110.674,31589.0,358312144.0,0.18,-0.08,-0.09,8.95,eastmoney,qfq
2016-11-03,511010,国债ETF国泰,110.744,110.803,110.814,110.738,34480.0,391191024.0,0.07,0.06,0.068,9.77,eastmoney,qfq
2016-11-04,511010,国债ETF国泰,110.804,110.935,110.973,110.795,31878.0,362040848.0,0.16,0.12,0.132,9.03,eastmoney,qfq
2016-11-07,511010,国债ETF国泰,110.916,110.818,110.988,110.744,38716.0,439499920.0,0.22,-0.11,-0.117,10.97,eastmoney,qfq
2016-11-08,511010,国债ETF国泰,110.818,110.811,110.842,110.454,33097.0,375558976.0,0.35,-0.01,-0.007,9.38,eastmoney,qfq
2016-11-09,511010,国债ETF国泰,110.801,110.839,110.883,110.734,33330.0,378330880.0,0.13,0.03,0.028,9.45,eastmoney,qfq
2016-11-10,511010,国债ETF国泰,110.839,110.776,110.839,110.746,44786.0,508138048.0,0.08,-0.06,-0.063,12.69,eastmoney,qfq
2016-11-11,511010,国债ETF国泰,110.684,110.793,110.799,110.684,39822.0,451665680.0,0.1,0.02,0.017,11.29,eastmoney,qfq
2016-11-14,511010,国债ETF国泰,110.763,110.505,110.819,110.375,42929.0,486453296.0,0.4,-0.26,-0.288,12.17,eastmoney,qfq
2016-11-15,511010,国债ETF国泰,110.335,110.234,110.422,110.198,43634.0,493360000.0,0.2,-0.25,-0.271,12.37,eastmoney,qfq
2016-11-16,511010,国债ETF国泰,110.238,110.247,110.361,110.204,32348.0,365357680.0,0.14,0.01,0.013,9.17,eastmoney,qfq
2016-11-17,511010,国债ETF国泰,110.247,110.052,110.247,109.944,38899.0,438509120.0,0.27,-0.18,-0.195,11.02,eastmoney,qfq
2016-11-18,511010,国债ETF国泰,110.044,109.825,110.058,109.824,42827.0,482419552.0,0.21,-0.21,-0.227,12.14,eastmoney,qfq
2016-11-21,511010,国债ETF国泰,109.853,109.898,109.914,109.797,55153.0,620722720.0,0.11,0.07,0.073,15.63,eastmoney,qfq
2016-11-22,511010,国债ETF国泰,109.898,110.017,110.05,109.898,59202.0,666974672.0,0.14,0.11,0.119,16.78,eastmoney,qfq
2016-11-23,511010,国债ETF国泰,110.046,110.085,110.334,110.024,41440.0,467667600.0,0.28,0.06,0.068,11.74,eastmoney,qfq
2016-11-24,511010,国债ETF国泰,110.085,109.878,110.085,109.835,84122.0,947547712.0,0.23,-0.19,-0.207,23.84,eastmoney,qfq
2016-11-25,511010,国债ETF国泰,109.848,109.621,109.949,109.547,42067.0,472768336.0,0.37,-0.23,-0.257,11.92,eastmoney,qfq
2016-11-28,511010,国债ETF国泰,109.605,109.642,109.822,109.59,73153.0,822024176.0,0.21,0.02,0.021,20.73,eastmoney,qfq
2016-11-29,511010,国债ETF国泰,109.63,109.029,109.762,108.928,53953.0,605894256.0,0.76,-0.56,-0.613,15.29,eastmoney,qfq
2016-11-30,511010,国债ETF国泰,109.11,109.018,109.264,108.934,46023.0,514318992.0,0.3,-0.01,-0.011,13.04,eastmoney,qfq
2016-12-01,511010,国债ETF国泰,109.025,109.001,109.084,108.984,109804.0,1226475344.0,0.09,-0.02,-0.017,31.12,eastmoney,qfq
2016-12-02,511010,国债ETF国泰,109.005,109.028,109.221,109.001,91159.0,1019175568.0,0.2,0.02,0.027,25.83,eastmoney,qfq
2016-12-05,511010,国债ETF国泰,109.051,108.988,109.102,108.975,84224.0,941265712.0,0.12,-0.04,-0.04,23.87,eastmoney,qfq
2016-12-06,511010,国债ETF国泰,108.942,108.865,109.024,108.842,70502.0,786619376.0,0.17,-0.11,-0.123,19.98,eastmoney,qfq
2016-12-07,511010,国债ETF国泰,108.844,108.822,108.874,108.734,42920.0,478427136.0,0.13,-0.04,-0.043,12.16,eastmoney,qfq
2016-12-08,511010,国债ETF国泰,108.847,108.908,109.122,108.834,52558.0,586802256.0,0.26,0.08,0.086,14.89,eastmoney,qfq
2016-12-09,511010,国债ETF国泰,108.927,108.857,109.152,108.724,40081.0,447631408.0,0.39,-0.05,-0.051,11.36,eastmoney,qfq
2016-12-12,511010,国债ETF国泰,108.857,108.061,108.922,108.039,41419.0,461056928.0,0.81,-0.73,-0.796,11.74,eastmoney,qfq
2016-12-13,511010,国债ETF国泰,107.948,107.722,108.104,107.535,34115.0,376925808.0,0.53,-0.31,-0.339,9.67,eastmoney,qfq
2016-12-14,511010,国债ETF国泰,107.775,107.354,107.775,107.336,27945.0,308207808.0,0.41,-0.34,-0.368,7.92,eastmoney,qfq
2016-12-15,511010,国债ETF国泰,107.292,105.509,107.292,104.369,29631.0,324131632.0,2.72,-1.72,-1.845,8.4,eastmoney,qfq
2016-12-16,511010,国债ETF国泰,105.524,105.968,106.324,105.524,37799.0,410774048.0,0.76,0.44,0.459,10.71,eastmoney,qfq
2016-12-19,511010,国债ETF国泰,105.942,106.607,107.133,105.713,46046.0,503967824.0,1.34,0.6,0.639,13.05,eastmoney,qfq
2016-12-20,511010,国债ETF国泰,106.224,106.506,106.774,105.995,46409.0,506510560.0,0.73,-0.09,-0.101,13.15,eastmoney,qfq
2016-12-21,511010,国债ETF国泰,107.324,107.208,107.38,106.65,39249.0,430446720.0,0.69,0.66,0.702,11.12,eastmoney,qfq
2016-12-22,511010,国债ETF国泰,107.211,107.473,107.674,107.007,37616.0,413845264.0,0.62,0.25,0.265,10.66,eastmoney,qfq
2016-12-23,511010,国债ETF国泰,107.484,107.201,107.484,107.174,41716.0,459060288.0,0.29,-0.25,-0.272,11.82,eastmoney,qfq
2016-12-26,511010,国债ETF国泰,107.219,107.203,107.414,107.094,46182.0,507483552.0,0.3,0.0,0.002,13.09,eastmoney,qfq
2016-12-27,511010,国债ETF国泰,107.136,107.32,107.391,107.134,57194.0,628874784.0,0.24,0.11,0.117,16.21,eastmoney,qfq
2016-12-28,511010,国债ETF国泰,107.763,107.564,107.763,107.325,54977.0,605698592.0,0.41,0.23,0.244,15.58,eastmoney,qfq
2016-12-29,511010,国债ETF国泰,107.64,108.005,108.02,107.64,54013.0,597239280.0,0.35,0.41,0.441,15.31,eastmoney,qfq
2016-12-30,511010,国债ETF国泰,108.039,108.043,108.324,108.006,27574.0,305747632.0,0.29,0.04,0.038,7.81,eastmoney,qfq
2017-01-03,511010,国债ETF国泰,108.124,108.04,108.124,107.999,6823.0,75553277.0,0.12,0.0,-0.003,1.93,eastmoney,qfq
2017-01-04,511010,国债ETF国泰,108.044,107.913,108.104,107.875,6769.0,74922373.0,0.21,-0.12,-0.127,1.92,eastmoney,qfq
2017-01-05,511010,国债ETF国泰,107.914,107.939,108.122,107.774,8987.0,99393999.0,0.32,0.02,0.026,2.55,eastmoney,qfq
2017-01-06,511010,国债ETF国泰,107.934,107.937,108.124,107.724,13258.0,146761177.0,0.37,0.0,-0.002,3.76,eastmoney,qfq
2017-01-09,511010,国债ETF国泰,107.938,107.986,108.024,107.886,8632.0,95515255.0,0.13,0.05,0.049,2.45,eastmoney,qfq
2017-01-10,511010,国债ETF国泰,108.089,108.029,108.089,107.984,17547.0,194268500.0,0.1,0.04,0.043,4.97,eastmoney,qfq
2017-01-11,511010,国债ETF国泰,108.031,107.984,108.118,107.935,10748.0,118959678.0,0.17,-0.04,-0.045,3.05,eastmoney,qfq
2017-01-12,511010,国债ETF国泰,108.032,108.05,108.175,107.984,9132.0,101119383.0,0.18,0.06,0.066,2.59,eastmoney,qfq
2017-01-13,511010,国债ETF国泰,108.073,108.078,108.1,108.027,9300.0,102975910.0,0.07,0.03,0.028,2.64,eastmoney,qfq
2017-01-16,511010,国债ETF国泰,108.08,107.708,108.215,107.694,5041.0,55815233.0,0.48,-0.34,-0.37,1.43,eastmoney,qfq
2017-01-17,511010,国债ETF国泰,107.708,107.753,108.298,107.669,13866.0,153294495.0,0.58,0.04,0.045,3.93,eastmoney,qfq
2017-01-18,511010,国债ETF国泰,107.79,107.864,107.917,107.774,15953.0,176343339.0,0.13,0.1,0.111,4.52,eastmoney,qfq
2017-01-19,511010,国债ETF国泰,107.865,108.049,108.124,107.865,14928.0,165199271.0,0.24,0.17,0.185,4.23,eastmoney,qfq
2017-01-20,511010,国债ETF国泰,108.009,108.205,108.222,107.924,8282.0,91797812.0,0.28,0.14,0.156,2.35,eastmoney,qfq
2017-01-23,511010,国债ETF国泰,108.225,108.473,108.484,108.225,6647.0,73824250.0,0.24,0.25,0.268,1.88,eastmoney,qfq
2017-01-24,511010,国债ETF国泰,108.475,108.206,109.284,108.134,8034.0,89396464.0,1.06,-0.25,-0.267,2.28,eastmoney,qfq
2017-01-25,511010,国债ETF国泰,108.15,108.027,108.151,107.925,8165.0,90390090.0,0.21,-0.17,-0.179,2.31,eastmoney,qfq
2017-01-26,511010,国债ETF国泰,108.032,108.2,108.222,107.994,5639.0,62473480.0,0.21,0.16,0.173,1.6,eastmoney,qfq
2017-02-03,511010,国债ETF国泰,108.087,108.151,108.197,108.087,17229.0,190957910.0,0.1,-0.05,-0.049,4.88,eastmoney,qfq
2017-02-06,511010,国债ETF国泰,108.152,108.039,108.219,108.024,14583.0,161605049.0,0.18,-0.1,-0.112,4.13,eastmoney,qfq
2017-02-07,511010,国债ETF国泰,108.06,108.019,108.109,108.004,32066.0,354968688.0,0.1,-0.02,-0.02,9.09,eastmoney,qfq
2017-02-08,511010,国债ETF国泰,108.022,107.998,108.023,107.994,42250.0,467619904.0,0.03,-0.02,-0.021,11.97,eastmoney,qfq
2017-02-09,511010,国债ETF国泰,107.998,107.923,108.026,107.899,5533.0,61224170.0,0.12,-0.07,-0.075,1.57,eastmoney,qfq
2017-02-10,511010,国债ETF国泰,107.923,107.623,107.939,107.615,4052.0,44783605.0,0.3,-0.28,-0.3,1.15,eastmoney,qfq
2017-02-13,511010,国债ETF国泰,107.813,107.696,107.813,107.556,4283.0,47274405.0,0.24,0.07,0.073,1.21,eastmoney,qfq
2017-02-14,511010,国债ETF国泰,107.744,107.71,107.761,107.694,37620.0,415253904.0,0.06,0.01,0.014,10.66,eastmoney,qfq
2017-02-15,511010,国债ETF国泰,107.71,107.924,107.942,107.634,12198.0,134750621.0,0.29,0.2,0.214,3.46,eastmoney,qfq
2017-02-16,511010,国债ETF国泰,107.915,108.153,108.17,107.845,7207.0,79816431.0,0.3,0.21,0.229,2.04,eastmoney,qfq
2017-02-17,511010,国债ETF国泰,108.144,108.105,108.282,108.082,9410.0,104357722.0,0.18,-0.04,-0.048,2.67,eastmoney,qfq
2017-02-20,511010,国债ETF国泰,108.149,108.04,108.18,108.024,10027.0,111080342.0,0.14,-0.06,-0.065,2.84,eastmoney,qfq
2017-02-21,511010,国债ETF国泰,108.091,108.092,108.219,108.04,25359.0,280954768.0,0.17,0.05,0.052,7.19,eastmoney,qfq
2017-02-22,511010,国债ETF国泰,108.146,108.224,108.294,108.073,28080.0,311213920.0,0.2,0.12,0.132,7.96,eastmoney,qfq
2017-02-23,511010,国债ETF国泰,108.203,108.395,108.723,108.15,7984.0,88615265.0,0.53,0.16,0.171,2.26,eastmoney,qfq
2017-02-24,511010,国债ETF国泰,108.501,108.248,108.602,107.499,26911.0,298755472.0,1.02,-0.14,-0.147,7.63,eastmoney,qfq
2017-02-27,511010,国债ETF国泰,108.274,108.336,108.372,108.272,37469.0,415870288.0,0.09,0.08,0.088,10.62,eastmoney,qfq
2017-02-28,511010,国债ETF国泰,108.245,108.455,108.568,108.224,23386.0,260019483.0,0.32,0.11,0.119,6.63,eastmoney,qfq
2017-03-01,511010,国债ETF国泰,108.455,108.483,108.599,108.444,26937.0,299504352.0,0.14,0.03,0.028,7.63,eastmoney,qfq
2017-03-02,511010,国债ETF国泰,108.451,108.288,108.542,108.28,32838.0,364960592.0,0.24,-0.18,-0.195,9.31,eastmoney,qfq
2017-03-03,511010,国债ETF国泰,108.374,108.344,108.484,108.293,32066.0,356124816.0,0.18,0.05,0.056,9.09,eastmoney,qfq
2017-03-06,511010,国债ETF国泰,108.374,108.245,108.374,108.237,76992.0,854327904.0,0.13,-0.09,-0.099,21.82,eastmoney,qfq
2017-03-07,511010,国债ETF国泰,108.27,108.267,108.361,108.227,21147.0,234656578.0,0.12,0.02,0.022,5.99,eastmoney,qfq
2017-03-08,511010,国债ETF国泰,108.283,108.275,108.3,108.26,32969.0,365801696.0,0.04,0.01,0.008,9.34,eastmoney,qfq
2017-03-09,511010,国债ETF国泰,108.274,108.204,108.285,108.204,15776.0,175004797.0,0.07,-0.07,-0.071,4.47,eastmoney,qfq
2017-03-10,511010,国债ETF国泰,108.145,107.924,108.252,107.325,6654.0,73709743.0,0.86,-0.26,-0.28,1.89,eastmoney,qfq
2017-03-13,511010,国债ETF国泰,107.855,107.781,108.139,107.725,7628.0,84392957.0,0.38,-0.13,-0.143,2.16,eastmoney,qfq
2017-03-14,511010,国债ETF国泰,107.861,107.983,108.062,107.784,13185.0,145877747.0,0.26,0.19,0.202,3.74,eastmoney,qfq
2017-03-15,511010,国债ETF国泰,107.983,107.878,108.06,107.847,18782.0,207823720.0,0.2,-0.1,-0.105,5.32,eastmoney,qfq
2017-03-16,511010,国债ETF国泰,107.885,108.206,108.498,107.885,15592.0,172878760.0,0.57,0.3,0.328,4.42,eastmoney,qfq
2017-03-17,511010,国债ETF国泰,108.264,108.227,108.379,108.074,26406.0,293007952.0,0.28,0.02,0.021,7.48,eastmoney,qfq
2017-03-20,511010,国债ETF国泰,108.174,108.263,108.344,108.174,20499.0,227429808.0,0.16,0.03,0.036,5.81,eastmoney,qfq
2017-03-21,511010,国债ETF国泰,108.253,108.104,108.253,107.992,40455.0,448360016.0,0.24,-0.15,-0.159,11.46,eastmoney,qfq
2017-03-22,511010,国债ETF国泰,108.105,108.096,108.19,108.043,35134.0,389358288.0,0.14,-0.01,-0.008,9.96,eastmoney,qfq
2017-03-23,511010,国债ETF国泰,108.085,108.144,108.203,108.063,34647.0,383814864.0,0.13,0.04,0.048,9.82,eastmoney,qfq
2017-03-24,511010,国债ETF国泰,108.144,108.357,108.405,108.118,28226.0,313242752.0,0.27,0.2,0.213,8.0,eastmoney,qfq
2017-03-27,511010,国债ETF国泰,108.307,108.413,108.512,108.307,28450.0,316177712.0,0.19,0.05,0.056,8.06,eastmoney,qfq
2017-03-28,511010,国债ETF国泰,108.524,108.243,108.525,107.423,43832.0,486753024.0,1.02,-0.16,-0.17,12.42,eastmoney,qfq
2017-03-29,511010,国债ETF国泰,108.23,108.255,108.374,107.538,46784.0,519020272.0,0.77,0.01,0.012,13.26,eastmoney,qfq
2017-03-30,511010,国债ETF国泰,108.254,107.95,108.45,107.862,36700.0,406872080.0,0.54,-0.28,-0.305,10.4,eastmoney,qfq
2017-03-31,511010,国债ETF国泰,108.0,108.147,108.359,108.0,30366.0,336758240.0,0.33,0.18,0.197,8.61,eastmoney,qfq
2017-04-05,511010,国债ETF国泰,108.16,108.134,108.336,108.124,21899.0,242953168.0,0.2,-0.01,-0.013,6.21,eastmoney,qfq
2017-04-06,511010,国债ETF国泰,108.21,108.222,108.273,108.146,20244.0,224467522.0,0.12,0.08,0.088,5.74,eastmoney,qfq
2017-04-07,511010,国债ETF国泰,108.244,108.265,108.334,108.198,26812.0,297499264.0,0.13,0.04,0.043,7.6,eastmoney,qfq
2017-04-10,511010,国债ETF国泰,108.237,108.312,108.323,108.228,26036.0,288900080.0,0.09,0.04,0.047,7.38,eastmoney,qfq
2017-04-11,511010,国债ETF国泰,108.245,108.249,108.354,108.23,34112.0,378475552.0,0.11,-0.06,-0.063,9.67,eastmoney,qfq
2017-04-12,511010,国债ETF国泰,108.247,108.223,108.285,108.194,28623.0,317473152.0,0.08,-0.02,-0.026,8.11,eastmoney,qfq
2017-04-13,511010,国债ETF国泰,108.243,108.24,108.273,108.153,29762.0,330100080.0,0.11,0.02,0.017,8.43,eastmoney,qfq
2017-04-14,511010,国债ETF国泰,108.264,108.264,108.294,108.245,31327.0,347547648.0,0.05,0.02,0.024,8.88,eastmoney,qfq
2017-04-17,511010,国债ETF国泰,108.264,108.021,108.264,107.918,10569.0,117080201.0,0.32,-0.22,-0.243,3.0,eastmoney,qfq
2017-04-18,511010,国债ETF国泰,107.947,107.924,108.004,107.736,40356.0,446196160.0,0.25,-0.09,-0.097,11.44,eastmoney,qfq
2017-04-19,511010,国债ETF国泰,107.887,107.78,107.944,107.724,22098.0,244186130.0,0.2,-0.13,-0.144,6.26,eastmoney,qfq
2017-04-20,511010,国债ETF国泰,107.832,107.712,107.888,107.574,14681.0,162124912.0,0.29,-0.06,-0.068,4.16,eastmoney,qfq
2017-04-21,511010,国债ETF国泰,107.862,107.598,107.862,107.542,18415.0,203168470.0,0.3,-0.11,-0.114,5.22,eastmoney,qfq
2017-04-24,511010,国债ETF国泰,107.557,107.358,107.557,107.34,21564.0,237435897.0,0.2,-0.22,-0.24,6.11,eastmoney,qfq
2017-04-25,511010,国债ETF国泰,107.359,107.392,107.467,106.924,16473.0,181184911.0,0.51,0.03,0.034,4.67,eastmoney,qfq
2017-04-26,511010,国债ETF国泰,107.335,107.407,107.538,107.335,20904.0,230225802.0,0.19,0.01,0.015,5.92,eastmoney,qfq
2017-04-27,511010,国债ETF国泰,107.389,107.271,107.459,107.174,18400.0,202451154.0,0.27,-0.13,-0.136,5.21,eastmoney,qfq
2017-04-28,511010,国债ETF国泰,107.33,107.313,107.424,107.285,17873.0,196695893.0,0.13,0.04,0.042,5.07,eastmoney,qfq
2017-05-02,511010,国债ETF国泰,107.372,107.374,107.537,107.315,65972.0,726505120.0,0.21,0.06,0.061,18.7,eastmoney,qfq
2017-05-03,511010,国债ETF国泰,107.374,107.233,107.374,107.224,76713.0,843556512.0,0.14,-0.13,-0.141,21.74,eastmoney,qfq
2017-05-04,511010,国债ETF国泰,107.234,106.912,107.234,106.849,73450.0,806526656.0,0.36,-0.3,-0.321,20.82,eastmoney,qfq
2017-05-05,511010,国债ETF国泰,106.854,106.797,106.902,106.724,80639.0,883018144.0,0.17,-0.11,-0.115,22.85,eastmoney,qfq
2017-05-08,511010,国债ETF国泰,106.78,106.524,106.824,106.484,66156.0,723283840.0,0.32,-0.26,-0.273,18.75,eastmoney,qfq
2017-05-09,511010,国债ETF国泰,106.62,106.554,106.624,106.479,74351.0,812132256.0,0.14,0.03,0.03,21.07,eastmoney,qfq
2017-05-10,511010,国债ETF国泰,106.564,106.146,106.564,106.037,58933.0,642261376.0,0.49,-0.38,-0.408,16.7,eastmoney,qfq
2017-05-11,511010,国债ETF国泰,106.106,106.268,106.32,106.061,67952.0,739451520.0,0.24,0.11,0.122,19.26,eastmoney,qfq
2017-05-12,511010,国债ETF国泰,106.178,106.224,106.449,106.018,59283.0,645971424.0,0.41,-0.04,-0.044,16.8,eastmoney,qfq
2017-05-15,511010,国债ETF国泰,106.269,106.357,106.454,106.224,68002.0,741139952.0,0.22,0.13,0.133,19.27,eastmoney,qfq
2017-05-16,511010,国债ETF国泰,106.162,106.205,106.424,106.124,70421.0,766729664.0,0.28,-0.14,-0.152,19.96,eastmoney,qfq
2017-05-17,511010,国债ETF国泰,106.185,106.129,106.322,106.044,54960.0,598191152.0,0.26,-0.07,-0.076,15.58,eastmoney,qfq
2017-05-18,511010,国债ETF国泰,106.045,106.313,106.354,106.045,74279.0,808917520.0,0.29,0.17,0.184,21.05,eastmoney,qfq
2017-05-19,511010,国债ETF国泰,106.304,105.962,106.315,105.824,76591.0,833482000.0,0.46,-0.33,-0.351,21.71,eastmoney,qfq
2017-05-22,511010,国债ETF国泰,106.09,105.86,106.09,105.835,77946.0,846365968.0,0.24,-0.1,-0.102,22.09,eastmoney,qfq
2017-05-23,511010,国债ETF国泰,105.92,105.834,106.018,105.793,79650.0,864804432.0,0.21,-0.02,-0.026,22.57,eastmoney,qfq
2017-05-24,511010,国债ETF国泰,105.806,106.033,106.17,105.806,80736.0,876986064.0,0.34,0.19,0.199,22.88,eastmoney,qfq
2017-05-25,511010,国债ETF国泰,106.033,106.524,106.623,106.033,86672.0,945309424.0,0.56,0.46,0.491,24.56,eastmoney,qfq
2017-05-26,511010,国债ETF国泰,106.405,106.373,106.632,106.335,36074.0,393831472.0,0.28,-0.14,-0.151,10.22,eastmoney,qfq
2017-05-31,511010,国债ETF国泰,106.375,106.558,106.625,106.375,76162.0,831339248.0,0.24,0.17,0.185,21.58,eastmoney,qfq
2017-06-01,511010,国债ETF国泰,106.518,106.837,106.933,106.518,94995.0,1039154144.0,0.39,0.26,0.279,26.92,eastmoney,qfq
2017-06-02,511010,国债ETF国泰,106.745,107.053,107.173,106.745,96224.0,1056186496.0,0.4,0.2,0.216,27.27,eastmoney,qfq
2017-06-05,511010,国债ETF国泰,107.056,107.146,107.335,107.025,70398.0,773724896.0,0.29,0.09,0.093,19.95,eastmoney,qfq
2017-06-06,511010,国债ETF国泰,107.158,107.054,107.412,106.909,69513.0,763847360.0,0.47,-0.09,-0.092,19.7,eastmoney,qfq
2017-06-07,511010,国债ETF国泰,107.049,106.97,107.244,106.839,73789.0,808883376.0,0.38,-0.08,-0.084,20.91,eastmoney,qfq
2017-06-08,511010,国债ETF国泰,106.985,106.881,107.091,106.829,86305.0,946346112.0,0.24,-0.08,-0.089,24.46,eastmoney,qfq
2017-06-09,511010,国债ETF国泰,106.881,107.014,107.142,106.743,53669.0,588337472.0,0.37,0.12,0.133,15.21,eastmoney,qfq
2017-06-12,511010,国债ETF国泰,106.955,107.177,107.41,106.946,80150.0,880725968.0,0.43,0.15,0.163,22.71,eastmoney,qfq
2017-06-13,511010,国债ETF国泰,107.239,107.219,107.422,107.174,84222.0,926359168.0,0.23,0.04,0.042,23.87,eastmoney,qfq
2017-06-14,511010,国债ETF国泰,107.223,107.327,107.379,107.222,108793.0,1196933456.0,0.15,0.1,0.108,30.83,eastmoney,qfq
2017-06-15,511010,国债ETF国泰,107.345,107.432,107.584,107.337,115707.0,1274219600.0,0.23,0.1,0.105,32.79,eastmoney,qfq
2017-06-16,511010,国债ETF国泰,107.425,107.285,107.734,107.191,84910.0,933927328.0,0.51,-0.14,-0.147,24.06,eastmoney,qfq
2017-06-19,511010,国债ETF国泰,107.266,107.441,107.553,107.235,137648.0,1516097488.0,0.3,0.15,0.156,39.01,eastmoney,qfq
2017-06-20,511010,国债ETF国泰,107.477,107.502,107.735,107.399,163726.0,1805239360.0,0.31,0.06,0.061,46.4,eastmoney,qfq
2017-06-21,511010,国债ETF国泰,107.602,107.32,107.602,107.32,130459.0,1436674512.0,0.26,-0.17,-0.182,36.97,eastmoney,qfq
2017-06-22,511010,国债ETF国泰,107.323,107.143,107.373,106.684,117950.0,1295769600.0,0.64,-0.16,-0.177,33.43,eastmoney,qfq
2017-06-23,511010,国债ETF国泰,107.318,107.141,107.321,107.074,145463.0,1598594240.0,0.23,0.0,-0.002,41.22,eastmoney,qfq
2017-06-26,511010,国债ETF国泰,107.112,107.22,107.404,107.044,116061.0,1274871488.0,0.34,0.07,0.079,32.89,eastmoney,qfq
2017-06-27,511010,国债ETF国泰,107.23,107.412,107.581,107.23,138625.0,1526299472.0,0.33,0.18,0.192,39.29,eastmoney,qfq
2017-06-28,511010,国债ETF国泰,107.392,107.365,107.573,107.363,159499.0,1756966672.0,0.2,-0.04,-0.047,45.2,eastmoney,qfq
2017-06-29,511010,国债ETF国泰,107.395,107.236,107.523,107.234,112254.0,1235183072.0,0.27,-0.12,-0.129,31.81,eastmoney,qfq
2017-06-30,511010,国债ETF国泰,107.184,107.052,107.307,107.034,92026.0,1011280992.0,0.25,-0.17,-0.184,26.08,eastmoney,qfq
2017-07-03,511010,国债ETF国泰,107.153,107.143,107.222,107.08,99762.0,1095636720.0,0.13,0.09,0.091,28.27,eastmoney,qfq
2017-07-04,511010,国债ETF国泰,107.145,107.212,107.232,107.033,80441.0,882914528.0,0.19,0.06,0.069,22.8,eastmoney,qfq
2017-07-05,511010,国债ETF国泰,107.175,107.127,107.199,107.047,72939.0,800882720.0,0.14,-0.08,-0.085,20.67,eastmoney,qfq
2017-07-06,511010,国债ETF国泰,106.974,107.316,107.423,106.957,94485.0,1037810752.0,0.43,0.18,0.189,26.78,eastmoney,qfq
2017-07-07,511010,国债ETF国泰,107.274,107.303,107.411,107.225,79787.0,877160208.0,0.17,-0.01,-0.013,22.61,eastmoney,qfq
2017-07-10,511010,国债ETF国泰,107.325,107.181,107.352,107.154,56466.0,620658640.0,0.18,-0.11,-0.122,16.0,eastmoney,qfq
2017-07-11,511010,国债ETF国泰,107.151,107.234,107.286,107.151,58552.0,643530592.0,0.13,0.05,0.053,16.59,eastmoney,qfq
2017-07-12,511010,国债ETF国泰,107.2,107.23,107.355,107.2,87871.0,965978944.0,0.14,0.0,-0.004,24.9,eastmoney,qfq
2017-07-13,511010,国债ETF国泰,107.21,107.141,107.31,107.126,101599.0,1117000768.0,0.17,-0.08,-0.089,28.79,eastmoney,qfq
2017-07-14,511010,国债ETF国泰,107.175,107.112,107.261,107.096,60786.0,667654864.0,0.15,-0.03,-0.029,17.23,eastmoney,qfq
2017-07-17,511010,国债ETF国泰,107.202,107.162,107.274,107.098,66907.0,735198864.0,0.16,0.05,0.05,18.96,eastmoney,qfq
2017-07-18,511010,国债ETF国泰,107.162,106.881,107.166,106.825,76041.0,833589984.0,0.32,-0.26,-0.281,21.55,eastmoney,qfq
2017-07-19,511010,国债ETF国泰,106.923,106.956,107.077,106.878,102728.0,1126549104.0,0.19,0.07,0.075,29.11,eastmoney,qfq
2017-07-20,511010,国债ETF国泰,106.949,107.032,107.156,106.949,111926.0,1228427920.0,0.19,0.07,0.076,31.72,eastmoney,qfq
2017-07-21,511010,国债ETF国泰,107.032,107.068,107.158,107.032,112272.0,1232121280.0,0.12,0.03,0.036,31.82,eastmoney,qfq
2017-07-24,511010,国债ETF国泰,107.045,107.011,107.138,106.944,97034.0,1064727856.0,0.18,-0.05,-0.057,27.5,eastmoney,qfq
2017-07-25,511010,国债ETF国泰,107.029,106.964,107.074,106.909,91923.0,1008223888.0,0.15,-0.04,-0.047,26.05,eastmoney,qfq
2017-07-26,511010,国债ETF国泰,106.975,106.968,107.002,106.935,98009.0,1074661472.0,0.06,0.0,0.004,27.78,eastmoney,qfq
2017-07-27,511010,国债ETF国泰,106.885,106.996,107.074,106.885,158984.0,1743201120.0,0.18,0.03,0.028,45.06,eastmoney,qfq
2017-07-28,511010,国债ETF国泰,106.994,107.0,107.074,106.976,88996.0,976319760.0,0.09,0.0,0.004,25.22,eastmoney,qfq
2017-07-31,511010,国债ETF国泰,107.005,107.004,107.081,106.994,101965.0,1118875008.0,0.08,0.0,0.004,28.9,eastmoney,qfq
2017-08-01,511010,国债ETF国泰,106.994,107.088,107.116,106.994,83845.0,920077840.0,0.11,0.08,0.084,23.76,eastmoney,qfq
2017-08-02,511010,国债ETF国泰,107.09,107.093,107.111,107.051,103253.0,1133286704.0,0.06,0.0,0.005,29.26,eastmoney,qfq
2017-08-03,511010,国债ETF国泰,107.094,107.094,107.126,107.035,110673.0,1214809728.0,0.08,0.0,0.001,31.36,eastmoney,qfq
2017-08-04,511010,国债ETF国泰,107.099,107.217,107.224,107.078,83598.0,917723360.0,0.14,0.11,0.123,23.69,eastmoney,qfq
2017-08-07,511010,国债ETF国泰,107.206,107.193,107.419,106.724,41593.0,457289536.0,0.65,-0.02,-0.024,11.79,eastmoney,qfq
2017-08-08,511010,国债ETF国泰,107.165,107.084,107.28,106.925,49649.0,545408832.0,0.33,-0.1,-0.109,14.07,eastmoney,qfq
2017-08-09,511010,国债ETF国泰,107.129,107.088,107.163,107.026,61497.0,675100768.0,0.13,0.0,0.004,17.43,eastmoney,qfq
2017-08-10,511010,国债ETF国泰,107.094,107.1,107.13,107.063,72445.0,795234448.0,0.06,0.01,0.012,20.53,eastmoney,qfq
2017-08-11,511010,国债ETF国泰,107.103,107.189,107.194,107.038,73430.0,806350224.0,0.15,0.08,0.089,20.81,eastmoney,qfq
2017-08-14,511010,国债ETF国泰,107.201,107.238,107.26,107.163,64589.0,709870720.0,0.09,0.05,0.049,18.3,eastmoney,qfq
2017-08-15,511010,国债ETF国泰,107.262,107.423,107.463,107.239,59310.0,652362384.0,0.21,0.17,0.185,16.81,eastmoney,qfq
2017-08-16,511010,国债ETF国泰,107.425,107.165,107.462,107.162,42656.0,469585824.0,0.28,-0.24,-0.258,12.09,eastmoney,qfq
2017-08-17,511010,国债ETF国泰,107.244,107.268,107.324,107.174,68852.0,756799072.0,0.14,0.1,0.103,19.51,eastmoney,qfq
2017-08-18,511010,国债ETF国泰,107.296,107.287,107.318,107.225,71383.0,784947840.0,0.09,0.02,0.019,20.23,eastmoney,qfq
2017-08-21,511010,国债ETF国泰,107.249,107.248,107.309,107.202,60846.0,668809360.0,0.1,-0.04,-0.039,17.24,eastmoney,qfq
2017-08-22,511010,国债ETF国泰,107.236,107.251,107.269,107.212,79376.0,872537104.0,0.05,0.0,0.003,22.49,eastmoney,qfq
2017-08-23,511010,国债ETF国泰,107.251,107.324,107.386,107.251,65179.0,716925520.0,0.13,0.07,0.073,18.47,eastmoney,qfq
2017-08-24,511010,国债ETF国泰,107.31,107.317,107.418,107.289,74518.0,819936240.0,0.12,-0.01,-0.007,21.12,eastmoney,qfq
2017-08-25,511010,国债ETF国泰,107.29,107.342,107.345,107.277,67297.0,740264592.0,0.06,0.02,0.025,19.07,eastmoney,qfq
2017-08-28,511010,国债ETF国泰,107.342,107.31,107.355,107.284,27447.0,301943392.0,0.07,-0.03,-0.032,7.78,eastmoney,qfq
2017-08-29,511010,国债ETF国泰,107.315,107.287,107.323,107.234,63492.0,698218928.0,0.08,-0.02,-0.023,17.99,eastmoney,qfq
2017-08-30,511010,国债ETF国泰,107.286,107.26,107.31,107.214,69096.0,759753696.0,0.09,-0.03,-0.027,19.58,eastmoney,qfq
2017-08-31,511010,国债ETF国泰,107.269,107.215,107.27,107.205,66157.0,727212112.0,0.06,-0.04,-0.045,18.75,eastmoney,qfq
2017-09-01,511010,国债ETF国泰,107.222,107.275,107.293,107.214,21475.0,236096362.0,0.07,0.06,0.06,6.09,eastmoney,qfq
2017-09-04,511010,国债ETF国泰,107.255,107.318,107.358,107.25,57553.0,632904128.0,0.1,0.04,0.043,16.31,eastmoney,qfq
2017-09-05,511010,国债ETF国泰,107.312,107.247,107.312,107.224,53323.0,586264960.0,0.08,-0.07,-0.071,15.11,eastmoney,qfq
2017-09-06,511010,国债ETF国泰,107.258,107.318,107.357,107.192,52797.0,580384048.0,0.15,0.07,0.071,14.96,eastmoney,qfq
2017-09-07,511010,国债ETF国泰,107.369,107.367,107.369,107.313,60926.0,670332672.0,0.05,0.05,0.049,17.27,eastmoney,qfq
2017-09-08,511010,国债ETF国泰,107.369,107.475,107.574,107.362,44473.0,489803456.0,0.2,0.1,0.108,12.6,eastmoney,qfq
2017-09-11,511010,国债ETF国泰,107.501,107.492,107.574,107.474,72527.0,799122752.0,0.09,0.02,0.017,20.55,eastmoney,qfq
2017-09-12,511010,国债ETF国泰,107.488,107.468,107.605,107.329,47758.0,525920336.0,0.26,-0.02,-0.024,13.53,eastmoney,qfq
2017-09-13,511010,国债ETF国泰,107.462,107.368,107.483,107.337,65332.0,718976592.0,0.14,-0.09,-0.1,18.51,eastmoney,qfq
2017-09-14,511010,国债ETF国泰,107.406,107.436,107.457,107.352,44774.0,492899968.0,0.1,0.06,0.068,12.69,eastmoney,qfq
2017-09-15,511010,国债ETF国泰,107.445,107.414,107.483,107.372,38360.0,422326384.0,0.1,-0.02,-0.022,10.87,eastmoney,qfq
2017-09-18,511010,国债ETF国泰,107.404,107.338,107.435,107.286,14692.0,161668820.0,0.14,-0.07,-0.076,4.16,eastmoney,qfq
2017-09-19,511010,国债ETF国泰,107.371,107.345,107.371,107.082,27062.0,297736944.0,0.27,0.01,0.007,7.67,eastmoney,qfq
2017-09-20,511010,国债ETF国泰,107.345,107.218,107.366,107.195,17671.0,194335738.0,0.16,-0.12,-0.127,5.01,eastmoney,qfq
2017-09-21,511010,国债ETF国泰,107.223,107.18,107.252,107.152,24856.0,273119488.0,0.09,-0.04,-0.038,7.04,eastmoney,qfq
2017-09-22,511010,国债ETF国泰,107.194,107.212,107.234,107.136,13686.0,150379567.0,0.09,0.03,0.032,3.88,eastmoney,qfq
2017-09-25,511010,国债ETF国泰,107.224,107.268,107.274,107.199,6779.0,74515441.0,0.07,0.05,0.056,1.92,eastmoney,qfq
2017-09-26,511010,国债ETF国泰,107.268,107.289,107.295,107.197,3849.0,42309857.0,0.09,0.02,0.021,1.09,eastmoney,qfq
2017-09-27,511010,国债ETF国泰,107.289,107.209,107.289,107.16,4076.0,44793502.0,0.12,-0.07,-0.08,1.16,eastmoney,qfq
2017-09-28,511010,国债ETF国泰,107.214,107.232,107.308,107.214,3842.0,42239147.0,0.09,0.02,0.023,1.09,eastmoney,qfq
2017-09-29,511010,国债ETF国泰,107.239,107.194,107.308,107.184,1388.0,15263550.0,0.12,-0.04,-0.038,0.39,eastmoney,qfq
2017-10-09,511010,国债ETF国泰,107.222,107.174,107.222,107.144,1779.0,19542924.0,0.07,-0.02,-0.02,0.5,eastmoney,qfq
2017-10-10,511010,国债ETF国泰,107.174,107.204,107.274,107.169,2850.0,31323412.0,0.1,0.03,0.03,0.81,eastmoney,qfq
2017-10-11,511010,国债ETF国泰,107.215,107.217,107.304,107.194,4336.0,47660290.0,0.1,0.01,0.013,1.23,eastmoney,qfq
2017-10-12,511010,国债ETF国泰,107.234,107.189,107.273,107.176,3847.0,42275076.0,0.09,-0.03,-0.028,1.09,eastmoney,qfq
2017-10-13,511010,国债ETF国泰,107.189,107.181,107.216,107.174,2397.0,26336712.0,0.04,-0.01,-0.008,0.68,eastmoney,qfq
2017-10-16,511010,国债ETF国泰,107.155,107.107,107.174,107.085,1531.0,16811989.0,0.08,-0.07,-0.074,0.43,eastmoney,qfq
2017-10-17,511010,国债ETF国泰,107.112,107.099,107.139,107.085,885.0,9718364.0,0.05,-0.01,-0.008,0.25,eastmoney,qfq
2017-10-18,511010,国债ETF国泰,107.095,106.94,107.095,106.93,567.0,6219019.0,0.15,-0.15,-0.159,0.16,eastmoney,qfq
2017-10-19,511010,国债ETF国泰,107.004,107.024,107.074,106.932,949.0,10410801.0,0.13,0.08,0.084,0.27,eastmoney,qfq
2017-10-20,511010,国债ETF国泰,107.029,107.039,107.085,106.977,219.0,2408301.0,0.1,0.01,0.015,0.06,eastmoney,qfq
2017-10-23,511010,国债ETF国泰,107.039,106.984,107.039,106.932,275.0,3014786.0,0.1,-0.05,-0.055,0.08,eastmoney,qfq
2017-10-24,511010,国债ETF国泰,106.99,106.977,107.019,106.946,243.0,2668717.0,0.07,-0.01,-0.007,0.07,eastmoney,qfq
2017-10-25,511010,国债ETF国泰,106.984,106.939,106.989,106.934,25469.0,279234928.0,0.05,-0.04,-0.038,7.22,eastmoney,qfq
2017-10-26,511010,国债ETF国泰,106.931,106.833,106.931,106.626,38676.0,423107472.0,0.29,-0.1,-0.106,10.96,eastmoney,qfq
2017-10-27,511010,国债ETF国泰,106.691,106.675,106.918,106.635,10790.0,118115518.0,0.26,-0.15,-0.158,3.06,eastmoney,qfq
2017-10-30,511010,国债ETF国泰,106.626,106.457,106.702,106.407,47014.0,513428080.0,0.28,-0.2,-0.218,13.32,eastmoney,qfq
2017-10-31,511010,国债ETF国泰,106.55,106.598,106.712,106.482,47034.0,514119168.0,0.22,0.13,0.141,13.33,eastmoney,qfq
2017-11-01,511010,国债ETF国泰,106.684,106.581,106.684,106.579,28865.0,315432720.0,0.1,-0.02,-0.017,8.18,eastmoney,qfq
2017-11-02,511010,国债ETF国泰,106.847,106.538,106.847,106.526,8271.0,90333876.0,0.3,-0.04,-0.043,2.34,eastmoney,qfq
2017-11-03,511010,国债ETF国泰,106.564,106.327,106.564,105.967,35765.0,390466544.0,0.56,-0.2,-0.211,10.14,eastmoney,qfq
2017-11-06,511010,国债ETF国泰,106.334,106.423,106.469,106.126,2664.0,29063835.0,0.32,0.09,0.096,0.75,eastmoney,qfq
2017-11-07,511010,国债ETF国泰,106.423,106.528,106.552,106.254,3648.0,39832484.0,0.28,0.1,0.105,1.03,eastmoney,qfq
2017-11-08,511010,国债ETF国泰,106.558,106.69,106.854,106.444,4231.0,46260043.0,0.38,0.15,0.162,1.2,eastmoney,qfq
2017-11-09,511010,国债ETF国泰,106.724,106.676,106.774,106.644,4129.0,45160410.0,0.12,-0.01,-0.014,1.17,eastmoney,qfq
2017-11-10,511010,国债ETF国泰,106.773,106.844,107.274,106.676,4407.0,48293054.0,0.56,0.16,0.168,1.25,eastmoney,qfq
2017-11-13,511010,国债ETF国泰,106.824,106.531,106.924,106.525,7698.0,84194745.0,0.37,-0.29,-0.313,2.18,eastmoney,qfq
2017-11-14,511010,国债ETF国泰,106.531,106.402,107.274,106.213,14076.0,153560068.0,1.0,-0.12,-0.129,3.99,eastmoney,qfq
2017-11-15,511010,国债ETF国泰,106.429,106.453,106.504,106.324,17622.0,192250351.0,0.17,0.05,0.051,4.99,eastmoney,qfq
2017-11-16,511010,国债ETF国泰,106.504,106.575,106.639,106.484,17969.0,196258168.0,0.15,0.11,0.122,5.09,eastmoney,qfq
2017-11-17,511010,国债ETF国泰,106.575,106.612,106.688,106.34,17647.0,192808750.0,0.33,0.03,0.037,5.0,eastmoney,qfq
2017-11-20,511010,国债ETF国泰,106.612,106.515,106.693,106.381,16429.0,179314037.0,0.29,-0.09,-0.097,4.66,eastmoney,qfq
2017-11-21,511010,国债ETF国泰,106.621,106.468,106.778,106.403,14894.0,162573319.0,0.35,-0.04,-0.047,4.22,eastmoney,qfq
2017-11-22,511010,国债ETF国泰,106.424,106.268,106.464,106.237,14557.0,158792018.0,0.21,-0.19,-0.2,4.13,eastmoney,qfq
2017-11-23,511010,国债ETF国泰,106.075,106.158,106.289,106.075,8836.0,96210737.0,0.2,-0.1,-0.11,2.5,eastmoney,qfq
2017-11-24,511010,国债ETF国泰,106.158,106.243,106.323,106.134,11811.0,128673392.0,0.18,0.08,0.085,3.35,eastmoney,qfq
2017-11-27,511010,国债ETF国泰,106.16,106.374,106.463,106.16,6281.0,68465970.0,0.29,0.12,0.131,1.78,eastmoney,qfq
2017-11-28,511010,国债ETF国泰,106.323,106.442,106.619,106.229,17143.0,187028075.0,0.37,0.06,0.068,4.86,eastmoney,qfq
2017-11-29,511010,国债ETF国泰,106.442,106.565,106.622,106.387,19613.0,214096244.0,0.22,0.12,0.123,5.56,eastmoney,qfq
2017-11-30,511010,国债ETF国泰,106.512,106.519,106.774,106.474,21847.0,238891372.0,0.28,-0.04,-0.046,6.19,eastmoney,qfq
2017-12-01,511010,国债ETF国泰,106.618,106.649,106.776,106.424,24748.0,270608080.0,0.33,0.12,0.13,7.01,eastmoney,qfq
2017-12-04,511010,国债ETF国泰,106.754,106.797,106.923,106.64,30409.0,332768032.0,0.27,0.14,0.148,8.62,eastmoney,qfq
2017-12-05,511010,国债ETF国泰,106.754,106.934,107.074,106.754,26725.0,292948544.0,0.3,0.13,0.137,7.57,eastmoney,qfq
2017-12-06,511010,国债ETF国泰,107.072,106.21,107.201,99.329,25036.0,274452336.0,7.36,-0.68,-0.724,7.1,eastmoney,qfq
2017-12-07,511010,国债ETF国泰,106.854,106.776,106.854,106.724,45509.0,498151360.0,0.12,0.53,0.566,12.9,eastmoney,qfq
2017-12-08,511010,国债ETF国泰,106.727,106.695,106.914,106.524,22627.0,247678889.0,0.37,-0.08,-0.081,6.41,eastmoney,qfq
2017-12-11,511010,国债ETF国泰,106.422,106.676,106.81,106.422,39577.0,432865536.0,0.36,-0.02,-0.019,11.22,eastmoney,qfq
2017-12-12,511010,国债ETF国泰,106.724,106.624,106.83,106.554,21808.0,238533006.0,0.26,-0.05,-0.052,6.18,eastmoney,qfq
2017-12-13,511010,国债ETF国泰,106.446,106.635,106.803,106.446,27809.0,304126480.0,0.33,0.01,0.011,7.88,eastmoney,qfq
2017-12-14,511010,国债ETF国泰,106.769,106.667,106.773,106.649,13400.0,146596213.0,0.12,0.03,0.032,3.8,eastmoney,qfq
2017-12-15,511010,国债ETF国泰,106.546,106.693,106.974,106.546,30661.0,335441136.0,0.4,0.02,0.026,8.69,eastmoney,qfq
2017-12-18,511010,国债ETF国泰,106.734,106.761,106.994,106.724,18601.0,203674685.0,0.25,0.06,0.068,5.27,eastmoney,qfq
2017-12-19,511010,国债ETF国泰,106.844,106.85,107.001,106.789,25424.0,278516464.0,0.2,0.08,0.089,7.21,eastmoney,qfq
2017-12-20,511010,国债ETF国泰,106.919,106.844,106.944,106.788,19409.0,212616833.0,0.15,-0.01,-0.006,5.5,eastmoney,qfq
2017-12-21,511010,国债ETF国泰,106.912,106.826,106.93,106.732,20218.0,221396875.0,0.19,-0.02,-0.018,5.73,eastmoney,qfq
2017-12-22,511010,国债ETF国泰,106.66,106.868,106.93,106.66,18595.0,203679904.0,0.25,0.04,0.042,5.27,eastmoney,qfq
2017-12-25,511010,国债ETF国泰,106.868,106.896,106.989,106.83,17604.0,192934034.0,0.15,0.03,0.028,4.99,eastmoney,qfq
2017-12-26,511010,国债ETF国泰,106.862,106.915,107.119,106.862,25431.0,278924896.0,0.24,0.02,0.019,7.21,eastmoney,qfq
2017-12-27,511010,国债ETF国泰,106.875,106.929,107.034,106.834,25709.0,281934544.0,0.19,0.01,0.014,7.29,eastmoney,qfq
2017-12-28,511010,国债ETF国泰,107.023,106.522,107.023,106.39,4544.0,49780288.0,0.59,-0.38,-0.407,1.29,eastmoney,qfq
2017-12-29,511010,国债ETF国泰,106.812,106.71,106.812,106.479,1789.0,19551455.0,0.31,0.18,0.188,0.51,eastmoney,qfq
2018-01-02,511010,国债ETF国泰,106.93,106.844,106.93,106.773,2481.0,27171778.0,0.15,0.13,0.134,0.7,eastmoney,qfq
2018-01-03,511010,国债ETF国泰,106.844,106.888,106.985,106.78,1733.0,18992881.0,0.19,0.04,0.044,0.49,eastmoney,qfq
2018-01-04,511010,国债ETF国泰,106.854,106.908,106.911,106.845,4769.0,52250984.0,0.06,0.02,0.02,1.35,eastmoney,qfq
2018-01-05,511010,国债ETF国泰,106.91,106.917,106.925,106.874,908.0,9950634.0,0.05,0.01,0.009,0.26,eastmoney,qfq
2018-01-08,511010,国债ETF国泰,106.917,106.98,107.003,106.914,830.0,9099840.0,0.08,0.06,0.063,0.24,eastmoney,qfq
2018-01-09,511010,国债ETF国泰,106.981,107.001,107.007,106.98,1565.0,17167393.0,0.03,0.02,0.021,0.44,eastmoney,qfq
2018-01-10,511010,国债ETF国泰,107.062,106.993,107.064,106.967,6710.0,73607476.0,0.09,-0.01,-0.008,1.9,eastmoney,qfq
2018-01-11,511010,国债ETF国泰,106.993,106.895,106.993,106.865,466.0,5106842.0,0.12,-0.09,-0.098,0.13,eastmoney,qfq
2018-01-12,511010,国债ETF国泰,106.954,106.991,107.025,106.874,1754.0,19222844.0,0.14,0.09,0.096,0.5,eastmoney,qfq
2018-01-15,511010,国债ETF国泰,106.93,106.866,106.944,106.864,1156.0,12668549.0,0.07,-0.12,-0.125,0.33,eastmoney,qfq
2018-01-16,511010,国债ETF国泰,106.883,106.869,107.005,106.856,1677.0,18386635.0,0.14,0.0,0.003,0.48,eastmoney,qfq
2018-01-17,511010,国债ETF国泰,106.869,106.855,106.921,106.724,822.0,9002152.0,0.18,-0.01,-0.014,0.23,eastmoney,qfq
2018-01-18,511010,国债ETF国泰,106.903,106.738,106.903,106.735,772.0,8454803.0,0.16,-0.11,-0.117,0.22,eastmoney,qfq
2018-01-19,511010,国债ETF国泰,106.778,106.881,106.894,106.735,1358.0,14864358.0,0.15,0.13,0.143,0.38,eastmoney,qfq
2018-01-22,511010,国债ETF国泰,106.78,106.969,107.69,106.78,1685.0,18482306.0,0.85,0.08,0.088,0.48,eastmoney,qfq
2018-01-23,511010,国债ETF国泰,106.894,107.01,107.044,106.869,2207.0,24209755.0,0.16,0.04,0.041,0.63,eastmoney,qfq
2018-01-24,511010,国债ETF国泰,107.011,107.139,107.481,106.933,1705.0,18722319.0,0.51,0.12,0.129,0.48,eastmoney,qfq
2018-01-25,511010,国债ETF国泰,107.115,107.232,107.31,107.055,2028.0,22275931.0,0.24,0.09,0.093,0.57,eastmoney,qfq
2018-01-26,511010,国债ETF国泰,107.221,107.261,107.384,107.221,1739.0,19125931.0,0.15,0.03,0.029,0.49,eastmoney,qfq
2018-01-29,511010,国债ETF国泰,107.259,107.316,107.387,107.259,1250.0,13752694.0,0.12,0.05,0.055,0.35,eastmoney,qfq
2018-01-30,511010,国债ETF国泰,107.316,107.31,107.352,107.257,738.0,8116942.0,0.09,-0.01,-0.006,0.21,eastmoney,qfq
2018-01-31,511010,国债ETF国泰,107.31,107.169,107.31,107.023,2080.0,22845401.0,0.27,-0.13,-0.141,0.59,eastmoney,qfq
2018-02-01,511010,国债ETF国泰,107.061,107.192,107.209,107.061,282.0,3097595.0,0.14,0.02,0.023,0.08,eastmoney,qfq
2018-02-02,511010,国债ETF国泰,107.087,107.244,107.244,107.087,4942.0,54308134.0,0.15,0.05,0.052,1.4,eastmoney,qfq
2018-02-05,511010,国债ETF国泰,107.31,107.32,107.327,107.255,3683.0,40509383.0,0.07,0.07,0.076,1.04,eastmoney,qfq
2018-02-06,511010,国债ETF国泰,107.386,107.306,107.538,107.3,4565.0,50213389.0,0.22,-0.01,-0.014,1.29,eastmoney,qfq
2018-02-07,511010,国债ETF国泰,107.245,107.371,107.386,107.243,6801.0,74809131.0,0.13,0.06,0.065,1.93,eastmoney,qfq
2018-02-08,511010,国债ETF国泰,107.371,107.363,107.417,107.319,8777.0,96597212.0,0.09,-0.01,-0.008,2.49,eastmoney,qfq
2018-02-09,511010,国债ETF国泰,107.367,107.713,107.918,107.365,2721.0,30007125.0,0.52,0.33,0.35,0.77,eastmoney,qfq
2018-02-12,511010,国债ETF国泰,107.698,107.838,107.839,107.614,2498.0,27591246.0,0.21,0.12,0.125,0.71,eastmoney,qfq
2018-02-13,511010,国债ETF国泰,107.705,107.836,107.844,107.696,4771.0,52723581.0,0.14,0.0,-0.002,1.35,eastmoney,qfq
2018-02-14,511010,国债ETF国泰,107.837,107.844,107.845,107.694,3517.0,38865041.0,0.14,0.01,0.008,1.0,eastmoney,qfq
2018-02-22,511010,国债ETF国泰,107.768,107.693,107.911,107.684,4093.0,45210486.0,0.21,-0.14,-0.151,1.16,eastmoney,qfq
2018-02-23,511010,国债ETF国泰,107.614,107.652,107.752,107.614,5301.0,58512117.0,0.13,-0.04,-0.041,1.5,eastmoney,qfq
2018-02-26,511010,国债ETF国泰,107.615,107.697,107.744,107.615,13750.0,151770692.0,0.12,0.04,0.045,3.9,eastmoney,qfq
2018-02-27,511010,国债ETF国泰,107.713,107.818,107.916,107.713,12563.0,138731833.0,0.19,0.11,0.121,3.56,eastmoney,qfq
2018-02-28,511010,国债ETF国泰,107.819,107.97,107.998,107.812,12669.0,140091204.0,0.17,0.14,0.152,3.59,eastmoney,qfq
2018-03-01,511010,国债ETF国泰,108.04,108.224,108.321,107.974,14666.0,162620778.0,0.32,0.24,0.254,4.16,eastmoney,qfq
2018-03-02,511010,国债ETF国泰,108.224,108.3,108.33,108.222,17231.0,191237095.0,0.1,0.07,0.076,4.88,eastmoney,qfq
2018-03-05,511010,国债ETF国泰,108.319,108.319,108.499,108.263,19170.0,212778024.0,0.22,0.02,0.019,5.43,eastmoney,qfq
2018-03-06,511010,国债ETF国泰,108.314,108.323,108.371,108.225,11922.0,132344052.0,0.13,0.0,0.004,3.38,eastmoney,qfq
2018-03-07,511010,国债ETF国泰,108.222,108.261,108.321,108.148,6382.0,70815064.0,0.16,-0.06,-0.062,1.81,eastmoney,qfq
2018-03-08,511010,国债ETF国泰,108.381,108.294,108.381,108.228,18307.0,203227544.0,0.14,0.03,0.033,5.19,eastmoney,qfq
2018-03-09,511010,国债ETF国泰,108.305,108.185,108.374,108.179,10641.0,118109135.0,0.18,-0.1,-0.109,3.02,eastmoney,qfq
2018-03-12,511010,国债ETF国泰,108.197,108.167,108.393,108.167,17867.0,198165313.0,0.21,-0.02,-0.018,5.06,eastmoney,qfq
2018-03-13,511010,国债ETF国泰,108.178,108.137,108.194,108.13,28907.0,320389840.0,0.06,-0.03,-0.03,8.19,eastmoney,qfq
2018-03-14,511010,国债ETF国泰,108.147,108.088,108.221,108.087,28136.0,311880368.0,0.12,-0.05,-0.049,7.97,eastmoney,qfq
2018-03-15,511010,国债ETF国泰,108.119,108.103,108.14,108.041,7475.0,82814849.0,0.09,0.01,0.015,2.12,eastmoney,qfq
2018-03-16,511010,国债ETF国泰,108.132,108.139,108.173,108.087,15677.0,173712029.0,0.08,0.03,0.036,4.44,eastmoney,qfq
2018-03-19,511010,国债ETF国泰,108.184,108.176,108.404,108.142,9281.0,102885600.0,0.24,0.03,0.037,2.63,eastmoney,qfq
2018-03-20,511010,国债ETF国泰,108.147,108.153,108.217,108.144,38944.0,431635248.0,0.07,-0.02,-0.023,11.04,eastmoney,qfq
2018-03-21,511010,国债ETF国泰,108.154,108.155,108.173,108.153,47778.0,529566656.0,0.02,0.0,0.002,13.54,eastmoney,qfq
2018-03-22,511010,国债ETF国泰,108.157,108.156,108.167,108.152,54212.0,600850848.0,0.01,0.0,0.001,15.36,eastmoney,qfq
2018-03-23,511010,国债ETF国泰,108.159,108.374,108.419,108.155,12485.0,138473003.0,0.24,0.2,0.218,3.54,eastmoney,qfq
2018-03-26,511010,国债ETF国泰,108.367,108.821,109.102,108.367,9502.0,105688609.0,0.68,0.41,0.447,2.69,eastmoney,qfq
2018-03-27,511010,国债ETF国泰,108.52,108.663,108.94,108.495,7244.0,80686693.0,0.41,-0.15,-0.158,2.05,eastmoney,qfq
2018-03-28,511010,国债ETF国泰,108.641,108.612,108.854,108.574,16146.0,179846857.0,0.26,-0.05,-0.051,4.58,eastmoney,qfq
2018-03-29,511010,国债ETF国泰,108.659,108.333,108.682,108.129,4538.0,50494659.0,0.51,-0.26,-0.279,1.29,eastmoney,qfq
2018-03-30,511010,国债ETF国泰,108.484,108.537,108.627,108.445,13269.0,147624709.0,0.17,0.19,0.204,3.76,eastmoney,qfq
2018-04-02,511010,国债ETF国泰,108.526,108.518,108.59,108.504,36205.0,402765312.0,0.08,-0.02,-0.019,10.26,eastmoney,qfq
2018-04-03,511010,国债ETF国泰,108.527,108.63,108.708,108.527,6435.0,71643471.0,0.17,0.1,0.112,1.82,eastmoney,qfq
2018-04-04,511010,国债ETF国泰,108.639,108.658,108.711,108.63,19593.0,218147550.0,0.07,0.03,0.028,5.55,eastmoney,qfq
2018-04-09,511010,国债ETF国泰,108.661,108.816,108.857,108.661,1345.0,14991993.0,0.18,0.15,0.158,0.38,eastmoney,qfq
2018-04-10,511010,国债ETF国泰,108.916,108.83,108.916,108.801,1837.0,20484239.0,0.11,0.01,0.014,0.52,eastmoney,qfq
2018-04-11,511010,国债ETF国泰,108.833,108.841,108.974,108.83,7002.0,78131011.0,0.13,0.01,0.011,1.98,eastmoney,qfq
2018-04-12,511010,国债ETF国泰,108.839,108.91,108.924,108.839,5127.0,57201626.0,0.08,0.06,0.069,1.45,eastmoney,qfq
2018-04-13,511010,国债ETF国泰,108.91,109.1,109.21,108.91,973.0,10868365.0,0.28,0.17,0.19,0.28,eastmoney,qfq
2018-04-16,511010,国债ETF国泰,109.321,109.41,109.442,109.171,1743.0,19514736.0,0.25,0.28,0.31,0.49,eastmoney,qfq
2018-04-17,511010,国债ETF国泰,109.321,109.328,109.471,109.275,1359.0,15221656.0,0.18,-0.07,-0.082,0.39,eastmoney,qfq
2018-04-18,511010,国债ETF国泰,109.381,109.818,110.318,109.381,1452.0,16323477.0,0.86,0.45,0.49,0.41,eastmoney,qfq
2018-04-19,511010,国债ETF国泰,109.826,109.588,109.874,109.537,1412.0,15870626.0,0.31,-0.21,-0.23,0.4,eastmoney,qfq
2018-04-20,511010,国债ETF国泰,109.477,109.439,109.551,109.405,5193.0,58237369.0,0.13,-0.14,-0.149,1.47,eastmoney,qfq
2018-04-23,511010,国债ETF国泰,109.461,109.429,109.678,109.346,4699.0,52706537.0,0.3,-0.01,-0.01,1.33,eastmoney,qfq
2018-04-24,511010,国债ETF国泰,109.429,109.576,109.632,109.429,6329.0,71021571.0,0.19,0.13,0.147,1.79,eastmoney,qfq
2018-04-25,511010,国债ETF国泰,109.588,109.668,109.963,109.588,10004.0,112528854.0,0.34,0.08,0.092,2.84,eastmoney,qfq
2018-04-26,511010,国债ETF国泰,109.668,109.635,109.752,109.618,14634.0,164409326.0,0.12,-0.03,-0.033,4.15,eastmoney,qfq
2018-04-27,511010,国债ETF国泰,109.635,109.683,109.883,109.492,25858.0,290652256.0,0.36,0.04,0.048,7.33,eastmoney,qfq
2018-05-02,511010,国债ETF国泰,109.691,109.599,109.719,109.527,19186.0,215578829.0,0.18,-0.08,-0.084,5.44,eastmoney,qfq
2018-05-03,511010,国债ETF国泰,109.629,109.752,109.824,109.621,18587.0,208851648.0,0.19,0.14,0.153,5.27,eastmoney,qfq
2018-05-04,511010,国债ETF国泰,109.76,109.625,110.077,109.49,18581.0,209325847.0,0.53,-0.12,-0.127,5.27,eastmoney,qfq
2018-05-07,511010,国债ETF国泰,109.662,109.626,109.702,109.535,10669.0,119787681.0,0.15,0.0,0.001,3.02,eastmoney,qfq
2018-05-08,511010,国债ETF国泰,109.622,109.526,109.624,109.516,18985.0,213121512.0,0.1,-0.09,-0.1,5.38,eastmoney,qfq
2018-05-09,511010,国债ETF国泰,109.526,109.331,109.528,109.25,17187.0,192630150.0,0.25,-0.18,-0.195,4.87,eastmoney,qfq
2018-05-10,511010,国债ETF国泰,109.37,109.335,109.383,109.304,23330.0,261314704.0,0.07,0.0,0.004,6.61,eastmoney,qfq
2018-05-11,511010,国债ETF国泰,109.33,109.407,109.445,109.321,21515.0,241133191.0,0.11,0.07,0.072,6.1,eastmoney,qfq
2018-05-14,511010,国债ETF国泰,109.429,109.413,109.474,109.394,17524.0,196507172.0,0.07,0.01,0.006,4.97,eastmoney,qfq
2018-05-15,511010,国债ETF国泰,109.439,109.39,109.442,109.376,19779.0,221663241.0,0.06,-0.02,-0.023,5.61,eastmoney,qfq
2018-05-16,511010,国债ETF国泰,109.395,109.411,109.445,109.374,15872.0,177916855.0,0.06,0.02,0.021,4.5,eastmoney,qfq
2018-05-17,511010,国债ETF国泰,109.404,109.368,109.41,109.36,21439.0,240254378.0,0.05,-0.04,-0.043,6.08,eastmoney,qfq
2018-05-18,511010,国债ETF国泰,109.369,109.371,109.43,109.369,17727.0,198677346.0,0.06,0.0,0.003,5.02,eastmoney,qfq
2018-05-21,511010,国债ETF国泰,109.374,109.387,109.413,109.341,17500.0,196112412.0,0.07,0.01,0.016,4.96,eastmoney,qfq
2018-05-22,511010,国债ETF国泰,109.387,109.44,109.514,109.386,17160.0,192431879.0,0.12,0.05,0.053,4.86,eastmoney,qfq
2018-05-23,511010,国债ETF国泰,109.444,109.538,109.549,109.444,10214.0,114584506.0,0.1,0.09,0.098,2.89,eastmoney,qfq
2018-05-24,511010,国债ETF国泰,109.54,109.619,109.661,109.54,7346.0,82477555.0,0.11,0.07,0.081,2.08,eastmoney,qfq
2018-05-25,511010,国债ETF国泰,109.619,109.817,109.824,109.61,6434.0,72344973.0,0.2,0.18,0.198,1.82,eastmoney,qfq
2018-05-28,511010,国债ETF国泰,109.778,109.634,109.864,109.609,5367.0,60349143.0,0.23,-0.17,-0.183,1.52,eastmoney,qfq
2018-05-29,511010,国债ETF国泰,109.624,109.496,109.713,109.465,2110.0,23691834.0,0.23,-0.13,-0.138,0.6,eastmoney,qfq
2018-05-30,511010,国债ETF国泰,109.496,109.462,109.815,109.415,3547.0,39837579.0,0.37,-0.03,-0.034,1.01,eastmoney,qfq
2018-05-31,511010,国债ETF国泰,109.504,109.473,109.573,109.424,4528.0,50780091.0,0.14,0.01,0.011,1.28,eastmoney,qfq
2018-06-01,511010,国债ETF国泰,109.524,109.513,109.572,109.439,5918.0,66381720.0,0.12,0.04,0.04,1.68,eastmoney,qfq
2018-06-04,511010,国债ETF国泰,109.512,109.597,109.597,109.475,18088.0,202951651.0,0.11,0.08,0.084,5.13,eastmoney,qfq
2018-06-05,511010,国债ETF国泰,109.59,109.478,109.624,109.327,11969.0,134350569.0,0.27,-0.11,-0.119,3.39,eastmoney,qfq
2018-06-06,511010,国债ETF国泰,109.491,109.471,109.523,109.423,5487.0,61548262.0,0.09,-0.01,-0.007,1.56,eastmoney,qfq
2018-06-07,511010,国债ETF国泰,109.424,109.442,109.474,109.415,8675.0,97269993.0,0.05,-0.03,-0.029,2.46,eastmoney,qfq
2018-06-08,511010,国债ETF国泰,109.473,109.455,109.569,109.44,10739.0,120433958.0,0.12,0.01,0.013,3.04,eastmoney,qfq
2018-06-11,511010,国债ETF国泰,109.494,109.569,109.618,109.494,8669.0,97313262.0,0.11,0.1,0.114,2.46,eastmoney,qfq
2018-06-12,511010,国债ETF国泰,109.557,109.404,109.583,109.374,9708.0,108942217.0,0.19,-0.15,-0.165,2.75,eastmoney,qfq
2018-06-13,511010,国债ETF国泰,109.484,109.417,109.513,109.375,6630.0,74324034.0,0.13,0.01,0.013,1.88,eastmoney,qfq
2018-06-14,511010,国债ETF国泰,109.44,109.421,109.601,109.416,8706.0,97682170.0,0.17,0.0,0.004,2.47,eastmoney,qfq
2018-06-15,511010,国债ETF国泰,109.516,109.48,109.612,109.474,7653.0,85881847.0,0.13,0.05,0.059,2.17,eastmoney,qfq
2018-06-19,511010,国债ETF国泰,109.565,109.742,109.774,109.466,2749.0,30865836.0,0.28,0.24,0.262,0.78,eastmoney,qfq
2018-06-20,511010,国债ETF国泰,109.724,109.727,109.734,109.604,2758.0,30987678.0,0.12,-0.01,-0.015,0.78,eastmoney,qfq
2018-06-21,511010,国债ETF国泰,109.598,109.664,109.815,109.598,1575.0,17707647.0,0.2,-0.06,-0.063,0.45,eastmoney,qfq
2018-06-22,511010,国债ETF国泰,109.664,109.74,109.773,109.628,1605.0,18038651.0,0.13,0.07,0.076,0.45,eastmoney,qfq
2018-06-25,511010,国债ETF国泰,109.741,109.886,109.921,109.736,3792.0,42665176.0,0.17,0.13,0.146,1.07,eastmoney,qfq
2018-06-26,511010,国债ETF国泰,109.874,109.934,110.02,109.874,4095.0,46112946.0,0.13,0.04,0.048,1.16,eastmoney,qfq
2018-06-27,511010,国债ETF国泰,109.937,109.871,110.02,109.824,11315.0,127343269.0,0.18,-0.06,-0.063,3.21,eastmoney,qfq
2018-06-28,511010,国债ETF国泰,109.876,109.563,110.011,109.529,8704.0,97992583.0,0.44,-0.28,-0.308,2.47,eastmoney,qfq
2018-06-29,511010,国债ETF国泰,109.579,110.18,110.214,109.579,12571.0,141549892.0,0.58,0.56,0.617,3.56,eastmoney,qfq
2018-07-02,511010,国债ETF国泰,110.174,110.166,110.224,109.951,9821.0,110817476.0,0.25,-0.01,-0.014,2.78,eastmoney,qfq
2018-07-03,511010,国债ETF国泰,110.318,110.097,110.318,110.025,6031.0,68049388.0,0.27,-0.06,-0.069,1.71,eastmoney,qfq
2018-07-04,511010,国债ETF国泰,110.134,110.324,110.474,110.061,8184.0,92338269.0,0.38,0.21,0.227,2.32,eastmoney,qfq
2018-07-05,511010,国债ETF国泰,110.424,110.32,110.47,110.204,5153.0,58204668.0,0.24,0.0,-0.004,1.46,eastmoney,qfq
2018-07-06,511010,国债ETF国泰,110.085,110.315,110.324,110.085,4192.0,47345753.0,0.22,0.0,-0.005,1.19,eastmoney,qfq
2018-07-09,511010,国债ETF国泰,110.315,110.259,110.574,110.227,14244.0,160944253.0,0.31,-0.05,-0.056,4.04,eastmoney,qfq
2018-07-10,511010,国债ETF国泰,110.274,110.165,110.322,110.064,15711.0,177356809.0,0.23,-0.09,-0.094,4.45,eastmoney,qfq
2018-07-11,511010,国债ETF国泰,110.216,110.13,110.234,110.124,14167.0,159895522.0,0.1,-0.03,-0.035,4.01,eastmoney,qfq
2018-07-12,511010,国债ETF国泰,110.133,110.097,110.524,110.029,13618.0,153605543.0,0.45,-0.03,-0.033,3.86,eastmoney,qfq
2018-07-13,511010,国债ETF国泰,110.154,110.222,110.274,110.084,18492.0,208661347.0,0.17,0.11,0.125,5.24,eastmoney,qfq
2018-07-16,511010,国债ETF国泰,110.274,110.421,110.482,110.205,14123.0,159646740.0,0.25,0.18,0.199,4.0,eastmoney,qfq
2018-07-17,511010,国债ETF国泰,110.224,110.567,111.077,110.224,17863.0,202187520.0,0.77,0.13,0.146,5.06,eastmoney,qfq
2018-07-18,511010,国债ETF国泰,110.524,110.605,110.76,110.464,22353.0,253303328.0,0.27,0.03,0.038,6.33,eastmoney,qfq
2018-07-19,511010,国债ETF国泰,110.447,110.722,110.891,110.446,14883.0,168723033.0,0.4,0.11,0.117,4.22,eastmoney,qfq
2018-07-20,511010,国债ETF国泰,110.724,110.674,111.669,110.474,22135.0,251191567.0,1.08,-0.04,-0.048,6.27,eastmoney,qfq
2018-07-23,511010,国债ETF国泰,110.424,110.783,110.874,110.424,15963.0,180786323.0,0.41,0.1,0.109,4.52,eastmoney,qfq
2018-07-24,511010,国债ETF国泰,110.724,110.536,110.813,110.314,17885.0,202567210.0,0.45,-0.22,-0.247,5.07,eastmoney,qfq
2018-07-25,511010,国债ETF国泰,110.536,110.549,110.604,110.349,16992.0,192332334.0,0.23,0.01,0.013,4.82,eastmoney,qfq
2018-07-26,511010,国债ETF国泰,110.334,110.734,110.744,110.324,6798.0,76997030.0,0.38,0.17,0.185,1.93,eastmoney,qfq
2018-07-27,511010,国债ETF国泰,110.69,110.563,110.843,110.474,15483.0,175594504.0,0.33,-0.15,-0.171,4.39,eastmoney,qfq
2018-07-30,511010,国债ETF国泰,110.689,110.634,110.824,110.579,17284.0,195866517.0,0.22,0.06,0.071,4.9,eastmoney,qfq
2018-07-31,511010,国债ETF国泰,110.772,110.742,110.772,110.645,15789.0,179040002.0,0.11,0.1,0.108,4.47,eastmoney,qfq
2018-08-01,511010,国债ETF国泰,110.774,111.034,111.055,110.731,15995.0,181571000.0,0.29,0.26,0.292,4.53,eastmoney,qfq
2018-08-02,511010,国债ETF国泰,111.084,111.121,111.32,110.974,24764.0,282008208.0,0.31,0.08,0.087,7.02,eastmoney,qfq
2018-08-03,511010,国债ETF国泰,111.124,111.217,111.424,111.124,8844.0,100799404.0,0.27,0.09,0.096,2.51,eastmoney,qfq
2018-08-06,511010,国债ETF国泰,111.314,111.294,111.391,111.025,23813.0,271325296.0,0.33,0.07,0.077,6.75,eastmoney,qfq
2018-08-07,511010,国债ETF国泰,111.323,111.359,111.411,111.144,16343.0,186344281.0,0.24,0.06,0.065,4.63,eastmoney,qfq
2018-08-08,511010,国债ETF国泰,111.474,111.244,111.494,111.221,16130.0,184058489.0,0.25,-0.1,-0.115,4.57,eastmoney,qfq
2018-08-09,511010,国债ETF国泰,111.294,111.101,111.314,111.09,11951.0,136062416.0,0.2,-0.13,-0.143,3.39,eastmoney,qfq
2018-08-10,511010,国债ETF国泰,111.086,110.974,111.143,110.84,10528.0,119687632.0,0.27,-0.11,-0.127,2.98,eastmoney,qfq
2018-08-13,511010,国债ETF国泰,110.974,110.834,111.07,110.778,10429.0,118506823.0,0.26,-0.13,-0.14,2.96,eastmoney,qfq
2018-08-14,511010,国债ETF国泰,110.834,111.084,111.121,110.788,11487.0,130452649.0,0.3,0.23,0.25,3.26,eastmoney,qfq
2018-08-15,511010,国债ETF国泰,111.225,110.745,111.225,110.726,11542.0,131109201.0,0.45,-0.31,-0.339,3.27,eastmoney,qfq
2018-08-16,511010,国债ETF国泰,110.812,110.706,110.817,110.676,9508.0,107853565.0,0.13,-0.04,-0.039,2.69,eastmoney,qfq
2018-08-17,511010,国债ETF国泰,110.696,109.958,110.806,109.361,3445.0,38910059.0,1.31,-0.68,-0.748,0.98,eastmoney,qfq
2018-08-20,511010,国债ETF国泰,110.105,110.003,110.105,109.824,7529.0,84828185.0,0.26,0.04,0.045,2.13,eastmoney,qfq
2018-08-21,511010,国债ETF国泰,110.005,110.008,110.059,109.799,8537.0,96158844.0,0.24,0.0,0.005,2.42,eastmoney,qfq
2018-08-22,511010,国债ETF国泰,109.999,110.061,110.201,109.924,6989.0,78746101.0,0.25,0.05,0.053,1.98,eastmoney,qfq
2018-08-23,511010,国债ETF国泰,110.062,110.175,110.304,109.994,8652.0,97660169.0,0.28,0.1,0.114,2.45,eastmoney,qfq
2018-08-24,511010,国债ETF国泰,110.224,110.338,110.407,110.224,8979.0,101494815.0,0.17,0.15,0.163,2.54,eastmoney,qfq
2018-08-27,511010,国债ETF国泰,110.39,110.302,110.511,110.265,4188.0,47328440.0,0.22,-0.03,-0.036,1.19,eastmoney,qfq
2018-08-28,511010,国债ETF国泰,110.424,110.46,110.546,110.246,5430.0,61399747.0,0.27,0.14,0.158,1.54,eastmoney,qfq
2018-08-29,511010,国债ETF国泰,110.703,110.614,110.703,110.337,4190.0,47477939.0,0.33,0.14,0.154,1.19,eastmoney,qfq
2018-08-30,511010,国债ETF国泰,110.614,110.605,110.753,110.526,6900.0,78174810.0,0.21,-0.01,-0.009,1.96,eastmoney,qfq
2018-08-31,511010,国债ETF国泰,110.672,110.783,110.803,110.643,4875.0,55292967.0,0.14,0.16,0.178,1.38,eastmoney,qfq
2018-09-03,511010,国债ETF国泰,110.783,110.634,110.897,110.525,3546.0,40231670.0,0.34,-0.13,-0.149,1.0,eastmoney,qfq
2018-09-04,511010,国债ETF国泰,110.626,110.465,110.722,110.465,1010.0,11444687.0,0.23,-0.15,-0.169,0.29,eastmoney,qfq
2018-09-05,511010,国债ETF国泰,110.465,110.602,110.639,110.454,440.0,4978315.0,0.17,0.12,0.137,0.12,eastmoney,qfq
2018-09-06,511010,国债ETF国泰,110.569,110.557,110.67,110.326,3787.0,42907999.0,0.31,-0.04,-0.045,1.07,eastmoney,qfq
2018-09-07,511010,国债ETF国泰,110.44,110.466,110.679,110.44,4764.0,53909727.0,0.22,-0.08,-0.091,1.35,eastmoney,qfq
2018-09-10,511010,国债ETF国泰,110.466,110.484,112.077,110.147,2959.0,33495944.0,1.75,0.02,0.018,0.84,eastmoney,qfq
2018-09-11,511010,国债ETF国泰,110.484,110.275,110.584,110.171,1811.0,20477030.0,0.37,-0.19,-0.209,0.51,eastmoney,qfq
2018-09-12,511010,国债ETF国泰,110.324,110.456,110.467,110.234,553.0,6252186.0,0.21,0.16,0.181,0.16,eastmoney,qfq
2018-09-13,511010,国债ETF国泰,110.456,110.427,110.469,110.347,2764.0,31265556.0,0.11,-0.03,-0.029,0.78,eastmoney,qfq
2018-09-14,511010,国债ETF国泰,110.326,110.406,110.519,110.282,9295.0,105105493.0,0.21,-0.02,-0.021,2.63,eastmoney,qfq
2018-09-17,511010,国债ETF国泰,110.433,110.407,110.573,110.345,10837.0,122595378.0,0.21,0.0,0.001,3.07,eastmoney,qfq
2018-09-18,511010,国债ETF国泰,110.377,110.374,110.436,110.354,6433.0,72735398.0,0.07,-0.03,-0.033,1.82,eastmoney,qfq
2018-09-19,511010,国债ETF国泰,110.424,110.412,110.538,110.339,6352.0,71829990.0,0.18,0.03,0.038,1.8,eastmoney,qfq
2018-09-20,511010,国债ETF国泰,110.524,110.448,110.621,110.419,6425.0,72699465.0,0.18,0.03,0.036,1.82,eastmoney,qfq
2018-09-21,511010,国债ETF国泰,110.448,110.584,110.643,110.448,9951.0,112701798.0,0.18,0.12,0.136,2.82,eastmoney,qfq
2018-09-25,511010,国债ETF国泰,110.515,110.582,110.754,110.515,24325.0,275579952.0,0.22,0.0,-0.002,6.89,eastmoney,qfq
2018-09-26,511010,国债ETF国泰,110.584,110.699,110.723,110.572,28346.0,321260096.0,0.14,0.11,0.117,8.03,eastmoney,qfq
2018-09-27,511010,国债ETF国泰,110.699,110.752,110.81,110.625,28661.0,325068064.0,0.17,0.05,0.053,8.12,eastmoney,qfq
2018-09-28,511010,国债ETF国泰,110.817,111.052,111.073,110.817,34886.0,396450640.0,0.23,0.27,0.3,9.89,eastmoney,qfq
2018-10-08,511010,国债ETF国泰,111.021,111.324,111.424,110.887,48609.0,553126576.0,0.48,0.24,0.272,13.78,eastmoney,qfq
2018-10-09,511010,国债ETF国泰,111.14,111.319,111.624,111.14,43735.0,498886592.0,0.43,0.0,-0.005,12.39,eastmoney,qfq
2018-10-10,511010,国债ETF国泰,111.134,110.87,111.419,110.756,29349.0,333434672.0,0.6,-0.4,-0.449,8.32,eastmoney,qfq
2018-10-11,511010,国债ETF国泰,110.87,111.262,111.344,110.87,44017.0,500715008.0,0.43,0.35,0.392,12.47,eastmoney,qfq
2018-10-12,511010,国债ETF国泰,111.105,111.391,111.523,111.105,43672.0,498485088.0,0.38,0.12,0.129,12.38,eastmoney,qfq
2018-10-15,511010,国债ETF国泰,112.024,111.523,112.024,111.404,43374.0,495180896.0,0.56,0.12,0.132,12.29,eastmoney,qfq
2018-10-16,511010,国债ETF国泰,111.227,111.513,111.922,111.226,4759.0,54359890.0,0.62,-0.01,-0.01,1.35,eastmoney,qfq
2018-10-17,511010,国债ETF国泰,111.114,111.574,111.803,111.114,24721.0,282474512.0,0.62,0.05,0.061,7.01,eastmoney,qfq
2018-10-18,511010,国债ETF国泰,111.579,111.804,111.824,111.579,26885.0,307632288.0,0.22,0.21,0.23,7.62,eastmoney,qfq
2018-10-19,511010,国债ETF国泰,111.814,111.837,111.924,111.724,27646.0,316521760.0,0.18,0.03,0.033,7.83,eastmoney,qfq
2018-10-22,511010,国债ETF国泰,111.804,111.652,111.824,111.576,27368.0,312974368.0,0.22,-0.17,-0.185,7.76,eastmoney,qfq
2018-10-23,511010,国债ETF国泰,111.65,111.678,111.822,111.578,42136.0,482010800.0,0.22,0.02,0.026,11.94,eastmoney,qfq
2018-10-24,511010,国债ETF国泰,111.585,111.699,111.767,111.585,42048.0,480873264.0,0.16,0.02,0.021,11.92,eastmoney,qfq
2018-10-25,511010,国债ETF国泰,111.743,111.622,112.077,111.524,23293.0,266644897.0,0.5,-0.07,-0.077,6.6,eastmoney,qfq
2018-10-26,511010,国债ETF国泰,111.622,111.62,111.674,111.513,23667.0,270526992.0,0.14,0.0,-0.002,6.71,eastmoney,qfq
2018-10-29,511010,国债ETF国泰,111.671,111.632,111.758,111.59,19361.0,221318019.0,0.15,0.01,0.012,5.49,eastmoney,qfq
2018-10-30,511010,国债ETF国泰,111.655,111.591,111.677,111.525,20827.0,238024118.0,0.14,-0.04,-0.041,5.9,eastmoney,qfq
2018-10-31,511010,国债ETF国泰,111.538,111.629,111.638,111.538,25380.0,290049264.0,0.09,0.03,0.038,7.19,eastmoney,qfq
2018-11-01,511010,国债ETF国泰,111.63,111.714,111.718,111.629,21399.0,244759101.0,0.08,0.08,0.085,6.06,eastmoney,qfq
2018-11-02,511010,国债ETF国泰,111.574,111.495,111.822,111.379,26341.0,301243216.0,0.4,-0.2,-0.219,7.46,eastmoney,qfq
2018-11-05,511010,国债ETF国泰,111.664,111.655,111.719,111.527,29582.0,338179904.0,0.17,0.14,0.16,8.38,eastmoney,qfq
2018-11-06,511010,国债ETF国泰,111.692,111.769,111.822,111.666,25612.0,292982640.0,0.14,0.1,0.114,7.26,eastmoney,qfq
2018-11-07,511010,国债ETF国泰,111.754,111.944,111.951,111.754,26556.0,304274048.0,0.18,0.16,0.175,7.53,eastmoney,qfq
2018-11-08,511010,国债ETF国泰,111.944,112.09,112.151,111.944,17091.0,196113927.0,0.18,0.13,0.146,4.84,eastmoney,qfq
2018-11-09,511010,国债ETF国泰,112.079,112.025,112.189,111.992,23522.0,269997344.0,0.18,-0.06,-0.065,6.67,eastmoney,qfq
2018-11-12,511010,国债ETF国泰,112.034,112.256,112.273,112.034,19835.0,227745220.0,0.21,0.21,0.231,5.62,eastmoney,qfq
2018-11-13,511010,国债ETF国泰,112.256,112.15,112.379,112.075,24469.0,281196688.0,0.27,-0.09,-0.106,6.93,eastmoney,qfq
2018-11-14,511010,国债ETF国泰,112.397,112.361,112.397,112.15,24733.0,284395040.0,0.22,0.19,0.211,7.01,eastmoney,qfq
2018-11-15,511010,国债ETF国泰,112.361,112.753,114.324,112.361,12398.0,142880781.0,1.75,0.35,0.392,3.51,eastmoney,qfq
2018-11-16,511010,国债ETF国泰,112.624,112.872,113.096,112.624,10863.0,125517675.0,0.42,0.11,0.119,3.08,eastmoney,qfq
2018-11-19,511010,国债ETF国泰,112.872,112.829,112.968,112.814,20433.0,236106867.0,0.14,-0.04,-0.043,5.79,eastmoney,qfq
2018-11-20,511010,国债ETF国泰,112.824,112.589,112.844,112.544,14378.0,165818248.0,0.27,-0.21,-0.24,4.07,eastmoney,qfq
2018-11-21,511010,国债ETF国泰,112.539,112.653,112.75,112.536,13886.0,160210165.0,0.19,0.06,0.064,3.94,eastmoney,qfq
2018-11-22,511010,国债ETF国泰,112.674,112.584,112.814,112.574,14017.0,161738524.0,0.21,-0.06,-0.069,3.97,eastmoney,qfq
2018-11-23,511010,国债ETF国泰,112.589,112.015,112.623,111.981,15897.0,182456455.0,0.57,-0.51,-0.569,4.51,eastmoney,qfq
2018-11-26,511010,国债ETF国泰,112.023,112.009,112.118,111.989,21978.0,252084491.0,0.12,-0.01,-0.006,6.23,eastmoney,qfq
2018-11-27,511010,国债ETF国泰,112.011,112.042,112.184,112.008,16902.0,193932406.0,0.16,0.03,0.033,4.79,eastmoney,qfq
2018-11-28,511010,国债ETF国泰,112.049,112.046,112.139,112.018,14424.0,165492400.0,0.11,0.0,0.004,4.09,eastmoney,qfq
2018-11-29,511010,国债ETF国泰,112.074,112.049,112.074,112.019,17499.0,200769704.0,0.05,0.0,0.003,4.96,eastmoney,qfq
2018-11-30,511010,国债ETF国泰,112.056,112.079,112.2,112.055,18471.0,212111820.0,0.13,0.03,0.03,5.23,eastmoney,qfq
2018-12-03,511010,国债ETF国泰,112.037,112.164,112.216,107.507,10338.0,118682455.0,4.2,0.08,0.085,2.93,eastmoney,qfq
2018-12-04,511010,国债ETF国泰,112.169,112.499,112.573,112.169,6680.0,76900178.0,0.36,0.3,0.335,1.89,eastmoney,qfq
2018-12-05,511010,国债ETF国泰,112.513,112.765,112.775,112.501,11963.0,138074293.0,0.24,0.24,0.266,3.39,eastmoney,qfq
2018-12-06,511010,国债ETF国泰,112.822,113.021,113.097,112.822,6321.0,73094468.0,0.24,0.23,0.256,1.79,eastmoney,qfq
2018-12-07,511010,国债ETF国泰,113.021,112.975,113.072,112.919,4124.0,47688650.0,0.14,-0.04,-0.046,1.17,eastmoney,qfq
2018-12-10,511010,国债ETF国泰,113.043,113.156,113.324,113.024,5484.0,63532846.0,0.27,0.16,0.181,1.55,eastmoney,qfq
2018-12-11,511010,国债ETF国泰,113.175,113.312,113.313,113.175,4523.0,52436355.0,0.12,0.14,0.156,1.28,eastmoney,qfq
2018-12-12,511010,国债ETF国泰,113.314,113.331,113.37,113.264,14214.0,164897010.0,0.09,0.02,0.019,4.03,eastmoney,qfq
2018-12-13,511010,国债ETF国泰,113.318,113.143,113.34,113.125,23015.0,266691336.0,0.19,-0.17,-0.188,6.52,eastmoney,qfq
2018-12-14,511010,国债ETF国泰,113.135,112.989,113.135,112.942,24968.0,288896832.0,0.17,-0.14,-0.154,7.08,eastmoney,qfq
2018-12-17,511010,国债ETF国泰,112.995,113.084,113.113,112.995,11276.0,130518941.0,0.1,0.08,0.095,3.2,eastmoney,qfq
2018-12-18,511010,国债ETF国泰,112.825,113.174,113.174,112.824,8548.0,99009404.0,0.31,0.08,0.09,2.42,eastmoney,qfq
2018-12-19,511010,国债ETF国泰,113.189,113.319,113.324,113.124,4996.0,57901549.0,0.18,0.13,0.145,1.42,eastmoney,qfq
2018-12-20,511010,国债ETF国泰,113.319,113.128,113.41,113.056,6793.0,78765886.0,0.31,-0.17,-0.191,1.93,eastmoney,qfq
2018-12-21,511010,国债ETF国泰,113.135,113.371,113.386,113.135,16339.0,189588138.0,0.22,0.21,0.243,4.63,eastmoney,qfq
2018-12-24,511010,国债ETF国泰,113.375,113.355,114.072,113.305,4632.0,53749648.0,0.68,-0.01,-0.016,1.31,eastmoney,qfq
2018-12-25,511010,国债ETF国泰,113.364,113.306,113.423,112.332,7774.0,90187845.0,0.96,-0.04,-0.049,2.2,eastmoney,qfq
2018-12-26,511010,国债ETF国泰,113.312,113.293,113.341,113.216,13622.0,157958872.0,0.11,-0.01,-0.013,3.86,eastmoney,qfq
2018-12-27,511010,国债ETF国泰,113.227,113.332,113.364,113.143,13573.0,157447679.0,0.2,0.03,0.039,3.85,eastmoney,qfq
2018-12-28,511010,国债ETF国泰,113.375,113.917,113.924,113.375,5173.0,60215738.0,0.48,0.52,0.585,1.47,eastmoney,qfq
2019-01-02,511010,国债ETF国泰,113.909,113.591,113.914,113.342,5354.0,62249939.0,0.5,-0.29,-0.326,1.52,eastmoney,qfq
2019-01-03,511010,国债ETF国泰,113.592,113.644,114.024,113.592,11034.0,128359318.0,0.38,0.05,0.053,3.13,eastmoney,qfq
2019-01-04,511010,国债ETF国泰,113.813,113.851,113.924,113.744,10511.0,122510883.0,0.16,0.18,0.207,2.98,eastmoney,qfq
2019-01-07,511010,国债ETF国泰,113.805,113.962,113.973,113.805,5143.0,59974833.0,0.15,0.1,0.111,1.46,eastmoney,qfq
2019-01-08,511010,国债ETF国泰,113.955,113.946,113.963,113.854,5191.0,60531120.0,0.1,-0.01,-0.016,1.47,eastmoney,qfq
2019-01-09,511010,国债ETF国泰,113.946,113.948,113.964,113.855,8140.0,94899887.0,0.1,0.0,0.002,2.31,eastmoney,qfq
2019-01-10,511010,国债ETF国泰,113.948,113.941,114.006,113.925,7197.0,83934131.0,0.07,-0.01,-0.007,2.04,eastmoney,qfq
2019-01-11,511010,国债ETF国泰,113.941,113.895,113.941,113.884,9590.0,111812944.0,0.05,-0.04,-0.046,2.72,eastmoney,qfq
2019-01-14,511010,国债ETF国泰,113.895,113.794,113.898,113.777,5259.0,61262793.0,0.11,-0.09,-0.101,1.49,eastmoney,qfq
2019-01-15,511010,国债ETF国泰,113.796,113.828,113.873,113.796,11259.0,131169084.0,0.07,0.03,0.034,3.19,eastmoney,qfq
2019-01-16,511010,国债ETF国泰,113.828,113.923,113.974,113.78,10844.0,126420073.0,0.17,0.08,0.095,3.07,eastmoney,qfq
2019-01-17,511010,国债ETF国泰,113.874,113.995,114.013,113.874,6489.0,75706005.0,0.12,0.06,0.072,1.84,eastmoney,qfq
2019-01-18,511010,国债ETF国泰,113.991,113.927,114.044,113.922,4047.0,47212212.0,0.11,-0.06,-0.068,1.15,eastmoney,qfq
2019-01-21,511010,国债ETF国泰,113.676,113.804,113.918,113.676,5584.0,65045539.0,0.21,-0.11,-0.123,1.58,eastmoney,qfq
2019-01-22,511010,国债ETF国泰,113.775,113.839,113.841,113.775,7104.0,82763003.0,0.06,0.03,0.035,2.01,eastmoney,qfq
2019-01-23,511010,国债ETF国泰,113.842,113.812,113.883,113.747,6278.0,73149532.0,0.12,-0.02,-0.027,1.78,eastmoney,qfq
2019-01-24,511010,国债ETF国泰,113.725,113.849,113.861,113.723,4285.0,49931075.0,0.12,0.03,0.037,1.21,eastmoney,qfq
2019-01-25,511010,国债ETF国泰,113.804,113.845,113.881,113.804,4598.0,53568475.0,0.07,0.0,-0.004,1.3,eastmoney,qfq
2019-01-28,511010,国债ETF国泰,113.845,113.822,113.848,113.752,7481.0,87141807.0,0.08,-0.02,-0.023,2.12,eastmoney,qfq
2019-01-29,511010,国债ETF国泰,113.823,113.894,113.908,113.822,7067.0,82365976.0,0.08,0.06,0.072,2.0,eastmoney,qfq
2019-01-30,511010,国债ETF国泰,113.894,113.978,113.984,113.894,7071.0,82468043.0,0.08,0.07,0.084,2.0,eastmoney,qfq
2019-01-31,511010,国债ETF国泰,113.979,114.048,114.113,113.979,6956.0,81200449.0,0.12,0.06,0.07,1.97,eastmoney,qfq
2019-02-01,511010,国债ETF国泰,114.048,114.154,114.223,114.048,4987.0,58245249.0,0.15,0.09,0.106,1.41,eastmoney,qfq
2019-02-11,511010,国债ETF国泰,114.154,114.266,114.312,114.125,7638.0,89275936.0,0.16,0.1,0.112,2.16,eastmoney,qfq
2019-02-12,511010,国债ETF国泰,114.266,114.333,114.416,114.265,6134.0,71784171.0,0.13,0.06,0.067,1.74,eastmoney,qfq
2019-02-13,511010,国债ETF国泰,114.374,114.356,114.412,114.334,7544.0,88314365.0,0.07,0.02,0.023,2.14,eastmoney,qfq
2019-02-14,511010,国债ETF国泰,114.339,114.268,114.403,114.264,12356.0,144555143.0,0.12,-0.08,-0.088,3.5,eastmoney,qfq
2019-02-15,511010,国债ETF国泰,114.282,114.392,114.392,114.282,9290.0,108687737.0,0.1,0.11,0.124,2.63,eastmoney,qfq
2019-02-18,511010,国债ETF国泰,114.391,114.263,114.823,114.236,17912.0,209498502.0,0.51,-0.11,-0.129,5.08,eastmoney,qfq
2019-02-19,511010,国债ETF国泰,114.263,114.207,114.263,114.074,9620.0,112414921.0,0.17,-0.05,-0.056,2.73,eastmoney,qfq
2019-02-20,511010,国债ETF国泰,114.194,114.247,114.259,114.145,28085.0,328296880.0,0.1,0.04,0.04,7.96,eastmoney,qfq
2019-02-21,511010,国债ETF国泰,114.247,114.205,114.252,114.184,25024.0,292532720.0,0.06,-0.04,-0.042,7.09,eastmoney,qfq
2019-02-22,511010,国债ETF国泰,114.2,114.13,114.231,114.125,16155.0,188829679.0,0.09,-0.07,-0.075,4.58,eastmoney,qfq
2019-02-25,511010,国债ETF国泰,114.114,113.884,114.114,113.725,11770.0,137243805.0,0.34,-0.22,-0.246,3.34,eastmoney,qfq
2019-02-26,511010,国债ETF国泰,113.634,113.58,113.874,113.559,11989.0,139563220.0,0.28,-0.27,-0.304,3.4,eastmoney,qfq
2019-02-27,511010,国债ETF国泰,113.594,113.923,113.978,113.594,12990.0,151288108.0,0.34,0.3,0.343,3.68,eastmoney,qfq
2019-02-28,511010,国债ETF国泰,113.923,113.768,113.923,113.745,7971.0,92840835.0,0.16,-0.14,-0.155,2.26,eastmoney,qfq
2019-03-01,511010,国债ETF国泰,113.769,113.746,113.824,113.69,12847.0,149580365.0,0.12,-0.02,-0.022,3.64,eastmoney,qfq
2019-03-04,511010,国债ETF国泰,113.624,113.687,113.739,113.524,9400.0,109342459.0,0.19,-0.05,-0.059,2.66,eastmoney,qfq
2019-03-05,511010,国债ETF国泰,113.587,113.636,113.772,113.587,9667.0,112496058.0,0.16,-0.04,-0.051,2.74,eastmoney,qfq
2019-03-06,511010,国债ETF国泰,113.636,113.562,113.636,113.532,22422.0,260677824.0,0.09,-0.07,-0.074,6.35,eastmoney,qfq
2019-03-07,511010,国债ETF国泰,113.562,113.681,113.702,113.543,23504.0,273451184.0,0.14,0.1,0.119,6.66,eastmoney,qfq
2019-03-08,511010,国债ETF国泰,113.752,113.812,113.914,113.679,21391.0,249065435.0,0.21,0.12,0.131,6.06,eastmoney,qfq
2019-03-11,511010,国债ETF国泰,113.804,113.717,113.873,113.704,20534.0,239131599.0,0.15,-0.08,-0.095,5.82,eastmoney,qfq
2019-03-12,511010,国债ETF国泰,113.71,113.754,113.782,113.659,24157.0,281174576.0,0.11,0.03,0.037,6.85,eastmoney,qfq
2019-03-13,511010,国债ETF国泰,113.757,113.767,113.799,113.654,15306.0,178218141.0,0.13,0.01,0.013,4.34,eastmoney,qfq
2019-03-14,511010,国债ETF国泰,113.655,113.691,113.765,113.655,18475.0,215012826.0,0.1,-0.07,-0.076,5.24,eastmoney,qfq
2019-03-15,511010,国债ETF国泰,113.693,113.69,113.709,113.664,29288.0,340801008.0,0.04,0.0,-0.001,8.3,eastmoney,qfq
2019-03-18,511010,国债ETF国泰,113.689,113.677,113.705,113.648,14835.0,172621377.0,0.05,-0.01,-0.013,4.2,eastmoney,qfq
2019-03-19,511010,国债ETF国泰,113.654,113.687,113.721,113.654,13280.0,154551773.0,0.06,0.01,0.01,3.76,eastmoney,qfq
2019-03-20,511010,国债ETF国泰,113.699,113.718,113.768,113.691,12441.0,144809971.0,0.07,0.03,0.031,3.53,eastmoney,qfq
2019-03-21,511010,国债ETF国泰,113.725,113.723,113.785,113.716,19925.0,231971439.0,0.06,0.0,0.005,5.65,eastmoney,qfq
2019-03-22,511010,国债ETF国泰,113.729,113.808,113.832,113.729,15330.0,178581612.0,0.09,0.07,0.085,4.34,eastmoney,qfq
2019-03-25,511010,国债ETF国泰,113.891,114.017,114.033,113.827,14035.0,163685566.0,0.18,0.18,0.209,3.98,eastmoney,qfq
2019-03-26,511010,国债ETF国泰,114.017,114.18,114.25,114.017,14940.0,174620018.0,0.2,0.14,0.163,4.23,eastmoney,qfq
2019-03-27,511010,国债ETF国泰,114.174,114.092,114.174,114.082,19122.0,223359905.0,0.08,-0.08,-0.088,5.42,eastmoney,qfq
2019-03-28,511010,国债ETF国泰,114.152,114.2,114.221,114.143,28186.0,329385904.0,0.07,0.09,0.108,7.99,eastmoney,qfq
2019-03-29,511010,国债ETF国泰,114.2,114.186,114.242,114.127,6855.0,80096311.0,0.1,-0.01,-0.014,1.94,eastmoney,qfq
2019-04-01,511010,国债ETF国泰,114.186,114.063,114.212,114.048,9352.0,109209059.0,0.14,-0.11,-0.123,2.65,eastmoney,qfq
2019-04-02,511010,国债ETF国泰,114.064,114.045,114.073,114.019,11043.0,128902871.0,0.05,-0.02,-0.018,3.13,eastmoney,qfq
2019-04-03,511010,国债ETF国泰,114.071,113.78,114.071,113.726,5833.0,67994273.0,0.3,-0.23,-0.265,1.65,eastmoney,qfq
2019-04-04,511010,国债ETF国泰,113.78,113.748,113.781,113.713,7628.0,88808955.0,0.06,-0.03,-0.032,2.16,eastmoney,qfq
2019-04-08,511010,国债ETF国泰,113.724,113.458,113.724,113.326,7514.0,87271024.0,0.35,-0.25,-0.29,2.13,eastmoney,qfq
2019-04-09,511010,国债ETF国泰,113.458,113.466,113.516,113.44,3799.0,44125071.0,0.07,0.01,0.008,1.08,eastmoney,qfq
2019-04-10,511010,国债ETF国泰,113.224,113.1,113.422,113.064,6381.0,73904946.0,0.32,-0.32,-0.366,1.81,eastmoney,qfq
2019-04-11,511010,国债ETF国泰,113.225,113.501,113.52,113.124,11348.0,131775499.0,0.35,0.35,0.401,3.22,eastmoney,qfq
2019-04-12,511010,国债ETF国泰,113.501,113.385,113.529,113.037,5485.0,63642434.0,0.43,-0.1,-0.116,1.55,eastmoney,qfq
2019-04-15,511010,国债ETF国泰,113.35,113.197,113.35,113.074,7066.0,81870405.0,0.24,-0.17,-0.188,2.0,eastmoney,qfq
2019-04-16,511010,国债ETF国泰,113.194,113.109,113.196,113.106,9370.0,108508981.0,0.08,-0.08,-0.088,2.66,eastmoney,qfq
2019-04-17,511010,国债ETF国泰,113.109,113.181,113.224,113.082,8528.0,98765218.0,0.13,0.06,0.072,2.42,eastmoney,qfq
2019-04-18,511010,国债ETF国泰,113.179,113.183,113.222,113.116,12266.0,142097496.0,0.09,0.0,0.002,3.48,eastmoney,qfq
2019-04-19,511010,国债ETF国泰,113.184,113.282,113.34,113.184,11600.0,134541766.0,0.14,0.09,0.099,3.29,eastmoney,qfq
2019-04-22,511010,国债ETF国泰,113.245,113.351,113.353,113.234,7938.0,92065428.0,0.11,0.06,0.069,2.25,eastmoney,qfq
2019-04-23,511010,国债ETF国泰,113.334,113.253,113.334,113.146,12352.0,143135153.0,0.17,-0.09,-0.098,3.5,eastmoney,qfq
2019-04-24,511010,国债ETF国泰,113.194,113.111,113.313,113.038,4422.0,51226232.0,0.24,-0.13,-0.142,1.25,eastmoney,qfq
2019-04-25,511010,国债ETF国泰,113.164,113.24,113.256,113.119,11196.0,129764840.0,0.12,0.11,0.129,3.17,eastmoney,qfq
2019-04-26,511010,国债ETF国泰,113.241,113.331,113.44,113.24,6807.0,78952133.0,0.18,0.08,0.091,1.93,eastmoney,qfq
2019-04-29,511010,国债ETF国泰,113.424,113.163,113.424,113.131,7065.0,81865507.0,0.26,-0.15,-0.168,2.0,eastmoney,qfq
2019-04-30,511010,国债ETF国泰,113.177,113.408,113.421,113.177,5524.0,64069874.0,0.22,0.22,0.245,1.57,eastmoney,qfq
2019-05-06,511010,国债ETF国泰,113.454,113.424,113.908,113.391,7956.0,92419397.0,0.46,0.01,0.016,2.25,eastmoney,qfq
2019-05-07,511010,国债ETF国泰,113.44,113.667,113.686,113.44,9426.0,109636322.0,0.22,0.21,0.243,2.67,eastmoney,qfq
2019-05-08,511010,国债ETF国泰,113.664,113.661,113.814,113.567,7724.0,89836095.0,0.22,-0.01,-0.006,2.19,eastmoney,qfq
2019-05-09,511010,国债ETF国泰,113.744,113.704,113.744,113.642,12685.0,147589559.0,0.09,0.04,0.043,3.59,eastmoney,qfq
2019-05-10,511010,国债ETF国泰,113.703,113.709,113.784,113.498,6321.0,73546439.0,0.25,0.0,0.005,1.79,eastmoney,qfq
2019-05-13,511010,国债ETF国泰,113.725,113.809,113.814,113.725,18126.0,211133485.0,0.08,0.09,0.1,5.14,eastmoney,qfq
2019-05-14,511010,国债ETF国泰,113.808,113.711,113.854,113.686,9803.0,114104028.0,0.15,-0.09,-0.098,2.78,eastmoney,qfq
2019-05-15,511010,国债ETF国泰,113.708,113.706,113.713,113.519,12410.0,144406856.0,0.17,0.0,-0.005,3.52,eastmoney,qfq
2019-05-16,511010,国债ETF国泰,113.694,113.745,113.795,113.694,10372.0,120776269.0,0.09,0.03,0.039,2.94,eastmoney,qfq
2019-05-17,511010,国债ETF国泰,113.749,113.907,113.984,113.749,12059.0,140549394.0,0.21,0.14,0.162,3.42,eastmoney,qfq
2019-05-20,511010,国债ETF国泰,113.907,113.9,113.972,113.817,10416.0,121435902.0,0.14,-0.01,-0.007,2.95,eastmoney,qfq
2019-05-21,511010,国债ETF国泰,113.87,113.809,113.931,113.777,9281.0,108108187.0,0.14,-0.08,-0.091,2.63,eastmoney,qfq
2019-05-22,511010,国债ETF国泰,113.807,113.782,113.826,113.734,9342.0,108786355.0,0.08,-0.02,-0.027,2.65,eastmoney,qfq
2019-05-23,511010,国债ETF国泰,113.823,113.899,113.935,113.805,6254.0,72896026.0,0.11,0.1,0.117,1.77,eastmoney,qfq
2019-05-24,511010,国债ETF国泰,113.929,113.985,114.071,113.929,9790.0,114219947.0,0.12,0.08,0.086,2.77,eastmoney,qfq
2019-05-27,511010,国债ETF国泰,113.894,113.778,113.993,113.7,8436.0,98276371.0,0.26,-0.18,-0.207,2.39,eastmoney,qfq
2019-05-28,511010,国债ETF国泰,113.778,113.936,113.968,113.778,12308.0,143525263.0,0.17,0.14,0.158,3.49,eastmoney,qfq
2019-05-29,511010,国债ETF国泰,113.936,114.02,114.025,113.935,6459.0,75350022.0,0.08,0.07,0.084,1.83,eastmoney,qfq
2019-05-30,511010,国债ETF国泰,114.024,114.144,114.248,113.985,7487.0,87427580.0,0.23,0.11,0.124,2.12,eastmoney,qfq
2019-05-31,511010,国债ETF国泰,114.184,114.28,114.405,114.175,11051.0,129212550.0,0.2,0.12,0.136,3.13,eastmoney,qfq
2019-06-03,511010,国债ETF国泰,114.28,114.32,114.374,114.28,12013.0,140554591.0,0.08,0.04,0.04,3.4,eastmoney,qfq
2019-06-04,511010,国债ETF国泰,114.226,114.325,114.349,114.226,10878.0,127273838.0,0.11,0.0,0.005,3.08,eastmoney,qfq
2019-06-05,511010,国债ETF国泰,114.316,114.38,114.38,114.315,11682.0,136711369.0,0.06,0.05,0.055,3.31,eastmoney,qfq
2019-06-06,511010,国债ETF国泰,114.374,114.316,114.385,114.314,9611.0,112463988.0,0.06,-0.06,-0.064,2.72,eastmoney,qfq
2019-06-10,511010,国债ETF国泰,114.434,114.252,114.434,114.139,8630.0,100879561.0,0.26,-0.06,-0.064,2.45,eastmoney,qfq
2019-06-11,511010,国债ETF国泰,114.251,114.056,114.251,114.024,8850.0,103326090.0,0.2,-0.17,-0.196,2.51,eastmoney,qfq
2019-06-12,511010,国债ETF国泰,114.086,114.118,114.181,114.056,8164.0,95363894.0,0.11,0.05,0.062,2.31,eastmoney,qfq
2019-06-13,511010,国债ETF国泰,114.124,114.118,114.165,114.082,9017.0,105318793.0,0.07,0.0,0.0,2.56,eastmoney,qfq
2019-06-14,511010,国债ETF国泰,114.146,114.268,114.323,114.135,10775.0,125952901.0,0.16,0.13,0.15,3.05,eastmoney,qfq
2019-06-17,511010,国债ETF国泰,114.324,114.327,114.354,114.29,11843.0,138568404.0,0.06,0.05,0.059,3.36,eastmoney,qfq
2019-06-18,511010,国债ETF国泰,114.367,114.353,114.375,114.344,9423.0,110285843.0,0.03,0.02,0.026,2.67,eastmoney,qfq
2019-06-19,511010,国债ETF国泰,114.254,114.385,114.425,114.252,11083.0,129726031.0,0.15,0.03,0.032,3.14,eastmoney,qfq
2019-06-20,511010,国债ETF国泰,114.412,114.414,114.822,114.348,14120.0,165343696.0,0.41,0.03,0.029,4.0,eastmoney,qfq
2019-06-21,511010,国债ETF国泰,114.449,114.527,114.599,114.244,18190.0,213154968.0,0.31,0.1,0.113,5.15,eastmoney,qfq
2019-06-24,511010,国债ETF国泰,114.527,114.481,114.603,114.449,11286.0,132255738.0,0.13,-0.04,-0.046,3.2,eastmoney,qfq
2019-06-25,511010,国债ETF国泰,114.424,114.513,114.546,114.424,12914.0,151357185.0,0.11,0.03,0.032,3.66,eastmoney,qfq
2019-06-26,511010,国债ETF国泰,114.501,114.499,114.506,114.494,14308.0,167656075.0,0.01,-0.01,-0.014,4.05,eastmoney,qfq
2019-06-27,511010,国债ETF国泰,114.507,114.471,114.52,114.47,12063.0,141339579.0,0.04,-0.02,-0.028,3.42,eastmoney,qfq
2019-06-28,511010,国债ETF国泰,114.483,114.487,114.52,114.469,15251.0,178707035.0,0.04,0.01,0.016,4.32,eastmoney,qfq
2019-07-01,511010,国债ETF国泰,114.345,114.508,114.518,114.345,11575.0,135632777.0,0.15,0.02,0.021,3.28,eastmoney,qfq
2019-07-02,511010,国债ETF国泰,114.505,114.643,114.653,114.505,10152.0,119057322.0,0.13,0.12,0.135,2.88,eastmoney,qfq
2019-07-03,511010,国债ETF国泰,114.704,115.023,115.076,114.704,8217.0,96568244.0,0.32,0.33,0.38,2.33,eastmoney,qfq
2019-07-04,511010,国债ETF国泰,114.928,114.874,114.928,114.823,12055.0,141676106.0,0.09,-0.13,-0.149,3.42,eastmoney,qfq
2019-07-05,511010,国债ETF国泰,114.859,114.851,114.899,114.789,9463.0,111230873.0,0.1,-0.02,-0.023,2.68,eastmoney,qfq
2019-07-08,511010,国债ETF国泰,114.851,114.837,115.116,114.784,5193.0,61029187.0,0.29,-0.01,-0.014,1.47,eastmoney,qfq
2019-07-09,511010,国债ETF国泰,114.79,114.904,114.931,114.79,7243.0,85146359.0,0.12,0.06,0.067,2.05,eastmoney,qfq
2019-07-10,511010,国债ETF国泰,115.077,114.835,115.177,114.726,9742.0,114531322.0,0.39,-0.06,-0.069,2.76,eastmoney,qfq
2019-07-11,511010,国债ETF国泰,114.835,114.838,114.844,114.724,14128.0,166011032.0,0.1,0.0,0.003,4.0,eastmoney,qfq
2019-07-12,511010,国债ETF国泰,114.78,114.837,114.853,114.78,11333.0,133178291.0,0.06,0.0,-0.001,3.21,eastmoney,qfq
2019-07-15,511010,国债ETF国泰,114.875,114.877,114.959,114.826,8677.0,101994816.0,0.12,0.03,0.04,2.46,eastmoney,qfq
2019-07-16,511010,国债ETF国泰,114.876,114.88,114.919,114.805,10332.0,121464287.0,0.1,0.0,0.003,2.93,eastmoney,qfq
2019-07-17,511010,国债ETF国泰,114.88,114.879,114.909,114.864,6010.0,70654001.0,0.04,0.0,-0.001,1.7,eastmoney,qfq
2019-07-18,511010,国债ETF国泰,114.879,114.926,114.939,114.839,12047.0,141685901.0,0.09,0.04,0.047,3.41,eastmoney,qfq
2019-07-19,511010,国债ETF国泰,114.936,114.961,115.044,114.877,6417.0,75492380.0,0.15,0.03,0.035,1.82,eastmoney,qfq
2019-07-22,511010,国债ETF国泰,114.945,114.966,114.984,114.936,6421.0,75543931.0,0.04,0.0,0.005,1.82,eastmoney,qfq
2019-07-23,511010,国债ETF国泰,114.967,115.006,115.025,114.967,7845.0,92329599.0,0.05,0.03,0.04,2.22,eastmoney,qfq
2019-07-24,511010,国债ETF国泰,115.005,114.994,115.022,114.946,6962.0,81923779.0,0.07,-0.01,-0.012,1.97,eastmoney,qfq
2019-07-25,511010,国债ETF国泰,114.976,114.965,114.997,114.964,9551.0,112377131.0,0.03,-0.03,-0.029,2.71,eastmoney,qfq
2019-07-26,511010,国债ETF国泰,114.986,114.985,115.002,114.965,14991.0,176378634.0,0.03,0.02,0.02,4.25,eastmoney,qfq
2019-07-29,511010,国债ETF国泰,114.985,114.971,115.078,114.959,9253.0,108874245.0,0.1,-0.01,-0.014,2.62,eastmoney,qfq
2019-07-30,511010,国债ETF国泰,114.935,114.965,114.973,114.924,8355.0,98284329.0,0.04,-0.01,-0.006,2.37,eastmoney,qfq
2019-07-31,511010,国债ETF国泰,114.995,115.014,115.042,114.979,8669.0,102032176.0,0.05,0.04,0.049,2.46,eastmoney,qfq
2019-08-01,511010,国债ETF国泰,115.034,115.08,115.08,115.034,12856.0,151362556.0,0.04,0.06,0.066,3.64,eastmoney,qfq
2019-08-02,511010,国债ETF国泰,115.129,115.264,115.271,115.129,8777.0,103479385.0,0.12,0.16,0.184,2.49,eastmoney,qfq
2019-08-05,511010,国债ETF国泰,115.273,115.614,116.024,115.273,6011.0,71049346.0,0.65,0.3,0.35,1.7,eastmoney,qfq
2019-08-06,511010,国债ETF国泰,124.324,115.818,124.324,115.611,8244.0,97757239.0,7.54,0.18,0.204,2.34,eastmoney,qfq
2019-08-07,511010,国债ETF国泰,115.807,115.456,115.807,115.437,5732.0,67857950.0,0.32,-0.31,-0.362,1.62,eastmoney,qfq
2019-08-08,511010,国债ETF国泰,115.33,115.47,115.514,115.33,9945.0,117499213.0,0.16,0.01,0.014,2.82,eastmoney,qfq
2019-08-09,511010,国债ETF国泰,115.493,115.751,115.78,115.493,6483.0,76700101.0,0.25,0.24,0.281,1.84,eastmoney,qfq
2019-08-12,511010,国债ETF国泰,115.751,115.964,116.323,115.669,10606.0,125829425.0,0.57,0.18,0.213,3.01,eastmoney,qfq
2019-08-13,511010,国债ETF国泰,116.274,115.953,116.274,115.943,11569.0,137254092.0,0.29,-0.01,-0.011,3.28,eastmoney,qfq
2019-08-14,511010,国债ETF国泰,115.924,115.834,116.024,115.636,6636.0,78657257.0,0.33,-0.1,-0.119,1.88,eastmoney,qfq
2019-08-15,511010,国债ETF国泰,115.859,115.85,116.065,115.807,5613.0,66569542.0,0.22,0.01,0.016,1.59,eastmoney,qfq
2019-08-16,511010,国债ETF国泰,115.862,115.752,115.862,115.742,5686.0,67359356.0,0.1,-0.08,-0.098,1.61,eastmoney,qfq
2019-08-19,511010,国债ETF国泰,115.774,115.556,115.824,115.554,11511.0,136245422.0,0.23,-0.17,-0.196,3.26,eastmoney,qfq
2019-08-20,511010,国债ETF国泰,115.573,115.544,115.589,115.524,12613.0,149112932.0,0.06,-0.01,-0.012,3.57,eastmoney,qfq
2019-08-21,511010,国债ETF国泰,115.534,115.589,115.616,115.454,7913.0,93545694.0,0.14,0.04,0.045,2.24,eastmoney,qfq
2019-08-22,511010,国债ETF国泰,115.517,115.557,115.608,115.517,10525.0,124449615.0,0.08,-0.03,-0.032,2.98,eastmoney,qfq
2019-08-23,511010,国债ETF国泰,115.574,115.351,115.583,115.324,7609.0,89936162.0,0.22,-0.18,-0.206,2.16,eastmoney,qfq
2019-08-26,511010,国债ETF国泰,115.466,115.582,115.583,115.466,13721.0,162239345.0,0.1,0.2,0.231,3.89,eastmoney,qfq
2019-08-27,511010,国债ETF国泰,115.582,115.544,115.603,115.531,7171.0,84790819.0,0.06,-0.03,-0.038,2.03,eastmoney,qfq
2019-08-28,511010,国债ETF国泰,115.565,115.564,115.601,115.555,7423.0,87770478.0,0.04,0.02,0.02,2.1,eastmoney,qfq
2019-08-29,511010,国债ETF国泰,115.564,115.594,115.6,115.525,11172.0,132090501.0,0.06,0.03,0.03,3.17,eastmoney,qfq
2019-08-30,511010,国债ETF国泰,115.594,115.515,115.598,115.5,12582.0,148739583.0,0.08,-0.07,-0.079,3.57,eastmoney,qfq
2019-09-02,511010,国债ETF国泰,115.515,115.473,115.56,115.404,8631.0,101985146.0,0.14,-0.04,-0.042,2.45,eastmoney,qfq
2019-09-03,511010,国债ETF国泰,115.474,115.371,115.474,115.324,9810.0,115853713.0,0.13,-0.09,-0.102,2.78,eastmoney,qfq
2019-09-04,511010,国债ETF国泰,115.399,115.375,115.462,115.324,13891.0,163985160.0,0.12,0.0,0.004,3.94,eastmoney,qfq
2019-09-05,511010,国债ETF国泰,115.425,115.484,115.494,115.381,11766.0,138998744.0,0.1,0.09,0.109,3.33,eastmoney,qfq
2019-09-06,511010,国债ETF国泰,115.515,115.865,115.875,115.515,5512.0,65239723.0,0.31,0.33,0.381,1.56,eastmoney,qfq
2019-09-09,511010,国债ETF国泰,115.887,115.755,115.887,115.695,5334.0,63173861.0,0.17,-0.09,-0.11,1.51,eastmoney,qfq
2019-09-10,511010,国债ETF国泰,115.503,115.706,115.758,115.503,2219.0,26258183.0,0.22,-0.04,-0.049,0.63,eastmoney,qfq
2019-09-11,511010,国债ETF国泰,115.624,115.645,115.751,115.615,4478.0,53009182.0,0.12,-0.05,-0.061,1.27,eastmoney,qfq
2019-09-12,511010,国债ETF国泰,115.643,115.523,115.723,115.444,6430.0,76073919.0,0.24,-0.11,-0.122,1.82,eastmoney,qfq
2019-09-16,511010,国债ETF国泰,115.524,115.508,115.587,115.382,6257.0,73947737.0,0.18,-0.01,-0.015,1.77,eastmoney,qfq
2019-09-17,511010,国债ETF国泰,115.541,115.556,115.623,115.469,10834.0,128128732.0,0.13,0.04,0.048,3.07,eastmoney,qfq
2019-09-18,511010,国债ETF国泰,115.506,115.51,115.567,115.506,8017.0,94764061.0,0.05,-0.04,-0.046,2.27,eastmoney,qfq
2019-09-19,511010,国债ETF国泰,115.536,115.534,115.553,115.484,8651.0,102265728.0,0.06,0.02,0.024,2.45,eastmoney,qfq
2019-09-20,511010,国债ETF国泰,115.54,115.592,115.603,115.535,3444.0,40722455.0,0.06,0.05,0.058,0.98,eastmoney,qfq
2019-09-23,511010,国债ETF国泰,115.594,115.653,115.713,115.582,4328.0,51221119.0,0.11,0.05,0.061,1.23,eastmoney,qfq
2019-09-24,511010,国债ETF国泰,115.695,115.604,115.723,115.589,2591.0,30657046.0,0.12,-0.04,-0.049,0.73,eastmoney,qfq
2019-09-25,511010,国债ETF国泰,115.605,115.606,115.654,115.572,2641.0,31237253.0,0.07,0.0,0.002,0.75,eastmoney,qfq
2019-09-26,511010,国债ETF国泰,115.609,115.578,115.628,115.545,2227.0,26336529.0,0.07,-0.02,-0.028,0.63,eastmoney,qfq
2019-09-27,511010,国债ETF国泰,115.579,115.485,115.588,115.455,4298.0,50805980.0,0.12,-0.08,-0.093,1.22,eastmoney,qfq
2019-09-30,511010,国债ETF国泰,115.524,115.723,115.803,115.524,1689.0,19973525.0,0.24,0.21,0.238,0.48,eastmoney,qfq
2019-10-08,511010,国债ETF国泰,115.7,115.675,115.722,115.598,6183.0,73175621.0,0.11,-0.04,-0.048,1.75,eastmoney,qfq
2019-10-09,511010,国债ETF国泰,115.755,115.788,115.792,115.735,4757.0,56345857.0,0.05,0.1,0.113,1.35,eastmoney,qfq
2019-10-10,511010,国债ETF国泰,115.788,115.693,115.788,115.683,7204.0,85318355.0,0.09,-0.08,-0.095,2.04,eastmoney,qfq
2019-10-11,511010,国债ETF国泰,115.673,115.628,115.683,115.575,3543.0,41918565.0,0.09,-0.06,-0.065,1.0,eastmoney,qfq
2019-10-14,511010,国债ETF国泰,115.625,115.585,115.628,115.555,5492.0,64943782.0,0.06,-0.04,-0.043,1.56,eastmoney,qfq
2019-10-15,511010,国债ETF国泰,115.585,115.615,115.635,115.585,3105.0,36729270.0,0.04,0.03,0.03,0.88,eastmoney,qfq
2019-10-16,511010,国债ETF国泰,115.626,115.604,115.654,115.566,2035.0,24073517.0,0.08,-0.01,-0.011,0.58,eastmoney,qfq
2019-10-17,511010,国债ETF国泰,115.657,115.655,115.662,115.604,3032.0,35876124.0,0.05,0.04,0.051,0.86,eastmoney,qfq
2019-10-18,511010,国债ETF国泰,115.654,115.58,115.682,115.572,3840.0,45426757.0,0.1,-0.06,-0.075,1.09,eastmoney,qfq
2019-10-21,511010,国债ETF国泰,115.554,115.342,115.595,115.285,3647.0,43070192.0,0.27,-0.21,-0.238,1.03,eastmoney,qfq
2019-10-22,511010,国债ETF国泰,115.366,115.435,115.495,115.366,2405.0,28405564.0,0.11,0.08,0.093,0.68,eastmoney,qfq
2019-10-23,511010,国债ETF国泰,115.438,115.475,115.503,115.413,2691.0,31791482.0,0.08,0.03,0.04,0.76,eastmoney,qfq
2019-10-24,511010,国债ETF国泰,115.494,115.491,115.519,115.409,3573.0,42216623.0,0.1,0.01,0.016,1.01,eastmoney,qfq
2019-10-25,511010,国债ETF国泰,115.591,115.539,115.619,115.463,1242.0,14689050.0,0.14,0.04,0.048,0.35,eastmoney,qfq
2019-10-28,511010,国债ETF国泰,115.479,115.351,115.479,115.325,5266.0,62164122.0,0.13,-0.16,-0.188,1.49,eastmoney,qfq
2019-10-29,511010,国债ETF国泰,115.35,115.284,115.351,115.234,1428.0,16849094.0,0.1,-0.06,-0.067,0.4,eastmoney,qfq
2019-10-30,511010,国债ETF国泰,115.284,115.236,115.29,115.235,5708.0,67325959.0,0.05,-0.04,-0.048,1.62,eastmoney,qfq
2019-10-31,511010,国债ETF国泰,115.292,115.284,115.303,115.254,4825.0,56910156.0,0.04,0.04,0.048,1.37,eastmoney,qfq
2019-11-01,511010,国债ETF国泰,115.306,115.345,115.384,115.299,3650.0,43078178.0,0.07,0.05,0.061,1.03,eastmoney,qfq
2019-11-04,511010,国债ETF国泰,115.275,115.28,115.344,115.274,3832.0,45206582.0,0.06,-0.06,-0.065,1.09,eastmoney,qfq
2019-11-05,511010,国债ETF国泰,115.28,115.384,115.423,115.28,3066.0,36195442.0,0.12,0.09,0.104,0.87,eastmoney,qfq
2019-11-06,511010,国债ETF国泰,115.349,115.535,115.605,115.349,2384.0,28164813.0,0.22,0.13,0.151,0.68,eastmoney,qfq
2019-11-07,511010,国债ETF国泰,115.535,115.455,115.643,115.434,2843.0,33594830.0,0.18,-0.07,-0.08,0.81,eastmoney,qfq
2019-11-08,511010,国债ETF国泰,115.439,115.403,115.458,115.326,4871.0,57516525.0,0.11,-0.05,-0.052,1.38,eastmoney,qfq
2019-11-11,511010,国债ETF国泰,115.403,115.553,115.613,115.403,10935.0,129264671.0,0.18,0.13,0.15,3.1,eastmoney,qfq
2019-11-12,511010,国债ETF国泰,115.585,115.594,115.714,115.579,4804.0,56843216.0,0.12,0.04,0.041,1.36,eastmoney,qfq
2019-11-13,511010,国债ETF国泰,115.596,115.607,115.619,114.411,10531.0,124553331.0,1.05,0.01,0.013,2.98,eastmoney,qfq
2019-11-14,511010,国债ETF国泰,115.559,115.547,115.639,115.534,9203.0,108866478.0,0.09,-0.05,-0.06,2.61,eastmoney,qfq
2019-11-15,511010,国债ETF国泰,115.55,115.645,115.662,115.55,6838.0,80880222.0,0.1,0.08,0.098,1.94,eastmoney,qfq
2019-11-18,511010,国债ETF国泰,115.659,115.962,116.114,115.659,4744.0,56199170.0,0.39,0.27,0.317,1.34,eastmoney,qfq
2019-11-19,511010,国债ETF国泰,115.964,116.019,116.089,115.964,9006.0,106883925.0,0.11,0.05,0.057,2.55,eastmoney,qfq
2019-11-20,511010,国债ETF国泰,116.019,115.955,116.023,115.874,16700.0,198208879.0,0.13,-0.06,-0.064,4.73,eastmoney,qfq
2019-11-21,511010,国债ETF国泰,115.986,116.027,116.104,115.957,8531.0,101302548.0,0.13,0.06,0.072,2.42,eastmoney,qfq
2019-11-22,511010,国债ETF国泰,116.035,115.997,116.035,115.927,11554.0,137111597.0,0.09,-0.03,-0.03,3.27,eastmoney,qfq
2019-11-25,511010,国债ETF国泰,115.983,115.894,115.983,115.874,12307.0,145989095.0,0.09,-0.09,-0.103,3.49,eastmoney,qfq
2019-11-26,511010,国债ETF国泰,115.897,115.884,115.941,115.849,12445.0,147570310.0,0.08,-0.01,-0.01,3.53,eastmoney,qfq
2019-11-27,511010,国债ETF国泰,115.869,115.923,115.981,115.869,9981.0,118392386.0,0.1,0.03,0.039,2.83,eastmoney,qfq
2019-11-28,511010,国债ETF国泰,115.987,115.92,115.987,115.92,17251.0,204614896.0,0.06,0.0,-0.003,4.89,eastmoney,qfq
2019-11-29,511010,国债ETF国泰,115.923,116.099,116.116,115.923,9132.0,108327625.0,0.17,0.15,0.179,2.59,eastmoney,qfq
2019-12-02,511010,国债ETF国泰,116.099,116.258,116.323,116.0,1232.0,14637258.0,0.28,0.14,0.159,0.35,eastmoney,qfq
2019-12-03,511010,国债ETF国泰,116.261,116.344,117.322,115.925,7973.0,94830923.0,1.2,0.07,0.086,2.26,eastmoney,qfq
2019-12-04,511010,国债ETF国泰,116.343,116.325,116.393,116.324,6544.0,77875725.0,0.06,-0.02,-0.019,1.85,eastmoney,qfq
2019-12-05,511010,国债ETF国泰,116.322,116.305,116.328,116.124,6405.0,76198153.0,0.18,-0.02,-0.02,1.82,eastmoney,qfq
2019-12-06,511010,国债ETF国泰,116.305,116.284,116.324,116.229,5919.0,70411962.0,0.08,-0.02,-0.021,1.68,eastmoney,qfq
2019-12-09,511010,国债ETF国泰,116.273,116.113,116.335,116.112,5626.0,66914380.0,0.19,-0.15,-0.171,1.59,eastmoney,qfq
2019-12-10,511010,国债ETF国泰,116.11,116.043,116.163,115.999,2325.0,27616173.0,0.14,-0.06,-0.07,0.66,eastmoney,qfq
2019-12-11,511010,国债ETF国泰,116.046,116.08,116.103,116.028,6454.0,76626916.0,0.06,0.03,0.037,1.83,eastmoney,qfq
2019-12-12,511010,国债ETF国泰,116.08,116.082,116.12,116.07,5189.0,61630956.0,0.04,0.0,0.002,1.47,eastmoney,qfq
2019-12-13,511010,国债ETF国泰,116.07,116.085,116.123,116.031,5421.0,64391404.0,0.08,0.0,0.003,1.54,eastmoney,qfq
2019-12-16,511010,国债ETF国泰,116.084,116.07,116.111,116.055,5574.0,66196409.0,0.05,-0.01,-0.015,1.58,eastmoney,qfq
2019-12-17,511010,国债ETF国泰,116.073,116.014,116.087,116.013,2942.0,34926848.0,0.06,-0.05,-0.056,0.83,eastmoney,qfq
2019-12-18,511010,国债ETF国泰,116.013,116.046,116.054,115.945,4352.0,51646346.0,0.09,0.03,0.032,1.23,eastmoney,qfq
2019-12-19,511010,国债ETF国泰,116.043,116.076,116.112,115.999,2887.0,34284776.0,0.1,0.03,0.03,0.82,eastmoney,qfq
2019-12-20,511010,国债ETF国泰,116.076,116.206,116.298,116.073,5771.0,68592159.0,0.19,0.11,0.13,1.64,eastmoney,qfq
2019-12-23,511010,国债ETF国泰,116.219,116.35,116.443,116.219,5244.0,62410990.0,0.19,0.12,0.144,1.49,eastmoney,qfq
2019-12-24,511010,国债ETF国泰,116.373,116.68,116.724,116.373,4062.0,48451114.0,0.3,0.28,0.33,1.15,eastmoney,qfq
2019-12-25,511010,国债ETF国泰,116.68,116.644,116.755,116.614,4420.0,52750156.0,0.12,-0.03,-0.036,1.25,eastmoney,qfq
2019-12-26,511010,国债ETF国泰,116.644,116.793,116.954,116.641,4283.0,51144677.0,0.27,0.13,0.149,1.21,eastmoney,qfq
2019-12-27,511010,国债ETF国泰,116.796,117.021,117.03,116.796,1129.0,13506610.0,0.2,0.2,0.228,0.32,eastmoney,qfq
2019-12-30,511010,国债ETF国泰,117.02,116.961,117.02,116.774,456.0,5453949.0,0.21,-0.05,-0.06,0.13,eastmoney,qfq
2019-12-31,511010,国债ETF国泰,116.961,117.175,117.53,116.926,3668.0,43971814.0,0.52,0.18,0.214,1.04,eastmoney,qfq
2020-01-02,511010,国债ETF国泰,116.925,116.701,117.123,116.649,3560.0,42550391.0,0.4,-0.4,-0.474,1.01,eastmoney,qfq
2020-01-03,511010,国债ETF国泰,116.705,116.59,116.762,116.575,3820.0,45576568.0,0.16,-0.1,-0.111,1.08,eastmoney,qfq
2020-01-06,511010,国债ETF国泰,116.594,116.715,116.782,116.554,9477.0,113045014.0,0.2,0.11,0.125,2.69,eastmoney,qfq
2020-01-07,511010,国债ETF国泰,116.704,116.66,116.715,116.63,7155.0,85395779.0,0.07,-0.05,-0.055,2.03,eastmoney,qfq
2020-01-08,511010,国债ETF国泰,116.674,116.793,116.81,116.671,5075.0,60626304.0,0.12,0.11,0.133,1.44,eastmoney,qfq
2020-01-09,511010,国债ETF国泰,116.754,116.898,116.905,116.688,12481.0,149197368.0,0.19,0.09,0.105,3.54,eastmoney,qfq
2020-01-10,511010,国债ETF国泰,116.848,117.02,117.031,116.784,5229.0,62577473.0,0.21,0.1,0.122,1.48,eastmoney,qfq
2020-01-13,511010,国债ETF国泰,117.023,117.023,117.069,116.974,4931.0,59033816.0,0.08,0.0,0.003,1.4,eastmoney,qfq
2020-01-14,511010,国债ETF国泰,116.974,117.113,117.177,116.924,5656.0,67698480.0,0.22,0.08,0.09,1.6,eastmoney,qfq
2020-01-15,511010,国债ETF国泰,117.029,117.164,117.239,117.023,4564.0,54694554.0,0.18,0.04,0.051,1.29,eastmoney,qfq
2020-01-16,511010,国债ETF国泰,117.209,116.972,117.209,116.941,4721.0,56530970.0,0.23,-0.16,-0.192,1.34,eastmoney,qfq
2020-01-17,511010,国债ETF国泰,116.952,117.084,117.159,116.952,5271.0,63109356.0,0.18,0.1,0.112,1.49,eastmoney,qfq
2020-01-20,511010,国债ETF国泰,117.036,117.138,117.162,117.036,4910.0,58821801.0,0.11,0.05,0.054,1.39,eastmoney,qfq
2020-01-21,511010,国债ETF国泰,117.162,117.704,117.704,117.149,5328.0,63948319.0,0.47,0.48,0.566,1.51,eastmoney,qfq
2020-01-22,511010,国债ETF国泰,117.354,117.425,117.926,117.325,5430.0,65353703.0,0.51,-0.24,-0.279,1.54,eastmoney,qfq
2020-01-23,511010,国债ETF国泰,117.425,118.123,118.253,117.425,3910.0,47165245.0,0.71,0.59,0.698,1.11,eastmoney,qfq
2020-02-03,511010,国债ETF国泰,118.139,119.921,124.142,118.139,8002.0,98121861.0,5.08,1.52,1.798,2.27,eastmoney,qfq
2020-02-04,511010,国债ETF国泰,120.03,118.66,120.039,118.324,5179.0,62879444.0,1.43,-1.05,-1.261,1.47,eastmoney,qfq
2020-02-05,511010,国债ETF国泰,118.707,118.849,119.02,118.504,4734.0,57540415.0,0.43,0.16,0.189,1.34,eastmoney,qfq
2020-02-06,511010,国债ETF国泰,118.849,118.499,118.849,118.402,4725.0,57301617.0,0.38,-0.29,-0.35,1.34,eastmoney,qfq
2020-02-07,511010,国债ETF国泰,118.502,118.69,118.814,118.502,3047.0,36966794.0,0.26,0.16,0.191,0.86,eastmoney,qfq
2020-02-10,511010,国债ETF国泰,118.714,118.893,118.894,118.714,2321.0,28198268.0,0.15,0.17,0.203,0.66,eastmoney,qfq
2020-02-11,511010,国债ETF国泰,118.843,118.966,119.024,118.826,3037.0,36937700.0,0.17,0.06,0.073,0.86,eastmoney,qfq
2020-02-12,511010,国债ETF国泰,118.989,118.846,118.989,118.724,5631.0,68492256.0,0.22,-0.1,-0.12,1.6,eastmoney,qfq
2020-02-13,511010,国债ETF国泰,118.797,118.671,118.808,118.652,5775.0,70081242.0,0.13,-0.15,-0.175,1.64,eastmoney,qfq
2020-02-14,511010,国债ETF国泰,118.671,118.667,118.709,118.659,4965.0,60252204.0,0.04,0.0,-0.004,1.41,eastmoney,qfq
2020-02-17,511010,国债ETF国泰,118.667,118.49,118.667,118.479,5459.0,66198584.0,0.16,-0.15,-0.177,1.55,eastmoney,qfq
2020-02-18,511010,国债ETF国泰,118.424,118.467,118.49,118.332,4826.0,58458977.0,0.13,-0.02,-0.023,1.37,eastmoney,qfq
2020-02-19,511010,国债ETF国泰,118.438,118.493,118.524,118.438,5271.0,63863108.0,0.07,0.02,0.026,1.49,eastmoney,qfq
2020-02-20,511010,国债ETF国泰,118.454,118.348,118.514,118.218,6576.0,79622285.0,0.25,-0.12,-0.145,1.86,eastmoney,qfq
2020-02-21,511010,国债ETF国泰,118.404,118.467,118.484,118.365,5462.0,66146987.0,0.1,0.1,0.119,1.55,eastmoney,qfq
2020-02-24,511010,国债ETF国泰,118.474,118.694,118.7,118.474,4070.0,49354089.0,0.19,0.19,0.227,1.15,eastmoney,qfq
2020-02-25,511010,国债ETF国泰,118.717,118.625,119.193,118.552,5069.0,61539748.0,0.54,-0.06,-0.069,1.44,eastmoney,qfq
2020-02-26,511010,国债ETF国泰,118.675,118.639,118.675,118.526,3546.0,43002630.0,0.13,0.01,0.014,1.0,eastmoney,qfq
2020-02-27,511010,国债ETF国泰,118.636,118.762,118.805,118.524,4797.0,58200273.0,0.24,0.1,0.123,1.36,eastmoney,qfq
2020-02-28,511010,国债ETF国泰,118.824,119.288,119.713,118.809,6396.0,77920821.0,0.76,0.44,0.526,1.81,eastmoney,qfq
2020-03-02,511010,国债ETF国泰,119.298,119.073,119.312,119.025,4472.0,54449755.0,0.24,-0.18,-0.215,1.27,eastmoney,qfq
2020-03-03,511010,国债ETF国泰,118.725,119.095,119.097,118.725,5193.0,63164629.0,0.31,0.02,0.022,1.47,eastmoney,qfq
2020-03-04,511010,国债ETF国泰,119.142,119.274,119.324,119.142,4847.0,59100564.0,0.15,0.15,0.179,1.37,eastmoney,qfq
2020-03-05,511010,国债ETF国泰,119.273,119.3,119.424,119.244,7519.0,91702898.0,0.15,0.02,0.026,2.13,eastmoney,qfq
2020-03-06,511010,国债ETF国泰,119.262,119.464,119.539,119.262,6012.0,73403881.0,0.23,0.14,0.164,1.7,eastmoney,qfq
2020-03-09,511010,国债ETF国泰,119.563,120.297,120.657,119.563,8298.0,102078464.0,0.92,0.7,0.833,2.35,eastmoney,qfq
2020-03-10,511010,国债ETF国泰,120.305,119.928,120.574,119.726,5538.0,67941112.0,0.7,-0.31,-0.369,1.57,eastmoney,qfq
2020-03-11,511010,国债ETF国泰,119.928,119.927,119.978,119.626,2069.0,25344395.0,0.29,0.0,-0.001,0.59,eastmoney,qfq
2020-03-12,511010,国债ETF国泰,119.929,120.025,120.324,119.927,5907.0,72495115.0,0.33,0.08,0.098,1.67,eastmoney,qfq
2020-03-13,511010,国债ETF国泰,120.323,119.536,120.323,119.418,3853.0,47158363.0,0.75,-0.41,-0.489,1.09,eastmoney,qfq
2020-03-16,511010,国债ETF国泰,119.589,119.391,120.224,119.345,4739.0,57879761.0,0.74,-0.12,-0.145,1.34,eastmoney,qfq
2020-03-17,511010,国债ETF国泰,119.38,119.115,119.388,119.063,2799.0,34116001.0,0.27,-0.23,-0.276,0.79,eastmoney,qfq
2020-03-18,511010,国债ETF国泰,119.025,119.115,119.119,118.893,7211.0,87747138.0,0.19,0.0,0.0,2.04,eastmoney,qfq
2020-03-19,511010,国债ETF国泰,118.975,118.803,119.256,118.742,9217.0,112201855.0,0.43,-0.26,-0.312,2.61,eastmoney,qfq
2020-03-20,511010,国债ETF国泰,118.805,119.025,119.048,118.805,7043.0,85704090.0,0.2,0.19,0.222,2.0,eastmoney,qfq
2020-03-23,511010,国债ETF国泰,119.184,119.621,119.63,119.184,10572.0,129130596.0,0.37,0.5,0.596,3.0,eastmoney,qfq
2020-03-24,511010,国债ETF国泰,119.614,119.636,119.722,119.375,10537.0,128885519.0,0.29,0.01,0.015,2.99,eastmoney,qfq
2020-03-25,511010,国债ETF国泰,119.633,119.655,119.681,119.524,9690.0,118528644.0,0.13,0.02,0.019,2.75,eastmoney,qfq
2020-03-26,511010,国债ETF国泰,119.628,119.921,120.014,119.628,9184.0,112523846.0,0.32,0.22,0.266,2.6,eastmoney,qfq
2020-03-27,511010,国债ETF国泰,119.973,120.124,120.269,119.934,6387.0,78397299.0,0.28,0.17,0.203,1.81,eastmoney,qfq
2020-03-30,511010,国债ETF国泰,120.124,120.282,120.292,120.124,6475.0,79557951.0,0.14,0.13,0.158,1.83,eastmoney,qfq
2020-03-31,511010,国债ETF国泰,119.992,120.517,120.534,119.992,9636.0,118515497.0,0.45,0.2,0.235,2.73,eastmoney,qfq
2020-04-01,511010,国债ETF国泰,120.639,120.749,121.464,120.639,8776.0,108300758.0,0.68,0.19,0.232,2.49,eastmoney,qfq
2020-04-02,511010,国债ETF国泰,120.748,120.595,120.915,120.589,9928.0,122515027.0,0.27,-0.13,-0.154,2.81,eastmoney,qfq
2020-04-03,511010,国债ETF国泰,120.601,120.537,120.734,120.509,8869.0,109363766.0,0.19,-0.05,-0.058,2.51,eastmoney,qfq
2020-04-07,511010,国债ETF国泰,120.633,121.186,121.322,120.633,9072.0,112230856.0,0.57,0.54,0.649,2.57,eastmoney,qfq
2020-04-08,511010,国债ETF国泰,121.236,121.709,121.909,121.236,9851.0,122449170.0,0.56,0.43,0.523,2.79,eastmoney,qfq
2020-04-09,511010,国债ETF国泰,121.944,121.849,122.121,121.457,8816.0,109794265.0,0.55,0.12,0.14,2.5,eastmoney,qfq
2020-04-10,511010,国债ETF国泰,121.899,121.608,121.914,121.41,9463.0,117636862.0,0.41,-0.2,-0.241,2.68,eastmoney,qfq
2020-04-13,511010,国债ETF国泰,121.608,121.782,121.799,121.51,11034.0,137273131.0,0.24,0.14,0.174,3.13,eastmoney,qfq
2020-04-14,511010,国债ETF国泰,121.8,121.822,121.848,121.781,9715.0,120939855.0,0.06,0.03,0.04,2.75,eastmoney,qfq
2020-04-15,511010,国债ETF国泰,121.934,122.411,122.417,121.924,8150.0,101601744.0,0.4,0.48,0.589,2.31,eastmoney,qfq
2020-04-16,511010,国债ETF国泰,122.409,122.287,122.635,122.204,10579.0,132315381.0,0.35,-0.1,-0.124,3.0,eastmoney,qfq
2020-04-17,511010,国债ETF国泰,122.284,122.208,122.467,122.135,9220.0,115170915.0,0.27,-0.06,-0.079,2.61,eastmoney,qfq
2020-04-20,511010,国债ETF国泰,122.208,122.199,122.324,122.124,7251.0,90576885.0,0.16,-0.01,-0.009,2.05,eastmoney,qfq
2020-04-21,511010,国债ETF国泰,122.199,122.263,122.315,122.084,6329.0,79027377.0,0.19,0.05,0.064,1.79,eastmoney,qfq
2020-04-22,511010,国债ETF国泰,122.335,122.717,122.72,122.335,5943.0,74465030.0,0.31,0.37,0.454,1.68,eastmoney,qfq
2020-04-23,511010,国债ETF国泰,122.689,123.112,123.184,122.689,6382.0,80224101.0,0.4,0.32,0.395,1.81,eastmoney,qfq
2020-04-24,511010,国债ETF国泰,123.091,123.188,123.514,122.957,11036.0,138910720.0,0.45,0.06,0.076,3.13,eastmoney,qfq
2020-04-27,511010,国债ETF国泰,123.183,123.22,123.352,123.145,8877.0,111790090.0,0.17,0.03,0.032,2.52,eastmoney,qfq
2020-04-28,511010,国债ETF国泰,123.22,123.353,123.363,123.129,5903.0,74300992.0,0.19,0.11,0.133,1.67,eastmoney,qfq
2020-04-29,511010,国债ETF国泰,124.134,123.722,124.134,123.374,9157.0,115716747.0,0.62,0.3,0.369,2.6,eastmoney,qfq
2020-04-30,511010,国债ETF国泰,123.624,123.759,123.763,123.564,7130.0,90073605.0,0.16,0.03,0.037,2.02,eastmoney,qfq
2020-05-06,511010,国债ETF国泰,123.751,123.5,123.809,123.494,7672.0,96847043.0,0.25,-0.21,-0.259,2.17,eastmoney,qfq
2020-05-07,511010,国债ETF国泰,123.492,122.771,123.492,122.627,9633.0,121109674.0,0.7,-0.59,-0.729,2.73,eastmoney,qfq
2020-05-08,511010,国债ETF国泰,122.772,122.609,122.772,122.574,7972.0,99938725.0,0.16,-0.13,-0.162,2.26,eastmoney,qfq
2020-05-11,511010,国债ETF国泰,122.534,122.337,122.633,122.184,10741.0,134386184.0,0.37,-0.22,-0.272,3.04,eastmoney,qfq
2020-05-12,511010,国债ETF国泰,122.324,122.512,122.671,122.273,9965.0,124769493.0,0.33,0.14,0.175,2.82,eastmoney,qfq
2020-05-13,511010,国债ETF国泰,122.647,122.444,122.647,122.365,6475.0,81054619.0,0.23,-0.06,-0.068,1.83,eastmoney,qfq
2020-05-14,511010,国债ETF国泰,122.444,122.648,122.703,122.232,9056.0,113354321.0,0.38,0.17,0.204,2.57,eastmoney,qfq
2020-05-15,511010,国债ETF国泰,122.704,122.86,122.894,122.65,9913.0,124386030.0,0.2,0.17,0.212,2.81,eastmoney,qfq
2020-05-18,511010,国债ETF国泰,122.859,122.426,122.859,122.412,9448.0,118271506.0,0.36,-0.35,-0.434,2.68,eastmoney,qfq
2020-05-19,511010,国债ETF国泰,122.224,122.234,122.384,122.174,10048.0,125543501.0,0.17,-0.16,-0.192,2.85,eastmoney,qfq
2020-05-20,511010,国债ETF国泰,122.174,121.832,122.214,121.724,8484.0,105696908.0,0.4,-0.33,-0.402,2.4,eastmoney,qfq
2020-05-21,511010,国债ETF国泰,121.832,121.858,122.058,121.765,8044.0,100233704.0,0.24,0.02,0.026,2.28,eastmoney,qfq
2020-05-22,511010,国债ETF国泰,121.859,122.404,122.433,121.859,8302.0,103657230.0,0.47,0.45,0.546,2.35,eastmoney,qfq
2020-05-25,511010,国债ETF国泰,121.934,122.082,122.433,121.934,7527.0,93929612.0,0.41,-0.26,-0.322,2.13,eastmoney,qfq
2020-05-26,511010,国债ETF国泰,122.124,121.403,122.132,121.225,10681.0,132673625.0,0.74,-0.56,-0.679,3.03,eastmoney,qfq
2020-05-27,511010,国债ETF国泰,121.359,121.111,121.62,120.994,10756.0,133215016.0,0.52,-0.24,-0.292,3.05,eastmoney,qfq
2020-05-28,511010,国债ETF国泰,121.124,121.352,121.494,121.124,7681.0,95252219.0,0.31,0.2,0.241,2.18,eastmoney,qfq
2020-05-29,511010,国债ETF国泰,121.352,121.216,121.488,121.215,5598.0,69416466.0,0.22,-0.11,-0.136,1.59,eastmoney,qfq
2020-06-01,511010,国债ETF国泰,121.261,121.045,121.293,120.974,6948.0,86007997.0,0.26,-0.14,-0.171,1.97,eastmoney,qfq
2020-06-02,511010,国债ETF国泰,121.024,120.462,121.024,120.374,8289.0,102264049.0,0.54,-0.48,-0.583,2.35,eastmoney,qfq
2020-06-03,511010,国债ETF国泰,120.324,120.15,120.324,120.039,9944.0,122105197.0,0.24,-0.26,-0.312,2.82,eastmoney,qfq
2020-06-04,511010,国债ETF国泰,120.17,120.025,120.26,119.973,7567.0,92913687.0,0.24,-0.1,-0.125,2.14,eastmoney,qfq
2020-06-05,511010,国债ETF国泰,120.024,119.892,120.119,119.885,7704.0,94476627.0,0.19,-0.11,-0.133,2.18,eastmoney,qfq
2020-06-08,511010,国债ETF国泰,119.823,120.213,120.293,119.775,7729.0,94846867.0,0.43,0.27,0.321,2.19,eastmoney,qfq
2020-06-09,511010,国债ETF国泰,120.201,120.283,120.584,120.201,10090.0,124195931.0,0.32,0.06,0.07,2.86,eastmoney,qfq
2020-06-10,511010,国债ETF国泰,120.276,119.975,120.446,119.964,8401.0,103256407.0,0.4,-0.26,-0.308,2.38,eastmoney,qfq
2020-06-11,511010,国债ETF国泰,120.02,120.15,120.233,119.994,6556.0,80504434.0,0.2,0.15,0.175,1.86,eastmoney,qfq
2020-06-12,511010,国债ETF国泰,120.274,120.335,120.56,120.26,16049.0,197543918.0,0.25,0.15,0.185,4.55,eastmoney,qfq
2020-06-15,511010,国债ETF国泰,120.324,120.473,120.524,120.234,8995.0,110713931.0,0.24,0.11,0.138,2.55,eastmoney,qfq
2020-06-16,511010,国债ETF国泰,120.194,119.796,120.194,119.752,11159.0,136818525.0,0.37,-0.56,-0.677,3.16,eastmoney,qfq
2020-06-17,511010,国债ETF国泰,119.796,119.334,119.814,119.324,8588.0,104931973.0,0.41,-0.39,-0.462,2.43,eastmoney,qfq
2020-06-18,511010,国债ETF国泰,119.533,119.295,119.674,119.255,9045.0,110413875.0,0.35,-0.03,-0.039,2.56,eastmoney,qfq
2020-06-19,511010,国债ETF国泰,119.444,119.124,119.444,119.032,8041.0,97984317.0,0.35,-0.14,-0.171,2.28,eastmoney,qfq
2020-06-22,511010,国债ETF国泰,119.186,119.266,119.281,119.041,8371.0,102006500.0,0.2,0.12,0.142,2.37,eastmoney,qfq
2020-06-23,511010,国债ETF国泰,119.25,118.725,119.264,118.724,9721.0,118305477.0,0.45,-0.45,-0.541,2.75,eastmoney,qfq
2020-06-24,511010,国债ETF国泰,118.951,119.222,119.252,118.944,8959.0,109130283.0,0.26,0.42,0.497,2.54,eastmoney,qfq
2020-06-29,511010,国债ETF国泰,119.246,119.469,119.522,119.207,7524.0,91887230.0,0.26,0.21,0.247,2.13,eastmoney,qfq
2020-06-30,511010,国债ETF国泰,119.464,119.32,119.464,119.212,10676.0,130215422.0,0.21,-0.12,-0.149,3.03,eastmoney,qfq
2020-07-01,511010,国债ETF国泰,119.44,119.482,119.574,119.344,8172.0,99834952.0,0.19,0.14,0.162,2.32,eastmoney,qfq
2020-07-02,511010,国债ETF国泰,119.482,119.618,119.766,119.333,11332.0,138392570.0,0.36,0.11,0.136,3.21,eastmoney,qfq
2020-07-03,511010,国债ETF国泰,119.604,119.469,119.611,119.409,6871.0,83943376.0,0.17,-0.12,-0.149,1.95,eastmoney,qfq
2020-07-06,511010,国债ETF国泰,119.334,118.74,119.334,118.724,11628.0,141439140.0,0.51,-0.61,-0.729,3.3,eastmoney,qfq
2020-07-07,511010,国债ETF国泰,118.423,118.422,118.654,117.924,9008.0,108989687.0,0.61,-0.27,-0.318,2.55,eastmoney,qfq
2020-07-08,511010,国债ETF国泰,118.424,118.199,118.618,118.026,6235.0,75494157.0,0.5,-0.19,-0.223,1.77,eastmoney,qfq
2020-07-09,511010,国债ETF国泰,118.198,118.211,118.318,118.023,13875.0,167637083.0,0.25,0.01,0.012,3.93,eastmoney,qfq
2020-07-10,511010,国债ETF国泰,118.218,118.577,118.63,118.218,8487.0,102784178.0,0.35,0.31,0.366,2.41,eastmoney,qfq
2020-07-13,511010,国债ETF国泰,118.527,118.264,119.124,118.024,10535.0,127499897.0,0.93,-0.26,-0.313,2.99,eastmoney,qfq
2020-07-14,511010,国债ETF国泰,118.433,118.724,118.934,118.433,14257.0,173081702.0,0.42,0.39,0.46,4.04,eastmoney,qfq
2020-07-15,511010,国债ETF国泰,118.454,118.941,118.973,118.448,10165.0,123472134.0,0.44,0.18,0.217,2.88,eastmoney,qfq
2020-07-16,511010,国债ETF国泰,118.903,119.34,119.687,118.847,16332.0,199214053.0,0.71,0.34,0.399,4.63,eastmoney,qfq
2020-07-17,511010,国债ETF国泰,119.341,119.125,119.624,119.027,12415.0,151486065.0,0.5,-0.18,-0.215,3.52,eastmoney,qfq
2020-07-20,511010,国债ETF国泰,119.042,118.867,119.175,118.324,13870.0,168491001.0,0.71,-0.22,-0.258,3.93,eastmoney,qfq
2020-07-21,511010,国债ETF国泰,118.844,119.093,119.216,118.724,10676.0,129946199.0,0.41,0.19,0.226,3.03,eastmoney,qfq
2020-07-22,511010,国债ETF国泰,119.123,119.526,119.533,118.944,10239.0,124763754.0,0.49,0.36,0.433,2.9,eastmoney,qfq
2020-07-23,511010,国债ETF国泰,119.535,119.816,119.892,119.312,12160.0,148802629.0,0.49,0.24,0.29,3.45,eastmoney,qfq
2020-07-24,511010,国债ETF国泰,119.815,119.685,119.882,119.49,12468.0,152579319.0,0.33,-0.11,-0.131,3.53,eastmoney,qfq
2020-07-27,511010,国债ETF国泰,119.655,119.814,119.853,119.634,10345.0,126636350.0,0.18,0.11,0.129,2.93,eastmoney,qfq
2020-07-28,511010,国债ETF国泰,119.809,119.572,119.809,119.49,13258.0,162076029.0,0.27,-0.2,-0.242,3.76,eastmoney,qfq
2020-07-29,511010,国债ETF国泰,119.564,119.436,119.572,119.429,8432.0,102979284.0,0.12,-0.11,-0.136,2.39,eastmoney,qfq
2020-07-30,511010,国债ETF国泰,119.324,119.309,119.364,119.246,11206.0,136669768.0,0.1,-0.11,-0.127,3.18,eastmoney,qfq
2020-07-31,511010,国债ETF国泰,119.25,119.08,119.279,119.061,9523.0,116002491.0,0.18,-0.19,-0.229,2.7,eastmoney,qfq
2020-08-03,511010,国债ETF国泰,118.984,118.98,119.02,118.024,6755.0,82139697.0,0.84,-0.08,-0.1,1.91,eastmoney,qfq
2020-08-04,511010,国债ETF国泰,118.962,118.995,119.022,118.837,7136.0,86781012.0,0.16,0.01,0.015,2.02,eastmoney,qfq
2020-08-05,511010,国债ETF国泰,119.012,119.05,119.214,119.012,8505.0,103540202.0,0.17,0.05,0.055,2.41,eastmoney,qfq
2020-08-06,511010,国债ETF国泰,118.936,118.945,119.014,118.847,7012.0,85273174.0,0.14,-0.09,-0.105,1.99,eastmoney,qfq
2020-08-07,511010,国债ETF国泰,118.896,118.94,119.021,118.83,6574.0,79932748.0,0.16,0.0,-0.005,1.86,eastmoney,qfq
2020-08-10,511010,国债ETF国泰,118.914,118.935,118.993,118.865,5216.0,63421551.0,0.11,0.0,-0.005,1.48,eastmoney,qfq
2020-08-11,511010,国债ETF国泰,118.924,118.912,118.937,118.825,6784.0,82471435.0,0.09,-0.02,-0.023,1.92,eastmoney,qfq
2020-08-12,511010,国债ETF国泰,118.909,118.49,118.914,118.424,7085.0,85943884.0,0.41,-0.35,-0.422,2.01,eastmoney,qfq
2020-08-13,511010,国债ETF国泰,118.49,118.602,118.703,118.407,8025.0,97283246.0,0.25,0.09,0.112,2.27,eastmoney,qfq
2020-08-14,511010,国债ETF国泰,118.551,118.625,118.749,118.485,6208.0,75335685.0,0.22,0.02,0.023,1.76,eastmoney,qfq
2020-08-17,511010,国债ETF国泰,118.654,118.753,118.773,118.627,5045.0,61253675.0,0.12,0.11,0.128,1.43,eastmoney,qfq
2020-08-18,511010,国债ETF国泰,118.725,118.831,118.831,118.656,5260.0,63888215.0,0.15,0.07,0.078,1.49,eastmoney,qfq
2020-08-19,511010,国债ETF国泰,118.744,118.714,118.844,118.709,8944.0,108632377.0,0.11,-0.1,-0.117,2.53,eastmoney,qfq
2020-08-20,511010,国债ETF国泰,118.753,118.446,118.754,118.422,3893.0,47204598.0,0.28,-0.23,-0.268,1.1,eastmoney,qfq
2020-08-21,511010,国债ETF国泰,118.435,118.469,118.605,118.426,3286.0,39815183.0,0.15,0.02,0.023,0.93,eastmoney,qfq
2020-08-24,511010,国债ETF国泰,118.427,118.445,118.497,118.427,2818.0,34138785.0,0.06,-0.02,-0.024,0.8,eastmoney,qfq
2020-08-25,511010,国债ETF国泰,118.445,118.191,118.46,118.175,5435.0,65737889.0,0.24,-0.21,-0.254,1.54,eastmoney,qfq
2020-08-26,511010,国债ETF国泰,118.195,118.07,118.264,118.057,4752.0,57445404.0,0.18,-0.1,-0.121,1.35,eastmoney,qfq
2020-08-27,511010,国债ETF国泰,118.097,117.81,118.097,117.805,4813.0,58041887.0,0.25,-0.22,-0.26,1.36,eastmoney,qfq
2020-08-28,511010,国债ETF国泰,117.764,117.727,117.827,117.696,6853.0,82523074.0,0.11,-0.07,-0.083,1.94,eastmoney,qfq
2020-08-31,511010,国债ETF国泰,117.743,117.812,117.834,117.678,6105.0,73533285.0,0.13,0.07,0.085,1.73,eastmoney,qfq
2020-09-01,511010,国债ETF国泰,117.884,118.177,118.229,117.836,5770.0,69672044.0,0.33,0.31,0.365,1.64,eastmoney,qfq
2020-09-02,511010,国债ETF国泰,118.173,118.039,118.205,118.024,5140.0,62064775.0,0.15,-0.12,-0.138,1.46,eastmoney,qfq
2020-09-03,511010,国债ETF国泰,117.99,118.016,118.021,117.804,2796.0,33706460.0,0.18,-0.02,-0.023,0.79,eastmoney,qfq
2020-09-04,511010,国债ETF国泰,118.001,117.82,118.002,117.814,7177.0,86498435.0,0.16,-0.17,-0.196,2.03,eastmoney,qfq
2020-09-07,511010,国债ETF国泰,117.864,117.536,117.944,117.535,6103.0,73457892.0,0.35,-0.24,-0.284,1.73,eastmoney,qfq
2020-09-08,511010,国债ETF国泰,117.526,117.752,117.781,117.489,5814.0,70004685.0,0.25,0.18,0.216,1.65,eastmoney,qfq
2020-09-09,511010,国债ETF国泰,117.752,117.865,117.983,117.752,7175.0,86455641.0,0.2,0.1,0.113,2.03,eastmoney,qfq
2020-09-10,511010,国债ETF国泰,117.865,118.101,118.154,117.832,6257.0,75544730.0,0.27,0.2,0.236,1.77,eastmoney,qfq
2020-09-11,511010,国债ETF国泰,118.137,118.03,118.222,117.966,4011.0,48429518.0,0.22,-0.06,-0.071,1.14,eastmoney,qfq
2020-09-14,511010,国债ETF国泰,118.031,117.819,118.031,117.675,7229.0,87093750.0,0.3,-0.18,-0.211,2.05,eastmoney,qfq
2020-09-15,511010,国债ETF国泰,117.784,117.95,118.069,117.779,8582.0,103540108.0,0.25,0.11,0.131,2.43,eastmoney,qfq
2020-09-16,511010,国债ETF国泰,117.98,117.999,118.047,117.931,5699.0,68773855.0,0.1,0.04,0.049,1.62,eastmoney,qfq
2020-09-17,511010,国债ETF国泰,118.014,118.034,118.115,118.0,6390.0,77152591.0,0.1,0.03,0.035,1.81,eastmoney,qfq
2020-09-18,511010,国债ETF国泰,117.984,118.038,118.326,117.95,6214.0,75040555.0,0.32,0.0,0.004,1.76,eastmoney,qfq
2020-09-21,511010,国债ETF国泰,118.054,118.382,118.423,118.031,6893.0,83403068.0,0.33,0.29,0.344,1.95,eastmoney,qfq
2020-09-22,511010,国债ETF国泰,118.384,118.541,118.585,118.318,6107.0,73978728.0,0.23,0.13,0.159,1.73,eastmoney,qfq
2020-09-23,511010,国债ETF国泰,118.542,118.506,118.622,118.426,4009.0,48581386.0,0.17,-0.03,-0.035,1.14,eastmoney,qfq
2020-09-24,511010,国债ETF国泰,118.549,118.405,118.577,118.4,5572.0,67497545.0,0.15,-0.09,-0.101,1.58,eastmoney,qfq
2020-09-25,511010,国债ETF国泰,118.404,118.279,118.446,118.187,6298.0,76208282.0,0.22,-0.11,-0.126,1.78,eastmoney,qfq
2020-09-28,511010,国债ETF国泰,118.278,118.178,118.287,118.035,6075.0,73402233.0,0.21,-0.09,-0.101,1.72,eastmoney,qfq
2020-09-29,511010,国债ETF国泰,118.129,118.07,118.169,118.055,6041.0,72967224.0,0.1,-0.09,-0.108,1.71,eastmoney,qfq
2020-09-30,511010,国债ETF国泰,118.08,118.024,118.301,117.989,4207.0,50854403.0,0.26,-0.04,-0.046,1.19,eastmoney,qfq
2020-10-09,511010,国债ETF国泰,118.024,117.847,118.025,117.825,3332.0,40174347.0,0.17,-0.15,-0.177,0.94,eastmoney,qfq
2020-10-12,511010,国债ETF国泰,117.847,117.924,118.01,117.73,6811.0,82099960.0,0.24,0.07,0.077,1.93,eastmoney,qfq
2020-10-13,511010,国债ETF国泰,117.924,117.76,118.023,117.691,4682.0,56452469.0,0.28,-0.14,-0.164,1.33,eastmoney,qfq
2020-10-14,511010,国债ETF国泰,117.732,117.753,117.875,117.716,4636.0,55840180.0,0.14,-0.01,-0.007,1.31,eastmoney,qfq
2020-10-15,511010,国债ETF国泰,117.744,117.615,117.84,117.574,5649.0,67970586.0,0.23,-0.12,-0.138,1.6,eastmoney,qfq
2020-10-16,511010,国债ETF国泰,117.627,117.805,117.897,117.627,5136.0,61864296.0,0.23,0.16,0.19,1.46,eastmoney,qfq
2020-10-19,511010,国债ETF国泰,117.851,118.053,118.074,117.758,4368.0,52697329.0,0.27,0.21,0.248,1.24,eastmoney,qfq
2020-10-20,511010,国债ETF国泰,118.023,118.095,118.164,117.933,5112.0,61687743.0,0.2,0.04,0.042,1.45,eastmoney,qfq
2020-10-21,511010,国债ETF国泰,118.106,118.202,118.304,117.976,4122.0,49818163.0,0.28,0.09,0.107,1.17,eastmoney,qfq
2020-10-22,511010,国债ETF国泰,118.186,118.325,118.365,118.186,3579.0,43298268.0,0.15,0.1,0.123,1.01,eastmoney,qfq
2020-10-23,511010,国债ETF国泰,118.325,118.147,118.382,118.143,3527.0,42642863.0,0.2,-0.15,-0.178,1.0,eastmoney,qfq
2020-10-26,511010,国债ETF国泰,118.139,118.034,118.227,118.024,3961.0,47846991.0,0.17,-0.1,-0.113,1.12,eastmoney,qfq
2020-10-27,511010,国债ETF国泰,118.025,118.266,118.325,118.024,5905.0,71386009.0,0.26,0.2,0.232,1.67,eastmoney,qfq
2020-10-28,511010,国债ETF国泰,118.315,118.199,118.405,118.114,4336.0,52439436.0,0.25,-0.06,-0.067,1.23,eastmoney,qfq
2020-10-29,511010,国债ETF国泰,118.249,118.144,118.292,118.132,5673.0,68582809.0,0.14,-0.05,-0.055,1.61,eastmoney,qfq
2020-10-30,511010,国债ETF国泰,118.147,118.285,118.32,118.145,6248.0,75551351.0,0.15,0.12,0.141,1.77,eastmoney,qfq
2020-11-02,511010,国债ETF国泰,118.285,118.501,118.623,118.285,3020.0,36565832.0,0.29,0.18,0.216,0.86,eastmoney,qfq
2020-11-03,511010,国债ETF国泰,118.514,118.46,118.626,118.404,2961.0,35883700.0,0.19,-0.03,-0.041,0.84,eastmoney,qfq
2020-11-04,511010,国债ETF国泰,118.519,118.538,118.562,116.912,5926.0,71791867.0,1.39,0.07,0.078,1.68,eastmoney,qfq
2020-11-05,511010,国债ETF国泰,118.507,118.407,118.524,118.406,2041.0,24724720.0,0.1,-0.11,-0.131,0.58,eastmoney,qfq
2020-11-06,511010,国债ETF国泰,118.409,118.24,118.409,117.946,5645.0,68271170.0,0.39,-0.14,-0.167,1.6,eastmoney,qfq
2020-11-09,511010,国债ETF国泰,118.19,118.058,118.289,117.93,6631.0,80057585.0,0.3,-0.15,-0.182,1.88,eastmoney,qfq
2020-11-10,511010,国债ETF国泰,117.938,118.092,118.223,117.938,4862.0,58729525.0,0.24,0.03,0.034,1.38,eastmoney,qfq
2020-11-11,511010,国债ETF国泰,118.059,118.076,118.224,118.053,7033.0,84939017.0,0.14,-0.01,-0.016,1.99,eastmoney,qfq
2020-11-12,511010,国债ETF国泰,118.076,118.025,118.08,117.759,6212.0,74976360.0,0.27,-0.04,-0.051,1.76,eastmoney,qfq
2020-11-13,511010,国债ETF国泰,117.975,117.766,118.063,117.698,7373.0,88836975.0,0.31,-0.22,-0.259,2.09,eastmoney,qfq
2020-11-16,511010,国债ETF国泰,117.766,117.97,117.995,117.766,5101.0,61538336.0,0.19,0.17,0.204,1.45,eastmoney,qfq
2020-11-17,511010,国债ETF国泰,117.974,117.903,118.201,117.845,6731.0,81227285.0,0.3,-0.06,-0.067,1.91,eastmoney,qfq
2020-11-18,511010,国债ETF国泰,117.925,117.736,117.93,117.724,3379.0,40707420.0,0.17,-0.14,-0.167,0.96,eastmoney,qfq
2020-11-19,511010,国债ETF国泰,117.745,117.671,117.745,117.642,3114.0,37477138.0,0.09,-0.06,-0.065,0.88,eastmoney,qfq
2020-11-20,511010,国债ETF国泰,117.658,117.671,117.724,117.505,6259.0,75318671.0,0.19,0.0,0.0,1.77,eastmoney,qfq
2020-11-23,511010,国债ETF国泰,117.685,117.981,117.984,117.685,2750.0,33145266.0,0.25,0.26,0.31,0.78,eastmoney,qfq
2020-11-24,511010,国债ETF国泰,117.935,117.848,118.046,117.844,3768.0,45434124.0,0.17,-0.11,-0.133,1.07,eastmoney,qfq
2020-11-25,511010,国债ETF国泰,117.848,117.909,117.926,117.769,2048.0,24687478.0,0.13,0.05,0.061,0.58,eastmoney,qfq
2020-11-26,511010,国债ETF国泰,117.927,117.875,117.981,117.859,4416.0,53255592.0,0.1,-0.03,-0.034,1.25,eastmoney,qfq
2020-11-27,511010,国债ETF国泰,117.877,117.828,117.936,117.821,4409.0,53143170.0,0.1,-0.04,-0.047,1.25,eastmoney,qfq
2020-11-30,511010,国债ETF国泰,117.828,118.11,118.113,117.778,7746.0,93472084.0,0.28,0.24,0.282,2.2,eastmoney,qfq
2020-12-01,511010,国债ETF国泰,118.104,117.923,118.104,117.894,6647.0,80184284.0,0.18,-0.16,-0.187,1.88,eastmoney,qfq
2020-12-02,511010,国债ETF国泰,117.939,117.957,117.965,117.858,6672.0,80463325.0,0.09,0.03,0.034,1.89,eastmoney,qfq
2020-12-03,511010,国债ETF国泰,117.942,117.866,117.956,117.829,5155.0,62143155.0,0.11,-0.08,-0.091,1.46,eastmoney,qfq
2020-12-04,511010,国债ETF国泰,117.86,118.059,118.069,117.86,5861.0,70714028.0,0.18,0.16,0.193,1.66,eastmoney,qfq
2020-12-07,511010,国债ETF国泰,118.053,117.992,118.195,117.978,6041.0,72924425.0,0.18,-0.06,-0.067,1.71,eastmoney,qfq
2020-12-08,511010,国债ETF国泰,117.992,118.042,118.064,117.992,5381.0,64956680.0,0.06,0.04,0.05,1.52,eastmoney,qfq
2020-12-09,511010,国债ETF国泰,118.048,118.088,118.089,118.026,6596.0,79637782.0,0.05,0.04,0.046,1.87,eastmoney,qfq
2020-12-10,511010,国债ETF国泰,117.985,118.087,118.099,117.985,3063.0,36983484.0,0.1,0.0,-0.001,0.87,eastmoney,qfq
2020-12-11,511010,国债ETF国泰,118.071,117.947,118.087,117.902,5921.0,71433732.0,0.16,-0.12,-0.14,1.68,eastmoney,qfq
2020-12-14,511010,国债ETF国泰,117.947,117.839,117.954,117.798,4637.0,55892801.0,0.13,-0.09,-0.108,1.31,eastmoney,qfq
2020-12-15,511010,国债ETF国泰,117.913,118.042,118.109,117.844,7178.0,86667067.0,0.22,0.17,0.203,2.03,eastmoney,qfq
2020-12-16,511010,国债ETF国泰,118.046,118.108,118.145,118.032,5981.0,72235248.0,0.1,0.06,0.066,1.69,eastmoney,qfq
2020-12-17,511010,国债ETF国泰,118.175,118.06,118.203,118.047,5846.0,70595755.0,0.13,-0.04,-0.048,1.66,eastmoney,qfq
2020-12-18,511010,国债ETF国泰,118.027,117.99,118.074,117.974,4401.0,53116080.0,0.08,-0.06,-0.07,1.25,eastmoney,qfq
2020-12-21,511010,国债ETF国泰,117.977,118.133,118.173,117.926,6051.0,73087725.0,0.21,0.12,0.143,1.71,eastmoney,qfq
2020-12-22,511010,国债ETF国泰,118.12,118.352,118.377,118.12,6375.0,77102069.0,0.22,0.19,0.219,1.81,eastmoney,qfq
2020-12-23,511010,国债ETF国泰,118.352,118.422,118.458,118.332,4401.0,53271183.0,0.11,0.06,0.07,1.25,eastmoney,qfq
2020-12-24,511010,国债ETF国泰,118.416,118.445,118.553,118.394,6025.0,72985990.0,0.13,0.02,0.023,1.71,eastmoney,qfq
2020-12-25,511010,国债ETF国泰,118.445,118.575,118.64,118.411,6667.0,80809072.0,0.19,0.11,0.13,1.89,eastmoney,qfq
2020-12-28,511010,国债ETF国泰,118.575,118.455,118.724,118.445,8468.0,102648387.0,0.24,-0.1,-0.12,2.4,eastmoney,qfq
2020-12-29,511010,国债ETF国泰,118.574,118.524,118.591,118.407,5753.0,69709292.0,0.16,0.06,0.069,1.63,eastmoney,qfq
2020-12-30,511010,国债ETF国泰,118.526,118.59,118.704,118.519,5814.0,70507351.0,0.16,0.06,0.066,1.65,eastmoney,qfq
2020-12-31,511010,国债ETF国泰,118.636,118.636,118.697,118.547,5948.0,72135713.0,0.13,0.04,0.046,1.69,eastmoney,qfq
2021-01-04,511010,国债ETF国泰,118.452,118.448,118.639,118.422,5806.0,70346658.0,0.18,-0.16,-0.188,1.65,eastmoney,qfq
2021-01-05,511010,国债ETF国泰,118.448,118.566,118.592,118.427,5650.0,68484357.0,0.14,0.1,0.118,1.6,eastmoney,qfq
2021-01-06,511010,国债ETF国泰,118.567,118.817,118.874,118.567,7279.0,88412918.0,0.26,0.21,0.251,2.06,eastmoney,qfq
2021-01-07,511010,国债ETF国泰,118.824,118.888,118.92,118.804,5541.0,67349758.0,0.1,0.06,0.071,1.57,eastmoney,qfq
2021-01-08,511010,国债ETF国泰,118.889,118.833,118.924,118.79,5561.0,67576323.0,0.11,-0.05,-0.055,1.58,eastmoney,qfq
2021-01-11,511010,国债ETF国泰,118.923,118.716,118.923,118.69,5319.0,64596807.0,0.2,-0.1,-0.117,1.51,eastmoney,qfq
2021-01-12,511010,国债ETF国泰,118.719,118.842,118.875,118.699,6306.0,76614062.0,0.15,0.11,0.126,1.79,eastmoney,qfq
2021-01-13,511010,国债ETF国泰,118.846,119.081,119.101,118.846,5939.0,72272685.0,0.21,0.2,0.239,1.68,eastmoney,qfq
2021-01-14,511010,国债ETF国泰,119.129,119.332,119.424,119.124,7162.0,87342868.0,0.25,0.21,0.251,2.03,eastmoney,qfq
2021-01-15,511010,国债ETF国泰,119.344,119.184,119.35,119.137,5160.0,62910663.0,0.18,-0.12,-0.148,1.46,eastmoney,qfq
2021-01-18,511010,国债ETF国泰,119.205,119.016,119.234,118.979,2676.0,32577027.0,0.21,-0.14,-0.168,0.76,eastmoney,qfq
2021-01-19,511010,国债ETF国泰,118.974,118.792,119.024,118.741,3692.0,44857249.0,0.24,-0.19,-0.224,1.05,eastmoney,qfq
2021-01-20,511010,国债ETF国泰,118.834,118.987,118.993,118.793,6964.0,84657072.0,0.17,0.16,0.195,1.97,eastmoney,qfq
2021-01-21,511010,国债ETF国泰,118.954,119.134,119.144,118.914,7248.0,88244041.0,0.19,0.12,0.147,2.05,eastmoney,qfq
2021-01-22,511010,国债ETF国泰,119.124,119.189,119.189,118.974,6071.0,73928836.0,0.18,0.05,0.055,1.72,eastmoney,qfq
2021-01-25,511010,国债ETF国泰,119.124,119.192,119.2,119.042,6296.0,76700509.0,0.13,0.0,0.003,1.78,eastmoney,qfq
2021-01-26,511010,国债ETF国泰,119.029,118.776,119.136,118.744,7014.0,85263571.0,0.33,-0.35,-0.416,1.99,eastmoney,qfq
2021-01-27,511010,国债ETF国泰,118.728,118.804,118.871,118.691,3919.0,47599253.0,0.15,0.02,0.028,1.11,eastmoney,qfq
2021-01-28,511010,国债ETF国泰,118.754,118.71,118.819,118.64,6709.0,81448211.0,0.15,-0.08,-0.094,1.9,eastmoney,qfq
2021-01-29,511010,国债ETF国泰,118.71,118.734,118.769,118.281,8939.0,108452029.0,0.41,0.02,0.024,2.53,eastmoney,qfq
2021-02-01,511010,国债ETF国泰,118.726,118.853,118.933,118.645,7030.0,85431099.0,0.24,0.1,0.119,1.99,eastmoney,qfq
2021-02-02,511010,国债ETF国泰,118.853,118.915,119.157,118.801,7977.0,97014111.0,0.3,0.05,0.062,2.26,eastmoney,qfq
2021-02-03,511010,国债ETF国泰,118.919,118.99,119.094,118.854,4422.0,53774633.0,0.2,0.06,0.075,1.25,eastmoney,qfq
2021-02-04,511010,国债ETF国泰,118.99,118.962,119.096,118.887,4798.0,58383515.0,0.18,-0.02,-0.028,1.36,eastmoney,qfq
2021-02-05,511010,国债ETF国泰,118.922,118.771,118.931,118.759,6248.0,75903897.0,0.14,-0.16,-0.191,1.77,eastmoney,qfq
2021-02-08,511010,国债ETF国泰,118.729,118.631,118.781,118.424,5982.0,72521118.0,0.3,-0.12,-0.14,1.7,eastmoney,qfq
2021-02-09,511010,国债ETF国泰,118.631,118.618,118.642,118.454,7071.0,85748638.0,0.16,-0.01,-0.013,2.0,eastmoney,qfq
2021-02-10,511010,国债ETF国泰,118.585,118.79,118.911,118.519,4304.0,52238551.0,0.33,0.15,0.172,1.22,eastmoney,qfq
2021-02-18,511010,国债ETF国泰,118.795,118.673,118.795,118.654,5693.0,69108342.0,0.12,-0.1,-0.117,1.61,eastmoney,qfq
2021-02-19,511010,国债ETF国泰,118.664,118.689,118.723,118.629,6491.0,78768868.0,0.08,0.01,0.016,1.84,eastmoney,qfq
2021-02-22,511010,国债ETF国泰,118.684,118.743,118.755,118.576,5580.0,67713914.0,0.15,0.05,0.054,1.58,eastmoney,qfq
2021-02-23,511010,国债ETF国泰,118.694,118.873,118.874,118.694,5046.0,61292607.0,0.15,0.11,0.13,1.43,eastmoney,qfq
2021-02-24,511010,国债ETF国泰,118.874,119.095,119.103,118.874,4780.0,58165636.0,0.19,0.19,0.222,1.35,eastmoney,qfq
2021-02-25,511010,国债ETF国泰,119.095,119.08,119.111,119.001,6296.0,76650380.0,0.09,-0.01,-0.015,1.78,eastmoney,qfq
2021-02-26,511010,国债ETF国泰,118.984,118.832,119.084,118.807,5008.0,60879050.0,0.23,-0.21,-0.248,1.42,eastmoney,qfq
2021-03-01,511010,国债ETF国泰,118.824,118.827,118.849,118.789,4845.0,58860413.0,0.05,0.0,-0.005,1.37,eastmoney,qfq
2021-03-02,511010,国债ETF国泰,118.827,119.307,119.318,118.772,5980.0,72791826.0,0.46,0.4,0.48,1.69,eastmoney,qfq
2021-03-03,511010,国债ETF国泰,119.222,119.228,119.409,119.095,8136.0,99177437.0,0.26,-0.07,-0.079,2.31,eastmoney,qfq
2021-03-04,511010,国债ETF国泰,119.225,119.176,119.243,119.13,6382.0,77769007.0,0.09,-0.04,-0.052,1.81,eastmoney,qfq
2021-03-05,511010,国债ETF国泰,119.129,119.315,119.318,119.039,9589.0,116852726.0,0.23,0.12,0.139,2.72,eastmoney,qfq
2021-03-08,511010,国债ETF国泰,119.272,119.314,119.322,119.137,4723.0,57587127.0,0.16,0.0,-0.001,1.34,eastmoney,qfq
2021-03-09,511010,国债ETF国泰,119.204,119.178,119.312,119.138,6934.0,84505799.0,0.15,-0.11,-0.136,1.97,eastmoney,qfq
2021-03-10,511010,国债ETF国泰,119.128,119.253,119.262,119.049,6962.0,84821876.0,0.18,0.06,0.075,1.97,eastmoney,qfq
2021-03-11,511010,国债ETF国泰,119.284,119.168,119.284,119.128,5846.0,71236609.0,0.13,-0.07,-0.085,1.66,eastmoney,qfq
2021-03-12,511010,国债ETF国泰,119.124,119.178,119.269,119.026,8189.0,99719086.0,0.2,0.01,0.01,2.32,eastmoney,qfq
2021-03-15,511010,国债ETF国泰,119.185,119.115,119.185,119.074,6080.0,74054266.0,0.09,-0.05,-0.063,1.72,eastmoney,qfq
2021-03-16,511010,国债ETF国泰,119.104,118.951,119.104,118.939,5164.0,62850052.0,0.14,-0.14,-0.164,1.46,eastmoney,qfq
2021-03-17,511010,国债ETF国泰,118.958,118.997,119.064,118.958,3908.0,47553688.0,0.09,0.04,0.046,1.11,eastmoney,qfq
2021-03-18,511010,国债ETF国泰,118.947,118.942,119.011,118.924,7149.0,86953892.0,0.07,-0.05,-0.055,2.03,eastmoney,qfq
2021-03-19,511010,国债ETF国泰,118.929,118.918,119.013,118.876,8561.0,104123275.0,0.12,-0.02,-0.024,2.43,eastmoney,qfq
2021-03-22,511010,国债ETF国泰,118.895,118.934,118.981,118.895,8184.0,99535396.0,0.07,0.01,0.016,2.32,eastmoney,qfq
2021-03-23,511010,国债ETF国泰,118.924,118.963,119.012,118.922,4503.0,54770544.0,0.08,0.02,0.029,1.28,eastmoney,qfq
2021-03-24,511010,国债ETF国泰,118.991,119.114,119.118,118.974,6022.0,73315463.0,0.12,0.13,0.151,1.71,eastmoney,qfq
2021-03-25,511010,国债ETF国泰,119.084,119.209,119.242,119.064,6504.0,79252688.0,0.15,0.08,0.095,1.84,eastmoney,qfq
2021-03-26,511010,国债ETF国泰,119.209,119.044,119.257,119.03,7204.0,87715353.0,0.19,-0.14,-0.165,2.04,eastmoney,qfq
2021-03-29,511010,国债ETF国泰,119.044,119.034,119.074,118.981,3224.0,39233023.0,0.08,-0.01,-0.01,0.91,eastmoney,qfq
2021-03-30,511010,国债ETF国泰,119.006,119.226,119.257,119.006,3582.0,43631733.0,0.21,0.16,0.192,1.02,eastmoney,qfq
2021-03-31,511010,国债ETF国泰,119.224,119.258,119.286,119.119,8366.0,102003728.0,0.14,0.03,0.032,2.37,eastmoney,qfq
2021-04-01,511010,国债ETF国泰,119.259,119.224,119.343,119.163,3070.0,37416355.0,0.15,-0.03,-0.034,0.87,eastmoney,qfq
2021-04-02,511010,国债ETF国泰,119.223,119.406,119.49,119.159,7049.0,86048958.0,0.28,0.15,0.182,2.0,eastmoney,qfq
2021-04-06,511010,国债ETF国泰,119.356,119.328,119.356,119.225,5369.0,65484794.0,0.11,-0.07,-0.078,1.52,eastmoney,qfq
2021-04-07,511010,国债ETF国泰,119.315,119.311,119.384,119.221,5008.0,61098144.0,0.14,-0.01,-0.017,1.42,eastmoney,qfq
2021-04-08,511010,国债ETF国泰,119.311,119.153,119.318,119.145,6765.0,82436680.0,0.15,-0.13,-0.158,1.92,eastmoney,qfq
2021-04-09,511010,国债ETF国泰,119.08,119.149,119.182,119.08,6156.0,75000429.0,0.09,0.0,-0.004,1.74,eastmoney,qfq
2021-04-12,511010,国债ETF国泰,119.149,119.373,119.47,119.134,5763.0,70322353.0,0.28,0.19,0.224,1.63,eastmoney,qfq
2021-04-13,511010,国债ETF国泰,119.325,119.637,119.674,119.325,4336.0,52988207.0,0.29,0.22,0.264,1.23,eastmoney,qfq
2021-04-14,511010,国债ETF国泰,119.643,119.597,119.856,119.547,4787.0,58593890.0,0.26,-0.03,-0.04,1.36,eastmoney,qfq
2021-04-15,511010,国债ETF国泰,119.644,119.603,119.715,119.567,2782.0,34021819.0,0.12,0.01,0.006,0.79,eastmoney,qfq
2021-04-16,511010,国债ETF国泰,119.553,119.663,119.714,119.504,3821.0,46739307.0,0.18,0.05,0.06,1.08,eastmoney,qfq
2021-04-19,511010,国债ETF国泰,119.676,119.585,119.716,119.532,6721.0,82217054.0,0.15,-0.07,-0.078,1.9,eastmoney,qfq
2021-04-20,511010,国债ETF国泰,119.589,119.646,119.693,119.589,2864.0,35032297.0,0.09,0.05,0.061,0.81,eastmoney,qfq
2021-04-21,511010,国债ETF国泰,119.596,119.879,119.88,119.596,3866.0,47317396.0,0.24,0.19,0.233,1.1,eastmoney,qfq
2021-04-22,511010,国债ETF国泰,119.879,119.781,119.879,119.641,4814.0,58949188.0,0.2,-0.08,-0.098,1.36,eastmoney,qfq
2021-04-23,511010,国债ETF国泰,119.804,120.07,120.122,119.73,3037.0,37241556.0,0.33,0.24,0.289,0.86,eastmoney,qfq
2021-04-26,511010,国债ETF国泰,120.08,119.905,120.08,119.885,3580.0,43898918.0,0.16,-0.14,-0.165,1.01,eastmoney,qfq
2021-04-27,511010,国债ETF国泰,119.861,119.807,119.994,119.776,4769.0,58456339.0,0.18,-0.08,-0.098,1.35,eastmoney,qfq
2021-04-28,511010,国债ETF国泰,119.75,119.722,119.807,119.608,3670.0,44894931.0,0.17,-0.07,-0.085,1.04,eastmoney,qfq
2021-04-29,511010,国债ETF国泰,119.722,119.776,119.892,119.64,7717.0,94480488.0,0.21,0.05,0.054,2.19,eastmoney,qfq
2021-04-30,511010,国债ETF国泰,119.784,119.924,119.949,119.727,6363.0,77950433.0,0.19,0.12,0.148,1.8,eastmoney,qfq
2021-05-06,511010,国债ETF国泰,119.924,119.957,120.173,119.751,4231.0,51895348.0,0.35,0.03,0.033,1.2,eastmoney,qfq
2021-05-07,511010,国债ETF国泰,119.951,119.911,120.023,119.789,3714.0,45527714.0,0.2,-0.04,-0.046,1.05,eastmoney,qfq
2021-05-10,511010,国债ETF国泰,119.915,119.974,120.021,119.906,5451.0,66845885.0,0.1,0.05,0.063,1.54,eastmoney,qfq
2021-05-11,511010,国债ETF国泰,119.984,120.216,120.424,119.984,7017.0,86166186.0,0.37,0.2,0.242,1.99,eastmoney,qfq
2021-05-12,511010,国债ETF国泰,120.22,120.224,120.261,120.137,2821.0,34666258.0,0.1,0.01,0.008,0.8,eastmoney,qfq
2021-05-13,511010,国债ETF国泰,120.224,120.05,120.224,119.987,6298.0,77291108.0,0.2,-0.14,-0.174,1.78,eastmoney,qfq
2021-05-14,511010,国债ETF国泰,120.026,120.063,120.112,120.024,5702.0,69998463.0,0.07,0.01,0.013,1.62,eastmoney,qfq
2021-05-17,511010,国债ETF国泰,120.062,120.211,120.276,120.023,8042.0,98822106.0,0.21,0.12,0.148,2.28,eastmoney,qfq
2021-05-18,511010,国债ETF国泰,120.284,120.18,120.3,120.055,4473.0,54970491.0,0.2,-0.03,-0.031,1.27,eastmoney,qfq
2021-05-19,511010,国债ETF国泰,120.18,120.383,120.412,120.131,5415.0,66568928.0,0.23,0.17,0.203,1.53,eastmoney,qfq
2021-05-20,511010,国债ETF国泰,120.325,120.553,120.604,120.205,6897.0,84957907.0,0.33,0.14,0.17,1.95,eastmoney,qfq
2021-05-21,511010,国债ETF国泰,120.565,120.675,120.702,120.437,6402.0,78944490.0,0.22,0.1,0.122,1.81,eastmoney,qfq
2021-05-24,511010,国债ETF国泰,120.625,120.701,120.841,120.477,7438.0,91753132.0,0.3,0.02,0.026,2.11,eastmoney,qfq
2021-05-25,511010,国债ETF国泰,120.703,120.491,120.703,120.402,7563.0,93247015.0,0.25,-0.17,-0.21,2.14,eastmoney,qfq
2021-05-26,511010,国债ETF国泰,120.489,120.549,120.59,120.374,6206.0,76457777.0,0.18,0.05,0.058,1.76,eastmoney,qfq
2021-05-27,511010,国债ETF国泰,120.55,120.458,120.551,120.454,5576.0,68675987.0,0.08,-0.08,-0.091,1.58,eastmoney,qfq
2021-05-28,511010,国债ETF国泰,120.464,120.456,120.502,120.332,6082.0,74840093.0,0.14,0.0,-0.002,1.72,eastmoney,qfq
2021-05-31,511010,国债ETF国泰,120.464,120.226,120.464,120.104,10437.0,128273561.0,0.3,-0.19,-0.23,2.96,eastmoney,qfq
2021-06-01,511010,国债ETF国泰,120.244,120.395,120.47,120.226,7670.0,94387823.0,0.2,0.14,0.169,2.17,eastmoney,qfq
2021-06-02,511010,国债ETF国泰,120.384,120.309,120.384,120.304,6609.0,81301279.0,0.07,-0.07,-0.086,1.87,eastmoney,qfq
2021-06-03,511010,国债ETF国泰,120.309,120.29,120.343,120.182,5903.0,72567749.0,0.13,-0.02,-0.019,1.67,eastmoney,qfq
2021-06-04,511010,国债ETF国泰,120.29,120.339,120.376,120.26,7820.0,96198959.0,0.1,0.04,0.049,2.22,eastmoney,qfq
2021-06-07,511010,国债ETF国泰,120.324,120.2,120.324,120.195,6695.0,82286008.0,0.11,-0.12,-0.139,1.9,eastmoney,qfq
2021-06-08,511010,国债ETF国泰,120.212,120.22,120.342,120.201,6514.0,80064903.0,0.12,0.02,0.02,1.85,eastmoney,qfq
2021-06-09,511010,国债ETF国泰,120.224,120.184,120.224,120.174,6765.0,83118729.0,0.04,-0.03,-0.036,1.92,eastmoney,qfq
2021-06-10,511010,国债ETF国泰,120.184,120.212,120.254,120.184,6141.0,75473855.0,0.06,0.02,0.028,1.74,eastmoney,qfq
2021-06-11,511010,国债ETF国泰,120.186,120.036,120.241,120.012,7827.0,96090318.0,0.19,-0.15,-0.176,2.22,eastmoney,qfq
2021-06-15,511010,国债ETF国泰,120.021,120.014,120.044,119.936,9333.0,114490558.0,0.09,-0.02,-0.022,2.64,eastmoney,qfq
2021-06-16,511010,国债ETF国泰,120.013,120.261,120.261,119.875,9298.0,114168360.0,0.32,0.21,0.247,2.64,eastmoney,qfq
2021-06-17,511010,国债ETF国泰,120.224,120.197,120.292,120.136,6652.0,81763059.0,0.13,-0.05,-0.064,1.89,eastmoney,qfq
2021-06-18,511010,国债ETF国泰,120.197,120.292,120.312,120.142,5647.0,69405615.0,0.14,0.08,0.095,1.6,eastmoney,qfq
2021-06-21,511010,国债ETF国泰,120.283,120.551,120.601,120.272,5879.0,72355135.0,0.27,0.22,0.259,1.67,eastmoney,qfq
2021-06-22,511010,国债ETF国泰,120.514,120.485,120.514,120.43,6065.0,74684904.0,0.07,-0.05,-0.066,1.72,eastmoney,qfq
2021-06-23,511010,国债ETF国泰,120.472,120.454,120.493,120.4,5642.0,69480378.0,0.08,-0.03,-0.031,1.6,eastmoney,qfq
2021-06-24,511010,国债ETF国泰,120.492,120.371,120.492,120.343,6864.0,84458400.0,0.12,-0.07,-0.083,1.95,eastmoney,qfq
2021-06-25,511010,国债ETF国泰,120.337,120.415,120.442,120.335,5808.0,71481557.0,0.09,0.04,0.044,1.65,eastmoney,qfq
2021-06-28,511010,国债ETF国泰,120.414,120.555,120.642,120.365,6533.0,80447183.0,0.23,0.12,0.14,1.85,eastmoney,qfq
2021-06-29,511010,国债ETF国泰,120.522,120.702,120.712,120.404,6531.0,80499762.0,0.26,0.12,0.147,1.85,eastmoney,qfq
2021-06-30,511010,国债ETF国泰,120.672,120.847,121.023,120.622,7784.0,96161907.0,0.33,0.12,0.145,2.21,eastmoney,qfq
2021-07-01,511010,国债ETF国泰,120.797,120.809,121.023,120.754,12702.0,156889482.0,0.22,-0.03,-0.038,3.6,eastmoney,qfq
2021-07-02,511010,国债ETF国泰,120.764,120.791,120.916,120.761,8017.0,99001972.0,0.13,-0.01,-0.018,2.27,eastmoney,qfq
2021-07-05,511010,国债ETF国泰,120.744,120.806,120.96,120.742,5719.0,70634131.0,0.18,0.01,0.015,1.62,eastmoney,qfq
2021-07-06,511010,国债ETF国泰,120.806,120.842,120.87,120.759,5798.0,71614561.0,0.09,0.03,0.036,1.64,eastmoney,qfq
2021-07-07,511010,国债ETF国泰,120.854,120.979,121.103,120.767,9063.0,111984037.0,0.28,0.11,0.137,2.57,eastmoney,qfq
2021-07-08,511010,国债ETF国泰,120.984,121.161,121.174,120.984,7080.0,87645504.0,0.16,0.15,0.182,2.01,eastmoney,qfq
2021-07-09,511010,国债ETF国泰,121.158,121.211,121.213,121.085,7911.0,97935176.0,0.11,0.04,0.05,2.24,eastmoney,qfq
2021-07-12,511010,国债ETF国泰,121.211,121.236,121.258,121.048,2373.0,29390363.0,0.17,0.02,0.025,0.67,eastmoney,qfq
2021-07-13,511010,国债ETF国泰,121.315,121.536,121.61,121.274,5869.0,72830634.0,0.28,0.25,0.3,1.66,eastmoney,qfq
2021-07-14,511010,国债ETF国泰,121.536,121.603,121.642,121.334,9828.0,122032685.0,0.25,0.06,0.067,2.79,eastmoney,qfq
2021-07-15,511010,国债ETF国泰,121.554,121.346,121.597,121.314,8898.0,110379862.0,0.23,-0.21,-0.257,2.52,eastmoney,qfq
2021-07-16,511010,国债ETF国泰,121.344,121.424,121.472,121.297,9682.0,120099882.0,0.14,0.06,0.078,2.74,eastmoney,qfq
2021-07-19,511010,国债ETF国泰,121.384,121.438,121.474,121.375,11355.0,140944292.0,0.08,0.01,0.014,3.22,eastmoney,qfq
2021-07-20,511010,国债ETF国泰,121.459,121.528,121.718,121.404,9026.0,112159690.0,0.26,0.07,0.09,2.56,eastmoney,qfq
2021-07-21,511010,国债ETF国泰,121.486,121.645,121.704,121.486,8285.0,103006557.0,0.18,0.1,0.117,2.35,eastmoney,qfq
2021-07-22,511010,国债ETF国泰,121.596,121.665,121.695,121.535,8809.0,109528153.0,0.13,0.02,0.02,2.5,eastmoney,qfq
2021-07-23,511010,国债ETF国泰,121.715,121.71,121.721,121.603,10173.0,126521593.0,0.1,0.04,0.045,2.88,eastmoney,qfq
2021-07-26,511010,国债ETF国泰,121.71,122.025,122.129,121.71,9059.0,112942520.0,0.34,0.26,0.315,2.57,eastmoney,qfq
2021-07-27,511010,国债ETF国泰,121.976,122.18,122.313,121.744,10713.0,133820130.0,0.47,0.13,0.155,3.04,eastmoney,qfq
2021-07-28,511010,国债ETF国泰,122.229,122.045,122.307,121.734,10659.0,132945988.0,0.47,-0.11,-0.135,3.02,eastmoney,qfq
2021-07-29,511010,国债ETF国泰,122.045,121.97,122.136,121.934,10600.0,132174089.0,0.17,-0.06,-0.075,3.0,eastmoney,qfq
2021-07-30,511010,国债ETF国泰,121.97,122.15,122.19,121.92,8776.0,109493541.0,0.22,0.15,0.18,2.49,eastmoney,qfq
2021-08-02,511010,国债ETF国泰,122.124,122.494,122.544,122.124,9034.0,112930864.0,0.34,0.28,0.344,2.56,eastmoney,qfq
2021-08-03,511010,国债ETF国泰,122.494,122.435,122.574,122.37,8613.0,107757098.0,0.17,-0.05,-0.059,2.44,eastmoney,qfq
2021-08-04,511010,国债ETF国泰,122.385,122.358,122.485,122.334,6281.0,78541045.0,0.12,-0.06,-0.077,1.78,eastmoney,qfq
2021-08-05,511010,国债ETF国泰,122.325,122.308,122.374,122.234,10476.0,130960671.0,0.11,-0.04,-0.05,2.97,eastmoney,qfq
2021-08-06,511010,国债ETF国泰,122.308,122.343,122.378,121.262,8961.0,112004260.0,0.91,0.03,0.035,2.54,eastmoney,qfq
2021-08-09,511010,国债ETF国泰,122.383,122.055,122.383,122.039,9232.0,115187299.0,0.28,-0.24,-0.288,2.62,eastmoney,qfq
2021-08-10,511010,国债ETF国泰,122.049,121.939,122.102,121.924,8542.0,106478894.0,0.15,-0.1,-0.116,2.42,eastmoney,qfq
2021-08-11,511010,国债ETF国泰,121.939,121.817,121.988,121.724,12448.0,154896986.0,0.22,-0.1,-0.122,3.53,eastmoney,qfq
2021-08-12,511010,国债ETF国泰,121.768,121.924,121.999,121.768,6764.0,84263864.0,0.19,0.09,0.107,1.92,eastmoney,qfq
2021-08-13,511010,国债ETF国泰,121.867,122.156,122.254,121.857,8199.0,102357105.0,0.33,0.19,0.232,2.32,eastmoney,qfq
2021-08-16,511010,国债ETF国泰,122.153,122.151,122.302,122.106,8046.0,100475774.0,0.16,0.0,-0.005,2.28,eastmoney,qfq
2021-08-17,511010,国债ETF国泰,122.147,122.349,122.423,122.089,9178.0,114645312.0,0.27,0.16,0.198,2.6,eastmoney,qfq
2021-08-18,511010,国债ETF国泰,122.344,122.426,122.509,122.223,10050.0,125674691.0,0.23,0.06,0.077,2.85,eastmoney,qfq
2021-08-19,511010,国债ETF国泰,122.463,122.412,122.563,122.376,7505.0,93889240.0,0.15,-0.01,-0.014,2.13,eastmoney,qfq
2021-08-20,511010,国债ETF国泰,122.398,122.49,122.587,122.38,13697.0,171450933.0,0.17,0.06,0.078,3.88,eastmoney,qfq
2021-08-23,511010,国债ETF国泰,122.441,122.416,122.54,122.382,8517.0,106536533.0,0.13,-0.06,-0.074,2.41,eastmoney,qfq
2021-08-24,511010,国债ETF国泰,122.377,122.364,122.414,122.133,9720.0,121411801.0,0.23,-0.04,-0.052,2.75,eastmoney,qfq
2021-08-25,511010,国债ETF国泰,122.314,122.409,122.559,122.239,8184.0,102385719.0,0.26,0.04,0.045,2.32,eastmoney,qfq
2021-08-26,511010,国债ETF国泰,122.377,122.101,122.459,121.952,7159.0,89386469.0,0.41,-0.25,-0.308,2.03,eastmoney,qfq
2021-08-27,511010,国债ETF国泰,122.249,122.139,122.249,122.044,8837.0,110267247.0,0.17,0.03,0.038,2.5,eastmoney,qfq
2021-08-30,511010,国债ETF国泰,122.114,122.184,122.26,122.012,10404.0,129905804.0,0.2,0.04,0.045,2.95,eastmoney,qfq
2021-08-31,511010,国债ETF国泰,122.184,122.357,122.364,122.184,8780.0,109758305.0,0.15,0.14,0.173,2.49,eastmoney,qfq
2021-09-01,511010,国债ETF国泰,122.324,122.424,122.48,122.314,9963.0,124662797.0,0.14,0.05,0.067,2.82,eastmoney,qfq
2021-09-02,511010,国债ETF国泰,122.389,122.417,122.464,122.349,7665.0,95890221.0,0.09,-0.01,-0.007,2.17,eastmoney,qfq
2021-09-03,511010,国债ETF国泰,122.416,122.452,122.459,122.368,6991.0,87449661.0,0.07,0.03,0.035,1.98,eastmoney,qfq
2021-09-06,511010,国债ETF国泰,122.404,122.348,122.467,122.331,7605.0,95122405.0,0.11,-0.08,-0.104,2.16,eastmoney,qfq
2021-09-07,511010,国债ETF国泰,122.314,122.252,122.334,122.234,13875.0,173369045.0,0.08,-0.08,-0.096,3.93,eastmoney,qfq
2021-09-08,511010,国债ETF国泰,122.253,122.217,122.268,122.214,9662.0,120703922.0,0.04,-0.03,-0.035,2.74,eastmoney,qfq
2021-09-09,511010,国债ETF国泰,122.224,122.231,122.257,122.182,6211.0,77562818.0,0.06,0.01,0.014,1.76,eastmoney,qfq
2021-09-10,511010,国债ETF国泰,122.232,122.229,122.287,122.199,7501.0,93705668.0,0.07,0.0,-0.002,2.13,eastmoney,qfq
2021-09-13,511010,国债ETF国泰,122.213,122.183,122.243,122.181,8733.0,109059726.0,0.05,-0.04,-0.046,2.47,eastmoney,qfq
2021-09-14,511010,国债ETF国泰,122.19,122.116,122.203,122.089,6495.0,81058481.0,0.09,-0.05,-0.067,1.84,eastmoney,qfq
2021-09-15,511010,国债ETF国泰,122.134,122.139,122.219,122.094,7877.0,98335421.0,0.1,0.02,0.023,2.23,eastmoney,qfq
2021-09-16,511010,国债ETF国泰,122.014,121.974,122.113,121.906,8150.0,101588559.0,0.17,-0.14,-0.165,2.31,eastmoney,qfq
2021-09-17,511010,国债ETF国泰,122.024,122.082,122.093,121.924,8021.0,100027667.0,0.14,0.09,0.108,2.27,eastmoney,qfq
2021-09-22,511010,国债ETF国泰,122.059,122.145,122.25,122.059,5989.0,74760142.0,0.16,0.05,0.063,1.7,eastmoney,qfq
2021-09-23,511010,国债ETF国泰,122.195,122.31,122.419,122.18,5922.0,73996625.0,0.2,0.14,0.165,1.68,eastmoney,qfq
2021-09-24,511010,国债ETF国泰,122.282,122.299,122.386,122.282,6119.0,76488458.0,0.09,-0.01,-0.011,1.73,eastmoney,qfq
2021-09-27,511010,国债ETF国泰,122.309,122.295,122.359,122.284,6650.0,83108027.0,0.06,0.0,-0.004,1.88,eastmoney,qfq
2021-09-28,511010,国债ETF国泰,122.285,122.313,122.422,122.243,5218.0,65250839.0,0.15,0.01,0.018,1.48,eastmoney,qfq
2021-09-29,511010,国债ETF国泰,122.304,122.615,122.662,122.267,7575.0,94742499.0,0.32,0.25,0.302,2.15,eastmoney,qfq
2021-09-30,511010,国债ETF国泰,122.535,122.673,122.818,122.535,5707.0,71558947.0,0.23,0.05,0.058,1.62,eastmoney,qfq
2021-10-08,511010,国债ETF国泰,122.672,122.472,122.721,122.416,6332.0,79252284.0,0.25,-0.16,-0.201,1.79,eastmoney,qfq
2021-10-11,511010,国债ETF国泰,122.474,122.314,122.512,122.257,7184.0,89820679.0,0.21,-0.13,-0.158,2.04,eastmoney,qfq
2021-10-12,511010,国债ETF国泰,122.314,122.13,122.404,122.124,5637.0,70413065.0,0.23,-0.15,-0.184,1.6,eastmoney,qfq
2021-10-13,511010,国债ETF国泰,122.134,122.084,122.18,122.064,5306.0,66206892.0,0.09,-0.04,-0.046,1.5,eastmoney,qfq
2021-10-14,511010,国债ETF国泰,122.101,122.113,122.159,122.081,5899.0,73613610.0,0.06,0.02,0.029,1.67,eastmoney,qfq
2021-10-15,511010,国债ETF国泰,122.154,122.094,122.154,121.93,8525.0,106313038.0,0.18,-0.02,-0.019,2.42,eastmoney,qfq
2021-10-18,511010,国债ETF国泰,122.096,121.716,122.096,121.528,6644.0,82626370.0,0.47,-0.31,-0.378,1.88,eastmoney,qfq
2021-10-19,511010,国债ETF国泰,121.723,121.704,121.754,121.608,6787.0,84416279.0,0.12,-0.01,-0.012,1.92,eastmoney,qfq
2021-10-20,511010,国债ETF国泰,121.719,121.744,121.772,121.669,5029.0,62556055.0,0.08,0.03,0.04,1.43,eastmoney,qfq
2021-10-21,511010,国债ETF国泰,121.754,121.922,121.928,121.725,6838.0,85114249.0,0.17,0.15,0.178,1.94,eastmoney,qfq
2021-10-22,511010,国债ETF国泰,121.785,121.777,121.924,121.734,7460.0,92855030.0,0.16,-0.12,-0.145,2.11,eastmoney,qfq
2021-10-25,511010,国债ETF国泰,121.826,121.804,121.826,121.728,6025.0,74998116.0,0.08,0.02,0.027,1.71,eastmoney,qfq
2021-10-26,511010,国债ETF国泰,121.854,121.897,121.922,121.791,4946.0,61618565.0,0.11,0.08,0.093,1.4,eastmoney,qfq
2021-10-27,511010,国债ETF国泰,121.912,121.933,121.963,121.908,5459.0,68022029.0,0.05,0.03,0.036,1.55,eastmoney,qfq
2021-10-28,511010,国债ETF国泰,121.894,121.913,121.946,121.874,6472.0,80652320.0,0.06,-0.02,-0.02,1.83,eastmoney,qfq
2021-10-29,511010,国债ETF国泰,121.964,122.01,122.014,121.911,4830.0,60194854.0,0.08,0.08,0.097,1.37,eastmoney,qfq
2021-11-01,511010,国债ETF国泰,122.004,122.101,122.104,121.965,8255.0,102968337.0,0.11,0.07,0.091,2.34,eastmoney,qfq
2021-11-02,511010,国债ETF国泰,122.055,122.202,122.212,122.051,6076.0,75852844.0,0.13,0.08,0.101,1.72,eastmoney,qfq
2021-11-03,511010,国债ETF国泰,122.186,122.3,122.356,122.176,6849.0,85603472.0,0.15,0.08,0.098,1.94,eastmoney,qfq
2021-11-04,511010,国债ETF国泰,122.3,122.256,122.309,122.239,6897.0,86161613.0,0.06,-0.04,-0.044,1.95,eastmoney,qfq
2021-11-05,511010,国债ETF国泰,122.306,122.384,122.483,122.306,6184.0,77329025.0,0.14,0.1,0.128,1.75,eastmoney,qfq
2021-11-08,511010,国债ETF国泰,122.384,122.497,122.66,122.384,5358.0,67080913.0,0.23,0.09,0.113,1.52,eastmoney,qfq
2021-11-09,511010,国债ETF国泰,122.497,122.389,122.503,122.309,6557.0,81990783.0,0.16,-0.09,-0.108,1.86,eastmoney,qfq
2021-11-10,511010,国债ETF国泰,122.395,122.552,122.562,122.395,4268.0,53439882.0,0.14,0.13,0.163,1.21,eastmoney,qfq
2021-11-11,511010,国债ETF国泰,122.563,122.517,122.572,122.49,6663.0,83426823.0,0.07,-0.03,-0.035,1.89,eastmoney,qfq
2021-11-12,511010,国债ETF国泰,122.467,122.379,122.509,122.325,8340.0,104319462.0,0.15,-0.11,-0.138,2.36,eastmoney,qfq
2021-11-15,511010,国债ETF国泰,122.463,122.473,122.486,122.358,5141.0,64326157.0,0.1,0.08,0.094,1.46,eastmoney,qfq
2021-11-16,511010,国债ETF国泰,122.473,122.521,122.567,122.473,4544.0,56898299.0,0.08,0.04,0.048,1.29,eastmoney,qfq
2021-11-17,511010,国债ETF国泰,122.518,122.523,122.589,122.474,8810.0,110293399.0,0.09,0.0,0.002,2.5,eastmoney,qfq
2021-11-18,511010,国债ETF国泰,122.515,122.605,122.694,122.515,8248.0,103301120.0,0.15,0.07,0.082,2.34,eastmoney,qfq
2021-11-19,511010,国债ETF国泰,122.612,122.532,122.722,122.5,4813.0,60336166.0,0.18,-0.06,-0.073,1.36,eastmoney,qfq
2021-11-22,511010,国债ETF国泰,122.532,122.58,122.612,122.532,6879.0,86163449.0,0.07,0.04,0.048,1.95,eastmoney,qfq
2021-11-23,511010,国债ETF国泰,122.587,122.582,122.59,122.555,6367.0,79750301.0,0.03,0.0,0.002,1.8,eastmoney,qfq
2021-11-24,511010,国债ETF国泰,122.589,122.673,122.702,122.589,6387.0,80066503.0,0.09,0.07,0.091,1.81,eastmoney,qfq
2021-11-25,511010,国债ETF国泰,122.647,122.744,122.814,122.647,7333.0,91956964.0,0.14,0.06,0.071,2.08,eastmoney,qfq
2021-11-26,511010,国债ETF国泰,122.749,122.998,123.142,122.748,4039.0,50763112.0,0.32,0.21,0.254,1.14,eastmoney,qfq
2021-11-29,511010,国债ETF国泰,122.994,122.835,123.022,122.825,7270.0,91275891.0,0.16,-0.13,-0.163,2.06,eastmoney,qfq
2021-11-30,511010,国债ETF国泰,122.836,122.853,122.885,122.794,6897.0,86588203.0,0.07,0.01,0.018,1.95,eastmoney,qfq
2021-12-01,511010,国债ETF国泰,122.86,122.794,122.903,122.783,6891.0,86463011.0,0.1,-0.05,-0.059,1.95,eastmoney,qfq
2021-12-02,511010,国债ETF国泰,122.824,122.728,122.824,122.724,1984.0,24888292.0,0.08,-0.05,-0.066,0.56,eastmoney,qfq
2021-12-03,511010,国债ETF国泰,122.728,122.554,122.761,122.553,1130.0,14162818.0,0.17,-0.14,-0.174,0.32,eastmoney,qfq
2021-12-06,511010,国债ETF国泰,122.613,122.805,122.869,122.613,3924.0,49248577.0,0.21,0.2,0.251,1.11,eastmoney,qfq
2021-12-07,511010,国债ETF国泰,122.81,122.748,122.846,122.748,1855.0,23280987.0,0.08,-0.05,-0.057,0.53,eastmoney,qfq
2021-12-08,511010,国债ETF国泰,122.748,122.779,122.797,122.748,596.0,7477002.0,0.04,0.03,0.031,0.17,eastmoney,qfq
2021-12-09,511010,国债ETF国泰,122.782,122.734,122.822,122.713,1561.0,19578653.0,0.09,-0.04,-0.045,0.44,eastmoney,qfq
2021-12-10,511010,国债ETF国泰,122.739,122.813,122.832,122.734,1132.0,14203939.0,0.08,0.06,0.079,0.32,eastmoney,qfq
2021-12-13,511010,国债ETF国泰,122.813,122.809,122.845,122.787,918.0,11520290.0,0.05,0.0,-0.004,0.26,eastmoney,qfq
2021-12-14,511010,国债ETF国泰,122.812,123.006,123.201,122.812,6110.0,76835698.0,0.32,0.16,0.197,1.73,eastmoney,qfq
2021-12-15,511010,国债ETF国泰,123.007,123.017,123.121,122.963,2090.0,26266703.0,0.13,0.01,0.011,0.59,eastmoney,qfq
2021-12-16,511010,国债ETF国泰,123.067,122.978,123.067,122.969,667.0,8382227.0,0.08,-0.03,-0.039,0.19,eastmoney,qfq
2021-12-17,511010,国债ETF国泰,122.978,123.154,123.163,122.978,1340.0,16847021.0,0.15,0.14,0.176,0.38,eastmoney,qfq
2021-12-20,511010,国债ETF国泰,123.146,123.13,123.223,123.066,820.0,10317453.0,0.13,-0.02,-0.024,0.23,eastmoney,qfq
2021-12-21,511010,国债ETF国泰,123.08,123.079,123.098,123.03,596.0,7494418.0,0.06,-0.04,-0.051,0.17,eastmoney,qfq
2021-12-22,511010,国债ETF国泰,123.076,123.153,123.182,123.033,1766.0,22210128.0,0.12,0.06,0.074,0.5,eastmoney,qfq
2021-12-23,511010,国债ETF国泰,123.16,123.183,123.263,123.104,694.0,8734789.0,0.13,0.02,0.03,0.2,eastmoney,qfq
2021-12-24,511010,国债ETF国泰,123.135,123.174,123.337,123.135,1874.0,23593294.0,0.16,-0.01,-0.009,0.53,eastmoney,qfq
2021-12-27,511010,国债ETF国泰,123.174,123.285,123.348,123.174,1528.0,19246403.0,0.14,0.09,0.111,0.43,eastmoney,qfq
2021-12-28,511010,国债ETF国泰,123.254,123.345,123.363,123.235,359.0,4522798.0,0.1,0.05,0.06,0.1,eastmoney,qfq
2021-12-29,511010,国债ETF国泰,123.295,123.376,123.454,123.295,1442.0,18176904.0,0.13,0.03,0.031,0.41,eastmoney,qfq
2021-12-30,511010,国债ETF国泰,123.382,123.696,123.723,123.382,4845.0,61200695.0,0.28,0.26,0.32,1.37,eastmoney,qfq
2021-12-31,511010,国债ETF国泰,123.694,123.803,123.884,123.686,1400.0,17707152.0,0.16,0.09,0.107,0.4,eastmoney,qfq
2022-01-04,511010,国债ETF国泰,123.753,123.742,123.759,123.607,666.0,8417527.0,0.12,-0.05,-0.061,0.19,eastmoney,qfq
2022-01-05,511010,国债ETF国泰,123.742,123.607,123.742,123.583,1186.0,14983403.0,0.13,-0.11,-0.135,0.34,eastmoney,qfq
2022-01-06,511010,国债ETF国泰,123.607,123.538,123.607,123.487,819.0,10337522.0,0.1,-0.06,-0.069,0.23,eastmoney,qfq
2022-01-07,511010,国债ETF国泰,123.538,123.548,123.587,123.53,1149.0,14504427.0,0.05,0.01,0.01,0.33,eastmoney,qfq
2022-01-10,511010,国债ETF国泰,123.548,123.692,123.692,123.544,1695.0,21403006.0,0.12,0.12,0.144,0.48,eastmoney,qfq
2022-01-11,511010,国债ETF国泰,123.692,123.864,123.941,123.684,1101.0,13925870.0,0.21,0.14,0.172,0.31,eastmoney,qfq
2022-01-12,511010,国债ETF国泰,123.879,123.912,123.912,123.79,1044.0,13208453.0,0.1,0.04,0.048,0.3,eastmoney,qfq
2022-01-13,511010,国债ETF国泰,123.904,123.897,123.923,123.778,586.0,7416025.0,0.12,-0.01,-0.015,0.17,eastmoney,qfq
2022-01-14,511010,国债ETF国泰,123.897,124.193,124.193,123.897,1673.0,21200441.0,0.24,0.24,0.296,0.47,eastmoney,qfq
2022-01-17,511010,国债ETF国泰,124.076,124.156,124.338,124.076,2276.0,28884913.0,0.21,-0.03,-0.037,0.65,eastmoney,qfq
2022-01-18,511010,国债ETF国泰,124.174,124.522,124.555,124.16,2320.0,29459727.0,0.32,0.29,0.366,0.66,eastmoney,qfq
2022-01-19,511010,国债ETF国泰,124.563,124.462,124.696,124.431,2956.0,37633835.0,0.21,-0.05,-0.06,0.84,eastmoney,qfq
2022-01-20,511010,国债ETF国泰,124.479,124.44,124.488,124.393,2118.0,26919787.0,0.08,-0.02,-0.022,0.6,eastmoney,qfq
2022-01-21,511010,国债ETF国泰,124.442,124.75,124.758,124.442,1980.0,25210579.0,0.25,0.25,0.31,0.56,eastmoney,qfq
2022-01-24,511010,国债ETF国泰,124.79,125.199,125.323,124.79,2572.0,32871876.0,0.43,0.36,0.449,0.73,eastmoney,qfq
2022-01-25,511010,国债ETF国泰,124.924,125.166,125.322,124.924,1948.0,24909050.0,0.32,-0.03,-0.033,0.55,eastmoney,qfq
2022-01-26,511010,国债ETF国泰,125.117,124.583,125.166,124.511,7885.0,100562375.0,0.52,-0.47,-0.583,2.23,eastmoney,qfq
2022-01-27,511010,国债ETF国泰,124.593,124.53,124.723,124.504,5093.0,64798638.0,0.18,-0.04,-0.053,1.44,eastmoney,qfq
2022-01-28,511010,国债ETF国泰,124.539,124.788,124.793,124.53,6357.0,80940363.0,0.21,0.21,0.258,1.8,eastmoney,qfq
2022-02-07,511010,国债ETF国泰,124.794,124.677,124.823,124.609,6386.0,81315970.0,0.17,-0.09,-0.111,1.81,eastmoney,qfq
2022-02-08,511010,国债ETF国泰,124.684,124.828,124.878,124.677,5116.0,65237132.0,0.16,0.12,0.151,1.45,eastmoney,qfq
2022-02-09,511010,国债ETF国泰,124.834,124.895,125.063,124.785,4104.0,52382799.0,0.22,0.05,0.067,1.16,eastmoney,qfq
2022-02-10,511010,国债ETF国泰,124.882,125.011,125.021,124.845,4585.0,58524845.0,0.14,0.09,0.116,1.3,eastmoney,qfq
2022-02-11,511010,国债ETF国泰,124.961,124.47,124.961,124.443,5706.0,72651600.0,0.41,-0.43,-0.541,1.62,eastmoney,qfq
2022-02-14,511010,国债ETF国泰,124.449,124.359,124.504,124.358,4158.0,52854589.0,0.12,-0.09,-0.111,1.18,eastmoney,qfq
2022-02-15,511010,国债ETF国泰,124.347,124.361,124.393,124.248,4269.0,54212899.0,0.12,0.0,0.002,1.21,eastmoney,qfq
2022-02-16,511010,国债ETF国泰,124.357,124.458,124.476,124.315,3898.0,49541137.0,0.13,0.08,0.097,1.1,eastmoney,qfq
2022-02-17,511010,国债ETF国泰,124.344,124.469,124.562,124.344,4145.0,52707908.0,0.18,0.01,0.011,1.17,eastmoney,qfq
2022-02-18,511010,国债ETF国泰,124.414,124.391,124.518,124.349,6181.0,78556397.0,0.14,-0.06,-0.078,1.75,eastmoney,qfq
2022-02-21,511010,国债ETF国泰,124.347,124.109,124.347,124.077,4070.0,51653698.0,0.22,-0.23,-0.282,1.15,eastmoney,qfq
2022-02-22,511010,国债ETF国泰,124.057,124.04,124.13,123.983,5317.0,67401535.0,0.12,-0.06,-0.069,1.51,eastmoney,qfq
2022-02-23,511010,国债ETF国泰,124.04,124.173,124.174,124.03,4491.0,56938473.0,0.12,0.11,0.133,1.27,eastmoney,qfq
2022-02-24,511010,国债ETF国泰,124.149,124.217,124.275,124.149,4154.0,52712379.0,0.1,0.04,0.044,1.18,eastmoney,qfq
2022-02-25,511010,国债ETF国泰,124.248,124.294,124.313,123.983,3836.0,48693896.0,0.27,0.06,0.077,1.09,eastmoney,qfq
2022-02-28,511010,国债ETF国泰,124.294,124.337,124.422,124.245,3691.0,46876875.0,0.14,0.03,0.043,1.05,eastmoney,qfq
2022-03-01,511010,国债ETF国泰,124.337,124.118,124.338,124.108,2712.0,34416968.0,0.18,-0.18,-0.219,0.77,eastmoney,qfq
2022-03-02,511010,国债ETF国泰,124.121,124.061,124.121,124.016,4013.0,50854002.0,0.08,-0.05,-0.057,1.14,eastmoney,qfq
2022-03-03,511010,国债ETF国泰,124.055,124.067,124.254,124.014,4075.0,51670870.0,0.19,0.0,0.006,1.15,eastmoney,qfq
2022-03-04,511010,国债ETF国泰,124.019,124.007,124.103,123.956,5456.0,69129978.0,0.12,-0.05,-0.06,1.55,eastmoney,qfq
2022-03-07,511010,国债ETF国泰,124.004,124.272,124.412,123.99,5724.0,72622672.0,0.34,0.21,0.265,1.62,eastmoney,qfq
2022-03-08,511010,国债ETF国泰,124.274,124.399,124.463,124.27,4860.0,61756024.0,0.16,0.1,0.127,1.38,eastmoney,qfq
2022-03-09,511010,国债ETF国泰,124.408,124.124,124.449,124.025,5101.0,64677958.0,0.34,-0.22,-0.275,1.45,eastmoney,qfq
2022-03-10,511010,国债ETF国泰,124.079,124.176,124.394,124.079,4326.0,54892836.0,0.25,0.04,0.052,1.23,eastmoney,qfq
2022-03-11,511010,国债ETF国泰,124.172,124.403,124.433,124.082,5250.0,66598792.0,0.28,0.18,0.227,1.49,eastmoney,qfq
2022-03-14,511010,国债ETF国泰,124.406,124.764,124.774,124.406,7096.0,90405056.0,0.3,0.29,0.361,2.01,eastmoney,qfq
2022-03-15,511010,国债ETF国泰,124.764,124.298,124.813,124.266,6132.0,77966057.0,0.44,-0.37,-0.466,1.74,eastmoney,qfq
2022-03-16,511010,国债ETF国泰,124.694,124.234,124.694,124.115,5260.0,66740416.0,0.47,-0.05,-0.064,1.49,eastmoney,qfq
2022-03-17,511010,国债ETF国泰,124.227,124.258,124.331,124.196,4233.0,53732186.0,0.11,0.02,0.024,1.2,eastmoney,qfq
2022-03-18,511010,国债ETF国泰,124.258,124.429,124.484,124.258,5645.0,71750641.0,0.18,0.14,0.171,1.6,eastmoney,qfq
2022-03-21,511010,国债ETF国泰,124.429,124.379,124.502,124.303,4131.0,52491673.0,0.16,-0.04,-0.05,1.17,eastmoney,qfq
2022-03-22,511010,国债ETF国泰,124.33,124.234,124.33,124.184,4856.0,61636806.0,0.12,-0.12,-0.145,1.38,eastmoney,qfq
2022-03-23,511010,国债ETF国泰,124.232,124.275,124.541,124.184,5213.0,66194962.0,0.29,0.03,0.041,1.48,eastmoney,qfq
2022-03-24,511010,国债ETF国泰,124.266,124.379,124.494,124.214,4795.0,60916391.0,0.23,0.08,0.104,1.36,eastmoney,qfq
2022-03-25,511010,国债ETF国泰,124.418,124.484,124.624,124.38,2856.0,36334168.0,0.2,0.08,0.105,0.81,eastmoney,qfq
2022-03-28,511010,国债ETF国泰,124.534,124.489,124.674,124.48,5090.0,64790784.0,0.16,0.0,0.005,1.44,eastmoney,qfq
2022-03-29,511010,国债ETF国泰,124.524,124.431,124.714,124.426,4707.0,59873383.0,0.23,-0.05,-0.058,1.33,eastmoney,qfq
2022-03-30,511010,国债ETF国泰,124.431,124.401,124.521,124.383,4969.0,63164573.0,0.11,-0.02,-0.03,1.41,eastmoney,qfq
2022-03-31,511010,国债ETF国泰,124.388,124.3,124.512,124.282,5483.0,69676964.0,0.18,-0.08,-0.101,1.55,eastmoney,qfq
2022-04-01,511010,国债ETF国泰,124.3,124.458,124.49,124.3,3605.0,45829156.0,0.15,0.13,0.158,1.02,eastmoney,qfq
2022-04-06,511010,国债ETF国泰,124.493,124.574,124.714,124.493,8062.0,102610899.0,0.18,0.09,0.116,2.28,eastmoney,qfq
2022-04-07,511010,国债ETF国泰,124.574,124.719,124.813,124.574,7395.0,94186293.0,0.19,0.12,0.145,2.1,eastmoney,qfq
2022-04-08,511010,国债ETF国泰,124.724,124.89,124.983,124.719,5497.0,70130742.0,0.21,0.14,0.171,1.56,eastmoney,qfq
2022-04-11,511010,国债ETF国泰,124.89,124.634,124.971,124.612,6419.0,81823349.0,0.29,-0.2,-0.256,1.82,eastmoney,qfq
2022-04-12,511010,国债ETF国泰,124.647,124.681,124.879,124.638,5575.0,71053222.0,0.19,0.04,0.047,1.58,eastmoney,qfq
2022-04-13,511010,国债ETF国泰,124.681,124.718,124.81,124.586,6448.0,82155814.0,0.18,0.03,0.037,1.83,eastmoney,qfq
2022-04-14,511010,国债ETF国泰,124.768,124.919,125.124,124.767,7667.0,97900502.0,0.29,0.16,0.201,2.17,eastmoney,qfq
2022-04-15,511010,国债ETF国泰,124.919,124.807,124.992,124.777,3987.0,50875287.0,0.17,-0.09,-0.112,1.13,eastmoney,qfq
2022-04-18,511010,国债ETF国泰,124.807,124.659,124.807,124.634,2977.0,37918580.0,0.14,-0.12,-0.148,0.84,eastmoney,qfq
2022-04-19,511010,国债ETF国泰,124.674,124.708,124.783,124.66,5353.0,68188943.0,0.1,0.04,0.049,1.52,eastmoney,qfq
2022-04-20,511010,国债ETF国泰,124.758,124.744,124.758,124.568,5294.0,67409206.0,0.15,0.03,0.036,1.5,eastmoney,qfq
2022-04-21,511010,国债ETF国泰,124.744,124.634,124.773,124.629,6702.0,85372674.0,0.12,-0.09,-0.11,1.9,eastmoney,qfq
2022-04-22,511010,国债ETF国泰,124.634,124.602,124.729,124.584,5282.0,67279300.0,0.12,-0.03,-0.032,1.5,eastmoney,qfq
2022-04-25,511010,国债ETF国泰,124.602,124.609,124.725,124.587,4872.0,62053524.0,0.11,0.01,0.007,1.38,eastmoney,qfq
2022-04-26,511010,国债ETF国泰,124.612,124.681,124.718,124.609,7470.0,95136917.0,0.09,0.06,0.072,2.12,eastmoney,qfq
2022-04-27,511010,国债ETF国泰,124.671,124.64,124.727,124.624,8026.0,102212357.0,0.08,-0.03,-0.041,2.27,eastmoney,qfq
2022-04-28,511010,国债ETF国泰,124.647,124.572,124.723,124.558,7428.0,94555826.0,0.13,-0.05,-0.068,2.11,eastmoney,qfq
2022-04-29,511010,国债ETF国泰,124.572,124.703,124.722,124.552,10277.0,130860314.0,0.14,0.11,0.131,2.91,eastmoney,qfq
2022-05-05,511010,国债ETF国泰,124.703,124.704,124.747,124.653,7518.0,95755914.0,0.08,0.0,0.001,2.13,eastmoney,qfq
2022-05-06,511010,国债ETF国泰,124.704,124.609,124.903,124.524,9585.0,122062401.0,0.3,-0.08,-0.095,2.72,eastmoney,qfq
2022-05-09,511010,国债ETF国泰,124.613,124.691,124.724,124.613,7827.0,99692229.0,0.09,0.07,0.082,2.22,eastmoney,qfq
2022-05-10,511010,国债ETF国泰,124.723,124.953,124.973,124.692,7882.0,100561565.0,0.23,0.21,0.262,2.23,eastmoney,qfq
2022-05-11,511010,国债ETF国泰,125.003,124.856,125.003,124.825,10141.0,129375993.0,0.14,-0.08,-0.097,2.87,eastmoney,qfq
2022-05-12,511010,国债ETF国泰,124.825,124.924,125.075,124.81,9786.0,124933745.0,0.21,0.05,0.068,2.77,eastmoney,qfq
2022-05-13,511010,国债ETF国泰,124.944,125.032,125.159,124.937,8846.0,112964752.0,0.18,0.09,0.108,2.51,eastmoney,qfq
2022-05-16,511010,国债ETF国泰,124.982,125.017,125.08,124.975,9331.0,119143841.0,0.08,-0.01,-0.015,2.64,eastmoney,qfq
2022-05-17,511010,国债ETF国泰,125.0,125.166,125.234,125.0,10403.0,132971772.0,0.19,0.12,0.149,2.95,eastmoney,qfq
2022-05-18,511010,国债ETF国泰,125.194,125.364,125.469,125.122,10570.0,135278803.0,0.28,0.16,0.198,3.0,eastmoney,qfq
2022-05-19,511010,国债ETF国泰,125.413,125.26,125.517,125.104,10157.0,129952882.0,0.33,-0.08,-0.104,2.88,eastmoney,qfq
2022-05-20,511010,国债ETF国泰,125.224,125.191,125.384,125.098,9312.0,119067277.0,0.23,-0.06,-0.069,2.64,eastmoney,qfq
2022-05-23,511010,国债ETF国泰,125.144,125.246,125.344,125.144,8506.0,108817769.0,0.16,0.04,0.055,2.41,eastmoney,qfq
2022-05-24,511010,国债ETF国泰,125.245,125.308,125.594,125.205,10354.0,132561823.0,0.31,0.05,0.062,2.93,eastmoney,qfq
2022-05-25,511010,国债ETF国泰,125.358,125.408,125.554,125.299,8826.0,113085543.0,0.2,0.08,0.1,2.5,eastmoney,qfq
2022-05-26,511010,国债ETF国泰,125.458,125.64,125.668,125.452,9971.0,127935143.0,0.17,0.18,0.232,2.83,eastmoney,qfq
2022-05-27,511010,国债ETF国泰,125.64,125.424,125.688,125.362,6802.0,87199020.0,0.26,-0.17,-0.216,1.93,eastmoney,qfq
2022-05-30,511010,国债ETF国泰,125.375,125.274,125.473,125.25,10068.0,128883670.0,0.18,-0.12,-0.15,2.85,eastmoney,qfq
2022-05-31,511010,国债ETF国泰,125.274,125.155,125.323,125.09,8451.0,108028623.0,0.19,-0.09,-0.119,2.39,eastmoney,qfq
2022-06-01,511010,国债ETF国泰,125.129,125.119,125.263,125.04,12282.0,156941531.0,0.18,-0.03,-0.036,3.48,eastmoney,qfq
2022-06-02,511010,国债ETF国泰,125.164,125.098,125.164,125.048,11282.0,144180780.0,0.09,-0.02,-0.021,3.2,eastmoney,qfq
2022-06-06,511010,国债ETF国泰,125.098,125.139,125.154,125.068,10435.0,133351099.0,0.07,0.03,0.041,2.96,eastmoney,qfq
2022-06-07,511010,国债ETF国泰,125.174,125.133,125.174,125.11,9755.0,124680427.0,0.05,0.0,-0.006,2.76,eastmoney,qfq
2022-06-08,511010,国债ETF国泰,125.124,125.103,125.163,125.083,9477.0,121102489.0,0.06,-0.02,-0.03,2.69,eastmoney,qfq
2022-06-09,511010,国债ETF国泰,125.088,125.124,125.124,125.088,15360.0,196295088.0,0.03,0.02,0.021,4.35,eastmoney,qfq
2022-06-10,511010,国债ETF国泰,125.128,125.078,125.203,125.034,9794.0,125141934.0,0.14,-0.04,-0.046,2.78,eastmoney,qfq
2022-06-13,511010,国债ETF国泰,125.038,125.072,125.073,125.028,18676.0,238572171.0,0.04,0.0,-0.006,5.29,eastmoney,qfq
2022-06-14,511010,国债ETF国泰,125.066,125.011,125.066,124.944,14226.0,181604993.0,0.1,-0.05,-0.061,4.03,eastmoney,qfq
2022-06-15,511010,国债ETF国泰,125.014,124.954,125.095,124.885,18154.0,231800903.0,0.17,-0.05,-0.057,5.14,eastmoney,qfq
2022-06-16,511010,国债ETF国泰,124.995,124.949,125.066,124.904,14469.0,184770287.0,0.13,0.0,-0.005,4.1,eastmoney,qfq
2022-06-17,511010,国债ETF国泰,124.959,125.054,125.094,124.956,10360.0,132335944.0,0.11,0.08,0.105,2.94,eastmoney,qfq
2022-06-20,511010,国债ETF国泰,125.054,125.038,125.057,124.961,18861.0,240851807.0,0.08,-0.01,-0.016,5.35,eastmoney,qfq
2022-06-21,511010,国债ETF国泰,125.032,125.021,125.094,124.998,19802.0,252911439.0,0.08,-0.01,-0.017,5.61,eastmoney,qfq
2022-06-22,511010,国债ETF国泰,125.054,125.116,125.153,125.048,20473.0,261598921.0,0.08,0.08,0.095,5.8,eastmoney,qfq
2022-06-23,511010,国债ETF国泰,125.118,125.116,125.142,125.069,17851.0,228120598.0,0.06,0.0,0.0,5.06,eastmoney,qfq
2022-06-24,511010,国债ETF国泰,125.12,125.123,125.198,125.049,18781.0,240011603.0,0.12,0.01,0.007,5.32,eastmoney,qfq
2022-06-27,511010,国债ETF国泰,125.103,124.931,125.103,124.905,15933.0,203386671.0,0.16,-0.15,-0.192,4.52,eastmoney,qfq
2022-06-28,511010,国债ETF国泰,124.914,124.946,125.123,124.914,18696.0,238803766.0,0.17,0.01,0.015,5.3,eastmoney,qfq
2022-06-29,511010,国债ETF国泰,124.993,125.045,125.12,124.944,18280.0,233560820.0,0.14,0.08,0.099,5.18,eastmoney,qfq
2022-06-30,511010,国债ETF国泰,125.0,125.049,125.154,124.959,18878.0,241202296.0,0.16,0.0,0.004,5.35,eastmoney,qfq
2022-07-01,511010,国债ETF国泰,125.049,125.231,125.294,125.028,19107.0,244210170.0,0.21,0.15,0.182,5.41,eastmoney,qfq
2022-07-04,511010,国债ETF国泰,125.231,125.01,125.264,124.956,18134.0,231731995.0,0.25,-0.18,-0.221,5.14,eastmoney,qfq
2022-07-05,511010,国债ETF国泰,125.01,124.892,125.104,124.87,20128.0,257083337.0,0.19,-0.09,-0.118,5.7,eastmoney,qfq
2022-07-06,511010,国债ETF国泰,124.889,124.929,124.989,124.889,18150.0,231622532.0,0.08,0.03,0.037,5.14,eastmoney,qfq
2022-07-07,511010,国债ETF国泰,124.93,124.937,124.973,124.927,16991.0,216845484.0,0.04,0.01,0.008,4.82,eastmoney,qfq
2022-07-08,511010,国债ETF国泰,124.971,124.88,124.971,124.868,15768.0,201166294.0,0.08,-0.05,-0.057,4.47,eastmoney,qfq
2022-07-11,511010,国债ETF国泰,124.914,124.925,124.984,124.842,21185.0,270284128.0,0.11,0.04,0.045,6.0,eastmoney,qfq
2022-07-12,511010,国债ETF国泰,124.976,125.001,125.024,124.944,18004.0,229815325.0,0.06,0.06,0.076,5.1,eastmoney,qfq
2022-07-13,511010,国债ETF国泰,125.049,125.077,125.18,124.994,14529.0,185634178.0,0.15,0.06,0.076,4.12,eastmoney,qfq
2022-07-14,511010,国债ETF国泰,125.127,125.176,125.182,125.077,17042.0,217789366.0,0.08,0.08,0.099,4.83,eastmoney,qfq
2022-07-15,511010,国债ETF国泰,125.185,125.352,125.379,125.185,25101.0,321133971.0,0.15,0.14,0.176,7.11,eastmoney,qfq
2022-07-18,511010,国债ETF国泰,125.341,125.263,125.364,125.144,24288.0,310824229.0,0.18,-0.07,-0.089,6.88,eastmoney,qfq
2022-07-19,511010,国债ETF国泰,125.229,125.215,125.294,125.138,22267.0,284749775.0,0.12,-0.04,-0.048,6.31,eastmoney,qfq
2022-07-20,511010,国债ETF国泰,125.169,125.266,125.274,125.165,25316.0,323792539.0,0.09,0.04,0.051,7.17,eastmoney,qfq
2022-07-21,511010,国债ETF国泰,125.265,125.339,125.404,125.265,23721.0,303680471.0,0.11,0.06,0.073,6.72,eastmoney,qfq
2022-07-22,511010,国债ETF国泰,125.339,125.432,125.46,125.296,20490.0,262342348.0,0.13,0.07,0.093,5.81,eastmoney,qfq
2022-07-25,511010,国债ETF国泰,125.341,125.453,125.466,125.325,24852.0,318322010.0,0.11,0.02,0.021,7.04,eastmoney,qfq
2022-07-26,511010,国债ETF国泰,125.5,125.581,125.684,125.429,24250.0,311096121.0,0.2,0.1,0.128,6.87,eastmoney,qfq
2022-07-27,511010,国债ETF国泰,125.581,125.59,125.723,125.563,22543.0,289231234.0,0.13,0.01,0.009,6.39,eastmoney,qfq
2022-07-28,511010,国债ETF国泰,125.595,125.564,125.699,125.541,23495.0,301454805.0,0.13,-0.02,-0.026,6.66,eastmoney,qfq
2022-07-29,511010,国债ETF国泰,125.552,125.823,126.134,125.552,26313.0,338127151.0,0.46,0.21,0.259,7.46,eastmoney,qfq
2022-08-01,511010,国债ETF国泰,125.823,126.018,126.022,125.795,19065.0,245338058.0,0.18,0.15,0.195,5.4,eastmoney,qfq
2022-08-02,511010,国债ETF国泰,126.018,126.201,126.213,125.974,27242.0,350940338.0,0.19,0.15,0.183,7.72,eastmoney,qfq
2022-08-03,511010,国债ETF国泰,126.192,126.157,126.216,126.05,28683.0,369551151.0,0.13,-0.03,-0.044,8.13,eastmoney,qfq
2022-08-04,511010,国债ETF国泰,126.157,126.309,126.439,126.157,28363.0,365881447.0,0.22,0.12,0.152,8.04,eastmoney,qfq
2022-08-05,511010,国债ETF国泰,126.309,126.119,126.309,126.114,25034.0,322667817.0,0.15,-0.15,-0.19,7.09,eastmoney,qfq
2022-08-08,511010,国债ETF国泰,126.134,126.144,126.192,126.094,15164.0,195352977.0,0.08,0.02,0.025,4.3,eastmoney,qfq
2022-08-09,511010,国债ETF国泰,126.144,126.058,126.222,126.033,22511.0,289938507.0,0.15,-0.07,-0.086,6.38,eastmoney,qfq
2022-08-10,511010,国债ETF国泰,126.068,126.111,126.262,126.058,35008.0,451131785.0,0.16,0.04,0.053,9.92,eastmoney,qfq
2022-08-11,511010,国债ETF国泰,126.118,126.076,126.174,126.041,20068.0,258461990.0,0.11,-0.03,-0.035,5.69,eastmoney,qfq
2022-08-12,511010,国债ETF国泰,126.068,126.079,126.166,126.057,21984.0,283092397.0,0.09,0.0,0.003,6.23,eastmoney,qfq
2022-08-15,511010,国债ETF国泰,126.129,126.529,129.324,126.129,26739.0,345130789.0,2.53,0.36,0.45,7.58,eastmoney,qfq
2022-08-16,511010,国债ETF国泰,126.573,126.708,126.801,126.573,19516.0,252477716.0,0.18,0.14,0.179,5.53,eastmoney,qfq
2022-08-17,511010,国债ETF国泰,126.707,126.738,126.757,126.658,30688.0,397094081.0,0.08,0.02,0.03,8.7,eastmoney,qfq
2022-08-18,511010,国债ETF国泰,126.734,126.824,126.904,126.696,21631.0,280134507.0,0.16,0.07,0.086,6.13,eastmoney,qfq
2022-08-19,511010,国债ETF国泰,126.824,126.913,126.945,126.785,28603.0,370575260.0,0.13,0.07,0.089,8.11,eastmoney,qfq
2022-08-22,511010,国债ETF国泰,126.895,126.919,127.089,126.793,20172.0,261430027.0,0.23,0.0,0.006,5.72,eastmoney,qfq
2022-08-23,511010,国债ETF国泰,126.897,126.829,127.008,126.829,18695.0,242251758.0,0.14,-0.07,-0.09,5.3,eastmoney,qfq
2022-08-24,511010,国债ETF国泰,126.83,126.799,126.901,126.791,19789.0,256321957.0,0.09,-0.02,-0.03,5.61,eastmoney,qfq
2022-08-25,511010,国债ETF国泰,126.846,126.715,126.863,126.714,26560.0,343823453.0,0.12,-0.07,-0.084,7.53,eastmoney,qfq
2022-08-26,511010,国债ETF国泰,126.715,126.656,126.715,126.624,25405.0,328591304.0,0.07,-0.05,-0.059,7.2,eastmoney,qfq
2022-08-29,511010,国债ETF国泰,126.659,126.664,126.781,126.554,17613.0,227819089.0,0.18,0.01,0.008,4.99,eastmoney,qfq
2022-08-30,511010,国债ETF国泰,126.672,126.78,126.864,126.666,20117.0,260431144.0,0.16,0.09,0.116,5.7,eastmoney,qfq
2022-08-31,511010,国债ETF国泰,126.788,126.832,126.849,126.746,30075.0,389400205.0,0.08,0.04,0.052,8.52,eastmoney,qfq
2022-09-01,511010,国债ETF国泰,126.823,126.845,126.869,126.782,32015.0,414621440.0,0.07,0.01,0.013,9.07,eastmoney,qfq
2022-09-02,511010,国债ETF国泰,126.854,126.999,127.091,126.836,31422.0,407347513.0,0.2,0.12,0.154,8.9,eastmoney,qfq
2022-09-05,511010,国债ETF国泰,126.895,127.053,127.204,126.895,31597.0,409932280.0,0.24,0.04,0.054,8.95,eastmoney,qfq
2022-09-06,511010,国债ETF国泰,127.073,127.009,127.189,126.981,27940.0,362441164.0,0.16,-0.03,-0.044,7.92,eastmoney,qfq
2022-09-07,511010,国债ETF国泰,127.009,127.015,127.135,126.838,32553.0,422095671.0,0.23,0.0,0.006,9.23,eastmoney,qfq
2022-09-08,511010,国债ETF国泰,127.003,126.967,127.029,126.885,31109.0,403367671.0,0.11,-0.04,-0.048,8.82,eastmoney,qfq
2022-09-09,511010,国债ETF国泰,126.946,126.856,127.059,126.835,23555.0,305402882.0,0.18,-0.09,-0.111,6.68,eastmoney,qfq
2022-09-13,511010,国债ETF国泰,126.819,126.75,126.854,126.725,12440.0,161017030.0,0.1,-0.08,-0.106,3.53,eastmoney,qfq
2022-09-14,511010,国债ETF国泰,126.754,126.637,126.799,126.623,33422.0,432306776.0,0.14,-0.09,-0.113,9.47,eastmoney,qfq
2022-09-15,511010,国债ETF国泰,126.638,126.632,126.724,126.59,31893.0,412519653.0,0.11,0.0,-0.005,9.04,eastmoney,qfq
2022-09-16,511010,国债ETF国泰,126.612,126.517,126.631,126.424,24105.0,311472907.0,0.16,-0.09,-0.115,6.83,eastmoney,qfq
2022-09-19,511010,国债ETF国泰,126.475,126.532,126.624,126.47,13947.0,180234189.0,0.12,0.01,0.015,3.95,eastmoney,qfq
2022-09-20,511010,国债ETF国泰,126.532,126.676,126.711,126.523,30717.0,397237881.0,0.15,0.11,0.144,8.71,eastmoney,qfq
2022-09-21,511010,国债ETF国泰,126.695,126.702,126.782,126.648,27407.0,354567271.0,0.11,0.02,0.026,7.77,eastmoney,qfq
2022-09-22,511010,国债ETF国泰,126.741,126.699,126.752,126.683,30746.0,397833800.0,0.05,0.0,-0.003,8.71,eastmoney,qfq
2022-09-23,511010,国债ETF国泰,126.654,126.572,126.695,126.544,31788.0,410970064.0,0.12,-0.1,-0.127,9.01,eastmoney,qfq
2022-09-26,511010,国债ETF国泰,126.648,126.27,126.648,126.224,31614.0,408109313.0,0.33,-0.24,-0.302,8.96,eastmoney,qfq
2022-09-27,511010,国债ETF国泰,126.222,126.272,126.324,126.037,23055.0,297281391.0,0.23,0.0,0.002,6.53,eastmoney,qfq
2022-09-28,511010,国债ETF国泰,126.272,126.229,126.313,126.225,30719.0,396095392.0,0.07,-0.03,-0.043,8.71,eastmoney,qfq
2022-09-29,511010,国债ETF国泰,126.18,126.008,126.265,125.977,31354.0,403952804.0,0.23,-0.18,-0.221,8.89,eastmoney,qfq
2022-09-30,511010,国债ETF国泰,126.009,126.104,126.104,125.958,31806.0,409421344.0,0.12,0.08,0.096,9.01,eastmoney,qfq
2022-10-10,511010,国债ETF国泰,126.094,126.314,126.354,126.094,23061.0,297401160.0,0.21,0.17,0.21,6.54,eastmoney,qfq
2022-10-11,511010,国债ETF国泰,126.364,126.483,126.516,126.264,22298.0,287805577.0,0.2,0.13,0.169,6.32,eastmoney,qfq
2022-10-12,511010,国债ETF国泰,126.483,126.395,126.526,126.179,32067.0,414094353.0,0.27,-0.07,-0.088,9.09,eastmoney,qfq
2022-10-13,511010,国债ETF国泰,126.409,126.482,126.484,126.362,26592.0,343281481.0,0.1,0.07,0.087,7.54,eastmoney,qfq
2022-10-14,511010,国债ETF国泰,126.482,126.774,127.221,126.443,34742.0,449151388.0,0.62,0.23,0.292,9.85,eastmoney,qfq
2022-10-17,511010,国债ETF国泰,126.773,126.589,126.773,126.574,31835.0,411776094.0,0.16,-0.15,-0.185,9.02,eastmoney,qfq
2022-10-18,511010,国债ETF国泰,126.591,126.57,126.629,126.452,35190.0,454784003.0,0.14,-0.02,-0.019,9.97,eastmoney,qfq
2022-10-19,511010,国债ETF国泰,126.58,126.663,126.683,126.54,31138.0,402525631.0,0.11,0.07,0.093,8.82,eastmoney,qfq
2022-10-20,511010,国债ETF国泰,126.664,126.573,126.684,126.54,31034.0,401264886.0,0.11,-0.07,-0.09,8.79,eastmoney,qfq
2022-10-21,511010,国债ETF国泰,126.618,126.588,126.689,126.547,36384.0,470364357.0,0.11,0.01,0.015,10.31,eastmoney,qfq
2022-10-24,511010,国债ETF国泰,126.588,126.699,126.767,126.564,27223.0,352157389.0,0.16,0.09,0.111,7.71,eastmoney,qfq
2022-10-25,511010,国债ETF国泰,126.703,126.621,126.703,126.53,26622.0,344191209.0,0.14,-0.06,-0.078,7.54,eastmoney,qfq
2022-10-26,511010,国债ETF国泰,126.621,126.627,126.701,126.571,33508.0,433282865.0,0.1,0.0,0.006,9.5,eastmoney,qfq
2022-10-27,511010,国债ETF国泰,126.673,126.718,126.794,126.628,22981.0,297344793.0,0.13,0.07,0.091,6.51,eastmoney,qfq
2022-10-28,511010,国债ETF国泰,126.724,126.899,126.949,126.724,24361.0,315635739.0,0.18,0.14,0.181,6.9,eastmoney,qfq
2022-10-31,511010,国债ETF国泰,126.861,126.992,127.027,126.861,27150.0,352056010.0,0.13,0.07,0.093,7.69,eastmoney,qfq
2022-11-01,511010,国债ETF国泰,127.042,126.861,127.042,126.824,16774.0,217322545.0,0.17,-0.1,-0.131,4.75,eastmoney,qfq
2022-11-02,511010,国债ETF国泰,126.85,126.744,126.895,126.456,27185.0,351721849.0,0.35,-0.09,-0.117,7.7,eastmoney,qfq
2022-11-03,511010,国债ETF国泰,126.744,126.861,126.9,126.714,22911.0,296616196.0,0.15,0.09,0.117,6.49,eastmoney,qfq
2022-11-04,511010,国债ETF国泰,126.637,126.737,126.899,126.637,31681.0,410255695.0,0.21,-0.1,-0.124,8.98,eastmoney,qfq
2022-11-07,511010,国债ETF国泰,126.787,126.736,126.788,126.732,43830.0,567269168.0,0.04,0.0,-0.001,12.42,eastmoney,qfq
2022-11-08,511010,国债ETF国泰,126.734,126.765,126.767,126.698,34086.0,441124132.0,0.05,0.02,0.029,9.66,eastmoney,qfq
2022-11-09,511010,国债ETF国泰,126.737,126.834,126.869,126.737,6569.0,85067735.0,0.1,0.05,0.069,1.86,eastmoney,qfq
2022-11-10,511010,国债ETF国泰,126.839,126.743,126.883,126.724,31894.0,413058881.0,0.13,-0.07,-0.091,9.04,eastmoney,qfq
2022-11-11,511010,国债ETF国泰,126.725,126.491,126.792,126.366,24344.0,314964749.0,0.34,-0.2,-0.252,6.9,eastmoney,qfq
2022-11-14,511010,国债ETF国泰,126.491,126.145,126.491,126.076,15152.0,195244758.0,0.33,-0.27,-0.346,4.29,eastmoney,qfq
2022-11-15,511010,国债ETF国泰,126.095,126.004,126.095,125.833,32215.0,414489033.0,0.21,-0.11,-0.141,9.13,eastmoney,qfq
2022-11-16,511010,国债ETF国泰,126.002,125.805,126.124,125.794,19734.0,254017749.0,0.26,-0.16,-0.199,5.59,eastmoney,qfq
2022-11-17,511010,国债ETF国泰,125.805,125.964,125.969,125.754,34534.0,443857348.0,0.17,0.13,0.159,9.79,eastmoney,qfq
2022-11-18,511010,国债ETF国泰,125.954,125.894,126.113,125.829,54753.0,704511154.0,0.23,-0.06,-0.07,15.52,eastmoney,qfq
2022-11-21,511010,国债ETF国泰,125.911,126.133,126.184,125.911,27177.0,350061850.0,0.22,0.19,0.239,7.7,eastmoney,qfq
2022-11-22,511010,国债ETF国泰,126.124,126.187,126.429,125.993,44123.0,568582676.0,0.35,0.04,0.054,12.5,eastmoney,qfq
2022-11-23,511010,国债ETF国泰,126.179,126.407,126.507,126.179,40484.0,522278259.0,0.26,0.17,0.22,11.47,eastmoney,qfq
2022-11-24,511010,国债ETF国泰,126.457,126.567,126.657,126.457,64315.0,831153173.0,0.16,0.13,0.16,18.23,eastmoney,qfq
2022-11-25,511010,国债ETF国泰,126.568,126.324,126.616,126.324,46294.0,597824748.0,0.23,-0.19,-0.243,13.12,eastmoney,qfq
2022-11-28,511010,国债ETF国泰,126.514,126.087,126.514,126.07,44704.0,575825260.0,0.35,-0.19,-0.237,12.67,eastmoney,qfq
2022-11-29,511010,国债ETF国泰,126.074,125.738,126.086,125.636,16277.0,209180088.0,0.36,-0.28,-0.349,4.61,eastmoney,qfq
2022-11-30,511010,国债ETF国泰,125.744,125.832,125.874,125.744,17332.0,222718371.0,0.1,0.07,0.094,4.91,eastmoney,qfq
2022-12-01,511010,国债ETF国泰,125.782,125.906,125.943,125.637,54378.0,698693014.0,0.24,0.06,0.074,15.41,eastmoney,qfq
2022-12-02,511010,国债ETF国泰,125.955,125.945,125.999,125.91,50966.0,655615373.0,0.07,0.03,0.039,14.44,eastmoney,qfq
2022-12-05,511010,国债ETF国泰,125.906,125.888,125.967,125.856,67647.0,869890296.0,0.09,-0.05,-0.057,19.17,eastmoney,qfq
2022-12-06,511010,国债ETF国泰,125.839,125.755,125.886,125.73,95077.0,1221634398.0,0.12,-0.11,-0.133,26.94,eastmoney,qfq
2022-12-07,511010,国债ETF国泰,125.786,125.679,125.793,125.671,30263.0,388517532.0,0.1,-0.06,-0.076,8.58,eastmoney,qfq
2022-12-08,511010,国债ETF国泰,125.687,125.865,125.942,125.687,54384.0,698700720.0,0.2,0.15,0.186,15.41,eastmoney,qfq
2022-12-09,511010,国债ETF国泰,125.839,125.755,125.934,125.725,46866.0,602365771.0,0.17,-0.09,-0.11,13.28,eastmoney,qfq
2022-12-12,511010,国债ETF国泰,125.78,125.776,125.804,125.741,78992.0,1014609625.0,0.05,0.02,0.021,22.39,eastmoney,qfq
2022-12-13,511010,国债ETF国泰,125.788,125.479,125.789,125.444,71261.0,914898300.0,0.27,-0.24,-0.297,20.2,eastmoney,qfq
2022-12-14,511010,国债ETF国泰,125.479,125.744,125.794,125.479,22518.0,289146454.0,0.25,0.21,0.265,6.38,eastmoney,qfq
2022-12-15,511010,国债ETF国泰,125.78,125.825,125.904,125.734,25463.0,327312216.0,0.14,0.06,0.081,7.22,eastmoney,qfq
2022-12-16,511010,国债ETF国泰,125.777,125.793,125.873,125.724,24714.0,317606149.0,0.12,-0.03,-0.032,7.0,eastmoney,qfq
2022-12-19,511010,国债ETF国泰,125.843,125.981,126.024,125.843,30428.0,391532056.0,0.14,0.15,0.188,8.62,eastmoney,qfq
2022-12-20,511010,国债ETF国泰,125.994,125.993,126.093,125.985,43231.0,556390347.0,0.09,0.01,0.012,12.25,eastmoney,qfq
2022-12-21,511010,国债ETF国泰,125.993,125.923,125.993,125.823,24450.0,314422271.0,0.13,-0.06,-0.07,6.93,eastmoney,qfq
2022-12-22,511010,国债ETF国泰,125.923,125.964,125.985,125.923,27380.0,352203741.0,0.05,0.03,0.041,7.76,eastmoney,qfq
2022-12-23,511010,国债ETF国泰,125.973,126.002,126.013,125.957,53922.0,693636787.0,0.04,0.03,0.038,15.28,eastmoney,qfq
2022-12-26,511010,国债ETF国泰,126.004,125.951,126.052,125.908,28208.0,362789592.0,0.11,-0.04,-0.051,7.99,eastmoney,qfq
2022-12-27,511010,国债ETF国泰,125.95,125.965,126.119,125.934,30010.0,386479789.0,0.15,0.01,0.014,8.5,eastmoney,qfq
2022-12-28,511010,国债ETF国泰,126.014,126.15,126.158,125.974,23895.0,307715795.0,0.15,0.15,0.185,6.77,eastmoney,qfq
2022-12-29,511010,国债ETF国泰,126.15,126.221,126.278,126.124,41049.0,528951266.0,0.12,0.06,0.071,11.63,eastmoney,qfq
2022-12-30,511010,国债ETF国泰,126.271,126.428,126.616,126.224,2179.0,28133131.0,0.31,0.16,0.207,0.62,eastmoney,qfq
2023-01-03,511010,国债ETF国泰,126.478,126.391,126.539,126.38,64776.0,836731628.0,0.13,-0.03,-0.037,18.36,eastmoney,qfq
2023-01-04,511010,国债ETF国泰,126.378,126.612,126.714,126.355,29465.0,380604147.0,0.28,0.17,0.221,8.35,eastmoney,qfq
2023-01-05,511010,国债ETF国泰,126.612,126.545,126.657,126.52,35761.0,462246443.0,0.11,-0.05,-0.067,10.13,eastmoney,qfq
2023-01-06,511010,国债ETF国泰,126.595,126.281,126.595,126.275,31533.0,406829194.0,0.25,-0.21,-0.264,8.94,eastmoney,qfq
2023-01-09,511010,国债ETF国泰,126.28,126.284,126.343,126.268,27688.0,357056494.0,0.06,0.0,0.003,7.85,eastmoney,qfq
2023-01-10,511010,国债ETF国泰,126.281,126.209,126.297,126.179,34059.0,439056191.0,0.09,-0.06,-0.075,9.65,eastmoney,qfq
2023-01-11,511010,国债ETF国泰,126.209,126.074,126.209,126.042,34832.0,448467430.0,0.13,-0.11,-0.135,9.87,eastmoney,qfq
2023-01-12,511010,国债ETF国泰,126.062,126.109,126.145,126.062,43170.0,556077360.0,0.07,0.03,0.035,12.23,eastmoney,qfq
2023-01-13,511010,国债ETF国泰,126.144,126.137,126.158,126.059,55751.0,718060483.0,0.08,0.02,0.028,15.8,eastmoney,qfq
2023-01-16,511010,国债ETF国泰,126.11,126.034,126.111,126.004,16720.0,215203731.0,0.08,-0.08,-0.103,4.74,eastmoney,qfq
2023-01-17,511010,国债ETF国泰,126.034,126.043,126.056,126.015,34600.0,445342878.0,0.03,0.01,0.009,9.81,eastmoney,qfq
2023-01-18,511010,国债ETF国泰,126.055,126.024,126.134,125.994,43955.0,565976119.0,0.11,-0.02,-0.019,12.46,eastmoney,qfq
2023-01-19,511010,国债ETF国泰,126.024,126.053,126.054,125.994,49355.0,635202640.0,0.05,0.02,0.029,13.99,eastmoney,qfq
2023-01-20,511010,国债ETF国泰,126.102,126.178,126.181,126.055,4361.0,56155476.0,0.1,0.1,0.125,1.24,eastmoney,qfq
2023-01-30,511010,国债ETF国泰,126.178,126.178,126.218,126.115,44877.0,578274147.0,0.08,0.0,0.0,12.72,eastmoney,qfq
2023-01-31,511010,国债ETF国泰,126.178,126.162,126.23,126.054,37368.0,481491718.0,0.14,-0.01,-0.016,10.59,eastmoney,qfq
2023-02-01,511010,国债ETF国泰,126.165,126.211,126.248,126.155,33848.0,436211692.0,0.07,0.04,0.049,9.59,eastmoney,qfq
2023-02-02,511010,国债ETF国泰,126.211,126.296,126.311,126.192,23496.0,302898711.0,0.09,0.07,0.085,6.66,eastmoney,qfq
2023-02-03,511010,国债ETF国泰,126.296,126.342,126.364,126.296,34394.0,443810960.0,0.05,0.04,0.046,9.75,eastmoney,qfq
2023-02-06,511010,国债ETF国泰,126.343,126.28,126.391,126.225,21820.0,281434132.0,0.13,-0.05,-0.062,6.18,eastmoney,qfq
2023-02-07,511010,国债ETF国泰,126.292,126.299,126.307,126.251,49729.0,641336162.0,0.04,0.02,0.019,14.09,eastmoney,qfq
2023-02-08,511010,国债ETF国泰,126.323,126.342,126.384,126.299,77599.0,1001281564.0,0.07,0.03,0.043,21.99,eastmoney,qfq
2023-02-09,511010,国债ETF国泰,126.344,126.352,126.374,126.311,58704.0,757320802.0,0.05,0.01,0.01,16.64,eastmoney,qfq
2023-02-10,511010,国债ETF国泰,126.353,126.403,126.408,126.353,44569.0,575246171.0,0.04,0.04,0.051,12.63,eastmoney,qfq
2023-02-13,511010,国债ETF国泰,126.423,126.413,126.452,126.403,34659.0,447465052.0,0.04,0.01,0.01,9.82,eastmoney,qfq
2023-02-14,511010,国债ETF国泰,126.405,126.417,126.441,126.37,87311.0,1127146905.0,0.06,0.0,0.004,24.74,eastmoney,qfq
2023-02-15,511010,国债ETF国泰,126.421,126.423,126.466,126.377,52530.0,678053550.0,0.07,0.0,0.006,14.89,eastmoney,qfq
2023-02-16,511010,国债ETF国泰,126.424,126.411,126.464,126.373,15263.0,197081412.0,0.07,-0.01,-0.012,4.33,eastmoney,qfq
2023-02-17,511010,国债ETF国泰,126.424,126.426,126.458,126.38,34858.0,450045924.0,0.06,0.01,0.015,9.88,eastmoney,qfq
2023-02-20,511010,国债ETF国泰,126.468,126.332,126.476,126.324,30785.0,397390564.0,0.12,-0.07,-0.094,8.72,eastmoney,qfq
2023-02-21,511010,国债ETF国泰,126.332,126.291,126.332,126.282,47602.0,614015767.0,0.04,-0.03,-0.041,13.49,eastmoney,qfq
2023-02-22,511010,国债ETF国泰,126.3,126.316,126.373,126.3,13636.0,175907187.0,0.06,0.02,0.025,3.86,eastmoney,qfq
2023-02-23,511010,国债ETF国泰,126.315,126.314,126.354,126.304,36937.0,476460250.0,0.04,0.0,-0.002,10.47,eastmoney,qfq
2023-02-24,511010,国债ETF国泰,126.362,126.317,126.362,126.314,23678.0,305451613.0,0.04,0.0,0.003,6.71,eastmoney,qfq
2023-02-27,511010,国债ETF国泰,126.317,126.296,126.356,126.245,24690.0,318482262.0,0.09,-0.02,-0.021,7.0,eastmoney,qfq
2023-02-28,511010,国债ETF国泰,126.345,126.278,126.345,126.247,37093.0,478467792.0,0.08,-0.01,-0.018,10.51,eastmoney,qfq
2023-03-01,511010,国债ETF国泰,126.28,126.287,126.315,126.28,62552.0,806801213.0,0.03,0.01,0.009,17.73,eastmoney,qfq
2023-03-02,511010,国债ETF国泰,126.301,126.315,126.335,126.284,5544.0,71505720.0,0.04,0.02,0.028,1.57,eastmoney,qfq
2023-03-03,511010,国债ETF国泰,126.314,126.298,126.325,126.277,18943.0,244311120.0,0.04,-0.01,-0.017,5.37,eastmoney,qfq
2023-03-06,511010,国债ETF国泰,126.285,126.387,126.392,126.285,23218.0,299591651.0,0.08,0.07,0.089,6.58,eastmoney,qfq
2023-03-07,511010,国债ETF国泰,126.387,126.487,126.493,126.38,5842.0,75427720.0,0.09,0.08,0.1,1.66,eastmoney,qfq
2023-03-08,511010,国债ETF国泰,126.49,126.556,126.587,126.442,18116.0,234135700.0,0.11,0.05,0.069,5.13,eastmoney,qfq
2023-03-09,511010,国债ETF国泰,126.559,126.575,126.593,126.559,17066.0,220584742.0,0.03,0.02,0.019,4.84,eastmoney,qfq
2023-03-10,511010,国债ETF国泰,126.585,126.624,126.666,126.554,30005.0,387949673.0,0.09,0.04,0.049,8.5,eastmoney,qfq
2023-03-13,511010,国债ETF国泰,126.582,126.619,126.67,126.582,18028.0,233153691.0,0.07,0.0,-0.005,5.11,eastmoney,qfq
2023-03-14,511010,国债ETF国泰,126.619,126.662,126.681,126.596,33108.0,428180717.0,0.07,0.03,0.043,9.38,eastmoney,qfq
2023-03-15,511010,国债ETF国泰,126.63,126.631,126.662,126.62,21349.0,276046248.0,0.03,-0.02,-0.031,6.05,eastmoney,qfq
2023-03-16,511010,国债ETF国泰,126.636,126.69,126.699,126.636,21689.0,280565651.0,0.05,0.05,0.059,6.15,eastmoney,qfq
2023-03-17,511010,国债ETF国泰,126.666,126.76,126.791,126.641,23759.0,307508621.0,0.12,0.06,0.07,6.73,eastmoney,qfq
2023-03-20,511010,国债ETF国泰,126.81,126.845,126.888,126.724,29706.0,384822322.0,0.13,0.07,0.085,8.42,eastmoney,qfq
2023-03-21,511010,国债ETF国泰,126.895,126.783,126.895,126.724,25054.0,324455752.0,0.13,-0.05,-0.062,7.1,eastmoney,qfq
2023-03-22,511010,国债ETF国泰,126.752,126.777,126.824,126.677,32170.0,416345391.0,0.12,0.0,-0.006,9.12,eastmoney,qfq
2023-03-23,511010,国债ETF国泰,126.736,126.751,126.818,126.731,30417.0,393736141.0,0.07,-0.02,-0.026,8.62,eastmoney,qfq
2023-03-24,511010,国债ETF国泰,126.731,126.697,126.793,126.674,38251.0,495143000.0,0.09,-0.04,-0.054,10.84,eastmoney,qfq
2023-03-27,511010,国债ETF国泰,126.697,126.707,126.739,126.608,10455.0,135275008.0,0.1,0.01,0.01,2.96,eastmoney,qfq
2023-03-28,511010,国债ETF国泰,126.709,126.731,126.753,126.709,19520.0,252609750.0,0.03,0.02,0.024,5.53,eastmoney,qfq
2023-03-29,511010,国债ETF国泰,126.773,126.759,126.781,126.692,44493.0,575964626.0,0.07,0.02,0.028,12.61,eastmoney,qfq
2023-03-30,511010,国债ETF国泰,126.724,126.794,126.834,126.724,18134.0,234813430.0,0.09,0.03,0.035,5.14,eastmoney,qfq
2023-03-31,511010,国债ETF国泰,126.844,126.804,126.874,126.794,33838.0,438278396.0,0.06,0.01,0.01,9.59,eastmoney,qfq
2023-04-03,511010,国债ETF国泰,126.805,126.794,126.854,126.775,66325.0,858684593.0,0.06,-0.01,-0.01,18.8,eastmoney,qfq
2023-04-04,511010,国债ETF国泰,126.774,126.838,126.838,126.745,40258.0,521251685.0,0.07,0.03,0.044,11.41,eastmoney,qfq
2023-04-06,511010,国债ETF国泰,126.834,126.878,126.884,126.823,38497.0,498720583.0,0.05,0.03,0.04,10.91,eastmoney,qfq
2023-04-07,511010,国债ETF国泰,126.862,126.911,126.914,126.85,37441.0,485104728.0,0.05,0.03,0.033,10.61,eastmoney,qfq
2023-04-10,511010,国债ETF国泰,126.911,127.021,127.104,126.898,25760.0,333953672.0,0.16,0.09,0.11,7.3,eastmoney,qfq
2023-04-11,511010,国债ETF国泰,127.021,127.066,127.199,126.972,38753.0,502848404.0,0.18,0.04,0.045,10.98,eastmoney,qfq
2023-04-12,511010,国债ETF国泰,127.065,127.099,127.116,127.065,16850.0,218679971.0,0.04,0.03,0.033,4.78,eastmoney,qfq
2023-04-13,511010,国债ETF国泰,127.099,127.07,127.149,127.049,30850.0,400369521.0,0.08,-0.02,-0.029,8.74,eastmoney,qfq
2023-04-14,511010,国债ETF国泰,127.09,127.035,127.09,127.021,20276.0,263055562.0,0.05,-0.03,-0.035,5.75,eastmoney,qfq
2023-04-17,511010,国债ETF国泰,127.034,127.007,127.069,126.988,29356.0,380724162.0,0.06,-0.02,-0.028,8.32,eastmoney,qfq
2023-04-18,511010,国债ETF国泰,126.998,127.06,127.067,126.993,45828.0,594485236.0,0.06,0.04,0.053,12.99,eastmoney,qfq
2023-04-19,511010,国债ETF国泰,127.059,127.136,127.23,127.059,17699.0,229741690.0,0.13,0.06,0.076,5.02,eastmoney,qfq
2023-04-20,511010,国债ETF国泰,127.125,127.116,127.147,127.046,28781.0,373608235.0,0.08,-0.02,-0.02,8.16,eastmoney,qfq
2023-04-21,511010,国债ETF国泰,127.116,127.175,127.181,127.116,24726.0,321034926.0,0.05,0.05,0.059,7.01,eastmoney,qfq
2023-04-24,511010,国债ETF国泰,127.173,127.208,127.299,127.162,35063.0,455448043.0,0.11,0.03,0.033,9.94,eastmoney,qfq
2023-04-25,511010,国债ETF国泰,127.21,127.218,127.258,127.186,31477.0,408847633.0,0.06,0.01,0.01,8.92,eastmoney,qfq
2023-04-26,511010,国债ETF国泰,127.218,127.219,127.253,127.188,28067.0,364590936.0,0.05,0.0,0.001,7.95,eastmoney,qfq
2023-04-27,511010,国债ETF国泰,127.234,127.402,127.414,127.234,20789.0,270325325.0,0.14,0.14,0.183,5.89,eastmoney,qfq
2023-04-28,511010,国债ETF国泰,127.416,127.459,127.494,127.357,24639.0,320591751.0,0.11,0.04,0.057,6.98,eastmoney,qfq
2023-05-04,511010,国债ETF国泰,127.509,127.571,127.609,127.46,19461.0,253466721.0,0.12,0.09,0.112,5.52,eastmoney,qfq
2023-05-05,511010,国债ETF国泰,127.571,127.803,127.836,127.522,24226.0,315989504.0,0.25,0.18,0.232,6.87,eastmoney,qfq
2023-05-08,511010,国债ETF国泰,127.799,127.739,127.834,127.697,7382.0,96275702.0,0.11,-0.05,-0.064,2.09,eastmoney,qfq
2023-05-09,511010,国债ETF国泰,127.787,127.787,127.894,127.725,20516.0,267672810.0,0.13,0.04,0.048,5.81,eastmoney,qfq
2023-05-10,511010,国债ETF国泰,127.791,127.957,127.964,127.791,25766.0,336510386.0,0.14,0.13,0.17,7.3,eastmoney,qfq
2023-05-11,511010,国债ETF国泰,128.074,128.135,128.222,128.009,33491.0,437941268.0,0.17,0.14,0.178,9.49,eastmoney,qfq
2023-05-12,511010,国债ETF国泰,128.133,128.064,128.204,128.027,13655.0,178576886.0,0.14,-0.06,-0.071,3.87,eastmoney,qfq
2023-05-15,511010,国债ETF国泰,128.073,128.134,128.256,128.073,15318.0,200415198.0,0.14,0.05,0.07,4.34,eastmoney,qfq
2023-05-16,511010,国债ETF国泰,128.132,128.064,128.134,128.044,23216.0,303530877.0,0.07,-0.05,-0.07,6.58,eastmoney,qfq
2023-05-17,511010,国债ETF国泰,128.071,128.052,128.11,128.016,34685.0,453442925.0,0.07,-0.01,-0.012,9.83,eastmoney,qfq
2023-05-18,511010,国债ETF国泰,128.052,128.012,128.052,127.851,29491.0,385304464.0,0.16,-0.03,-0.04,8.36,eastmoney,qfq
2023-05-19,511010,国债ETF国泰,127.997,128.098,128.104,127.972,13746.0,179691762.0,0.1,0.07,0.086,3.9,eastmoney,qfq
2023-05-22,511010,国债ETF国泰,128.1,128.259,128.265,128.099,40847.0,534641899.0,0.13,0.13,0.161,11.58,eastmoney,qfq
2023-05-23,511010,国债ETF国泰,128.294,128.584,128.625,128.26,24308.0,318730703.0,0.28,0.25,0.325,6.89,eastmoney,qfq
2023-05-24,511010,国债ETF国泰,128.624,128.507,128.625,128.406,34021.0,446224481.0,0.17,-0.06,-0.077,9.64,eastmoney,qfq
2023-05-25,511010,国债ETF国泰,128.51,128.344,128.51,128.303,32659.0,427920134.0,0.16,-0.13,-0.163,9.26,eastmoney,qfq
2023-05-26,511010,国债ETF国泰,128.384,128.338,128.473,128.324,47512.0,622821176.0,0.12,0.0,-0.006,13.46,eastmoney,qfq
2023-05-29,511010,国债ETF国泰,128.292,128.368,128.41,128.124,23610.0,309136094.0,0.22,0.02,0.03,6.69,eastmoney,qfq
2023-05-30,511010,国债ETF国泰,128.384,128.474,128.514,128.384,33462.0,438790462.0,0.1,0.08,0.106,9.48,eastmoney,qfq
2023-05-31,511010,国债ETF国泰,128.474,128.542,128.625,128.474,37618.0,493565554.0,0.12,0.05,0.068,10.66,eastmoney,qfq
2023-06-01,511010,国债ETF国泰,128.496,128.65,128.672,128.496,28477.0,373875153.0,0.14,0.08,0.108,8.07,eastmoney,qfq
2023-06-02,511010,国债ETF国泰,128.665,128.472,128.679,128.4,32985.0,433163511.0,0.22,-0.14,-0.178,9.35,eastmoney,qfq
2023-06-05,511010,国债ETF国泰,128.424,128.603,128.623,128.424,8265.0,108493412.0,0.15,0.1,0.131,2.34,eastmoney,qfq
2023-06-06,511010,国债ETF国泰,128.603,128.652,128.671,128.603,23186.0,304476578.0,0.05,0.04,0.049,6.57,eastmoney,qfq
2023-06-07,511010,国债ETF国泰,128.7,128.777,128.781,128.658,32481.0,426881688.0,0.1,0.1,0.125,9.2,eastmoney,qfq
2023-06-08,511010,国债ETF国泰,128.777,128.717,128.784,128.674,28282.0,371697104.0,0.09,-0.05,-0.06,8.02,eastmoney,qfq
2023-06-09,511010,国债ETF国泰,128.676,128.794,128.842,128.676,13942.0,183219806.0,0.13,0.06,0.077,3.95,eastmoney,qfq
2023-06-12,511010,国债ETF国泰,128.821,128.868,128.883,128.776,33844.0,445018420.0,0.08,0.06,0.074,9.59,eastmoney,qfq
2023-06-13,511010,国债ETF国泰,128.869,129.014,129.053,128.869,31430.0,413960267.0,0.14,0.11,0.146,8.91,eastmoney,qfq
2023-06-14,511010,国债ETF国泰,129.017,129.109,129.143,129.017,34686.0,457082368.0,0.1,0.07,0.095,9.83,eastmoney,qfq
2023-06-15,511010,国债ETF国泰,129.104,128.761,129.108,124.104,23959.0,315448792.0,3.88,-0.27,-0.348,6.79,eastmoney,qfq
2023-06-16,511010,国债ETF国泰,128.662,128.482,128.829,128.375,26094.0,342938153.0,0.35,-0.22,-0.279,7.39,eastmoney,qfq
2023-06-19,511010,国债ETF国泰,128.506,128.52,128.621,128.483,14489.0,190087260.0,0.11,0.03,0.038,4.11,eastmoney,qfq
2023-06-20,511010,国债ETF国泰,128.47,128.546,128.569,128.47,23121.0,303408221.0,0.08,0.02,0.026,6.55,eastmoney,qfq
2023-06-21,511010,国债ETF国泰,128.554,128.684,128.687,128.554,8069.0,105985474.0,0.1,0.11,0.138,2.29,eastmoney,qfq
2023-06-26,511010,国债ETF国泰,128.691,128.763,128.766,128.691,17688.0,232480019.0,0.06,0.06,0.079,5.01,eastmoney,qfq
2023-06-27,511010,国债ETF国泰,128.763,128.687,128.774,128.593,18489.0,242885290.0,0.14,-0.06,-0.076,5.24,eastmoney,qfq
2023-06-28,511010,国债ETF国泰,128.685,128.709,128.729,128.685,18874.0,247996931.0,0.03,0.02,0.022,5.35,eastmoney,qfq
2023-06-29,511010,国债ETF国泰,128.712,128.675,128.751,128.675,24742.0,325114694.0,0.06,-0.03,-0.034,7.01,eastmoney,qfq
2023-06-30,511010,国债ETF国泰,128.724,128.853,128.856,128.716,17665.0,232139968.0,0.11,0.14,0.178,5.01,eastmoney,qfq
2023-07-03,511010,国债ETF国泰,128.903,128.913,128.969,128.825,33780.0,444419539.0,0.11,0.05,0.06,9.57,eastmoney,qfq
2023-07-04,511010,国债ETF国泰,128.913,128.891,129.03,128.864,1938.0,25514973.0,0.13,-0.02,-0.022,0.55,eastmoney,qfq
2023-07-05,511010,国债ETF国泰,128.895,129.08,129.082,128.895,2447.0,32224900.0,0.15,0.15,0.189,0.69,eastmoney,qfq
2023-07-06,511010,国债ETF国泰,129.089,129.123,129.171,129.03,7248.0,95530754.0,0.11,0.03,0.043,2.05,eastmoney,qfq
2023-07-07,511010,国债ETF国泰,129.091,129.136,129.172,129.091,12351.0,162804073.0,0.06,0.01,0.013,3.5,eastmoney,qfq
2023-07-10,511010,国债ETF国泰,129.135,129.128,129.164,129.035,38836.0,511772671.0,0.1,-0.01,-0.008,11.01,eastmoney,qfq
2023-07-11,511010,国债ETF国泰,129.123,129.144,129.177,129.123,15704.0,207039614.0,0.04,0.01,0.016,4.45,eastmoney,qfq
2023-07-12,511010,国债ETF国泰,129.148,129.141,129.162,129.095,27915.0,367976034.0,0.05,0.0,-0.003,7.91,eastmoney,qfq
2023-07-13,511010,国债ETF国泰,129.132,129.123,129.151,129.091,22041.0,290526284.0,0.05,-0.01,-0.018,6.25,eastmoney,qfq
2023-07-14,511010,国债ETF国泰,129.125,129.082,129.125,129.035,38272.0,504254287.0,0.07,-0.03,-0.041,10.85,eastmoney,qfq
2023-07-17,511010,国债ETF国泰,129.082,129.174,129.193,129.082,19564.0,257905657.0,0.09,0.07,0.092,5.54,eastmoney,qfq
2023-07-18,511010,国债ETF国泰,129.178,129.256,129.282,129.178,18657.0,246126131.0,0.08,0.06,0.082,5.29,eastmoney,qfq
2023-07-19,511010,国债ETF国泰,129.266,129.29,129.382,129.256,26977.0,356021905.0,0.1,0.03,0.034,7.65,eastmoney,qfq
2023-07-20,511010,国债ETF国泰,129.29,129.287,129.29,129.242,18669.0,246320038.0,0.04,0.0,-0.003,5.29,eastmoney,qfq
2023-07-21,511010,国债ETF国泰,129.336,129.42,129.422,129.287,20426.0,269689961.0,0.1,0.1,0.133,5.79,eastmoney,qfq
2023-07-24,511010,国债ETF国泰,129.393,129.456,129.51,129.373,19778.0,261327026.0,0.11,0.03,0.036,5.61,eastmoney,qfq
2023-07-25,511010,国债ETF国泰,129.306,129.125,129.306,129.124,32774.0,432118881.0,0.14,-0.26,-0.331,9.29,eastmoney,qfq
2023-07-26,511010,国债ETF国泰,129.124,129.149,129.152,128.924,49935.0,658099492.0,0.18,0.02,0.024,14.15,eastmoney,qfq
2023-07-27,511010,国债ETF国泰,129.162,129.261,129.27,129.159,29896.0,394288126.0,0.09,0.09,0.112,8.47,eastmoney,qfq
2023-07-28,511010,国债ETF国泰,129.244,129.17,129.322,129.104,40530.0,534588534.0,0.17,-0.07,-0.091,11.49,eastmoney,qfq
2023-07-31,511010,国债ETF国泰,129.16,129.051,129.16,128.825,38139.0,502367084.0,0.26,-0.09,-0.119,10.81,eastmoney,qfq
2023-08-01,511010,国债ETF国泰,129.054,129.145,129.204,129.054,38412.0,506379659.0,0.12,0.07,0.094,10.89,eastmoney,qfq
2023-08-02,511010,国债ETF国泰,129.146,129.15,129.195,129.141,35022.0,461744090.0,0.04,0.0,0.005,9.93,eastmoney,qfq
2023-08-03,511010,国债ETF国泰,129.154,129.207,129.223,129.154,28023.0,369558033.0,0.05,0.04,0.057,7.94,eastmoney,qfq
2023-08-04,511010,国债ETF国泰,129.207,129.251,129.357,129.158,8637.0,113936478.0,0.15,0.03,0.044,2.45,eastmoney,qfq
2023-08-07,511010,国债ETF国泰,129.301,129.307,129.32,129.283,31109.0,410608196.0,0.03,0.04,0.056,8.82,eastmoney,qfq
2023-08-08,511010,国债ETF国泰,129.31,129.334,129.343,129.3,23325.0,307883107.0,0.03,0.02,0.027,6.61,eastmoney,qfq
2023-08-09,511010,国债ETF国泰,129.384,129.359,129.384,129.284,25941.0,342502890.0,0.08,0.02,0.025,7.35,eastmoney,qfq
2023-08-10,511010,国债ETF国泰,129.35,129.308,129.374,129.287,28507.0,376273673.0,0.07,-0.04,-0.051,8.08,eastmoney,qfq
2023-08-11,511010,国债ETF国泰,129.308,129.346,129.365,129.308,32870.0,433937190.0,0.04,0.03,0.038,9.32,eastmoney,qfq
2023-08-14,511010,国债ETF国泰,129.361,129.412,129.445,129.361,32210.0,425453103.0,0.06,0.05,0.066,9.13,eastmoney,qfq
2023-08-15,511010,国债ETF国泰,129.412,129.685,129.803,129.412,18317.0,242331532.0,0.3,0.21,0.273,5.19,eastmoney,qfq
2023-08-16,511010,国债ETF国泰,129.704,129.756,129.824,129.704,40170.0,532053169.0,0.09,0.05,0.071,11.38,eastmoney,qfq
2023-08-17,511010,国债ETF国泰,129.776,129.714,129.802,129.635,50072.0,662992562.0,0.13,-0.03,-0.042,14.19,eastmoney,qfq
2023-08-18,511010,国债ETF国泰,129.714,129.781,129.806,129.669,33130.0,438689398.0,0.11,0.05,0.067,9.39,eastmoney,qfq
2023-08-21,511010,国债ETF国泰,129.797,129.902,129.918,129.797,32990.0,437185078.0,0.09,0.09,0.121,9.35,eastmoney,qfq
2023-08-22,511010,国债ETF国泰,129.902,129.828,129.939,129.624,35735.0,473578700.0,0.24,-0.06,-0.074,10.13,eastmoney,qfq
2023-08-23,511010,国债ETF国泰,129.83,129.815,129.871,129.792,32232.0,427080198.0,0.06,-0.01,-0.013,9.13,eastmoney,qfq
2023-08-24,511010,国债ETF国泰,129.785,129.784,129.845,129.758,34923.0,462600724.0,0.07,-0.02,-0.031,9.9,eastmoney,qfq
2023-08-25,511010,国债ETF国泰,129.791,129.721,129.834,129.709,26396.0,349582933.0,0.1,-0.05,-0.063,7.48,eastmoney,qfq
2023-08-28,511010,国债ETF国泰,129.499,129.556,129.596,128.179,36151.0,477962129.0,1.09,-0.13,-0.165,10.25,eastmoney,qfq
2023-08-29,511010,国债ETF国泰,129.575,129.394,129.704,129.353,27171.0,358904360.0,0.27,-0.13,-0.162,7.7,eastmoney,qfq
2023-08-30,511010,国债ETF国泰,129.345,129.647,129.717,129.334,37123.0,491143561.0,0.3,0.2,0.253,10.52,eastmoney,qfq
2023-08-31,511010,国债ETF国泰,129.649,129.673,129.709,129.639,29511.0,390606086.0,0.05,0.02,0.026,8.36,eastmoney,qfq
2023-09-01,511010,国债ETF国泰,129.629,129.532,129.634,129.523,29137.0,385365357.0,0.09,-0.11,-0.141,8.26,eastmoney,qfq
2023-09-04,511010,国债ETF国泰,129.454,129.212,129.454,129.115,26614.0,351146844.0,0.26,-0.25,-0.32,7.54,eastmoney,qfq
2023-09-05,511010,国债ETF国泰,129.289,129.307,129.321,129.235,34148.0,450689636.0,0.07,0.07,0.095,9.68,eastmoney,qfq
2023-09-06,511010,国债ETF国泰,129.313,129.207,129.368,129.177,45076.0,594859280.0,0.15,-0.08,-0.1,12.77,eastmoney,qfq
2023-09-07,511010,国债ETF国泰,129.205,129.046,129.205,129.029,27480.0,362147293.0,0.14,-0.12,-0.161,7.79,eastmoney,qfq
2023-09-08,511010,国债ETF国泰,129.099,129.151,129.173,129.086,29664.0,391031766.0,0.07,0.08,0.105,8.41,eastmoney,qfq
2023-09-11,511010,国债ETF国泰,129.151,129.151,129.208,129.096,28002.0,369167353.0,0.09,0.0,0.0,7.94,eastmoney,qfq
2023-09-12,511010,国债ETF国泰,129.151,129.174,129.242,129.143,17140.0,226038468.0,0.08,0.02,0.023,4.86,eastmoney,qfq
2023-09-13,511010,国债ETF国泰,129.212,129.308,129.359,129.194,35354.0,466676446.0,0.13,0.1,0.134,10.02,eastmoney,qfq
2023-09-14,511010,国债ETF国泰,129.274,129.375,129.401,129.274,38508.0,508389498.0,0.1,0.05,0.067,10.91,eastmoney,qfq
2023-09-15,511010,国债ETF国泰,129.374,129.309,129.394,129.29,25571.0,337515666.0,0.08,-0.05,-0.066,7.25,eastmoney,qfq
2023-09-18,511010,国债ETF国泰,129.259,129.167,129.259,129.124,29555.0,389654351.0,0.1,-0.11,-0.142,8.38,eastmoney,qfq
2023-09-19,511010,国债ETF国泰,129.196,129.152,129.196,129.137,25879.0,341219746.0,0.05,-0.01,-0.015,7.33,eastmoney,qfq
2023-09-20,511010,国债ETF国泰,129.152,129.1,129.163,129.089,22783.0,300281036.0,0.06,-0.04,-0.052,6.46,eastmoney,qfq
2023-09-21,511010,国债ETF国泰,129.1,129.197,129.219,129.051,26749.0,352695114.0,0.13,0.08,0.097,7.58,eastmoney,qfq
2023-09-22,511010,国债ETF国泰,129.197,129.102,129.224,129.092,26261.0,346221592.0,0.1,-0.07,-0.095,7.44,eastmoney,qfq
2023-09-25,511010,国债ETF国泰,129.101,129.075,129.224,129.073,31232.0,411669555.0,0.12,-0.02,-0.027,8.85,eastmoney,qfq
2023-09-26,511010,国债ETF国泰,129.028,128.926,129.087,128.891,33886.0,446313628.0,0.15,-0.12,-0.149,9.6,eastmoney,qfq
2023-09-27,511010,国债ETF国泰,128.927,128.628,128.973,128.625,3745.0,49205761.0,0.27,-0.23,-0.298,1.06,eastmoney,qfq
2023-09-28,511010,国债ETF国泰,128.976,129.206,129.284,128.914,27356.0,360752444.0,0.29,0.45,0.578,7.75,eastmoney,qfq
2023-10-09,511010,国债ETF国泰,129.207,129.317,129.373,129.188,23688.0,312652565.0,0.14,0.09,0.111,6.71,eastmoney,qfq
2023-10-10,511010,国债ETF国泰,129.28,129.223,129.333,129.217,27877.0,367859102.0,0.09,-0.07,-0.094,7.9,eastmoney,qfq
2023-10-11,511010,国债ETF国泰,129.184,128.983,129.206,128.934,23312.0,307138057.0,0.21,-0.19,-0.24,6.61,eastmoney,qfq
2023-10-12,511010,国债ETF国泰,128.933,128.964,129.004,128.784,34944.0,459807435.0,0.17,-0.01,-0.019,9.9,eastmoney,qfq
2023-10-13,511010,国债ETF国泰,128.968,129.073,129.101,128.968,25687.0,338376288.0,0.1,0.08,0.109,7.28,eastmoney,qfq
2023-10-16,511010,国债ETF国泰,129.123,129.087,129.224,129.065,47490.0,625810972.0,0.12,0.01,0.014,13.46,eastmoney,qfq
2023-10-17,511010,国债ETF国泰,129.057,129.022,129.061,128.99,40160.0,528878663.0,0.06,-0.05,-0.065,11.38,eastmoney,qfq
2023-10-18,511010,国债ETF国泰,129.022,128.997,129.047,128.981,28848.0,379928341.0,0.05,-0.02,-0.025,8.18,eastmoney,qfq
2023-10-19,511010,国债ETF国泰,128.951,128.762,128.977,127.55,42310.0,556641030.0,1.11,-0.18,-0.235,11.99,eastmoney,qfq
2023-10-20,511010,国债ETF国泰,128.762,128.864,128.903,128.762,29304.0,385371929.0,0.11,0.08,0.102,8.3,eastmoney,qfq
2023-10-23,511010,国债ETF国泰,128.924,128.986,128.999,128.922,35683.0,469834574.0,0.06,0.09,0.122,10.11,eastmoney,qfq
2023-10-24,511010,国债ETF国泰,128.956,128.924,128.971,128.868,27500.0,361975223.0,0.08,-0.05,-0.062,7.79,eastmoney,qfq
2023-10-25,511010,国债ETF国泰,128.925,129.078,129.103,128.856,19847.0,261317852.0,0.19,0.12,0.154,5.62,eastmoney,qfq
2023-10-26,511010,国债ETF国泰,129.08,129.234,129.245,129.08,28836.0,380318363.0,0.13,0.12,0.156,8.17,eastmoney,qfq
2023-10-27,511010,国债ETF国泰,129.234,129.174,129.299,129.157,27313.0,360238494.0,0.11,-0.05,-0.06,7.74,eastmoney,qfq
2023-10-30,511010,国债ETF国泰,129.171,129.35,129.393,129.171,26887.0,354822534.0,0.17,0.14,0.176,7.62,eastmoney,qfq
2023-10-31,511010,国债ETF国泰,129.325,129.39,129.447,129.325,27278.0,360303314.0,0.09,0.03,0.04,7.73,eastmoney,qfq
2023-11-01,511010,国债ETF国泰,129.474,129.417,129.474,129.375,27528.0,363597904.0,0.08,0.02,0.027,7.8,eastmoney,qfq
2023-11-02,511010,国债ETF国泰,129.42,129.515,129.527,129.407,27548.0,364126128.0,0.09,0.08,0.098,7.81,eastmoney,qfq
2023-11-03,511010,国债ETF国泰,129.505,129.506,129.616,129.429,29496.0,389886213.0,0.14,-0.01,-0.009,8.36,eastmoney,qfq
2023-11-06,511010,国债ETF国泰,129.504,129.469,129.504,129.415,29974.0,396096233.0,0.07,-0.03,-0.037,8.49,eastmoney,qfq
2023-11-07,511010,国债ETF国泰,129.469,129.504,129.534,129.469,29705.0,392697354.0,0.05,0.03,0.035,8.42,eastmoney,qfq
2023-11-08,511010,国债ETF国泰,129.519,129.517,129.519,129.427,28572.0,377615800.0,0.07,0.01,0.013,8.1,eastmoney,qfq
2023-11-09,511010,国债ETF国泰,129.562,129.524,129.589,129.495,39085.0,516764697.0,0.07,0.01,0.007,11.08,eastmoney,qfq
2023-11-10,511010,国债ETF国泰,129.525,129.529,129.562,129.487,28517.0,376994077.0,0.06,0.0,0.005,8.08,eastmoney,qfq
2023-11-13,511010,国债ETF国泰,129.528,129.687,129.758,129.492,46505.0,615227094.0,0.21,0.12,0.158,13.18,eastmoney,qfq
2023-11-14,511010,国债ETF国泰,129.685,129.676,129.685,129.58,29665.0,392512751.0,0.08,-0.01,-0.011,8.41,eastmoney,qfq
2023-11-15,511010,国债ETF国泰,129.676,129.673,129.691,129.63,31885.0,421971382.0,0.05,0.0,-0.003,9.04,eastmoney,qfq
2023-11-16,511010,国债ETF国泰,129.654,129.749,129.769,129.654,27902.0,369450386.0,0.09,0.06,0.076,7.91,eastmoney,qfq
2023-11-17,511010,国债ETF国泰,129.75,129.761,129.794,129.696,28266.0,374291714.0,0.08,0.01,0.012,8.01,eastmoney,qfq
2023-11-20,511010,国债ETF国泰,129.79,129.691,129.79,129.679,33507.0,443597853.0,0.09,-0.05,-0.07,9.5,eastmoney,qfq
2023-11-21,511010,国债ETF国泰,129.659,129.63,129.674,129.588,27321.0,361522071.0,0.07,-0.05,-0.061,7.74,eastmoney,qfq
2023-11-22,511010,国债ETF国泰,129.63,129.479,129.63,129.455,28070.0,371105577.0,0.14,-0.12,-0.151,7.95,eastmoney,qfq
2023-11-23,511010,国债ETF国泰,129.494,129.314,129.494,129.254,27811.0,367208779.0,0.19,-0.13,-0.165,7.88,eastmoney,qfq
2023-11-24,511010,国债ETF国泰,129.362,129.41,129.503,129.334,26883.0,355049262.0,0.13,0.07,0.096,7.62,eastmoney,qfq
2023-11-27,511010,国债ETF国泰,129.364,129.391,129.464,129.329,30525.0,403162654.0,0.1,-0.01,-0.019,8.65,eastmoney,qfq
2023-11-28,511010,国债ETF国泰,129.394,129.379,129.55,129.324,36535.0,482504162.0,0.17,-0.01,-0.012,10.35,eastmoney,qfq
2023-11-29,511010,国债ETF国泰,129.38,129.331,129.399,129.325,43993.0,580900954.0,0.06,-0.04,-0.048,12.47,eastmoney,qfq
2023-11-30,511010,国债ETF国泰,129.344,129.425,129.466,129.334,31820.0,420419477.0,0.1,0.07,0.094,9.02,eastmoney,qfq
2023-12-01,511010,国债ETF国泰,129.475,129.524,129.624,129.469,46148.0,610146584.0,0.12,0.08,0.099,13.08,eastmoney,qfq
2023-12-04,511010,国债ETF国泰,129.524,129.429,129.583,129.418,44993.0,594621236.0,0.13,-0.07,-0.095,12.75,eastmoney,qfq
2023-12-05,511010,国债ETF国泰,129.431,129.415,129.448,129.391,22145.0,292521389.0,0.04,-0.01,-0.014,6.28,eastmoney,qfq
2023-12-06,511010,国债ETF国泰,129.415,129.397,129.448,129.367,34370.0,454050433.0,0.06,-0.01,-0.018,9.74,eastmoney,qfq
2023-12-07,511010,国债ETF国泰,129.397,129.468,129.476,129.379,34286.0,453052722.0,0.07,0.05,0.071,9.72,eastmoney,qfq
2023-12-08,511010,国债ETF国泰,129.563,129.534,129.592,129.512,32707.0,432516448.0,0.06,0.05,0.066,9.27,eastmoney,qfq
2023-12-11,511010,国债ETF国泰,129.589,129.719,129.755,129.589,30451.0,403067643.0,0.13,0.14,0.185,8.63,eastmoney,qfq
2023-12-12,511010,国债ETF国泰,129.719,129.707,129.757,129.678,33835.0,447930163.0,0.06,-0.01,-0.012,9.59,eastmoney,qfq
2023-12-13,511010,国债ETF国泰,129.725,129.889,129.938,129.725,22260.0,294983516.0,0.16,0.14,0.182,6.31,eastmoney,qfq
2023-12-14,511010,国债ETF国泰,129.895,129.765,129.895,129.744,18697.0,247695562.0,0.12,-0.1,-0.124,5.3,eastmoney,qfq
2023-12-15,511010,国债ETF国泰,129.793,129.882,129.897,129.776,33805.0,448072693.0,0.09,0.09,0.117,9.58,eastmoney,qfq
2023-12-18,511010,国债ETF国泰,129.898,129.989,130.024,129.898,32852.0,435803161.0,0.1,0.08,0.107,9.31,eastmoney,qfq
2023-12-19,511010,国债ETF国泰,129.996,129.976,130.006,129.954,34199.0,453695956.0,0.04,-0.01,-0.013,9.69,eastmoney,qfq
2023-12-20,511010,国债ETF国泰,129.978,129.885,130.023,129.877,33343.0,442207626.0,0.11,-0.07,-0.091,9.45,eastmoney,qfq
2023-12-21,511010,国债ETF国泰,129.887,129.934,129.963,129.845,29682.0,393473151.0,0.09,0.04,0.049,8.41,eastmoney,qfq
2023-12-22,511010,国债ETF国泰,130.025,130.111,130.141,129.987,14535.0,192990701.0,0.12,0.14,0.177,4.12,eastmoney,qfq
2023-12-25,511010,国债ETF国泰,130.161,130.219,130.253,130.11,10951.0,145467781.0,0.11,0.08,0.108,3.1,eastmoney,qfq
2023-12-26,511010,国债ETF国泰,130.224,130.321,130.439,130.191,19286.0,256504978.0,0.19,0.08,0.102,5.47,eastmoney,qfq
2023-12-27,511010,国债ETF国泰,130.383,130.45,130.483,130.383,31812.0,423501805.0,0.08,0.1,0.129,9.02,eastmoney,qfq
2023-12-28,511010,国债ETF国泰,130.503,130.569,130.724,130.431,7875.0,104887087.0,0.22,0.09,0.119,2.23,eastmoney,qfq
2023-12-29,511010,国债ETF国泰,130.586,130.687,130.711,130.586,26287.0,350506070.0,0.1,0.09,0.118,7.45,eastmoney,qfq
2024-01-02,511010,国债ETF国泰,130.688,130.576,130.688,130.354,31664.0,422059052.0,0.26,-0.08,-0.111,8.97,eastmoney,qfq
2024-01-03,511010,国债ETF国泰,130.539,130.541,130.571,130.479,41739.0,555849698.0,0.07,-0.03,-0.035,11.83,eastmoney,qfq
2024-01-04,511010,国债ETF国泰,130.529,130.644,130.718,130.495,4005.0,53394226.0,0.17,0.08,0.103,1.14,eastmoney,qfq
2024-01-05,511010,国债ETF国泰,130.642,130.781,130.916,130.607,3307.0,44113446.0,0.24,0.1,0.137,0.94,eastmoney,qfq
2024-01-08,511010,国债ETF国泰,130.768,130.747,131.023,130.684,30614.0,408421848.0,0.26,-0.03,-0.034,8.68,eastmoney,qfq
2024-01-09,511010,国债ETF国泰,130.746,130.768,130.81,130.734,29256.0,390354639.0,0.06,0.02,0.021,8.29,eastmoney,qfq
2024-01-10,511010,国债ETF国泰,130.793,130.751,130.811,130.72,22250.0,296839811.0,0.07,-0.01,-0.017,6.31,eastmoney,qfq
2024-01-11,511010,国债ETF国泰,130.752,130.784,130.8,130.693,27339.0,364757465.0,0.08,0.03,0.033,7.75,eastmoney,qfq
2024-01-12,511010,国债ETF国泰,130.823,130.741,130.823,130.578,26873.0,358434741.0,0.19,-0.03,-0.043,7.62,eastmoney,qfq
2024-01-15,511010,国债ETF国泰,130.741,130.697,130.78,130.691,61964.0,826566021.0,0.07,-0.03,-0.044,17.56,eastmoney,qfq
2024-01-16,511010,国债ETF国泰,130.655,130.606,130.683,130.604,46331.0,617761839.0,0.06,-0.07,-0.091,13.13,eastmoney,qfq
2024-01-17,511010,国债ETF国泰,130.588,130.703,130.703,130.588,42925.0,572341542.0,0.09,0.07,0.097,12.16,eastmoney,qfq
2024-01-18,511010,国债ETF国泰,130.739,130.674,130.881,130.658,42701.0,569876312.0,0.17,-0.02,-0.029,12.1,eastmoney,qfq
2024-01-19,511010,国债ETF国泰,130.764,130.899,130.899,130.764,50477.0,673929522.0,0.1,0.17,0.225,14.3,eastmoney,qfq
2024-01-22,511010,国债ETF国泰,130.901,130.961,131.024,130.872,30624.0,409094798.0,0.12,0.05,0.062,8.68,eastmoney,qfq
2024-01-23,511010,国债ETF国泰,130.961,130.883,130.961,130.826,31376.0,418987630.0,0.1,-0.06,-0.078,8.89,eastmoney,qfq
2024-01-24,511010,国债ETF国泰,130.835,130.836,130.922,130.82,14214.0,189815057.0,0.08,-0.04,-0.047,4.03,eastmoney,qfq
2024-01-25,511010,国债ETF国泰,130.888,131.006,131.045,130.888,16875.0,225569346.0,0.12,0.13,0.17,4.78,eastmoney,qfq
2024-01-26,511010,国债ETF国泰,131.074,131.099,131.171,131.071,40995.0,548326574.0,0.08,0.07,0.093,11.62,eastmoney,qfq
2024-01-29,511010,国债ETF国泰,131.099,131.145,131.149,131.078,30873.0,413130976.0,0.05,0.04,0.046,8.75,eastmoney,qfq
2024-01-30,511010,国债ETF国泰,131.34,131.491,131.632,131.242,36493.0,489255910.0,0.3,0.26,0.346,10.34,eastmoney,qfq
2024-01-31,511010,国债ETF国泰,131.594,131.524,131.714,131.442,25205.0,338210701.0,0.21,0.03,0.033,7.14,eastmoney,qfq
2024-02-01,511010,国债ETF国泰,131.444,131.402,131.501,131.268,34043.0,456351073.0,0.18,-0.09,-0.122,9.65,eastmoney,qfq
2024-02-02,511010,国债ETF国泰,131.387,131.39,131.414,131.355,40738.0,546118929.0,0.04,-0.01,-0.012,11.54,eastmoney,qfq
2024-02-05,511010,国债ETF国泰,131.646,131.548,131.714,131.493,34413.0,461796508.0,0.17,0.12,0.158,9.75,eastmoney,qfq
2024-02-06,511010,国债ETF国泰,131.469,131.347,131.494,131.294,42677.0,572060128.0,0.15,-0.15,-0.201,12.09,eastmoney,qfq
2024-02-07,511010,国债ETF国泰,131.293,131.285,131.554,131.069,15312.0,205142624.0,0.37,-0.05,-0.062,4.34,eastmoney,qfq
2024-02-08,511010,国债ETF国泰,131.519,131.524,131.524,131.326,25645.0,343927269.0,0.15,0.18,0.239,7.27,eastmoney,qfq
2024-02-19,511010,国债ETF国泰,131.443,131.484,131.502,131.35,38908.0,521972404.0,0.12,-0.03,-0.04,11.03,eastmoney,qfq
2024-02-20,511010,国债ETF国泰,131.472,131.526,131.544,131.454,35983.0,482744989.0,0.07,0.03,0.042,10.2,eastmoney,qfq
2024-02-21,511010,国债ETF国泰,131.576,131.609,131.751,131.484,29469.0,395684697.0,0.2,0.06,0.083,8.35,eastmoney,qfq
2024-02-22,511010,国债ETF国泰,131.609,131.667,131.681,131.555,26980.0,362284554.0,0.1,0.04,0.058,7.65,eastmoney,qfq
2024-02-23,511010,国债ETF国泰,131.804,131.833,131.902,131.711,36790.0,494736824.0,0.15,0.13,0.166,10.43,eastmoney,qfq
2024-02-26,511010,国债ETF国泰,131.823,131.845,131.89,131.734,25915.0,348596463.0,0.12,0.01,0.012,7.34,eastmoney,qfq
2024-02-27,511010,国债ETF国泰,131.875,131.883,131.936,131.852,28539.0,384026914.0,0.06,0.03,0.038,8.09,eastmoney,qfq
2024-02-28,511010,国债ETF国泰,131.849,131.894,131.921,131.822,25255.0,339736624.0,0.08,0.01,0.011,7.16,eastmoney,qfq
2024-02-29,511010,国债ETF国泰,131.905,131.945,131.963,131.904,54219.0,729932059.0,0.04,0.04,0.051,15.37,eastmoney,qfq
2024-03-01,511010,国债ETF国泰,131.924,131.864,131.948,131.854,52223.0,702672881.0,0.07,-0.06,-0.081,14.8,eastmoney,qfq
2024-03-04,511010,国债ETF国泰,131.831,131.869,131.89,131.749,43927.0,591032483.0,0.11,0.0,0.005,12.45,eastmoney,qfq
2024-03-05,511010,国债ETF国泰,131.851,131.874,131.902,131.825,41925.0,564130439.0,0.06,0.0,0.005,11.88,eastmoney,qfq
2024-03-06,511010,国债ETF国泰,131.964,132.054,132.058,131.904,37172.0,500761277.0,0.12,0.14,0.18,10.53,eastmoney,qfq
2024-03-07,511010,国债ETF国泰,132.279,132.17,132.279,132.066,37630.0,507391105.0,0.16,0.09,0.116,10.66,eastmoney,qfq
2024-03-08,511010,国债ETF国泰,132.168,132.117,132.197,132.044,43724.0,589453577.0,0.12,-0.04,-0.053,12.39,eastmoney,qfq
2024-03-11,511010,国债ETF国泰,132.02,132.032,132.116,131.995,42286.0,569558883.0,0.09,-0.06,-0.085,11.98,eastmoney,qfq
2024-03-12,511010,国债ETF国泰,131.932,131.905,131.984,131.832,41780.0,562296870.0,0.12,-0.1,-0.127,11.84,eastmoney,qfq
2024-03-13,511010,国债ETF国泰,131.793,131.868,131.879,131.698,39384.0,529420557.0,0.14,-0.03,-0.037,11.16,eastmoney,qfq
2024-03-14,511010,国债ETF国泰,131.837,131.795,131.837,131.737,34673.0,466290866.0,0.08,-0.06,-0.073,9.83,eastmoney,qfq
2024-03-15,511010,国债ETF国泰,131.823,131.878,131.927,131.816,41887.0,563565878.0,0.08,0.06,0.083,11.87,eastmoney,qfq
2024-03-18,511010,国债ETF国泰,131.868,132.001,132.004,131.858,41509.0,558782778.0,0.11,0.09,0.123,11.76,eastmoney,qfq
2024-03-19,511010,国债ETF国泰,132.004,132.107,132.116,132.004,34378.0,463246829.0,0.08,0.08,0.106,9.74,eastmoney,qfq
2024-03-20,511010,国债ETF国泰,132.101,132.083,132.118,132.058,67407.0,908402705.0,0.05,-0.02,-0.024,19.1,eastmoney,qfq
2024-03-21,511010,国债ETF国泰,132.033,132.107,132.115,131.948,35896.0,483576756.0,0.13,0.02,0.024,10.17,eastmoney,qfq
2024-03-22,511010,国债ETF国泰,132.164,132.14,132.224,132.107,38493.0,518969632.0,0.09,0.02,0.033,10.91,eastmoney,qfq
2024-03-25,511010,国债ETF国泰,132.004,132.076,132.1,131.982,41118.0,553835634.0,0.09,-0.05,-0.064,11.65,eastmoney,qfq
2024-03-26,511010,国债ETF国泰,132.029,132.061,132.068,132.022,31516.0,424598115.0,0.03,-0.01,-0.015,8.93,eastmoney,qfq
2024-03-27,511010,国债ETF国泰,132.056,132.115,132.136,132.045,40304.0,543158055.0,0.07,0.04,0.054,11.42,eastmoney,qfq
2024-03-28,511010,国债ETF国泰,132.172,132.099,132.172,132.08,2827.0,38109293.0,0.07,-0.01,-0.016,0.8,eastmoney,qfq
2024-03-29,511010,国债ETF国泰,132.131,132.247,132.257,132.103,40632.0,548002566.0,0.12,0.11,0.148,11.51,eastmoney,qfq
2024-04-01,511010,国债ETF国泰,132.249,132.202,132.25,132.14,30373.0,409613209.0,0.08,-0.03,-0.045,8.61,eastmoney,qfq
2024-04-02,511010,国债ETF国泰,132.202,132.25,132.254,132.202,37738.0,509095249.0,0.04,0.04,0.048,10.69,eastmoney,qfq
2024-04-03,511010,国债ETF国泰,132.3,132.387,132.394,132.292,34318.0,463414435.0,0.08,0.1,0.137,9.73,eastmoney,qfq
2024-04-08,511010,国债ETF国泰,132.387,132.554,132.582,132.376,31544.0,426404639.0,0.16,0.13,0.167,8.94,eastmoney,qfq
2024-04-09,511010,国债ETF国泰,132.554,132.679,132.697,132.506,41409.0,560376532.0,0.14,0.09,0.125,11.74,eastmoney,qfq
2024-04-10,511010,国债ETF国泰,132.611,132.693,132.724,132.582,52895.0,715854808.0,0.11,0.01,0.014,14.99,eastmoney,qfq
2024-04-11,511010,国债ETF国泰,132.694,132.718,132.781,132.692,39365.0,533063942.0,0.07,0.02,0.025,11.16,eastmoney,qfq
2024-04-12,511010,国债ETF国泰,132.761,132.893,132.923,132.761,39987.0,541980870.0,0.12,0.13,0.175,11.33,eastmoney,qfq
2024-04-15,511010,国债ETF国泰,132.899,132.874,132.969,132.866,30803.0,417584221.0,0.08,-0.01,-0.019,8.73,eastmoney,qfq
2024-04-16,511010,国债ETF国泰,132.874,132.801,132.874,132.712,38683.0,524038437.0,0.12,-0.05,-0.073,10.96,eastmoney,qfq
2024-04-17,511010,国债ETF国泰,132.801,132.836,132.866,132.801,34128.0,462501503.0,0.05,0.03,0.035,9.67,eastmoney,qfq
2024-04-18,511010,国债ETF国泰,132.884,132.942,132.953,132.816,31451.0,426368681.0,0.1,0.08,0.106,8.91,eastmoney,qfq
2024-04-19,511010,国债ETF国泰,133.003,133.03,133.06,133.003,68993.0,936298335.0,0.04,0.07,0.088,19.55,eastmoney,qfq
2024-04-22,511010,国债ETF国泰,133.044,133.111,133.114,133.044,30708.0,416881888.0,0.05,0.06,0.081,8.7,eastmoney,qfq
2024-04-23,511010,国债ETF国泰,133.122,133.301,133.303,133.117,29838.0,405530649.0,0.14,0.14,0.19,8.46,eastmoney,qfq
2024-04-24,511010,国债ETF国泰,133.109,132.942,133.301,132.892,34713.0,471142568.0,0.31,-0.27,-0.359,9.84,eastmoney,qfq
2024-04-25,511010,国债ETF国泰,132.95,133.037,133.106,132.95,31794.0,431549647.0,0.12,0.07,0.095,9.01,eastmoney,qfq
2024-04-26,511010,国债ETF国泰,133.089,132.813,133.164,132.804,28061.0,380788172.0,0.27,-0.17,-0.224,7.95,eastmoney,qfq
2024-04-29,511010,国债ETF国泰,132.949,132.253,132.949,131.836,10692.0,144190462.0,0.84,-0.42,-0.56,3.03,eastmoney,qfq
2024-04-30,511010,国债ETF国泰,132.394,132.636,132.664,132.394,36085.0,488135623.0,0.2,0.29,0.383,10.23,eastmoney,qfq
2024-05-06,511010,国债ETF国泰,132.641,132.849,132.849,132.382,18296.0,247889785.0,0.35,0.16,0.213,5.19,eastmoney,qfq
2024-05-07,511010,国债ETF国泰,132.966,133.015,133.119,132.869,29758.0,403983601.0,0.19,0.12,0.166,8.43,eastmoney,qfq
2024-05-08,511010,国债ETF国泰,133.015,133.039,133.058,133.003,28353.0,384760094.0,0.04,0.02,0.024,8.04,eastmoney,qfq
2024-05-09,511010,国债ETF国泰,132.974,132.92,132.984,132.883,41169.0,558285771.0,0.08,-0.09,-0.119,11.67,eastmoney,qfq
2024-05-10,511010,国债ETF国泰,132.912,132.896,132.948,132.878,29335.0,397753233.0,0.05,-0.02,-0.024,8.31,eastmoney,qfq
2024-05-13,511010,国债ETF国泰,132.936,133.04,133.043,132.924,27803.0,377206359.0,0.09,0.11,0.144,7.88,eastmoney,qfq
2024-05-14,511010,国债ETF国泰,133.073,133.115,133.15,133.045,38968.0,529176557.0,0.08,0.06,0.075,11.04,eastmoney,qfq
2024-05-15,511010,国债ETF国泰,133.121,133.114,133.175,133.055,34142.0,463696607.0,0.09,0.0,-0.001,9.68,eastmoney,qfq
2024-05-16,511010,国债ETF国泰,133.102,133.05,133.102,132.98,33005.0,447901104.0,0.09,-0.05,-0.064,9.35,eastmoney,qfq
2024-05-17,511010,国债ETF国泰,132.952,132.951,133.034,132.851,38343.0,520056659.0,0.14,-0.07,-0.099,10.87,eastmoney,qfq
2024-05-20,511010,国债ETF国泰,133.026,133.113,133.114,132.954,33931.0,460591794.0,0.12,0.12,0.162,9.62,eastmoney,qfq
2024-05-21,511010,国债ETF国泰,133.121,133.043,133.121,133.022,32296.0,438365632.0,0.07,-0.05,-0.07,9.15,eastmoney,qfq
2024-05-22,511010,国债ETF国泰,133.056,133.101,133.104,133.046,33810.0,459043440.0,0.04,0.04,0.058,9.58,eastmoney,qfq
2024-05-23,511010,国债ETF国泰,133.134,133.195,133.202,133.134,34495.0,468626305.0,0.05,0.07,0.094,9.78,eastmoney,qfq
2024-05-24,511010,国债ETF国泰,133.223,133.198,133.23,133.162,32052.0,435493170.0,0.05,0.0,0.003,9.08,eastmoney,qfq
2024-05-27,511010,国债ETF国泰,133.197,133.164,133.197,133.128,35643.0,484134371.0,0.05,-0.03,-0.034,10.1,eastmoney,qfq
2024-05-28,511010,国债ETF国泰,133.181,133.24,133.245,133.167,30882.0,419630816.0,0.06,0.06,0.076,8.75,eastmoney,qfq
2024-05-29,511010,国债ETF国泰,133.29,133.312,133.324,133.253,28917.0,393217257.0,0.05,0.05,0.072,8.19,eastmoney,qfq
2024-05-30,511010,国债ETF国泰,133.31,133.365,133.372,133.309,28778.0,391452427.0,0.05,0.04,0.053,8.16,eastmoney,qfq
2024-05-31,511010,国债ETF国泰,133.304,133.342,133.383,133.304,35903.0,488344735.0,0.06,-0.02,-0.023,10.17,eastmoney,qfq
2024-06-03,511010,国债ETF国泰,133.349,133.484,133.484,133.347,43246.0,588590463.0,0.1,0.11,0.142,12.26,eastmoney,qfq
2024-06-04,511010,国债ETF国泰,133.464,133.516,133.523,133.448,35781.0,487162149.0,0.06,0.02,0.032,10.14,eastmoney,qfq
2024-06-05,511010,国债ETF国泰,133.482,133.555,133.673,133.482,33142.0,451510230.0,0.14,0.03,0.039,9.39,eastmoney,qfq
2024-06-06,511010,国债ETF国泰,133.557,133.529,133.594,133.483,28371.0,386461629.0,0.08,-0.02,-0.026,8.04,eastmoney,qfq
2024-06-07,511010,国债ETF国泰,133.539,133.578,133.579,133.532,32798.0,446804856.0,0.04,0.04,0.049,9.29,eastmoney,qfq
2024-06-11,511010,国债ETF国泰,133.578,133.578,133.622,133.542,26420.0,359971961.0,0.06,0.0,0.0,7.49,eastmoney,qfq
2024-06-12,511010,国债ETF国泰,133.567,133.56,133.608,133.535,25551.0,348113356.0,0.05,-0.01,-0.018,7.24,eastmoney,qfq
2024-06-13,511010,国债ETF国泰,133.562,133.573,133.601,133.561,28111.0,383015862.0,0.03,0.01,0.013,7.97,eastmoney,qfq
2024-06-14,511010,国债ETF国泰,133.589,133.594,133.603,133.557,33934.0,462389224.0,0.03,0.02,0.021,9.62,eastmoney,qfq
2024-06-17,511010,国债ETF国泰,133.596,133.651,133.652,133.595,27625.0,376491110.0,0.04,0.04,0.057,7.83,eastmoney,qfq
2024-06-18,511010,国债ETF国泰,133.651,133.688,133.706,133.651,28487.0,388415339.0,0.04,0.03,0.037,8.07,eastmoney,qfq
2024-06-19,511010,国债ETF国泰,133.69,133.715,133.747,133.495,53157.0,724892385.0,0.19,0.02,0.027,15.06,eastmoney,qfq
2024-06-20,511010,国债ETF国泰,133.8,133.83,133.834,133.748,30529.0,416635556.0,0.06,0.09,0.115,8.65,eastmoney,qfq
2024-06-21,511010,国债ETF国泰,133.833,133.761,133.833,133.716,29703.0,405267714.0,0.09,-0.05,-0.069,8.42,eastmoney,qfq
2024-06-24,511010,国债ETF国泰,133.761,133.844,133.849,133.655,28418.0,387723210.0,0.15,0.06,0.083,8.05,eastmoney,qfq
2024-06-25,511010,国债ETF国泰,133.839,133.886,133.944,133.838,38625.0,527605233.0,0.08,0.03,0.042,10.95,eastmoney,qfq
2024-06-26,511010,国债ETF国泰,133.919,133.986,134.001,133.919,35230.0,481371445.0,0.06,0.07,0.1,9.98,eastmoney,qfq
2024-06-27,511010,国债ETF国泰,133.998,134.127,134.136,133.998,31055.0,424762226.0,0.1,0.11,0.141,8.8,eastmoney,qfq
2024-06-28,511010,国债ETF国泰,134.162,134.223,134.27,134.157,49050.0,671355110.0,0.08,0.07,0.096,13.9,eastmoney,qfq
2024-07-01,511010,国债ETF国泰,134.254,133.996,134.304,133.884,8915.0,121957868.0,0.31,-0.17,-0.227,2.53,eastmoney,qfq
2024-07-02,511010,国债ETF国泰,133.963,134.119,134.122,133.655,34446.0,470877130.0,0.35,0.09,0.123,9.76,eastmoney,qfq
2024-07-03,511010,国债ETF国泰,134.141,134.331,134.363,134.141,40451.0,553749871.0,0.17,0.16,0.212,11.46,eastmoney,qfq
2024-07-04,511010,国债ETF国泰,134.356,134.258,134.356,134.231,64538.0,883819042.0,0.09,-0.05,-0.073,18.29,eastmoney,qfq
2024-07-05,511010,国债ETF国泰,134.259,134.152,134.306,134.104,45067.0,616550151.0,0.15,-0.08,-0.106,12.77,eastmoney,qfq
2024-07-08,511010,国债ETF国泰,134.012,133.885,134.012,133.735,46433.0,633828016.0,0.21,-0.2,-0.267,13.16,eastmoney,qfq
2024-07-09,511010,国债ETF国泰,133.959,134.053,134.056,133.959,34476.0,471260267.0,0.07,0.13,0.168,9.77,eastmoney,qfq
2024-07-10,511010,国债ETF国泰,134.053,134.139,134.146,134.003,40662.0,556048440.0,0.11,0.06,0.086,11.52,eastmoney,qfq
2024-07-11,511010,国债ETF国泰,134.138,134.132,134.149,134.052,44301.0,605995419.0,0.07,-0.01,-0.007,12.55,eastmoney,qfq
2024-07-12,511010,国债ETF国泰,134.159,134.24,134.271,134.159,32251.0,441525725.0,0.08,0.08,0.108,9.14,eastmoney,qfq
2024-07-15,511010,国债ETF国泰,134.254,134.292,134.308,134.24,34516.0,472735322.0,0.05,0.04,0.052,9.78,eastmoney,qfq
2024-07-16,511010,国债ETF国泰,134.294,134.291,134.318,134.187,32254.0,441735710.0,0.1,0.0,-0.001,9.14,eastmoney,qfq
2024-07-17,511010,国债ETF国泰,134.295,134.323,134.353,134.264,38830.0,531856232.0,0.07,0.02,0.032,11.0,eastmoney,qfq
2024-07-18,511010,国债ETF国泰,134.33,134.282,134.331,134.241,18601.0,254751432.0,0.07,-0.03,-0.041,5.27,eastmoney,qfq
2024-07-19,511010,国债ETF国泰,134.285,134.374,134.379,134.285,38215.0,523565601.0,0.07,0.07,0.092,10.83,eastmoney,qfq
2024-07-22,511010,国债ETF国泰,134.516,134.665,134.724,134.414,30731.0,421893553.0,0.23,0.22,0.291,8.71,eastmoney,qfq
2024-07-23,511010,国债ETF国泰,134.788,134.81,134.814,134.687,45656.0,627477998.0,0.09,0.11,0.145,12.94,eastmoney,qfq
2024-07-24,511010,国债ETF国泰,134.821,134.812,134.866,134.754,40589.0,557941088.0,0.08,0.0,0.002,11.5,eastmoney,qfq
2024-07-25,511010,国债ETF国泰,134.812,134.832,134.912,134.805,35684.0,490721426.0,0.08,0.01,0.02,10.11,eastmoney,qfq
2024-07-26,511010,国债ETF国泰,134.848,134.891,134.905,134.827,18868.0,259492947.0,0.06,0.04,0.059,5.35,eastmoney,qfq
2024-07-29,511010,国债ETF国泰,134.904,134.868,134.904,134.842,34882.0,479801006.0,0.05,-0.02,-0.023,9.89,eastmoney,qfq
2024-07-30,511010,国债ETF国泰,134.873,134.888,134.92,134.828,38542.0,530140343.0,0.07,0.01,0.02,10.92,eastmoney,qfq
2024-07-31,511010,国债ETF国泰,134.954,134.985,135.074,134.925,32067.0,441450945.0,0.11,0.07,0.097,9.09,eastmoney,qfq
2024-08-01,511010,国债ETF国泰,135.078,135.211,135.324,134.974,24949.0,343700335.0,0.26,0.17,0.226,7.07,eastmoney,qfq
2024-08-02,511010,国债ETF国泰,135.294,135.412,135.612,135.282,25648.0,354010935.0,0.24,0.15,0.201,7.27,eastmoney,qfq
2024-08-05,511010,国债ETF国泰,135.418,135.463,135.574,135.314,38029.0,525168199.0,0.19,0.04,0.051,10.78,eastmoney,qfq
2024-08-06,511010,国债ETF国泰,135.24,135.264,135.285,134.925,27544.0,379823604.0,0.27,-0.15,-0.199,7.81,eastmoney,qfq
2024-08-07,511010,国债ETF国泰,135.258,135.455,135.534,135.258,39797.0,549421280.0,0.2,0.14,0.191,11.28,eastmoney,qfq
2024-08-08,511010,国债ETF国泰,135.424,135.335,135.424,135.122,40429.0,557716555.0,0.22,-0.09,-0.12,11.46,eastmoney,qfq
2024-08-09,511010,国债ETF国泰,135.146,135.15,135.171,135.049,29740.0,409834442.0,0.09,-0.14,-0.185,8.43,eastmoney,qfq
2024-08-12,511010,国债ETF国泰,134.874,134.528,135.073,134.524,48832.0,670790971.0,0.41,-0.46,-0.622,13.84,eastmoney,qfq
2024-08-13,511010,国债ETF国泰,134.642,134.933,134.992,134.533,56401.0,775790600.0,0.34,0.3,0.405,15.98,eastmoney,qfq
2024-08-14,511010,国债ETF国泰,135.082,135.06,135.313,135.007,36982.0,509655437.0,0.23,0.09,0.127,10.48,eastmoney,qfq
2024-08-15,511010,国债ETF国泰,135.06,134.924,135.16,134.875,24381.0,335713097.0,0.21,-0.1,-0.136,6.91,eastmoney,qfq
2024-08-16,511010,国债ETF国泰,134.909,134.901,134.989,134.844,36548.0,502938450.0,0.11,-0.02,-0.023,10.36,eastmoney,qfq
2024-08-19,511010,国债ETF国泰,134.987,134.96,134.987,134.852,41832.0,575601000.0,0.1,0.04,0.059,11.86,eastmoney,qfq
2024-08-20,511010,国债ETF国泰,134.962,134.938,134.962,134.895,40906.0,562956075.0,0.05,-0.02,-0.022,11.59,eastmoney,qfq
2024-08-21,511010,国债ETF国泰,134.937,134.791,134.964,134.779,52970.0,728438040.0,0.14,-0.11,-0.147,15.01,eastmoney,qfq
2024-08-22,511010,国债ETF国泰,134.992,135.067,135.069,134.825,21531.0,296505454.0,0.18,0.2,0.276,6.1,eastmoney,qfq
2024-08-23,511010,国债ETF国泰,135.057,135.268,135.27,135.054,39433.0,543410882.0,0.16,0.15,0.201,11.18,eastmoney,qfq
2024-08-26,511010,国债ETF国泰,135.264,135.27,135.324,135.143,31747.0,437899175.0,0.13,0.0,0.002,9.0,eastmoney,qfq
2024-08-27,511010,国债ETF国泰,135.156,135.18,135.27,135.153,41563.0,573048361.0,0.09,-0.07,-0.09,11.78,eastmoney,qfq
2024-08-28,511010,国债ETF国泰,135.159,135.225,135.23,135.094,48146.0,663689773.0,0.1,0.03,0.045,13.64,eastmoney,qfq
2024-08-29,511010,国债ETF国泰,135.225,135.151,135.279,135.144,35408.0,488190046.0,0.1,-0.05,-0.074,10.03,eastmoney,qfq
2024-08-30,511010,国债ETF国泰,135.176,135.109,135.202,134.988,32779.0,451610334.0,0.16,-0.03,-0.042,9.29,eastmoney,qfq
2024-09-02,511010,国债ETF国泰,135.352,135.43,135.474,135.153,43363.0,598891652.0,0.24,0.24,0.321,12.29,eastmoney,qfq
2024-09-03,511010,国债ETF国泰,135.481,135.613,135.614,135.383,42128.0,582406440.0,0.17,0.14,0.183,11.94,eastmoney,qfq
2024-09-04,511010,国债ETF国泰,135.692,135.661,135.81,135.574,42708.0,590911718.0,0.17,0.04,0.048,12.1,eastmoney,qfq
2024-09-05,511010,国债ETF国泰,135.732,135.747,135.822,135.732,34083.0,471901680.0,0.07,0.06,0.086,9.66,eastmoney,qfq
2024-09-06,511010,国债ETF国泰,135.73,135.792,135.833,135.662,32606.0,451442774.0,0.13,0.03,0.045,9.24,eastmoney,qfq
2024-09-09,511010,国债ETF国泰,135.792,135.865,136.043,135.792,10826.0,149963461.0,0.18,0.05,0.073,3.07,eastmoney,qfq
2024-09-10,511010,国债ETF国泰,135.915,135.983,136.003,135.866,30735.0,425915369.0,0.1,0.09,0.118,8.71,eastmoney,qfq
2024-09-11,511010,国债ETF国泰,135.984,136.19,136.207,135.981,24002.0,333183361.0,0.17,0.15,0.207,6.8,eastmoney,qfq
2024-09-12,511010,国债ETF国泰,136.19,135.975,136.236,135.972,15217.0,211198651.0,0.19,-0.16,-0.215,4.31,eastmoney,qfq
2024-09-13,511010,国债ETF国泰,136.114,136.169,136.212,136.072,14481.0,201007071.0,0.1,0.14,0.194,4.1,eastmoney,qfq
2024-09-18,511010,国债ETF国泰,136.303,136.203,136.303,136.169,11386.0,158139154.0,0.1,0.02,0.034,3.23,eastmoney,qfq
2024-09-19,511010,国债ETF国泰,136.229,136.019,136.244,135.979,26325.0,365367755.0,0.19,-0.14,-0.184,7.46,eastmoney,qfq
2024-09-20,511010,国债ETF国泰,136.061,136.118,136.143,136.05,26995.0,374644194.0,0.07,0.07,0.099,7.65,eastmoney,qfq
2024-09-23,511010,国债ETF国泰,136.152,136.148,136.229,136.13,20696.0,287365284.0,0.07,0.02,0.03,5.87,eastmoney,qfq
2024-09-24,511010,国债ETF国泰,136.23,135.996,136.292,135.839,23423.0,325022013.0,0.33,-0.11,-0.152,6.64,eastmoney,qfq
2024-09-25,511010,国债ETF国泰,135.779,136.321,136.364,135.626,17573.0,243887602.0,0.54,0.24,0.325,4.98,eastmoney,qfq
2024-09-26,511010,国债ETF国泰,136.465,136.214,136.465,136.154,18483.0,256839374.0,0.23,-0.08,-0.107,5.24,eastmoney,qfq
2024-09-27,511010,国债ETF国泰,136.004,135.634,136.004,135.525,9873.0,136649607.0,0.35,-0.43,-0.58,2.8,eastmoney,qfq
2024-09-30,511010,国债ETF国泰,134.324,135.168,135.212,132.974,29722.0,408040372.0,1.65,-0.34,-0.466,8.42,eastmoney,qfq
2024-10-08,511010,国债ETF国泰,134.373,135.114,135.426,134.373,18848.0,259664706.0,0.78,-0.04,-0.054,5.34,eastmoney,qfq
2024-10-09,511010,国债ETF国泰,135.233,135.394,135.824,135.125,24818.0,342442212.0,0.52,0.21,0.28,7.03,eastmoney,qfq
2024-10-10,511010,国债ETF国泰,135.344,135.722,135.804,135.326,13708.0,189523482.0,0.35,0.24,0.328,3.88,eastmoney,qfq
2024-10-11,511010,国债ETF国泰,135.809,135.794,135.903,135.674,33894.0,469396265.0,0.17,0.05,0.072,9.61,eastmoney,qfq
2024-10-14,511010,国债ETF国泰,135.808,135.772,135.904,135.744,32374.0,448294641.0,0.12,-0.02,-0.022,9.17,eastmoney,qfq
2024-10-15,511010,国债ETF国泰,135.813,135.808,135.813,135.753,32637.0,451883611.0,0.04,0.03,0.036,9.25,eastmoney,qfq
2024-10-16,511010,国债ETF国泰,135.858,135.827,135.871,135.791,46099.0,638376064.0,0.06,0.01,0.019,13.06,eastmoney,qfq
2024-10-17,511010,国债ETF国泰,135.83,136.015,136.024,135.751,52197.0,723563962.0,0.2,0.14,0.188,14.79,eastmoney,qfq
2024-10-18,511010,国债ETF国泰,136.084,135.861,136.104,135.721,72249.0,1000947534.0,0.28,-0.11,-0.154,20.48,eastmoney,qfq
2024-10-21,511010,国债ETF国泰,135.861,135.843,135.91,135.748,34468.0,477447413.0,0.12,-0.01,-0.018,9.77,eastmoney,qfq
2024-10-22,511010,国债ETF国泰,135.839,135.649,135.874,135.624,17004.0,235453765.0,0.18,-0.14,-0.194,4.82,eastmoney,qfq
2024-10-23,511010,国债ETF国泰,135.609,135.51,135.646,135.39,44680.0,617394854.0,0.19,-0.1,-0.139,12.66,eastmoney,qfq
2024-10-24,511010,国债ETF国泰,135.523,135.564,135.648,135.523,40460.0,559374573.0,0.09,0.04,0.054,11.47,eastmoney,qfq
2024-10-25,511010,国债ETF国泰,135.565,135.552,135.574,135.493,48924.0,676179307.0,0.06,-0.01,-0.012,13.86,eastmoney,qfq
2024-10-28,511010,国债ETF国泰,135.6,135.579,135.652,135.556,31677.0,437979923.0,0.07,0.02,0.027,8.98,eastmoney,qfq
2024-10-29,511010,国债ETF国泰,135.606,135.716,135.723,135.594,17659.0,244297751.0,0.1,0.1,0.137,5.0,eastmoney,qfq
2024-10-30,511010,国债ETF国泰,135.924,135.759,135.924,135.7,19408.0,268680316.0,0.17,0.03,0.043,5.5,eastmoney,qfq
2024-10-31,511010,国债ETF国泰,135.765,135.748,135.766,135.669,16582.0,229504083.0,0.07,-0.01,-0.011,4.7,eastmoney,qfq
2024-11-01,511010,国债ETF国泰,135.852,135.955,135.959,135.801,10652.0,147606218.0,0.12,0.15,0.207,3.02,eastmoney,qfq
2024-11-04,511010,国债ETF国泰,136.016,136.014,136.037,135.954,14599.0,202478306.0,0.06,0.04,0.059,4.14,eastmoney,qfq
2024-11-05,511010,国债ETF国泰,135.998,136.002,136.052,135.95,22315.0,309446791.0,0.07,-0.01,-0.012,6.32,eastmoney,qfq
2024-11-06,511010,国债ETF国泰,136.007,136.053,136.124,136.007,10041.0,139311498.0,0.09,0.04,0.051,2.85,eastmoney,qfq
2024-11-07,511010,国债ETF国泰,136.081,136.173,136.204,136.081,20181.0,280148422.0,0.09,0.09,0.12,5.72,eastmoney,qfq
2024-11-08,511010,国债ETF国泰,136.055,136.226,136.229,136.055,44914.0,623820729.0,0.13,0.04,0.053,12.73,eastmoney,qfq
2024-11-11,511010,国债ETF国泰,136.249,136.264,136.283,136.201,12833.0,178281047.0,0.06,0.03,0.038,3.64,eastmoney,qfq
2024-11-12,511010,国债ETF国泰,136.289,136.455,136.474,136.289,18063.0,251271818.0,0.14,0.14,0.191,5.12,eastmoney,qfq
2024-11-13,511010,国债ETF国泰,136.451,136.454,136.473,136.404,21947.0,305333619.0,0.05,0.0,-0.001,6.22,eastmoney,qfq
2024-11-14,511010,国债ETF国泰,136.457,136.461,136.464,136.381,17297.0,240601059.0,0.06,0.01,0.007,4.9,eastmoney,qfq
2024-11-15,511010,国债ETF国泰,136.466,136.559,136.649,136.466,10855.0,151113900.0,0.13,0.07,0.098,3.08,eastmoney,qfq
2024-11-18,511010,国债ETF国泰,136.545,136.484,136.546,136.36,37385.0,520176740.0,0.14,-0.05,-0.075,10.59,eastmoney,qfq
2024-11-19,511010,国债ETF国泰,136.482,136.453,136.511,136.382,10371.0,144314270.0,0.09,-0.02,-0.031,2.94,eastmoney,qfq
2024-11-20,511010,国债ETF国泰,136.499,136.548,136.558,136.497,16014.0,222917818.0,0.04,0.07,0.095,4.54,eastmoney,qfq
2024-11-21,511010,国债ETF国泰,136.563,136.635,136.639,136.549,33598.0,467966528.0,0.07,0.06,0.087,9.52,eastmoney,qfq
2024-11-22,511010,国债ETF国泰,136.679,136.661,136.685,136.613,37658.0,524686907.0,0.05,0.02,0.026,10.67,eastmoney,qfq
2024-11-25,511010,国债ETF国泰,136.661,136.774,136.775,136.568,13868.0,193324700.0,0.15,0.08,0.113,3.93,eastmoney,qfq
2024-11-26,511010,国债ETF国泰,136.774,136.747,136.824,136.695,31489.0,438998863.0,0.09,-0.02,-0.027,8.92,eastmoney,qfq
2024-11-27,511010,国债ETF国泰,136.724,136.688,136.746,136.68,23838.0,332261446.0,0.05,-0.04,-0.059,6.76,eastmoney,qfq
2024-11-28,511010,国债ETF国泰,136.687,136.786,136.791,136.687,29668.0,413599030.0,0.08,0.07,0.098,8.41,eastmoney,qfq
2024-11-29,511010,国债ETF国泰,136.829,136.863,136.871,136.762,26459.0,369125332.0,0.08,0.06,0.077,7.5,eastmoney,qfq
2024-12-02,511010,国债ETF国泰,137.011,137.168,137.182,136.863,23929.0,334502591.0,0.23,0.22,0.305,6.78,eastmoney,qfq
2024-12-03,511010,国债ETF国泰,137.203,137.141,137.252,137.131,32736.0,457763394.0,0.09,-0.02,-0.027,9.28,eastmoney,qfq
2024-12-04,511010,国债ETF国泰,137.144,137.262,137.289,137.144,33480.0,468453598.0,0.11,0.09,0.121,9.49,eastmoney,qfq
2024-12-05,511010,国债ETF国泰,137.259,137.292,137.315,137.144,21527.0,301263806.0,0.12,0.02,0.03,6.1,eastmoney,qfq
2024-12-06,511010,国债ETF国泰,137.29,137.249,137.314,137.245,76784.0,1074468242.0,0.05,-0.03,-0.043,21.76,eastmoney,qfq
2024-12-09,511010,国债ETF国泰,137.25,137.261,137.299,137.249,24478.0,342553708.0,0.04,0.01,0.012,6.94,eastmoney,qfq
2024-12-10,511010,国债ETF国泰,137.204,137.697,137.718,137.175,46065.0,646045300.0,0.4,0.32,0.436,13.05,eastmoney,qfq
2024-12-11,511010,国债ETF国泰,137.674,137.706,137.74,137.474,31006.0,435188652.0,0.19,0.01,0.009,8.79,eastmoney,qfq
2024-12-12,511010,国债ETF国泰,137.735,137.887,137.952,137.735,34696.0,487421064.0,0.16,0.13,0.181,9.83,eastmoney,qfq
2024-12-13,511010,国债ETF国泰,138.194,138.379,138.421,138.194,37769.0,532686553.0,0.16,0.36,0.492,10.7,eastmoney,qfq
2024-12-16,511010,国债ETF国泰,138.478,138.487,138.728,138.476,20894.0,295108021.0,0.18,0.08,0.108,5.92,eastmoney,qfq
2024-12-17,511010,国债ETF国泰,138.428,138.287,138.428,138.241,99246.0,1399074018.0,0.14,-0.14,-0.2,28.13,eastmoney,qfq
2024-12-18,511010,国债ETF国泰,138.349,138.279,138.488,138.031,19936.0,280967253.0,0.33,-0.01,-0.008,5.65,eastmoney,qfq
2024-12-19,511010,国债ETF国泰,138.295,138.324,138.393,138.295,34594.0,487811661.0,0.07,0.03,0.045,9.8,eastmoney,qfq
2024-12-20,511010,国债ETF国泰,138.515,138.761,138.824,138.514,22046.0,311518796.0,0.22,0.32,0.437,6.25,eastmoney,qfq
2024-12-23,511010,国债ETF国泰,138.829,138.685,138.926,138.643,39287.0,555449871.0,0.2,-0.05,-0.076,11.13,eastmoney,qfq
2024-12-24,511010,国债ETF国泰,138.654,138.577,138.709,138.572,30995.0,437956407.0,0.1,-0.08,-0.108,8.78,eastmoney,qfq
2024-12-25,511010,国债ETF国泰,138.578,138.319,138.615,138.277,20638.0,291154302.0,0.24,-0.19,-0.258,5.85,eastmoney,qfq
2024-12-26,511010,国债ETF国泰,138.349,138.321,138.411,138.311,28753.0,405468565.0,0.07,0.0,0.002,8.15,eastmoney,qfq
2024-12-27,511010,国债ETF国泰,138.444,138.612,138.623,138.39,29039.0,410049161.0,0.17,0.21,0.291,8.23,eastmoney,qfq
2024-12-30,511010,国债ETF国泰,138.591,138.327,138.594,138.279,18093.0,255258235.0,0.23,-0.21,-0.285,5.13,eastmoney,qfq
2024-12-31,511010,国债ETF国泰,138.474,138.54,138.57,138.335,23833.0,336517938.0,0.17,0.15,0.213,6.75,eastmoney,qfq
2025-01-02,511010,国债ETF国泰,138.684,138.735,138.762,138.584,27487.0,388656746.0,0.13,0.14,0.195,7.79,eastmoney,qfq
2025-01-03,511010,国债ETF国泰,138.794,139.111,139.123,138.794,21161.0,299664872.0,0.24,0.27,0.376,6.0,eastmoney,qfq
2025-01-06,511010,国债ETF国泰,139.131,139.113,139.323,138.925,31543.0,447313768.0,0.29,0.0,0.002,8.94,eastmoney,qfq
2025-01-07,511010,国债ETF国泰,139.117,138.882,139.117,138.777,15614.0,221098456.0,0.24,-0.17,-0.231,4.42,eastmoney,qfq
2025-01-08,511010,国债ETF国泰,138.834,138.927,138.999,138.834,34266.0,485293134.0,0.12,0.03,0.045,9.71,eastmoney,qfq
2025-01-09,511010,国债ETF国泰,138.875,138.622,138.925,138.594,26075.0,368708413.0,0.24,-0.22,-0.305,7.39,eastmoney,qfq
2025-01-10,511010,国债ETF国泰,138.274,138.533,138.611,137.985,15031.0,211894199.0,0.45,-0.06,-0.089,4.26,eastmoney,qfq
2025-01-13,511010,国债ETF国泰,138.526,138.363,138.526,138.225,32960.0,464892516.0,0.22,-0.12,-0.17,9.34,eastmoney,qfq
2025-01-14,511010,国债ETF国泰,138.343,138.435,138.453,138.184,23460.0,330815325.0,0.19,0.05,0.072,6.65,eastmoney,qfq
2025-01-15,511010,国债ETF国泰,138.574,138.591,138.669,138.563,37847.0,534647062.0,0.08,0.11,0.156,10.73,eastmoney,qfq
2025-01-16,511010,国债ETF国泰,138.553,138.567,138.649,138.44,26141.0,369128199.0,0.15,-0.02,-0.024,7.41,eastmoney,qfq
2025-01-17,511010,国债ETF国泰,138.617,138.502,138.617,138.49,24902.0,351623333.0,0.09,-0.05,-0.065,7.06,eastmoney,qfq
2025-01-20,511010,国债ETF国泰,138.452,138.513,138.544,138.409,82198.0,1160577519.0,0.1,0.01,0.011,23.29,eastmoney,qfq
2025-01-21,511010,国债ETF国泰,138.41,138.543,138.55,138.41,10240.0,144584689.0,0.1,0.02,0.03,2.9,eastmoney,qfq
2025-01-22,511010,国债ETF国泰,138.624,138.634,138.671,138.612,124685.0,1761877034.0,0.04,0.07,0.091,35.34,eastmoney,qfq
2025-01-23,511010,国债ETF国泰,138.583,138.47,138.589,138.417,126339.0,1783187892.0,0.12,-0.12,-0.164,35.8,eastmoney,qfq
2025-01-24,511010,国债ETF国泰,138.466,138.328,138.466,138.236,154365.0,2176190516.0,0.17,-0.1,-0.142,43.75,eastmoney,qfq
2025-01-27,511010,国债ETF国泰,138.446,138.82,138.823,138.446,118679.0,1677881693.0,0.27,0.36,0.492,33.63,eastmoney,qfq
2025-02-05,511010,国债ETF国泰,138.755,138.783,138.812,138.486,104712.0,1480642754.0,0.23,-0.03,-0.037,29.67,eastmoney,qfq
2025-02-06,511010,国债ETF国泰,138.797,138.918,138.936,138.746,110857.0,1568559965.0,0.14,0.1,0.135,31.42,eastmoney,qfq
2025-02-07,511010,国债ETF国泰,138.942,138.835,138.983,138.824,158454.0,2242793282.0,0.11,-0.06,-0.083,44.91,eastmoney,qfq
2025-02-10,511010,国债ETF国泰,138.789,138.605,138.789,138.582,151570.0,2141896017.0,0.15,-0.17,-0.23,42.95,eastmoney,qfq
2025-02-11,511010,国债ETF国泰,138.589,138.572,138.661,138.52,52802.0,745854857.0,0.1,-0.02,-0.033,14.96,eastmoney,qfq
2025-02-12,511010,国债ETF国泰,138.582,138.574,138.665,138.562,28326.0,400237911.0,0.07,0.0,0.002,8.03,eastmoney,qfq
2025-02-13,511010,国债ETF国泰,138.576,138.551,138.577,138.493,152223.0,2149203552.0,0.06,-0.02,-0.023,43.14,eastmoney,qfq
2025-02-14,511010,国债ETF国泰,138.55,138.25,138.55,138.239,144112.0,2031037213.0,0.22,-0.22,-0.301,40.84,eastmoney,qfq
2025-02-17,511010,国债ETF国泰,138.242,138.156,138.242,138.054,15595.0,219615204.0,0.14,-0.07,-0.094,4.42,eastmoney,qfq
2025-02-18,511010,国债ETF国泰,138.146,137.961,138.146,137.805,157012.0,2208975781.0,0.25,-0.14,-0.195,44.5,eastmoney,qfq
2025-02-19,511010,国债ETF国泰,137.985,138.141,138.143,137.939,146661.0,2062844991.0,0.15,0.13,0.18,41.56,eastmoney,qfq
2025-02-20,511010,国债ETF国泰,138.142,137.907,138.142,137.834,58578.0,824264508.0,0.22,-0.17,-0.234,16.6,eastmoney,qfq
2025-02-21,511010,国债ETF国泰,137.804,137.774,137.997,137.604,157081.0,2204531142.0,0.28,-0.1,-0.133,44.52,eastmoney,qfq
2025-02-24,511010,国债ETF国泰,137.674,137.388,137.724,137.255,158630.0,2224846986.0,0.34,-0.28,-0.386,44.96,eastmoney,qfq
2025-02-25,511010,国债ETF国泰,137.503,137.577,137.78,137.236,18767.0,263078803.0,0.4,0.14,0.189,5.32,eastmoney,qfq
2025-02-26,511010,国债ETF国泰,137.617,137.589,137.767,137.531,145746.0,2044656259.0,0.17,0.01,0.012,41.3,eastmoney,qfq
2025-02-27,511010,国债ETF国泰,137.6,137.531,137.674,137.49,153011.0,2146722170.0,0.13,-0.04,-0.058,43.36,eastmoney,qfq
2025-02-28,511010,国债ETF国泰,137.51,137.578,137.664,137.356,20762.0,291037256.0,0.22,0.03,0.047,5.88,eastmoney,qfq
2025-03-03,511010,国债ETF国泰,137.614,137.924,137.96,137.536,156581.0,2197633370.0,0.31,0.25,0.346,44.37,eastmoney,qfq
2025-03-04,511010,国债ETF国泰,138.036,137.918,138.187,137.757,21393.0,300824219.0,0.31,0.0,-0.006,6.06,eastmoney,qfq
2025-03-05,511010,国债ETF国泰,137.904,137.87,137.998,137.867,149918.0,2108131530.0,0.09,-0.03,-0.048,42.49,eastmoney,qfq
2025-03-06,511010,国债ETF国泰,137.86,137.741,137.86,137.663,149712.0,2101496941.0,0.14,-0.09,-0.129,42.43,eastmoney,qfq
2025-03-07,511010,国债ETF国泰,137.61,137.461,137.61,137.324,18771.0,262948958.0,0.21,-0.2,-0.28,5.32,eastmoney,qfq
2025-03-10,511010,国债ETF国泰,137.323,137.229,137.419,137.21,23009.0,322151634.0,0.15,-0.17,-0.232,6.52,eastmoney,qfq
2025-03-11,511010,国债ETF国泰,137.259,136.905,137.275,136.851,12963.0,181089081.0,0.31,-0.24,-0.324,3.67,eastmoney,qfq
2025-03-12,511010,国债ETF国泰,136.854,137.397,137.457,136.699,183836.0,2567643999.0,0.55,0.36,0.492,52.1,eastmoney,qfq
2025-03-13,511010,国债ETF国泰,137.324,137.415,137.574,137.254,20625.0,289055370.0,0.23,0.01,0.018,5.85,eastmoney,qfq
2025-03-14,511010,国债ETF国泰,137.315,137.39,137.452,137.065,52481.0,734683334.0,0.28,-0.02,-0.025,14.87,eastmoney,qfq
2025-03-17,511010,国债ETF国泰,137.262,137.103,137.268,137.095,12210.0,170742795.0,0.13,-0.21,-0.287,3.46,eastmoney,qfq
2025-03-18,511010,国债ETF国泰,137.086,137.204,137.28,137.053,23671.0,331114763.0,0.17,0.07,0.101,6.71,eastmoney,qfq
2025-03-19,511010,国债ETF国泰,137.204,137.116,137.322,137.064,32373.0,452586542.0,0.19,-0.06,-0.088,9.17,eastmoney,qfq
2025-03-20,511010,国债ETF国泰,137.236,137.289,137.374,137.224,37766.0,528672465.0,0.11,0.13,0.173,10.7,eastmoney,qfq
2025-03-21,511010,国债ETF国泰,137.336,137.236,137.336,137.23,13837.0,193642852.0,0.08,-0.04,-0.053,3.92,eastmoney,qfq
2025-03-24,511010,国债ETF国泰,137.204,137.168,137.229,137.114,14798.0,206968095.0,0.08,-0.05,-0.068,4.19,eastmoney,qfq
2025-03-25,511010,国债ETF国泰,137.339,137.341,137.394,137.244,40245.0,563393410.0,0.11,0.13,0.173,11.41,eastmoney,qfq
2025-03-26,511010,国债ETF国泰,137.331,137.5,137.507,137.268,8144.0,114073831.0,0.17,0.12,0.159,2.31,eastmoney,qfq
2025-03-27,511010,国债ETF国泰,137.504,137.551,137.582,137.426,11059.0,155030948.0,0.11,0.04,0.051,3.13,eastmoney,qfq
2025-03-28,511010,国债ETF国泰,137.542,137.521,137.627,137.469,9230.0,129437244.0,0.11,-0.02,-0.03,2.62,eastmoney,qfq
2025-03-31,511010,国债ETF国泰,137.517,137.511,137.618,137.484,90483.0,1268608186.0,0.1,-0.01,-0.01,25.64,eastmoney,qfq
2025-04-01,511010,国债ETF国泰,137.555,137.504,137.608,137.48,70994.0,995092985.0,0.09,-0.01,-0.007,20.12,eastmoney,qfq
2025-04-02,511010,国债ETF国泰,137.502,137.606,137.629,137.458,18733.0,262688842.0,0.12,0.07,0.102,5.31,eastmoney,qfq
2025-04-03,511010,国债ETF国泰,137.794,138.118,138.154,137.729,21176.0,297898903.0,0.31,0.37,0.512,6.0,eastmoney,qfq
2025-04-07,511010,国债ETF国泰,138.469,138.541,138.594,138.36,23109.0,326222256.0,0.17,0.31,0.423,6.55,eastmoney,qfq
2025-04-08,511010,国债ETF国泰,138.376,138.427,139.064,138.259,68766.0,970298725.0,0.58,-0.08,-0.114,19.49,eastmoney,qfq
2025-04-09,511010,国债ETF国泰,138.514,138.508,138.562,138.316,22420.0,316324997.0,0.18,0.06,0.081,6.35,eastmoney,qfq
2025-04-10,511010,国债ETF国泰,138.424,138.642,138.672,138.279,98584.0,1392052075.0,0.28,0.1,0.134,27.94,eastmoney,qfq
2025-04-11,511010,国债ETF国泰,138.73,138.689,138.809,138.607,86298.0,1220245213.0,0.15,0.03,0.047,24.46,eastmoney,qfq
2025-04-14,511010,国债ETF国泰,138.647,138.567,138.654,138.546,194777.0,2751360169.0,0.08,-0.09,-0.122,55.2,eastmoney,qfq
2025-04-15,511010,国债ETF国泰,138.573,138.57,138.624,138.555,14094.0,199086331.0,0.05,0.0,0.003,3.99,eastmoney,qfq
2025-04-16,511010,国债ETF国泰,138.574,138.688,138.719,138.554,176795.0,2499038307.0,0.12,0.09,0.118,50.1,eastmoney,qfq
2025-04-17,511010,国债ETF国泰,138.681,138.6,138.73,138.585,126369.0,1785632175.0,0.1,-0.06,-0.088,35.81,eastmoney,qfq
2025-04-18,511010,国债ETF国泰,138.599,138.541,138.625,138.524,178050.0,2514789067.0,0.07,-0.04,-0.059,50.46,eastmoney,qfq
2025-04-21,511010,国债ETF国泰,138.541,138.423,138.56,138.394,7962.0,112369628.0,0.12,-0.09,-0.118,2.26,eastmoney,qfq
2025-04-22,511010,国债ETF国泰,138.427,138.474,138.497,138.427,45982.0,648966577.0,0.05,0.04,0.051,13.03,eastmoney,qfq
2025-04-23,511010,国债ETF国泰,138.452,138.345,138.452,138.304,9591.0,135259736.0,0.11,-0.09,-0.129,2.72,eastmoney,qfq
2025-04-24,511010,国债ETF国泰,138.384,138.227,138.414,138.22,117553.0,1657710810.0,0.14,-0.09,-0.118,33.31,eastmoney,qfq
2025-04-25,511010,国债ETF国泰,138.304,138.353,138.396,138.258,12027.0,169593657.0,0.1,0.09,0.126,3.41,eastmoney,qfq
2025-04-28,511010,国债ETF国泰,138.362,138.315,138.387,138.307,102934.0,1451560136.0,0.06,-0.03,-0.038,29.17,eastmoney,qfq
2025-04-29,511010,国债ETF国泰,138.342,138.5,138.504,138.342,74728.0,1054460936.0,0.12,0.13,0.185,21.18,eastmoney,qfq
2025-04-30,511010,国债ETF国泰,138.516,138.607,138.624,138.465,20061.0,283278065.0,0.11,0.08,0.107,5.69,eastmoney,qfq
2025-05-06,511010,国债ETF国泰,138.594,138.532,138.594,138.491,187147.0,2642918335.0,0.07,-0.05,-0.075,53.04,eastmoney,qfq
2025-05-07,511010,国债ETF国泰,138.573,138.494,138.619,138.476,44691.0,631050549.0,0.1,-0.03,-0.038,12.67,eastmoney,qfq
2025-05-08,511010,国债ETF国泰,138.596,138.774,138.783,138.594,48415.0,684567461.0,0.14,0.2,0.28,13.72,eastmoney,qfq
2025-05-09,511010,国债ETF国泰,138.786,138.734,138.874,138.713,17149.0,242591105.0,0.12,-0.03,-0.04,4.86,eastmoney,qfq
2025-05-12,511010,国债ETF国泰,138.676,138.669,138.769,138.599,15726.0,222325869.0,0.12,-0.05,-0.065,4.46,eastmoney,qfq
2025-05-13,511010,国债ETF国泰,138.614,138.575,138.634,138.541,21606.0,305174618.0,0.07,-0.07,-0.094,6.12,eastmoney,qfq
2025-05-14,511010,国债ETF国泰,138.573,138.459,138.624,138.445,13478.0,190289071.0,0.13,-0.08,-0.116,3.82,eastmoney,qfq
2025-05-15,511010,国债ETF国泰,138.455,138.361,138.494,138.355,10882.0,153524008.0,0.1,-0.07,-0.098,3.08,eastmoney,qfq
2025-05-16,511010,国债ETF国泰,138.351,138.267,138.351,138.226,10243.0,144356714.0,0.09,-0.07,-0.094,2.9,eastmoney,qfq
2025-05-19,511010,国债ETF国泰,138.267,138.336,138.361,138.267,11215.0,158124469.0,0.07,0.05,0.069,3.18,eastmoney,qfq
2025-05-20,511010,国债ETF国泰,138.404,138.383,138.455,138.325,10686.0,150735318.0,0.09,0.03,0.047,3.03,eastmoney,qfq
2025-05-21,511010,国债ETF国泰,138.334,138.368,138.394,138.334,6659.0,93920227.0,0.04,-0.01,-0.015,1.89,eastmoney,qfq
2025-05-22,511010,国债ETF国泰,138.394,138.367,138.435,138.352,6494.0,91609588.0,0.06,0.0,-0.001,1.84,eastmoney,qfq
2025-05-23,511010,国债ETF国泰,138.389,138.473,138.482,138.349,7615.0,107431278.0,0.1,0.08,0.106,2.16,eastmoney,qfq
2025-05-26,511010,国债ETF国泰,138.474,138.47,138.539,138.436,52579.0,742069945.0,0.07,0.0,-0.003,14.9,eastmoney,qfq
2025-05-27,511010,国债ETF国泰,138.477,138.418,138.51,138.405,66876.0,943822379.0,0.08,-0.04,-0.052,18.95,eastmoney,qfq
2025-05-28,511010,国债ETF国泰,138.437,138.425,138.437,138.372,32829.0,463154890.0,0.05,0.01,0.007,9.3,eastmoney,qfq
2025-05-29,511010,国债ETF国泰,138.408,138.267,138.418,138.254,12326.0,173763878.0,0.12,-0.11,-0.158,3.49,eastmoney,qfq
2025-05-30,511010,国债ETF国泰,138.367,138.4,138.436,138.337,23656.0,333760140.0,0.07,0.1,0.133,6.7,eastmoney,qfq
2025-06-03,511010,国债ETF国泰,138.453,138.393,138.454,138.359,158852.0,2241350095.0,0.07,-0.01,-0.007,45.02,eastmoney,qfq
2025-06-04,511010,国债ETF国泰,138.408,138.483,138.485,138.399,234587.0,3309652314.0,0.06,0.07,0.09,66.48,eastmoney,qfq
2025-06-05,511010,国债ETF国泰,138.482,138.55,138.584,138.44,113705.0,1605657541.0,0.1,0.05,0.067,32.22,eastmoney,qfq
2025-06-06,511010,国债ETF国泰,138.614,138.665,138.669,138.608,152139.0,2150296184.0,0.04,0.08,0.115,43.12,eastmoney,qfq
2025-06-09,511010,国债ETF国泰,138.681,138.714,138.716,138.674,121585.0,1718978403.0,0.03,0.04,0.049,34.46,eastmoney,qfq
2025-06-10,511010,国债ETF国泰,138.739,138.73,138.75,138.685,221953.0,3138435082.0,0.05,0.01,0.016,62.9,eastmoney,qfq
2025-06-11,511010,国债ETF国泰,138.748,138.723,138.774,138.674,141283.0,1997668355.0,0.07,-0.01,-0.007,40.04,eastmoney,qfq
2025-06-12,511010,国债ETF国泰,138.722,138.693,138.742,138.675,103178.0,1458824820.0,0.05,-0.02,-0.03,29.24,eastmoney,qfq
2025-06-13,511010,国债ETF国泰,138.693,138.722,138.725,138.684,192043.0,2715223508.0,0.03,0.02,0.029,54.42,eastmoney,qfq
2025-06-16,511010,国债ETF国泰,138.73,138.753,138.789,138.725,137211.0,1940597436.0,0.05,0.02,0.031,38.89,eastmoney,qfq
2025-06-17,511010,国债ETF国泰,138.737,138.907,138.919,138.737,131917.0,1867025044.0,0.13,0.11,0.154,37.38,eastmoney,qfq
2025-06-18,511010,国债ETF国泰,138.924,138.923,138.935,138.89,14264.0,201963862.0,0.03,0.01,0.016,4.04,eastmoney,qfq
2025-06-19,511010,国债ETF国泰,138.926,138.929,138.958,138.917,11456.0,162234983.0,0.03,0.0,0.006,3.25,eastmoney,qfq
2025-06-20,511010,国债ETF国泰,138.937,138.954,138.964,138.905,5534.0,78370916.0,0.04,0.02,0.025,1.57,eastmoney,qfq
2025-06-23,511010,国债ETF国泰,138.952,138.925,138.999,138.897,10042.0,142186288.0,0.07,-0.02,-0.029,2.85,eastmoney,qfq
2025-06-24,511010,国债ETF国泰,138.925,138.872,138.954,138.852,280304.0,3967299893.0,0.07,-0.04,-0.053,79.44,eastmoney,qfq
2025-06-25,511010,国债ETF国泰,138.872,138.836,138.914,138.835,196281.0,2778588414.0,0.06,-0.03,-0.036,55.63,eastmoney,qfq
2025-06-26,511010,国债ETF国泰,138.836,138.874,138.934,138.835,271713.0,3845598972.0,0.07,0.03,0.038,77.0,eastmoney,qfq
2025-06-27,511010,国债ETF国泰,138.874,138.969,138.999,138.874,197700.0,2800057202.0,0.09,0.07,0.095,56.03,eastmoney,qfq
2025-06-30,511010,国债ETF国泰,138.972,138.905,138.985,138.8,78009.0,1104500634.0,0.13,-0.05,-0.064,22.11,eastmoney,qfq
2025-07-01,511010,国债ETF国泰,138.918,138.955,138.966,138.913,130705.0,1851012477.0,0.04,0.04,0.05,37.04,eastmoney,qfq
2025-07-02,511010,国债ETF国泰,138.956,139.035,139.042,138.956,221222.0,3134424889.0,0.06,0.06,0.08,62.69,eastmoney,qfq
2025-07-03,511010,国债ETF国泰,139.054,139.053,139.082,139.017,190406.0,2698971004.0,0.05,0.01,0.018,53.96,eastmoney,qfq
2025-07-04,511010,国债ETF国泰,139.068,139.086,139.093,139.06,191611.0,2716145342.0,0.02,0.02,0.033,54.3,eastmoney,qfq
2025-07-07,511010,国债ETF国泰,139.089,139.065,139.109,139.042,94947.0,1345666324.0,0.05,-0.02,-0.021,26.91,eastmoney,qfq
2025-07-08,511010,国债ETF国泰,139.057,138.955,139.057,138.943,103800.0,1470175661.0,0.08,-0.08,-0.11,29.42,eastmoney,qfq
2025-07-09,511010,国债ETF国泰,138.964,138.953,138.982,138.941,204550.0,2896966771.0,0.03,0.0,-0.002,57.97,eastmoney,qfq
2025-07-10,511010,国债ETF国泰,138.959,138.861,138.959,138.859,241126.0,3413609029.0,0.07,-0.07,-0.092,68.33,eastmoney,qfq
2025-07-11,511010,国债ETF国泰,138.857,138.823,138.859,138.764,28346.0,401020180.0,0.07,-0.03,-0.038,8.03,eastmoney,qfq
2025-07-14,511010,国债ETF国泰,138.824,138.751,138.824,138.721,14642.0,207082394.0,0.07,-0.05,-0.072,4.15,eastmoney,qfq
2025-07-15,511010,国债ETF国泰,138.774,138.891,138.895,138.774,217189.0,3073925072.0,0.09,0.1,0.14,61.55,eastmoney,qfq
2025-07-16,511010,国债ETF国泰,138.896,138.9,138.94,138.88,137680.0,1949148478.0,0.04,0.01,0.009,39.02,eastmoney,qfq
2025-07-17,511010,国债ETF国泰,138.876,138.892,138.894,138.842,10799.0,152867821.0,0.04,-0.01,-0.008,3.06,eastmoney,qfq
2025-07-18,511010,国债ETF国泰,138.892,138.88,138.903,138.832,11338.0,160478386.0,0.05,-0.01,-0.012,3.21,eastmoney,qfq
2025-07-21,511010,国债ETF国泰,138.88,138.793,138.904,138.775,69880.0,988643031.0,0.09,-0.06,-0.087,19.8,eastmoney,qfq
2025-07-22,511010,国债ETF国泰,138.797,138.719,139.354,138.71,96063.0,1359760771.0,0.46,-0.05,-0.074,27.22,eastmoney,qfq
2025-07-23,511010,国债ETF国泰,138.659,138.665,138.715,138.515,41098.0,580452933.0,0.14,-0.04,-0.054,11.65,eastmoney,qfq
2025-07-24,511010,国债ETF国泰,138.626,138.398,138.648,138.395,113994.0,1608854283.0,0.18,-0.19,-0.267,32.31,eastmoney,qfq
2025-07-25,511010,国债ETF国泰,138.404,138.429,138.524,138.379,62686.0,884715833.0,0.1,0.02,0.031,17.76,eastmoney,qfq
2025-07-28,511010,国债ETF国泰,138.525,138.562,138.639,138.464,145640.0,2056132830.0,0.13,0.1,0.133,41.27,eastmoney,qfq
2025-07-29,511010,国债ETF国泰,138.577,138.388,138.577,138.378,73632.0,1039197397.0,0.14,-0.13,-0.174,20.87,eastmoney,qfq
2025-07-30,511010,国债ETF国泰,138.402,138.527,138.538,138.337,116716.0,1647708359.0,0.15,0.1,0.139,33.08,eastmoney,qfq
2025-07-31,511010,国债ETF国泰,138.53,138.637,138.653,138.503,119712.0,1691440828.0,0.11,0.08,0.11,33.93,eastmoney,qfq
2025-08-01,511010,国债ETF国泰,138.618,138.645,138.686,138.519,162478.0,2295315358.0,0.12,0.01,0.008,46.05,eastmoney,qfq
2025-08-04,511010,国债ETF国泰,138.676,138.617,139.324,138.609,235391.0,3328242167.0,0.52,-0.02,-0.028,66.71,eastmoney,qfq
2025-08-05,511010,国债ETF国泰,138.577,138.661,138.668,138.536,84474.0,1193442724.0,0.1,0.03,0.044,23.94,eastmoney,qfq
2025-08-06,511010,国债ETF国泰,138.654,138.675,138.707,138.563,117942.0,1666621556.0,0.1,0.01,0.014,33.42,eastmoney,qfq
2025-08-07,511010,国债ETF国泰,138.714,138.775,138.821,138.7,95938.0,1357236056.0,0.09,0.07,0.1,27.19,eastmoney,qfq
2025-08-08,511010,国债ETF国泰,138.974,138.832,139.058,138.758,133447.0,1888073147.0,0.22,0.04,0.057,37.82,eastmoney,qfq
2025-08-11,511010,国债ETF国泰,138.833,138.665,138.833,138.641,124355.0,1758131820.0,0.14,-0.12,-0.167,35.24,eastmoney,qfq
2025-08-12,511010,国债ETF国泰,138.672,138.637,138.69,138.585,12510.0,176761130.0,0.08,-0.02,-0.028,3.55,eastmoney,qfq
2025-08-13,511010,国债ETF国泰,138.624,138.735,138.779,138.569,93018.0,1314980260.0,0.15,0.07,0.098,26.36,eastmoney,qfq
2025-08-14,511010,国债ETF国泰,138.734,138.682,138.734,138.588,81088.0,1146241959.0,0.11,-0.04,-0.053,22.98,eastmoney,qfq
2025-08-15,511010,国债ETF国泰,138.704,138.669,138.724,138.639,11732.0,165836762.0,0.06,-0.01,-0.013,3.32,eastmoney,qfq
2025-08-18,511010,国债ETF国泰,138.694,138.371,138.766,138.327,65279.0,921224911.0,0.32,-0.21,-0.298,18.5,eastmoney,qfq
2025-08-19,511010,国债ETF国泰,138.394,138.382,138.403,138.341,28820.0,406516273.0,0.04,0.01,0.011,8.17,eastmoney,qfq
2025-08-20,511010,国债ETF国泰,138.446,138.32,138.498,138.294,15865.0,223840318.0,0.15,-0.04,-0.062,4.5,eastmoney,qfq
2025-08-21,511010,国债ETF国泰,138.324,138.382,138.4,138.252,11547.0,162810692.0,0.11,0.04,0.062,3.27,eastmoney,qfq
2025-08-22,511010,国债ETF国泰,138.424,138.345,138.442,138.274,106106.0,1496865833.0,0.12,-0.03,-0.037,30.07,eastmoney,qfq
2025-08-25,511010,国债ETF国泰,138.348,138.464,138.476,138.275,67599.0,953617259.0,0.15,0.09,0.119,19.16,eastmoney,qfq
2025-08-26,511010,国债ETF国泰,138.464,138.47,138.489,138.43,21903.0,309141375.0,0.04,0.0,0.006,6.21,eastmoney,qfq
2025-08-27,511010,国债ETF国泰,138.481,138.508,138.522,138.437,120517.0,1701443898.0,0.06,0.03,0.038,34.15,eastmoney,qfq
2025-08-28,511010,国债ETF国泰,138.522,138.44,138.522,138.431,97128.0,1371129482.0,0.07,-0.05,-0.068,27.53,eastmoney,qfq
2025-08-29,511010,国债ETF国泰,138.436,138.472,138.484,138.394,150720.0,2126926762.0,0.07,0.02,0.032,42.71,eastmoney,qfq
2025-09-01,511010,国债ETF国泰,138.464,138.583,138.584,138.427,17948.0,253403686.0,0.11,0.08,0.111,5.09,eastmoney,qfq
2025-09-02,511010,国债ETF国泰,138.59,138.581,138.641,138.559,206377.0,2915444474.0,0.06,0.0,-0.002,58.49,eastmoney,qfq
2025-09-03,511010,国债ETF国泰,138.622,138.726,138.743,138.585,106698.0,1508283479.0,0.11,0.1,0.145,30.24,eastmoney,qfq
2025-09-04,511010,国债ETF国泰,138.759,138.812,138.846,138.759,70465.0,997096842.0,0.06,0.06,0.086,19.97,eastmoney,qfq
2025-09-05,511010,国债ETF国泰,138.803,138.603,138.803,138.572,170921.0,2416047163.0,0.17,-0.15,-0.209,48.44,eastmoney,qfq
2025-09-08,511010,国债ETF国泰,138.614,138.575,138.614,138.524,152067.0,2148137329.0,0.06,-0.02,-0.028,43.1,eastmoney,qfq
2025-09-09,511010,国债ETF国泰,138.574,138.555,138.684,138.536,189836.0,2681317680.0,0.11,-0.01,-0.02,53.8,eastmoney,qfq
2025-09-10,511010,国债ETF国泰,138.574,138.479,138.576,138.454,205134.0,2896339774.0,0.09,-0.05,-0.076,58.13,eastmoney,qfq
2025-09-11,511010,国债ETF国泰,138.507,138.58,138.634,138.458,87079.0,1229280891.0,0.13,0.07,0.101,24.68,eastmoney,qfq
2025-09-12,511010,国债ETF国泰,138.582,138.625,138.659,138.58,179192.0,2531881924.0,0.06,0.03,0.045,50.78,eastmoney,qfq
2025-09-15,511010,国债ETF国泰,138.688,138.714,138.768,138.634,125685.0,1777011590.0,0.1,0.06,0.089,35.62,eastmoney,qfq
2025-09-16,511010,国债ETF国泰,139.124,138.799,139.128,138.49,142363.0,2012786765.0,0.46,0.06,0.085,40.35,eastmoney,qfq
2025-09-17,511010,国债ETF国泰,138.829,138.956,138.963,138.764,74286.0,1051596980.0,0.14,0.11,0.157,21.05,eastmoney,qfq
2025-09-18,511010,国债ETF国泰,138.933,138.864,138.934,138.852,14795.0,209446427.0,0.06,-0.07,-0.092,4.19,eastmoney,qfq
2025-09-19,511010,国债ETF国泰,138.864,138.709,138.898,138.654,22424.0,317255213.0,0.18,-0.11,-0.155,6.35,eastmoney,qfq
2025-09-22,511010,国债ETF国泰,138.724,138.821,139.034,138.703,46207.0,653769526.0,0.24,0.08,0.112,13.09,eastmoney,qfq
2025-09-23,511010,国债ETF国泰,138.874,138.696,138.874,138.575,20503.0,286766979.0,0.22,-0.09,-0.125,5.81,eastmoney,qfq
2025-09-24,511010,国债ETF国泰,138.747,138.578,138.747,138.562,17124.0,239540100.0,0.13,-0.09,-0.118,4.85,eastmoney,qfq
2025-09-25,511010,国债ETF国泰,138.516,138.526,138.567,138.391,10940.0,152811779.0,0.13,-0.04,-0.052,3.1,eastmoney,qfq
2025-09-26,511010,国债ETF国泰,138.554,138.63,138.677,138.534,13670.0,191160931.0,0.1,0.08,0.104,3.87,eastmoney,qfq
2025-09-29,511010,国债ETF国泰,138.684,138.595,138.712,138.578,8548.0,119550758.0,0.1,-0.03,-0.035,2.42,eastmoney,qfq
2025-09-30,511010,国债ETF国泰,138.604,138.802,138.814,138.595,9344.0,130786484.0,0.16,0.15,0.207,2.65,eastmoney,qfq
2025-10-09,511010,国债ETF国泰,138.814,138.897,138.918,138.723,207224.0,2903212974.0,0.14,0.07,0.095,58.73,eastmoney,qfq
2025-10-10,511010,国债ETF国泰,138.908,138.867,138.969,138.858,9361.0,131187618.0,0.08,-0.02,-0.03,2.65,eastmoney,qfq
2025-10-13,511010,国债ETF国泰,138.893,138.908,138.939,138.864,145693.0,2041830215.0,0.05,0.03,0.041,41.29,eastmoney,qfq
2025-10-14,511010,国债ETF国泰,138.884,138.955,138.984,138.784,275776.0,3864121551.0,0.14,0.03,0.047,78.15,eastmoney,qfq
2025-10-15,511010,国债ETF国泰,138.954,138.914,138.954,138.882,139224.0,1951086403.0,0.05,-0.03,-0.041,39.46,eastmoney,qfq
2025-10-16,511010,国债ETF国泰,138.914,138.92,138.959,138.913,16115.0,225882754.0,0.03,0.0,0.006,4.57,eastmoney,qfq
2025-10-17,511010,国债ETF国泰,138.947,139.02,139.023,138.932,272471.0,3820809676.0,0.07,0.07,0.1,77.22,eastmoney,qfq
2025-10-20,511010,国债ETF国泰,138.969,138.896,138.983,138.878,192456.0,2696776998.0,0.08,-0.09,-0.124,54.54,eastmoney,qfq
2025-10-21,511010,国债ETF国泰,138.895,138.916,138.942,138.852,168418.0,2360352711.0,0.06,0.01,0.02,47.73,eastmoney,qfq
2025-10-22,511010,国债ETF国泰,138.916,138.942,138.972,138.907,54490.0,763689778.0,0.05,0.02,0.026,15.44,eastmoney,qfq
2025-10-23,511010,国债ETF国泰,138.943,138.902,138.977,138.887,14635.0,205131598.0,0.06,-0.03,-0.04,4.15,eastmoney,qfq
2025-10-24,511010,国债ETF国泰,138.901,138.893,138.938,138.889,132531.0,1857074922.0,0.04,-0.01,-0.009,37.56,eastmoney,qfq
2025-10-27,511010,国债ETF国泰,138.855,138.94,138.973,138.811,22130.0,310154177.0,0.12,0.03,0.047,6.27,eastmoney,qfq
2025-10-28,511010,国债ETF国泰,139.102,139.219,139.22,139.05,127528.0,1790619992.0,0.12,0.2,0.279,36.14,eastmoney,qfq
2025-10-29,511010,国债ETF国泰,139.169,139.335,139.414,139.13,20539.0,288715938.0,0.2,0.08,0.116,5.82,eastmoney,qfq
2025-10-30,511010,国债ETF国泰,139.403,139.448,139.473,139.352,118846.0,1671640546.0,0.09,0.08,0.113,33.68,eastmoney,qfq
2025-10-31,511010,国债ETF国泰,139.497,139.464,139.554,139.433,107682.0,1514989542.0,0.09,0.01,0.016,30.52,eastmoney,qfq
2025-11-03,511010,国债ETF国泰,139.467,139.402,139.501,139.379,207629.0,2919850898.0,0.09,-0.04,-0.062,58.84,eastmoney,qfq
2025-11-04,511010,国债ETF国泰,139.424,139.395,139.424,139.334,11606.0,163167321.0,0.06,-0.01,-0.007,3.29,eastmoney,qfq
2025-11-05,511010,国债ETF国泰,139.448,139.4,139.455,139.386,120721.0,1697717912.0,0.05,0.0,0.005,34.21,eastmoney,qfq
2025-11-06,511010,国债ETF国泰,139.401,139.334,139.419,139.309,224263.0,3152261364.0,0.08,-0.05,-0.066,63.56,eastmoney,qfq
2025-11-07,511010,国债ETF国泰,139.362,139.363,139.386,139.334,86362.0,1214077719.0,0.04,0.02,0.029,24.47,eastmoney,qfq
2025-11-10,511010,国债ETF国泰,139.363,139.359,139.372,139.314,24369.0,342585581.0,0.04,0.0,-0.004,6.91,eastmoney,qfq
2025-11-11,511010,国债ETF国泰,139.353,139.376,139.452,139.353,70718.0,994472664.0,0.07,0.01,0.017,20.04,eastmoney,qfq
2025-11-12,511010,国债ETF国泰,139.44,139.434,139.44,139.394,115655.0,1626726873.0,0.03,0.04,0.058,32.78,eastmoney,qfq
2025-11-13,511010,国债ETF国泰,139.434,139.378,139.44,139.362,40391.0,567929741.0,0.06,-0.04,-0.056,11.45,eastmoney,qfq
2025-11-14,511010,国债ETF国泰,139.378,139.361,139.404,139.339,109408.0,1538069442.0,0.05,-0.01,-0.017,31.01,eastmoney,qfq
2025-11-17,511010,国债ETF国泰,139.361,139.387,139.419,139.361,169897.0,2389023218.0,0.04,0.02,0.026,48.15,eastmoney,qfq
2025-11-18,511010,国债ETF国泰,139.387,139.395,139.414,139.36,163019.0,2292207003.0,0.04,0.01,0.008,46.2,eastmoney,qfq
2025-11-19,511010,国债ETF国泰,139.396,139.353,139.406,139.334,7313.0,102803877.0,0.05,-0.03,-0.042,2.07,eastmoney,qfq
2025-11-20,511010,国债ETF国泰,139.352,139.426,139.46,139.338,8750.0,123069611.0,0.09,0.05,0.073,2.48,eastmoney,qfq
2025-11-21,511010,国债ETF国泰,139.442,139.388,139.469,139.358,22211.0,312346385.0,0.08,-0.03,-0.038,6.29,eastmoney,qfq
2025-11-24,511010,国债ETF国泰,139.383,139.404,139.437,139.374,25788.0,362680824.0,0.05,0.01,0.016,7.31,eastmoney,qfq
2025-11-25,511010,国债ETF国泰,139.404,139.407,139.441,139.384,12705.0,178675378.0,0.04,0.0,0.003,3.6,eastmoney,qfq
2025-11-26,511010,国债ETF国泰,139.419,139.255,139.419,139.252,8553.0,120220448.0,0.12,-0.11,-0.152,2.42,eastmoney,qfq
2025-11-27,511010,国债ETF国泰,139.257,139.247,139.274,139.211,176208.0,2475191555.0,0.05,-0.01,-0.008,49.94,eastmoney,qfq
2025-11-28,511010,国债ETF国泰,139.248,139.302,139.304,139.235,54604.0,767277624.0,0.05,0.04,0.055,15.47,eastmoney,qfq
2025-12-01,511010,国债ETF国泰,139.3,139.349,139.373,139.248,6955.0,97746569.0,0.09,0.03,0.047,1.97,eastmoney,qfq
2025-12-02,511010,国债ETF国泰,139.36,139.314,139.367,139.304,138482.0,1946453657.0,0.05,-0.03,-0.035,39.25,eastmoney,qfq
2025-12-03,511010,国债ETF国泰,139.314,139.326,139.385,139.294,21602.0,303603829.0,0.07,0.01,0.012,6.12,eastmoney,qfq
2025-12-04,511010,国债ETF国泰,139.325,139.185,139.326,139.157,7206.0,101194425.0,0.12,-0.1,-0.141,2.04,eastmoney,qfq
2025-12-05,511010,国债ETF国泰,139.19,139.257,139.285,139.174,80403.0,1129231503.0,0.08,0.05,0.072,22.79,eastmoney,qfq
2025-12-08,511010,国债ETF国泰,139.28,139.242,139.28,139.179,10304.0,144721563.0,0.07,-0.01,-0.015,2.92,eastmoney,qfq
2025-12-09,511010,国债ETF国泰,139.285,139.319,139.335,139.283,46431.0,652541606.0,0.04,0.06,0.077,13.16,eastmoney,qfq
2025-12-10,511010,国债ETF国泰,139.303,139.34,139.353,139.294,34187.0,480455777.0,0.04,0.02,0.021,9.69,eastmoney,qfq
2025-12-11,511010,国债ETF国泰,139.362,139.434,139.445,139.346,71021.0,998954330.0,0.07,0.07,0.094,20.13,eastmoney,qfq
2025-12-12,511010,国债ETF国泰,139.522,139.395,139.522,139.344,121593.0,1710045851.0,0.13,-0.03,-0.039,34.46,eastmoney,qfq
2025-12-15,511010,国债ETF国泰,139.366,139.336,139.398,139.326,9522.0,133867934.0,0.05,-0.04,-0.059,2.7,eastmoney,qfq
2025-12-16,511010,国债ETF国泰,139.309,139.31,139.385,139.302,77847.0,1094298398.0,0.06,-0.02,-0.026,22.06,eastmoney,qfq
2025-12-17,511010,国债ETF国泰,139.327,139.403,139.407,139.294,86837.0,1220560151.0,0.08,0.07,0.093,24.61,eastmoney,qfq
2025-12-18,511010,国债ETF国泰,139.41,139.487,139.516,139.371,15296.0,215201281.0,0.1,0.06,0.084,4.33,eastmoney,qfq
2025-12-19,511010,国债ETF国泰,139.524,139.561,139.572,139.495,20448.0,287806491.0,0.06,0.05,0.074,5.79,eastmoney,qfq
2025-12-22,511010,国债ETF国泰,139.564,139.489,139.572,139.446,32913.0,463266345.0,0.09,-0.05,-0.072,9.33,eastmoney,qfq
2025-12-23,511010,国债ETF国泰,139.485,139.726,139.739,139.481,112949.0,1590619850.0,0.18,0.17,0.237,32.01,eastmoney,qfq
2025-12-24,511010,国债ETF国泰,139.675,139.668,139.702,139.617,27781.0,391354276.0,0.06,-0.04,-0.058,7.87,eastmoney,qfq
2025-12-25,511010,国债ETF国泰,139.668,139.621,139.7,139.606,24865.0,350359154.0,0.07,-0.03,-0.047,7.05,eastmoney,qfq
2025-12-26,511010,国债ETF国泰,139.629,139.714,139.72,139.629,21476.0,301239032.0,0.07,0.07,0.093,6.09,eastmoney,qfq
2025-12-29,511010,国债ETF国泰,139.696,139.545,139.744,139.499,64110.0,898161012.0,0.18,-0.12,-0.169,18.17,eastmoney,qfq
2025-12-30,511010,国债ETF国泰,139.545,139.522,139.571,139.477,22818.0,319708291.0,0.07,-0.02,-0.023,6.47,eastmoney,qfq
2025-12-31,511010,国债ETF国泰,139.528,139.525,139.533,139.454,17226.0,241243464.0,0.06,0.0,0.003,4.88,eastmoney,qfq
2026-01-05,511010,国债ETF国泰,139.519,139.394,139.519,139.383,12972.0,181611918.0,0.1,-0.09,-0.131,3.68,eastmoney,qfq
2026-01-06,511010,国债ETF国泰,139.394,139.289,139.399,139.221,112357.0,1570924207.0,0.13,-0.08,-0.105,31.84,eastmoney,qfq
2026-01-07,511010,国债ETF国泰,139.23,139.212,139.299,139.131,167378.0,2340480836.0,0.12,-0.06,-0.077,47.43,eastmoney,qfq
2026-01-08,511010,国债ETF国泰,139.279,139.333,139.338,139.209,39895.0,557781282.0,0.09,0.09,0.121,11.31,eastmoney,qfq
2026-01-09,511010,国债ETF国泰,139.333,139.322,139.338,139.239,12286.0,171833972.0,0.07,-0.01,-0.011,3.48,eastmoney,qfq
2026-01-12,511010,国债ETF国泰,139.3,139.391,139.454,139.2,16725.0,234056872.0,0.18,0.05,0.069,4.74,eastmoney,qfq
2026-01-13,511010,国债ETF国泰,139.409,139.431,139.444,139.353,8034.0,112451723.0,0.07,0.03,0.04,2.28,eastmoney,qfq
2026-01-14,511010,国债ETF国泰,139.457,139.522,139.584,139.357,150378.0,2104882648.0,0.16,0.07,0.091,42.62,eastmoney,qfq
2026-01-15,511010,国债ETF国泰,139.522,139.577,139.633,139.471,12254.0,171717523.0,0.12,0.04,0.055,3.47,eastmoney,qfq
2026-01-16,511010,国债ETF国泰,139.547,139.667,139.699,139.547,28525.0,399848109.0,0.11,0.06,0.09,8.08,eastmoney,qfq
2026-01-19,511010,国债ETF国泰,139.713,139.658,139.719,139.645,194803.0,2731692858.0,0.05,-0.01,-0.009,55.21,eastmoney,qfq
2026-01-20,511010,国债ETF国泰,139.679,139.747,139.754,139.654,131432.0,1843502135.0,0.07,0.06,0.089,37.25,eastmoney,qfq
2026-01-21,511010,国债ETF国泰,139.75,139.744,139.774,139.682,7478.0,104913570.0,0.07,0.0,-0.003,2.12,eastmoney,qfq
2026-01-22,511010,国债ETF国泰,139.709,139.731,139.773,139.709,326892.0,4586112978.0,0.05,-0.01,-0.013,92.64,eastmoney,qfq
2026-01-23,511010,国债ETF国泰,139.712,139.778,139.827,139.7,185941.0,2609245846.0,0.09,0.03,0.047,52.69,eastmoney,qfq
2026-01-26,511010,国债ETF国泰,139.781,139.751,139.809,139.74,14382.0,201839995.0,0.05,-0.02,-0.027,4.08,eastmoney,qfq
2026-01-27,511010,国债ETF国泰,139.753,139.764,139.805,139.737,206811.0,2902384149.0,0.05,0.01,0.013,58.61,eastmoney,qfq
2026-01-28,511010,国债ETF国泰,139.745,139.786,139.793,139.744,20130.0,282511254.0,0.04,0.02,0.022,5.7,eastmoney,qfq
2026-01-29,511010,国债ETF国泰,139.793,139.872,139.935,139.781,174755.0,2455320580.0,0.11,0.06,0.086,49.52,eastmoney,qfq
2026-01-30,511010,国债ETF国泰,139.873,139.858,139.926,139.835,9467.0,132960114.0,0.07,-0.01,-0.014,2.68,eastmoney,qfq
2026-02-02,511010,国债ETF国泰,139.878,139.861,139.906,139.829,203063.0,2851431322.0,0.06,0.0,0.003,57.55,eastmoney,qfq
2026-02-03,511010,国债ETF国泰,139.843,139.91,139.924,139.804,17589.0,247050033.0,0.09,0.04,0.049,4.98,eastmoney,qfq
2026-02-04,511010,国债ETF国泰,139.929,139.895,139.929,139.865,201750.0,2833934279.0,0.05,-0.01,-0.015,57.18,eastmoney,qfq
2026-02-05,511010,国债ETF国泰,139.895,139.979,139.981,139.864,7987.0,112208158.0,0.08,0.06,0.084,2.26,eastmoney,qfq
2026-02-06,511010,国债ETF国泰,140.029,140.015,140.029,139.942,12868.0,180871019.0,0.06,0.03,0.036,3.65,eastmoney,qfq
2026-02-09,511010,国债ETF国泰,140.009,140.101,140.106,139.972,8479.0,119245705.0,0.1,0.06,0.086,2.4,eastmoney,qfq
2026-02-10,511010,国债ETF国泰,140.109,140.098,140.121,140.008,5421.0,76259714.0,0.08,0.0,-0.003,1.54,eastmoney,qfq
2026-02-11,511010,国债ETF国泰,140.104,140.162,140.172,140.097,6064.0,85336447.0,0.05,0.05,0.064,1.72,eastmoney,qfq
2026-02-12,511010,国债ETF国泰,140.158,140.22,140.227,140.132,6040.0,85023235.0,0.07,0.04,0.058,1.71,eastmoney,qfq
2026-02-13,511010,国债ETF国泰,140.319,140.274,140.339,140.199,18809.0,264879853.0,0.1,0.04,0.054,5.33,eastmoney,qfq
2026-02-24,511010,国债ETF国泰,140.264,140.29,140.314,140.233,10633.0,149773178.0,0.06,0.01,0.016,3.01,eastmoney,qfq
2026-02-25,511010,国债ETF国泰,140.29,140.174,140.29,140.166,9877.0,139060363.0,0.09,-0.08,-0.116,2.8,eastmoney,qfq
2026-02-26,511010,国债ETF国泰,140.174,140.039,140.182,140.026,8914.0,125362222.0,0.11,-0.1,-0.135,2.53,eastmoney,qfq
2026-02-27,511010,国债ETF国泰,140.039,140.127,140.13,140.024,116101.0,1633170980.0,0.08,0.06,0.088,32.9,eastmoney,qfq
2026-03-02,511010,国债ETF国泰,140.128,140.248,140.248,140.128,8054.0,113379940.0,0.09,0.09,0.121,2.28,eastmoney,qfq
2026-03-03,511010,国债ETF国泰,140.248,140.237,140.254,140.199,15663.0,220550049.0,0.04,-0.01,-0.011,4.44,eastmoney,qfq
2026-03-04,511010,国债ETF国泰,140.254,140.358,140.369,140.231,6088.0,85755837.0,0.1,0.09,0.121,1.73,eastmoney,qfq
2026-03-05,511010,国债ETF国泰,140.359,140.299,140.362,140.262,102599.0,1445202167.0,0.07,-0.04,-0.059,29.08,eastmoney,qfq
2026-03-06,511010,国债ETF国泰,140.302,140.335,140.342,140.302,257192.0,3623453034.0,0.03,0.03,0.036,72.89,eastmoney,qfq
2026-03-09,511010,国债ETF国泰,140.337,140.166,140.341,140.149,97514.0,1372498930.0,0.14,-0.12,-0.169,27.64,eastmoney,qfq
2026-03-10,511010,国债ETF国泰,140.191,140.174,140.224,140.109,23681.0,333197917.0,0.08,0.01,0.008,6.71,eastmoney,qfq
2026-03-11,511010,国债ETF国泰,140.161,140.164,140.184,140.118,36833.0,518344812.0,0.05,-0.01,-0.01,10.44,eastmoney,qfq
2026-03-12,511010,国债ETF国泰,140.128,140.168,140.194,140.127,51026.0,718108320.0,0.05,0.0,0.004,14.46,eastmoney,qfq
2026-03-13,511010,国债ETF国泰,140.186,140.201,140.229,140.155,13807.0,194367506.0,0.05,0.02,0.033,3.91,eastmoney,qfq
2026-03-16,511010,国债ETF国泰,140.204,140.107,140.229,140.094,148540.0,2089975756.0,0.1,-0.07,-0.094,42.1,eastmoney,qfq
2026-03-17,511010,国债ETF国泰,140.117,140.109,140.153,140.099,27101.0,381256370.0,0.04,0.0,0.002,7.68,eastmoney,qfq
2026-03-18,511010,国债ETF国泰,140.119,140.247,140.248,140.059,13928.0,196057791.0,0.13,0.1,0.138,3.95,eastmoney,qfq
2026-03-19,511010,国债ETF国泰,140.239,140.323,140.333,140.201,244510.0,3444857036.0,0.09,0.05,0.076,69.29,eastmoney,qfq
2026-03-20,511010,国债ETF国泰,140.317,140.282,140.317,140.274,188748.0,2658540561.0,0.03,-0.03,-0.041,53.49,eastmoney,qfq
2026-03-23,511010,国债ETF国泰,140.252,140.229,140.356,140.196,25126.0,353840647.0,0.11,-0.04,-0.053,7.12,eastmoney,qfq
2026-03-24,511010,国债ETF国泰,140.229,140.193,140.229,140.179,29171.0,410657475.0,0.04,-0.03,-0.036,8.27,eastmoney,qfq
2026-03-25,511010,国债ETF国泰,140.181,140.237,140.31,140.166,103562.0,1451880805.0,0.1,0.03,0.044,29.35,eastmoney,qfq
2026-03-26,511010,国债ETF国泰,140.23,140.291,140.339,140.212,25678.0,360196720.0,0.09,0.04,0.054,7.28,eastmoney,qfq
2026-03-27,511010,国债ETF国泰,140.295,140.376,140.38,140.272,117229.0,1645336838.0,0.08,0.06,0.085,33.22,eastmoney,qfq
2026-03-30,511010,国债ETF国泰,140.385,140.464,140.486,140.385,108977.0,1530325060.0,0.07,0.06,0.088,30.88,eastmoney,qfq
2026-03-31,511010,国债ETF国泰,140.486,140.504,140.518,140.435,26502.0,372298158.0,0.06,0.03,0.04,7.51,eastmoney,qfq
2026-04-01,511010,国债ETF国泰,140.503,140.385,140.503,140.37,90957.0,1276869393.0,0.09,-0.08,-0.119,25.78,eastmoney,qfq
2026-04-02,511010,国债ETF国泰,140.393,140.41,140.443,140.343,28037.0,393562799.0,0.07,0.02,0.025,7.95,eastmoney,qfq
2026-04-03,511010,国债ETF国泰,140.417,140.476,140.495,140.417,15423.0,216651600.0,0.06,0.05,0.066,4.37,eastmoney,qfq
2026-04-07,511010,国债ETF国泰,140.476,140.459,140.512,140.451,18288.0,256892861.0,0.04,-0.01,-0.017,5.18,eastmoney,qfq
2026-04-08,511010,国债ETF国泰,140.44,140.387,140.44,140.3,70776.0,993720023.0,0.1,-0.05,-0.072,20.06,eastmoney,qfq
2026-04-09,511010,国债ETF国泰,140.387,140.404,140.446,140.355,25511.0,358126493.0,0.06,0.01,0.017,7.23,eastmoney,qfq
2026-04-10,511010,国债ETF国泰,140.404,140.406,140.415,140.374,40741.0,571981864.0,0.03,0.0,0.002,11.55,eastmoney,qfq
2026-04-13,511010,国债ETF国泰,140.412,140.442,140.458,140.38,30418.0,427188473.0,0.06,0.03,0.036,8.62,eastmoney,qfq
2026-04-14,511010,国债ETF国泰,140.446,140.468,140.498,140.42,51408.0,722004013.0,0.06,0.02,0.026,14.57,eastmoney,qfq
2026-04-15,511010,国债ETF国泰,140.45,140.601,140.609,140.448,33118.0,465441359.0,0.11,0.09,0.133,9.39,eastmoney,qfq
2026-04-16,511010,国债ETF国泰,140.606,140.687,140.697,140.568,29215.0,410935490.0,0.09,0.06,0.086,8.28,eastmoney,qfq
2026-04-17,511010,国债ETF国泰,140.686,140.754,140.763,140.686,23830.0,335391041.0,0.05,0.05,0.067,6.75,eastmoney,qfq
2026-04-20,511010,国债ETF国泰,140.756,140.739,140.795,140.72,56866.0,800322151.0,0.05,-0.01,-0.015,16.12,eastmoney,qfq
2026-04-21,511010,国债ETF国泰,140.723,140.734,140.778,140.703,7982.0,112355403.0,0.05,0.0,-0.005,2.26,eastmoney,qfq
2026-04-22,511010,国债ETF国泰,140.774,140.837,140.843,140.766,29608.0,416911557.0,0.05,0.07,0.103,8.39,eastmoney,qfq
2026-04-23,511010,国债ETF国泰,140.837,140.837,140.842,140.77,50750.0,714682913.0,0.05,0.0,0.0,14.38,eastmoney,qfq
2026-04-24,511010,国债ETF国泰,140.844,140.899,140.93,140.839,48984.0,690287943.0,0.06,0.04,0.062,13.88,eastmoney,qfq
2026-04-27,511010,国债ETF国泰,140.841,140.701,140.855,140.688,30849.0,434322626.0,0.12,-0.14,-0.198,8.74,eastmoney,qfq
2026-04-28,511010,国债ETF国泰,140.76,140.82,140.839,140.742,84554.0,1190676364.0,0.07,0.08,0.119,23.96,eastmoney,qfq
2026-04-29,511010,国债ETF国泰,140.83,140.899,140.899,140.812,41704.0,587490081.0,0.06,0.06,0.079,11.82,eastmoney,qfq
2026-04-30,511010,国债ETF国泰,140.901,140.873,140.931,140.87,172006.0,2423305309.0,0.04,-0.02,-0.026,48.75,eastmoney,qfq
2026-05-06,511010,国债ETF国泰,140.8,140.811,140.87,140.717,48190.0,678304691.0,0.11,-0.04,-0.062,13.66,eastmoney,qfq
2026-05-07,511010,国债ETF国泰,140.811,140.82,140.882,140.789,54616.0,769267027.0,0.07,0.01,0.009,15.48,eastmoney,qfq
2026-05-08,511010,国债ETF国泰,140.848,140.9,140.9,140.848,200995.0,2831456493.0,0.04,0.06,0.08,56.96,eastmoney,qfq
2026-05-11,511010,国债ETF国泰,140.896,140.911,140.93,140.794,36146.0,509168664.0,0.1,0.01,0.011,10.24,eastmoney,qfq
2026-05-12,511010,国债ETF国泰,140.928,140.963,140.986,140.89,32192.0,453697250.0,0.07,0.04,0.052,9.12,eastmoney,qfq
2026-05-13,511010,国债ETF国泰,140.963,140.999,141.009,140.962,20414.0,287814920.0,0.03,0.03,0.036,5.79,eastmoney,qfq
2026-05-14,511010,国债ETF国泰,141.009,141.011,141.02,140.977,15545.0,219193453.0,0.03,0.01,0.012,4.41,eastmoney,qfq
2026-05-15,511010,国债ETF国泰,141.046,141.074,141.096,141.014,18514.0,261157821.0,0.06,0.04,0.063,5.25,eastmoney,qfq
2026-05-18,511010,国债ETF国泰,141.076,141.126,141.136,141.0,18273.0,257802404.0,0.1,0.04,0.052,5.18,eastmoney,qfq
2026-05-19,511010,国债ETF国泰,141.122,141.247,141.269,141.122,37188.0,525124559.0,0.1,0.09,0.121,10.54,eastmoney,qfq
2026-05-20,511010,国债ETF国泰,141.248,141.278,141.299,141.234,15078.0,213001454.0,0.05,0.02,0.031,4.27,eastmoney,qfq
2026-05-21,511010,国债ETF国泰,141.275,141.191,141.291,141.181,20175.0,284969253.0,0.08,-0.06,-0.087,5.72,eastmoney,qfq
2026-05-22,511010,国债ETF国泰,141.193,141.204,141.215,141.148,10516.0,148471271.0,0.05,0.01,0.013,2.98,eastmoney,qfq
2026-05-25,511010,国债ETF国泰,141.202,141.176,141.202,141.145,16152.0,228006970.0,0.04,-0.02,-0.028,4.58,eastmoney,qfq
2026-05-26,511010,国债ETF国泰,141.176,141.23,141.235,141.176,10171.0,143613189.0,0.04,0.04,0.054,2.88,eastmoney,qfq
2026-05-27,511010,国债ETF国泰,141.232,141.302,141.307,141.231,72578.0,1025342458.0,0.05,0.05,0.072,20.57,eastmoney,qfq
2026-05-28,511010,国债ETF国泰,141.327,141.417,141.418,141.323,18554.0,262327548.0,0.07,0.08,0.115,5.26,eastmoney,qfq
2026-05-29,511010,国债ETF国泰,141.41,141.499,141.504,141.388,66250.0,937183209.0,0.08,0.06,0.082,18.77,eastmoney,qfq
2026-06-01,511010,国债ETF国泰,141.498,141.504,141.526,141.475,27166.0,384406914.0,0.04,0.0,0.005,7.7,eastmoney,qfq
2026-06-02,511010,国债ETF国泰,141.503,141.48,141.525,141.47,29173.0,412757992.0,0.04,-0.02,-0.024,8.27,eastmoney,qfq
2026-06-03,511010,国债ETF国泰,141.481,141.464,141.508,141.448,34290.0,485092362.0,0.04,-0.01,-0.016,9.72,eastmoney,qfq
2026-06-04,511010,国债ETF国泰,141.465,141.504,141.525,141.413,35412.0,501012003.0,0.08,0.03,0.04,10.04,eastmoney,qfq
2026-06-05,511010,国债ETF国泰,141.512,141.5,141.565,141.481,29553.0,418197984.0,0.06,0.0,-0.004,8.38,eastmoney,qfq
2026-06-08,511010,国债ETF国泰,141.477,141.409,141.489,141.351,20336.0,287548734.0,0.1,-0.06,-0.091,5.76,eastmoney,qfq
2026-06-09,511010,国债ETF国泰,141.411,141.345,141.439,141.331,30226.0,427297140.0,0.08,-0.05,-0.064,8.57,eastmoney,qfq
2026-06-10,511010,国债ETF国泰,141.333,141.278,141.379,141.276,27309.0,385946408.0,0.07,-0.05,-0.067,7.74,eastmoney,qfq
2026-06-11,511010,国债ETF国泰,141.278,141.138,141.28,141.137,25459.0,359519948.0,0.1,-0.1,-0.14,7.21,eastmoney,qfq
2026-06-12,511010,国债ETF国泰,141.134,141.163,141.226,141.134,27540.0,388751195.0,0.07,0.02,0.025,7.8,eastmoney,qfq
2026-06-15,511010,国债ETF国泰,141.22,141.19,141.22,141.073,21902.0,309195849.0,0.1,0.02,0.027,6.21,eastmoney,qfq
2026-06-16,511010,国债ETF国泰,141.191,141.309,141.319,141.16,50600.0,714503942.0,0.11,0.08,0.119,14.34,eastmoney,qfq
2026-06-17,511010,国债ETF国泰,141.31,141.348,141.362,141.279,20260.0,286315021.0,0.06,0.03,0.039,5.74,eastmoney,qfq
2026-06-18,511010,国债ETF国泰,141.36,141.431,141.442,141.345,44534.0,629649442.0,0.07,0.06,0.083,12.62,eastmoney,qfq
