date,symbol,name,open,high,low,close,volume,amount
2023-01-02,159915,创业板ETF,2.152,2.245,2.13,2.221,2527879,5615661.66
2023-01-02,510300,沪深300ETF,3.9,3.914,3.853,3.867,1108127,4285066.53
2023-01-02,511010,国债ETF,110.03,110.19,109.676,109.836,1443705,158570124.79
2023-01-03,159915,创业板ETF,2.237,2.276,2.154,2.193,3430138,7521430.44
2023-01-03,510300,沪深300ETF,3.871,3.892,3.761,3.782,3701207,13998119.2
2023-01-03,511010,国债ETF,109.878,110.194,109.426,109.742,1217495,133610246.8
2023-01-04,159915,创业板ETF,2.201,2.239,2.113,2.151,589221,1267137.75
2023-01-04,510300,沪深300ETF,3.777,3.835,3.75,3.808,3008126,11454671.16
2023-01-04,511010,国债ETF,109.656,109.883,109.328,109.555,1854751,203196406.23
2023-01-05,159915,创业板ETF,2.141,2.148,2.128,2.135,1196896,2555663.07
2023-01-05,510300,沪深300ETF,3.809,3.881,3.768,3.84,2456365,9432207.56
2023-01-05,511010,国债ETF,109.601,109.851,109.36,109.611,2494940,273471887.12
2023-01-06,159915,创业板ETF,2.129,2.165,2.055,2.092,1768500,3699010.07
2023-01-06,510300,沪深300ETF,3.855,3.885,3.797,3.828,701871,2686435.84
2023-01-06,511010,国债ETF,109.594,109.728,109.333,109.467,2386600,261253078.04
2023-01-09,159915,创业板ETF,2.104,2.161,2.093,2.149,1455565,3128568.93
2023-01-09,510300,沪深300ETF,3.82,3.863,3.801,3.844,1081190,4155795.31
2023-01-09,511010,国债ETF,109.479,110.114,109.193,109.827,1547856,169996712.36
2023-01-10,159915,创业板ETF,2.133,2.216,2.101,2.184,1111905,2428307.51
2023-01-10,510300,沪深300ETF,3.826,3.946,3.798,3.917,3186121,12481406.55
2023-01-10,511010,国债ETF,109.791,110.092,109.302,109.602,2324873,254809640.9
2023-01-11,159915,创业板ETF,2.204,2.23,2.184,2.209,1575485,3480793.59
2023-01-11,510300,沪深300ETF,3.914,3.983,3.895,3.964,2322056,9204915.62
2023-01-11,511010,国债ETF,109.661,109.709,109.336,109.385,615977,67378488.0
2023-01-12,159915,创业板ETF,2.219,2.31,2.177,2.266,1479690,3353509.6
2023-01-12,510300,沪深300ETF,3.955,4.06,3.891,3.996,1238121,4947307.97
2023-01-12,511010,国债ETF,109.356,109.528,108.929,109.101,1512357,165000118.41
2023-01-13,159915,创业板ETF,2.266,2.283,2.226,2.242,1529155,3428648.15
2023-01-13,510300,沪深300ETF,3.995,4.055,3.968,4.027,1293224,5207668.47
2023-01-13,511010,国债ETF,109.096,109.497,108.792,109.193,1782343,194620021.97
2023-01-16,159915,创业板ETF,2.238,2.297,2.132,2.19,2200140,4818281.97
2023-01-16,510300,沪深300ETF,4.035,4.097,3.928,3.99,1284313,5123811.64
2023-01-16,511010,国债ETF,109.076,109.35,108.67,108.944,3025732,329634467.98
2023-01-17,159915,创业板ETF,2.203,2.241,2.166,2.204,969629,2136997.82
2023-01-17,510300,沪深300ETF,3.999,4.046,3.987,4.033,3377871,13622250.09
2023-01-17,511010,国债ETF,108.912,109.259,108.835,109.181,2348697,256432631.87
2023-01-18,159915,创业板ETF,2.186,2.298,2.105,2.216,976432,2164221.43
2023-01-18,510300,沪深300ETF,4.037,4.059,3.939,3.961,564477,2235914.09
2023-01-18,511010,国债ETF,109.196,109.307,108.903,109.013,4389832,478550924.08
2023-01-19,159915,创业板ETF,2.224,2.266,2.142,2.183,1854125,4047196.15
2023-01-19,510300,沪深300ETF,3.977,4.036,3.888,3.947,3987736,15740805.44
2023-01-19,511010,国债ETF,109.069,109.335,108.914,109.18,1044260,114012119.19
2023-01-20,159915,创业板ETF,2.163,2.241,2.127,2.204,3122381,6882297.66
2023-01-20,510300,沪深300ETF,3.951,3.984,3.896,3.929,2288909,8993281.64
2023-01-20,511010,国债ETF,109.155,109.845,108.916,109.605,1269209,139111519.94
2023-01-23,159915,创业板ETF,2.212,2.29,2.187,2.264,2063058,4669926.84
2023-01-23,510300,沪深300ETF,3.94,4.01,3.787,3.856,2435543,9390875.75
2023-01-23,511010,国债ETF,109.593,109.843,109.189,109.439,1065970,116658221.63
2023-01-24,159915,创业板ETF,2.27,2.281,2.232,2.242,1694324,3799001.46
2023-01-24,510300,沪深300ETF,3.86,3.908,3.803,3.852,2515193,9687967.35
2023-01-24,511010,国债ETF,109.378,109.415,108.728,108.765,1916946,208495704.85
2023-01-25,159915,创业板ETF,2.24,2.285,2.205,2.25,1907499,4292424.1
2023-01-25,510300,沪深300ETF,3.855,3.981,3.797,3.923,2315699,9083909.74
2023-01-25,511010,国债ETF,108.809,109.06,108.656,108.908,2189765,238483319.43
2023-01-26,159915,创业板ETF,2.243,2.306,2.202,2.265,2191002,4961529.33
2023-01-26,510300,沪深300ETF,3.917,3.931,3.895,3.909,4092569,15997054.18
2023-01-26,511010,国债ETF,109.043,109.29,108.804,109.052,1386991,151253741.55
2023-01-27,159915,创业板ETF,2.259,2.332,2.212,2.285,813712,1859022.86
2023-01-27,510300,沪深300ETF,3.909,3.949,3.818,3.858,695910,2684764.8
2023-01-27,511010,国债ETF,109.116,109.269,108.891,109.044,1408015,153535487.3
2023-01-30,159915,创业板ETF,2.289,2.345,2.272,2.327,1653068,3847197.75
2023-01-30,510300,沪深300ETF,3.852,3.886,3.821,3.855,1694418,6531559.87
2023-01-30,511010,国债ETF,109.005,109.367,108.688,109.05,1072270,116930832.56
2023-01-31,159915,创业板ETF,2.33,2.411,2.272,2.352,510540,1200956.65
2023-01-31,510300,沪深300ETF,3.852,3.953,3.791,3.892,2675169,10411304.6
2023-01-31,511010,国债ETF,109.023,109.445,108.89,109.312,2588066,282906102.6
2023-02-01,159915,创业板ETF,2.347,2.454,2.306,2.413,1109922,2677780.69
2023-02-01,510300,沪深300ETF,3.893,3.931,3.863,3.901,1242652,4847353.31
2023-02-01,511010,国债ETF,109.33,109.423,108.867,108.959,3270802,356383994.99
2023-02-02,159915,创业板ETF,2.415,2.46,2.334,2.378,1551344,3688926.78
2023-02-02,510300,沪深300ETF,3.913,3.951,3.864,3.901,1539267,6005297.8
2023-02-02,511010,国债ETF,108.961,109.138,108.78,108.957,3907238,425721443.49
2023-02-03,159915,创业板ETF,2.381,2.427,2.312,2.358,1247236,2940988.44
2023-02-03,510300,沪深300ETF,3.899,3.924,3.818,3.842,3569615,13714751.69
2023-02-03,511010,国债ETF,108.998,109.639,108.721,109.361,1997942,218497769.97
2023-02-06,159915,创业板ETF,2.373,2.43,2.336,2.393,2873557,6877267.16
2023-02-06,510300,沪深300ETF,3.849,3.876,3.837,3.864,1099466,4248347.37
2023-02-06,511010,国债ETF,109.321,109.36,109.202,109.241,2031281,221899283.17
2023-02-07,159915,创业板ETF,2.385,2.438,2.322,2.375,980081,2327249.08
2023-02-07,510300,沪深300ETF,3.851,3.931,3.806,3.885,2472056,9604950.87
2023-02-07,511010,国债ETF,109.245,109.366,109.11,109.231,2945728,321764174.57
2023-02-08,159915,创业板ETF,2.376,2.394,2.333,2.351,1045509,2457963.88
2023-02-08,510300,沪深300ETF,3.882,3.975,3.851,3.944,718009,2831733.99
2023-02-08,511010,国债ETF,109.186,109.323,109.077,109.214,3638472,397372658.22
2023-02-09,159915,创业板ETF,2.335,2.379,2.305,2.349,2167876,5092956.56
2023-02-09,510300,沪深300ETF,3.958,4.053,3.915,4.01,2417353,9692914.38
2023-02-09,511010,国债ETF,109.231,109.645,109.036,109.45,1287657,140933711.79
2023-02-10,159915,创业板ETF,2.358,2.411,2.311,2.364,2125895,5026601.05
2023-02-10,510300,沪深300ETF,4.014,4.063,3.991,4.041,2589703,10464824.78
2023-02-10,511010,国债ETF,109.482,109.769,108.818,109.105,2838976,309745167.9
2023-02-13,159915,创业板ETF,2.351,2.395,2.299,2.344,1189273,2787193.4
2023-02-13,510300,沪深300ETF,4.021,4.057,3.933,3.969,2308873,9164610.26
2023-02-13,511010,国债ETF,109.064,109.222,108.866,109.024,1770167,192991107.26
2023-02-14,159915,创业板ETF,2.341,2.409,2.302,2.369,1127055,2669998.16
2023-02-14,510300,沪深300ETF,3.969,3.993,3.884,3.908,1305077,5100010.22
2023-02-14,511010,国债ETF,108.937,109.441,108.714,109.218,1241619,135606921.33
2023-02-15,159915,创业板ETF,2.375,2.476,2.329,2.429,2398369,5826025.35
2023-02-15,510300,沪深300ETF,3.905,3.934,3.833,3.862,1515354,5851697.63
2023-02-15,511010,国债ETF,109.218,109.65,109.071,109.502,1802098,197333608.73
2023-02-16,159915,创业板ETF,2.428,2.493,2.29,2.353,1324892,3116953.63
2023-02-16,510300,沪深300ETF,3.849,3.913,3.811,3.875,1574089,6099358.52
2023-02-16,511010,国债ETF,109.489,109.766,108.979,109.255,1461277,159651818.02
2023-02-17,159915,创业板ETF,2.343,2.379,2.223,2.258,1624996,3669183.16
2023-02-17,510300,沪深300ETF,3.856,3.884,3.814,3.842,2969417,11408889.61
2023-02-17,511010,国债ETF,109.27,109.591,109.038,109.358,1385548,151521313.28
2023-02-20,159915,创业板ETF,2.248,2.326,2.212,2.289,1426123,3264401.48
2023-02-20,510300,沪深300ETF,3.832,3.943,3.788,3.899,1290149,5029747.75
2023-02-20,511010,国债ETF,109.403,109.629,109.097,109.323,1046273,114381839.01
2023-02-21,159915,创业板ETF,2.298,2.344,2.211,2.257,2760906,6230408.19
2023-02-21,510300,沪深300ETF,3.887,3.928,3.869,3.91,772224,3019206.09
2023-02-21,511010,国债ETF,109.283,109.667,109.041,109.425,1924766,210617212.81
2023-02-22,159915,创业板ETF,2.265,2.365,2.218,2.317,2043010,4733293.55
2023-02-22,510300,沪深300ETF,3.918,3.956,3.888,3.926,1586527,6228990.73
2023-02-22,511010,国债ETF,109.496,109.889,109.374,109.766,2563854,281424552.63
2023-02-23,159915,创业板ETF,2.308,2.471,2.278,2.44,2149762,5245149.54
2023-02-23,510300,沪深300ETF,3.933,4.016,3.876,3.959,692858,2743329.56
2023-02-23,511010,国债ETF,109.839,109.986,109.293,109.44,1671367,182913800.34
2023-02-24,159915,创业板ETF,2.462,2.502,2.394,2.434,1881776,4580055.08
2023-02-24,510300,沪深300ETF,3.967,4.001,3.941,3.975,3194421,12697830.29
2023-02-24,511010,国债ETF,109.424,109.581,109.107,109.263,1441707,157525599.46
2023-02-27,159915,创业板ETF,2.427,2.478,2.367,2.417,2068898,5001341.5
2023-02-27,510300,沪深300ETF,3.987,3.996,3.905,3.915,2555478,10003433.04
2023-02-27,511010,国债ETF,109.195,109.214,109.189,109.208,2099578,229290229.49
2023-02-28,159915,创业板ETF,2.416,2.445,2.389,2.417,1790543,4328338.72
2023-02-28,510300,沪深300ETF,3.891,4.079,3.836,4.022,479069,1926933.01
2023-02-28,511010,国债ETF,109.204,109.374,108.593,108.762,1884948,205011483.96
2023-03-01,159915,创业板ETF,2.423,2.488,2.365,2.43,958631,2329337.66
2023-03-01,510300,沪深300ETF,4.019,4.124,3.984,4.088,1172502,4793462.8
2023-03-01,511010,国债ETF,108.743,109.04,108.096,108.392,868993,94191549.69
2023-03-02,159915,创业板ETF,2.434,2.463,2.399,2.428,3071292,7457457.46
2023-03-02,510300,沪深300ETF,4.092,4.18,4.071,4.158,3063187,12736901.87
2023-03-02,511010,国债ETF,108.437,108.599,108.188,108.35,2474009,268058361.51
2023-03-03,159915,创业板ETF,2.43,2.464,2.355,2.389,2665392,6368086.7
2023-03-03,510300,沪深300ETF,4.151,4.17,4.105,4.125,1754281,7235969.4
2023-03-03,511010,国债ETF,108.362,108.666,108.189,108.492,2303824,249946095.79
2023-03-06,159915,创业板ETF,2.379,2.463,2.324,2.407,1696008,4082795.94
2023-03-06,510300,沪深300ETF,4.118,4.165,3.996,4.042,1852037,7486855.56
2023-03-06,511010,国债ETF,108.543,108.78,108.296,108.533,1466278,159139209.97
2023-03-07,159915,创业板ETF,2.413,2.472,2.264,2.322,1340900,3113045.71
2023-03-07,510300,沪深300ETF,4.034,4.053,3.958,3.977,1608472,6396522.32
2023-03-07,511010,国债ETF,108.527,108.79,108.175,108.438,1863352,202058550.85
2023-03-08,159915,创业板ETF,2.311,2.384,2.265,2.338,1610247,3765302.61
2023-03-08,510300,沪深300ETF,3.979,3.989,3.922,3.932,1284927,5051895.94
2023-03-08,511010,国债ETF,108.451,108.74,108.161,108.45,1259024,136541230.03
2023-03-09,159915,创业板ETF,2.329,2.364,2.308,2.343,988314,2315428.35
2023-03-09,510300,沪深300ETF,3.931,4.017,3.885,3.971,1264338,5020321.12
2023-03-09,511010,国债ETF,108.41,108.835,108.142,108.567,3937109,427439673.05
2023-03-10,159915,创业板ETF,2.329,2.424,2.305,2.399,1828378,4386041.45
2023-03-10,510300,沪深300ETF,3.984,4.051,3.944,4.011,841358,3374646.98
2023-03-10,511010,国债ETF,108.491,108.887,108.269,108.665,2445373,265726123.2
2023-03-13,159915,创业板ETF,2.392,2.43,2.368,2.406,1920552,4621183.32
2023-03-13,510300,沪深300ETF,4.015,4.124,3.969,4.077,1239251,5051868.8
2023-03-13,511010,国债ETF,108.741,109.056,108.046,108.36,656967,71188796.88
2023-03-14,159915,创业板ETF,2.405,2.469,2.364,2.428,2349713,5704001.48
2023-03-14,510300,沪深300ETF,4.079,4.204,4.05,4.175,2537391,10592375.05
2023-03-14,511010,国债ETF,108.369,108.598,107.806,108.034,798943,86312691.44
2023-03-15,159915,创业板ETF,2.427,2.476,2.339,2.387,1950109,4654459.23
2023-03-15,510300,沪深300ETF,4.174,4.244,4.13,4.199,3767581,15821047.18
2023-03-15,511010,国债ETF,107.962,108.449,107.741,108.227,2277399,246477154.09
2023-03-16,159915,创业板ETF,2.381,2.423,2.353,2.395,1817957,4353126.78
2023-03-16,510300,沪深300ETF,4.19,4.239,4.168,4.216,893718,3768297.07
2023-03-16,511010,国债ETF,108.197,108.327,107.731,107.861,1474262,159015451.97
2023-03-17,159915,创业板ETF,2.401,2.479,2.351,2.428,2398122,5823799.3
2023-03-17,510300,沪深300ETF,4.218,4.251,4.168,4.2,2174598,9134139.41
2023-03-17,511010,国债ETF,107.885,108.165,107.784,108.064,2555006,276103717.86
2023-03-20,159915,创业板ETF,2.434,2.52,2.388,2.474,1132681,2801997.78
2023-03-20,510300,沪深300ETF,4.21,4.252,4.144,4.186,2059104,8618620.22
2023-03-20,511010,国债ETF,108.045,108.398,107.859,108.212,1048023,113408399.09
2023-03-21,159915,创业板ETF,2.477,2.52,2.436,2.479,2671703,6623992.8
2023-03-21,510300,沪深300ETF,4.191,4.234,4.091,4.133,1621626,6702816.4
2023-03-21,511010,国债ETF,108.236,108.422,107.882,108.068,3553943,384065843.45
2023-03-22,159915,创业板ETF,2.478,2.59,2.441,2.551,2029579,5178149.3
2023-03-22,510300,沪深300ETF,4.121,4.214,4.065,4.157,1087190,4519917.01
2023-03-22,511010,国债ETF,108.075,108.294,107.875,108.094,1085518,117338357.17
2023-03-23,159915,创业板ETF,2.524,2.618,2.517,2.611,1585005,4138219.07
2023-03-23,510300,沪深300ETF,4.14,4.225,4.089,4.173,1280680,5343967.3
2023-03-23,511010,国债ETF,108.147,108.455,107.934,108.242,2460896,266373053.12
2023-03-24,159915,创业板ETF,2.619,2.654,2.547,2.581,1585950,4092782.99
2023-03-24,510300,沪深300ETF,4.181,4.206,4.13,4.155,1823944,7578392.74
2023-03-24,511010,国债ETF,108.252,108.492,107.93,108.171,1917555,207423234.14
2023-03-27,159915,创业板ETF,2.57,2.621,2.419,2.469,1396320,3447203.79
2023-03-27,510300,沪深300ETF,4.157,4.188,4.089,4.119,1582185,6516714.32
2023-03-27,511010,国债ETF,108.256,108.396,107.865,108.005,4375450,472568432.22
2023-03-28,159915,创业板ETF,2.464,2.486,2.399,2.421,4008952,9704570.57
2023-03-28,510300,沪深300ETF,4.122,4.192,4.071,4.14,438472,1815408.75
2023-03-28,511010,国债ETF,107.98,108.363,107.77,108.152,707013,76465076.14
2023-03-29,159915,创业板ETF,2.42,2.435,2.409,2.424,789579,1913897.94
2023-03-29,510300,沪深300ETF,4.131,4.262,4.07,4.201,668240,2807262.6
2023-03-29,511010,国债ETF,108.212,108.428,108.066,108.282,2349731,254434671.02
2023-03-30,159915,创业板ETF,2.427,2.482,2.376,2.431,962976,2341140.81
2023-03-30,510300,沪深300ETF,4.21,4.259,4.156,4.206,678649,2854061.28
2023-03-30,511010,国债ETF,108.285,108.668,108.141,108.523,1773468,192461715.43
2023-03-31,159915,创业板ETF,2.428,2.454,2.393,2.419,1743807,4217542.38
2023-03-31,510300,沪深300ETF,4.214,4.254,4.179,4.219,1520208,6414383.18
2023-03-31,511010,国债ETF,108.521,108.717,108.107,108.303,683560,74031639.68
2023-04-03,159915,创业板ETF,2.421,2.457,2.365,2.401,2052418,4927042.86
2023-04-03,510300,沪深300ETF,4.217,4.262,4.15,4.195,863761,3623305.29
2023-04-03,511010,国债ETF,108.317,108.58,108.116,108.379,1853974,200932350.46
2023-04-04,159915,创业板ETF,2.397,2.451,2.376,2.429,1207319,2932655.96
2023-04-04,510300,沪深300ETF,4.202,4.262,4.124,4.184,958905,4012156.14
2023-04-04,511010,国债ETF,108.31,108.68,108.012,108.381,1696538,183872839.91
2023-04-05,159915,创业板ETF,2.414,2.457,2.36,2.404,3213897,7725315.44
2023-04-05,510300,沪深300ETF,4.174,4.237,4.107,4.17,3275068,13658051.01
2023-04-05,511010,国债ETF,108.425,108.712,108.31,108.597,1257255,136533925.07
2023-04-06,159915,创业板ETF,2.396,2.442,2.269,2.314,2445597,5658253.3
2023-04-06,510300,沪深300ETF,4.17,4.202,4.126,4.158,1095473,4554978.92
2023-04-06,511010,国债ETF,108.548,108.804,108.28,108.536,1436673,155930648.02
2023-04-07,159915,创业板ETF,2.302,2.356,2.247,2.301,710109,1633954.19
2023-04-07,510300,沪深300ETF,4.135,4.161,4.106,4.132,1764263,7289084.94
2023-04-07,511010,国债ETF,108.522,108.768,108.067,108.313,999672,108277712.4
2023-04-10,159915,创业板ETF,2.281,2.373,2.253,2.344,937032,2196196.23
2023-04-10,510300,沪深300ETF,4.129,4.192,4.087,4.15,2892772,12005926.52
2023-04-10,511010,国债ETF,108.305,108.532,108.16,108.387,1542443,167180286.95
2023-04-11,159915,创业板ETF,2.342,2.405,2.246,2.308,1896911,4378806.06
2023-04-11,510300,沪深300ETF,4.179,4.243,4.147,4.211,1509015,6354221.12
2023-04-11,511010,国债ETF,108.446,108.51,107.96,108.024,1032790,111566531.48
2023-04-12,159915,创业板ETF,2.313,2.341,2.307,2.335,3195228,7461986.9
2023-04-12,510300,沪深300ETF,4.219,4.261,4.127,4.168,2967684,12369145.87
2023-04-12,511010,国债ETF,108.051,108.269,107.594,107.811,623013,67167941.72
2023-04-13,159915,创业板ETF,2.334,2.405,2.289,2.36,1563390,3689438.5
2023-04-13,510300,沪深300ETF,4.188,4.261,4.161,4.233,1025585,4341664.24
2023-04-13,511010,国债ETF,107.896,108.19,107.483,107.777,2994557,322743661.21
2023-04-14,159915,创业板ETF,2.346,2.399,2.307,2.359,3247405,7662059.38
2023-04-14,510300,沪深300ETF,4.24,4.288,4.168,4.215,1039242,4380807.78
2023-04-14,511010,国债ETF,107.856,108.161,107.727,108.032,1329488,143626908.65
2023-04-17,159915,创业板ETF,2.354,2.397,2.335,2.377,2283923,5429123.88
2023-04-17,510300,沪深300ETF,4.219,4.269,4.149,4.199,1448629,6083019.17
2023-04-17,511010,国债ETF,107.982,108.088,107.619,107.725,2369211,255224000.48
2023-04-18,159915,创业板ETF,2.381,2.432,2.289,2.338,2663124,6227454.13
2023-04-18,510300,沪深300ETF,4.202,4.268,4.037,4.101,1393729,5716320.44
2023-04-18,511010,国债ETF,107.696,107.886,107.437,107.627,1531259,164804067.53
2023-04-19,159915,创业板ETF,2.321,2.361,2.302,2.341,2556372,5984914.45
2023-04-19,510300,沪深300ETF,4.097,4.158,3.935,3.994,1527149,6100000.15
2023-04-19,511010,国债ETF,107.573,107.753,107.357,107.536,1551250,166815607.82
2023-04-20,159915,创业板ETF,2.331,2.449,2.288,2.405,1891006,4548813.29
2023-04-20,510300,沪深300ETF,4.003,4.071,3.96,4.028,2274804,9161872.93
2023-04-20,511010,国债ETF,107.57,107.771,106.911,107.111,1010463,108231990.05
2023-04-21,159915,创业板ETF,2.4,2.447,2.355,2.402,3938207,9461331.77
2023-04-21,510300,沪深300ETF,4.02,4.046,3.954,3.98,1994478,7938443.12
2023-04-21,511010,国债ETF,107.041,107.367,106.87,107.196,1271319,136279947.27
2023-04-24,159915,创业板ETF,2.386,2.437,2.305,2.355,2011815,4738794.89
2023-04-24,510300,沪深300ETF,3.981,4.07,3.929,4.016,1810945,7273386.59
2023-04-24,511010,国债ETF,107.113,107.219,106.962,107.069,1185721,126953645.99
2023-04-25,159915,创业板ETF,2.349,2.468,2.301,2.419,2734106,6612738.86
2023-04-25,510300,沪深300ETF,4.053,4.083,3.989,4.019,975887,3922391.76
2023-04-25,511010,国债ETF,106.98,107.085,106.903,107.007,1263484,135201360.11
2023-04-26,159915,创业板ETF,2.397,2.405,2.352,2.36,2260386,5335184.14
2023-04-26,510300,沪深300ETF,4.025,4.049,4.008,4.031,3128955,12613206.21
2023-04-26,511010,国债ETF,107.008,107.248,106.808,107.049,1321430,141457283.32
2023-04-27,159915,创业板ETF,2.348,2.456,2.325,2.432,1406063,3419244.41
2023-04-27,510300,沪深300ETF,4.026,4.127,3.991,4.091,2210085,9042381.89
2023-04-27,511010,国债ETF,107.035,107.256,106.564,106.785,996187,106377795.18
2023-04-28,159915,创业板ETF,2.439,2.482,2.394,2.436,1632588,3977310.42
2023-04-28,510300,沪深300ETF,4.104,4.123,4.07,4.089,1249043,5107210.67
2023-04-28,511010,国债ETF,106.819,107.05,106.298,106.528,1678124,178767154.76
2023-05-01,159915,创业板ETF,2.469,2.48,2.453,2.464,1057499,2605360.93
2023-05-01,510300,沪深300ETF,4.094,4.164,3.878,3.945,1713834,6761613.2
2023-05-01,511010,国债ETF,106.516,107.042,106.294,106.82,969433,103555244.32
2023-05-02,159915,创业板ETF,2.459,2.537,2.402,2.48,1877726,4656180.63
2023-05-02,510300,沪深300ETF,3.943,3.998,3.817,3.871,1023314,3961528.9
2023-05-02,511010,国债ETF,106.791,107.044,106.557,106.81,3041933,324908387.34
2023-05-03,159915,创业板ETF,2.49,2.538,2.433,2.481,947453,2350487.37
2023-05-03,510300,沪深300ETF,3.86,3.972,3.803,3.914,2633406,10306148.65
2023-05-03,511010,国债ETF,106.834,107.269,106.607,107.041,1636187,175138565.97
2023-05-04,159915,创业板ETF,2.468,2.589,2.41,2.53,1385603,3505200.79
2023-05-04,510300,沪深300ETF,3.912,4.033,3.881,4.001,1897203,7591178.03
2023-05-04,511010,国债ETF,107.039,107.407,106.981,107.349,652869,70084654.95
2023-05-05,159915,创业板ETF,2.526,2.575,2.478,2.526,2875709,7265404.86
2023-05-05,510300,沪深300ETF,3.997,4.034,3.961,3.998,2455480,9816384.63
2023-05-05,511010,国债ETF,107.318,107.458,107.29,107.43,1665217,178893514.8
2023-05-08,159915,创业板ETF,2.525,2.593,2.423,2.49,802439,1997930.92
2023-05-08,510300,沪深300ETF,3.999,4.04,3.927,3.968,1655524,6568621.65
2023-05-08,511010,国债ETF,107.5,107.697,107.029,107.226,1786298,191537420.81
2023-05-09,159915,创业板ETF,2.484,2.523,2.454,2.492,952639,2374054.83
2023-05-09,510300,沪深300ETF,3.973,4.004,3.877,3.908,1725138,6742016.87
2023-05-09,511010,国债ETF,107.16,107.74,107.045,107.624,2423462,260822408.77
2023-05-10,159915,创业板ETF,2.498,2.554,2.362,2.415,2176973,5257980.85
2023-05-10,510300,沪深300ETF,3.912,3.97,3.874,3.932,2516563,9896020.9
2023-05-10,511010,国债ETF,107.643,107.94,107.277,107.574,1624678,174772647.88
2023-05-11,159915,创业板ETF,2.423,2.481,2.352,2.409,1343468,3236813.66
2023-05-11,510300,沪深300ETF,3.923,3.967,3.813,3.856,3892651,15010235.35
2023-05-11,511010,国债ETF,107.596,107.794,107.256,107.454,1478169,158835274.52
2023-05-12,159915,创业板ETF,2.409,2.431,2.312,2.334,1948927,4548621.18
2023-05-12,510300,沪深300ETF,3.862,3.888,3.778,3.804,1099359,4182232.81
2023-05-12,511010,国债ETF,107.496,107.685,107.354,107.543,1148808,123546706.77
2023-05-15,159915,创业板ETF,2.324,2.403,2.256,2.335,2211212,5163540.45
2023-05-15,510300,沪深300ETF,3.809,3.846,3.774,3.811,1669732,6362722.71
2023-05-15,511010,国债ETF,107.562,108.028,107.272,107.737,946943,102021158.68
2023-05-16,159915,创业板ETF,2.33,2.418,2.279,2.366,2048878,4848184.72
2023-05-16,510300,沪深300ETF,3.796,3.87,3.741,3.816,3479500,13276335.08
2023-05-16,511010,国债ETF,107.722,108.093,107.486,107.857,2636094,284321000.46
2023-05-17,159915,创业板ETF,2.365,2.431,2.328,2.394,1786816,4277984.93
2023-05-17,510300,沪深300ETF,3.82,3.858,3.767,3.805,932933,3550206.17
2023-05-17,511010,国债ETF,107.941,108.049,107.67,107.778,1519917,163813264.06
2023-05-18,159915,创业板ETF,2.387,2.421,2.355,2.389,1083505,2587995.92
2023-05-18,510300,沪深300ETF,3.805,3.861,3.795,3.851,2334239,8988902.47
2023-05-18,511010,国债ETF,107.743,108.253,107.472,107.981,1572057,169753051.57
2023-05-19,159915,创业板ETF,2.389,2.44,2.227,2.276,1904712,4334588.62
2023-05-19,510300,沪深300ETF,3.855,3.878,3.777,3.799,1268020,4817542.48
2023-05-19,511010,国债ETF,107.962,108.167,107.622,107.827,1858300,200373988.16
2023-05-22,159915,创业板ETF,2.275,2.322,2.21,2.257,1838461,4149052.36
2023-05-22,510300,沪深300ETF,3.788,3.814,3.725,3.75,1545329,5795750.78
2023-05-22,511010,国债ETF,107.83,108.144,107.603,107.917,1147463,123830947.68
2023-05-23,159915,创业板ETF,2.259,2.313,2.255,2.31,1962030,4531947.11
2023-05-23,510300,沪深300ETF,3.748,3.777,3.705,3.734,712175,2659224.77
2023-05-23,511010,国债ETF,107.919,108.186,107.601,107.869,2161321,233138667.12
2023-05-24,159915,创业板ETF,2.306,2.35,2.241,2.285,1749175,3996481.08
2023-05-24,510300,沪深300ETF,3.732,3.776,3.693,3.737,1235243,4616470.8
2023-05-24,511010,国债ETF,107.883,108.084,107.473,107.673,2554965,275100872.37
2023-05-25,159915,创业板ETF,2.29,2.34,2.259,2.308,2037906,4703339.07
2023-05-25,510300,沪深300ETF,3.725,3.748,3.701,3.724,639633,2382062.42
2023-05-25,511010,国债ETF,107.701,108.005,107.524,107.828,1422934,153432317.44
2023-05-26,159915,创业板ETF,2.324,2.357,2.248,2.281,1850840,4222457.33
2023-05-26,510300,沪深300ETF,3.73,3.867,3.672,3.807,2014102,7668342.16
2023-05-26,511010,国债ETF,107.872,108.078,107.733,107.939,941289,101601665.97
2023-05-29,159915,创业板ETF,2.275,2.353,2.27,2.348,2095358,4920205.38
2023-05-29,510300,沪深300ETF,3.804,3.838,3.75,3.783,1081674,4091756.03
2023-05-29,511010,国债ETF,107.949,108.176,107.604,107.831,2600821,280449620.78
2023-05-30,159915,创业板ETF,2.356,2.401,2.219,2.262,833681,1885626.72
2023-05-30,510300,沪深300ETF,3.787,3.854,3.744,3.81,2826466,10768878.35
2023-05-30,511010,国债ETF,107.847,108.021,107.539,107.714,327463,35272226.17
2023-05-31,159915,创业板ETF,2.254,2.302,2.194,2.242,1106640,2480807.36
2023-05-31,510300,沪深300ETF,3.8,3.823,3.763,3.786,1306403,4946302.59
2023-05-31,511010,国债ETF,107.663,107.804,107.605,107.746,2275557,245182210.85
2023-06-01,159915,创业板ETF,2.241,2.286,2.183,2.227,2212692,4928428.93
2023-06-01,510300,沪深300ETF,3.772,3.806,3.766,3.8,3980784,15128029.49
2023-06-01,511010,国债ETF,107.776,108.145,107.596,107.964,1720950,185801258.64
2023-06-02,159915,创业板ETF,2.208,2.292,2.166,2.249,1624943,3654133.66
2023-06-02,510300,沪深300ETF,3.788,3.832,3.739,3.782,2003288,7577387.92
2023-06-02,511010,国债ETF,107.991,108.408,107.863,108.28,1557945,168693766.49
2023-06-05,159915,创业板ETF,2.25,2.277,2.224,2.251,3157530,7107233.43
2023-06-05,510300,沪深300ETF,3.76,3.815,3.712,3.767,1001166,3771228.22
2023-06-05,511010,国债ETF,108.314,108.584,107.916,108.186,922200,99768949.89
2023-06-06,159915,创业板ETF,2.237,2.302,2.193,2.258,1013169,2287889.06
2023-06-06,510300,沪深300ETF,3.759,3.887,3.709,3.835,2000565,7672981.98
2023-06-06,511010,国债ETF,108.174,108.63,107.885,108.341,1492973,161750026.17
2023-06-07,159915,创业板ETF,2.241,2.269,2.141,2.168,2668824,5785360.51
2023-06-07,510300,沪深300ETF,3.84,3.875,3.787,3.822,1306893,4994817.79
2023-06-07,511010,国债ETF,108.238,108.77,108.047,108.578,2256418,244998380.83
2023-06-08,159915,创业板ETF,2.165,2.289,2.125,2.247,1683951,3784365.91
2023-06-08,510300,沪深300ETF,3.838,3.936,3.798,3.895,2786928,10856422.01
2023-06-08,511010,国债ETF,108.712,108.962,108.106,108.355,2998817,324937330.92
2023-06-09,159915,创业板ETF,2.266,2.31,2.213,2.256,2004616,4522316.08
2023-06-09,510300,沪深300ETF,3.908,3.934,3.84,3.865,1115508,4311009.0
2023-06-09,511010,国债ETF,108.371,108.508,108.21,108.348,2279921,247024243.83
2023-06-12,159915,创业板ETF,2.248,2.287,2.193,2.231,4194895,9358400.48
2023-06-12,510300,沪深300ETF,3.879,3.893,3.832,3.845,1300955,5002730.85
2023-06-12,511010,国债ETF,108.379,108.64,107.783,108.043,992360,107217930.4
2023-06-13,159915,创业板ETF,2.22,2.347,2.163,2.288,872328,1995707.06
2023-06-13,510300,沪深300ETF,3.86,3.932,3.822,3.893,1361265,5299877.04
2023-06-13,511010,国债ETF,107.915,108.167,107.781,108.033,1206263,130315626.78
2023-06-14,159915,创业板ETF,2.293,2.316,2.22,2.243,2849843,6391619.99
2023-06-14,510300,沪深300ETF,3.917,3.962,3.745,3.789,2074131,7859438.66
2023-06-14,511010,国债ETF,108.1,108.427,107.866,108.192,830219,89823413.94
2023-06-15,159915,创业板ETF,2.249,2.269,2.238,2.257,1757151,3966711.01
2023-06-15,510300,沪深300ETF,3.792,3.835,3.678,3.721,1158285,4309754.64
2023-06-15,511010,国债ETF,108.162,108.315,108.119,108.272,2133068,230952515.14
2023-06-16,159915,创业板ETF,2.238,2.35,2.188,2.299,723662,1663803.87
2023-06-16,510300,沪深300ETF,3.731,3.779,3.674,3.722,2273576,8462732.49
2023-06-16,511010,国债ETF,108.264,108.595,108.15,108.481,3984391,432230781.59
2023-06-19,159915,创业板ETF,2.312,2.36,2.284,2.332,1441363,3361380.19
2023-06-19,510300,沪深300ETF,3.73,3.793,3.68,3.742,1404792,5257382.95
2023-06-19,511010,国债ETF,108.435,108.703,108.246,108.513,2203043,239058789.83
2023-06-20,159915,创业板ETF,2.322,2.363,2.302,2.343,1561625,3659178.17
2023-06-20,510300,沪深300ETF,3.716,3.815,3.669,3.767,1465288,5519446.29
2023-06-20,511010,国债ETF,108.55,108.747,108.081,108.277,1224092,132541344.99
2023-06-21,159915,创业板ETF,2.32,2.386,2.275,2.34,875228,2048293.98
2023-06-21,510300,沪深300ETF,3.769,3.816,3.707,3.754,2279995,8559079.39
2023-06-21,511010,国债ETF,108.241,108.508,108.013,108.28,855708,92655682.3
2023-06-22,159915,创业板ETF,2.34,2.386,2.254,2.299,1760147,4046760.03
2023-06-22,510300,沪深300ETF,3.755,3.795,3.656,3.695,2164923,8000355.78
2023-06-22,511010,国债ETF,108.35,108.729,108.233,108.611,2136727,232072404.62
2023-06-23,159915,创业板ETF,2.303,2.329,2.288,2.314,1151587,2664725.46
2023-06-23,510300,沪深300ETF,3.7,3.758,3.672,3.73,1029609,3840640.61
2023-06-23,511010,国债ETF,108.652,108.76,108.252,108.36,3997010,433117233.35
2023-06-26,159915,创业板ETF,2.309,2.342,2.23,2.262,2492119,5637268.7
2023-06-26,510300,沪深300ETF,3.725,3.757,3.718,3.749,1376597,5161175.43
2023-06-26,511010,国债ETF,108.422,109.112,108.159,108.848,1860329,202493461.03
2023-06-27,159915,创业板ETF,2.261,2.357,2.211,2.307,436229,1006219.23
2023-06-27,510300,沪深300ETF,3.742,3.781,3.664,3.703,1124655,4164729.26
2023-06-27,511010,国债ETF,108.744,109.047,108.54,108.843,1128457,122824924.27
2023-06-28,159915,创业板ETF,2.324,2.413,2.256,2.344,1534355,3596183.3
2023-06-28,510300,沪深300ETF,3.698,3.763,3.643,3.707,718703,2664444.59
2023-06-28,511010,国债ETF,108.878,109.062,108.647,108.831,2183137,237594017.99
2023-06-29,159915,创业板ETF,2.337,2.377,2.306,2.346,2145584,5032677.24
2023-06-29,510300,沪深300ETF,3.715,3.827,3.672,3.783,1547709,5854977.77
2023-06-29,511010,国债ETF,108.78,108.997,108.43,108.647,3422828,371880325.46
2023-06-30,159915,创业板ETF,2.348,2.41,2.208,2.267,1651399,3744088.55
2023-06-30,510300,沪深300ETF,3.788,3.854,3.723,3.789,1025866,3886837.47
2023-06-30,511010,国债ETF,108.515,109.194,108.302,108.98,2403055,261884626.32
2023-07-03,159915,创业板ETF,2.276,2.341,2.23,2.295,2044807,4692892.96
2023-07-03,510300,沪深300ETF,3.805,3.853,3.693,3.74,3721912,13918830.04
2023-07-03,511010,国债ETF,109.018,109.213,108.112,108.306,2045533,221543837.17
2023-07-04,159915,创业板ETF,2.29,2.356,2.257,2.323,3008449,6988351.17
2023-07-04,510300,沪深300ETF,3.727,3.735,3.714,3.723,1134473,4223186.02
2023-07-04,511010,国债ETF,108.332,108.565,108.198,108.43,1496265,162240422.5
2023-07-05,159915,创业板ETF,2.316,2.328,2.267,2.279,495533,1129524.49
2023-07-05,510300,沪深300ETF,3.735,3.788,3.655,3.708,1862612,6906501.12
2023-07-05,511010,国债ETF,108.423,108.941,108.247,108.764,585417,63672340.83
2023-07-06,159915,创业板ETF,2.272,2.304,2.231,2.264,1949883,4414249.8
2023-07-06,510300,沪深300ETF,3.728,3.753,3.698,3.723,2758701,10269771.71
2023-07-06,511010,国债ETF,108.756,109.051,108.512,108.806,1607836,174942243.08
2023-07-07,159915,创业板ETF,2.257,2.305,2.223,2.271,5692302,12929058.31
2023-07-07,510300,沪深300ETF,3.714,3.798,3.677,3.761,2531422,9520590.07
2023-07-07,511010,国债ETF,108.754,109.128,108.505,108.879,2191756,238635273.2
2023-07-10,159915,创业板ETF,2.263,2.348,2.217,2.302,2241220,5158680.45
2023-07-10,510300,沪深300ETF,3.762,3.795,3.69,3.723,1606118,5978822.99
2023-07-10,511010,国债ETF,108.922,109.464,108.787,109.328,942343,103024802.56
2023-07-11,159915,创业板ETF,2.301,2.33,2.259,2.288,890526,2037417.67
2023-07-11,510300,沪深300ETF,3.706,3.744,3.658,3.696,1509299,5578582.02
2023-07-11,511010,国债ETF,109.37,109.492,108.943,109.065,2033442,221776984.1
2023-07-12,159915,创业板ETF,2.271,2.309,2.218,2.255,763790,1722710.16
2023-07-12,510300,沪深300ETF,3.668,3.801,3.606,3.739,863450,3228403.93
2023-07-12,511010,国债ETF,109.095,109.362,108.99,109.257,795022,86861484.01
2023-07-13,159915,创业板ETF,2.266,2.32,2.183,2.236,2584109,5778033.27
2023-07-13,510300,沪深300ETF,3.725,3.827,3.669,3.771,2959461,11158660.47
2023-07-13,511010,国债ETF,109.261,109.356,108.989,109.084,930600,101514031.4
2023-07-14,159915,创业板ETF,2.242,2.301,2.141,2.198,2363052,5194966.92
2023-07-14,510300,沪深300ETF,3.771,3.849,3.751,3.829,2450727,9382767.34
2023-07-14,511010,国债ETF,109.08,109.344,108.834,109.098,543482,59292548.77
2023-07-17,159915,创业板ETF,2.187,2.28,2.178,2.271,1532564,3480026.85
2023-07-17,510300,沪深300ETF,3.831,3.878,3.721,3.767,1847703,6960607.49
2023-07-17,511010,国债ETF,109.158,109.685,108.865,109.391,872957,95493717.72
2023-07-18,159915,创业板ETF,2.271,2.359,2.261,2.348,2478702,5820061.75
2023-07-18,510300,沪深300ETF,3.763,3.793,3.698,3.728,1601866,5971207.67
2023-07-18,511010,国债ETF,109.327,109.537,109.03,109.24,2439475,266488093.9
2023-07-19,159915,创业板ETF,2.344,2.372,2.238,2.264,554248,1255037.39
2023-07-19,510300,沪深300ETF,3.734,3.829,3.677,3.77,1969825,7426821.59
2023-07-19,511010,国债ETF,109.205,109.583,108.956,109.334,1744213,190701734.46
2023-07-20,159915,创业板ETF,2.272,2.31,2.212,2.249,1590547,3577829.22
2023-07-20,510300,沪深300ETF,3.774,3.837,3.668,3.731,3454842,12889996.15
2023-07-20,511010,国债ETF,109.307,109.46,108.96,109.113,1311323,143082649.85
2023-07-21,159915,创业板ETF,2.248,2.373,2.192,2.314,1972718,4565686.97
2023-07-21,510300,沪深300ETF,3.751,3.786,3.71,3.745,1137908,4261548.57
2023-07-21,511010,国债ETF,109.114,109.303,108.912,109.101,1066694,116377216.87
2023-07-24,159915,创业板ETF,2.31,2.376,2.308,2.374,653061,1550600.19
2023-07-24,510300,沪深300ETF,3.73,3.798,3.675,3.743,1876502,7024362.8
2023-07-24,511010,国债ETF,109.108,109.424,108.925,109.241,2467341,269533805.09
2023-07-25,159915,创业板ETF,2.384,2.483,2.363,2.461,905227,2227452.99
2023-07-25,510300,沪深300ETF,3.734,3.79,3.657,3.713,1863304,6917942.58
2023-07-25,511010,国债ETF,109.143,109.702,108.808,109.366,1338996,146440672.21
2023-07-26,159915,创业板ETF,2.453,2.562,2.41,2.518,2017967,5080890.11
2023-07-26,510300,沪深300ETF,3.706,3.827,3.655,3.775,1740169,6568501.15
2023-07-26,511010,国债ETF,109.375,109.601,109.077,109.303,2344543,256265564.85
2023-07-27,159915,创业板ETF,2.516,2.572,2.485,2.54,2995381,7607779.57
2023-07-27,510300,沪深300ETF,3.768,3.833,3.71,3.775,2861356,10800322.24
2023-07-27,511010,国债ETF,109.292,109.489,109.082,109.279,1800978,196809074.78
2023-07-28,159915,创业板ETF,2.553,2.606,2.503,2.555,3038335,7762402.07
2023-07-28,510300,沪深300ETF,3.769,3.81,3.713,3.754,1512539,5677646.93
2023-07-28,511010,国债ETF,109.249,109.547,109.039,109.337,927459,101405308.31
2023-07-31,159915,创业板ETF,2.54,2.669,2.494,2.621,1491437,3908499.03
2023-07-31,510300,沪深300ETF,3.779,3.827,3.7,3.748,1854257,6948908.35
2023-07-31,511010,国债ETF,109.332,109.415,109.193,109.276,1105202,120772549.37
2023-08-01,159915,创业板ETF,2.612,2.716,2.54,2.643,1208373,3193608.57
2023-08-01,510300,沪深300ETF,3.744,3.8,3.702,3.758,804621,3024156.16
2023-08-01,511010,国债ETF,109.271,109.48,108.94,109.149,1641079,179121891.0
2023-08-02,159915,创业板ETF,2.639,2.673,2.534,2.567,3603449,9249908.89
2023-08-02,510300,沪深300ETF,3.765,3.809,3.65,3.693,3238552,11961059.92
2023-08-02,511010,国债ETF,109.1,109.776,108.963,109.638,2063078,226192503.36
2023-08-03,159915,创业板ETF,2.596,2.632,2.538,2.575,1236635,3184268.27
2023-08-03,510300,沪深300ETF,3.678,3.72,3.617,3.658,1832205,6702786.56
2023-08-03,511010,国债ETF,109.567,110.028,109.245,109.704,1009866,110786638.33
2023-08-04,159915,创业板ETF,2.583,2.631,2.448,2.495,2243975,5598602.41
2023-08-04,510300,沪深300ETF,3.651,3.663,3.595,3.607,1085624,3915595.73
2023-08-04,511010,国债ETF,109.79,109.931,109.38,109.52,1651945,180921335.54
2023-08-07,159915,创业板ETF,2.51,2.57,2.473,2.533,1367223,3463360.59
2023-08-07,510300,沪深300ETF,3.615,3.654,3.486,3.523,2393249,8432185.48
2023-08-07,511010,国债ETF,109.574,110.4,109.399,110.224,2125219,234250517.43
2023-08-08,159915,创业板ETF,2.534,2.598,2.486,2.549,634294,1617076.61
2023-08-08,510300,沪深300ETF,3.533,3.617,3.479,3.563,2013387,7172824.62
2023-08-08,511010,国债ETF,110.29,110.626,110.072,110.407,1700117,187705332.11
2023-08-09,159915,创业板ETF,2.543,2.575,2.512,2.544,1983913,5047311.59
2023-08-09,510300,沪深300ETF,3.546,3.643,3.524,3.621,2306670,8351800.04
2023-08-09,511010,国债ETF,110.323,110.647,109.999,110.322,785899,86702259.54
2023-08-10,159915,创业板ETF,2.553,2.619,2.491,2.558,1008544,2579450.9
2023-08-10,510300,沪深300ETF,3.642,3.703,3.609,3.67,1730327,6349854.45
2023-08-10,511010,国债ETF,110.374,110.633,110.124,110.384,1111901,122735904.27
2023-08-11,159915,创业板ETF,2.571,2.621,2.432,2.48,1260873,3127565.81
2023-08-11,510300,沪深300ETF,3.674,3.676,3.596,3.598,3294472,11854260.11
2023-08-11,511010,国债ETF,110.336,110.457,110.192,110.312,2618192,288819112.84
2023-08-14,159915,创业板ETF,2.475,2.519,2.415,2.459,682960,1679153.5
2023-08-14,510300,沪深300ETF,3.59,3.659,3.547,3.615,1029798,3722541.43
2023-08-14,511010,国债ETF,110.34,110.93,110.021,110.611,2732798,302276369.52
2023-08-15,159915,创业板ETF,2.463,2.502,2.395,2.433,3078119,7489733.75
2023-08-15,510300,沪深300ETF,3.62,3.683,3.579,3.643,1209864,4407439.76
2023-08-15,511010,国债ETF,110.635,111.207,110.341,110.913,881005,97714766.43
2023-08-16,159915,创业板ETF,2.447,2.467,2.418,2.438,2845024,6936720.24
2023-08-16,510300,沪深300ETF,3.636,3.687,3.569,3.62,1401086,5072273.75
2023-08-16,511010,国债ETF,110.934,111.046,110.446,110.558,1166069,128917921.5
2023-08-17,159915,创业板ETF,2.442,2.486,2.386,2.43,1659179,4031260.41
2023-08-17,510300,沪深300ETF,3.605,3.714,3.546,3.654,1737786,6349857.64
2023-08-17,511010,国债ETF,110.595,110.726,110.191,110.321,2513239,277263952.36
2023-08-18,159915,创业板ETF,2.428,2.478,2.388,2.438,910827,2220707.52
2023-08-18,510300,沪深300ETF,3.656,3.683,3.582,3.609,1840903,6644051.91
2023-08-18,511010,国债ETF,110.345,110.541,110.164,110.36,2566749,283265424.43
2023-08-21,159915,创业板ETF,2.42,2.475,2.394,2.449,3546826,8684995.29
2023-08-21,510300,沪深300ETF,3.618,3.646,3.538,3.566,3175229,11324376.13
2023-08-21,511010,国债ETF,110.278,110.466,109.984,110.172,3119544,343685324.78
2023-08-22,159915,创业板ETF,2.456,2.505,2.341,2.389,1618002,3865251.01
2023-08-22,510300,沪深300ETF,3.577,3.623,3.489,3.534,3764710,13303912.17
2023-08-22,511010,国债ETF,110.202,110.254,110.096,110.149,1817911,200240282.4
2023-08-23,159915,创业板ETF,2.394,2.434,2.299,2.337,1413011,3302514.94
2023-08-23,510300,沪深300ETF,3.517,3.547,3.476,3.506,798814,2800567.67
2023-08-23,511010,国债ETF,110.18,110.378,109.945,110.142,1456536,160426283.04
2023-08-24,159915,创业板ETF,2.332,2.446,2.273,2.386,1112887,2654883.94
2023-08-24,510300,沪深300ETF,3.496,3.542,3.422,3.467,1950196,6761410.87
2023-08-24,511010,国债ETF,110.127,110.742,109.838,110.452,2206193,243678229.3
2023-08-25,159915,创业板ETF,2.383,2.434,2.3,2.35,1623860,3816117.34
2023-08-25,510300,沪深300ETF,3.465,3.519,3.451,3.505,738088,2586964.14
2023-08-25,511010,国债ETF,110.4,110.846,110.339,110.784,895207,99174736.05
2023-08-28,159915,创业板ETF,2.333,2.369,2.308,2.343,966007,2263746.52
2023-08-28,510300,沪深300ETF,3.516,3.548,3.431,3.464,1701489,5893449.36
2023-08-28,511010,国债ETF,110.791,111.177,110.635,111.021,2613667,290170663.04
2023-08-29,159915,创业板ETF,2.351,2.417,2.312,2.378,1418470,3372909.46
2023-08-29,510300,沪深300ETF,3.477,3.498,3.425,3.446,913383,3147688.79
2023-08-29,511010,国债ETF,110.954,111.25,110.515,110.811,2802167,310511605.11
2023-08-30,159915,创业板ETF,2.38,2.442,2.303,2.364,2191478,5180913.9
2023-08-30,510300,沪深300ETF,3.442,3.457,3.407,3.422,1760866,6025973.99
2023-08-30,511010,国债ETF,110.808,111.035,110.543,110.77,1003239,111128413.25
2023-08-31,159915,创业板ETF,2.355,2.501,2.314,2.459,1869633,4596742.77
2023-08-31,510300,沪深300ETF,3.41,3.546,3.373,3.508,1977709,6937332.74
2023-08-31,511010,国债ETF,110.797,111.033,110.416,110.652,1315672,145581372.16
2023-09-01,159915,创业板ETF,2.473,2.517,2.375,2.419,908530,2197556.74
2023-09-01,510300,沪深300ETF,3.513,3.534,3.452,3.473,1638887,5692150.21
2023-09-01,511010,国债ETF,110.69,111.0,110.392,110.702,2663616,294868520.02
2023-09-04,159915,创业板ETF,2.423,2.486,2.331,2.393,818547,1958593.81
2023-09-04,510300,沪深300ETF,3.468,3.52,3.441,3.492,644541,2250716.15
2023-09-04,511010,国债ETF,110.764,110.906,110.606,110.749,957208,106009382.12
2023-09-05,159915,创业板ETF,2.39,2.41,2.289,2.308,1409662,3253125.77
2023-09-05,510300,沪深300ETF,3.496,3.593,3.468,3.564,1339870,4775312.41
2023-09-05,511010,国债ETF,110.727,110.893,110.555,110.721,1813002,200736869.22
2023-09-06,159915,创业板ETF,2.331,2.366,2.309,2.343,1365058,3198675.95
2023-09-06,510300,沪深300ETF,3.575,3.578,3.515,3.518,1355218,4767221.22
2023-09-06,511010,国债ETF,110.755,111.148,110.529,110.922,2339502,259501204.14
2023-09-07,159915,创业板ETF,2.36,2.406,2.282,2.327,3089956,7191155.58
2023-09-07,510300,沪深300ETF,3.524,3.568,3.442,3.486,1447707,5046184.27
2023-09-07,511010,国债ETF,110.883,111.163,110.723,111.003,1034541,114836912.35
2023-09-08,159915,创业板ETF,2.337,2.392,2.298,2.353,2370518,5578990.36
2023-09-08,510300,沪深300ETF,3.476,3.514,3.434,3.473,845271,2935850.6
2023-09-08,511010,国债ETF,111.083,111.266,110.679,110.861,683761,75802645.75
2023-09-11,159915,创业板ETF,2.338,2.435,2.28,2.376,874465,2077435.04
2023-09-11,510300,沪深300ETF,3.461,3.498,3.386,3.423,1905956,6523690.17
2023-09-11,511010,国债ETF,110.896,111.061,110.847,111.012,2388094,265107403.75
2023-09-12,159915,创业板ETF,2.37,2.507,2.346,2.483,1745866,4334344.91
2023-09-12,510300,沪深300ETF,3.408,3.5,3.379,3.47,1550621,5381105.23
2023-09-12,511010,国债ETF,110.959,111.307,110.712,111.059,2198855,244202731.31
2023-09-13,159915,创业板ETF,2.479,2.532,2.455,2.508,2273338,5701166.8
2023-09-13,510300,沪深300ETF,3.478,3.531,3.4,3.452,1062588,3668505.92
2023-09-13,511010,国债ETF,111.002,111.283,110.864,111.144,3219633,357844038.31
2023-09-14,159915,创业板ETF,2.498,2.514,2.474,2.49,3677991,9157128.53
2023-09-14,510300,沪深300ETF,3.464,3.532,3.425,3.494,1464641,5116808.51
2023-09-14,511010,国债ETF,111.074,111.494,110.867,111.286,1215202,135234894.75
2023-09-15,159915,创业板ETF,2.49,2.54,2.42,2.47,1215882,3002951.69
2023-09-15,510300,沪深300ETF,3.483,3.535,3.463,3.515,1255405,4412481.43
2023-09-15,511010,国债ETF,111.253,111.51,110.992,111.249,1955298,217524927.15
2023-09-18,159915,创业板ETF,2.473,2.59,2.39,2.506,2121671,5316477.21
2023-09-18,510300,沪深300ETF,3.509,3.556,3.469,3.516,1218153,4283149.59
2023-09-18,511010,国债ETF,111.266,111.699,111.039,111.472,1922205,214271500.08
2023-09-19,159915,创业板ETF,2.511,2.563,2.371,2.422,1123812,2721645.18
2023-09-19,510300,沪深300ETF,3.506,3.605,3.456,3.554,1845204,6558309.82
2023-09-19,511010,国债ETF,111.479,111.714,111.129,111.364,1320336,147038263.17
2023-09-20,159915,创业板ETF,2.428,2.499,2.33,2.4,912481,2190311.02
2023-09-20,510300,沪深300ETF,3.553,3.586,3.509,3.543,1807832,6404765.2
2023-09-20,511010,国债ETF,111.398,112.032,111.286,111.919,900367,100768216.19
2023-09-21,159915,创业板ETF,2.386,2.421,2.301,2.335,982671,2294813.09
2023-09-21,510300,沪深300ETF,3.534,3.62,3.499,3.585,2015970,7227304.7
2023-09-21,511010,国债ETF,111.99,112.281,111.874,112.166,1044465,117153021.3
2023-09-22,159915,创业板ETF,2.338,2.362,2.272,2.295,2305687,5292375.59
2023-09-22,510300,沪深300ETF,3.576,3.618,3.492,3.534,1608507,5683938.13
2023-09-22,511010,国债ETF,112.268,112.637,112.063,112.431,1982210,222861305.62
2023-09-25,159915,创业板ETF,2.287,2.414,2.22,2.346,2185204,5125850.53
2023-09-25,510300,沪深300ETF,3.546,3.592,3.46,3.505,2473420,8669577.79
2023-09-25,511010,国债ETF,112.456,112.695,112.018,112.256,1426377,160119570.18
2023-09-26,159915,创业板ETF,2.348,2.388,2.268,2.308,1073661,2477881.92
2023-09-26,510300,沪深300ETF,3.514,3.594,3.473,3.553,489844,1740344.75
2023-09-26,511010,国债ETF,112.294,112.521,112.122,112.349,2129457,239241919.06
2023-09-27,159915,创业板ETF,2.325,2.366,2.25,2.289,741095,1696733.48
2023-09-27,510300,沪深300ETF,3.553,3.584,3.442,3.472,4997084,17348632.02
2023-09-27,511010,国债ETF,112.285,112.452,111.976,112.143,4510358,505802883.86
2023-09-28,159915,创业板ETF,2.302,2.373,2.255,2.325,1759910,4091027.06
2023-09-28,510300,沪深300ETF,3.483,3.534,3.439,3.491,1658036,5787569.27
2023-09-28,511010,国债ETF,112.001,112.164,111.809,111.973,1453201,162718584.19
2023-09-29,159915,创业板ETF,2.321,2.371,2.212,2.261,1115255,2521933.69
2023-09-29,510300,沪深300ETF,3.484,3.516,3.443,3.475,557812,1938552.6
2023-09-29,511010,国债ETF,111.994,112.31,111.818,112.134,2401264,269262531.67
2023-10-02,159915,创业板ETF,2.261,2.304,2.224,2.266,1320281,2992163.82
2023-10-02,510300,沪深300ETF,3.48,3.511,3.424,3.455,1310426,4527322.06
2023-10-02,511010,国债ETF,112.075,112.606,111.989,112.521,1042082,117255645.67
2023-10-03,159915,创业板ETF,2.28,2.326,2.174,2.218,968282,2147811.06
2023-10-03,510300,沪深300ETF,3.445,3.496,3.379,3.429,1946382,6673708.32
2023-10-03,511010,国债ETF,112.5,112.749,112.38,112.629,2219098,249935363.49
2023-10-04,159915,创业板ETF,2.236,2.269,2.194,2.226,1546868,3443912.6
2023-10-04,510300,沪深300ETF,3.421,3.509,3.391,3.478,2210090,7687649.03
2023-10-04,511010,国债ETF,112.653,113.049,112.398,112.794,2158477,243462487.26
2023-10-05,159915,创业板ETF,2.232,2.251,2.19,2.209,927724,2049005.75
2023-10-05,510300,沪深300ETF,3.488,3.511,3.397,3.421,881989,3017018.75
2023-10-05,511010,国债ETF,112.847,112.982,112.48,112.615,1251276,140912509.96
2023-10-06,159915,创业板ETF,2.219,2.293,2.176,2.249,1586374,3568397.07
2023-10-06,510300,沪深300ETF,3.408,3.494,3.367,3.453,1849986,6387800.21
2023-10-06,511010,国债ETF,112.522,112.706,111.953,112.136,1683054,188731397.74
2023-10-09,159915,创业板ETF,2.253,2.279,2.22,2.246,3173884,7129491.15
2023-10-09,510300,沪深300ETF,3.448,3.494,3.426,3.472,1747436,6066550.41
2023-10-09,511010,国债ETF,112.23,112.658,112.155,112.582,3082475,347031592.41
2023-10-10,159915,创业板ETF,2.253,2.31,2.209,2.266,1380409,3127516.34
2023-10-10,510300,沪深300ETF,3.459,3.509,3.406,3.456,801918,2771376.93
2023-10-10,511010,国债ETF,112.584,112.818,112.065,112.299,2553348,286737947.4
2023-10-11,159915,创业板ETF,2.263,2.344,2.245,2.326,1183838,2753050.23
2023-10-11,510300,沪深300ETF,3.443,3.489,3.407,3.453,983045,3394636.61
2023-10-11,511010,国债ETF,112.277,112.592,111.836,112.152,1620577,181750792.67
2023-10-12,159915,创业板ETF,2.332,2.357,2.298,2.323,1636912,3802016.75
2023-10-12,510300,沪深300ETF,3.453,3.529,3.405,3.481,1634099,5687925.05
2023-10-12,511010,国债ETF,112.211,112.397,111.965,112.152,2249440,252278787.62
2023-10-13,159915,创业板ETF,2.322,2.401,2.302,2.38,660515,1571828.03
2023-10-13,510300,沪深300ETF,3.481,3.515,3.424,3.459,554974,1919421.35
2023-10-13,511010,国债ETF,112.204,112.318,111.597,111.711,1431713,159937916.63
2023-10-16,159915,创业板ETF,2.375,2.463,2.323,2.411,534147,1287832.03
2023-10-16,510300,沪深300ETF,3.443,3.463,3.381,3.402,1828344,6219629.86
2023-10-16,511010,国债ETF,111.714,111.92,111.145,111.35,1351927,150537734.49
2023-10-17,159915,创业板ETF,2.397,2.499,2.351,2.452,1116346,2737366.81
2023-10-17,510300,沪深300ETF,3.422,3.425,3.41,3.413,1893725,6463220.66
2023-10-17,511010,国债ETF,111.378,111.565,111.174,111.361,2944188,327866479.71
2023-10-18,159915,创业板ETF,2.447,2.475,2.394,2.421,1293475,3131640.93
2023-10-18,510300,沪深300ETF,3.427,3.449,3.36,3.382,1562154,5283106.01
2023-10-18,511010,国债ETF,111.311,111.6,110.836,111.124,1271938,141343415.34
2023-10-19,159915,创业板ETF,2.421,2.468,2.384,2.431,1002294,2436690.01
2023-10-19,510300,沪深300ETF,3.372,3.42,3.319,3.367,841507,2833531.24
2023-10-19,511010,国债ETF,111.12,111.374,110.809,111.063,1562944,173584518.84
2023-10-20,159915,创业板ETF,2.432,2.478,2.393,2.438,877137,2138813.29
2023-10-20,510300,沪深300ETF,3.37,3.397,3.343,3.37,1601409,5396367.52
2023-10-20,511010,国债ETF,111.062,111.477,110.816,111.23,1169661,130101683.45
2023-10-23,159915,创业板ETF,2.453,2.542,2.384,2.472,1173339,2900552.72
2023-10-23,510300,沪深300ETF,3.37,3.443,3.326,3.398,4221510,14343901.9
2023-10-23,511010,国债ETF,111.279,111.478,111.058,111.256,1482524,164940152.06
2023-10-24,159915,创业板ETF,2.468,2.556,2.436,2.524,1052819,2656855.74
2023-10-24,510300,沪深300ETF,3.391,3.516,3.343,3.467,1236030,4285340.33
2023-10-24,511010,国债ETF,111.233,111.571,110.905,111.244,3364064,374230282.06
2023-10-25,159915,创业板ETF,2.525,2.594,2.502,2.571,867845,2231107.84
2023-10-25,510300,沪深300ETF,3.453,3.493,3.441,3.481,1284172,4469862.28
2023-10-25,511010,国债ETF,111.222,111.441,111.104,111.323,1828520,203556066.39
2023-10-26,159915,创业板ETF,2.562,2.651,2.514,2.601,2417374,6288001.64
2023-10-26,510300,沪深300ETF,3.48,3.514,3.451,3.486,1602699,5586644.85
2023-10-26,511010,国债ETF,111.189,111.267,110.845,110.923,773548,85804096.06
2023-10-27,159915,创业板ETF,2.616,2.624,2.569,2.578,1867090,4812466.95
2023-10-27,510300,沪深300ETF,3.483,3.551,3.45,3.518,2666247,9379779.51
2023-10-27,511010,国债ETF,111.001,111.235,110.587,110.82,1539516,170609762.97
2023-10-30,159915,创业板ETF,2.602,2.648,2.512,2.557,908340,2322594.43
2023-10-30,510300,沪深300ETF,3.529,3.584,3.475,3.53,1900115,6706801.63
2023-10-30,511010,国债ETF,110.758,111.455,110.614,111.31,1009117,112325092.82
2023-10-31,159915,创业板ETF,2.57,2.621,2.53,2.581,1413876,3649619.8
2023-10-31,510300,沪深300ETF,3.53,3.586,3.41,3.465,1775427,6152297.99
2023-10-31,511010,国债ETF,111.288,111.845,111.012,111.569,2103291,234662039.98
2023-11-01,159915,创业板ETF,2.58,2.586,2.524,2.53,1160579,2935963.51
2023-11-01,510300,沪深300ETF,3.454,3.478,3.419,3.443,1482583,5104483.7
2023-11-01,511010,国债ETF,111.598,111.626,111.484,111.512,821336,91588809.4
2023-11-02,159915,创业板ETF,2.526,2.546,2.495,2.516,2226598,5601340.67
2023-11-02,510300,沪深300ETF,3.435,3.478,3.355,3.397,1157620,3932373.5
2023-11-02,511010,国债ETF,111.508,111.544,111.101,111.137,1571235,174621773.79
2023-11-03,159915,创业板ETF,2.51,2.568,2.453,2.512,2429569,6103391.47
2023-11-03,510300,沪深300ETF,3.396,3.462,3.358,3.424,702481,2405079.23
2023-11-03,511010,国债ETF,111.235,111.515,110.767,111.047,1448130,160810704.08
2023-11-06,159915,创业板ETF,2.504,2.59,2.449,2.534,584826,1482071.78
2023-11-06,510300,沪深300ETF,3.432,3.492,3.413,3.473,2047912,7111602.82
2023-11-06,511010,国债ETF,111.127,111.477,110.803,111.153,1691568,188022695.21
2023-11-07,159915,创业板ETF,2.539,2.615,2.486,2.562,632751,1620877.71
2023-11-07,510300,沪深300ETF,3.46,3.536,3.411,3.487,1168125,4073102.96
2023-11-07,511010,国债ETF,111.011,111.218,110.714,110.922,1973904,218948817.94
2023-11-08,159915,创业板ETF,2.55,2.574,2.486,2.51,2532877,6357292.33
2023-11-08,510300,沪深300ETF,3.488,3.546,3.392,3.448,1361997,4696371.95
2023-11-08,511010,国债ETF,110.922,111.574,110.655,111.306,2815779,313413035.26
2023-11-09,159915,创业板ETF,2.511,2.58,2.473,2.541,1176525,2989481.36
2023-11-09,510300,沪深300ETF,3.46,3.499,3.44,3.479,816078,2839380.03
2023-11-09,511010,国债ETF,111.296,111.521,110.875,111.1,3415836,379500462.32
2023-11-10,159915,创业板ETF,2.537,2.556,2.438,2.457,676347,1661538.84
2023-11-10,510300,沪深300ETF,3.464,3.507,3.401,3.443,1181717,4068931.41
2023-11-10,511010,国债ETF,111.021,111.184,110.856,111.018,3554341,394597480.51
2023-11-13,159915,创业板ETF,2.47,2.524,2.376,2.429,1519814,3692307.32
2023-11-13,510300,沪深300ETF,3.456,3.481,3.429,3.453,1531095,5287585.55
2023-11-13,511010,国债ETF,110.974,111.202,110.753,110.981,1644710,182531519.14
2023-11-14,159915,创业板ETF,2.427,2.49,2.408,2.471,1566031,3869562.6
2023-11-14,510300,沪深300ETF,3.447,3.495,3.361,3.409,1737894,5924131.5
2023-11-14,511010,国债ETF,110.951,111.282,110.744,111.074,745976,82858907.56
2023-11-15,159915,创业板ETF,2.475,2.517,2.417,2.459,1074072,2640795.48
2023-11-15,510300,沪深300ETF,3.407,3.455,3.311,3.358,1794017,6023924.77
2023-11-15,511010,国债ETF,111.096,111.163,110.957,111.024,1375272,152688388.4
2023-11-16,159915,创业板ETF,2.466,2.529,2.416,2.478,1356094,3361028.24
2023-11-16,510300,沪深300ETF,3.352,3.38,3.279,3.307,617245,2041170.94
2023-11-16,511010,国债ETF,111.077,111.76,110.943,111.625,1881805,210056004.39
2023-11-17,159915,创业板ETF,2.463,2.657,2.402,2.593,2297512,5958270.68
2023-11-17,510300,沪深300ETF,3.31,3.34,3.278,3.308,1491478,4934002.64
2023-11-17,511010,国债ETF,111.646,111.86,111.06,111.272,1730017,192502795.41
2023-11-20,159915,创业板ETF,2.572,2.632,2.524,2.584,1606448,4151709.04
2023-11-20,510300,沪深300ETF,3.312,3.365,3.232,3.285,2264252,7437442.91
2023-11-20,511010,国债ETF,111.306,111.638,111.076,111.408,1432380,159578805.0
2023-11-21,159915,创业板ETF,2.576,2.637,2.516,2.577,3075408,7924309.62
2023-11-21,510300,沪深300ETF,3.289,3.331,3.259,3.301,2464119,8134365.09
2023-11-21,511010,国债ETF,111.511,111.799,111.237,111.525,1212391,135212165.96
2023-11-22,159915,创业板ETF,2.578,2.636,2.427,2.482,4189309,10399533.95
2023-11-22,510300,沪深300ETF,3.327,3.373,3.21,3.255,3012693,9805907.06
2023-11-22,511010,国债ETF,111.473,111.698,110.988,111.214,1545016,171826744.39
2023-11-23,159915,创业板ETF,2.473,2.53,2.442,2.498,2033497,5080073.73
2023-11-23,510300,沪深300ETF,3.231,3.283,3.221,3.273,1348773,4414606.49
2023-11-23,511010,国债ETF,111.195,111.368,110.928,111.1,989580,109942420.86
2023-11-24,159915,创业板ETF,2.513,2.588,2.489,2.564,723592,1855163.12
2023-11-24,510300,沪深300ETF,3.268,3.281,3.238,3.251,2150223,6991278.37
2023-11-24,511010,国债ETF,111.099,111.275,110.684,110.859,1213620,134540681.83
2023-11-27,159915,创业板ETF,2.552,2.598,2.528,2.574,983703,2532033.13
2023-11-27,510300,沪深300ETF,3.238,3.343,3.193,3.297,1600119,5275789.36
2023-11-27,511010,国债ETF,110.861,111.078,110.393,110.609,851419,94174998.85
2023-11-28,159915,创业板ETF,2.573,2.623,2.529,2.579,1329498,3428374.47
2023-11-28,510300,沪深300ETF,3.294,3.371,3.259,3.335,1877658,6261831.27
2023-11-28,511010,国债ETF,110.638,110.885,110.376,110.623,619914,68576881.78
2023-11-29,159915,创业板ETF,2.583,2.722,2.582,2.721,1460425,3973560.7
2023-11-29,510300,沪深300ETF,3.327,3.356,3.299,3.328,2399993,7986194.81
2023-11-29,511010,国债ETF,110.646,111.155,110.391,110.9,2253260,249885497.96
2023-11-30,159915,创业板ETF,2.705,2.82,2.616,2.73,1091627,2979996.57
2023-11-30,510300,沪深300ETF,3.324,3.35,3.306,3.332,1364974,4548306.88
2023-11-30,511010,国债ETF,110.981,111.167,110.528,110.714,1799315,199209033.97
2023-12-01,159915,创业板ETF,2.718,2.795,2.663,2.739,1064893,2916558.8
2023-12-01,510300,沪深300ETF,3.331,3.377,3.296,3.342,685585,2291018.49
2023-12-01,511010,国债ETF,110.666,110.943,110.52,110.797,730009,80882697.06
2023-12-04,159915,创业板ETF,2.728,2.798,2.676,2.745,1249044,3428977.63
2023-12-04,510300,沪深300ETF,3.335,3.374,3.32,3.359,1021453,3431463.04
2023-12-04,511010,国债ETF,110.824,111.12,110.428,110.724,1591867,176257799.66
2023-12-05,159915,创业板ETF,2.77,2.811,2.657,2.697,2019807,5446804.49
2023-12-05,510300,沪深300ETF,3.368,3.398,3.32,3.35,1032170,3457644.15
2023-12-05,511010,国债ETF,110.776,110.905,110.223,110.351,1609206,177577415.78
2023-12-06,159915,创业板ETF,2.703,2.781,2.657,2.735,1881296,5144883.28
2023-12-06,510300,沪深300ETF,3.335,3.432,3.295,3.391,1274555,4322151.53
2023-12-06,511010,国债ETF,110.309,110.608,109.936,110.234,801192,88318611.67
2023-12-07,159915,创业板ETF,2.719,2.862,2.659,2.8,2139023,5989562.09
2023-12-07,510300,沪深300ETF,3.385,3.414,3.344,3.373,1087337,3667370.3
2023-12-07,511010,国债ETF,110.296,110.543,109.932,110.179,1004623,110688641.72
2023-12-08,159915,创业板ETF,2.801,2.901,2.757,2.857,1954739,5584434.43
2023-12-08,510300,沪深300ETF,3.372,3.384,3.291,3.303,1825125,6027879.39
2023-12-08,511010,国债ETF,110.138,111.065,109.754,110.68,1031142,114126372.91
2023-12-11,159915,创业板ETF,2.87,2.932,2.84,2.902,857231,2487489.75
2023-12-11,510300,沪深300ETF,3.315,3.325,3.302,3.312,3821328,12657308.08
2023-12-11,511010,国债ETF,110.663,110.857,110.505,110.699,3601559,398689036.82
2023-12-12,159915,创业板ETF,2.876,2.948,2.792,2.865,1804867,5170236.01
2023-12-12,510300,沪深300ETF,3.299,3.334,3.274,3.309,3744538,12390408.84
2023-12-12,511010,国债ETF,110.664,110.785,110.498,110.62,1162240,128566916.74
2023-12-13,159915,创业板ETF,2.885,2.924,2.803,2.842,1247162,3544000.21
2023-12-13,510300,沪深300ETF,3.297,3.343,3.294,3.34,3182282,10628718.25
2023-12-13,511010,国债ETF,110.65,110.87,110.484,110.704,1091516,120834811.09
2023-12-14,159915,创业板ETF,2.828,3.053,2.77,2.991,2213722,6620754.42
2023-12-14,510300,沪深300ETF,3.344,3.404,3.303,3.363,830822,2793673.26
2023-12-14,511010,国债ETF,110.782,111.013,110.686,110.917,1733149,192235168.93
2023-12-15,159915,创业板ETF,2.994,3.043,2.878,2.926,2886734,8447227.85
2023-12-15,510300,沪深300ETF,3.363,3.39,3.34,3.368,2482148,8359726.21
2023-12-15,511010,国债ETF,110.882,111.146,110.651,110.914,1874827,207944182.58
2023-12-18,159915,创业板ETF,2.913,2.949,2.82,2.855,940457,2685191.82
2023-12-18,510300,沪深300ETF,3.354,3.396,3.33,3.373,1017023,3429934.78
2023-12-18,511010,国债ETF,111.009,111.288,110.757,111.036,900984,100041890.12
2023-12-19,159915,创业板ETF,2.851,2.857,2.848,2.854,1405939,4012880.9
2023-12-19,510300,沪深300ETF,3.383,3.41,3.351,3.378,460957,1557037.34
2023-12-19,511010,国债ETF,110.991,111.118,110.335,110.462,657184,72593562.7
2023-12-20,159915,创业板ETF,2.838,2.907,2.712,2.779,1484883,4126525.42
2023-12-20,510300,沪深300ETF,3.38,3.402,3.333,3.354,1398089,4689236.17
2023-12-20,511010,国债ETF,110.449,110.659,110.042,110.251,612631,67543280.06
2023-12-21,159915,创业板ETF,2.755,2.779,2.694,2.719,3048294,8287744.71
2023-12-21,510300,沪深300ETF,3.35,3.399,3.262,3.31,813521,2692763.53
2023-12-21,511010,国债ETF,110.297,110.439,109.876,110.017,1044193,114879396.14
2023-12-22,159915,创业板ETF,2.713,2.764,2.599,2.649,1375853,3644074.21
2023-12-22,510300,沪深300ETF,3.306,3.329,3.258,3.281,1181050,3874843.55
2023-12-22,511010,国债ETF,110.028,110.15,109.845,109.967,725739,79807056.35
2023-12-25,159915,创业板ETF,2.655,2.686,2.563,2.594,1861767,4829076.02
2023-12-25,510300,沪深300ETF,3.281,3.297,3.263,3.278,2578464,8452571.58
2023-12-25,511010,国债ETF,110.019,110.133,109.832,109.946,1066275,117232294.43
2023-12-26,159915,创业板ETF,2.591,2.651,2.525,2.584,1950615,5040791.61
2023-12-26,510300,沪深300ETF,3.274,3.319,3.155,3.198,813625,2602004.62
2023-12-26,511010,国债ETF,109.836,110.311,109.529,110.003,2564088,282058400.75
2023-12-27,159915,创业板ETF,2.605,2.666,2.558,2.619,1405580,3680779.83
2023-12-27,510300,沪深300ETF,3.201,3.222,3.162,3.183,724198,2305354.56
2023-12-27,511010,国债ETF,110.014,110.258,109.719,109.963,1531200,168374904.02
2023-12-28,159915,创业板ETF,2.621,2.646,2.601,2.625,1028632,2700450.95
2023-12-28,510300,沪深300ETF,3.186,3.234,3.102,3.15,2933332,9239081.97
2023-12-28,511010,国债ETF,109.899,110.099,109.759,109.959,1151899,126661236.24
2023-12-29,159915,创业板ETF,2.631,2.701,2.593,2.662,1387307,3693088.03
2023-12-29,510300,沪深300ETF,3.14,3.186,3.101,3.147,1282428,4036059.29
2023-12-29,511010,国债ETF,110.009,110.26,109.599,109.85,1095325,120321346.43
2024-01-01,159915,创业板ETF,2.676,2.749,2.57,2.643,753607,1991860.44
2024-01-01,510300,沪深300ETF,3.133,3.157,3.096,3.12,1775750,5539856.63
2024-01-01,511010,国债ETF,109.785,110.168,109.576,109.959,1688233,185636942.81
2024-01-02,159915,创业板ETF,2.653,2.704,2.471,2.519,1278098,3219538.36
2024-01-02,510300,沪深300ETF,3.134,3.164,3.092,3.122,886192,2767070.82
2024-01-02,511010,国债ETF,109.984,110.087,109.779,109.882,1780447,195639849.65
2024-01-03,159915,创业板ETF,2.512,2.577,2.419,2.484,3859935,9587282.66
2024-01-03,510300,沪深300ETF,3.117,3.134,3.098,3.115,1206078,3757128.65
2024-01-03,511010,国债ETF,109.843,110.088,109.279,109.523,1034313,113280739.56
2024-01-04,159915,创业板ETF,2.484,2.529,2.363,2.407,1256693,3025435.01
2024-01-04,510300,沪深300ETF,3.13,3.177,3.114,3.16,4387944,13867928.34
2024-01-04,511010,国债ETF,109.592,110.008,109.279,109.694,499562,54799156.42
2024-01-05,159915,创业板ETF,2.397,2.485,2.33,2.417,1093900,2644176.78
2024-01-05,510300,沪深300ETF,3.161,3.205,3.106,3.149,1678068,5284433.98
2024-01-05,511010,国债ETF,109.629,109.794,109.425,109.59,1665103,182478274.44
2024-01-08,159915,创业板ETF,2.423,2.464,2.398,2.439,1463708,3570710.27
2024-01-08,510300,沪深300ETF,3.125,3.167,3.1,3.141,1036147,3254805.68
2024-01-08,511010,国债ETF,109.541,110.06,109.268,109.787,1491637,163762043.32
2024-01-09,159915,创业板ETF,2.433,2.486,2.36,2.412,1869338,4509763.64
2024-01-09,510300,沪深300ETF,3.143,3.171,3.115,3.143,487200,1531130.26
2024-01-09,511010,国债ETF,109.768,109.887,109.623,109.742,858178,94177759.23
2024-01-10,159915,创业板ETF,2.404,2.447,2.362,2.405,934174,2247122.33
2024-01-10,510300,沪深300ETF,3.135,3.159,3.058,3.081,1799513,5544387.13
2024-01-10,511010,国债ETF,109.75,109.908,109.492,109.65,1865236,204523344.83
2024-01-11,159915,创业板ETF,2.414,2.469,2.377,2.431,1873331,4554818.83
2024-01-11,510300,沪深300ETF,3.061,3.092,3.015,3.045,1333549,4061286.68
2024-01-11,511010,国债ETF,109.602,109.923,109.206,109.527,884002,96822002.05
2024-01-12,159915,创业板ETF,2.423,2.506,2.401,2.483,2393222,5942203.73
2024-01-12,510300,沪深300ETF,3.045,3.121,3.019,3.095,3348129,10360871.27
2024-01-12,511010,国债ETF,109.462,109.74,108.857,109.134,530665,57913516.63
2024-01-15,159915,创业板ETF,2.493,2.501,2.442,2.449,633000,1550286.75
2024-01-15,510300,沪深300ETF,3.084,3.143,3.054,3.113,1623746,5054262.46
2024-01-15,511010,国债ETF,109.145,109.473,108.924,109.252,1807606,197485087.86
2024-01-16,159915,创业板ETF,2.444,2.535,2.399,2.489,2747180,6838870.81
2024-01-16,510300,沪深300ETF,3.11,3.147,3.08,3.116,478131,1489935.25
2024-01-16,511010,国债ETF,109.253,109.837,109.121,109.704,1021410,112053067.72
2024-01-17,159915,创业板ETF,2.499,2.544,2.422,2.466,981543,2420974.77
2024-01-17,510300,沪深300ETF,3.126,3.201,3.08,3.154,1956270,6170128.85
2024-01-17,511010,国债ETF,109.657,109.954,109.262,109.559,1501391,164491212.39
2024-01-18,159915,创业板ETF,2.468,2.522,2.451,2.505,1584563,3968891.89
2024-01-18,510300,沪深300ETF,3.161,3.185,3.124,3.148,1008473,3175022.58
2024-01-18,511010,国债ETF,109.564,109.833,109.314,109.583,3648148,399774908.46
2024-01-19,159915,创业板ETF,2.487,2.52,2.355,2.387,2654805,6336352.74
2024-01-19,510300,沪深300ETF,3.148,3.178,3.111,3.14,1182896,3714642.47
2024-01-19,511010,国债ETF,109.618,109.829,109.286,109.496,4923695,539125820.19
2024-01-22,159915,创业板ETF,2.376,2.415,2.329,2.368,1879096,4449101.03
2024-01-22,510300,沪深300ETF,3.141,3.173,3.098,3.13,712846,2231507.96
2024-01-22,511010,国债ETF,109.439,109.701,108.947,109.209,3444120,376129892.29
2024-01-23,159915,创业板ETF,2.372,2.427,2.327,2.382,678306,1615952.14
2024-01-23,510300,沪深300ETF,3.131,3.15,3.052,3.07,2384321,7320851.48
2024-01-23,511010,国债ETF,109.137,109.321,108.755,108.938,1164306,126837665.13
2024-01-24,159915,创业板ETF,2.38,2.41,2.299,2.328,2294558,5341552.4
2024-01-24,510300,沪深300ETF,3.064,3.139,3.028,3.103,1163923,3611482.58
2024-01-24,511010,国债ETF,108.96,109.321,108.744,109.105,3561965,388627832.93
2024-01-25,159915,创业板ETF,2.338,2.37,2.194,2.223,1329491,2955773.82
2024-01-25,510300,沪深300ETF,3.093,3.126,3.065,3.097,1981808,6137581.56
2024-01-25,511010,国债ETF,109.119,109.442,108.918,109.241,2482978,271244044.8
2024-01-26,159915,创业板ETF,2.244,2.284,2.135,2.174,2501988,5439634.43
2024-01-26,510300,沪深300ETF,3.092,3.118,3.069,3.094,2992744,9260487.76
2024-01-26,511010,国债ETF,109.269,109.391,108.945,109.067,2563387,279580252.21
2024-01-29,159915,创业板ETF,2.174,2.21,2.127,2.162,1849634,3999309.63
2024-01-29,510300,沪深300ETF,3.095,3.116,3.063,3.084,865003,2667248.03
2024-01-29,511010,国债ETF,109.054,109.398,108.89,109.234,956278,104458296.87
2024-01-30,159915,创业板ETF,2.146,2.196,2.128,2.178,1309524,2852073.36
2024-01-30,510300,沪深300ETF,3.076,3.105,3.034,3.063,1991618,6099533.56
2024-01-30,511010,国债ETF,109.235,109.446,108.877,109.087,1077717,117565151.0
2024-01-31,159915,创业板ETF,2.181,2.245,2.138,2.201,2758431,6070657.8
2024-01-31,510300,沪深300ETF,3.06,3.092,2.956,2.988,1476776,4412564.96
2024-01-31,511010,国债ETF,109.123,109.335,108.696,108.907,1169971,127417586.64
2024-02-01,159915,创业板ETF,2.211,2.24,2.17,2.199,1813922,3988148.5
2024-02-01,510300,沪深300ETF,2.987,3.027,2.953,2.993,480692,1438942.9
2024-02-01,511010,国债ETF,108.866,109.165,108.452,108.751,1209324,131514752.73
2024-02-02,159915,创业板ETF,2.204,2.245,2.098,2.138,2929775,6263639.76
2024-02-02,510300,沪深300ETF,2.985,3.105,2.947,3.067,618220,1895907.43
2024-02-02,511010,国债ETF,108.781,109.227,108.577,109.022,1447604,157820459.93
2024-02-05,159915,创业板ETF,2.143,2.183,2.055,2.095,911811,1909872.11
2024-02-05,510300,沪深300ETF,3.075,3.127,3.049,3.101,3126722,9695321.61
2024-02-05,511010,国债ETF,109.026,109.304,108.834,109.112,935140,102034874.93
2024-02-06,159915,创业板ETF,2.097,2.155,2.055,2.113,1570584,3317970.8
2024-02-06,510300,沪深300ETF,3.111,3.158,3.045,3.092,1976291,6109777.11
2024-02-06,511010,国债ETF,109.127,109.308,108.801,108.981,1200739,130857953.53
2024-02-07,159915,创业板ETF,2.106,2.172,2.081,2.147,2808195,6028480.52
2024-02-07,510300,沪深300ETF,3.092,3.124,3.029,3.061,1870952,5726612.69
2024-02-07,511010,国债ETF,108.962,109.317,108.839,109.194,2471770,269901952.41
2024-02-08,159915,创业板ETF,2.149,2.183,2.116,2.15,1343161,2887704.61
2024-02-08,510300,沪深300ETF,3.052,3.105,3.009,3.062,2535816,7765220.43
2024-02-08,511010,国债ETF,109.303,109.52,109.112,109.329,1885489,206137946.43
2024-02-09,159915,创业板ETF,2.147,2.274,2.1,2.225,945008,2102834.43
2024-02-09,510300,沪深300ETF,3.045,3.102,3.018,3.075,3121188,9598558.81
2024-02-09,511010,国债ETF,109.317,109.58,108.968,109.231,1216919,132924880.95
2024-02-12,159915,创业板ETF,2.226,2.229,2.196,2.2,749935,1649645.82
2024-02-12,510300,沪深300ETF,3.053,3.115,3.009,3.072,1310194,4024621.79
2024-02-12,511010,国债ETF,109.237,109.316,108.72,108.798,1600253,174105034.67
2024-02-13,159915,创业板ETF,2.197,2.224,2.171,2.198,851686,1872142.63
2024-02-13,510300,沪深300ETF,3.081,3.132,3.05,3.101,2563615,7948861.26
2024-02-13,511010,国债ETF,108.798,108.989,108.35,108.541,3356966,364369619.59
2024-02-14,159915,创业板ETF,2.202,2.213,2.194,2.205,965367,2128934.56
2024-02-14,510300,沪深300ETF,3.102,3.124,3.047,3.069,1072834,3292375.64
2024-02-14,511010,国债ETF,108.522,108.779,108.043,108.299,1793348,194217684.33
2024-02-15,159915,创业板ETF,2.193,2.227,2.162,2.196,1647080,3616671.29
2024-02-15,510300,沪深300ETF,3.063,3.132,3.037,3.106,3021767,9384616.8
2024-02-15,511010,国债ETF,108.272,108.675,107.941,108.344,1542221,167090540.09
2024-02-16,159915,创业板ETF,2.204,2.236,2.112,2.143,2617767,5609522.35
2024-02-16,510300,沪深300ETF,3.092,3.145,3.058,3.112,633579,1971403.83
2024-02-16,511010,国债ETF,108.349,108.671,108.04,108.363,910738,98689915.15
2024-02-19,159915,创业板ETF,2.162,2.205,2.048,2.09,1665278,3480815.3
2024-02-19,510300,沪深300ETF,3.109,3.12,3.082,3.093,1701270,5262628.1
2024-02-19,511010,国债ETF,108.278,108.697,108.077,108.495,1900984,206247493.9
2024-02-20,159915,创业板ETF,2.074,2.142,2.023,2.091,1359338,2842650.53
2024-02-20,510300,沪深300ETF,3.101,3.134,3.051,3.084,787776,2429714.37
2024-02-20,511010,国债ETF,108.546,108.695,108.138,108.287,989306,107128677.24
2024-02-21,159915,创业板ETF,2.08,2.137,2.051,2.107,1173407,2472264.98
2024-02-21,510300,沪深300ETF,3.086,3.104,3.079,3.097,1650902,5112240.38
2024-02-21,511010,国债ETF,108.388,108.558,107.943,108.113,1120354,121124305.73
2024-02-22,159915,创业板ETF,2.116,2.231,2.063,2.176,1459886,3177148.95
2024-02-22,510300,沪深300ETF,3.087,3.156,3.054,3.123,1271482,3971184.34
2024-02-22,511010,国债ETF,108.203,108.797,108.044,108.636,1258096,136675141.62
2024-02-23,159915,创业板ETF,2.169,2.199,2.148,2.178,1954356,4257375.45
2024-02-23,510300,沪深300ETF,3.149,3.17,3.105,3.126,1474482,4609709.51
2024-02-23,511010,国债ETF,108.675,109.01,108.456,108.79,1155290,125684186.09
2024-02-26,159915,创业板ETF,2.178,2.219,2.033,2.072,3303956,6846828.2
2024-02-26,510300,沪深300ETF,3.13,3.163,3.114,3.147,1463559,4605770.32
2024-02-26,511010,国债ETF,108.846,109.391,108.655,109.199,1205570,131647222.32
2024-02-27,159915,创业板ETF,2.072,2.115,1.977,2.02,2463279,4975374.81
2024-02-27,510300,沪深300ETF,3.135,3.257,3.111,3.232,1311737,4239349.27
2024-02-27,511010,国债ETF,109.288,109.361,109.176,109.249,1425264,155709136.72
2024-02-28,159915,创业板ETF,2.02,2.068,1.914,1.96,2090198,4096775.58
2024-02-28,510300,沪深300ETF,3.234,3.282,3.128,3.175,1185970,3765085.84
2024-02-28,511010,国债ETF,109.357,109.519,109.084,109.246,3095964,338221889.63
2024-02-29,159915,创业板ETF,1.931,1.934,1.923,1.927,2803597,5401256.7
2024-02-29,510300,沪深300ETF,3.177,3.23,3.055,3.106,928644,2884353.85
2024-02-29,511010,国债ETF,109.275,109.421,109.038,109.183,2288448,249860631.87
2024-03-01,159915,创业板ETF,1.915,1.992,1.867,1.943,1235590,2400940.37
2024-03-01,510300,沪深300ETF,3.112,3.138,3.083,3.11,1540237,4789486.19
2024-03-01,511010,国债ETF,109.197,109.525,108.981,109.308,2049514,224028666.07
2024-03-04,159915,创业板ETF,1.943,1.998,1.898,1.954,653556,1276795.15
2024-03-04,510300,沪深300ETF,3.112,3.16,3.03,3.077,1454309,4475205.97
2024-03-04,511010,国债ETF,109.213,110.003,109.067,109.857,1525632,167600690.22
2024-03-05,159915,创业板ETF,1.971,1.992,1.942,1.964,3997634,7851456.24
2024-03-05,510300,沪深300ETF,3.066,3.116,3.032,3.082,2633097,8114118.05
2024-03-05,511010,国债ETF,109.854,110.059,109.63,109.835,1926153,211558754.09
2024-03-06,159915,创业板ETF,1.973,1.998,1.89,1.914,2353166,4503539.3
2024-03-06,510300,沪深300ETF,3.084,3.135,2.978,3.028,1872623,5670347.15
2024-03-06,511010,国债ETF,109.822,109.993,109.631,109.801,972286,106758239.03
2024-03-07,159915,创业板ETF,1.925,1.943,1.883,1.901,2454058,4664836.32
2024-03-07,510300,沪深300ETF,3.02,3.064,2.989,3.033,2856168,8662758.46
2024-03-07,511010,国债ETF,109.849,110.008,109.687,109.846,1060867,116532277.97
2024-03-08,159915,创业板ETF,1.885,1.916,1.868,1.899,909076,1726756.1
2024-03-08,510300,沪深300ETF,3.033,3.117,2.995,3.078,1259870,3877382.93
2024-03-08,511010,国债ETF,109.751,109.996,109.307,109.551,1957017,214393195.37
2024-03-11,159915,创业板ETF,1.898,2.017,1.855,1.972,712213,1404638.47
2024-03-11,510300,沪深300ETF,3.076,3.135,3.058,3.116,1336546,4164573.21
2024-03-11,511010,国债ETF,109.65,109.833,109.272,109.455,1123875,123013458.49
2024-03-12,159915,创业板ETF,1.97,2.039,1.951,2.02,1347604,2722392.79
2024-03-12,510300,沪深300ETF,3.121,3.167,3.033,3.079,1693212,5213515.77
2024-03-12,511010,国债ETF,109.409,109.535,109.247,109.373,1953677,213679094.89
2024-03-13,159915,创业板ETF,2.036,2.055,1.995,2.013,1803469,3631190.89
2024-03-13,510300,沪深300ETF,3.08,3.122,3.028,3.069,2530460,7766372.57
2024-03-13,511010,国债ETF,109.473,109.586,109.329,109.442,2586457,283067878.05
2024-03-14,159915,创业板ETF,2.016,2.084,1.978,2.046,1014955,2076250.07
2024-03-14,510300,沪深300ETF,3.066,3.145,3.021,3.1,961581,2980653.2
2024-03-14,511010,国债ETF,109.465,109.748,109.315,109.599,1188230,130228603.14
2024-03-15,159915,创业板ETF,2.048,2.084,2.015,2.051,4174846,8560529.18
2024-03-15,510300,沪深300ETF,3.122,3.215,3.071,3.163,1532115,4846312.14
2024-03-15,511010,国债ETF,109.564,109.978,109.436,109.849,2322038,255073099.96
2024-03-18,159915,创业板ETF,2.051,2.104,1.986,2.04,1842749,3758677.14
2024-03-18,510300,沪深300ETF,3.16,3.188,3.103,3.131,747326,2339672.42
2024-03-18,511010,国债ETF,109.867,110.096,109.622,109.852,1875592,206037188.56
2024-03-19,159915,创业板ETF,2.043,2.073,1.998,2.027,968269,1962764.8
2024-03-19,510300,沪深300ETF,3.127,3.164,3.065,3.102,1706779,5294444.66
2024-03-19,511010,国债ETF,109.872,110.216,109.656,109.999,1502098,165229851.89
2024-03-20,159915,创业板ETF,2.014,2.057,1.922,1.964,2220477,4360070.43
2024-03-20,510300,沪深300ETF,3.105,3.151,3.096,3.141,3333033,10468877.99
2024-03-20,511010,国债ETF,109.953,110.194,109.792,110.033,700813,77112310.26
2024-03-21,159915,创业板ETF,1.965,2.053,1.933,2.02,1505614,3041164.81
2024-03-21,510300,沪深300ETF,3.145,3.166,3.108,3.129,1115666,3491055.8
2024-03-21,511010,国债ETF,110.084,110.319,109.645,109.879,1021419,112232442.79
2024-03-22,159915,创业板ETF,2.014,2.077,1.962,2.025,1627935,3296204.88
2024-03-22,510300,沪深300ETF,3.137,3.154,3.078,3.095,1753139,5425155.46
2024-03-22,511010,国债ETF,109.82,110.086,109.195,109.46,1857671,203341178.38
2024-03-25,159915,创业板ETF,2.028,2.068,1.943,1.982,1704887,3379178.15
2024-03-25,510300,沪深300ETF,3.081,3.173,3.04,3.131,1371576,4294529.31
2024-03-25,511010,国债ETF,109.48,109.831,109.207,109.558,1254057,137392348.62
2024-03-26,159915,创业板ETF,1.993,2.04,1.92,1.966,2237537,4398824.14
2024-03-26,510300,沪深300ETF,3.126,3.164,3.036,3.074,2860651,8794533.2
2024-03-26,511010,国债ETF,109.545,109.858,109.157,109.47,1291269,141354725.44
2024-03-27,159915,创业板ETF,1.963,1.994,1.915,1.945,2767466,5383833.17
2024-03-27,510300,沪深300ETF,3.083,3.12,3.016,3.052,759656,2318331.97
2024-03-27,511010,国债ETF,109.549,109.675,109.32,109.446,1224000,133961778.67
2024-03-28,159915,创业板ETF,1.933,1.967,1.905,1.939,4202393,8149711.69
2024-03-28,510300,沪深300ETF,3.054,3.119,3.02,3.085,2525932,7792465.8
2024-03-28,511010,国债ETF,109.422,109.808,109.141,109.526,2174995,238219496.98
2024-03-29,159915,创业板ETF,1.945,1.955,1.913,1.922,2621336,5038699.78
2024-03-29,510300,沪深300ETF,3.087,3.143,3.009,3.064,1672402,5124723.39
2024-03-29,511010,国债ETF,109.52,109.695,109.268,109.443,1208700,132283464.72
2024-04-01,159915,创业板ETF,1.912,2.023,1.87,1.98,1787673,3538730.89
2024-04-01,510300,沪深300ETF,3.051,3.133,3.01,3.091,1254649,3877740.25
2024-04-01,511010,国债ETF,109.44,109.845,109.144,109.549,1669073,182844529.08
2024-04-02,159915,创业板ETF,1.963,1.988,1.895,1.92,2010840,3860333.65
2024-04-02,510300,沪深300ETF,3.078,3.103,3.024,3.05,2555197,7792897.7
2024-04-02,511010,国债ETF,109.568,109.901,109.321,109.654,2405791,263805796.81
2024-04-03,159915,创业板ETF,1.932,1.988,1.901,1.956,2850187,5576145.67
2024-04-03,510300,沪深300ETF,3.042,3.129,2.99,3.076,1825418,5615897.77
2024-04-03,511010,国债ETF,109.657,110.047,109.459,109.849,1065709,117066896.51
2024-04-04,159915,创业板ETF,1.973,2.022,1.903,1.952,2270414,4431271.55
2024-04-04,510300,沪深300ETF,3.078,3.146,3.026,3.093,670898,2075137.54
2024-04-04,511010,国债ETF,109.813,110.009,109.692,109.887,2455335,269810404.04
2024-04-05,159915,创业板ETF,1.943,2.013,1.916,1.986,827398,1643300.45
2024-04-05,510300,沪深300ETF,3.099,3.193,3.057,3.149,1997447,6290514.4
2024-04-05,511010,国债ETF,109.867,109.986,109.447,109.566,538046,58951724.77
2024-04-08,159915,创业板ETF,1.985,2.01,1.943,1.967,902896,1776333.71
2024-04-08,510300,沪深300ETF,3.157,3.162,3.136,3.141,626996,1969605.3
2024-04-08,511010,国债ETF,109.567,109.73,109.264,109.428,1650375,180596446.08
2024-04-09,159915,创业板ETF,1.989,2.008,1.914,1.933,1424590,2753533.58
2024-04-09,510300,沪深300ETF,3.124,3.151,3.103,3.13,2218301,6942699.96
2024-04-09,511010,国债ETF,109.412,109.866,109.198,109.652,3767054,413064033.87
2024-04-10,159915,创业板ETF,1.921,1.987,1.874,1.94,1578695,3062352.22
2024-04-10,510300,沪深300ETF,3.128,3.166,3.089,3.127,595008,1860591.87
2024-04-10,511010,国债ETF,109.729,109.833,109.612,109.716,2012316,220782650.62
2024-04-11,159915,创业板ETF,1.932,2.054,1.896,2.016,1956124,3943082.86
2024-04-11,510300,沪深300ETF,3.127,3.193,3.099,3.164,1860765,5887114.47
2024-04-11,511010,国债ETF,109.653,110.064,109.534,109.945,1034465,113734026.86
2024-04-12,159915,创业板ETF,2.019,2.068,1.924,1.972,2270580,4477522.4
2024-04-12,510300,沪深300ETF,3.159,3.172,3.126,3.139,1875572,5886740.92
2024-04-12,511010,国债ETF,110.03,110.503,109.915,110.387,735429,81181921.81
2024-04-15,159915,创业板ETF,1.945,2.027,1.917,1.999,2002511,4002130.6
2024-04-15,510300,沪深300ETF,3.134,3.168,3.1,3.134,4662554,14613836.43
2024-04-15,511010,国债ETF,110.354,110.719,110.231,110.595,1720040,190227751.63
2024-04-16,159915,创业板ETF,1.991,2.075,1.967,2.051,1090773,2237472.93
2024-04-16,510300,沪深300ETF,3.124,3.227,3.101,3.203,751816,2407930.83
2024-04-16,511010,国债ETF,110.646,110.812,110.431,110.597,1621178,179297440.46
2024-04-17,159915,创业板ETF,2.061,2.116,2.015,2.07,2452985,5078341.05
2024-04-17,510300,沪深300ETF,3.199,3.268,3.162,3.231,855549,2764286.56
2024-04-17,511010,国债ETF,110.593,111.007,110.346,110.76,2166361,239946783.23
2024-04-18,159915,创业板ETF,2.078,2.107,2.037,2.067,999800,2066283.9
2024-04-18,510300,沪深300ETF,3.209,3.295,3.172,3.257,2326007,7576828.15
2024-04-18,511010,国债ETF,110.861,111.063,110.374,110.576,733597,81117982.93
2024-04-19,159915,创业板ETF,2.063,2.154,2.054,2.145,2114808,4536435.19
2024-04-19,510300,沪深300ETF,3.268,3.321,3.187,3.239,1200885,3890152.55
2024-04-19,511010,国债ETF,110.639,111.079,110.502,110.942,1428819,158515546.44
2024-04-22,159915,创业板ETF,2.144,2.191,2.101,2.148,2286448,4911585.84
2024-04-22,510300,沪深300ETF,3.24,3.294,3.218,3.271,1570647,5137305.51
2024-04-22,511010,国债ETF,110.848,110.994,110.844,110.99,938660,104182168.25
2024-04-23,159915,创业板ETF,2.157,2.216,2.122,2.181,1722738,3757196.64
2024-04-23,510300,沪深300ETF,3.284,3.331,3.183,3.23,1844097,5956002.73
2024-04-23,511010,国债ETF,110.958,111.054,110.631,110.727,1115873,123557261.67
2024-04-24,159915,创业板ETF,2.186,2.231,2.147,2.191,1928597,4226420.31
2024-04-24,510300,沪深300ETF,3.222,3.243,3.156,3.178,1306529,4151843.01
2024-04-24,511010,国债ETF,110.794,111.234,110.492,110.932,2820123,312840824.61
2024-04-25,159915,创业板ETF,2.204,2.272,2.147,2.214,1318930,2920753.16
2024-04-25,510300,沪深300ETF,3.162,3.207,3.1,3.146,1381300,4344962.41
2024-04-25,511010,国债ETF,110.945,111.302,110.579,110.935,2146571,238130219.21
2024-04-26,159915,创业板ETF,2.234,2.272,2.158,2.196,924740,2030534.3
2024-04-26,510300,沪深300ETF,3.161,3.235,3.122,3.196,2162613,6910792.24
2024-04-26,511010,国债ETF,110.929,111.365,110.764,111.2,2577129,286575632.58
2024-04-29,159915,创业板ETF,2.196,2.219,2.145,2.168,648456,1405592.28
2024-04-29,510300,沪深300ETF,3.175,3.241,3.137,3.202,781744,2503173.17
2024-04-29,511010,国债ETF,111.205,111.541,110.836,111.171,2776413,308657143.66
2024-04-30,159915,创业板ETF,2.187,2.244,2.161,2.218,1309614,2904838.58
2024-04-30,510300,沪深300ETF,3.19,3.225,3.135,3.17,1212098,3842200.17
2024-04-30,511010,国债ETF,111.18,111.438,110.895,111.154,1718476,191014842.0
2024-05-01,159915,创业板ETF,2.226,2.25,2.198,2.222,1056718,2347559.75
2024-05-01,510300,沪深300ETF,3.176,3.2,3.134,3.158,808050,2551805.29
2024-05-01,511010,国债ETF,111.167,111.5,110.957,111.289,2545206,283254654.99
2024-05-02,159915,创业板ETF,2.217,2.287,2.177,2.246,594326,1334942.64
2024-05-02,510300,沪深300ETF,3.17,3.212,3.132,3.174,1220557,3874351.39
2024-05-02,511010,国债ETF,111.308,111.988,110.992,111.671,2036632,227433411.78
2024-05-03,159915,创业板ETF,2.252,2.307,2.148,2.202,2385258,5252096.79
2024-05-03,510300,沪深300ETF,3.167,3.256,3.128,3.216,4509597,14504454.77
2024-05-03,511010,国债ETF,111.654,111.921,111.148,111.414,1000397,111458652.39
2024-05-06,159915,创业板ETF,2.195,2.284,2.153,2.241,2525869,5661003.46
2024-05-06,510300,沪深300ETF,3.214,3.262,3.112,3.16,2138347,6756421.12
2024-05-06,511010,国债ETF,111.408,111.629,111.105,111.326,714835,79579402.18
2024-05-07,159915,创业板ETF,2.247,2.313,2.232,2.297,689697,1584470.4
2024-05-07,510300,沪深300ETF,3.157,3.245,3.119,3.207,2460855,7892049.56
2024-05-07,511010,国债ETF,111.36,111.509,111.161,111.309,1099905,122429811.82
2024-05-08,159915,创业板ETF,2.303,2.335,2.274,2.306,1284377,2961483.18
2024-05-08,510300,沪深300ETF,3.211,3.28,3.172,3.241,1618080,5243620.81
2024-05-08,511010,国债ETF,111.223,111.49,111.106,111.372,1202523,133927586.19
2024-05-09,159915,创业板ETF,2.307,2.33,2.219,2.241,729382,1634903.76
2024-05-09,510300,沪深300ETF,3.232,3.251,3.197,3.216,1747029,5619231.24
2024-05-09,511010,国债ETF,111.279,111.534,110.784,111.038,2279641,253127600.76
2024-05-10,159915,创业板ETF,2.258,2.31,2.223,2.274,1737592,3951870.68
2024-05-10,510300,沪深300ETF,3.221,3.232,3.192,3.203,1041794,3336791.63
2024-05-10,511010,国债ETF,110.974,111.097,110.857,110.98,2371480,263188019.01
2024-05-13,159915,创业板ETF,2.264,2.292,2.181,2.209,4298028,9493934.11
2024-05-13,510300,沪深300ETF,3.21,3.256,3.175,3.221,988013,3182229.23
2024-05-13,511010,国债ETF,110.967,111.281,110.747,111.06,2186470,242828473.47
2024-05-14,159915,创业板ETF,2.216,2.267,2.183,2.233,847652,1892861.05
2024-05-14,510300,沪深300ETF,3.219,3.281,3.15,3.211,732939,2353671.75
2024-05-14,511010,国债ETF,111.045,111.318,110.717,110.99,3429956,380689423.31
2024-05-15,159915,创业板ETF,2.231,2.303,2.197,2.268,2720257,6170217.65
2024-05-15,510300,沪深300ETF,3.211,3.247,3.181,3.217,2098919,6751628.42
2024-05-15,511010,国债ETF,111.029,111.247,110.874,111.091,1023199,113668351.42
2024-05-16,159915,创业板ETF,2.274,2.301,2.191,2.217,2062947,4573955.69
2024-05-16,510300,沪深300ETF,3.237,3.258,3.159,3.18,1420892,4518431.59
2024-05-16,511010,国债ETF,111.04,111.203,110.754,110.916,1065591,118191452.68
2024-05-17,159915,创业板ETF,2.225,2.235,2.18,2.19,740682,1622094.28
2024-05-17,510300,沪深300ETF,3.182,3.183,3.117,3.117,3231157,10072911.04
2024-05-17,511010,国债ETF,110.989,111.263,110.823,111.097,937242,104124806.9
2024-05-20,159915,创业板ETF,2.206,2.249,2.094,2.136,2076799,4435910.09
2024-05-20,510300,沪深300ETF,3.113,3.242,3.075,3.202,1318189,4221390.1
2024-05-20,511010,国债ETF,111.166,111.37,110.991,111.194,410372,45631032.99
2024-05-21,159915,创业板ETF,2.139,2.174,2.068,2.103,1567168,3295071.81
2024-05-21,510300,沪深300ETF,3.212,3.231,3.189,3.209,2124830,6818600.67
2024-05-21,511010,国债ETF,111.298,111.432,110.994,111.127,2868352,318752368.85
2024-05-22,159915,创业板ETF,2.114,2.167,1.998,2.049,1699944,3482962.87
2024-05-22,510300,沪深300ETF,3.219,3.244,3.193,3.218,1852991,5962039.02
2024-05-22,511010,国债ETF,111.13,111.494,110.788,111.152,1159922,128928203.41
2024-05-23,159915,创业板ETF,2.058,2.106,1.941,1.987,916646,1821382.51
2024-05-23,510300,沪深300ETF,3.211,3.272,3.175,3.236,2277385,7369988.39
2024-05-23,511010,国债ETF,111.182,111.494,110.972,111.284,1367703,152204073.34
2024-05-24,159915,创业板ETF,1.998,2.031,1.893,1.925,1291106,2485439.05
2024-05-24,510300,沪深300ETF,3.227,3.326,3.186,3.285,2062583,6774852.72
2024-05-24,511010,国债ETF,111.203,111.392,110.755,110.944,562942,62454834.26
2024-05-27,159915,创业板ETF,1.932,1.965,1.916,1.948,740899,1443384.36
2024-05-27,510300,沪深300ETF,3.297,3.376,3.24,3.319,1556370,5165557.12
2024-05-27,511010,国债ETF,110.997,111.333,110.664,111.0,3682727,408783207.55
2024-05-28,159915,创业板ETF,1.94,1.987,1.909,1.955,3365477,6578421.91
2024-05-28,510300,沪深300ETF,3.33,3.379,3.234,3.282,2105116,6909483.34
2024-05-28,511010,国债ETF,111.021,111.149,110.529,110.656,828129,91637114.21
2024-05-29,159915,创业板ETF,1.97,2.016,1.949,1.994,1581940,3154025.52
2024-05-29,510300,沪深300ETF,3.294,3.336,3.237,3.279,979891,3212814.12
2024-05-29,511010,国债ETF,110.671,111.137,110.451,110.917,1869024,207305931.04
2024-05-30,159915,创业板ETF,1.999,2.031,1.95,1.981,986473,1954679.35
2024-05-30,510300,沪深300ETF,3.293,3.326,3.249,3.282,1080201,3545040.99
2024-05-30,511010,国债ETF,110.888,111.339,110.685,111.135,1687059,187490839.47
2024-05-31,159915,创业板ETF,1.992,2.055,1.969,2.031,1639040,3329153.18
2024-05-31,510300,沪深300ETF,3.271,3.328,3.253,3.31,1720142,5693749.48
2024-05-31,511010,国债ETF,111.129,111.292,110.744,110.906,1323266,146758553.47
2024-06-03,159915,创业板ETF,2.029,2.084,1.931,1.985,1685889,3345875.97
2024-06-03,510300,沪深300ETF,3.294,3.324,3.259,3.289,3134392,10308544.38
2024-06-03,511010,国债ETF,110.88,111.283,110.675,111.078,1602720,178027352.17
2024-06-04,159915,创业板ETF,1.983,2.01,1.953,1.981,1763911,3494388.97
2024-06-04,510300,沪深300ETF,3.298,3.348,3.253,3.303,1331419,4398036.05
2024-06-04,511010,国债ETF,111.124,111.41,110.865,111.15,1784105,198303799.03
2024-06-05,159915,创业板ETF,1.985,2.024,1.931,1.971,1740998,3431281.64
2024-06-05,510300,沪深300ETF,3.312,3.316,3.308,3.312,1245710,4125862.34
2024-06-05,511010,国债ETF,111.139,111.26,111.017,111.138,1000061,111144470.21
2024-06-06,159915,创业板ETF,1.968,1.985,1.913,1.929,1598407,3083799.36
2024-06-06,510300,沪深300ETF,3.313,3.396,3.281,3.363,1802291,6061650.94
2024-06-06,511010,国债ETF,111.191,111.406,110.972,111.186,1413221,157130741.3
2024-06-07,159915,创业板ETF,1.933,1.966,1.865,1.897,1749302,3318936.44
2024-06-07,510300,沪深300ETF,3.37,3.423,3.217,3.269,3211634,10498005.12
2024-06-07,511010,国债ETF,111.241,111.454,110.976,111.189,1353699,150516131.35
2024-06-10,159915,创业板ETF,1.905,1.953,1.806,1.852,1107939,2052122.26
2024-06-10,510300,沪深300ETF,3.261,3.316,3.217,3.272,2703304,8845736.55
2024-06-10,511010,国债ETF,111.23,111.436,110.624,110.83,2596104,287725700.99
2024-06-11,159915,创业板ETF,1.858,1.891,1.82,1.852,2620013,4852949.39
2024-06-11,510300,沪深300ETF,3.263,3.314,3.234,3.285,1323284,4347010.99
2024-06-11,511010,国债ETF,110.847,111.362,110.657,111.171,2505596,278549866.6
2024-06-12,159915,创业板ETF,1.862,1.885,1.804,1.826,1072306,1958333.87
2024-06-12,510300,沪深300ETF,3.284,3.339,3.255,3.31,1866444,6178077.97
2024-06-12,511010,国债ETF,111.102,111.305,110.661,110.864,3069379,340283881.04
2024-06-13,159915,创业板ETF,1.814,1.876,1.777,1.838,2323232,4270445.91
2024-06-13,510300,沪深300ETF,3.314,3.355,3.269,3.31,1939831,6421543.86
2024-06-13,511010,国债ETF,110.813,110.997,110.444,110.628,3210329,355151171.55
2024-06-14,159915,创业板ETF,1.83,1.88,1.798,1.847,2515010,4646456.28
2024-06-14,510300,沪深300ETF,3.316,3.345,3.251,3.281,876762,2876583.55
2024-06-14,511010,国债ETF,110.675,111.026,110.549,110.9,1716633,190374419.32
2024-06-17,159915,创业板ETF,1.847,1.888,1.799,1.84,683682,1257688.14
2024-06-17,510300,沪深300ETF,3.28,3.346,3.24,3.306,1935442,6398103.13
2024-06-17,511010,国债ETF,110.845,111.053,110.314,110.522,4826531,533437182.25
2024-06-18,159915,创业板ETF,1.848,1.891,1.771,1.814,2041342,3703680.73
2024-06-18,510300,沪深300ETF,3.311,3.375,3.256,3.32,1870944,6211143.13
2024-06-18,511010,国债ETF,110.497,110.815,110.112,110.43,2787007,307769233.3
2024-06-19,159915,创业板ETF,1.824,1.851,1.776,1.802,1389160,2503310.25
2024-06-19,510300,沪深300ETF,3.331,3.36,3.261,3.29,1891618,6223065.25
2024-06-19,511010,国债ETF,110.478,110.592,110.2,110.313,1792922,197783336.03
2024-06-20,159915,创业板ETF,1.806,1.879,1.754,1.827,2027504,3703626.71
2024-06-20,510300,沪深300ETF,3.294,3.319,3.217,3.242,1855619,6014997.52
2024-06-20,511010,国债ETF,110.228,110.541,109.843,110.156,970758,106934450.21
2024-06-21,159915,创业板ETF,1.845,1.892,1.786,1.832,3181548,5829161.05
2024-06-21,510300,沪深300ETF,3.237,3.308,3.191,3.262,1280653,4177543.19
2024-06-21,511010,国债ETF,110.19,110.459,109.811,110.08,542706,59740977.72
2024-06-24,159915,创业板ETF,1.824,1.861,1.782,1.819,2595017,4719980.06
2024-06-24,510300,沪深300ETF,3.277,3.314,3.195,3.232,791061,2556431.09
2024-06-24,511010,国债ETF,110.067,110.356,109.832,110.121,1907059,210006541.84
2024-06-25,159915,创业板ETF,1.825,1.845,1.789,1.809,2546310,4605565.35
2024-06-25,510300,沪深300ETF,3.221,3.278,3.199,3.255,939406,3058160.21
2024-06-25,511010,国债ETF,110.13,110.146,110.019,110.035,2421591,266459139.54
2024-06-26,159915,创业板ETF,1.806,1.911,1.764,1.867,2301070,4296935.53
2024-06-26,510300,沪深300ETF,3.257,3.318,3.25,3.311,1074380,3557004.67
2024-06-26,511010,国债ETF,110.026,110.24,109.575,109.789,1784207,195886342.4
2024-06-27,159915,创业板ETF,1.856,1.885,1.825,1.854,3278312,6077485.28
2024-06-27,510300,沪深300ETF,3.328,3.384,3.263,3.319,2790852,9262452.24
2024-06-27,511010,国债ETF,109.772,110.326,109.482,110.035,4106763,451886800.21
2024-06-28,159915,创业板ETF,1.851,1.886,1.811,1.845,2108011,3889570.02
2024-06-28,510300,沪深300ETF,3.341,3.399,3.27,3.328,2225224,7405150.89
2024-06-28,511010,国债ETF,110.034,110.186,109.785,109.936,2670309,293563033.64
2024-07-01,159915,创业板ETF,1.839,1.896,1.81,1.867,1506077,2811652.13
2024-07-01,510300,沪深300ETF,3.342,3.374,3.301,3.333,1398017,4659611.62
2024-07-01,511010,国债ETF,109.982,110.269,109.735,110.021,2855726,314188981.0
2024-07-02,159915,创业板ETF,1.851,1.855,1.848,1.852,3295639,6102344.92
2024-07-02,510300,沪深300ETF,3.329,3.425,3.289,3.385,1824299,6174937.0
2024-07-02,511010,国债ETF,109.89,110.093,109.663,109.866,1591033,174800360.14
2024-07-03,159915,创业板ETF,1.848,1.887,1.767,1.805,1942816,3506984.29
2024-07-03,510300,沪深300ETF,3.368,3.476,3.331,3.438,1380337,4745717.0
2024-07-03,511010,国债ETF,109.795,110.241,109.585,110.031,2487497,273702865.47
2024-07-04,159915,创业板ETF,1.805,1.821,1.764,1.779,492264,875782.88
2024-07-04,510300,沪深300ETF,3.433,3.483,3.392,3.442,2496267,8591887.88
2024-07-04,511010,国债ETF,110.05,110.514,109.725,110.189,1091470,120268025.06
2024-07-05,159915,创业板ETF,1.777,1.802,1.741,1.766,761860,1345435.77
2024-07-05,510300,沪深300ETF,3.441,3.529,3.384,3.471,1409735,4892828.02
2024-07-05,511010,国债ETF,110.192,110.485,110.01,110.304,2166223,238942157.81
2024-07-08,159915,创业板ETF,1.778,1.803,1.739,1.764,2111206,3723507.21
2024-07-08,510300,沪深300ETF,3.472,3.515,3.43,3.473,3975765,13808169.31
2024-07-08,511010,国债ETF,110.323,110.592,109.863,110.132,541090,59591501.26
2024-07-09,159915,创业板ETF,1.755,1.791,1.72,1.756,1347452,2365819.39
2024-07-09,510300,沪深300ETF,3.463,3.497,3.421,3.455,947443,3273200.02
2024-07-09,511010,国债ETF,110.089,110.547,109.846,110.304,5245573,578606813.33
2024-07-10,159915,创业板ETF,1.766,1.787,1.704,1.725,2022126,3488248.72
2024-07-10,510300,沪深300ETF,3.45,3.525,3.41,3.485,2530540,8818213.17
2024-07-10,511010,国债ETF,110.263,110.449,110.103,110.289,2538225,279937970.18
2024-07-11,159915,创业板ETF,1.726,1.752,1.701,1.727,1334149,2304363.28
2024-07-11,510300,沪深300ETF,3.487,3.525,3.444,3.482,1465475,5102698.89
2024-07-11,511010,国债ETF,110.369,110.637,110.123,110.391,767289,84701859.37
2024-07-12,159915,创业板ETF,1.718,1.785,1.682,1.748,1298990,2270971.75
2024-07-12,510300,沪深300ETF,3.482,3.528,3.405,3.45,811886,2801136.58
2024-07-12,511010,国债ETF,110.405,110.783,110.109,110.486,842571,93092508.53
2024-07-15,159915,创业板ETF,1.745,1.773,1.681,1.708,791413,1351973.8
2024-07-15,510300,沪深300ETF,3.462,3.495,3.363,3.394,1030796,3498917.49
2024-07-15,511010,国债ETF,110.383,110.789,110.183,110.589,2417803,267382554.22
2024-07-16,159915,创业板ETF,1.71,1.792,1.693,1.775,788191,1399022.17
2024-07-16,510300,沪深300ETF,3.4,3.459,3.373,3.432,479583,1646047.92
2024-07-16,511010,国债ETF,110.577,110.71,110.43,110.562,1489132,164641483.05
2024-07-17,159915,创业板ETF,1.78,1.793,1.728,1.741,2998070,5219613.72
2024-07-17,510300,沪深300ETF,3.438,3.498,3.337,3.397,712450,2419950.65
2024-07-17,511010,国债ETF,110.47,110.782,109.967,110.278,2122626,234079982.97
2024-07-18,159915,创业板ETF,1.729,1.819,1.703,1.791,2441367,4373192.53
2024-07-18,510300,沪深300ETF,3.392,3.436,3.312,3.356,1694057,5685293.82
2024-07-18,511010,国债ETF,110.324,110.682,110.122,110.479,1092340,120680631.76
2024-07-19,159915,创业板ETF,1.792,1.874,1.756,1.837,1278315,2348362.18
2024-07-19,510300,沪深300ETF,3.357,3.403,3.301,3.347,1281545,4289214.6
2024-07-19,511010,国债ETF,110.515,110.866,110.366,110.717,1341378,148513343.29
2024-07-22,159915,创业板ETF,1.84,1.905,1.814,1.879,1395751,2622522.94
2024-07-22,510300,沪深300ETF,3.329,3.439,3.266,3.375,1380027,4657385.69
2024-07-22,511010,国债ETF,110.699,110.985,110.056,110.34,755562,83368636.26
2024-07-23,159915,创业板ETF,1.89,1.931,1.872,1.912,1387115,2652697.5
2024-07-23,510300,沪深300ETF,3.371,3.406,3.277,3.312,1639417,5429630.42
2024-07-23,511010,国债ETF,110.325,110.379,110.269,110.324,631093,69624867.05
2024-07-24,159915,创业板ETF,1.915,1.938,1.852,1.874,1741352,3263633.36
2024-07-24,510300,沪深300ETF,3.297,3.368,3.266,3.336,1806969,6027700.98
2024-07-24,511010,国债ETF,110.385,110.555,110.196,110.366,1643928,181434376.12
2024-07-25,159915,创业板ETF,1.867,1.91,1.811,1.853,1895944,3512779.27
2024-07-25,510300,沪深300ETF,3.337,3.39,3.298,3.351,1737012,5820401.48
2024-07-25,511010,国债ETF,110.383,110.41,110.189,110.217,1190324,131193458.3
2024-07-26,159915,创业板ETF,1.859,1.882,1.852,1.875,1510328,2831141.0
2024-07-26,510300,沪深300ETF,3.356,3.377,3.286,3.307,1116739,3692932.35
2024-07-26,511010,国债ETF,110.175,110.649,109.916,110.389,1123676,124040994.07
2024-07-29,159915,创业板ETF,1.886,1.904,1.827,1.844,1317163,2429153.9
2024-07-29,510300,沪深300ETF,3.308,3.33,3.245,3.266,1968908,6431037.22
2024-07-29,511010,国债ETF,110.464,110.682,110.079,110.295,937797,103434733.51
2024-07-30,159915,创业板ETF,1.844,1.882,1.833,1.87,1129063,2111778.87
2024-07-30,510300,沪深300ETF,3.28,3.3,3.24,3.261,2142186,6984856.96
2024-07-30,511010,国债ETF,110.309,110.453,109.929,110.073,2869053,315804215.29
2024-07-31,159915,创业板ETF,1.862,1.885,1.812,1.835,2379171,4366237.78
2024-07-31,510300,沪深300ETF,3.254,3.373,3.213,3.331,988400,3292682.82
2024-07-31,511010,国债ETF,110.089,110.272,109.819,110.001,2704456,297492559.16
2024-08-01,159915,创业板ETF,1.838,1.868,1.767,1.796,987952,1774013.74
2024-08-01,510300,沪深300ETF,3.33,3.344,3.309,3.323,501684,1666969.17
2024-08-01,511010,国债ETF,109.943,110.075,109.716,109.847,1712828,188148711.15
2024-08-02,159915,创业板ETF,1.798,1.824,1.773,1.799,3714971,6684515.26
2024-08-02,510300,沪深300ETF,3.318,3.398,3.283,3.363,1472760,4953313.66
2024-08-02,511010,国债ETF,109.871,110.153,109.602,109.884,1739639,191157866.45
2024-08-05,159915,创业板ETF,1.804,1.829,1.759,1.784,1276638,2277207.45
2024-08-05,510300,沪深300ETF,3.36,3.432,3.328,3.399,1586771,5393427.73
2024-08-05,511010,国债ETF,109.807,110.315,109.559,110.066,1928615,212275433.78
2024-08-06,159915,创业板ETF,1.778,1.806,1.768,1.796,2516389,4519709.96
2024-08-06,510300,沪深300ETF,3.411,3.466,3.287,3.341,2596733,8675072.33
2024-08-06,511010,国债ETF,110.137,110.325,109.913,110.101,1193523,131408282.59
2024-08-07,159915,创业板ETF,1.794,1.823,1.75,1.778,1717307,3053227.18
2024-08-07,510300,沪深300ETF,3.328,3.37,3.299,3.341,1564963,5229037.92
2024-08-07,511010,国债ETF,110.16,110.402,109.239,109.479,2089767,228786283.49
2024-08-08,159915,创业板ETF,1.791,1.827,1.693,1.728,2650542,4581431.04
2024-08-08,510300,沪深300ETF,3.357,3.425,3.31,3.378,2772427,9366372.83
2024-08-08,511010,国债ETF,109.363,110.116,109.02,109.772,1316623,144528949.33
2024-08-09,159915,创业板ETF,1.733,1.76,1.717,1.743,927330,1616624.92
2024-08-09,510300,沪深300ETF,3.391,3.437,3.315,3.361,738116,2480503.35
2024-08-09,511010,国债ETF,109.79,109.944,109.532,109.686,3645583,399868380.34
2024-08-12,159915,创业板ETF,1.734,1.783,1.656,1.705,1279351,2181436.21
2024-08-12,510300,沪深300ETF,3.366,3.451,3.322,3.407,1068191,3638983.66
2024-08-12,511010,国债ETF,109.734,109.953,109.425,109.644,567838,62259748.79
2024-08-13,159915,创业板ETF,1.706,1.735,1.666,1.694,1394432,2362073.14
2024-08-13,510300,沪深300ETF,3.403,3.458,3.313,3.367,1943663,6544599.09
2024-08-13,511010,国债ETF,109.629,110.051,109.334,109.756,897045,98455758.99
2024-08-14,159915,创业板ETF,1.68,1.762,1.65,1.732,1531924,2653075.07
2024-08-14,510300,沪深300ETF,3.369,3.38,3.303,3.314,975143,3231394.82
2024-08-14,511010,国债ETF,109.792,109.97,109.338,109.516,2282187,249935923.58
2024-08-15,159915,创业板ETF,1.729,1.818,1.691,1.78,4433462,7889493.14
2024-08-15,510300,沪深300ETF,3.31,3.35,3.259,3.298,1491706,4920275.88
2024-08-15,511010,国债ETF,109.591,110.04,109.437,109.885,3235353,355517644.87
2024-08-16,159915,创业板ETF,1.776,1.776,1.763,1.763,1953244,3444257.05
2024-08-16,510300,沪深300ETF,3.312,3.352,3.283,3.323,1195019,3971059.4
2024-08-16,511010,国债ETF,109.867,109.967,109.477,109.578,2056883,225388117.32
2024-08-19,159915,创业板ETF,1.76,1.796,1.718,1.753,2106063,3692797.14
2024-08-19,510300,沪深300ETF,3.313,3.342,3.28,3.31,1242819,4113257.0
2024-08-19,511010,国债ETF,109.513,109.747,109.3,109.534,1506878,165054645.67
2024-08-20,159915,创业板ETF,1.759,1.795,1.718,1.755,1664387,2920912.21
2024-08-20,510300,沪深300ETF,3.301,3.395,3.25,3.344,1079240,3609045.43
2024-08-20,511010,国债ETF,109.554,109.904,109.341,109.69,1447230,158747130.1
2024-08-21,159915,创业板ETF,1.75,1.798,1.736,1.784,594468,1060593.06
2024-08-21,510300,沪深300ETF,3.344,3.371,3.262,3.288,1778217,5847562.76
2024-08-21,511010,国债ETF,109.697,109.905,109.514,109.722,1172145,128610102.07
2024-08-22,159915,创业板ETF,1.771,1.869,1.732,1.829,880485,1610235.3
2024-08-22,510300,沪深300ETF,3.266,3.293,3.241,3.268,1176162,3843924.02
2024-08-22,511010,国债ETF,109.821,110.117,109.369,109.665,1429649,156782632.95
2024-08-23,159915,创业板ETF,1.835,1.877,1.778,1.82,1370096,2493829.95
2024-08-23,510300,沪深300ETF,3.281,3.368,3.232,3.319,1214347,4029815.28
2024-08-23,511010,国债ETF,109.509,110.026,109.293,109.81,2178807,239253779.74
2024-08-26,159915,创业板ETF,1.845,1.869,1.779,1.803,447245,806292.36
2024-08-26,510300,沪深300ETF,3.316,3.324,3.223,3.231,1243040,4016011.22
2024-08-26,511010,国债ETF,109.785,110.216,109.576,110.006,751722,82693614.95
2024-08-27,159915,创业板ETF,1.804,1.862,1.722,1.778,1812890,3223535.71
2024-08-27,510300,沪深300ETF,3.238,3.293,3.187,3.243,2209477,7164357.68
2024-08-27,511010,国债ETF,109.981,110.545,109.787,110.35,1356567,149697272.23
2024-08-28,159915,创业板ETF,1.785,1.827,1.722,1.763,2050991,3616572.43
2024-08-28,510300,沪深300ETF,3.244,3.264,3.192,3.212,2664213,8556712.31
2024-08-28,511010,国债ETF,110.367,110.567,110.189,110.389,4586545,506303155.64
2024-08-29,159915,创业板ETF,1.769,1.828,1.735,1.793,4110578,7371975.54
2024-08-29,510300,沪深300ETF,3.196,3.252,3.13,3.186,1855764,5912971.2
2024-08-29,511010,国债ETF,110.318,110.548,109.842,110.072,1239789,136465694.7
2024-08-30,159915,创业板ETF,1.783,1.804,1.718,1.738,1829458,3180100.8
2024-08-30,510300,沪深300ETF,3.187,3.21,3.152,3.176,1216502,3863075.81
2024-08-30,511010,国债ETF,110.063,110.21,109.939,110.086,1586811,174684892.11
2024-09-02,159915,创业板ETF,1.742,1.774,1.661,1.692,1864631,3155267.86
2024-09-02,510300,沪深300ETF,3.179,3.219,3.086,3.125,1352553,4227209.92
2024-09-02,511010,国债ETF,110.114,110.345,109.937,110.168,1174970,129443524.9
2024-09-03,159915,创业板ETF,1.693,1.726,1.594,1.626,856489,1393028.09
2024-09-03,510300,沪深300ETF,3.115,3.194,3.079,3.158,1777223,5612716.35
2024-09-03,511010,国债ETF,110.116,110.28,109.788,109.951,570828,62763274.92
2024-09-04,159915,创业板ETF,1.624,1.654,1.592,1.623,1068579,1733966.53
2024-09-04,510300,沪深300ETF,3.149,3.213,3.115,3.179,608013,1932993.11
2024-09-04,511010,国债ETF,109.918,110.39,109.625,110.096,1602534,176433279.4
2024-09-05,159915,创业板ETF,1.629,1.656,1.619,1.645,2572233,4232243.39
2024-09-05,510300,沪深300ETF,3.17,3.263,3.131,3.223,1739593,5606525.94
2024-09-05,511010,国债ETF,110.009,110.528,109.823,110.341,1128386,124507676.99
2024-09-06,159915,创业板ETF,1.645,1.668,1.613,1.635,731508,1196086.98
2024-09-06,510300,沪深300ETF,3.23,3.263,3.196,3.229,1026083,3313703.71
2024-09-06,511010,国债ETF,110.232,110.418,110.111,110.297,1359467,149945403.46
2024-09-09,159915,创业板ETF,1.622,1.651,1.572,1.601,2114051,3384803.76
2024-09-09,510300,沪深300ETF,3.218,3.265,3.15,3.197,1135397,3629667.48
2024-09-09,511010,国债ETF,110.255,110.68,110.143,110.567,2458680,271849896.17
2024-09-10,159915,创业板ETF,1.601,1.621,1.578,1.597,1536052,2453368.96
2024-09-10,510300,沪深300ETF,3.189,3.262,3.148,3.22,2192906,7062156.17
2024-09-10,511010,国债ETF,110.525,111.043,110.472,110.99,1437946,159597604.54
2024-09-11,159915,创业板ETF,1.579,1.621,1.556,1.598,1161579,1855800.96
2024-09-11,510300,沪深300ETF,3.22,3.231,3.163,3.174,1165081,3698082.03
2024-09-11,511010,国债ETF,111.002,111.432,110.819,111.248,847254,94255502.14
2024-09-12,159915,创业板ETF,1.591,1.647,1.562,1.617,2733027,4418510.29
2024-09-12,510300,沪深300ETF,3.175,3.175,3.143,3.143,615642,1934940.06
2024-09-12,511010,国债ETF,111.272,111.487,110.812,111.027,3307844,367259518.04
2024-09-13,159915,创业板ETF,1.611,1.642,1.586,1.617,2689641,4350492.14
2024-09-13,510300,沪深300ETF,3.138,3.279,3.077,3.217,1331387,4283279.56
2024-09-13,511010,国债ETF,111.047,111.434,110.883,111.27,1001840,111474920.71
2024-09-16,159915,创业板ETF,1.612,1.629,1.571,1.588,1212760,1925680.39
2024-09-16,510300,沪深300ETF,3.231,3.261,3.227,3.256,2008168,6539115.75
2024-09-16,511010,国债ETF,111.407,111.592,111.104,111.289,1920351,213713141.89
2024-09-17,159915,创业板ETF,1.576,1.603,1.565,1.593,1245553,1983883.18
2024-09-17,510300,沪深300ETF,3.271,3.307,3.236,3.273,1582489,5179444.84
2024-09-17,511010,国债ETF,111.312,111.532,111.136,111.356,688408,76658389.13
2024-09-18,159915,创业板ETF,1.598,1.679,1.556,1.636,1058103,1730682.09
2024-09-18,510300,沪深300ETF,3.261,3.354,3.236,3.328,1141310,3797895.3
2024-09-18,511010,国债ETF,111.384,111.64,110.902,111.157,1200254,133416784.2
2024-09-19,159915,创业板ETF,1.646,1.679,1.578,1.611,1131383,1822118.86
2024-09-19,510300,沪深300ETF,3.344,3.37,3.292,3.318,2034832,6751371.67
2024-09-19,511010,国债ETF,111.098,111.383,110.641,110.926,1762243,195477733.36
2024-09-20,159915,创业板ETF,1.616,1.651,1.581,1.616,2920086,4718503.01
2024-09-20,510300,沪深300ETF,3.322,3.363,3.3,3.34,1087843,3633706.91
2024-09-20,511010,国债ETF,110.933,111.089,110.613,110.769,1273748,141091656.46
2024-09-23,159915,创业板ETF,1.621,1.649,1.59,1.618,1069767,1730380.09
2024-09-23,510300,沪深300ETF,3.346,3.408,3.25,3.311,882566,2922526.99
2024-09-23,511010,国债ETF,110.793,111.075,110.465,110.747,2053027,227366557.15
2024-09-24,159915,创业板ETF,1.631,1.658,1.589,1.616,997681,1612231.7
2024-09-24,510300,沪深300ETF,3.318,3.365,3.254,3.3,1973480,6512793.98
2024-09-24,511010,国债ETF,110.683,110.993,110.477,110.787,2473751,274059849.95
2024-09-25,159915,创业板ETF,1.607,1.644,1.508,1.543,2025330,3125469.78
2024-09-25,510300,沪深300ETF,3.287,3.324,3.268,3.304,763695,2523457.64
2024-09-25,511010,国债ETF,110.7,111.061,110.573,110.934,780240,86555213.25
2024-09-26,159915,创业板ETF,1.548,1.605,1.513,1.569,903438,1417610.34
2024-09-26,510300,沪深300ETF,3.293,3.403,3.25,3.36,945513,3176984.65
2024-09-26,511010,国债ETF,110.935,111.08,110.644,110.789,907585,100550483.5
2024-09-27,159915,创业板ETF,1.56,1.581,1.523,1.543,1120964,1729940.62
2024-09-27,510300,沪深300ETF,3.364,3.401,3.299,3.335,2559061,8535282.57
2024-09-27,511010,国债ETF,110.795,111.242,110.629,111.076,3474247,385906817.73
2024-09-30,159915,创业板ETF,1.54,1.556,1.52,1.536,3690021,5667760.78
2024-09-30,510300,沪深300ETF,3.329,3.436,3.269,3.375,3267860,11030206.52
2024-09-30,511010,国债ETF,111.058,111.278,110.551,110.77,3143663,348222640.02
2024-10-01,159915,创业板ETF,1.534,1.567,1.447,1.479,2722035,4026517.32
2024-10-01,510300,沪深300ETF,3.401,3.437,3.34,3.376,1121528,3786286.37
2024-10-01,511010,国债ETF,110.776,111.007,110.642,110.873,2465311,273335392.93
2024-10-02,159915,创业板ETF,1.484,1.492,1.44,1.449,1658374,2402187.78
2024-10-02,510300,沪深300ETF,3.372,3.383,3.301,3.312,1466451,4857135.66
2024-10-02,511010,国债ETF,110.849,111.067,110.69,110.907,2529931,280588161.16
2024-10-03,159915,创业板ETF,1.446,1.476,1.375,1.405,2766318,3885471.87
2024-10-03,510300,沪深300ETF,3.321,3.377,3.188,3.243,2935684,9521622.5
2024-10-03,511010,国债ETF,110.868,110.983,110.767,110.883,1102900,122292382.12
2024-10-04,159915,创业板ETF,1.414,1.429,1.383,1.397,1041321,1455000.18
2024-10-04,510300,沪深300ETF,3.235,3.291,3.164,3.22,1253542,4035831.97
2024-10-04,511010,国债ETF,110.87,111.233,110.622,110.986,3071129,340851181.82
2024-10-07,159915,创业板ETF,1.395,1.424,1.382,1.41,1674520,2361563.65
2024-10-07,510300,沪深300ETF,3.239,3.316,3.182,3.259,3262885,10633212.42
2024-10-07,511010,国债ETF,111.043,111.622,110.72,111.298,1855521,206515915.45
2024-10-08,159915,创业板ETF,1.411,1.434,1.389,1.411,1214514,1713875.48
2024-10-08,510300,沪深300ETF,3.276,3.319,3.226,3.269,1369189,4476022.39
2024-10-08,511010,国债ETF,111.287,111.524,111.015,111.252,2842875,316275335.17
2024-10-09,159915,创业板ETF,1.409,1.423,1.401,1.414,4188698,5924777.44
2024-10-09,510300,沪深300ETF,3.255,3.345,3.247,3.336,1393344,4648660.01
2024-10-09,511010,国债ETF,111.265,111.415,111.08,111.23,2478709,275707930.56
2024-10-10,159915,创业板ETF,1.41,1.44,1.39,1.421,5405713,7679758.95
2024-10-10,510300,沪深300ETF,3.34,3.363,3.321,3.344,1698625,5680258.99
2024-10-10,511010,国债ETF,111.274,111.497,110.841,111.063,967244,107425360.92
2024-10-11,159915,创业板ETF,1.417,1.463,1.395,1.441,2818808,4061392.83
2024-10-11,510300,沪深300ETF,3.345,3.427,3.316,3.398,1032030,3506611.21
2024-10-11,511010,国债ETF,111.079,111.482,110.941,111.344,1013966,112899031.12
2024-10-14,159915,创业板ETF,1.438,1.476,1.407,1.445,1005672,1453626.74
2024-10-14,510300,沪深300ETF,3.412,3.448,3.373,3.408,1509415,5144453.48
2024-10-14,511010,国债ETF,111.3,111.591,111.194,111.485,1613634,179896316.88
2024-10-15,159915,创业板ETF,1.451,1.485,1.425,1.46,1064891,1554333.81
2024-10-15,510300,沪深300ETF,3.385,3.413,3.348,3.375,2310938,7799826.02
2024-10-15,511010,国债ETF,111.403,111.935,111.111,111.642,1874545,209278233.41
2024-10-16,159915,创业板ETF,1.462,1.477,1.421,1.435,2816816,4041866.24
2024-10-16,510300,沪深300ETF,3.372,3.444,3.332,3.403,1438488,4895119.7
2024-10-16,511010,国债ETF,111.636,111.721,111.53,111.615,1408467,157205535.92
2024-10-17,159915,创业板ETF,1.429,1.462,1.416,1.449,1127449,1633231.39
2024-10-17,510300,沪深300ETF,3.411,3.429,3.359,3.376,2030461,6855229.65
2024-10-17,511010,国债ETF,111.6,112.274,111.322,111.995,2365614,264937895.51
2024-10-18,159915,创业板ETF,1.452,1.476,1.405,1.429,1878323,2684959.11
2024-10-18,510300,沪深300ETF,3.373,3.397,3.301,3.325,1236754,4112269.85
2024-10-18,511010,国债ETF,111.861,112.353,111.51,112.002,2918449,326870747.66
2024-10-21,159915,创业板ETF,1.427,1.442,1.413,1.428,1111506,1587363.46
2024-10-21,510300,沪深300ETF,3.319,3.34,3.278,3.299,1046410,3451711.84
2024-10-21,511010,国债ETF,111.978,112.196,111.613,111.831,2059769,230346469.6
2024-10-22,159915,创业板ETF,1.427,1.444,1.351,1.367,1323889,1809320.83
2024-10-22,510300,沪深300ETF,3.285,3.314,3.256,3.286,1649306,5418802.6
2024-10-22,511010,国债ETF,111.87,112.14,111.037,111.305,1629021,181318532.43
2024-10-23,159915,创业板ETF,1.372,1.397,1.329,1.354,936471,1267886.12
2024-10-23,510300,沪深300ETF,3.288,3.306,3.278,3.296,2104583,6935927.28
2024-10-23,511010,国债ETF,111.305,111.546,111.195,111.436,3287163,366307627.38
2024-10-24,159915,创业板ETF,1.353,1.388,1.333,1.367,640970,876514.12
2024-10-24,510300,沪深300ETF,3.293,3.386,3.236,3.328,1551949,5164637.53
2024-10-24,511010,国债ETF,111.406,111.623,111.252,111.469,1239898,138210015.87
2024-10-25,159915,创业板ETF,1.373,1.399,1.336,1.362,2063663,2810294.62
2024-10-25,510300,沪深300ETF,3.314,3.369,3.296,3.351,1095494,3671432.32
2024-10-25,511010,国债ETF,111.473,111.713,111.251,111.491,1506373,167946828.99
2024-10-28,159915,创业板ETF,1.357,1.361,1.33,1.333,3452166,4602370.24
2024-10-28,510300,沪深300ETF,3.352,3.454,3.329,3.431,3252694,11159345.52
2024-10-28,511010,国债ETF,111.519,111.684,111.268,111.434,4273013,476158144.75
2024-10-29,159915,创业板ETF,1.329,1.363,1.318,1.352,1384170,1871067.17
2024-10-29,510300,沪深300ETF,3.423,3.461,3.321,3.359,676293,2271358.95
2024-10-29,511010,国债ETF,111.478,111.726,111.239,111.488,1113042,124090879.04
2024-10-30,159915,创业板ETF,1.354,1.377,1.295,1.318,1487550,1960520.46
2024-10-30,510300,沪深300ETF,3.36,3.381,3.332,3.353,1924756,6453735.3
2024-10-30,511010,国债ETF,111.481,111.775,111.1,111.394,829913,92447542.02
2024-10-31,159915,创业板ETF,1.314,1.336,1.29,1.311,2077947,2724804.18
2024-10-31,510300,沪深300ETF,3.359,3.497,3.314,3.451,1310535,4523139.98
2024-10-31,511010,国债ETF,111.278,111.999,111.031,111.751,3067067,342747226.39
2024-11-01,159915,创业板ETF,1.315,1.32,1.302,1.307,1359838,1777188.03
2024-11-01,510300,沪深300ETF,3.461,3.506,3.396,3.441,1467966,5050853.2
2024-11-01,511010,国债ETF,111.84,111.967,111.716,111.843,786848,88003213.52
2024-11-04,159915,创业板ETF,1.3,1.323,1.274,1.297,574842,745297.95
2024-11-04,510300,沪深300ETF,3.443,3.49,3.349,3.394,1451537,4927195.56
2024-11-04,511010,国债ETF,111.824,111.878,111.373,111.427,2773957,309092387.86
2024-11-05,159915,创业板ETF,1.297,1.328,1.289,1.32,2477360,3270483.89
2024-11-05,510300,沪深300ETF,3.384,3.406,3.346,3.368,1070102,3603604.4
2024-11-05,511010,国债ETF,111.404,111.646,111.244,111.485,1992998,222189705.52
2024-11-06,159915,创业板ETF,1.318,1.325,1.289,1.296,2119551,2746222.93
2024-11-06,510300,沪深300ETF,3.365,3.385,3.313,3.333,1572643,5241456.13
2024-11-06,511010,国债ETF,111.496,111.683,111.317,111.504,1672329,186471790.62
2024-11-07,159915,创业板ETF,1.29,1.354,1.263,1.326,2157434,2861645.7
2024-11-07,510300,沪深300ETF,3.329,3.355,3.29,3.316,818629,2714612.8
2024-11-07,511010,国债ETF,111.525,111.741,110.785,111.0,1170787,129957526.36
2024-11-08,159915,创业板ETF,1.331,1.371,1.316,1.356,2807374,3806073.14
2024-11-08,510300,沪深300ETF,3.325,3.406,3.3,3.381,1236239,4180147.41
2024-11-08,511010,国债ETF,111.011,111.264,110.739,110.992,1604021,178033335.12
2024-11-11,159915,创业板ETF,1.358,1.391,1.33,1.363,2307474,3145624.19
2024-11-11,510300,沪深300ETF,3.374,3.405,3.3,3.331,1614616,5378055.26
2024-11-11,511010,国债ETF,110.99,111.156,110.634,110.8,2175555,241050408.78
2024-11-12,159915,创业板ETF,1.357,1.393,1.338,1.374,2776538,3815410.3
2024-11-12,510300,沪深300ETF,3.344,3.379,3.272,3.307,774709,2561718.93
2024-11-12,511010,国债ETF,110.908,111.126,110.549,110.768,1490711,165122415.83
2024-11-13,159915,创业板ETF,1.368,1.409,1.315,1.356,1050409,1424620.68
2024-11-13,510300,沪深300ETF,3.306,3.391,3.275,3.36,1687641,5670883.3
2024-11-13,511010,国债ETF,110.791,111.124,110.395,110.728,1051991,116484784.57
2024-11-14,159915,创业板ETF,1.363,1.391,1.309,1.337,2257685,3018954.43
2024-11-14,510300,沪深300ETF,3.366,3.398,3.34,3.373,1529932,5159935.38
2024-11-14,511010,国债ETF,110.647,110.901,110.495,110.748,966268,107012623.39
2024-11-15,159915,创业板ETF,1.334,1.365,1.318,1.35,1905117,2571943.45
2024-11-15,510300,沪深300ETF,3.368,3.434,3.32,3.386,2450457,8298125.74
2024-11-15,511010,国债ETF,110.673,111.213,110.359,110.898,705743,78265261.15
2024-11-18,159915,创业板ETF,1.345,1.383,1.32,1.358,3062725,4158421.68
2024-11-18,510300,沪深300ETF,3.397,3.446,3.325,3.374,585537,1975420.66
2024-11-18,511010,国债ETF,110.793,110.909,110.597,110.712,1306783,144676424.91
2024-11-19,159915,创业板ETF,1.361,1.396,1.352,1.387,2091132,2899982.29
2024-11-19,510300,沪深300ETF,3.367,3.454,3.324,3.41,3188957,10875681.55
2024-11-19,511010,国债ETF,110.736,110.77,110.276,110.31,3025093,333697339.45
2024-11-20,159915,创业板ETF,1.4,1.429,1.351,1.38,2262485,3121562.64
2024-11-20,510300,沪深300ETF,3.425,3.466,3.334,3.374,1159356,3911322.25
2024-11-20,511010,国债ETF,110.338,110.569,109.521,109.751,1321820,145070838.68
2024-11-21,159915,创业板ETF,1.378,1.409,1.366,1.396,1695004,2366473.67
2024-11-21,510300,沪深300ETF,3.377,3.45,3.338,3.411,1870887,6381632.22
2024-11-21,511010,国债ETF,109.66,110.081,109.532,109.953,1672803,183929060.52
2024-11-22,159915,创业板ETF,1.4,1.419,1.348,1.365,1573123,2147976.95
2024-11-22,510300,沪深300ETF,3.418,3.473,3.362,3.417,1374034,4695231.89
2024-11-22,511010,国债ETF,109.981,110.308,109.743,110.07,3635408,400149611.27
2024-11-25,159915,创业板ETF,1.374,1.417,1.34,1.383,2317457,3204239.75
2024-11-25,510300,沪深300ETF,3.422,3.447,3.386,3.411,965377,3293383.11
2024-11-25,511010,国债ETF,110.048,110.708,109.735,110.394,2999403,331117320.13
2024-11-26,159915,创业板ETF,1.377,1.428,1.35,1.4,1105455,1547456.78
2024-11-26,510300,沪深300ETF,3.403,3.419,3.377,3.393,2084106,7071067.72
2024-11-26,511010,国债ETF,110.426,110.638,110.232,110.444,1018190,112453246.26
2024-11-27,159915,创业板ETF,1.407,1.432,1.396,1.421,1872706,2661829.48
2024-11-27,510300,沪深300ETF,3.405,3.461,3.375,3.43,1302478,4467733.0
2024-11-27,511010,国债ETF,110.47,110.7,110.246,110.476,544275,60129354.92
2024-11-28,159915,创业板ETF,1.421,1.454,1.368,1.401,700658,981467.55
2024-11-28,510300,沪深300ETF,3.415,3.477,3.382,3.445,3234315,11140694.2
2024-11-28,511010,国债ETF,110.481,110.651,110.343,110.512,987653,109147777.69
2024-11-29,159915,创业板ETF,1.399,1.4,1.37,1.372,2185029,2998068.81
2024-11-29,510300,沪深300ETF,3.445,3.474,3.403,3.431,828376,2842301.44
2024-11-29,511010,国债ETF,110.549,110.955,110.433,110.838,3797369,420894305.88
2024-12-02,159915,创业板ETF,1.374,1.403,1.336,1.364,2391008,3261715.75
2024-12-02,510300,沪深300ETF,3.438,3.467,3.408,3.437,1348198,4634046.52
2024-12-02,511010,国债ETF,110.908,111.534,110.709,111.334,944870,105196603.02
2024-12-03,159915,创业板ETF,1.366,1.4,1.332,1.366,2565078,3503412.64
2024-12-03,510300,沪深300ETF,3.446,3.476,3.37,3.399,987086,3355239.97
2024-12-03,511010,国债ETF,111.314,111.678,111.03,111.393,1201432,133830901.49
2024-12-04,159915,创业板ETF,1.366,1.418,1.342,1.393,1219304,1698167.47
2024-12-04,510300,沪深300ETF,3.392,3.487,3.356,3.449,3586401,12369881.68
2024-12-04,511010,国债ETF,111.435,111.551,111.254,111.37,3041576,338739893.68
2024-12-05,159915,创业板ETF,1.387,1.437,1.367,1.416,2453452,3473805.97
2024-12-05,510300,沪深300ETF,3.444,3.528,3.42,3.504,1352000,4737171.19
2024-12-05,511010,国债ETF,111.378,111.635,110.973,111.23,1870115,208013040.26
2024-12-06,159915,创业板ETF,1.412,1.458,1.373,1.42,1317183,1870045.62
2024-12-06,510300,沪深300ETF,3.501,3.57,3.481,3.55,1137200,4036729.16
2024-12-06,511010,国债ETF,111.23,111.585,110.457,110.811,1880462,208375696.82
2024-12-09,159915,创业板ETF,1.411,1.439,1.328,1.355,446469,605052.69
2024-12-09,510300,沪深300ETF,3.539,3.596,3.506,3.563,2641618,9411672.69
2024-12-09,511010,国债ETF,110.728,111.46,110.434,111.166,877336,97529809.64
2024-12-10,159915,创业板ETF,1.35,1.435,1.322,1.406,498646,701194.44
2024-12-10,510300,沪深300ETF,3.56,3.627,3.518,3.585,1323582,4744805.61
2024-12-10,511010,国债ETF,111.115,111.247,110.962,111.095,1791694,199047644.88
2024-12-11,159915,创业板ETF,1.401,1.46,1.387,1.446,1879610,2718773.95
2024-12-11,510300,沪深300ETF,3.575,3.607,3.501,3.533,1754926,6200564.18
2024-12-11,511010,国债ETF,111.068,111.617,110.947,111.495,1302082,145175009.59
2024-12-12,159915,创业板ETF,1.442,1.473,1.43,1.462,484660,708428.5
2024-12-12,510300,沪深300ETF,3.537,3.554,3.504,3.521,960582,3381996.49
2024-12-12,511010,国债ETF,111.424,111.887,111.368,111.831,1082111,121013226.6
2024-12-13,159915,创业板ETF,1.465,1.504,1.444,1.483,2053510,3046349.22
2024-12-13,510300,沪深300ETF,3.518,3.552,3.479,3.513,1065816,3744383.94
2024-12-13,511010,国债ETF,111.758,112.502,111.425,112.168,1799353,201829583.89
2024-12-16,159915,创业板ETF,1.481,1.506,1.464,1.489,541217,805840.64
2024-12-16,510300,沪深300ETF,3.504,3.536,3.478,3.51,1895601,6653380.12
2024-12-16,511010,国债ETF,112.035,112.373,111.98,112.319,3065178,344276626.29
2024-12-17,159915,创业板ETF,1.487,1.519,1.463,1.495,860975,1286737.52
2024-12-17,510300,沪深300ETF,3.502,3.578,3.461,3.536,3036518,10738243.46
2024-12-17,511010,国债ETF,112.296,112.594,112.101,112.4,1685458,189445005.5
2024-12-18,159915,创业板ETF,1.493,1.515,1.474,1.496,2310482,3456845.67
2024-12-18,510300,沪深300ETF,3.537,3.565,3.493,3.521,845686,2977791.25
2024-12-18,511010,国债ETF,112.342,112.782,111.922,112.362,1739512,195454746.63
2024-12-19,159915,创业板ETF,1.489,1.521,1.451,1.483,1337426,1983165.87
2024-12-19,510300,沪深300ETF,3.512,3.546,3.461,3.494,1888992,6601049.4
2024-12-19,511010,国债ETF,112.337,112.671,112.094,112.427,1185828,133319194.98
2024-12-20,159915,创业板ETF,1.489,1.577,1.449,1.536,767815,1179060.93
2024-12-20,510300,沪深300ETF,3.48,3.591,3.433,3.543,1021406,3618948.57
2024-12-20,511010,国债ETF,112.474,112.648,112.323,112.497,780811,87838900.5
2024-12-23,159915,创业板ETF,1.528,1.552,1.478,1.502,1474978,2215540.56
2024-12-23,510300,沪深300ETF,3.531,3.57,3.495,3.533,1805040,6376943.38
2024-12-23,511010,国债ETF,112.443,112.717,112.268,112.542,1463696,164726988.77
2024-12-24,159915,创业板ETF,1.512,1.526,1.498,1.512,942322,1424522.88
2024-12-24,510300,沪深300ETF,3.534,3.568,3.476,3.51,388908,1364980.37
2024-12-24,511010,国债ETF,112.441,112.852,112.185,112.596,1962517,220970697.86
2024-12-25,159915,创业板ETF,1.514,1.547,1.428,1.46,3523943,5143833.2
2024-12-25,510300,沪深300ETF,3.491,3.522,3.404,3.434,2125086,7298388.83
2024-12-25,511010,国债ETF,112.523,112.908,112.376,112.762,2715267,306178538.08
2024-12-26,159915,创业板ETF,1.467,1.512,1.43,1.475,3589641,5293276.75
2024-12-26,510300,沪深300ETF,3.434,3.457,3.362,3.385,1008612,3413985.58
2024-12-26,511010,国债ETF,112.795,112.975,112.179,112.359,2912826,327282405.85
2024-12-27,159915,创业板ETF,1.486,1.513,1.462,1.489,3824626,5695999.77
2024-12-27,510300,沪深300ETF,3.392,3.433,3.337,3.378,1341635,4531961.46
2024-12-27,511010,国债ETF,112.333,112.54,112.137,112.343,1239464,139245204.4
2024-12-30,159915,创业板ETF,1.493,1.511,1.439,1.457,1067435,1555108.32
2024-12-30,510300,沪深300ETF,3.371,3.405,3.356,3.39,859489,2913445.7
2024-12-30,511010,国债ETF,112.335,112.452,111.943,112.06,1339419,150094798.54
2024-12-31,159915,创业板ETF,1.45,1.521,1.433,1.503,1331497,2001775.96
2024-12-31,510300,沪深300ETF,3.386,3.411,3.301,3.325,2103328,6994353.29
2024-12-31,511010,国债ETF,111.926,112.394,111.662,112.129,822709,92249925.62
