date,512890_红利低波,510300_沪深300,159915_创业板,510500_中证500,518880_黄金,513100_纳指,513500_标普500,511260_十年国债
2011-12-09,,,0.797,,,,,
2011-12-12,,,0.79,,,,,
2011-12-13,,,0.768,,,,,
2011-12-14,,,0.76,,,,,
2011-12-15,,,0.752,,,,,
2011-12-16,,,0.781,,,,,
2011-12-19,,,0.795,,,,,
2011-12-20,,,0.78,,,,,
2011-12-21,,,0.766,,,,,
2011-12-22,,,0.757,,,,,
2011-12-23,,,0.761,,,,,
2011-12-26,,,0.755,,,,,
2011-12-27,,,0.729,,,,,
2011-12-28,,,0.719,,,,,
2011-12-29,,,0.718,,,,,
2011-12-30,,,0.729,,,,,
2012-01-04,,,0.708,,,,,
2012-01-05,,,0.672,,,,,
2012-01-06,,,0.67,,,,,
2012-01-09,,,0.696,,,,,
2012-01-10,,,0.72,,,,,
2012-01-11,,,0.723,,,,,
2012-01-12,,,0.711,,,,,
2012-01-13,,,0.668,,,,,
2012-01-16,,,0.635,,,,,
2012-01-17,,,0.666,,,,,
2012-01-18,,,0.624,,,,,
2012-01-19,,,0.635,,,,,
2012-01-20,,,0.648,,,,,
2012-01-30,,,0.655,,,,,
2012-01-31,,,0.65,,,,,
2012-02-01,,,0.653,,,,,
2012-02-02,,,0.67,,,,,
2012-02-03,,,0.682,,,,,
2012-02-06,,,0.69,,,,,
2012-02-07,,,0.675,,,,,
2012-02-08,,,0.696,,,,,
2012-02-09,,,0.701,,,,,
2012-02-10,,,0.701,,,,,
2012-02-13,,,0.718,,,,,
2012-02-14,,,0.715,,,,,
2012-02-15,,,0.726,,,,,
2012-02-16,,,0.723,,,,,
2012-02-17,,,0.719,,,,,
2012-02-20,,,0.723,,,,,
2012-02-21,,,0.738,,,,,
2012-02-22,,,0.762,,,,,
2012-02-23,,,0.76,,,,,
2012-02-24,,,0.764,,,,,
2012-02-27,,,0.763,,,,,
2012-02-28,,,0.75,,,,,
2012-02-29,,,0.737,,,,,
2012-03-01,,,0.743,,,,,
2012-03-02,,,0.759,,,,,
2012-03-05,,,0.761,,,,,
2012-03-06,,,0.752,,,,,
2012-03-07,,,0.749,,,,,
2012-03-08,,,0.765,,,,,
2012-03-09,,,0.779,,,,,
2012-03-12,,,0.786,,,,,
2012-03-13,,,0.793,,,,,
2012-03-14,,,0.756,,,,,
2012-03-15,,,0.747,,,,,
2012-03-16,,,0.767,,,,,
2012-03-19,,,0.78,,,,,
2012-03-20,,,0.756,,,,,
2012-03-21,,,0.75,,,,,
2012-03-22,,,0.752,,,,,
2012-03-23,,,0.74,,,,,
2012-03-26,,,0.739,,,,,
2012-03-27,,,0.737,,,,,
2012-03-28,,,0.7,,,,,
2012-03-29,,,0.686,,,,,
2012-03-30,,,0.683,,,,,
2012-04-05,,,0.701,,,,,
2012-04-06,,,0.703,,,,,
2012-04-09,,,0.691,,,,,
2012-04-10,,,0.7,,,,,
2012-04-11,,,0.701,,,,,
2012-04-12,,,0.718,,,,,
2012-04-13,,,0.722,,,,,
2012-04-16,,,0.719,,,,,
2012-04-17,,,0.71,,,,,
2012-04-18,,,0.728,,,,,
2012-04-19,,,0.728,,,,,
2012-04-20,,,0.729,,,,,
2012-04-23,,,0.686,,,,,
2012-04-24,,,0.683,,,,,
2012-04-25,,,0.684,,,,,
2012-04-26,,,0.681,,,,,
2012-04-27,,,0.688,,,,,
2012-05-02,,,0.698,,,,,
2012-05-03,,,0.703,,,,,
2012-05-04,,,0.719,,,,,
2012-05-07,,,0.737,,,,,
2012-05-08,,,0.734,,,,,
2012-05-09,,,0.724,,,,,
2012-05-10,,,0.732,,,,,
2012-05-11,,,0.722,,,,,
2012-05-14,,,0.722,,,,,
2012-05-15,,,0.724,,,,,
2012-05-16,,,0.714,,,,,
2012-05-17,,,0.72,,,,,
2012-05-18,,,0.712,,,,,
2012-05-21,,,0.708,,,,,
2012-05-22,,,0.721,,,,,
2012-05-23,,,0.716,,,,,
2012-05-24,,,0.716,,,,,
2012-05-25,,,0.706,,,,,
2012-05-28,,2.604,0.712,,,,,
2012-05-29,,2.644,0.725,,,,,
2012-05-30,,2.636,0.732,,,,,
2012-05-31,,2.63,0.74,,,,,
2012-06-01,,2.63,0.739,,,,,
2012-06-04,,2.558,0.723,,,,,
2012-06-05,,2.561,0.721,,,,,
2012-06-06,,2.559,0.72,,,,,
2012-06-07,,2.543,0.717,,,,,
2012-06-08,,2.534,0.721,,,,,
2012-06-11,,2.564,0.744,,,,,
2012-06-12,,2.548,0.741,,,,,
2012-06-13,,2.585,0.752,,,,,
2012-06-14,,2.574,0.745,,,,,
2012-06-15,,2.584,0.747,,,,,
2012-06-18,,2.592,0.759,,,,,
2012-06-19,,2.573,0.752,,,,,
2012-06-20,,2.57,0.754,,,,,
2012-06-21,,2.53,0.744,,,,,
2012-06-25,,2.48,0.73,,,,,
2012-06-26,,2.48,0.721,,,,,
2012-06-27,,2.471,0.725,,,,,
2012-06-28,,2.457,0.716,,,,,
2012-06-29,,2.485,0.734,,,,,
2012-07-02,,2.485,0.75,,,,,
2012-07-03,,2.489,0.749,,,,,
2012-07-04,,2.489,0.743,,,,,
2012-07-05,,2.461,0.728,,,,,
2012-07-06,,2.501,0.745,,,,,
2012-07-09,,2.451,0.725,,,,,
2012-07-10,,2.441,0.72,,,,,
2012-07-11,,2.452,0.726,,,,,
2012-07-12,,2.474,0.738,,,,,
2012-07-13,,2.478,0.73,,,,,
2012-07-16,,2.438,0.697,,,,,
2012-07-17,,2.443,0.702,,,,,
2012-07-18,,2.443,0.707,,,,,
2012-07-19,,2.451,0.714,,,,,
2012-07-20,,2.433,0.71,,,,,
2012-07-23,,2.403,0.711,,,,,
2012-07-24,,2.408,0.711,,,,,
2012-07-25,,2.393,0.713,,,,,
2012-07-26,,2.382,0.712,,,,,
2012-07-27,,2.385,0.709,,,,,
2012-07-30,,2.377,0.694,,,,,
2012-07-31,,2.371,0.683,,,,,
2012-08-01,,2.389,0.695,,,,,
2012-08-02,,2.371,0.695,,,,,
2012-08-03,,2.385,0.719,,,,,
2012-08-06,,2.416,0.736,,,,,
2012-08-07,,2.419,0.741,,,,,
2012-08-08,,2.421,0.735,,,,,
2012-08-09,,2.445,0.748,,,,,
2012-08-10,,2.438,0.748,,,,,
2012-08-13,,2.392,0.732,,,,,
2012-08-14,,2.388,0.742,,,,,
2012-08-15,,2.366,0.734,,,,,
2012-08-16,,2.359,0.729,,,,,
2012-08-17,,2.349,0.727,,,,,
2012-08-20,,2.336,0.736,,,,,
2012-08-21,,2.345,0.753,,,,,
2012-08-22,,2.328,0.752,,,,,
2012-08-23,,2.339,0.755,,,,,
2012-08-24,,2.316,0.739,,,,,
2012-08-27,,2.268,0.728,,,,,
2012-08-28,,2.268,0.733,,,,,
2012-08-29,,2.253,0.731,,,,,
2012-08-30,,2.243,0.707,,,,,
2012-08-31,,2.243,0.713,,,,,
2012-09-03,,2.257,0.729,,,,,
2012-09-04,,2.233,0.728,,,,,
2012-09-05,,2.232,0.736,,,,,
2012-09-06,,2.254,0.744,,,,,
2012-09-07,,2.357,0.766,,,,,
2012-09-10,,2.365,0.767,,,,,
2012-09-11,,2.347,0.766,,,,,
2012-09-12,,2.359,0.766,,,,,
2012-09-13,,2.336,0.751,,,,,
2012-09-14,,2.352,0.748,,,,,
2012-09-17,,2.297,0.727,,,,,
2012-09-18,,2.269,0.729,,,,,
2012-09-19,,2.278,0.734,,,,,
2012-09-20,,2.229,0.712,,,,,
2012-09-21,,2.228,0.694,,,,,
2012-09-24,,2.248,0.696,,,,,
2012-09-25,,2.245,0.684,,,,,
2012-09-26,,2.221,0.666,,,,,
2012-09-27,,2.285,0.683,,,,,
2012-09-28,,2.338,0.696,,,,,
2012-10-08,,2.303,0.697,,,,,
2012-10-09,,2.356,0.717,,,,,
2012-10-10,,2.356,0.725,,,,,
2012-10-11,,2.34,0.717,,,,,
2012-10-12,,2.338,0.711,,,,,
2012-10-15,,2.33,0.708,,,,,
2012-10-16,,2.331,0.709,,,,,
2012-10-17,,2.34,0.713,,,,,
2012-10-18,,2.369,0.724,,,,,
2012-10-19,,2.369,0.723,,,,,
2012-10-22,,2.378,0.728,,,,,
2012-10-23,,2.351,0.713,,,,,
2012-10-24,,2.347,0.711,,,,,
2012-10-25,,2.328,0.699,,,,,
2012-10-26,,2.276,0.688,,,,,
2012-10-29,,2.265,0.692,,,,,
2012-10-30,,2.27,0.692,,,,,
2012-10-31,,2.286,0.695,,,,,
2012-11-01,,2.334,0.706,,,,,
2012-11-02,,2.339,0.705,,,,,
2012-11-05,,2.333,0.696,,,,,
2012-11-06,,2.324,0.693,,,,,
2012-11-07,,2.322,0.692,,,,,
2012-11-08,,2.28,0.679,,,,,
2012-11-09,,2.274,0.678,,,,,
2012-11-12,,2.282,0.682,,,,,
2012-11-13,,2.247,0.671,,,,,
2012-11-14,,2.253,0.669,,,,,
2012-11-15,,2.226,0.663,,,,,
2012-11-16,,2.205,0.661,,,,,
2012-11-19,,2.205,0.661,,,,,
2012-11-20,,2.199,0.661,,,,,
2012-11-21,,2.226,0.666,,,,,
2012-11-22,,2.213,0.655,,,,,
2012-11-23,,2.225,0.656,,,,,
2012-11-26,,2.211,0.643,,,,,
2012-11-27,,2.187,0.62,,,,,
2012-11-28,,2.163,0.611,,,,,
2012-11-29,,2.155,0.607,,,,,
2012-11-30,,2.165,0.608,,,,,
2012-12-03,,2.145,0.598,,,,,
2012-12-04,,2.162,0.603,,,,,
2012-12-05,,2.238,0.627,,,,,
2012-12-06,,2.235,0.626,,,,,
2012-12-07,,2.28,0.641,,,,,
2012-12-10,,2.301,0.649,,,,,
2012-12-11,,2.294,0.642,,,,,
2012-12-12,,2.299,0.642,,,,,
2012-12-13,,2.281,0.633,,,,,
2012-12-14,,2.396,0.661,,,,,
2012-12-17,,2.403,0.654,,,,,
2012-12-18,,2.366,0.649,,,,,
2012-12-19,,2.372,0.654,,,,,
2012-12-20,,2.388,0.661,,,,,
2012-12-21,,2.378,0.671,,,,,
2012-12-24,,2.38,0.683,,,,,
2012-12-25,,2.446,0.697,,,,,
2012-12-26,,2.453,0.711,,,,,
2012-12-27,,2.448,0.703,,,,,
2012-12-28,,2.484,0.709,,,,,
2012-12-31,,2.524,0.713,,,,,
2013-01-04,,2.53,0.708,,,,,
2013-01-07,,2.534,0.721,,,,,
2013-01-08,,2.523,0.737,,,,,
2013-01-09,,2.521,0.735,,,,,
2013-01-10,,2.527,0.743,,,,,
2013-01-11,,2.489,0.731,,,,,
2013-01-14,,2.577,0.762,,,,,
2013-01-15,,2.592,0.78,,,,,
2013-01-16,,2.573,0.774,,,,,
2013-01-17,,2.557,0.768,,,,,
2013-01-18,,2.595,0.79,,,,,
2013-01-21,,2.604,0.794,,,,,
2013-01-22,,2.6,0.774,,,,,
2013-01-23,,2.605,0.781,,,,,
2013-01-24,,2.588,0.759,,,,,
2013-01-25,,2.576,0.763,,,,,
2013-01-28,,2.646,0.786,,,,,
2013-01-29,,2.666,0.792,,,,,
2013-01-30,,2.681,0.784,,,,,
2013-01-31,,2.688,0.78,,,,,
2013-02-01,,2.74,0.783,,,,,
2013-02-04,,2.745,0.771,,,,,
2013-02-05,,2.765,0.784,,,,,
2013-02-06,,2.773,0.791,,,,,
2013-02-07,,2.76,0.806,,,,,
2013-02-08,,2.769,0.822,,,,,
2013-02-18,,2.728,0.832,,,,,
2013-02-19,,2.684,0.818,,,,,
2013-02-20,,2.696,0.851,,,,,
2013-02-21,,2.6,0.838,,,,,
2013-02-22,,2.592,0.835,,,,,
2013-02-25,,2.596,0.854,,,,,
2013-02-26,,2.558,0.85,,,,,
2013-02-27,,2.582,0.842,,,,,
2013-02-28,,2.669,0.86,,,,,
2013-03-01,,2.666,0.885,,,,,
2013-03-04,,2.54,0.863,,,,,
2013-03-05,,2.613,0.887,,,,,
2013-03-06,,2.641,0.902,,,,,
2013-03-07,,2.609,0.88,,,,,
2013-03-08,,2.605,0.863,,,,,
2013-03-11,,2.587,0.867,,,,,
2013-03-12,,2.55,0.836,,,,,
2013-03-13,,2.522,0.832,,,,,
2013-03-14,,2.527,0.84,,,,,
2013-03-15,,2.529,0.853,0.97,,,,
2013-03-18,,2.502,0.85,0.954,,,,
2013-03-19,,2.524,0.841,0.96,,,,
2013-03-20,,2.601,0.864,0.985,,,,
2013-03-21,,2.608,0.88,0.995,,,,
2013-03-22,,2.615,0.878,0.999,,,,
2013-03-25,,2.611,0.88,0.996,,,,
2013-03-26,,2.568,0.872,0.986,,,,
2013-03-27,,2.574,0.882,0.989,,,,
2013-03-28,,2.494,0.864,0.962,,,,
2013-03-29,,2.487,0.86,0.963,,,,
2013-04-01,,2.483,0.875,0.968,,,,
2013-04-02,,2.487,0.847,0.957,,,,
2013-04-03,,2.482,0.829,0.951,,,,
2013-04-08,,2.47,0.854,0.953,,,,
2013-04-09,,2.485,0.86,0.962,,,,
2013-04-10,,2.485,0.849,0.959,,,,
2013-04-11,,2.474,0.849,0.957,,,,
2013-04-12,,2.466,0.844,0.949,,,,
2013-04-15,,2.441,0.834,0.932,,,,
2013-04-16,,2.456,0.842,0.943,,,,
2013-04-17,,2.462,0.866,0.951,,,,
2013-04-18,,2.467,0.871,0.954,,,,
2013-04-19,,2.537,0.891,0.974,,,,
2013-04-22,,2.529,0.915,0.98,,,,
2013-04-23,,2.452,0.892,0.952,,,,
2013-04-24,,2.494,0.926,0.971,,,,
2013-04-25,,2.468,0.898,0.959,,,,
2013-04-26,,2.445,0.89,0.943,,,,
2013-05-02,,2.447,0.914,0.946,,,,
2013-05-03,,2.491,0.938,0.966,,,,
2013-05-06,,2.52,0.953,0.983,,,,
2013-05-07,,2.526,0.95,0.985,,,,
2013-05-08,,2.542,0.982,0.995,,,,
2013-05-09,,2.529,0.99,0.995,,,,
2013-05-10,,2.539,0.987,1.001,,,,
2013-05-13,,2.529,0.991,1.004,,,,
2013-05-14,,2.492,0.971,0.993,,,,
2013-05-15,,2.504,1.01,1.008,,,,
2013-05-16,,2.555,1.007,1.019,,,,
2013-05-17,,2.599,1.017,1.033,,,,
2013-05-20,,2.614,1.048,1.046,,,,
2013-05-21,,2.614,1.073,1.058,,,,
2013-05-22,,2.617,1.039,1.05,,,,
2013-05-23,,2.589,1.043,1.042,,,,
2013-05-24,,2.603,1.07,1.057,,,,
2013-05-27,,2.597,1.085,1.067,,,,
2013-05-28,,2.651,1.054,1.071,,,,
2013-05-29,,2.642,1.064,1.077,,,,
2013-05-30,,2.635,1.068,1.08,,,,
2013-05-31,,2.605,1.067,1.076,,,,
2013-06-03,,2.61,1.046,1.069,,,,
2013-06-04,,2.572,1.02,1.047,,,,
2013-06-05,,2.565,1.035,1.051,,,,
2013-06-06,,2.54,1.018,1.032,,,,
2013-06-07,,2.494,1.032,1.013,,,,
2013-06-13,,2.417,1.024,0.984,,,,
2013-06-14,,2.434,1.069,1.006,,,,
2013-06-17,,2.419,1.067,1.006,,,,
2013-06-18,,2.435,1.068,1.009,,,,
2013-06-19,,2.421,1.064,1.005,,,,
2013-06-20,,2.345,1.023,0.973,,,,
2013-06-21,,2.334,1.027,0.966,,,,
2013-06-24,,2.191,0.963,0.908,,,,
2013-06-25,,2.192,0.986,0.904,,,,
2013-06-26,,2.187,1.045,0.922,,,,
2013-06-27,,2.188,1.02,0.906,,,,
2013-06-28,,2.228,1.003,0.908,,,,
2013-07-01,,2.237,1.06,0.925,,,,
2013-07-02,,2.244,1.083,0.942,,,,
2013-07-03,,2.239,1.1,0.942,,,,
2013-07-04,,2.255,1.087,0.95,,,,
2013-07-05,,2.263,1.052,0.946,,,,
2013-07-08,,2.202,1.027,0.911,,,,
2013-07-09,,2.197,1.048,0.914,,,,
2013-07-10,,2.258,1.069,0.943,,,,
2013-07-11,,2.371,1.082,0.971,,,,
2013-07-12,,2.312,1.092,0.963,,,,
2013-07-15,,2.345,1.138,0.98,,,,
2013-07-16,,2.359,1.137,0.992,,,,
2013-07-17,,2.324,1.126,0.979,,,,
2013-07-18,,2.288,1.124,0.977,,,,
2013-07-19,,2.225,1.106,0.955,,,,
2013-07-22,,2.239,1.154,0.973,,,,
2013-07-23,,2.309,1.173,0.996,,,,
2013-07-24,,2.292,1.2,1.001,,,,
2013-07-25,,2.286,1.147,0.984,,,,
2013-07-26,,2.265,1.152,0.982,,,,
2013-07-29,,2.221,1.124,0.962,2.626,,,
2013-07-30,,2.234,1.11,0.957,2.646,,,
2013-07-31,,2.239,1.122,0.963,2.657,1.013,,
2013-08-01,,2.298,1.177,0.99,2.643,1.014,,
2013-08-02,,2.294,1.169,0.992,2.578,1.023,,
2013-08-05,,2.327,1.193,1.009,2.63,1.031,,
2013-08-06,,2.342,1.196,1.019,2.591,1.03,,
2013-08-07,,2.326,1.162,1.006,2.574,1.017,,
2013-08-08,,2.327,1.171,1.008,2.586,1.018,,
2013-08-09,,2.337,1.161,1.013,2.616,1.026,,
2013-08-12,,2.407,1.152,1.031,2.659,1.019,,
2013-08-13,,2.407,1.163,1.035,2.675,1.019,,
2013-08-14,,2.402,1.172,1.03,2.64,1.021,,
2013-08-15,,2.374,1.151,1.017,2.68,1.017,,
2013-08-16,,2.357,1.117,0.995,2.712,1.001,,
2013-08-19,,2.377,1.164,1.012,2.737,1.0,,
2013-08-20,,2.36,1.16,1.006,2.705,0.995,,
2013-08-21,,2.36,1.164,1.013,2.724,1.001,,
2013-08-22,,2.352,1.181,1.018,2.714,0.998,,
2013-08-23,,2.337,1.198,1.015,2.733,1.015,,
2013-08-26,,2.389,1.22,1.037,2.772,1.019,,
2013-08-27,,2.389,1.229,1.045,2.779,1.017,,
2013-08-28,,2.378,1.209,1.039,2.827,0.996,,
2013-08-29,,2.371,1.207,1.039,2.796,1.002,,
2013-08-30,,2.367,1.171,1.028,2.787,1.009,,
2013-09-02,,2.369,1.197,1.03,2.767,1.012,,
2013-09-03,,2.405,1.214,1.05,2.762,1.015,,
2013-09-04,,2.404,1.215,1.049,2.787,1.013,,
2013-09-05,,2.394,1.248,1.055,2.751,1.019,,
2013-09-06,,2.408,1.262,1.063,2.725,1.016,,
2013-09-09,,2.497,1.255,1.071,2.756,1.026,,
2013-09-10,,2.53,1.244,1.08,2.742,1.028,,
2013-09-11,,2.541,1.202,1.076,2.722,1.03,,
2013-09-12,,2.566,1.207,1.07,2.682,1.031,,
2013-09-13,,2.547,1.235,1.073,2.622,1.028,,
2013-09-16,,2.534,1.257,1.072,2.631,1.04,,
2013-09-17,,2.484,1.246,1.069,2.609,1.029,,
2013-09-18,,2.487,1.265,1.072,2.589,1.041,,
2013-09-23,,2.522,1.3,1.093,2.629,1.063,,
2013-09-24,,2.498,1.305,1.093,2.622,1.06,,
2013-09-25,,2.483,1.299,1.095,2.629,1.06,,
2013-09-26,,2.442,1.281,1.082,2.632,1.06,,
2013-09-27,,2.451,1.308,1.076,2.622,1.071,,
2013-09-30,,2.467,1.346,1.099,2.649,1.056,,
2013-10-08,,2.502,1.36,1.103,2.63,1.054,,
2013-10-09,,2.505,1.39,1.116,2.615,1.04,,
2013-10-10,,2.483,1.349,1.111,2.595,1.042,,
2013-10-11,,2.523,1.36,1.128,2.569,1.065,,
2013-10-14,,2.524,1.373,1.139,2.543,1.067,,
2013-10-15,,2.521,1.365,1.142,2.533,1.081,,
2013-10-16,,2.477,1.312,1.11,2.549,1.079,,
2013-10-17,,2.464,1.299,1.102,2.531,1.096,,
2013-10-18,,2.476,1.332,1.113,2.605,1.101,,
2013-10-21,,2.529,1.376,1.14,2.608,1.114,,
2013-10-22,,2.501,1.318,1.129,2.595,1.156,,
2013-10-23,,2.474,1.289,1.101,2.624,1.14,,
2013-10-24,,2.454,1.268,1.097,2.624,1.121,,
2013-10-25,,2.415,1.252,1.068,2.619,1.139,,
2013-10-28,,2.418,1.255,1.066,2.626,1.141,,
2013-10-29,,2.421,1.234,1.037,2.639,1.123,,
2013-10-30,,2.455,1.252,1.054,2.631,1.128,,
2013-10-31,,2.431,1.211,1.042,2.613,1.116,,
2013-11-01,,2.441,1.199,1.038,2.602,1.118,,
2013-11-04,,2.434,1.202,1.043,2.584,1.122,,
2013-11-05,,2.434,1.236,1.057,2.582,1.126,,
2013-11-06,,2.406,1.22,1.049,2.578,1.134,,
2013-11-07,,2.396,1.2,1.033,2.589,1.134,,
2013-11-08,,2.36,1.189,1.018,2.573,1.125,,
2013-11-11,,2.363,1.19,1.022,2.529,1.128,,
2013-11-12,,2.387,1.206,1.03,2.517,1.126,,
2013-11-13,,2.342,1.189,1.013,2.501,1.117,,
2013-11-14,,2.349,1.225,1.025,2.516,1.134,,
2013-11-15,,2.398,1.247,1.047,2.526,1.132,,
2013-11-18,,2.477,1.268,1.071,2.527,1.132,,
2013-11-19,,2.466,1.276,1.076,2.501,1.116,,
2013-11-20,,2.477,1.274,1.087,2.508,1.098,,
2013-11-21,,2.465,1.272,1.083,2.463,1.089,,
2013-11-22,,2.451,1.268,1.077,2.458,1.108,,
2013-11-25,,2.438,1.272,1.073,2.437,1.125,,
2013-11-26,,2.437,1.265,1.077,2.465,1.121,,
2013-11-27,,2.465,1.308,1.088,2.453,1.133,,
2013-11-28,,2.491,1.311,1.099,2.44,1.142,,
2013-11-29,,2.493,1.341,1.104,2.443,1.137,,
2013-12-02,,2.47,1.208,1.057,2.45,1.136,,
2013-12-03,,2.492,1.227,1.08,2.411,1.131,,
2013-12-04,,2.524,1.22,1.1,2.408,1.132,,
2013-12-05,,2.524,1.18,1.1,2.429,1.132,,
2013-12-06,,2.507,1.186,1.098,2.418,1.132,,
2013-12-09,,2.506,1.217,1.105,2.425,1.144,,
2013-12-10,,2.505,1.208,1.105,2.445,1.145,,
2013-12-11,,2.466,1.228,1.094,2.462,1.135,,
2013-12-12,,2.461,1.252,1.096,2.45,1.118,,
2013-12-13,,2.46,1.251,1.098,2.41,1.122,,
2013-12-16,,2.42,1.255,1.079,2.411,1.121,,
2013-12-17,,2.405,1.239,1.072,2.438,1.128,,
2013-12-18,,2.407,1.228,1.07,2.419,1.122,,
2013-12-19,,2.384,1.234,1.062,2.4,1.136,,
2013-12-20,,2.333,1.23,1.048,2.342,1.137,,
2013-12-23,,2.333,1.215,1.046,2.366,1.155,,
2013-12-24,,2.336,1.236,1.052,2.366,1.173,,
2013-12-25,,2.348,1.262,1.065,2.376,1.175,,
2013-12-26,,2.316,1.243,1.046,2.377,1.175,,
2013-12-27,,2.347,1.273,1.063,2.401,1.179,,
2013-12-30,,2.349,1.28,1.066,2.377,1.162,,
2013-12-31,,2.376,1.274,1.071,2.376,1.163,,
2014-01-02,,2.368,1.306,1.077,2.403,1.169,,
2014-01-03,,2.342,1.325,1.07,2.424,1.161,,
2014-01-06,,2.286,1.299,1.04,2.435,1.157,,
2014-01-07,,2.287,1.324,1.044,2.442,1.156,,
2014-01-08,,2.285,1.375,1.045,2.411,1.173,,
2014-01-09,,2.271,1.348,1.035,2.412,1.172,,
2014-01-10,,2.255,1.324,1.015,2.428,1.171,,
2014-01-13,,2.239,1.336,1.01,2.448,1.17,,
2014-01-14,,2.254,1.377,1.028,2.455,1.157,,
2014-01-15,,2.254,1.39,1.034,2.434,1.168,0.986,
2014-01-16,,2.255,1.371,1.04,2.437,1.181,0.991,
2014-01-17,,2.223,1.367,1.026,2.435,1.183,0.987,
2014-01-20,,2.212,1.342,1.019,2.459,1.18,0.982,
2014-01-21,,2.182,1.381,1.031,2.451,1.182,0.984,
2014-01-22,,2.242,1.399,1.062,2.432,1.182,0.979,
2014-01-23,,2.23,1.43,1.07,2.426,1.191,0.988,
2014-01-24,,2.242,1.453,1.087,2.46,1.186,0.99,
2014-01-27,,2.213,1.445,1.086,2.476,1.162,0.97,
2014-01-28,,2.215,1.441,1.084,2.463,1.16,0.964,
2014-01-29,,2.222,1.466,1.092,2.455,1.174,0.977,
2014-01-30,,2.191,1.463,1.086,2.461,1.163,0.967,
2014-02-07,,2.205,1.498,1.107,2.48,1.16,0.973,
2014-02-10,,2.269,1.516,1.139,2.501,1.172,0.97,
2014-02-11,,2.28,1.492,1.142,2.515,1.171,0.975,
2014-02-12,,2.284,1.506,1.154,2.521,1.184,0.987,
2014-02-13,,2.278,1.45,1.137,2.517,1.177,0.987,
2014-02-14,,2.286,1.479,1.156,2.552,1.183,0.997,
2014-02-17,,2.302,1.521,1.178,2.596,1.187,1.001,
2014-02-18,,2.275,1.507,1.175,2.57,1.184,1.0,
2014-02-19,,2.305,1.506,1.176,2.575,1.196,1.004,
2014-02-20,,2.285,1.483,1.159,2.566,1.189,1.0,
2014-02-21,,2.259,1.483,1.152,2.582,1.203,1.003,
2014-02-24,,2.208,1.505,1.147,2.599,1.2,1.005,
2014-02-25,,2.151,1.432,1.107,2.612,1.215,1.013,
2014-02-26,,2.154,1.431,1.113,2.651,1.225,1.016,
2014-02-27,,2.149,1.385,1.098,2.602,1.227,1.015,
2014-02-28,,2.171,1.4,1.11,2.621,1.25,1.024,
2014-03-03,,2.179,1.43,1.133,2.651,1.239,1.026,
2014-03-04,,2.174,1.421,1.132,2.643,1.225,1.022,
2014-03-05,,2.155,1.427,1.126,2.624,1.24,1.031,
2014-03-06,,2.166,1.426,1.125,2.623,1.233,1.033,
2014-03-07,,2.159,1.428,1.121,2.649,1.231,1.034,
2014-03-10,,2.092,1.37,1.079,2.61,1.22,1.031,
2014-03-11,,2.101,1.363,1.08,2.641,1.221,1.039,
2014-03-12,,2.103,1.364,1.08,2.668,1.215,1.029,
2014-03-13,,2.136,1.405,1.092,2.694,1.219,1.034,
2014-03-14,,2.118,1.398,1.085,2.692,1.197,1.018,
2014-03-17,,2.134,1.438,1.109,2.722,1.189,1.022,
2014-03-18,,2.132,1.444,1.115,2.686,1.208,1.033,
2014-03-19,,2.119,1.427,1.111,2.68,1.226,1.037,
2014-03-20,,2.082,1.382,1.083,2.647,1.213,1.03,
2014-03-21,,2.159,1.382,1.103,2.647,1.22,1.033,
2014-03-24,,2.169,1.359,1.113,2.64,1.206,1.033,
2014-03-25,,2.166,1.359,1.113,2.608,1.197,1.031,
2014-03-26,,2.166,1.385,1.117,2.614,1.198,1.036,
2014-03-27,,2.151,1.332,1.102,2.58,1.179,1.029,
2014-03-28,,2.15,1.292,1.078,2.588,1.173,1.028,
2014-03-31,,2.141,1.297,1.072,2.573,1.176,1.033,
2014-04-01,,2.153,1.321,1.089,2.555,1.193,1.04,
2014-04-02,,2.17,1.292,1.09,2.561,1.214,1.048,
2014-04-03,,2.155,1.294,1.088,2.573,1.21,1.05,
2014-04-04,,2.181,1.314,1.099,2.564,1.199,1.049,
2014-04-08,,2.233,1.318,1.112,2.606,1.161,1.029,
2014-04-09,,2.229,1.336,1.122,2.61,1.168,1.03,
2014-04-10,,2.265,1.347,1.127,2.618,1.18,1.038,
2014-04-11,,2.264,1.329,1.122,2.62,1.142,1.014,
2014-04-14,,2.263,1.339,1.131,2.649,1.134,1.008,
2014-04-15,,2.223,1.333,1.123,2.61,1.139,1.018,
2014-04-16,,2.223,1.328,1.122,2.59,1.145,1.026,
2014-04-17,,2.219,1.337,1.121,2.586,1.155,1.033,
2014-04-18,,2.215,1.344,1.126,2.579,1.154,1.034,
2014-04-21,,2.175,1.329,1.107,2.565,1.157,1.034,
2014-04-22,,2.19,1.303,1.101,2.577,1.166,1.038,
2014-04-23,,2.184,1.297,1.096,2.575,1.172,1.042,
2014-04-24,,2.188,1.284,1.085,2.573,1.177,1.044,
2014-04-25,,2.161,1.26,1.061,2.59,1.177,1.043,
2014-04-28,,2.131,1.228,1.029,2.631,1.155,1.032,
2014-04-29,,2.15,1.235,1.043,2.603,1.159,1.038,
2014-04-30,,2.149,1.254,1.051,2.612,1.17,1.04,
2014-05-05,,2.15,1.272,1.06,2.624,1.174,1.041,
2014-05-06,,2.147,1.285,1.064,2.626,1.181,1.048,
2014-05-07,,2.133,1.257,1.047,2.625,1.164,1.038,
2014-05-08,,2.129,1.252,1.048,2.587,1.161,1.042,
2014-05-09,,2.128,1.23,1.038,2.588,1.159,1.041,
2014-05-12,,2.171,1.252,1.065,2.593,1.164,1.043,
2014-05-13,,2.165,1.245,1.063,2.595,1.186,1.051,
2014-05-14,,2.165,1.253,1.06,2.598,1.19,1.055,
2014-05-15,,2.141,1.223,1.043,2.61,1.186,1.052,
2014-05-16,,2.14,1.202,1.041,2.594,1.179,1.043,
2014-05-19,,2.111,1.203,1.033,2.596,1.182,1.045,
2014-05-20,,2.109,1.22,1.038,2.593,1.19,1.047,
2014-05-21,,2.129,1.234,1.047,2.594,1.183,1.041,
2014-05-22,,2.123,1.242,1.047,2.597,1.197,1.052,
2014-05-23,,2.147,1.27,1.06,2.597,1.202,1.05,
2014-05-26,,2.154,1.289,1.071,2.594,1.211,1.056,
2014-05-27,,2.147,1.277,1.067,2.589,1.216,1.056,
2014-05-28,,2.169,1.314,1.08,2.553,1.229,1.061,
2014-05-29,,2.156,1.287,1.068,2.526,1.224,1.062,
2014-05-30,,2.154,1.291,1.071,2.535,1.239,1.067,
2014-06-03,,2.147,1.287,1.068,2.517,1.236,1.071,
2014-06-04,,2.128,1.295,1.06,2.514,1.233,1.073,
2014-06-05,,2.153,1.325,1.072,2.51,1.242,1.075,
2014-06-06,,2.135,1.321,1.069,2.53,1.255,1.084,
2014-06-09,,2.133,1.294,1.061,2.522,1.256,1.086,
2014-06-10,,2.162,1.324,1.075,2.521,1.249,1.084,
2014-06-11,,2.158,1.337,1.08,2.53,1.255,1.082,
2014-06-12,,2.156,1.334,1.078,2.53,1.248,1.079,
2014-06-13,,2.18,1.35,1.09,2.544,1.241,1.071,
2014-06-16,,2.194,1.363,1.095,2.555,1.239,1.073,
2014-06-17,,2.176,1.35,1.086,2.536,1.243,1.075,
2014-06-18,,2.166,1.337,1.081,2.534,1.242,1.076,
2014-06-19,,2.135,1.291,1.051,2.556,1.257,1.09,
2014-06-20,,2.143,1.305,1.061,2.627,1.254,1.091,
2014-06-23,,2.14,1.332,1.069,2.637,1.256,1.092,
2014-06-24,,2.158,1.342,1.076,2.637,1.256,1.092,
2014-06-25,,2.151,1.328,1.07,2.629,1.254,1.084,
2014-06-26,,2.161,1.355,1.084,2.631,1.264,1.09,
2014-06-27,,2.165,1.357,1.09,2.634,1.268,1.091,
2014-06-30,,2.179,1.372,1.101,2.629,1.271,1.093,
2014-07-01,,2.18,1.381,1.109,2.638,1.273,1.093,
2014-07-02,,2.19,1.389,1.117,2.644,1.286,1.099,
2014-07-03,,2.198,1.389,1.128,2.638,1.288,1.097,
2014-07-04,,2.198,1.381,1.125,2.635,1.305,1.105,
2014-07-07,,2.196,1.364,1.127,2.617,1.308,1.105,
2014-07-08,,2.199,1.381,1.135,2.629,1.304,1.101,
2014-07-09,,2.171,1.353,1.118,2.633,1.284,1.095,
2014-07-10,,2.169,1.332,1.117,2.645,1.291,1.099,
2014-07-11,,2.175,1.329,1.132,2.669,1.281,1.093,
2014-07-14,,2.205,1.338,1.148,2.63,1.29,1.093,
2014-07-15,,2.202,1.311,1.15,2.61,1.301,1.098,
2014-07-16,,2.201,1.289,1.141,2.591,1.296,1.095,
2014-07-17,,2.192,1.282,1.133,2.604,1.3,1.098,
2014-07-18,,2.203,1.279,1.135,2.62,1.29,1.088,
2014-07-21,,2.202,1.278,1.132,2.62,1.302,1.1,
2014-07-22,,2.228,1.301,1.148,2.608,1.299,1.098,
2014-07-23,,2.232,1.263,1.14,2.605,1.304,1.1,
2014-07-24,,2.28,1.242,1.139,2.59,1.314,1.1,
2014-07-25,,2.306,1.257,1.149,2.579,1.311,1.1,
2014-07-28,,2.368,1.285,1.169,2.598,1.306,1.099,
2014-07-29,,2.374,1.3,1.18,2.596,1.304,1.099,
2014-07-30,,2.366,1.313,1.182,2.585,1.303,1.095,
2014-07-31,,2.398,1.313,1.196,2.577,1.308,1.094,
2014-08-01,,2.369,1.29,1.185,2.56,1.287,1.076,
2014-08-04,,2.42,1.299,1.201,2.578,1.286,1.073,
2014-08-05,,2.413,1.332,1.206,2.571,1.288,1.074,
2014-08-06,,2.398,1.335,1.215,2.571,1.279,1.067,
2014-08-07,,2.372,1.332,1.204,2.592,1.281,1.068,
2014-08-08,,2.373,1.347,1.21,2.616,1.272,1.062,
2014-08-11,,2.406,1.366,1.229,2.596,1.286,1.074,
2014-08-12,,2.396,1.364,1.236,2.598,1.29,1.073,
2014-08-13,,2.403,1.35,1.236,2.598,1.285,1.072,
2014-08-14,,2.374,1.346,1.228,2.598,1.302,1.08,
2014-08-15,,2.404,1.36,1.243,2.599,1.311,1.086,
2014-08-18,,2.412,1.396,1.261,2.578,1.309,1.086,
2014-08-19,,2.414,1.404,1.264,2.572,1.325,1.095,
2014-08-20,,2.405,1.392,1.264,2.569,1.333,1.1,
2014-08-21,,2.396,1.415,1.262,2.543,1.329,1.101,
2014-08-22,,2.408,1.429,1.27,2.544,1.333,1.106,
2014-08-25,,2.387,1.408,1.26,2.537,1.337,1.104,
2014-08-26,,2.372,1.377,1.24,2.557,1.348,1.109,
2014-08-27,,2.371,1.388,1.241,2.549,1.35,1.109,
2014-08-28,,2.36,1.37,1.23,2.551,1.344,1.108,
2014-08-29,,2.383,1.394,1.245,2.554,1.336,1.107,
2014-09-01,,2.394,1.417,1.266,2.549,1.345,1.111,
2014-09-02,,2.43,1.43,1.286,2.533,1.356,1.116,
2014-09-03,,2.453,1.439,1.296,2.524,1.36,1.112,
2014-09-04,,2.476,1.457,1.305,2.521,1.341,1.109,
2014-09-05,,2.5,1.46,1.311,2.516,1.339,1.108,
2014-09-09,,2.494,1.458,1.321,2.498,1.348,1.107,
2014-09-10,,2.478,1.467,1.323,2.49,1.34,1.102,
2014-09-11,,2.464,1.471,1.321,2.479,1.342,1.102,
2014-09-12,,2.484,1.483,1.337,2.464,1.341,1.107,
2014-09-15,,2.477,1.483,1.349,2.458,1.337,1.102,
2014-09-16,,2.434,1.438,1.305,2.458,1.322,1.096,
2014-09-17,,2.442,1.44,1.316,2.459,1.334,1.106,
2014-09-18,,2.452,1.456,1.325,2.435,1.338,1.107,
2014-09-19,,2.472,1.46,1.337,2.434,1.354,1.118,
2014-09-22,,2.42,1.442,1.318,2.406,1.346,1.113,
2014-09-23,,2.445,1.461,1.336,2.411,1.335,1.105,
2014-09-24,,2.492,1.479,1.354,2.418,1.326,1.099,
2014-09-25,,2.479,1.469,1.352,2.402,1.339,1.105,
2014-09-26,,2.48,1.472,1.357,2.429,1.313,1.088,
2014-09-29,,2.491,1.489,1.372,2.424,1.327,1.098,
2014-09-30,,2.491,1.5,1.381,2.429,1.325,1.098,
2014-10-08,,2.518,1.515,1.405,2.418,1.294,1.076,
2014-10-09,,2.519,1.519,1.406,2.431,1.314,1.096,
2014-10-10,,2.507,1.512,1.399,2.424,1.296,1.074,
2014-10-13,,2.493,1.505,1.4,2.441,1.278,1.06,
2014-10-14,,2.484,1.493,1.394,2.444,1.268,1.051,
2014-10-15,,2.5,1.502,1.4,2.428,1.268,1.049,
2014-10-16,,2.491,1.482,1.379,2.446,1.265,1.039,
2014-10-17,,2.48,1.47,1.365,2.449,1.256,1.04,
2014-10-20,,2.491,1.495,1.384,2.448,1.265,1.05,
2014-10-21,,2.475,1.474,1.371,2.461,1.276,1.057,
2014-10-22,,2.461,1.464,1.354,2.464,1.307,1.078,
2014-10-23,,2.435,1.438,1.337,2.448,1.299,1.072,
2014-10-24,,2.433,1.441,1.341,2.431,1.31,1.078,
2014-10-27,,2.41,1.453,1.351,2.427,1.324,1.088,
2014-10-28,,2.458,1.483,1.383,2.422,1.319,1.088,
2014-10-29,,2.489,1.489,1.404,2.428,1.334,1.093,
2014-10-30,,2.504,1.481,1.401,2.396,1.334,1.092,
2014-10-31,,2.554,1.473,1.402,2.349,1.347,1.107,
2014-11-03,,2.549,1.491,1.413,2.319,1.357,1.116,
2014-11-04,,2.547,1.47,1.405,2.316,1.359,1.113,
2014-11-05,,2.544,1.471,1.403,2.272,1.354,1.113,
2014-11-06,,2.545,1.492,1.413,2.262,1.354,1.117,
2014-11-07,,2.54,1.477,1.398,2.258,1.363,1.125,
2014-11-10,,2.611,1.476,1.413,2.305,1.363,1.122,
2014-11-11,,2.594,1.425,1.37,2.271,1.363,1.129,
2014-11-12,,2.632,1.44,1.393,2.303,1.362,1.126,
2014-11-13,,2.617,1.407,1.382,2.293,1.364,1.123,
2014-11-14,,2.62,1.406,1.378,2.282,1.365,1.123,
2014-11-17,,2.609,1.432,1.393,2.335,1.368,1.119,
2014-11-18,,2.581,1.441,1.392,2.34,1.368,1.123,
2014-11-19,,2.573,1.464,1.399,2.35,1.385,1.132,
2014-11-20,,2.577,1.451,1.397,2.33,1.372,1.127,
2014-11-21,,2.626,1.462,1.413,2.349,1.378,1.13,
2014-11-24,,2.701,1.47,1.436,2.359,1.37,1.127,
2014-11-25,,2.729,1.496,1.457,2.361,1.383,1.136,
2014-11-26,,2.759,1.51,1.462,2.363,1.389,1.137,
2014-11-27,,2.784,1.518,1.474,2.369,1.4,1.139,
2014-11-28,,2.85,1.524,1.469,2.353,1.4,1.139,
2014-12-01,,2.853,1.505,1.462,2.302,1.398,1.132,
2014-12-02,,2.966,1.517,1.481,2.39,1.382,1.127,
2014-12-03,,2.998,1.559,1.5,2.384,1.395,1.134,
2014-12-04,,3.18,1.579,1.53,2.392,1.397,1.139,
2014-12-05,,3.161,1.529,1.499,2.394,1.39,1.136,
2014-12-08,,3.313,1.518,1.519,2.373,1.391,1.141,
2014-12-09,,3.13,1.464,1.457,2.408,1.373,1.13,
2014-12-10,,3.243,1.536,1.514,2.463,1.394,1.133,
2014-12-11,,3.208,1.546,1.533,2.441,1.364,1.115,
2014-12-12,,3.218,1.569,1.542,2.434,1.365,1.107,
2014-12-15,,3.255,1.601,1.567,2.437,1.353,1.1,
2014-12-16,,3.331,1.59,1.57,2.404,1.35,1.094,
2014-12-17,,3.388,1.595,1.558,2.401,1.33,1.083,
2014-12-18,,3.384,1.577,1.562,2.409,1.362,1.109,
2014-12-19,,3.434,1.541,1.548,2.414,1.403,1.137,
2014-12-22,,3.41,1.47,1.489,2.409,1.397,1.14,
2014-12-23,,3.341,1.461,1.456,2.38,1.4,1.146,
2014-12-24,,3.248,1.48,1.475,2.378,1.395,1.15,
2014-12-25,,3.366,1.48,1.504,2.376,1.395,1.146,
2014-12-26,,3.497,1.488,1.519,2.386,1.394,1.146,
2014-12-29,,3.48,1.463,1.496,2.406,1.404,1.152,
2014-12-30,,3.48,1.423,1.47,2.388,1.401,1.149,
2014-12-31,,3.574,1.43,1.489,2.412,1.392,1.148,
2015-01-05,,3.688,1.424,1.513,2.414,1.367,1.134,
2015-01-06,,3.663,1.502,1.536,2.435,1.349,1.114,
2015-01-07,,3.662,1.474,1.537,2.445,1.351,1.108,
2015-01-08,,3.582,1.493,1.523,2.431,1.37,1.128,
2015-01-09,,3.556,1.503,1.515,2.439,1.389,1.143,
2015-01-12,,3.545,1.54,1.493,2.458,1.378,1.134,
2015-01-13,,3.538,1.551,1.514,2.471,1.36,1.122,
2015-01-14,,3.53,1.536,1.508,2.466,1.353,1.117,
2015-01-15,,3.63,1.534,1.533,2.462,1.352,1.116,
2015-01-16,,3.662,1.592,1.547,2.518,1.35,1.112,
2015-01-19,,3.296,1.579,1.48,2.567,1.339,1.116,
2015-01-20,,3.382,1.657,1.532,2.57,1.349,1.119,
2015-01-21,,3.537,1.668,1.57,2.62,1.359,1.123,
2015-01-22,,3.543,1.683,1.596,2.589,1.373,1.133,
2015-01-23,,3.56,1.638,1.581,2.607,1.394,1.152,
2015-01-26,,3.594,1.686,1.615,2.609,1.393,1.137,
2015-01-27,,3.558,1.688,1.619,2.589,1.394,1.141,
2015-01-28,,3.501,1.668,1.611,2.598,1.372,1.129,
2015-01-29,,3.464,1.652,1.601,2.585,1.354,1.115,
2015-01-30,,3.421,1.623,1.582,2.542,1.371,1.123,
2015-02-02,,3.344,1.639,1.575,2.586,1.357,1.112,
2015-02-03,,3.423,1.693,1.604,2.588,1.367,1.124,
2015-02-04,,3.384,1.698,1.596,2.56,1.381,1.134,
2015-02-05,,3.344,1.709,1.585,2.576,1.376,1.127,
2015-02-06,,3.294,1.661,1.554,2.564,1.387,1.136,
2015-02-09,,3.332,1.645,1.545,2.504,1.373,1.136,
2015-02-10,,3.399,1.685,1.564,2.514,1.367,1.129,
2015-02-11,,3.421,1.705,1.581,2.504,1.385,1.143,
2015-02-12,,3.435,1.72,1.594,2.479,1.393,1.142,
2015-02-13,,3.457,1.761,1.619,2.496,1.419,1.157,
2015-02-16,,3.486,1.83,1.651,2.498,1.435,1.16,
2015-02-17,,3.517,1.82,1.659,2.488,1.437,1.162,
2015-02-25,,3.463,1.803,1.655,2.466,1.45,1.171,
2015-02-26,,3.566,1.814,1.675,2.464,1.444,1.17,
2015-02-27,,3.559,1.863,1.692,2.465,1.449,1.17,
2015-03-02,,3.587,1.914,1.728,2.485,1.452,1.17,
2015-03-03,,3.489,1.883,1.716,2.467,1.474,1.177,
2015-03-04,,3.518,1.94,1.749,2.459,1.468,1.175,
2015-03-05,,3.488,1.938,1.745,2.449,1.457,1.174,
2015-03-06,,3.466,1.88,1.72,2.439,1.463,1.177,
2015-03-09,,3.534,1.927,1.749,2.389,1.449,1.166,
2015-03-10,,3.509,1.972,1.759,2.368,1.45,1.166,
2015-03-11,,3.514,1.96,1.758,2.369,1.426,1.145,
2015-03-12,,3.578,1.94,1.756,2.372,1.424,1.15,
2015-03-13,,3.598,1.992,1.778,2.359,1.431,1.155,
2015-03-16,,3.687,2.061,1.835,2.374,1.427,1.151,
2015-03-17,,3.734,2.053,1.86,2.358,1.441,1.162,
2015-03-18,,3.833,2.099,1.889,2.341,1.44,1.157,
2015-03-19,,3.813,2.095,1.908,2.363,1.455,1.172,
2015-03-20,,3.867,2.126,1.925,2.354,1.454,1.165,
2015-03-23,,3.945,2.206,1.999,2.374,1.46,1.174,
2015-03-24,,3.941,2.273,1.981,2.383,1.458,1.167,
2015-03-25,,3.917,2.288,1.999,2.381,1.46,1.158,
2015-03-26,,3.92,2.19,1.983,2.404,1.439,1.142,
2015-03-27,,3.95,2.228,2.015,2.406,1.439,1.144,
2015-03-30,,4.076,2.193,2.05,2.38,1.432,1.142,
2015-03-31,,4.031,2.247,2.042,2.366,1.437,1.152,
2015-04-01,,4.097,2.296,2.095,2.371,1.415,1.145,
2015-04-02,,4.091,2.369,2.132,2.397,1.412,1.145,
2015-04-03,,4.157,2.391,2.164,2.392,1.416,1.144,
2015-04-07,,4.23,2.438,2.219,2.407,1.42,1.148,
2015-04-08,,4.264,2.377,2.187,2.408,1.415,1.146,
2015-04-09,,4.233,2.466,2.176,2.385,1.421,1.145,
2015-04-10,,4.332,2.424,2.243,2.384,1.431,1.15,
2015-04-13,,4.404,2.451,,2.394,1.431,1.15,
2015-04-14,,4.406,2.44,,2.374,1.426,1.147,
2015-04-15,,4.369,2.33,7.818,2.368,1.43,1.147,
2015-04-16,,4.512,2.375,7.887,2.386,1.439,1.149,
2015-04-17,,4.59,2.368,7.941,2.395,1.438,1.155,
2015-04-20,,4.49,2.318,7.821,2.417,1.416,1.147,
2015-04-21,,4.585,2.496,8.1,2.399,1.429,1.157,
2015-04-22,,4.71,2.524,8.35,2.411,1.434,1.154,
2015-04-23,,4.705,2.598,8.403,2.39,1.439,1.158,
2015-04-24,,4.688,2.645,8.432,2.399,1.462,1.163,
2015-04-27,,4.785,2.65,8.524,2.376,1.477,1.167,
2015-04-28,,4.723,2.583,8.269,2.398,1.467,1.163,
2015-04-29,,4.749,2.723,8.449,2.411,1.467,1.166,
2015-04-30,,4.739,2.748,8.503,2.409,1.458,1.16,
2015-05-04,,4.765,2.74,8.561,2.385,1.457,1.16,
2015-05-05,,4.584,2.67,8.24,2.381,1.456,1.165,
2015-05-06,,4.536,2.738,8.099,2.383,1.437,1.152,
2015-05-07,,4.457,2.686,7.929,2.358,1.435,1.15,
2015-05-08,,4.526,2.894,8.28,2.369,1.45,1.155,
2015-05-11,,4.675,3.05,8.714,2.377,1.457,1.163,
2015-05-12,,4.729,3.129,8.816,2.376,1.453,1.162,
2015-05-13,,4.685,3.036,8.897,2.384,1.45,1.159,
2015-05-14,,4.674,3.008,8.862,2.42,1.456,1.155,
2015-05-15,,4.588,3.016,8.812,2.425,1.464,1.164,
2015-05-18,,4.554,3.157,8.979,2.452,1.46,1.163,
2015-05-19,,4.711,3.185,9.207,2.433,1.462,1.169,
2015-05-20,,4.733,3.264,9.363,2.406,1.453,1.168,
2015-05-21,,4.83,3.41,9.788,2.407,1.46,1.166,
2015-05-22,,4.934,3.382,9.921,2.411,1.468,1.171,
2015-05-25,,5.09,3.327,10.101,2.423,1.468,1.17,
2015-05-26,,5.165,3.463,10.503,2.41,1.466,1.17,
2015-05-27,,5.165,3.463,10.619,2.394,1.454,1.164,
2015-05-28,,4.815,3.29,9.933,2.391,1.481,1.168,
2015-05-29,,4.818,3.384,10.136,2.381,1.475,1.17,
2015-06-01,,5.07,3.568,10.778,2.385,1.467,1.163,
2015-06-02,,5.156,3.768,11.064,2.379,1.468,1.164,
2015-06-03,,5.113,3.79,10.989,2.37,1.459,1.158,
2015-06-04,,5.171,3.751,11.01,2.363,1.465,1.165,
2015-06-05,,5.179,3.703,11.268,2.368,1.464,1.162,
2015-06-08,,5.306,3.533,11.042,2.369,1.458,1.164,
2015-06-09,,5.263,3.526,11.105,2.366,1.449,1.156,
2015-06-10,,5.258,3.66,11.29,2.371,1.452,1.16,
2015-06-11,,5.259,3.666,11.5,2.371,1.46,1.167,
2015-06-12,,5.298,3.704,11.7,2.375,1.46,1.169,
2015-06-15,,5.171,3.512,11.434,2.372,1.456,1.157,
2015-06-16,,5.035,3.402,10.985,2.368,1.45,1.154,
2015-06-17,,5.11,3.545,11.23,2.361,1.446,1.154,
2015-06-18,,4.909,3.32,10.844,2.36,1.441,1.155,
2015-06-19,,4.603,3.15,10.141,2.364,1.462,1.159,
2015-06-23,,4.766,3.208,10.139,2.354,1.485,1.166,
2015-06-24,,4.871,3.199,10.298,2.363,1.481,1.17,
2015-06-25,,4.696,3.03,9.977,2.359,1.471,1.164,
2015-06-26,,4.346,2.767,8.979,2.353,1.47,1.159,
2015-06-29,,4.182,2.49,8.454,2.355,1.456,1.159,
2015-06-30,,4.484,2.733,9.095,2.346,1.44,1.141,
2015-07-01,,4.197,2.56,8.362,2.349,1.44,1.144,
2015-07-02,,4.108,2.47,8.0,2.33,1.447,1.15,
2015-07-03,,3.919,2.457,7.409,2.312,1.443,1.15,
2015-07-06,,4.025,2.33,7.409,2.33,1.414,1.146,
2015-07-07,,3.848,2.097,6.831,2.313,1.419,1.143,
2015-07-08,,3.463,1.899,6.148,2.236,1.38,1.119,
2015-07-09,,3.809,2.089,6.763,2.315,1.382,1.118,
2015-07-10,,4.189,2.298,7.439,2.301,1.386,1.123,
2015-07-13,,4.234,2.528,8.183,2.31,1.4,1.134,
2015-07-14,,4.154,2.657,7.886,2.309,1.441,1.157,
2015-07-15,,3.945,2.405,7.202,2.307,1.462,1.165,
2015-07-16,,4.036,2.489,7.59,2.299,1.439,1.159,
2015-07-17,,4.2,2.688,8.077,2.299,1.475,1.171,
2015-07-20,,4.188,2.69,8.114,2.243,1.508,1.174,
2015-07-21,,4.214,2.707,8.246,2.226,1.525,1.182,
2015-07-22,,4.194,2.754,8.357,2.204,1.507,1.175,
2015-07-23,,4.308,2.82,8.651,2.209,1.51,1.18,
2015-07-24,,4.218,2.74,8.471,2.186,1.498,1.178,
2015-07-27,,3.803,2.466,7.729,2.213,1.478,1.151,
2015-07-28,,3.847,2.395,7.701,2.192,1.472,1.152,
2015-07-29,,3.988,2.573,8.148,2.197,1.499,1.165,
2015-07-30,,3.851,2.4,7.854,2.18,1.52,1.176,
2015-07-31,,3.851,2.368,7.768,2.167,1.526,1.177,
2015-08-03,,3.852,2.24,7.507,2.189,1.528,1.175,
2015-08-04,,4.005,2.442,8.058,2.18,1.511,1.17,
2015-08-05,,3.916,2.358,7.891,2.177,1.502,1.171,
2015-08-06,,3.873,2.35,7.842,2.177,1.52,1.175,
2015-08-07,,3.953,2.459,8.103,2.187,1.497,1.166,
2015-08-10,,4.148,2.622,8.556,2.195,1.49,1.168,
2015-08-11,,4.099,2.565,8.526,2.251,1.564,1.2,
2015-08-12,,4.057,2.489,8.386,2.327,1.529,1.2,
2015-08-13,,4.112,2.558,8.592,2.315,1.544,1.211,
2015-08-14,,4.102,2.525,8.674,2.299,1.552,1.211,
2015-08-17,,4.109,2.505,8.92,2.301,1.557,1.225,
2015-08-18,,3.827,2.343,8.159,2.302,1.577,1.231,
2015-08-19,,3.915,2.422,8.434,2.31,1.558,1.226,
2015-08-20,,3.815,2.362,8.104,2.346,1.537,1.216,
2015-08-21,,3.625,2.226,7.698,2.39,1.487,1.191,
2015-08-24,,3.263,2.003,6.928,2.381,1.375,1.124,
2015-08-25,,2.983,1.803,6.235,2.368,1.378,1.11,
2015-08-26,,3.067,1.74,6.236,2.349,1.384,1.113,
2015-08-27,,3.257,1.801,6.5,2.322,1.448,1.142,
2015-08-28,,3.402,1.941,6.891,2.333,1.48,1.162,
2015-08-31,,3.395,1.83,6.621,2.339,1.468,1.157,
2015-09-01,,3.382,1.725,6.166,2.354,1.426,1.138,
2015-09-02,,3.372,1.69,6.011,2.351,1.427,1.129,
2015-09-07,,3.289,1.763,6.158,2.313,1.419,1.13,
2015-09-08,,3.378,1.888,6.495,2.303,1.46,1.138,
2015-09-09,,3.442,1.943,6.682,2.313,1.471,1.152,
2015-09-10,,3.381,1.899,6.509,2.286,1.442,1.137,
2015-09-11,,3.388,1.922,6.559,2.287,1.466,1.14,
2015-09-14,,3.269,1.73,5.998,2.282,1.464,1.147,
2015-09-15,,3.173,1.633,5.701,2.28,1.439,1.14,
2015-09-16,,3.345,1.796,6.191,2.277,1.476,1.153,
2015-09-17,,3.28,1.763,6.044,2.305,1.478,1.164,
2015-09-18,,3.279,1.825,6.125,2.318,1.479,1.159,
2015-09-21,,3.339,1.965,6.393,2.347,1.461,1.141,
2015-09-22,,3.365,1.939,6.366,2.333,1.468,1.148,
2015-09-23,,3.287,1.915,6.272,2.326,1.446,1.134,
2015-09-24,,3.315,1.933,6.359,2.344,1.446,1.133,
2015-09-25,,3.243,1.845,6.12,2.359,1.45,1.132,
2015-09-28,,3.262,1.979,6.291,2.345,1.434,1.128,
2015-09-29,,3.199,1.952,6.225,2.314,1.393,1.097,
2015-09-30,,3.221,1.935,6.231,2.314,1.394,1.105,
2015-10-08,,3.337,2.08,6.489,2.346,1.443,1.15,
2015-10-09,,3.379,2.103,6.565,2.35,1.45,1.161,
2015-10-12,,3.52,2.22,6.848,2.375,1.461,1.166,
2015-10-13,,3.495,2.226,6.91,2.361,1.459,1.163,
2015-10-14,,3.457,2.182,6.852,2.397,1.451,1.158,
2015-10-15,,3.546,2.298,7.107,2.407,1.46,1.159,
2015-10-16,,3.595,2.329,7.179,2.402,1.484,1.168,
2015-10-19,,3.589,2.294,7.22,2.398,1.485,1.173,
2015-10-20,,3.636,2.391,7.291,2.393,1.495,1.178,
2015-10-21,,3.527,2.22,6.868,2.399,1.488,1.174,
2015-10-22,,3.572,2.348,7.11,2.389,1.484,1.171,
2015-10-23,,3.635,2.427,7.3,2.403,1.531,1.191,
2015-10-26,,3.641,2.398,7.296,2.387,1.549,1.199,
2015-10-27,,3.643,2.444,7.361,2.394,1.542,1.201,
2015-10-28,,3.579,2.36,7.156,2.406,1.553,1.2,
2015-10-29,,3.584,2.352,7.236,2.384,1.56,1.211,
2015-10-30,,3.585,2.349,7.23,2.351,1.569,1.212,
2015-11-02,,3.525,2.311,7.084,2.34,1.552,1.205,
2015-11-03,,3.498,2.305,7.05,2.327,1.575,1.219,
2015-11-04,,3.708,2.489,7.512,2.301,1.58,1.221,
2015-11-05,,3.767,2.443,7.49,2.281,1.579,1.22,
2015-11-06,,3.857,2.548,7.673,2.282,1.574,1.218,
2015-11-09,,3.897,2.583,7.763,2.25,1.583,1.221,
2015-11-10,,3.886,2.609,7.768,2.25,1.563,1.209,
2015-11-11,,3.881,2.68,7.922,2.249,1.558,1.209,
2015-11-12,,3.841,2.648,7.946,2.243,1.559,1.21,
2015-11-13,,3.804,2.58,7.783,2.23,1.543,1.193,
2015-11-16,,3.826,2.67,7.979,2.26,1.516,1.179,
2015-11-17,,3.812,2.569,7.849,2.226,1.552,1.202,
2015-11-18,,3.779,2.516,7.729,2.212,1.548,1.196,
2015-11-19,,3.836,2.624,7.979,2.221,1.583,1.219,
2015-11-20,,3.825,2.645,8.048,2.234,1.581,1.223,
2015-11-23,,3.806,2.619,7.96,2.212,1.587,1.225,
2015-11-24,,3.809,2.663,8.055,2.212,1.586,1.223,
2015-11-25,,3.832,2.746,8.167,2.226,1.58,1.222,
2015-11-26,,3.814,2.674,8.092,2.217,1.581,1.225,
2015-11-27,,3.608,2.496,7.608,2.206,1.584,1.224,
2015-11-30,,3.609,2.52,7.601,2.183,1.583,1.23,
2015-12-01,,3.637,2.507,7.651,2.216,1.582,1.228,
2015-12-02,,3.793,2.454,7.654,2.208,1.605,1.237,
2015-12-03,,3.801,2.561,7.787,2.182,1.593,1.225,
2015-12-04,,3.729,2.53,7.685,2.2,1.572,1.207,
2015-12-07,,3.737,2.571,7.814,2.24,1.604,1.227,
2015-12-08,,3.681,2.531,7.626,2.225,1.598,1.221,
2015-12-09,,3.686,2.51,7.566,2.231,1.6,1.218,
2015-12-10,,3.679,2.526,7.539,2.23,1.582,1.212,
2015-12-11,,3.661,2.51,7.489,2.23,1.585,1.215,
2015-12-14,,3.773,2.555,7.655,2.242,1.56,1.198,
2015-12-15,,3.737,2.577,7.678,2.225,1.572,1.203,
2015-12-16,,3.738,2.593,7.74,2.227,1.585,1.212,
2015-12-17,,3.808,2.674,7.964,2.228,1.611,1.227,
2015-12-18,,3.822,2.668,7.912,2.217,1.585,1.211,
2015-12-21,,3.922,2.663,8.023,2.238,1.574,1.201,
2015-12-22,,3.927,2.656,8.094,2.249,1.574,1.207,
2015-12-23,,3.922,2.6,7.988,2.244,1.578,1.211,
2015-12-24,,3.875,2.624,7.99,2.245,1.588,1.224,
2015-12-25,,3.895,2.62,8.025,2.25,1.581,1.227,
2015-12-28,,3.778,2.551,7.832,2.244,1.575,1.223,
2015-12-29,,3.813,2.58,7.915,2.248,1.582,1.225,
2015-12-30,,3.812,2.605,7.976,2.245,1.607,1.233,
2015-12-31,,3.778,2.539,7.838,2.232,1.617,1.234,
2016-01-04,,3.535,2.306,7.192,2.251,1.593,1.227,
2016-01-05,,3.527,2.275,7.122,2.27,1.57,1.211,
2016-01-06,,3.582,2.321,7.272,2.289,1.578,1.214,
2016-01-07,,3.484,2.096,6.622,2.339,1.56,1.202,
2016-01-08,,3.408,2.125,6.753,2.338,1.536,1.192,
2016-01-11,,3.233,1.999,6.319,2.347,1.522,1.173,
2016-01-12,,3.256,2.036,6.309,2.318,1.512,1.179,
2016-01-13,,3.211,1.964,6.113,2.3,1.525,1.18,
2016-01-14,,3.265,2.072,6.318,2.317,1.497,1.164,
2016-01-15,,3.169,1.997,6.075,2.304,1.48,1.171,
2016-01-18,,3.171,2.07,6.162,2.313,1.464,1.163,
2016-01-19,,3.262,2.126,6.359,2.311,1.487,1.179,
2016-01-20,,3.169,2.085,6.307,2.329,1.45,1.158,
2016-01-21,,3.078,2.006,6.09,2.35,1.43,1.146,
2016-01-22,,3.108,2.042,6.17,2.335,1.456,1.169,
2016-01-25,,3.12,2.04,6.216,2.339,1.487,1.162,
2016-01-26,,2.944,1.888,5.833,2.379,1.431,1.136,
2016-01-27,,2.912,1.887,5.69,2.375,1.453,1.15,
2016-01-28,,2.849,1.808,5.452,2.361,1.438,1.14,
2016-01-29,,2.93,1.879,5.643,2.363,1.458,1.153,
2016-02-01,,2.898,1.895,5.58,2.383,1.485,1.166,
2016-02-02,,2.96,1.972,5.777,2.389,1.488,1.167,
2016-02-03,,2.946,1.988,5.807,2.399,1.458,1.165,
2016-02-04,,2.985,2.024,5.904,2.421,1.466,1.198,
2016-02-05,,2.95,1.999,5.863,2.451,1.481,1.193,
2016-02-15,,2.939,2.017,5.872,2.547,1.459,1.181,
2016-02-16,,3.022,2.099,6.114,2.512,1.464,1.187,
2016-02-17,,3.053,2.109,6.174,2.533,1.453,1.179,
2016-02-18,,3.049,2.09,6.144,2.537,1.457,1.18,
2016-02-19,,3.041,2.106,6.168,2.574,1.446,1.177,
2016-02-22,,3.104,2.142,6.304,2.555,1.451,1.175,
2016-02-23,,3.08,2.117,6.273,2.557,1.458,1.178,
2016-02-24,,3.103,2.097,6.303,2.577,1.443,1.17,
2016-02-25,,2.905,1.896,5.789,2.614,1.453,1.17,
2016-02-26,,2.933,1.902,5.841,2.612,1.472,1.188,
2016-02-29,,2.864,1.77,5.48,2.587,1.463,1.187,
2016-03-01,,2.918,1.824,5.642,2.626,1.459,1.184,
2016-03-02,,3.049,1.912,5.95,2.595,1.515,1.205,
2016-03-03,,3.042,1.902,5.945,2.617,1.515,1.204,
2016-03-04,,3.079,1.81,5.769,2.651,1.508,1.205,
2016-03-07,,3.103,1.853,5.932,2.649,1.508,1.211,
2016-03-08,,3.092,1.888,5.968,2.662,1.488,1.203,
2016-03-09,,3.046,1.848,5.802,2.634,1.469,1.195,
2016-03-10,,3.005,1.835,5.698,2.618,1.482,1.196,
2016-03-11,,2.999,1.834,5.697,2.651,1.482,1.196,
2016-03-14,,3.064,1.925,5.914,2.624,1.505,1.212,
2016-03-15,,3.054,1.891,5.834,2.572,1.505,1.207,
2016-03-16,,3.074,1.878,5.77,2.591,1.501,1.207,
2016-03-17,,3.124,1.991,5.959,2.617,1.515,1.212,
2016-03-18,,3.168,2.076,6.196,2.617,1.514,1.214,
2016-03-21,,3.238,2.116,6.323,2.576,1.51,1.223,
2016-03-22,,3.216,2.099,6.293,2.597,1.511,1.22,
2016-03-23,,3.222,2.148,6.353,2.57,1.523,1.221,
2016-03-24,,3.172,2.1,6.226,2.534,1.509,1.212,
2016-03-25,,3.185,2.099,6.305,2.549,1.516,1.214,
2016-03-28,,3.155,2.073,6.252,2.541,1.522,1.209,
2016-03-29,,3.129,2.039,6.144,2.547,1.515,1.207,
2016-03-30,,3.215,2.134,6.439,2.57,1.533,1.217,
2016-03-31,,3.209,2.119,6.388,2.548,1.535,1.217,
2016-04-01,,3.219,2.097,6.367,2.564,1.527,1.215,
2016-04-05,,3.25,2.168,6.514,2.552,1.536,1.22,
2016-04-06,,3.244,2.181,6.554,2.554,1.536,1.218,
2016-04-07,,3.204,2.145,6.474,2.553,1.553,1.224,
2016-04-08,,3.177,2.125,6.415,2.57,1.536,1.219,
2016-04-11,,3.212,2.17,6.53,2.593,1.533,1.224,
2016-04-12,,3.208,2.162,6.499,2.607,1.522,1.221,
2016-04-13,,3.249,2.177,6.602,2.584,1.532,1.225,
2016-04-14,,3.261,2.212,6.646,2.563,1.549,1.233,
2016-04-15,,3.264,2.195,6.637,2.562,1.554,1.233,
2016-04-18,,3.218,2.16,6.523,2.564,1.55,1.231,
2016-04-19,,3.222,2.161,6.535,2.588,1.556,1.239,
2016-04-20,,3.166,2.03,6.247,2.594,1.546,1.241,
2016-04-21,,3.151,2.003,6.197,2.626,1.551,1.25,
2016-04-22,,3.165,2.038,6.234,2.592,1.547,1.247,
2016-04-25,,3.155,2.023,6.203,2.578,1.534,1.241,
2016-04-26,,3.173,2.054,6.284,2.573,1.533,1.248,
2016-04-27,,3.158,2.041,6.252,2.601,1.522,1.251,
2016-04-28,,3.156,2.048,6.201,2.613,1.519,1.255,
2016-04-29,,3.152,2.033,6.21,2.66,1.505,1.239,
2016-05-03,,3.213,2.112,6.409,2.702,1.507,1.245,
2016-05-04,,3.201,2.102,6.409,2.677,1.495,1.232,
2016-05-05,,3.201,2.116,6.454,2.675,1.49,1.226,
2016-05-06,,3.128,2.018,6.2,2.68,1.494,1.225,
2016-05-09,,3.064,1.955,5.974,2.67,1.503,1.25,
2016-05-10,,3.061,1.95,5.955,2.657,1.503,1.246,
2016-05-11,,3.073,1.93,5.944,2.669,1.524,1.256,
2016-05-12,,3.084,1.932,5.946,2.66,1.51,1.25,
2016-05-13,,3.073,1.92,5.926,2.682,1.498,1.242,
2016-05-16,,3.085,1.953,6.033,2.695,1.499,1.235,
2016-05-17,,3.08,1.977,6.024,2.682,1.516,1.241,
2016-05-18,,3.06,1.921,5.858,2.681,1.498,1.231,
2016-05-19,,3.054,1.938,5.887,2.64,1.501,1.232,
2016-05-20,,3.074,1.961,5.966,2.638,1.502,1.23,
2016-05-23,,3.079,1.992,6.031,2.635,1.513,1.236,
2016-05-24,,3.06,1.975,5.975,2.623,1.513,1.232,
2016-05-25,,3.058,1.965,5.939,2.581,1.54,1.247,
2016-05-26,,3.058,1.985,5.968,2.591,1.546,1.254,
2016-05-27,,3.06,1.968,5.973,2.58,1.553,1.256,
2016-05-30,,3.062,1.959,5.946,2.554,1.568,1.279,
2016-05-31,,3.169,2.069,6.208,2.576,1.576,1.282,
2016-06-01,,3.156,2.067,6.21,2.579,1.577,1.279,
2016-06-02,,3.159,2.088,6.261,2.581,1.571,1.277,
2016-06-03,,3.196,2.109,6.299,2.574,1.571,1.274,
2016-06-06,,3.177,2.102,6.314,2.621,1.56,1.266,
2016-06-07,,3.177,2.098,6.308,2.625,1.566,1.27,
2016-06-08,,3.173,2.092,6.29,2.646,1.56,1.273,
2016-06-13,,3.069,1.967,5.987,2.724,1.54,1.258,
2016-06-14,,3.082,1.967,6.014,2.717,1.539,1.259,
2016-06-15,,3.123,2.04,6.207,2.73,1.55,1.265,
2016-06-16,,3.104,2.009,6.183,2.777,1.548,1.262,
2016-06-17,,3.117,2.034,6.231,2.715,1.55,1.265,
2016-06-20,,3.118,2.03,6.239,2.717,1.554,1.275,
2016-06-21,,3.111,2.007,6.165,2.712,1.546,1.275,
2016-06-22,,3.13,2.055,6.282,2.675,1.541,1.269,
2016-06-23,,3.12,2.051,6.247,2.681,1.544,1.272,
2016-06-24,,3.087,2.043,6.156,2.805,1.53,1.259,
2016-06-27,,3.126,2.109,6.333,2.828,1.525,1.26,
2016-06-28,,3.142,2.128,6.392,2.817,1.522,1.256,
2016-06-29,,3.156,2.121,6.393,2.83,1.525,1.264,
2016-06-30,,3.161,2.132,6.397,2.818,1.537,1.285,
2016-07-01,,3.158,2.116,6.388,2.858,1.55,1.294,
2016-07-04,,3.211,2.153,6.515,2.899,1.557,1.283,
2016-07-05,,3.219,2.148,6.548,2.89,1.555,1.282,
2016-07-06,,3.235,2.148,6.587,2.947,1.551,1.283,
2016-07-07,,3.239,2.141,6.613,2.936,1.568,1.293,
2016-07-08,,3.227,2.145,6.587,2.916,1.567,1.299,
2016-07-11,,3.235,2.125,6.604,2.942,1.597,1.319,
2016-07-12,,3.317,2.155,6.687,2.919,1.603,1.333,
2016-07-13,,3.324,2.188,6.734,2.892,1.61,1.342,
2016-07-14,,3.319,2.19,6.757,2.872,1.608,1.337,
2016-07-15,,3.323,2.164,6.741,2.875,1.621,1.357,
2016-07-18,,3.311,2.148,6.714,2.865,1.619,1.348,
2016-07-19,,3.294,2.173,6.712,2.87,1.633,1.365,
2016-07-20,,3.287,2.165,6.701,2.858,1.631,1.361,
2016-07-21,,3.305,2.167,6.733,2.83,1.644,1.391,
2016-07-22,,3.276,2.154,6.69,2.844,1.637,1.378,
2016-07-25,,3.275,2.146,6.7,2.83,1.643,1.396,
2016-07-26,,3.317,2.182,6.795,2.834,1.647,1.4,
2016-07-27,,3.256,2.061,6.495,2.836,1.649,1.392,
2016-07-28,,3.265,2.044,6.526,2.876,1.656,1.381,
2016-07-29,,3.254,2.031,6.48,2.859,1.665,1.419,
2016-08-01,,3.227,2.013,6.383,2.877,1.67,1.409,
2016-08-02,,3.235,2.025,6.445,2.895,1.678,1.42,
2016-08-03,,3.239,2.017,6.467,2.912,1.654,1.395,
2016-08-04,,3.249,2.04,6.506,2.881,1.656,1.39,
2016-08-05,,3.262,2.022,6.485,2.918,1.668,1.387,
2016-08-08,,3.289,2.041,6.575,2.857,1.688,1.404,
2016-08-09,,3.304,2.061,6.641,2.855,1.695,1.404,
2016-08-10,,3.294,2.043,6.608,2.896,1.7,1.4,
2016-08-11,,3.29,2.017,6.499,2.871,1.693,1.394,
2016-08-12,,3.348,2.035,6.591,2.87,1.702,1.388,
2016-08-15,,3.447,2.103,6.728,2.864,1.698,1.39,
2016-08-16,,3.437,2.105,6.759,2.875,1.702,1.386,
2016-08-17,,3.429,2.112,6.775,2.861,1.688,1.374,
2016-08-18,,3.424,2.108,6.777,2.876,1.692,1.376,
2016-08-19,,3.42,2.112,6.778,2.877,1.691,1.378,
2016-08-22,,3.396,2.072,6.703,2.855,1.691,1.38,
2016-08-23,,3.398,2.084,6.719,2.86,1.703,1.38,
2016-08-24,,3.384,2.098,6.723,2.861,1.707,1.387,
2016-08-25,,3.366,2.088,6.678,2.837,1.695,1.384,
2016-08-26,,3.362,2.095,6.711,2.841,1.699,1.385,
2016-08-29,,3.361,2.101,6.723,2.83,1.694,1.382,
2016-08-30,,3.375,2.104,6.719,2.836,1.703,1.398,
2016-08-31,,3.389,2.099,6.73,2.823,1.693,1.405,
2016-09-01,,3.353,2.084,6.667,2.815,1.695,1.401,
2016-09-02,,3.368,2.081,6.635,2.821,1.694,1.404,
2016-09-05,,3.375,2.088,6.682,2.851,1.704,1.419,
2016-09-06,,3.404,2.128,6.802,2.852,1.71,1.445,
2016-09-07,,3.406,2.114,6.786,2.891,1.722,1.451,
2016-09-08,,3.401,2.128,6.824,2.889,1.717,1.449,
2016-09-09,,3.384,2.109,6.758,2.872,1.715,1.443,
2016-09-12,,3.317,2.06,6.573,2.852,1.661,1.404,
2016-09-13,,3.317,2.055,6.602,2.857,1.685,1.417,
2016-09-14,,3.297,2.051,6.56,2.843,1.672,1.415,
2016-09-19,,3.318,2.072,6.64,2.826,1.712,1.424,
2016-09-20,,3.314,2.066,6.627,2.831,1.701,1.423,
2016-09-21,,3.327,2.068,6.646,2.838,1.701,1.441,
2016-09-22,,3.349,2.072,6.682,2.859,1.728,1.453,
2016-09-23,,3.341,2.065,6.671,2.862,1.773,1.465,
2016-09-26,,3.285,2.032,6.543,2.863,1.745,1.447,
2016-09-27,,3.302,2.049,6.58,2.858,1.722,1.446,
2016-09-28,,3.297,2.05,6.572,2.837,1.724,1.445,
2016-09-29,,3.312,2.058,6.607,2.832,1.724,1.435,
2016-09-30,,3.322,2.062,6.634,2.843,1.707,1.449,
2016-10-10,,3.36,2.119,6.761,2.737,1.721,1.464,
2016-10-11,,3.368,2.118,6.782,2.731,1.743,1.477,
2016-10-12,,3.36,2.116,6.777,2.725,1.74,1.477,
2016-10-13,,3.36,2.113,6.785,2.734,1.735,1.508,
2016-10-14,,3.37,2.104,6.772,2.724,1.734,1.521,
2016-10-17,,3.339,2.079,6.72,2.734,1.717,1.506,
2016-10-18,,3.381,2.107,6.82,2.74,1.717,1.507,
2016-10-19,,3.379,2.092,6.79,2.74,1.725,1.51,
2016-10-20,,3.374,2.101,6.794,2.761,1.733,1.512,
2016-10-21,,3.391,2.09,6.784,2.751,1.728,1.514,
2016-10-24,,3.432,2.109,6.837,2.76,1.739,1.516,
2016-10-25,,3.423,2.109,6.862,2.77,1.762,1.521,
2016-10-26,,3.413,2.094,6.833,2.783,1.751,1.52,
2016-10-27,,3.408,2.092,6.82,2.772,1.738,1.511,
2016-10-28,,3.403,2.071,6.768,2.775,1.737,1.506,
2016-10-31,,3.396,2.071,6.744,2.788,1.734,1.51,
2016-11-01,,3.417,2.082,6.815,2.799,1.738,1.513,
2016-11-02,,3.394,2.054,6.747,2.824,1.719,1.505,
2016-11-03,,3.42,2.062,6.78,2.823,1.702,1.498,
2016-11-04,,3.409,2.056,6.759,2.804,1.706,1.488,
2016-11-07,,3.412,2.043,6.764,2.792,1.727,1.505,
2016-11-08,,3.43,2.063,6.809,2.798,1.723,1.515,
2016-11-09,,3.417,2.032,6.746,2.865,1.674,1.471,
2016-11-10,,3.452,2.053,6.846,2.813,1.732,1.503,
2016-11-11,,3.482,2.06,6.9,2.769,1.709,1.497,
2016-11-14,,3.487,2.07,6.914,2.683,1.719,1.495,
2016-11-15,,3.483,2.089,6.939,2.709,1.703,1.499,
2016-11-16,,3.484,2.091,6.946,2.722,1.733,1.539,
2016-11-17,,3.492,2.074,6.947,2.716,1.739,1.549,
2016-11-18,,3.48,2.07,6.915,2.687,1.759,1.56,
2016-11-21,,3.496,2.061,6.914,2.709,1.752,1.558,
2016-11-22,,3.531,2.086,6.976,2.715,1.778,1.579,
2016-11-23,,3.537,2.075,6.933,2.717,1.779,1.595,
2016-11-24,,3.547,2.054,6.92,2.684,1.782,1.666,
2016-11-25,,3.586,2.076,6.954,2.662,1.8,1.697,
2016-11-28,,3.602,2.071,6.973,2.678,1.814,1.666,
2016-11-29,,3.63,2.073,6.933,2.666,1.797,1.644,
2016-11-30,,3.597,2.092,6.891,2.652,1.79,1.666,
2016-12-01,,3.631,2.089,6.931,2.64,1.768,1.683,
2016-12-02,,3.591,2.055,6.821,2.638,1.755,1.68,
2016-12-05,,3.519,2.055,6.776,2.629,1.753,1.735,
2016-12-06,,3.513,2.036,6.785,2.626,1.769,1.779,
2016-12-07,,3.529,2.044,6.866,2.621,1.767,1.83,
2016-12-08,,3.537,2.028,6.832,2.644,1.801,1.8,
2016-12-09,,3.557,2.013,6.814,2.643,1.784,1.76,
2016-12-12,,3.463,1.902,6.539,2.63,1.794,1.798,
2016-12-13,,3.458,1.9,6.558,2.632,1.794,1.872,
2016-12-14,,3.434,1.88,6.518,2.65,1.808,1.842,
2016-12-15,,3.395,1.893,6.559,2.615,1.81,1.795,
2016-12-16,,3.395,1.908,6.601,2.602,1.818,1.842,
2016-12-19,,3.385,1.896,6.606,2.615,1.813,1.876,
2016-12-20,,3.36,1.897,6.578,2.601,1.816,1.897,
2016-12-21,,3.397,1.904,6.632,2.595,1.846,1.982,
2016-12-22,,3.391,1.897,6.621,2.577,1.838,1.97,
2016-12-23,,3.364,1.874,6.574,2.583,1.836,1.904,
2016-12-26,,3.376,1.886,6.577,2.592,1.865,1.911,
2016-12-27,,3.371,1.881,6.589,2.595,1.834,1.84,
2016-12-28,,3.353,1.87,6.559,2.603,1.843,1.677,
2016-12-29,,3.355,1.876,6.555,2.616,1.825,1.615,
2016-12-30,,3.358,1.881,6.553,2.636,1.817,1.577,
2017-01-03,,3.396,1.881,6.61,2.626,1.801,1.451,
2017-01-04,,3.426,1.907,6.691,2.638,1.812,1.462,
2017-01-05,,3.419,1.901,6.688,2.636,1.811,1.462,
2017-01-06,,3.408,1.886,6.657,2.633,1.812,1.455,
2017-01-09,,3.42,1.878,6.708,2.645,1.823,1.459,
2017-01-10,,3.411,1.869,6.683,2.663,1.832,1.452,
2017-01-11,,3.386,1.857,6.63,2.664,1.842,1.451,
2017-01-12,,3.369,1.849,6.549,2.671,1.84,1.453,
2017-01-13,,3.375,1.82,6.477,2.662,1.837,1.454,
2017-01-16,,3.371,1.756,6.293,2.682,1.845,1.454,
2017-01-17,,3.376,1.787,6.348,2.694,1.836,1.442,
2017-01-18,,3.398,1.767,6.352,2.685,1.832,1.447,
2017-01-19,,3.386,1.768,6.33,2.662,1.833,1.443,
2017-01-20,,3.415,1.801,6.411,2.668,1.833,1.439,
2017-01-23,,3.361,1.807,6.473,2.681,1.83,1.433,
2017-01-24,,3.363,1.786,6.445,2.677,1.836,1.431,
2017-01-25,,3.373,1.794,6.47,2.651,1.851,1.446,
2017-01-26,,3.387,1.804,6.514,2.641,1.881,1.458,
2017-02-03,,3.367,1.802,6.493,2.674,1.868,1.446,
2017-02-06,,3.366,1.82,6.549,2.701,1.874,1.459,
2017-02-07,,3.36,1.807,6.539,2.722,1.874,1.456,
2017-02-08,,3.383,1.822,6.583,2.722,1.889,1.461,
2017-02-09,,3.395,1.833,6.615,2.74,1.894,1.455,
2017-02-10,,3.413,1.824,6.629,2.712,1.913,1.472,
2017-02-13,,3.431,1.833,6.655,2.719,1.916,1.481,
2017-02-14,,3.435,1.827,6.66,2.72,1.915,1.48,
2017-02-15,,3.423,1.812,6.598,2.707,1.929,1.488,
2017-02-16,,3.438,1.817,6.641,2.725,1.938,1.488,
2017-02-17,,3.418,1.801,6.595,2.737,1.931,1.485,
2017-02-20,,3.474,1.817,6.681,2.73,1.937,1.49,
2017-02-21,,3.475,1.842,6.733,2.736,1.939,1.489,
2017-02-22,,3.485,1.838,6.764,2.735,1.965,1.503,
2017-02-23,,3.47,1.848,6.774,2.739,1.963,1.507,
2017-02-24,,3.467,1.859,6.776,2.775,1.957,1.509,
2017-02-27,,3.44,1.847,6.72,2.784,1.947,1.508,
2017-02-28,,3.445,1.846,6.743,2.774,1.955,1.519,
2017-03-01,,3.449,1.85,6.765,2.755,1.947,1.541,
2017-03-02,,3.437,1.841,6.733,2.758,1.989,1.623,
2017-03-03,,3.424,1.849,6.747,2.737,1.978,1.63,
2017-03-06,,3.441,1.883,6.811,2.739,2.02,1.678,
2017-03-07,,3.446,1.895,6.829,2.729,1.993,1.628,
2017-03-08,,3.45,1.884,6.804,2.717,1.978,1.595,
2017-03-09,,3.419,1.869,6.723,2.708,1.979,1.556,
2017-03-10,,3.422,1.868,6.744,2.69,1.995,1.59,
2017-03-13,,3.459,1.89,6.817,2.718,2.01,1.603,
2017-03-14,,3.451,1.875,6.785,2.709,2.025,1.617,
2017-03-15,,3.457,1.876,6.779,2.709,2.019,1.594,
2017-03-16,,3.478,1.882,6.84,2.75,2.04,1.613,
2017-03-17,,3.439,1.862,6.772,2.754,2.034,1.611,
2017-03-20,,3.441,1.87,6.794,2.766,2.028,1.612,
2017-03-21,,3.465,1.879,6.823,2.751,2.04,1.615,
2017-03-22,,3.447,1.864,6.798,2.776,1.977,1.555,
2017-03-23,,3.457,1.865,6.812,2.779,1.982,1.555,
2017-03-24,,3.49,1.882,6.855,2.773,1.955,1.542,
2017-03-27,,3.474,1.864,6.814,2.8,1.936,1.521,
2017-03-28,,3.469,1.863,6.799,2.793,1.959,1.538,
2017-03-29,,3.462,1.845,6.776,2.786,1.99,1.553,
2017-03-30,,3.429,1.813,6.674,2.784,1.992,1.547,
2017-03-31,,3.454,1.826,6.687,2.761,2.007,1.574,
2017-04-05,,3.511,1.861,6.859,2.792,1.99,1.564,
2017-04-06,,3.507,1.859,6.857,2.794,1.969,1.549,
2017-04-07,,3.514,1.865,6.869,2.819,1.963,1.543,
2017-04-10,,3.505,1.832,6.862,2.808,1.972,1.546,
2017-04-11,,3.514,1.836,6.939,2.814,1.969,1.54,
2017-04-12,,3.501,1.819,6.885,2.842,1.968,1.534,
2017-04-13,,3.514,1.835,6.925,2.853,1.954,1.529,
2017-04-14,,3.485,1.81,6.833,2.859,1.935,1.515,
2017-04-17,,3.473,1.79,6.756,2.852,1.936,1.507,
2017-04-18,,3.465,1.772,6.725,2.843,1.964,1.535,
2017-04-19,,3.438,1.763,6.646,2.841,1.952,1.522,
2017-04-20,,3.457,1.77,6.643,2.836,1.949,1.517,
2017-04-21,,3.46,1.761,6.602,2.827,1.968,1.528,
2017-04-24,,3.423,1.737,6.424,2.805,1.984,1.536,
2017-04-25,,3.434,1.742,6.444,2.807,2.0,1.559,
2017-04-26,,3.442,1.743,6.456,2.794,2.02,1.568,
2017-04-27,,3.444,1.764,6.479,2.802,2.006,1.541,
2017-04-28,,3.431,1.777,6.501,2.812,2.019,1.553,
2017-05-02,,3.426,1.773,6.494,2.788,2.042,1.552,
2017-05-03,,3.409,1.763,6.489,2.788,2.039,1.55,
2017-05-04,,3.396,1.769,6.458,2.745,2.033,1.547,
2017-05-05,,3.374,1.743,6.384,2.747,2.027,1.544,
2017-05-08,,3.345,1.716,6.266,2.738,2.063,1.559,
2017-05-09,,3.348,1.726,6.29,2.741,2.072,1.553,
2017-05-10,,3.336,1.7,6.172,2.726,2.071,1.548,
2017-05-11,,3.353,1.696,6.154,2.731,2.07,1.554,
2017-05-12,,3.38,1.698,6.137,2.739,2.051,1.543,
2017-05-15,,3.394,1.704,6.168,2.75,2.06,1.544,
2017-05-16,,3.434,1.741,6.297,2.757,2.073,1.552,
2017-05-17,,3.411,1.743,6.314,2.768,2.064,1.533,
2017-05-18,,3.396,1.738,6.255,2.791,2.02,1.507,
2017-05-19,,3.402,1.725,6.253,2.784,2.033,1.506,
2017-05-22,,3.405,1.711,6.161,2.79,2.05,1.52,
2017-05-23,,3.42,1.681,6.05,2.803,2.07,1.523,
2017-05-24,,3.42,1.703,6.076,2.772,2.069,1.524,
2017-05-25,,3.493,1.703,6.122,2.784,2.082,1.533,
2017-05-26,,3.487,1.689,6.127,2.788,2.108,1.546,
2017-05-31,,3.489,1.692,6.093,2.775,2.107,1.53,
2017-06-01,,3.497,1.661,5.984,2.777,2.087,1.523,
2017-06-02,,3.488,1.678,6.051,2.771,2.117,1.542,
2017-06-05,,3.465,1.689,6.087,2.805,2.135,1.536,
2017-06-06,,3.492,1.692,6.115,2.822,2.123,1.533,
2017-06-07,,3.54,1.73,6.248,2.823,2.112,1.529,
2017-06-08,,3.565,1.722,6.245,2.806,2.119,1.528,
2017-06-09,,3.587,1.725,6.267,2.78,2.123,1.528,
2017-06-12,,3.58,1.702,6.19,2.77,2.097,1.524,
2017-06-13,,3.587,1.723,6.278,2.775,2.079,1.529,
2017-06-14,,3.551,1.72,6.257,2.782,2.078,1.529,
2017-06-15,,3.539,1.744,6.313,2.759,2.044,1.531,
2017-06-16,,3.533,1.739,6.309,2.755,2.052,1.533,
2017-06-19,,3.573,1.746,6.355,2.753,2.051,1.534,
2017-06-20,,3.562,1.748,6.374,2.743,2.079,1.547,
2017-06-21,,3.607,1.753,6.385,2.745,2.054,1.535,
2017-06-22,,3.611,1.725,6.294,2.76,2.072,1.535,
2017-06-23,,3.646,1.737,6.313,2.764,2.072,1.538,
2017-06-26,,3.691,1.749,6.428,2.764,2.084,1.537,
2017-06-27,,3.693,1.746,6.411,2.751,2.073,1.538,
2017-06-28,,3.668,1.734,6.391,2.747,2.034,1.525,
2017-06-29,,3.69,1.742,6.429,2.74,2.049,1.53,
2017-06-30,,3.684,1.748,6.449,2.714,2.013,1.521,
2017-07-03,,3.668,1.764,6.492,2.707,2.017,1.52,
2017-07-04,,3.638,1.755,6.465,2.689,1.993,1.521,
2017-07-05,,3.685,1.761,6.505,2.688,2.0,1.523,
2017-07-06,,3.682,1.753,6.505,2.694,2.013,1.523,
2017-07-07,,3.68,1.75,6.546,2.686,1.998,1.515,
2017-07-10,,3.684,1.716,6.524,2.658,2.021,1.521,
2017-07-11,,3.714,1.696,6.452,2.667,2.026,1.522,
2017-07-12,,3.692,1.697,6.443,2.676,2.032,1.52,
2017-07-13,,3.73,1.686,6.45,2.684,2.06,1.53,
2017-07-14,,3.755,1.662,6.433,2.675,2.056,1.528,
2017-07-17,,3.704,1.57,6.181,2.695,2.07,1.533,
2017-07-18,,3.706,1.579,6.237,2.708,2.073,1.534,
2017-07-19,,3.783,1.593,6.377,2.709,2.089,1.538,
2017-07-20,,3.801,1.59,6.407,2.708,2.098,1.545,
2017-07-21,,3.782,1.591,6.43,2.724,2.095,1.541,
2017-07-24,,3.801,1.599,6.48,2.727,2.094,1.538,
2017-07-25,,3.772,1.599,6.478,2.733,2.098,1.537,
2017-07-26,,3.751,1.588,6.466,2.71,2.098,1.54,
2017-07-27,,3.762,1.665,6.507,2.739,2.116,1.536,
2017-07-28,,3.776,1.647,6.543,2.735,2.079,1.535,
2017-07-31,,3.79,1.652,6.633,2.742,2.077,1.536,
2017-08-01,,3.82,1.65,6.615,2.745,2.081,1.532,
2017-08-02,,3.82,1.638,6.585,2.742,2.098,1.535,
2017-08-03,,3.782,1.651,6.588,2.731,2.083,1.53,
2017-08-04,,3.759,1.636,6.55,2.748,2.075,1.527,
2017-08-07,,3.782,1.651,6.643,2.725,2.087,1.539,
2017-08-08,,3.783,1.678,6.636,2.72,2.092,1.539,
2017-08-09,,3.78,1.675,6.68,2.727,2.075,1.531,
2017-08-10,,3.772,1.669,6.625,2.749,2.066,1.527,
2017-08-11,,3.7,1.659,6.501,2.763,2.031,1.513,
2017-08-14,,3.746,1.702,6.633,2.76,2.044,1.518,
2017-08-15,,3.756,1.706,6.637,2.74,2.075,1.523,
2017-08-16,,3.75,1.735,6.645,2.733,2.063,1.519,
2017-08-17,,3.779,1.746,6.711,2.76,2.062,1.518,
2017-08-18,,3.781,1.733,6.682,2.763,2.044,1.505,
2017-08-21,,3.797,1.737,6.747,2.752,2.04,1.503,
2017-08-22,,3.803,1.726,6.72,2.749,2.053,1.504,
2017-08-23,,3.813,1.717,6.668,2.75,2.062,1.51,
2017-08-24,,3.793,1.705,6.619,2.751,2.045,1.502,99.401
2017-08-25,,3.859,1.723,6.689,2.749,2.05,1.502,99.801
2017-08-28,,3.903,1.755,6.765,2.762,2.039,1.502,99.988
2017-08-29,,3.895,1.743,6.742,2.792,2.03,1.494,99.83
2017-08-30,,3.891,1.756,6.789,2.76,2.038,1.494,99.877
2017-08-31,,3.884,1.765,6.812,2.756,2.056,1.497,100.0
2017-09-01,,3.889,1.776,6.882,2.775,2.069,1.504,99.861
2017-09-04,,3.903,1.796,6.91,2.796,2.056,1.503,99.878
2017-09-05,,3.917,1.796,6.915,2.792,2.055,1.5,99.87
2017-09-06,,3.905,1.813,6.953,2.795,2.041,1.497,99.871
2017-09-07,,3.888,1.8,6.902,2.786,2.036,1.495,99.822
2017-09-08,,3.884,1.791,6.924,2.794,2.039,1.493,99.961
2017-09-11,,3.89,1.807,7.008,2.781,2.036,1.495,99.86
2017-09-12,,3.9,1.793,6.992,2.769,2.048,1.503,99.962
2017-09-13,,3.903,1.797,7.039,2.773,2.048,1.503,99.995
2017-09-14,,3.89,1.787,7.024,2.768,2.059,1.505,100.009
2017-09-15,,3.896,1.782,6.97,2.78,2.05,1.507,100.195
2017-09-18,,3.911,1.808,7.036,2.758,2.058,1.512,100.276
2017-09-19,,3.886,1.79,6.976,2.759,2.058,1.515,100.121
2017-09-20,,3.904,1.801,7.048,2.762,2.06,1.518,100.23
2017-09-21,,3.905,1.78,6.966,2.733,2.058,1.522,100.28
2017-09-22,,3.894,1.773,6.914,2.738,2.051,1.521,100.454
2017-09-25,,3.878,1.75,6.83,2.734,2.048,1.516,100.546
2017-09-26,,3.88,1.746,6.86,2.772,2.033,1.518,100.34
2017-09-27,,3.883,1.757,6.922,2.748,2.044,1.52,100.315
2017-09-28,,3.889,1.761,6.924,2.732,2.062,1.529,100.415
2017-09-29,,3.902,1.78,6.966,2.742,2.07,1.539,100.01
2017-10-09,,3.943,1.8,7.039,2.729,2.093,1.56,100.136
2017-10-10,,3.948,1.828,7.062,2.73,2.092,1.559,100.2
2017-10-11,,3.963,1.814,7.023,2.724,2.101,1.567,99.994
2017-10-12,,3.98,1.811,7.01,2.734,2.104,1.569,99.99
2017-10-13,,3.988,1.84,7.065,2.734,2.102,1.558,99.914
2017-10-16,,3.974,1.796,6.963,2.748,2.112,1.559,99.901
2017-10-17,,3.972,1.786,6.952,2.735,2.122,1.563,99.601
2017-10-18,,3.996,1.778,6.917,2.729,2.119,1.561,99.65
2017-10-19,,3.985,1.775,6.847,2.724,2.123,1.56,99.836
2017-10-20,,3.983,1.794,6.916,2.723,2.123,1.568,99.741
2017-10-23,,3.995,1.806,6.963,2.713,2.128,1.574,99.7
2017-10-24,,4.021,1.812,6.956,2.723,2.119,1.57,99.668
2017-10-25,,4.034,1.818,6.995,2.712,2.123,1.577,99.66
2017-10-26,,4.063,1.823,7.007,2.723,2.113,1.569,99.608
2017-10-27,,4.083,1.801,6.992,2.706,2.125,1.576,99.6
2017-10-30,,4.065,1.764,6.849,2.711,2.168,1.587,99.4
2017-10-31,,4.062,1.773,6.899,2.718,2.172,1.585,99.386
2017-11-01,,4.048,1.769,6.882,2.711,2.183,1.591,99.4
2017-11-02,,4.055,1.745,6.814,2.712,2.176,1.591,99.3
2017-11-03,,4.044,1.732,6.754,2.713,2.179,1.6,99.2
2017-11-06,,4.08,1.754,6.848,2.707,2.186,1.606,99.214
2017-11-07,,4.12,1.76,6.888,2.719,2.191,1.595,99.215
2017-11-08,,4.111,1.765,6.901,2.72,2.195,1.591,99.2
2017-11-09,,4.142,1.779,6.958,2.729,2.202,1.593,99.098
2017-11-10,,4.179,1.8,6.98,2.735,2.196,1.583,98.676
2017-11-13,,4.188,1.799,7.011,2.724,2.197,1.583,98.7
2017-11-14,,4.156,1.788,6.96,2.719,2.2,1.585,98.98
2017-11-15,,4.126,1.758,6.875,2.724,2.185,1.574,98.288
2017-11-16,,4.165,1.765,6.893,2.719,2.177,1.572,98.0
2017-11-17,,4.17,1.723,6.71,2.728,2.203,1.584,98.183
2017-11-20,,4.203,1.755,6.761,2.742,2.194,1.579,98.213
2017-11-21,,4.286,1.75,6.789,2.726,2.198,1.584,98.231
2017-11-22,,4.285,1.744,6.76,2.726,2.215,1.589,98.048
2017-11-23,,4.149,1.692,6.592,2.728,2.208,1.586,98.88
2017-11-24,,4.153,1.678,6.605,2.732,2.208,1.587,98.2
2017-11-27,,4.086,1.66,6.517,2.731,2.219,1.587,98.697
2017-11-28,,4.105,1.682,6.62,2.736,2.224,1.589,98.1
2017-11-29,,4.101,1.674,6.641,2.738,2.246,1.603,97.451
2017-11-30,,4.054,1.663,6.596,2.72,2.214,1.602,97.822
2017-12-01,,4.057,1.687,6.641,2.702,2.241,1.615,97.996
2017-12-04,,4.074,1.676,6.603,2.7,2.262,1.659,97.994
2017-12-05,,4.099,1.644,6.459,2.702,2.2,1.63,97.994
2017-12-06,,4.068,1.663,6.488,2.686,2.175,1.614,97.85
2017-12-07,,4.022,1.656,6.449,2.668,2.19,1.613,98.002
2017-12-08,,4.061,1.675,6.52,2.651,2.21,1.628,97.802
2017-12-11,,4.128,1.698,6.616,2.653,2.22,1.636,97.805
2017-12-12,,4.063,1.675,6.559,2.649,2.235,1.641,97.9
2017-12-13,,4.092,1.691,6.616,2.65,2.237,1.643,97.949
2017-12-14,,4.079,1.68,6.631,2.674,2.243,1.644,97.903
2017-12-15,,4.025,1.673,6.578,2.673,2.232,1.63,97.801
2017-12-18,,4.026,1.667,6.528,2.674,2.266,1.645,97.9
2017-12-19,,4.079,1.683,6.579,2.686,2.28,1.659,97.85
2017-12-20,,4.07,1.661,6.529,2.68,2.276,1.651,98.155
2017-12-21,,4.12,1.668,6.566,2.676,2.262,1.644,98.148
2017-12-22,,4.101,1.663,6.566,2.678,2.269,1.647,98.155
2017-12-25,,4.082,1.642,6.506,2.693,2.262,1.645,98.16
2017-12-26,,4.094,1.644,6.549,2.677,2.261,1.645,98.25
2017-12-27,,4.026,1.63,6.489,2.691,2.234,1.644,98.113
2017-12-28,,4.063,1.637,6.523,2.692,2.227,1.634,97.05
2017-12-29,,4.076,1.644,6.589,2.708,2.229,1.634,98.118
2018-01-02,,4.136,1.665,6.677,2.723,2.218,1.627,98.2
2018-01-03,,4.158,1.689,6.72,2.733,2.248,1.635,98.16
2018-01-04,,4.171,1.693,6.746,2.719,2.256,1.638,98.161
2018-01-05,,4.187,1.696,6.758,2.728,2.25,1.639,98.078
2018-01-08,,4.204,1.701,6.789,2.73,2.268,1.652,97.99
2018-01-09,,4.238,1.699,6.783,2.736,2.274,1.652,98.124
2018-01-10,,4.256,1.689,6.749,2.729,2.285,1.657,98.005
2018-01-11,,4.25,1.701,6.765,2.734,2.283,1.657,97.742
2018-01-12,,4.273,1.685,6.731,2.774,2.312,1.675,97.755
2018-01-15,,4.265,1.634,6.587,2.783,2.309,1.682,97.8
2018-01-16,,4.308,1.631,6.622,2.781,2.306,1.681,97.859
2018-01-17,,4.295,1.639,6.584,2.774,2.293,1.669,97.634
2018-01-18,,4.323,1.636,6.609,2.759,2.313,1.681,97.702
2018-01-19,,4.335,1.63,6.59,2.751,2.31,1.668,97.997
2018-01-22,,4.39,1.67,6.674,2.754,2.3,1.674,98.456
2018-01-23,,4.388,1.667,6.683,2.762,2.326,1.692,98.25
2018-01-24,,4.391,1.714,6.734,2.774,2.344,1.692,98.25
2018-01-25,,4.363,1.708,6.724,2.784,2.324,1.684,97.502
2018-01-26,,4.385,1.72,6.73,2.767,2.32,1.684,98.002
2018-01-29,,4.302,1.701,6.643,2.754,2.344,1.696,98.01
2018-01-30,,4.258,1.687,6.642,2.731,2.32,1.682,97.861
2018-01-31,,4.271,1.633,6.501,2.735,2.309,1.666,98.053
2018-02-01,,4.241,1.603,6.306,2.729,2.305,1.67,97.962
2018-02-02,,4.267,1.607,6.303,2.731,2.294,1.656,98.168
2018-02-05,,4.263,1.594,6.292,2.705,2.227,1.611,98.17
2018-02-06,,4.143,1.505,6.007,2.726,2.095,1.518,98.001
2018-02-07,,4.045,1.523,6.014,2.689,2.164,1.543,98.201
2018-02-08,,4.012,1.548,6.067,2.68,2.169,1.562,98.342
2018-02-09,,3.827,1.502,5.836,2.692,2.092,1.513,98.4
2018-02-12,,3.882,1.553,5.994,2.694,2.131,1.533,98.251
2018-02-13,,3.929,1.557,6.031,2.708,2.164,1.555,98.282
2018-02-14,,3.964,1.549,6.051,2.73,2.193,1.564,98.891
2018-02-22,,4.046,1.58,6.177,2.704,2.232,1.577,98.6
2018-02-23,,4.068,1.572,6.186,2.712,2.249,1.588,98.6
2018-02-26,,4.12,1.63,6.353,2.727,2.292,1.622,99.348
2018-02-27,,4.061,1.639,6.324,2.712,2.32,1.635,99.5
2018-02-28,,4.02,1.651,6.326,2.692,2.286,1.623,99.467
2018-03-01,,4.049,1.687,6.413,2.689,2.288,1.602,99.392
2018-03-02,,4.022,1.669,6.382,2.7,2.253,1.576,99.293
2018-03-05,,4.013,1.69,6.374,2.71,2.268,1.579,99.201
2018-03-06,,4.073,1.693,6.46,2.709,2.298,1.596,99.255
2018-03-07,,4.04,1.679,6.399,2.719,2.284,1.589,99.2
2018-03-08,,4.081,1.686,6.457,2.714,2.302,1.599,99.072
2018-03-09,,4.111,1.755,6.544,2.7,2.319,1.61,99.08
2018-03-12,,4.123,1.777,6.615,2.699,2.368,1.64,99.092
2018-03-13,,4.079,1.767,6.584,2.698,2.368,1.63,99.05
2018-03-14,,4.065,1.741,6.5,2.702,2.338,1.621,98.978
2018-03-15,,4.095,1.742,6.488,2.699,2.337,1.62,99.029
2018-03-16,,4.05,1.716,6.452,2.688,2.338,1.611,99.03
2018-03-19,,4.072,1.736,6.477,2.678,2.333,1.61,99.17
2018-03-20,,4.07,1.76,6.48,2.689,2.293,1.594,99.2
2018-03-21,,4.049,1.72,6.427,2.69,2.294,1.598,99.184
2018-03-22,,4.013,1.711,6.426,2.713,2.288,1.6,99.39
2018-03-23,,3.894,1.622,6.092,2.741,2.204,1.558,99.99
2018-03-26,,3.876,1.673,6.214,2.738,2.187,1.541,99.7
2018-03-27,,3.911,1.738,6.355,2.736,2.27,1.561,99.56
2018-03-28,,3.832,1.73,6.283,2.721,2.185,1.535,99.668
2018-03-29,,3.902,1.739,6.349,2.688,2.186,1.534,99.33
2018-03-30,,3.896,1.791,6.433,2.692,2.194,1.538,99.565
2018-04-02,,3.883,1.788,6.424,2.696,2.177,1.538,99.769
2018-04-03,,3.858,1.764,6.373,2.716,2.126,1.514,99.78
2018-04-04,,3.848,1.732,6.321,2.712,2.13,1.52,99.879
2018-04-09,,3.853,1.737,6.331,2.707,2.143,1.526,100.226
2018-04-10,,3.928,1.732,6.38,2.71,2.186,1.541,100.151
2018-04-11,,3.933,1.729,6.391,2.726,2.185,1.54,100.251
2018-04-12,,3.892,1.72,6.357,2.735,2.181,1.538,100.296
2018-04-13,,3.865,1.721,6.336,2.714,2.203,1.551,100.29
2018-04-16,,3.804,1.736,6.317,2.725,2.189,1.543,100.4
2018-04-17,,3.748,1.683,6.204,2.729,2.208,1.558,100.699
2018-04-18,,3.756,1.718,6.272,2.727,2.247,1.573,101.001
2018-04-19,,3.809,1.715,6.302,2.734,2.249,1.57,101.6
2018-04-20,,3.75,1.684,6.191,2.722,2.236,1.567,101.621
2018-04-23,,3.766,1.653,6.124,2.708,2.202,1.556,101.6
2018-04-24,,3.845,1.705,6.254,2.7,2.215,1.564,101.7
2018-04-25,,3.822,1.715,6.26,2.699,2.171,1.544,101.6
2018-04-26,,3.746,1.681,6.148,2.702,2.171,1.543,101.6
2018-04-27,,3.754,1.707,6.175,2.692,2.233,1.571,101.6
2018-05-02,,3.766,1.701,6.159,2.684,2.231,1.565,101.091
2018-05-03,,3.788,1.726,6.219,2.684,2.221,1.56,101.11
2018-05-04,,3.77,1.712,6.215,2.687,2.228,1.561,101.186
2018-05-07,,3.831,1.749,6.335,2.694,2.27,1.575,101.203
2018-05-08,,3.881,1.753,6.365,2.692,2.274,1.574,101.011
2018-05-09,,3.87,1.749,6.34,2.689,2.272,1.573,100.79
2018-05-10,,3.896,1.762,6.366,2.69,2.304,1.587,100.6
2018-05-11,,3.873,1.734,6.316,2.693,2.317,1.596,100.7
2018-05-14,,3.907,1.728,6.286,2.694,2.315,1.607,100.206
2018-05-15,,3.922,1.756,6.346,2.68,2.311,1.598,100.401
2018-05-16,,3.89,1.745,6.33,2.654,2.289,1.595,100.5
2018-05-17,,3.857,1.729,6.29,2.642,2.309,1.599,100.6
2018-05-18,,3.899,1.731,6.33,2.644,2.308,1.6,100.6
2018-05-21,,3.918,1.757,6.401,2.639,2.324,1.628,100.7
2018-05-22,,3.902,1.77,6.427,2.646,2.316,1.623,100.9
2018-05-23,,3.851,1.745,6.342,2.649,2.298,1.612,100.9
2018-05-24,,3.82,1.737,6.322,2.665,2.323,1.62,101.143
2018-05-25,,3.811,1.705,6.238,2.678,2.327,1.621,101.081
2018-05-28,,3.835,1.698,6.226,2.667,2.337,1.628,101.559
2018-05-29,,3.799,1.678,6.148,2.676,2.335,1.618,101.632
2018-05-30,,3.727,1.633,6.007,2.683,2.319,1.597,101.8
2018-05-31,,3.803,1.649,6.078,2.686,2.35,1.614,101.791
2018-06-01,,3.777,1.62,6.007,2.68,2.341,1.607,101.704
2018-06-04,,3.814,1.613,6.006,2.665,2.384,1.629,101.642
2018-06-05,,3.846,1.653,6.108,2.662,2.414,1.639,101.424
2018-06-06,,3.839,1.65,6.102,2.666,2.42,1.636,101.466
2018-06-07,,3.838,1.636,6.069,2.664,2.439,1.648,101.267
2018-06-08,,3.787,1.62,5.995,2.664,2.405,1.643,101.109
2018-06-11,,3.797,1.601,5.958,2.671,2.431,1.657,101.362
2018-06-12,,3.835,1.619,6.007,2.669,2.438,1.668,101.344
2018-06-13,,3.796,1.597,5.922,2.667,2.451,1.671,101.101
2018-06-14,,3.786,1.587,5.912,2.677,2.436,1.66,101.161
2018-06-15,,3.78,1.554,5.807,2.682,2.472,1.673,101.261
2018-06-19,,3.65,1.467,5.439,2.659,2.442,1.638,101.103
2018-06-20,,3.65,1.478,5.487,2.651,2.458,1.654,101.3
2018-06-21,,3.62,1.441,5.39,2.641,2.505,1.673,101.6
2018-06-22,,3.636,1.466,5.46,2.653,2.488,1.664,101.788
2018-06-25,,3.585,1.455,5.41,2.658,2.471,1.678,102.0
2018-06-26,,3.55,1.485,5.457,2.657,2.431,1.661,101.9
2018-06-27,,3.466,1.466,5.383,2.663,2.413,1.647,101.601
2018-06-28,,3.446,1.462,5.343,2.655,2.396,1.64,101.9
2018-06-29,,3.537,1.524,5.531,2.661,2.449,1.67,102.2
2018-07-02,,3.443,1.503,5.442,2.667,2.437,1.66,102.4
2018-07-03,,3.43,1.52,5.499,2.665,2.503,1.689,102.796
2018-07-04,,3.394,1.486,5.424,2.673,2.459,1.671,102.5
2018-07-05,,3.366,1.452,5.28,2.675,2.46,1.687,102.5
2018-07-06,,3.395,1.464,5.282,2.68,2.497,1.702,102.5
2018-07-09,,3.494,1.504,5.418,2.677,2.574,1.718,102.3
2018-07-10,,3.503,1.516,5.447,2.668,2.604,1.726,102.4
2018-07-11,,3.445,1.488,5.344,2.676,2.554,1.729,102.157
2018-07-12,,3.528,1.54,5.5,2.668,2.578,1.741,102.4
2018-07-13,,3.534,1.542,5.514,2.665,2.603,1.74,102.4
2018-07-16,,3.519,1.542,5.52,2.669,2.584,1.74,102.74
2018-07-17,,3.497,1.543,5.501,2.664,2.559,1.73,102.88
2018-07-18,,3.481,1.532,5.475,2.639,2.595,1.748,102.728
2018-07-19,,3.483,1.514,5.429,2.65,2.607,1.76,102.999
2018-07-20,,3.55,1.535,5.496,2.655,2.61,1.762,103.1
2018-07-23,,3.573,1.54,5.537,2.668,2.602,1.755,102.8
2018-07-24,,3.639,1.549,5.63,2.666,2.641,1.777,102.614
2018-07-25,,3.638,1.551,5.631,2.668,2.65,1.777,102.5
2018-07-26,,3.591,1.534,5.598,2.672,2.656,1.789,102.589
2018-07-27,,3.582,1.518,5.569,2.669,2.658,1.811,102.649
2018-07-30,,3.562,1.484,5.485,2.671,2.646,1.79,102.6
2018-07-31,,3.575,1.489,5.497,2.673,2.584,1.761,102.699
2018-08-01,,3.495,1.471,5.411,2.672,2.617,1.779,102.698
2018-08-02,,3.417,1.44,5.286,2.664,2.623,1.773,103.2
2018-08-03,,3.369,1.414,5.235,2.663,2.702,1.804,103.3
2018-08-06,,3.334,1.374,5.125,2.663,2.768,1.824,103.689
2018-08-07,,3.427,1.412,5.252,2.662,2.754,1.856,103.26
2018-08-08,,3.377,1.381,5.185,2.658,2.71,1.83,102.839
2018-08-09,,3.458,1.426,5.316,2.658,2.673,1.812,102.851
2018-08-10,,3.464,1.437,5.338,2.656,2.667,1.813,102.905
2018-08-13,,3.449,1.458,5.371,2.664,2.66,1.8,102.341
2018-08-14,,3.434,1.446,5.344,2.641,2.679,1.804,102.541
2018-08-15,,3.352,1.409,5.238,2.637,2.71,1.825,102.885
2018-08-16,,3.338,1.396,5.192,2.604,2.662,1.8,102.605
2018-08-17,,3.287,1.369,5.099,2.598,2.668,1.822,
2018-08-20,,3.322,1.367,5.128,2.615,2.655,1.821,101.751
2018-08-21,,3.379,1.387,5.18,2.627,2.638,1.816,101.951
2018-08-22,,3.373,1.375,5.146,2.626,2.636,1.814,101.74
2018-08-23,,3.383,1.388,5.171,2.627,2.665,1.817,102.2
2018-08-24,,3.388,1.382,5.152,2.628,2.666,1.814,102.005
2018-08-27,,3.473,1.426,5.28,2.641,2.678,1.821,102.227
2018-08-28,,3.463,1.423,5.286,2.65,2.705,1.837,102.218
2018-08-29,,3.45,1.411,5.259,2.638,2.708,1.842,102.333
2018-08-30,,3.416,1.389,5.18,2.641,2.748,1.85,102.496
2018-08-31,,3.39,1.369,5.123,2.646,2.74,1.844,102.577
2018-09-03,,3.383,1.375,5.147,2.635,2.742,1.836,102.39
2018-09-04,,3.424,1.385,5.184,2.626,2.754,1.841,102.381
2018-09-05,,3.353,1.363,5.117,2.624,2.728,1.833,102.3
2018-09-06,,3.324,1.355,5.094,2.633,2.684,1.826,102.188
2018-09-07,,3.346,1.36,5.086,2.642,2.662,1.821,102.157
2018-09-10,,3.298,1.327,5.008,2.633,2.68,1.829,102.11
2018-09-11,,3.286,1.332,5.001,2.64,2.693,1.835,101.887
2018-09-12,,3.263,1.32,4.985,2.639,2.722,1.844,101.771
2018-09-13,,3.298,1.326,5.013,2.65,2.695,1.839,101.751
2018-09-14,,3.303,1.304,4.96,2.656,2.722,1.85,101.98
2018-09-17,,3.272,1.288,4.9,2.642,2.709,1.85,102.101
2018-09-18,,3.335,1.312,4.972,2.646,2.673,1.836,102.184
2018-09-19,,3.38,1.324,5.031,2.648,2.696,1.845,102.168
2018-09-20,,3.378,1.32,5.03,2.651,2.691,1.851,101.97
2018-09-21,,3.484,1.343,5.126,2.657,2.72,1.865,101.819
2018-09-25,,3.449,1.338,5.098,2.649,2.709,1.859,101.99
2018-09-26,,3.487,1.352,5.108,2.653,2.726,1.869,102.03
2018-09-27,,3.472,1.333,5.055,2.642,2.721,1.854,102.14
2018-09-28,,3.508,1.346,5.122,2.623,2.754,1.858,102.373
2018-10-08,,3.341,1.289,4.942,2.656,2.677,1.841,102.407
2018-10-09,,3.348,1.283,4.927,2.652,2.675,1.848,102.532
2018-10-10,,3.346,1.282,4.926,2.652,2.685,1.853,102.47
2018-10-11,,3.174,1.196,4.554,2.665,2.51,1.763,102.639
2018-10-12,,3.233,1.206,4.536,2.702,2.564,1.775,102.814
2018-10-15,,3.186,1.19,4.458,2.728,2.555,1.759,102.806
2018-10-16,,3.165,1.16,4.375,2.727,2.559,1.766,102.84
2018-10-17,,3.176,1.174,4.394,2.719,2.647,1.802,102.916
2018-10-18,,3.106,1.153,4.297,2.722,2.619,1.793,102.893
2018-10-19,,3.185,1.189,4.386,2.734,2.599,1.782,103.068
2018-10-22,,3.353,1.26,4.642,2.73,2.587,1.781,102.95
2018-10-23,,3.24,1.231,4.53,2.744,2.544,1.755,102.897
2018-10-24,,3.245,1.226,4.517,2.745,2.56,1.755,102.99
2018-10-25,,3.261,1.216,4.516,2.759,2.477,1.713,103.169
2018-10-26,,3.228,1.203,4.494,2.757,2.49,1.718,103.183
2018-10-29,,3.131,1.192,4.44,2.753,2.483,1.708,103.195
2018-10-30,,3.168,1.204,4.481,2.747,2.449,1.709,103.431
2018-10-31,,3.205,1.216,4.549,2.724,2.486,1.735,103.402
2018-11-01,,3.228,1.227,4.581,2.73,2.514,1.745,103.471
2018-11-02,,3.363,1.291,4.75,2.731,2.547,1.763,103.42
2018-11-05,,3.32,1.287,4.726,2.732,2.505,1.744,103.293
2018-11-06,,3.299,1.286,4.735,2.734,2.499,1.763,103.461
2018-11-07,,3.272,1.282,4.69,2.735,2.528,1.772,103.583
2018-11-08,,3.269,1.265,4.659,2.724,2.588,1.807,103.9
2018-11-09,,3.228,1.26,4.661,2.718,2.575,1.799,103.83
2018-11-12,,3.264,1.305,4.783,2.698,2.568,1.797,103.871
2018-11-13,,3.298,1.326,4.878,2.689,2.491,1.759,103.875
2018-11-14,,3.258,1.32,4.856,2.688,2.483,1.76,104.203
2018-11-15,,3.301,1.336,4.942,2.703,2.464,1.745,104.511
2018-11-16,,3.311,1.332,4.972,2.707,2.474,1.749,104.708
2018-11-19,,3.348,1.325,4.974,2.714,2.484,1.754,104.843
2018-11-20,,3.275,1.291,4.842,2.724,2.396,1.729,104.736
2018-11-21,,3.278,1.294,4.853,2.723,2.379,1.704,104.743
2018-11-22,,3.269,1.285,4.853,2.728,2.377,1.703,104.674
2018-11-23,,3.184,1.248,4.647,2.731,2.361,1.699,104.684
2018-11-26,,3.189,1.244,4.656,2.727,2.382,1.703,104.498
2018-11-27,,3.186,1.253,4.68,2.722,2.41,1.715,104.507
2018-11-28,,3.234,1.277,4.749,2.71,2.435,1.729,104.545
2018-11-29,,3.202,1.247,4.653,2.731,2.483,1.753,104.752
2018-11-30,,3.235,1.264,4.679,2.732,2.493,1.762,104.587
2018-12-03,,3.319,1.31,4.828,2.72,2.558,1.8,104.737
2018-12-04,,3.324,1.315,4.847,2.72,2.513,1.769,104.966
2018-12-05,,3.309,1.315,4.815,2.725,2.444,1.734,105.223
2018-12-06,,3.242,1.28,4.711,2.735,2.404,1.709,105.339
2018-12-07,,3.235,1.275,4.712,2.738,2.44,1.721,105.38
2018-12-10,,3.205,1.264,4.654,2.767,2.368,1.673,105.499
2018-12-11,,3.218,1.277,4.704,2.763,2.399,1.688,105.654
2018-12-12,,3.229,1.276,4.693,2.75,2.429,1.696,105.685
2018-12-13,,3.284,1.286,4.763,2.748,2.443,1.7,105.335
2018-12-14,,3.227,1.248,4.66,2.745,2.411,1.683,104.982
2018-12-17,,3.223,1.24,4.635,2.746,2.387,1.669,104.91
2018-12-18,,3.183,1.232,4.601,2.761,2.337,1.633,104.746
2018-12-19,,3.15,1.209,4.534,2.77,2.336,1.629,104.885
2018-12-20,,3.127,1.219,4.562,2.77,2.272,1.593,105.195
2018-12-21,,3.088,1.213,4.538,2.788,2.267,1.588,105.422
2018-12-24,,3.095,1.226,4.577,2.798,2.194,1.555,105.25
2018-12-25,,3.076,1.217,4.517,2.82,2.123,1.499,105.306
2018-12-26,,3.059,1.211,4.501,2.819,2.12,1.496,105.536
2018-12-27,,3.052,1.192,4.445,2.809,2.236,1.567,105.658
2018-12-28,,3.059,1.194,4.451,2.826,2.243,1.576,106.134
2019-01-02,,3.017,1.178,4.409,2.837,2.233,1.573,106.08
2019-01-03,,3.017,1.164,4.398,2.868,2.225,1.572,106.257
2019-01-04,,3.094,1.195,4.518,2.853,2.224,1.57,106.119
2019-01-07,,3.107,1.214,4.596,2.841,2.296,1.607,106.007
2019-01-08,,3.107,1.211,4.586,2.828,2.328,1.625,106.092
2019-01-09,,3.13,1.21,4.583,2.817,2.341,1.639,106.172
2019-01-10,,3.133,1.207,4.591,2.823,2.322,1.621,106.191
2019-01-11,,3.156,1.209,4.615,2.805,2.328,1.635,106.184
2019-01-14,,3.129,1.195,4.591,2.807,2.302,1.621,106.144
2019-01-15,,3.188,1.216,4.655,2.801,2.322,1.631,106.1
2019-01-16,,3.129,1.214,4.647,2.803,2.351,1.64,106.352
2019-01-17,,3.112,1.198,4.61,2.81,2.334,1.632,106.539
2019-01-18,1.003,3.166,1.216,4.659,2.811,2.378,1.663,106.44
2019-01-21,1.003,3.183,1.222,4.676,2.8,2.392,1.678,106.3
2019-01-22,1.0,3.143,1.201,4.608,2.799,2.379,1.672,106.319
2019-01-23,1.003,3.135,1.197,4.613,2.802,2.353,1.659,106.221
2019-01-24,1.006,3.159,1.211,4.645,2.8,2.355,1.66,106.263
2019-01-25,1.011,3.183,1.214,4.622,2.797,2.371,1.665,106.113
2019-01-28,1.012,3.179,1.208,4.606,2.823,2.37,1.659,106.109
2019-01-29,1.016,3.193,1.192,4.545,2.833,2.345,1.65,106.181
2019-01-30,1.015,3.172,1.183,4.512,2.842,2.339,1.649,106.269
2019-01-31,1.017,3.202,1.178,4.483,2.837,2.395,1.669,106.351
2019-02-01,1.026,3.255,1.221,4.618,2.852,2.427,1.691,106.456
2019-02-11,1.038,3.3,1.264,4.718,2.84,2.439,1.698,106.641
2019-02-12,1.041,3.324,1.278,4.743,2.851,2.459,1.709,106.72
2019-02-13,1.052,3.393,1.301,4.83,2.847,2.488,1.727,106.779
2019-02-14,1.051,3.397,1.304,4.85,2.843,2.48,1.731,106.651
2019-02-15,1.032,3.341,1.302,4.816,2.861,2.458,1.72,106.779
2019-02-18,1.053,3.438,1.357,5.006,2.876,2.491,1.748,106.676
2019-02-19,1.051,3.429,1.346,4.984,2.878,2.493,1.748,106.587
2019-02-20,1.054,3.438,1.348,4.974,2.898,2.475,1.737,106.475
2019-02-21,1.046,3.434,1.355,4.979,2.88,2.476,1.744,106.401
2019-02-22,1.055,3.526,1.406,5.136,2.86,2.463,1.739,106.234
2019-02-25,1.099,3.775,1.492,5.479,2.858,2.476,1.74,106.114
2019-02-26,1.089,3.69,1.479,5.406,2.856,2.462,1.733,105.8
2019-02-27,1.091,3.67,1.458,5.363,2.853,2.465,1.732,106.0
2019-02-28,1.087,3.663,1.47,5.368,2.833,2.461,1.728,106.01
2019-03-01,1.1,3.738,1.5,5.432,2.826,2.487,1.743,105.96
2019-03-04,1.115,3.777,1.556,5.506,2.784,2.501,1.75,105.947
2019-03-05,1.127,3.809,1.615,5.666,2.77,2.486,1.737,105.84
2019-03-06,1.135,3.835,1.635,5.777,2.784,2.491,1.735,105.833
2019-03-07,1.13,3.793,1.621,5.824,2.773,2.471,1.721,106.176
2019-03-08,1.088,3.661,1.584,5.632,2.799,2.442,1.709,106.236
2019-03-11,1.095,3.71,1.658,5.838,2.808,2.458,1.716,106.232
2019-03-12,1.113,3.735,1.696,5.933,2.808,2.508,1.739,106.317
2019-03-13,1.11,3.713,1.618,5.793,2.82,2.509,1.737,106.373
2019-03-14,1.097,3.686,1.583,5.658,2.815,2.535,1.753,106.357
2019-03-15,1.117,3.735,1.589,5.72,2.811,2.541,1.755,106.394
2019-03-18,1.152,3.85,1.634,5.903,2.807,2.558,1.761,106.347
2019-03-19,1.15,3.822,1.633,5.892,2.823,2.565,1.769,106.401
2019-03-20,1.153,3.822,1.613,5.893,2.819,2.563,1.765,106.489
2019-03-21,1.151,3.824,1.627,5.958,2.839,2.564,1.749,106.486
2019-03-22,1.157,3.829,1.621,6.022,2.833,2.615,1.78,106.66
2019-03-25,1.149,3.734,1.598,5.935,2.849,2.538,1.74,106.889
2019-03-26,1.133,3.695,1.556,5.757,2.85,2.558,1.75,107.128
2019-03-27,1.146,3.727,1.568,5.828,2.848,2.576,1.763,107.09
2019-03-28,1.14,3.717,1.556,5.746,2.842,2.548,1.75,106.99
2019-03-29,1.17,3.869,1.624,5.942,2.788,2.569,1.762,106.88
2019-04-01,1.192,3.969,1.694,6.177,2.788,2.604,1.777,106.782
2019-04-02,1.192,3.962,1.682,6.172,2.792,2.613,1.788,106.429
2019-04-03,1.205,4.015,1.7,6.244,2.797,2.633,1.798,106.02
2019-04-04,1.223,4.062,1.701,6.301,2.798,2.636,1.797,105.725
2019-04-08,1.223,4.036,1.665,6.23,2.81,2.645,1.819,105.5
2019-04-09,1.226,4.06,1.667,6.257,2.811,2.648,1.811,105.533
2019-04-10,1.232,4.066,1.654,6.242,2.825,2.645,1.798,105.351
2019-04-11,1.215,3.996,1.619,6.136,2.828,2.659,1.806,105.565
2019-04-12,1.21,3.982,1.624,6.12,2.8,2.654,1.809,105.42
2019-04-15,1.209,3.957,1.596,6.039,2.785,2.662,1.815,104.86
2019-04-16,1.219,4.077,1.629,6.182,2.785,2.677,1.825,104.62
2019-04-17,1.225,4.067,1.642,6.193,2.769,2.679,1.82,104.895
2019-04-18,1.213,4.06,1.629,6.172,2.751,2.67,1.806,104.801
2019-04-19,1.221,4.12,1.645,6.225,2.762,2.676,1.816,104.911
2019-04-22,1.192,4.017,1.624,6.123,2.772,2.679,1.816,104.707
2019-04-23,1.18,4.01,1.61,6.008,2.757,2.699,1.821,104.539
2019-04-24,1.186,4.016,1.646,6.067,2.754,2.741,1.838,104.45
2019-04-25,1.154,3.933,1.598,5.851,2.767,2.76,1.837,104.529
2019-04-26,1.14,3.879,1.589,5.797,2.773,2.778,1.839,104.645
2019-04-29,1.14,3.894,1.549,5.654,2.769,2.814,1.853,104.49
2019-04-30,1.153,3.896,1.553,5.672,2.777,2.807,1.858,104.796
2019-05-06,1.11,3.673,1.424,5.254,2.793,2.727,1.829,105.09
2019-05-07,1.11,3.707,1.438,5.3,2.787,2.757,1.849,105.128
2019-05-08,1.098,3.659,1.419,5.277,2.804,2.704,1.816,105.212
2019-05-09,1.083,3.607,1.409,5.239,2.806,2.686,1.816,105.35
2019-05-10,1.116,3.72,1.465,5.416,2.808,2.689,1.817,105.53
2019-05-13,1.106,3.652,1.441,5.337,2.826,2.679,1.826,105.949
2019-05-14,1.099,3.634,1.431,5.316,2.858,2.624,1.804,105.81
2019-05-15,1.114,3.712,1.462,5.422,2.844,2.658,1.819,105.804
2019-05-16,1.121,3.73,1.468,5.471,2.858,2.678,1.819,105.87
2019-05-17,1.098,3.646,1.416,5.3,2.854,2.709,1.842,105.994
2019-05-20,1.086,3.606,1.407,5.26,2.835,2.696,1.841,106.006
2019-05-21,1.1,3.651,1.43,5.348,2.834,2.67,1.833,105.786
2019-05-22,1.095,3.642,1.427,5.331,2.834,2.664,1.837,105.699
2019-05-23,1.083,3.584,1.392,5.228,2.841,2.639,1.824,105.721
2019-05-24,1.086,3.59,1.384,5.199,2.856,2.632,1.814,105.651
2019-05-27,1.102,3.633,1.428,5.312,2.858,2.618,1.815,105.32
2019-05-28,1.1,3.65,1.432,5.301,2.854,2.624,1.821,105.543
2019-05-29,1.1,3.652,1.432,5.303,2.861,2.598,1.792,105.72
2019-05-30,1.103,3.65,1.422,5.287,2.847,2.596,1.789,105.826
2019-05-31,1.103,3.632,1.425,5.261,2.878,2.573,1.774,105.917
2019-06-03,1.104,3.64,1.411,5.22,2.914,2.538,1.757,106.114
2019-06-04,1.094,3.607,1.4,5.15,2.944,2.503,1.763,106.324
2019-06-05,1.099,3.599,1.393,5.132,2.963,2.573,1.803,106.473
2019-06-06,1.093,3.568,1.363,5.017,2.962,2.585,1.814,106.496
2019-06-10,1.101,3.614,1.376,5.07,2.953,2.67,1.857,106.401
2019-06-11,1.123,3.727,1.43,5.28,2.937,2.695,1.858,106.161
2019-06-12,1.117,3.699,1.412,5.224,2.972,2.674,1.847,106.14
2019-06-13,1.112,3.692,1.422,5.241,2.977,2.667,1.847,106.275
2019-06-14,1.103,3.67,1.397,5.162,3.022,2.679,1.856,106.44
2019-06-17,1.103,3.673,1.39,5.16,2.983,2.684,1.859,106.512
2019-06-18,1.105,3.681,1.4,5.148,3.004,2.698,1.856,106.41
2019-06-19,1.115,3.735,1.417,5.214,2.989,2.73,1.872,106.353
2019-06-20,1.133,3.843,1.442,5.323,3.054,2.757,1.882,106.402
2019-06-21,1.136,3.85,1.473,5.392,3.079,2.748,1.881,106.401
2019-06-24,1.135,3.856,1.46,5.391,3.101,2.757,1.886,106.37
2019-06-25,1.126,3.817,1.442,5.338,3.166,2.734,1.878,106.444
2019-06-26,1.123,3.818,1.448,5.337,3.108,2.702,1.863,106.392
2019-06-27,1.129,3.86,1.469,5.383,3.1,2.727,1.87,106.35
2019-06-28,1.125,3.859,1.457,5.332,3.109,2.718,1.866,106.436
2019-07-01,1.147,3.954,1.511,5.479,3.034,2.774,1.911,106.501
2019-07-02,1.155,3.96,1.511,5.46,3.066,2.762,1.903,106.595
2019-07-03,1.153,3.927,1.488,5.429,3.152,2.777,1.909,106.796
2019-07-04,1.152,3.901,1.476,5.406,3.119,2.792,1.925,107.07
2019-07-05,1.157,3.921,1.492,5.433,3.125,2.804,1.922,106.89
2019-07-08,1.134,3.831,1.45,5.241,3.109,2.777,1.911,106.815
2019-07-09,1.133,3.822,1.462,5.247,3.081,2.756,1.902,106.911
2019-07-10,1.125,3.823,1.456,5.217,3.079,2.787,1.908,106.862
2019-07-11,1.125,3.824,1.458,5.219,3.132,2.822,1.925,106.913
2019-07-12,1.134,3.855,1.465,5.243,3.111,2.817,1.933,106.919
2019-07-15,1.136,3.869,1.489,5.301,3.123,2.84,1.942,106.99
2019-07-16,1.135,3.853,1.489,5.314,3.12,2.849,1.937,106.961
2019-07-17,1.139,3.847,1.492,5.304,3.103,2.834,1.925,106.98
2019-07-18,1.13,3.822,1.47,5.229,3.135,2.802,1.907,107.055
2019-07-19,1.141,3.862,1.486,5.261,3.177,2.835,1.927,107.076
2019-07-22,1.136,3.832,1.461,5.161,3.153,2.804,1.918,107.131
2019-07-23,1.138,3.841,1.481,5.199,3.13,2.835,1.926,107.175
2019-07-24,1.143,3.872,1.498,5.248,3.143,2.847,1.935,107.137
2019-07-25,1.147,3.907,1.506,5.273,3.147,2.87,1.945,107.031
2019-07-26,1.153,3.912,1.506,5.285,3.134,2.854,1.939,107.059
2019-07-29,1.151,3.906,1.509,5.28,3.139,2.866,1.949,107.002
2019-07-30,1.157,3.924,1.522,5.311,3.152,2.861,1.949,106.978
2019-07-31,1.148,3.896,1.512,5.298,3.164,2.854,1.947,107.139
2019-08-01,1.138,3.86,1.516,5.261,3.112,2.813,1.926,107.17
2019-08-02,1.124,3.801,1.501,5.19,3.184,2.818,1.921,107.441
2019-08-05,1.106,3.735,1.473,5.134,3.289,2.789,1.92,107.838
2019-08-06,1.09,3.696,1.451,5.013,3.296,2.734,1.88,108.098
2019-08-07,1.088,3.672,1.447,4.991,3.363,2.754,1.892,108.0
2019-08-08,1.1,3.726,1.468,5.019,3.386,2.784,1.905,108.12
2019-08-09,1.092,3.697,1.45,4.972,3.403,2.822,1.929,108.52
2019-08-12,1.102,3.756,1.486,5.062,3.382,2.823,1.933,108.439
2019-08-13,1.097,3.724,1.47,5.029,3.465,2.775,1.903,108.55
2019-08-14,1.099,3.738,1.477,5.052,3.376,2.827,1.919,108.61
2019-08-15,1.101,3.753,1.498,5.076,3.414,2.764,1.88,108.566
2019-08-16,1.102,3.769,1.512,5.091,3.419,2.762,1.884,108.43
2019-08-19,1.118,3.859,1.568,5.279,3.402,2.808,1.916,108.289
2019-08-20,1.119,3.843,1.553,5.257,3.388,2.823,1.925,108.199
2019-08-21,1.118,3.842,1.549,5.266,3.391,2.809,1.912,108.141
2019-08-22,1.118,3.85,1.554,5.272,3.401,2.828,1.929,108.101
2019-08-23,1.121,3.877,1.555,5.275,3.398,2.84,1.938,107.986
2019-08-26,1.112,3.834,1.54,5.238,3.52,2.777,1.899,108.22
2019-08-27,1.127,3.874,1.567,5.316,3.522,2.807,1.923,108.085
2019-08-28,1.125,3.862,1.565,5.314,3.524,2.804,1.918,108.132
2019-08-29,1.116,3.851,1.558,5.329,3.565,2.798,1.926,108.232
2019-08-30,1.113,3.861,1.549,5.285,3.508,2.841,1.945,108.159
2019-09-02,1.122,3.904,1.592,5.408,3.496,2.835,1.943,108.05
2019-09-03,1.12,3.908,1.595,5.438,3.511,2.829,1.94,108.051
2019-09-04,1.127,3.957,1.607,5.519,3.524,2.847,1.951,108.061
2019-09-05,1.139,3.994,1.627,5.554,3.539,2.866,1.96,108.141
2019-09-06,1.141,4.021,1.631,5.57,3.429,2.894,1.972,108.39
2019-09-09,1.147,4.037,1.67,5.676,3.442,2.903,1.975,108.221
2019-09-10,1.144,4.026,1.661,5.671,3.389,2.876,1.964,108.121
2019-09-11,1.144,3.997,1.638,5.648,3.404,2.875,1.968,108.13
2019-09-12,1.151,4.038,1.646,5.663,3.404,2.903,1.983,107.999
2019-09-16,1.154,4.024,1.65,5.665,3.407,2.871,1.968,107.852
2019-09-17,1.139,3.951,1.618,5.547,3.394,2.874,1.975,107.919
2019-09-18,1.142,3.968,1.617,5.551,3.407,2.89,1.979,107.841
2019-09-19,1.144,3.987,1.642,5.601,3.401,2.888,1.981,107.799
2019-09-20,1.145,3.993,1.638,5.61,3.412,2.896,1.982,107.813
2019-09-23,1.134,3.958,1.62,5.587,3.441,2.883,1.982,107.825
2019-09-24,1.139,3.961,1.629,5.589,3.46,2.88,1.981,107.799
2019-09-25,1.127,3.934,1.611,5.501,3.48,2.838,1.966,107.79
2019-09-26,1.127,3.907,1.561,5.376,3.434,2.859,1.974,107.53
2019-09-27,1.125,3.916,1.587,5.401,3.404,2.855,1.974,107.424
2019-09-30,1.12,3.869,1.57,5.325,3.396,2.834,1.97,107.43
2019-10-08,1.127,3.894,1.556,5.337,3.39,2.847,1.951,107.539
2019-10-09,1.136,3.905,1.561,5.384,3.44,2.806,1.927,107.701
2019-10-10,1.143,3.933,1.604,5.443,3.422,2.819,1.93,107.72
2019-10-11,1.15,3.981,1.606,5.471,3.405,2.848,1.95,107.598
2019-10-14,1.165,4.01,1.617,5.533,3.356,2.868,1.959,107.535
2019-10-15,1.158,3.997,1.597,5.466,3.363,2.879,1.963,107.524
2019-10-16,1.157,3.983,1.592,5.434,3.35,2.904,1.974,107.491
2019-10-17,1.153,3.989,1.595,5.435,3.374,2.903,1.967,107.51
2019-10-18,1.14,3.931,1.589,5.36,3.371,2.899,1.968,107.419
2019-10-21,1.144,3.94,1.585,5.35,3.369,2.882,1.967,107.25
2019-10-22,1.147,3.955,1.606,5.4,3.356,2.907,1.98,107.12
2019-10-23,1.141,3.934,1.589,5.368,3.371,2.872,1.968,107.141
2019-10-24,1.143,3.939,1.593,5.358,3.364,2.888,1.977,107.176
2019-10-25,1.148,3.963,1.616,5.403,3.398,2.896,1.979,107.122
2019-10-28,1.152,3.986,1.646,5.477,3.395,2.932,1.989,106.921
2019-10-29,1.145,3.973,1.624,5.41,3.36,2.953,1.998,106.649
2019-10-30,1.141,3.947,1.619,5.343,3.356,2.934,1.997,106.5
2019-10-31,1.132,3.945,1.608,5.315,3.363,2.95,1.999,106.651
2019-11-01,1.143,4.026,1.625,5.366,3.387,2.956,2.0,106.741
2019-11-04,1.149,4.039,1.634,5.381,3.383,2.977,2.011,106.674
2019-11-05,1.159,4.062,1.649,5.421,3.362,2.992,2.015,106.8
2019-11-06,1.151,4.045,1.638,5.374,3.313,2.974,2.002,106.901
2019-11-07,1.157,4.05,1.651,5.409,3.331,2.97,2.006,106.88
2019-11-08,1.149,4.034,1.645,5.389,3.269,2.961,2.004,106.715
2019-11-11,1.132,3.967,1.61,5.265,3.266,2.978,2.009,106.881
2019-11-12,1.132,3.962,1.611,5.268,3.233,2.993,2.017,106.948
2019-11-13,1.127,3.959,1.62,5.268,3.267,2.994,2.016,107.096
2019-11-14,1.126,3.962,1.63,5.299,3.276,3.001,2.023,107.212
2019-11-15,1.123,3.943,1.614,5.267,3.268,3.014,2.03,107.241
2019-11-18,1.135,3.971,1.621,5.286,3.269,3.028,2.058,107.442
2019-11-19,1.149,4.011,1.666,5.371,3.29,3.044,2.082,107.541
2019-11-20,1.143,3.97,1.655,5.337,3.301,3.03,2.053,107.606
2019-11-21,1.14,3.95,1.65,5.345,3.294,3.017,2.035,107.6
2019-11-22,1.139,3.908,1.614,5.29,3.287,3.023,2.037,107.565
2019-11-25,1.155,3.936,1.599,5.294,3.264,3.042,2.05,107.447
2019-11-26,1.155,3.942,1.608,5.276,3.263,3.09,2.065,107.491
2019-11-27,1.151,3.936,1.611,5.3,3.268,3.081,2.072,107.569
2019-11-28,1.147,3.93,1.611,5.29,3.261,3.099,2.082,107.601
2019-11-29,1.146,3.887,1.6,5.29,3.265,3.095,2.084,107.6
2019-12-02,1.148,3.895,1.606,5.307,3.269,3.12,2.107,107.691
2019-12-03,1.15,3.911,1.613,5.33,3.277,3.084,2.073,107.672
2019-12-04,1.147,3.913,1.612,5.319,3.337,3.047,2.049,107.823
2019-12-05,1.151,3.942,1.648,5.369,3.321,3.061,2.051,107.876
2019-12-06,1.153,3.966,1.662,5.421,3.297,3.058,2.058,107.845
2019-12-09,1.161,3.953,1.656,5.433,3.275,3.086,2.077,107.839
2019-12-10,1.16,3.956,1.67,5.458,3.28,3.069,2.07,107.72
2019-12-11,1.16,3.9,1.653,5.437,3.282,3.064,2.068,107.748
2019-12-12,1.163,3.889,1.657,5.426,3.3,3.086,2.08,107.795
2019-12-13,1.171,3.968,1.693,5.5,3.261,3.109,2.086,107.723
2019-12-16,1.178,3.98,1.715,5.587,3.294,3.129,2.09,107.695
2019-12-17,1.188,4.042,1.738,5.675,3.292,3.161,2.102,107.5
2019-12-18,1.185,4.027,1.725,5.67,3.295,3.132,2.091,107.5
2019-12-19,1.188,4.02,1.724,5.684,3.292,3.121,2.084,107.53
2019-12-20,1.188,4.016,1.708,5.628,3.302,3.155,2.097,107.705
2019-12-23,1.175,3.964,1.671,5.499,3.313,3.17,2.114,108.13
2019-12-24,1.178,3.985,1.704,5.582,3.331,3.185,2.115,108.21
2019-12-25,1.175,3.992,1.718,5.607,3.352,3.168,2.107,108.31
2019-12-26,1.184,4.021,1.726,5.649,3.353,3.189,2.118,108.449
2019-12-27,1.187,4.017,1.698,5.604,3.363,3.217,2.13,108.451
2019-12-30,1.205,4.075,1.727,5.682,3.361,3.21,2.125,108.444
2019-12-31,1.212,4.096,1.73,5.705,3.384,3.193,2.111,108.47
2020-01-02,1.228,4.149,1.765,5.813,3.37,3.24,2.129,108.351
2020-01-03,1.223,4.139,1.764,5.824,3.422,3.254,2.151,108.359
2020-01-06,1.222,4.123,1.788,5.89,3.497,3.212,2.109,108.5
2020-01-07,1.226,4.155,1.822,5.966,3.466,3.257,2.118,108.434
2020-01-08,1.21,4.114,1.792,5.883,3.531,3.219,2.092,108.438
2020-01-09,1.221,4.158,1.839,5.957,3.408,3.29,2.117,108.459
2020-01-10,1.218,4.157,1.831,5.932,3.418,3.366,2.139,108.874
2020-01-13,1.222,4.202,1.862,6.031,3.418,3.359,2.133,108.831
2020-01-14,1.223,4.184,1.85,6.005,3.374,3.401,2.148,108.741
2020-01-15,1.216,4.152,1.847,5.987,3.403,3.41,2.141,108.777
2020-01-16,1.208,4.146,1.856,5.995,3.406,3.441,2.129,108.75
2020-01-17,1.206,4.151,1.858,5.961,3.404,3.483,2.136,108.835
2020-01-20,1.205,4.181,1.905,6.061,3.405,3.424,2.138,108.947
2020-01-21,1.186,4.105,1.892,5.99,3.437,3.397,2.138,109.2
2020-01-22,1.187,4.119,1.918,6.036,3.407,3.436,2.155,109.33
2020-01-23,1.156,3.996,1.853,5.811,3.43,3.478,2.148,109.663
2020-02-03,1.047,3.659,1.708,5.339,3.52,3.303,2.115,110.935
2020-02-04,1.086,3.77,1.816,5.429,3.492,3.422,2.129,110.845
2020-02-05,1.093,3.807,1.871,5.546,3.469,3.57,2.142,110.873
2020-02-06,1.106,3.897,1.93,5.711,3.452,3.682,2.18,110.875
2020-02-07,1.1,3.888,1.94,5.766,3.468,3.709,2.185,111.03
2020-02-10,1.116,3.901,1.961,5.822,3.481,3.732,2.189,111.222
2020-02-11,1.122,3.943,1.947,5.796,3.472,3.871,2.219,111.304
2020-02-12,1.128,3.971,2.006,5.914,3.465,3.971,2.258,111.301
2020-02-13,1.123,3.95,1.988,5.861,3.49,4.197,2.349,111.189
2020-02-14,1.13,3.977,1.987,5.868,3.494,4.01,2.248,111.177
2020-02-17,1.152,4.064,2.071,6.067,3.505,3.976,2.262,110.996
2020-02-18,1.146,4.039,2.09,6.116,3.522,3.837,2.23,110.78
2020-02-19,1.143,4.04,2.054,6.067,3.562,3.799,2.223,110.754
2020-02-20,1.157,4.131,2.105,6.181,3.574,3.82,2.238,110.6
2020-02-21,1.158,4.145,2.145,6.279,3.646,3.719,2.216,110.811
2020-02-24,1.144,4.112,2.178,6.337,3.725,3.558,2.168,111.042
2020-02-25,1.133,4.104,2.195,6.379,3.648,3.686,2.167,111.05
2020-02-26,1.14,4.07,2.102,6.217,3.668,3.619,2.11,111.141
2020-02-27,1.147,4.071,2.111,6.215,3.669,3.57,2.098,111.349
2020-02-28,1.12,3.933,1.995,5.906,3.623,3.392,2.03,111.7
2020-03-02,1.16,4.076,2.054,6.122,3.542,3.541,2.069,111.71
2020-03-03,1.16,4.073,2.092,6.164,3.536,3.565,2.059,111.701
2020-03-04,1.175,4.102,2.088,6.184,3.612,3.567,2.034,111.901
2020-03-05,1.189,4.2,2.121,6.263,3.611,3.571,2.062,112.12
2020-03-06,1.171,4.121,2.111,6.227,3.686,3.493,2.017,112.545
2020-03-09,1.141,3.99,2.013,5.997,3.659,3.258,1.907,113.948
2020-03-10,1.155,4.078,2.063,6.13,3.612,3.413,1.965,113.074
2020-03-11,1.145,4.011,2.024,6.04,3.648,3.294,1.929,113.086
2020-03-12,1.129,3.948,1.971,5.962,3.608,3.176,1.86,113.282
2020-03-13,1.109,3.889,1.952,5.919,3.502,3.217,1.823,112.378
2020-03-16,1.082,3.726,1.832,5.632,3.414,3.015,1.779,112.389
2020-03-17,1.081,3.693,1.842,5.643,3.255,3.081,1.764,111.973
2020-03-18,1.063,3.631,1.818,5.558,3.326,2.998,1.705,112.035
2020-03-19,1.044,3.596,1.825,5.608,3.312,3.061,1.7,111.73
2020-03-20,1.065,3.644,1.847,5.649,3.346,3.161,1.758,111.7
2020-03-23,1.034,3.526,1.761,5.423,3.337,3.019,1.652,112.29
2020-03-24,1.06,3.611,1.806,5.5,3.523,3.181,1.717,112.476
2020-03-25,1.083,3.706,1.86,5.633,3.581,3.302,1.785,112.485
2020-03-26,1.075,3.683,1.853,5.579,3.572,3.22,1.764,112.651
2020-03-27,1.083,3.7,1.83,5.555,3.612,3.159,1.768,112.677
2020-03-30,1.075,3.666,1.791,5.448,3.583,3.094,1.74,112.705
2020-03-31,1.071,3.669,1.795,5.448,3.586,3.099,1.764,112.815
2020-04-01,1.066,3.673,1.792,5.428,3.528,3.066,1.725,112.97
2020-04-02,1.077,3.723,1.844,5.589,3.543,3.123,1.743,112.933
2020-04-03,1.074,3.697,1.834,5.522,3.575,3.077,1.725,112.934
2020-04-07,1.09,3.78,1.894,5.686,3.676,3.175,1.81,113.394
2020-04-08,1.087,3.765,1.89,5.703,3.641,3.156,1.796,113.61
2020-04-09,1.09,3.776,1.921,5.756,3.65,3.168,1.849,113.493
2020-04-10,1.085,3.764,1.877,5.652,3.671,3.126,1.847,113.381
2020-04-13,1.085,3.743,1.853,5.594,3.67,3.095,1.831,113.467
2020-04-14,1.094,3.805,1.909,5.714,3.712,3.165,1.867,113.429
2020-04-15,1.088,3.783,1.899,5.703,3.702,3.237,1.882,113.572
2020-04-16,1.086,3.785,1.932,5.748,3.73,3.262,1.871,113.877
2020-04-17,1.092,3.819,1.943,5.755,3.669,3.375,1.912,113.778
2020-04-20,1.096,3.835,1.969,5.817,3.651,3.375,1.912,113.431
2020-04-21,1.086,3.795,1.949,5.78,3.684,3.348,1.873,113.43
2020-04-22,1.086,3.829,1.967,5.834,3.674,3.423,1.852,113.714
2020-04-23,1.086,3.822,1.951,5.804,3.739,3.465,1.871,114.26
2020-04-24,1.078,3.79,1.93,5.718,3.769,3.446,1.859,114.532
2020-04-27,1.087,3.807,1.939,5.698,3.741,3.567,1.898,114.504
2020-04-28,1.088,3.831,1.951,5.654,3.714,3.656,1.916,114.634
2020-04-29,1.107,3.851,1.952,5.665,3.733,3.722,1.931,114.749
2020-04-30,1.118,3.908,1.993,5.807,3.746,3.737,1.971,114.501
2020-05-06,1.116,3.918,2.029,5.897,3.741,3.748,1.947,114.289
2020-05-07,1.116,3.911,2.025,5.89,3.723,3.764,1.923,113.755
2020-05-08,1.122,3.953,2.042,5.965,3.769,3.789,1.941,113.472
2020-05-11,1.129,3.946,2.024,5.942,3.754,3.726,1.962,112.922
2020-05-12,1.121,3.945,2.043,5.957,3.746,3.656,1.934,113.235
2020-05-13,1.124,3.954,2.058,5.988,3.757,3.644,1.912,112.979
2020-05-14,1.111,3.921,2.036,5.957,3.781,3.586,1.883,112.928
2020-05-15,1.108,3.902,2.042,5.968,3.834,3.61,1.908,113.132
2020-05-18,1.113,3.914,2.039,5.937,3.927,3.651,1.936,112.637
2020-05-19,1.116,3.943,2.061,6.004,3.865,3.748,1.986,112.784
2020-05-20,1.111,3.927,2.041,5.957,3.906,3.721,1.963,112.989
2020-05-21,1.111,3.901,2.02,5.886,3.87,3.72,1.968,113.039
2020-05-22,1.091,3.815,1.972,5.785,3.865,3.596,1.954,113.564
2020-05-25,1.095,3.817,1.975,5.761,3.858,3.713,1.987,113.203
2020-05-26,1.099,3.863,2.038,5.869,3.876,3.797,2.019,112.786
2020-05-27,1.101,3.845,1.997,5.832,3.835,3.772,2.019,112.784
2020-05-28,1.106,3.85,1.982,5.816,3.863,3.757,2.043,113.109
2020-05-29,1.104,3.866,2.006,5.864,3.864,3.73,2.029,112.733
2020-06-01,1.121,3.968,2.082,6.061,3.895,3.744,2.033,112.401
2020-06-02,1.125,3.979,2.067,6.055,3.888,3.738,2.036,112.063
2020-06-03,1.126,3.978,2.06,6.045,3.853,3.771,2.062,111.872
2020-06-04,1.129,3.98,2.073,6.056,3.82,3.793,2.07,111.499
2020-06-05,1.125,4.003,2.087,6.07,3.817,3.792,2.087,111.403
2020-06-08,1.132,4.022,2.073,6.057,3.783,3.796,2.117,111.781
2020-06-09,1.137,4.049,2.102,6.093,3.782,3.802,2.147,111.761
2020-06-10,1.137,4.04,2.122,6.101,3.821,3.788,2.142,111.731
2020-06-11,1.126,4.003,2.119,6.09,3.855,3.786,2.084,112.223
2020-06-12,1.128,4.013,2.141,6.091,3.854,3.724,2.02,112.318
2020-06-15,1.118,3.956,2.141,6.084,3.844,3.665,1.961,112.619
2020-06-16,1.13,4.018,2.183,6.194,3.84,3.806,2.058,111.787
2020-06-17,1.135,4.022,2.188,6.244,3.842,3.82,2.079,111.694
2020-06-18,1.14,4.053,2.194,6.26,3.836,3.794,2.06,111.513
2020-06-19,1.144,4.105,2.238,6.306,3.844,3.802,2.072,111.54
2020-06-22,1.136,4.109,2.263,6.302,3.886,3.786,2.049,111.56
2020-06-23,1.132,4.128,2.307,6.33,3.882,3.819,2.066,111.01
2020-06-24,1.137,4.164,2.307,6.331,3.91,3.829,2.071,111.52
2020-06-29,1.131,4.128,2.295,6.303,3.91,3.76,2.006,111.566
2020-06-30,1.142,4.178,2.359,6.396,3.914,3.77,2.013,111.463
2020-07-01,1.173,4.272,2.342,6.424,3.939,3.786,2.043,111.566
2020-07-02,1.206,4.37,2.35,6.539,3.903,3.803,2.059,111.716
2020-07-03,1.223,4.457,2.38,6.626,3.915,3.802,2.071,111.6
2020-07-06,1.304,4.784,2.45,6.941,3.902,3.828,2.086,110.585
2020-07-07,1.301,4.736,2.503,7.01,3.911,3.839,2.068,110.116
2020-07-08,1.304,4.798,2.574,7.15,3.928,3.821,2.059,109.756
2020-07-09,1.315,4.872,2.674,7.341,3.954,3.839,2.062,109.567
2020-07-10,1.286,4.785,2.685,7.33,3.926,3.847,2.037,109.839
2020-07-13,1.319,4.885,2.802,7.563,3.939,3.925,2.088,109.651
2020-07-14,1.312,4.842,2.767,7.463,3.935,3.872,2.072,110.088
2020-07-15,1.298,4.784,2.722,7.307,3.94,3.882,2.103,110.483
2020-07-16,1.281,4.556,2.558,6.942,3.927,3.82,2.095,110.744
2020-07-17,1.276,4.605,2.583,6.947,3.904,3.868,2.106,110.445
2020-07-20,1.328,4.727,2.611,7.151,3.925,3.849,2.097,110.334
2020-07-21,1.325,4.739,2.643,7.191,3.951,3.983,2.132,110.393
2020-07-22,1.326,4.792,2.678,7.261,4.043,3.944,2.126,111.077
2020-07-23,1.314,4.766,2.706,7.253,4.066,3.956,2.148,111.208
2020-07-24,1.274,4.554,2.537,6.909,4.109,3.837,2.107,111.393
2020-07-27,1.265,4.582,2.54,6.905,4.203,3.849,2.109,111.445
2020-07-28,1.273,4.617,2.573,6.976,4.198,3.877,2.121,111.151
2020-07-29,1.29,4.749,2.68,7.174,4.206,3.864,2.116,110.983
2020-07-30,1.301,4.714,2.652,7.149,4.174,3.859,2.124,110.763
2020-07-31,1.311,4.75,2.708,7.224,4.216,3.92,2.134,110.361
2020-08-03,1.346,4.825,2.774,7.398,4.2,3.918,2.136,110.442
2020-08-04,1.349,4.829,2.738,7.354,4.206,3.973,2.154,110.463
2020-08-05,1.341,4.831,2.763,7.424,4.32,3.967,2.161,110.606
2020-08-06,1.338,4.813,2.719,7.443,4.353,3.958,2.176,110.646
2020-08-07,1.341,4.765,2.657,7.35,4.378,4.004,2.199,110.51
2020-08-10,1.353,4.781,2.641,7.385,4.349,3.994,2.213,110.616
2020-08-11,1.348,4.734,2.6,7.252,4.253,3.992,2.205,110.488
2020-08-12,1.34,4.702,2.548,7.16,3.989,3.981,2.187,110.314
2020-08-13,1.352,4.687,2.535,7.193,4.054,4.065,2.212,110.597
2020-08-14,1.36,4.778,2.579,7.295,4.088,4.058,2.212,110.636
2020-08-17,1.397,4.877,2.607,7.399,4.129,4.063,2.212,110.726
2020-08-18,1.398,4.87,2.605,7.452,4.225,4.059,2.209,110.758
2020-08-19,1.391,4.794,2.524,7.326,4.177,4.111,2.222,110.579
2020-08-20,1.375,4.743,2.503,7.254,4.088,4.106,2.196,110.322
2020-08-21,1.373,4.783,2.546,7.297,4.091,4.21,2.206,110.359
2020-08-24,1.382,4.813,2.597,7.336,4.056,4.391,2.227,110.341
2020-08-25,1.376,4.822,2.611,7.299,4.064,4.591,2.284,110.033
2020-08-26,1.357,4.763,2.551,7.176,4.059,4.503,2.259,109.889
2020-08-27,1.355,4.799,2.602,7.24,4.108,4.697,2.289,109.956
2020-08-28,1.376,4.917,2.666,7.363,4.109,4.797,2.306,109.645
2020-08-31,1.367,4.874,2.637,7.326,4.123,5.058,2.326,109.724
2020-09-01,1.36,4.908,2.658,7.378,4.169,4.99,2.295,110.117
2020-09-02,1.353,4.904,2.676,7.373,4.125,5.193,2.334,109.962
2020-09-03,1.347,4.884,2.653,7.333,4.053,5.305,2.465,110.266
2020-09-04,1.34,4.829,2.638,7.283,4.065,4.846,2.317,110.291
2020-09-07,1.324,4.732,2.549,7.131,4.063,4.484,2.21,110.048
2020-09-08,1.331,4.756,2.564,7.176,4.066,4.724,2.251,110.397
2020-09-09,1.31,4.645,2.44,6.997,4.068,4.482,2.168,110.683
2020-09-10,1.305,4.649,2.403,6.877,4.096,4.609,2.195,110.746
2020-09-11,1.305,4.685,2.449,6.935,4.087,4.529,2.173,110.183
2020-09-14,1.305,4.712,2.484,6.988,4.086,4.654,2.176,109.797
2020-09-15,1.31,4.747,2.504,7.016,4.1,4.811,2.178,110.212
2020-09-16,1.313,4.719,2.47,6.994,4.088,4.802,2.189,110.25
2020-09-17,1.317,4.69,2.467,7.009,4.06,4.604,2.146,110.195
2020-09-18,1.347,4.811,2.513,7.136,4.078,4.761,2.154,110.216
2020-09-21,1.337,4.756,2.48,7.085,4.078,4.667,2.126,110.718
2020-09-22,1.317,4.699,2.469,6.997,3.985,4.593,2.099,110.898
2020-09-23,1.315,4.713,2.508,7.031,3.925,4.655,2.12,110.653
2020-09-24,1.297,4.636,2.454,6.895,3.881,4.481,2.072,110.605
2020-09-25,1.29,4.639,2.457,6.874,3.928,4.445,2.089,110.453
2020-09-28,1.296,4.649,2.434,6.81,3.919,4.52,2.124,110.594
2020-09-29,1.295,4.66,2.479,6.86,3.972,4.546,2.147,110.403
2020-09-30,1.287,4.646,2.489,6.813,3.974,4.555,2.124,110.188
2020-10-09,1.307,4.739,2.581,6.99,3.971,4.644,2.192,110.04
2020-10-12,1.329,4.887,2.683,7.204,4.014,4.673,2.207,109.74
2020-10-13,1.332,4.903,2.688,7.206,4.003,4.722,2.243,109.787
2020-10-14,1.327,4.879,2.668,7.174,3.958,4.707,2.234,109.687
2020-10-15,1.326,4.867,2.65,7.12,3.953,4.586,2.199,109.603
2020-10-16,1.333,4.853,2.634,7.081,3.965,4.582,2.21,109.824
2020-10-19,1.328,4.822,2.6,7.012,3.968,4.636,2.212,110.062
2020-10-20,1.328,4.852,2.645,7.07,3.952,4.605,2.176,109.858
2020-10-21,1.331,4.858,2.612,7.012,3.966,4.604,2.182,109.887
2020-10-22,1.325,4.842,2.582,6.968,3.97,4.556,2.155,110.016
2020-10-23,1.32,4.786,2.516,6.854,3.956,4.509,2.173,109.956
2020-10-26,1.315,4.75,2.533,6.848,3.938,4.429,2.161,109.813
2020-10-27,1.31,4.764,2.56,6.846,3.972,4.402,2.155,110.076
2020-10-28,1.307,4.804,2.577,6.886,3.974,4.364,2.126,110.059
2020-10-29,1.32,4.848,2.607,6.896,3.92,4.312,2.088,110.121
2020-10-30,1.299,4.757,2.563,6.74,3.897,4.251,2.048,110.104
2020-11-02,1.314,4.785,2.617,6.764,3.93,4.253,2.068,110.332
2020-11-03,1.326,4.836,2.649,6.87,3.949,4.42,2.106,110.286
2020-11-04,1.336,4.873,2.658,6.869,3.967,4.635,2.14,110.284
2020-11-05,1.351,4.949,2.69,7.005,3.965,4.65,2.167,110.27
2020-11-06,1.357,4.951,2.637,6.953,4.001,4.483,2.176,110.259
2020-11-09,1.378,5.048,2.719,7.067,3.99,4.602,2.21,110.05
2020-11-10,1.377,5.021,2.674,7.019,3.889,4.469,2.2,110.014
2020-11-11,1.385,4.974,2.595,6.934,3.881,4.407,2.21,109.97
2020-11-12,1.39,4.971,2.607,6.957,3.873,4.419,2.214,110.018
2020-11-13,1.366,4.92,2.619,6.959,3.89,4.385,2.212,109.692
2020-11-16,1.412,4.973,2.62,7.039,3.888,4.4,2.242,109.8
2020-11-17,1.412,4.964,2.572,6.992,3.881,4.324,2.234,109.829
2020-11-18,1.42,4.957,2.534,6.986,3.856,4.284,2.212,109.622
2020-11-19,1.41,4.999,2.556,7.025,3.837,4.276,2.211,109.508
2020-11-20,1.416,5.014,2.576,7.084,3.843,4.305,2.202,109.448
2020-11-23,1.439,5.072,2.593,7.137,3.851,4.271,2.199,109.583
2020-11-24,1.429,5.04,2.582,7.135,3.755,4.281,2.232,109.541
2020-11-25,1.41,4.978,2.528,7.021,3.714,4.312,2.249,109.575
2020-11-26,1.413,4.985,2.522,7.0,3.718,4.325,2.249,109.564
2020-11-27,1.422,5.056,2.532,7.029,3.72,4.312,2.243,109.53
2020-11-30,1.433,5.031,2.541,6.977,3.628,4.317,2.232,109.682
2020-12-01,1.425,5.142,2.602,7.089,3.653,4.364,2.256,109.61
2020-12-02,1.428,5.131,2.593,7.095,3.707,4.394,2.25,109.551
2020-12-03,1.41,5.129,2.619,7.119,3.748,4.371,2.259,109.528
2020-12-04,1.408,5.14,2.637,7.145,3.754,4.349,2.253,109.9
2020-12-07,1.389,5.096,2.628,7.093,3.745,4.299,2.262,109.751
2020-12-08,1.386,5.08,2.646,7.084,3.8,4.293,2.257,110.089
2020-12-09,1.371,5.02,2.598,6.974,3.778,4.29,2.277,109.985
2020-12-10,1.366,5.01,2.627,6.986,3.74,4.22,2.264,109.956
2020-12-11,1.367,4.954,2.601,6.872,3.739,4.207,2.265,109.785
2020-12-14,1.355,4.998,2.641,6.923,3.74,4.204,2.272,109.63
2020-12-15,1.351,5.013,2.667,6.93,3.769,4.212,2.252,109.66
2020-12-16,1.347,5.023,2.667,6.904,3.793,4.281,2.27,109.665
2020-12-17,1.352,5.094,2.694,6.988,3.812,4.283,2.278,109.574
2020-12-18,1.363,5.065,2.688,6.964,3.838,4.303,2.285,109.575
2020-12-21,1.36,5.11,2.778,7.075,3.879,4.341,2.279,109.559
2020-12-22,1.331,5.033,2.718,6.939,3.825,4.299,2.258,109.766
2020-12-23,1.33,5.074,2.745,6.976,3.818,4.315,2.26,109.832
2020-12-24,1.32,5.074,2.726,6.888,3.832,4.298,2.266,109.841
2020-12-25,1.332,5.116,2.749,6.953,3.853,4.321,2.272,109.976
2020-12-28,1.324,5.13,2.745,6.91,3.858,4.346,2.283,110.0
2020-12-29,1.319,5.114,2.717,6.88,3.837,4.383,2.304,110.189
2020-12-30,1.323,5.178,2.799,6.937,3.832,4.382,2.289,110.249
2020-12-31,1.328,5.287,2.866,7.043,3.85,4.375,2.292,110.105
2021-01-04,1.32,5.334,2.976,7.163,3.902,4.333,2.28,110.038
2021-01-05,1.319,5.433,2.988,7.226,3.92,4.275,2.245,110.21
2021-01-06,1.332,5.482,3.003,7.218,3.931,4.256,2.249,110.44
2021-01-07,1.334,5.599,3.056,7.248,3.903,4.243,2.283,110.426
2021-01-08,1.336,5.571,3.036,7.266,3.878,4.318,2.318,110.446
2021-01-11,1.324,5.508,2.989,7.154,3.777,4.331,2.308,110.411
2021-01-12,1.326,5.668,3.076,7.242,3.805,4.299,2.312,110.47
2021-01-13,1.324,5.646,3.025,7.196,3.797,4.281,2.306,110.718
2021-01-14,1.321,5.543,2.987,7.145,3.772,4.297,2.321,110.869
2021-01-15,1.331,5.526,2.99,7.119,3.785,4.268,2.301,111.032
2021-01-18,1.338,5.513,3.046,7.205,3.775,4.244,2.294,110.777
2021-01-19,1.351,5.438,2.976,7.166,3.779,4.291,2.311,110.671
2021-01-20,1.337,5.468,3.096,7.231,3.789,4.324,2.307,110.886
2021-01-21,1.338,5.562,3.176,7.333,3.825,4.435,2.347,110.892
2021-01-22,1.316,5.565,3.241,7.343,3.806,4.432,2.335,111.118
2021-01-25,1.304,5.631,3.242,7.355,3.788,4.471,2.348,111.068
2021-01-26,1.3,5.511,3.152,7.243,3.799,4.443,2.327,110.62
2021-01-27,1.301,5.521,3.166,7.261,3.779,4.513,2.338,110.533
2021-01-28,1.285,5.385,3.057,7.124,3.761,4.333,2.277,110.496
2021-01-29,1.283,5.348,3.029,7.024,3.778,4.327,2.281,110.282
2021-02-01,1.298,5.411,3.056,7.073,3.82,4.31,2.267,110.615
2021-02-02,1.293,5.491,3.118,7.14,3.789,4.441,2.305,110.76
2021-02-03,1.291,5.485,3.106,7.098,3.75,4.493,2.331,110.672
2021-02-04,1.284,5.474,3.098,7.021,3.723,4.449,2.33,110.663
2021-02-05,1.303,5.482,3.084,6.916,3.681,4.508,2.369,110.349
2021-02-08,1.304,5.554,,6.999,3.712,4.537,2.37,110.126
2021-02-09,1.308,5.692,3.222,7.141,3.752,4.536,2.384,110.208
2021-02-10,1.316,5.807,3.293,7.222,3.756,4.553,2.382,110.47
2021-02-18,1.343,5.764,3.202,7.329,3.65,4.532,2.385,110.373
2021-02-19,1.366,5.796,3.17,7.434,3.634,4.527,2.378,110.464
2021-02-22,1.381,5.589,3.032,7.365,3.675,4.487,2.37,110.36
2021-02-23,1.366,5.574,3.009,7.345,3.713,4.416,2.37,110.53
2021-02-24,1.364,5.427,2.904,7.251,3.705,4.339,2.351,110.57
2021-02-25,1.396,5.478,2.878,7.215,3.67,4.422,2.39,110.546
2021-02-26,1.37,5.329,2.814,7.056,3.613,4.246,2.326,110.445
2021-03-01,1.386,5.418,2.894,7.181,3.595,4.342,2.343,110.28
2021-03-02,1.379,5.349,2.859,7.125,3.536,4.396,2.377,110.615
2021-03-03,1.41,5.454,2.9,7.22,3.549,4.376,2.376,110.475
2021-03-04,1.411,5.287,2.751,7.098,3.514,4.234,2.327,110.466
2021-03-05,1.39,5.266,2.772,7.109,3.482,4.182,2.304,110.599
2021-03-08,1.382,5.08,2.633,6.939,3.519,4.189,2.353,110.728
2021-03-09,1.371,4.979,2.547,6.783,3.506,4.153,2.375,110.761
2021-03-10,1.36,5.0,2.586,6.712,3.542,4.261,2.373,110.862
2021-03-11,1.389,5.129,2.65,6.892,3.573,4.297,2.411,110.731
2021-03-12,1.42,5.142,2.658,6.897,3.524,4.324,2.413,110.697
2021-03-15,1.427,5.04,2.555,6.852,3.556,4.306,2.428,110.621
2021-03-16,1.434,5.073,2.579,6.855,3.562,4.387,2.443,110.554
2021-03-17,1.425,5.096,2.607,6.895,3.577,4.38,2.433,110.507
2021-03-18,1.428,5.136,2.65,6.946,3.604,4.413,2.435,110.33
2021-03-19,1.411,4.997,2.579,6.889,3.589,4.267,2.405,110.452
2021-03-22,1.427,5.054,2.607,6.978,3.57,4.308,2.405,110.544
2021-03-23,1.407,5.009,2.579,6.898,3.585,4.349,2.416,110.574
2021-03-24,1.393,4.933,2.543,6.823,3.578,4.351,2.4,110.702
2021-03-25,1.391,4.929,2.567,6.839,3.589,4.285,2.399,110.747
2021-03-26,1.402,5.033,2.65,6.928,3.579,4.322,2.426,110.662
2021-03-29,1.425,5.043,2.637,6.928,3.579,4.322,2.444,110.642
2021-03-30,1.421,5.087,2.673,6.953,3.536,4.331,2.46,110.729
2021-03-31,1.419,5.05,2.665,6.943,3.495,4.329,2.448,110.934
2021-04-01,1.428,5.112,2.718,6.991,3.565,4.43,2.473,110.815
2021-04-02,1.416,5.161,2.756,7.007,3.612,4.479,2.497,110.821
2021-04-06,1.416,5.133,2.73,7.021,3.591,4.549,2.53,110.793
2021-04-07,1.427,5.098,2.707,7.032,3.607,4.545,2.526,110.828
2021-04-08,1.425,5.109,2.728,7.053,3.614,4.592,2.536,110.724
2021-04-09,1.425,5.038,2.69,7.029,3.631,4.605,2.541,110.798
2021-04-12,1.425,4.954,2.627,6.915,3.612,4.635,2.558,111.021
2021-04-13,1.417,4.947,2.649,6.893,3.575,4.625,2.557,111.3
2021-04-14,1.424,4.975,2.707,6.956,3.615,4.685,2.569,111.37
2021-04-15,1.426,4.947,2.698,6.963,3.612,4.638,2.564,111.215
2021-04-16,1.447,4.963,2.688,7.05,3.643,4.681,2.583,111.573
2021-04-19,1.443,5.089,2.798,7.122,3.67,4.69,2.58,111.515
2021-04-20,1.438,5.081,2.791,7.136,3.635,4.62,2.56,111.599
2021-04-21,1.443,5.093,2.814,7.117,3.673,4.585,2.543,111.605
2021-04-22,1.443,5.089,2.837,7.143,3.676,4.627,2.558,111.538
2021-04-23,1.432,5.14,2.891,7.178,3.668,4.572,2.535,111.825
2021-04-26,1.427,5.076,2.863,7.148,3.649,4.619,2.56,111.698
2021-04-27,1.422,5.089,2.884,7.146,3.653,4.656,2.573,111.597
2021-04-28,1.433,5.127,2.949,7.198,3.632,4.64,2.569,111.304
2021-04-29,1.449,5.173,2.952,7.2,3.643,4.653,2.58,111.449
2021-04-30,1.437,5.128,2.989,7.211,3.625,4.619,2.58,111.66
2021-05-06,1.453,5.061,2.904,7.188,3.676,4.512,2.566,111.638
2021-05-07,1.463,5.0,2.819,7.157,3.717,4.502,2.579,111.616
2021-05-10,1.477,4.999,2.827,7.179,3.73,4.537,2.585,111.618
2021-05-11,1.467,5.025,2.823,7.159,3.725,4.405,2.546,111.842
2021-05-12,1.482,5.056,2.865,7.238,3.732,4.406,2.527,111.822
2021-05-13,1.478,5.001,2.845,7.158,3.717,4.346,2.48,111.746
2021-05-14,1.475,5.127,2.937,7.269,3.739,4.394,2.518,111.801
2021-05-17,1.483,5.188,3.007,7.306,3.777,4.439,2.538,111.772
2021-05-18,1.487,5.19,2.988,7.326,3.802,4.453,2.545,111.722
2021-05-19,1.485,5.176,3.012,7.314,3.812,4.371,2.504,111.968
2021-05-20,1.465,5.19,3.043,7.287,3.811,4.382,2.501,112.181
2021-05-21,1.471,5.135,3.012,7.259,3.816,4.47,2.533,112.5
2021-05-24,1.481,5.163,3.036,7.28,3.828,4.448,2.537,112.6
2021-05-25,1.503,5.327,3.119,7.358,3.812,4.516,2.551,112.541
2021-05-26,1.511,5.328,3.095,7.369,3.852,4.51,2.54,112.715
2021-05-27,1.521,5.347,3.118,7.43,3.829,4.485,2.522,112.471
2021-05-28,1.528,5.332,3.121,7.427,3.8,4.483,2.537,112.479
2021-05-31,1.537,5.338,3.195,7.479,3.828,4.475,2.532,112.392
2021-06-01,1.537,5.346,3.188,7.491,3.853,4.483,2.534,112.5
2021-06-02,1.54,5.303,3.133,7.445,3.793,4.462,2.533,112.658
2021-06-03,1.536,5.262,3.099,7.43,3.774,4.473,2.537,112.745
2021-06-04,1.533,5.295,3.141,7.465,3.732,4.439,2.533,112.552
2021-06-07,1.517,5.289,3.122,7.485,3.757,4.501,2.557,112.374
2021-06-08,1.522,5.247,3.105,7.458,3.778,4.517,2.557,112.366
2021-06-09,1.524,5.255,3.1,7.451,3.775,4.523,2.558,112.378
2021-06-10,1.524,5.289,3.179,7.546,3.764,4.509,2.549,112.382
2021-06-11,1.52,5.24,3.195,7.509,3.795,4.563,2.557,112.275
2021-06-15,1.503,5.181,3.155,7.418,3.73,4.633,2.573,112.087
2021-06-16,1.502,5.11,3.024,7.328,3.729,4.603,2.564,112.217
2021-06-17,1.501,5.121,3.088,7.373,3.667,4.588,2.551,112.058
2021-06-18,1.494,5.126,3.137,7.447,3.625,4.684,2.563,112.232
2021-06-21,1.491,5.119,3.166,7.476,3.628,4.641,2.529,112.358
2021-06-22,1.499,5.145,3.174,7.52,3.641,4.671,2.577,112.299
2021-06-23,1.517,5.176,3.217,7.581,3.645,4.743,2.6,112.273
2021-06-24,1.517,5.189,3.174,7.554,3.628,4.742,2.596,112.328
2021-06-25,1.517,5.27,3.243,7.614,3.624,4.756,2.603,112.443
2021-06-28,1.496,5.279,3.305,7.619,3.629,4.767,2.608,112.402
2021-06-29,1.492,5.225,3.297,7.561,3.616,4.803,2.609,112.547
2021-06-30,1.499,5.256,3.373,7.598,3.584,4.837,2.616,112.72
2021-07-01,1.513,5.254,3.34,7.513,3.629,4.827,2.623,112.811
2021-07-02,1.495,5.113,3.227,7.449,3.632,4.828,2.645,112.866
2021-07-05,1.489,5.12,3.25,7.494,3.645,4.883,2.659,112.861
2021-07-06,1.494,5.127,3.196,7.493,3.679,4.887,2.664,112.9
2021-07-07,1.49,5.18,3.305,7.561,3.676,4.919,2.66,113.03
2021-07-08,1.467,5.136,3.322,7.55,3.67,4.91,2.652,113.4
2021-07-09,1.478,5.112,3.303,7.615,3.68,4.903,2.654,113.606
2021-07-12,1.472,5.18,3.427,7.723,3.674,4.934,2.677,113.64
2021-07-13,1.479,5.196,3.411,7.796,3.689,4.94,2.675,114.132
2021-07-14,1.491,5.139,3.382,7.745,3.692,4.938,2.671,114.33
2021-07-15,1.489,5.207,3.429,7.763,3.721,4.948,2.674,113.886
2021-07-16,1.498,5.156,3.328,7.774,3.711,4.903,2.668,113.94
2021-07-19,1.502,5.178,3.35,7.73,3.679,4.874,2.646,113.895
2021-07-20,1.497,5.165,3.356,7.739,3.709,4.863,2.636,114.101
2021-07-21,1.493,5.204,3.455,7.837,3.695,4.893,2.655,114.18
2021-07-22,1.502,5.209,3.438,7.871,3.667,4.938,2.671,114.15
2021-07-23,1.495,5.157,3.367,7.856,3.684,4.975,2.677,114.203
2021-07-26,1.462,4.982,3.27,7.711,3.693,5.041,2.693,114.361
2021-07-27,1.422,4.809,3.14,7.564,3.662,5.03,2.706,114.417
2021-07-28,1.42,4.819,3.183,7.45,3.698,4.98,2.703,114.461
2021-07-29,1.421,4.906,3.358,7.577,3.708,4.996,2.697,114.364
2021-07-30,1.421,4.872,3.328,7.601,3.72,4.912,2.68,114.564
2021-08-02,1.417,4.993,3.393,7.704,3.68,4.98,2.704,114.851
2021-08-03,1.406,4.995,3.363,7.65,3.681,4.968,2.691,115.115
2021-08-04,1.417,5.039,3.446,7.763,3.689,5.001,2.7,114.942
2021-08-05,1.417,5.009,3.419,7.754,3.685,4.996,2.694,114.997
2021-08-06,1.426,4.993,3.386,7.79,3.663,5.033,2.708,115.013
2021-08-09,1.447,5.048,3.348,7.821,3.568,5.008,2.715,114.664
2021-08-10,1.448,5.105,3.366,7.874,3.552,5.031,2.712,114.55
2021-08-11,1.485,5.078,3.326,7.934,3.548,5.006,2.716,114.217
2021-08-12,1.503,5.046,3.28,7.965,3.58,4.992,2.718,114.389
2021-08-13,1.501,5.019,3.249,7.967,3.591,5.01,2.736,114.485
2021-08-16,1.514,5.016,3.206,7.927,3.621,5.022,2.725,114.479
2021-08-17,1.491,4.904,3.126,7.752,3.658,5.039,2.731,114.53
2021-08-18,1.497,4.957,3.16,7.785,3.66,5.009,2.729,114.784
2021-08-19,1.481,4.923,3.177,7.802,3.648,4.922,2.685,114.833
2021-08-20,1.484,4.833,3.1,7.768,3.659,4.968,2.7,114.805
2021-08-23,1.497,4.905,3.195,7.88,3.652,5.05,2.738,114.756
2021-08-24,1.502,4.957,3.225,7.963,3.679,5.123,2.753,114.882
2021-08-25,1.512,4.971,3.241,8.027,3.658,5.118,2.744,114.895
2021-08-26,1.531,4.886,3.164,7.993,3.645,5.111,2.746,114.504
2021-08-27,1.539,4.899,3.158,8.054,3.682,5.115,2.748,114.606
2021-08-30,1.548,4.881,3.164,8.11,3.691,5.154,2.758,114.63
2021-08-31,1.6,4.879,3.106,8.142,3.69,5.224,2.78,114.718
2021-09-01,1.588,4.949,3.094,8.073,3.69,5.2,2.779,115.004
2021-09-02,1.618,4.945,3.046,8.219,3.687,5.193,2.762,114.95
2021-09-03,1.614,4.918,3.01,8.177,3.687,5.182,2.773,115.0
2021-09-06,1.626,5.002,3.129,8.248,3.708,5.195,2.77,114.962
2021-09-07,1.659,5.065,3.147,8.429,3.696,5.2,2.77,114.9
2021-09-08,1.692,5.044,3.123,8.483,3.653,5.193,2.757,114.79
2021-09-09,1.744,5.042,3.126,8.557,3.639,5.165,2.748,114.747
2021-09-10,1.729,5.091,3.135,8.554,3.66,5.148,2.749,114.743
2021-09-13,1.773,5.064,3.095,8.583,3.642,5.122,2.729,114.592
2021-09-14,1.738,4.998,3.14,8.488,3.646,5.092,2.728,114.477
2021-09-15,1.729,4.945,3.105,8.524,3.659,5.081,2.711,114.352
2021-09-16,1.72,4.889,3.035,8.369,3.628,5.106,2.721,114.486
2021-09-17,1.685,4.928,3.097,8.301,3.592,5.135,2.736,114.639
2021-09-22,1.736,4.895,3.068,8.383,3.64,5.009,2.68,114.736
2021-09-23,1.735,4.924,3.086,8.429,3.605,5.055,2.701,114.738
2021-09-24,1.672,4.931,3.109,8.304,3.586,5.065,2.718,114.713
2021-09-27,1.637,4.963,3.13,8.075,3.59,5.096,2.735,114.781
2021-09-28,1.68,4.954,3.114,8.08,3.562,5.005,2.709,114.714
2021-09-29,1.636,4.921,3.083,7.898,3.557,4.934,2.668,114.928
2021-09-30,1.658,4.935,3.148,7.969,3.543,4.944,2.683,114.93
2021-10-08,1.642,5.006,3.138,7.958,3.587,4.937,2.681,114.702
2021-10-11,1.658,5.005,3.096,7.951,3.573,4.881,2.665,114.62
2021-10-12,1.647,4.953,3.042,7.798,3.591,4.84,2.638,114.395
2021-10-13,1.618,5.009,3.109,7.833,3.59,4.852,2.652,114.37
2021-10-14,1.605,4.982,3.112,7.862,3.636,4.917,2.676,114.432
2021-10-15,1.614,5.006,3.176,7.902,3.629,4.986,2.71,114.417
2021-10-18,1.645,4.948,3.172,7.926,3.58,4.982,2.71,114.009
2021-10-19,1.645,4.995,3.191,7.988,3.594,5.039,2.728,113.941
2021-10-20,1.613,4.981,3.185,7.985,3.584,5.048,2.735,114.044
2021-10-21,1.639,5.003,3.174,7.964,3.601,5.047,2.735,114.173
2021-10-22,,5.036,3.185,7.903,3.615,5.065,2.747,114.223
2021-10-25,0.801,5.053,3.236,7.969,3.606,5.04,2.747,114.211
2021-10-26,0.796,5.036,3.221,7.981,3.621,5.103,2.766,114.316
2021-10-27,0.782,4.97,3.205,7.91,3.594,5.095,2.764,114.371
2021-10-28,0.759,4.949,3.178,7.816,3.629,5.116,2.753,114.393
2021-10-29,0.755,4.981,3.249,7.895,3.609,5.122,2.758,114.523
2021-11-01,0.762,4.965,3.224,7.925,3.594,5.208,2.792,114.672
2021-11-02,0.744,4.913,3.228,7.848,3.617,5.218,2.786,114.914
2021-11-03,0.76,4.893,3.222,7.874,3.589,5.243,2.805,115.105
2021-11-04,0.757,4.94,3.26,7.938,3.575,5.315,2.82,115.035
2021-11-05,0.742,4.923,3.248,7.873,3.624,5.38,2.832,115.109
2021-11-08,0.743,4.919,3.278,7.897,3.66,5.362,2.835,115.191
2021-11-09,0.742,4.917,3.3,7.947,3.671,5.368,2.834,115.114
2021-11-10,0.74,4.892,3.296,7.927,3.669,5.316,2.822,114.997
2021-11-11,0.755,4.972,3.324,7.993,3.721,5.272,2.815,114.794
2021-11-12,0.751,4.97,3.324,8.037,3.722,5.27,2.813,114.869
2021-11-15,0.749,4.964,3.295,7.978,3.716,5.336,2.832,115.053
2021-11-16,0.744,4.96,3.282,7.924,3.732,5.304,2.824,115.191
2021-11-17,0.743,4.959,3.317,7.971,3.72,5.347,2.843,115.066
2021-11-18,0.741,4.915,3.274,7.97,3.735,5.359,2.833,115.29
2021-11-19,0.752,4.97,3.313,8.065,3.73,5.433,2.851,115.144
2021-11-22,0.752,4.983,3.393,8.135,3.696,5.448,2.847,115.217
2021-11-23,0.759,4.986,3.38,8.154,3.632,5.359,2.822,115.224
2021-11-24,0.769,4.997,3.362,8.147,3.613,5.368,2.832,115.253
2021-11-25,0.767,4.978,3.368,8.142,3.611,5.395,2.851,115.33
2021-11-26,0.756,4.936,3.364,8.119,3.628,5.34,2.808,115.609
2021-11-29,0.749,4.929,3.389,8.127,3.614,5.322,2.806,115.553
2021-11-30,0.748,4.911,3.386,8.143,3.605,5.346,2.789,115.418
2021-12-01,0.758,4.924,3.365,8.185,3.591,5.35,2.778,115.32
2021-12-02,0.763,4.934,3.355,8.136,3.575,5.23,2.74,115.44
2021-12-03,0.776,4.979,3.37,8.212,3.566,5.226,2.758,115.394
2021-12-06,0.773,4.974,3.294,8.147,3.592,5.153,2.75,115.545
2021-12-07,0.784,5.002,3.266,8.097,3.584,5.22,2.783,115.432
2021-12-08,0.785,5.074,3.314,8.216,3.589,5.35,2.826,115.457
2021-12-09,0.787,5.158,3.353,8.224,3.575,5.329,2.826,115.316
2021-12-10,0.784,5.143,3.37,8.221,3.565,5.28,2.813,115.486
2021-12-13,0.779,5.156,3.389,8.239,3.585,5.346,2.845,115.32
2021-12-14,0.769,5.125,3.384,8.219,3.588,5.261,2.812,115.619
2021-12-15,0.776,5.079,3.355,8.209,3.552,5.217,2.797,115.547
2021-12-16,0.787,5.106,3.378,8.284,3.584,5.347,2.856,115.482
2021-12-17,0.788,5.033,3.328,8.226,3.629,5.191,2.807,115.6
2021-12-20,0.784,4.958,3.225,8.097,3.624,5.113,2.762,115.555
2021-12-21,0.798,4.979,3.247,8.158,3.599,5.18,2.777,115.554
2021-12-22,0.795,4.982,3.26,8.192,3.591,5.206,2.8,115.67
2021-12-23,0.799,5.02,3.269,8.238,3.627,5.276,2.83,115.889
2021-12-24,0.793,4.997,3.196,8.19,3.633,5.307,2.846,115.889
2021-12-27,0.797,5.001,3.19,8.172,3.63,5.331,2.851,116.071
2021-12-28,0.791,5.027,3.226,8.178,3.642,5.405,2.882,116.031
2021-12-29,0.788,4.96,3.182,8.157,3.625,5.402,2.888,116.015
2021-12-30,0.789,4.996,3.219,8.216,3.606,5.372,2.887,116.227
2021-12-31,0.795,5.008,3.218,8.258,3.643,5.364,2.879,116.195
2022-01-04,0.809,4.99,3.154,8.265,3.62,5.406,2.897,116.355
2022-01-05,0.812,4.943,3.064,8.103,3.635,5.297,2.886,116.32
2022-01-06,0.818,4.887,3.034,8.113,3.614,5.151,2.817,116.181
2022-01-07,0.825,4.899,3.003,8.072,3.592,5.188,2.835,116.203
2022-01-10,0.829,4.912,2.998,8.073,3.599,5.142,2.816,116.319
2022-01-11,0.832,4.867,2.96,8.026,3.629,5.101,2.804,116.298
2022-01-12,0.827,4.919,3.035,8.081,3.646,5.192,2.836,116.251
2022-01-13,0.835,4.838,2.99,7.991,3.654,,2.829,116.381
2022-01-14,0.81,4.794,3.015,7.953,3.65,1.015,2.802,116.534
2022-01-17,0.813,4.835,3.068,8.032,3.635,1.014,2.794,116.561
2022-01-18,0.82,4.881,3.047,8.046,3.629,1.008,2.783,116.838
2022-01-19,0.835,4.78,2.985,8.0,3.625,0.986,2.739,117.145
2022-01-20,0.829,4.818,2.975,7.937,3.674,0.989,2.724,117.013
2022-01-21,0.821,4.784,2.941,7.853,3.672,0.96,2.67,117.306
2022-01-24,0.822,4.786,2.962,7.843,3.662,0.951,2.638,117.612
2022-01-25,0.8,4.68,2.881,7.586,3.671,0.93,2.605,117.59
2022-01-26,0.806,4.706,2.906,7.614,3.674,0.925,2.601,117.071
2022-01-27,0.797,4.625,2.815,7.432,3.606,0.905,2.552,116.994
2022-01-28,0.791,4.554,2.819,7.381,3.594,0.919,2.597,117.039
2022-02-07,0.811,4.626,2.83,7.487,3.62,0.956,2.693,117.037
2022-02-08,0.83,4.604,2.758,7.576,3.641,0.95,2.687,117.167
2022-02-09,0.834,4.643,2.791,7.68,3.658,0.966,2.722,117.173
2022-02-10,0.845,4.632,2.74,7.679,3.665,0.98,2.754,117.197
2022-02-11,0.848,4.596,2.66,7.587,3.645,0.952,2.679,116.761
2022-02-14,0.831,4.547,2.646,7.522,3.705,0.933,2.655,116.535
2022-02-15,0.824,4.589,2.726,7.588,3.742,0.933,2.638,116.625
2022-02-16,0.834,4.61,2.725,7.604,3.692,0.949,2.671,116.672
2022-02-17,0.83,4.62,2.744,7.606,3.726,0.942,2.664,116.751
2022-02-18,0.85,4.644,2.739,7.674,3.76,0.933,2.628,116.736
2022-02-21,0.85,4.627,2.713,7.708,3.754,0.931,2.617,116.52
2022-02-22,0.843,4.567,2.678,7.622,3.801,0.893,2.561,116.324
2022-02-23,0.838,4.615,2.754,7.735,3.772,0.908,2.574,116.524
2022-02-24,0.82,4.53,2.693,7.602,3.853,0.857,2.465,116.615
2022-02-25,0.817,4.565,2.763,7.656,3.807,0.894,2.534,116.687
2022-02-28,0.818,4.571,2.786,7.695,3.787,0.896,2.553,116.794
2022-03-01,0.827,4.609,2.795,7.715,3.786,0.919,2.605,116.522
2022-03-02,0.834,4.574,2.741,7.718,3.837,0.905,2.566,116.499
2022-03-03,0.843,4.545,2.704,7.709,3.827,0.92,2.612,116.267
2022-03-04,0.836,4.494,2.662,7.656,3.841,0.902,2.588,116.221
2022-03-07,0.832,4.346,2.543,7.481,3.926,0.881,2.554,116.384
2022-03-08,0.806,4.264,2.507,7.204,4.015,0.852,2.473,116.495
2022-03-09,0.796,4.224,2.483,7.079,4.061,0.862,2.5,116.125
2022-03-10,0.804,4.284,2.547,7.192,3.931,0.884,2.545,116.345
2022-03-11,0.806,4.312,2.583,7.294,3.937,0.879,2.544,116.618
2022-03-14,0.792,4.172,2.49,7.103,3.917,0.868,2.537,117.188
2022-03-15,0.747,3.973,2.421,6.684,3.832,0.851,2.503,116.849
2022-03-16,0.763,4.146,2.552,6.919,3.796,0.883,2.57,116.732
2022-03-17,0.773,4.23,2.624,7.032,3.845,0.91,2.62,116.65
2022-03-18,0.796,4.258,2.635,7.104,3.851,0.91,2.638,116.828
2022-03-21,0.792,4.252,2.636,7.131,3.841,0.93,2.675,116.685
2022-03-22,0.804,4.248,2.602,7.133,3.866,0.932,2.678,116.627
2022-03-23,0.805,4.273,2.629,7.181,3.835,0.955,2.722,116.667
2022-03-24,0.803,4.246,2.62,7.126,3.88,0.946,2.688,116.696
2022-03-25,0.803,4.169,2.565,7.035,3.907,0.963,2.729,116.886
2022-03-28,0.823,4.144,2.512,7.059,3.872,0.958,2.735,116.918
2022-03-29,0.819,4.126,2.511,7.021,3.849,0.978,,116.96
2022-03-30,0.827,4.249,2.61,7.173,3.839,0.99,1.39,117.037
2022-03-31,0.842,4.218,2.574,7.111,3.833,0.983,1.387,116.882
2022-04-01,0.855,4.269,2.58,7.16,3.853,0.973,1.371,117.067
2022-04-06,0.869,4.257,2.55,7.144,3.836,0.967,1.371,117.174
2022-04-07,0.852,4.205,2.496,6.982,3.843,0.947,1.352,117.243
2022-04-08,0.866,4.233,2.491,7.005,3.852,0.953,1.365,117.48
2022-04-11,0.859,4.101,2.386,6.782,3.886,0.929,1.353,117.401
2022-04-12,0.851,4.171,2.44,6.893,3.908,0.911,1.327,117.463
2022-04-13,0.849,4.139,2.394,6.793,3.926,0.917,1.338,117.371
2022-04-14,0.862,4.183,2.389,6.883,3.931,0.931,1.347,117.51
2022-04-15,0.858,4.181,2.385,6.821,3.944,0.905,1.334,117.361
2022-04-18,0.844,4.161,2.412,6.827,3.967,0.9,1.324,117.177
2022-04-19,0.853,4.134,2.377,6.849,3.936,0.913,1.334,117.078
2022-04-20,0.835,4.064,2.288,6.691,3.886,0.924,1.355,116.908
2022-04-21,0.819,3.996,2.24,6.485,3.937,0.928,1.372,117.102
2022-04-22,0.832,4.006,2.225,6.446,3.951,0.911,1.354,117.082
2022-04-25,0.799,3.813,2.103,6.025,3.924,0.883,1.31,117.203
2022-04-26,0.799,3.783,2.086,5.915,3.89,0.904,1.334,117.305
2022-04-27,0.803,3.889,2.2,6.114,3.892,0.881,1.302,117.225
2022-04-28,0.82,3.915,2.158,6.097,3.89,0.893,1.319,117.078
2022-04-29,0.833,4.015,2.244,6.347,3.942,0.905,1.34,117.204
2022-05-05,0.833,4.0,2.212,6.391,3.929,0.913,1.341,117.174
2022-05-06,0.811,3.903,2.177,6.248,3.922,0.878,1.309,117.124
2022-05-09,0.815,3.871,2.162,6.303,3.939,0.866,1.302,117.251
2022-05-10,0.823,3.916,2.204,6.409,3.91,0.855,1.278,117.449
2022-05-11,0.824,3.971,2.272,6.452,3.89,0.859,1.277,117.334
2022-05-12,0.822,3.951,2.277,6.457,3.928,0.83,1.255,117.433
2022-05-13,0.837,3.982,2.285,6.531,3.888,0.844,1.275,117.475
2022-05-16,0.844,3.951,2.257,6.511,3.851,0.855,1.281,117.41
2022-05-17,0.836,4.0,2.293,6.546,3.877,0.859,1.287,117.447
2022-05-18,0.832,3.986,2.29,6.524,3.836,0.864,1.299,117.49
2022-05-19,0.837,3.995,2.306,6.585,3.85,0.828,1.251,117.472
2022-05-20,0.84,4.079,2.347,6.687,3.872,0.833,1.243,117.486
2022-05-23,0.834,4.047,2.332,6.715,3.875,0.837,1.247,117.615
2022-05-24,0.819,3.965,2.246,6.486,3.882,0.813,1.237,117.718
2022-05-25,0.832,3.982,2.253,6.59,3.887,0.818,1.248,117.855
2022-05-26,0.841,3.992,2.249,6.666,3.901,0.822,1.259,118.1
2022-05-27,0.845,4.002,2.251,6.666,3.917,0.848,1.287,118.12
2022-05-30,0.846,4.025,2.276,6.702,3.885,0.875,1.309,117.976
2022-05-31,0.844,4.089,2.334,6.807,3.877,0.868,1.304,117.783
2022-06-01,0.845,4.083,2.354,6.8,3.852,0.868,1.307,117.85
2022-06-02,0.839,4.094,2.386,6.882,3.877,0.86,1.292,117.755
2022-06-06,0.838,4.176,2.477,6.991,3.869,0.861,1.296,117.689
2022-06-07,0.839,4.182,2.478,6.987,3.854,0.854,1.289,117.696
2022-06-08,0.844,4.224,2.494,7.036,3.872,0.866,1.305,117.712
2022-06-09,0.847,4.19,2.423,6.951,3.881,0.861,1.294,117.89
2022-06-10,0.849,4.248,2.48,7.078,3.865,0.847,1.271,117.851
2022-06-13,0.835,4.196,2.469,7.057,3.926,0.804,1.218,117.927
2022-06-14,0.846,4.236,2.475,7.129,3.855,0.799,1.205,117.756
2022-06-15,0.852,4.285,2.497,7.099,3.834,0.803,1.192,117.762
2022-06-16,0.839,4.258,2.507,7.11,3.846,0.798,1.188,117.69
2022-06-17,0.836,4.321,2.584,7.178,3.874,0.791,1.169,117.73
2022-06-20,0.833,4.342,2.626,7.178,3.858,0.796,1.167,117.669
2022-06-21,0.836,4.34,2.615,7.126,3.852,0.805,1.181,117.688
2022-06-22,0.825,4.29,2.596,7.015,3.849,0.802,1.182,117.76
2022-06-23,0.828,4.365,2.68,7.17,3.854,0.815,1.19,117.738
2022-06-24,0.825,4.413,2.738,7.253,3.827,0.824,1.209,117.714
2022-06-27,0.835,4.461,2.741,7.283,3.853,0.837,1.235,117.424
2022-06-28,0.839,4.513,2.754,7.406,3.832,0.828,1.237,117.443
2022-06-29,0.845,4.458,2.683,7.289,3.821,0.806,1.208,117.417
2022-06-30,0.848,4.508,2.73,7.346,3.818,0.801,1.195,117.565
2022-07-01,0.848,4.493,2.699,7.333,3.784,0.799,1.191,117.6
2022-07-04,0.847,4.521,2.75,7.422,3.801,0.802,1.206,117.426
2022-07-05,0.85,4.511,2.739,7.412,3.797,0.814,1.216,117.426
2022-07-06,0.832,4.452,2.725,7.316,3.725,0.819,1.21,117.575
2022-07-07,0.834,4.468,2.769,7.346,3.676,0.829,1.221,117.699
2022-07-08,0.834,4.464,2.731,7.303,3.669,0.835,1.23,117.648
2022-07-11,0.829,4.388,2.69,7.206,3.669,0.828,1.223,117.772
2022-07-12,0.836,4.352,2.622,7.119,3.668,0.816,1.217,117.788
2022-07-13,0.836,4.359,2.665,7.145,3.646,0.821,1.217,117.907
2022-07-14,0.822,4.36,2.735,7.195,3.647,0.812,1.204,117.917
2022-07-15,0.81,4.295,2.68,7.074,3.622,0.821,1.209,118.069
2022-07-18,0.826,4.341,2.717,7.205,3.635,0.841,1.237,117.976
2022-07-19,0.827,4.319,2.67,7.231,3.627,0.829,1.222,117.912
2022-07-20,0.831,4.331,2.68,7.323,3.628,0.856,1.259,117.959
2022-07-21,0.818,4.286,2.67,7.252,3.599,0.861,1.262,118.094
2022-07-22,0.815,4.289,2.651,7.187,3.65,0.867,1.271,118.143
2022-07-25,0.816,4.271,2.629,7.116,3.663,0.854,1.26,118.186
2022-07-26,0.825,4.3,2.634,7.202,3.668,0.849,1.259,118.31
2022-07-27,0.822,4.276,2.637,7.233,3.659,0.849,1.263,118.377
2022-07-28,0.824,4.279,2.629,7.252,3.697,0.864,1.277,118.36
2022-07-29,0.817,4.22,2.594,7.194,3.749,0.888,1.304,118.774
2022-08-01,0.817,4.238,2.657,7.256,3.743,0.886,1.31,118.9
2022-08-02,0.801,4.167,2.605,7.075,3.773,0.886,1.306,119.035
2022-08-03,0.79,4.122,2.553,7.016,3.759,0.886,1.306,119.032
2022-08-04,0.795,4.153,2.565,7.04,3.76,0.911,1.319,119.192
2022-08-05,0.799,4.218,2.606,7.186,3.79,0.915,1.324,119.12
2022-08-08,0.807,4.204,2.596,7.226,3.769,0.912,1.328,118.992
2022-08-09,0.811,4.211,2.614,7.247,3.786,0.905,1.321,118.908
2022-08-10,0.808,4.166,2.579,7.233,3.794,0.892,1.313,119.104
2022-08-11,0.816,4.254,2.647,7.376,3.777,0.923,1.342,118.96
2022-08-12,0.823,4.255,2.613,7.363,3.795,0.914,1.342,118.873
2022-08-15,0.823,4.245,2.638,7.373,3.799,0.931,1.361,119.423
2022-08-16,0.825,4.235,2.652,7.392,3.796,0.942,1.373,119.612
2022-08-17,0.827,4.276,2.695,7.44,3.779,0.939,1.374,119.615
2022-08-18,0.821,4.239,2.693,7.413,3.761,0.926,1.365,119.793
2022-08-19,0.829,4.209,2.653,7.315,3.761,0.928,1.367,119.976
2022-08-22,0.833,4.236,2.699,7.407,3.753,0.912,1.353,119.872
2022-08-23,0.835,4.222,2.697,7.409,3.763,0.895,1.335,119.88
2022-08-24,0.828,4.145,2.6,7.197,3.787,0.898,1.335,119.884
2022-08-25,0.844,4.181,2.59,7.236,3.797,0.91,1.351,119.763
2022-08-26,0.844,4.175,2.566,7.22,3.798,0.915,1.358,119.631
2022-08-29,0.85,4.15,2.553,6.3,3.767,0.879,1.314,119.725
2022-08-30,0.852,4.141,2.538,6.291,3.783,0.883,1.318,119.88
2022-08-31,0.847,4.141,2.491,6.157,3.758,0.875,1.305,119.891
2022-09-01,0.854,4.107,2.463,6.135,3.73,0.854,1.282,119.984
2022-09-02,0.854,4.084,2.461,6.146,3.726,0.863,1.295,120.177
2022-09-05,0.869,4.082,2.467,6.177,3.765,0.856,1.291,120.1
2022-09-06,0.88,4.111,2.468,6.283,3.784,0.862,1.291,120.01
2022-09-07,0.882,4.119,2.493,6.299,3.759,0.853,1.281,120.001
2022-09-08,0.883,4.101,2.448,6.277,3.79,0.87,1.304,119.925
2022-09-09,0.894,4.159,2.476,6.315,3.785,0.873,1.312,119.954
2022-09-13,0.889,4.173,2.475,6.299,3.787,0.898,1.345,119.824
2022-09-14,0.88,4.127,2.431,6.251,3.76,0.856,1.29,119.69
2022-09-15,0.889,4.09,2.349,6.108,3.744,0.858,1.291,119.701
2022-09-16,0.861,4.0,2.297,5.956,3.728,0.841,1.27,119.475
2022-09-19,0.86,3.989,2.285,5.919,3.741,0.84,1.267,119.577
2022-09-20,0.855,3.991,2.297,5.949,3.754,0.855,1.284,119.848
2022-09-21,0.864,3.961,2.265,5.979,3.759,0.85,1.267,119.925
2022-09-22,0.86,3.932,2.252,5.97,3.753,0.834,1.245,119.91
2022-09-23,0.852,3.924,2.239,5.899,3.77,0.829,1.238,119.643
2022-09-26,0.838,3.899,2.253,5.806,3.736,0.816,1.216,119.069
2022-09-27,0.845,3.949,2.306,5.915,3.746,0.831,1.231,119.096
2022-09-28,0.84,3.893,2.249,5.776,3.751,0.82,1.216,119.127
2022-09-29,0.832,3.894,2.267,5.791,3.78,0.833,1.238,118.824
2022-09-30,0.835,3.868,2.221,5.713,3.783,0.812,1.215,118.901
2022-10-10,0.842,3.789,2.166,5.647,3.81,0.792,1.207,119.262
2022-10-11,0.838,3.786,2.192,5.682,3.802,0.792,1.205,119.346
2022-10-12,0.845,3.848,2.274,5.818,3.812,0.797,1.212,119.264
2022-10-13,0.846,3.815,2.282,5.833,3.817,0.79,1.202,119.323
2022-10-14,0.847,3.903,2.365,5.981,3.813,0.811,1.24,119.525
2022-10-17,0.843,3.902,2.362,6.008,3.792,0.793,1.216,119.541
2022-10-18,0.841,3.895,2.373,6.035,3.802,0.824,1.256,119.548
2022-10-19,0.836,3.836,2.355,5.984,3.793,0.821,1.253,119.643
2022-10-20,0.83,3.824,2.337,5.964,3.775,0.812,1.242,119.455
2022-10-21,0.833,3.802,2.321,5.964,3.771,0.81,1.232,119.576
2022-10-24,0.815,3.704,2.266,5.913,3.82,0.833,1.264,119.648
2022-10-25,0.809,3.688,2.241,5.866,3.827,0.848,1.288,119.619
2022-10-26,0.803,3.716,2.302,5.987,3.824,0.842,1.286,119.622
2022-10-27,0.806,3.69,2.265,5.969,3.817,0.837,1.298,119.87
2022-10-28,0.792,3.604,2.187,5.779,3.82,0.811,1.275,119.98
2022-10-31,0.772,3.565,2.202,5.814,3.807,0.849,1.32,120.258
2022-11-01,0.78,3.703,2.275,5.959,3.81,0.851,1.325,120.081
2022-11-02,0.791,3.737,2.305,6.002,3.817,0.838,1.313,119.791
2022-11-03,0.785,3.707,2.309,6.005,3.805,0.813,1.288,119.998
2022-11-04,0.795,3.834,2.383,6.157,3.804,0.814,1.275,119.821
2022-11-07,0.802,3.834,2.379,6.141,3.832,0.815,1.284,119.902
2022-11-08,0.8,3.811,2.363,6.147,3.839,0.816,1.297,119.968
2022-11-09,0.801,3.771,2.326,6.13,3.945,0.818,1.302,120.08
2022-11-10,0.801,3.75,2.288,6.109,3.925,0.808,1.283,120.049
2022-11-11,0.824,3.848,2.33,6.145,3.952,0.854,1.339,119.766
2022-11-14,0.818,3.85,2.302,6.135,3.913,0.848,1.324,119.129
2022-11-15,0.824,3.925,2.361,6.241,3.933,0.855,1.326,118.999
2022-11-16,0.821,3.896,2.33,6.212,3.954,0.861,1.336,118.648
2022-11-17,0.819,3.879,2.316,6.225,3.958,0.856,1.335,119.0
2022-11-18,0.816,3.866,2.315,6.213,3.952,0.853,1.326,118.966
2022-11-21,0.81,3.833,2.319,6.206,3.936,0.85,1.336,119.176
2022-11-22,0.819,3.831,2.273,6.14,3.932,0.843,1.333,119.006
2022-11-23,0.827,3.834,2.269,6.129,3.932,0.853,1.351,119.232
2022-11-24,0.829,3.816,2.264,6.13,3.947,0.863,1.361,119.53
2022-11-25,0.849,3.837,2.242,6.098,3.959,0.865,1.367,119.326
2022-11-28,0.84,3.792,2.233,6.071,3.962,0.854,1.361,119.02
2022-11-29,0.864,3.908,2.268,6.171,3.951,0.852,1.346,118.587
2022-11-30,0.864,3.911,2.265,6.157,3.944,0.842,1.337,118.737
2022-12-01,0.858,3.956,2.311,6.19,3.956,0.868,1.363,118.86
2022-12-02,0.851,3.933,2.316,6.175,3.979,0.863,1.358,118.957
2022-12-05,0.866,4.004,2.313,6.218,3.94,0.854,1.337,118.849
2022-12-06,0.861,4.027,2.319,6.215,3.898,0.844,1.316,118.589
2022-12-07,0.856,4.015,2.343,6.207,3.898,0.835,1.298,118.613
2022-12-08,0.861,4.024,2.338,6.197,3.91,0.832,1.295,118.901
2022-12-09,0.857,4.058,2.348,6.206,3.924,0.833,1.305,118.761
2022-12-12,0.84,4.016,2.333,6.183,3.921,0.825,1.294,118.781
2022-12-13,0.843,4.005,2.305,6.149,3.924,0.838,1.314,118.593
2022-12-14,0.839,4.015,2.299,6.123,3.963,0.848,1.325,118.888
2022-12-15,0.832,4.013,2.326,6.122,3.933,0.835,1.313,118.921
2022-12-16,0.838,4.017,2.298,6.099,3.915,0.816,1.284,118.937
2022-12-19,0.826,3.959,2.274,5.97,3.942,0.813,1.27,119.149
2022-12-20,0.818,3.896,2.243,5.906,3.943,0.802,1.251,119.08
2022-12-21,0.818,3.893,2.24,5.876,3.981,0.809,1.266,119.133
2022-12-22,0.814,3.901,2.235,5.813,3.981,0.811,1.281,119.137
2022-12-23,0.809,3.891,2.222,5.791,3.948,0.801,1.266,119.122
2022-12-26,0.809,3.9,2.262,5.86,3.953,0.802,1.27,119.037
2022-12-27,0.819,3.947,2.293,5.9,3.963,0.808,1.274,119.008
2022-12-28,0.818,3.934,2.267,5.884,3.966,0.799,1.26,119.032
2022-12-29,0.814,3.922,2.277,5.881,3.96,0.795,1.244,119.171
2022-12-30,0.818,3.938,2.279,5.887,3.986,0.799,1.255,119.333
2023-01-03,0.822,3.949,2.289,5.97,3.987,0.806,1.25,119.34
2023-01-04,0.827,3.954,2.267,5.968,4.002,0.804,1.245,119.439
2023-01-05,0.826,4.029,2.33,6.027,4.001,0.805,1.246,119.441
2023-01-06,0.827,4.045,2.35,6.04,3.972,0.799,1.238,119.291
2023-01-09,0.826,4.07,2.365,6.052,4.015,0.809,1.254,119.349
2023-01-10,0.82,4.076,2.401,6.067,4.013,0.805,1.248,119.256
2023-01-11,0.824,4.076,2.374,6.039,4.025,0.81,1.256,119.12
2023-01-12,0.822,4.082,2.382,6.033,4.019,0.818,1.264,119.152
2023-01-13,0.831,4.144,2.417,6.084,4.027,0.815,1.261,119.133
2023-01-16,0.832,4.143,2.462,6.143,4.05,0.815,1.262,118.913
2023-01-17,0.83,4.139,2.47,6.151,4.066,0.82,1.267,118.942
2023-01-18,0.834,4.13,2.468,6.175,4.056,0.821,1.273,118.866
2023-01-19,0.837,4.158,2.496,6.232,4.068,0.81,1.248,118.829
2023-01-20,0.845,4.181,2.507,6.277,4.101,0.815,1.25,118.969
2023-01-30,0.84,4.205,2.533,6.298,4.096,0.844,1.284,119.049
2023-01-31,0.844,4.159,2.507,6.303,4.069,0.832,1.273,119.127
2023-02-01,0.849,4.19,2.537,6.375,4.091,0.847,1.29,119.137
2023-02-02,0.848,4.18,2.524,6.385,4.125,0.862,1.303,119.201
2023-02-03,0.843,4.137,2.5,6.357,4.071,0.87,1.314,119.305
2023-02-06,0.84,4.08,2.468,6.328,4.018,0.865,1.309,119.31
2023-02-07,0.843,4.09,2.461,6.331,4.01,0.866,1.311,119.285
2023-02-08,0.84,4.073,2.447,6.285,4.01,0.882,1.325,119.228
2023-02-09,0.847,4.127,2.493,6.376,4.019,0.873,1.32,119.241
2023-02-10,0.851,4.103,2.465,6.356,3.993,0.86,1.302,119.328
2023-02-13,0.854,4.135,2.495,6.394,4.018,0.859,1.309,119.355
2023-02-14,0.857,4.144,2.49,6.411,4.015,0.871,1.326,119.375
2023-02-15,0.855,4.116,2.468,6.399,4.002,0.873,1.323,119.33
2023-02-16,0.852,4.087,2.436,6.314,4.001,0.89,1.338,119.341
2023-02-17,0.849,4.029,2.378,6.26,3.992,0.865,1.316,119.377
2023-02-20,0.867,4.134,2.403,6.358,4.01,0.868,1.317,119.349
2023-02-21,0.876,4.139,2.395,6.395,4.005,0.866,1.313,119.329
2023-02-22,0.878,4.099,2.377,6.389,4.017,0.85,1.298,119.353
2023-02-23,0.874,4.099,2.385,6.378,4.008,0.857,1.3,119.36
2023-02-24,0.875,4.06,2.357,6.364,4.021,0.86,1.307,119.344
2023-02-27,0.871,4.045,2.34,6.331,4.01,0.852,1.301,119.32
2023-02-28,0.875,4.071,2.359,6.372,4.015,0.855,1.301,119.303
2023-03-01,0.88,4.12,2.372,6.411,4.029,0.852,1.291,119.324
2023-03-02,0.888,4.115,2.347,6.404,4.026,0.84,1.278,119.295
2023-03-03,0.895,4.124,2.352,6.401,4.044,0.849,1.292,119.277
2023-03-06,0.895,4.099,2.361,6.403,4.071,0.871,1.316,119.436
2023-03-07,0.892,4.042,2.312,6.303,4.076,0.872,1.32,119.573
2023-03-08,0.89,4.026,2.308,6.313,4.033,0.864,1.304,119.698
2023-03-09,0.889,4.016,2.303,6.306,4.033,0.868,1.307,119.696
2023-03-10,0.871,3.961,2.3,6.226,4.061,0.848,1.275,119.74
2023-03-13,0.883,4.005,2.287,6.261,4.089,0.854,1.277,119.78
2023-03-14,0.879,3.98,2.276,6.21,4.142,0.841,1.251,119.819
2023-03-15,0.893,3.979,2.268,6.242,4.139,0.859,1.272,119.769
2023-03-16,0.886,3.933,2.233,6.165,4.174,0.863,1.264,119.886
2023-03-17,0.9,3.954,2.228,6.201,4.198,0.884,1.281,119.962
2023-03-20,0.894,3.932,2.226,6.182,4.327,0.873,1.259,119.999
2023-03-21,0.892,3.975,2.265,6.247,4.286,0.882,1.281,119.827
2023-03-22,0.897,3.993,2.27,6.281,4.223,0.895,1.295,119.877
2023-03-23,0.897,4.031,2.288,6.316,4.253,0.884,1.274,119.853
2023-03-24,0.89,4.026,2.297,6.324,4.275,0.891,1.276,119.815
2023-03-27,0.883,4.005,2.323,6.321,4.246,0.899,1.292,119.853
2023-03-28,0.886,3.997,2.298,6.305,4.225,0.893,1.291,119.845
2023-03-29,0.881,3.997,2.297,6.279,4.24,0.893,1.296,119.92
2023-03-30,0.883,4.04,2.313,6.312,4.248,0.903,1.305,119.798
2023-03-31,0.887,4.05,2.327,6.359,4.281,0.908,1.308,119.852
2023-04-03,0.896,4.08,2.366,6.423,4.221,0.92,1.326,119.874
2023-04-04,0.902,4.1,2.35,6.427,4.269,0.922,1.334,119.917
2023-04-06,0.896,4.088,2.354,6.426,4.33,0.906,1.321,119.938
2023-04-07,0.893,4.117,2.369,6.475,4.328,0.914,1.326,120.02
2023-04-10,0.892,4.102,2.368,6.432,4.287,0.91,1.325,120.09
2023-04-11,0.904,4.092,2.362,6.431,4.311,0.915,1.332,120.099
2023-04-12,0.922,4.088,2.353,6.453,4.341,0.908,1.33,120.224
2023-04-13,0.923,4.063,2.332,6.425,4.346,0.902,1.325,120.254
2023-04-14,0.919,4.084,2.355,6.44,4.366,0.91,1.332,120.194
2023-04-17,0.929,4.145,2.364,6.472,4.324,0.914,1.339,120.186
2023-04-18,0.932,4.152,2.354,6.459,4.305,0.914,1.341,120.214
2023-04-19,0.934,4.119,2.339,6.429,4.297,0.912,1.341,120.33
2023-04-20,0.941,4.103,2.314,6.422,4.308,0.912,1.34,120.239
2023-04-21,0.928,4.03,2.269,6.269,4.288,0.908,1.336,120.407
2023-04-24,0.93,3.979,2.234,6.227,4.277,0.906,1.334,120.51
2023-04-25,0.936,3.96,2.193,6.133,4.316,0.906,1.339,120.525
2023-04-26,0.938,3.951,2.226,6.159,4.323,0.904,1.33,120.573
2023-04-27,0.94,3.986,2.24,6.185,4.333,0.905,1.323,120.664
2023-04-28,0.96,4.025,2.255,6.277,4.298,0.923,1.343,120.749
2023-05-04,0.989,4.025,2.23,6.278,4.395,0.918,1.331,120.964
2023-05-05,0.984,4.009,2.202,6.222,4.415,0.916,1.326,121.165
2023-05-08,1.011,4.054,2.213,6.261,4.368,0.93,1.344,121.035
2023-05-09,0.998,4.019,2.18,6.204,4.377,0.93,1.345,121.149
2023-05-10,0.973,3.988,2.199,6.193,4.398,0.93,1.345,121.311
2023-05-11,0.98,3.983,2.211,6.174,4.394,0.942,1.352,121.487
2023-05-12,0.963,3.932,2.185,6.114,4.365,0.946,1.353,121.365
2023-05-15,0.959,3.995,2.234,6.182,4.382,0.944,1.353,121.36
2023-05-16,0.947,3.978,2.228,6.141,4.369,0.947,1.352,121.316
2023-05-17,0.946,3.951,2.229,6.143,4.353,0.953,1.355,121.305
2023-05-18,0.956,3.95,2.215,6.153,4.345,0.968,1.373,121.296
2023-05-19,0.941,3.944,2.215,6.158,4.33,0.99,1.394,121.427
2023-05-22,0.939,3.964,2.214,6.149,4.347,0.984,1.388,121.453
2023-05-23,0.926,3.907,2.187,6.084,4.33,0.992,1.394,121.708
2023-05-24,0.913,3.854,2.183,6.038,4.352,0.977,1.381,121.667
2023-05-25,0.907,3.845,2.184,6.02,4.335,0.993,1.38,121.564
2023-05-26,0.922,3.85,2.167,6.073,4.31,0.996,1.379,121.352
2023-05-29,0.924,3.834,2.143,6.066,4.314,1.032,1.407,121.459
2023-05-30,0.931,3.838,2.155,6.099,4.3,1.035,1.413,121.465
2023-05-31,0.923,3.802,2.131,6.092,4.365,1.031,1.402,121.504
2023-06-01,0.927,3.81,2.148,6.102,4.362,1.03,1.404,121.654
2023-06-02,0.927,3.863,2.175,6.154,4.375,1.043,1.412,121.579
2023-06-05,0.939,3.845,2.143,6.141,4.324,1.048,1.438,121.626
2023-06-06,0.931,3.808,2.106,6.027,4.357,1.049,1.433,121.76
2023-06-07,0.941,3.796,2.075,6.031,4.363,1.052,1.44,121.869
2023-06-08,0.946,3.828,2.071,6.018,4.338,1.03,1.433,121.844
2023-06-09,0.949,3.844,2.086,6.069,4.375,1.047,1.441,121.977
2023-06-12,0.94,3.848,2.095,6.087,4.378,1.059,1.453,122.058
2023-06-13,0.938,3.877,2.111,6.105,4.388,1.085,1.471,122.279
2023-06-14,0.931,3.877,2.106,6.112,4.363,1.086,1.476,122.598
2023-06-15,0.933,3.942,2.179,6.166,4.329,1.091,1.472,122.245
2023-06-16,0.933,3.979,2.208,6.209,4.359,1.1,1.484,121.794
2023-06-19,0.918,3.949,2.207,6.201,4.366,1.096,1.484,121.888
2023-06-20,0.912,3.942,2.21,6.198,4.374,1.095,1.487,121.866
2023-06-21,0.906,3.887,2.156,6.073,4.356,1.1,1.487,122.01
2023-06-26,0.887,3.843,2.133,5.972,4.354,1.091,1.482,122.169
2023-06-27,0.905,3.869,2.138,6.017,4.35,1.076,1.474,121.972
2023-06-28,0.909,3.877,2.126,6.031,4.335,1.09,1.489,121.989
2023-06-29,0.906,3.859,2.129,6.022,4.343,1.099,1.496,122.031
2023-06-30,0.911,3.882,2.164,6.095,4.349,1.1,1.503,122.262
2023-07-03,0.922,3.927,2.171,6.124,4.358,1.118,1.522,122.203
2023-07-04,0.921,3.934,2.174,6.138,4.364,1.112,1.516,122.217
2023-07-05,0.919,3.907,2.156,6.107,4.367,1.11,1.515,122.233
2023-07-06,0.916,3.879,2.137,6.072,4.365,1.111,1.512,122.276
2023-07-07,0.918,3.868,2.118,6.056,4.359,1.106,1.502,122.309
2023-07-10,0.92,3.884,2.145,6.077,4.37,1.095,1.492,122.331
2023-07-11,0.921,3.91,2.161,6.127,4.374,1.101,1.499,122.426
2023-07-12,0.922,3.891,2.139,6.066,4.371,1.102,1.506,122.447
2023-07-13,0.933,3.954,2.182,6.15,4.408,1.118,1.516,122.395
2023-07-14,0.937,3.952,2.169,6.126,4.388,1.126,1.513,122.346
2023-07-17,0.93,3.924,2.152,6.111,4.406,1.132,1.521,122.463
2023-07-18,0.928,3.918,2.147,6.102,4.422,1.142,1.528,122.638
2023-07-19,0.935,3.916,2.125,6.093,4.473,1.163,1.552,122.614
2023-07-20,0.929,3.888,2.103,6.027,4.47,1.147,1.541,122.623
2023-07-21,0.928,3.89,2.11,6.03,4.453,1.128,1.536,122.771
2023-07-24,0.93,3.873,2.09,6.02,4.442,1.132,1.541,122.854
2023-07-25,0.947,3.985,2.136,6.118,4.42,1.128,1.538,122.392
2023-07-26,0.945,3.976,2.135,6.107,4.439,1.131,1.541,122.51
2023-07-27,0.947,3.972,2.129,6.065,4.448,1.141,1.545,122.644
2023-07-28,0.963,4.068,2.163,6.157,4.404,1.134,1.534,122.603
2023-07-31,0.969,4.084,2.182,6.196,4.409,1.149,1.539,122.454
2023-08-01,0.969,4.066,2.168,6.201,4.426,1.153,1.549,122.545
2023-08-02,0.959,4.037,2.164,6.179,4.425,1.137,1.537,122.651
2023-08-03,0.961,4.073,2.187,6.2,4.406,1.118,1.523,122.714
2023-08-04,0.962,4.094,2.204,6.241,4.401,1.128,1.526,122.715
2023-08-07,0.953,4.063,2.185,6.2,4.41,1.118,1.518,122.758
2023-08-08,0.957,4.048,2.177,6.179,4.414,1.12,1.529,122.795
2023-08-09,0.95,4.04,2.174,6.137,4.411,1.119,1.529,122.835
2023-08-10,0.95,4.045,2.184,6.135,4.396,1.109,1.521,122.819
2023-08-11,0.94,3.95,2.129,6.014,4.415,1.11,1.522,122.836
2023-08-14,0.938,3.923,2.113,6.021,4.421,1.103,1.525,122.949
2023-08-15,0.944,3.919,2.096,5.988,4.431,1.124,1.541,123.279
2023-08-16,0.939,3.889,2.082,5.945,4.433,1.112,1.524,123.475
2023-08-17,0.938,3.902,2.094,5.981,4.429,1.104,1.515,123.465
2023-08-18,0.936,3.852,2.065,5.888,4.421,1.083,1.497,123.54
2023-08-21,0.929,3.8,2.035,5.811,4.438,1.086,1.503,123.819
2023-08-22,0.942,3.823,2.038,5.838,4.431,1.104,1.509,123.675
2023-08-23,0.939,3.768,1.987,5.738,4.452,1.104,1.51,123.663
2023-08-24,0.935,3.791,2.014,5.754,4.464,1.134,1.532,123.636
2023-08-25,0.934,3.784,1.991,5.686,4.448,1.091,1.501,123.579
2023-08-28,0.945,3.837,2.01,5.749,4.45,1.105,1.515,123.491
2023-08-29,0.946,3.859,2.067,5.874,4.462,1.111,1.524,123.271
2023-08-30,0.937,3.858,2.066,5.875,4.477,1.135,1.545,123.342
2023-08-31,0.932,3.839,2.052,5.846,4.494,1.14,1.553,123.427
2023-09-01,0.937,3.862,2.049,5.852,4.489,1.139,1.544,123.304
2023-09-04,0.956,3.92,2.067,5.936,4.506,1.142,1.547,122.942
2023-09-05,0.947,3.893,2.057,5.893,4.508,1.141,1.548,123.012
2023-09-06,0.943,3.883,2.049,5.891,4.505,1.143,1.548,122.869
2023-09-07,0.942,3.83,2.003,5.809,4.504,1.134,1.535,122.76
2023-09-08,0.938,3.809,1.998,5.807,4.536,1.141,1.544,122.848
2023-09-11,0.944,3.837,2.011,5.874,4.545,1.134,1.536,122.835
2023-09-12,0.942,3.832,1.998,5.876,4.546,1.141,1.541,122.866
2023-09-13,0.943,3.807,1.974,5.817,4.557,1.128,1.53,122.98
2023-09-14,0.949,3.804,1.96,5.812,4.592,1.136,1.537,123.109
2023-09-15,0.95,3.787,1.954,5.813,4.548,1.142,1.548,122.971
2023-09-18,0.95,3.8,1.968,5.825,4.524,1.124,1.531,122.79
2023-09-19,0.955,3.795,1.952,5.8,4.559,1.123,1.53,122.796
2023-09-20,0.961,3.777,1.936,5.759,4.594,1.124,1.528,122.766
2023-09-21,0.953,3.742,1.917,5.713,4.58,1.103,1.512,122.798
2023-09-22,0.958,3.817,1.964,5.811,4.561,1.092,1.493,122.635
2023-09-25,0.958,3.789,1.953,5.778,4.581,1.094,1.49,122.48
2023-09-26,0.956,3.768,1.938,5.759,4.578,1.085,1.483,122.389
2023-09-27,0.953,3.778,1.956,5.784,4.511,1.081,1.475,122.376
2023-09-28,0.952,3.764,1.953,5.792,4.436,1.08,1.471,122.689
2023-10-09,0.949,3.754,1.947,5.76,4.405,1.096,1.47,122.72
2023-10-10,0.936,3.727,1.938,5.732,4.348,1.111,1.49,122.738
2023-10-11,0.936,3.735,1.954,5.727,4.355,1.118,1.499,122.525
2023-10-12,0.948,3.771,1.968,5.77,4.39,1.128,1.51,122.552
2023-10-13,0.947,3.736,1.945,5.74,4.405,1.122,1.497,122.703
2023-10-16,0.951,3.693,1.906,5.683,4.46,1.111,1.496,122.803
2023-10-17,0.956,3.705,1.912,5.694,4.48,1.119,1.507,122.731
2023-10-18,0.951,3.677,1.887,5.626,4.523,1.114,1.505,122.704
2023-10-19,0.931,3.6,1.867,5.561,4.547,1.1,1.485,122.519
2023-10-20,0.934,3.582,1.85,5.523,4.597,1.086,1.467,122.701
2023-10-23,0.915,3.544,1.815,5.376,4.572,1.079,1.457,122.831
2023-10-24,0.92,3.549,1.832,5.44,4.575,1.086,1.455,122.681
2023-10-25,0.931,3.569,1.815,5.467,4.557,1.082,1.456,122.799
2023-10-26,0.934,3.582,1.829,5.491,4.59,1.049,1.433,122.831
2023-10-27,0.938,3.636,1.881,5.595,4.599,1.053,1.433,122.841
2023-10-30,0.922,3.652,1.926,5.64,4.609,1.055,1.427,122.89
2023-10-31,0.922,3.644,1.916,5.627,4.62,1.054,1.431,123.05
2023-11-01,0.923,3.642,1.908,5.615,4.603,1.069,1.446,123.176
2023-11-02,0.925,3.625,1.89,5.564,4.613,1.091,1.463,123.297
2023-11-03,0.919,3.653,1.918,5.605,4.61,1.099,1.486,123.285
2023-11-06,0.917,3.701,1.981,5.7,4.587,1.111,1.494,123.272
2023-11-07,0.919,3.69,1.967,5.709,4.569,1.11,1.492,123.336
2023-11-08,0.919,3.679,1.971,5.705,4.551,1.12,1.497,123.344
2023-11-09,0.921,3.682,1.967,5.693,4.521,1.127,1.505,123.351
2023-11-10,0.916,3.655,1.955,5.673,4.554,1.116,1.493,123.368
2023-11-13,0.919,3.65,1.958,5.704,4.538,1.14,1.513,123.423
2023-11-14,0.92,3.65,1.953,5.728,4.558,1.144,1.518,123.352
2023-11-15,0.927,3.675,1.963,5.765,4.577,1.164,1.539,123.316
2023-11-16,0.926,3.639,1.925,5.707,4.559,1.159,1.541,123.414
2023-11-17,0.924,3.634,1.934,5.726,4.572,1.161,1.54,123.464
2023-11-20,0.928,3.645,1.942,5.758,4.522,1.145,1.524,123.461
2023-11-21,0.931,3.65,1.931,5.741,4.516,1.158,1.53,123.488
2023-11-22,0.927,3.611,1.899,5.668,4.499,1.15,1.528,123.421
2023-11-23,0.933,3.63,1.911,5.719,4.495,1.156,1.533,123.254
2023-11-24,0.933,3.605,1.888,5.673,4.499,1.157,1.535,123.272
2023-11-27,0.926,3.581,1.878,5.659,4.546,1.151,1.534,123.234
2023-11-28,0.926,3.585,1.89,5.685,4.56,1.154,1.535,123.325
2023-11-29,0.919,3.558,1.867,5.656,4.591,1.154,1.532,123.288
2023-11-30,0.921,3.562,1.874,5.637,4.589,1.153,1.531,123.332
2023-12-01,0.932,3.548,1.881,5.664,4.589,1.148,1.539,123.442
2023-12-04,0.928,3.524,1.858,5.652,4.643,1.15,1.547,123.375
2023-12-05,0.916,3.458,1.823,5.565,4.58,1.137,1.534,123.38
2023-12-06,0.913,3.463,1.834,5.577,4.578,1.153,1.546,123.335
2023-12-07,0.912,3.454,1.829,5.582,4.584,1.14,1.533,123.381
2023-12-08,0.911,3.461,1.843,5.594,4.591,1.157,1.545,123.429
2023-12-11,0.92,3.485,1.868,5.656,4.557,1.164,1.559,123.657
2023-12-12,0.925,3.493,1.856,5.666,4.539,1.178,1.567,123.598
2023-12-13,0.919,3.435,1.822,5.607,4.529,1.191,1.576,123.75
2023-12-14,0.918,3.419,1.812,5.588,4.598,1.204,1.593,123.741
2023-12-15,0.913,3.412,1.802,5.544,4.59,1.193,1.586,123.82
2023-12-18,0.912,3.398,1.773,5.483,4.576,1.202,1.593,123.905
2023-12-19,0.911,3.4,1.781,5.474,4.589,1.209,1.601,123.917
2023-12-20,0.908,3.369,1.755,5.412,4.604,1.216,1.609,123.871
2023-12-21,0.906,3.4,1.787,5.426,4.605,1.2,1.588,123.926
2023-12-22,0.907,3.406,1.78,5.41,4.627,1.206,1.597,124.018
2023-12-25,0.906,3.415,1.783,5.403,4.634,1.207,1.6,124.12
2023-12-26,0.905,3.395,1.761,5.356,4.647,1.215,1.605,124.178
2023-12-27,0.912,3.405,1.763,5.372,4.66,1.219,1.608,124.276
2023-12-28,0.91,3.489,1.833,5.475,4.662,1.216,1.605,124.276
2023-12-29,0.914,3.499,1.842,5.519,4.648,1.213,1.603,124.502
2024-01-02,0.925,3.453,1.806,5.497,4.666,1.21,1.607,124.73
2024-01-03,0.935,3.443,1.787,5.49,4.663,1.191,1.595,124.411
2024-01-04,0.946,3.413,1.754,5.446,4.651,1.185,1.589,124.659
2024-01-05,0.947,3.396,1.728,5.376,4.664,1.176,1.582,125.017
2024-01-08,0.936,3.349,1.699,5.25,4.65,1.179,1.584,124.83
2024-01-09,0.943,3.357,1.706,5.262,4.649,1.209,1.611,124.982
2024-01-10,0.938,3.341,1.698,5.249,4.631,1.209,1.61,124.941
2024-01-11,0.93,3.36,1.732,5.312,4.631,1.223,1.623,124.862
2024-01-12,0.934,3.349,1.714,5.292,4.646,1.219,1.616,124.729
2024-01-15,0.941,3.345,1.698,5.279,4.673,1.227,1.624,124.748
2024-01-16,0.947,3.367,1.708,5.274,4.677,1.215,1.616,124.711
2024-01-17,0.934,3.292,1.656,5.141,4.631,1.214,1.609,124.858
2024-01-18,0.928,3.268,1.683,5.146,4.616,1.217,1.61,124.95
2024-01-19,0.922,3.275,1.669,5.106,4.643,1.242,1.626,125.016
2024-01-22,0.898,3.206,1.623,4.87,4.625,1.28,1.652,125.127
2024-01-23,0.904,3.228,1.642,4.948,4.632,1.271,1.656,125.066
2024-01-24,0.925,3.279,1.65,5.018,4.626,1.278,1.674,125.079
2024-01-25,0.953,3.335,1.675,5.166,4.605,1.271,1.666,125.089
2024-01-26,0.969,3.329,1.637,5.109,4.625,1.261,1.654,125.18
2024-01-29,0.969,3.299,1.58,5.013,4.634,1.272,1.661,125.25
2024-01-30,0.962,3.243,1.544,4.911,4.647,1.292,1.681,125.599
2024-01-31,0.956,3.222,1.533,4.783,4.653,1.264,1.674,125.804
2024-02-01,0.946,3.218,1.548,4.765,4.668,1.252,1.66,125.817
2024-02-02,0.948,3.188,1.508,4.637,4.679,1.283,1.688,125.79
2024-02-05,0.95,3.208,1.527,4.535,4.643,1.289,1.695,125.985
2024-02-06,0.963,3.311,1.623,4.913,4.633,1.291,1.695,125.657
2024-02-07,0.974,3.34,1.66,5.225,4.642,1.279,1.701,125.727
2024-02-08,0.973,3.362,1.681,5.249,4.662,1.308,1.745,125.9
2024-02-19,0.996,3.389,1.697,5.215,4.644,1.301,1.737,125.923
2024-02-20,1.004,3.401,1.696,5.215,4.642,1.299,1.731,126.009
2024-02-21,1.009,3.449,1.703,5.212,4.642,1.282,1.717,126.094
2024-02-22,1.021,3.475,1.71,5.257,4.639,1.304,1.741,126.071
2024-02-23,1.023,3.478,1.709,5.281,4.63,1.321,1.766,126.252
2024-02-26,0.997,3.443,1.704,5.271,4.651,1.308,1.755,126.353
2024-02-27,1.004,3.484,1.746,5.398,4.646,1.306,1.761,126.54
2024-02-28,0.996,3.448,1.701,5.259,4.645,1.309,1.783,126.702
2024-02-29,1.004,3.503,1.761,5.431,4.647,1.3,1.772,126.904
2024-03-01,1.004,3.53,1.775,5.467,4.667,1.321,1.781,126.438
2024-03-04,1.009,3.527,1.783,5.465,4.725,1.339,1.794,126.596
2024-03-05,1.018,3.556,1.78,5.438,4.789,1.329,1.789,126.623
2024-03-06,1.018,3.542,1.782,5.433,4.824,1.324,1.781,127.027
2024-03-07,1.021,3.523,1.742,5.363,4.885,1.315,1.776,127.161
2024-03-08,1.027,3.533,1.756,5.434,4.881,1.337,1.8,127.132
2024-03-11,1.02,3.581,1.84,5.536,4.899,1.317,1.794,127.005
2024-03-12,0.995,3.586,1.851,5.505,4.879,1.322,1.788,126.52
2024-03-13,0.993,3.565,1.841,5.497,4.87,1.33,1.783,126.47
2024-03-14,0.996,3.552,1.832,5.474,4.877,1.324,1.784,126.428
2024-03-15,0.997,3.561,1.833,5.549,4.899,1.316,1.775,126.574
2024-03-18,0.998,3.592,1.875,5.62,4.86,1.316,1.781,126.681
2024-03-19,0.994,3.569,1.853,5.561,4.87,1.309,1.774,126.965
2024-03-20,1.0,3.572,1.856,5.575,4.88,1.314,1.79,126.826
2024-03-21,1.006,3.57,1.846,5.548,4.978,1.337,1.826,126.826
2024-03-22,1.001,3.539,1.817,5.465,4.946,1.338,1.837,126.82
2024-03-25,1.003,3.52,1.781,5.384,4.956,1.334,1.825,126.645
2024-03-26,1.004,3.531,1.792,5.36,4.966,1.341,1.832,126.664
2024-03-27,0.998,3.493,1.742,5.236,4.99,1.342,1.844,126.75
2024-03-28,1.0,3.51,1.758,5.303,5.029,1.339,1.868,126.773
2024-03-29,1.015,3.526,1.768,5.371,5.126,1.337,1.856,126.914
2024-04-01,1.015,3.584,1.822,5.484,5.155,1.344,1.849,126.762
2024-04-02,1.023,3.572,1.808,5.462,5.159,1.34,1.842,126.816
2024-04-03,1.033,3.558,1.79,5.459,5.231,1.327,1.802,127.083
2024-04-08,1.036,3.529,1.758,5.379,5.354,1.326,1.807,127.135
2024-04-09,1.029,3.523,1.777,5.424,5.369,1.328,1.813,127.275
2024-04-10,1.03,3.497,1.739,5.361,5.388,1.333,1.81,127.178
2024-04-11,1.043,3.494,1.731,5.386,5.348,1.321,1.788,127.159
2024-04-12,1.04,3.466,1.713,5.357,5.504,1.341,1.802,127.394
2024-04-15,1.063,3.539,1.746,5.428,5.417,1.329,1.783,127.51
2024-04-16,1.061,3.507,1.713,5.28,5.452,1.293,1.741,127.521
2024-04-17,1.082,3.553,1.747,5.421,5.461,1.292,1.734,127.566
2024-04-18,1.082,3.559,1.738,5.431,5.445,1.289,1.73,127.785
2024-04-19,1.084,3.531,1.705,5.394,5.471,1.264,1.709,127.814
2024-04-22,1.062,3.524,1.703,5.349,5.364,1.256,1.716,127.902
2024-04-23,1.046,3.499,1.705,5.287,5.232,1.259,1.728,128.199
2024-04-24,1.043,3.513,1.719,5.349,5.287,1.289,1.766,127.627
2024-04-25,1.052,3.523,1.716,5.341,5.288,1.268,1.739,127.689
2024-04-26,1.039,3.573,1.774,5.461,5.329,1.29,1.746,127.393
2024-04-29,1.036,3.616,1.837,5.567,5.294,1.298,1.754,126.777
2024-04-30,1.04,3.598,1.816,5.529,5.286,1.299,1.758,127.244
2024-05-06,1.047,3.648,1.853,5.614,5.254,1.302,1.759,127.336
2024-05-07,1.048,3.65,1.85,5.613,5.268,1.315,1.777,127.655
2024-05-08,1.053,3.621,1.821,5.542,5.261,1.317,1.784,127.781
2024-05-09,1.061,3.656,1.856,5.643,5.25,1.314,1.779,127.6
2024-05-10,1.066,3.658,1.84,5.623,5.369,1.321,1.799,127.425
2024-05-13,1.072,3.655,1.817,5.594,5.337,1.326,1.807,127.69
2024-05-14,1.068,3.649,1.813,5.588,5.329,1.326,1.807,127.753
2024-05-15,1.066,3.623,1.797,5.539,5.37,1.335,1.826,127.664
2024-05-16,1.068,3.635,1.801,5.513,5.417,1.358,1.85,127.58
2024-05-17,1.075,3.676,1.824,5.504,5.416,1.355,1.844,127.41
2024-05-20,1.087,3.684,1.831,5.524,5.55,1.357,1.834,127.633
2024-05-21,1.089,3.672,1.818,5.484,5.481,1.364,1.835,127.551
2024-05-22,1.088,3.68,1.839,5.478,5.492,1.369,1.844,127.647
2024-05-23,1.076,3.643,1.811,5.383,5.366,1.381,1.849,127.791
2024-05-24,1.076,3.602,1.781,5.331,5.319,1.358,1.818,127.736
2024-05-27,1.095,3.632,1.792,5.383,5.338,1.374,1.834,127.714
2024-05-28,1.09,3.609,1.769,5.336,5.334,1.38,1.838,127.878
2024-05-29,1.092,3.61,1.772,5.347,5.37,1.374,1.829,127.984
2024-05-30,1.083,3.596,1.777,5.336,5.317,1.359,1.806,127.991
2024-05-31,1.085,3.582,1.772,5.335,5.343,1.353,1.807,127.798
2024-06-03,1.071,3.587,1.782,5.294,5.296,1.359,1.835,127.879
2024-06-04,1.076,3.612,1.806,5.365,5.346,1.355,1.838,127.888
2024-06-05,1.06,3.599,1.796,5.307,5.324,1.366,1.847,128.029
2024-06-06,1.066,3.599,1.785,5.269,5.398,1.393,1.873,128.066
2024-06-07,1.075,3.576,1.748,5.244,5.399,1.394,1.882,128.168
2024-06-11,1.055,3.551,1.752,5.256,5.237,1.395,1.889,128.186
2024-06-12,1.066,3.547,1.743,5.271,5.267,1.408,1.892,128.138
2024-06-13,1.055,3.534,1.742,5.244,5.269,1.436,1.909,128.234
2024-06-14,1.058,3.554,1.756,5.269,5.271,1.435,1.903,128.301
2024-06-17,1.044,3.544,1.768,5.251,5.279,1.441,1.893,128.372
2024-06-18,1.047,3.555,1.776,5.278,5.284,1.46,1.902,128.489
2024-06-19,1.051,3.545,1.753,5.224,5.305,1.462,1.904,128.512
2024-06-20,1.05,3.522,1.728,5.146,5.351,1.472,1.921,128.61
2024-06-21,1.05,3.516,1.723,5.155,5.376,1.45,1.914,128.509
2024-06-24,1.036,3.499,1.696,5.047,5.29,1.444,1.91,128.624
2024-06-25,1.042,3.478,1.666,5.003,5.302,1.429,1.907,128.764
2024-06-26,1.047,3.499,1.699,5.072,5.271,1.456,1.933,128.819
2024-06-27,1.046,3.48,1.67,4.988,5.242,1.455,1.948,128.984
2024-06-28,1.059,3.487,1.652,4.996,5.297,1.475,1.971,129.13
2024-07-01,1.078,3.501,1.65,5.055,5.299,1.473,1.967,128.72
2024-07-02,1.08,3.496,1.633,5.009,5.306,1.474,1.971,128.925
2024-07-03,1.068,3.49,1.629,4.966,5.34,1.501,1.999,129.036
2024-07-04,1.064,3.475,1.616,4.895,5.365,1.51,1.977,129.09
2024-07-05,1.057,3.458,1.623,4.93,5.381,1.529,1.993,128.85
2024-07-08,1.052,3.434,1.596,4.848,5.384,1.552,1.999,128.474
2024-07-09,1.065,3.471,1.62,4.936,5.362,1.568,1.996,128.792
2024-07-10,1.044,3.463,1.618,4.908,5.397,1.548,1.985,128.787
2024-07-11,1.046,3.509,1.654,5.007,5.417,1.555,2.004,128.872
2024-07-12,1.047,3.519,1.653,4.985,5.446,1.492,1.974,129.033
2024-07-15,1.057,3.526,1.64,4.949,5.442,1.539,2.024,129.14
2024-07-16,1.053,3.551,1.664,4.966,5.505,1.536,2.028,129.113
2024-07-17,1.047,3.556,1.663,4.931,5.576,1.522,2.053,129.255
2024-07-18,1.051,3.577,1.686,4.954,5.573,1.495,2.027,129.179
2024-07-19,1.043,3.6,1.692,4.946,5.425,1.471,1.979,129.209
2024-07-22,1.033,3.571,1.693,4.934,5.421,1.463,1.956,129.472
2024-07-23,1.029,3.501,1.64,4.794,5.394,1.477,1.983,129.706
2024-07-24,1.029,3.479,1.619,4.737,5.465,1.448,1.968,129.819
2024-07-25,1.024,3.459,1.614,4.731,5.327,1.407,1.911,129.836
2024-07-26,1.016,3.474,1.627,4.806,5.35,1.409,1.927,130.043
2024-07-29,1.021,3.454,1.604,4.776,5.387,1.437,1.972,130.139
2024-07-30,1.013,3.431,1.601,4.772,5.394,1.42,1.962,130.203
2024-07-31,1.024,3.508,1.658,4.975,5.436,1.429,1.948,130.356
2024-08-01,1.025,3.483,1.636,4.93,5.48,1.463,1.972,130.568
2024-08-02,1.023,3.447,1.609,4.864,5.505,1.396,1.912,130.585
2024-08-05,1.013,3.408,1.576,4.77,5.366,1.287,1.785,130.949
2024-08-06,1.007,3.408,1.597,4.821,5.327,1.332,1.804,130.514
2024-08-07,1.012,3.401,1.589,4.823,5.352,1.334,1.811,130.853
2024-08-08,1.012,3.405,1.582,4.833,5.349,1.314,1.799,130.425
2024-08-09,1.014,3.393,1.566,4.792,5.396,1.35,1.835,130.161
2024-08-12,1.017,3.389,1.563,4.794,5.437,1.365,1.86,129.312
2024-08-13,1.02,3.394,1.578,4.804,5.474,1.379,1.887,129.705
2024-08-14,1.017,3.37,1.555,4.737,5.456,1.413,1.922,130.129
2024-08-15,1.029,3.408,1.565,4.774,5.443,1.422,1.948,129.971
2024-08-16,1.033,3.41,1.561,4.746,5.453,1.469,1.975,130.088
2024-08-19,1.048,3.419,1.559,4.754,5.513,1.442,1.942,130.285
2024-08-20,1.039,3.403,1.539,4.672,5.513,1.468,1.966,130.232
2024-08-21,1.028,3.388,1.529,4.663,5.537,1.469,1.967,130.091
2024-08-22,1.031,3.379,1.516,4.607,5.523,1.471,1.971,130.356
2024-08-23,1.03,3.393,1.517,4.608,5.504,1.457,1.964,130.412
2024-08-26,1.031,3.394,1.515,4.613,5.538,1.46,1.978,130.421
2024-08-27,1.037,3.377,1.5,4.567,5.534,1.442,1.978,130.157
2024-08-28,1.031,3.357,1.501,4.568,5.528,1.442,1.997,130.313
2024-08-29,1.008,3.347,1.513,4.632,5.535,1.407,1.974,130.158
2024-08-30,1.003,3.392,1.552,4.712,5.522,1.417,1.978,130.142
2024-09-02,1.006,3.332,1.507,4.617,5.491,1.429,1.999,130.382
2024-09-03,0.995,3.344,1.525,4.666,5.501,1.431,1.998,130.547
2024-09-04,0.993,3.323,1.525,4.654,5.463,1.356,1.919,130.627
2024-09-05,0.99,3.33,1.536,4.675,5.502,1.36,1.929,130.77
2024-09-06,0.982,3.302,1.508,4.611,5.517,1.372,1.919,130.772
2024-09-09,0.966,3.261,1.513,4.578,5.477,1.364,1.905,130.872
2024-09-10,0.967,3.261,1.512,4.576,5.513,1.368,1.895,131.022
2024-09-11,0.944,3.254,1.528,4.588,5.542,1.377,1.899,131.199
2024-09-12,0.949,3.243,1.525,4.57,5.531,1.421,1.931,131.093
2024-09-13,0.946,3.228,1.509,4.522,5.611,1.435,1.941,131.347
2024-09-18,0.962,3.238,1.504,4.537,5.609,1.424,1.939,131.562
2024-09-19,0.962,3.265,1.519,4.6,5.6,1.44,1.965,131.484
2024-09-20,0.96,3.274,1.508,4.568,5.663,1.443,1.97,131.693
2024-09-23,0.971,3.283,1.501,4.567,5.711,1.449,1.974,131.758
2024-09-24,1.015,3.427,1.587,4.779,5.697,1.441,1.96,131.289
2024-09-25,1.031,3.474,1.61,4.813,5.74,1.43,1.945,131.706
2024-09-26,1.062,3.64,1.686,5.061,5.751,1.445,1.948,131.346
2024-09-27,1.062,3.869,1.86,5.493,5.708,1.414,1.919,130.263
2024-09-30,1.127,4.233,2.232,5.995,5.707,1.409,1.908,129.767
2024-10-08,1.142,4.412,2.678,6.246,5.714,1.403,1.893,129.941
2024-10-09,1.054,4.022,2.242,5.863,5.64,1.427,1.925,130.197
2024-10-10,1.102,4.086,2.174,5.789,5.676,1.443,1.956,130.765
2024-10-11,1.082,3.977,2.06,5.556,5.739,1.445,1.967,130.674
2024-10-14,1.113,4.04,2.116,5.693,5.799,1.446,1.988,130.684
2024-10-15,1.089,3.931,2.045,5.551,5.799,1.476,2.047,130.86
2024-10-16,1.108,3.906,2.0,5.546,5.884,1.459,2.024,130.857
2024-10-17,1.096,3.863,1.995,5.502,5.905,1.468,2.045,131.06
2024-10-18,1.102,4.016,2.156,5.737,5.945,1.459,2.027,131.001
2024-10-21,1.092,4.016,2.167,5.793,6.02,1.461,2.018,131.012
2024-10-22,1.096,4.04,2.175,5.846,6.018,1.459,2.006,130.929
2024-10-23,1.095,4.055,2.162,5.869,6.056,1.465,1.999,130.683
2024-10-24,1.089,4.011,2.132,5.818,5.995,1.449,1.991,130.64
2024-10-25,1.087,4.04,2.196,5.907,5.998,1.455,1.991,130.561
2024-10-28,1.089,4.046,2.188,5.975,6.017,1.473,2.012,130.506
2024-10-29,1.073,4.013,2.135,5.916,6.068,1.47,2.005,130.695
2024-10-30,1.066,3.971,2.111,5.934,6.14,1.484,2.02,130.686
2024-10-31,1.063,3.971,2.122,6.0,6.103,1.459,1.996,130.716
2024-11-01,1.076,3.979,2.084,5.946,6.051,1.442,1.971,130.919
2024-11-04,1.085,4.032,2.145,6.033,6.006,1.443,1.963,130.938
2024-11-05,1.098,4.137,2.249,6.216,6.006,1.438,1.961,130.994
2024-11-06,1.095,4.111,2.223,6.223,5.994,1.489,2.029,131.078
2024-11-07,1.114,4.248,2.306,6.343,5.86,1.512,2.045,131.106
2024-11-08,1.099,4.194,2.282,6.326,5.898,1.525,2.063,131.284
2024-11-11,1.089,4.215,2.349,6.432,5.905,1.534,2.089,131.324
2024-11-12,1.079,4.169,2.345,6.372,5.807,1.536,2.113,131.6
2024-11-13,1.086,4.195,2.372,6.353,5.796,1.527,2.095,131.588
2024-11-14,1.078,4.124,2.288,6.181,5.68,1.529,2.122,131.562
2024-11-15,1.076,4.055,2.204,6.021,5.683,1.51,2.088,131.625
2024-11-18,1.095,4.038,2.149,5.931,5.758,1.499,2.102,131.41
2024-11-19,1.096,4.058,2.215,6.024,5.858,1.504,2.106,131.467
2024-11-20,1.098,4.068,2.223,6.085,5.857,1.521,2.112,131.532
2024-11-21,1.097,4.073,2.223,6.08,5.933,1.51,2.107,131.683
2024-11-22,1.068,3.953,2.136,5.84,6.01,1.521,2.128,131.762
2024-11-25,1.071,3.931,2.132,5.825,5.916,1.536,2.177,131.926
2024-11-26,1.073,3.923,2.109,5.785,5.844,1.536,2.181,132.1
2024-11-27,1.085,3.987,2.165,5.896,5.899,1.54,2.18,131.975
2024-11-28,1.083,3.958,2.128,5.858,5.869,1.531,2.178,132.164
2024-11-29,1.085,4.001,2.179,5.944,5.923,1.532,2.182,132.309
2024-12-02,1.086,4.031,2.211,6.036,5.872,1.54,2.199,132.605
2024-12-03,1.099,4.035,2.198,6.026,5.931,1.568,2.217,132.716
2024-12-04,1.101,4.014,2.17,5.981,5.929,1.575,2.217,133.003
2024-12-05,1.101,4.007,2.177,5.998,5.927,1.589,2.233,133.131
2024-12-06,1.115,4.057,2.224,6.076,5.903,1.584,2.228,132.972
2024-12-09,1.119,4.054,2.206,6.043,5.936,1.61,2.227,133.138
2024-12-10,1.119,4.085,2.221,6.095,5.961,1.597,2.207,133.907
2024-12-11,1.122,4.075,2.218,6.141,6.011,1.593,2.227,134.128
2024-12-12,1.123,4.117,2.248,6.197,6.052,1.617,2.232,134.403
2024-12-13,1.104,4.02,2.193,6.099,6.001,1.629,2.244,134.877
2024-12-16,1.122,3.996,2.158,6.005,5.947,1.649,2.274,135.395
2024-12-17,1.114,4.007,2.159,5.941,5.94,1.663,2.254,135.107
2024-12-18,1.122,4.024,2.158,5.979,5.932,1.674,2.229,134.821
2024-12-19,1.108,4.03,2.171,5.997,5.885,1.63,2.157,134.687
2024-12-20,1.101,4.018,2.169,6.009,5.892,1.597,2.144,135.32
2024-12-23,1.106,4.022,2.147,5.915,5.951,1.652,2.194,135.499
2024-12-24,1.115,4.069,2.17,5.982,5.921,1.648,2.186,135.223
2024-12-25,1.122,4.072,2.156,5.932,5.936,1.667,2.197,135.073
2024-12-26,1.119,4.073,2.166,5.977,5.94,1.674,2.2,135.031
2024-12-27,1.123,4.067,2.163,5.991,5.945,1.662,2.191,135.506
2024-12-30,1.131,4.086,2.165,5.989,5.923,1.639,2.165,135.303
2024-12-31,1.124,4.022,2.102,5.811,5.928,1.629,2.162,135.554
2025-01-02,1.101,3.909,2.019,5.637,5.977,1.643,2.183,136.248
2025-01-03,1.086,3.869,1.978,5.523,6.029,1.633,2.17,136.569
2025-01-06,1.087,3.853,1.976,5.51,5.99,1.669,2.211,136.654
2025-01-07,1.091,3.88,1.99,5.568,6.0,1.659,2.193,136.477
2025-01-08,1.095,3.874,1.968,5.545,6.03,1.642,2.19,136.463
2025-01-09,1.084,3.866,1.971,5.541,6.065,1.636,2.186,136.28
2025-01-10,1.07,3.823,1.938,5.459,6.105,1.63,2.173,136.129
2025-01-13,1.058,3.808,1.942,5.468,6.12,1.592,2.139,136.057
2025-01-14,1.074,3.906,2.036,5.655,6.068,1.611,2.162,136.196
2025-01-15,1.078,3.883,1.999,5.61,6.102,1.601,2.158,136.443
2025-01-16,1.087,3.885,2.01,5.537,6.122,1.637,2.193,136.274
2025-01-17,1.084,3.898,2.026,5.581,6.139,1.63,2.191,136.186
2025-01-20,1.085,3.917,2.062,5.608,6.127,1.646,2.201,136.044
2025-01-21,1.076,3.922,2.07,5.628,6.127,1.647,2.2,136.159
2025-01-22,1.061,3.886,2.059,5.607,6.181,1.657,2.218,136.219
2025-01-23,1.078,3.897,2.052,5.584,6.187,1.643,2.205,136.151
2025-01-24,1.082,3.929,2.084,5.652,6.218,1.644,2.214,136.005
2025-01-27,1.097,3.907,2.028,5.585,6.202,1.615,2.196,136.514
2025-02-05,1.077,3.887,2.024,5.608,6.439,1.612,2.192,136.578
2025-02-06,1.078,3.932,2.08,5.74,6.402,1.627,2.198,136.659
2025-02-07,1.079,3.988,2.131,5.831,6.42,1.623,2.192,136.605
2025-02-10,1.079,3.992,2.142,5.882,6.518,1.606,2.187,136.474
2025-02-11,1.089,3.976,2.113,5.859,6.584,1.607,2.183,136.512
2025-02-12,1.091,4.014,2.15,5.936,6.538,1.609,2.175,136.51
2025-02-13,1.094,4.004,2.135,5.907,6.57,1.618,2.172,136.476
2025-02-14,1.094,4.034,2.174,5.953,6.605,1.629,2.173,136.262
2025-02-17,1.093,4.041,2.182,5.944,6.494,1.63,2.17,135.889
2025-02-18,1.095,4.012,2.14,5.844,6.555,1.643,2.185,135.761
2025-02-19,1.094,4.033,2.185,5.937,6.598,1.636,2.176,135.899
2025-02-20,1.09,4.021,2.184,5.952,6.619,1.622,2.174,135.764
2025-02-21,1.082,4.075,2.239,6.054,6.568,1.611,2.154,135.487
2025-02-24,1.079,4.062,2.221,6.036,6.581,1.59,2.125,134.89
2025-02-25,1.071,4.021,2.197,5.973,6.582,1.565,2.094,134.997
2025-02-26,1.079,4.054,2.223,6.045,6.519,1.561,2.091,135.346
2025-02-27,1.089,4.067,2.212,6.029,6.492,1.571,2.084,135.108
2025-02-28,1.084,3.994,2.128,5.867,6.444,1.511,2.032,135.315
2025-03-03,1.083,3.981,2.154,5.877,6.451,1.542,2.07,135.492
2025-03-04,1.084,3.977,2.149,5.929,6.499,1.515,2.031,135.445
2025-03-05,1.091,3.994,2.149,5.944,6.547,1.533,2.024,135.468
2025-03-06,1.087,4.049,2.191,6.039,6.535,1.534,2.025,135.129
2025-03-07,1.085,4.039,2.16,6.013,6.526,1.5,2.001,134.75
2025-03-10,1.079,4.023,2.159,6.006,6.544,1.496,1.999,134.455
2025-03-11,1.084,4.035,2.159,6.036,6.505,1.428,1.949,133.937
2025-03-12,1.086,4.025,2.149,6.04,6.526,1.432,1.938,134.446
2025-03-13,1.091,4.005,2.125,5.989,6.575,1.424,1.932,134.308
2025-03-14,1.1,4.106,2.186,6.098,6.673,1.438,1.93,134.101
2025-03-17,1.104,4.094,2.173,6.1,6.677,1.443,1.929,133.699
2025-03-18,1.102,4.103,2.185,6.126,6.727,1.455,1.948,133.682
2025-03-19,1.108,4.109,2.178,6.102,6.8,1.443,1.933,133.797
2025-03-20,1.105,4.076,2.158,6.06,6.807,1.475,1.981,134.351
2025-03-21,1.103,4.01,2.112,5.968,6.774,1.468,1.973,134.349
2025-03-24,1.108,4.027,2.112,5.961,6.78,1.498,1.999,134.202
2025-03-25,1.115,4.029,2.105,5.941,6.774,1.513,2.017,134.522
2025-03-26,1.112,4.013,2.098,5.941,6.795,1.508,2.011,134.632
2025-03-27,1.115,4.027,2.103,5.956,6.812,1.482,1.983,134.686
2025-03-28,1.112,4.008,2.089,5.909,6.938,1.475,1.963,134.507
2025-03-31,1.112,3.984,2.064,5.854,7.012,1.411,1.907,134.489
2025-04-01,1.115,3.982,2.062,5.886,7.056,1.436,1.937,134.509
2025-04-02,1.121,3.979,2.064,5.893,7.029,1.442,1.937,134.702
2025-04-03,1.125,3.959,2.027,5.842,7.094,1.413,1.897,135.518
2025-04-07,1.064,3.695,1.775,5.28,6.877,1.272,1.707,136.398
2025-04-08,1.088,3.73,1.804,5.313,6.925,1.319,1.776,135.993
2025-04-09,1.085,3.766,1.823,5.428,7.012,1.3,1.722,136.092
2025-04-10,1.09,3.829,1.863,5.535,7.164,1.429,1.886,136.107
2025-04-11,1.087,3.84,1.892,5.573,7.273,1.413,1.841,136.084
2025-04-14,1.095,3.848,1.895,5.617,7.327,1.432,1.872,136.084
2025-04-15,1.106,3.851,1.893,5.594,7.325,1.416,1.865,136.177
2025-04-16,1.116,3.86,1.87,5.545,7.503,1.389,1.842,136.359
2025-04-17,1.117,3.863,1.873,5.548,7.565,1.39,1.835,136.325
2025-04-18,1.12,3.873,1.878,5.55,7.583,1.381,1.829,136.248
2025-04-21,1.114,3.875,1.908,5.632,7.724,1.369,1.806,136.107
2025-04-22,1.121,3.878,1.899,5.617,7.982,1.371,1.803,136.239
2025-04-23,1.116,3.882,1.919,5.628,7.5,1.415,1.855,136.1
2025-04-24,1.126,3.882,1.907,5.605,7.582,1.398,1.846,136.018
2025-04-25,1.125,3.882,1.92,5.621,7.53,1.444,1.895,136.096
2025-04-28,1.13,3.876,1.906,5.595,7.465,1.448,1.901,136.186
2025-04-29,1.127,3.869,1.903,5.598,7.517,1.446,1.897,136.502
2025-04-30,1.109,3.866,1.921,5.626,7.471,1.446,1.9,136.546
2025-05-06,1.109,3.903,1.958,5.733,7.612,1.457,1.918,136.5
2025-05-07,1.118,3.927,1.967,5.743,7.671,1.462,1.922,136.386
2025-05-08,1.124,3.95,2.001,5.767,7.557,1.485,1.94,136.494
2025-05-09,1.132,3.945,1.984,5.72,7.531,1.486,1.942,136.592
2025-05-12,1.133,3.99,2.037,5.792,7.376,1.516,1.963,136.454
2025-05-13,1.144,3.994,2.03,5.778,7.332,1.522,1.977,136.284
2025-05-14,1.152,4.045,2.054,5.798,7.277,1.566,2.013,136.175
2025-05-15,1.148,4.011,2.012,5.721,7.062,1.559,1.999,136.149
2025-05-16,1.14,3.989,2.008,5.711,7.177,1.561,2.012,136.048
2025-05-19,1.142,3.983,2.002,5.725,7.222,1.547,2.006,136.124
2025-05-20,1.147,4.003,2.018,5.749,7.209,1.564,2.025,136.205
2025-05-21,1.155,4.019,2.034,5.756,7.439,1.549,2.01,136.249
2025-05-22,1.159,4.017,2.016,5.711,7.45,1.539,1.989,136.21
2025-05-23,1.15,3.988,1.994,5.662,7.454,1.534,1.986,136.203
2025-05-26,1.147,3.967,1.977,5.671,7.425,1.543,1.991,136.228
2025-05-27,1.149,3.946,1.967,5.657,7.366,1.55,1.997,136.186
2025-05-28,1.154,3.942,1.959,5.647,7.375,1.568,2.012,136.145
2025-05-29,1.152,3.966,1.989,5.727,7.3,1.589,2.032,136.008
2025-05-30,1.159,3.959,1.972,5.694,7.369,1.556,2.004,136.124
2025-06-03,1.169,3.957,1.977,5.703,7.478,1.562,2.01,136.146
2025-06-04,1.174,3.974,2.0,5.749,7.474,1.575,2.029,136.197
2025-06-05,1.165,3.984,2.023,5.784,7.483,1.571,2.025,136.23
2025-06-06,1.168,3.986,2.017,5.785,7.481,1.567,2.024,136.339
2025-06-09,1.169,3.995,2.034,5.825,7.4,1.571,2.035,136.497
2025-06-10,1.169,3.972,2.012,5.777,7.405,1.571,2.036,136.551
2025-06-11,1.173,4.004,2.038,5.814,7.428,1.577,2.046,136.662
2025-06-12,1.176,4.006,2.04,5.825,7.497,1.571,2.04,136.653
2025-06-13,1.169,3.98,2.02,5.776,7.588,1.554,2.023,136.647
2025-06-16,1.175,3.99,2.037,5.797,7.563,1.567,2.038,136.68
2025-06-17,1.172,3.989,2.028,5.785,7.499,1.573,2.038,136.811
2025-06-18,1.179,3.904,2.034,5.776,7.503,1.568,2.035,136.803
2025-06-19,1.177,3.873,2.005,5.718,7.465,1.559,2.025,136.829
2025-06-20,1.182,3.878,1.988,5.679,7.436,1.562,2.027,136.863
2025-06-23,1.19,3.891,1.998,5.712,7.464,1.559,2.025,136.832
2025-06-24,1.191,3.936,2.044,5.804,7.372,1.595,2.061,136.773
2025-06-25,1.201,4.001,2.109,5.913,7.392,1.595,2.065,136.65
2025-06-26,1.206,3.986,2.093,5.888,7.405,1.603,2.071,136.651
2025-06-27,1.188,3.963,2.101,5.91,7.326,1.619,2.091,136.784
2025-06-30,1.186,3.982,2.133,5.963,7.314,1.629,2.102,136.636
2025-07-01,1.197,3.988,2.126,5.982,7.397,1.622,2.096,136.728
2025-07-02,1.2,3.992,2.104,5.947,7.394,1.623,2.11,136.88
2025-07-03,1.201,4.015,2.141,5.971,7.445,1.626,2.114,136.904
2025-07-04,1.211,4.032,2.133,5.963,7.407,1.636,2.125,136.923
2025-07-07,1.218,4.014,2.11,5.951,7.355,1.635,2.121,136.938
2025-07-08,1.215,4.048,2.159,6.031,7.398,1.636,2.121,136.867
2025-07-09,1.223,4.045,2.163,6.005,7.314,1.63,2.113,136.832
2025-07-10,1.23,4.065,2.169,6.038,7.371,1.639,2.121,136.66
2025-07-11,1.219,4.079,2.185,6.09,7.376,1.633,2.124,136.608
2025-07-14,1.227,4.078,2.177,6.079,7.44,1.623,2.107,136.505
2025-07-15,1.216,4.078,2.212,6.077,7.436,1.648,2.131,136.737
2025-07-16,1.21,4.069,2.206,6.076,7.402,1.638,2.115,136.748
2025-07-17,1.208,4.102,2.247,6.146,7.397,1.65,2.131,136.747
2025-07-18,1.213,4.132,2.252,6.165,7.403,1.662,2.143,136.666
2025-07-21,1.213,4.157,2.275,6.226,7.446,1.662,2.14,136.54
2025-07-22,1.214,4.201,2.289,6.292,7.474,1.663,2.136,136.409
2025-07-23,1.217,4.199,2.287,6.27,7.548,1.66,2.144,136.344
2025-07-24,1.208,4.225,2.325,6.363,7.424,1.663,2.153,135.999
2025-07-25,1.199,4.203,2.318,6.365,7.409,1.666,2.164,135.824
2025-07-28,1.197,4.214,2.342,6.391,7.388,1.684,2.185,136.173
2025-07-29,1.189,4.235,2.383,6.431,7.363,1.683,2.184,135.857
2025-07-30,1.194,4.232,2.345,6.389,7.377,1.68,2.18,136.083
2025-07-31,1.18,4.155,2.301,6.297,7.35,1.704,2.202,136.346
2025-08-01,1.181,4.133,2.303,6.287,7.352,1.671,2.172,136.342
2025-08-04,1.187,4.152,2.313,6.335,7.446,1.648,2.148,136.345
2025-08-05,1.2,4.183,2.32,6.376,7.455,1.679,2.187,136.361
2025-08-06,1.201,4.194,2.336,6.428,7.468,1.67,2.174,136.439
2025-08-07,1.206,4.193,2.32,6.408,7.484,1.684,2.174,136.478
2025-08-08,1.207,4.183,2.312,6.397,7.508,1.691,2.174,136.531
2025-08-11,1.2,4.202,2.357,6.464,7.429,1.708,2.192,136.262
2025-08-12,1.202,4.228,2.385,6.497,7.399,1.703,2.187,136.154
2025-08-13,1.198,4.263,2.473,6.582,7.415,1.721,2.204,136.22
2025-08-14,1.199,4.256,2.446,6.514,7.424,1.717,2.203,136.072
2025-08-15,1.195,4.295,2.509,6.658,7.401,1.722,2.217,136.046
2025-08-18,1.197,4.327,2.582,6.748,7.413,1.71,2.203,135.563
2025-08-19,1.196,4.305,2.575,6.733,7.391,1.703,2.197,135.621
2025-08-20,1.207,4.364,2.588,6.824,7.374,1.684,2.185,135.489
2025-08-21,1.214,4.378,2.572,6.786,7.394,1.69,2.183,135.52
2025-08-22,1.209,4.479,2.662,6.915,7.378,1.676,2.17,135.469
2025-08-25,1.219,4.565,2.737,7.037,7.427,1.698,2.2,135.684
2025-08-26,1.216,4.541,2.716,7.048,7.449,1.69,2.191,135.775
2025-08-27,1.197,4.475,2.696,6.953,7.45,1.704,2.206,135.865
2025-08-28,1.197,4.559,2.806,7.104,7.468,1.693,2.194,135.568
2025-08-29,1.194,4.601,2.865,7.141,7.486,1.692,2.195,135.612
2025-09-01,1.191,4.616,2.927,7.206,7.647,1.673,2.185,135.719
2025-09-02,1.2,4.59,2.848,7.055,7.67,1.676,2.187,135.726
2025-09-03,1.187,4.549,2.87,6.94,7.768,1.676,2.177,135.84
2025-09-04,1.19,4.456,2.751,6.779,7.75,1.682,2.189,136.12
2025-09-05,1.185,4.554,2.944,7.011,7.775,1.701,2.204,135.731
2025-09-08,1.185,4.555,2.908,7.073,7.847,1.696,2.195,135.597
2025-09-09,1.191,4.528,2.845,7.006,7.966,1.701,2.198,135.531
2025-09-10,1.188,4.538,2.875,7.003,7.947,1.711,2.207,135.229
2025-09-11,1.192,4.66,3.025,7.224,7.923,1.708,2.21,135.301
2025-09-12,1.184,4.621,2.995,7.242,7.954,1.714,2.222,135.525
2025-09-15,1.174,4.629,3.037,7.226,7.931,1.727,2.229,135.623
2025-09-16,1.17,4.62,3.059,7.282,8.032,1.736,2.238,135.687
2025-09-17,1.175,4.653,3.119,7.357,7.964,1.729,2.23,135.866
2025-09-18,1.153,4.594,3.067,7.292,7.862,1.744,2.241,135.838
2025-09-19,1.159,4.604,3.062,7.261,7.898,1.751,2.252,135.651
2025-09-22,1.15,4.619,3.082,7.318,8.048,1.771,2.269,135.66
2025-09-23,1.157,4.622,3.093,7.277,8.143,1.8,2.288,134.125
2025-09-24,1.157,4.663,3.16,7.432,8.19,1.785,2.28,133.908
2025-09-25,1.149,4.695,3.211,7.441,8.146,1.779,2.27,133.866
2025-09-26,1.149,4.651,3.129,7.336,8.16,1.78,2.265,134.059
2025-09-29,1.147,4.728,3.213,7.462,8.259,1.8,2.281,133.994
2025-09-30,1.139,4.741,3.217,7.519,8.339,1.813,2.284,134.254
2025-10-09,1.142,4.816,3.235,7.649,8.729,1.851,2.322,134.384
2025-10-10,1.15,4.719,3.095,7.505,8.602,1.86,2.329,134.315
2025-10-13,1.156,4.692,3.054,7.469,8.859,1.829,2.294,134.447
2025-10-14,1.177,4.645,2.934,7.289,8.976,1.81,2.263,134.679
2025-10-15,1.182,4.706,3.003,7.393,9.187,1.825,2.289,134.609
2025-10-16,1.19,4.721,3.014,7.336,9.244,1.838,2.285,134.714
2025-10-17,1.185,4.624,2.915,7.114,9.568,1.807,2.263,134.926
2025-10-20,1.187,4.64,2.971,7.16,9.268,1.859,2.321,134.679
2025-10-21,1.19,4.71,3.062,7.28,9.49,1.873,2.326,134.671
2025-10-22,1.199,4.695,3.039,7.224,9.101,1.883,2.348,134.686
2025-10-23,1.206,4.713,3.038,7.249,8.994,1.883,2.352,134.586
2025-10-24,1.197,4.77,3.147,7.369,8.95,1.902,2.36,134.522
2025-10-27,1.198,4.826,3.209,7.478,8.914,1.956,2.415,134.672
2025-10-28,1.198,4.802,3.205,7.441,8.597,1.961,2.421,135.059
2025-10-29,1.187,4.862,3.3,7.594,8.692,2.0,2.468,135.059
2025-10-30,1.19,4.823,3.239,7.497,8.704,1.985,2.473,135.205
2025-10-31,1.188,4.756,3.166,7.436,8.794,1.982,2.454,135.287
2025-11-03,1.204,4.763,3.176,7.439,8.797,1.976,2.479,135.306
2025-11-04,1.217,4.729,3.112,7.313,8.737,1.94,2.415,135.354
2025-11-05,1.217,4.735,3.142,7.33,8.706,1.912,2.388,135.352
2025-11-06,1.216,4.805,3.201,7.451,8.755,1.949,2.389,135.212
2025-11-07,1.217,4.795,3.185,7.44,8.793,1.924,2.384,135.186
2025-11-10,1.227,4.807,3.158,7.448,8.936,1.951,2.424,135.133
2025-11-11,1.232,4.763,3.113,7.394,9.062,1.959,2.43,135.058
2025-11-12,1.243,4.765,3.108,7.356,9.029,1.974,2.463,135.161
2025-11-13,1.239,4.812,3.182,7.465,9.175,1.975,2.488,135.067
2025-11-14,1.235,4.741,3.093,7.338,9.096,1.923,2.448,135.141
2025-11-17,1.224,4.71,3.084,7.336,8.882,1.909,2.454,135.253
2025-11-18,1.217,4.683,3.051,7.262,8.777,1.844,2.399,135.283
2025-11-19,1.219,4.697,3.057,7.227,8.954,1.836,2.359,135.228
2025-11-20,1.228,4.676,3.026,7.17,8.903,1.907,2.413,135.264
2025-11-21,1.209,4.564,2.904,6.922,8.828,1.848,2.355,135.237
2025-11-24,1.202,4.557,2.908,6.97,8.857,1.856,2.39,135.251
2025-11-25,1.209,4.597,2.961,7.054,9.01,1.897,2.404,135.131
2025-11-26,1.203,4.626,3.027,7.065,9.011,1.927,2.447,134.825
2025-11-27,1.205,4.622,3.012,7.05,9.01,1.925,2.433,134.84
2025-11-28,1.204,4.635,3.035,7.135,9.067,1.943,2.463,134.861
2025-12-01,1.211,4.687,3.073,7.202,9.161,1.936,2.46,134.981
2025-12-02,1.208,4.666,3.052,7.141,9.112,1.94,2.46,134.904
2025-12-03,1.203,4.645,3.019,7.103,9.096,1.965,2.469,134.969
2025-12-04,1.198,4.657,3.051,7.125,9.064,1.965,2.461,134.548
2025-12-05,1.193,4.698,3.089,7.216,9.136,1.963,2.451,134.783
2025-12-08,1.19,4.732,3.171,7.278,9.11,1.952,2.444,134.777
2025-12-09,1.181,4.708,3.188,7.224,9.046,1.928,2.42,134.979
2025-12-10,1.176,4.702,3.192,7.263,9.095,1.944,2.443,134.972
2025-12-11,1.173,4.668,3.146,7.201,9.11,1.918,2.432,135.105
2025-12-12,1.174,4.694,3.174,7.285,9.227,1.921,2.453,135.012
2025-12-15,1.175,4.667,3.12,7.236,9.351,1.902,2.447,134.739
2025-12-16,1.169,4.62,3.06,7.126,9.24,1.873,2.42,134.759
2025-12-17,1.171,4.699,3.164,7.259,9.31,1.899,2.435,134.911
2025-12-18,1.181,4.668,3.092,7.221,9.318,1.878,2.426,134.941
2025-12-19,1.181,4.688,3.107,7.286,9.313,1.916,2.451,135.025
2025-12-22,1.173,4.73,3.175,7.368,9.511,1.945,2.456,134.893
2025-12-23,1.173,4.74,3.185,7.374,9.639,1.935,2.447,135.214
2025-12-24,1.177,4.757,3.212,7.47,9.642,1.933,2.455,135.134
2025-12-25,1.178,4.766,3.222,7.534,9.566,1.93,2.458,135.176
2025-12-26,1.175,4.784,3.226,7.58,9.65,1.929,2.461,134.275
2025-12-29,1.176,4.763,3.205,7.548,9.563,1.916,2.447,133.868
2025-12-30,1.175,4.773,3.229,7.581,9.363,1.914,2.439,133.813
2025-12-31,1.176,4.753,3.186,7.588,9.301,1.904,2.432,133.828
2026-01-05,1.173,4.844,3.281,7.792,9.495,1.93,2.468,133.743
2026-01-06,1.174,4.919,3.303,7.961,9.577,1.925,2.467,133.561
2026-01-07,1.17,4.901,3.311,7.999,9.518,1.919,2.465,133.528
2026-01-08,1.161,4.863,3.287,8.024,9.511,1.899,2.458,133.734
2026-01-09,1.162,4.885,3.314,8.216,9.592,1.903,2.46,133.86
2026-01-12,1.164,4.913,3.371,8.416,9.777,1.893,2.458,133.873
2026-01-13,1.166,4.896,3.306,8.306,9.793,1.915,2.46,133.986
2026-01-14,1.156,4.866,3.332,8.365,9.922,1.909,2.452,134.044
2026-01-15,1.153,4.875,3.352,8.339,9.867,1.901,2.445,134.147
2026-01-16,1.143,4.859,3.346,8.295,9.857,1.904,2.455,134.232
2026-01-19,1.144,4.738,3.318,8.348,10.006,1.887,2.441,134.266
2026-01-20,1.16,4.724,3.263,8.324,10.082,1.876,2.432,134.527
2026-01-21,1.151,4.73,3.281,8.432,10.377,1.875,2.427,134.65
2026-01-22,1.152,4.727,3.315,8.469,10.341,1.901,2.459,134.576
2026-01-23,1.148,4.704,3.337,8.719,10.617,1.891,2.434,134.577
2026-01-26,1.156,4.712,3.305,8.564,10.924,1.882,2.412,134.634
2026-01-27,1.148,4.71,3.327,8.619,10.934,1.894,2.424,134.585
2026-01-28,1.152,4.725,3.307,8.691,11.28,1.905,2.433,134.67
2026-01-29,1.169,4.768,3.292,8.591,11.904,1.891,2.425,134.73
2026-01-30,1.168,4.711,3.335,8.44,11.009,1.881,2.439,134.793
2026-02-02,1.154,4.6,3.252,8.049,9.908,1.833,2.364,134.8
2026-02-03,1.15,4.664,3.313,8.366,10.422,1.872,2.375,134.78
2026-02-04,1.166,4.707,3.297,8.388,10.867,1.853,2.375,134.732
2026-02-05,1.181,4.679,3.238,8.217,10.523,1.84,2.368,134.916
2026-02-06,1.178,4.649,3.229,8.213,10.357,1.813,2.326,135.027
2026-02-09,1.181,4.727,3.321,8.395,10.719,1.847,2.383,135.085
2026-02-10,1.186,4.733,3.311,8.377,10.669,1.844,2.394,135.116
2026-02-11,1.188,4.723,3.273,8.411,10.758,1.841,2.395,135.204
2026-02-12,1.177,4.727,3.319,8.514,10.72,1.836,2.389,135.308
2026-02-13,1.167,4.671,3.265,8.373,10.575,1.83,2.382,135.258
2026-02-24,1.172,4.716,3.295,8.469,10.95,1.823,2.385,135.247
2026-02-25,1.169,4.75,3.344,8.602,10.959,1.825,2.382,135.031
2026-02-26,1.168,4.735,3.336,8.63,10.913,1.832,2.384,134.851
2026-02-27,1.172,4.725,3.301,8.737,10.933,1.819,2.387,135.001
2026-03-02,1.183,4.739,3.282,8.733,11.417,1.802,2.358,135.169
2026-03-03,1.196,4.678,3.205,8.375,11.259,1.786,2.367,135.233
2026-03-04,1.18,4.61,3.154,8.317,10.98,1.762,2.338,135.244
2026-03-05,1.182,4.654,3.206,8.371,10.964,1.8,2.361,135.243
2026-03-06,1.188,4.667,3.225,8.421,10.873,1.801,2.35,135.287
2026-03-09,1.187,4.629,3.201,8.356,10.868,1.756,2.294,134.963
2026-03-10,1.185,4.683,3.296,8.481,10.956,1.788,2.311,134.996
2026-03-11,1.196,4.711,3.335,8.468,10.974,1.792,2.313,134.99
2026-03-12,1.202,4.694,3.308,8.426,10.938,1.784,2.318,135.049
2026-03-13,1.205,4.677,3.3,8.311,10.802,1.767,2.286,135.033
2026-03-16,1.205,4.68,3.349,8.259,10.664,1.774,2.279,134.782
2026-03-17,1.21,4.646,3.273,8.078,10.637,1.768,2.283,134.848
2026-03-18,1.204,4.662,3.338,8.156,10.606,1.789,2.284,135.036
2026-03-19,1.201,4.599,3.303,7.945,10.126,1.764,2.259,135.086
2026-03-20,1.196,4.576,3.341,7.812,9.896,1.749,2.244,134.94
2026-03-23,1.158,4.43,3.228,7.512,8.941,1.68,2.149,134.804
2026-03-24,1.178,4.479,3.237,7.652,9.299,1.717,2.19,134.911
2026-03-25,1.188,4.544,3.307,7.826,9.641,1.734,2.213,134.32
2026-03-26,1.185,4.488,3.263,7.7,9.45,1.716,2.219,134.415
2026-03-27,1.183,4.508,3.293,7.803,9.494,1.708,2.209,134.406
2026-03-30,1.193,4.5,3.264,7.818,9.656,1.683,2.171,134.565
2026-03-31,1.198,4.463,3.182,7.683,9.699,1.674,2.164,134.594
2026-04-01,1.197,4.534,3.232,7.809,10.024,1.752,2.238,134.439
2026-04-02,1.201,4.489,3.164,7.672,9.738,1.721,2.206,134.504
2026-04-03,1.188,4.454,3.141,7.603,9.828,1.731,2.206,134.51
2026-04-07,1.18,4.446,3.151,7.629,9.837,1.732,2.207,134.563
2026-04-08,1.19,4.602,3.345,8.026,10.113,1.833,2.29,134.551
2026-04-09,1.183,4.572,3.32,7.964,9.908,1.805,2.275,134.625
2026-04-10,1.181,4.642,3.437,8.035,9.972,1.809,2.294,134.641
2026-04-13,1.176,4.652,3.468,8.028,9.924,1.798,2.281,134.733
2026-04-14,1.181,4.712,3.55,8.159,10.011,1.825,2.313,134.946
2026-04-15,1.189,4.694,3.511,8.111,10.064,1.864,2.337,134.965
2026-04-16,1.189,4.746,3.624,8.253,10.097,1.907,2.365,134.982
2026-04-17,1.184,4.739,3.67,8.29,10.029,1.892,2.361,135.178
2026-04-20,1.19,4.765,3.672,8.355,10.036,1.89,2.36,135.189
2026-04-21,1.197,4.776,3.681,8.331,10.01,1.892,2.37,135.25
2026-04-22,1.192,4.811,3.758,8.455,10.004,1.896,2.373,135.421
2026-04-23,1.198,4.801,3.728,8.375,9.9,1.905,2.369,135.328
2026-04-24,1.198,4.782,3.674,8.323,9.826,1.907,2.366,135.221
2026-04-27,1.189,4.782,3.652,8.368,9.897,1.945,2.384,134.932
2026-04-28,1.192,4.77,3.602,8.273,9.732,1.963,2.407,135.124
2026-04-29,1.195,4.821,3.694,8.422,9.637,1.962,2.411,135.199
2026-04-30,1.188,4.824,3.689,8.43,9.678,1.959,2.419,135.2
2026-05-06,1.183,4.888,3.786,8.658,9.791,2.01,2.454,135.072
2026-05-07,1.178,4.912,3.845,8.771,9.909,2.054,2.482,135.088
2026-05-08,1.177,4.886,3.806,8.769,9.88,2.065,2.483,135.176
2026-05-11,1.178,4.966,3.947,8.912,9.774,2.108,2.492,135.229
2026-05-12,1.176,4.963,3.94,8.862,9.806,2.081,2.477,135.356
2026-05-13,1.177,5.017,4.048,9.009,9.804,2.093,2.488,135.41
2026-05-14,1.176,4.941,3.961,8.772,9.795,2.105,2.489,135.37
2026-05-15,1.167,4.878,3.97,8.612,9.554,2.1,2.48,135.414
2026-05-18,1.16,4.852,3.923,8.631,9.513,2.066,2.44,135.496
2026-05-19,1.169,4.869,3.922,8.703,9.515,2.047,2.44,135.646
2026-05-20,1.164,4.871,3.932,8.748,9.367,2.058,2.432,135.647
2026-05-21,1.161,4.808,3.846,8.503,9.45,2.103,2.452,135.522
2026-05-22,1.155,4.862,3.946,8.658,9.461,2.146,2.485,135.475
2026-05-25,1.152,4.937,4.034,8.786,9.512,2.231,2.546,135.529
2026-05-26,1.156,4.972,4.055,8.752,9.454,2.185,2.529,135.593
2026-05-27,1.15,4.932,4.056,8.614,9.345,2.223,2.541,135.785
2026-05-28,1.144,4.932,4.138,8.649,9.132,2.214,2.524,135.975
2026-05-29,1.167,4.923,4.053,8.443,9.397,2.273,2.557,136.008
2026-06-01,1.181,4.868,3.964,8.37,9.344,2.365,2.625,136.091
2026-06-02,1.182,4.936,4.071,8.406,9.41,2.343,2.611,136.14
2026-06-03,1.173,4.965,4.145,8.455,9.281,2.299,2.602,136.078
2026-06-04,1.158,4.926,4.1,8.448,9.29,2.24,2.566,136.133
2026-06-05,1.159,4.843,3.977,8.339,9.252,2.205,2.568,136.071
2026-06-08,1.165,4.739,3.827,8.068,8.953,2.114,2.515,135.899
2026-06-09,1.164,4.826,3.972,8.27,9.005,2.2,2.552,135.75
2026-06-10,1.172,4.784,3.87,8.171,8.736,2.143,2.515,135.653
2026-06-11,1.162,4.751,3.83,8.133,8.506,2.13,2.498,135.511
2026-06-12,1.172,4.818,3.846,8.242,8.659,2.162,2.515,135.582
2026-06-15,1.161,4.919,4.045,8.544,8.928,2.258,2.574,135.671
2026-06-16,1.145,4.91,4.111,8.632,8.949,2.28,2.586,135.838
2026-06-17,1.14,4.958,4.183,8.763,8.957,2.279,2.578,135.971
2026-06-18,1.115,4.984,4.269,8.828,8.908,2.266,2.564,135.984
2026-06-22,1.114,5.091,4.379,9.007,8.716,2.25,2.565,135.961
2026-06-23,1.118,4.942,4.21,8.815,8.537,2.174,2.505,135.787
2026-06-24,1.099,4.967,4.258,8.985,8.515,2.187,2.523,135.912
2026-06-25,1.086,5.048,4.395,9.085,8.287,2.208,2.518,134.743
2026-06-26,1.081,4.907,4.215,8.861,8.39,2.158,2.482,134.796
2026-06-29,1.089,4.959,4.236,8.974,8.449,2.178,2.478,134.97
2026-06-30,1.067,5.019,4.364,9.194,8.378,2.204,2.483,134.854
2026-07-01,1.079,4.998,4.274,9.18,8.271,2.209,2.491,134.661
2026-07-02,1.087,4.85,4.036,8.849,8.475,2.158,2.483,134.766
2026-07-03,1.09,4.876,4.037,8.901,8.672,2.167,2.503,134.731
2026-07-06,1.112,4.877,3.97,8.81,8.631,2.171,2.511,134.842
2026-07-07,1.104,4.826,3.932,8.657,8.597,2.169,2.528,134.859
2026-07-08,1.12,4.798,3.867,8.551,8.589,2.141,2.503,134.918
