window_label,lookback_days,rebalance_frequency,signal_date,chosen_symbol,chosen_name,chosen_bucket,chosen_theme,selected_momentum,best_sector_symbol,best_sector_momentum,best_defensive_symbol,best_defensive_momentum,reason
mom_1m,21,weekly,2015-01-09,CASH,空仓,cash,现金,0.0,,,,,行业和防守资产均无正动量，空仓
mom_1m,21,weekly,2015-01-16,CASH,空仓,cash,现金,0.0,,,,,行业和防守资产均无正动量，空仓
mom_1m,21,weekly,2015-01-23,CASH,空仓,cash,现金,0.0,,,,,行业和防守资产均无正动量，空仓
mom_1m,21,weekly,2015-01-30,CASH,空仓,cash,现金,0.0,,,,,行业和防守资产均无正动量，空仓
mom_1m,21,weekly,2015-02-06,511010,国债ETF国泰,defensive,国债,0.029386430560285115,512010,-0.02298850574712641,511010,0.029386430560285115,最佳行业/主题 ETF 动量为负或不可用，切换到正动量防守资产
mom_1m,21,weekly,2015-02-13,159928,消费ETF汇添富,sector,消费,0.010273972602739656,159928,0.010273972602739656,511010,0.02282607619255117,最佳行业/主题 ETF 动量为正，持有该 ETF
mom_1m,21,weekly,2015-02-17,159928,消费ETF汇添富,sector,消费,0.06049822064056931,159928,0.06049822064056931,511010,0.013301658044312603,最佳行业/主题 ETF 动量为正，持有该 ETF
mom_1m,21,weekly,2015-02-27,159928,消费ETF汇添富,sector,消费,0.016891891891891886,159928,0.016891891891891886,511010,0.0106505045750096,最佳行业/主题 ETF 动量为正，持有该 ETF
mom_1m,21,weekly,2015-03-06,159928,消费ETF汇添富,sector,消费,0.044520547945205546,159928,0.044520547945205546,511010,0.005224824287100693,最佳行业/主题 ETF 动量为正，持有该 ETF
mom_1m,21,weekly,2015-03-13,159928,消费ETF汇添富,sector,消费,0.10877192982456152,159928,0.10877192982456152,511010,0.0017976298641031452,最佳行业/主题 ETF 动量为正，持有该 ETF
mom_1m,21,weekly,2015-03-20,512010,医药ETF易方达,sector,医药,0.1730769230769229,512010,0.1730769230769229,511010,-0.004849801643112772,最佳行业/主题 ETF 动量为正，持有该 ETF
mom_1m,21,weekly,2015-03-27,159928,消费ETF汇添富,sector,消费,0.15666666666666673,159928,0.15666666666666673,511010,-0.004532616397006861,最佳行业/主题 ETF 动量为正，持有该 ETF
mom_1m,21,weekly,2015-04-03,159928,消费ETF汇添富,sector,消费,0.17320261437908502,159928,0.17320261437908502,511010,-0.007379606161045049,最佳行业/主题 ETF 动量为正，持有该 ETF
mom_1m,21,weekly,2015-04-10,159928,消费ETF汇添富,sector,消费,0.20192307692307687,159928,0.20192307692307687,511010,-0.008896554412223256,最佳行业/主题 ETF 动量为正，持有该 ETF
mom_1m,21,weekly,2015-04-17,159928,消费ETF汇添富,sector,消费,0.1561561561561562,159928,0.1561561561561562,511010,0.0005751720641853364,最佳行业/主题 ETF 动量为正，持有该 ETF
mom_1m,21,weekly,2015-04-24,159928,消费ETF汇添富,sector,消费,0.18128654970760238,159928,0.18128654970760238,511010,0.002902333554092529,最佳行业/主题 ETF 动量为正，持有该 ETF
mom_1m,21,weekly,2015-04-30,159928,消费ETF汇添富,sector,消费,0.1618497109826591,159928,0.1618497109826591,511010,0.021544835750221925,最佳行业/主题 ETF 动量为正，持有该 ETF
mom_1m,21,weekly,2015-05-08,159928,消费ETF汇添富,sector,消费,0.05163043478260865,159928,0.05163043478260865,511010,0.017464239655834435,最佳行业/主题 ETF 动量为正，持有该 ETF
mom_1m,21,weekly,2015-05-15,159928,消费ETF汇添富,sector,消费,0.07547169811320753,159928,0.07547169811320753,511010,0.017265735363365176,最佳行业/主题 ETF 动量为正，持有该 ETF
mom_1m,21,weekly,2015-05-22,512010,医药ETF易方达,sector,医药,0.09821428571428559,512010,0.09821428571428559,511010,0.000949005480990861,最佳行业/主题 ETF 动量为正，持有该 ETF
mom_1m,21,weekly,2015-05-29,512010,医药ETF易方达,sector,医药,0.13134328358208958,512010,0.13134328358208958,511010,-0.007619194956634323,最佳行业/主题 ETF 动量为正，持有该 ETF
mom_1m,21,weekly,2015-06-05,159928,消费ETF汇添富,sector,消费,0.2313829787234043,159928,0.2313829787234043,511010,0.0038162008894757626,最佳行业/主题 ETF 动量为正，持有该 ETF
mom_1m,21,weekly,2015-06-12,159928,消费ETF汇添富,sector,消费,0.21287128712871284,159928,0.21287128712871284,511010,-0.007204791620451179,最佳行业/主题 ETF 动量为正，持有该 ETF
mom_1m,21,weekly,2015-06-19,CASH,空仓,cash,现金,0.0,159928,0.0,511010,-0.0072431490268227705,行业和防守资产均无正动量，空仓
mom_1m,21,weekly,2015-06-26,CASH,空仓,cash,现金,0.0,512010,-0.13486005089058517,511010,-0.010762375278504321,行业和防守资产均无正动量，空仓
mom_1m,21,weekly,2015-07-03,CASH,空仓,cash,现金,0.0,512010,-0.21836228287841197,511010,-0.006684868683139222,行业和防守资产均无正动量，空仓
mom_1m,21,weekly,2015-07-10,511010,国债ETF国泰,defensive,国债,0.003387790364697052,512010,-0.22531645569620262,511010,0.003387790364697052,最佳行业/主题 ETF 动量为负或不可用，切换到正动量防守资产
mom_1m,21,weekly,2015-07-17,511010,国债ETF国泰,defensive,国债,0.024957508742454282,512010,-0.12051282051282053,511010,0.024957508742454282,最佳行业/主题 ETF 动量为负或不可用，切换到正动量防守资产
mom_1m,21,weekly,2015-07-24,511010,国债ETF国泰,defensive,国债,0.01797627872498153,512010,-0.07588075880758804,511010,0.01797627872498153,最佳行业/主题 ETF 动量为负或不可用，切换到正动量防守资产
mom_1m,21,weekly,2015-07-31,511010,国债ETF国泰,defensive,国债,0.023074588583120503,512010,-0.0388059701492538,511010,0.023074588583120503,最佳行业/主题 ETF 动量为负或不可用，切换到正动量防守资产
mom_1m,21,weekly,2015-08-07,512010,医药ETF易方达,sector,医药,0.20503597122302164,512010,0.20503597122302164,511010,0.00996374198139982,最佳行业/主题 ETF 动量为正，持有该 ETF
mom_1m,21,weekly,2015-08-14,159928,消费ETF汇添富,sector,消费,0.07945205479452055,159928,0.07945205479452055,511010,0.004394381332514463,最佳行业/主题 ETF 动量为正，持有该 ETF
mom_1m,21,weekly,2015-08-21,CASH,空仓,cash,现金,0.0,512010,-0.09798270893371752,511010,-0.007034187871036712,行业和防守资产均无正动量，空仓
mom_1m,21,weekly,2015-08-28,511010,国债ETF国泰,defensive,国债,0.00254326417439521,159928,-0.08695652173913038,511010,0.00254326417439521,最佳行业/主题 ETF 动量为负或不可用，切换到正动量防守资产
mom_1m,21,weekly,2015-09-02,511010,国债ETF国泰,defensive,国债,0.008927717068876406,159928,-0.13172043010752688,511010,0.008927717068876406,最佳行业/主题 ETF 动量为负或不可用，切换到正动量防守资产
mom_1m,21,weekly,2015-09-11,CASH,空仓,cash,现金,0.0,512010,-0.14749262536873164,511010,-0.0036123793093588707,行业和防守资产均无正动量，空仓
mom_1m,21,weekly,2015-09-18,511010,国债ETF国泰,defensive,国债,0.006954664819784684,512010,-0.12812499999999993,511010,0.006954664819784684,最佳行业/主题 ETF 动量为负或不可用，切换到正动量防守资产
mom_1m,21,weekly,2015-09-25,512010,医药ETF易方达,sector,医药,0.0620155038759691,512010,0.0620155038759691,511010,0.0026647751236532624,最佳行业/主题 ETF 动量为正，持有该 ETF
mom_1m,21,weekly,2015-09-30,511010,国债ETF国泰,defensive,国债,0.0015163653009842015,512010,-0.05226480836236924,511010,0.0015163653009842015,最佳行业/主题 ETF 动量为负或不可用，切换到正动量防守资产
mom_1m,21,weekly,2015-10-09,512010,医药ETF易方达,sector,医药,0.03985507246376785,512010,0.03985507246376785,511010,-0.002560358070817559,最佳行业/主题 ETF 动量为正，持有该 ETF
mom_1m,21,weekly,2015-10-16,159928,消费ETF汇添富,sector,消费,0.04037267080745344,159928,0.04037267080745344,511010,0.005402103575314454,最佳行业/主题 ETF 动量为正，持有该 ETF
mom_1m,21,weekly,2015-10-23,512010,医药ETF易方达,sector,医药,0.13090909090909086,512010,0.13090909090909086,511010,0.011146557652632394,最佳行业/主题 ETF 动量为正，持有该 ETF
mom_1m,21,weekly,2015-10-30,512010,医药ETF易方达,sector,医药,0.08896797153024893,512010,0.08896797153024893,511010,0.014239432716291356,最佳行业/主题 ETF 动量为正，持有该 ETF
mom_1m,21,weekly,2015-11-06,512010,医药ETF易方达,sector,医药,0.09688581314878908,512010,0.09688581314878908,511010,0.006129471988408408,最佳行业/主题 ETF 动量为正，持有该 ETF
mom_1m,21,weekly,2015-11-13,512010,医药ETF易方达,sector,医药,0.06418918918918926,512010,0.06418918918918926,511010,-0.004235405341526888,最佳行业/主题 ETF 动量为正，持有该 ETF
mom_1m,21,weekly,2015-11-20,159928,消费ETF汇添富,sector,消费,0.07692307692307687,159928,0.07692307692307687,511010,-0.003622434502979388,最佳行业/主题 ETF 动量为正，持有该 ETF
mom_1m,21,weekly,2015-11-27,159928,消费ETF汇添富,sector,消费,0.0121212121212122,159928,0.0121212121212122,511010,-0.002875405385021512,最佳行业/主题 ETF 动量为正，持有该 ETF
mom_1m,21,weekly,2015-12-04,512010,医药ETF易方达,sector,医药,0.012779552715654896,512010,0.012779552715654896,511010,0.002118884558628853,最佳行业/主题 ETF 动量为正，持有该 ETF
mom_1m,21,weekly,2015-12-11,511010,国债ETF国泰,defensive,国债,0.0070820319545839006,512010,-0.0031152647975077885,511010,0.0070820319545839006,最佳行业/主题 ETF 动量为负或不可用，切换到正动量防守资产
mom_1m,21,weekly,2015-12-18,512010,医药ETF易方达,sector,医药,0.03194888178913735,512010,0.03194888178913735,511010,0.010328852434115632,最佳行业/主题 ETF 动量为正，持有该 ETF
mom_1m,21,weekly,2015-12-25,159928,消费ETF汇添富,sector,消费,0.04871060171919783,159928,0.04871060171919783,511010,0.010442359122652789,最佳行业/主题 ETF 动量为正，持有该 ETF
mom_1m,21,weekly,2015-12-31,159928,消费ETF汇添富,sector,消费,0.058479532163742576,159928,0.058479532163742576,511010,0.011753710207318413,最佳行业/主题 ETF 动量为正，持有该 ETF
mom_1m,21,weekly,2016-01-08,512010,医药ETF易方达,sector,医药,0.015873015873015817,512010,0.015873015873015817,511010,0.01074173621917307,最佳行业/主题 ETF 动量为正，持有该 ETF
mom_1m,21,weekly,2016-01-15,511010,国债ETF国泰,defensive,国债,0.014164679716140993,159928,-0.07288629737609331,511010,0.014164679716140993,最佳行业/主题 ETF 动量为负或不可用，切换到正动量防守资产
mom_1m,21,weekly,2016-01-22,511010,国债ETF国泰,defensive,国债,0.00571963491692018,512010,-0.1607142857142858,511010,0.00571963491692018,最佳行业/主题 ETF 动量为负或不可用，切换到正动量防守资产
mom_1m,21,weekly,2016-01-29,CASH,空仓,cash,现金,0.0,512010,-0.16766467065868262,511010,-0.001500591848337729,行业和防守资产均无正动量，空仓
mom_1m,21,weekly,2016-02-05,511010,国债ETF国泰,defensive,国债,0.0029369125005844765,512010,-0.10158730158730167,511010,0.0029369125005844765,最佳行业/主题 ETF 动量为负或不可用，切换到正动量防守资产
mom_1m,21,weekly,2016-02-19,CASH,空仓,cash,现金,0.0,512010,-0.06756756756756743,511010,-0.000427871154973114,行业和防守资产均无正动量，空仓
mom_1m,21,weekly,2016-02-26,511010,国债ETF国泰,defensive,国债,0.0024669291851686648,512010,-0.04270462633451966,511010,0.0024669291851686648,最佳行业/主题 ETF 动量为负或不可用，切换到正动量防守资产
mom_1m,21,weekly,2016-03-04,159928,消费ETF汇添富,sector,消费,0.023648648648648685,159928,0.023648648648648685,511010,0.0063410534180052824,最佳行业/主题 ETF 动量为正，持有该 ETF
mom_1m,21,weekly,2016-03-11,159928,消费ETF汇添富,sector,消费,0.01342281879194629,159928,0.01342281879194629,511010,0.009916229780406294,最佳行业/主题 ETF 动量为正，持有该 ETF
mom_1m,21,weekly,2016-03-18,159928,消费ETF汇添富,sector,消费,0.0331125827814569,159928,0.0331125827814569,511010,0.007236927891511202,最佳行业/主题 ETF 动量为正，持有该 ETF
mom_1m,21,weekly,2016-03-25,159928,消费ETF汇添富,sector,消费,0.08503401360544216,159928,0.08503401360544216,511010,0.009627984349878771,最佳行业/主题 ETF 动量为正，持有该 ETF
mom_1m,21,weekly,2016-04-01,159928,消费ETF汇添富,sector,消费,0.07666666666666666,159928,0.07666666666666666,511010,0.011537534083953194,最佳行业/主题 ETF 动量为正，持有该 ETF
mom_1m,21,weekly,2016-04-08,159928,消费ETF汇添富,sector,消费,0.05610561056105623,159928,0.05610561056105623,511010,0.009459860513429286,最佳行业/主题 ETF 动量为正，持有该 ETF
mom_1m,21,weekly,2016-04-15,159928,消费ETF汇添富,sector,消费,0.0490196078431373,159928,0.0490196078431373,511010,0.0029867307781219488,最佳行业/主题 ETF 动量为正，持有该 ETF
mom_1m,21,weekly,2016-04-22,512010,医药ETF易方达,sector,医药,0.007117437722419684,512010,0.007117437722419684,511010,-0.003001643977316837,最佳行业/主题 ETF 动量为正，持有该 ETF
mom_1m,21,weekly,2016-04-29,CASH,空仓,cash,现金,0.0,159928,-0.015384615384615441,511010,-0.0070874393293131055,行业和防守资产均无正动量，空仓
mom_1m,21,weekly,2016-05-06,159928,消费ETF汇添富,sector,消费,0.003058103975535076,159928,0.003058103975535076,511010,-0.008050746323461921,最佳行业/主题 ETF 动量为正，持有该 ETF
mom_1m,21,weekly,2016-05-13,159928,消费ETF汇添富,sector,消费,0.027692307692307683,159928,0.027692307692307683,511010,-3.6821562707123334e-05,最佳行业/主题 ETF 动量为正，持有该 ETF
mom_1m,21,weekly,2016-05-20,159928,消费ETF汇添富,sector,消费,0.05769230769230771,159928,0.05769230769230771,511010,-0.0013738670207370518,最佳行业/主题 ETF 动量为正，持有该 ETF
mom_1m,21,weekly,2016-05-27,159928,消费ETF汇添富,sector,消费,0.018750000000000044,159928,0.018750000000000044,511010,0.005565828230549741,最佳行业/主题 ETF 动量为正，持有该 ETF
mom_1m,21,weekly,2016-06-03,159928,消费ETF汇添富,sector,消费,0.014970059880239583,159928,0.014970059880239583,511010,-0.00044392242455637554,最佳行业/主题 ETF 动量为正，持有该 ETF
mom_1m,21,weekly,2016-06-08,159928,消费ETF汇添富,sector,消费,0.030487804878048808,159928,0.030487804878048808,511010,-0.0007848133990729922,最佳行业/主题 ETF 动量为正，持有该 ETF
mom_1m,21,weekly,2016-06-17,159928,消费ETF汇添富,sector,消费,0.02402402402402415,159928,0.02402402402402415,511010,0.0016517791229884171,最佳行业/主题 ETF 动量为正，持有该 ETF
mom_1m,21,weekly,2016-06-24,159928,消费ETF汇添富,sector,消费,0.021341463414634054,159928,0.021341463414634054,511010,0.004841854319322048,最佳行业/主题 ETF 动量为正，持有该 ETF
mom_1m,21,weekly,2016-07-01,159928,消费ETF汇添富,sector,消费,0.045454545454545414,159928,0.045454545454545414,511010,0.008861987709652075,最佳行业/主题 ETF 动量为正，持有该 ETF
mom_1m,21,weekly,2016-07-08,159928,消费ETF汇添富,sector,消费,0.06824925816023719,159928,0.06824925816023719,511010,0.01113598105773339,最佳行业/主题 ETF 动量为正，持有该 ETF
mom_1m,21,weekly,2016-07-15,159928,消费ETF汇添富,sector,消费,0.10416666666666652,159928,0.10416666666666652,511010,0.007824812674537496,最佳行业/主题 ETF 动量为正，持有该 ETF
mom_1m,21,weekly,2016-07-22,159928,消费ETF汇添富,sector,消费,0.0771513353115727,159928,0.0771513353115727,511010,0.00906244243875487,最佳行业/主题 ETF 动量为正，持有该 ETF
mom_1m,21,weekly,2016-07-29,159928,消费ETF汇添富,sector,消费,0.09064327485380108,159928,0.09064327485380108,511010,0.0079075705114664,最佳行业/主题 ETF 动量为正，持有该 ETF
mom_1m,21,weekly,2016-08-05,512010,医药ETF易方达,sector,医药,0.05666666666666664,512010,0.05666666666666664,511010,0.005638565227324754,最佳行业/主题 ETF 动量为正，持有该 ETF
mom_1m,21,weekly,2016-08-12,512010,医药ETF易方达,sector,医药,0.032154340836012985,512010,0.032154340836012985,511010,0.010483907888110489,最佳行业/主题 ETF 动量为正，持有该 ETF
mom_1m,21,weekly,2016-08-19,512010,医药ETF易方达,sector,医药,0.03883495145631066,512010,0.03883495145631066,511010,0.005347495984815209,最佳行业/主题 ETF 动量为正，持有该 ETF
mom_1m,21,weekly,2016-08-26,512010,医药ETF易方达,sector,医药,0.028753993610223683,512010,0.028753993610223683,511010,0.004203481321406688,最佳行业/主题 ETF 动量为正，持有该 ETF
mom_1m,21,weekly,2016-09-02,512010,医药ETF易方达,sector,医药,0.022292993630573354,512010,0.022292993630573354,511010,0.0007279676054414708,最佳行业/主题 ETF 动量为正，持有该 ETF
mom_1m,21,weekly,2016-09-09,512880,证券ETF国泰,sector,证券,0.0345167652859959,512880,0.0345167652859959,511010,-0.002663429482533619,最佳行业/主题 ETF 动量为正，持有该 ETF
mom_1m,21,weekly,2016-09-14,CASH,空仓,cash,现金,0.0,512010,-0.0062893081761006275,511010,-0.0021658948589449167,行业和防守资产均无正动量，空仓
mom_1m,21,weekly,2016-09-23,CASH,空仓,cash,现金,0.0,512010,0.0,511010,-0.0001361013319783888,行业和防守资产均无正动量，空仓
mom_1m,21,weekly,2016-09-30,511010,国债ETF国泰,defensive,国债,0.003342021378038851,512010,-0.006191950464396245,511010,0.003342021378038851,最佳行业/主题 ETF 动量为负或不可用，切换到正动量防守资产
mom_1m,21,weekly,2016-10-14,512010,医药ETF易方达,sector,医药,0.01238390092879249,512010,0.01238390092879249,511010,0.007246574718922094,最佳行业/主题 ETF 动量为正，持有该 ETF
mom_1m,21,weekly,2016-10-21,512010,医药ETF易方达,sector,医药,0.03134796238244508,512010,0.03134796238244508,511010,0.00979010808206593,最佳行业/主题 ETF 动量为正，持有该 ETF
mom_1m,21,weekly,2016-10-28,512880,证券ETF国泰,sector,证券,0.03921568627450989,512880,0.03921568627450989,511010,0.006117595803002418,最佳行业/主题 ETF 动量为正，持有该 ETF
mom_1m,21,weekly,2016-11-04,512880,证券ETF国泰,sector,证券,0.06594488188976366,512880,0.06594488188976366,511010,0.00468220761107796,最佳行业/主题 ETF 动量为正，持有该 ETF
mom_1m,21,weekly,2016-11-11,512880,证券ETF国泰,sector,证券,0.10000000000000009,512880,0.10000000000000009,511010,0.002189034925057287,最佳行业/主题 ETF 动量为正，持有该 ETF
mom_1m,21,weekly,2016-11-18,512880,证券ETF国泰,sector,证券,0.08535402521823476,512880,0.08535402521823476,511010,-0.009970161632005481,最佳行业/主题 ETF 动量为正，持有该 ETF
mom_1m,21,weekly,2016-11-25,512880,证券ETF国泰,sector,证券,0.083570750237417,512880,0.083570750237417,511010,-0.009362263571215612,最佳行业/主题 ETF 动量为正，持有该 ETF
mom_1m,21,weekly,2016-12-02,512880,证券ETF国泰,sector,证券,0.02754820936639124,512880,0.02754820936639124,511010,-0.016019421856808824,最佳行业/主题 ETF 动量为正，持有该 ETF
mom_1m,21,weekly,2016-12-09,159928,消费ETF汇添富,sector,消费,0.024657534246575352,159928,0.024657534246575352,511010,-0.017323246912688606,最佳行业/主题 ETF 动量为正，持有该 ETF
mom_1m,21,weekly,2016-12-16,159928,消费ETF汇添富,sector,消费,0.010958904109588996,159928,0.010958904109588996,511010,-0.03710972994584383,最佳行业/主题 ETF 动量为正，持有该 ETF
mom_1m,21,weekly,2016-12-23,CASH,空仓,cash,现金,0.0,512010,-0.0060606060606061,511010,-0.024363384845009994,行业和防守资产均无正动量，空仓
mom_1m,21,weekly,2016-12-30,CASH,空仓,cash,现金,0.0,512010,-0.02083333333333337,511010,-0.00878891019348449,行业和防守资产均无正动量，空仓
mom_1m,21,weekly,2017-01-06,159928,消费ETF汇添富,sector,消费,0.010810810810810922,159928,0.010810810810810922,511010,-0.00813254672768382,最佳行业/主题 ETF 动量为正，持有该 ETF
mom_1m,21,weekly,2017-01-13,512660,军工ETF国泰,sector,军工,0.0327198364008181,512660,0.0327198364008181,511010,0.006744043072451911,最佳行业/主题 ETF 动量为正，持有该 ETF
mom_1m,21,weekly,2017-01-20,512010,医药ETF易方达,sector,医药,0.006153846153846176,512010,0.006153846153846176,511010,0.009299679128423222,最佳行业/主题 ETF 动量为正，持有该 ETF
mom_1m,21,weekly,2017-01-26,512660,军工ETF国泰,sector,军工,0.03137651821862342,512660,0.03137651821862342,511010,0.008199776369735456,最佳行业/主题 ETF 动量为正，持有该 ETF
mom_1m,21,weekly,2017-02-03,512660,军工ETF国泰,sector,军工,0.03857868020304567,512660,0.03857868020304567,511010,0.00545721616897854,最佳行业/主题 ETF 动量为正，持有该 ETF
mom_1m,21,weekly,2017-02-10,159928,消费ETF汇添富,sector,消费,0.013477088948786964,159928,0.013477088948786964,511010,-0.0029275794661798304,最佳行业/主题 ETF 动量为正，持有该 ETF
mom_1m,21,weekly,2017-02-17,512880,证券ETF国泰,sector,证券,0.026162790697674243,512880,0.026162790697674243,511010,0.0005090236001852322,最佳行业/主题 ETF 动量为正，持有该 ETF
mom_1m,21,weekly,2017-02-24,159928,消费ETF汇添富,sector,消费,0.07377049180327866,159928,0.07377049180327866,511010,0.0018417569806290501,最佳行业/主题 ETF 动量为正，持有该 ETF
mom_1m,21,weekly,2017-03-03,159928,消费ETF汇添富,sector,消费,0.04010695187165769,159928,0.04010695187165769,511010,0.0013308687615525283,最佳行业/主题 ETF 动量为正，持有该 ETF
mom_1m,21,weekly,2017-03-10,159928,消费ETF汇添富,sector,消费,0.040000000000000036,159928,0.040000000000000036,511010,9.265865478225166e-06,最佳行业/主题 ETF 动量为正，持有该 ETF
mom_1m,21,weekly,2017-03-17,159928,消费ETF汇添富,sector,消费,0.05630026809651478,159928,0.05630026809651478,511010,0.000684215879356076,最佳行业/主题 ETF 动量为正，持有该 ETF
mom_1m,21,weekly,2017-03-24,512010,医药ETF易方达,sector,医药,0.07507507507507505,512010,0.07507507507507505,511010,-0.00035056967572300035,最佳行业/主题 ETF 动量为正，持有该 ETF
mom_1m,21,weekly,2017-03-31,512010,医药ETF易方达,sector,医药,0.0718562874251496,512010,0.0718562874251496,511010,-0.0013020833333332593,最佳行业/主题 ETF 动量为正，持有该 ETF
mom_1m,21,weekly,2017-04-07,512010,医药ETF易方达,sector,医药,0.10510510510510507,512010,0.10510510510510507,511010,-1.8472849529382884e-05,最佳行业/主题 ETF 动量为正，持有该 ETF
mom_1m,21,weekly,2017-04-14,512010,医药ETF易方达,sector,医药,0.05970149253731338,512010,0.05970149253731338,511010,0.002602261467082645,最佳行业/主题 ETF 动量为正，持有该 ETF
mom_1m,21,weekly,2017-04-21,512010,医药ETF易方达,sector,医药,0.034383954154727725,512010,0.034383954154727725,511010,-0.0046806778657588755,最佳行业/主题 ETF 动量为正，持有该 ETF
mom_1m,21,weekly,2017-04-28,512010,医药ETF易方达,sector,医药,0.008474576271186418,512010,0.008474576271186418,511010,-0.008591779606995309,最佳行业/主题 ETF 动量为正，持有该 ETF
mom_1m,21,weekly,2017-05-05,CASH,空仓,cash,现金,0.0,512010,0.0,511010,-0.012364288752843677,行业和防守资产均无正动量，空仓
mom_1m,21,weekly,2017-05-12,CASH,空仓,cash,现金,0.0,512010,-0.0028169014084507005,511010,-0.018471119817414006,行业和防守资产均无正动量，空仓
mom_1m,21,weekly,2017-05-19,512010,医药ETF易方达,sector,医药,0.014005602240896309,512010,0.014005602240896309,511010,-0.01686769344961958,最佳行业/主题 ETF 动量为正，持有该 ETF
mom_1m,21,weekly,2017-05-26,512010,医药ETF易方达,sector,医药,0.013927576601671321,512010,0.013927576601671321,511010,-0.009626933067677035,最佳行业/主题 ETF 动量为正，持有该 ETF
mom_1m,21,weekly,2017-06-02,512010,医药ETF易方达,sector,医药,0.03966005665722383,512010,0.03966005665722383,511010,-0.002989550542962016,最佳行业/主题 ETF 动量为正，持有该 ETF
mom_1m,21,weekly,2017-06-09,159928,消费ETF汇添富,sector,消费,0.08607594936708862,159928,0.08607594936708862,511010,0.004317059894513475,最佳行业/主题 ETF 动量为正，持有该 ETF
mom_1m,21,weekly,2017-06-16,512010,医药ETF易方达,sector,医药,0.05248618784530401,512010,0.05248618784530401,511010,0.010169012758344698,最佳行业/主题 ETF 动量为正，持有该 ETF
mom_1m,21,weekly,2017-06-23,159928,消费ETF汇添富,sector,消费,0.06569343065693434,159928,0.06569343065693434,511010,0.01234952850690707,最佳行业/主题 ETF 动量为正，持有该 ETF
mom_1m,21,weekly,2017-06-30,159928,消费ETF汇添富,sector,消费,0.08980582524271852,159928,0.08980582524271852,511010,0.0020124114304969076,最佳行业/主题 ETF 动量为正，持有该 ETF
mom_1m,21,weekly,2017-07-07,512660,军工ETF国泰,sector,军工,0.04994192799070851,512660,0.04994192799070851,511010,0.003948316351830572,最佳行业/主题 ETF 动量为正，持有该 ETF
mom_1m,21,weekly,2017-07-14,512880,证券ETF国泰,sector,证券,0.048338368580060465,512880,0.048338368580060465,511010,-0.002978628341648748,最佳行业/主题 ETF 动量为正，持有该 ETF
mom_1m,21,weekly,2017-07-21,512880,证券ETF国泰,sector,证券,0.044598612487611655,512880,0.044598612487611655,511010,-0.0006999990666679556,最佳行业/主题 ETF 动量为正，持有该 ETF
mom_1m,21,weekly,2017-07-28,512880,证券ETF国泰,sector,证券,0.03656126482213429,512880,0.03656126482213429,511010,-0.002200753478309614,最佳行业/主题 ETF 动量为正，持有该 ETF
mom_1m,21,weekly,2017-08-04,512880,证券ETF国泰,sector,证券,0.06972111553784877,512880,0.06972111553784877,511010,-0.0009225092250922939,最佳行业/主题 ETF 动量为正，持有该 ETF
mom_1m,21,weekly,2017-08-11,159928,消费ETF汇添富,sector,消费,0.03661327231121292,159928,0.03661327231121292,511010,0.0004480077654678283,最佳行业/主题 ETF 动量为正，持有该 ETF
mom_1m,21,weekly,2017-08-18,159928,消费ETF汇添富,sector,消费,0.07339449541284404,159928,0.07339449541284404,511010,0.002382465057179317,最佳行业/主题 ETF 动量为正，持有该 ETF
mom_1m,21,weekly,2017-08-25,159928,消费ETF汇添富,sector,消费,0.06621004566210043,159928,0.06621004566210043,511010,0.003233765748252404,最佳行业/主题 ETF 动量为正，持有该 ETF
mom_1m,21,weekly,2017-09-01,512660,军工ETF国泰,sector,军工,0.06139315230224329,512660,0.06139315230224329,511010,0.0016901040207668583,最佳行业/主题 ETF 动量为正，持有该 ETF
mom_1m,21,weekly,2017-09-08,512880,证券ETF国泰,sector,证券,0.050284629981024676,512880,0.050284629981024676,511010,0.003501400560224077,最佳行业/主题 ETF 动量为正，持有该 ETF
mom_1m,21,weekly,2017-09-15,512880,证券ETF国泰,sector,证券,0.06679389312977113,512880,0.06679389312977113,511010,0.0013610769288137092,最佳行业/主题 ETF 动量为正，持有该 ETF
mom_1m,21,weekly,2017-09-22,512880,证券ETF国泰,sector,证券,0.0714285714285714,512880,0.0714285714285714,511260,0.010007969117084015,最佳行业/主题 ETF 动量为正，持有该 ETF
mom_1m,21,weekly,2017-09-29,159928,消费ETF汇添富,sector,消费,0.0813704496788008,159928,0.0813704496788008,511260,0.0001235406757675861,最佳行业/主题 ETF 动量为正，持有该 ETF
mom_1m,21,weekly,2017-10-13,159928,消费ETF汇添富,sector,消费,0.1431623931623931,159928,0.1431623931623931,511260,0.0009488644567750004,最佳行业/主题 ETF 动量为正，持有该 ETF
mom_1m,21,weekly,2017-10-20,159928,消费ETF汇添富,sector,消费,0.13375796178343968,159928,0.13375796178343968,511260,-0.0027587626743528215,最佳行业/主题 ETF 动量为正，持有该 ETF
mom_1m,21,weekly,2017-10-27,159928,消费ETF汇添富,sector,消费,0.17561983471074383,159928,0.17561983471074383,511010,-0.004711699944019543,最佳行业/主题 ETF 动量为正，持有该 ETF
mom_1m,21,weekly,2017-11-03,159928,消费ETF汇添富,sector,消费,0.11022044088176353,159928,0.11022044088176353,511010,-0.008439644882124786,最佳行业/主题 ETF 动量为正，持有该 ETF
mom_1m,21,weekly,2017-11-10,159928,消费ETF汇添富,sector,消费,0.07089552238805963,159928,0.07089552238805963,511010,-0.0032186138503017547,最佳行业/主题 ETF 动量为正，持有该 ETF
mom_1m,21,weekly,2017-11-17,159928,消费ETF汇添富,sector,消费,0.07050092764378468,159928,0.07050092764378468,511010,-0.0038496038271790267,最佳行业/主题 ETF 动量为正，持有该 ETF
mom_1m,21,weekly,2017-11-24,512800,银行ETF华宝,sector,银行,0.06438631790744465,512800,0.06438631790744465,511010,-0.005522638136156499,最佳行业/主题 ETF 动量为正，持有该 ETF
mom_1m,21,weekly,2017-12-01,512800,银行ETF华宝,sector,银行,0.03427419354838723,512800,0.03427419354838723,511010,0.0010418817698849558,最佳行业/主题 ETF 动量为正，持有该 ETF
mom_1m,21,weekly,2017-12-08,512800,银行ETF华宝,sector,银行,0.026104417670682833,512800,0.026104417670682833,511010,0.0001781094154260643,最佳行业/主题 ETF 动量为正，持有该 ETF
mom_1m,21,weekly,2017-12-15,512800,银行ETF华宝,sector,银行,0.006036217303822866,512800,0.006036217303822866,511010,0.0011072015012900671,最佳行业/主题 ETF 动量为正，持有该 ETF
mom_1m,21,weekly,2017-12-22,159928,消费ETF汇添富,sector,消费,0.05357142857142838,159928,0.05357142857142838,511010,0.0066881440871153774,最佳行业/主题 ETF 动量为正，持有该 ETF
mom_1m,21,weekly,2017-12-29,159928,消费ETF汇添富,sector,消费,0.09586466165413521,159928,0.09586466165413521,511260,0.003096105646706926,最佳行业/主题 ETF 动量为正，持有该 ETF
mom_1m,21,weekly,2018-01-05,159928,消费ETF汇添富,sector,消费,0.12037037037037024,159928,0.12037037037037024,511010,0.006656623670087569,最佳行业/主题 ETF 动量为正，持有该 ETF
mom_1m,21,weekly,2018-01-12,159928,消费ETF汇添富,sector,消费,0.10207612456747417,159928,0.10207612456747417,511010,0.0033384911145495355,最佳行业/主题 ETF 动量为正，持有该 ETF
mom_1m,21,weekly,2018-01-19,512800,银行ETF华宝,sector,银行,0.11220472440944862,512800,0.11220472440944862,511010,0.000346299277451223,最佳行业/主题 ETF 动量为正，持有该 ETF
mom_1m,21,weekly,2018-01-26,512880,证券ETF国泰,sector,证券,0.13833157338965174,512880,0.13833157338965174,511010,0.0031048639751609652,最佳行业/主题 ETF 动量为正，持有该 ETF
mom_1m,21,weekly,2018-02-02,512800,银行ETF华宝,sector,银行,0.11262135922330074,512800,0.11262135922330074,511010,0.0031428892131553088,最佳行业/主题 ETF 动量为正，持有该 ETF
mom_1m,21,weekly,2018-02-09,512800,银行ETF华宝,sector,银行,0.00379506641366234,512800,0.00379506641366234,511010,0.007652369147294058,最佳行业/主题 ETF 动量为正，持有该 ETF
mom_1m,21,weekly,2018-02-14,511260,十年国债ETF国泰,defensive,十年国债,0.010863729669982503,512800,-0.01848428835489835,511260,0.010863729669982503,最佳行业/主题 ETF 动量为负或不可用，切换到正动量防守资产
mom_1m,21,weekly,2018-02-23,511260,十年国债ETF国泰,defensive,十年国债,0.009468778337797135,512400,-0.0055248618784530246,511260,0.009468778337797135,最佳行业/主题 ETF 动量为负或不可用，切换到正动量防守资产
mom_1m,21,weekly,2018-03-02,511260,十年国债ETF国泰,defensive,十年国债,0.01554469626758781,512010,-0.04662004662004671,511260,0.01554469626758781,最佳行业/主题 ETF 动量为负或不可用，切换到正动量防守资产
mom_1m,21,weekly,2018-03-09,512010,医药ETF易方达,sector,医药,0.06537530266343827,512010,0.06537530266343827,511260,0.011713738932935147,最佳行业/主题 ETF 动量为正，持有该 ETF
mom_1m,21,weekly,2018-03-16,512010,医药ETF易方达,sector,医药,0.09749999999999992,512010,0.09749999999999992,511010,0.007227815914234936,最佳行业/主题 ETF 动量为正，持有该 ETF
mom_1m,21,weekly,2018-03-23,512010,医药ETF易方达,sector,医药,0.09605911330049266,512010,0.09605911330049266,511260,0.014519094175649672,最佳行业/主题 ETF 动量为正，持有该 ETF
mom_1m,21,weekly,2018-03-30,512010,医药ETF易方达,sector,医药,0.12195121951219523,512010,0.12195121951219523,511010,0.0028921496156120163,最佳行业/主题 ETF 动量为正，持有该 ETF
mom_1m,21,weekly,2018-04-04,512010,医药ETF易方达,sector,医药,0.08313539192399055,512010,0.08313539192399055,511260,0.0064736334305068866,最佳行业/主题 ETF 动量为正，持有该 ETF
mom_1m,21,weekly,2018-04-13,512660,军工ETF国泰,sector,军工,0.04523227383863082,512660,0.04523227383863082,511260,0.01289168901919191,最佳行业/主题 ETF 动量为正，持有该 ETF
mom_1m,21,weekly,2018-04-20,512660,军工ETF国泰,sector,军工,0.09529702970297027,512660,0.09529702970297027,511260,0.025130792227204823,最佳行业/主题 ETF 动量为正，持有该 ETF
mom_1m,21,weekly,2018-04-27,512660,军工ETF国泰,sector,军工,0.01200480192076836,512660,0.01200480192076836,511260,0.021097046413502074,最佳行业/主题 ETF 动量为正，持有该 ETF
mom_1m,21,weekly,2018-05-04,512010,医药ETF易方达,sector,医药,0.01739130434782621,512010,0.01739130434782621,511260,0.016763011757892965,最佳行业/主题 ETF 动量为正，持有该 ETF
mom_1m,21,weekly,2018-05-11,512010,医药ETF易方达,sector,医药,0.05434782608695654,512010,0.05434782608695654,511260,0.005643097227789884,最佳行业/主题 ETF 动量为正，持有该 ETF
mom_1m,21,weekly,2018-05-18,512010,医药ETF易方达,sector,医药,0.14189189189189189,512010,0.14189189189189189,511010,0.00039331186887148206,最佳行业/主题 ETF 动量为正，持有该 ETF
mom_1m,21,weekly,2018-05-25,512010,医药ETF易方达,sector,医药,0.1785714285714286,512010,0.1785714285714286,511010,0.0021993867270204692,最佳行业/主题 ETF 动量为正，持有该 ETF
mom_1m,21,weekly,2018-06-01,159928,消费ETF汇添富,sector,消费,0.12065813528336378,159928,0.12065813528336378,511260,0.006046047676241395,最佳行业/主题 ETF 动量为正，持有该 ETF
mom_1m,21,weekly,2018-06-08,159928,消费ETF汇添富,sector,消费,0.041450777202072686,159928,0.041450777202072686,511260,0.005207907014815438,最佳行业/主题 ETF 动量为正，持有该 ETF
mom_1m,21,weekly,2018-06-15,159928,消费ETF汇添富,sector,消费,0.028960817717206266,159928,0.028960817717206266,511260,0.006763116968159233,最佳行业/主题 ETF 动量为正，持有该 ETF
mom_1m,21,weekly,2018-06-22,159928,消费ETF汇添富,sector,消费,0.012048192771084265,159928,0.012048192771084265,511260,0.009057897099024936,最佳行业/主题 ETF 动量为正，持有该 ETF
mom_1m,21,weekly,2018-06-29,511010,国债ETF国泰,defensive,国债,0.006559353931044676,159928,-0.04067796610169494,511010,0.006559353931044676,最佳行业/主题 ETF 动量为负或不可用，切换到正动量防守资产
mom_1m,21,weekly,2018-07-06,511260,十年国债ETF国泰,defensive,十年国债,0.010486602705827464,512660,-0.08026315789473693,511260,0.010486602705827464,最佳行业/主题 ETF 动量为负或不可用，切换到正动量防守资产
mom_1m,21,weekly,2018-07-13,511260,十年国债ETF国泰,defensive,十年国债,0.01323330313425708,512010,0.0,511260,0.01323330313425708,最佳行业/主题 ETF 动量为负或不可用，切换到正动量防守资产
mom_1m,21,weekly,2018-07-20,512660,军工ETF国泰,sector,军工,0.09370199692780323,512660,0.09370199692780323,511260,0.015192027224112836,最佳行业/主题 ETF 动量为正，持有该 ETF
mom_1m,21,weekly,2018-07-27,512660,军工ETF国泰,sector,军工,0.09090909090909083,512660,0.09090909090909083,511010,0.009127168843496403,最佳行业/主题 ETF 动量为正，持有该 ETF
mom_1m,21,weekly,2018-08-03,512800,银行ETF华宝,sector,银行,0.05568445475638062,512800,0.05568445475638062,511010,0.008130891950689056,最佳行业/主题 ETF 动量为正，持有该 ETF
mom_1m,21,weekly,2018-08-10,512800,银行ETF华宝,sector,银行,0.0354767184035476,512800,0.0354767184035476,511010,0.007965702971016508,最佳行业/主题 ETF 动量为正，持有该 ETF
mom_1m,21,weekly,2018-08-17,512800,银行ETF华宝,sector,银行,0.015909090909090873,512800,0.015909090909090873,511010,-0.006900164375643447,最佳行业/主题 ETF 动量为正，持有该 ETF
mom_1m,21,weekly,2018-08-24,CASH,空仓,cash,现金,0.0,512800,0.0,511010,-0.003576137410370772,行业和防守资产均无正动量，空仓
mom_1m,21,weekly,2018-08-31,512800,银行ETF华宝,sector,银行,0.026373626373626502,512800,0.026373626373626502,511010,-0.0030417292860934753,最佳行业/主题 ETF 动量为正，持有该 ETF
mom_1m,21,weekly,2018-09-07,512660,军工ETF国泰,sector,军工,0.06065088757396442,512660,0.06065088757396442,511010,-0.00571552011233023,最佳行业/主题 ETF 动量为正，持有该 ETF
mom_1m,21,weekly,2018-09-14,512660,军工ETF国泰,sector,军工,0.06268656716417897,512660,0.06268656716417897,511010,-0.0027098802232941033,最佳行业/主题 ETF 动量为正，持有该 ETF
mom_1m,21,weekly,2018-09-21,512800,银行ETF华宝,sector,银行,0.07002188183807423,512800,0.07002188183807423,511010,0.003712275924665276,最佳行业/主题 ETF 动量为正，持有该 ETF
mom_1m,21,weekly,2018-09-28,512800,银行ETF华宝,sector,银行,0.05330490405117283,512800,0.05330490405117283,511010,0.003959715768347527,最佳行业/主题 ETF 动量为正，持有该 ETF
mom_1m,21,weekly,2018-10-12,512800,银行ETF华宝,sector,银行,0.015118790496760237,512800,0.015118790496760237,511010,0.007133686551780372,最佳行业/主题 ETF 动量为正，持有该 ETF
mom_1m,21,weekly,2018-10-19,512800,银行ETF华宝,sector,银行,0.0393013100436681,512800,0.0393013100436681,511260,0.013113328682499592,最佳行业/主题 ETF 动量为正，持有该 ETF
mom_1m,21,weekly,2018-10-26,512800,银行ETF华宝,sector,银行,0.046908315565032055,512800,0.046908315565032055,511010,0.010940839763793786,最佳行业/主题 ETF 动量为正，持有该 ETF
mom_1m,21,weekly,2018-11-02,512880,证券ETF国泰,sector,证券,0.07756232686980624,512880,0.07756232686980624,511260,0.012893347838349722,最佳行业/主题 ETF 动量为正，持有该 ETF
mom_1m,21,weekly,2018-11-09,512880,证券ETF国泰,sector,证券,0.14791987673343598,512880,0.14791987673343598,511260,0.011936857930343159,最佳行业/主题 ETF 动量为正，持有该 ETF
mom_1m,21,weekly,2018-11-16,512880,证券ETF国泰,sector,证券,0.3001605136436598,512880,0.3001605136436598,511260,0.018144738025972496,最佳行业/主题 ETF 动量为正，持有该 ETF
mom_1m,21,weekly,2018-11-23,512980,传媒ETF广发,sector,传媒,0.05263157894736836,512980,0.05263157894736836,511260,0.015103933004336545,最佳行业/主题 ETF 动量为正，持有该 ETF
mom_1m,21,weekly,2018-11-30,159928,消费ETF汇添富,sector,消费,0.04608294930875578,159928,0.04608294930875578,511260,0.011092667508225018,最佳行业/主题 ETF 动量为正，持有该 ETF
mom_1m,21,weekly,2018-12-07,159928,消费ETF汇添富,sector,消费,0.03811659192825112,159928,0.03811659192825112,511260,0.014648244190189619,最佳行业/主题 ETF 动量为正，持有该 ETF
mom_1m,21,weekly,2018-12-14,159928,消费ETF汇添富,sector,消费,0.0331858407079646,159928,0.0331858407079646,511260,0.004633683237085018,最佳行业/主题 ETF 动量为正，持有该 ETF
mom_1m,21,weekly,2018-12-21,511260,十年国债ETF国泰,defensive,十年国债,0.007347018956880502,159928,-0.006637168141592875,511260,0.007347018956880502,最佳行业/主题 ETF 动量为负或不可用，切换到正动量防守资产
mom_1m,21,weekly,2018-12-28,159928,消费ETF汇添富,sector,消费,0.020224719101123556,159928,0.020224719101123556,511010,0.01667127774455812,最佳行业/主题 ETF 动量为正，持有该 ETF
mom_1m,21,weekly,2019-01-04,511010,国债ETF国泰,defensive,国债,0.012017884603418683,512880,-0.01754385964912286,511010,0.012017884603418683,最佳行业/主题 ETF 动量为负或不可用，切换到正动量防守资产
mom_1m,21,weekly,2019-01-11,512660,军工ETF国泰,sector,军工,0.024653312788905923,512660,0.024653312788905923,511260,0.005156143593734619,最佳行业/主题 ETF 动量为正，持有该 ETF
mom_1m,21,weekly,2019-01-18,512880,证券ETF国泰,sector,证券,0.0660377358490567,512880,0.0660377358490567,511260,0.016627078384797933,最佳行业/主题 ETF 动量为正，持有该 ETF
mom_1m,21,weekly,2019-01-25,512880,证券ETF国泰,sector,证券,0.10875706214689274,512880,0.10875706214689274,511260,0.007877628316510732,最佳行业/主题 ETF 动量为正，持有该 ETF
mom_1m,21,weekly,2019-02-01,159928,消费ETF汇添富,sector,消费,0.12641083521444685,159928,0.12641083521444685,511010,0.004487698426665743,最佳行业/主题 ETF 动量为正，持有该 ETF
mom_1m,21,weekly,2019-02-15,159928,消费ETF汇添富,sector,消费,0.15824175824175835,159928,0.15824175824175835,511260,0.005690671363728805,最佳行业/主题 ETF 动量为正，持有该 ETF
mom_1m,21,weekly,2019-02-22,512880,证券ETF国泰,sector,证券,0.2432778489116516,512880,0.2432778489116516,511010,0.0011842624676519087,最佳行业/主题 ETF 动量为正，持有该 ETF
mom_1m,21,weekly,2019-03-01,512880,证券ETF国泰,sector,证券,0.32061068702290085,512880,0.32061068702290085,511010,-0.0009047071120520389,最佳行业/主题 ETF 动量为正，持有该 ETF
mom_1m,21,weekly,2019-03-08,512980,传媒ETF广发,sector,传媒,0.34627329192546585,512980,0.34627329192546585,511260,-0.0011112506884922713,最佳行业/主题 ETF 动量为正，持有该 ETF
mom_1m,21,weekly,2019-03-15,512980,传媒ETF广发,sector,传媒,0.2371428571428571,512980,0.2371428571428571,511260,-0.0024762253461416694,最佳行业/主题 ETF 动量为正，持有该 ETF
mom_1m,21,weekly,2019-03-22,512980,传媒ETF广发,sector,传媒,0.2731034482758621,512980,0.2731034482758621,511260,0.0025015211953214322,最佳行业/主题 ETF 动量为正，持有该 ETF
mom_1m,21,weekly,2019-03-29,159928,消费ETF汇添富,sector,消费,0.15452930728241587,159928,0.15452930728241587,511260,0.008434646035716309,最佳行业/主题 ETF 动量为正，持有该 ETF
mom_1m,21,weekly,2019-04-04,159928,消费ETF汇添富,sector,消费,0.18803418803418803,159928,0.18803418803418803,511010,0.001637871823321202,最佳行业/主题 ETF 动量为正，持有该 ETF
mom_1m,21,weekly,2019-04-12,159928,消费ETF汇添富,sector,消费,0.17338003502626997,159928,0.17338003502626997,511010,-0.0033577399421623744,最佳行业/主题 ETF 动量为正，持有该 ETF
mom_1m,21,weekly,2019-04-19,159928,消费ETF汇添富,sector,消费,0.09409888357256779,159928,0.09409888357256779,511010,-0.0038340456216254815,最佳行业/主题 ETF 动量为正，持有该 ETF
mom_1m,21,weekly,2019-04-26,159928,消费ETF汇添富,sector,消费,0.10406504065040667,159928,0.10406504065040667,511010,-0.006670055744486869,最佳行业/主题 ETF 动量为正，持有该 ETF
mom_1m,21,weekly,2019-04-30,159928,消费ETF汇添富,sector,消费,0.06461538461538452,159928,0.06461538461538452,511010,-0.006813444730527474,最佳行业/主题 ETF 动量为正，持有该 ETF
mom_1m,21,weekly,2019-05-10,511010,国债ETF国泰,defensive,国债,0.002212272382732028,159928,-0.0521861777150916,511010,0.002212272382732028,最佳行业/主题 ETF 动量为负或不可用，切换到正动量防守资产
mom_1m,21,weekly,2019-05-17,159928,消费ETF汇添富,sector,消费,0.0704647676161918,159928,0.0704647676161918,511260,0.011118083062080952,最佳行业/主题 ETF 动量为正，持有该 ETF
mom_1m,21,weekly,2019-05-24,511260,十年国债ETF国泰,defensive,十年国债,0.009269169211433281,159928,-0.033625730994152114,511260,0.009269169211433281,最佳行业/主题 ETF 动量为负或不可用，切换到正动量防守资产
mom_1m,21,weekly,2019-05-31,512400,有色金属ETF南方,sector,有色金属,0.021207177814029476,512400,0.021207177814029476,511260,0.01404168224666913,最佳行业/主题 ETF 动量为正，持有该 ETF
mom_1m,21,weekly,2019-06-06,512400,有色金属ETF南方,sector,有色金属,0.04490500863557867,512400,0.04490500863557867,511260,0.012545433227810987,最佳行业/主题 ETF 动量为正，持有该 ETF
mom_1m,21,weekly,2019-06-14,512400,有色金属ETF南方,sector,有色金属,0.06960950764006801,512400,0.06960950764006801,511260,0.006178356324072265,最佳行业/主题 ETF 动量为正，持有该 ETF
mom_1m,21,weekly,2019-06-21,512690,酒ETF鹏华,sector,白酒/酒,0.12142857142857122,512690,0.12142857142857122,511260,0.006826469587202899,最佳行业/主题 ETF 动量为正，持有该 ETF
mom_1m,21,weekly,2019-06-28,512690,酒ETF鹏华,sector,白酒/酒,0.30935251798561136,512690,0.30935251798561136,511260,0.006961188457649703,最佳行业/主题 ETF 动量为正，持有该 ETF
mom_1m,21,weekly,2019-07-05,512690,酒ETF鹏华,sector,白酒/酒,0.7964601769911506,512690,0.7964601769911506,511010,0.004117852771463593,最佳行业/主题 ETF 动量为正，持有该 ETF
mom_1m,21,weekly,2019-07-12,512690,酒ETF鹏华,sector,白酒/酒,0.4962406015037595,512690,0.4962406015037595,511010,0.006300495977847653,最佳行业/主题 ETF 动量为正，持有该 ETF
mom_1m,21,weekly,2019-07-19,512690,酒ETF鹏华,sector,白酒/酒,0.20394736842105265,512690,0.20394736842105265,511260,0.006509687264579345,最佳行业/主题 ETF 动量为正，持有该 ETF
mom_1m,21,weekly,2019-07-26,512660,军工ETF国泰,sector,军工,0.041499330655957234,512660,0.041499330655957234,511260,0.006851168273969366,最佳行业/主题 ETF 动量为正，持有该 ETF
mom_1m,21,weekly,2019-08-02,512480,半导体ETF国联安,sector,半导体,0.03784860557768921,512480,0.03784860557768921,511260,0.003560255647467425,最佳行业/主题 ETF 动量为正，持有该 ETF
mom_1m,21,weekly,2019-08-09,512400,有色金属ETF南方,sector,有色金属,0.021035598705501535,512400,0.021035598705501535,511260,0.015444646272429363,最佳行业/主题 ETF 动量为正，持有该 ETF
mom_1m,21,weekly,2019-08-16,512170,医疗ETF华宝,sector,医疗,0.05113636363636376,512170,0.05113636363636376,511260,0.013196917200142044,最佳行业/主题 ETF 动量为正，持有该 ETF
mom_1m,21,weekly,2019-08-23,512690,酒ETF鹏华,sector,白酒/酒,0.13888888888888884,512690,0.13888888888888884,511260,0.009167970662493863,最佳行业/主题 ETF 动量为正，持有该 ETF
mom_1m,21,weekly,2019-08-30,512690,酒ETF鹏华,sector,白酒/酒,0.36363636363636354,512690,0.36363636363636354,511260,0.009481717254999689,最佳行业/主题 ETF 动量为正，持有该 ETF
mom_1m,21,weekly,2019-09-06,512690,酒ETF鹏华,sector,白酒/酒,0.32515337423312873,512690,0.32515337423312873,511010,0.0034208019398977996,最佳行业/主题 ETF 动量为正，持有该 ETF
mom_1m,21,weekly,2019-09-12,512480,半导体ETF国联安,sector,半导体,0.23391812865497075,512480,0.23391812865497075,511010,-0.002684876633803568,最佳行业/主题 ETF 动量为正，持有该 ETF
mom_1m,21,weekly,2019-09-20,512480,半导体ETF国联安,sector,半导体,0.1844484629294756,512480,0.1844484629294756,511010,2.5954026767305294e-05,最佳行业/主题 ETF 动量为正，持有该 ETF
mom_1m,21,weekly,2019-09-27,512480,半导体ETF国联安,sector,半导体,0.10971223021582732,512480,0.10971223021582732,511010,-0.0006836038904848296,最佳行业/主题 ETF 动量为正，持有该 ETF
mom_1m,21,weekly,2019-09-30,512480,半导体ETF国联安,sector,半导体,0.06902654867256652,512480,0.06902654867256652,511010,0.0011159748775888545,最佳行业/主题 ETF 动量为正，持有该 ETF
mom_1m,21,weekly,2019-10-11,512170,医疗ETF华宝,sector,医疗,0.06393861892583108,512170,0.06393861892583108,511010,0.0021928494041170143,最佳行业/主题 ETF 动量为正，持有该 ETF
mom_1m,21,weekly,2019-10-18,512170,医疗ETF华宝,sector,医疗,0.07070707070707072,512170,0.07070707070707072,511010,-0.0005620649401184563,最佳行业/主题 ETF 动量为正，持有该 ETF
mom_1m,21,weekly,2019-10-25,512800,银行ETF华宝,sector,银行,0.06439393939393945,512800,0.06439393939393945,511010,4.327730365072391e-05,最佳行业/主题 ETF 动量为正，持有该 ETF
mom_1m,21,weekly,2019-11-01,512010,医药ETF易方达,sector,医药,0.09545454545454546,512010,0.09545454545454546,511010,-0.0020159545934347323,最佳行业/主题 ETF 动量为正，持有该 ETF
mom_1m,21,weekly,2019-11-08,512010,医药ETF易方达,sector,医药,0.07743362831858391,512010,0.07743362831858391,511010,-0.002506633936365965,最佳行业/主题 ETF 动量为正，持有该 ETF
mom_1m,21,weekly,2019-11-15,512690,酒ETF鹏华,sector,白酒/酒,0.10849056603773577,512690,0.10849056603773577,511010,-8.646405257017875e-05,最佳行业/主题 ETF 动量为正，持有该 ETF
mom_1m,21,weekly,2019-11-22,512690,酒ETF鹏华,sector,白酒/酒,0.1957671957671958,512690,0.1957671957671958,511010,0.004381293780467699,最佳行业/主题 ETF 动量为正，持有该 ETF
mom_1m,21,weekly,2019-11-29,512690,酒ETF鹏华,sector,白酒/酒,0.03846153846153855,512690,0.03846153846153855,511260,0.009143727056375006,最佳行业/主题 ETF 动量为正，持有该 ETF
mom_1m,21,weekly,2019-12-06,512480,半导体ETF国联安,sector,半导体,0.11986863711001661,512480,0.11986863711001661,511260,0.009277418858637088,最佳行业/主题 ETF 动量为正，持有该 ETF
mom_1m,21,weekly,2019-12-13,512480,半导体ETF国联安,sector,半导体,0.15118110236220472,512480,0.15118110236220472,511260,0.004897075171541365,最佳行业/主题 ETF 动量为正，持有该 ETF
mom_1m,21,weekly,2019-12-20,512480,半导体ETF国联安,sector,半导体,0.12618296529968442,512480,0.12618296529968442,511010,0.001542744361226367,最佳行业/主题 ETF 动量为正，持有该 ETF
mom_1m,21,weekly,2019-12-27,512480,半导体ETF国联安,sector,半导体,0.15322580645161277,512480,0.15322580645161277,511010,0.009497929606625322,最佳行业/主题 ETF 动量为正，持有该 ETF
mom_1m,21,weekly,2020-01-03,512980,传媒ETF广发,sector,传媒,0.17195767195767186,512980,0.17195767195767186,511260,0.005106755971379329,最佳行业/主题 ETF 动量为正，持有该 ETF
mom_1m,21,weekly,2020-01-10,512690,酒ETF鹏华,sector,白酒/酒,0.18018018018018012,512690,0.18018018018018012,511260,0.010735669882918408,最佳行业/主题 ETF 动量为正，持有该 ETF
mom_1m,21,weekly,2020-01-17,512690,酒ETF鹏华,sector,白酒/酒,0.15652173913043477,512690,0.15652173913043477,511260,0.012758515233762813,最佳行业/主题 ETF 动量为正，持有该 ETF
mom_1m,21,weekly,2020-01-23,512480,半导体ETF国联安,sector,半导体,0.28832630098452894,512480,0.28832630098452894,511260,0.013792645188236863,最佳行业/主题 ETF 动量为正，持有该 ETF
mom_1m,21,weekly,2020-02-07,512480,半导体ETF国联安,sector,半导体,0.285913528591353,512480,0.285913528591353,511260,0.02424104691021345,最佳行业/主题 ETF 动量为正，持有该 ETF
mom_1m,21,weekly,2020-02-14,512480,半导体ETF国联安,sector,半导体,0.3515731874145007,512480,0.3515731874145007,511260,0.02594388769962297,最佳行业/主题 ETF 动量为正，持有该 ETF
mom_1m,21,weekly,2020-02-21,512480,半导体ETF国联安,sector,半导体,0.3688622754491018,512480,0.3688622754491018,511260,0.01920444138113364,最佳行业/主题 ETF 动量为正，持有该 ETF
mom_1m,21,weekly,2020-02-28,512480,半导体ETF国联安,sector,半导体,0.09580193756727651,512480,0.09580193756727651,511260,0.022260627806060196,最佳行业/主题 ETF 动量为正，持有该 ETF
mom_1m,21,weekly,2020-03-06,512690,酒ETF鹏华,sector,白酒/酒,0.2432432432432432,512690,0.2432432432432432,511260,0.015461388191943426,最佳行业/主题 ETF 动量为正，持有该 ETF
mom_1m,21,weekly,2020-03-13,512880,证券ETF国泰,sector,证券,0.0843116328708644,512880,0.0843116328708644,511260,0.010976228940687616,最佳行业/主题 ETF 动量为正，持有该 ETF
mom_1m,21,weekly,2020-03-20,511260,十年国债ETF国泰,defensive,十年国债,0.010210143313284181,512170,-0.0663983903420523,511260,0.010210143313284181,最佳行业/主题 ETF 动量为负或不可用，切换到正动量防守资产
mom_1m,21,weekly,2020-03-27,512010,医药ETF易方达,sector,医药,0.0020366598778003286,512010,0.0020366598778003286,511260,0.012241323685302063,最佳行业/主题 ETF 动量为正，持有该 ETF
mom_1m,21,weekly,2020-04-03,511010,国债ETF国泰,defensive,国债,0.010368818105616073,512010,-0.04069767441860472,511010,0.010368818105616073,最佳行业/主题 ETF 动量为负或不可用，切换到正动量防守资产
mom_1m,21,weekly,2020-04-10,512010,医药ETF易方达,sector,医药,0.028056112224448926,512010,0.028056112224448926,511010,0.01401686025665616,最佳行业/主题 ETF 动量为正，持有该 ETF
mom_1m,21,weekly,2020-04-17,512690,酒ETF鹏华,sector,白酒/酒,0.3694267515923566,512690,0.3694267515923566,511010,0.02596650295932501,最佳行业/主题 ETF 动量为正，持有该 ETF
mom_1m,21,weekly,2020-04-24,512690,酒ETF鹏华,sector,白酒/酒,0.34285714285714297,512690,0.34285714285714297,511010,0.029526555513768704,最佳行业/主题 ETF 动量为正，持有该 ETF
mom_1m,21,weekly,2020-04-30,512690,酒ETF鹏华,sector,白酒/酒,0.2872340425531914,512690,0.2872340425531914,511010,0.026900769186089857,最佳行业/主题 ETF 动量为正，持有该 ETF
mom_1m,21,weekly,2020-05-08,512690,酒ETF鹏华,sector,白酒/酒,0.3862433862433863,512690,0.3862433862433863,511010,0.017189742568671784,最佳行业/主题 ETF 动量为正，持有该 ETF
mom_1m,21,weekly,2020-05-15,512690,酒ETF鹏华,sector,白酒/酒,0.34449760765550264,512690,0.34449760765550264,511010,0.008851882872674244,最佳行业/主题 ETF 动量为正，持有该 ETF
mom_1m,21,weekly,2020-05-22,512690,酒ETF鹏华,sector,白酒/酒,0.26363636363636367,512690,0.26363636363636367,511010,0.0016775914696518512,最佳行业/主题 ETF 动量为正，持有该 ETF
mom_1m,21,weekly,2020-05-29,512690,酒ETF鹏华,sector,白酒/酒,0.35930735930735924,512690,0.35930735930735924,511260,-0.01586348978860619,最佳行业/主题 ETF 动量为正，持有该 ETF
mom_1m,21,weekly,2020-06-05,512690,酒ETF鹏华,sector,白酒/酒,0.33984375,512690,0.33984375,511260,-0.021210017043763685,最佳行业/主题 ETF 动量为正，持有该 ETF
mom_1m,21,weekly,2020-06-12,512690,酒ETF鹏华,sector,白酒/酒,0.20629370629370625,512690,0.20629370629370625,511260,-0.005542229975287083,最佳行业/主题 ETF 动量为正，持有该 ETF
mom_1m,21,weekly,2020-06-19,512690,酒ETF鹏华,sector,白酒/酒,0.1727574750830565,512690,0.1727574750830565,511260,-0.013605627410937071,最佳行业/主题 ETF 动量为正，持有该 ETF
mom_1m,21,weekly,2020-06-24,512690,酒ETF鹏华,sector,白酒/酒,0.25913621262458486,512690,0.25913621262458486,511260,-0.011517257691817773,最佳行业/主题 ETF 动量为正，持有该 ETF
mom_1m,21,weekly,2020-07-03,512690,酒ETF鹏华,sector,白酒/酒,0.40312499999999996,512690,0.40312499999999996,511260,-0.00423996556745021,最佳行业/主题 ETF 动量为正，持有该 ETF
mom_1m,21,weekly,2020-07-10,512690,酒ETF鹏华,sector,白酒/酒,0.45868945868945876,512690,0.45868945868945876,511010,-0.014183217911093005,最佳行业/主题 ETF 动量为正，持有该 ETF
mom_1m,21,weekly,2020-07-17,512690,酒ETF鹏华,sector,白酒/酒,0.43313953488372103,512690,0.43313953488372103,511010,-0.00560118868743531,最佳行业/主题 ETF 动量为正，持有该 ETF
mom_1m,21,weekly,2020-07-24,512660,军工ETF国泰,sector,军工,0.2938331318016929,512660,0.2938331318016929,511010,0.008085912823752484,最佳行业/主题 ETF 动量为正，持有该 ETF
mom_1m,21,weekly,2020-07-31,512660,军工ETF国泰,sector,军工,0.2724056603773586,512660,0.2724056603773586,511010,-0.004497650855222468,最佳行业/主题 ETF 动量为正，持有该 ETF
mom_1m,21,weekly,2020-08-07,512660,军工ETF国泰,sector,军工,0.19980787704130654,512660,0.19980787704130654,511260,0.008837614687497108,最佳行业/主题 ETF 动量为正，持有该 ETF
mom_1m,21,weekly,2020-08-14,512660,军工ETF国泰,sector,军工,0.24481327800829877,512660,0.24481327800829877,511260,-0.0010011123470521355,最佳行业/主题 ETF 动量为正，持有该 ETF
mom_1m,21,weekly,2020-08-21,512660,军工ETF国泰,sector,军工,0.04215246636771286,512660,0.04215246636771286,511260,-0.007826921656944541,最佳行业/主题 ETF 动量为正，持有该 ETF
mom_1m,21,weekly,2020-08-28,512690,酒ETF鹏华,sector,白酒/酒,0.2290076335877862,512690,0.2290076335877862,511260,-0.010361541812250352,最佳行业/主题 ETF 动量为正，持有该 ETF
mom_1m,21,weekly,2020-09-04,512690,酒ETF鹏华,sector,白酒/酒,0.22178217821782176,512690,0.22178217821782176,511260,-0.003293685402015134,最佳行业/主题 ETF 动量为正，持有该 ETF
mom_1m,21,weekly,2020-09-11,512690,酒ETF鹏华,sector,白酒/酒,0.2295081967213115,512690,0.2295081967213115,511260,-0.003842833672133894,最佳行业/主题 ETF 动量为正，持有该 ETF
mom_1m,21,weekly,2020-09-18,512690,酒ETF鹏华,sector,白酒/酒,0.1142857142857141,512690,0.1142857142857141,511260,-0.0009864319082804052,最佳行业/主题 ETF 动量为正，持有该 ETF
mom_1m,21,weekly,2020-09-25,511260,十年国债ETF国泰,defensive,十年国债,0.004631488519324378,515220,-0.0051679586563307955,511260,0.004631488519324378,最佳行业/主题 ETF 动量为负或不可用，切换到正动量防守资产
mom_1m,21,weekly,2020-09-30,511260,十年国债ETF国泰,defensive,十年国债,0.0006619861449097542,515030,-0.012578616352201255,511260,0.0006619861449097542,最佳行业/主题 ETF 动量为负或不可用，切换到正动量防守资产
mom_1m,21,weekly,2020-10-09,515030,新能源车ETF华夏,sector,新能源车,0.047576301615798844,515030,0.047576301615798844,511260,0.0007283049169919398,最佳行业/主题 ETF 动量为正，持有该 ETF
mom_1m,21,weekly,2020-10-16,515030,新能源车ETF华夏,sector,新能源车,0.16798418972332008,515030,0.16798418972332008,511010,-0.0005090569719593541,最佳行业/主题 ETF 动量为正，持有该 ETF
mom_1m,21,weekly,2020-10-23,515030,新能源车ETF华夏,sector,新能源车,0.08864265927977844,515030,0.08864265927977844,511010,0.0012542479173554,最佳行业/主题 ETF 动量为正，持有该 ETF
mom_1m,21,weekly,2020-10-30,512690,酒ETF鹏华,sector,白酒/酒,0.17437722419928825,512690,0.17437722419928825,511010,-0.0018648844784230345,最佳行业/主题 ETF 动量为正，持有该 ETF
mom_1m,21,weekly,2020-11-06,515030,新能源车ETF华夏,sector,新能源车,0.256596906278435,515030,0.256596906278435,511010,0.0018301362434758328,最佳行业/主题 ETF 动量为正，持有该 ETF
mom_1m,21,weekly,2020-11-13,512690,酒ETF鹏华,sector,白酒/酒,0.15974440894568676,512690,0.15974440894568676,511010,0.0012838498490839179,最佳行业/主题 ETF 动量为正，持有该 ETF
mom_1m,21,weekly,2020-11-20,512690,酒ETF鹏华,sector,白酒/酒,0.1855828220858895,512690,0.1855828220858895,511260,-0.005300880991488732,最佳行业/主题 ETF 动量为正，持有该 ETF
mom_1m,21,weekly,2020-11-27,515220,煤炭ETF国泰,sector,煤炭,0.2409326424870466,515220,0.2409326424870466,511010,-0.002674702058504952,最佳行业/主题 ETF 动量为正，持有该 ETF
mom_1m,21,weekly,2020-12-04,515220,煤炭ETF国泰,sector,煤炭,0.1421568627450982,515220,0.1421568627450982,511010,-0.0029390154298309934,最佳行业/主题 ETF 动量为正，持有该 ETF
mom_1m,21,weekly,2020-12-11,515220,煤炭ETF国泰,sector,煤炭,0.11267605633802824,515220,0.11267605633802824,511010,-0.000660876932853216,最佳行业/主题 ETF 动量为正，持有该 ETF
mom_1m,21,weekly,2020-12-18,512690,酒ETF鹏华,sector,白酒/酒,0.2174496644295303,512690,0.2174496644295303,511010,0.00271094832201646,最佳行业/主题 ETF 动量为正，持有该 ETF
mom_1m,21,weekly,2020-12-25,515030,新能源车ETF华夏,sector,新能源车,0.2062084257206207,515030,0.2062084257206207,511010,0.005938494167550434,最佳行业/主题 ETF 动量为正，持有该 ETF
mom_1m,21,weekly,2020-12-31,512690,酒ETF鹏华,sector,白酒/酒,0.3555858310626703,512690,0.3555858310626703,511010,0.005756334935612228,最佳行业/主题 ETF 动量为正，持有该 ETF
mom_1m,21,weekly,2021-01-08,512690,酒ETF鹏华,sector,白酒/酒,0.3448702101359704,512690,0.3448702101359704,511010,0.006308854413657583,最佳行业/主题 ETF 动量为正，持有该 ETF
mom_1m,21,weekly,2021-01-15,515030,新能源车ETF华夏,sector,新能源车,0.18370165745856348,515030,0.18370165745856348,511260,0.012799505622606677,最佳行业/主题 ETF 动量为正，持有该 ETF
mom_1m,21,weekly,2021-01-22,512170,医疗ETF华宝,sector,医疗,0.22924901185770752,512170,0.22924901185770752,511260,0.012022287039114454,最佳行业/主题 ETF 动量为正，持有该 ETF
mom_1m,21,weekly,2021-01-29,512170,医疗ETF华宝,sector,医疗,0.1113989637305699,512170,0.1113989637305699,511010,0.0012142676448265721,最佳行业/主题 ETF 动量为正，持有该 ETF
mom_1m,21,weekly,2021-02-05,512800,银行ETF华宝,sector,银行,0.12412587412587417,512800,0.12412587412587417,511260,-0.0007158661980997127,最佳行业/主题 ETF 动量为正，持有该 ETF
mom_1m,21,weekly,2021-02-10,512170,医疗ETF华宝,sector,医疗,0.1298076923076923,512170,0.1298076923076923,511260,0.0,最佳行业/主题 ETF 动量为正，持有该 ETF
mom_1m,21,weekly,2021-02-19,512400,有色金属ETF南方,sector,有色金属,0.1631067961165047,512400,0.1631067961165047,511260,-0.0037498263969261147,最佳行业/主题 ETF 动量为正，持有该 ETF
mom_1m,21,weekly,2021-02-26,512400,有色金属ETF南方,sector,有色金属,0.02658111824014675,512400,0.02658111824014675,511010,-0.0025349606325650864,最佳行业/主题 ETF 动量为正，持有该 ETF
mom_1m,21,weekly,2021-03-05,515220,煤炭ETF国泰,sector,煤炭,0.10526315789473673,515220,0.10526315789473673,511010,0.005096453542245749,最佳行业/主题 ETF 动量为正，持有该 ETF
mom_1m,21,weekly,2021-03-12,515220,煤炭ETF国泰,sector,煤炭,0.19047619047619047,515220,0.19047619047619047,511010,0.0018157058556513839,最佳行业/主题 ETF 动量为正，持有该 ETF
mom_1m,21,weekly,2021-03-19,515220,煤炭ETF国泰,sector,煤炭,0.04081632653061229,515220,0.04081632653061229,511010,0.0020644965577680807,最佳行业/主题 ETF 动量为正，持有该 ETF
mom_1m,21,weekly,2021-03-26,511260,十年国债ETF国泰,defensive,十年国债,0.00107724596497083,515220,-0.006085192697768749,511260,0.00107724596497083,最佳行业/主题 ETF 动量为负或不可用，切换到正动量防守资产
mom_1m,21,weekly,2021-04-02,512690,酒ETF鹏华,sector,白酒/酒,0.14534161490683228,512690,0.14534161490683228,511260,0.00329919518224564,最佳行业/主题 ETF 动量为正，持有该 ETF
mom_1m,21,weekly,2021-04-09,512690,酒ETF鹏华,sector,白酒/酒,0.1478968792401627,512690,0.1478968792401627,511260,-0.0005926035667327412,最佳行业/主题 ETF 动量为正，持有该 ETF
mom_1m,21,weekly,2021-04-16,512690,酒ETF鹏华,sector,白酒/酒,0.15741935483870972,512690,0.15741935483870972,511260,0.009903105636223541,最佳行业/主题 ETF 动量为正，持有该 ETF
mom_1m,21,weekly,2021-04-23,512690,酒ETF鹏华,sector,白酒/酒,0.21914357682619645,512690,0.21914357682619645,511260,0.010413768801350143,最佳行业/主题 ETF 动量为正，持有该 ETF
mom_1m,21,weekly,2021-04-30,512690,酒ETF鹏华,sector,白酒/酒,0.1732377538829153,512690,0.1732377538829153,511260,0.0067178680484871744,最佳行业/主题 ETF 动量为正，持有该 ETF
mom_1m,21,weekly,2021-05-07,515220,煤炭ETF国泰,sector,煤炭,0.26190476190476186,515220,0.26190476190476186,511260,0.007364043091230732,最佳行业/主题 ETF 动量为正，持有该 ETF
mom_1m,21,weekly,2021-05-14,512010,医药ETF易方达,sector,医药,0.14872521246458947,512010,0.14872521246458947,511260,0.007211738491267328,最佳行业/主题 ETF 动量为正，持有该 ETF
mom_1m,21,weekly,2021-05-21,512690,酒ETF鹏华,sector,白酒/酒,0.14912280701754388,512690,0.14912280701754388,511010,0.009114855542083022,最佳行业/主题 ETF 动量为正，持有该 ETF
mom_1m,21,weekly,2021-05-28,512690,酒ETF鹏华,sector,白酒/酒,0.19851380042462852,512690,0.19851380042462852,511260,0.007176066302809758,最佳行业/主题 ETF 动量为正，持有该 ETF
mom_1m,21,weekly,2021-06-04,512690,酒ETF鹏华,sector,白酒/酒,0.2452229299363058,512690,0.2452229299363058,511260,0.008402743302627469,最佳行业/主题 ETF 动量为正，持有该 ETF
mom_1m,21,weekly,2021-06-11,515030,新能源车ETF华夏,sector,新能源车,0.262402088772846,515030,0.262402088772846,511260,0.004858470637938206,最佳行业/主题 ETF 动量为正，持有该 ETF
mom_1m,21,weekly,2021-06-18,512480,半导体ETF国联安,sector,半导体,0.21111111111111125,512480,0.21111111111111125,511260,0.0024197096348437253,最佳行业/主题 ETF 动量为正，持有该 ETF
mom_1m,21,weekly,2021-06-25,512480,半导体ETF国联安,sector,半导体,0.23471400394477326,512480,0.23471400394477326,511010,-0.001111581182755561,最佳行业/主题 ETF 动量为正，持有该 ETF
mom_1m,21,weekly,2021-07-02,512480,半导体ETF国联安,sector,半导体,0.1979458450046685,512480,0.1979458450046685,511010,0.00400635031460661,最佳行业/主题 ETF 动量为正，持有该 ETF
mom_1m,21,weekly,2021-07-09,515030,新能源车ETF华夏,sector,新能源车,0.2636412749864938,515030,0.2636412749864938,511260,0.011213178223788756,最佳行业/主题 ETF 动量为正，持有该 ETF
mom_1m,21,weekly,2021-07-16,512400,有色金属ETF南方,sector,有色金属,0.25404376784015237,512400,0.25404376784015237,511260,0.017235379233291104,最佳行业/主题 ETF 动量为正，持有该 ETF
mom_1m,21,weekly,2021-07-23,512400,有色金属ETF南方,sector,有色金属,0.2961254612546125,512400,0.2961254612546125,511260,0.017128919096689232,最佳行业/主题 ETF 动量为正，持有该 ETF
mom_1m,21,weekly,2021-07-30,512400,有色金属ETF南方,sector,有色金属,0.30414746543778803,512400,0.30414746543778803,511260,0.015944045767506188,最佳行业/主题 ETF 动量为正，持有该 ETF
mom_1m,21,weekly,2021-08-06,515790,光伏ETF华泰柏瑞,sector,光伏,0.23743627093954855,515790,0.23743627093954855,511260,0.014592530940146231,最佳行业/主题 ETF 动量为正，持有该 ETF
mom_1m,21,weekly,2021-08-13,515220,煤炭ETF国泰,sector,煤炭,0.20632530120481918,515220,0.20632530120481918,511010,0.006675127321873031,最佳行业/主题 ETF 动量为正，持有该 ETF
mom_1m,21,weekly,2021-08-20,512660,军工ETF国泰,sector,军工,0.1160862354892207,512660,0.1160862354892207,511010,0.006780914807052119,最佳行业/主题 ETF 动量为正，持有该 ETF
mom_1m,21,weekly,2021-08-27,515220,煤炭ETF国泰,sector,煤炭,0.28402366863905315,515220,0.28402366863905315,511260,0.0021704035874439143,最佳行业/主题 ETF 动量为正，持有该 ETF
mom_1m,21,weekly,2021-09-03,515220,煤炭ETF国泰,sector,煤炭,0.36734693877550995,515220,0.36734693877550995,511010,0.0011773555286651582,最佳行业/主题 ETF 动量为正，持有该 ETF
mom_1m,21,weekly,2021-09-10,515220,煤炭ETF国泰,sector,煤炭,0.3737373737373737,515220,0.3737373737373737,511260,0.003174176193678546,最佳行业/主题 ETF 动量为正，持有该 ETF
mom_1m,21,weekly,2021-09-17,515220,煤炭ETF国泰,sector,煤炭,0.37730870712401066,515220,0.37730870712401066,511260,-0.0017326224222774522,最佳行业/主题 ETF 动量为正，持有该 ETF
mom_1m,21,weekly,2021-09-24,515220,煤炭ETF国泰,sector,煤炭,0.25786163522012573,515220,0.25786163522012573,511010,-0.0005312019875126639,最佳行业/主题 ETF 动量为正，持有该 ETF
mom_1m,21,weekly,2021-09-30,512690,酒ETF鹏华,sector,白酒/酒,0.13076923076923075,512690,0.13076923076923075,511010,0.00400216067570236,最佳行业/主题 ETF 动量为正，持有该 ETF
mom_1m,21,weekly,2021-10-08,512690,酒ETF鹏华,sector,白酒/酒,0.202365308804205,512690,0.202365308804205,511010,0.0009398726676854707,最佳行业/主题 ETF 动量为正，持有该 ETF
mom_1m,21,weekly,2021-10-15,512690,酒ETF鹏华,sector,白酒/酒,0.13157894736842102,512690,0.13157894736842102,511010,-0.0012924123940712962,最佳行业/主题 ETF 动量为正，持有该 ETF
mom_1m,21,weekly,2021-10-22,159928,消费ETF汇添富,sector,消费,0.12971926427879965,159928,0.12971926427879965,511260,-0.0022757205701845473,最佳行业/主题 ETF 动量为正，持有该 ETF
mom_1m,21,weekly,2021-10-29,159928,消费ETF汇添富,sector,消费,0.1329479768786126,159928,0.1329479768786126,511260,-0.0019218048876413762,最佳行业/主题 ETF 动量为正，持有该 ETF
mom_1m,21,weekly,2021-11-05,512660,军工ETF国泰,sector,军工,0.08885298869143798,512660,0.08885298869143798,511260,0.001597273035532698,最佳行业/主题 ETF 动量为正，持有该 ETF
mom_1m,21,weekly,2021-11-12,512660,军工ETF国泰,sector,军工,0.18115353371242882,512660,0.18115353371242882,511260,0.003916893732970106,最佳行业/主题 ETF 动量为正，持有该 ETF
mom_1m,21,weekly,2021-11-19,512660,军工ETF国泰,sector,军工,0.14478918058870338,512660,0.14478918058870338,511260,0.008723463511486118,最佳行业/主题 ETF 动量为正，持有该 ETF
mom_1m,21,weekly,2021-11-26,512660,军工ETF国泰,sector,军工,0.12044374009508707,512660,0.12044374009508707,511260,0.010902993840167241,最佳行业/主题 ETF 动量为正，持有该 ETF
mom_1m,21,weekly,2021-12-03,512400,有色金属ETF南方,sector,有色金属,0.08629825889477671,512400,0.08629825889477671,511260,0.003200470709898262,最佳行业/主题 ETF 动量为正，持有该 ETF
mom_1m,21,weekly,2021-12-10,512690,酒ETF鹏华,sector,白酒/酒,0.20299884659746237,512690,0.20299884659746237,511260,0.006182435450728052,最佳行业/主题 ETF 动量为正，持有该 ETF
mom_1m,21,weekly,2021-12-17,515220,煤炭ETF国泰,sector,煤炭,0.17871759890859473,515220,0.17871759890859473,511010,0.004477794543452429,最佳行业/主题 ETF 动量为正，持有该 ETF
mom_1m,21,weekly,2021-12-24,515220,煤炭ETF国泰,sector,煤炭,0.10089399744572147,515220,0.10089399744572147,511260,0.004970391051517975,最佳行业/主题 ETF 动量为正，持有该 ETF
mom_1m,21,weekly,2021-12-31,512980,传媒ETF广发,sector,传媒,0.16417910447761197,512980,0.16417910447761197,511010,0.0087592073528453,最佳行业/主题 ETF 动量为正，持有该 ETF
mom_1m,21,weekly,2022-01-07,512980,传媒ETF广发,sector,传媒,0.14437086092715234,512980,0.14437086092715234,511260,0.006625633920403606,最佳行业/主题 ETF 动量为正，持有该 ETF
mom_1m,21,weekly,2022-01-14,512980,传媒ETF广发,sector,传媒,0.023399014778324956,512980,0.023399014778324956,511010,0.009559654356714908,最佳行业/主题 ETF 动量为正，持有该 ETF
mom_1m,21,weekly,2022-01-21,512800,银行ETF华宝,sector,银行,0.048865619546247796,512800,0.048865619546247796,511260,0.014502774675105856,最佳行业/主题 ETF 动量为正，持有该 ETF
mom_1m,21,weekly,2022-01-28,512800,银行ETF华宝,sector,银行,0.03014184397163122,512800,0.03014184397163122,511010,0.011444689404746411,最佳行业/主题 ETF 动量为正，持有该 ETF
mom_1m,21,weekly,2022-02-11,515220,煤炭ETF国泰,sector,煤炭,0.08880778588807803,515220,0.08880778588807803,511010,0.00754423740063781,最佳行业/主题 ETF 动量为正，持有该 ETF
mom_1m,21,weekly,2022-02-18,515220,煤炭ETF国泰,sector,煤炭,0.09501187648456066,515220,0.09501187648456066,511010,0.003987182901926678,最佳行业/主题 ETF 动量为正，持有该 ETF
mom_1m,21,weekly,2022-02-25,512400,有色金属ETF南方,sector,有色金属,0.11707317073170742,512400,0.11707317073170742,511010,-0.0011732561877210168,最佳行业/主题 ETF 动量为正，持有该 ETF
mom_1m,21,weekly,2022-03-04,515220,煤炭ETF国泰,sector,煤炭,0.247191011235955,515220,0.247191011235955,511010,-0.004199791214968274,最佳行业/主题 ETF 动量为正，持有该 ETF
mom_1m,21,weekly,2022-03-11,515790,光伏ETF华泰柏瑞,sector,光伏,0.11612903225806437,515790,0.11612903225806437,511010,-0.004863572005663452,最佳行业/主题 ETF 动量为正，持有该 ETF
mom_1m,21,weekly,2022-03-18,515790,光伏ETF华泰柏瑞,sector,光伏,0.05450733752620529,515790,0.05450733752620529,511260,0.0006761087744868721,最佳行业/主题 ETF 动量为正，持有该 ETF
mom_1m,21,weekly,2022-03-25,515220,煤炭ETF国泰,sector,煤炭,0.07166123778501632,515220,0.07166123778501632,511260,0.0023823966382712225,最佳行业/主题 ETF 动量为正，持有该 ETF
mom_1m,21,weekly,2022-04-01,515220,煤炭ETF国泰,sector,煤炭,0.02206619859578729,515220,0.02206619859578729,511260,0.007054487094697581,最佳行业/主题 ETF 动量为正，持有该 ETF
mom_1m,21,weekly,2022-04-08,515220,煤炭ETF国泰,sector,煤炭,0.09625668449197855,515220,0.09625668449197855,511260,0.00866840914891176,最佳行业/主题 ETF 动量为正，持有该 ETF
mom_1m,21,weekly,2022-04-15,515220,煤炭ETF国泰,sector,煤炭,0.3073229291716686,515220,0.3073229291716686,511260,0.004491819099004202,最佳行业/主题 ETF 动量为正，持有该 ETF
mom_1m,21,weekly,2022-04-22,512800,银行ETF华宝,sector,银行,0.03558718861209953,512800,0.03558718861209953,511260,0.003999542909381759,最佳行业/主题 ETF 动量为正，持有该 ETF
mom_1m,21,weekly,2022-04-29,512690,酒ETF鹏华,sector,白酒/酒,0.10422535211267614,512690,0.10422535211267614,511010,0.0021859504464321056,最佳行业/主题 ETF 动量为正，持有该 ETF
mom_1m,21,weekly,2022-05-06,512690,酒ETF鹏华,sector,白酒/酒,0.02170963364993228,512690,0.02170963364993228,511010,0.0024859211584875585,最佳行业/主题 ETF 动量为正，持有该 ETF
mom_1m,21,weekly,2022-05-13,512690,酒ETF鹏华,sector,白酒/酒,0.08180535966149516,512690,0.08180535966149516,511010,0.0031933501291780964,最佳行业/主题 ETF 动量为正，持有该 ETF
mom_1m,21,weekly,2022-05-20,515790,光伏ETF华泰柏瑞,sector,光伏,0.09720062208398139,515790,0.09720062208398139,511010,0.004267642127724347,最佳行业/主题 ETF 动量为正，持有该 ETF
mom_1m,21,weekly,2022-05-27,515790,光伏ETF华泰柏瑞,sector,光伏,0.26320667284522714,515790,0.26320667284522714,511260,0.008020010670025224,最佳行业/主题 ETF 动量为正，持有该 ETF
mom_1m,21,weekly,2022-06-02,515790,光伏ETF华泰柏瑞,sector,光伏,0.195996663886572,515790,0.195996663886572,511260,0.004818960993528076,最佳行业/主题 ETF 动量为正，持有该 ETF
mom_1m,21,weekly,2022-06-10,515220,煤炭ETF国泰,sector,煤炭,0.28494623655913975,515220,0.28494623655913975,511260,0.004516467196645335,最佳行业/主题 ETF 动量为正，持有该 ETF
mom_1m,21,weekly,2022-06-17,515030,新能源车ETF华夏,sector,新能源车,0.2203116603976356,515030,0.2203116603976356,511260,0.002093765812293924,最佳行业/主题 ETF 动量为正，持有该 ETF
mom_1m,21,weekly,2022-06-24,515030,新能源车ETF华夏,sector,新能源车,0.2987506789788159,515030,0.2987506789788159,511260,-0.0012261829186632767,最佳行业/主题 ETF 动量为正，持有该 ETF
mom_1m,21,weekly,2022-07-01,515030,新能源车ETF华夏,sector,新能源车,0.22492244053774568,515030,0.22492244053774568,511010,0.0008951478192760209,最佳行业/主题 ETF 动量为正，持有该 ETF
mom_1m,21,weekly,2022-07-08,515030,新能源车ETF华夏,sector,新能源车,0.17704280155642027,515030,0.17704280155642027,511010,-0.0019500655349893314,最佳行业/主题 ETF 动量为正，持有该 ETF
mom_1m,21,weekly,2022-07-15,515790,光伏ETF华泰柏瑞,sector,光伏,0.14118412491867272,515790,0.14118412491867272,511260,0.003300646195112611,最佳行业/主题 ETF 动量为正，持有该 ETF
mom_1m,21,weekly,2022-07-22,515790,光伏ETF华泰柏瑞,sector,光伏,0.06609017912291537,515790,0.06609017912291537,511260,0.0035256019638909564,最佳行业/主题 ETF 动量为正，持有该 ETF
mom_1m,21,weekly,2022-07-29,515790,光伏ETF华泰柏瑞,sector,光伏,0.0378250591016549,515790,0.0378250591016549,511260,0.010540448644737133,最佳行业/主题 ETF 动量为正，持有该 ETF
mom_1m,21,weekly,2022-08-05,512480,半导体ETF国联安,sector,半导体,0.07366296670030281,512480,0.07366296670030281,511260,0.012374276135324713,最佳行业/主题 ETF 动量为正，持有该 ETF
mom_1m,21,weekly,2022-08-12,512480,半导体ETF国联安,sector,半导体,0.11670235546038521,512480,0.11670235546038521,511260,0.00830921401441076,最佳行业/主题 ETF 动量为正，持有该 ETF
mom_1m,21,weekly,2022-08-19,515220,煤炭ETF国泰,sector,煤炭,0.0918660287081341,515220,0.0918660287081341,511260,0.016332552286730806,最佳行业/主题 ETF 动量为正，持有该 ETF
mom_1m,21,weekly,2022-08-26,515220,煤炭ETF国泰,sector,煤炭,0.12752293577981644,515220,0.12752293577981644,511260,0.011004710119830952,最佳行业/主题 ETF 动量为正，持有该 ETF
mom_1m,21,weekly,2022-09-02,515220,煤炭ETF国泰,sector,煤炭,0.142578125,515220,0.142578125,511260,0.008467436902551473,最佳行业/主题 ETF 动量为正，持有该 ETF
mom_1m,21,weekly,2022-09-09,515220,煤炭ETF国泰,sector,煤炭,0.15833333333333321,515220,0.15833333333333321,511260,0.008561879823594243,最佳行业/主题 ETF 动量为正，持有该 ETF
mom_1m,21,weekly,2022-09-16,515220,煤炭ETF国泰,sector,煤炭,0.015873015873015817,515220,0.015873015873015817,511260,-0.0011991331980025777,最佳行业/主题 ETF 动量为正，持有该 ETF
mom_1m,21,weekly,2022-09-23,512800,银行ETF华宝,sector,银行,0.023210831721470093,512800,0.023210831721470093,511010,-0.0017902349387614036,最佳行业/主题 ETF 动量为正，持有该 ETF
mom_1m,21,weekly,2022-09-30,515220,煤炭ETF国泰,sector,煤炭,0.016521739130434865,515220,0.016521739130434865,511010,-0.005739876371893438,最佳行业/主题 ETF 动量为正，持有该 ETF
mom_1m,21,weekly,2022-10-14,512010,医药ETF易方达,sector,医药,0.0410367170626349,512010,0.0410367170626349,511010,-0.001897413691296257,最佳行业/主题 ETF 动量为正，持有该 ETF
mom_1m,21,weekly,2022-10-21,512170,医疗ETF华宝,sector,医疗,0.04948453608247427,512170,0.04948453608247427,511010,-0.00034746351633085926,最佳行业/主题 ETF 动量为正，持有该 ETF
mom_1m,21,weekly,2022-10-28,512170,医疗ETF华宝,sector,医疗,0.09932279909706532,512170,0.09932279909706532,511010,0.0015785444241864788,最佳行业/主题 ETF 动量为正，持有该 ETF
mom_1m,21,weekly,2022-11-04,515230,软件ETF国泰,sector,软件,0.1803751803751803,515230,0.1803751803751803,511260,0.008597792342186938,最佳行业/主题 ETF 动量为正，持有该 ETF
mom_1m,21,weekly,2022-11-11,515230,软件ETF国泰,sector,软件,0.13055555555555554,515230,0.13055555555555554,511260,0.0038039138237491166,最佳行业/主题 ETF 动量为正，持有该 ETF
mom_1m,21,weekly,2022-11-18,512980,传媒ETF广发,sector,传媒,0.12336448598130834,512980,0.12336448598130834,511260,-0.004194148776492046,最佳行业/主题 ETF 动量为正，持有该 ETF
mom_1m,21,weekly,2022-11-25,512980,传媒ETF广发,sector,传媒,0.09369024856596542,512980,0.09369024856596542,511010,-0.0031092662447324004,最佳行业/主题 ETF 动量为正，持有该 ETF
mom_1m,21,weekly,2022-12-02,512980,传媒ETF广发,sector,传媒,0.12149532710280364,512980,0.12149532710280364,511010,-0.007220501178455296,最佳行业/主题 ETF 动量为正，持有该 ETF
mom_1m,21,weekly,2022-12-09,512690,酒ETF鹏华,sector,白酒/酒,0.1691884456671251,512690,0.1691884456671251,511010,-0.007795302304663743,最佳行业/主题 ETF 动量为正，持有该 ETF
mom_1m,21,weekly,2022-12-16,512690,酒ETF鹏华,sector,白酒/酒,0.14608233731739717,512690,0.14608233731739717,511260,-0.000542467451952855,最佳行业/主题 ETF 动量为正，持有该 ETF
mom_1m,21,weekly,2022-12-23,512690,酒ETF鹏华,sector,白酒/酒,0.1820689655172414,512690,0.1820689655172414,511260,-0.00349716284093049,最佳行业/主题 ETF 动量为正，持有该 ETF
mom_1m,21,weekly,2022-12-30,512690,酒ETF鹏华,sector,白酒/酒,0.09254498714652959,512690,0.09254498714652959,511010,0.004145950153289002,最佳行业/主题 ETF 动量为正，持有该 ETF
mom_1m,21,weekly,2023-01-06,512690,酒ETF鹏华,sector,白酒/酒,0.07588739290085678,512690,0.07588739290085678,511260,0.005857502008656867,最佳行业/主题 ETF 动量为正，持有该 ETF
mom_1m,21,weekly,2023-01-13,512010,医药ETF易方达,sector,医药,0.08723404255319167,512010,0.08723404255319167,511010,0.003125397633286786,最佳行业/主题 ETF 动量为正，持有该 ETF
mom_1m,21,weekly,2023-01-20,515230,软件ETF国泰,sector,软件,0.18900804289544237,515230,0.18900804289544237,511010,0.0020250470525637887,最佳行业/主题 ETF 动量为正，持有该 ETF
mom_1m,21,weekly,2023-02-03,515230,软件ETF国泰,sector,软件,0.21066319895968788,515230,0.21066319895968788,511260,0.002350044762757353,最佳行业/主题 ETF 动量为正，持有该 ETF
mom_1m,21,weekly,2023-02-10,515230,软件ETF国泰,sector,软件,0.116222760290557,515230,0.116222760290557,511260,-0.0009693164174751079,最佳行业/主题 ETF 动量为正，持有该 ETF
mom_1m,21,weekly,2023-02-17,515230,软件ETF国泰,sector,软件,0.09693251533742342,515230,0.09693251533742342,511010,0.002513698467199177,最佳行业/主题 ETF 动量为正，持有该 ETF
mom_1m,21,weekly,2023-02-24,512980,传媒ETF广发,sector,传媒,0.05312500000000009,512980,0.05312500000000009,511260,0.0044409951278403526,最佳行业/主题 ETF 动量为正，持有该 ETF
mom_1m,21,weekly,2023-03-03,512980,传媒ETF广发,sector,传媒,0.06969696969696959,512980,0.06969696969696959,511260,0.0006532745386247374,最佳行业/主题 ETF 动量为正，持有该 ETF
mom_1m,21,weekly,2023-03-10,511260,十年国债ETF国泰,defensive,十年国债,0.004287788824252292,515230,-0.002134471718249764,511260,0.004287788824252292,最佳行业/主题 ETF 动量为负或不可用，切换到正动量防守资产
mom_1m,21,weekly,2023-03-17,515230,软件ETF国泰,sector,软件,0.05976520811099251,515230,0.05976520811099251,511260,0.005331524678691801,最佳行业/主题 ETF 动量为正，持有该 ETF
mom_1m,21,weekly,2023-03-24,512980,传媒ETF广发,sector,传媒,0.21481481481481457,512980,0.21481481481481457,511260,0.003905713500892638,最佳行业/主题 ETF 动量为正，持有该 ETF
mom_1m,21,weekly,2023-03-31,512980,传媒ETF广发,sector,传媒,0.19322990126939343,512980,0.19322990126939343,511260,0.004783949291855327,最佳行业/主题 ETF 动量为正，持有该 ETF
mom_1m,21,weekly,2023-04-07,512980,传媒ETF广发,sector,传媒,0.282420749279539,512980,0.282420749279539,511010,0.00280508233509269,最佳行业/主题 ETF 动量为正，持有该 ETF
mom_1m,21,weekly,2023-04-14,512980,传媒ETF广发,sector,传媒,0.29768786127167646,512980,0.29768786127167646,511260,0.0036354304777383994,最佳行业/主题 ETF 动量为正，持有该 ETF
mom_1m,21,weekly,2023-04-21,512980,传媒ETF广发,sector,传媒,0.11026615969581743,512980,0.11026615969581743,511260,0.004529411261996463,最佳行业/主题 ETF 动量为正，持有该 ETF
mom_1m,21,weekly,2023-04-28,512980,传媒ETF广发,sector,传媒,0.1923076923076923,512980,0.1923076923076923,511260,0.007082080371787924,最佳行业/主题 ETF 动量为正，持有该 ETF
mom_1m,21,weekly,2023-05-05,512980,传媒ETF广发,sector,传媒,0.17257683215130037,512980,0.17257683215130037,511260,0.011223373337436282,最佳行业/主题 ETF 动量为正，持有该 ETF
mom_1m,21,weekly,2023-05-12,512980,传媒ETF广发,sector,传媒,0.08778173190984595,512980,0.08778173190984595,511260,0.010876426731271316,最佳行业/主题 ETF 动量为正，持有该 ETF
mom_1m,21,weekly,2023-05-19,512800,银行ETF华宝,sector,银行,0.023809523809523725,512800,0.023809523809523725,511260,0.010577726257649855,最佳行业/主题 ETF 动量为正，持有该 ETF
mom_1m,21,weekly,2023-05-26,512800,银行ETF华宝,sector,银行,0.007421150278293043,512800,0.007421150278293043,511010,0.00888308911389224,最佳行业/主题 ETF 动量为正，持有该 ETF
mom_1m,21,weekly,2023-06-02,515230,软件ETF国泰,sector,软件,0.04056795131845847,515230,0.04056795131845847,511010,0.007062733693394385,最佳行业/主题 ETF 动量为正，持有该 ETF
mom_1m,21,weekly,2023-06-09,515230,软件ETF国泰,sector,软件,0.030333670374115274,515230,0.030333670374115274,511010,0.00514301322823596,最佳行业/主题 ETF 动量为正，持有该 ETF
mom_1m,21,weekly,2023-06-16,512980,传媒ETF广发,sector,传媒,0.11915367483296202,512980,0.11915367483296202,511260,0.004204944609565109,最佳行业/主题 ETF 动量为正，持有该 ETF
mom_1m,21,weekly,2023-06-21,515230,软件ETF国泰,sector,软件,0.14090431125131442,515230,0.14090431125131442,511260,0.0025411463767628373,最佳行业/主题 ETF 动量为正，持有该 ETF
mom_1m,21,weekly,2023-06-30,512660,军工ETF国泰,sector,军工,0.04850746268656714,512660,0.04850746268656714,511260,0.006720010792489184,最佳行业/主题 ETF 动量为正，持有该 ETF
mom_1m,21,weekly,2023-07-07,515220,煤炭ETF国泰,sector,煤炭,0.059668508287292754,515220,0.059668508287292754,511260,0.004617480823576825,最佳行业/主题 ETF 动量为正，持有该 ETF
mom_1m,21,weekly,2023-07-14,515220,煤炭ETF国泰,sector,煤炭,0.06777777777777771,515220,0.06777777777777771,511260,0.0005610685424779494,最佳行业/主题 ETF 动量为正，持有该 ETF
mom_1m,21,weekly,2023-07-21,515220,煤炭ETF国泰,sector,煤炭,0.04231625835189323,515220,0.04231625835189323,511260,0.0076049142031227035,最佳行业/主题 ETF 动量为正，持有该 ETF
mom_1m,21,weekly,2023-07-28,512880,证券ETF国泰,sector,证券,0.1784472769409038,512880,0.1784472769409038,511260,0.004799986573464254,最佳行业/主题 ETF 动量为正，持有该 ETF
mom_1m,21,weekly,2023-08-04,512880,证券ETF国泰,sector,证券,0.20112994350282487,512880,0.20112994350282487,511260,0.003676347435768612,最佳行业/主题 ETF 动量为正，持有该 ETF
mom_1m,21,weekly,2023-08-11,512880,证券ETF国泰,sector,证券,0.13732004429678835,512880,0.13732004429678835,511260,0.003689419481138767,最佳行业/主题 ETF 动量为正，持有该 ETF
mom_1m,21,weekly,2023-08-18,512880,证券ETF国泰,sector,证券,0.13950892857142838,512880,0.13950892857142838,511260,0.007657044564500337,最佳行业/主题 ETF 动量为正，持有该 ETF
mom_1m,21,weekly,2023-08-25,512880,证券ETF国泰,sector,证券,0.06623931623931623,512880,0.06623931623931623,511260,0.007805977625646943,最佳行业/主题 ETF 动量为正，持有该 ETF
mom_1m,21,weekly,2023-09-01,515220,煤炭ETF国泰,sector,煤炭,0.035031847133758065,515220,0.035031847133758065,511260,0.004922820191906485,最佳行业/主题 ETF 动量为正，持有该 ETF
mom_1m,21,weekly,2023-09-08,515220,煤炭ETF国泰,sector,煤炭,0.03645833333333326,515220,0.03645833333333326,511260,0.0002417573256636718,最佳行业/主题 ETF 动量为正，持有该 ETF
mom_1m,21,weekly,2023-09-15,515220,煤炭ETF国泰,sector,煤炭,0.13710554951033727,515220,0.13710554951033727,511010,-0.0031222535732458034,最佳行业/主题 ETF 动量为正，持有该 ETF
mom_1m,21,weekly,2023-09-22,515220,煤炭ETF国泰,sector,煤炭,0.1301969365426694,515220,0.1301969365426694,511010,-0.005254885039758239,最佳行业/主题 ETF 动量为正，持有该 ETF
mom_1m,21,weekly,2023-09-28,515220,煤炭ETF国泰,sector,煤炭,0.10193133047210279,515220,0.10193133047210279,511010,-0.003401544193078143,最佳行业/主题 ETF 动量为正，持有该 ETF
mom_1m,21,weekly,2023-10-13,512170,医疗ETF华宝,sector,医疗,0.05735660847880286,512170,0.05735660847880286,511010,-0.0010370955134009208,最佳行业/主题 ETF 动量为正，持有该 ETF
mom_1m,21,weekly,2023-10-20,CASH,空仓,cash,现金,0.0,512170,-0.002512562814070307,511260,-0.00232275467048515,行业和防守资产均无正动量，空仓
mom_1m,21,weekly,2023-10-27,512480,半导体ETF国联安,sector,半导体,0.02124999999999977,512480,0.02124999999999977,511260,0.0006255108338477644,最佳行业/主题 ETF 动量为正，持有该 ETF
mom_1m,21,weekly,2023-11-03,512480,半导体ETF国联安,sector,半导体,0.07499999999999996,512480,0.07499999999999996,511260,0.007605930785193227,最佳行业/主题 ETF 动量为正，持有该 ETF
mom_1m,21,weekly,2023-11-10,512880,证券ETF国泰,sector,证券,0.036131774707757636,512880,0.036131774707757636,511260,0.00681772608782838,最佳行业/主题 ETF 动量为正，持有该 ETF
mom_1m,21,weekly,2023-11-17,512980,传媒ETF广发,sector,传媒,0.09636871508379907,512980,0.09636871508379907,511260,0.00789770590447536,最佳行业/主题 ETF 动量为正，持有该 ETF
mom_1m,21,weekly,2023-11-24,512980,传媒ETF广发,sector,传媒,0.11959654178674373,512980,0.11959654178674373,511260,0.0036760109029982946,最佳行业/主题 ETF 动量为正，持有该 ETF
mom_1m,21,weekly,2023-12-01,515220,煤炭ETF国泰,sector,煤炭,0.10193679918450549,515220,0.10193679918450549,511260,0.0012039889399084736,最佳行业/主题 ETF 动量为正，持有该 ETF
mom_1m,21,weekly,2023-12-08,515220,煤炭ETF国泰,sector,煤炭,0.04975124378109452,515220,0.04975124378109452,511260,0.000647372745607333,最佳行业/主题 ETF 动量为正，持有该 ETF
mom_1m,21,weekly,2023-12-15,515220,煤炭ETF国泰,sector,煤炭,0.05299313052011789,515220,0.05299313052011789,511260,0.0033678971381170264,最佳行业/主题 ETF 动量为正，持有该 ETF
mom_1m,21,weekly,2023-12-22,515220,煤炭ETF国泰,sector,煤炭,0.04946653734238615,515220,0.04946653734238615,511260,0.0063460420300689435,最佳行业/主题 ETF 动量为正，持有该 ETF
mom_1m,21,weekly,2023-12-29,515790,光伏ETF华泰柏瑞,sector,光伏,0.028901734104046284,515790,0.028901734104046284,511010,0.009750820938767557,最佳行业/主题 ETF 动量为正，持有该 ETF
mom_1m,21,weekly,2024-01-05,515220,煤炭ETF国泰,sector,煤炭,0.06373008434864103,515220,0.06373008434864103,511260,0.013961866341277274,最佳行业/主题 ETF 动量为正，持有该 ETF
mom_1m,21,weekly,2024-01-12,515790,光伏ETF华泰柏瑞,sector,光伏,0.08910891089108897,515790,0.08910891089108897,511260,0.00809853911950098,最佳行业/主题 ETF 动量为正，持有该 ETF
mom_1m,21,weekly,2024-01-19,515790,光伏ETF华泰柏瑞,sector,光伏,0.09823677581863977,515790,0.09823677581863977,511260,0.009462262513738828,最佳行业/主题 ETF 动量为正，持有该 ETF
mom_1m,21,weekly,2024-01-26,512800,银行ETF华宝,sector,银行,0.07915057915057933,512800,0.07915057915057933,511260,0.007445722004414623,最佳行业/主题 ETF 动量为正，持有该 ETF
mom_1m,21,weekly,2024-02-02,512800,银行ETF华宝,sector,银行,0.059160305343511466,512800,0.059160305343511466,511260,0.00928609548832049,最佳行业/主题 ETF 动量为正，持有该 ETF
mom_1m,21,weekly,2024-02-08,512800,银行ETF华宝,sector,银行,0.06666666666666665,512800,0.06666666666666665,511260,0.007855697633460945,最佳行业/主题 ETF 动量为正，持有该 ETF
mom_1m,21,weekly,2024-02-23,515220,煤炭ETF国泰,sector,煤炭,0.14220601640838648,515220,0.14220601640838648,511260,0.011426791481548237,最佳行业/主题 ETF 动量为正，持有该 ETF
mom_1m,21,weekly,2024-03-01,515220,煤炭ETF国泰,sector,煤炭,0.14049586776859502,515220,0.14049586776859502,511260,0.011119747985108175,最佳行业/主题 ETF 动量为正，持有该 ETF
mom_1m,21,weekly,2024-03-08,512480,半导体ETF国联安,sector,半导体,0.2078559738134207,512480,0.2078559738134207,511260,0.010802017244184281,最佳行业/主题 ETF 动量为正，持有该 ETF
mom_1m,21,weekly,2024-03-15,515230,软件ETF国泰,sector,软件,0.20034542314335058,515230,0.20034542314335058,511260,0.006893857385868785,最佳行业/主题 ETF 动量为正，持有该 ETF
mom_1m,21,weekly,2024-03-22,512980,传媒ETF广发,sector,传媒,0.15220483641536298,512980,0.15220483641536298,511260,0.006079200045452149,最佳行业/主题 ETF 动量为正，持有该 ETF
mom_1m,21,weekly,2024-03-29,512400,有色金属ETF南方,sector,有色金属,0.12307692307692308,512400,0.12307692307692308,511010,0.002288832468073876,最佳行业/主题 ETF 动量为正，持有该 ETF
mom_1m,21,weekly,2024-04-03,512400,有色金属ETF南方,sector,有色金属,0.17857142857142838,512400,0.17857142857142838,511010,0.0038900768915783868,最佳行业/主题 ETF 动量为正，持有该 ETF
mom_1m,21,weekly,2024-04-12,512400,有色金属ETF南方,sector,有色金属,0.15949632738719832,512400,0.15949632738719832,511010,0.007490239187293968,最佳行业/主题 ETF 动量为正，持有该 ETF
mom_1m,21,weekly,2024-04-19,512400,有色金属ETF南方,sector,有色金属,0.08275174476570313,512400,0.08275174476570313,511010,0.006986760731831021,最佳行业/主题 ETF 动量为正，持有该 ETF
mom_1m,21,weekly,2024-04-26,512400,有色金属ETF南方,sector,有色金属,0.07723577235772372,512400,0.07723577235772372,511260,0.005888529886914462,最佳行业/主题 ETF 动量为正，持有该 ETF
mom_1m,21,weekly,2024-04-30,512400,有色金属ETF南方,sector,有色金属,0.05668016194331993,512400,0.05668016194331993,511010,0.004065132968455565,最佳行业/主题 ETF 动量为正，持有该 ETF
mom_1m,21,weekly,2024-05-10,512660,军工ETF国泰,sector,军工,0.07497116493656297,512660,0.07497116493656297,511010,0.00258008057093706,最佳行业/主题 ETF 动量为正，持有该 ETF
mom_1m,21,weekly,2024-05-17,512800,银行ETF华宝,sector,银行,0.07263513513513531,512800,0.07263513513513531,511010,0.0005794963649772278,最佳行业/主题 ETF 动量为正，持有该 ETF
mom_1m,21,weekly,2024-05-24,512800,银行ETF华宝,sector,银行,0.04485049833887045,512800,0.04485049833887045,511010,0.0006535898610935398,最佳行业/主题 ETF 动量为正，持有该 ETF
mom_1m,21,weekly,2024-05-31,515220,煤炭ETF国泰,sector,煤炭,0.07819287576020861,515220,0.07819287576020861,511260,0.008239652013912968,最佳行业/主题 ETF 动量为正，持有该 ETF
mom_1m,21,weekly,2024-06-07,512800,银行ETF华宝,sector,银行,0.016393442622950838,512800,0.016393442622950838,511010,0.004950346072825962,最佳行业/主题 ETF 动量为正，持有该 ETF
mom_1m,21,weekly,2024-06-14,512480,半导体ETF国联安,sector,半导体,0.08112094395280223,512480,0.08112094395280223,511260,0.005104166666666687,最佳行业/主题 ETF 动量为正，持有该 ETF
mom_1m,21,weekly,2024-06-21,512480,半导体ETF国联安,sector,半导体,0.09302325581395365,512480,0.09302325581395365,511260,0.0069079922745887146,最佳行业/主题 ETF 动量为正，持有该 ETF
mom_1m,21,weekly,2024-06-28,512480,半导体ETF国联安,sector,半导体,0.048744460856720684,512480,0.048744460856720684,511260,0.009159207161125282,最佳行业/主题 ETF 动量为正，持有该 ETF
mom_1m,21,weekly,2024-07-05,512800,银行ETF华宝,sector,银行,0.011363636363636465,512800,0.011363636363636465,511260,0.006559341668996854,最佳行业/主题 ETF 动量为正，持有该 ETF
mom_1m,21,weekly,2024-07-12,512800,银行ETF华宝,sector,银行,0.06965174129353247,512800,0.06965174129353247,511260,0.006373135518864093,最佳行业/主题 ETF 动量为正，持有该 ETF
mom_1m,21,weekly,2024-07-19,512800,银行ETF华宝,sector,银行,0.07060755336617408,512800,0.07060755336617408,511260,0.004763571008223,最佳行业/主题 ETF 动量为正，持有该 ETF
mom_1m,21,weekly,2024-07-26,512660,军工ETF国泰,sector,军工,0.050469483568075235,512660,0.050469483568075235,511260,0.008396764985727945,最佳行业/主题 ETF 动量为正，持有该 ETF
mom_1m,21,weekly,2024-08-02,512660,军工ETF国泰,sector,军工,0.07792207792207795,512660,0.07792207792207795,511260,0.011843835659848256,最佳行业/主题 ETF 动量为正，持有该 ETF
mom_1m,21,weekly,2024-08-09,512880,证券ETF国泰,sector,证券,0.038659793814433074,512880,0.038659793814433074,511260,0.01022950923750865,最佳行业/主题 ETF 动量为正，持有该 ETF
mom_1m,21,weekly,2024-08-16,512880,证券ETF国泰,sector,证券,0.02784810126582271,512880,0.02784810126582271,511260,0.007196294976843598,最佳行业/主题 ETF 动量为正，持有该 ETF
mom_1m,21,weekly,2024-08-23,512800,银行ETF华宝,sector,银行,0.03582554517133962,512800,0.03582554517133962,511260,0.00453643322937336,最佳行业/主题 ETF 动量为正，持有该 ETF
mom_1m,21,weekly,2024-08-30,CASH,空仓,cash,现金,0.0,515220,-0.004868549172346581,511010,-0.0007543764930368901,行业和防守资产均无正动量，空仓
mom_1m,21,weekly,2024-09-06,511010,国债ETF国泰,defensive,国债,0.0033768057043632727,512880,-0.004920049200491827,511010,0.0033768057043632727,最佳行业/主题 ETF 动量为负或不可用，切换到正动量防守资产
mom_1m,21,weekly,2024-09-13,511260,十年国债ETF国泰,defensive,十年国债,0.010825524951418863,515030,-0.007641921397379958,511260,0.010825524951418863,最佳行业/主题 ETF 动量为负或不可用，切换到正动量防守资产
mom_1m,21,weekly,2024-09-20,515230,软件ETF国泰,sector,软件,0.026000000000000023,515230,0.026000000000000023,511260,0.011470699076691293,最佳行业/主题 ETF 动量为正，持有该 ETF
mom_1m,21,weekly,2024-09-27,515230,软件ETF国泰,sector,软件,0.2954545454545454,515230,0.2954545454545454,511010,0.0033584849829855212,最佳行业/主题 ETF 动量为正，持有该 ETF
mom_1m,21,weekly,2024-09-30,515230,软件ETF国泰,sector,软件,0.4256198347107438,515230,0.4256198347107438,511010,-0.00042151968940640216,最佳行业/主题 ETF 动量为正，持有该 ETF
mom_1m,21,weekly,2024-10-11,515230,软件ETF国泰,sector,软件,0.40643863179074446,515230,0.40643863179074446,511010,0.0013346803035108046,最佳行业/主题 ETF 动量为正，持有该 ETF
mom_1m,21,weekly,2024-10-18,515230,软件ETF国泰,sector,软件,0.558,515230,0.558,511260,-0.00016386023502223956,最佳行业/主题 ETF 动量为正，持有该 ETF
mom_1m,21,weekly,2024-10-25,512480,半导体ETF国联安,sector,半导体,0.5643879173290938,512480,0.5643879173290938,511010,-0.003433343871076966,最佳行业/主题 ETF 动量为正，持有该 ETF
mom_1m,21,weekly,2024-11-01,512480,半导体ETF国联安,sector,半导体,0.39085545722713855,512480,0.39085545722713855,511010,-0.0019014198246875003,最佳行业/主题 ETF 动量为正，持有该 ETF
mom_1m,21,weekly,2024-11-08,515230,软件ETF国泰,sector,软件,0.18715846994535523,515230,0.18715846994535523,511260,0.004057825974777218,最佳行业/主题 ETF 动量为正，持有该 ETF
mom_1m,21,weekly,2024-11-15,515230,软件ETF国泰,sector,软件,0.15489130434782616,515230,0.15489130434782616,511260,0.004407313800742552,最佳行业/主题 ETF 动量为正，持有该 ETF
mom_1m,21,weekly,2024-11-22,515230,软件ETF国泰,sector,软件,0.0940397350993376,515230,0.0940397350993376,511260,0.008780991735537258,最佳行业/主题 ETF 动量为正，持有该 ETF
mom_1m,21,weekly,2024-11-29,512980,传媒ETF广发,sector,传媒,0.08753315649867366,512980,0.08753315649867366,511260,0.01245971905015164,最佳行业/主题 ETF 动量为正，持有该 ETF
mom_1m,21,weekly,2024-12-06,512980,传媒ETF广发,sector,传媒,0.10087173100871727,512980,0.10087173100871727,511260,0.01455061524305612,最佳行业/主题 ETF 动量为正，持有该 ETF
mom_1m,21,weekly,2024-12-13,512980,传媒ETF广发,sector,传媒,0.10831234256926958,512980,0.10831234256926958,511260,0.025757976036923536,最佳行业/主题 ETF 动量为正，持有该 ETF
mom_1m,21,weekly,2024-12-20,512980,传媒ETF广发,sector,传媒,0.07828282828282829,512980,0.07828282828282829,511260,0.02823341277296043,最佳行业/主题 ETF 动量为正，持有该 ETF
mom_1m,21,weekly,2024-12-27,512480,半导体ETF国联安,sector,半导体,0.06882591093117418,512480,0.06882591093117418,511260,0.02584686774941991,最佳行业/主题 ETF 动量为正，持有该 ETF
mom_1m,21,weekly,2025-01-03,512800,银行ETF华宝,sector,银行,0.024147727272727293,512800,0.024147727272727293,511260,0.0274014707351371,最佳行业/主题 ETF 动量为正，持有该 ETF
mom_1m,21,weekly,2025-01-10,512800,银行ETF华宝,sector,银行,0.0181818181818183,512800,0.0181818181818183,511260,0.01524408824963408,最佳行业/主题 ETF 动量为正，持有该 ETF
mom_1m,21,weekly,2025-01-17,512400,有色金属ETF南方,sector,有色金属,0.028169014084507005,512400,0.028169014084507005,511260,0.01034427881809985,最佳行业/主题 ETF 动量为正，持有该 ETF
mom_1m,21,weekly,2025-01-24,512400,有色金属ETF南方,sector,有色金属,0.03064351378958108,512400,0.03064351378958108,511260,0.007049444440242247,最佳行业/主题 ETF 动量为正，持有该 ETF
mom_1m,21,weekly,2025-01-27,512400,有色金属ETF南方,sector,有色金属,0.02238046795523907,512400,0.02238046795523907,511260,0.011220652659135855,最佳行业/主题 ETF 动量为正，持有该 ETF
mom_1m,21,weekly,2025-02-07,515230,软件ETF国泰,sector,软件,0.1392081736909323,515230,0.1392081736909323,511260,0.007920717461753046,最佳行业/主题 ETF 动量为正，持有该 ETF
mom_1m,21,weekly,2025-02-14,515230,软件ETF国泰,sector,软件,0.34782608695652173,515230,0.34782608695652173,511260,-0.0015045022792086193,最佳行业/主题 ETF 动量为正，持有该 ETF
mom_1m,21,weekly,2025-02-21,515230,软件ETF国泰,sector,软件,0.31543624161073813,515230,0.31543624161073813,511010,-0.005895043689705726,最佳行业/主题 ETF 动量为正，持有该 ETF
mom_1m,21,weekly,2025-02-28,515230,软件ETF国泰,sector,软件,0.17506631299734754,515230,0.17506631299734754,511260,-0.006778898429005253,最佳行业/主题 ETF 动量为正，持有该 ETF
mom_1m,21,weekly,2025-03-07,515230,软件ETF国泰,sector,软件,0.10344827586206895,515230,0.10344827586206895,511010,-0.010488201672929298,最佳行业/主题 ETF 动量为正，持有该 ETF
mom_1m,21,weekly,2025-03-14,512690,酒ETF鹏华,sector,白酒/酒,0.10321489001692052,512690,0.10321489001692052,511010,-0.008379585856471583,最佳行业/主题 ETF 动量为正，持有该 ETF
mom_1m,21,weekly,2025-03-21,512690,酒ETF鹏华,sector,白酒/酒,0.059625212947189254,512690,0.059625212947189254,511010,-0.004865597830422064,最佳行业/主题 ETF 动量为正，持有该 ETF
mom_1m,21,weekly,2025-03-28,512400,有色金属ETF南方,sector,有色金属,0.06779661016949157,512400,0.06779661016949157,511010,-7.271087972904322e-05,最佳行业/主题 ETF 动量为正，持有该 ETF
mom_1m,21,weekly,2025-04-03,512690,酒ETF鹏华,sector,白酒/酒,0.05405405405405417,512690,0.05405405405405417,511010,0.0017987959672154386,最佳行业/主题 ETF 动量为正，持有该 ETF
mom_1m,21,weekly,2025-04-11,159928,消费ETF汇添富,sector,消费,0.02583025830258312,159928,0.02583025830258312,511260,0.012448511194540268,最佳行业/主题 ETF 动量为正，持有该 ETF
mom_1m,21,weekly,2025-04-18,511260,十年国债ETF国泰,defensive,十年国债,0.018719497758395542,512800,0.0,511260,0.018719497758395542,最佳行业/主题 ETF 动量为负或不可用，切换到正动量防守资产
mom_1m,21,weekly,2025-04-25,512800,银行ETF华宝,sector,银行,0.01844532279314892,512800,0.01844532279314892,511260,0.011110436524801148,最佳行业/主题 ETF 动量为正，持有该 ETF
mom_1m,21,weekly,2025-04-30,512480,半导体ETF国联安,sector,半导体,0.01048617731172552,512480,0.01048617731172552,511260,0.01562773029439679,最佳行业/主题 ETF 动量为正，持有该 ETF
mom_1m,21,weekly,2025-05-09,512660,军工ETF国泰,sector,军工,0.12944983818770206,512660,0.12944983818770206,511260,0.0014528135156590682,最佳行业/主题 ETF 动量为正，持有该 ETF
mom_1m,21,weekly,2025-05-16,515030,新能源车ETF华夏,sector,新能源车,0.07296137339055786,515030,0.07296137339055786,511260,-0.0002702296952409311,最佳行业/主题 ETF 动量为正，持有该 ETF
mom_1m,21,weekly,2025-05-23,515030,新能源车ETF华夏,sector,新能源车,0.0680851063829786,515030,0.0680851063829786,511260,0.0007204881307085742,最佳行业/主题 ETF 动量为正，持有该 ETF
mom_1m,21,weekly,2025-05-30,512010,医药ETF易方达,sector,医药,0.06876790830945567,512010,0.06876790830945567,511010,0.0006145392762897384,最佳行业/主题 ETF 动量为正，持有该 ETF
mom_1m,21,weekly,2025-06-06,512800,银行ETF华宝,sector,银行,0.0622568093385214,512800,0.0622568093385214,511010,0.0012347105289758353,最佳行业/主题 ETF 动量为正，持有该 ETF
mom_1m,21,weekly,2025-06-13,512400,有色金属ETF南方,sector,有色金属,0.04360189573459716,512400,0.04360189573459716,511260,0.0035405930493355164,最佳行业/主题 ETF 动量为正，持有该 ETF
mom_1m,21,weekly,2025-06-20,512800,银行ETF华宝,sector,银行,0.05459057071960283,512800,0.05459057071960283,511260,0.004603216253701747,最佳行业/主题 ETF 动量为正，持有该 ETF
mom_1m,21,weekly,2025-06-27,512880,证券ETF国泰,sector,证券,0.09845559845559837,512880,0.09845559845559837,511260,0.004794381794854363,最佳行业/主题 ETF 动量为正，持有该 ETF
mom_1m,21,weekly,2025-07-04,512800,银行ETF华宝,sector,银行,0.08812729498164029,512800,0.08812729498164029,511260,0.005196226924403469,最佳行业/主题 ETF 动量为正，持有该 ETF
mom_1m,21,weekly,2025-07-11,515790,光伏ETF华泰柏瑞,sector,光伏,0.11179173047473201,515790,0.11179173047473201,511010,0.0009373219989472492,最佳行业/主题 ETF 动量为正，持有该 ETF
mom_1m,21,weekly,2025-07-18,515790,光伏ETF华泰柏瑞,sector,光伏,0.1287284144427001,515790,0.1287284144427001,511010,-0.0003526981407769858,最佳行业/主题 ETF 动量为正，持有该 ETF
mom_1m,21,weekly,2025-07-25,512400,有色金属ETF南方,sector,有色金属,0.1562216167120798,512400,0.1562216167120798,511010,-0.003204343505623708,最佳行业/主题 ETF 动量为正，持有该 ETF
mom_1m,21,weekly,2025-08-01,512170,医疗ETF华宝,sector,医疗,0.10542168674698793,512170,0.10542168674698793,511010,-0.002934133028413499,最佳行业/主题 ETF 动量为正，持有该 ETF
mom_1m,21,weekly,2025-08-08,512400,有色金属ETF南方,sector,有色金属,0.1335101679929267,512400,0.1335101679929267,511010,-0.00020884193546066854,最佳行业/主题 ETF 动量为正，持有该 ETF
mom_1m,21,weekly,2025-08-15,512400,有色金属ETF南方,sector,有色金属,0.16244541484716146,512400,0.16244541484716146,511010,-0.001605564035365492,最佳行业/主题 ETF 动量为正，持有该 ETF
mom_1m,21,weekly,2025-08-22,512480,半导体ETF国联安,sector,半导体,0.23679245283018857,512480,0.23679245283018857,511010,-0.00038295351088890595,最佳行业/主题 ETF 动量为正，持有该 ETF
mom_1m,21,weekly,2025-08-29,512480,半导体ETF国联安,sector,半导体,0.2849162011173183,512480,0.2849162011173183,511010,-0.0011901584714036906,最佳行业/主题 ETF 动量为正，持有该 ETF
mom_1m,21,weekly,2025-09-05,515790,光伏ETF华泰柏瑞,sector,光伏,0.25309491059147193,515790,0.25309491059147193,511010,-0.0012394163213834686,最佳行业/主题 ETF 动量为正，持有该 ETF
mom_1m,21,weekly,2025-09-12,515030,新能源车ETF华夏,sector,新能源车,0.22669649515287094,515030,0.22669649515287094,511010,-0.0004110122438383268,最佳行业/主题 ETF 动量为正，持有该 ETF
mom_1m,21,weekly,2025-09-19,515030,新能源车ETF华夏,sector,新能源车,0.2318214542836574,515030,0.2318214542836574,511010,0.002363024092728816,最佳行业/主题 ETF 动量为正，持有该 ETF
mom_1m,21,weekly,2025-09-26,515030,新能源车ETF华夏,sector,新能源车,0.2372288313505948,515030,0.2372288313505948,511010,0.0013724357122217867,最佳行业/主题 ETF 动量为正，持有该 ETF
mom_1m,21,weekly,2025-09-30,515030,新能源车ETF华夏,sector,新能源车,0.25960264900662255,515030,0.25960264900662255,511010,0.0015802804095739198,最佳行业/主题 ETF 动量为正，持有该 ETF
mom_1m,21,weekly,2025-10-10,515030,新能源车ETF华夏,sector,新能源车,0.2178547634910062,515030,0.2178547634910062,511010,0.0010163920245662705,最佳行业/主题 ETF 动量为正，持有该 ETF
mom_1m,21,weekly,2025-10-17,512480,半导体ETF国联安,sector,半导体,0.12579113924050644,512480,0.12579113924050644,511260,0.007985494654931369,最佳行业/主题 ETF 动量为正，持有该 ETF
mom_1m,21,weekly,2025-10-24,512400,有色金属ETF南方,sector,有色金属,0.11989459815546777,512400,0.11989459815546777,511260,0.00012029894287302056,最佳行业/主题 ETF 动量为正，持有该 ETF
mom_1m,21,weekly,2025-10-31,512400,有色金属ETF南方,sector,有色金属,0.16034597471723222,512400,0.16034597471723222,511260,0.01041509319960121,最佳行业/主题 ETF 动量为正，持有该 ETF
mom_1m,21,weekly,2025-11-07,515220,煤炭ETF国泰,sector,煤炭,0.1331444759206799,515220,0.1331444759206799,511260,0.006035520770619973,最佳行业/主题 ETF 动量为正，持有该 ETF
mom_1m,21,weekly,2025-11-14,515790,光伏ETF华泰柏瑞,sector,光伏,0.07954545454545459,515790,0.07954545454545459,511260,0.003205465055176049,最佳行业/主题 ETF 动量为正，持有该 ETF
mom_1m,21,weekly,2025-11-21,515790,光伏ETF华泰柏瑞,sector,光伏,0.01199563794983649,515790,0.01199563794983649,511260,0.00489172089388501,最佳行业/主题 ETF 动量为正，持有该 ETF
mom_1m,21,weekly,2025-11-28,512800,银行ETF华宝,sector,银行,0.029556650246305383,512800,0.029556650246305383,511010,-0.001046985256152988,最佳行业/主题 ETF 动量为正，持有该 ETF
mom_1m,21,weekly,2025-12-05,512400,有色金属ETF南方,sector,有色金属,0.0376157407407407,512400,0.0376157407407407,511010,-0.0005526289347898006,最佳行业/主题 ETF 动量为正，持有该 ETF
mom_1m,21,weekly,2025-12-12,512660,军工ETF国泰,sector,军工,0.04580152671755733,512660,0.04580152671755733,511010,0.00012197046879736106,最佳行业/主题 ETF 动量为正，持有该 ETF
mom_1m,21,weekly,2025-12-19,512660,军工ETF国泰,sector,军工,0.07725321888411996,512660,0.07725321888411996,511010,0.0009682555620904587,最佳行业/主题 ETF 动量为正，持有该 ETF
mom_1m,21,weekly,2025-12-26,512660,军工ETF国泰,sector,军工,0.15025906735751304,512660,0.15025906735751304,511010,0.0033537526840792253,最佳行业/主题 ETF 动量为正，持有该 ETF
mom_1m,21,weekly,2025-12-31,512660,军工ETF国泰,sector,军工,0.16257408975444543,512660,0.16257408975444543,511010,0.0015145642218299393,最佳行业/主题 ETF 动量为正，持有该 ETF
mom_1m,21,weekly,2026-01-09,512660,军工ETF国泰,sector,军工,0.2897119341563785,512660,0.2897119341563785,511010,2.1533315628374794e-05,最佳行业/主题 ETF 动量为正，持有该 ETF
mom_1m,21,weekly,2026-01-16,512980,传媒ETF广发,sector,传媒,0.2867965367965368,512980,0.2867965367965368,511010,0.0025626301055201584,最佳行业/主题 ETF 动量为正，持有该 ETF
mom_1m,21,weekly,2026-01-23,512980,传媒ETF广发,sector,传媒,0.2718750000000001,512980,0.2718750000000001,511260,0.001465858948470622,最佳行业/主题 ETF 动量为正，持有该 ETF
mom_1m,21,weekly,2026-01-30,512980,传媒ETF广发,sector,传媒,0.25411522633744865,512980,0.25411522633744865,511260,0.007360562407054294,最佳行业/主题 ETF 动量为正，持有该 ETF
mom_1m,21,weekly,2026-02-06,515790,光伏ETF华泰柏瑞,sector,光伏,0.08039215686274526,515790,0.08039215686274526,511260,0.009717201626297411,最佳行业/主题 ETF 动量为正，持有该 ETF
mom_1m,21,weekly,2026-02-13,515220,煤炭ETF国泰,sector,煤炭,0.07216494845360821,515220,0.07216494845360821,511260,0.00832359375468239,最佳行业/主题 ETF 动量为正，持有该 ETF
mom_1m,21,weekly,2026-02-27,515220,煤炭ETF国泰,sector,煤炭,0.12336448598130834,515220,0.12336448598130834,511010,0.002740725898786378,最佳行业/主题 ETF 动量为正，持有该 ETF
mom_1m,21,weekly,2026-03-06,515220,煤炭ETF国泰,sector,煤炭,0.10053380782918153,515220,0.10053380782918153,511260,0.00460451197397016,最佳行业/主题 ETF 动量为正，持有该 ETF
mom_1m,21,weekly,2026-03-13,515220,煤炭ETF国泰,sector,煤炭,0.1312178387650087,515220,0.1312178387650087,511260,0.002245246566861203,最佳行业/主题 ETF 动量为正，持有该 ETF
mom_1m,21,weekly,2026-03-20,515220,煤炭ETF国泰,sector,煤炭,0.1060344827586206,515220,0.1060344827586206,511010,0.0008561521667784788,最佳行业/主题 ETF 动量为正，持有该 ETF
mom_1m,21,weekly,2026-03-27,515220,煤炭ETF国泰,sector,煤炭,0.09238665526090672,515220,0.09238665526090672,511010,0.002406472482665567,最佳行业/主题 ETF 动量为正，持有该 ETF
mom_1m,21,weekly,2026-04-03,512800,银行ETF华宝,sector,银行,0.017879948914431676,512800,0.017879948914431676,511010,0.001261591315689925,最佳行业/主题 ETF 动量为正，持有该 ETF
mom_1m,21,weekly,2026-04-10,515030,新能源车ETF华夏,sector,新能源车,0.004179728317659448,515030,0.004179728317659448,511260,0.0023972781214869343,最佳行业/主题 ETF 动量为正，持有该 ETF
mom_1m,21,weekly,2026-04-17,515030,新能源车ETF华夏,sector,新能源车,0.09012412304371287,515030,0.09012412304371287,511260,0.006050682841513666,最佳行业/主题 ETF 动量为正，持有该 ETF
mom_1m,21,weekly,2026-04-24,512480,半导体ETF国联安,sector,半导体,0.12550335570469806,512480,0.12550335570469806,511260,0.006707861822513372,最佳行业/主题 ETF 动量为正，持有该 ETF
mom_1m,21,weekly,2026-04-30,512480,半导体ETF国联安,sector,半导体,0.28409893992932855,512480,0.28409893992932855,511260,0.004502429528805196,最佳行业/主题 ETF 动量为正，持有该 ETF
mom_1m,21,weekly,2026-05-08,512480,半导体ETF国联安,sector,半导体,0.34607218683651797,512480,0.34607218683651797,511260,0.004951304735707263,最佳行业/主题 ETF 动量为正，持有该 ETF
mom_1m,21,weekly,2026-05-15,512480,半导体ETF国联安,sector,半导体,0.29948914431673046,512480,0.29948914431673046,511260,0.005054441005544197,最佳行业/主题 ETF 动量为正，持有该 ETF
mom_1m,21,weekly,2026-05-22,512480,半导体ETF国联安,sector,半导体,0.32425892316999394,512480,0.32425892316999394,511010,0.003303988233538613,最佳行业/主题 ETF 动量为正，持有该 ETF
mom_1m,21,weekly,2026-05-29,512480,半导体ETF国联安,sector,半导体,0.23076923076923084,512480,0.23076923076923084,511260,0.007974387098686808,最佳行业/主题 ETF 动量为正，持有该 ETF
mom_1m,21,weekly,2026-06-05,515220,煤炭ETF国泰,sector,煤炭,0.10978520286396187,515220,0.10978520286396187,511260,0.0072767381262583974,最佳行业/主题 ETF 动量为正，持有该 ETF
mom_1m,21,weekly,2026-06-12,515220,煤炭ETF国泰,sector,煤炭,0.08745874587458746,515220,0.08745874587458746,511260,0.0015660781561646075,最佳行业/主题 ETF 动量为正，持有该 ETF
mom_1m,21,weekly,2026-06-18,512480,半导体ETF国联安,sector,半导体,0.11405478221823073,512480,0.11405478221823073,511260,0.002484389628963468,最佳行业/主题 ETF 动量为正，持有该 ETF
mom_1m,21,biweekly,2015-01-16,CASH,空仓,cash,现金,0.0,,,,,行业和防守资产均无正动量，空仓
mom_1m,21,biweekly,2015-01-30,CASH,空仓,cash,现金,0.0,,,,,行业和防守资产均无正动量，空仓
mom_1m,21,biweekly,2015-02-13,159928,消费ETF汇添富,sector,消费,0.010273972602739656,159928,0.010273972602739656,511010,0.02282607619255117,最佳行业/主题 ETF 动量为正，持有该 ETF
mom_1m,21,biweekly,2015-02-27,159928,消费ETF汇添富,sector,消费,0.016891891891891886,159928,0.016891891891891886,511010,0.0106505045750096,最佳行业/主题 ETF 动量为正，持有该 ETF
mom_1m,21,biweekly,2015-03-13,159928,消费ETF汇添富,sector,消费,0.10877192982456152,159928,0.10877192982456152,511010,0.0017976298641031452,最佳行业/主题 ETF 动量为正，持有该 ETF
mom_1m,21,biweekly,2015-03-27,159928,消费ETF汇添富,sector,消费,0.15666666666666673,159928,0.15666666666666673,511010,-0.004532616397006861,最佳行业/主题 ETF 动量为正，持有该 ETF
mom_1m,21,biweekly,2015-04-10,159928,消费ETF汇添富,sector,消费,0.20192307692307687,159928,0.20192307692307687,511010,-0.008896554412223256,最佳行业/主题 ETF 动量为正，持有该 ETF
mom_1m,21,biweekly,2015-04-24,159928,消费ETF汇添富,sector,消费,0.18128654970760238,159928,0.18128654970760238,511010,0.002902333554092529,最佳行业/主题 ETF 动量为正，持有该 ETF
mom_1m,21,biweekly,2015-05-08,159928,消费ETF汇添富,sector,消费,0.05163043478260865,159928,0.05163043478260865,511010,0.017464239655834435,最佳行业/主题 ETF 动量为正，持有该 ETF
mom_1m,21,biweekly,2015-05-22,512010,医药ETF易方达,sector,医药,0.09821428571428559,512010,0.09821428571428559,511010,0.000949005480990861,最佳行业/主题 ETF 动量为正，持有该 ETF
mom_1m,21,biweekly,2015-06-05,159928,消费ETF汇添富,sector,消费,0.2313829787234043,159928,0.2313829787234043,511010,0.0038162008894757626,最佳行业/主题 ETF 动量为正，持有该 ETF
mom_1m,21,biweekly,2015-06-19,CASH,空仓,cash,现金,0.0,159928,0.0,511010,-0.0072431490268227705,行业和防守资产均无正动量，空仓
mom_1m,21,biweekly,2015-07-03,CASH,空仓,cash,现金,0.0,512010,-0.21836228287841197,511010,-0.006684868683139222,行业和防守资产均无正动量，空仓
mom_1m,21,biweekly,2015-07-17,511010,国债ETF国泰,defensive,国债,0.024957508742454282,512010,-0.12051282051282053,511010,0.024957508742454282,最佳行业/主题 ETF 动量为负或不可用，切换到正动量防守资产
mom_1m,21,biweekly,2015-07-31,511010,国债ETF国泰,defensive,国债,0.023074588583120503,512010,-0.0388059701492538,511010,0.023074588583120503,最佳行业/主题 ETF 动量为负或不可用，切换到正动量防守资产
mom_1m,21,biweekly,2015-08-14,159928,消费ETF汇添富,sector,消费,0.07945205479452055,159928,0.07945205479452055,511010,0.004394381332514463,最佳行业/主题 ETF 动量为正，持有该 ETF
mom_1m,21,biweekly,2015-08-28,511010,国债ETF国泰,defensive,国债,0.00254326417439521,159928,-0.08695652173913038,511010,0.00254326417439521,最佳行业/主题 ETF 动量为负或不可用，切换到正动量防守资产
mom_1m,21,biweekly,2015-09-11,CASH,空仓,cash,现金,0.0,512010,-0.14749262536873164,511010,-0.0036123793093588707,行业和防守资产均无正动量，空仓
mom_1m,21,biweekly,2015-09-25,512010,医药ETF易方达,sector,医药,0.0620155038759691,512010,0.0620155038759691,511010,0.0026647751236532624,最佳行业/主题 ETF 动量为正，持有该 ETF
mom_1m,21,biweekly,2015-10-09,512010,医药ETF易方达,sector,医药,0.03985507246376785,512010,0.03985507246376785,511010,-0.002560358070817559,最佳行业/主题 ETF 动量为正，持有该 ETF
mom_1m,21,biweekly,2015-10-23,512010,医药ETF易方达,sector,医药,0.13090909090909086,512010,0.13090909090909086,511010,0.011146557652632394,最佳行业/主题 ETF 动量为正，持有该 ETF
mom_1m,21,biweekly,2015-11-06,512010,医药ETF易方达,sector,医药,0.09688581314878908,512010,0.09688581314878908,511010,0.006129471988408408,最佳行业/主题 ETF 动量为正，持有该 ETF
mom_1m,21,biweekly,2015-11-20,159928,消费ETF汇添富,sector,消费,0.07692307692307687,159928,0.07692307692307687,511010,-0.003622434502979388,最佳行业/主题 ETF 动量为正，持有该 ETF
mom_1m,21,biweekly,2015-12-04,512010,医药ETF易方达,sector,医药,0.012779552715654896,512010,0.012779552715654896,511010,0.002118884558628853,最佳行业/主题 ETF 动量为正，持有该 ETF
mom_1m,21,biweekly,2015-12-18,512010,医药ETF易方达,sector,医药,0.03194888178913735,512010,0.03194888178913735,511010,0.010328852434115632,最佳行业/主题 ETF 动量为正，持有该 ETF
mom_1m,21,biweekly,2015-12-31,159928,消费ETF汇添富,sector,消费,0.058479532163742576,159928,0.058479532163742576,511010,0.011753710207318413,最佳行业/主题 ETF 动量为正，持有该 ETF
mom_1m,21,biweekly,2016-01-15,511010,国债ETF国泰,defensive,国债,0.014164679716140993,159928,-0.07288629737609331,511010,0.014164679716140993,最佳行业/主题 ETF 动量为负或不可用，切换到正动量防守资产
mom_1m,21,biweekly,2016-01-29,CASH,空仓,cash,现金,0.0,512010,-0.16766467065868262,511010,-0.001500591848337729,行业和防守资产均无正动量，空仓
mom_1m,21,biweekly,2016-02-19,CASH,空仓,cash,现金,0.0,512010,-0.06756756756756743,511010,-0.000427871154973114,行业和防守资产均无正动量，空仓
mom_1m,21,biweekly,2016-03-04,159928,消费ETF汇添富,sector,消费,0.023648648648648685,159928,0.023648648648648685,511010,0.0063410534180052824,最佳行业/主题 ETF 动量为正，持有该 ETF
mom_1m,21,biweekly,2016-03-18,159928,消费ETF汇添富,sector,消费,0.0331125827814569,159928,0.0331125827814569,511010,0.007236927891511202,最佳行业/主题 ETF 动量为正，持有该 ETF
mom_1m,21,biweekly,2016-04-01,159928,消费ETF汇添富,sector,消费,0.07666666666666666,159928,0.07666666666666666,511010,0.011537534083953194,最佳行业/主题 ETF 动量为正，持有该 ETF
mom_1m,21,biweekly,2016-04-15,159928,消费ETF汇添富,sector,消费,0.0490196078431373,159928,0.0490196078431373,511010,0.0029867307781219488,最佳行业/主题 ETF 动量为正，持有该 ETF
mom_1m,21,biweekly,2016-04-29,CASH,空仓,cash,现金,0.0,159928,-0.015384615384615441,511010,-0.0070874393293131055,行业和防守资产均无正动量，空仓
mom_1m,21,biweekly,2016-05-13,159928,消费ETF汇添富,sector,消费,0.027692307692307683,159928,0.027692307692307683,511010,-3.6821562707123334e-05,最佳行业/主题 ETF 动量为正，持有该 ETF
mom_1m,21,biweekly,2016-05-27,159928,消费ETF汇添富,sector,消费,0.018750000000000044,159928,0.018750000000000044,511010,0.005565828230549741,最佳行业/主题 ETF 动量为正，持有该 ETF
mom_1m,21,biweekly,2016-06-08,159928,消费ETF汇添富,sector,消费,0.030487804878048808,159928,0.030487804878048808,511010,-0.0007848133990729922,最佳行业/主题 ETF 动量为正，持有该 ETF
mom_1m,21,biweekly,2016-06-24,159928,消费ETF汇添富,sector,消费,0.021341463414634054,159928,0.021341463414634054,511010,0.004841854319322048,最佳行业/主题 ETF 动量为正，持有该 ETF
mom_1m,21,biweekly,2016-07-08,159928,消费ETF汇添富,sector,消费,0.06824925816023719,159928,0.06824925816023719,511010,0.01113598105773339,最佳行业/主题 ETF 动量为正，持有该 ETF
mom_1m,21,biweekly,2016-07-22,159928,消费ETF汇添富,sector,消费,0.0771513353115727,159928,0.0771513353115727,511010,0.00906244243875487,最佳行业/主题 ETF 动量为正，持有该 ETF
mom_1m,21,biweekly,2016-08-05,512010,医药ETF易方达,sector,医药,0.05666666666666664,512010,0.05666666666666664,511010,0.005638565227324754,最佳行业/主题 ETF 动量为正，持有该 ETF
mom_1m,21,biweekly,2016-08-19,512010,医药ETF易方达,sector,医药,0.03883495145631066,512010,0.03883495145631066,511010,0.005347495984815209,最佳行业/主题 ETF 动量为正，持有该 ETF
mom_1m,21,biweekly,2016-09-02,512010,医药ETF易方达,sector,医药,0.022292993630573354,512010,0.022292993630573354,511010,0.0007279676054414708,最佳行业/主题 ETF 动量为正，持有该 ETF
mom_1m,21,biweekly,2016-09-14,CASH,空仓,cash,现金,0.0,512010,-0.0062893081761006275,511010,-0.0021658948589449167,行业和防守资产均无正动量，空仓
mom_1m,21,biweekly,2016-09-30,511010,国债ETF国泰,defensive,国债,0.003342021378038851,512010,-0.006191950464396245,511010,0.003342021378038851,最佳行业/主题 ETF 动量为负或不可用，切换到正动量防守资产
mom_1m,21,biweekly,2016-10-21,512010,医药ETF易方达,sector,医药,0.03134796238244508,512010,0.03134796238244508,511010,0.00979010808206593,最佳行业/主题 ETF 动量为正，持有该 ETF
mom_1m,21,biweekly,2016-11-04,512880,证券ETF国泰,sector,证券,0.06594488188976366,512880,0.06594488188976366,511010,0.00468220761107796,最佳行业/主题 ETF 动量为正，持有该 ETF
mom_1m,21,biweekly,2016-11-18,512880,证券ETF国泰,sector,证券,0.08535402521823476,512880,0.08535402521823476,511010,-0.009970161632005481,最佳行业/主题 ETF 动量为正，持有该 ETF
mom_1m,21,biweekly,2016-12-02,512880,证券ETF国泰,sector,证券,0.02754820936639124,512880,0.02754820936639124,511010,-0.016019421856808824,最佳行业/主题 ETF 动量为正，持有该 ETF
mom_1m,21,biweekly,2016-12-16,159928,消费ETF汇添富,sector,消费,0.010958904109588996,159928,0.010958904109588996,511010,-0.03710972994584383,最佳行业/主题 ETF 动量为正，持有该 ETF
mom_1m,21,biweekly,2016-12-30,CASH,空仓,cash,现金,0.0,512010,-0.02083333333333337,511010,-0.00878891019348449,行业和防守资产均无正动量，空仓
mom_1m,21,biweekly,2017-01-13,512660,军工ETF国泰,sector,军工,0.0327198364008181,512660,0.0327198364008181,511010,0.006744043072451911,最佳行业/主题 ETF 动量为正，持有该 ETF
mom_1m,21,biweekly,2017-01-26,512660,军工ETF国泰,sector,军工,0.03137651821862342,512660,0.03137651821862342,511010,0.008199776369735456,最佳行业/主题 ETF 动量为正，持有该 ETF
mom_1m,21,biweekly,2017-02-10,159928,消费ETF汇添富,sector,消费,0.013477088948786964,159928,0.013477088948786964,511010,-0.0029275794661798304,最佳行业/主题 ETF 动量为正，持有该 ETF
mom_1m,21,biweekly,2017-02-24,159928,消费ETF汇添富,sector,消费,0.07377049180327866,159928,0.07377049180327866,511010,0.0018417569806290501,最佳行业/主题 ETF 动量为正，持有该 ETF
mom_1m,21,biweekly,2017-03-10,159928,消费ETF汇添富,sector,消费,0.040000000000000036,159928,0.040000000000000036,511010,9.265865478225166e-06,最佳行业/主题 ETF 动量为正，持有该 ETF
mom_1m,21,biweekly,2017-03-24,512010,医药ETF易方达,sector,医药,0.07507507507507505,512010,0.07507507507507505,511010,-0.00035056967572300035,最佳行业/主题 ETF 动量为正，持有该 ETF
mom_1m,21,biweekly,2017-04-07,512010,医药ETF易方达,sector,医药,0.10510510510510507,512010,0.10510510510510507,511010,-1.8472849529382884e-05,最佳行业/主题 ETF 动量为正，持有该 ETF
mom_1m,21,biweekly,2017-04-21,512010,医药ETF易方达,sector,医药,0.034383954154727725,512010,0.034383954154727725,511010,-0.0046806778657588755,最佳行业/主题 ETF 动量为正，持有该 ETF
mom_1m,21,biweekly,2017-05-05,CASH,空仓,cash,现金,0.0,512010,0.0,511010,-0.012364288752843677,行业和防守资产均无正动量，空仓
mom_1m,21,biweekly,2017-05-19,512010,医药ETF易方达,sector,医药,0.014005602240896309,512010,0.014005602240896309,511010,-0.01686769344961958,最佳行业/主题 ETF 动量为正，持有该 ETF
mom_1m,21,biweekly,2017-06-02,512010,医药ETF易方达,sector,医药,0.03966005665722383,512010,0.03966005665722383,511010,-0.002989550542962016,最佳行业/主题 ETF 动量为正，持有该 ETF
mom_1m,21,biweekly,2017-06-16,512010,医药ETF易方达,sector,医药,0.05248618784530401,512010,0.05248618784530401,511010,0.010169012758344698,最佳行业/主题 ETF 动量为正，持有该 ETF
mom_1m,21,biweekly,2017-06-30,159928,消费ETF汇添富,sector,消费,0.08980582524271852,159928,0.08980582524271852,511010,0.0020124114304969076,最佳行业/主题 ETF 动量为正，持有该 ETF
mom_1m,21,biweekly,2017-07-14,512880,证券ETF国泰,sector,证券,0.048338368580060465,512880,0.048338368580060465,511010,-0.002978628341648748,最佳行业/主题 ETF 动量为正，持有该 ETF
mom_1m,21,biweekly,2017-07-28,512880,证券ETF国泰,sector,证券,0.03656126482213429,512880,0.03656126482213429,511010,-0.002200753478309614,最佳行业/主题 ETF 动量为正，持有该 ETF
mom_1m,21,biweekly,2017-08-11,159928,消费ETF汇添富,sector,消费,0.03661327231121292,159928,0.03661327231121292,511010,0.0004480077654678283,最佳行业/主题 ETF 动量为正，持有该 ETF
mom_1m,21,biweekly,2017-08-25,159928,消费ETF汇添富,sector,消费,0.06621004566210043,159928,0.06621004566210043,511010,0.003233765748252404,最佳行业/主题 ETF 动量为正，持有该 ETF
mom_1m,21,biweekly,2017-09-08,512880,证券ETF国泰,sector,证券,0.050284629981024676,512880,0.050284629981024676,511010,0.003501400560224077,最佳行业/主题 ETF 动量为正，持有该 ETF
mom_1m,21,biweekly,2017-09-22,512880,证券ETF国泰,sector,证券,0.0714285714285714,512880,0.0714285714285714,511260,0.010007969117084015,最佳行业/主题 ETF 动量为正，持有该 ETF
mom_1m,21,biweekly,2017-10-13,159928,消费ETF汇添富,sector,消费,0.1431623931623931,159928,0.1431623931623931,511260,0.0009488644567750004,最佳行业/主题 ETF 动量为正，持有该 ETF
mom_1m,21,biweekly,2017-10-27,159928,消费ETF汇添富,sector,消费,0.17561983471074383,159928,0.17561983471074383,511010,-0.004711699944019543,最佳行业/主题 ETF 动量为正，持有该 ETF
mom_1m,21,biweekly,2017-11-10,159928,消费ETF汇添富,sector,消费,0.07089552238805963,159928,0.07089552238805963,511010,-0.0032186138503017547,最佳行业/主题 ETF 动量为正，持有该 ETF
mom_1m,21,biweekly,2017-11-24,512800,银行ETF华宝,sector,银行,0.06438631790744465,512800,0.06438631790744465,511010,-0.005522638136156499,最佳行业/主题 ETF 动量为正，持有该 ETF
mom_1m,21,biweekly,2017-12-08,512800,银行ETF华宝,sector,银行,0.026104417670682833,512800,0.026104417670682833,511010,0.0001781094154260643,最佳行业/主题 ETF 动量为正，持有该 ETF
mom_1m,21,biweekly,2017-12-22,159928,消费ETF汇添富,sector,消费,0.05357142857142838,159928,0.05357142857142838,511010,0.0066881440871153774,最佳行业/主题 ETF 动量为正，持有该 ETF
mom_1m,21,biweekly,2018-01-05,159928,消费ETF汇添富,sector,消费,0.12037037037037024,159928,0.12037037037037024,511010,0.006656623670087569,最佳行业/主题 ETF 动量为正，持有该 ETF
mom_1m,21,biweekly,2018-01-19,512800,银行ETF华宝,sector,银行,0.11220472440944862,512800,0.11220472440944862,511010,0.000346299277451223,最佳行业/主题 ETF 动量为正，持有该 ETF
mom_1m,21,biweekly,2018-02-02,512800,银行ETF华宝,sector,银行,0.11262135922330074,512800,0.11262135922330074,511010,0.0031428892131553088,最佳行业/主题 ETF 动量为正，持有该 ETF
mom_1m,21,biweekly,2018-02-14,511260,十年国债ETF国泰,defensive,十年国债,0.010863729669982503,512800,-0.01848428835489835,511260,0.010863729669982503,最佳行业/主题 ETF 动量为负或不可用，切换到正动量防守资产
mom_1m,21,biweekly,2018-03-02,511260,十年国债ETF国泰,defensive,十年国债,0.01554469626758781,512010,-0.04662004662004671,511260,0.01554469626758781,最佳行业/主题 ETF 动量为负或不可用，切换到正动量防守资产
mom_1m,21,biweekly,2018-03-16,512010,医药ETF易方达,sector,医药,0.09749999999999992,512010,0.09749999999999992,511010,0.007227815914234936,最佳行业/主题 ETF 动量为正，持有该 ETF
mom_1m,21,biweekly,2018-03-30,512010,医药ETF易方达,sector,医药,0.12195121951219523,512010,0.12195121951219523,511010,0.0028921496156120163,最佳行业/主题 ETF 动量为正，持有该 ETF
mom_1m,21,biweekly,2018-04-13,512660,军工ETF国泰,sector,军工,0.04523227383863082,512660,0.04523227383863082,511260,0.01289168901919191,最佳行业/主题 ETF 动量为正，持有该 ETF
mom_1m,21,biweekly,2018-04-27,512660,军工ETF国泰,sector,军工,0.01200480192076836,512660,0.01200480192076836,511260,0.021097046413502074,最佳行业/主题 ETF 动量为正，持有该 ETF
mom_1m,21,biweekly,2018-05-11,512010,医药ETF易方达,sector,医药,0.05434782608695654,512010,0.05434782608695654,511260,0.005643097227789884,最佳行业/主题 ETF 动量为正，持有该 ETF
mom_1m,21,biweekly,2018-05-25,512010,医药ETF易方达,sector,医药,0.1785714285714286,512010,0.1785714285714286,511010,0.0021993867270204692,最佳行业/主题 ETF 动量为正，持有该 ETF
mom_1m,21,biweekly,2018-06-08,159928,消费ETF汇添富,sector,消费,0.041450777202072686,159928,0.041450777202072686,511260,0.005207907014815438,最佳行业/主题 ETF 动量为正，持有该 ETF
mom_1m,21,biweekly,2018-06-22,159928,消费ETF汇添富,sector,消费,0.012048192771084265,159928,0.012048192771084265,511260,0.009057897099024936,最佳行业/主题 ETF 动量为正，持有该 ETF
mom_1m,21,biweekly,2018-07-06,511260,十年国债ETF国泰,defensive,十年国债,0.010486602705827464,512660,-0.08026315789473693,511260,0.010486602705827464,最佳行业/主题 ETF 动量为负或不可用，切换到正动量防守资产
mom_1m,21,biweekly,2018-07-20,512660,军工ETF国泰,sector,军工,0.09370199692780323,512660,0.09370199692780323,511260,0.015192027224112836,最佳行业/主题 ETF 动量为正，持有该 ETF
mom_1m,21,biweekly,2018-08-03,512800,银行ETF华宝,sector,银行,0.05568445475638062,512800,0.05568445475638062,511010,0.008130891950689056,最佳行业/主题 ETF 动量为正，持有该 ETF
mom_1m,21,biweekly,2018-08-17,512800,银行ETF华宝,sector,银行,0.015909090909090873,512800,0.015909090909090873,511010,-0.006900164375643447,最佳行业/主题 ETF 动量为正，持有该 ETF
mom_1m,21,biweekly,2018-08-31,512800,银行ETF华宝,sector,银行,0.026373626373626502,512800,0.026373626373626502,511010,-0.0030417292860934753,最佳行业/主题 ETF 动量为正，持有该 ETF
mom_1m,21,biweekly,2018-09-14,512660,军工ETF国泰,sector,军工,0.06268656716417897,512660,0.06268656716417897,511010,-0.0027098802232941033,最佳行业/主题 ETF 动量为正，持有该 ETF
mom_1m,21,biweekly,2018-09-28,512800,银行ETF华宝,sector,银行,0.05330490405117283,512800,0.05330490405117283,511010,0.003959715768347527,最佳行业/主题 ETF 动量为正，持有该 ETF
mom_1m,21,biweekly,2018-10-19,512800,银行ETF华宝,sector,银行,0.0393013100436681,512800,0.0393013100436681,511260,0.013113328682499592,最佳行业/主题 ETF 动量为正，持有该 ETF
mom_1m,21,biweekly,2018-11-02,512880,证券ETF国泰,sector,证券,0.07756232686980624,512880,0.07756232686980624,511260,0.012893347838349722,最佳行业/主题 ETF 动量为正，持有该 ETF
mom_1m,21,biweekly,2018-11-16,512880,证券ETF国泰,sector,证券,0.3001605136436598,512880,0.3001605136436598,511260,0.018144738025972496,最佳行业/主题 ETF 动量为正，持有该 ETF
mom_1m,21,biweekly,2018-11-30,159928,消费ETF汇添富,sector,消费,0.04608294930875578,159928,0.04608294930875578,511260,0.011092667508225018,最佳行业/主题 ETF 动量为正，持有该 ETF
mom_1m,21,biweekly,2018-12-14,159928,消费ETF汇添富,sector,消费,0.0331858407079646,159928,0.0331858407079646,511260,0.004633683237085018,最佳行业/主题 ETF 动量为正，持有该 ETF
mom_1m,21,biweekly,2018-12-28,159928,消费ETF汇添富,sector,消费,0.020224719101123556,159928,0.020224719101123556,511010,0.01667127774455812,最佳行业/主题 ETF 动量为正，持有该 ETF
mom_1m,21,biweekly,2019-01-11,512660,军工ETF国泰,sector,军工,0.024653312788905923,512660,0.024653312788905923,511260,0.005156143593734619,最佳行业/主题 ETF 动量为正，持有该 ETF
mom_1m,21,biweekly,2019-01-25,512880,证券ETF国泰,sector,证券,0.10875706214689274,512880,0.10875706214689274,511260,0.007877628316510732,最佳行业/主题 ETF 动量为正，持有该 ETF
mom_1m,21,biweekly,2019-02-15,159928,消费ETF汇添富,sector,消费,0.15824175824175835,159928,0.15824175824175835,511260,0.005690671363728805,最佳行业/主题 ETF 动量为正，持有该 ETF
mom_1m,21,biweekly,2019-03-01,512880,证券ETF国泰,sector,证券,0.32061068702290085,512880,0.32061068702290085,511010,-0.0009047071120520389,最佳行业/主题 ETF 动量为正，持有该 ETF
mom_1m,21,biweekly,2019-03-15,512980,传媒ETF广发,sector,传媒,0.2371428571428571,512980,0.2371428571428571,511260,-0.0024762253461416694,最佳行业/主题 ETF 动量为正，持有该 ETF
mom_1m,21,biweekly,2019-03-29,159928,消费ETF汇添富,sector,消费,0.15452930728241587,159928,0.15452930728241587,511260,0.008434646035716309,最佳行业/主题 ETF 动量为正，持有该 ETF
mom_1m,21,biweekly,2019-04-12,159928,消费ETF汇添富,sector,消费,0.17338003502626997,159928,0.17338003502626997,511010,-0.0033577399421623744,最佳行业/主题 ETF 动量为正，持有该 ETF
mom_1m,21,biweekly,2019-04-26,159928,消费ETF汇添富,sector,消费,0.10406504065040667,159928,0.10406504065040667,511010,-0.006670055744486869,最佳行业/主题 ETF 动量为正，持有该 ETF
mom_1m,21,biweekly,2019-05-10,511010,国债ETF国泰,defensive,国债,0.002212272382732028,159928,-0.0521861777150916,511010,0.002212272382732028,最佳行业/主题 ETF 动量为负或不可用，切换到正动量防守资产
mom_1m,21,biweekly,2019-05-24,511260,十年国债ETF国泰,defensive,十年国债,0.009269169211433281,159928,-0.033625730994152114,511260,0.009269169211433281,最佳行业/主题 ETF 动量为负或不可用，切换到正动量防守资产
mom_1m,21,biweekly,2019-06-06,512400,有色金属ETF南方,sector,有色金属,0.04490500863557867,512400,0.04490500863557867,511260,0.012545433227810987,最佳行业/主题 ETF 动量为正，持有该 ETF
mom_1m,21,biweekly,2019-06-21,512690,酒ETF鹏华,sector,白酒/酒,0.12142857142857122,512690,0.12142857142857122,511260,0.006826469587202899,最佳行业/主题 ETF 动量为正，持有该 ETF
mom_1m,21,biweekly,2019-07-05,512690,酒ETF鹏华,sector,白酒/酒,0.7964601769911506,512690,0.7964601769911506,511010,0.004117852771463593,最佳行业/主题 ETF 动量为正，持有该 ETF
mom_1m,21,biweekly,2019-07-19,512690,酒ETF鹏华,sector,白酒/酒,0.20394736842105265,512690,0.20394736842105265,511260,0.006509687264579345,最佳行业/主题 ETF 动量为正，持有该 ETF
mom_1m,21,biweekly,2019-08-02,512480,半导体ETF国联安,sector,半导体,0.03784860557768921,512480,0.03784860557768921,511260,0.003560255647467425,最佳行业/主题 ETF 动量为正，持有该 ETF
mom_1m,21,biweekly,2019-08-16,512170,医疗ETF华宝,sector,医疗,0.05113636363636376,512170,0.05113636363636376,511260,0.013196917200142044,最佳行业/主题 ETF 动量为正，持有该 ETF
mom_1m,21,biweekly,2019-08-30,512690,酒ETF鹏华,sector,白酒/酒,0.36363636363636354,512690,0.36363636363636354,511260,0.009481717254999689,最佳行业/主题 ETF 动量为正，持有该 ETF
mom_1m,21,biweekly,2019-09-12,512480,半导体ETF国联安,sector,半导体,0.23391812865497075,512480,0.23391812865497075,511010,-0.002684876633803568,最佳行业/主题 ETF 动量为正，持有该 ETF
mom_1m,21,biweekly,2019-09-27,512480,半导体ETF国联安,sector,半导体,0.10971223021582732,512480,0.10971223021582732,511010,-0.0006836038904848296,最佳行业/主题 ETF 动量为正，持有该 ETF
mom_1m,21,biweekly,2019-10-11,512170,医疗ETF华宝,sector,医疗,0.06393861892583108,512170,0.06393861892583108,511010,0.0021928494041170143,最佳行业/主题 ETF 动量为正，持有该 ETF
mom_1m,21,biweekly,2019-10-25,512800,银行ETF华宝,sector,银行,0.06439393939393945,512800,0.06439393939393945,511010,4.327730365072391e-05,最佳行业/主题 ETF 动量为正，持有该 ETF
mom_1m,21,biweekly,2019-11-08,512010,医药ETF易方达,sector,医药,0.07743362831858391,512010,0.07743362831858391,511010,-0.002506633936365965,最佳行业/主题 ETF 动量为正，持有该 ETF
mom_1m,21,biweekly,2019-11-22,512690,酒ETF鹏华,sector,白酒/酒,0.1957671957671958,512690,0.1957671957671958,511010,0.004381293780467699,最佳行业/主题 ETF 动量为正，持有该 ETF
mom_1m,21,biweekly,2019-12-06,512480,半导体ETF国联安,sector,半导体,0.11986863711001661,512480,0.11986863711001661,511260,0.009277418858637088,最佳行业/主题 ETF 动量为正，持有该 ETF
mom_1m,21,biweekly,2019-12-20,512480,半导体ETF国联安,sector,半导体,0.12618296529968442,512480,0.12618296529968442,511010,0.001542744361226367,最佳行业/主题 ETF 动量为正，持有该 ETF
mom_1m,21,biweekly,2020-01-03,512980,传媒ETF广发,sector,传媒,0.17195767195767186,512980,0.17195767195767186,511260,0.005106755971379329,最佳行业/主题 ETF 动量为正，持有该 ETF
mom_1m,21,biweekly,2020-01-17,512690,酒ETF鹏华,sector,白酒/酒,0.15652173913043477,512690,0.15652173913043477,511260,0.012758515233762813,最佳行业/主题 ETF 动量为正，持有该 ETF
mom_1m,21,biweekly,2020-02-07,512480,半导体ETF国联安,sector,半导体,0.285913528591353,512480,0.285913528591353,511260,0.02424104691021345,最佳行业/主题 ETF 动量为正，持有该 ETF
mom_1m,21,biweekly,2020-02-21,512480,半导体ETF国联安,sector,半导体,0.3688622754491018,512480,0.3688622754491018,511260,0.01920444138113364,最佳行业/主题 ETF 动量为正，持有该 ETF
mom_1m,21,biweekly,2020-03-06,512690,酒ETF鹏华,sector,白酒/酒,0.2432432432432432,512690,0.2432432432432432,511260,0.015461388191943426,最佳行业/主题 ETF 动量为正，持有该 ETF
mom_1m,21,biweekly,2020-03-20,511260,十年国债ETF国泰,defensive,十年国债,0.010210143313284181,512170,-0.0663983903420523,511260,0.010210143313284181,最佳行业/主题 ETF 动量为负或不可用，切换到正动量防守资产
mom_1m,21,biweekly,2020-04-03,511010,国债ETF国泰,defensive,国债,0.010368818105616073,512010,-0.04069767441860472,511010,0.010368818105616073,最佳行业/主题 ETF 动量为负或不可用，切换到正动量防守资产
mom_1m,21,biweekly,2020-04-17,512690,酒ETF鹏华,sector,白酒/酒,0.3694267515923566,512690,0.3694267515923566,511010,0.02596650295932501,最佳行业/主题 ETF 动量为正，持有该 ETF
mom_1m,21,biweekly,2020-04-30,512690,酒ETF鹏华,sector,白酒/酒,0.2872340425531914,512690,0.2872340425531914,511010,0.026900769186089857,最佳行业/主题 ETF 动量为正，持有该 ETF
mom_1m,21,biweekly,2020-05-15,512690,酒ETF鹏华,sector,白酒/酒,0.34449760765550264,512690,0.34449760765550264,511010,0.008851882872674244,最佳行业/主题 ETF 动量为正，持有该 ETF
mom_1m,21,biweekly,2020-05-29,512690,酒ETF鹏华,sector,白酒/酒,0.35930735930735924,512690,0.35930735930735924,511260,-0.01586348978860619,最佳行业/主题 ETF 动量为正，持有该 ETF
mom_1m,21,biweekly,2020-06-12,512690,酒ETF鹏华,sector,白酒/酒,0.20629370629370625,512690,0.20629370629370625,511260,-0.005542229975287083,最佳行业/主题 ETF 动量为正，持有该 ETF
mom_1m,21,biweekly,2020-06-24,512690,酒ETF鹏华,sector,白酒/酒,0.25913621262458486,512690,0.25913621262458486,511260,-0.011517257691817773,最佳行业/主题 ETF 动量为正，持有该 ETF
mom_1m,21,biweekly,2020-07-10,512690,酒ETF鹏华,sector,白酒/酒,0.45868945868945876,512690,0.45868945868945876,511010,-0.014183217911093005,最佳行业/主题 ETF 动量为正，持有该 ETF
mom_1m,21,biweekly,2020-07-24,512660,军工ETF国泰,sector,军工,0.2938331318016929,512660,0.2938331318016929,511010,0.008085912823752484,最佳行业/主题 ETF 动量为正，持有该 ETF
mom_1m,21,biweekly,2020-08-07,512660,军工ETF国泰,sector,军工,0.19980787704130654,512660,0.19980787704130654,511260,0.008837614687497108,最佳行业/主题 ETF 动量为正，持有该 ETF
mom_1m,21,biweekly,2020-08-21,512660,军工ETF国泰,sector,军工,0.04215246636771286,512660,0.04215246636771286,511260,-0.007826921656944541,最佳行业/主题 ETF 动量为正，持有该 ETF
mom_1m,21,biweekly,2020-09-04,512690,酒ETF鹏华,sector,白酒/酒,0.22178217821782176,512690,0.22178217821782176,511260,-0.003293685402015134,最佳行业/主题 ETF 动量为正，持有该 ETF
mom_1m,21,biweekly,2020-09-18,512690,酒ETF鹏华,sector,白酒/酒,0.1142857142857141,512690,0.1142857142857141,511260,-0.0009864319082804052,最佳行业/主题 ETF 动量为正，持有该 ETF
mom_1m,21,biweekly,2020-09-30,511260,十年国债ETF国泰,defensive,十年国债,0.0006619861449097542,515030,-0.012578616352201255,511260,0.0006619861449097542,最佳行业/主题 ETF 动量为负或不可用，切换到正动量防守资产
mom_1m,21,biweekly,2020-10-16,515030,新能源车ETF华夏,sector,新能源车,0.16798418972332008,515030,0.16798418972332008,511010,-0.0005090569719593541,最佳行业/主题 ETF 动量为正，持有该 ETF
mom_1m,21,biweekly,2020-10-30,512690,酒ETF鹏华,sector,白酒/酒,0.17437722419928825,512690,0.17437722419928825,511010,-0.0018648844784230345,最佳行业/主题 ETF 动量为正，持有该 ETF
mom_1m,21,biweekly,2020-11-13,512690,酒ETF鹏华,sector,白酒/酒,0.15974440894568676,512690,0.15974440894568676,511010,0.0012838498490839179,最佳行业/主题 ETF 动量为正，持有该 ETF
mom_1m,21,biweekly,2020-11-27,515220,煤炭ETF国泰,sector,煤炭,0.2409326424870466,515220,0.2409326424870466,511010,-0.002674702058504952,最佳行业/主题 ETF 动量为正，持有该 ETF
mom_1m,21,biweekly,2020-12-11,515220,煤炭ETF国泰,sector,煤炭,0.11267605633802824,515220,0.11267605633802824,511010,-0.000660876932853216,最佳行业/主题 ETF 动量为正，持有该 ETF
mom_1m,21,biweekly,2020-12-25,515030,新能源车ETF华夏,sector,新能源车,0.2062084257206207,515030,0.2062084257206207,511010,0.005938494167550434,最佳行业/主题 ETF 动量为正，持有该 ETF
mom_1m,21,biweekly,2021-01-08,512690,酒ETF鹏华,sector,白酒/酒,0.3448702101359704,512690,0.3448702101359704,511010,0.006308854413657583,最佳行业/主题 ETF 动量为正，持有该 ETF
mom_1m,21,biweekly,2021-01-22,512170,医疗ETF华宝,sector,医疗,0.22924901185770752,512170,0.22924901185770752,511260,0.012022287039114454,最佳行业/主题 ETF 动量为正，持有该 ETF
mom_1m,21,biweekly,2021-02-05,512800,银行ETF华宝,sector,银行,0.12412587412587417,512800,0.12412587412587417,511260,-0.0007158661980997127,最佳行业/主题 ETF 动量为正，持有该 ETF
mom_1m,21,biweekly,2021-02-19,512400,有色金属ETF南方,sector,有色金属,0.1631067961165047,512400,0.1631067961165047,511260,-0.0037498263969261147,最佳行业/主题 ETF 动量为正，持有该 ETF
mom_1m,21,biweekly,2021-03-05,515220,煤炭ETF国泰,sector,煤炭,0.10526315789473673,515220,0.10526315789473673,511010,0.005096453542245749,最佳行业/主题 ETF 动量为正，持有该 ETF
mom_1m,21,biweekly,2021-03-19,515220,煤炭ETF国泰,sector,煤炭,0.04081632653061229,515220,0.04081632653061229,511010,0.0020644965577680807,最佳行业/主题 ETF 动量为正，持有该 ETF
mom_1m,21,biweekly,2021-04-02,512690,酒ETF鹏华,sector,白酒/酒,0.14534161490683228,512690,0.14534161490683228,511260,0.00329919518224564,最佳行业/主题 ETF 动量为正，持有该 ETF
mom_1m,21,biweekly,2021-04-16,512690,酒ETF鹏华,sector,白酒/酒,0.15741935483870972,512690,0.15741935483870972,511260,0.009903105636223541,最佳行业/主题 ETF 动量为正，持有该 ETF
mom_1m,21,biweekly,2021-04-30,512690,酒ETF鹏华,sector,白酒/酒,0.1732377538829153,512690,0.1732377538829153,511260,0.0067178680484871744,最佳行业/主题 ETF 动量为正，持有该 ETF
mom_1m,21,biweekly,2021-05-14,512010,医药ETF易方达,sector,医药,0.14872521246458947,512010,0.14872521246458947,511260,0.007211738491267328,最佳行业/主题 ETF 动量为正，持有该 ETF
mom_1m,21,biweekly,2021-05-28,512690,酒ETF鹏华,sector,白酒/酒,0.19851380042462852,512690,0.19851380042462852,511260,0.007176066302809758,最佳行业/主题 ETF 动量为正，持有该 ETF
mom_1m,21,biweekly,2021-06-11,515030,新能源车ETF华夏,sector,新能源车,0.262402088772846,515030,0.262402088772846,511260,0.004858470637938206,最佳行业/主题 ETF 动量为正，持有该 ETF
mom_1m,21,biweekly,2021-06-25,512480,半导体ETF国联安,sector,半导体,0.23471400394477326,512480,0.23471400394477326,511010,-0.001111581182755561,最佳行业/主题 ETF 动量为正，持有该 ETF
mom_1m,21,biweekly,2021-07-09,515030,新能源车ETF华夏,sector,新能源车,0.2636412749864938,515030,0.2636412749864938,511260,0.011213178223788756,最佳行业/主题 ETF 动量为正，持有该 ETF
mom_1m,21,biweekly,2021-07-23,512400,有色金属ETF南方,sector,有色金属,0.2961254612546125,512400,0.2961254612546125,511260,0.017128919096689232,最佳行业/主题 ETF 动量为正，持有该 ETF
mom_1m,21,biweekly,2021-08-06,515790,光伏ETF华泰柏瑞,sector,光伏,0.23743627093954855,515790,0.23743627093954855,511260,0.014592530940146231,最佳行业/主题 ETF 动量为正，持有该 ETF
mom_1m,21,biweekly,2021-08-20,512660,军工ETF国泰,sector,军工,0.1160862354892207,512660,0.1160862354892207,511010,0.006780914807052119,最佳行业/主题 ETF 动量为正，持有该 ETF
mom_1m,21,biweekly,2021-09-03,515220,煤炭ETF国泰,sector,煤炭,0.36734693877550995,515220,0.36734693877550995,511010,0.0011773555286651582,最佳行业/主题 ETF 动量为正，持有该 ETF
mom_1m,21,biweekly,2021-09-17,515220,煤炭ETF国泰,sector,煤炭,0.37730870712401066,515220,0.37730870712401066,511260,-0.0017326224222774522,最佳行业/主题 ETF 动量为正，持有该 ETF
mom_1m,21,biweekly,2021-09-30,512690,酒ETF鹏华,sector,白酒/酒,0.13076923076923075,512690,0.13076923076923075,511010,0.00400216067570236,最佳行业/主题 ETF 动量为正，持有该 ETF
mom_1m,21,biweekly,2021-10-15,512690,酒ETF鹏华,sector,白酒/酒,0.13157894736842102,512690,0.13157894736842102,511010,-0.0012924123940712962,最佳行业/主题 ETF 动量为正，持有该 ETF
mom_1m,21,biweekly,2021-10-29,159928,消费ETF汇添富,sector,消费,0.1329479768786126,159928,0.1329479768786126,511260,-0.0019218048876413762,最佳行业/主题 ETF 动量为正，持有该 ETF
mom_1m,21,biweekly,2021-11-12,512660,军工ETF国泰,sector,军工,0.18115353371242882,512660,0.18115353371242882,511260,0.003916893732970106,最佳行业/主题 ETF 动量为正，持有该 ETF
mom_1m,21,biweekly,2021-11-26,512660,军工ETF国泰,sector,军工,0.12044374009508707,512660,0.12044374009508707,511260,0.010902993840167241,最佳行业/主题 ETF 动量为正，持有该 ETF
mom_1m,21,biweekly,2021-12-10,512690,酒ETF鹏华,sector,白酒/酒,0.20299884659746237,512690,0.20299884659746237,511260,0.006182435450728052,最佳行业/主题 ETF 动量为正，持有该 ETF
mom_1m,21,biweekly,2021-12-24,515220,煤炭ETF国泰,sector,煤炭,0.10089399744572147,515220,0.10089399744572147,511260,0.004970391051517975,最佳行业/主题 ETF 动量为正，持有该 ETF
mom_1m,21,biweekly,2022-01-07,512980,传媒ETF广发,sector,传媒,0.14437086092715234,512980,0.14437086092715234,511260,0.006625633920403606,最佳行业/主题 ETF 动量为正，持有该 ETF
mom_1m,21,biweekly,2022-01-21,512800,银行ETF华宝,sector,银行,0.048865619546247796,512800,0.048865619546247796,511260,0.014502774675105856,最佳行业/主题 ETF 动量为正，持有该 ETF
mom_1m,21,biweekly,2022-02-11,515220,煤炭ETF国泰,sector,煤炭,0.08880778588807803,515220,0.08880778588807803,511010,0.00754423740063781,最佳行业/主题 ETF 动量为正，持有该 ETF
mom_1m,21,biweekly,2022-02-25,512400,有色金属ETF南方,sector,有色金属,0.11707317073170742,512400,0.11707317073170742,511010,-0.0011732561877210168,最佳行业/主题 ETF 动量为正，持有该 ETF
mom_1m,21,biweekly,2022-03-11,515790,光伏ETF华泰柏瑞,sector,光伏,0.11612903225806437,515790,0.11612903225806437,511010,-0.004863572005663452,最佳行业/主题 ETF 动量为正，持有该 ETF
mom_1m,21,biweekly,2022-03-25,515220,煤炭ETF国泰,sector,煤炭,0.07166123778501632,515220,0.07166123778501632,511260,0.0023823966382712225,最佳行业/主题 ETF 动量为正，持有该 ETF
mom_1m,21,biweekly,2022-04-08,515220,煤炭ETF国泰,sector,煤炭,0.09625668449197855,515220,0.09625668449197855,511260,0.00866840914891176,最佳行业/主题 ETF 动量为正，持有该 ETF
mom_1m,21,biweekly,2022-04-22,512800,银行ETF华宝,sector,银行,0.03558718861209953,512800,0.03558718861209953,511260,0.003999542909381759,最佳行业/主题 ETF 动量为正，持有该 ETF
mom_1m,21,biweekly,2022-05-06,512690,酒ETF鹏华,sector,白酒/酒,0.02170963364993228,512690,0.02170963364993228,511010,0.0024859211584875585,最佳行业/主题 ETF 动量为正，持有该 ETF
mom_1m,21,biweekly,2022-05-20,515790,光伏ETF华泰柏瑞,sector,光伏,0.09720062208398139,515790,0.09720062208398139,511010,0.004267642127724347,最佳行业/主题 ETF 动量为正，持有该 ETF
mom_1m,21,biweekly,2022-06-02,515790,光伏ETF华泰柏瑞,sector,光伏,0.195996663886572,515790,0.195996663886572,511260,0.004818960993528076,最佳行业/主题 ETF 动量为正，持有该 ETF
mom_1m,21,biweekly,2022-06-17,515030,新能源车ETF华夏,sector,新能源车,0.2203116603976356,515030,0.2203116603976356,511260,0.002093765812293924,最佳行业/主题 ETF 动量为正，持有该 ETF
mom_1m,21,biweekly,2022-07-01,515030,新能源车ETF华夏,sector,新能源车,0.22492244053774568,515030,0.22492244053774568,511010,0.0008951478192760209,最佳行业/主题 ETF 动量为正，持有该 ETF
mom_1m,21,biweekly,2022-07-15,515790,光伏ETF华泰柏瑞,sector,光伏,0.14118412491867272,515790,0.14118412491867272,511260,0.003300646195112611,最佳行业/主题 ETF 动量为正，持有该 ETF
mom_1m,21,biweekly,2022-07-29,515790,光伏ETF华泰柏瑞,sector,光伏,0.0378250591016549,515790,0.0378250591016549,511260,0.010540448644737133,最佳行业/主题 ETF 动量为正，持有该 ETF
mom_1m,21,biweekly,2022-08-12,512480,半导体ETF国联安,sector,半导体,0.11670235546038521,512480,0.11670235546038521,511260,0.00830921401441076,最佳行业/主题 ETF 动量为正，持有该 ETF
mom_1m,21,biweekly,2022-08-26,515220,煤炭ETF国泰,sector,煤炭,0.12752293577981644,515220,0.12752293577981644,511260,0.011004710119830952,最佳行业/主题 ETF 动量为正，持有该 ETF
mom_1m,21,biweekly,2022-09-09,515220,煤炭ETF国泰,sector,煤炭,0.15833333333333321,515220,0.15833333333333321,511260,0.008561879823594243,最佳行业/主题 ETF 动量为正，持有该 ETF
mom_1m,21,biweekly,2022-09-23,512800,银行ETF华宝,sector,银行,0.023210831721470093,512800,0.023210831721470093,511010,-0.0017902349387614036,最佳行业/主题 ETF 动量为正，持有该 ETF
mom_1m,21,biweekly,2022-10-14,512010,医药ETF易方达,sector,医药,0.0410367170626349,512010,0.0410367170626349,511010,-0.001897413691296257,最佳行业/主题 ETF 动量为正，持有该 ETF
mom_1m,21,biweekly,2022-10-28,512170,医疗ETF华宝,sector,医疗,0.09932279909706532,512170,0.09932279909706532,511010,0.0015785444241864788,最佳行业/主题 ETF 动量为正，持有该 ETF
mom_1m,21,biweekly,2022-11-11,515230,软件ETF国泰,sector,软件,0.13055555555555554,515230,0.13055555555555554,511260,0.0038039138237491166,最佳行业/主题 ETF 动量为正，持有该 ETF
mom_1m,21,biweekly,2022-11-25,512980,传媒ETF广发,sector,传媒,0.09369024856596542,512980,0.09369024856596542,511010,-0.0031092662447324004,最佳行业/主题 ETF 动量为正，持有该 ETF
mom_1m,21,biweekly,2022-12-09,512690,酒ETF鹏华,sector,白酒/酒,0.1691884456671251,512690,0.1691884456671251,511010,-0.007795302304663743,最佳行业/主题 ETF 动量为正，持有该 ETF
mom_1m,21,biweekly,2022-12-23,512690,酒ETF鹏华,sector,白酒/酒,0.1820689655172414,512690,0.1820689655172414,511260,-0.00349716284093049,最佳行业/主题 ETF 动量为正，持有该 ETF
mom_1m,21,biweekly,2023-01-06,512690,酒ETF鹏华,sector,白酒/酒,0.07588739290085678,512690,0.07588739290085678,511260,0.005857502008656867,最佳行业/主题 ETF 动量为正，持有该 ETF
mom_1m,21,biweekly,2023-01-20,515230,软件ETF国泰,sector,软件,0.18900804289544237,515230,0.18900804289544237,511010,0.0020250470525637887,最佳行业/主题 ETF 动量为正，持有该 ETF
mom_1m,21,biweekly,2023-02-10,515230,软件ETF国泰,sector,软件,0.116222760290557,515230,0.116222760290557,511260,-0.0009693164174751079,最佳行业/主题 ETF 动量为正，持有该 ETF
mom_1m,21,biweekly,2023-02-24,512980,传媒ETF广发,sector,传媒,0.05312500000000009,512980,0.05312500000000009,511260,0.0044409951278403526,最佳行业/主题 ETF 动量为正，持有该 ETF
mom_1m,21,biweekly,2023-03-10,511260,十年国债ETF国泰,defensive,十年国债,0.004287788824252292,515230,-0.002134471718249764,511260,0.004287788824252292,最佳行业/主题 ETF 动量为负或不可用，切换到正动量防守资产
mom_1m,21,biweekly,2023-03-24,512980,传媒ETF广发,sector,传媒,0.21481481481481457,512980,0.21481481481481457,511260,0.003905713500892638,最佳行业/主题 ETF 动量为正，持有该 ETF
mom_1m,21,biweekly,2023-04-07,512980,传媒ETF广发,sector,传媒,0.282420749279539,512980,0.282420749279539,511010,0.00280508233509269,最佳行业/主题 ETF 动量为正，持有该 ETF
mom_1m,21,biweekly,2023-04-21,512980,传媒ETF广发,sector,传媒,0.11026615969581743,512980,0.11026615969581743,511260,0.004529411261996463,最佳行业/主题 ETF 动量为正，持有该 ETF
mom_1m,21,biweekly,2023-05-05,512980,传媒ETF广发,sector,传媒,0.17257683215130037,512980,0.17257683215130037,511260,0.011223373337436282,最佳行业/主题 ETF 动量为正，持有该 ETF
mom_1m,21,biweekly,2023-05-19,512800,银行ETF华宝,sector,银行,0.023809523809523725,512800,0.023809523809523725,511260,0.010577726257649855,最佳行业/主题 ETF 动量为正，持有该 ETF
mom_1m,21,biweekly,2023-06-02,515230,软件ETF国泰,sector,软件,0.04056795131845847,515230,0.04056795131845847,511010,0.007062733693394385,最佳行业/主题 ETF 动量为正，持有该 ETF
mom_1m,21,biweekly,2023-06-16,512980,传媒ETF广发,sector,传媒,0.11915367483296202,512980,0.11915367483296202,511260,0.004204944609565109,最佳行业/主题 ETF 动量为正，持有该 ETF
mom_1m,21,biweekly,2023-06-30,512660,军工ETF国泰,sector,军工,0.04850746268656714,512660,0.04850746268656714,511260,0.006720010792489184,最佳行业/主题 ETF 动量为正，持有该 ETF
mom_1m,21,biweekly,2023-07-14,515220,煤炭ETF国泰,sector,煤炭,0.06777777777777771,515220,0.06777777777777771,511260,0.0005610685424779494,最佳行业/主题 ETF 动量为正，持有该 ETF
mom_1m,21,biweekly,2023-07-28,512880,证券ETF国泰,sector,证券,0.1784472769409038,512880,0.1784472769409038,511260,0.004799986573464254,最佳行业/主题 ETF 动量为正，持有该 ETF
mom_1m,21,biweekly,2023-08-11,512880,证券ETF国泰,sector,证券,0.13732004429678835,512880,0.13732004429678835,511260,0.003689419481138767,最佳行业/主题 ETF 动量为正，持有该 ETF
mom_1m,21,biweekly,2023-08-25,512880,证券ETF国泰,sector,证券,0.06623931623931623,512880,0.06623931623931623,511260,0.007805977625646943,最佳行业/主题 ETF 动量为正，持有该 ETF
mom_1m,21,biweekly,2023-09-08,515220,煤炭ETF国泰,sector,煤炭,0.03645833333333326,515220,0.03645833333333326,511260,0.0002417573256636718,最佳行业/主题 ETF 动量为正，持有该 ETF
mom_1m,21,biweekly,2023-09-22,515220,煤炭ETF国泰,sector,煤炭,0.1301969365426694,515220,0.1301969365426694,511010,-0.005254885039758239,最佳行业/主题 ETF 动量为正，持有该 ETF
mom_1m,21,biweekly,2023-10-13,512170,医疗ETF华宝,sector,医疗,0.05735660847880286,512170,0.05735660847880286,511010,-0.0010370955134009208,最佳行业/主题 ETF 动量为正，持有该 ETF
mom_1m,21,biweekly,2023-10-27,512480,半导体ETF国联安,sector,半导体,0.02124999999999977,512480,0.02124999999999977,511260,0.0006255108338477644,最佳行业/主题 ETF 动量为正，持有该 ETF
mom_1m,21,biweekly,2023-11-10,512880,证券ETF国泰,sector,证券,0.036131774707757636,512880,0.036131774707757636,511260,0.00681772608782838,最佳行业/主题 ETF 动量为正，持有该 ETF
mom_1m,21,biweekly,2023-11-24,512980,传媒ETF广发,sector,传媒,0.11959654178674373,512980,0.11959654178674373,511260,0.0036760109029982946,最佳行业/主题 ETF 动量为正，持有该 ETF
mom_1m,21,biweekly,2023-12-08,515220,煤炭ETF国泰,sector,煤炭,0.04975124378109452,515220,0.04975124378109452,511260,0.000647372745607333,最佳行业/主题 ETF 动量为正，持有该 ETF
mom_1m,21,biweekly,2023-12-22,515220,煤炭ETF国泰,sector,煤炭,0.04946653734238615,515220,0.04946653734238615,511260,0.0063460420300689435,最佳行业/主题 ETF 动量为正，持有该 ETF
mom_1m,21,biweekly,2024-01-05,515220,煤炭ETF国泰,sector,煤炭,0.06373008434864103,515220,0.06373008434864103,511260,0.013961866341277274,最佳行业/主题 ETF 动量为正，持有该 ETF
mom_1m,21,biweekly,2024-01-19,515790,光伏ETF华泰柏瑞,sector,光伏,0.09823677581863977,515790,0.09823677581863977,511260,0.009462262513738828,最佳行业/主题 ETF 动量为正，持有该 ETF
mom_1m,21,biweekly,2024-02-02,512800,银行ETF华宝,sector,银行,0.059160305343511466,512800,0.059160305343511466,511260,0.00928609548832049,最佳行业/主题 ETF 动量为正，持有该 ETF
mom_1m,21,biweekly,2024-02-23,515220,煤炭ETF国泰,sector,煤炭,0.14220601640838648,515220,0.14220601640838648,511260,0.011426791481548237,最佳行业/主题 ETF 动量为正，持有该 ETF
mom_1m,21,biweekly,2024-03-08,512480,半导体ETF国联安,sector,半导体,0.2078559738134207,512480,0.2078559738134207,511260,0.010802017244184281,最佳行业/主题 ETF 动量为正，持有该 ETF
mom_1m,21,biweekly,2024-03-22,512980,传媒ETF广发,sector,传媒,0.15220483641536298,512980,0.15220483641536298,511260,0.006079200045452149,最佳行业/主题 ETF 动量为正，持有该 ETF
mom_1m,21,biweekly,2024-04-03,512400,有色金属ETF南方,sector,有色金属,0.17857142857142838,512400,0.17857142857142838,511010,0.0038900768915783868,最佳行业/主题 ETF 动量为正，持有该 ETF
mom_1m,21,biweekly,2024-04-19,512400,有色金属ETF南方,sector,有色金属,0.08275174476570313,512400,0.08275174476570313,511010,0.006986760731831021,最佳行业/主题 ETF 动量为正，持有该 ETF
mom_1m,21,biweekly,2024-04-30,512400,有色金属ETF南方,sector,有色金属,0.05668016194331993,512400,0.05668016194331993,511010,0.004065132968455565,最佳行业/主题 ETF 动量为正，持有该 ETF
mom_1m,21,biweekly,2024-05-17,512800,银行ETF华宝,sector,银行,0.07263513513513531,512800,0.07263513513513531,511010,0.0005794963649772278,最佳行业/主题 ETF 动量为正，持有该 ETF
mom_1m,21,biweekly,2024-05-31,515220,煤炭ETF国泰,sector,煤炭,0.07819287576020861,515220,0.07819287576020861,511260,0.008239652013912968,最佳行业/主题 ETF 动量为正，持有该 ETF
mom_1m,21,biweekly,2024-06-14,512480,半导体ETF国联安,sector,半导体,0.08112094395280223,512480,0.08112094395280223,511260,0.005104166666666687,最佳行业/主题 ETF 动量为正，持有该 ETF
mom_1m,21,biweekly,2024-06-28,512480,半导体ETF国联安,sector,半导体,0.048744460856720684,512480,0.048744460856720684,511260,0.009159207161125282,最佳行业/主题 ETF 动量为正，持有该 ETF
mom_1m,21,biweekly,2024-07-12,512800,银行ETF华宝,sector,银行,0.06965174129353247,512800,0.06965174129353247,511260,0.006373135518864093,最佳行业/主题 ETF 动量为正，持有该 ETF
mom_1m,21,biweekly,2024-07-26,512660,军工ETF国泰,sector,军工,0.050469483568075235,512660,0.050469483568075235,511260,0.008396764985727945,最佳行业/主题 ETF 动量为正，持有该 ETF
mom_1m,21,biweekly,2024-08-09,512880,证券ETF国泰,sector,证券,0.038659793814433074,512880,0.038659793814433074,511260,0.01022950923750865,最佳行业/主题 ETF 动量为正，持有该 ETF
mom_1m,21,biweekly,2024-08-23,512800,银行ETF华宝,sector,银行,0.03582554517133962,512800,0.03582554517133962,511260,0.00453643322937336,最佳行业/主题 ETF 动量为正，持有该 ETF
mom_1m,21,biweekly,2024-09-06,511010,国债ETF国泰,defensive,国债,0.0033768057043632727,512880,-0.004920049200491827,511010,0.0033768057043632727,最佳行业/主题 ETF 动量为负或不可用，切换到正动量防守资产
mom_1m,21,biweekly,2024-09-20,515230,软件ETF国泰,sector,软件,0.026000000000000023,515230,0.026000000000000023,511260,0.011470699076691293,最佳行业/主题 ETF 动量为正，持有该 ETF
mom_1m,21,biweekly,2024-09-30,515230,软件ETF国泰,sector,软件,0.4256198347107438,515230,0.4256198347107438,511010,-0.00042151968940640216,最佳行业/主题 ETF 动量为正，持有该 ETF
mom_1m,21,biweekly,2024-10-18,515230,软件ETF国泰,sector,软件,0.558,515230,0.558,511260,-0.00016386023502223956,最佳行业/主题 ETF 动量为正，持有该 ETF
mom_1m,21,biweekly,2024-11-01,512480,半导体ETF国联安,sector,半导体,0.39085545722713855,512480,0.39085545722713855,511010,-0.0019014198246875003,最佳行业/主题 ETF 动量为正，持有该 ETF
mom_1m,21,biweekly,2024-11-15,515230,软件ETF国泰,sector,软件,0.15489130434782616,515230,0.15489130434782616,511260,0.004407313800742552,最佳行业/主题 ETF 动量为正，持有该 ETF
mom_1m,21,biweekly,2024-11-29,512980,传媒ETF广发,sector,传媒,0.08753315649867366,512980,0.08753315649867366,511260,0.01245971905015164,最佳行业/主题 ETF 动量为正，持有该 ETF
mom_1m,21,biweekly,2024-12-13,512980,传媒ETF广发,sector,传媒,0.10831234256926958,512980,0.10831234256926958,511260,0.025757976036923536,最佳行业/主题 ETF 动量为正，持有该 ETF
mom_1m,21,biweekly,2024-12-27,512480,半导体ETF国联安,sector,半导体,0.06882591093117418,512480,0.06882591093117418,511260,0.02584686774941991,最佳行业/主题 ETF 动量为正，持有该 ETF
mom_1m,21,biweekly,2025-01-10,512800,银行ETF华宝,sector,银行,0.0181818181818183,512800,0.0181818181818183,511260,0.01524408824963408,最佳行业/主题 ETF 动量为正，持有该 ETF
mom_1m,21,biweekly,2025-01-24,512400,有色金属ETF南方,sector,有色金属,0.03064351378958108,512400,0.03064351378958108,511260,0.007049444440242247,最佳行业/主题 ETF 动量为正，持有该 ETF
mom_1m,21,biweekly,2025-02-07,515230,软件ETF国泰,sector,软件,0.1392081736909323,515230,0.1392081736909323,511260,0.007920717461753046,最佳行业/主题 ETF 动量为正，持有该 ETF
mom_1m,21,biweekly,2025-02-21,515230,软件ETF国泰,sector,软件,0.31543624161073813,515230,0.31543624161073813,511010,-0.005895043689705726,最佳行业/主题 ETF 动量为正，持有该 ETF
mom_1m,21,biweekly,2025-03-07,515230,软件ETF国泰,sector,软件,0.10344827586206895,515230,0.10344827586206895,511010,-0.010488201672929298,最佳行业/主题 ETF 动量为正，持有该 ETF
mom_1m,21,biweekly,2025-03-21,512690,酒ETF鹏华,sector,白酒/酒,0.059625212947189254,512690,0.059625212947189254,511010,-0.004865597830422064,最佳行业/主题 ETF 动量为正，持有该 ETF
mom_1m,21,biweekly,2025-04-03,512690,酒ETF鹏华,sector,白酒/酒,0.05405405405405417,512690,0.05405405405405417,511010,0.0017987959672154386,最佳行业/主题 ETF 动量为正，持有该 ETF
mom_1m,21,biweekly,2025-04-18,511260,十年国债ETF国泰,defensive,十年国债,0.018719497758395542,512800,0.0,511260,0.018719497758395542,最佳行业/主题 ETF 动量为负或不可用，切换到正动量防守资产
mom_1m,21,biweekly,2025-04-30,512480,半导体ETF国联安,sector,半导体,0.01048617731172552,512480,0.01048617731172552,511260,0.01562773029439679,最佳行业/主题 ETF 动量为正，持有该 ETF
mom_1m,21,biweekly,2025-05-16,515030,新能源车ETF华夏,sector,新能源车,0.07296137339055786,515030,0.07296137339055786,511260,-0.0002702296952409311,最佳行业/主题 ETF 动量为正，持有该 ETF
mom_1m,21,biweekly,2025-05-30,512010,医药ETF易方达,sector,医药,0.06876790830945567,512010,0.06876790830945567,511010,0.0006145392762897384,最佳行业/主题 ETF 动量为正，持有该 ETF
mom_1m,21,biweekly,2025-06-13,512400,有色金属ETF南方,sector,有色金属,0.04360189573459716,512400,0.04360189573459716,511260,0.0035405930493355164,最佳行业/主题 ETF 动量为正，持有该 ETF
mom_1m,21,biweekly,2025-06-27,512880,证券ETF国泰,sector,证券,0.09845559845559837,512880,0.09845559845559837,511260,0.004794381794854363,最佳行业/主题 ETF 动量为正，持有该 ETF
mom_1m,21,biweekly,2025-07-11,515790,光伏ETF华泰柏瑞,sector,光伏,0.11179173047473201,515790,0.11179173047473201,511010,0.0009373219989472492,最佳行业/主题 ETF 动量为正，持有该 ETF
mom_1m,21,biweekly,2025-07-25,512400,有色金属ETF南方,sector,有色金属,0.1562216167120798,512400,0.1562216167120798,511010,-0.003204343505623708,最佳行业/主题 ETF 动量为正，持有该 ETF
mom_1m,21,biweekly,2025-08-08,512400,有色金属ETF南方,sector,有色金属,0.1335101679929267,512400,0.1335101679929267,511010,-0.00020884193546066854,最佳行业/主题 ETF 动量为正，持有该 ETF
mom_1m,21,biweekly,2025-08-22,512480,半导体ETF国联安,sector,半导体,0.23679245283018857,512480,0.23679245283018857,511010,-0.00038295351088890595,最佳行业/主题 ETF 动量为正，持有该 ETF
mom_1m,21,biweekly,2025-09-05,515790,光伏ETF华泰柏瑞,sector,光伏,0.25309491059147193,515790,0.25309491059147193,511010,-0.0012394163213834686,最佳行业/主题 ETF 动量为正，持有该 ETF
mom_1m,21,biweekly,2025-09-19,515030,新能源车ETF华夏,sector,新能源车,0.2318214542836574,515030,0.2318214542836574,511010,0.002363024092728816,最佳行业/主题 ETF 动量为正，持有该 ETF
mom_1m,21,biweekly,2025-09-30,515030,新能源车ETF华夏,sector,新能源车,0.25960264900662255,515030,0.25960264900662255,511010,0.0015802804095739198,最佳行业/主题 ETF 动量为正，持有该 ETF
mom_1m,21,biweekly,2025-10-17,512480,半导体ETF国联安,sector,半导体,0.12579113924050644,512480,0.12579113924050644,511260,0.007985494654931369,最佳行业/主题 ETF 动量为正，持有该 ETF
mom_1m,21,biweekly,2025-10-31,512400,有色金属ETF南方,sector,有色金属,0.16034597471723222,512400,0.16034597471723222,511260,0.01041509319960121,最佳行业/主题 ETF 动量为正，持有该 ETF
mom_1m,21,biweekly,2025-11-14,515790,光伏ETF华泰柏瑞,sector,光伏,0.07954545454545459,515790,0.07954545454545459,511260,0.003205465055176049,最佳行业/主题 ETF 动量为正，持有该 ETF
mom_1m,21,biweekly,2025-11-28,512800,银行ETF华宝,sector,银行,0.029556650246305383,512800,0.029556650246305383,511010,-0.001046985256152988,最佳行业/主题 ETF 动量为正，持有该 ETF
mom_1m,21,biweekly,2025-12-12,512660,军工ETF国泰,sector,军工,0.04580152671755733,512660,0.04580152671755733,511010,0.00012197046879736106,最佳行业/主题 ETF 动量为正，持有该 ETF
mom_1m,21,biweekly,2025-12-26,512660,军工ETF国泰,sector,军工,0.15025906735751304,512660,0.15025906735751304,511010,0.0033537526840792253,最佳行业/主题 ETF 动量为正，持有该 ETF
mom_1m,21,biweekly,2026-01-09,512660,军工ETF国泰,sector,军工,0.2897119341563785,512660,0.2897119341563785,511010,2.1533315628374794e-05,最佳行业/主题 ETF 动量为正，持有该 ETF
mom_1m,21,biweekly,2026-01-23,512980,传媒ETF广发,sector,传媒,0.2718750000000001,512980,0.2718750000000001,511260,0.001465858948470622,最佳行业/主题 ETF 动量为正，持有该 ETF
mom_1m,21,biweekly,2026-02-06,515790,光伏ETF华泰柏瑞,sector,光伏,0.08039215686274526,515790,0.08039215686274526,511260,0.009717201626297411,最佳行业/主题 ETF 动量为正，持有该 ETF
mom_1m,21,biweekly,2026-02-27,515220,煤炭ETF国泰,sector,煤炭,0.12336448598130834,515220,0.12336448598130834,511010,0.002740725898786378,最佳行业/主题 ETF 动量为正，持有该 ETF
mom_1m,21,biweekly,2026-03-13,515220,煤炭ETF国泰,sector,煤炭,0.1312178387650087,515220,0.1312178387650087,511260,0.002245246566861203,最佳行业/主题 ETF 动量为正，持有该 ETF
mom_1m,21,biweekly,2026-03-27,515220,煤炭ETF国泰,sector,煤炭,0.09238665526090672,515220,0.09238665526090672,511010,0.002406472482665567,最佳行业/主题 ETF 动量为正，持有该 ETF
mom_1m,21,biweekly,2026-04-10,515030,新能源车ETF华夏,sector,新能源车,0.004179728317659448,515030,0.004179728317659448,511260,0.0023972781214869343,最佳行业/主题 ETF 动量为正，持有该 ETF
mom_1m,21,biweekly,2026-04-24,512480,半导体ETF国联安,sector,半导体,0.12550335570469806,512480,0.12550335570469806,511260,0.006707861822513372,最佳行业/主题 ETF 动量为正，持有该 ETF
mom_1m,21,biweekly,2026-05-08,512480,半导体ETF国联安,sector,半导体,0.34607218683651797,512480,0.34607218683651797,511260,0.004951304735707263,最佳行业/主题 ETF 动量为正，持有该 ETF
mom_1m,21,biweekly,2026-05-22,512480,半导体ETF国联安,sector,半导体,0.32425892316999394,512480,0.32425892316999394,511010,0.003303988233538613,最佳行业/主题 ETF 动量为正，持有该 ETF
mom_1m,21,biweekly,2026-06-05,515220,煤炭ETF国泰,sector,煤炭,0.10978520286396187,515220,0.10978520286396187,511260,0.0072767381262583974,最佳行业/主题 ETF 动量为正，持有该 ETF
mom_1m,21,biweekly,2026-06-18,512480,半导体ETF国联安,sector,半导体,0.11405478221823073,512480,0.11405478221823073,511260,0.002484389628963468,最佳行业/主题 ETF 动量为正，持有该 ETF
mom_1m,21,monthly,2015-01-30,CASH,空仓,cash,现金,0.0,,,,,行业和防守资产均无正动量，空仓
mom_1m,21,monthly,2015-02-27,159928,消费ETF汇添富,sector,消费,0.016891891891891886,159928,0.016891891891891886,511010,0.0106505045750096,最佳行业/主题 ETF 动量为正，持有该 ETF
mom_1m,21,monthly,2015-03-31,159928,消费ETF汇添富,sector,消费,0.14569536423841045,159928,0.14569536423841045,511010,-0.01324819187976356,最佳行业/主题 ETF 动量为正，持有该 ETF
mom_1m,21,monthly,2015-04-30,159928,消费ETF汇添富,sector,消费,0.1618497109826591,159928,0.1618497109826591,511010,0.021544835750221925,最佳行业/主题 ETF 动量为正，持有该 ETF
mom_1m,21,monthly,2015-05-29,512010,医药ETF易方达,sector,医药,0.13134328358208958,512010,0.13134328358208958,511010,-0.007619194956634323,最佳行业/主题 ETF 动量为正，持有该 ETF
mom_1m,21,monthly,2015-06-30,CASH,空仓,cash,现金,0.0,159928,-0.05324074074074081,511010,-0.004121401081502385,行业和防守资产均无正动量，空仓
mom_1m,21,monthly,2015-07-31,511010,国债ETF国泰,defensive,国债,0.023074588583120503,512010,-0.0388059701492538,511010,0.023074588583120503,最佳行业/主题 ETF 动量为负或不可用，切换到正动量防守资产
mom_1m,21,monthly,2015-08-31,511010,国债ETF国泰,defensive,国债,0.005607440863507618,159928,-0.08635097493036203,511010,0.005607440863507618,最佳行业/主题 ETF 动量为负或不可用，切换到正动量防守资产
mom_1m,21,monthly,2015-09-30,511010,国债ETF国泰,defensive,国债,0.0015163653009842015,512010,-0.05226480836236924,511010,0.0015163653009842015,最佳行业/主题 ETF 动量为负或不可用，切换到正动量防守资产
mom_1m,21,monthly,2015-10-30,512010,医药ETF易方达,sector,医药,0.08896797153024893,512010,0.08896797153024893,511010,0.014239432716291356,最佳行业/主题 ETF 动量为正，持有该 ETF
mom_1m,21,monthly,2015-11-30,CASH,空仓,cash,现金,0.0,159928,0.0,511010,-0.0021389064251995382,行业和防守资产均无正动量，空仓
mom_1m,21,monthly,2015-12-31,159928,消费ETF汇添富,sector,消费,0.058479532163742576,159928,0.058479532163742576,511010,0.011753710207318413,最佳行业/主题 ETF 动量为正，持有该 ETF
mom_1m,21,monthly,2016-01-29,CASH,空仓,cash,现金,0.0,512010,-0.16766467065868262,511010,-0.001500591848337729,行业和防守资产均无正动量，空仓
mom_1m,21,monthly,2016-02-29,511010,国债ETF国泰,defensive,国债,0.0024293532894001935,159928,-0.03947368421052633,511010,0.0024293532894001935,最佳行业/主题 ETF 动量为负或不可用，切换到正动量防守资产
mom_1m,21,monthly,2016-03-31,159928,消费ETF汇添富,sector,消费,0.07973421926910307,159928,0.07973421926910307,511010,0.007970786141954234,最佳行业/主题 ETF 动量为正，持有该 ETF
mom_1m,21,monthly,2016-04-29,CASH,空仓,cash,现金,0.0,159928,-0.015384615384615441,511010,-0.0070874393293131055,行业和防守资产均无正动量，空仓
mom_1m,21,monthly,2016-05-31,159928,消费ETF汇添富,sector,消费,0.03125,159928,0.03125,511010,0.0018701452602927215,最佳行业/主题 ETF 动量为正，持有该 ETF
mom_1m,21,monthly,2016-06-30,512010,医药ETF易方达,sector,医药,0.05776173285198549,512010,0.05776173285198549,511010,0.006526341089140741,最佳行业/主题 ETF 动量为正，持有该 ETF
mom_1m,21,monthly,2016-07-29,159928,消费ETF汇添富,sector,消费,0.09064327485380108,159928,0.09064327485380108,511010,0.0079075705114664,最佳行业/主题 ETF 动量为正，持有该 ETF
mom_1m,21,monthly,2016-08-31,512010,医药ETF易方达,sector,医药,0.03858520900321549,512010,0.03858520900321549,511010,0.0016463525559395897,最佳行业/主题 ETF 动量为正，持有该 ETF
mom_1m,21,monthly,2016-09-30,511010,国债ETF国泰,defensive,国债,0.003342021378038851,512010,-0.006191950464396245,511010,0.003342021378038851,最佳行业/主题 ETF 动量为负或不可用，切换到正动量防守资产
mom_1m,21,monthly,2016-10-31,512880,证券ETF国泰,sector,证券,0.04330708661417337,512880,0.04330708661417337,511010,0.005354047750846247,最佳行业/主题 ETF 动量为正，持有该 ETF
mom_1m,21,monthly,2016-11-30,512880,证券ETF国泰,sector,证券,0.05607476635513997,512880,0.05607476635513997,511010,-0.01630498533724345,最佳行业/主题 ETF 动量为正，持有该 ETF
mom_1m,21,monthly,2016-12-30,CASH,空仓,cash,现金,0.0,512010,-0.02083333333333337,511010,-0.00878891019348449,行业和防守资产均无正动量，空仓
mom_1m,21,monthly,2017-01-26,512660,军工ETF国泰,sector,军工,0.03137651821862342,512660,0.03137651821862342,511010,0.008199776369735456,最佳行业/主题 ETF 动量为正，持有该 ETF
mom_1m,21,monthly,2017-02-28,159928,消费ETF汇添富,sector,消费,0.048387096774193505,159928,0.048387096774193505,511010,-0.00016593991131430563,最佳行业/主题 ETF 动量为正，持有该 ETF
mom_1m,21,monthly,2017-03-31,512010,医药ETF易方达,sector,医药,0.0718562874251496,512010,0.0718562874251496,511010,-0.0013020833333332593,最佳行业/主题 ETF 动量为正，持有该 ETF
mom_1m,21,monthly,2017-04-28,512010,医药ETF易方达,sector,医药,0.008474576271186418,512010,0.008474576271186418,511010,-0.008591779606995309,最佳行业/主题 ETF 动量为正，持有该 ETF
mom_1m,21,monthly,2017-05-31,512010,医药ETF易方达,sector,医药,0.01388888888888884,512010,0.01388888888888884,511010,-0.006646717192903884,最佳行业/主题 ETF 动量为正，持有该 ETF
mom_1m,21,monthly,2017-06-30,159928,消费ETF汇添富,sector,消费,0.08980582524271852,159928,0.08980582524271852,511010,0.0020124114304969076,最佳行业/主题 ETF 动量为正，持有该 ETF
mom_1m,21,monthly,2017-07-31,512880,证券ETF国泰,sector,证券,0.04352126607319495,512880,0.04352126607319495,511010,-0.00044838022643201025,最佳行业/主题 ETF 动量为正，持有该 ETF
mom_1m,21,monthly,2017-08-31,512660,军工ETF国泰,sector,军工,0.06168446026097274,512660,0.06168446026097274,511010,0.001139196772898421,最佳行业/主题 ETF 动量为正，持有该 ETF
mom_1m,21,monthly,2017-09-29,159928,消费ETF汇添富,sector,消费,0.0813704496788008,159928,0.0813704496788008,511260,0.0001235406757675861,最佳行业/主题 ETF 动量为正，持有该 ETF
mom_1m,21,monthly,2017-10-31,512010,医药ETF易方达,sector,医药,0.12466124661246614,512010,0.12466124661246614,511010,-0.006246037960994877,最佳行业/主题 ETF 动量为正，持有该 ETF
mom_1m,21,monthly,2017-11-30,512800,银行ETF华宝,sector,银行,0.03621730382293764,512800,0.03621730382293764,511010,-0.0005817171916194797,最佳行业/主题 ETF 动量为正，持有该 ETF
mom_1m,21,monthly,2017-12-29,159928,消费ETF汇添富,sector,消费,0.09586466165413521,159928,0.09586466165413521,511260,0.003096105646706926,最佳行业/主题 ETF 动量为正，持有该 ETF
mom_1m,21,monthly,2018-01-31,512800,银行ETF华宝,sector,银行,0.10873786407766972,512800,0.10873786407766972,511010,0.00304181797761216,最佳行业/主题 ETF 动量为正，持有该 ETF
mom_1m,21,monthly,2018-02-28,511260,十年国债ETF国泰,defensive,十年国债,0.012758685761013133,512980,-0.0388726919339164,511260,0.012758685761013133,最佳行业/主题 ETF 动量为负或不可用，切换到正动量防守资产
mom_1m,21,monthly,2018-03-30,512010,医药ETF易方达,sector,医药,0.12195121951219523,512010,0.12195121951219523,511010,0.0028921496156120163,最佳行业/主题 ETF 动量为正，持有该 ETF
mom_1m,21,monthly,2018-04-27,512660,军工ETF国泰,sector,军工,0.01200480192076836,512660,0.01200480192076836,511260,0.021097046413502074,最佳行业/主题 ETF 动量为正，持有该 ETF
mom_1m,21,monthly,2018-05-31,159928,消费ETF汇添富,sector,消费,0.15027829313543584,159928,0.15027829313543584,511260,0.007126350188848329,最佳行业/主题 ETF 动量为正，持有该 ETF
mom_1m,21,monthly,2018-06-29,511010,国债ETF国泰,defensive,国债,0.006559353931044676,159928,-0.04067796610169494,511010,0.006559353931044676,最佳行业/主题 ETF 动量为负或不可用，切换到正动量防守资产
mom_1m,21,monthly,2018-07-31,512800,银行ETF华宝,sector,银行,0.10280373831775691,512800,0.10280373831775691,511010,0.005228473394695454,最佳行业/主题 ETF 动量为正，持有该 ETF
mom_1m,21,monthly,2018-08-31,512800,银行ETF华宝,sector,银行,0.026373626373626502,512800,0.026373626373626502,511010,-0.0030417292860934753,最佳行业/主题 ETF 动量为正，持有该 ETF
mom_1m,21,monthly,2018-09-28,512800,银行ETF华宝,sector,银行,0.05330490405117283,512800,0.05330490405117283,511010,0.003959715768347527,最佳行业/主题 ETF 动量为正，持有该 ETF
mom_1m,21,monthly,2018-10-31,512880,证券ETF国泰,sector,证券,0.03867403314917128,512880,0.03867403314917128,511260,0.014244496902931614,最佳行业/主题 ETF 动量为正，持有该 ETF
mom_1m,21,monthly,2018-11-30,159928,消费ETF汇添富,sector,消费,0.04608294930875578,159928,0.04608294930875578,511260,0.011092667508225018,最佳行业/主题 ETF 动量为正，持有该 ETF
mom_1m,21,monthly,2018-12-28,159928,消费ETF汇添富,sector,消费,0.020224719101123556,159928,0.020224719101123556,511010,0.01667127774455812,最佳行业/主题 ETF 动量为正，持有该 ETF
mom_1m,21,monthly,2019-01-31,512800,银行ETF华宝,sector,银行,0.09999999999999987,512800,0.09999999999999987,511010,0.004023206063860751,最佳行业/主题 ETF 动量为正，持有该 ETF
mom_1m,21,monthly,2019-02-28,512880,证券ETF国泰,sector,证券,0.2988357050452781,512880,0.2988357050452781,511010,-0.0003866024672266599,最佳行业/主题 ETF 动量为正，持有该 ETF
mom_1m,21,monthly,2019-03-29,159928,消费ETF汇添富,sector,消费,0.15452930728241587,159928,0.15452930728241587,511260,0.008434646035716309,最佳行业/主题 ETF 动量为正，持有该 ETF
mom_1m,21,monthly,2019-04-30,159928,消费ETF汇添富,sector,消费,0.06461538461538452,159928,0.06461538461538452,511010,-0.006813444730527474,最佳行业/主题 ETF 动量为正，持有该 ETF
mom_1m,21,monthly,2019-05-31,512400,有色金属ETF南方,sector,有色金属,0.021207177814029476,512400,0.021207177814029476,511260,0.01404168224666913,最佳行业/主题 ETF 动量为正，持有该 ETF
mom_1m,21,monthly,2019-06-28,512690,酒ETF鹏华,sector,白酒/酒,0.30935251798561136,512690,0.30935251798561136,511260,0.006961188457649703,最佳行业/主题 ETF 动量为正，持有该 ETF
mom_1m,21,monthly,2019-07-31,512480,半导体ETF国联安,sector,半导体,0.03100775193798455,512480,0.03100775193798455,511260,0.005244333902112208,最佳行业/主题 ETF 动量为正，持有该 ETF
mom_1m,21,monthly,2019-08-30,512690,酒ETF鹏华,sector,白酒/酒,0.36363636363636354,512690,0.36363636363636354,511260,0.009481717254999689,最佳行业/主题 ETF 动量为正，持有该 ETF
mom_1m,21,monthly,2019-09-30,512480,半导体ETF国联安,sector,半导体,0.06902654867256652,512480,0.06902654867256652,511010,0.0011159748775888545,最佳行业/主题 ETF 动量为正，持有该 ETF
mom_1m,21,monthly,2019-10-31,512010,医药ETF易方达,sector,医药,0.060267857142856984,512010,0.060267857142856984,511010,-0.0027853225611126353,最佳行业/主题 ETF 动量为正，持有该 ETF
mom_1m,21,monthly,2019-11-29,512690,酒ETF鹏华,sector,白酒/酒,0.03846153846153855,512690,0.03846153846153855,511260,0.009143727056375006,最佳行业/主题 ETF 动量为正，持有该 ETF
mom_1m,21,monthly,2019-12-31,512400,有色金属ETF南方,sector,有色金属,0.16445182724252483,512400,0.16445182724252483,511010,0.007887629238418015,最佳行业/主题 ETF 动量为正，持有该 ETF
mom_1m,21,monthly,2020-01-23,512480,半导体ETF国联安,sector,半导体,0.28832630098452894,512480,0.28832630098452894,511260,0.013792645188236863,最佳行业/主题 ETF 动量为正，持有该 ETF
mom_1m,21,monthly,2020-02-28,512480,半导体ETF国联安,sector,半导体,0.09580193756727651,512480,0.09580193756727651,511260,0.022260627806060196,最佳行业/主题 ETF 动量为正，持有该 ETF
mom_1m,21,monthly,2020-03-31,159928,消费ETF汇添富,sector,消费,0.0185185185185186,159928,0.0185185185185186,511010,0.012127014520504353,最佳行业/主题 ETF 动量为正，持有该 ETF
mom_1m,21,monthly,2020-04-30,512690,酒ETF鹏华,sector,白酒/酒,0.2872340425531914,512690,0.2872340425531914,511010,0.026900769186089857,最佳行业/主题 ETF 动量为正，持有该 ETF
mom_1m,21,monthly,2020-05-29,512690,酒ETF鹏华,sector,白酒/酒,0.35930735930735924,512690,0.35930735930735924,511260,-0.01586348978860619,最佳行业/主题 ETF 动量为正，持有该 ETF
mom_1m,21,monthly,2020-06-30,512690,酒ETF鹏华,sector,白酒/酒,0.3147540983606558,512690,0.3147540983606558,511260,-0.014930382330264447,最佳行业/主题 ETF 动量为正，持有该 ETF
mom_1m,21,monthly,2020-07-31,512660,军工ETF国泰,sector,军工,0.2724056603773586,512660,0.2724056603773586,511010,-0.004497650855222468,最佳行业/主题 ETF 动量为正，持有该 ETF
mom_1m,21,monthly,2020-08-31,512690,酒ETF鹏华,sector,白酒/酒,0.2562141491395793,512690,0.2562141491395793,511260,-0.0059257467650259965,最佳行业/主题 ETF 动量为正，持有该 ETF
mom_1m,21,monthly,2020-09-30,511260,十年国债ETF国泰,defensive,十年国债,0.0006619861449097542,515030,-0.012578616352201255,511260,0.0006619861449097542,最佳行业/主题 ETF 动量为负或不可用，切换到正动量防守资产
mom_1m,21,monthly,2020-10-30,512690,酒ETF鹏华,sector,白酒/酒,0.17437722419928825,512690,0.17437722419928825,511010,-0.0018648844784230345,最佳行业/主题 ETF 动量为正，持有该 ETF
mom_1m,21,monthly,2020-11-30,515220,煤炭ETF国泰,sector,煤炭,0.2572178477690288,515220,0.2572178477690288,511010,-0.0014794775330768672,最佳行业/主题 ETF 动量为正，持有该 ETF
mom_1m,21,monthly,2020-12-31,512690,酒ETF鹏华,sector,白酒/酒,0.3555858310626703,512690,0.3555858310626703,511010,0.005756334935612228,最佳行业/主题 ETF 动量为正，持有该 ETF
mom_1m,21,monthly,2021-01-29,512170,医疗ETF华宝,sector,医疗,0.1113989637305699,512170,0.1113989637305699,511010,0.0012142676448265721,最佳行业/主题 ETF 动量为正，持有该 ETF
mom_1m,21,monthly,2021-02-26,512400,有色金属ETF南方,sector,有色金属,0.02658111824014675,512400,0.02658111824014675,511010,-0.0025349606325650864,最佳行业/主题 ETF 动量为正，持有该 ETF
mom_1m,21,monthly,2021-03-31,515220,煤炭ETF国泰,sector,煤炭,0.028282828282828243,515220,0.028282828282828243,511260,0.0029605293686367773,最佳行业/主题 ETF 动量为正，持有该 ETF
mom_1m,21,monthly,2021-04-30,512690,酒ETF鹏华,sector,白酒/酒,0.1732377538829153,512690,0.1732377538829153,511260,0.0067178680484871744,最佳行业/主题 ETF 动量为正，持有该 ETF
mom_1m,21,monthly,2021-05-31,515030,新能源车ETF华夏,sector,新能源车,0.2043284532145131,515030,0.2043284532145131,511260,0.007311487772801328,最佳行业/主题 ETF 动量为正，持有该 ETF
mom_1m,21,monthly,2021-06-30,512480,半导体ETF国联安,sector,半导体,0.2511715089034676,512480,0.2511715089034676,511010,0.00516527207093298,最佳行业/主题 ETF 动量为正，持有该 ETF
mom_1m,21,monthly,2021-07-30,512400,有色金属ETF南方,sector,有色金属,0.30414746543778803,512400,0.30414746543778803,511260,0.015944045767506188,最佳行业/主题 ETF 动量为正，持有该 ETF
mom_1m,21,monthly,2021-08-31,515220,煤炭ETF国泰,sector,煤炭,0.43070044709388955,515220,0.43070044709388955,511010,-0.0011184221267980243,最佳行业/主题 ETF 动量为正，持有该 ETF
mom_1m,21,monthly,2021-09-30,512690,酒ETF鹏华,sector,白酒/酒,0.13076923076923075,512690,0.13076923076923075,511010,0.00400216067570236,最佳行业/主题 ETF 动量为正，持有该 ETF
mom_1m,21,monthly,2021-10-29,159928,消费ETF汇添富,sector,消费,0.1329479768786126,159928,0.1329479768786126,511260,-0.0019218048876413762,最佳行业/主题 ETF 动量为正，持有该 ETF
mom_1m,21,monthly,2021-11-30,512660,军工ETF国泰,sector,军工,0.11228334589299171,512660,0.11228334589299171,511260,0.0066721522610189155,最佳行业/主题 ETF 动量为正，持有该 ETF
mom_1m,21,monthly,2021-12-31,512980,传媒ETF广发,sector,传媒,0.16417910447761197,512980,0.16417910447761197,511010,0.0087592073528453,最佳行业/主题 ETF 动量为正，持有该 ETF
mom_1m,21,monthly,2022-01-28,512800,银行ETF华宝,sector,银行,0.03014184397163122,512800,0.03014184397163122,511010,0.011444689404746411,最佳行业/主题 ETF 动量为正，持有该 ETF
mom_1m,21,monthly,2022-02-28,512400,有色金属ETF南方,sector,有色金属,0.1338709677419354,512400,0.1338709677419354,511010,-0.0033106212424849346,最佳行业/主题 ETF 动量为正，持有该 ETF
mom_1m,21,monthly,2022-03-31,515220,煤炭ETF国泰,sector,煤炭,0.05870236869207002,515220,0.05870236869207002,511260,0.0033704404452852277,最佳行业/主题 ETF 动量为正，持有该 ETF
mom_1m,21,monthly,2022-04-29,512690,酒ETF鹏华,sector,白酒/酒,0.10422535211267614,512690,0.10422535211267614,511010,0.0021859504464321056,最佳行业/主题 ETF 动量为正，持有该 ETF
mom_1m,21,monthly,2022-05-31,515790,光伏ETF华泰柏瑞,sector,光伏,0.22802436901653622,515790,0.22802436901653622,511260,0.004879285770498676,最佳行业/主题 ETF 动量为正，持有该 ETF
mom_1m,21,monthly,2022-06-30,515030,新能源车ETF华夏,sector,新能源车,0.2424881391671061,515030,0.2424881391671061,511010,-0.0008469497822699568,最佳行业/主题 ETF 动量为正，持有该 ETF
mom_1m,21,monthly,2022-07-29,515790,光伏ETF华泰柏瑞,sector,光伏,0.0378250591016549,515790,0.0378250591016549,511260,0.010540448644737133,最佳行业/主题 ETF 动量为正，持有该 ETF
mom_1m,21,monthly,2022-08-31,515220,煤炭ETF国泰,sector,煤炭,0.1047070124879923,515220,0.1047070124879923,511260,0.007368448235790304,最佳行业/主题 ETF 动量为正，持有该 ETF
mom_1m,21,monthly,2022-09-30,515220,煤炭ETF国泰,sector,煤炭,0.016521739130434865,515220,0.016521739130434865,511010,-0.005739876371893438,最佳行业/主题 ETF 动量为正，持有该 ETF
mom_1m,21,monthly,2022-10-31,515230,软件ETF国泰,sector,软件,0.14992927864215,515230,0.14992927864215,511260,0.005266357821183787,最佳行业/主题 ETF 动量为正，持有该 ETF
mom_1m,21,monthly,2022-11-30,512800,银行ETF华宝,sector,银行,0.11250000000000004,512800,0.11250000000000004,511010,-0.008111239860950303,最佳行业/主题 ETF 动量为正，持有该 ETF
mom_1m,21,monthly,2022-12-30,512690,酒ETF鹏华,sector,白酒/酒,0.09254498714652959,512690,0.09254498714652959,511010,0.004145950153289002,最佳行业/主题 ETF 动量为正，持有该 ETF
mom_1m,21,monthly,2023-01-31,515790,光伏ETF华泰柏瑞,sector,光伏,0.21485623003194876,515790,0.21485623003194876,511010,0.0012698211139505755,最佳行业/主题 ETF 动量为正，持有该 ETF
mom_1m,21,monthly,2023-02-28,512980,传媒ETF广发,sector,传媒,0.04517133956386288,512980,0.04517133956386288,511260,0.002186168610405659,最佳行业/主题 ETF 动量为正，持有该 ETF
mom_1m,21,monthly,2023-03-31,512980,传媒ETF广发,sector,传媒,0.19322990126939343,512980,0.19322990126939343,511260,0.004783949291855327,最佳行业/主题 ETF 动量为正，持有该 ETF
mom_1m,21,monthly,2023-04-28,512980,传媒ETF广发,sector,传媒,0.1923076923076923,512980,0.1923076923076923,511260,0.007082080371787924,最佳行业/主题 ETF 动量为正，持有该 ETF
mom_1m,21,monthly,2023-05-31,512980,传媒ETF广发,sector,传媒,0.03750000000000009,512980,0.03750000000000009,511010,0.008948054190672128,最佳行业/主题 ETF 动量为正，持有该 ETF
mom_1m,21,monthly,2023-06-30,512660,军工ETF国泰,sector,军工,0.04850746268656714,512660,0.04850746268656714,511260,0.006720010792489184,最佳行业/主题 ETF 动量为正，持有该 ETF
mom_1m,21,monthly,2023-07-31,512880,证券ETF国泰,sector,证券,0.15244596131968136,512880,0.15244596131968136,511260,0.0016080671368030597,最佳行业/主题 ETF 动量为正，持有该 ETF
mom_1m,21,monthly,2023-08-31,512980,传媒ETF广发,sector,传媒,0.006045949214026569,512980,0.006045949214026569,511260,0.006478165410269909,最佳行业/主题 ETF 动量为正，持有该 ETF
mom_1m,21,monthly,2023-09-28,515220,煤炭ETF国泰,sector,煤炭,0.10193133047210279,515220,0.10193133047210279,511010,-0.003401544193078143,最佳行业/主题 ETF 动量为正，持有该 ETF
mom_1m,21,monthly,2023-10-31,512480,半导体ETF国联安,sector,半导体,0.047852760736196265,512480,0.047852760736196265,511260,0.003464945604528591,最佳行业/主题 ETF 动量为正，持有该 ETF
mom_1m,21,monthly,2023-11-30,515220,煤炭ETF国泰,sector,煤炭,0.08961303462321801,515220,0.08961303462321801,511260,0.001296628765210528,最佳行业/主题 ETF 动量为正，持有该 ETF
mom_1m,21,monthly,2023-12-29,515790,光伏ETF华泰柏瑞,sector,光伏,0.028901734104046284,515790,0.028901734104046284,511010,0.009750820938767557,最佳行业/主题 ETF 动量为正，持有该 ETF
mom_1m,21,monthly,2024-01-31,512800,银行ETF华宝,sector,银行,0.07101727447216888,512800,0.07101727447216888,511260,0.00881295849539665,最佳行业/主题 ETF 动量为正，持有该 ETF
mom_1m,21,monthly,2024-02-29,515220,煤炭ETF国泰,sector,煤炭,0.15894039735099352,515220,0.15894039735099352,511260,0.01504067036546064,最佳行业/主题 ETF 动量为正，持有该 ETF
mom_1m,21,monthly,2024-03-29,512400,有色金属ETF南方,sector,有色金属,0.12307692307692308,512400,0.12307692307692308,511010,0.002288832468073876,最佳行业/主题 ETF 动量为正，持有该 ETF
mom_1m,21,monthly,2024-04-30,512400,有色金属ETF南方,sector,有色金属,0.05668016194331993,512400,0.05668016194331993,511010,0.004065132968455565,最佳行业/主题 ETF 动量为正，持有该 ETF
mom_1m,21,monthly,2024-05-31,515220,煤炭ETF国泰,sector,煤炭,0.07819287576020861,515220,0.07819287576020861,511260,0.008239652013912968,最佳行业/主题 ETF 动量为正，持有该 ETF
mom_1m,21,monthly,2024-06-28,512480,半导体ETF国联安,sector,半导体,0.048744460856720684,512480,0.048744460856720684,511260,0.009159207161125282,最佳行业/主题 ETF 动量为正，持有该 ETF
mom_1m,21,monthly,2024-07-31,512480,半导体ETF国联安,sector,半导体,0.07792207792207795,512480,0.07792207792207795,511260,0.011351647218410088,最佳行业/主题 ETF 动量为正，持有该 ETF
mom_1m,21,monthly,2024-08-30,CASH,空仓,cash,现金,0.0,515220,-0.004868549172346581,511010,-0.0007543764930368901,行业和防守资产均无正动量，空仓
mom_1m,21,monthly,2024-09-30,515230,软件ETF国泰,sector,软件,0.4256198347107438,515230,0.4256198347107438,511010,-0.00042151968940640216,最佳行业/主题 ETF 动量为正，持有该 ETF
mom_1m,21,monthly,2024-10-31,512480,半导体ETF国联安,sector,半导体,0.5239567233384852,512480,0.5239567233384852,511010,-0.00420331423625131,最佳行业/主题 ETF 动量为正，持有该 ETF
mom_1m,21,monthly,2024-11-29,512980,传媒ETF广发,sector,传媒,0.08753315649867366,512980,0.08753315649867366,511260,0.01245971905015164,最佳行业/主题 ETF 动量为正，持有该 ETF
mom_1m,21,monthly,2024-12-31,512800,银行ETF华宝,sector,银行,0.07060518731988474,512800,0.07060518731988474,511260,0.022729900339907738,最佳行业/主题 ETF 动量为正，持有该 ETF
mom_1m,21,monthly,2025-01-27,512400,有色金属ETF南方,sector,有色金属,0.02238046795523907,512400,0.02238046795523907,511260,0.011220652659135855,最佳行业/主题 ETF 动量为正，持有该 ETF
mom_1m,21,monthly,2025-02-28,515230,软件ETF国泰,sector,软件,0.17506631299734754,515230,0.17506631299734754,511260,-0.006778898429005253,最佳行业/主题 ETF 动量为正，持有该 ETF
mom_1m,21,monthly,2025-03-31,512400,有色金属ETF南方,sector,有色金属,0.07817258883248734,512400,0.07817258883248734,511010,-0.00048699646745853364,最佳行业/主题 ETF 动量为正，持有该 ETF
mom_1m,21,monthly,2025-04-30,512480,半导体ETF国联安,sector,半导体,0.01048617731172552,512480,0.01048617731172552,511260,0.01562773029439679,最佳行业/主题 ETF 动量为正，持有该 ETF
mom_1m,21,monthly,2025-05-30,512010,医药ETF易方达,sector,医药,0.06876790830945567,512010,0.06876790830945567,511010,0.0006145392762897384,最佳行业/主题 ETF 动量为正，持有该 ETF
mom_1m,21,monthly,2025-06-30,512660,军工ETF国泰,sector,军工,0.09551098376313294,512660,0.09551098376313294,511260,0.004716697710749118,最佳行业/主题 ETF 动量为正，持有该 ETF
mom_1m,21,monthly,2025-07-31,512010,医药ETF易方达,sector,医药,0.13043478260869557,512010,0.13043478260869557,511010,-0.002862588556838186,最佳行业/主题 ETF 动量为正，持有该 ETF
mom_1m,21,monthly,2025-08-29,512480,半导体ETF国联安,sector,半导体,0.2849162011173183,512480,0.2849162011173183,511010,-0.0011901584714036906,最佳行业/主题 ETF 动量为正，持有该 ETF
mom_1m,21,monthly,2025-09-30,515030,新能源车ETF华夏,sector,新能源车,0.25960264900662255,515030,0.25960264900662255,511010,0.0015802804095739198,最佳行业/主题 ETF 动量为正，持有该 ETF
mom_1m,21,monthly,2025-10-31,512400,有色金属ETF南方,sector,有色金属,0.16034597471723222,512400,0.16034597471723222,511260,0.01041509319960121,最佳行业/主题 ETF 动量为正，持有该 ETF
mom_1m,21,monthly,2025-11-28,512800,银行ETF华宝,sector,银行,0.029556650246305383,512800,0.029556650246305383,511010,-0.001046985256152988,最佳行业/主题 ETF 动量为正，持有该 ETF
mom_1m,21,monthly,2025-12-31,512660,军工ETF国泰,sector,军工,0.16257408975444543,512660,0.16257408975444543,511010,0.0015145642218299393,最佳行业/主题 ETF 动量为正，持有该 ETF
mom_1m,21,monthly,2026-01-30,512980,传媒ETF广发,sector,传媒,0.25411522633744865,512980,0.25411522633744865,511260,0.007360562407054294,最佳行业/主题 ETF 动量为正，持有该 ETF
mom_1m,21,monthly,2026-02-27,515220,煤炭ETF国泰,sector,煤炭,0.12336448598130834,515220,0.12336448598130834,511010,0.002740725898786378,最佳行业/主题 ETF 动量为正，持有该 ETF
mom_1m,21,monthly,2026-03-31,512800,银行ETF华宝,sector,银行,0.03217503217503226,512800,0.03217503217503226,511010,0.001825337972733987,最佳行业/主题 ETF 动量为正，持有该 ETF
mom_1m,21,monthly,2026-04-30,512480,半导体ETF国联安,sector,半导体,0.28409893992932855,512480,0.28409893992932855,511260,0.004502429528805196,最佳行业/主题 ETF 动量为正，持有该 ETF
mom_1m,21,monthly,2026-05-29,512480,半导体ETF国联安,sector,半导体,0.23076923076923084,512480,0.23076923076923084,511260,0.007974387098686808,最佳行业/主题 ETF 动量为正，持有该 ETF
mom_1m,21,monthly,2026-06-18,512480,半导体ETF国联安,sector,半导体,0.11405478221823073,512480,0.11405478221823073,511260,0.002484389628963468,最佳行业/主题 ETF 动量为正，持有该 ETF
mom_1m,21,quarterly,2015-03-31,159928,消费ETF汇添富,sector,消费,0.14569536423841045,159928,0.14569536423841045,511010,-0.01324819187976356,最佳行业/主题 ETF 动量为正，持有该 ETF
mom_1m,21,quarterly,2015-06-30,CASH,空仓,cash,现金,0.0,159928,-0.05324074074074081,511010,-0.004121401081502385,行业和防守资产均无正动量，空仓
mom_1m,21,quarterly,2015-09-30,511010,国债ETF国泰,defensive,国债,0.0015163653009842015,512010,-0.05226480836236924,511010,0.0015163653009842015,最佳行业/主题 ETF 动量为负或不可用，切换到正动量防守资产
mom_1m,21,quarterly,2015-12-31,159928,消费ETF汇添富,sector,消费,0.058479532163742576,159928,0.058479532163742576,511010,0.011753710207318413,最佳行业/主题 ETF 动量为正，持有该 ETF
mom_1m,21,quarterly,2016-03-31,159928,消费ETF汇添富,sector,消费,0.07973421926910307,159928,0.07973421926910307,511010,0.007970786141954234,最佳行业/主题 ETF 动量为正，持有该 ETF
mom_1m,21,quarterly,2016-06-30,512010,医药ETF易方达,sector,医药,0.05776173285198549,512010,0.05776173285198549,511010,0.006526341089140741,最佳行业/主题 ETF 动量为正，持有该 ETF
mom_1m,21,quarterly,2016-09-30,511010,国债ETF国泰,defensive,国债,0.003342021378038851,512010,-0.006191950464396245,511010,0.003342021378038851,最佳行业/主题 ETF 动量为负或不可用，切换到正动量防守资产
mom_1m,21,quarterly,2016-12-30,CASH,空仓,cash,现金,0.0,512010,-0.02083333333333337,511010,-0.00878891019348449,行业和防守资产均无正动量，空仓
mom_1m,21,quarterly,2017-03-31,512010,医药ETF易方达,sector,医药,0.0718562874251496,512010,0.0718562874251496,511010,-0.0013020833333332593,最佳行业/主题 ETF 动量为正，持有该 ETF
mom_1m,21,quarterly,2017-06-30,159928,消费ETF汇添富,sector,消费,0.08980582524271852,159928,0.08980582524271852,511010,0.0020124114304969076,最佳行业/主题 ETF 动量为正，持有该 ETF
mom_1m,21,quarterly,2017-09-29,159928,消费ETF汇添富,sector,消费,0.0813704496788008,159928,0.0813704496788008,511260,0.0001235406757675861,最佳行业/主题 ETF 动量为正，持有该 ETF
mom_1m,21,quarterly,2017-12-29,159928,消费ETF汇添富,sector,消费,0.09586466165413521,159928,0.09586466165413521,511260,0.003096105646706926,最佳行业/主题 ETF 动量为正，持有该 ETF
mom_1m,21,quarterly,2018-03-30,512010,医药ETF易方达,sector,医药,0.12195121951219523,512010,0.12195121951219523,511010,0.0028921496156120163,最佳行业/主题 ETF 动量为正，持有该 ETF
mom_1m,21,quarterly,2018-06-29,511010,国债ETF国泰,defensive,国债,0.006559353931044676,159928,-0.04067796610169494,511010,0.006559353931044676,最佳行业/主题 ETF 动量为负或不可用，切换到正动量防守资产
mom_1m,21,quarterly,2018-09-28,512800,银行ETF华宝,sector,银行,0.05330490405117283,512800,0.05330490405117283,511010,0.003959715768347527,最佳行业/主题 ETF 动量为正，持有该 ETF
mom_1m,21,quarterly,2018-12-28,159928,消费ETF汇添富,sector,消费,0.020224719101123556,159928,0.020224719101123556,511010,0.01667127774455812,最佳行业/主题 ETF 动量为正，持有该 ETF
mom_1m,21,quarterly,2019-03-29,159928,消费ETF汇添富,sector,消费,0.15452930728241587,159928,0.15452930728241587,511260,0.008434646035716309,最佳行业/主题 ETF 动量为正，持有该 ETF
mom_1m,21,quarterly,2019-06-28,512690,酒ETF鹏华,sector,白酒/酒,0.30935251798561136,512690,0.30935251798561136,511260,0.006961188457649703,最佳行业/主题 ETF 动量为正，持有该 ETF
mom_1m,21,quarterly,2019-09-30,512480,半导体ETF国联安,sector,半导体,0.06902654867256652,512480,0.06902654867256652,511010,0.0011159748775888545,最佳行业/主题 ETF 动量为正，持有该 ETF
mom_1m,21,quarterly,2019-12-31,512400,有色金属ETF南方,sector,有色金属,0.16445182724252483,512400,0.16445182724252483,511010,0.007887629238418015,最佳行业/主题 ETF 动量为正，持有该 ETF
mom_1m,21,quarterly,2020-03-31,159928,消费ETF汇添富,sector,消费,0.0185185185185186,159928,0.0185185185185186,511010,0.012127014520504353,最佳行业/主题 ETF 动量为正，持有该 ETF
mom_1m,21,quarterly,2020-06-30,512690,酒ETF鹏华,sector,白酒/酒,0.3147540983606558,512690,0.3147540983606558,511260,-0.014930382330264447,最佳行业/主题 ETF 动量为正，持有该 ETF
mom_1m,21,quarterly,2020-09-30,511260,十年国债ETF国泰,defensive,十年国债,0.0006619861449097542,515030,-0.012578616352201255,511260,0.0006619861449097542,最佳行业/主题 ETF 动量为负或不可用，切换到正动量防守资产
mom_1m,21,quarterly,2020-12-31,512690,酒ETF鹏华,sector,白酒/酒,0.3555858310626703,512690,0.3555858310626703,511010,0.005756334935612228,最佳行业/主题 ETF 动量为正，持有该 ETF
mom_1m,21,quarterly,2021-03-31,515220,煤炭ETF国泰,sector,煤炭,0.028282828282828243,515220,0.028282828282828243,511260,0.0029605293686367773,最佳行业/主题 ETF 动量为正，持有该 ETF
mom_1m,21,quarterly,2021-06-30,512480,半导体ETF国联安,sector,半导体,0.2511715089034676,512480,0.2511715089034676,511010,0.00516527207093298,最佳行业/主题 ETF 动量为正，持有该 ETF
mom_1m,21,quarterly,2021-09-30,512690,酒ETF鹏华,sector,白酒/酒,0.13076923076923075,512690,0.13076923076923075,511010,0.00400216067570236,最佳行业/主题 ETF 动量为正，持有该 ETF
mom_1m,21,quarterly,2021-12-31,512980,传媒ETF广发,sector,传媒,0.16417910447761197,512980,0.16417910447761197,511010,0.0087592073528453,最佳行业/主题 ETF 动量为正，持有该 ETF
mom_1m,21,quarterly,2022-03-31,515220,煤炭ETF国泰,sector,煤炭,0.05870236869207002,515220,0.05870236869207002,511260,0.0033704404452852277,最佳行业/主题 ETF 动量为正，持有该 ETF
mom_1m,21,quarterly,2022-06-30,515030,新能源车ETF华夏,sector,新能源车,0.2424881391671061,515030,0.2424881391671061,511010,-0.0008469497822699568,最佳行业/主题 ETF 动量为正，持有该 ETF
mom_1m,21,quarterly,2022-09-30,515220,煤炭ETF国泰,sector,煤炭,0.016521739130434865,515220,0.016521739130434865,511010,-0.005739876371893438,最佳行业/主题 ETF 动量为正，持有该 ETF
mom_1m,21,quarterly,2022-12-30,512690,酒ETF鹏华,sector,白酒/酒,0.09254498714652959,512690,0.09254498714652959,511010,0.004145950153289002,最佳行业/主题 ETF 动量为正，持有该 ETF
mom_1m,21,quarterly,2023-03-31,512980,传媒ETF广发,sector,传媒,0.19322990126939343,512980,0.19322990126939343,511260,0.004783949291855327,最佳行业/主题 ETF 动量为正，持有该 ETF
mom_1m,21,quarterly,2023-06-30,512660,军工ETF国泰,sector,军工,0.04850746268656714,512660,0.04850746268656714,511260,0.006720010792489184,最佳行业/主题 ETF 动量为正，持有该 ETF
mom_1m,21,quarterly,2023-09-28,515220,煤炭ETF国泰,sector,煤炭,0.10193133047210279,515220,0.10193133047210279,511010,-0.003401544193078143,最佳行业/主题 ETF 动量为正，持有该 ETF
mom_1m,21,quarterly,2023-12-29,515790,光伏ETF华泰柏瑞,sector,光伏,0.028901734104046284,515790,0.028901734104046284,511010,0.009750820938767557,最佳行业/主题 ETF 动量为正，持有该 ETF
mom_1m,21,quarterly,2024-03-29,512400,有色金属ETF南方,sector,有色金属,0.12307692307692308,512400,0.12307692307692308,511010,0.002288832468073876,最佳行业/主题 ETF 动量为正，持有该 ETF
mom_1m,21,quarterly,2024-06-28,512480,半导体ETF国联安,sector,半导体,0.048744460856720684,512480,0.048744460856720684,511260,0.009159207161125282,最佳行业/主题 ETF 动量为正，持有该 ETF
mom_1m,21,quarterly,2024-09-30,515230,软件ETF国泰,sector,软件,0.4256198347107438,515230,0.4256198347107438,511010,-0.00042151968940640216,最佳行业/主题 ETF 动量为正，持有该 ETF
mom_1m,21,quarterly,2024-12-31,512800,银行ETF华宝,sector,银行,0.07060518731988474,512800,0.07060518731988474,511260,0.022729900339907738,最佳行业/主题 ETF 动量为正，持有该 ETF
mom_1m,21,quarterly,2025-03-31,512400,有色金属ETF南方,sector,有色金属,0.07817258883248734,512400,0.07817258883248734,511010,-0.00048699646745853364,最佳行业/主题 ETF 动量为正，持有该 ETF
mom_1m,21,quarterly,2025-06-30,512660,军工ETF国泰,sector,军工,0.09551098376313294,512660,0.09551098376313294,511260,0.004716697710749118,最佳行业/主题 ETF 动量为正，持有该 ETF
mom_1m,21,quarterly,2025-09-30,515030,新能源车ETF华夏,sector,新能源车,0.25960264900662255,515030,0.25960264900662255,511010,0.0015802804095739198,最佳行业/主题 ETF 动量为正，持有该 ETF
mom_1m,21,quarterly,2025-12-31,512660,军工ETF国泰,sector,军工,0.16257408975444543,512660,0.16257408975444543,511010,0.0015145642218299393,最佳行业/主题 ETF 动量为正，持有该 ETF
mom_1m,21,quarterly,2026-03-31,512800,银行ETF华宝,sector,银行,0.03217503217503226,512800,0.03217503217503226,511010,0.001825337972733987,最佳行业/主题 ETF 动量为正，持有该 ETF
mom_1m,21,quarterly,2026-06-18,512480,半导体ETF国联安,sector,半导体,0.11405478221823073,512480,0.11405478221823073,511260,0.002484389628963468,最佳行业/主题 ETF 动量为正，持有该 ETF
mom_2m,42,weekly,2015-01-09,CASH,空仓,cash,现金,0.0,,,,,行业和防守资产均无正动量，空仓
mom_2m,42,weekly,2015-01-16,CASH,空仓,cash,现金,0.0,,,,,行业和防守资产均无正动量，空仓
mom_2m,42,weekly,2015-01-23,CASH,空仓,cash,现金,0.0,,,,,行业和防守资产均无正动量，空仓
mom_2m,42,weekly,2015-01-30,CASH,空仓,cash,现金,0.0,,,,,行业和防守资产均无正动量，空仓
mom_2m,42,weekly,2015-02-06,CASH,空仓,cash,现金,0.0,,,,,行业和防守资产均无正动量，空仓
mom_2m,42,weekly,2015-02-13,CASH,空仓,cash,现金,0.0,,,,,行业和防守资产均无正动量，空仓
mom_2m,42,weekly,2015-02-17,CASH,空仓,cash,现金,0.0,,,,,行业和防守资产均无正动量，空仓
mom_2m,42,weekly,2015-02-27,CASH,空仓,cash,现金,0.0,,,,,行业和防守资产均无正动量，空仓
mom_2m,42,weekly,2015-03-06,CASH,空仓,cash,现金,0.0,,,,,行业和防守资产均无正动量，空仓
mom_2m,42,weekly,2015-03-13,159928,消费ETF汇添富,sector,消费,0.05685618729096986,159928,0.05685618729096986,511010,0.02730023242766677,最佳行业/主题 ETF 动量为正，持有该 ETF
mom_2m,42,weekly,2015-03-20,512010,医药ETF易方达,sector,医药,0.17760617760617747,512010,0.17760617760617747,511010,0.01918224624004128,最佳行业/主题 ETF 动量为正，持有该 ETF
mom_2m,42,weekly,2015-03-27,159928,消费ETF汇添富,sector,消费,0.1802721088435375,159928,0.1802721088435375,511010,0.006131117629170291,最佳行业/主题 ETF 动量为正，持有该 ETF
mom_2m,42,weekly,2015-04-03,159928,消费ETF汇添富,sector,消费,0.2169491525423728,159928,0.2169491525423728,511010,-0.0034255625263035494,最佳行业/主题 ETF 动量为正，持有该 ETF
mom_2m,42,weekly,2015-04-10,159928,消费ETF汇添富,sector,消费,0.2931034482758621,159928,0.2931034482758621,511010,-0.002804004039334451,最佳行业/主题 ETF 动量为正，持有该 ETF
mom_2m,42,weekly,2015-04-17,159928,消费ETF汇添富,sector,消费,0.34615384615384626,159928,0.34615384615384626,511010,0.003647422357819119,最佳行业/主题 ETF 动量为正，持有该 ETF
mom_2m,42,weekly,2015-04-24,159928,消费ETF汇添富,sector,消费,0.3557046979865772,159928,0.3557046979865772,511010,-0.0024025885954543913,最佳行业/主题 ETF 动量为正，持有该 ETF
mom_2m,42,weekly,2015-04-30,159928,消费ETF汇添富,sector,消费,0.3311258278145697,159928,0.3311258278145697,511010,0.008011213752421531,最佳行业/主题 ETF 动量为正，持有该 ETF
mom_2m,42,weekly,2015-05-08,159928,消费ETF汇添富,sector,消费,0.24038461538461542,159928,0.24038461538461542,511010,0.011291695613459884,最佳行业/主题 ETF 动量为正，持有该 ETF
mom_2m,42,weekly,2015-05-15,159928,消费ETF汇添富,sector,消费,0.23529411764705888,159928,0.23529411764705888,511010,0.011283511639473831,最佳行业/主题 ETF 动量为正，持有该 ETF
mom_2m,42,weekly,2015-05-22,159928,消费ETF汇添富,sector,消费,0.2831858407079646,159928,0.2831858407079646,511010,0.006788938996951321,最佳行业/主题 ETF 动量为正，持有该 ETF
mom_2m,42,weekly,2015-05-29,512010,医药ETF易方达,sector,医药,0.2549668874172186,512010,0.2549668874172186,511010,0.0056142344849210435,最佳行业/主题 ETF 动量为正，持有该 ETF
mom_2m,42,weekly,2015-06-05,159928,消费ETF汇添富,sector,消费,0.25815217391304346,159928,0.25815217391304346,511010,0.015990486299484852,最佳行业/主题 ETF 动量为正，持有该 ETF
mom_2m,42,weekly,2015-06-12,159928,消费ETF汇添富,sector,消费,0.2827225130890052,159928,0.2827225130890052,511010,0.009483460335206528,最佳行业/主题 ETF 动量为正，持有该 ETF
mom_2m,42,weekly,2015-06-19,512010,医药ETF易方达,sector,医药,0.11076923076923073,512010,0.11076923076923073,511010,-0.005036829999708781,最佳行业/主题 ETF 动量为正，持有该 ETF
mom_2m,42,weekly,2015-06-26,CASH,空仓,cash,现金,0.0,512010,0.0,511010,-0.011088084908583817,行业和防守资产均无正动量，空仓
mom_2m,42,weekly,2015-07-03,CASH,空仓,cash,现金,0.0,512010,-0.01869158878504673,511010,-0.009312737421505513,行业和防守资产均无正动量，空仓
mom_2m,42,weekly,2015-07-10,CASH,空仓,cash,现金,0.0,159928,-0.08977556109725693,511010,-0.0013332818055341589,行业和防守资产均无正动量，空仓
mom_2m,42,weekly,2015-07-17,511010,国债ETF国泰,defensive,国债,0.013640271646203184,512010,-0.019999999999999907,511010,0.013640271646203184,最佳行业/主题 ETF 动量为负或不可用，切换到正动量防守资产
mom_2m,42,weekly,2015-07-24,511010,国债ETF国泰,defensive,国债,0.009957614817395433,512010,-0.11886304909560719,511010,0.009957614817395433,最佳行业/主题 ETF 动量为负或不可用，切换到正动量防守资产
mom_2m,42,weekly,2015-07-31,511010,国债ETF国泰,defensive,国债,0.021604395174692703,512010,-0.20493827160493827,511010,0.021604395174692703,最佳行业/主题 ETF 动量为负或不可用，切换到正动量防守资产
mom_2m,42,weekly,2015-08-07,511010,国债ETF国泰,defensive,国债,0.016947018777296874,512010,-0.13659793814432986,511010,0.016947018777296874,最佳行业/主题 ETF 动量为负或不可用，切换到正动量防守资产
mom_2m,42,weekly,2015-08-14,511010,国债ETF国泰,defensive,国债,0.021088568084276282,512010,-0.13953488372093026,511010,0.021088568084276282,最佳行业/主题 ETF 动量为负或不可用，切换到正动量防守资产
mom_2m,42,weekly,2015-08-21,511010,国债ETF国泰,defensive,国债,0.010264128957079066,512010,-0.16310160427807485,511010,0.010264128957079066,最佳行业/主题 ETF 动量为负或不可用，切换到正动量防守资产
mom_2m,42,weekly,2015-08-28,511010,国债ETF国泰,defensive,国债,0.02404437760024991,159928,-0.14720812182741116,511010,0.02404437760024991,最佳行业/主题 ETF 动量为负或不可用，切换到正动量防守资产
mom_2m,42,weekly,2015-09-02,511010,国债ETF国泰,defensive,国债,0.02453504868142331,512010,-0.1185897435897435,511010,0.02453504868142331,最佳行业/主题 ETF 动量为负或不可用，切换到正动量防守资产
mom_2m,42,weekly,2015-09-11,511010,国债ETF国泰,defensive,国债,0.009950921667890356,512010,-0.14243323442136513,511010,0.009950921667890356,最佳行业/主题 ETF 动量为负或不可用，切换到正动量防守资产
mom_2m,42,weekly,2015-09-18,CASH,空仓,cash,现金,0.0,512010,-0.17210682492581597,511010,-0.0004105991883504023,行业和防守资产均无正动量，空仓
mom_2m,42,weekly,2015-09-25,511010,国债ETF国泰,defensive,国债,0.001714181741570453,512010,-0.13291139240506322,511010,0.001714181741570453,最佳行业/主题 ETF 动量为负或不可用，切换到正动量防守资产
mom_2m,42,weekly,2015-09-30,511010,国债ETF国泰,defensive,国债,0.00406348599292472,512010,-0.15527950310559002,511010,0.00406348599292472,最佳行业/主题 ETF 动量为负或不可用，切换到正动量防守资产
mom_2m,42,weekly,2015-10-09,511010,国债ETF国泰,defensive,国债,0.004459638836101121,512010,-0.10031347962382453,511010,0.004459638836101121,最佳行业/主题 ETF 动量为负或不可用，切换到正动量防守资产
mom_2m,42,weekly,2015-10-16,511010,国债ETF国泰,defensive,国债,0.0033623210492728095,512010,-0.13953488372093026,511010,0.0033623210492728095,最佳行业/主题 ETF 动量为负或不可用，切换到正动量防守资产
mom_2m,42,weekly,2015-10-23,511010,国债ETF国泰,defensive,国债,0.014577063886066943,512010,-0.06886227544910184,511010,0.014577063886066943,最佳行业/主题 ETF 动量为负或不可用，切换到正动量防守资产
mom_2m,42,weekly,2015-10-30,512010,医药ETF易方达,sector,医药,0.08510638297872353,512010,0.08510638297872353,511010,0.018444058460564072,最佳行业/主题 ETF 动量为正，持有该 ETF
mom_2m,42,weekly,2015-11-06,512010,医药ETF易方达,sector,医药,0.13214285714285712,512010,0.13214285714285712,511010,0.0043391378818156134,最佳行业/主题 ETF 动量为正，持有该 ETF
mom_2m,42,weekly,2015-11-13,512010,医药ETF易方达,sector,医药,0.07508532423208192,512010,0.07508532423208192,511010,0.0032002743092265362,最佳行业/主题 ETF 动量为正，持有该 ETF
mom_2m,42,weekly,2015-11-20,512010,医药ETF易方达,sector,医药,0.10915492957746498,512010,0.10915492957746498,511010,0.005948970627554173,最佳行业/主题 ETF 动量为正，持有该 ETF
mom_2m,42,weekly,2015-11-27,512010,医药ETF易方达,sector,医药,0.092526690391459,512010,0.092526690391459,511010,0.010721964737923528,最佳行业/主题 ETF 动量为正，持有该 ETF
mom_2m,42,weekly,2015-12-04,512010,医药ETF易方达,sector,医药,0.1654411764705881,512010,0.1654411764705881,511010,0.008808265485882982,最佳行业/主题 ETF 动量为正，持有该 ETF
mom_2m,42,weekly,2015-12-11,512010,医药ETF易方达,sector,医药,0.09965635738831624,512010,0.09965635738831624,511010,0.0012836606982735699,最佳行业/主题 ETF 动量为正，持有该 ETF
mom_2m,42,weekly,2015-12-18,512010,医药ETF易方达,sector,医药,0.1254355400696865,512010,0.1254355400696865,511010,0.005679294671290913,最佳行业/主题 ETF 动量为正，持有该 ETF
mom_2m,42,weekly,2015-12-25,159928,消费ETF汇添富,sector,消费,0.1090909090909089,159928,0.1090909090909089,511010,0.005264939265164914,最佳行业/主题 ETF 动量为正，持有该 ETF
mom_2m,42,weekly,2015-12-31,512010,医药ETF易方达,sector,医药,0.09933774834437092,512010,0.09933774834437092,511010,0.010103961469221545,最佳行业/主题 ETF 动量为正，持有该 ETF
mom_2m,42,weekly,2016-01-08,511010,国债ETF国泰,defensive,国债,0.022408776532315766,512010,-0.0031152647975077885,511010,0.022408776532315766,最佳行业/主题 ETF 动量为负或不可用，切换到正动量防守资产
mom_2m,42,weekly,2016-01-15,511010,国债ETF国泰,defensive,国债,0.020270398392020716,159928,-0.07826086956521727,511010,0.020270398392020716,最佳行业/主题 ETF 动量为负或不可用，切换到正动量防守资产
mom_2m,42,weekly,2016-01-22,511010,国债ETF国泰,defensive,国债,0.017463444200318312,512010,-0.10476190476190483,511010,0.017463444200318312,最佳行业/主题 ETF 动量为负或不可用，切换到正动量防守资产
mom_2m,42,weekly,2016-01-29,511010,国债ETF国泰,defensive,国债,0.01298259216883979,512010,-0.10610932475884238,511010,0.01298259216883979,最佳行业/主题 ETF 动量为负或不可用，切换到正动量防守资产
mom_2m,42,weekly,2016-02-05,511010,国债ETF国泰,defensive,国债,0.011126931889975378,512010,-0.11562500000000009,511010,0.011126931889975378,最佳行业/主题 ETF 动量为负或不可用，切换到正动量防守资产
mom_2m,42,weekly,2016-02-19,511010,国债ETF国泰,defensive,国债,0.01353416078771641,159928,-0.1246376811594202,511010,0.01353416078771641,最佳行业/主题 ETF 动量为负或不可用，切换到正动量防守资产
mom_2m,42,weekly,2016-02-26,511010,国债ETF国泰,defensive,国债,0.008456402236311167,512010,-0.2064896755162242,511010,0.008456402236311167,最佳行业/主题 ETF 动量为负或不可用，切换到正动量防守资产
mom_2m,42,weekly,2016-03-04,511010,国债ETF国泰,defensive,国债,0.004071858519222538,159928,-0.1512605042016807,511010,0.004071858519222538,最佳行业/主题 ETF 动量为负或不可用，切换到正动量防守资产
mom_2m,42,weekly,2016-03-11,511010,国债ETF国泰,defensive,国债,0.013689266753433849,159928,-0.13714285714285712,511010,0.013689266753433849,最佳行业/主题 ETF 动量为负或不可用，切换到正动量防守资产
mom_2m,42,weekly,2016-03-18,511010,国债ETF国泰,defensive,国债,0.004598320451843163,159928,-0.040000000000000036,511010,0.004598320451843163,最佳行业/主题 ETF 动量为负或不可用，切换到正动量防守资产
mom_2m,42,weekly,2016-03-25,159928,消费ETF汇添富,sector,消费,0.009493670886076,159928,0.009493670886076,511010,0.0137355715845362,最佳行业/主题 ETF 动量为正，持有该 ETF
mom_2m,42,weekly,2016-04-01,159928,消费ETF汇添富,sector,消费,0.059016393442623105,159928,0.059016393442623105,511010,0.017852976584883162,最佳行业/主题 ETF 动量为正，持有该 ETF
mom_2m,42,weekly,2016-04-08,159928,消费ETF汇添富,sector,消费,0.06666666666666665,159928,0.06666666666666665,511010,0.016160503393612302,最佳行业/主题 ETF 动量为正，持有该 ETF
mom_2m,42,weekly,2016-04-15,159928,消费ETF汇添富,sector,消费,0.07000000000000006,159928,0.07000000000000006,511010,0.009662105557106893,最佳行业/主题 ETF 动量为正，持有该 ETF
mom_2m,42,weekly,2016-04-22,159928,消费ETF汇添富,sector,消费,0.03289473684210531,159928,0.03289473684210531,511010,0.003980617739790304,最佳行业/主题 ETF 动量为正，持有该 ETF
mom_2m,42,weekly,2016-04-29,159928,消费ETF汇添富,sector,消费,0.0847457627118644,159928,0.0847457627118644,511010,0.0014742151426929695,最佳行业/主题 ETF 动量为正，持有该 ETF
mom_2m,42,weekly,2016-05-06,159928,消费ETF汇添富,sector,消费,0.0684039087947883,159928,0.0684039087947883,511010,0.0031005449161274345,最佳行业/主题 ETF 动量为正，持有该 ETF
mom_2m,42,weekly,2016-05-13,159928,消费ETF汇添富,sector,消费,0.0844155844155845,159928,0.0844155844155845,511010,0.0058520685951330975,最佳行业/主题 ETF 动量为正，持有该 ETF
mom_2m,42,weekly,2016-05-20,159928,消费ETF汇添富,sector,消费,0.044303797468354444,159928,0.044303797468354444,511010,0.002462096669690439,最佳行业/主题 ETF 动量为正，持有该 ETF
mom_2m,42,weekly,2016-05-27,159928,消费ETF汇添富,sector,消费,0.006172839506172867,159928,0.006172839506172867,511010,-0.004241771790837401,最佳行业/主题 ETF 动量为正，持有该 ETF
mom_2m,42,weekly,2016-06-03,159928,消费ETF汇添富,sector,消费,0.04307692307692301,159928,0.04307692307692301,511010,-0.007557253310315759,最佳行业/主题 ETF 动量为正，持有该 ETF
mom_2m,42,weekly,2016-06-08,159928,消费ETF汇添富,sector,消费,0.05625000000000013,159928,0.05625000000000013,511010,-0.0057237881739001795,最佳行业/主题 ETF 动量为正，持有该 ETF
mom_2m,42,weekly,2016-06-17,159928,消费ETF汇添富,sector,消费,0.06230529595015577,159928,0.06230529595015577,511010,0.0007283254047276699,最佳行业/主题 ETF 动量为正，持有该 ETF
mom_2m,42,weekly,2016-06-24,159928,消费ETF汇添富,sector,消费,0.06687898089171984,159928,0.06687898089171984,511010,0.007392379734874721,最佳行业/主题 ETF 动量为正，持有该 ETF
mom_2m,42,weekly,2016-07-01,159928,消费ETF汇添富,sector,消费,0.078125,159928,0.078125,511010,0.010748706174256828,最佳行业/主题 ETF 动量为正，持有该 ETF
mom_2m,42,weekly,2016-07-08,159928,消费ETF汇添富,sector,消费,0.09756097560975596,159928,0.09756097560975596,511010,0.010883535993342353,最佳行业/主题 ETF 动量为正，持有该 ETF
mom_2m,42,weekly,2016-07-15,159928,消费ETF汇添富,sector,消费,0.1174698795180722,159928,0.1174698795180722,511010,0.00922934933087216,最佳行业/主题 ETF 动量为正，持有该 ETF
mom_2m,42,weekly,2016-07-22,159928,消费ETF汇添富,sector,消费,0.09999999999999987,159928,0.09999999999999987,511010,0.012512706773865734,最佳行业/主题 ETF 动量为正，持有该 ETF
mom_2m,42,weekly,2016-07-29,159928,消费ETF汇添富,sector,消费,0.14769230769230757,159928,0.14769230769230757,511010,0.014485519102951594,最佳行业/主题 ETF 动量为正，持有该 ETF
mom_2m,42,weekly,2016-08-05,512010,医药ETF易方达,sector,医药,0.12411347517730498,512010,0.12411347517730498,511010,0.018011933946991077,最佳行业/主题 ETF 动量为正，持有该 ETF
mom_2m,42,weekly,2016-08-12,512010,医药ETF易方达,sector,医药,0.13427561837455837,512010,0.13427561837455837,511010,0.017930932703660085,最佳行业/主题 ETF 动量为正，持有该 ETF
mom_2m,42,weekly,2016-08-19,512010,医药ETF易方达,sector,医药,0.12237762237762251,512010,0.12237762237762251,511010,0.015148443690912838,最佳行业/主题 ETF 动量为正，持有该 ETF
mom_2m,42,weekly,2016-08-26,512010,医药ETF易方达,sector,医药,0.10273972602739745,512010,0.10273972602739745,511010,0.011554641144809752,最佳行业/主题 ETF 动量为正，持有该 ETF
mom_2m,42,weekly,2016-09-02,512010,医药ETF易方达,sector,医药,0.09183673469387754,512010,0.09183673469387754,511010,0.006028394745508425,最佳行业/主题 ETF 动量为正，持有该 ETF
mom_2m,42,weekly,2016-09-09,512010,医药ETF易方达,sector,医药,0.03194888178913735,512010,0.03194888178913735,511010,0.008288684343087382,最佳行业/主题 ETF 动量为正，持有该 ETF
mom_2m,42,weekly,2016-09-14,512010,医药ETF易方达,sector,医药,0.019354838709677358,512010,0.019354838709677358,511010,0.0066833063623981115,最佳行业/主题 ETF 动量为正，持有该 ETF
mom_2m,42,weekly,2016-09-23,512010,医药ETF易方达,sector,医药,0.045454545454545414,512010,0.045454545454545414,511010,0.005896796925632719,最佳行业/主题 ETF 动量为正，持有该 ETF
mom_2m,42,weekly,2016-09-30,512010,医药ETF易方达,sector,医药,0.03548387096774186,512010,0.03548387096774186,511010,0.004619315650205014,最佳行业/主题 ETF 动量为正，持有该 ETF
mom_2m,42,weekly,2016-10-14,512010,医药ETF易方达,sector,医药,0.034810126582278444,512010,0.034810126582278444,511010,0.0047859491072888005,最佳行业/主题 ETF 动量为正，持有该 ETF
mom_2m,42,weekly,2016-10-21,512010,医药ETF易方达,sector,医药,0.024922118380062308,512010,0.024922118380062308,511010,0.008076518203927519,最佳行业/主题 ETF 动量为正，持有该 ETF
mom_2m,42,weekly,2016-10-28,512010,医药ETF易方达,sector,医药,0.01869158878504673,512010,0.01869158878504673,511010,0.005205216098082888,最佳行业/主题 ETF 动量为正，持有该 ETF
mom_2m,42,weekly,2016-11-04,512880,证券ETF国泰,sector,证券,0.0324118207816968,512880,0.0324118207816968,511010,0.006907255795378209,最佳行业/主题 ETF 动量为正，持有该 ETF
mom_2m,42,weekly,2016-11-11,512880,证券ETF国泰,sector,证券,0.07495256166982922,512880,0.07495256166982922,511010,0.007236560997118113,最佳行业/主题 ETF 动量为正，持有该 ETF
mom_2m,42,weekly,2016-11-18,512880,证券ETF国泰,sector,证券,0.09384164222873914,512880,0.09384164222873914,511010,-0.0011913856451671867,最佳行业/主题 ETF 动量为正，持有该 ETF
mom_2m,42,weekly,2016-11-25,512880,证券ETF国泰,sector,证券,0.11862745098039218,512880,0.11862745098039218,511010,-0.0050554557171123005,最佳行业/主题 ETF 动量为正，持有该 ETF
mom_2m,42,weekly,2016-12-02,512880,证券ETF国泰,sector,证券,0.11676646706586835,512880,0.11676646706586835,511010,-0.011648672413949401,最佳行业/主题 ETF 动量为正，持有该 ETF
mom_2m,42,weekly,2016-12-09,512880,证券ETF国泰,sector,证券,0.051506316812439445,512880,0.051506316812439445,511010,-0.015064873961745273,最佳行业/主题 ETF 动量为正，持有该 ETF
mom_2m,42,weekly,2016-12-16,159928,消费ETF汇添富,sector,消费,0.027855153203342642,159928,0.027855153203342642,511010,-0.043592844636184735,最佳行业/主题 ETF 动量为正，持有该 ETF
mom_2m,42,weekly,2016-12-23,512010,医药ETF易方达,sector,医药,0.006134969325153339,512010,0.006134969325153339,511010,-0.03263910195094666,最佳行业/主题 ETF 动量为正，持有该 ETF
mom_2m,42,weekly,2016-12-30,512010,医药ETF易方达,sector,医药,0.006116207951070374,512010,0.006116207951070374,511010,-0.02431029033277643,最佳行业/主题 ETF 动量为正，持有该 ETF
mom_2m,42,weekly,2017-01-06,512660,军工ETF国泰,sector,军工,0.026236125126135157,512660,0.026236125126135157,511010,-0.02593605327990911,最佳行业/主题 ETF 动量为正，持有该 ETF
mom_2m,42,weekly,2017-01-13,159928,消费ETF汇添富,sector,消费,0.013698630136986356,159928,0.013698630136986356,511010,-0.019558393961935483,最佳行业/主题 ETF 动量为正，持有该 ETF
mom_2m,42,weekly,2017-01-20,159928,消费ETF汇添富,sector,消费,0.002732240437158362,159928,0.002732240437158362,511010,-0.016470181880982038,最佳行业/主题 ETF 动量为正，持有该 ETF
mom_2m,42,weekly,2017-01-26,512660,军工ETF国泰,sector,军工,0.010912698412698374,512660,0.010912698412698374,511010,-0.01315189434705677,最佳行业/主题 ETF 动量为正，持有该 ETF
mom_2m,42,weekly,2017-02-03,512660,军工ETF国泰,sector,军工,0.008875739644970349,512660,0.008875739644970349,511010,-0.00805290335598785,最佳行业/主题 ETF 动量为正，持有该 ETF
mom_2m,42,weekly,2017-02-10,512660,军工ETF国泰,sector,军工,0.028798411122145096,512660,0.028798411122145096,511010,-0.011408625361686409,最佳行业/主题 ETF 动量为正，持有该 ETF
mom_2m,42,weekly,2017-02-17,512660,军工ETF国泰,sector,军工,0.06069958847736623,512660,0.06069958847736623,511010,0.0035554482835447043,最佳行业/主题 ETF 动量为正，持有该 ETF
mom_2m,42,weekly,2017-02-24,159928,消费ETF汇添富,sector,消费,0.07967032967032983,159928,0.07967032967032983,511010,0.016355886053367907,最佳行业/主题 ETF 动量为正，持有该 ETF
mom_2m,42,weekly,2017-03-03,159928,消费ETF汇添富,sector,消费,0.07162534435261714,159928,0.07162534435261714,511010,0.009541557957510216,最佳行业/主题 ETF 动量为正，持有该 ETF
mom_2m,42,weekly,2017-03-10,159928,消费ETF汇添富,sector,消费,0.05121293800539095,159928,0.05121293800539095,511010,0.00010193396532409693,最佳行业/主题 ETF 动量为正，持有该 ETF
mom_2m,42,weekly,2017-03-17,159928,消费ETF汇添富,sector,消费,0.05066666666666664,159928,0.05066666666666664,511010,0.002250333382723513,最佳行业/主题 ETF 动量为正，持有该 ETF
mom_2m,42,weekly,2017-03-24,159928,消费ETF汇添富,sector,消费,0.11748633879781423,159928,0.11748633879781423,511010,0.00457057034784536,最佳行业/主题 ETF 动量为正，持有该 ETF
mom_2m,42,weekly,2017-03-31,159928,消费ETF汇添富,sector,消费,0.10752688172043001,159928,0.10752688172043001,511010,0.0011108334027605249,最佳行业/主题 ETF 动量为正，持有该 ETF
mom_2m,42,weekly,2017-04-07,512010,医药ETF易方达,sector,医药,0.09850746268656718,512010,0.09850746268656718,511010,0.0020918372069345104,最佳行业/主题 ETF 动量为正，持有该 ETF
mom_2m,42,weekly,2017-04-14,512010,医药ETF易方达,sector,医药,0.07575757575757569,512010,0.07575757575757569,511010,0.00527410488783242,最佳行业/主题 ETF 动量为正，持有该 ETF
mom_2m,42,weekly,2017-04-21,512010,医药ETF易方达,sector,医药,0.08734939759036142,512010,0.08734939759036142,511010,-0.004091077378748698,最佳行业/主题 ETF 动量为正，持有该 ETF
mom_2m,42,weekly,2017-04-28,512010,医药ETF易方达,sector,医药,0.06567164179104457,512010,0.06567164179104457,511010,-0.009442844483828039,最佳行业/主题 ETF 动量为正，持有该 ETF
mom_2m,42,weekly,2017-05-05,512010,医药ETF易方达,sector,医药,0.09451219512195119,512010,0.09451219512195119,511010,-0.014278594107657083,最佳行业/主题 ETF 动量为正，持有该 ETF
mom_2m,42,weekly,2017-05-12,512010,医药ETF易方达,sector,医药,0.06306306306306286,512010,0.06306306306306286,511010,-0.015751825358585658,最佳行业/主题 ETF 动量为正，持有该 ETF
mom_2m,42,weekly,2017-05-19,512010,医药ETF易方达,sector,医药,0.06470588235294117,512010,0.06470588235294117,511010,-0.020928234174466653,最佳行业/主题 ETF 动量为正，持有该 ETF
mom_2m,42,weekly,2017-05-26,512010,医药ETF易方达,sector,医药,0.016759776536312776,512010,0.016759776536312776,511010,-0.01830984615668574,最佳行业/主题 ETF 动量为正，持有该 ETF
mom_2m,42,weekly,2017-06-02,512010,医药ETF易方达,sector,医药,0.033802816901408406,512010,0.033802816901408406,511010,-0.011103413237263826,最佳行业/主题 ETF 动量为正，持有该 ETF
mom_2m,42,weekly,2017-06-09,159928,消费ETF汇添富,sector,消费,0.056650246305418595,159928,0.056650246305418595,511010,-0.011554980834064588,最佳行业/主题 ETF 动量为正，持有该 ETF
mom_2m,42,weekly,2017-06-16,512010,医药ETF易方达,sector,医药,0.07323943661971843,512010,0.07323943661971843,511010,-0.009042710411586441,最佳行业/主题 ETF 动量为正，持有该 ETF
mom_2m,42,weekly,2017-06-23,159928,消费ETF汇添富,sector,消费,0.06829268292682933,159928,0.06829268292682933,511010,-0.00424729084183717,最佳行业/主题 ETF 动量为正，持有该 ETF
mom_2m,42,weekly,2017-06-30,159928,消费ETF汇添富,sector,消费,0.10591133004926112,159928,0.10591133004926112,511010,-0.00243213776522877,最佳行业/主题 ETF 动量为正，持有该 ETF
mom_2m,42,weekly,2017-07-07,159928,消费ETF汇添富,sector,消费,0.12342569269521397,159928,0.12342569269521397,511010,0.0073129060117906874,最佳行业/主题 ETF 动量为正，持有该 ETF
mom_2m,42,weekly,2017-07-14,159928,消费ETF汇添富,sector,消费,0.08521303258145352,159928,0.08521303258145352,511010,0.007098733510723321,最佳行业/主题 ETF 动量为正，持有该 ETF
mom_2m,42,weekly,2017-07-21,512880,证券ETF国泰,sector,证券,0.11889596602972419,512880,0.11889596602972419,511010,0.011411297940676413,最佳行业/主题 ETF 动量为正，持有该 ETF
mom_2m,42,weekly,2017-07-28,159928,消费ETF汇添富,sector,消费,0.08252427184466038,159928,0.08252427184466038,511010,0.004147975750295574,最佳行业/主题 ETF 动量为正，持有该 ETF
mom_2m,42,weekly,2017-08-04,512880,证券ETF国泰,sector,证券,0.07939698492462322,512880,0.07939698492462322,511010,0.002309058614564874,最佳行业/主题 ETF 动量为正，持有该 ETF
mom_2m,42,weekly,2017-08-11,512880,证券ETF国泰,sector,证券,0.042726347914547214,512880,0.042726347914547214,511010,-0.0012857901553198214,最佳行业/主题 ETF 动量为正，持有该 ETF
mom_2m,42,weekly,2017-08-18,159928,消费ETF汇添富,sector,消费,0.06363636363636371,159928,0.06363636363636371,511010,-0.00030749161386500745,最佳行业/主题 ETF 动量为正，持有该 ETF
mom_2m,42,weekly,2017-08-25,512880,证券ETF国泰,sector,证券,0.050295857988165604,512880,0.050295857988165604,511010,-0.00021422251199176845,最佳行业/主题 ETF 动量为正，持有该 ETF
mom_2m,42,weekly,2017-09-01,512880,证券ETF国泰,sector,证券,0.12922465208747513,512880,0.12922465208747513,511010,0.0013815378009278678,最佳行业/主题 ETF 动量为正，持有该 ETF
mom_2m,42,weekly,2017-09-08,512880,证券ETF国泰,sector,证券,0.08317025440313097,512880,0.08317025440313097,511010,0.0022848083558704158,最佳行业/主题 ETF 动量为正，持有该 ETF
mom_2m,42,weekly,2017-09-15,159928,消费ETF汇添富,sector,消费,0.09447004608294929,159928,0.09447004608294929,511010,0.0042821347096002604,最佳行业/主题 ETF 动量为正，持有该 ETF
mom_2m,42,weekly,2017-09-22,159928,消费ETF汇添富,sector,消费,0.1298405466970387,159928,0.1298405466970387,511010,0.0022810560167527694,最佳行业/主题 ETF 动量为正，持有该 ETF
mom_2m,42,weekly,2017-09-29,159928,消费ETF汇添富,sector,消费,0.12472160356347439,159928,0.12472160356347439,511010,0.0009431055251043485,最佳行业/主题 ETF 动量为正，持有该 ETF
mom_2m,42,weekly,2017-10-13,159928,消费ETF汇添富,sector,消费,0.15053763440860224,159928,0.15053763440860224,511010,0.0008684446436575399,最佳行业/主题 ETF 动量为正，持有该 ETF
mom_2m,42,weekly,2017-10-20,159928,消费ETF汇添富,sector,消费,0.11715481171548126,159928,0.11715481171548126,511010,-0.0011757570102178816,最佳行业/主题 ETF 动量为正，持有该 ETF
mom_2m,42,weekly,2017-10-27,159928,消费ETF汇添富,sector,消费,0.2158119658119657,159928,0.2158119658119657,511010,-0.00604710968655664,最佳行业/主题 ETF 动量为正，持有该 ETF
mom_2m,42,weekly,2017-11-03,159928,消费ETF汇添富,sector,消费,0.18123667377398744,159928,0.18123667377398744,511260,-0.006978446187624443,最佳行业/主题 ETF 动量为正，持有该 ETF
mom_2m,42,weekly,2017-11-10,159928,消费ETF汇添富,sector,消费,0.21868365180467086,159928,0.21868365180467086,511010,-0.0044167800368997145,最佳行业/主题 ETF 动量为正，持有该 ETF
mom_2m,42,weekly,2017-11-17,159928,消费ETF汇添富,sector,消费,0.22505307855626322,159928,0.22505307855626322,511010,-0.00704120408315323,最佳行业/主题 ETF 动量为正，持有该 ETF
mom_2m,42,weekly,2017-11-24,159928,消费ETF汇添富,sector,消费,0.13842975206611574,159928,0.13842975206611574,511010,-0.009093622339532592,最佳行业/主题 ETF 动量为正，持有该 ETF
mom_2m,42,weekly,2017-12-01,512010,医药ETF易方达,sector,医药,0.07297297297297312,512010,0.07297297297297312,511010,-0.0052234420617671695,最佳行业/主题 ETF 动量为正，持有该 ETF
mom_2m,42,weekly,2017-12-08,512010,医药ETF易方达,sector,医药,0.023076923076922995,512010,0.023076923076922995,511010,-0.004868630907412075,最佳行业/主题 ETF 动量为正，持有该 ETF
mom_2m,42,weekly,2017-12-15,159928,消费ETF汇添富,sector,消费,0.1045627376425855,159928,0.1045627376425855,511010,-0.002309706377407905,最佳行业/主题 ETF 动量为正，持有该 ETF
mom_2m,42,weekly,2017-12-22,159928,消费ETF汇添富,sector,消费,0.09869646182495329,159928,0.09869646182495329,511010,-0.0006639299039639113,最佳行业/主题 ETF 动量为正，持有该 ETF
mom_2m,42,weekly,2017-12-29,159928,消费ETF汇添富,sector,消费,0.05999999999999983,159928,0.05999999999999983,511010,0.001210347059982464,最佳行业/主题 ETF 动量为正，持有该 ETF
mom_2m,42,weekly,2018-01-05,159928,消费ETF汇添富,sector,消费,0.04130808950086062,159928,0.04130808950086062,511010,0.0036516221087412593,最佳行业/主题 ETF 动量为正，持有该 ETF
mom_2m,42,weekly,2018-01-12,159928,消费ETF汇添富,sector,消费,0.12544169611307443,159928,0.12544169611307443,511010,0.005535610232890287,最佳行业/主题 ETF 动量为正，持有该 ETF
mom_2m,42,weekly,2018-01-19,512800,银行ETF华宝,sector,银行,0.08237547892720287,512800,0.08237547892720287,511010,0.0038790998234210505,最佳行业/主题 ETF 动量为正，持有该 ETF
mom_2m,42,weekly,2018-01-26,159928,消费ETF汇添富,sector,消费,0.15539305301645334,159928,0.15539305301645334,511010,0.007694331185058578,最佳行业/主题 ETF 动量为正，持有该 ETF
mom_2m,42,weekly,2018-02-02,159928,消费ETF汇添富,sector,消费,0.12615955473098328,159928,0.12615955473098328,511010,0.0028989844202966797,最佳行业/主题 ETF 动量为正，持有该 ETF
mom_2m,42,weekly,2018-02-09,512800,银行ETF华宝,sector,银行,0.045454545454545414,512800,0.045454545454545414,511010,0.010213460384153716,最佳行业/主题 ETF 动量为正，持有该 ETF
mom_2m,42,weekly,2018-02-14,512800,银行ETF华宝,sector,银行,0.062000000000000055,512800,0.062000000000000055,511260,0.011481298124019101,最佳行业/主题 ETF 动量为正，持有该 ETF
mom_2m,42,weekly,2018-02-23,512800,银行ETF华宝,sector,银行,0.07465618860510803,512800,0.07465618860510803,511260,0.007895900448487092,最佳行业/主题 ETF 动量为正，持有该 ETF
mom_2m,42,weekly,2018-03-02,512800,银行ETF华宝,sector,银行,0.027397260273972712,512800,0.027397260273972712,511010,0.012954215965954141,最佳行业/主题 ETF 动量为正，持有该 ETF
mom_2m,42,weekly,2018-03-09,512010,医药ETF易方达,sector,医药,0.06280193236714982,512010,0.06280193236714982,511010,0.012134196542175069,最佳行业/主题 ETF 动量为正，持有该 ETF
mom_2m,42,weekly,2018-03-16,512010,医药ETF易方达,sector,医药,0.025700934579439227,512010,0.025700934579439227,511260,0.010784107630859685,最佳行业/主题 ETF 动量为正，持有该 ETF
mom_2m,42,weekly,2018-03-23,512010,医药ETF易方达,sector,医药,0.037296037296037365,512010,0.037296037296037365,511260,0.024860187823150914,最佳行业/主题 ETF 动量为正，持有该 ETF
mom_2m,42,weekly,2018-03-30,512010,医药ETF易方达,sector,医药,0.05990783410138256,512010,0.05990783410138256,511260,0.013786090201916457,最佳行业/主题 ETF 动量为正，持有该 ETF
mom_2m,42,weekly,2018-04-04,512010,医药ETF易方达,sector,医药,0.08571428571428585,512010,0.08571428571428585,511260,0.019643495259916266,最佳行业/主题 ETF 动量为正，持有该 ETF
mom_2m,42,weekly,2018-04-13,512660,军工ETF国泰,sector,军工,0.11910994764397898,512660,0.11910994764397898,511260,0.022244139928231155,最佳行业/主题 ETF 动量为正，持有该 ETF
mom_2m,42,weekly,2018-04-20,512660,军工ETF国泰,sector,军工,0.2308762169680112,512660,0.2308762169680112,511260,0.03532976191724235,最佳行业/主题 ETF 动量为正，持有该 ETF
mom_2m,42,weekly,2018-04-27,512010,医药ETF易方达,sector,医药,0.11650485436893221,512010,0.11650485436893221,511260,0.023372477482613174,最佳行业/主题 ETF 动量为正，持有该 ETF
mom_2m,42,weekly,2018-05-04,512010,医药ETF易方达,sector,医药,0.14146341463414647,512010,0.14146341463414647,511260,0.018585280954748873,最佳行业/主题 ETF 动量为正，持有该 ETF
mom_2m,42,weekly,2018-05-11,512010,医药ETF易方达,sector,医药,0.12268518518518512,512010,0.12268518518518512,511260,0.01692166971561626,最佳行业/主题 ETF 动量为正，持有该 ETF
mom_2m,42,weekly,2018-05-18,512010,医药ETF易方达,sector,医药,0.15489749430523925,512010,0.15489749430523925,511260,0.016442202693567776,最佳行业/主题 ETF 动量为正，持有该 ETF
mom_2m,42,weekly,2018-05-25,512010,医药ETF易方达,sector,医药,0.15032679738562083,512010,0.15032679738562083,511260,0.01751859602594119,最佳行业/主题 ETF 动量为正，持有该 ETF
mom_2m,42,weekly,2018-06-01,512010,医药ETF易方达,sector,医药,0.1361607142857142,512010,0.1361607142857142,511260,0.024599085697699863,最佳行业/主题 ETF 动量为正，持有该 ETF
mom_2m,42,weekly,2018-06-08,512010,医药ETF易方达,sector,医药,0.13436123348017626,512010,0.13436123348017626,511260,0.00906924672870324,最佳行业/主题 ETF 动量为正，持有该 ETF
mom_2m,42,weekly,2018-06-15,159928,消费ETF汇添富,sector,消费,0.11029411764705865,159928,0.11029411764705865,511260,0.008827509842519676,最佳行业/主题 ETF 动量为正，持有该 ETF
mom_2m,42,weekly,2018-06-22,512010,医药ETF易方达,sector,医药,0.11210762331838553,512010,0.11210762331838553,511010,0.002750390628569299,最佳行业/主题 ETF 动量为正，持有该 ETF
mom_2m,42,weekly,2018-06-29,512010,医药ETF易方达,sector,医药,0.05434782608695654,512010,0.05434782608695654,511260,0.006076810889644957,最佳行业/主题 ETF 动量为正，持有该 ETF
mom_2m,42,weekly,2018-07-06,511260,十年国债ETF国泰,defensive,十年国债,0.015171120869715837,512010,-0.03131524008350717,511260,0.015171120869715837,最佳行业/主题 ETF 动量为负或不可用，切换到正动量防守资产
mom_2m,42,weekly,2018-07-13,511260,十年国债ETF国泰,defensive,十年国债,0.0205050391133621,512010,0.0,511260,0.0205050391133621,最佳行业/主题 ETF 动量为负或不可用，切换到正动量防守资产
mom_2m,42,weekly,2018-07-20,511260,十年国债ETF国泰,defensive,十年国债,0.02244073605614272,512010,-0.04854368932038844,511260,0.02244073605614272,最佳行业/主题 ETF 动量为负或不可用，切换到正动量防守资产
mom_2m,42,weekly,2018-07-27,511260,十年国债ETF国泰,defensive,十年国债,0.010276399716513174,512800,-0.03124999999999989,511260,0.010276399716513174,最佳行业/主题 ETF 动量为负或不可用，切换到正动量防守资产
mom_2m,42,weekly,2018-08-03,511260,十年国债ETF国泰,defensive,十年国债,0.019034090909090917,512800,-0.05208333333333326,511260,0.019034090909090917,最佳行业/主题 ETF 动量为负或不可用，切换到正动量防守资产
mom_2m,42,weekly,2018-08-10,511260,十年国债ETF国泰,defensive,十年国债,0.015850934199837408,512800,-0.004264392324093702,511260,0.015850934199837408,最佳行业/主题 ETF 动量为负或不可用，切换到正动量防守资产
mom_2m,42,weekly,2018-08-17,511010,国债ETF国泰,defensive,国债,0.0021052247851485184,512660,-0.014903129657228065,511010,0.0021052247851485184,最佳行业/主题 ETF 动量为负或不可用，切换到正动量防守资产
mom_2m,42,weekly,2018-08-24,512800,银行ETF华宝,sector,银行,0.06378132118451041,512800,0.06378132118451041,511010,0.004250439151368468,最佳行业/主题 ETF 动量为正，持有该 ETF
mom_2m,42,weekly,2018-08-31,512800,银行ETF华宝,sector,银行,0.08857808857808869,512800,0.08857808857808869,511010,0.004160472789239034,最佳行业/主题 ETF 动量为正，持有该 ETF
mom_2m,42,weekly,2018-09-07,512800,银行ETF华宝,sector,银行,0.04751131221719462,512800,0.04751131221719462,511010,0.0030509397984199715,最佳行业/主题 ETF 动量为正，持有该 ETF
mom_2m,42,weekly,2018-09-14,512800,银行ETF华宝,sector,银行,0.05227272727272725,512800,0.05227272727272725,511010,-0.0017991953347498146,最佳行业/主题 ETF 动量为正，持有该 ETF
mom_2m,42,weekly,2018-09-21,512800,银行ETF华宝,sector,银行,0.04264392324093813,512800,0.04264392324093813,511010,0.00031660168793923305,最佳行业/主题 ETF 动量为正，持有该 ETF
mom_2m,42,weekly,2018-09-28,512800,银行ETF华宝,sector,银行,0.04661016949152552,512800,0.04661016949152552,511010,0.002799299272182143,最佳行业/主题 ETF 动量为正，持有该 ETF
mom_2m,42,weekly,2018-10-12,512800,银行ETF华宝,sector,银行,0.0064239828693788414,512800,0.0064239828693788414,511010,0.0002873589022891476,最佳行业/主题 ETF 动量为正，持有该 ETF
mom_2m,42,weekly,2018-10-19,512800,银行ETF华宝,sector,银行,0.04157549234135649,512800,0.04157549234135649,511010,0.006778653991573957,最佳行业/主题 ETF 动量为正，持有该 ETF
mom_2m,42,weekly,2018-10-26,512800,银行ETF华宝,sector,银行,0.07205240174672478,512800,0.07205240174672478,511010,0.014653479746927545,最佳行业/主题 ETF 动量为正，持有该 ETF
mom_2m,42,weekly,2018-11-02,512880,证券ETF国泰,sector,证券,0.06284153005464477,512880,0.06284153005464477,511260,0.012098154075326661,最佳行业/主题 ETF 动量为正，持有该 ETF
mom_2m,42,weekly,2018-11-09,512880,证券ETF国泰,sector,证券,0.03042876901798075,512880,0.03042876901798075,511260,0.014560326376398036,最佳行业/主题 ETF 动量为正，持有该 ETF
mom_2m,42,weekly,2018-11-16,512880,证券ETF国泰,sector,证券,0.17052023121387294,512880,0.17052023121387294,511260,0.02848833099380954,最佳行业/主题 ETF 动量为正，持有该 ETF
mom_2m,42,weekly,2018-11-23,512880,证券ETF国泰,sector,证券,0.07454289732770758,512880,0.07454289732770758,511260,0.025171163914619488,最佳行业/主题 ETF 动量为正，持有该 ETF
mom_2m,42,weekly,2018-11-30,512880,证券ETF国泰,sector,证券,0.059228650137741035,512880,0.059228650137741035,511260,0.025785047294435648,最佳行业/主题 ETF 动量为正，持有该 ETF
mom_2m,42,weekly,2018-12-07,512880,证券ETF国泰,sector,证券,0.09829059829059839,512880,0.09829059829059839,511260,0.029215107523643313,最佳行业/主题 ETF 动量为正，持有该 ETF
mom_2m,42,weekly,2018-12-14,512880,证券ETF国泰,sector,证券,0.18799368088467605,512880,0.18799368088467605,511260,0.02064926238356035,最佳行业/主题 ETF 动量为正，持有该 ETF
mom_2m,42,weekly,2018-12-21,512980,传媒ETF广发,sector,传媒,0.043276661514683123,512980,0.043276661514683123,511260,0.024289395361844157,最佳行业/主题 ETF 动量为正，持有该 ETF
mom_2m,42,weekly,2018-12-28,159928,消费ETF汇添富,sector,消费,0.06823529411764717,159928,0.06823529411764717,511260,0.027173804929479406,最佳行业/主题 ETF 动量为正，持有该 ETF
mom_2m,42,weekly,2019-01-04,512880,证券ETF国泰,sector,证券,0.007712082262210762,512880,0.007712082262210762,511260,0.028139282478168548,最佳行业/主题 ETF 动量为正，持有该 ETF
mom_2m,42,weekly,2019-01-11,159928,消费ETF汇添富,sector,消费,0.04484304932735439,159928,0.04484304932735439,511260,0.02289940301167226,最佳行业/主题 ETF 动量为正，持有该 ETF
mom_2m,42,weekly,2019-01-18,159928,消费ETF汇添富,sector,消费,0.06345733041575485,159928,0.06345733041575485,511260,0.01566008688063225,最佳行业/主题 ETF 动量为正，持有该 ETF
mom_2m,42,weekly,2019-01-25,159928,消费ETF汇添富,sector,消费,0.10407239819004532,159928,0.10407239819004532,511010,0.01639153996553855,最佳行业/主题 ETF 动量为正，持有该 ETF
mom_2m,42,weekly,2019-02-01,159928,消费ETF汇添富,sector,消费,0.05720338983050843,159928,0.05720338983050843,511010,0.01774187796440918,最佳行业/主题 ETF 动量为正，持有该 ETF
mom_2m,42,weekly,2019-02-15,159928,消费ETF汇添富,sector,消费,0.1506550218340612,159928,0.1506550218340612,511260,0.012471379159156193,最佳行业/主题 ETF 动量为正，持有该 ETF
mom_2m,42,weekly,2019-02-22,512880,证券ETF国泰,sector,证券,0.28269484808454415,512880,0.28269484808454415,511260,0.012974540893322617,最佳行业/主题 ETF 动量为正，持有该 ETF
mom_2m,42,weekly,2019-03-01,512880,证券ETF国泰,sector,证券,0.4317241379310346,512880,0.4317241379310346,511260,0.006934541831891128,最佳行业/主题 ETF 动量为正，持有该 ETF
mom_2m,42,weekly,2019-03-08,512880,证券ETF国泰,sector,证券,0.45658263305322144,512880,0.45658263305322144,511010,0.0019455766742084712,最佳行业/主题 ETF 动量为正，持有该 ETF
mom_2m,42,weekly,2019-03-15,512880,证券ETF国泰,sector,证券,0.30916030534351124,512880,0.30916030534351124,511260,0.002148913927285445,最佳行业/主题 ETF 动量为正，持有该 ETF
mom_2m,42,weekly,2019-03-22,512980,传媒ETF广发,sector,传媒,0.3533724340175952,512980,0.3533724340175952,511260,0.0029761904761904656,最佳行业/主题 ETF 动量为正，持有该 ETF
mom_2m,42,weekly,2019-03-29,512880,证券ETF国泰,sector,证券,0.39327296248382915,512880,0.39327296248382915,511260,0.006375959054539138,最佳行业/主题 ETF 动量为正，持有该 ETF
mom_2m,42,weekly,2019-04-04,512880,证券ETF国泰,sector,证券,0.47028423772609806,512880,0.47028423772609806,511010,-0.0012818936906245915,最佳行业/主题 ETF 动量为正，持有该 ETF
mom_2m,42,weekly,2019-04-12,512880,证券ETF国泰,sector,证券,0.3230958230958232,512880,0.3230958230958232,511010,-0.008291569363175877,最佳行业/主题 ETF 动量为正，持有该 ETF
mom_2m,42,weekly,2019-04-19,159928,消费ETF汇添富,sector,消费,0.27037037037037037,159928,0.27037037037037037,511010,-0.008099328412444096,最佳行业/主题 ETF 动量为正，持有该 ETF
mom_2m,42,weekly,2019-04-26,159928,消费ETF汇添富,sector,消费,0.22342342342342336,159928,0.22342342342342336,511010,-0.0021922873745376936,最佳行业/主题 ETF 动量为正，持有该 ETF
mom_2m,42,weekly,2019-04-30,159928,消费ETF汇添富,sector,消费,0.22912966252220257,159928,0.22912966252220257,511010,-0.0031643344349905345,最佳行业/主题 ETF 动量为正，持有该 ETF
mom_2m,42,weekly,2019-05-10,159928,消费ETF汇添富,sector,消费,0.1768826619964976,159928,0.1768826619964976,511010,0.0002463032520825248,最佳行业/主题 ETF 动量为正，持有该 ETF
mom_2m,42,weekly,2019-05-17,159928,消费ETF汇添富,sector,消费,0.24173913043478268,159928,0.24173913043478268,511010,0.001899886534554085,最佳行业/主题 ETF 动量为正，持有该 ETF
mom_2m,42,weekly,2019-05-24,159928,消费ETF汇添富,sector,消费,0.06270096463022523,159928,0.06270096463022523,511010,0.002303843549677831,最佳行业/主题 ETF 动量为正，持有该 ETF
mom_2m,42,weekly,2019-05-31,159928,消费ETF汇添富,sector,消费,0.090032154340836,159928,0.090032154340836,511010,0.0007005253940455258,最佳行业/主题 ETF 动量为正，持有该 ETF
mom_2m,42,weekly,2019-06-06,511010,国债ETF国泰,defensive,国债,0.004710845491298965,159928,-0.022321428571428603,511010,0.004710845491298965,最佳行业/主题 ETF 动量为负或不可用，切换到正动量防守资产
mom_2m,42,weekly,2019-06-14,159928,消费ETF汇添富,sector,消费,0.0284005979073243,159928,0.0284005979073243,511260,0.008519878092715816,最佳行业/主题 ETF 动量为正，持有该 ETF
mom_2m,42,weekly,2019-06-21,159928,消费ETF汇添富,sector,消费,0.035036496350364876,159928,0.035036496350364876,511260,0.015695969078941108,最佳行业/主题 ETF 动量为正，持有该 ETF
mom_2m,42,weekly,2019-06-28,159928,消费ETF汇添富,sector,消费,0.05139500734214386,159928,0.05139500734214386,511260,0.018757684552205722,最佳行业/主题 ETF 动量为正，持有该 ETF
mom_2m,42,weekly,2019-07-05,512690,酒ETF鹏华,sector,白酒/酒,0.6111111111111112,512690,0.6111111111111112,511260,0.017229914730501505,最佳行业/主题 ETF 动量为正，持有该 ETF
mom_2m,42,weekly,2019-07-12,512690,酒ETF鹏华,sector,白酒/酒,0.5075757575757576,512690,0.5075757575757576,511260,0.010772638082101382,最佳行业/主题 ETF 动量为正，持有该 ETF
mom_2m,42,weekly,2019-07-19,512690,酒ETF鹏华,sector,白酒/酒,0.2534246575342467,512690,0.2534246575342467,511260,0.012533763432502454,最佳行业/主题 ETF 动量为正，持有该 ETF
mom_2m,42,weekly,2019-07-26,512690,酒ETF鹏华,sector,白酒/酒,0.33834586466165395,512690,0.33834586466165395,511260,0.014764460113557698,最佳行业/主题 ETF 动量为正，持有该 ETF
mom_2m,42,weekly,2019-08-02,512690,酒ETF鹏华,sector,白酒/酒,0.4285714285714286,512690,0.4285714285714286,511260,0.010796443069785555,最佳行业/主题 ETF 动量为正，持有该 ETF
mom_2m,42,weekly,2019-08-09,512690,酒ETF鹏华,sector,白酒/酒,0.14814814814814814,512690,0.14814814814814814,511260,0.02304504434718635,最佳行业/主题 ETF 动量为正，持有该 ETF
mom_2m,42,weekly,2019-08-16,512690,酒ETF鹏华,sector,白酒/酒,0.4166666666666665,512690,0.4166666666666665,511260,0.020069765868836242,最佳行业/主题 ETF 动量为正，持有该 ETF
mom_2m,42,weekly,2019-08-23,512690,酒ETF鹏华,sector,白酒/酒,0.24999999999999978,512690,0.24999999999999978,511260,0.015396800865466354,最佳行业/主题 ETF 动量为正，持有该 ETF
mom_2m,42,weekly,2019-08-30,512690,酒ETF鹏华,sector,白酒/酒,0.13636363636363624,512690,0.13636363636363624,511260,0.013114343994150124,最佳行业/主题 ETF 动量为正，持有该 ETF
mom_2m,42,weekly,2019-09-06,512480,半导体ETF国联安,sector,半导体,0.2505091649694502,512480,0.2505091649694502,511260,0.014692590242119996,最佳行业/主题 ETF 动量为正，持有该 ETF
mom_2m,42,weekly,2019-09-12,512480,半导体ETF国联安,sector,半导体,0.25844930417495027,512480,0.25844930417495027,511260,0.009971468918412718,最佳行业/主题 ETF 动量为正，持有该 ETF
mom_2m,42,weekly,2019-09-20,512480,半导体ETF国联安,sector,半导体,0.2944664031620554,512480,0.2944664031620554,511260,0.006116325219775343,最佳行业/主题 ETF 动量为正，持有该 ETF
mom_2m,42,weekly,2019-09-27,512690,酒ETF鹏华,sector,白酒/酒,0.19780219780219777,512690,0.19780219780219777,511010,0.004523115730874494,最佳行业/主题 ETF 动量为正，持有该 ETF
mom_2m,42,weekly,2019-09-30,512690,酒ETF鹏华,sector,白酒/酒,0.20231213872832376,512690,0.20231213872832376,511010,0.0061644669344602665,最佳行业/主题 ETF 动量为正，持有该 ETF
mom_2m,42,weekly,2019-10-11,512690,酒ETF鹏华,sector,白酒/酒,0.3677419354838709,512690,0.3677419354838709,511010,-0.0016405049301490005,最佳行业/主题 ETF 动量为正，持有该 ETF
mom_2m,42,weekly,2019-10-18,512690,酒ETF鹏华,sector,白酒/酒,0.21556886227544902,512690,0.21556886227544902,511010,-0.003216820608349935,最佳行业/主题 ETF 动量为正，持有该 ETF
mom_2m,42,weekly,2019-10-25,512010,医药ETF易方达,sector,医药,0.09456264775413725,512010,0.09456264775413725,511010,-4.327355812505651e-05,最佳行业/主题 ETF 动量为正，持有该 ETF
mom_2m,42,weekly,2019-11-01,512170,医疗ETF华宝,sector,医疗,0.10230179028132991,512170,0.10230179028132991,511010,-0.0017222876133766718,最佳行业/主题 ETF 动量为正，持有该 ETF
mom_2m,42,weekly,2019-11-08,512170,医疗ETF华宝,sector,医疗,0.11959287531806617,512170,0.11959287531806617,511010,0.00027736606252881657,最佳行业/主题 ETF 动量为正，持有该 ETF
mom_2m,42,weekly,2019-11-15,512170,医疗ETF华宝,sector,医疗,0.09950248756218905,512170,0.09950248756218905,511010,-0.0005271982438249667,最佳行业/主题 ETF 动量为正，持有该 ETF
mom_2m,42,weekly,2019-11-22,512170,医疗ETF华宝,sector,医疗,0.08291457286432147,512170,0.08291457286432147,511010,0.004216085187429552,最佳行业/主题 ETF 动量为正，持有该 ETF
mom_2m,42,weekly,2019-11-29,512800,银行ETF华宝,sector,银行,0.034155597722960174,512800,0.034155597722960174,511010,0.0042644845423249755,最佳行业/主题 ETF 动量为正，持有该 ETF
mom_2m,42,weekly,2019-12-06,512480,半导体ETF国联安,sector,半导体,0.1328903654485052,512480,0.1328903654485052,511010,0.004283690883338576,最佳行业/主题 ETF 动量为正，持有该 ETF
mom_2m,42,weekly,2019-12-13,512480,半导体ETF国联安,sector,半导体,0.23898305084745775,512480,0.23898305084745775,511010,0.004160755683194406,最佳行业/主题 ETF 动量为正，持有该 ETF
mom_2m,42,weekly,2019-12-20,512480,半导体ETF国联安,sector,半导体,0.2268041237113403,512480,0.2268041237113403,511010,0.006330374539943895,最佳行业/主题 ETF 动量为正，持有该 ETF
mom_2m,42,weekly,2019-12-27,512480,半导体ETF国联安,sector,半导体,0.18377483443708598,512480,0.18377483443708598,511260,0.01882550465089361,最佳行业/主题 ETF 动量为正，持有该 ETF
mom_2m,42,weekly,2020-01-03,512480,半导体ETF国联安,sector,半导体,0.2009646302250805,512480,0.2009646302250805,511260,0.01499961514778314,最佳行业/主题 ETF 动量为正，持有该 ETF
mom_2m,42,weekly,2020-01-10,512480,半导体ETF国联安,sector,半导体,0.31756756756756777,512480,0.31756756756756777,511260,0.018504285000576548,最佳行业/主题 ETF 动量为正，持有该 ETF
mom_2m,42,weekly,2020-01-17,512480,半导体ETF国联安,sector,半导体,0.2881619937694704,512480,0.2881619937694704,511260,0.012361836888714839,最佳行业/主题 ETF 动量为正，持有该 ETF
mom_2m,42,weekly,2020-01-23,512480,半导体ETF国联安,sector,半导体,0.5446880269814505,512480,0.5446880269814505,511260,0.021188912155895467,最佳行业/主题 ETF 动量为正，持有该 ETF
mom_2m,42,weekly,2020-02-07,512480,半导体ETF国联安,sector,半导体,0.449685534591195,512480,0.449685534591195,511260,0.03185248075400415,最佳行业/主题 ETF 动量为正，持有该 ETF
mom_2m,42,weekly,2020-02-14,512480,半导体ETF国联安,sector,半导体,0.42568542568542567,512480,0.42568542568542567,511260,0.03179804715408441,最佳行业/主题 ETF 动量为正，持有该 ETF
mom_2m,42,weekly,2020-02-21,512480,半导体ETF国联安,sector,半导体,0.534228187919463,512480,0.534228187919463,511260,0.0297240320134311,最佳行业/主题 ETF 动量为正，持有该 ETF
mom_2m,42,weekly,2020-02-28,512480,半导体ETF国联安,sector,半导体,0.4775036284470249,512480,0.4775036284470249,511260,0.0339140843197232,最佳行业/主题 ETF 动量为正，持有该 ETF
mom_2m,42,weekly,2020-03-06,512480,半导体ETF国联安,sector,半导体,0.3699582753824757,512480,0.3699582753824757,511260,0.03884258382269379,最佳行业/主题 ETF 动量为正，持有该 ETF
mom_2m,42,weekly,2020-03-13,512480,半导体ETF国联安,sector,半导体,0.27941176470588225,512480,0.27941176470588225,511260,0.03735909822866357,最佳行业/主题 ETF 动量为正，持有该 ETF
mom_2m,42,weekly,2020-03-20,512480,半导体ETF国联安,sector,半导体,0.1148148148148147,512480,0.1148148148148147,511260,0.027947524013714142,最佳行业/主题 ETF 动量为正，持有该 ETF
mom_2m,42,weekly,2020-03-27,512170,医疗ETF华宝,sector,医疗,0.06521739130434767,512170,0.06521739130434767,511260,0.03269823954258211,最佳行业/主题 ETF 动量为正，持有该 ETF
mom_2m,42,weekly,2020-04-03,159928,消费ETF汇添富,sector,消费,0.11383285302593671,159928,0.11383285302593671,511260,0.019081743188067657,最佳行业/主题 ETF 动量为正，持有该 ETF
mom_2m,42,weekly,2020-04-10,159928,消费ETF汇添富,sector,消费,0.07734056987788329,159928,0.07734056987788329,511010,0.02220802582250392,最佳行业/主题 ETF 动量为正，持有该 ETF
mom_2m,42,weekly,2020-04-17,159928,消费ETF汇添富,sector,消费,0.059920106524633976,159928,0.059920106524633976,511010,0.031578414241940855,最佳行业/主题 ETF 动量为正，持有该 ETF
mom_2m,42,weekly,2020-04-24,512690,酒ETF鹏华,sector,白酒/酒,0.08796296296296302,512690,0.08796296296296302,511010,0.03846575342465752,最佳行业/主题 ETF 动量为正，持有该 ETF
mom_2m,42,weekly,2020-04-30,512690,酒ETF鹏华,sector,白酒/酒,0.18048780487804872,512690,0.18048780487804872,511010,0.03935400972512659,最佳行业/主题 ETF 动量为正，持有该 ETF
mom_2m,42,weekly,2020-05-08,512690,酒ETF鹏华,sector,白酒/酒,0.07818930041152261,512690,0.07818930041152261,511010,0.027736797988264783,最佳行业/主题 ETF 动量为正，持有该 ETF
mom_2m,42,weekly,2020-05-15,512690,酒ETF鹏华,sector,白酒/酒,0.3380952380952382,512690,0.3380952380952382,511010,0.023620079150177054,最佳行业/主题 ETF 动量为正，持有该 ETF
mom_2m,42,weekly,2020-05-22,512690,酒ETF鹏华,sector,白酒/酒,1.0144927536231885,512690,1.0144927536231885,511010,0.030310682390175314,最佳行业/主题 ETF 动量为正，持有该 ETF
mom_2m,42,weekly,2020-05-29,512690,酒ETF鹏华,sector,白酒/酒,0.7942857142857145,512690,0.7942857142857145,511010,0.010798775860774823,最佳行业/主题 ETF 动量为正，持有该 ETF
mom_2m,42,weekly,2020-06-05,512690,酒ETF鹏华,sector,白酒/酒,0.8052631578947369,512690,0.8052631578947369,511010,-0.0058294290808076354,最佳行业/主题 ETF 动量为正，持有该 ETF
mom_2m,42,weekly,2020-06-12,512690,酒ETF鹏华,sector,白酒/酒,0.6350710900473933,512690,0.6350710900473933,511260,-0.009618429743840307,最佳行业/主题 ETF 动量为正，持有该 ETF
mom_2m,42,weekly,2020-06-19,512690,酒ETF鹏华,sector,白酒/酒,0.6418604651162789,512690,0.6418604651162789,511260,-0.02017779540905562,最佳行业/主题 ETF 动量为正，持有该 ETF
mom_2m,42,weekly,2020-06-24,512690,酒ETF鹏华,sector,白酒/酒,0.6844444444444444,512690,0.6844444444444444,511260,-0.019792512404149698,最佳行业/主题 ETF 动量为正，持有该 ETF
mom_2m,42,weekly,2020-07-03,512690,酒ETF鹏华,sector,白酒/酒,0.8945147679324896,512690,0.8945147679324896,511260,-0.028144970281985926,最佳行业/主题 ETF 动量为正，持有该 ETF
mom_2m,42,weekly,2020-07-10,512690,酒ETF鹏华,sector,白酒/酒,0.9467680608365019,512690,0.9467680608365019,511260,-0.02801250249868259,最佳行业/主题 ETF 动量为正，持有该 ETF
mom_2m,42,weekly,2020-07-17,512690,酒ETF鹏华,sector,白酒/酒,0.65993265993266,512690,0.65993265993266,511260,-0.019968480409572442,最佳行业/主题 ETF 动量为正，持有该 ETF
mom_2m,42,weekly,2020-07-24,512690,酒ETF鹏华,sector,白酒/酒,0.6450511945392492,512690,0.6450511945392492,511260,-0.0164039913357924,最佳行业/主题 ETF 动量为正，持有该 ETF
mom_2m,42,weekly,2020-07-31,512690,酒ETF鹏华,sector,白酒/酒,0.5753012048192772,512690,0.5753012048192772,511010,-0.016233632120285835,最佳行业/主题 ETF 动量为正，持有该 ETF
mom_2m,42,weekly,2020-08-07,512660,军工ETF国泰,sector,军工,0.5343980343980346,512660,0.5343980343980346,511010,-0.01058953690532638,最佳行业/主题 ETF 动量为正，持有该 ETF
mom_2m,42,weekly,2020-08-14,512690,酒ETF鹏华,sector,白酒/酒,0.5498489425981872,512690,0.5498489425981872,511010,-0.015339536659666475,最佳行业/主题 ETF 动量为正，持有该 ETF
mom_2m,42,weekly,2020-08-21,512690,酒ETF鹏华,sector,白酒/酒,0.5266106442577032,512690,0.5266106442577032,511010,-0.006682541545788512,最佳行业/主题 ETF 动量为正，持有该 ETF
mom_2m,42,weekly,2020-08-28,512690,酒ETF鹏华,sector,白酒/酒,0.44719101123595517,512690,0.44719101123595517,511010,-0.01468840494802559,最佳行业/主题 ETF 动量为正，持有该 ETF
mom_2m,42,weekly,2020-09-04,512690,酒ETF鹏华,sector,白酒/酒,0.25918367346938775,512690,0.25918367346938775,511260,0.005005051828013363,最佳行业/主题 ETF 动量为正，持有该 ETF
mom_2m,42,weekly,2020-09-11,512660,军工ETF国泰,sector,军工,0.05294705294705304,512660,0.05294705294705304,511260,-0.002787611852925531,最佳行业/主题 ETF 动量为正，持有该 ETF
mom_2m,42,weekly,2020-09-18,512690,酒ETF鹏华,sector,白酒/酒,0.125,512690,0.125,511260,-0.007956530176596033,最佳行业/主题 ETF 动量为正，持有该 ETF
mom_2m,42,weekly,2020-09-25,512690,酒ETF鹏华,sector,白酒/酒,0.061776061776061875,512690,0.061776061776061875,511260,-0.004902006122883162,最佳行业/主题 ETF 动量为正，持有该 ETF
mom_2m,42,weekly,2020-09-30,512690,酒ETF鹏华,sector,白酒/酒,0.06616257088846855,512690,0.06616257088846855,511260,-0.0023610775437357123,最佳行业/主题 ETF 动量为正，持有该 ETF
mom_2m,42,weekly,2020-10-09,512690,酒ETF鹏华,sector,白酒/酒,0.09714285714285698,512690,0.09714285714285698,511260,-0.003931263301703569,最佳行业/主题 ETF 动量为正，持有该 ETF
mom_2m,42,weekly,2020-10-16,512690,酒ETF鹏华,sector,白酒/酒,0.2379032258064515,512690,0.2379032258064515,511260,-0.0061696275923586175,最佳行业/主题 ETF 动量为正，持有该 ETF
mom_2m,42,weekly,2020-10-23,512690,酒ETF鹏华,sector,白酒/酒,0.1614678899082569,512690,0.1614678899082569,511010,-0.005756073751798763,最佳行业/主题 ETF 动量为正，持有该 ETF
mom_2m,42,weekly,2020-10-30,515030,新能源车ETF华夏,sector,新能源车,0.14246323529411775,515030,0.14246323529411775,511010,0.0007953228249188982,最佳行业/主题 ETF 动量为正，持有该 ETF
mom_2m,42,weekly,2020-11-06,515030,新能源车ETF华夏,sector,新能源车,0.24079065588499549,515030,0.24079065588499549,511260,0.0013239722898192863,最佳行业/主题 ETF 动量为正，持有该 ETF
mom_2m,42,weekly,2020-11-13,515030,新能源车ETF华夏,sector,新能源车,0.3083491461100569,515030,0.3083491461100569,511010,0.00011889394659969632,最佳行业/主题 ETF 动量为正，持有该 ETF
mom_2m,42,weekly,2020-11-20,512690,酒ETF鹏华,sector,白酒/酒,0.26721311475409837,512690,0.26721311475409837,511010,-0.002365409071640512,最佳行业/主题 ETF 动量为正，持有该 ETF
mom_2m,42,weekly,2020-11-27,512690,酒ETF鹏华,sector,白酒/酒,0.3440285204991087,512690,0.3440285204991087,511010,-0.00601479656827586,最佳行业/主题 ETF 动量为正，持有该 ETF
mom_2m,42,weekly,2020-12-04,512690,酒ETF鹏华,sector,白酒/酒,0.40535714285714275,512690,0.40535714285714275,511010,-9.316507156764686e-05,最佳行业/主题 ETF 动量为正，持有该 ETF
mom_2m,42,weekly,2020-12-11,512690,酒ETF鹏华,sector,白酒/酒,0.32057416267942584,512690,0.32057416267942584,511010,0.001647516411471539,最佳行业/主题 ETF 动量为正，持有该 ETF
mom_2m,42,weekly,2020-12-18,512690,酒ETF鹏华,sector,白酒/酒,0.41718750000000004,512690,0.41718750000000004,511010,-0.0017935398724218121,最佳行业/主题 ETF 动量为正，持有该 ETF
mom_2m,42,weekly,2020-12-25,512690,酒ETF鹏华,sector,白酒/酒,0.3458646616541352,512690,0.3458646616541352,511010,0.0031810759820303236,最佳行业/主题 ETF 动量为正，持有该 ETF
mom_2m,42,weekly,2020-12-31,512690,酒ETF鹏华,sector,白酒/酒,0.45255474452554734,512690,0.45255474452554734,511010,0.001485733580955717,最佳行业/主题 ETF 动量为正，持有该 ETF
mom_2m,42,weekly,2021-01-08,512690,酒ETF鹏华,sector,白酒/酒,0.4584450402144773,512690,0.4584450402144773,511010,0.006274768824306554,最佳行业/主题 ETF 动量为正，持有该 ETF
mom_2m,42,weekly,2021-01-15,512690,酒ETF鹏华,sector,白酒/酒,0.29654255319148937,512690,0.29654255319148937,511260,0.011246669471322468,最佳行业/主题 ETF 动量为正，持有该 ETF
mom_2m,42,weekly,2021-01-22,512170,医疗ETF华宝,sector,医疗,0.3502170767004342,512170,0.3502170767004342,511260,0.014782942902406226,最佳行业/主题 ETF 动量为正，持有该 ETF
mom_2m,42,weekly,2021-01-29,512690,酒ETF鹏华,sector,白酒/酒,0.34741144414168934,512690,0.34741144414168934,511010,0.006877369130703803,最佳行业/主题 ETF 动量为正，持有该 ETF
mom_2m,42,weekly,2021-02-05,512690,酒ETF鹏华,sector,白酒/酒,0.3059975520195839,512690,0.3059975520195839,511010,0.006175767947001809,最佳行业/主题 ETF 动量为正，持有该 ETF
mom_2m,42,weekly,2021-02-10,512690,酒ETF鹏华,sector,白酒/酒,0.41666666666666674,512690,0.41666666666666674,511010,0.007147278014701497,最佳行业/主题 ETF 动量为正，持有该 ETF
mom_2m,42,weekly,2021-02-19,512400,有色金属ETF南方,sector,有色金属,0.3430493273542601,512400,0.3430493273542601,511260,0.007528371849132798,最佳行业/主题 ETF 动量为正，持有该 ETF
mom_2m,42,weekly,2021-02-26,512400,有色金属ETF南方,sector,有色金属,0.2068965517241379,512400,0.2068965517241379,511260,0.00635161175656207,最佳行业/主题 ETF 动量为正，持有该 ETF
mom_2m,42,weekly,2021-03-05,512400,有色金属ETF南方,sector,有色金属,0.13144058885383814,512400,0.13144058885383814,511010,0.0066737538388850215,最佳行业/主题 ETF 动量为正，持有该 ETF
mom_2m,42,weekly,2021-03-12,512800,银行ETF华宝,sector,银行,0.12014134275618393,512800,0.12014134275618393,511010,0.0030382857671882313,最佳行业/主题 ETF 动量为正，持有该 ETF
mom_2m,42,weekly,2021-03-19,515220,煤炭ETF国泰,sector,煤炭,0.10389610389610393,515220,0.10389610389610393,511010,-0.0013688161839420232,最佳行业/主题 ETF 动量为正，持有该 ETF
mom_2m,42,weekly,2021-03-26,515220,煤炭ETF国泰,sector,煤炭,0.042553191489361764,515220,0.042553191489361764,511010,0.00047904392916864325,最佳行业/主题 ETF 动量为正，持有该 ETF
mom_2m,42,weekly,2021-04-02,515220,煤炭ETF国泰,sector,煤炭,0.06105263157894747,515220,0.06105263157894747,511010,0.00506716945557395,最佳行业/主题 ETF 动量为正，持有该 ETF
mom_2m,42,weekly,2021-04-09,515220,煤炭ETF国泰,sector,煤炭,0.20945945945945943,515220,0.20945945945945943,511010,0.001967792120422196,最佳行业/主题 ETF 动量为正，持有该 ETF
mom_2m,42,weekly,2021-04-16,515220,煤炭ETF国泰,sector,煤炭,0.21777777777777785,515220,0.21777777777777785,511260,0.012716127589804893,最佳行业/主题 ETF 动量为正，持有该 ETF
mom_2m,42,weekly,2021-04-23,515220,煤炭ETF国泰,sector,煤炭,0.10663983903420537,515220,0.10663983903420537,511260,0.01202793825348758,最佳行业/主题 ETF 动量为正，持有该 ETF
mom_2m,42,weekly,2021-04-30,512690,酒ETF鹏华,sector,白酒/酒,0.1704410011918951,512690,0.1704410011918951,511260,0.009698285862776324,最佳行业/主题 ETF 动量为正，持有该 ETF
mom_2m,42,weekly,2021-05-07,515220,煤炭ETF国泰,sector,煤炭,0.22543352601156075,515220,0.22543352601156075,511260,0.010687533688964912,最佳行业/主题 ETF 动量为正，持有该 ETF
mom_2m,42,weekly,2021-05-14,515220,煤炭ETF国泰,sector,煤炭,0.1821705426356588,515220,0.1821705426356588,511260,0.00991962323973028,最佳行业/主题 ETF 动量为正，持有该 ETF
mom_2m,42,weekly,2021-05-21,512690,酒ETF鹏华,sector,白酒/酒,0.2954264524103831,512690,0.2954264524103831,511260,0.020192432955539408,最佳行业/主题 ETF 动量为正，持有该 ETF
mom_2m,42,weekly,2021-05-28,512690,酒ETF鹏华,sector,白酒/酒,0.4363867684478371,512690,0.4363867684478371,511260,0.016054429335483844,最佳行业/主题 ETF 动量为正，持有该 ETF
mom_2m,42,weekly,2021-06-04,512690,酒ETF鹏华,sector,白酒/酒,0.3529411764705883,512690,0.3529411764705883,511260,0.016090633713444102,最佳行业/主题 ETF 动量为正，持有该 ETF
mom_2m,42,weekly,2021-06-11,515030,新能源车ETF华夏,sector,新能源车,0.318336741649625,515030,0.318336741649625,511260,0.01368428854670456,最佳行业/主题 ETF 动量为正，持有该 ETF
mom_2m,42,weekly,2021-06-18,515030,新能源车ETF华夏,sector,新能源车,0.29230769230769216,515030,0.29230769230769216,511260,0.009386161641332214,最佳行业/主题 ETF 动量为正，持有该 ETF
mom_2m,42,weekly,2021-06-25,512480,半导体ETF国联安,sector,半导体,0.2920536635706914,512480,0.2920536635706914,511260,0.008327658869646815,最佳行业/主题 ETF 动量为正，持有该 ETF
mom_2m,42,weekly,2021-07-02,515030,新能源车ETF华夏,sector,新能源车,0.2968263845675172,515030,0.2968263845675172,511260,0.013049684578901433,最佳行业/主题 ETF 动量为正，持有该 ETF
mom_2m,42,weekly,2021-07-09,515030,新能源车ETF华夏,sector,新能源车,0.49935897435897436,515030,0.49935897435897436,511260,0.01618675328965491,最佳行业/主题 ETF 动量为正，持有该 ETF
mom_2m,42,weekly,2021-07-16,515030,新能源车ETF华夏,sector,新能源车,0.3792270531400965,515030,0.3792270531400965,511260,0.020375167649598458,最佳行业/主题 ETF 动量为正，持有该 ETF
mom_2m,42,weekly,2021-07-23,515030,新能源车ETF华夏,sector,新能源车,0.3936599423631124,515030,0.3936599423631124,511260,0.015153587351951492,最佳行业/主题 ETF 动量为正，持有该 ETF
mom_2m,42,weekly,2021-07-30,512480,半导体ETF国联安,sector,半导体,0.42421441774491675,512480,0.42421441774491675,511260,0.01882593308767211,最佳行业/主题 ETF 动量为正，持有该 ETF
mom_2m,42,weekly,2021-08-06,515790,光伏ETF华泰柏瑞,sector,光伏,0.5347786811201447,515790,0.5347786811201447,511260,0.024173074464393318,最佳行业/主题 ETF 动量为正，持有该 ETF
mom_2m,42,weekly,2021-08-13,515790,光伏ETF华泰柏瑞,sector,光伏,0.4473916887709992,515790,0.4473916887709992,511260,0.020740171737400948,最佳行业/主题 ETF 动量为正，持有该 ETF
mom_2m,42,weekly,2021-08-20,515790,光伏ETF华泰柏瑞,sector,光伏,0.3028340080971659,515790,0.3028340080971659,511260,0.023142520267985134,最佳行业/主题 ETF 动量为正，持有该 ETF
mom_2m,42,weekly,2021-08-27,512400,有色金属ETF南方,sector,有色金属,0.4171945701357467,512400,0.4171945701357467,511260,0.01716792892513852,最佳行业/主题 ETF 动量为正，持有该 ETF
mom_2m,42,weekly,2021-09-03,515220,煤炭ETF国泰,sector,煤炭,0.4771653543307086,515220,0.4771653543307086,511260,0.017882105186718178,最佳行业/主题 ETF 动量为正，持有该 ETF
mom_2m,42,weekly,2021-09-10,515220,煤炭ETF国泰,sector,煤炭,0.6459909228441756,515220,0.6459909228441756,511010,0.005147899311694681,最佳行业/主题 ETF 动量为正，持有该 ETF
mom_2m,42,weekly,2021-09-17,515220,煤炭ETF国泰,sector,煤炭,0.5174418604651165,515220,0.5174418604651165,511260,0.004123396456933381,最佳行业/主题 ETF 动量为正，持有该 ETF
mom_2m,42,weekly,2021-09-24,515220,煤炭ETF国泰,sector,煤炭,0.4326647564469914,515220,0.4326647564469914,511260,0.0031570356153081125,最佳行业/主题 ETF 动量为正，持有该 ETF
mom_2m,42,weekly,2021-09-30,515220,煤炭ETF国泰,sector,煤炭,0.4214285714285715,515220,0.4214285714285715,511010,0.004281620957838683,最佳行业/主题 ETF 动量为正，持有该 ETF
mom_2m,42,weekly,2021-10-08,515220,煤炭ETF国泰,sector,煤炭,0.40536512667660185,515220,0.40536512667660185,511010,-0.00017960063350042077,最佳行业/主题 ETF 动量为正，持有该 ETF
mom_2m,42,weekly,2021-10-15,515220,煤炭ETF国泰,sector,煤炭,0.29670329670329676,515220,0.29670329670329676,511010,0.00031952808160240487,最佳行业/主题 ETF 动量为正，持有该 ETF
mom_2m,42,weekly,2021-10-22,515220,煤炭ETF国泰,sector,煤炭,0.1271820448877805,515220,0.1271820448877805,511260,-0.0022935985306634654,最佳行业/主题 ETF 动量为正，持有该 ETF
mom_2m,42,weekly,2021-10-29,512690,酒ETF鹏华,sector,白酒/酒,0.1962616822429908,512690,0.1962616822429908,511260,-0.0020823651378113484,最佳行业/主题 ETF 动量为正，持有该 ETF
mom_2m,42,weekly,2021-11-05,159928,消费ETF汇添富,sector,消费,0.17421259842519699,159928,0.17421259842519699,511260,0.0042857398493281185,最佳行业/主题 ETF 动量为正，持有该 ETF
mom_2m,42,weekly,2021-11-12,512660,军工ETF国泰,sector,军工,0.1082317073170731,512660,0.1082317073170731,511010,0.0002533756170923773,最佳行业/主题 ETF 动量为正，持有该 ETF
mom_2m,42,weekly,2021-11-19,159928,消费ETF汇添富,sector,消费,0.13097514340344163,159928,0.13097514340344163,511260,0.004940569955606433,最佳行业/主题 ETF 动量为正，持有该 ETF
mom_2m,42,weekly,2021-11-26,512690,酒ETF鹏华,sector,白酒/酒,0.1871049304677621,512690,0.1871049304677621,511260,0.007803561212814669,最佳行业/主题 ETF 动量为正，持有该 ETF
mom_2m,42,weekly,2021-12-03,512660,军工ETF国泰,sector,军工,0.20114006514658,512660,0.20114006514658,511260,0.004158338092518532,最佳行业/主题 ETF 动量为正，持有该 ETF
mom_2m,42,weekly,2021-12-10,512660,军工ETF国泰,sector,军工,0.18362282878411906,512660,0.18362282878411906,511260,0.010008430039639027,最佳行业/主题 ETF 动量为正，持有该 ETF
mom_2m,42,weekly,2021-12-17,512980,传媒ETF广发,sector,传媒,0.1827338129496403,512980,0.1827338129496403,511260,0.013995322899801987,最佳行业/主题 ETF 动量为正，持有该 ETF
mom_2m,42,weekly,2021-12-24,512980,传媒ETF广发,sector,传媒,0.22533136966126643,512980,0.22533136966126643,511260,0.013613495116898466,最佳行业/主题 ETF 动量为正，持有该 ETF
mom_2m,42,weekly,2021-12-31,512980,传媒ETF广发,sector,传媒,0.20336605890603088,512980,0.20336605890603088,511010,0.012289452166802883,最佳行业/主题 ETF 动量为正，持有该 ETF
mom_2m,42,weekly,2022-01-07,512980,传媒ETF广发,sector,传媒,0.16756756756756763,512980,0.16756756756756763,511260,0.009701559020044437,最佳行业/主题 ETF 动量为正，持有该 ETF
mom_2m,42,weekly,2022-01-14,515220,煤炭ETF国泰,sector,煤炭,0.1332398316970549,515220,0.1332398316970549,511010,0.013646640167807922,最佳行业/主题 ETF 动量为正，持有该 ETF
mom_2m,42,weekly,2022-01-21,515220,煤炭ETF国泰,sector,煤炭,0.10953608247422686,515220,0.10953608247422686,511260,0.01852972588109636,最佳行业/主题 ETF 动量为正，持有该 ETF
mom_2m,42,weekly,2022-01-28,512800,银行ETF华宝,sector,银行,0.03014184397163122,512800,0.03014184397163122,511010,0.015750531122561195,最佳行业/主题 ETF 动量为正，持有该 ETF
mom_2m,42,weekly,2022-02-11,515220,煤炭ETF国泰,sector,煤炭,0.0692951015531662,515220,0.0692951015531662,511010,0.014028741812493806,最佳行业/主题 ETF 动量为正，持有该 ETF
mom_2m,42,weekly,2022-02-18,515220,煤炭ETF国泰,sector,煤炭,0.14392059553349879,515220,0.14392059553349879,511010,0.011259613352194275,最佳行业/主题 ETF 动量为正，持有该 ETF
mom_2m,42,weekly,2022-02-25,515220,煤炭ETF国泰,sector,煤炭,0.056271981242673075,515220,0.056271981242673075,511260,0.010054130801313343,最佳行业/主题 ETF 动量为正，持有该 ETF
mom_2m,42,weekly,2022-03-04,515220,煤炭ETF国泰,sector,煤炭,0.1907032181168058,515220,0.1907032181168058,511010,0.005367059872714686,最佳行业/主题 ETF 动量为正，持有该 ETF
mom_2m,42,weekly,2022-03-11,515220,煤炭ETF国泰,sector,煤炭,0.17460317460317465,515220,0.17460317460317465,511010,0.006439764738243037,最佳行业/主题 ETF 动量为正，持有该 ETF
mom_2m,42,weekly,2022-03-18,515220,煤炭ETF国泰,sector,煤炭,0.12183353437876976,515220,0.12183353437876976,511260,0.005088766789843602,最佳行业/主题 ETF 动量为正，持有该 ETF
mom_2m,42,weekly,2022-03-25,515220,煤炭ETF国泰,sector,煤炭,0.1708185053380784,515220,0.1708185053380784,511010,0.00017676077839001714,最佳行业/主题 ETF 动量为正，持有该 ETF
mom_2m,42,weekly,2022-04-01,515220,煤炭ETF国泰,sector,煤炭,0.26113861386138604,515220,0.26113861386138604,511260,-3.502412286449097e-05,最佳行业/主题 ETF 动量为正，持有该 ETF
mom_2m,42,weekly,2022-04-08,515220,煤炭ETF国泰,sector,煤炭,0.26543209876543195,515220,0.26543209876543195,511260,0.0038800767256705893,最佳行业/主题 ETF 动量为正，持有该 ETF
mom_2m,42,weekly,2022-04-15,515220,煤炭ETF国泰,sector,煤炭,0.23329558323895805,515220,0.23329558323895805,511260,0.0072665851448476815,最佳行业/主题 ETF 动量为正，持有该 ETF
mom_2m,42,weekly,2022-04-22,515220,煤炭ETF国泰,sector,煤炭,0.04857444561774038,515220,0.04857444561774038,511260,0.004944745547969198,最佳行业/主题 ETF 动量为正，持有该 ETF
mom_2m,42,weekly,2022-04-29,515220,煤炭ETF国泰,sector,煤炭,0.05863192182410426,515220,0.05863192182410426,511260,0.003598700956727763,最佳行业/主题 ETF 动量为正，持有该 ETF
mom_2m,42,weekly,2022-05-06,511260,十年国债ETF国泰,defensive,十年国债,0.005500066000792003,515220,-0.03089598352214218,511260,0.005500066000792003,最佳行业/主题 ETF 动量为负或不可用，切换到正动量防守资产
mom_2m,42,weekly,2022-05-13,512170,医疗ETF华宝,sector,医疗,0.005780346820809301,512170,0.005780346820809301,511260,0.011919372069821188,最佳行业/主题 ETF 动量为正，持有该 ETF
mom_2m,42,weekly,2022-05-20,515220,煤炭ETF国泰,sector,煤炭,0.18786464410735126,515220,0.18786464410735126,511010,0.007703205241721411,最佳行业/主题 ETF 动量为正，持有该 ETF
mom_2m,42,weekly,2022-05-27,515220,煤炭ETF国泰,sector,煤炭,0.11382113821138229,515220,0.11382113821138229,511260,0.012767677477746764,最佳行业/主题 ETF 动量为正，持有该 ETF
mom_2m,42,weekly,2022-06-02,512690,酒ETF鹏华,sector,白酒/酒,0.12957746478873244,512690,0.12957746478873244,511260,0.006967816575515373,最佳行业/主题 ETF 动量为正，持有该 ETF
mom_2m,42,weekly,2022-06-10,515220,煤炭ETF国泰,sector,煤炭,0.18199802176063318,515220,0.18199802176063318,511260,0.005315661091633839,最佳行业/主题 ETF 动量为正，持有该 ETF
mom_2m,42,weekly,2022-06-17,515030,新能源车ETF华夏,sector,新能源车,0.2910744741330302,515030,0.2910744741330302,511260,0.0019189505085219771,最佳行业/主题 ETF 动量为正，持有该 ETF
mom_2m,42,weekly,2022-06-24,515030,新能源车ETF华夏,sector,新能源车,0.4650735294117647,515030,0.4650735294117647,511260,0.005357236646299723,最佳行业/主题 ETF 动量为正，持有该 ETF
mom_2m,42,weekly,2022-07-01,515030,新能源车ETF华夏,sector,新能源车,0.4741754822650903,515030,0.4741754822650903,511010,0.005290113348103809,最佳行业/主题 ETF 动量为正，持有该 ETF
mom_2m,42,weekly,2022-07-08,515030,新能源车ETF华夏,sector,新能源车,0.44133412745681944,515030,0.44133412745681944,511260,0.0017367020116072496,最佳行业/主题 ETF 动量为正，持有该 ETF
mom_2m,42,weekly,2022-07-15,515790,光伏ETF华泰柏瑞,sector,光伏,0.343032159264931,515790,0.343032159264931,511260,0.005428379428012775,最佳行业/主题 ETF 动量为正，持有该 ETF
mom_2m,42,weekly,2022-07-22,515790,光伏ETF华泰柏瑞,sector,光伏,0.27098674521354926,515790,0.27098674521354926,511260,0.003700350009577358,最佳行业/主题 ETF 动量为正，持有该 ETF
mom_2m,42,weekly,2022-07-29,515790,光伏ETF华泰柏瑞,sector,光伏,0.24450744153082926,515790,0.24450744153082926,511260,0.00862346522333124,最佳行业/主题 ETF 动量为正，持有该 ETF
mom_2m,42,weekly,2022-08-05,515790,光伏ETF华泰柏瑞,sector,光伏,0.11502659574468077,515790,0.11502659574468077,511260,0.012259682362775193,最佳行业/主题 ETF 动量为正，持有该 ETF
mom_2m,42,weekly,2022-08-12,515790,光伏ETF华泰柏瑞,sector,光伏,0.15472203616878755,515790,0.15472203616878755,511260,0.00966944594335839,最佳行业/主题 ETF 动量为正，持有该 ETF
mom_2m,42,weekly,2022-08-19,515790,光伏ETF华泰柏瑞,sector,光伏,0.14384422110552753,515790,0.14384422110552753,511260,0.01928700738058753,最佳行业/主题 ETF 动量为正，持有该 ETF
mom_2m,42,weekly,2022-08-26,515220,煤炭ETF国泰,sector,煤炭,0.10323159784560132,515220,0.10323159784560132,511260,0.01932729828114499,最佳行业/主题 ETF 动量为正，持有该 ETF
mom_2m,42,weekly,2022-09-02,515220,煤炭ETF国泰,sector,煤炭,0.0813308687615526,515220,0.0813308687615526,511260,0.022683090549293405,最佳行业/主题 ETF 动量为正，持有该 ETF
mom_2m,42,weekly,2022-09-09,515220,煤炭ETF国泰,sector,煤炭,0.19142857142857128,515220,0.19142857142857128,511260,0.017793346835531132,最佳行业/主题 ETF 动量为正，持有该 ETF
mom_2m,42,weekly,2022-09-16,515220,煤炭ETF国泰,sector,煤炭,0.056880733944953965,515220,0.056880733944953965,511260,0.01358563382240452,最佳行业/主题 ETF 动量为正，持有该 ETF
mom_2m,42,weekly,2022-09-23,515220,煤炭ETF国泰,sector,煤炭,0.13113207547169803,515220,0.13113207547169803,511260,0.011546523915943352,最佳行业/主题 ETF 动量为正，持有该 ETF
mom_2m,42,weekly,2022-09-30,515220,煤炭ETF国泰,sector,煤炭,0.1229586935638809,515220,0.1229586935638809,511010,-0.0007686151456802737,最佳行业/主题 ETF 动量为正，持有该 ETF
mom_2m,42,weekly,2022-10-14,515220,煤炭ETF国泰,sector,煤炭,0.047794117647058654,515220,0.047794117647058654,511010,0.005679925113836415,最佳行业/主题 ETF 动量为正，持有该 ETF
mom_2m,42,weekly,2022-10-21,CASH,空仓,cash,现金,0.0,515230,-0.018300653594771288,511260,-0.0003083564600678823,行业和防守资产均无正动量，空仓
mom_2m,42,weekly,2022-10-28,515230,软件ETF国泰,sector,软件,0.017015706806282838,515230,0.017015706806282838,511260,0.0008545839885143458,最佳行业/主题 ETF 动量为正，持有该 ETF
mom_2m,42,weekly,2022-11-04,515230,软件ETF国泰,sector,软件,0.1099050203527816,515230,0.1099050203527816,511010,-0.00033917021612250853,最佳行业/主题 ETF 动量为正，持有该 ETF
mom_2m,42,weekly,2022-11-11,515230,软件ETF国泰,sector,软件,0.09555854643337813,515230,0.09555854643337813,511260,-0.002082870947364812,最佳行业/主题 ETF 动量为正，持有该 ETF
mom_2m,42,weekly,2022-11-18,515230,软件ETF国泰,sector,软件,0.11318242343541929,515230,0.11318242343541929,511010,-0.005867163625164817,最佳行业/主题 ETF 动量为正，持有该 ETF
mom_2m,42,weekly,2022-11-25,512170,医疗ETF华宝,sector,医疗,0.09756097560975596,512170,0.09756097560975596,511010,-0.0029833783207842135,最佳行业/主题 ETF 动量为正，持有该 ETF
mom_2m,42,weekly,2022-12-02,515230,软件ETF国泰,sector,软件,0.16473988439306364,515230,0.16473988439306364,511260,-0.0014622020763269683,最佳行业/主题 ETF 动量为正，持有该 ETF
mom_2m,42,weekly,2022-12-09,512980,传媒ETF广发,sector,传媒,0.15458015267175562,512980,0.15458015267175562,511260,-0.004321305841924361,最佳行业/主题 ETF 动量为正，持有该 ETF
mom_2m,42,weekly,2022-12-16,512690,酒ETF鹏华,sector,白酒/酒,0.16307277628032346,512690,0.16307277628032346,511260,-0.006045607515049789,最佳行业/主题 ETF 动量为正，持有该 ETF
mom_2m,42,weekly,2022-12-23,512690,酒ETF鹏华,sector,白酒/酒,0.23309352517985626,512690,0.23309352517985626,511260,-0.004282361808184421,最佳行业/主题 ETF 动量为正，持有该 ETF
mom_2m,42,weekly,2022-12-30,512690,酒ETF鹏华,sector,白酒/酒,0.19887165021156572,512690,0.19887165021156572,511010,-0.0024932146689390366,最佳行业/主题 ETF 动量为正，持有该 ETF
mom_2m,42,weekly,2023-01-06,512690,酒ETF鹏华,sector,白酒/酒,0.20741758241758235,512690,0.20741758241758235,511010,-0.003818088589121582,最佳行业/主题 ETF 动量为正，持有该 ETF
mom_2m,42,weekly,2023-01-13,512690,酒ETF鹏华,sector,白酒/酒,0.2150395778364116,512690,0.2150395778364116,511260,0.0011538295948680943,最佳行业/主题 ETF 动量为正，持有该 ETF
mom_2m,42,weekly,2023-01-20,512690,酒ETF鹏华,sector,白酒/酒,0.23505434782608692,512690,0.23505434782608692,511010,-7.132271945609059e-05,最佳行业/主题 ETF 动量为正，持有该 ETF
mom_2m,42,weekly,2023-02-03,512690,酒ETF鹏华,sector,白酒/酒,0.19525065963060695,512690,0.19525065963060695,511260,0.00620447102131827,最佳行业/主题 ETF 动量为正，持有该 ETF
mom_2m,42,weekly,2023-02-10,515230,软件ETF国泰,sector,软件,0.13686806411837238,515230,0.13686806411837238,511260,0.006385828472672328,最佳行业/主题 ETF 动量为正，持有该 ETF
mom_2m,42,weekly,2023-02-17,515230,软件ETF国泰,sector,软件,0.13451776649746194,515230,0.13451776649746194,511010,0.007547079591007311,最佳行业/主题 ETF 动量为正，持有该 ETF
mom_2m,42,weekly,2023-02-24,515230,软件ETF国泰,sector,软件,0.21599999999999997,515230,0.21599999999999997,511010,0.0025715714365084352,最佳行业/主题 ETF 动量为正，持有该 ETF
mom_2m,42,weekly,2023-03-03,515230,软件ETF国泰,sector,软件,0.22580645161290303,515230,0.22580645161290303,511010,0.0026435914738220934,最佳行业/主题 ETF 动量为正，持有该 ETF
mom_2m,42,weekly,2023-03-10,515230,软件ETF国泰,sector,软件,0.13333333333333353,515230,0.13333333333333353,511260,0.00258202873686475,最佳行业/主题 ETF 动量为正，持有该 ETF
mom_2m,42,weekly,2023-03-17,515230,软件ETF国泰,sector,软件,0.22592592592592586,515230,0.22592592592592586,511260,0.007242636939168712,最佳行业/主题 ETF 动量为正，持有该 ETF
mom_2m,42,weekly,2023-03-24,512980,传媒ETF广发,sector,传媒,0.29541864139020535,512980,0.29541864139020535,511260,0.00818089343287176,最佳行业/主题 ETF 动量为正，持有该 ETF
mom_2m,42,weekly,2023-03-31,512980,传媒ETF广发,sector,传媒,0.29555895865237347,512980,0.29555895865237347,511260,0.006149320994556007,最佳行业/主题 ETF 动量为正，持有该 ETF
mom_2m,42,weekly,2023-04-07,512980,传媒ETF广发,sector,传媒,0.29737609329446046,512980,0.29737609329446046,511260,0.006313293993351676,最佳行业/主题 ETF 动量为正，持有该 ETF
mom_2m,42,weekly,2023-04-14,512980,传媒ETF广发,sector,传媒,0.305232558139535,512980,0.305232558139535,511260,0.0070293792002471545,最佳行业/主题 ETF 动量为正，持有该 ETF
mom_2m,42,weekly,2023-04-21,512980,传媒ETF广发,sector,传媒,0.26224783861671486,512980,0.26224783861671486,511260,0.009255999656549108,最佳行业/主题 ETF 动量为正，持有该 ETF
mom_2m,42,weekly,2023-04-28,512980,传媒ETF广发,sector,传媒,0.43219076005961243,512980,0.43219076005961243,511260,0.01241851956818607,最佳行业/主题 ETF 动量为正，持有该 ETF
mom_2m,42,weekly,2023-05-05,512980,传媒ETF广发,sector,传媒,0.39915373765867423,512980,0.39915373765867423,511260,0.016061014678221408,最佳行业/主题 ETF 动量为正，持有该 ETF
mom_2m,42,weekly,2023-05-12,512980,传媒ETF广发,sector,传媒,0.32514450867052047,512980,0.32514450867052047,511260,0.014285469734319545,最佳行业/主题 ETF 动量为正，持有该 ETF
mom_2m,42,weekly,2023-05-19,512980,传媒ETF广发,sector,传媒,0.25824964131994266,512980,0.25824964131994266,511260,0.013168464049494899,最佳行业/主题 ETF 动量为正，持有该 ETF
mom_2m,42,weekly,2023-05-26,512980,传媒ETF广发,sector,传媒,0.07750952986022863,512980,0.07750952986022863,511260,0.01281317046901842,最佳行业/主题 ETF 动量为正，持有该 ETF
mom_2m,42,weekly,2023-06-02,512980,传媒ETF广发,sector,传媒,0.16896120150187732,512980,0.16896120150187732,511260,0.01523081396343251,最佳行业/主题 ETF 动量为正，持有该 ETF
mom_2m,42,weekly,2023-06-09,512980,传媒ETF广发,sector,传媒,0.07303370786516838,512980,0.07303370786516838,511260,0.016704223428590792,最佳行业/主题 ETF 动量为正，持有该 ETF
mom_2m,42,weekly,2023-06-16,512980,传媒ETF广发,sector,传媒,0.11915367483296202,512980,0.11915367483296202,511260,0.01363675104406381,最佳行业/主题 ETF 动量为正，持有该 ETF
mom_2m,42,weekly,2023-06-21,512980,传媒ETF广发,sector,传媒,0.08036739380022961,512980,0.08036739380022961,511260,0.014302010794613018,最佳行业/主题 ETF 动量为正，持有该 ETF
mom_2m,42,weekly,2023-06-30,512660,军工ETF国泰,sector,军工,0.054409005628517804,512660,0.054409005628517804,511260,0.014348945280309833,最佳行业/主题 ETF 动量为正，持有该 ETF
mom_2m,42,weekly,2023-07-07,511010,国债ETF国泰,defensive,国债,0.010936362426510193,515030,-0.00328515111695149,511010,0.010936362426510193,最佳行业/主题 ETF 动量为负或不可用，切换到正动量防守资产
mom_2m,42,weekly,2023-07-14,512480,半导体ETF国联安,sector,半导体,0.03135498320268759,512480,0.03135498320268759,511260,0.008320955981636624,最佳行业/主题 ETF 动量为正，持有该 ETF
mom_2m,42,weekly,2023-07-21,511260,十年国债ETF国泰,defensive,十年国债,0.011114015633827634,512400,-0.013409961685823757,511260,0.011114015633827634,最佳行业/主题 ETF 动量为负或不可用，切换到正动量防守资产
mom_2m,42,weekly,2023-07-28,512880,证券ETF国泰,sector,证券,0.13758389261744952,512880,0.13758389261744952,511260,0.009646275138075033,最佳行业/主题 ETF 动量为正，持有该 ETF
mom_2m,42,weekly,2023-08-04,512880,证券ETF国泰,sector,证券,0.18903803131991048,512880,0.18903803131991048,511260,0.009169599703608977,最佳行业/主题 ETF 动量为正，持有该 ETF
mom_2m,42,weekly,2023-08-11,512880,证券ETF国泰,sector,证券,0.16308040770101906,512880,0.16308040770101906,511260,0.006527174186619966,最佳行业/主题 ETF 动量为正，持有该 ETF
mom_2m,42,weekly,2023-08-18,512880,证券ETF国泰,sector,证券,0.13697104677060112,512880,0.13697104677060112,511260,0.013879553703454839,最佳行业/主题 ETF 动量为正，持有该 ETF
mom_2m,42,weekly,2023-08-25,512880,证券ETF国泰,sector,证券,0.15242494226327952,512880,0.15242494226327952,511260,0.013347324239244562,最佳行业/主题 ETF 动量为正，持有该 ETF
mom_2m,42,weekly,2023-09-01,512880,证券ETF国泰,sector,证券,0.0949152542372882,512880,0.0949152542372882,511260,0.008972178706364353,最佳行业/主题 ETF 动量为正，持有该 ETF
mom_2m,42,weekly,2023-09-08,512880,证券ETF国泰,sector,证券,0.08436445444319451,512880,0.08436445444319451,511260,0.0033533194517614273,最佳行业/主题 ETF 动量为正，持有该 ETF
mom_2m,42,weekly,2023-09-15,515220,煤炭ETF国泰,sector,煤炭,0.10816542948038177,515220,0.10816542948038177,511260,0.002981210855949934,最佳行业/主题 ETF 动量为正，持有该 ETF
mom_2m,42,weekly,2023-09-22,515220,煤炭ETF国泰,sector,煤炭,0.0850840336134453,515220,0.0850840336134453,511260,0.001044748675258722,最佳行业/主题 ETF 动量为正，持有该 ETF
mom_2m,42,weekly,2023-09-28,515220,煤炭ETF国泰,sector,煤炭,0.0697916666666667,515220,0.0697916666666667,511260,0.0012031985026863534,最佳行业/主题 ETF 动量为正，持有该 ETF
mom_2m,42,weekly,2023-10-13,515220,煤炭ETF国泰,sector,煤炭,0.07454739084132056,515220,0.07454739084132056,511260,-0.0007671077536249848,最佳行业/主题 ETF 动量为正，持有该 ETF
mom_2m,42,weekly,2023-10-20,515220,煤炭ETF国泰,sector,煤炭,0.07891891891891878,515220,0.07891891891891878,511260,-0.00480006643690567,最佳行业/主题 ETF 动量为正，持有该 ETF
mom_2m,42,weekly,2023-10-27,515220,煤炭ETF国泰,sector,煤炭,0.08571428571428563,515220,0.08571428571428563,511010,-0.005037434143636221,最佳行业/主题 ETF 动量为正，持有该 ETF
mom_2m,42,weekly,2023-11-03,512480,半导体ETF国联安,sector,半导体,0.05781057810578116,512480,0.05781057810578116,511010,0.0008655733650710928,最佳行业/主题 ETF 动量为正，持有该 ETF
mom_2m,42,weekly,2023-11-10,512010,医药ETF易方达,sector,医药,0.05263157894736836,512010,0.05263157894736836,511260,0.002963012284848743,最佳行业/主题 ETF 动量为正，持有该 ETF
mom_2m,42,weekly,2023-11-17,512010,医药ETF易方达,sector,医药,0.053268765133172025,512010,0.053268765133172025,511260,0.0049832502791620215,最佳行业/主题 ETF 动量为正，持有该 ETF
mom_2m,42,weekly,2023-11-24,512980,传媒ETF广发,sector,传媒,0.04576043068640656,512980,0.04576043068640656,511260,0.00396891571890734,最佳行业/主题 ETF 动量为正，持有该 ETF
mom_2m,42,weekly,2023-12-01,515220,煤炭ETF国泰,sector,煤炭,0.05876591576885404,515220,0.05876591576885404,511260,0.008809872411629449,最佳行业/主题 ETF 动量为正，持有该 ETF
mom_2m,42,weekly,2023-12-08,515220,煤炭ETF国泰,sector,煤炭,0.05079681274900394,515220,0.05079681274900394,511260,0.007554675291030488,最佳行业/主题 ETF 动量为正，持有该 ETF
mom_2m,42,weekly,2023-12-15,512980,传媒ETF广发,sector,传媒,0.1265646731571628,512980,0.1265646731571628,511260,0.009312416555407266,最佳行业/主题 ETF 动量为正，持有该 ETF
mom_2m,42,weekly,2023-12-22,515220,煤炭ETF国泰,sector,煤炭,0.07234886025768095,515220,0.07234886025768095,511260,0.010163838745987253,最佳行业/主题 ETF 动量为正，持有该 ETF
mom_2m,42,weekly,2023-12-29,515220,煤炭ETF国泰,sector,煤炭,0.09164969450101834,515220,0.09164969450101834,511260,0.011021344504288821,最佳行业/主题 ETF 动量为正，持有该 ETF
mom_2m,42,weekly,2024-01-05,515220,煤炭ETF国泰,sector,煤炭,0.1617195496417605,515220,0.1617195496417605,511260,0.013953449764260606,最佳行业/主题 ETF 动量为正，持有该 ETF
mom_2m,42,weekly,2024-01-12,515220,煤炭ETF国泰,sector,煤炭,0.11022840119165855,515220,0.11022840119165855,511260,0.011428524002390139,最佳行业/主题 ETF 动量为正，持有该 ETF
mom_2m,42,weekly,2024-01-19,515220,煤炭ETF国泰,sector,煤炭,0.05610236220472431,515220,0.05610236220472431,511260,0.012667462528186846,最佳行业/主题 ETF 动量为正，持有该 ETF
mom_2m,42,weekly,2024-01-26,515220,煤炭ETF国泰,sector,煤炭,0.07230046948356805,515220,0.07230046948356805,511260,0.015399174836669083,最佳行业/主题 ETF 动量为正，持有该 ETF
mom_2m,42,weekly,2024-02-02,512800,银行ETF华宝,sector,银行,0.07350096711798848,512800,0.07350096711798848,511260,0.01999734475090431,最佳行业/主题 ETF 动量为正，持有该 ETF
mom_2m,42,weekly,2024-02-08,512800,银行ETF华宝,sector,银行,0.07899807321772645,512800,0.07899807321772645,511260,0.018568956810411263,最佳行业/主题 ETF 动量为正，持有该 ETF
mom_2m,42,weekly,2024-02-23,515220,煤炭ETF国泰,sector,煤炭,0.167753960857409,515220,0.167753960857409,511260,0.01939012400756779,最佳行业/主题 ETF 动量为正，持有该 ETF
mom_2m,42,weekly,2024-03-01,515220,煤炭ETF国泰,sector,煤炭,0.13632204940530657,515220,0.13632204940530657,511260,0.019116579798112987,最佳行业/主题 ETF 动量为正，持有该 ETF
mom_2m,42,weekly,2024-03-08,515220,煤炭ETF国泰,sector,煤炭,0.1465827338129495,515220,0.1465827338129495,511260,0.019710173469220216,最佳行业/主题 ETF 动量为正，持有该 ETF
mom_2m,42,weekly,2024-03-15,512400,有色金属ETF南方,sector,有色金属,0.1138121546961326,512400,0.1138121546961326,511260,0.013036571185247148,最佳行业/主题 ETF 动量为正，持有该 ETF
mom_2m,42,weekly,2024-03-22,512980,传媒ETF广发,sector,传媒,0.19822485207100593,512980,0.19822485207100593,511260,0.017308591922657213,最佳行业/主题 ETF 动量为正，持有该 ETF
mom_2m,42,weekly,2024-03-29,512400,有色金属ETF南方,sector,有色金属,0.22248803827751207,512400,0.22248803827751207,511260,0.015122502086708955,最佳行业/主题 ETF 动量为正，持有该 ETF
mom_2m,42,weekly,2024-04-03,512400,有色金属ETF南方,sector,有色金属,0.24457142857142844,512400,0.24457142857142844,511260,0.015558062722783594,最佳行业/主题 ETF 动量为正，持有该 ETF
mom_2m,42,weekly,2024-04-12,512400,有色金属ETF南方,sector,有色金属,0.38819095477386933,512400,0.38819095477386933,511260,0.013048500724012868,最佳行业/主题 ETF 动量为正，持有该 ETF
mom_2m,42,weekly,2024-04-19,512400,有色金属ETF南方,sector,有色金属,0.25404157043879927,512400,0.25404157043879927,511260,0.015366612762983678,最佳行业/主题 ETF 动量为正，持有该 ETF
mom_2m,42,weekly,2024-04-26,512400,有色金属ETF南方,sector,有色金属,0.1923509561304837,512400,0.1923509561304837,511260,0.008421802751662044,最佳行业/主题 ETF 动量为正，持有该 ETF
mom_2m,42,weekly,2024-04-30,512400,有色金属ETF南方,sector,有色金属,0.17700112739571594,512400,0.17700112739571594,511010,0.005625729752680053,最佳行业/主题 ETF 动量为正，持有该 ETF
mom_2m,42,weekly,2024-05-10,512400,有色金属ETF南方,sector,有色金属,0.16899892357373525,512400,0.16899892357373525,511010,0.0063761794417434015,最佳行业/主题 ETF 动量为正，持有该 ETF
mom_2m,42,weekly,2024-05-17,512400,有色金属ETF南方,sector,有色金属,0.12083333333333335,512400,0.12083333333333335,511010,0.008212758212758242,最佳行业/主题 ETF 动量为正，持有该 ETF
mom_2m,42,weekly,2024-05-24,512800,银行ETF华宝,sector,银行,0.09581881533101044,512800,0.09581881533101044,511010,0.008441661682426993,最佳行业/主题 ETF 动量为正，持有该 ETF
mom_2m,42,weekly,2024-05-31,515220,煤炭ETF国泰,sector,煤炭,0.09823008849557535,515220,0.09823008849557535,511010,0.009287363281989203,最佳行业/主题 ETF 动量为正，持有该 ETF
mom_2m,42,weekly,2024-06-07,512800,银行ETF华宝,sector,银行,0.06164383561643838,512800,0.06164383561643838,511010,0.008996351605520259,最佳行业/主题 ETF 动量为正，持有该 ETF
mom_2m,42,weekly,2024-06-14,512480,半导体ETF国联安,sector,半导体,0.10391566265060237,512480,0.10391566265060237,511260,0.00918781930085677,最佳行业/主题 ETF 动量为正，持有该 ETF
mom_2m,42,weekly,2024-06-21,512480,半导体ETF国联安,sector,半导体,0.114074074074074,512480,0.114074074074074,511010,0.006160581306133395,最佳行业/主题 ETF 动量为正，持有该 ETF
mom_2m,42,weekly,2024-06-28,512480,半导体ETF国联安,sector,半导体,0.05812220566318915,512480,0.05812220566318915,511260,0.011544161826557264,最佳行业/主题 ETF 动量为正，持有该 ETF
mom_2m,42,weekly,2024-07-05,512800,银行ETF华宝,sector,银行,0.02298850574712641,512800,0.02298850574712641,511260,0.009576011090543401,最佳行业/主题 ETF 动量为正，持有该 ETF
mom_2m,42,weekly,2024-07-12,512480,半导体ETF国联安,sector,半导体,0.05959302325581395,512480,0.05959302325581395,511260,0.010249101201867283,最佳行业/主题 ETF 动量为正，持有该 ETF
mom_2m,42,weekly,2024-07-19,512480,半导体ETF国联安,sector,半导体,0.1211678832116787,512480,0.1211678832116787,511260,0.01329729643026134,最佳行业/主题 ETF 动量为正，持有该 ETF
mom_2m,42,weekly,2024-07-26,512480,半导体ETF国联安,sector,半导体,0.052708638360175586,512480,0.052708638360175586,511260,0.01731806037723782,最佳行业/主题 ETF 动量为正，持有该 ETF
mom_2m,42,weekly,2024-08-02,512480,半导体ETF国联安,sector,半导体,0.0369843527738265,512480,0.0369843527738265,511260,0.021571858203224936,最佳行业/主题 ETF 动量为正，持有该 ETF
mom_2m,42,weekly,2024-08-09,512800,银行ETF华宝,sector,银行,0.03618421052631593,512800,0.03618421052631593,511260,0.01614860226383774,最佳行业/主题 ETF 动量为正，持有该 ETF
mom_2m,42,weekly,2024-08-16,512800,银行ETF华宝,sector,银行,0.05546492659053848,512800,0.05546492659053848,511260,0.012542977206163375,最佳行业/主题 ETF 动量为正，持有该 ETF
mom_2m,42,weekly,2024-08-23,512800,银行ETF华宝,sector,银行,0.08306188925081437,512800,0.08306188925081437,511260,0.012647374062165095,最佳行业/主题 ETF 动量为正，持有该 ETF
mom_2m,42,weekly,2024-08-30,512880,证券ETF国泰,sector,证券,0.040920716112531785,512880,0.040920716112531785,511260,0.008765811749041008,最佳行业/主题 ETF 动量为正，持有该 ETF
mom_2m,42,weekly,2024-09-06,512880,证券ETF国泰,sector,证券,0.05890052356020958,512880,0.05890052356020958,511260,0.01576360156603629,最佳行业/主题 ETF 动量为正，持有该 ETF
mom_2m,42,weekly,2024-09-13,512880,证券ETF国泰,sector,证券,0.024173027989821794,512880,0.024173027989821794,511260,0.01655181144227047,最佳行业/主题 ETF 动量为正，持有该 ETF
mom_2m,42,weekly,2024-09-20,512880,证券ETF国泰,sector,证券,0.013664596273291751,512880,0.013664596273291751,511260,0.017542335397447317,最佳行业/主题 ETF 动量为正，持有该 ETF
mom_2m,42,weekly,2024-09-27,512880,证券ETF国泰,sector,证券,0.2686002522068096,512880,0.2686002522068096,511010,0.005679627487617411,最佳行业/主题 ETF 动量为正，持有该 ETF
mom_2m,42,weekly,2024-09-30,512880,证券ETF国泰,sector,证券,0.3889585947302383,512880,0.3889585947302383,511010,0.002075796216119974,最佳行业/主题 ETF 动量为正，持有该 ETF
mom_2m,42,weekly,2024-10-11,512880,证券ETF国泰,sector,证券,0.37438423645320196,512880,0.37438423645320196,511010,0.002443471649085094,最佳行业/主题 ETF 动量为正，持有该 ETF
mom_2m,42,weekly,2024-10-18,515230,软件ETF国泰,sector,软件,0.5364891518737673,515230,0.5364891518737673,511260,0.013357269391370385,最佳行业/主题 ETF 动量为正，持有该 ETF
mom_2m,42,weekly,2024-10-25,515230,软件ETF国泰,sector,软件,0.48532289628180036,515230,0.48532289628180036,511010,0.00438648488441018,最佳行业/主题 ETF 动量为正，持有该 ETF
mom_2m,42,weekly,2024-11-01,515230,软件ETF国泰,sector,软件,0.5121457489878543,515230,0.5121457489878543,511010,0.005063946181710577,最佳行业/主题 ETF 动量为正，持有该 ETF
mom_2m,42,weekly,2024-11-08,515230,软件ETF国泰,sector,软件,0.784394250513347,515230,0.784394250513347,511260,0.007073511190576864,最佳行业/主题 ETF 动量为正，持有该 ETF
mom_2m,42,weekly,2024-11-15,515230,软件ETF国泰,sector,软件,0.7418032786885247,515230,0.7418032786885247,511260,0.005882444847197021,最佳行业/主题 ETF 动量为正，持有该 ETF
mom_2m,42,weekly,2024-11-22,515230,软件ETF国泰,sector,软件,0.6619718309859155,515230,0.6619718309859155,511010,0.0033626278422649314,最佳行业/主题 ETF 动量为正，持有该 ETF
mom_2m,42,weekly,2024-11-29,515230,软件ETF国泰,sector,软件,0.5745856353591159,515230,0.5745856353591159,511260,0.004680150882476086,最佳行业/主题 ETF 动量为正，持有该 ETF
mom_2m,42,weekly,2024-12-06,512980,传媒ETF广发,sector,传媒,0.21931034482758616,512980,0.21931034482758616,511260,0.021793250767672134,最佳行业/主题 ETF 动量为正，持有该 ETF
mom_2m,42,weekly,2024-12-13,512980,传媒ETF广发,sector,传媒,0.25714285714285734,512980,0.25714285714285734,511260,0.031407967623229505,最佳行业/主题 ETF 动量为正，持有该 ETF
mom_2m,42,weekly,2024-12-20,512980,传媒ETF广发,sector,传媒,0.1463087248322148,512980,0.1463087248322148,511260,0.036277861663758904,最佳行业/主题 ETF 动量为正，持有该 ETF
mom_2m,42,weekly,2024-12-27,512480,半导体ETF国联安,sector,半导体,0.09657320872274155,512480,0.09657320872274155,511260,0.037708688645147204,最佳行业/主题 ETF 动量为正，持有该 ETF
mom_2m,42,weekly,2025-01-03,512800,银行ETF华宝,sector,银行,0.02269503546099294,512800,0.02269503546099294,511260,0.04351049715133071,最佳行业/主题 ETF 动量为正，持有该 ETF
mom_2m,42,weekly,2025-01-10,512800,银行ETF华宝,sector,银行,0.058139534883721034,512800,0.058139534883721034,511260,0.035180524484215825,最佳行业/主题 ETF 动量为正，持有该 ETF
mom_2m,42,weekly,2025-01-17,512800,银行ETF华宝,sector,银行,0.05120910384068278,512800,0.05120910384068278,511260,0.036694322838503046,最佳行业/主题 ETF 动量为正，持有该 ETF
mom_2m,42,weekly,2025-01-24,512800,银行ETF华宝,sector,银行,0.07536231884057987,512800,0.07536231884057987,511260,0.0302160388746171,最佳行业/主题 ETF 动量为正，持有该 ETF
mom_2m,42,weekly,2025-01-27,512800,银行ETF华宝,sector,银行,0.0789096126255382,512800,0.0789096126255382,511260,0.03515579617538411,最佳行业/主题 ETF 动量为正，持有该 ETF
mom_2m,42,weekly,2025-02-07,512800,银行ETF华宝,sector,银行,0.06340057636887608,512800,0.06340057636887608,511260,0.030830654920187106,最佳行业/主题 ETF 动量为正，持有该 ETF
mom_2m,42,weekly,2025-02-14,515230,软件ETF国泰,sector,软件,0.10459770114942524,515230,0.10459770114942524,511260,0.02398022629227614,最佳行业/主题 ETF 动量为正，持有该 ETF
mom_2m,42,weekly,2025-02-21,512480,半导体ETF国联安,sector,半导体,0.17551020408163254,512480,0.17551020408163254,511260,0.000694177211369329,最佳行业/主题 ETF 动量为正，持有该 ETF
mom_2m,42,weekly,2025-02-28,515030,新能源车ETF华夏,sector,新能源车,0.08850289495450792,515030,0.08850289495450792,511260,-0.0013872658046518715,最佳行业/主题 ETF 动量为正，持有该 ETF
mom_2m,42,weekly,2025-03-07,515230,软件ETF国泰,sector,软件,0.16930572472594396,515230,0.16930572472594396,511260,-0.004175507214642216,最佳行业/主题 ETF 动量为正，持有该 ETF
mom_2m,42,weekly,2025-03-14,515230,软件ETF国泰,sector,软件,0.2880886426592799,515230,0.2880886426592799,511010,-0.010742932849469478,最佳行业/主题 ETF 动量为正，持有该 ETF
mom_2m,42,weekly,2025-03-21,515230,软件ETF国泰,sector,软件,0.15191545574636733,515230,0.15191545574636733,511010,-0.00866110448947166,最佳行业/主题 ETF 动量为正，持有该 ETF
mom_2m,42,weekly,2025-03-28,515230,软件ETF国泰,sector,软件,0.10789473684210527,515230,0.10789473684210527,511010,-0.007376771110774394,最佳行业/主题 ETF 动量为正，持有该 ETF
mom_2m,42,weekly,2025-04-03,512690,酒ETF鹏华,sector,白酒/酒,0.09473684210526323,512690,0.09473684210526323,511010,-0.005056908226480306,最佳行业/主题 ETF 动量为正，持有该 ETF
mom_2m,42,weekly,2025-04-11,512690,酒ETF鹏华,sector,白酒/酒,0.09380530973451329,512690,0.09380530973451329,511010,0.0008443264151487551,最佳行业/主题 ETF 动量为正，持有该 ETF
mom_2m,42,weekly,2025-04-18,159928,消费ETF汇添富,sector,消费,0.06666666666666665,159928,0.06666666666666665,511010,0.004204086662172424,最佳行业/主题 ETF 动量为正，持有该 ETF
mom_2m,42,weekly,2025-04-25,159928,消费ETF汇添富,sector,消费,0.05398457583547556,159928,0.05398457583547556,511260,0.008317377188136188,最佳行业/主题 ETF 动量为正，持有该 ETF
mom_2m,42,weekly,2025-04-30,512400,有色金属ETF南方,sector,有色金属,0.03248730964467006,512400,0.03248730964467006,511260,0.009294003065284384,最佳行业/主题 ETF 动量为正，持有该 ETF
mom_2m,42,weekly,2025-05-09,512800,银行ETF华宝,sector,银行,0.05059920106524629,512800,0.05059920106524629,511260,0.01106112728234998,最佳行业/主题 ETF 动量为正，持有该 ETF
mom_2m,42,weekly,2025-05-16,512800,银行ETF华宝,sector,银行,0.06657789613848197,512800,0.06657789613848197,511260,0.013237576458415834,最佳行业/主题 ETF 动量为正，持有该 ETF
mom_2m,42,weekly,2025-05-23,512800,银行ETF华宝,sector,银行,0.04681404421326407,512800,0.04681404421326407,511260,0.014085042627788313,最佳行业/主题 ETF 动量为正，持有该 ETF
mom_2m,42,weekly,2025-05-30,512800,银行ETF华宝,sector,银行,0.06036745406824151,512800,0.06036745406824151,511260,0.010908649542564985,最佳行业/主题 ETF 动量为正，持有该 ETF
mom_2m,42,weekly,2025-06-06,512800,银行ETF华宝,sector,银行,0.07198952879581144,512800,0.07198952879581144,511260,0.012416753894931576,最佳行业/主题 ETF 动量为正，持有该 ETF
mom_2m,42,weekly,2025-06-13,512800,银行ETF华宝,sector,银行,0.11185983827493251,512800,0.11185983827493251,511260,0.004052745735235508,最佳行业/主题 ETF 动量为正，持有该 ETF
mom_2m,42,weekly,2025-06-20,512800,银行ETF华宝,sector,银行,0.10821382007822677,512800,0.10821382007822677,511260,0.00403114018327444,最佳行业/主题 ETF 动量为正，持有该 ETF
mom_2m,42,weekly,2025-06-27,512800,银行ETF华宝,sector,银行,0.10580645161290314,512800,0.10580645161290314,511260,0.005752737431845789,最佳行业/主题 ETF 动量为正，持有该 ETF
mom_2m,42,weekly,2025-07-04,512800,银行ETF华宝,sector,银行,0.16973684210526319,512800,0.16973684210526319,511010,0.003999076025755777,最佳行业/主题 ETF 动量为正，持有该 ETF
mom_2m,42,weekly,2025-07-11,512880,证券ETF国泰,sector,证券,0.11205273069679844,512880,0.11205273069679844,511260,0.0024284215260081954,最佳行业/主题 ETF 动量为正，持有该 ETF
mom_2m,42,weekly,2025-07-18,512400,有色金属ETF南方,sector,有色金属,0.12884615384615383,512400,0.12884615384615383,511010,0.00359148161262568,最佳行业/主题 ETF 动量为正，持有该 ETF
mom_2m,42,weekly,2025-07-25,512400,有色金属ETF南方,sector,有色金属,0.23233301064859635,512400,0.23233301064859635,511010,7.94694331662793e-05,最佳行业/主题 ETF 动量为正，持有该 ETF
mom_2m,42,weekly,2025-08-01,512400,有色金属ETF南方,sector,有色金属,0.14597156398104283,512400,0.14597156398104283,511010,0.0011698186781048392,最佳行业/主题 ETF 动量为正，持有该 ETF
mom_2m,42,weekly,2025-08-08,512660,军工ETF国泰,sector,军工,0.1763584366062918,512660,0.1763584366062918,511010,0.0007857384860476824,最佳行业/主题 ETF 动量为正，持有该 ETF
mom_2m,42,weekly,2025-08-15,512400,有色金属ETF南方,sector,有色金属,0.21552511415525122,512400,0.21552511415525122,511010,-0.0018283509570048428,最佳行业/主题 ETF 动量为正，持有该 ETF
mom_2m,42,weekly,2025-08-22,512480,半导体ETF国联安,sector,半导体,0.25815738963531665,512480,0.25815738963531665,511010,-0.0035365467169898857,最佳行业/主题 ETF 动量为正，持有该 ETF
mom_2m,42,weekly,2025-08-29,512480,半导体ETF国联安,sector,半导体,0.3489736070381231,512480,0.3489736070381231,511010,-0.004049340094220755,最佳行业/主题 ETF 动量为正，持有该 ETF
mom_2m,42,weekly,2025-09-05,512400,有色金属ETF南方,sector,有色金属,0.33811659192825116,512400,0.33811659192825116,511010,-0.00251883730470015,最佳行业/主题 ETF 动量为正，持有该 ETF
mom_2m,42,weekly,2025-09-12,512400,有色金属ETF南方,sector,有色金属,0.35582822085889565,512400,0.35582822085889565,511010,-0.0019798416126710627,最佳行业/主题 ETF 动量为正，持有该 ETF
mom_2m,42,weekly,2025-09-19,512480,半导体ETF国联安,sector,半导体,0.34961685823754785,512480,0.34961685823754785,511010,0.00031731150614788817,最佳行业/主题 ETF 动量为正，持有该 ETF
mom_2m,42,weekly,2025-09-26,512480,半导体ETF国联安,sector,半导体,0.4011039558417664,512480,0.4011039558417664,511010,0.000743537360947677,最佳行业/主题 ETF 动量为正，持有该 ETF
mom_2m,42,weekly,2025-09-30,512480,半导体ETF国联安,sector,半导体,0.47981220657277013,512480,0.47981220657277013,511010,0.0011323884741605283,最佳行业/主题 ETF 动量为正，持有该 ETF
mom_2m,42,weekly,2025-10-10,512480,半导体ETF国联安,sector,半导体,0.4098057354301574,512480,0.4098057354301574,511010,0.0014856376342302635,最佳行业/主题 ETF 动量为正，持有该 ETF
mom_2m,42,weekly,2025-10-17,512400,有色金属ETF南方,sector,有色金属,0.30140186915887845,512400,0.30140186915887845,511010,0.00276261026998581,最佳行业/主题 ETF 动量为正，持有该 ETF
mom_2m,42,weekly,2025-10-24,512480,半导体ETF国联安,sector,半导体,0.3138435081685296,512480,0.3138435081685296,511010,0.003692676793224603,最佳行业/主题 ETF 动量为正，持有该 ETF
mom_2m,42,weekly,2025-10-31,515030,新能源车ETF华夏,sector,新能源车,0.32170272156315405,515030,0.32170272156315405,511010,0.007178450205820752,最佳行业/主题 ETF 动量为正，持有该 ETF
mom_2m,42,weekly,2025-11-07,515790,光伏ETF华泰柏瑞,sector,光伏,0.3186813186813189,515790,0.3186813186813189,511260,0.00617181737441852,最佳行业/主题 ETF 动量为正，持有该 ETF
mom_2m,42,weekly,2025-11-14,512400,有色金属ETF南方,sector,有色金属,0.17333333333333334,512400,0.17333333333333334,511260,0.007311539418242585,最佳行业/主题 ETF 动量为正，持有该 ETF
mom_2m,42,weekly,2025-11-21,512400,有色金属ETF南方,sector,有色金属,0.08910891089108919,512400,0.08910891089108919,511260,0.006851223056247857,最佳行业/主题 ETF 动量为正，持有该 ETF
mom_2m,42,weekly,2025-11-28,512400,有色金属ETF南方,sector,有色金属,0.14902225219150367,512400,0.14902225219150367,511260,0.005549648999781276,最佳行业/主题 ETF 动量为正，持有该 ETF
mom_2m,42,weekly,2025-12-05,512400,有色金属ETF南方,sector,有色金属,0.08469449485783409,512400,0.08469449485783409,511260,0.003984934086628922,最佳行业/主题 ETF 动量为正，持有该 ETF
mom_2m,42,weekly,2025-12-12,512400,有色金属ETF南方,sector,有色金属,0.014908256880733939,512400,0.014908256880733939,511010,0.0034625739666269695,最佳行业/主题 ETF 动量为正，持有该 ETF
mom_2m,42,weekly,2025-12-19,512400,有色金属ETF南方,sector,有色金属,0.0938256658595642,512400,0.0938256658595642,511010,0.004455096371147604,最佳行业/主题 ETF 动量为正，持有该 ETF
mom_2m,42,weekly,2025-12-26,512400,有色金属ETF南方,sector,有色金属,0.08843537414965974,512400,0.08843537414965974,511010,0.00272006315713913,最佳行业/主题 ETF 动量为正，持有该 ETF
mom_2m,42,weekly,2025-12-31,512660,军工ETF国泰,sector,军工,0.1328382838283828,512660,0.1328382838283828,511010,0.0008823402820621329,最佳行业/主题 ETF 动量为正，持有该 ETF
mom_2m,42,weekly,2026-01-09,512660,军工ETF国泰,sector,军工,0.31349538977367963,512660,0.31349538977367963,511010,-0.0002655013310945975,最佳行业/主题 ETF 动量为正，持有该 ETF
mom_2m,42,weekly,2026-01-16,512660,军工ETF国泰,sector,军工,0.25841750841750866,512660,0.25841750841750866,511010,0.002008795655261908,最佳行业/主题 ETF 动量为正，持有该 ETF
mom_2m,42,weekly,2026-01-23,512400,有色金属ETF南方,sector,有色金属,0.3998778998779,512400,0.3998778998779,511010,0.0026828498464892547,最佳行业/主题 ETF 动量为正，持有该 ETF
mom_2m,42,weekly,2026-01-30,512400,有色金属ETF南方,sector,有色金属,0.33200455580865595,512400,0.33200455580865595,511260,0.004832293204072746,最佳行业/主题 ETF 动量为正，持有该 ETF
mom_2m,42,weekly,2026-02-06,512980,传媒ETF广发,sector,传媒,0.1973140495867769,512980,0.1973140495867769,511260,0.008126177095135523,最佳行业/主题 ETF 动量为正，持有该 ETF
mom_2m,42,weekly,2026-02-13,512980,传媒ETF广发,sector,传媒,0.27742616033755296,512980,0.27742616033755296,511260,0.010147483769279653,最佳行业/主题 ETF 动量为正，持有该 ETF
mom_2m,42,weekly,2026-02-27,512400,有色金属ETF南方,sector,有色金属,0.3337022689540676,512400,0.3337022689540676,511260,0.0060589719969146305,最佳行业/主题 ETF 动量为正，持有该 ETF
mom_2m,42,weekly,2026-03-06,515220,煤炭ETF国泰,sector,煤炭,0.19056785370548623,515220,0.19056785370548623,511260,0.007574623514265966,最佳行业/主题 ETF 动量为正，持有该 ETF
mom_2m,42,weekly,2026-03-13,515220,煤炭ETF国泰,sector,煤炭,0.2526115859449194,515220,0.2526115859449194,511260,0.011076830461283826,最佳行业/主题 ETF 动量为正，持有该 ETF
mom_2m,42,weekly,2026-03-20,515220,煤炭ETF国泰,sector,煤炭,0.18686401480111003,515220,0.18686401480111003,511260,0.007155983947792821,最佳行业/主题 ETF 动量为正，持有该 ETF
mom_2m,42,weekly,2026-03-27,515220,煤炭ETF国泰,sector,煤炭,0.17913204062788557,515220,0.17913204062788557,511010,0.00450099107673152,最佳行业/主题 ETF 动量为正，持有该 ETF
mom_2m,42,weekly,2026-04-03,515220,煤炭ETF国泰,sector,煤炭,0.1109040074557317,515220,0.1109040074557317,511010,0.005094301823073133,最佳行业/主题 ETF 动量为正，持有该 ETF
mom_2m,42,weekly,2026-04-10,515220,煤炭ETF国泰,sector,煤炭,0.12417685794920041,515220,0.12417685794920041,511010,0.003896726035135023,最佳行业/主题 ETF 动量为正，持有该 ETF
mom_2m,42,weekly,2026-04-17,515030,新能源车ETF华夏,sector,新能源车,0.08602150537634401,515030,0.08602150537634401,511260,0.005683931733301728,最佳行业/主题 ETF 动量为正，持有该 ETF
mom_2m,42,weekly,2026-04-24,515030,新能源车ETF华夏,sector,新能源车,0.0871172122492081,515030,0.0871172122492081,511260,0.004792830816787719,最佳行业/主题 ETF 动量为正，持有该 ETF
mom_2m,42,weekly,2026-04-30,515030,新能源车ETF华夏,sector,新能源车,0.13464608834486436,515030,0.13464608834486436,511260,0.005219408467040498,最佳行业/主题 ETF 动量为正，持有该 ETF
mom_2m,42,weekly,2026-05-08,512480,半导体ETF国联安,sector,半导体,0.19924337957124827,512480,0.19924337957124827,511260,0.004488303659007764,最佳行业/主题 ETF 动量为正，持有该 ETF
mom_2m,42,weekly,2026-05-15,512480,半导体ETF国联安,sector,半导体,0.3086816720257237,512480,0.3086816720257237,511260,0.00770959532066251,最佳行业/主题 ETF 动量为正，持有该 ETF
mom_2m,42,weekly,2026-05-22,512480,半导体ETF国联安,sector,半导体,0.43352979698755734,512480,0.43352979698755734,511260,0.007886024625227916,最佳行业/主题 ETF 动量为正，持有该 ETF
mom_2m,42,weekly,2026-05-29,512480,半导体ETF国联安,sector,半导体,0.4865794907088783,512480,0.4865794907088783,511260,0.01185135587546049,最佳行业/主题 ETF 动量为正，持有该 ETF
mom_2m,42,weekly,2026-06-05,512480,半导体ETF国联安,sector,半导体,0.47983014861995765,512480,0.47983014861995765,511260,0.011650211146136957,最佳行业/主题 ETF 动量为正，持有该 ETF
mom_2m,42,weekly,2026-06-12,512480,半导体ETF国联安,sector,半导体,0.3491351697629723,512480,0.3491351697629723,511260,0.006988955815836251,最佳行业/主题 ETF 动量为正，持有该 ETF
mom_2m,42,weekly,2026-06-18,512480,半导体ETF国联安,sector,半导体,0.5314814814814812,512480,0.5314814814814812,511260,0.007423211983820233,最佳行业/主题 ETF 动量为正，持有该 ETF
mom_2m,42,biweekly,2015-01-16,CASH,空仓,cash,现金,0.0,,,,,行业和防守资产均无正动量，空仓
mom_2m,42,biweekly,2015-01-30,CASH,空仓,cash,现金,0.0,,,,,行业和防守资产均无正动量，空仓
mom_2m,42,biweekly,2015-02-13,CASH,空仓,cash,现金,0.0,,,,,行业和防守资产均无正动量，空仓
mom_2m,42,biweekly,2015-02-27,CASH,空仓,cash,现金,0.0,,,,,行业和防守资产均无正动量，空仓
mom_2m,42,biweekly,2015-03-13,159928,消费ETF汇添富,sector,消费,0.05685618729096986,159928,0.05685618729096986,511010,0.02730023242766677,最佳行业/主题 ETF 动量为正，持有该 ETF
mom_2m,42,biweekly,2015-03-27,159928,消费ETF汇添富,sector,消费,0.1802721088435375,159928,0.1802721088435375,511010,0.006131117629170291,最佳行业/主题 ETF 动量为正，持有该 ETF
mom_2m,42,biweekly,2015-04-10,159928,消费ETF汇添富,sector,消费,0.2931034482758621,159928,0.2931034482758621,511010,-0.002804004039334451,最佳行业/主题 ETF 动量为正，持有该 ETF
mom_2m,42,biweekly,2015-04-24,159928,消费ETF汇添富,sector,消费,0.3557046979865772,159928,0.3557046979865772,511010,-0.0024025885954543913,最佳行业/主题 ETF 动量为正，持有该 ETF
mom_2m,42,biweekly,2015-05-08,159928,消费ETF汇添富,sector,消费,0.24038461538461542,159928,0.24038461538461542,511010,0.011291695613459884,最佳行业/主题 ETF 动量为正，持有该 ETF
mom_2m,42,biweekly,2015-05-22,159928,消费ETF汇添富,sector,消费,0.2831858407079646,159928,0.2831858407079646,511010,0.006788938996951321,最佳行业/主题 ETF 动量为正，持有该 ETF
mom_2m,42,biweekly,2015-06-05,159928,消费ETF汇添富,sector,消费,0.25815217391304346,159928,0.25815217391304346,511010,0.015990486299484852,最佳行业/主题 ETF 动量为正，持有该 ETF
mom_2m,42,biweekly,2015-06-19,512010,医药ETF易方达,sector,医药,0.11076923076923073,512010,0.11076923076923073,511010,-0.005036829999708781,最佳行业/主题 ETF 动量为正，持有该 ETF
mom_2m,42,biweekly,2015-07-03,CASH,空仓,cash,现金,0.0,512010,-0.01869158878504673,511010,-0.009312737421505513,行业和防守资产均无正动量，空仓
mom_2m,42,biweekly,2015-07-17,511010,国债ETF国泰,defensive,国债,0.013640271646203184,512010,-0.019999999999999907,511010,0.013640271646203184,最佳行业/主题 ETF 动量为负或不可用，切换到正动量防守资产
mom_2m,42,biweekly,2015-07-31,511010,国债ETF国泰,defensive,国债,0.021604395174692703,512010,-0.20493827160493827,511010,0.021604395174692703,最佳行业/主题 ETF 动量为负或不可用，切换到正动量防守资产
mom_2m,42,biweekly,2015-08-14,511010,国债ETF国泰,defensive,国债,0.021088568084276282,512010,-0.13953488372093026,511010,0.021088568084276282,最佳行业/主题 ETF 动量为负或不可用，切换到正动量防守资产
mom_2m,42,biweekly,2015-08-28,511010,国债ETF国泰,defensive,国债,0.02404437760024991,159928,-0.14720812182741116,511010,0.02404437760024991,最佳行业/主题 ETF 动量为负或不可用，切换到正动量防守资产
mom_2m,42,biweekly,2015-09-11,511010,国债ETF国泰,defensive,国债,0.009950921667890356,512010,-0.14243323442136513,511010,0.009950921667890356,最佳行业/主题 ETF 动量为负或不可用，切换到正动量防守资产
mom_2m,42,biweekly,2015-09-25,511010,国债ETF国泰,defensive,国债,0.001714181741570453,512010,-0.13291139240506322,511010,0.001714181741570453,最佳行业/主题 ETF 动量为负或不可用，切换到正动量防守资产
mom_2m,42,biweekly,2015-10-09,511010,国债ETF国泰,defensive,国债,0.004459638836101121,512010,-0.10031347962382453,511010,0.004459638836101121,最佳行业/主题 ETF 动量为负或不可用，切换到正动量防守资产
mom_2m,42,biweekly,2015-10-23,511010,国债ETF国泰,defensive,国债,0.014577063886066943,512010,-0.06886227544910184,511010,0.014577063886066943,最佳行业/主题 ETF 动量为负或不可用，切换到正动量防守资产
mom_2m,42,biweekly,2015-11-06,512010,医药ETF易方达,sector,医药,0.13214285714285712,512010,0.13214285714285712,511010,0.0043391378818156134,最佳行业/主题 ETF 动量为正，持有该 ETF
mom_2m,42,biweekly,2015-11-20,512010,医药ETF易方达,sector,医药,0.10915492957746498,512010,0.10915492957746498,511010,0.005948970627554173,最佳行业/主题 ETF 动量为正，持有该 ETF
mom_2m,42,biweekly,2015-12-04,512010,医药ETF易方达,sector,医药,0.1654411764705881,512010,0.1654411764705881,511010,0.008808265485882982,最佳行业/主题 ETF 动量为正，持有该 ETF
mom_2m,42,biweekly,2015-12-18,512010,医药ETF易方达,sector,医药,0.1254355400696865,512010,0.1254355400696865,511010,0.005679294671290913,最佳行业/主题 ETF 动量为正，持有该 ETF
mom_2m,42,biweekly,2015-12-31,512010,医药ETF易方达,sector,医药,0.09933774834437092,512010,0.09933774834437092,511010,0.010103961469221545,最佳行业/主题 ETF 动量为正，持有该 ETF
mom_2m,42,biweekly,2016-01-15,511010,国债ETF国泰,defensive,国债,0.020270398392020716,159928,-0.07826086956521727,511010,0.020270398392020716,最佳行业/主题 ETF 动量为负或不可用，切换到正动量防守资产
mom_2m,42,biweekly,2016-01-29,511010,国债ETF国泰,defensive,国债,0.01298259216883979,512010,-0.10610932475884238,511010,0.01298259216883979,最佳行业/主题 ETF 动量为负或不可用，切换到正动量防守资产
mom_2m,42,biweekly,2016-02-19,511010,国债ETF国泰,defensive,国债,0.01353416078771641,159928,-0.1246376811594202,511010,0.01353416078771641,最佳行业/主题 ETF 动量为负或不可用，切换到正动量防守资产
mom_2m,42,biweekly,2016-03-04,511010,国债ETF国泰,defensive,国债,0.004071858519222538,159928,-0.1512605042016807,511010,0.004071858519222538,最佳行业/主题 ETF 动量为负或不可用，切换到正动量防守资产
mom_2m,42,biweekly,2016-03-18,511010,国债ETF国泰,defensive,国债,0.004598320451843163,159928,-0.040000000000000036,511010,0.004598320451843163,最佳行业/主题 ETF 动量为负或不可用，切换到正动量防守资产
mom_2m,42,biweekly,2016-04-01,159928,消费ETF汇添富,sector,消费,0.059016393442623105,159928,0.059016393442623105,511010,0.017852976584883162,最佳行业/主题 ETF 动量为正，持有该 ETF
mom_2m,42,biweekly,2016-04-15,159928,消费ETF汇添富,sector,消费,0.07000000000000006,159928,0.07000000000000006,511010,0.009662105557106893,最佳行业/主题 ETF 动量为正，持有该 ETF
mom_2m,42,biweekly,2016-04-29,159928,消费ETF汇添富,sector,消费,0.0847457627118644,159928,0.0847457627118644,511010,0.0014742151426929695,最佳行业/主题 ETF 动量为正，持有该 ETF
mom_2m,42,biweekly,2016-05-13,159928,消费ETF汇添富,sector,消费,0.0844155844155845,159928,0.0844155844155845,511010,0.0058520685951330975,最佳行业/主题 ETF 动量为正，持有该 ETF
mom_2m,42,biweekly,2016-05-27,159928,消费ETF汇添富,sector,消费,0.006172839506172867,159928,0.006172839506172867,511010,-0.004241771790837401,最佳行业/主题 ETF 动量为正，持有该 ETF
mom_2m,42,biweekly,2016-06-08,159928,消费ETF汇添富,sector,消费,0.05625000000000013,159928,0.05625000000000013,511010,-0.0057237881739001795,最佳行业/主题 ETF 动量为正，持有该 ETF
mom_2m,42,biweekly,2016-06-24,159928,消费ETF汇添富,sector,消费,0.06687898089171984,159928,0.06687898089171984,511010,0.007392379734874721,最佳行业/主题 ETF 动量为正，持有该 ETF
mom_2m,42,biweekly,2016-07-08,159928,消费ETF汇添富,sector,消费,0.09756097560975596,159928,0.09756097560975596,511010,0.010883535993342353,最佳行业/主题 ETF 动量为正，持有该 ETF
mom_2m,42,biweekly,2016-07-22,159928,消费ETF汇添富,sector,消费,0.09999999999999987,159928,0.09999999999999987,511010,0.012512706773865734,最佳行业/主题 ETF 动量为正，持有该 ETF
mom_2m,42,biweekly,2016-08-05,512010,医药ETF易方达,sector,医药,0.12411347517730498,512010,0.12411347517730498,511010,0.018011933946991077,最佳行业/主题 ETF 动量为正，持有该 ETF
mom_2m,42,biweekly,2016-08-19,512010,医药ETF易方达,sector,医药,0.12237762237762251,512010,0.12237762237762251,511010,0.015148443690912838,最佳行业/主题 ETF 动量为正，持有该 ETF
mom_2m,42,biweekly,2016-09-02,512010,医药ETF易方达,sector,医药,0.09183673469387754,512010,0.09183673469387754,511010,0.006028394745508425,最佳行业/主题 ETF 动量为正，持有该 ETF
mom_2m,42,biweekly,2016-09-14,512010,医药ETF易方达,sector,医药,0.019354838709677358,512010,0.019354838709677358,511010,0.0066833063623981115,最佳行业/主题 ETF 动量为正，持有该 ETF
mom_2m,42,biweekly,2016-09-30,512010,医药ETF易方达,sector,医药,0.03548387096774186,512010,0.03548387096774186,511010,0.004619315650205014,最佳行业/主题 ETF 动量为正，持有该 ETF
mom_2m,42,biweekly,2016-10-21,512010,医药ETF易方达,sector,医药,0.024922118380062308,512010,0.024922118380062308,511010,0.008076518203927519,最佳行业/主题 ETF 动量为正，持有该 ETF
mom_2m,42,biweekly,2016-11-04,512880,证券ETF国泰,sector,证券,0.0324118207816968,512880,0.0324118207816968,511010,0.006907255795378209,最佳行业/主题 ETF 动量为正，持有该 ETF
mom_2m,42,biweekly,2016-11-18,512880,证券ETF国泰,sector,证券,0.09384164222873914,512880,0.09384164222873914,511010,-0.0011913856451671867,最佳行业/主题 ETF 动量为正，持有该 ETF
mom_2m,42,biweekly,2016-12-02,512880,证券ETF国泰,sector,证券,0.11676646706586835,512880,0.11676646706586835,511010,-0.011648672413949401,最佳行业/主题 ETF 动量为正，持有该 ETF
mom_2m,42,biweekly,2016-12-16,159928,消费ETF汇添富,sector,消费,0.027855153203342642,159928,0.027855153203342642,511010,-0.043592844636184735,最佳行业/主题 ETF 动量为正，持有该 ETF
mom_2m,42,biweekly,2016-12-30,512010,医药ETF易方达,sector,医药,0.006116207951070374,512010,0.006116207951070374,511010,-0.02431029033277643,最佳行业/主题 ETF 动量为正，持有该 ETF
mom_2m,42,biweekly,2017-01-13,159928,消费ETF汇添富,sector,消费,0.013698630136986356,159928,0.013698630136986356,511010,-0.019558393961935483,最佳行业/主题 ETF 动量为正，持有该 ETF
mom_2m,42,biweekly,2017-01-26,512660,军工ETF国泰,sector,军工,0.010912698412698374,512660,0.010912698412698374,511010,-0.01315189434705677,最佳行业/主题 ETF 动量为正，持有该 ETF
mom_2m,42,biweekly,2017-02-10,512660,军工ETF国泰,sector,军工,0.028798411122145096,512660,0.028798411122145096,511010,-0.011408625361686409,最佳行业/主题 ETF 动量为正，持有该 ETF
mom_2m,42,biweekly,2017-02-24,159928,消费ETF汇添富,sector,消费,0.07967032967032983,159928,0.07967032967032983,511010,0.016355886053367907,最佳行业/主题 ETF 动量为正，持有该 ETF
mom_2m,42,biweekly,2017-03-10,159928,消费ETF汇添富,sector,消费,0.05121293800539095,159928,0.05121293800539095,511010,0.00010193396532409693,最佳行业/主题 ETF 动量为正，持有该 ETF
mom_2m,42,biweekly,2017-03-24,159928,消费ETF汇添富,sector,消费,0.11748633879781423,159928,0.11748633879781423,511010,0.00457057034784536,最佳行业/主题 ETF 动量为正，持有该 ETF
mom_2m,42,biweekly,2017-04-07,512010,医药ETF易方达,sector,医药,0.09850746268656718,512010,0.09850746268656718,511010,0.0020918372069345104,最佳行业/主题 ETF 动量为正，持有该 ETF
mom_2m,42,biweekly,2017-04-21,512010,医药ETF易方达,sector,医药,0.08734939759036142,512010,0.08734939759036142,511010,-0.004091077378748698,最佳行业/主题 ETF 动量为正，持有该 ETF
mom_2m,42,biweekly,2017-05-05,512010,医药ETF易方达,sector,医药,0.09451219512195119,512010,0.09451219512195119,511010,-0.014278594107657083,最佳行业/主题 ETF 动量为正，持有该 ETF
mom_2m,42,biweekly,2017-05-19,512010,医药ETF易方达,sector,医药,0.06470588235294117,512010,0.06470588235294117,511010,-0.020928234174466653,最佳行业/主题 ETF 动量为正，持有该 ETF
mom_2m,42,biweekly,2017-06-02,512010,医药ETF易方达,sector,医药,0.033802816901408406,512010,0.033802816901408406,511010,-0.011103413237263826,最佳行业/主题 ETF 动量为正，持有该 ETF
mom_2m,42,biweekly,2017-06-16,512010,医药ETF易方达,sector,医药,0.07323943661971843,512010,0.07323943661971843,511010,-0.009042710411586441,最佳行业/主题 ETF 动量为正，持有该 ETF
mom_2m,42,biweekly,2017-06-30,159928,消费ETF汇添富,sector,消费,0.10591133004926112,159928,0.10591133004926112,511010,-0.00243213776522877,最佳行业/主题 ETF 动量为正，持有该 ETF
mom_2m,42,biweekly,2017-07-14,159928,消费ETF汇添富,sector,消费,0.08521303258145352,159928,0.08521303258145352,511010,0.007098733510723321,最佳行业/主题 ETF 动量为正，持有该 ETF
mom_2m,42,biweekly,2017-07-28,159928,消费ETF汇添富,sector,消费,0.08252427184466038,159928,0.08252427184466038,511010,0.004147975750295574,最佳行业/主题 ETF 动量为正，持有该 ETF
mom_2m,42,biweekly,2017-08-11,512880,证券ETF国泰,sector,证券,0.042726347914547214,512880,0.042726347914547214,511010,-0.0012857901553198214,最佳行业/主题 ETF 动量为正，持有该 ETF
mom_2m,42,biweekly,2017-08-25,512880,证券ETF国泰,sector,证券,0.050295857988165604,512880,0.050295857988165604,511010,-0.00021422251199176845,最佳行业/主题 ETF 动量为正，持有该 ETF
mom_2m,42,biweekly,2017-09-08,512880,证券ETF国泰,sector,证券,0.08317025440313097,512880,0.08317025440313097,511010,0.0022848083558704158,最佳行业/主题 ETF 动量为正，持有该 ETF
mom_2m,42,biweekly,2017-09-22,159928,消费ETF汇添富,sector,消费,0.1298405466970387,159928,0.1298405466970387,511010,0.0022810560167527694,最佳行业/主题 ETF 动量为正，持有该 ETF
mom_2m,42,biweekly,2017-10-13,159928,消费ETF汇添富,sector,消费,0.15053763440860224,159928,0.15053763440860224,511010,0.0008684446436575399,最佳行业/主题 ETF 动量为正，持有该 ETF
mom_2m,42,biweekly,2017-10-27,159928,消费ETF汇添富,sector,消费,0.2158119658119657,159928,0.2158119658119657,511010,-0.00604710968655664,最佳行业/主题 ETF 动量为正，持有该 ETF
mom_2m,42,biweekly,2017-11-10,159928,消费ETF汇添富,sector,消费,0.21868365180467086,159928,0.21868365180467086,511010,-0.0044167800368997145,最佳行业/主题 ETF 动量为正，持有该 ETF
mom_2m,42,biweekly,2017-11-24,159928,消费ETF汇添富,sector,消费,0.13842975206611574,159928,0.13842975206611574,511010,-0.009093622339532592,最佳行业/主题 ETF 动量为正，持有该 ETF
mom_2m,42,biweekly,2017-12-08,512010,医药ETF易方达,sector,医药,0.023076923076922995,512010,0.023076923076922995,511010,-0.004868630907412075,最佳行业/主题 ETF 动量为正，持有该 ETF
mom_2m,42,biweekly,2017-12-22,159928,消费ETF汇添富,sector,消费,0.09869646182495329,159928,0.09869646182495329,511010,-0.0006639299039639113,最佳行业/主题 ETF 动量为正，持有该 ETF
mom_2m,42,biweekly,2018-01-05,159928,消费ETF汇添富,sector,消费,0.04130808950086062,159928,0.04130808950086062,511010,0.0036516221087412593,最佳行业/主题 ETF 动量为正，持有该 ETF
mom_2m,42,biweekly,2018-01-19,512800,银行ETF华宝,sector,银行,0.08237547892720287,512800,0.08237547892720287,511010,0.0038790998234210505,最佳行业/主题 ETF 动量为正，持有该 ETF
mom_2m,42,biweekly,2018-02-02,159928,消费ETF汇添富,sector,消费,0.12615955473098328,159928,0.12615955473098328,511010,0.0028989844202966797,最佳行业/主题 ETF 动量为正，持有该 ETF
mom_2m,42,biweekly,2018-02-14,512800,银行ETF华宝,sector,银行,0.062000000000000055,512800,0.062000000000000055,511260,0.011481298124019101,最佳行业/主题 ETF 动量为正，持有该 ETF
mom_2m,42,biweekly,2018-03-02,512800,银行ETF华宝,sector,银行,0.027397260273972712,512800,0.027397260273972712,511010,0.012954215965954141,最佳行业/主题 ETF 动量为正，持有该 ETF
mom_2m,42,biweekly,2018-03-16,512010,医药ETF易方达,sector,医药,0.025700934579439227,512010,0.025700934579439227,511260,0.010784107630859685,最佳行业/主题 ETF 动量为正，持有该 ETF
mom_2m,42,biweekly,2018-03-30,512010,医药ETF易方达,sector,医药,0.05990783410138256,512010,0.05990783410138256,511260,0.013786090201916457,最佳行业/主题 ETF 动量为正，持有该 ETF
mom_2m,42,biweekly,2018-04-13,512660,军工ETF国泰,sector,军工,0.11910994764397898,512660,0.11910994764397898,511260,0.022244139928231155,最佳行业/主题 ETF 动量为正，持有该 ETF
mom_2m,42,biweekly,2018-04-27,512010,医药ETF易方达,sector,医药,0.11650485436893221,512010,0.11650485436893221,511260,0.023372477482613174,最佳行业/主题 ETF 动量为正，持有该 ETF
mom_2m,42,biweekly,2018-05-11,512010,医药ETF易方达,sector,医药,0.12268518518518512,512010,0.12268518518518512,511260,0.01692166971561626,最佳行业/主题 ETF 动量为正，持有该 ETF
mom_2m,42,biweekly,2018-05-25,512010,医药ETF易方达,sector,医药,0.15032679738562083,512010,0.15032679738562083,511260,0.01751859602594119,最佳行业/主题 ETF 动量为正，持有该 ETF
mom_2m,42,biweekly,2018-06-08,512010,医药ETF易方达,sector,医药,0.13436123348017626,512010,0.13436123348017626,511260,0.00906924672870324,最佳行业/主题 ETF 动量为正，持有该 ETF
mom_2m,42,biweekly,2018-06-22,512010,医药ETF易方达,sector,医药,0.11210762331838553,512010,0.11210762331838553,511010,0.002750390628569299,最佳行业/主题 ETF 动量为正，持有该 ETF
mom_2m,42,biweekly,2018-07-06,511260,十年国债ETF国泰,defensive,十年国债,0.015171120869715837,512010,-0.03131524008350717,511260,0.015171120869715837,最佳行业/主题 ETF 动量为负或不可用，切换到正动量防守资产
mom_2m,42,biweekly,2018-07-20,511260,十年国债ETF国泰,defensive,十年国债,0.02244073605614272,512010,-0.04854368932038844,511260,0.02244073605614272,最佳行业/主题 ETF 动量为负或不可用，切换到正动量防守资产
mom_2m,42,biweekly,2018-08-03,511260,十年国债ETF国泰,defensive,十年国债,0.019034090909090917,512800,-0.05208333333333326,511260,0.019034090909090917,最佳行业/主题 ETF 动量为负或不可用，切换到正动量防守资产
mom_2m,42,biweekly,2018-08-17,511010,国债ETF国泰,defensive,国债,0.0021052247851485184,512660,-0.014903129657228065,511010,0.0021052247851485184,最佳行业/主题 ETF 动量为负或不可用，切换到正动量防守资产
mom_2m,42,biweekly,2018-08-31,512800,银行ETF华宝,sector,银行,0.08857808857808869,512800,0.08857808857808869,511010,0.004160472789239034,最佳行业/主题 ETF 动量为正，持有该 ETF
mom_2m,42,biweekly,2018-09-14,512800,银行ETF华宝,sector,银行,0.05227272727272725,512800,0.05227272727272725,511010,-0.0017991953347498146,最佳行业/主题 ETF 动量为正，持有该 ETF
mom_2m,42,biweekly,2018-09-28,512800,银行ETF华宝,sector,银行,0.04661016949152552,512800,0.04661016949152552,511010,0.002799299272182143,最佳行业/主题 ETF 动量为正，持有该 ETF
mom_2m,42,biweekly,2018-10-19,512800,银行ETF华宝,sector,银行,0.04157549234135649,512800,0.04157549234135649,511010,0.006778653991573957,最佳行业/主题 ETF 动量为正，持有该 ETF
mom_2m,42,biweekly,2018-11-02,512880,证券ETF国泰,sector,证券,0.06284153005464477,512880,0.06284153005464477,511260,0.012098154075326661,最佳行业/主题 ETF 动量为正，持有该 ETF
mom_2m,42,biweekly,2018-11-16,512880,证券ETF国泰,sector,证券,0.17052023121387294,512880,0.17052023121387294,511260,0.02848833099380954,最佳行业/主题 ETF 动量为正，持有该 ETF
mom_2m,42,biweekly,2018-11-30,512880,证券ETF国泰,sector,证券,0.059228650137741035,512880,0.059228650137741035,511260,0.025785047294435648,最佳行业/主题 ETF 动量为正，持有该 ETF
mom_2m,42,biweekly,2018-12-14,512880,证券ETF国泰,sector,证券,0.18799368088467605,512880,0.18799368088467605,511260,0.02064926238356035,最佳行业/主题 ETF 动量为正，持有该 ETF
mom_2m,42,biweekly,2018-12-28,159928,消费ETF汇添富,sector,消费,0.06823529411764717,159928,0.06823529411764717,511260,0.027173804929479406,最佳行业/主题 ETF 动量为正，持有该 ETF
mom_2m,42,biweekly,2019-01-11,159928,消费ETF汇添富,sector,消费,0.04484304932735439,159928,0.04484304932735439,511260,0.02289940301167226,最佳行业/主题 ETF 动量为正，持有该 ETF
mom_2m,42,biweekly,2019-01-25,159928,消费ETF汇添富,sector,消费,0.10407239819004532,159928,0.10407239819004532,511010,0.01639153996553855,最佳行业/主题 ETF 动量为正，持有该 ETF
mom_2m,42,biweekly,2019-02-15,159928,消费ETF汇添富,sector,消费,0.1506550218340612,159928,0.1506550218340612,511260,0.012471379159156193,最佳行业/主题 ETF 动量为正，持有该 ETF
mom_2m,42,biweekly,2019-03-01,512880,证券ETF国泰,sector,证券,0.4317241379310346,512880,0.4317241379310346,511260,0.006934541831891128,最佳行业/主题 ETF 动量为正，持有该 ETF
mom_2m,42,biweekly,2019-03-15,512880,证券ETF国泰,sector,证券,0.30916030534351124,512880,0.30916030534351124,511260,0.002148913927285445,最佳行业/主题 ETF 动量为正，持有该 ETF
mom_2m,42,biweekly,2019-03-29,512880,证券ETF国泰,sector,证券,0.39327296248382915,512880,0.39327296248382915,511260,0.006375959054539138,最佳行业/主题 ETF 动量为正，持有该 ETF
mom_2m,42,biweekly,2019-04-12,512880,证券ETF国泰,sector,证券,0.3230958230958232,512880,0.3230958230958232,511010,-0.008291569363175877,最佳行业/主题 ETF 动量为正，持有该 ETF
mom_2m,42,biweekly,2019-04-26,159928,消费ETF汇添富,sector,消费,0.22342342342342336,159928,0.22342342342342336,511010,-0.0021922873745376936,最佳行业/主题 ETF 动量为正，持有该 ETF
mom_2m,42,biweekly,2019-05-10,159928,消费ETF汇添富,sector,消费,0.1768826619964976,159928,0.1768826619964976,511010,0.0002463032520825248,最佳行业/主题 ETF 动量为正，持有该 ETF
mom_2m,42,biweekly,2019-05-24,159928,消费ETF汇添富,sector,消费,0.06270096463022523,159928,0.06270096463022523,511010,0.002303843549677831,最佳行业/主题 ETF 动量为正，持有该 ETF
mom_2m,42,biweekly,2019-06-06,511010,国债ETF国泰,defensive,国债,0.004710845491298965,159928,-0.022321428571428603,511010,0.004710845491298965,最佳行业/主题 ETF 动量为负或不可用，切换到正动量防守资产
mom_2m,42,biweekly,2019-06-21,159928,消费ETF汇添富,sector,消费,0.035036496350364876,159928,0.035036496350364876,511260,0.015695969078941108,最佳行业/主题 ETF 动量为正，持有该 ETF
mom_2m,42,biweekly,2019-07-05,512690,酒ETF鹏华,sector,白酒/酒,0.6111111111111112,512690,0.6111111111111112,511260,0.017229914730501505,最佳行业/主题 ETF 动量为正，持有该 ETF
mom_2m,42,biweekly,2019-07-19,512690,酒ETF鹏华,sector,白酒/酒,0.2534246575342467,512690,0.2534246575342467,511260,0.012533763432502454,最佳行业/主题 ETF 动量为正，持有该 ETF
mom_2m,42,biweekly,2019-08-02,512690,酒ETF鹏华,sector,白酒/酒,0.4285714285714286,512690,0.4285714285714286,511260,0.010796443069785555,最佳行业/主题 ETF 动量为正，持有该 ETF
mom_2m,42,biweekly,2019-08-16,512690,酒ETF鹏华,sector,白酒/酒,0.4166666666666665,512690,0.4166666666666665,511260,0.020069765868836242,最佳行业/主题 ETF 动量为正，持有该 ETF
mom_2m,42,biweekly,2019-08-30,512690,酒ETF鹏华,sector,白酒/酒,0.13636363636363624,512690,0.13636363636363624,511260,0.013114343994150124,最佳行业/主题 ETF 动量为正，持有该 ETF
mom_2m,42,biweekly,2019-09-12,512480,半导体ETF国联安,sector,半导体,0.25844930417495027,512480,0.25844930417495027,511260,0.009971468918412718,最佳行业/主题 ETF 动量为正，持有该 ETF
mom_2m,42,biweekly,2019-09-27,512690,酒ETF鹏华,sector,白酒/酒,0.19780219780219777,512690,0.19780219780219777,511010,0.004523115730874494,最佳行业/主题 ETF 动量为正，持有该 ETF
mom_2m,42,biweekly,2019-10-11,512690,酒ETF鹏华,sector,白酒/酒,0.3677419354838709,512690,0.3677419354838709,511010,-0.0016405049301490005,最佳行业/主题 ETF 动量为正，持有该 ETF
mom_2m,42,biweekly,2019-10-25,512010,医药ETF易方达,sector,医药,0.09456264775413725,512010,0.09456264775413725,511010,-4.327355812505651e-05,最佳行业/主题 ETF 动量为正，持有该 ETF
mom_2m,42,biweekly,2019-11-08,512170,医疗ETF华宝,sector,医疗,0.11959287531806617,512170,0.11959287531806617,511010,0.00027736606252881657,最佳行业/主题 ETF 动量为正，持有该 ETF
mom_2m,42,biweekly,2019-11-22,512170,医疗ETF华宝,sector,医疗,0.08291457286432147,512170,0.08291457286432147,511010,0.004216085187429552,最佳行业/主题 ETF 动量为正，持有该 ETF
mom_2m,42,biweekly,2019-12-06,512480,半导体ETF国联安,sector,半导体,0.1328903654485052,512480,0.1328903654485052,511010,0.004283690883338576,最佳行业/主题 ETF 动量为正，持有该 ETF
mom_2m,42,biweekly,2019-12-20,512480,半导体ETF国联安,sector,半导体,0.2268041237113403,512480,0.2268041237113403,511010,0.006330374539943895,最佳行业/主题 ETF 动量为正，持有该 ETF
mom_2m,42,biweekly,2020-01-03,512480,半导体ETF国联安,sector,半导体,0.2009646302250805,512480,0.2009646302250805,511260,0.01499961514778314,最佳行业/主题 ETF 动量为正，持有该 ETF
mom_2m,42,biweekly,2020-01-17,512480,半导体ETF国联安,sector,半导体,0.2881619937694704,512480,0.2881619937694704,511260,0.012361836888714839,最佳行业/主题 ETF 动量为正，持有该 ETF
mom_2m,42,biweekly,2020-02-07,512480,半导体ETF国联安,sector,半导体,0.449685534591195,512480,0.449685534591195,511260,0.03185248075400415,最佳行业/主题 ETF 动量为正，持有该 ETF
mom_2m,42,biweekly,2020-02-21,512480,半导体ETF国联安,sector,半导体,0.534228187919463,512480,0.534228187919463,511260,0.0297240320134311,最佳行业/主题 ETF 动量为正，持有该 ETF
mom_2m,42,biweekly,2020-03-06,512480,半导体ETF国联安,sector,半导体,0.3699582753824757,512480,0.3699582753824757,511260,0.03884258382269379,最佳行业/主题 ETF 动量为正，持有该 ETF
mom_2m,42,biweekly,2020-03-20,512480,半导体ETF国联安,sector,半导体,0.1148148148148147,512480,0.1148148148148147,511260,0.027947524013714142,最佳行业/主题 ETF 动量为正，持有该 ETF
mom_2m,42,biweekly,2020-04-03,159928,消费ETF汇添富,sector,消费,0.11383285302593671,159928,0.11383285302593671,511260,0.019081743188067657,最佳行业/主题 ETF 动量为正，持有该 ETF
mom_2m,42,biweekly,2020-04-17,159928,消费ETF汇添富,sector,消费,0.059920106524633976,159928,0.059920106524633976,511010,0.031578414241940855,最佳行业/主题 ETF 动量为正，持有该 ETF
mom_2m,42,biweekly,2020-04-30,512690,酒ETF鹏华,sector,白酒/酒,0.18048780487804872,512690,0.18048780487804872,511010,0.03935400972512659,最佳行业/主题 ETF 动量为正，持有该 ETF
mom_2m,42,biweekly,2020-05-15,512690,酒ETF鹏华,sector,白酒/酒,0.3380952380952382,512690,0.3380952380952382,511010,0.023620079150177054,最佳行业/主题 ETF 动量为正，持有该 ETF
mom_2m,42,biweekly,2020-05-29,512690,酒ETF鹏华,sector,白酒/酒,0.7942857142857145,512690,0.7942857142857145,511010,0.010798775860774823,最佳行业/主题 ETF 动量为正，持有该 ETF
mom_2m,42,biweekly,2020-06-12,512690,酒ETF鹏华,sector,白酒/酒,0.6350710900473933,512690,0.6350710900473933,511260,-0.009618429743840307,最佳行业/主题 ETF 动量为正，持有该 ETF
mom_2m,42,biweekly,2020-06-24,512690,酒ETF鹏华,sector,白酒/酒,0.6844444444444444,512690,0.6844444444444444,511260,-0.019792512404149698,最佳行业/主题 ETF 动量为正，持有该 ETF
mom_2m,42,biweekly,2020-07-10,512690,酒ETF鹏华,sector,白酒/酒,0.9467680608365019,512690,0.9467680608365019,511260,-0.02801250249868259,最佳行业/主题 ETF 动量为正，持有该 ETF
mom_2m,42,biweekly,2020-07-24,512690,酒ETF鹏华,sector,白酒/酒,0.6450511945392492,512690,0.6450511945392492,511260,-0.0164039913357924,最佳行业/主题 ETF 动量为正，持有该 ETF
mom_2m,42,biweekly,2020-08-07,512660,军工ETF国泰,sector,军工,0.5343980343980346,512660,0.5343980343980346,511010,-0.01058953690532638,最佳行业/主题 ETF 动量为正，持有该 ETF
mom_2m,42,biweekly,2020-08-21,512690,酒ETF鹏华,sector,白酒/酒,0.5266106442577032,512690,0.5266106442577032,511010,-0.006682541545788512,最佳行业/主题 ETF 动量为正，持有该 ETF
mom_2m,42,biweekly,2020-09-04,512690,酒ETF鹏华,sector,白酒/酒,0.25918367346938775,512690,0.25918367346938775,511260,0.005005051828013363,最佳行业/主题 ETF 动量为正，持有该 ETF
mom_2m,42,biweekly,2020-09-18,512690,酒ETF鹏华,sector,白酒/酒,0.125,512690,0.125,511260,-0.007956530176596033,最佳行业/主题 ETF 动量为正，持有该 ETF
mom_2m,42,biweekly,2020-09-30,512690,酒ETF鹏华,sector,白酒/酒,0.06616257088846855,512690,0.06616257088846855,511260,-0.0023610775437357123,最佳行业/主题 ETF 动量为正，持有该 ETF
mom_2m,42,biweekly,2020-10-16,512690,酒ETF鹏华,sector,白酒/酒,0.2379032258064515,512690,0.2379032258064515,511260,-0.0061696275923586175,最佳行业/主题 ETF 动量为正，持有该 ETF
mom_2m,42,biweekly,2020-10-30,515030,新能源车ETF华夏,sector,新能源车,0.14246323529411775,515030,0.14246323529411775,511010,0.0007953228249188982,最佳行业/主题 ETF 动量为正，持有该 ETF
mom_2m,42,biweekly,2020-11-13,515030,新能源车ETF华夏,sector,新能源车,0.3083491461100569,515030,0.3083491461100569,511010,0.00011889394659969632,最佳行业/主题 ETF 动量为正，持有该 ETF
mom_2m,42,biweekly,2020-11-27,512690,酒ETF鹏华,sector,白酒/酒,0.3440285204991087,512690,0.3440285204991087,511010,-0.00601479656827586,最佳行业/主题 ETF 动量为正，持有该 ETF
mom_2m,42,biweekly,2020-12-11,512690,酒ETF鹏华,sector,白酒/酒,0.32057416267942584,512690,0.32057416267942584,511010,0.001647516411471539,最佳行业/主题 ETF 动量为正，持有该 ETF
mom_2m,42,biweekly,2020-12-25,512690,酒ETF鹏华,sector,白酒/酒,0.3458646616541352,512690,0.3458646616541352,511010,0.0031810759820303236,最佳行业/主题 ETF 动量为正，持有该 ETF
mom_2m,42,biweekly,2021-01-08,512690,酒ETF鹏华,sector,白酒/酒,0.4584450402144773,512690,0.4584450402144773,511010,0.006274768824306554,最佳行业/主题 ETF 动量为正，持有该 ETF
mom_2m,42,biweekly,2021-01-22,512170,医疗ETF华宝,sector,医疗,0.3502170767004342,512170,0.3502170767004342,511260,0.014782942902406226,最佳行业/主题 ETF 动量为正，持有该 ETF
mom_2m,42,biweekly,2021-02-05,512690,酒ETF鹏华,sector,白酒/酒,0.3059975520195839,512690,0.3059975520195839,511010,0.006175767947001809,最佳行业/主题 ETF 动量为正，持有该 ETF
mom_2m,42,biweekly,2021-02-19,512400,有色金属ETF南方,sector,有色金属,0.3430493273542601,512400,0.3430493273542601,511260,0.007528371849132798,最佳行业/主题 ETF 动量为正，持有该 ETF
mom_2m,42,biweekly,2021-03-05,512400,有色金属ETF南方,sector,有色金属,0.13144058885383814,512400,0.13144058885383814,511010,0.0066737538388850215,最佳行业/主题 ETF 动量为正，持有该 ETF
mom_2m,42,biweekly,2021-03-19,515220,煤炭ETF国泰,sector,煤炭,0.10389610389610393,515220,0.10389610389610393,511010,-0.0013688161839420232,最佳行业/主题 ETF 动量为正，持有该 ETF
mom_2m,42,biweekly,2021-04-02,515220,煤炭ETF国泰,sector,煤炭,0.06105263157894747,515220,0.06105263157894747,511010,0.00506716945557395,最佳行业/主题 ETF 动量为正，持有该 ETF
mom_2m,42,biweekly,2021-04-16,515220,煤炭ETF国泰,sector,煤炭,0.21777777777777785,515220,0.21777777777777785,511260,0.012716127589804893,最佳行业/主题 ETF 动量为正，持有该 ETF
mom_2m,42,biweekly,2021-04-30,512690,酒ETF鹏华,sector,白酒/酒,0.1704410011918951,512690,0.1704410011918951,511260,0.009698285862776324,最佳行业/主题 ETF 动量为正，持有该 ETF
mom_2m,42,biweekly,2021-05-14,515220,煤炭ETF国泰,sector,煤炭,0.1821705426356588,515220,0.1821705426356588,511260,0.00991962323973028,最佳行业/主题 ETF 动量为正，持有该 ETF
mom_2m,42,biweekly,2021-05-28,512690,酒ETF鹏华,sector,白酒/酒,0.4363867684478371,512690,0.4363867684478371,511260,0.016054429335483844,最佳行业/主题 ETF 动量为正，持有该 ETF
mom_2m,42,biweekly,2021-06-11,515030,新能源车ETF华夏,sector,新能源车,0.318336741649625,515030,0.318336741649625,511260,0.01368428854670456,最佳行业/主题 ETF 动量为正，持有该 ETF
mom_2m,42,biweekly,2021-06-25,512480,半导体ETF国联安,sector,半导体,0.2920536635706914,512480,0.2920536635706914,511260,0.008327658869646815,最佳行业/主题 ETF 动量为正，持有该 ETF
mom_2m,42,biweekly,2021-07-09,515030,新能源车ETF华夏,sector,新能源车,0.49935897435897436,515030,0.49935897435897436,511260,0.01618675328965491,最佳行业/主题 ETF 动量为正，持有该 ETF
mom_2m,42,biweekly,2021-07-23,515030,新能源车ETF华夏,sector,新能源车,0.3936599423631124,515030,0.3936599423631124,511260,0.015153587351951492,最佳行业/主题 ETF 动量为正，持有该 ETF
mom_2m,42,biweekly,2021-08-06,515790,光伏ETF华泰柏瑞,sector,光伏,0.5347786811201447,515790,0.5347786811201447,511260,0.024173074464393318,最佳行业/主题 ETF 动量为正，持有该 ETF
mom_2m,42,biweekly,2021-08-20,515790,光伏ETF华泰柏瑞,sector,光伏,0.3028340080971659,515790,0.3028340080971659,511260,0.023142520267985134,最佳行业/主题 ETF 动量为正，持有该 ETF
mom_2m,42,biweekly,2021-09-03,515220,煤炭ETF国泰,sector,煤炭,0.4771653543307086,515220,0.4771653543307086,511260,0.017882105186718178,最佳行业/主题 ETF 动量为正，持有该 ETF
mom_2m,42,biweekly,2021-09-17,515220,煤炭ETF国泰,sector,煤炭,0.5174418604651165,515220,0.5174418604651165,511260,0.004123396456933381,最佳行业/主题 ETF 动量为正，持有该 ETF
mom_2m,42,biweekly,2021-09-30,515220,煤炭ETF国泰,sector,煤炭,0.4214285714285715,515220,0.4214285714285715,511010,0.004281620957838683,最佳行业/主题 ETF 动量为正，持有该 ETF
mom_2m,42,biweekly,2021-10-15,515220,煤炭ETF国泰,sector,煤炭,0.29670329670329676,515220,0.29670329670329676,511010,0.00031952808160240487,最佳行业/主题 ETF 动量为正，持有该 ETF
mom_2m,42,biweekly,2021-10-29,512690,酒ETF鹏华,sector,白酒/酒,0.1962616822429908,512690,0.1962616822429908,511260,-0.0020823651378113484,最佳行业/主题 ETF 动量为正，持有该 ETF
mom_2m,42,biweekly,2021-11-12,512660,军工ETF国泰,sector,军工,0.1082317073170731,512660,0.1082317073170731,511010,0.0002533756170923773,最佳行业/主题 ETF 动量为正，持有该 ETF
mom_2m,42,biweekly,2021-11-26,512690,酒ETF鹏华,sector,白酒/酒,0.1871049304677621,512690,0.1871049304677621,511260,0.007803561212814669,最佳行业/主题 ETF 动量为正，持有该 ETF
mom_2m,42,biweekly,2021-12-10,512660,军工ETF国泰,sector,军工,0.18362282878411906,512660,0.18362282878411906,511260,0.010008430039639027,最佳行业/主题 ETF 动量为正，持有该 ETF
mom_2m,42,biweekly,2021-12-24,512980,传媒ETF广发,sector,传媒,0.22533136966126643,512980,0.22533136966126643,511260,0.013613495116898466,最佳行业/主题 ETF 动量为正，持有该 ETF
mom_2m,42,biweekly,2022-01-07,512980,传媒ETF广发,sector,传媒,0.16756756756756763,512980,0.16756756756756763,511260,0.009701559020044437,最佳行业/主题 ETF 动量为正，持有该 ETF
mom_2m,42,biweekly,2022-01-21,515220,煤炭ETF国泰,sector,煤炭,0.10953608247422686,515220,0.10953608247422686,511260,0.01852972588109636,最佳行业/主题 ETF 动量为正，持有该 ETF
mom_2m,42,biweekly,2022-02-11,515220,煤炭ETF国泰,sector,煤炭,0.0692951015531662,515220,0.0692951015531662,511010,0.014028741812493806,最佳行业/主题 ETF 动量为正，持有该 ETF
mom_2m,42,biweekly,2022-02-25,515220,煤炭ETF国泰,sector,煤炭,0.056271981242673075,515220,0.056271981242673075,511260,0.010054130801313343,最佳行业/主题 ETF 动量为正，持有该 ETF
mom_2m,42,biweekly,2022-03-11,515220,煤炭ETF国泰,sector,煤炭,0.17460317460317465,515220,0.17460317460317465,511010,0.006439764738243037,最佳行业/主题 ETF 动量为正，持有该 ETF
mom_2m,42,biweekly,2022-03-25,515220,煤炭ETF国泰,sector,煤炭,0.1708185053380784,515220,0.1708185053380784,511010,0.00017676077839001714,最佳行业/主题 ETF 动量为正，持有该 ETF
mom_2m,42,biweekly,2022-04-08,515220,煤炭ETF国泰,sector,煤炭,0.26543209876543195,515220,0.26543209876543195,511260,0.0038800767256705893,最佳行业/主题 ETF 动量为正，持有该 ETF
mom_2m,42,biweekly,2022-04-22,515220,煤炭ETF国泰,sector,煤炭,0.04857444561774038,515220,0.04857444561774038,511260,0.004944745547969198,最佳行业/主题 ETF 动量为正，持有该 ETF
mom_2m,42,biweekly,2022-05-06,511260,十年国债ETF国泰,defensive,十年国债,0.005500066000792003,515220,-0.03089598352214218,511260,0.005500066000792003,最佳行业/主题 ETF 动量为负或不可用，切换到正动量防守资产
mom_2m,42,biweekly,2022-05-20,515220,煤炭ETF国泰,sector,煤炭,0.18786464410735126,515220,0.18786464410735126,511010,0.007703205241721411,最佳行业/主题 ETF 动量为正，持有该 ETF
mom_2m,42,biweekly,2022-06-02,512690,酒ETF鹏华,sector,白酒/酒,0.12957746478873244,512690,0.12957746478873244,511260,0.006967816575515373,最佳行业/主题 ETF 动量为正，持有该 ETF
mom_2m,42,biweekly,2022-06-17,515030,新能源车ETF华夏,sector,新能源车,0.2910744741330302,515030,0.2910744741330302,511260,0.0019189505085219771,最佳行业/主题 ETF 动量为正，持有该 ETF
mom_2m,42,biweekly,2022-07-01,515030,新能源车ETF华夏,sector,新能源车,0.4741754822650903,515030,0.4741754822650903,511010,0.005290113348103809,最佳行业/主题 ETF 动量为正，持有该 ETF
mom_2m,42,biweekly,2022-07-15,515790,光伏ETF华泰柏瑞,sector,光伏,0.343032159264931,515790,0.343032159264931,511260,0.005428379428012775,最佳行业/主题 ETF 动量为正，持有该 ETF
mom_2m,42,biweekly,2022-07-29,515790,光伏ETF华泰柏瑞,sector,光伏,0.24450744153082926,515790,0.24450744153082926,511260,0.00862346522333124,最佳行业/主题 ETF 动量为正，持有该 ETF
mom_2m,42,biweekly,2022-08-12,515790,光伏ETF华泰柏瑞,sector,光伏,0.15472203616878755,515790,0.15472203616878755,511260,0.00966944594335839,最佳行业/主题 ETF 动量为正，持有该 ETF
mom_2m,42,biweekly,2022-08-26,515220,煤炭ETF国泰,sector,煤炭,0.10323159784560132,515220,0.10323159784560132,511260,0.01932729828114499,最佳行业/主题 ETF 动量为正，持有该 ETF
mom_2m,42,biweekly,2022-09-09,515220,煤炭ETF国泰,sector,煤炭,0.19142857142857128,515220,0.19142857142857128,511260,0.017793346835531132,最佳行业/主题 ETF 动量为正，持有该 ETF
mom_2m,42,biweekly,2022-09-23,515220,煤炭ETF国泰,sector,煤炭,0.13113207547169803,515220,0.13113207547169803,511260,0.011546523915943352,最佳行业/主题 ETF 动量为正，持有该 ETF
mom_2m,42,biweekly,2022-10-14,515220,煤炭ETF国泰,sector,煤炭,0.047794117647058654,515220,0.047794117647058654,511010,0.005679925113836415,最佳行业/主题 ETF 动量为正，持有该 ETF
mom_2m,42,biweekly,2022-10-28,515230,软件ETF国泰,sector,软件,0.017015706806282838,515230,0.017015706806282838,511260,0.0008545839885143458,最佳行业/主题 ETF 动量为正，持有该 ETF
mom_2m,42,biweekly,2022-11-11,515230,软件ETF国泰,sector,软件,0.09555854643337813,515230,0.09555854643337813,511260,-0.002082870947364812,最佳行业/主题 ETF 动量为正，持有该 ETF
mom_2m,42,biweekly,2022-11-25,512170,医疗ETF华宝,sector,医疗,0.09756097560975596,512170,0.09756097560975596,511010,-0.0029833783207842135,最佳行业/主题 ETF 动量为正，持有该 ETF
mom_2m,42,biweekly,2022-12-09,512980,传媒ETF广发,sector,传媒,0.15458015267175562,512980,0.15458015267175562,511260,-0.004321305841924361,最佳行业/主题 ETF 动量为正，持有该 ETF
mom_2m,42,biweekly,2022-12-23,512690,酒ETF鹏华,sector,白酒/酒,0.23309352517985626,512690,0.23309352517985626,511260,-0.004282361808184421,最佳行业/主题 ETF 动量为正，持有该 ETF
mom_2m,42,biweekly,2023-01-06,512690,酒ETF鹏华,sector,白酒/酒,0.20741758241758235,512690,0.20741758241758235,511010,-0.003818088589121582,最佳行业/主题 ETF 动量为正，持有该 ETF
mom_2m,42,biweekly,2023-01-20,512690,酒ETF鹏华,sector,白酒/酒,0.23505434782608692,512690,0.23505434782608692,511010,-7.132271945609059e-05,最佳行业/主题 ETF 动量为正，持有该 ETF
mom_2m,42,biweekly,2023-02-10,515230,软件ETF国泰,sector,软件,0.13686806411837238,515230,0.13686806411837238,511260,0.006385828472672328,最佳行业/主题 ETF 动量为正，持有该 ETF
mom_2m,42,biweekly,2023-02-24,515230,软件ETF国泰,sector,软件,0.21599999999999997,515230,0.21599999999999997,511010,0.0025715714365084352,最佳行业/主题 ETF 动量为正，持有该 ETF
mom_2m,42,biweekly,2023-03-10,515230,软件ETF国泰,sector,软件,0.13333333333333353,515230,0.13333333333333353,511260,0.00258202873686475,最佳行业/主题 ETF 动量为正，持有该 ETF
mom_2m,42,biweekly,2023-03-24,512980,传媒ETF广发,sector,传媒,0.29541864139020535,512980,0.29541864139020535,511260,0.00818089343287176,最佳行业/主题 ETF 动量为正，持有该 ETF
mom_2m,42,biweekly,2023-04-07,512980,传媒ETF广发,sector,传媒,0.29737609329446046,512980,0.29737609329446046,511260,0.006313293993351676,最佳行业/主题 ETF 动量为正，持有该 ETF
mom_2m,42,biweekly,2023-04-21,512980,传媒ETF广发,sector,传媒,0.26224783861671486,512980,0.26224783861671486,511260,0.009255999656549108,最佳行业/主题 ETF 动量为正，持有该 ETF
mom_2m,42,biweekly,2023-05-05,512980,传媒ETF广发,sector,传媒,0.39915373765867423,512980,0.39915373765867423,511260,0.016061014678221408,最佳行业/主题 ETF 动量为正，持有该 ETF
mom_2m,42,biweekly,2023-05-19,512980,传媒ETF广发,sector,传媒,0.25824964131994266,512980,0.25824964131994266,511260,0.013168464049494899,最佳行业/主题 ETF 动量为正，持有该 ETF
mom_2m,42,biweekly,2023-06-02,512980,传媒ETF广发,sector,传媒,0.16896120150187732,512980,0.16896120150187732,511260,0.01523081396343251,最佳行业/主题 ETF 动量为正，持有该 ETF
mom_2m,42,biweekly,2023-06-16,512980,传媒ETF广发,sector,传媒,0.11915367483296202,512980,0.11915367483296202,511260,0.01363675104406381,最佳行业/主题 ETF 动量为正，持有该 ETF
mom_2m,42,biweekly,2023-06-30,512660,军工ETF国泰,sector,军工,0.054409005628517804,512660,0.054409005628517804,511260,0.014348945280309833,最佳行业/主题 ETF 动量为正，持有该 ETF
mom_2m,42,biweekly,2023-07-14,512480,半导体ETF国联安,sector,半导体,0.03135498320268759,512480,0.03135498320268759,511260,0.008320955981636624,最佳行业/主题 ETF 动量为正，持有该 ETF
mom_2m,42,biweekly,2023-07-28,512880,证券ETF国泰,sector,证券,0.13758389261744952,512880,0.13758389261744952,511260,0.009646275138075033,最佳行业/主题 ETF 动量为正，持有该 ETF
mom_2m,42,biweekly,2023-08-11,512880,证券ETF国泰,sector,证券,0.16308040770101906,512880,0.16308040770101906,511260,0.006527174186619966,最佳行业/主题 ETF 动量为正，持有该 ETF
mom_2m,42,biweekly,2023-08-25,512880,证券ETF国泰,sector,证券,0.15242494226327952,512880,0.15242494226327952,511260,0.013347324239244562,最佳行业/主题 ETF 动量为正，持有该 ETF
mom_2m,42,biweekly,2023-09-08,512880,证券ETF国泰,sector,证券,0.08436445444319451,512880,0.08436445444319451,511260,0.0033533194517614273,最佳行业/主题 ETF 动量为正，持有该 ETF
mom_2m,42,biweekly,2023-09-22,515220,煤炭ETF国泰,sector,煤炭,0.0850840336134453,515220,0.0850840336134453,511260,0.001044748675258722,最佳行业/主题 ETF 动量为正，持有该 ETF
mom_2m,42,biweekly,2023-10-13,515220,煤炭ETF国泰,sector,煤炭,0.07454739084132056,515220,0.07454739084132056,511260,-0.0007671077536249848,最佳行业/主题 ETF 动量为正，持有该 ETF
mom_2m,42,biweekly,2023-10-27,515220,煤炭ETF国泰,sector,煤炭,0.08571428571428563,515220,0.08571428571428563,511010,-0.005037434143636221,最佳行业/主题 ETF 动量为正，持有该 ETF
mom_2m,42,biweekly,2023-11-10,512010,医药ETF易方达,sector,医药,0.05263157894736836,512010,0.05263157894736836,511260,0.002963012284848743,最佳行业/主题 ETF 动量为正，持有该 ETF
mom_2m,42,biweekly,2023-11-24,512980,传媒ETF广发,sector,传媒,0.04576043068640656,512980,0.04576043068640656,511260,0.00396891571890734,最佳行业/主题 ETF 动量为正，持有该 ETF
mom_2m,42,biweekly,2023-12-08,515220,煤炭ETF国泰,sector,煤炭,0.05079681274900394,515220,0.05079681274900394,511260,0.007554675291030488,最佳行业/主题 ETF 动量为正，持有该 ETF
mom_2m,42,biweekly,2023-12-22,515220,煤炭ETF国泰,sector,煤炭,0.07234886025768095,515220,0.07234886025768095,511260,0.010163838745987253,最佳行业/主题 ETF 动量为正，持有该 ETF
mom_2m,42,biweekly,2024-01-05,515220,煤炭ETF国泰,sector,煤炭,0.1617195496417605,515220,0.1617195496417605,511260,0.013953449764260606,最佳行业/主题 ETF 动量为正，持有该 ETF
mom_2m,42,biweekly,2024-01-19,515220,煤炭ETF国泰,sector,煤炭,0.05610236220472431,515220,0.05610236220472431,511260,0.012667462528186846,最佳行业/主题 ETF 动量为正，持有该 ETF
mom_2m,42,biweekly,2024-02-02,512800,银行ETF华宝,sector,银行,0.07350096711798848,512800,0.07350096711798848,511260,0.01999734475090431,最佳行业/主题 ETF 动量为正，持有该 ETF
mom_2m,42,biweekly,2024-02-23,515220,煤炭ETF国泰,sector,煤炭,0.167753960857409,515220,0.167753960857409,511260,0.01939012400756779,最佳行业/主题 ETF 动量为正，持有该 ETF
mom_2m,42,biweekly,2024-03-08,515220,煤炭ETF国泰,sector,煤炭,0.1465827338129495,515220,0.1465827338129495,511260,0.019710173469220216,最佳行业/主题 ETF 动量为正，持有该 ETF
mom_2m,42,biweekly,2024-03-22,512980,传媒ETF广发,sector,传媒,0.19822485207100593,512980,0.19822485207100593,511260,0.017308591922657213,最佳行业/主题 ETF 动量为正，持有该 ETF
mom_2m,42,biweekly,2024-04-03,512400,有色金属ETF南方,sector,有色金属,0.24457142857142844,512400,0.24457142857142844,511260,0.015558062722783594,最佳行业/主题 ETF 动量为正，持有该 ETF
mom_2m,42,biweekly,2024-04-19,512400,有色金属ETF南方,sector,有色金属,0.25404157043879927,512400,0.25404157043879927,511260,0.015366612762983678,最佳行业/主题 ETF 动量为正，持有该 ETF
mom_2m,42,biweekly,2024-04-30,512400,有色金属ETF南方,sector,有色金属,0.17700112739571594,512400,0.17700112739571594,511010,0.005625729752680053,最佳行业/主题 ETF 动量为正，持有该 ETF
mom_2m,42,biweekly,2024-05-17,512400,有色金属ETF南方,sector,有色金属,0.12083333333333335,512400,0.12083333333333335,511010,0.008212758212758242,最佳行业/主题 ETF 动量为正，持有该 ETF
mom_2m,42,biweekly,2024-05-31,515220,煤炭ETF国泰,sector,煤炭,0.09823008849557535,515220,0.09823008849557535,511010,0.009287363281989203,最佳行业/主题 ETF 动量为正，持有该 ETF
mom_2m,42,biweekly,2024-06-14,512480,半导体ETF国联安,sector,半导体,0.10391566265060237,512480,0.10391566265060237,511260,0.00918781930085677,最佳行业/主题 ETF 动量为正，持有该 ETF
mom_2m,42,biweekly,2024-06-28,512480,半导体ETF国联安,sector,半导体,0.05812220566318915,512480,0.05812220566318915,511260,0.011544161826557264,最佳行业/主题 ETF 动量为正，持有该 ETF
mom_2m,42,biweekly,2024-07-12,512480,半导体ETF国联安,sector,半导体,0.05959302325581395,512480,0.05959302325581395,511260,0.010249101201867283,最佳行业/主题 ETF 动量为正，持有该 ETF
mom_2m,42,biweekly,2024-07-26,512480,半导体ETF国联安,sector,半导体,0.052708638360175586,512480,0.052708638360175586,511260,0.01731806037723782,最佳行业/主题 ETF 动量为正，持有该 ETF
mom_2m,42,biweekly,2024-08-09,512800,银行ETF华宝,sector,银行,0.03618421052631593,512800,0.03618421052631593,511260,0.01614860226383774,最佳行业/主题 ETF 动量为正，持有该 ETF
mom_2m,42,biweekly,2024-08-23,512800,银行ETF华宝,sector,银行,0.08306188925081437,512800,0.08306188925081437,511260,0.012647374062165095,最佳行业/主题 ETF 动量为正，持有该 ETF
mom_2m,42,biweekly,2024-09-06,512880,证券ETF国泰,sector,证券,0.05890052356020958,512880,0.05890052356020958,511260,0.01576360156603629,最佳行业/主题 ETF 动量为正，持有该 ETF
mom_2m,42,biweekly,2024-09-20,512880,证券ETF国泰,sector,证券,0.013664596273291751,512880,0.013664596273291751,511260,0.017542335397447317,最佳行业/主题 ETF 动量为正，持有该 ETF
mom_2m,42,biweekly,2024-09-30,512880,证券ETF国泰,sector,证券,0.3889585947302383,512880,0.3889585947302383,511010,0.002075796216119974,最佳行业/主题 ETF 动量为正，持有该 ETF
mom_2m,42,biweekly,2024-10-18,515230,软件ETF国泰,sector,软件,0.5364891518737673,515230,0.5364891518737673,511260,0.013357269391370385,最佳行业/主题 ETF 动量为正，持有该 ETF
mom_2m,42,biweekly,2024-11-01,515230,软件ETF国泰,sector,软件,0.5121457489878543,515230,0.5121457489878543,511010,0.005063946181710577,最佳行业/主题 ETF 动量为正，持有该 ETF
mom_2m,42,biweekly,2024-11-15,515230,软件ETF国泰,sector,软件,0.7418032786885247,515230,0.7418032786885247,511260,0.005882444847197021,最佳行业/主题 ETF 动量为正，持有该 ETF
mom_2m,42,biweekly,2024-11-29,515230,软件ETF国泰,sector,软件,0.5745856353591159,515230,0.5745856353591159,511260,0.004680150882476086,最佳行业/主题 ETF 动量为正，持有该 ETF
mom_2m,42,biweekly,2024-12-13,512980,传媒ETF广发,sector,传媒,0.25714285714285734,512980,0.25714285714285734,511260,0.031407967623229505,最佳行业/主题 ETF 动量为正，持有该 ETF
mom_2m,42,biweekly,2024-12-27,512480,半导体ETF国联安,sector,半导体,0.09657320872274155,512480,0.09657320872274155,511260,0.037708688645147204,最佳行业/主题 ETF 动量为正，持有该 ETF
mom_2m,42,biweekly,2025-01-10,512800,银行ETF华宝,sector,银行,0.058139534883721034,512800,0.058139534883721034,511260,0.035180524484215825,最佳行业/主题 ETF 动量为正，持有该 ETF
mom_2m,42,biweekly,2025-01-24,512800,银行ETF华宝,sector,银行,0.07536231884057987,512800,0.07536231884057987,511260,0.0302160388746171,最佳行业/主题 ETF 动量为正，持有该 ETF
mom_2m,42,biweekly,2025-02-07,512800,银行ETF华宝,sector,银行,0.06340057636887608,512800,0.06340057636887608,511260,0.030830654920187106,最佳行业/主题 ETF 动量为正，持有该 ETF
mom_2m,42,biweekly,2025-02-21,512480,半导体ETF国联安,sector,半导体,0.17551020408163254,512480,0.17551020408163254,511260,0.000694177211369329,最佳行业/主题 ETF 动量为正，持有该 ETF
mom_2m,42,biweekly,2025-03-07,515230,软件ETF国泰,sector,软件,0.16930572472594396,515230,0.16930572472594396,511260,-0.004175507214642216,最佳行业/主题 ETF 动量为正，持有该 ETF
mom_2m,42,biweekly,2025-03-21,515230,软件ETF国泰,sector,软件,0.15191545574636733,515230,0.15191545574636733,511010,-0.00866110448947166,最佳行业/主题 ETF 动量为正，持有该 ETF
mom_2m,42,biweekly,2025-04-03,512690,酒ETF鹏华,sector,白酒/酒,0.09473684210526323,512690,0.09473684210526323,511010,-0.005056908226480306,最佳行业/主题 ETF 动量为正，持有该 ETF
mom_2m,42,biweekly,2025-04-18,159928,消费ETF汇添富,sector,消费,0.06666666666666665,159928,0.06666666666666665,511010,0.004204086662172424,最佳行业/主题 ETF 动量为正，持有该 ETF
mom_2m,42,biweekly,2025-04-30,512400,有色金属ETF南方,sector,有色金属,0.03248730964467006,512400,0.03248730964467006,511260,0.009294003065284384,最佳行业/主题 ETF 动量为正，持有该 ETF
mom_2m,42,biweekly,2025-05-16,512800,银行ETF华宝,sector,银行,0.06657789613848197,512800,0.06657789613848197,511260,0.013237576458415834,最佳行业/主题 ETF 动量为正，持有该 ETF
mom_2m,42,biweekly,2025-05-30,512800,银行ETF华宝,sector,银行,0.06036745406824151,512800,0.06036745406824151,511260,0.010908649542564985,最佳行业/主题 ETF 动量为正，持有该 ETF
mom_2m,42,biweekly,2025-06-13,512800,银行ETF华宝,sector,银行,0.11185983827493251,512800,0.11185983827493251,511260,0.004052745735235508,最佳行业/主题 ETF 动量为正，持有该 ETF
mom_2m,42,biweekly,2025-06-27,512800,银行ETF华宝,sector,银行,0.10580645161290314,512800,0.10580645161290314,511260,0.005752737431845789,最佳行业/主题 ETF 动量为正，持有该 ETF
mom_2m,42,biweekly,2025-07-11,512880,证券ETF国泰,sector,证券,0.11205273069679844,512880,0.11205273069679844,511260,0.0024284215260081954,最佳行业/主题 ETF 动量为正，持有该 ETF
mom_2m,42,biweekly,2025-07-25,512400,有色金属ETF南方,sector,有色金属,0.23233301064859635,512400,0.23233301064859635,511010,7.94694331662793e-05,最佳行业/主题 ETF 动量为正，持有该 ETF
mom_2m,42,biweekly,2025-08-08,512660,军工ETF国泰,sector,军工,0.1763584366062918,512660,0.1763584366062918,511010,0.0007857384860476824,最佳行业/主题 ETF 动量为正，持有该 ETF
mom_2m,42,biweekly,2025-08-22,512480,半导体ETF国联安,sector,半导体,0.25815738963531665,512480,0.25815738963531665,511010,-0.0035365467169898857,最佳行业/主题 ETF 动量为正，持有该 ETF
mom_2m,42,biweekly,2025-09-05,512400,有色金属ETF南方,sector,有色金属,0.33811659192825116,512400,0.33811659192825116,511010,-0.00251883730470015,最佳行业/主题 ETF 动量为正，持有该 ETF
mom_2m,42,biweekly,2025-09-19,512480,半导体ETF国联安,sector,半导体,0.34961685823754785,512480,0.34961685823754785,511010,0.00031731150614788817,最佳行业/主题 ETF 动量为正，持有该 ETF
mom_2m,42,biweekly,2025-09-30,512480,半导体ETF国联安,sector,半导体,0.47981220657277013,512480,0.47981220657277013,511010,0.0011323884741605283,最佳行业/主题 ETF 动量为正，持有该 ETF
mom_2m,42,biweekly,2025-10-17,512400,有色金属ETF南方,sector,有色金属,0.30140186915887845,512400,0.30140186915887845,511010,0.00276261026998581,最佳行业/主题 ETF 动量为正，持有该 ETF
mom_2m,42,biweekly,2025-10-31,515030,新能源车ETF华夏,sector,新能源车,0.32170272156315405,515030,0.32170272156315405,511010,0.007178450205820752,最佳行业/主题 ETF 动量为正，持有该 ETF
mom_2m,42,biweekly,2025-11-14,512400,有色金属ETF南方,sector,有色金属,0.17333333333333334,512400,0.17333333333333334,511260,0.007311539418242585,最佳行业/主题 ETF 动量为正，持有该 ETF
mom_2m,42,biweekly,2025-11-28,512400,有色金属ETF南方,sector,有色金属,0.14902225219150367,512400,0.14902225219150367,511260,0.005549648999781276,最佳行业/主题 ETF 动量为正，持有该 ETF
mom_2m,42,biweekly,2025-12-12,512400,有色金属ETF南方,sector,有色金属,0.014908256880733939,512400,0.014908256880733939,511010,0.0034625739666269695,最佳行业/主题 ETF 动量为正，持有该 ETF
mom_2m,42,biweekly,2025-12-26,512400,有色金属ETF南方,sector,有色金属,0.08843537414965974,512400,0.08843537414965974,511010,0.00272006315713913,最佳行业/主题 ETF 动量为正，持有该 ETF
mom_2m,42,biweekly,2026-01-09,512660,军工ETF国泰,sector,军工,0.31349538977367963,512660,0.31349538977367963,511010,-0.0002655013310945975,最佳行业/主题 ETF 动量为正，持有该 ETF
mom_2m,42,biweekly,2026-01-23,512400,有色金属ETF南方,sector,有色金属,0.3998778998779,512400,0.3998778998779,511010,0.0026828498464892547,最佳行业/主题 ETF 动量为正，持有该 ETF
mom_2m,42,biweekly,2026-02-06,512980,传媒ETF广发,sector,传媒,0.1973140495867769,512980,0.1973140495867769,511260,0.008126177095135523,最佳行业/主题 ETF 动量为正，持有该 ETF
mom_2m,42,biweekly,2026-02-27,512400,有色金属ETF南方,sector,有色金属,0.3337022689540676,512400,0.3337022689540676,511260,0.0060589719969146305,最佳行业/主题 ETF 动量为正，持有该 ETF
mom_2m,42,biweekly,2026-03-13,515220,煤炭ETF国泰,sector,煤炭,0.2526115859449194,515220,0.2526115859449194,511260,0.011076830461283826,最佳行业/主题 ETF 动量为正，持有该 ETF
mom_2m,42,biweekly,2026-03-27,515220,煤炭ETF国泰,sector,煤炭,0.17913204062788557,515220,0.17913204062788557,511010,0.00450099107673152,最佳行业/主题 ETF 动量为正，持有该 ETF
mom_2m,42,biweekly,2026-04-10,515220,煤炭ETF国泰,sector,煤炭,0.12417685794920041,515220,0.12417685794920041,511010,0.003896726035135023,最佳行业/主题 ETF 动量为正，持有该 ETF
mom_2m,42,biweekly,2026-04-24,515030,新能源车ETF华夏,sector,新能源车,0.0871172122492081,515030,0.0871172122492081,511260,0.004792830816787719,最佳行业/主题 ETF 动量为正，持有该 ETF
mom_2m,42,biweekly,2026-05-08,512480,半导体ETF国联安,sector,半导体,0.19924337957124827,512480,0.19924337957124827,511260,0.004488303659007764,最佳行业/主题 ETF 动量为正，持有该 ETF
mom_2m,42,biweekly,2026-05-22,512480,半导体ETF国联安,sector,半导体,0.43352979698755734,512480,0.43352979698755734,511260,0.007886024625227916,最佳行业/主题 ETF 动量为正，持有该 ETF
mom_2m,42,biweekly,2026-06-05,512480,半导体ETF国联安,sector,半导体,0.47983014861995765,512480,0.47983014861995765,511260,0.011650211146136957,最佳行业/主题 ETF 动量为正，持有该 ETF
mom_2m,42,biweekly,2026-06-18,512480,半导体ETF国联安,sector,半导体,0.5314814814814812,512480,0.5314814814814812,511260,0.007423211983820233,最佳行业/主题 ETF 动量为正，持有该 ETF
mom_2m,42,monthly,2015-01-30,CASH,空仓,cash,现金,0.0,,,,,行业和防守资产均无正动量，空仓
mom_2m,42,monthly,2015-02-27,CASH,空仓,cash,现金,0.0,,,,,行业和防守资产均无正动量，空仓
mom_2m,42,monthly,2015-03-31,159928,消费ETF汇添富,sector,消费,0.1808873720136519,159928,0.1808873720136519,511010,-0.0063420802415282695,最佳行业/主题 ETF 动量为正，持有该 ETF
mom_2m,42,monthly,2015-04-30,159928,消费ETF汇添富,sector,消费,0.3311258278145697,159928,0.3311258278145697,511010,0.008011213752421531,最佳行业/主题 ETF 动量为正，持有该 ETF
mom_2m,42,monthly,2015-05-29,512010,医药ETF易方达,sector,医药,0.2549668874172186,512010,0.2549668874172186,511010,0.0056142344849210435,最佳行业/主题 ETF 动量为正，持有该 ETF
mom_2m,42,monthly,2015-06-30,159928,消费ETF汇添富,sector,消费,0.027638190954773822,159928,0.027638190954773822,511010,-0.011709194279802326,最佳行业/主题 ETF 动量为正，持有该 ETF
mom_2m,42,monthly,2015-07-31,511010,国债ETF国泰,defensive,国债,0.021604395174692703,512010,-0.20493827160493827,511010,0.021604395174692703,最佳行业/主题 ETF 动量为负或不可用，切换到正动量防守资产
mom_2m,42,monthly,2015-08-31,511010,国债ETF国泰,defensive,国债,0.028811418837557667,159928,-0.12299465240641705,511010,0.028811418837557667,最佳行业/主题 ETF 动量为负或不可用，切换到正动量防守资产
mom_2m,42,monthly,2015-09-30,511010,国债ETF国泰,defensive,国债,0.00406348599292472,512010,-0.15527950310559002,511010,0.00406348599292472,最佳行业/主题 ETF 动量为负或不可用，切换到正动量防守资产
mom_2m,42,monthly,2015-10-30,512010,医药ETF易方达,sector,医药,0.08510638297872353,512010,0.08510638297872353,511010,0.018444058460564072,最佳行业/主题 ETF 动量为正，持有该 ETF
mom_2m,42,monthly,2015-11-30,512010,医药ETF易方达,sector,医药,0.07829181494661919,512010,0.07829181494661919,511010,0.012070069476963763,最佳行业/主题 ETF 动量为正，持有该 ETF
mom_2m,42,monthly,2015-12-31,512010,医药ETF易方达,sector,医药,0.09933774834437092,512010,0.09933774834437092,511010,0.010103961469221545,最佳行业/主题 ETF 动量为正，持有该 ETF
mom_2m,42,monthly,2016-01-29,511010,国债ETF国泰,defensive,国债,0.01298259216883979,512010,-0.10610932475884238,511010,0.01298259216883979,最佳行业/主题 ETF 动量为负或不可用，切换到正动量防守资产
mom_2m,42,monthly,2016-02-29,511010,国债ETF国泰,defensive,国债,0.008162883220220074,159928,-0.20435967302452318,511010,0.008162883220220074,最佳行业/主题 ETF 动量为负或不可用，切换到正动量防守资产
mom_2m,42,monthly,2016-03-31,159928,消费ETF汇添富,sector,消费,0.03833865814696491,159928,0.03833865814696491,511010,0.013059840524629163,最佳行业/主题 ETF 动量为正，持有该 ETF
mom_2m,42,monthly,2016-04-29,159928,消费ETF汇添富,sector,消费,0.0847457627118644,159928,0.0847457627118644,511010,0.0014742151426929695,最佳行业/主题 ETF 动量为正，持有该 ETF
mom_2m,42,monthly,2016-05-31,159928,消费ETF汇添富,sector,消费,0.01538461538461533,159928,0.01538461538461533,511010,-0.005230548610089758,最佳行业/主题 ETF 动量为正，持有该 ETF
mom_2m,42,monthly,2016-06-30,159928,消费ETF汇添富,sector,消费,0.07547169811320753,159928,0.07547169811320753,511010,0.008474733254297595,最佳行业/主题 ETF 动量为正，持有该 ETF
mom_2m,42,monthly,2016-07-29,159928,消费ETF汇添富,sector,消费,0.14769230769230757,159928,0.14769230769230757,511010,0.014485519102951594,最佳行业/主题 ETF 动量为正，持有该 ETF
mom_2m,42,monthly,2016-08-31,512010,医药ETF易方达,sector,医药,0.1023890784982937,512010,0.1023890784982937,511010,0.008674226464176371,最佳行业/主题 ETF 动量为正，持有该 ETF
mom_2m,42,monthly,2016-09-30,512010,医药ETF易方达,sector,医药,0.03548387096774186,512010,0.03548387096774186,511010,0.004619315650205014,最佳行业/主题 ETF 动量为正，持有该 ETF
mom_2m,42,monthly,2016-10-31,512010,医药ETF易方达,sector,医药,0.009316770186335477,512010,0.009316770186335477,511010,0.0052172177258376085,最佳行业/主题 ETF 动量为正，持有该 ETF
mom_2m,42,monthly,2016-11-30,512880,证券ETF国泰,sector,证券,0.13226452905811614,512880,0.13226452905811614,511010,-0.010968274560679392,最佳行业/主题 ETF 动量为正，持有该 ETF
mom_2m,42,monthly,2016-12-30,512010,医药ETF易方达,sector,医药,0.006116207951070374,512010,0.006116207951070374,511010,-0.02431029033277643,最佳行业/主题 ETF 动量为正，持有该 ETF
mom_2m,42,monthly,2017-01-26,512660,军工ETF国泰,sector,军工,0.010912698412698374,512660,0.010912698412698374,511010,-0.01315189434705677,最佳行业/主题 ETF 动量为正，持有该 ETF
mom_2m,42,monthly,2017-02-28,159928,消费ETF汇添富,sector,消费,0.06267029972752058,159928,0.06267029972752058,511010,0.00913717864021657,最佳行业/主题 ETF 动量为正，持有该 ETF
mom_2m,42,monthly,2017-03-31,159928,消费ETF汇添富,sector,消费,0.10752688172043001,159928,0.10752688172043001,511010,0.0011108334027605249,最佳行业/主题 ETF 动量为正，持有该 ETF
mom_2m,42,monthly,2017-04-28,512010,医药ETF易方达,sector,医药,0.06567164179104457,512010,0.06567164179104457,511010,-0.009442844483828039,最佳行业/主题 ETF 动量为正，持有该 ETF
mom_2m,42,monthly,2017-05-31,512010,医药ETF易方达,sector,医药,0.03399433427762033,512010,0.03399433427762033,511010,-0.01711049412893273,最佳行业/主题 ETF 动量为正，持有该 ETF
mom_2m,42,monthly,2017-06-30,159928,消费ETF汇添富,sector,消费,0.10591133004926112,159928,0.10591133004926112,511010,-0.00243213776522877,最佳行业/主题 ETF 动量为正，持有该 ETF
mom_2m,42,monthly,2017-07-31,159928,消费ETF汇添富,sector,消费,0.08495145631067968,159928,0.08495145631067968,511010,0.0015631288785720177,最佳行业/主题 ETF 动量为正，持有该 ETF
mom_2m,42,monthly,2017-08-31,512880,证券ETF国泰,sector,证券,0.13126252505010028,512880,0.13126252505010028,511010,2.7981942319899034e-05,最佳行业/主题 ETF 动量为正，持有该 ETF
mom_2m,42,monthly,2017-09-29,159928,消费ETF汇添富,sector,消费,0.12472160356347439,159928,0.12472160356347439,511010,0.0009431055251043485,最佳行业/主题 ETF 动量为正，持有该 ETF
mom_2m,42,monthly,2017-10-31,159928,消费ETF汇添富,sector,消费,0.17987152034261245,159928,0.17987152034261245,511260,-0.004363298777657287,最佳行业/主题 ETF 动量为正，持有该 ETF
mom_2m,42,monthly,2017-11-30,512010,医药ETF易方达,sector,医药,0.07588075880758804,512010,0.07588075880758804,511010,-0.007176877405885018,最佳行业/主题 ETF 动量为正，持有该 ETF
mom_2m,42,monthly,2017-12-29,159928,消费ETF汇添富,sector,消费,0.05999999999999983,159928,0.05999999999999983,511010,0.001210347059982464,最佳行业/主题 ETF 动量为正，持有该 ETF
mom_2m,42,monthly,2018-01-31,159928,消费ETF汇添富,sector,消费,0.1575984990619137,159928,0.1575984990619137,511010,0.0048758075556263325,最佳行业/主题 ETF 动量为正，持有该 ETF
mom_2m,42,monthly,2018-02-28,512800,银行ETF华宝,sector,银行,0.041420118343195256,512800,0.041420118343195256,511260,0.013768351680641278,最佳行业/主题 ETF 动量为正，持有该 ETF
mom_2m,42,monthly,2018-03-30,512010,医药ETF易方达,sector,医药,0.05990783410138256,512010,0.05990783410138256,511260,0.013786090201916457,最佳行业/主题 ETF 动量为正，持有该 ETF
mom_2m,42,monthly,2018-04-27,512010,医药ETF易方达,sector,医药,0.11650485436893221,512010,0.11650485436893221,511260,0.023372477482613174,最佳行业/主题 ETF 动量为正，持有该 ETF
mom_2m,42,monthly,2018-05-31,159928,消费ETF汇添富,sector,消费,0.16541353383458635,159928,0.16541353383458635,511260,0.021930911945787335,最佳行业/主题 ETF 动量为正，持有该 ETF
mom_2m,42,monthly,2018-06-29,512010,医药ETF易方达,sector,医药,0.05434782608695654,512010,0.05434782608695654,511260,0.006076810889644957,最佳行业/主题 ETF 动量为正，持有该 ETF
mom_2m,42,monthly,2018-07-31,511010,国债ETF国泰,defensive,国债,0.011591899372447978,512800,-0.008403361344537785,511010,0.011591899372447978,最佳行业/主题 ETF 动量为负或不可用，切换到正动量防守资产
mom_2m,42,monthly,2018-08-31,512800,银行ETF华宝,sector,银行,0.08857808857808869,512800,0.08857808857808869,511010,0.004160472789239034,最佳行业/主题 ETF 动量为正，持有该 ETF
mom_2m,42,monthly,2018-09-28,512800,银行ETF华宝,sector,银行,0.04661016949152552,512800,0.04661016949152552,511010,0.002799299272182143,最佳行业/主题 ETF 动量为正，持有该 ETF
mom_2m,42,monthly,2018-10-31,512800,银行ETF华宝,sector,银行,0.04925053533190571,512800,0.04925053533190571,511260,0.014091042051219915,最佳行业/主题 ETF 动量为正，持有该 ETF
mom_2m,42,monthly,2018-11-30,512880,证券ETF国泰,sector,证券,0.059228650137741035,512880,0.059228650137741035,511260,0.025785047294435648,最佳行业/主题 ETF 动量为正，持有该 ETF
mom_2m,42,monthly,2018-12-28,159928,消费ETF汇添富,sector,消费,0.06823529411764717,159928,0.06823529411764717,511260,0.027173804929479406,最佳行业/主题 ETF 动量为正，持有该 ETF
mom_2m,42,monthly,2019-01-31,159928,消费ETF汇添富,sector,消费,0.07929515418502198,159928,0.07929515418502198,511010,0.017567965452939482,最佳行业/主题 ETF 动量为正，持有该 ETF
mom_2m,42,monthly,2019-02-28,512880,证券ETF国泰,sector,证券,0.37722908093278473,512880,0.37722908093278473,511260,0.0057333411337974205,最佳行业/主题 ETF 动量为正，持有该 ETF
mom_2m,42,monthly,2019-03-29,512880,证券ETF国泰,sector,证券,0.39327296248382915,512880,0.39327296248382915,511260,0.006375959054539138,最佳行业/主题 ETF 动量为正，持有该 ETF
mom_2m,42,monthly,2019-04-30,159928,消费ETF汇添富,sector,消费,0.22912966252220257,159928,0.22912966252220257,511010,-0.0031643344349905345,最佳行业/主题 ETF 动量为正，持有该 ETF
mom_2m,42,monthly,2019-05-31,159928,消费ETF汇添富,sector,消费,0.090032154340836,159928,0.090032154340836,511010,0.0007005253940455258,最佳行业/主题 ETF 动量为正，持有该 ETF
mom_2m,42,monthly,2019-06-28,159928,消费ETF汇添富,sector,消费,0.05139500734214386,159928,0.05139500734214386,511260,0.018757684552205722,最佳行业/主题 ETF 动量为正，持有该 ETF
mom_2m,42,monthly,2019-07-31,512690,酒ETF鹏华,sector,白酒/酒,0.3307692307692307,512690,0.3307692307692307,511260,0.01185797599293581,最佳行业/主题 ETF 动量为正，持有该 ETF
mom_2m,42,monthly,2019-08-30,512690,酒ETF鹏华,sector,白酒/酒,0.13636363636363624,512690,0.13636363636363624,511260,0.013114343994150124,最佳行业/主题 ETF 动量为正，持有该 ETF
mom_2m,42,monthly,2019-09-30,512690,酒ETF鹏华,sector,白酒/酒,0.20231213872832376,512690,0.20231213872832376,511010,0.0061644669344602665,最佳行业/主题 ETF 动量为正，持有该 ETF
mom_2m,42,monthly,2019-10-31,512480,半导体ETF国联安,sector,半导体,0.11418047882136273,512480,0.11418047882136273,511010,-0.0025782561298470785,最佳行业/主题 ETF 动量为正，持有该 ETF
mom_2m,42,monthly,2019-11-29,512800,银行ETF华宝,sector,银行,0.034155597722960174,512800,0.034155597722960174,511010,0.0042644845423249755,最佳行业/主题 ETF 动量为正，持有该 ETF
mom_2m,42,monthly,2019-12-31,512480,半导体ETF国联安,sector,半导体,0.17927631578947367,512480,0.17927631578947367,511260,0.01664468554155385,最佳行业/主题 ETF 动量为正，持有该 ETF
mom_2m,42,monthly,2020-01-23,512480,半导体ETF国联安,sector,半导体,0.5446880269814505,512480,0.5446880269814505,511260,0.021188912155895467,最佳行业/主题 ETF 动量为正，持有该 ETF
mom_2m,42,monthly,2020-02-28,512480,半导体ETF国联安,sector,半导体,0.4775036284470249,512480,0.4775036284470249,511260,0.0339140843197232,最佳行业/主题 ETF 动量为正，持有该 ETF
mom_2m,42,monthly,2020-03-31,512170,医疗ETF华宝,sector,医疗,0.06950672645739897,512170,0.06950672645739897,511260,0.029513384956787903,最佳行业/主题 ETF 动量为正，持有该 ETF
mom_2m,42,monthly,2020-04-30,512690,酒ETF鹏华,sector,白酒/酒,0.18048780487804872,512690,0.18048780487804872,511010,0.03935400972512659,最佳行业/主题 ETF 动量为正，持有该 ETF
mom_2m,42,monthly,2020-05-29,512690,酒ETF鹏华,sector,白酒/酒,0.7942857142857145,512690,0.7942857142857145,511010,0.010798775860774823,最佳行业/主题 ETF 动量为正，持有该 ETF
mom_2m,42,monthly,2020-06-30,512690,酒ETF鹏华,sector,白酒/酒,0.7063829787234044,512690,0.7063829787234044,511260,-0.02748325393129636,最佳行业/主题 ETF 动量为正，持有该 ETF
mom_2m,42,monthly,2020-07-31,512690,酒ETF鹏华,sector,白酒/酒,0.5753012048192772,512690,0.5753012048192772,511010,-0.016233632120285835,最佳行业/主题 ETF 动量为正，持有该 ETF
mom_2m,42,monthly,2020-08-31,512690,酒ETF鹏华,sector,白酒/酒,0.4344978165938864,512690,0.4344978165938864,511010,-0.015098062164557113,最佳行业/主题 ETF 动量为正，持有该 ETF
mom_2m,42,monthly,2020-09-30,512690,酒ETF鹏华,sector,白酒/酒,0.06616257088846855,512690,0.06616257088846855,511260,-0.0023610775437357123,最佳行业/主题 ETF 动量为正，持有该 ETF
mom_2m,42,monthly,2020-10-30,515030,新能源车ETF华夏,sector,新能源车,0.14246323529411775,515030,0.14246323529411775,511010,0.0007953228249188982,最佳行业/主题 ETF 动量为正，持有该 ETF
mom_2m,42,monthly,2020-11-30,512690,酒ETF鹏华,sector,白酒/酒,0.2953736654804269,512690,0.2953736654804269,511010,-0.003341602956812295,最佳行业/主题 ETF 动量为正，持有该 ETF
mom_2m,42,monthly,2020-12-31,512690,酒ETF鹏华,sector,白酒/酒,0.45255474452554734,512690,0.45255474452554734,511010,0.001485733580955717,最佳行业/主题 ETF 动量为正，持有该 ETF
mom_2m,42,monthly,2021-01-29,512690,酒ETF鹏华,sector,白酒/酒,0.34741144414168934,512690,0.34741144414168934,511010,0.006877369130703803,最佳行业/主题 ETF 动量为正，持有该 ETF
mom_2m,42,monthly,2021-02-26,512400,有色金属ETF南方,sector,有色金属,0.2068965517241379,512400,0.2068965517241379,511260,0.00635161175656207,最佳行业/主题 ETF 动量为正，持有该 ETF
mom_2m,42,monthly,2021-03-31,515220,煤炭ETF国泰,sector,煤炭,0.08993576017130622,515220,0.08993576017130622,511010,0.0005537284381502694,最佳行业/主题 ETF 动量为正，持有该 ETF
mom_2m,42,monthly,2021-04-30,512690,酒ETF鹏华,sector,白酒/酒,0.1704410011918951,512690,0.1704410011918951,511260,0.009698285862776324,最佳行业/主题 ETF 动量为正，持有该 ETF
mom_2m,42,monthly,2021-05-31,512690,酒ETF鹏华,sector,白酒/酒,0.3700120918984282,512690,0.3700120918984282,511260,0.016048535223287974,最佳行业/主题 ETF 动量为正，持有该 ETF
mom_2m,42,monthly,2021-06-30,512480,半导体ETF国联安,sector,半导体,0.367827868852459,512480,0.367827868852459,511260,0.010328051281579542,最佳行业/主题 ETF 动量为正，持有该 ETF
mom_2m,42,monthly,2021-07-30,512480,半导体ETF国联安,sector,半导体,0.42421441774491675,512480,0.42421441774491675,511260,0.01882593308767211,最佳行业/主题 ETF 动量为正，持有该 ETF
mom_2m,42,monthly,2021-08-31,515220,煤炭ETF国泰,sector,煤炭,0.5311004784688995,515220,0.5311004784688995,511260,0.016836057526226744,最佳行业/主题 ETF 动量为正，持有该 ETF
mom_2m,42,monthly,2021-09-30,515220,煤炭ETF国泰,sector,煤炭,0.4214285714285715,515220,0.4214285714285715,511010,0.004281620957838683,最佳行业/主题 ETF 动量为正，持有该 ETF
mom_2m,42,monthly,2021-10-29,512690,酒ETF鹏华,sector,白酒/酒,0.1962616822429908,512690,0.1962616822429908,511260,-0.0020823651378113484,最佳行业/主题 ETF 动量为正，持有该 ETF
mom_2m,42,monthly,2021-11-30,512660,军工ETF国泰,sector,军工,0.1293037490436113,512660,0.1293037490436113,511260,0.006303140841670496,最佳行业/主题 ETF 动量为正，持有该 ETF
mom_2m,42,monthly,2021-12-31,512980,传媒ETF广发,sector,传媒,0.20336605890603088,512980,0.20336605890603088,511010,0.012289452166802883,最佳行业/主题 ETF 动量为正，持有该 ETF
mom_2m,42,monthly,2022-01-28,512800,银行ETF华宝,sector,银行,0.03014184397163122,512800,0.03014184397163122,511010,0.015750531122561195,最佳行业/主题 ETF 动量为正，持有该 ETF
mom_2m,42,monthly,2022-02-28,515220,煤炭ETF国泰,sector,煤炭,0.0721769499417928,515220,0.0721769499417928,511260,0.009964009006613317,最佳行业/主题 ETF 动量为正，持有该 ETF
mom_2m,42,monthly,2022-03-31,515220,煤炭ETF国泰,sector,煤炭,0.2707045735475895,515220,0.2707045735475895,511260,-0.006171225354322463,最佳行业/主题 ETF 动量为正，持有该 ETF
mom_2m,42,monthly,2022-04-29,515220,煤炭ETF国泰,sector,煤炭,0.05863192182410426,515220,0.05863192182410426,511260,0.003598700956727763,最佳行业/主题 ETF 动量为正，持有该 ETF
mom_2m,42,monthly,2022-05-31,515220,煤炭ETF国泰,sector,煤炭,0.09017223910840944,515220,0.09017223910840944,511260,0.007866902878391757,最佳行业/主题 ETF 动量为正，持有该 ETF
mom_2m,42,monthly,2022-06-30,515790,光伏ETF华泰柏瑞,sector,光伏,0.47258485639686687,515790,0.47258485639686687,511010,0.0032814505776637137,最佳行业/主题 ETF 动量为正，持有该 ETF
mom_2m,42,monthly,2022-07-29,515790,光伏ETF华泰柏瑞,sector,光伏,0.24450744153082926,515790,0.24450744153082926,511260,0.00862346522333124,最佳行业/主题 ETF 动量为正，持有该 ETF
mom_2m,42,monthly,2022-08-31,515220,煤炭ETF国泰,sector,煤炭,0.03603603603603589,515220,0.03603603603603589,511260,0.0215167332972539,最佳行业/主题 ETF 动量为正，持有该 ETF
mom_2m,42,monthly,2022-09-30,515220,煤炭ETF国泰,sector,煤炭,0.1229586935638809,515220,0.1229586935638809,511010,-0.0007686151456802737,最佳行业/主题 ETF 动量为正，持有该 ETF
mom_2m,42,monthly,2022-10-31,515230,软件ETF国泰,sector,软件,0.10162601626016254,515230,0.10162601626016254,511260,0.0031960348658350846,最佳行业/主题 ETF 动量为正，持有该 ETF
mom_2m,42,monthly,2022-11-30,515230,软件ETF国泰,sector,软件,0.14327062228654142,515230,0.14327062228654142,511260,-0.002857019921690074,最佳行业/主题 ETF 动量为正，持有该 ETF
mom_2m,42,monthly,2022-12-30,512690,酒ETF鹏华,sector,白酒/酒,0.19887165021156572,512690,0.19887165021156572,511010,-0.0024932146689390366,最佳行业/主题 ETF 动量为正，持有该 ETF
mom_2m,42,monthly,2023-01-31,512690,酒ETF鹏华,sector,白酒/酒,0.24,512690,0.24,511010,-0.0031998862262674344,最佳行业/主题 ETF 动量为正，持有该 ETF
mom_2m,42,monthly,2023-02-28,515230,软件ETF国泰,sector,软件,0.21779548472775567,515230,0.21779548472775567,511010,0.002492775713696105,最佳行业/主题 ETF 动量为正，持有该 ETF
mom_2m,42,monthly,2023-03-31,512980,传媒ETF广发,sector,传媒,0.29555895865237347,512980,0.29555895865237347,511260,0.006149320994556007,最佳行业/主题 ETF 动量为正，持有该 ETF
mom_2m,42,monthly,2023-04-28,512980,传媒ETF广发,sector,传媒,0.43219076005961243,512980,0.43219076005961243,511260,0.01241851956818607,最佳行业/主题 ETF 动量为正，持有该 ETF
mom_2m,42,monthly,2023-05-31,512980,传媒ETF广发,sector,传媒,0.12162162162162171,512980,0.12162162162162171,511010,0.014290110549115997,最佳行业/主题 ETF 动量为正，持有该 ETF
mom_2m,42,monthly,2023-06-30,512660,军工ETF国泰,sector,军工,0.054409005628517804,512660,0.054409005628517804,511260,0.014348945280309833,最佳行业/主题 ETF 动量为正，持有该 ETF
mom_2m,42,monthly,2023-07-31,512880,证券ETF国泰,sector,证券,0.12931995540691177,512880,0.12931995540691177,511260,0.008338884157806481,最佳行业/主题 ETF 动量为正，持有该 ETF
mom_2m,42,monthly,2023-08-31,512880,证券ETF国泰,sector,证券,0.08641975308641969,512880,0.08641975308641969,511260,0.010137994017745733,最佳行业/主题 ETF 动量为正，持有该 ETF
mom_2m,42,monthly,2023-09-28,515220,煤炭ETF国泰,sector,煤炭,0.0697916666666667,515220,0.0697916666666667,511260,0.0012031985026863534,最佳行业/主题 ETF 动量为正，持有该 ETF
mom_2m,42,monthly,2023-10-31,515220,煤炭ETF国泰,sector,煤炭,0.0820568927789933,515220,0.0820568927789933,511010,-0.0030358133514146735,最佳行业/主题 ETF 动量为正，持有该 ETF
mom_2m,42,monthly,2023-11-30,512480,半导体ETF国联安,sector,半导体,0.045848822800495626,512480,0.045848822800495626,511260,0.007122792937399813,最佳行业/主题 ETF 动量为正，持有该 ETF
mom_2m,42,monthly,2023-12-29,515220,煤炭ETF国泰,sector,煤炭,0.09164969450101834,515220,0.09164969450101834,511260,0.011021344504288821,最佳行业/主题 ETF 动量为正，持有该 ETF
mom_2m,42,monthly,2024-01-31,512800,银行ETF华宝,sector,银行,0.05882352941176472,512800,0.05882352941176472,511260,0.01958897974754925,最佳行业/主题 ETF 动量为正，持有该 ETF
mom_2m,42,monthly,2024-02-29,515220,煤炭ETF国泰,sector,煤炭,0.1321626617375231,515220,0.1321626617375231,511260,0.02382092213216236,最佳行业/主题 ETF 动量为正，持有该 ETF
mom_2m,42,monthly,2024-03-29,512400,有色金属ETF南方,sector,有色金属,0.22248803827751207,512400,0.22248803827751207,511260,0.015122502086708955,最佳行业/主题 ETF 动量为正，持有该 ETF
mom_2m,42,monthly,2024-04-30,512400,有色金属ETF南方,sector,有色金属,0.17700112739571594,512400,0.17700112739571594,511010,0.005625729752680053,最佳行业/主题 ETF 动量为正，持有该 ETF
mom_2m,42,monthly,2024-05-31,515220,煤炭ETF国泰,sector,煤炭,0.09823008849557535,515220,0.09823008849557535,511010,0.009287363281989203,最佳行业/主题 ETF 动量为正，持有该 ETF
mom_2m,42,monthly,2024-06-28,512480,半导体ETF国联安,sector,半导体,0.05812220566318915,512480,0.05812220566318915,511260,0.011544161826557264,最佳行业/主题 ETF 动量为正，持有该 ETF
mom_2m,42,monthly,2024-07-31,512480,半导体ETF国联安,sector,半导体,0.07792207792207795,512480,0.07792207792207795,511260,0.02047481070004964,最佳行业/主题 ETF 动量为正，持有该 ETF
mom_2m,42,monthly,2024-08-30,512880,证券ETF国泰,sector,证券,0.040920716112531785,512880,0.040920716112531785,511260,0.008765811749041008,最佳行业/主题 ETF 动量为正，持有该 ETF
mom_2m,42,monthly,2024-09-30,512880,证券ETF国泰,sector,证券,0.3889585947302383,512880,0.3889585947302383,511010,0.002075796216119974,最佳行业/主题 ETF 动量为正，持有该 ETF
mom_2m,42,monthly,2024-10-31,515230,软件ETF国泰,sector,软件,0.597165991902834,515230,0.597165991902834,511010,0.0035485111038826567,最佳行业/主题 ETF 动量为正，持有该 ETF
mom_2m,42,monthly,2024-11-29,515230,软件ETF国泰,sector,软件,0.5745856353591159,515230,0.5745856353591159,511260,0.004680150882476086,最佳行业/主题 ETF 动量为正，持有该 ETF
mom_2m,42,monthly,2024-12-31,512480,半导体ETF国联安,sector,半导体,0.06998939554612926,512480,0.06998939554612926,511260,0.036195384795595587,最佳行业/主题 ETF 动量为正，持有该 ETF
mom_2m,42,monthly,2025-01-27,512800,银行ETF华宝,sector,银行,0.0789096126255382,512800,0.0789096126255382,511260,0.03515579617538411,最佳行业/主题 ETF 动量为正，持有该 ETF
mom_2m,42,monthly,2025-02-28,515030,新能源车ETF华夏,sector,新能源车,0.08850289495450792,515030,0.08850289495450792,511260,-0.0013872658046518715,最佳行业/主题 ETF 动量为正，持有该 ETF
mom_2m,42,monthly,2025-03-31,515230,软件ETF国泰,sector,软件,0.11273209549071606,515230,0.11273209549071606,511010,-0.008100465975157567,最佳行业/主题 ETF 动量为正，持有该 ETF
mom_2m,42,monthly,2025-04-30,512400,有色金属ETF南方,sector,有色金属,0.03248730964467006,512400,0.03248730964467006,511260,0.009294003065284384,最佳行业/主题 ETF 动量为正，持有该 ETF
mom_2m,42,monthly,2025-05-30,512800,银行ETF华宝,sector,银行,0.06036745406824151,512800,0.06036745406824151,511260,0.010908649542564985,最佳行业/主题 ETF 动量为正，持有该 ETF
mom_2m,42,monthly,2025-06-30,512660,军工ETF国泰,sector,军工,0.14929859719438876,512660,0.14929859719438876,511260,0.004053080341059223,最佳行业/主题 ETF 动量为正，持有该 ETF
mom_2m,42,monthly,2025-07-31,512400,有色金属ETF南方,sector,有色金属,0.165067178502879,512400,0.165067178502879,511010,0.0017630949542246643,最佳行业/主题 ETF 动量为正，持有该 ETF
mom_2m,42,monthly,2025-08-29,512480,半导体ETF国联安,sector,半导体,0.3489736070381231,512480,0.3489736070381231,511010,-0.004049340094220755,最佳行业/主题 ETF 动量为正，持有该 ETF
mom_2m,42,monthly,2025-09-30,512480,半导体ETF国联安,sector,半导体,0.47981220657277013,512480,0.47981220657277013,511010,0.0011323884741605283,最佳行业/主题 ETF 动量为正，持有该 ETF
mom_2m,42,monthly,2025-10-31,515030,新能源车ETF华夏,sector,新能源车,0.32170272156315405,515030,0.32170272156315405,511010,0.007178450205820752,最佳行业/主题 ETF 动量为正，持有该 ETF
mom_2m,42,monthly,2025-11-28,512400,有色金属ETF南方,sector,有色金属,0.14902225219150367,512400,0.14902225219150367,511260,0.005549648999781276,最佳行业/主题 ETF 动量为正，持有该 ETF
mom_2m,42,monthly,2025-12-31,512660,军工ETF国泰,sector,军工,0.1328382838283828,512660,0.1328382838283828,511010,0.0008823402820621329,最佳行业/主题 ETF 动量为正，持有该 ETF
mom_2m,42,monthly,2026-01-30,512400,有色金属ETF南方,sector,有色金属,0.33200455580865595,512400,0.33200455580865595,511260,0.004832293204072746,最佳行业/主题 ETF 动量为正，持有该 ETF
mom_2m,42,monthly,2026-02-27,512400,有色金属ETF南方,sector,有色金属,0.3337022689540676,512400,0.3337022689540676,511260,0.0060589719969146305,最佳行业/主题 ETF 动量为正，持有该 ETF
mom_2m,42,monthly,2026-03-31,515220,煤炭ETF国泰,sector,煤炭,0.12029384756657491,515220,0.12029384756657491,511010,0.005532058025778053,最佳行业/主题 ETF 动量为正，持有该 ETF
mom_2m,42,monthly,2026-04-30,515030,新能源车ETF华夏,sector,新能源车,0.13464608834486436,515030,0.13464608834486436,511260,0.005219408467040498,最佳行业/主题 ETF 动量为正，持有该 ETF
mom_2m,42,monthly,2026-05-29,512480,半导体ETF国联安,sector,半导体,0.4865794907088783,512480,0.4865794907088783,511260,0.01185135587546049,最佳行业/主题 ETF 动量为正，持有该 ETF
mom_2m,42,monthly,2026-06-18,512480,半导体ETF国联安,sector,半导体,0.5314814814814812,512480,0.5314814814814812,511260,0.007423211983820233,最佳行业/主题 ETF 动量为正，持有该 ETF
mom_2m,42,quarterly,2015-03-31,159928,消费ETF汇添富,sector,消费,0.1808873720136519,159928,0.1808873720136519,511010,-0.0063420802415282695,最佳行业/主题 ETF 动量为正，持有该 ETF
mom_2m,42,quarterly,2015-06-30,159928,消费ETF汇添富,sector,消费,0.027638190954773822,159928,0.027638190954773822,511010,-0.011709194279802326,最佳行业/主题 ETF 动量为正，持有该 ETF
mom_2m,42,quarterly,2015-09-30,511010,国债ETF国泰,defensive,国债,0.00406348599292472,512010,-0.15527950310559002,511010,0.00406348599292472,最佳行业/主题 ETF 动量为负或不可用，切换到正动量防守资产
mom_2m,42,quarterly,2015-12-31,512010,医药ETF易方达,sector,医药,0.09933774834437092,512010,0.09933774834437092,511010,0.010103961469221545,最佳行业/主题 ETF 动量为正，持有该 ETF
mom_2m,42,quarterly,2016-03-31,159928,消费ETF汇添富,sector,消费,0.03833865814696491,159928,0.03833865814696491,511010,0.013059840524629163,最佳行业/主题 ETF 动量为正，持有该 ETF
mom_2m,42,quarterly,2016-06-30,159928,消费ETF汇添富,sector,消费,0.07547169811320753,159928,0.07547169811320753,511010,0.008474733254297595,最佳行业/主题 ETF 动量为正，持有该 ETF
mom_2m,42,quarterly,2016-09-30,512010,医药ETF易方达,sector,医药,0.03548387096774186,512010,0.03548387096774186,511010,0.004619315650205014,最佳行业/主题 ETF 动量为正，持有该 ETF
mom_2m,42,quarterly,2016-12-30,512010,医药ETF易方达,sector,医药,0.006116207951070374,512010,0.006116207951070374,511010,-0.02431029033277643,最佳行业/主题 ETF 动量为正，持有该 ETF
mom_2m,42,quarterly,2017-03-31,159928,消费ETF汇添富,sector,消费,0.10752688172043001,159928,0.10752688172043001,511010,0.0011108334027605249,最佳行业/主题 ETF 动量为正，持有该 ETF
mom_2m,42,quarterly,2017-06-30,159928,消费ETF汇添富,sector,消费,0.10591133004926112,159928,0.10591133004926112,511010,-0.00243213776522877,最佳行业/主题 ETF 动量为正，持有该 ETF
mom_2m,42,quarterly,2017-09-29,159928,消费ETF汇添富,sector,消费,0.12472160356347439,159928,0.12472160356347439,511010,0.0009431055251043485,最佳行业/主题 ETF 动量为正，持有该 ETF
mom_2m,42,quarterly,2017-12-29,159928,消费ETF汇添富,sector,消费,0.05999999999999983,159928,0.05999999999999983,511010,0.001210347059982464,最佳行业/主题 ETF 动量为正，持有该 ETF
mom_2m,42,quarterly,2018-03-30,512010,医药ETF易方达,sector,医药,0.05990783410138256,512010,0.05990783410138256,511260,0.013786090201916457,最佳行业/主题 ETF 动量为正，持有该 ETF
mom_2m,42,quarterly,2018-06-29,512010,医药ETF易方达,sector,医药,0.05434782608695654,512010,0.05434782608695654,511260,0.006076810889644957,最佳行业/主题 ETF 动量为正，持有该 ETF
mom_2m,42,quarterly,2018-09-28,512800,银行ETF华宝,sector,银行,0.04661016949152552,512800,0.04661016949152552,511010,0.002799299272182143,最佳行业/主题 ETF 动量为正，持有该 ETF
mom_2m,42,quarterly,2018-12-28,159928,消费ETF汇添富,sector,消费,0.06823529411764717,159928,0.06823529411764717,511260,0.027173804929479406,最佳行业/主题 ETF 动量为正，持有该 ETF
mom_2m,42,quarterly,2019-03-29,512880,证券ETF国泰,sector,证券,0.39327296248382915,512880,0.39327296248382915,511260,0.006375959054539138,最佳行业/主题 ETF 动量为正，持有该 ETF
mom_2m,42,quarterly,2019-06-28,159928,消费ETF汇添富,sector,消费,0.05139500734214386,159928,0.05139500734214386,511260,0.018757684552205722,最佳行业/主题 ETF 动量为正，持有该 ETF
mom_2m,42,quarterly,2019-09-30,512690,酒ETF鹏华,sector,白酒/酒,0.20231213872832376,512690,0.20231213872832376,511010,0.0061644669344602665,最佳行业/主题 ETF 动量为正，持有该 ETF
mom_2m,42,quarterly,2019-12-31,512480,半导体ETF国联安,sector,半导体,0.17927631578947367,512480,0.17927631578947367,511260,0.01664468554155385,最佳行业/主题 ETF 动量为正，持有该 ETF
mom_2m,42,quarterly,2020-03-31,512170,医疗ETF华宝,sector,医疗,0.06950672645739897,512170,0.06950672645739897,511260,0.029513384956787903,最佳行业/主题 ETF 动量为正，持有该 ETF
mom_2m,42,quarterly,2020-06-30,512690,酒ETF鹏华,sector,白酒/酒,0.7063829787234044,512690,0.7063829787234044,511260,-0.02748325393129636,最佳行业/主题 ETF 动量为正，持有该 ETF
mom_2m,42,quarterly,2020-09-30,512690,酒ETF鹏华,sector,白酒/酒,0.06616257088846855,512690,0.06616257088846855,511260,-0.0023610775437357123,最佳行业/主题 ETF 动量为正，持有该 ETF
mom_2m,42,quarterly,2020-12-31,512690,酒ETF鹏华,sector,白酒/酒,0.45255474452554734,512690,0.45255474452554734,511010,0.001485733580955717,最佳行业/主题 ETF 动量为正，持有该 ETF
mom_2m,42,quarterly,2021-03-31,515220,煤炭ETF国泰,sector,煤炭,0.08993576017130622,515220,0.08993576017130622,511010,0.0005537284381502694,最佳行业/主题 ETF 动量为正，持有该 ETF
mom_2m,42,quarterly,2021-06-30,512480,半导体ETF国联安,sector,半导体,0.367827868852459,512480,0.367827868852459,511260,0.010328051281579542,最佳行业/主题 ETF 动量为正，持有该 ETF
mom_2m,42,quarterly,2021-09-30,515220,煤炭ETF国泰,sector,煤炭,0.4214285714285715,515220,0.4214285714285715,511010,0.004281620957838683,最佳行业/主题 ETF 动量为正，持有该 ETF
mom_2m,42,quarterly,2021-12-31,512980,传媒ETF广发,sector,传媒,0.20336605890603088,512980,0.20336605890603088,511010,0.012289452166802883,最佳行业/主题 ETF 动量为正，持有该 ETF
mom_2m,42,quarterly,2022-03-31,515220,煤炭ETF国泰,sector,煤炭,0.2707045735475895,515220,0.2707045735475895,511260,-0.006171225354322463,最佳行业/主题 ETF 动量为正，持有该 ETF
mom_2m,42,quarterly,2022-06-30,515790,光伏ETF华泰柏瑞,sector,光伏,0.47258485639686687,515790,0.47258485639686687,511010,0.0032814505776637137,最佳行业/主题 ETF 动量为正，持有该 ETF
mom_2m,42,quarterly,2022-09-30,515220,煤炭ETF国泰,sector,煤炭,0.1229586935638809,515220,0.1229586935638809,511010,-0.0007686151456802737,最佳行业/主题 ETF 动量为正，持有该 ETF
mom_2m,42,quarterly,2022-12-30,512690,酒ETF鹏华,sector,白酒/酒,0.19887165021156572,512690,0.19887165021156572,511010,-0.0024932146689390366,最佳行业/主题 ETF 动量为正，持有该 ETF
mom_2m,42,quarterly,2023-03-31,512980,传媒ETF广发,sector,传媒,0.29555895865237347,512980,0.29555895865237347,511260,0.006149320994556007,最佳行业/主题 ETF 动量为正，持有该 ETF
mom_2m,42,quarterly,2023-06-30,512660,军工ETF国泰,sector,军工,0.054409005628517804,512660,0.054409005628517804,511260,0.014348945280309833,最佳行业/主题 ETF 动量为正，持有该 ETF
mom_2m,42,quarterly,2023-09-28,515220,煤炭ETF国泰,sector,煤炭,0.0697916666666667,515220,0.0697916666666667,511260,0.0012031985026863534,最佳行业/主题 ETF 动量为正，持有该 ETF
mom_2m,42,quarterly,2023-12-29,515220,煤炭ETF国泰,sector,煤炭,0.09164969450101834,515220,0.09164969450101834,511260,0.011021344504288821,最佳行业/主题 ETF 动量为正，持有该 ETF
mom_2m,42,quarterly,2024-03-29,512400,有色金属ETF南方,sector,有色金属,0.22248803827751207,512400,0.22248803827751207,511260,0.015122502086708955,最佳行业/主题 ETF 动量为正，持有该 ETF
mom_2m,42,quarterly,2024-06-28,512480,半导体ETF国联安,sector,半导体,0.05812220566318915,512480,0.05812220566318915,511260,0.011544161826557264,最佳行业/主题 ETF 动量为正，持有该 ETF
mom_2m,42,quarterly,2024-09-30,512880,证券ETF国泰,sector,证券,0.3889585947302383,512880,0.3889585947302383,511010,0.002075796216119974,最佳行业/主题 ETF 动量为正，持有该 ETF
mom_2m,42,quarterly,2024-12-31,512480,半导体ETF国联安,sector,半导体,0.06998939554612926,512480,0.06998939554612926,511260,0.036195384795595587,最佳行业/主题 ETF 动量为正，持有该 ETF
mom_2m,42,quarterly,2025-03-31,515230,软件ETF国泰,sector,软件,0.11273209549071606,515230,0.11273209549071606,511010,-0.008100465975157567,最佳行业/主题 ETF 动量为正，持有该 ETF
mom_2m,42,quarterly,2025-06-30,512660,军工ETF国泰,sector,军工,0.14929859719438876,512660,0.14929859719438876,511260,0.004053080341059223,最佳行业/主题 ETF 动量为正，持有该 ETF
mom_2m,42,quarterly,2025-09-30,512480,半导体ETF国联安,sector,半导体,0.47981220657277013,512480,0.47981220657277013,511010,0.0011323884741605283,最佳行业/主题 ETF 动量为正，持有该 ETF
mom_2m,42,quarterly,2025-12-31,512660,军工ETF国泰,sector,军工,0.1328382838283828,512660,0.1328382838283828,511010,0.0008823402820621329,最佳行业/主题 ETF 动量为正，持有该 ETF
mom_2m,42,quarterly,2026-03-31,515220,煤炭ETF国泰,sector,煤炭,0.12029384756657491,515220,0.12029384756657491,511010,0.005532058025778053,最佳行业/主题 ETF 动量为正，持有该 ETF
mom_2m,42,quarterly,2026-06-18,512480,半导体ETF国联安,sector,半导体,0.5314814814814812,512480,0.5314814814814812,511260,0.007423211983820233,最佳行业/主题 ETF 动量为正，持有该 ETF
mom_3m,63,weekly,2015-01-09,CASH,空仓,cash,现金,0.0,,,,,行业和防守资产均无正动量，空仓
mom_3m,63,weekly,2015-01-16,CASH,空仓,cash,现金,0.0,,,,,行业和防守资产均无正动量，空仓
mom_3m,63,weekly,2015-01-23,CASH,空仓,cash,现金,0.0,,,,,行业和防守资产均无正动量，空仓
mom_3m,63,weekly,2015-01-30,CASH,空仓,cash,现金,0.0,,,,,行业和防守资产均无正动量，空仓
mom_3m,63,weekly,2015-02-06,CASH,空仓,cash,现金,0.0,,,,,行业和防守资产均无正动量，空仓
mom_3m,63,weekly,2015-02-13,CASH,空仓,cash,现金,0.0,,,,,行业和防守资产均无正动量，空仓
mom_3m,63,weekly,2015-02-17,CASH,空仓,cash,现金,0.0,,,,,行业和防守资产均无正动量，空仓
mom_3m,63,weekly,2015-02-27,CASH,空仓,cash,现金,0.0,,,,,行业和防守资产均无正动量，空仓
mom_3m,63,weekly,2015-03-06,CASH,空仓,cash,现金,0.0,,,,,行业和防守资产均无正动量，空仓
mom_3m,63,weekly,2015-03-13,CASH,空仓,cash,现金,0.0,,,,,行业和防守资产均无正动量，空仓
mom_3m,63,weekly,2015-03-20,CASH,空仓,cash,现金,0.0,,,,,行业和防守资产均无正动量，空仓
mom_3m,63,weekly,2015-03-27,CASH,空仓,cash,现金,0.0,,,,,行业和防守资产均无正动量，空仓
mom_3m,63,weekly,2015-04-03,CASH,空仓,cash,现金,0.0,,,,,行业和防守资产均无正动量，空仓
mom_3m,63,weekly,2015-04-10,159928,消费ETF汇添富,sector,消费,0.25,159928,0.25,511010,0.020989761092150117,最佳行业/主题 ETF 动量为正，持有该 ETF
mom_3m,63,weekly,2015-04-17,159928,消费ETF汇添富,sector,消费,0.31399317406143346,159928,0.31399317406143346,511010,0.023157286121578302,最佳行业/主题 ETF 动量为正，持有该 ETF
mom_3m,63,weekly,2015-04-24,159928,消费ETF汇添富,sector,消费,0.43772241992882566,159928,0.43772241992882566,511010,0.010867111036940269,最佳行业/主题 ETF 动量为正，持有该 ETF
mom_3m,63,weekly,2015-04-30,159928,消费ETF汇添富,sector,消费,0.3720136518771333,159928,0.3720136518771333,511010,0.015066116431575294,最佳行业/主题 ETF 动量为正，持有该 ETF
mom_3m,63,weekly,2015-05-08,159928,消费ETF汇添富,sector,消费,0.329896907216495,159928,0.329896907216495,511010,0.016883615218867165,最佳行业/主题 ETF 动量为正，持有该 ETF
mom_3m,63,weekly,2015-05-15,159928,消费ETF汇添富,sector,消费,0.4148936170212769,159928,0.4148936170212769,511010,0.008951506188215275,最佳行业/主题 ETF 动量为正，持有该 ETF
mom_3m,63,weekly,2015-05-22,159928,消费ETF汇添富,sector,消费,0.47457627118644075,159928,0.47457627118644075,511010,0.0007551846329609813,最佳行业/主题 ETF 动量为正，持有该 ETF
mom_3m,63,weekly,2015-05-29,159928,消费ETF汇添富,sector,消费,0.4352159468438539,159928,0.4352159468438539,511010,-0.00405616527417918,最佳行业/主题 ETF 动量为正，持有该 ETF
mom_3m,63,weekly,2015-06-05,159928,消费ETF汇添富,sector,消费,0.5180327868852459,159928,0.5180327868852459,511010,0.008084176857215297,最佳行业/主题 ETF 动量为正，持有该 ETF
mom_3m,63,weekly,2015-06-12,159928,消费ETF汇添富,sector,消费,0.5506329113924051,159928,0.5506329113924051,511010,0.0038326132961450377,最佳行业/主题 ETF 动量为正，持有该 ETF
mom_3m,63,weekly,2015-06-19,159928,消费ETF汇添富,sector,消费,0.2831325301204819,159928,0.2831325301204819,511010,-0.000731015526769685,最佳行业/主题 ETF 动量为正，持有该 ETF
mom_3m,63,weekly,2015-06-26,512010,医药ETF易方达,sector,医药,0.15646258503401378,512010,0.15646258503401378,511010,-0.005143842489308104,最佳行业/主题 ETF 动量为正，持有该 ETF
mom_3m,63,weekly,2015-07-03,512010,医药ETF易方达,sector,医药,0.022727272727272707,512010,0.022727272727272707,511010,0.0028152711292472876,最佳行业/主题 ETF 动量为正，持有该 ETF
mom_3m,63,weekly,2015-07-10,511010,国债ETF国泰,defensive,国债,0.016271593043033716,159928,-0.026666666666666727,511010,0.016271593043033716,最佳行业/主题 ETF 动量为负或不可用，切换到正动量防守资产
mom_3m,63,weekly,2015-07-17,512010,医药ETF易方达,sector,医药,0.03625377643504524,512010,0.03625377643504524,511010,0.022331128150666846,最佳行业/主题 ETF 动量为正，持有该 ETF
mom_3m,63,weekly,2015-07-24,512010,医药ETF易方达,sector,医药,0.008875739644970349,512010,0.008875739644970349,511010,0.013527686600501188,最佳行业/主题 ETF 动量为正，持有该 ETF
mom_3m,63,weekly,2015-07-31,511010,国债ETF国泰,defensive,国债,0.012282537099461477,512010,-0.0388059701492538,511010,0.012282537099461477,最佳行业/主题 ETF 动量为负或不可用，切换到正动量防守资产
mom_3m,63,weekly,2015-08-07,511010,国债ETF国泰,defensive,国债,0.014402735650393073,512010,-0.017595307917888547,511010,0.014402735650393073,最佳行业/主题 ETF 动量为负或不可用，切换到正动量防守资产
mom_3m,63,weekly,2015-08-14,511010,国债ETF国泰,defensive,国债,0.009236049516023304,159928,-0.01253132832080206,511010,0.009236049516023304,最佳行业/主题 ETF 动量为负或不可用，切换到正动量防守资产
mom_3m,63,weekly,2015-08-21,511010,国债ETF国泰,defensive,国债,0.006559660987432325,512010,-0.1741424802110818,511010,0.006559660987432325,最佳行业/主题 ETF 动量为负或不可用，切换到正动量防守资产
mom_3m,63,weekly,2015-08-28,511010,国债ETF国泰,defensive,国债,0.026751791939211067,159928,-0.2582781456953642,511010,0.026751791939211067,最佳行业/主题 ETF 动量为负或不可用，切换到正动量防守资产
mom_3m,63,weekly,2015-09-02,511010,国债ETF国泰,defensive,国债,0.02354048964218447,159928,-0.2901098901098901,511010,0.02354048964218447,最佳行业/主题 ETF 动量为负或不可用，切换到正动量防守资产
mom_3m,63,weekly,2015-09-11,511010,国债ETF国泰,defensive,国债,0.014301793060622625,512010,-0.27930174563591037,511010,0.014301793060622625,最佳行业/主题 ETF 动量为负或不可用，切换到正动量防守资产
mom_3m,63,weekly,2015-09-18,511010,国债ETF国泰,defensive,国债,0.02183610717946216,512010,-0.26771653543307083,511010,0.02183610717946216,最佳行业/主题 ETF 动量为负或不可用，切换到正动量防守资产
mom_3m,63,weekly,2015-09-25,511010,国债ETF国泰,defensive,国债,0.024314770023208254,512010,-0.1941176470588235,511010,0.024314770023208254,最佳行业/主题 ETF 动量为负或不可用，切换到正动量防守资产
mom_3m,63,weekly,2015-09-30,511010,国债ETF国泰,defensive,国债,0.0255972029611109,159928,-0.2131979695431473,511010,0.0255972029611109,最佳行业/主题 ETF 动量为负或不可用，切换到正动量防守资产
mom_3m,63,weekly,2015-10-09,511010,国债ETF国泰,defensive,国债,0.028885563087517552,159928,-0.08620689655172409,511010,0.028885563087517552,最佳行业/主题 ETF 动量为负或不可用，切换到正动量防守资产
mom_3m,63,weekly,2015-10-16,511010,国债ETF国泰,defensive,国债,0.019097188630690987,512010,-0.0326797385620915,511010,0.019097188630690987,最佳行业/主题 ETF 动量为负或不可用，切换到正动量防守资产
mom_3m,63,weekly,2015-10-23,511010,国债ETF国泰,defensive,国债,0.008901257040474952,512010,-0.09329446064139946,511010,0.008901257040474952,最佳行业/主题 ETF 动量为负或不可用，切换到正动量防守资产
mom_3m,63,weekly,2015-10-30,511010,国债ETF国泰,defensive,国债,0.01688273113148786,512010,-0.10263929618768342,511010,0.01688273113148786,最佳行业/主题 ETF 动量为负或不可用，切换到正动量防守资产
mom_3m,63,weekly,2015-11-06,511010,国债ETF国泰,defensive,国债,0.009970910204394112,512010,-0.01552795031055898,511010,0.009970910204394112,最佳行业/主题 ETF 动量为负或不可用，切换到正动量防守资产
mom_3m,63,weekly,2015-11-13,511010,国债ETF国泰,defensive,国债,0.002990105986877767,512010,-0.059701492537313494,511010,0.002990105986877767,最佳行业/主题 ETF 动量为负或不可用，切换到正动量防守资产
mom_3m,63,weekly,2015-11-20,511010,国债ETF国泰,defensive,国债,0.0063525725530653165,512010,-0.05405405405405406,511010,0.0063525725530653165,最佳行业/主题 ETF 动量为负或不可用，切换到正动量防守资产
mom_3m,63,weekly,2015-11-27,511010,国债ETF国泰,defensive,国债,0.01662869940501932,512010,-0.019169329073482455,511010,0.01662869940501932,最佳行业/主题 ETF 动量为负或不可用，切换到正动量防守资产
mom_3m,63,weekly,2015-12-04,512010,医药ETF易方达,sector,医药,0.1045296167247387,512010,0.1045296167247387,511010,0.010337987335011789,最佳行业/主题 ETF 动量为正，持有该 ETF
mom_3m,63,weekly,2015-12-11,512010,医药ETF易方达,sector,医药,0.11498257839721271,512010,0.11498257839721271,511010,0.010670426721797188,最佳行业/主题 ETF 动量为正，持有该 ETF
mom_3m,63,weekly,2015-12-18,512010,医药ETF易方达,sector,医药,0.21886792452830184,512010,0.21886792452830184,511010,0.015961509088131987,最佳行业/主题 ETF 动量为正，持有该 ETF
mom_3m,63,weekly,2015-12-25,512010,医药ETF易方达,sector,医药,0.15845070422535223,512010,0.15845070422535223,511010,0.021934645270431652,最佳行业/主题 ETF 动量为正，持有该 ETF
mom_3m,63,weekly,2015-12-31,512010,医药ETF易方达,sector,医药,0.19424460431654667,512010,0.19424460431654667,511010,0.024315412186380003,最佳行业/主题 ETF 动量为正，持有该 ETF
mom_3m,63,weekly,2016-01-08,512010,医药ETF易方达,sector,医药,0.08108108108108114,512010,0.08108108108108114,511010,0.013331568397564553,最佳行业/主题 ETF 动量为正，持有该 ETF
mom_3m,63,weekly,2016-01-15,511010,国债ETF国泰,defensive,国债,0.021102971875355703,159928,-0.0392749244712991,511010,0.021102971875355703,最佳行业/主题 ETF 动量为负或不可用，切换到正动量防守资产
mom_3m,63,weekly,2016-01-22,511010,国债ETF国泰,defensive,国债,0.01366192399139532,159928,-0.09523809523809534,511010,0.01366192399139532,最佳行业/主题 ETF 动量为负或不可用，切换到正动量防守资产
mom_3m,63,weekly,2016-01-29,511010,国债ETF国泰,defensive,国债,0.00913715146948002,512010,-0.08552631578947356,511010,0.00913715146948002,最佳行业/主题 ETF 动量为负或不可用，切换到正动量防守资产
mom_3m,63,weekly,2016-02-05,511010,国债ETF国泰,defensive,国债,0.025741835504792476,512010,-0.11285266457680265,511010,0.025741835504792476,最佳行业/主题 ETF 动量为负或不可用，切换到正动量防守资产
mom_3m,63,weekly,2016-02-19,511010,国债ETF国泰,defensive,国债,0.019998861004594026,159928,-0.1246376811594202,511010,0.019998861004594026,最佳行业/主题 ETF 动量为负或不可用，切换到正动量防守资产
mom_3m,63,weekly,2016-02-26,511010,国债ETF国泰,defensive,国债,0.022212518747745547,512010,-0.14873417721518978,511010,0.022212518747745547,最佳行业/主题 ETF 动量为负或不可用，切换到正动量防守资产
mom_3m,63,weekly,2016-03-04,511010,国债ETF国泰,defensive,国债,0.017535079601896042,512010,-0.09900990099009888,511010,0.017535079601896042,最佳行业/主题 ETF 动量为负或不可用，切换到正动量防守资产
mom_3m,63,weekly,2016-03-11,511010,国债ETF国泰,defensive,国债,0.021378366904099222,159928,-0.13467048710601714,511010,0.021378366904099222,最佳行业/主题 ETF 动量为负或不可用，切换到正动量防守资产
mom_3m,63,weekly,2016-03-18,511010,国债ETF国泰,defensive,国债,0.02065990901712067,159928,-0.09565217391304337,511010,0.02065990901712067,最佳行业/主题 ETF 动量为负或不可用，切换到正动量防守资产
mom_3m,63,weekly,2016-03-25,511010,国债ETF国泰,defensive,国债,0.016790678085076394,159928,-0.13783783783783776,511010,0.016790678085076394,最佳行业/主题 ETF 动量为负或不可用，切换到正动量防守资产
mom_3m,63,weekly,2016-04-01,511010,国债ETF国泰,defensive,国债,0.015616124556518951,159928,-0.0977653631284916,511010,0.015616124556518951,最佳行业/主题 ETF 动量为负或不可用，切换到正动量防守资产
mom_3m,63,weekly,2016-04-08,511010,国债ETF国泰,defensive,国债,0.01886191951623628,159928,-0.09090909090909083,511010,0.01886191951623628,最佳行业/主题 ETF 动量为负或不可用，切换到正动量防守资产
mom_3m,63,weekly,2016-04-15,511010,国债ETF国泰,defensive,国债,0.011601880176079993,159928,-0.015337423312883458,511010,0.011601880176079993,最佳行业/主题 ETF 动量为负或不可用，切换到正动量防守资产
mom_3m,63,weekly,2016-04-22,512010,医药ETF易方达,sector,医药,0.010714285714285454,512010,0.010714285714285454,511010,0.004242136697273358,最佳行业/主题 ETF 动量为正，持有该 ETF
mom_3m,63,weekly,2016-04-29,159928,消费ETF汇添富,sector,消费,0.04234527687296419,159928,0.04234527687296419,511010,0.006729362201862266,最佳行业/主题 ETF 动量为正，持有该 ETF
mom_3m,63,weekly,2016-05-06,159928,消费ETF汇添富,sector,消费,0.0897009966777409,159928,0.0897009966777409,511010,0.008653038364603738,最佳行业/主题 ETF 动量为正，持有该 ETF
mom_3m,63,weekly,2016-05-13,159928,消费ETF汇添富,sector,消费,0.11705685618729111,159928,0.11705685618729111,511010,0.013046843671021824,最佳行业/主题 ETF 动量为正，持有该 ETF
mom_3m,63,weekly,2016-05-20,159928,消费ETF汇添富,sector,消费,0.0927152317880795,159928,0.0927152317880795,511010,0.007825949396536469,最佳行业/主题 ETF 动量为正，持有该 ETF
mom_3m,63,weekly,2016-05-27,159928,消费ETF汇添富,sector,消费,0.11643835616438358,159928,0.11643835616438358,511010,0.004958861876195542,最佳行业/主题 ETF 动量为正，持有该 ETF
mom_3m,63,weekly,2016-06-03,159928,消费ETF汇添富,sector,消费,0.11881188118811892,159928,0.11881188118811892,511010,0.0029695895470447375,最佳行业/主题 ETF 动量为正，持有该 ETF
mom_3m,63,weekly,2016-06-08,159928,消费ETF汇添富,sector,消费,0.11551155115511569,159928,0.11551155115511569,511010,0.0036819261017955185,最佳行业/主题 ETF 动量为正，持有该 ETF
mom_3m,63,weekly,2016-06-17,159928,消费ETF汇添富,sector,消费,0.1143790849673203,159928,0.1143790849673203,511010,0.0037172314947524487,最佳行业/主题 ETF 动量为正，持有该 ETF
mom_3m,63,weekly,2016-06-24,159928,消费ETF汇添富,sector,消费,0.053459119496855445,159928,0.053459119496855445,511010,0.004368546465448819,最佳行业/主题 ETF 动量为正，持有该 ETF
mom_3m,63,weekly,2016-07-01,159928,消费ETF汇添富,sector,消费,0.06153846153846132,159928,0.06153846153846132,511010,0.0035850860420649777,最佳行业/主题 ETF 动量为正，持有该 ETF
mom_3m,63,weekly,2016-07-08,159928,消费ETF汇添富,sector,消费,0.11455108359133126,159928,0.11455108359133126,511010,0.004363923672678238,最佳行业/主题 ETF 动量为正，持有该 ETF
mom_3m,63,weekly,2016-07-15,159928,消费ETF汇添富,sector,消费,0.1415384615384614,159928,0.1415384615384614,511010,0.00807566790198555,最佳行业/主题 ETF 动量为正，持有该 ETF
mom_3m,63,weekly,2016-07-22,159928,消费ETF汇添富,sector,消费,0.16346153846153832,159928,0.16346153846153832,511010,0.014697574483454767,最佳行业/主题 ETF 动量为正，持有该 ETF
mom_3m,63,weekly,2016-07-29,159928,消费ETF汇添富,sector,消费,0.17295597484276737,159928,0.17295597484276737,511010,0.016449318316538175,最佳行业/主题 ETF 动量为正，持有该 ETF
mom_3m,63,weekly,2016-08-05,512010,医药ETF易方达,sector,医药,0.13214285714285712,512010,0.13214285714285712,511010,0.018369934386481157,最佳行业/主题 ETF 动量为正，持有该 ETF
mom_3m,63,weekly,2016-08-12,512010,医药ETF易方达,sector,医药,0.14642857142857135,512010,0.14642857142857135,511010,0.015944323747100198,最佳行业/主题 ETF 动量为正，持有该 ETF
mom_3m,63,weekly,2016-08-19,512010,医药ETF易方达,sector,医药,0.14234875444839856,512010,0.14234875444839856,511010,0.017229280543654912,最佳行业/主题 ETF 动量为正，持有该 ETF
mom_3m,63,weekly,2016-08-26,512010,医药ETF易方达,sector,医药,0.15827338129496393,512010,0.15827338129496393,511010,0.017667713916097005,最佳行业/主题 ETF 动量为正，持有该 ETF
mom_3m,63,weekly,2016-09-02,512010,医药ETF易方达,sector,医药,0.13829787234042556,512010,0.13829787234042556,511010,0.017542723378269676,最佳行业/主题 ETF 动量为正，持有该 ETF
mom_3m,63,weekly,2016-09-09,512010,医药ETF易方达,sector,医药,0.1413427561837457,512010,0.1413427561837457,511010,0.01557166841940183,最佳行业/主题 ETF 动量为正，持有该 ETF
mom_3m,63,weekly,2016-09-14,512010,医药ETF易方达,sector,医药,0.10104529616724744,512010,0.10104529616724744,511010,0.014380867274084164,最佳行业/主题 ETF 动量为正，持有该 ETF
mom_3m,63,weekly,2016-09-23,512010,医药ETF易方达,sector,医药,0.13780918727915203,512010,0.13780918727915203,511010,0.01333370115957222,最佳行业/主题 ETF 动量为正，持有该 ETF
mom_3m,63,weekly,2016-09-30,512010,医药ETF易方达,sector,医药,0.0955631399317407,512010,0.0955631399317407,511010,0.011971714877168527,最佳行业/主题 ETF 动量为正，持有该 ETF
mom_3m,63,weekly,2016-10-14,512010,医药ETF易方达,sector,医药,0.09364548494983294,512010,0.09364548494983294,511010,0.012065275059000014,最佳行业/主题 ETF 动量为正，持有该 ETF
mom_3m,63,weekly,2016-10-21,512010,医药ETF易方达,sector,医药,0.051118210862619806,512010,0.051118210862619806,511010,0.015875628715134926,最佳行业/主题 ETF 动量为正，持有该 ETF
mom_3m,63,weekly,2016-10-28,512010,医药ETF易方达,sector,医药,0.06862745098039214,512010,0.06862745098039214,511010,0.011719177832134609,最佳行业/主题 ETF 动量为正，持有该 ETF
mom_3m,63,weekly,2016-11-04,512010,医药ETF易方达,sector,医药,0.034810126582278444,512010,0.034810126582278444,511010,0.010852529523254217,最佳行业/主题 ETF 动量为正，持有该 ETF
mom_3m,63,weekly,2016-11-11,512010,医药ETF易方达,sector,医药,0.034700315457413256,512010,0.034700315457413256,511010,0.006824666945348223,最佳行业/主题 ETF 动量为正，持有该 ETF
mom_3m,63,weekly,2016-11-18,512880,证券ETF国泰,sector,证券,0.0790742526518804,512880,0.0790742526518804,511010,-0.004847770931496909,最佳行业/主题 ETF 动量为正，持有该 ETF
mom_3m,63,weekly,2016-11-25,512880,证券ETF国泰,sector,证券,0.06835205992509352,512880,0.06835205992509352,511010,-0.004983207769810316,最佳行业/主题 ETF 动量为正，持有该 ETF
mom_3m,63,weekly,2016-12-02,512880,证券ETF国泰,sector,证券,0.06774809160305328,512880,0.06774809160305328,511010,-0.010024334435041582,最佳行业/主题 ETF 动量为正，持有该 ETF
mom_3m,63,weekly,2016-12-09,512880,证券ETF国泰,sector,证券,0.02949571836346343,512880,0.02949571836346343,511010,-0.010165946806092285,最佳行业/主题 ETF 动量为正，持有该 ETF
mom_3m,63,weekly,2016-12-16,159928,消费ETF汇添富,sector,消费,0.025000000000000133,159928,0.025000000000000133,511010,-0.03744209283313649,最佳行业/主题 ETF 动量为正，持有该 ETF
mom_3m,63,weekly,2016-12-23,159928,消费ETF汇添富,sector,消费,0.02824858757062154,159928,0.02824858757062154,511010,-0.027178844967149507,最佳行业/主题 ETF 动量为正，持有该 ETF
mom_3m,63,weekly,2016-12-30,159928,消费ETF汇添富,sector,消费,0.042735042735042805,159928,0.042735042735042805,511010,-0.019973694952151955,最佳行业/主题 ETF 动量为正，持有该 ETF
mom_3m,63,weekly,2017-01-06,159928,消费ETF汇添富,sector,消费,0.04469273743016755,159928,0.04469273743016755,511010,-0.023185730187603504,最佳行业/主题 ETF 动量为正，持有该 ETF
mom_3m,63,weekly,2017-01-13,159928,消费ETF汇添富,sector,消费,0.03064066852367686,159928,0.03064066852367686,511010,-0.02402947471080652,最佳行业/主题 ETF 动量为正，持有该 ETF
mom_3m,63,weekly,2017-01-20,159928,消费ETF汇添富,sector,消费,0.022284122562674202,159928,0.022284122562674202,511010,-0.025891016465462213,最佳行业/主题 ETF 动量为正，持有该 ETF
mom_3m,63,weekly,2017-01-26,159928,消费ETF汇添富,sector,消费,0.024657534246575352,159928,0.024657534246575352,511010,-0.023888568129330268,最佳行业/主题 ETF 动量为正，持有该 ETF
mom_3m,63,weekly,2017-02-03,512660,军工ETF国泰,sector,军工,0.028140703517587795,512660,0.028140703517587795,511010,-0.023793405363445208,最佳行业/主题 ETF 动量为正，持有该 ETF
mom_3m,63,weekly,2017-02-10,512660,军工ETF国泰,sector,军工,0.05177664974619289,512660,0.05177664974619289,511010,-0.028831056326589444,最佳行业/主题 ETF 动量为正，持有该 ETF
mom_3m,63,weekly,2017-02-17,159928,消费ETF汇添富,sector,消费,0.032786885245901676,159928,0.032786885245901676,511010,-0.021718474277181987,最佳行业/主题 ETF 动量为正，持有该 ETF
mom_3m,63,weekly,2017-02-24,159928,消费ETF汇添富,sector,消费,0.07377049180327866,159928,0.07377049180327866,511010,-0.015013922000400304,最佳行业/主题 ETF 动量为正，持有该 ETF
mom_3m,63,weekly,2017-03-03,159928,消费ETF汇添富,sector,消费,0.045698924731182755,159928,0.045698924731182755,511010,-0.011838529030845812,最佳行业/主题 ETF 动量为正，持有该 ETF
mom_3m,63,weekly,2017-03-10,159928,消费ETF汇添富,sector,消费,0.06557377049180335,159928,0.06557377049180335,511010,-0.009762542665247453,最佳行业/主题 ETF 动量为正，持有该 ETF
mom_3m,63,weekly,2017-03-17,512660,军工ETF国泰,sector,军工,0.0854166666666667,512660,0.0854166666666667,511010,0.0015361693858098047,最佳行业/主题 ETF 动量为正，持有该 ETF
mom_3m,63,weekly,2017-03-24,159928,消费ETF汇添富,sector,消费,0.10840108401084003,159928,0.10840108401084003,511010,0.016415432382488993,最佳行业/主题 ETF 动量为正，持有该 ETF
mom_3m,63,weekly,2017-03-31,159928,消费ETF汇添富,sector,消费,0.13186813186813184,159928,0.13186813186813184,511010,0.008805723720418213,最佳行业/主题 ETF 动量为正，持有该 ETF
mom_3m,63,weekly,2017-04-07,512010,医药ETF易方达,sector,医药,0.13931888544891646,512010,0.13931888544891646,511010,0.0024072959585204057,最佳行业/主题 ETF 动量为正，持有该 ETF
mom_3m,63,weekly,2017-04-14,159928,消费ETF汇添富,sector,消费,0.08823529411764697,159928,0.08823529411764697,511010,0.0030295450123682954,最佳行业/主题 ETF 动量为正，持有该 ETF
mom_3m,63,weekly,2017-04-21,512010,医药ETF易方达,sector,医药,0.11076923076923073,512010,0.11076923076923073,511010,-0.004441236884472399,最佳行业/主题 ETF 动量为正，持有该 ETF
mom_3m,63,weekly,2017-04-28,159928,消费ETF汇添富,sector,消费,0.10626702997275217,159928,0.10626702997275217,511010,-0.00824361166304699,最佳行业/主题 ETF 动量为正，持有该 ETF
mom_3m,63,weekly,2017-05-05,512010,医药ETF易方达,sector,医药,0.08132530120481918,512010,0.08132530120481918,511010,-0.012966728280961237,最佳行业/主题 ETF 动量为正，持有该 ETF
mom_3m,63,weekly,2017-05-12,512010,医药ETF易方达,sector,医药,0.06948640483383683,512010,0.06948640483383683,511010,-0.015742705447402305,最佳行业/主题 ETF 动量为正，持有该 ETF
mom_3m,63,weekly,2017-05-19,512010,医药ETF易方达,sector,医药,0.10030395136778103,512010,0.10030395136778103,511010,-0.020258337725259645,最佳行业/主题 ETF 动量为正，持有该 ETF
mom_3m,63,weekly,2017-05-26,512010,医药ETF易方达,sector,医药,0.0930930930930931,512010,0.0930930930930931,511010,-0.01865399695557901,最佳行业/主题 ETF 动量为正，持有该 ETF
mom_3m,63,weekly,2017-06-02,512010,医药ETF易方达,sector,医药,0.10210210210210202,512010,0.10210210210210202,511010,-0.012927020423217028,最佳行业/主题 ETF 动量为正，持有该 ETF
mom_3m,63,weekly,2017-06-09,512010,医药ETF易方达,sector,医药,0.13813813813813813,512010,0.13813813813813813,511010,-0.0115732402301717,最佳行业/主题 ETF 动量为正，持有该 ETF
mom_3m,63,weekly,2017-06-16,512010,医药ETF易方达,sector,医药,0.13731343283582076,512010,0.13731343283582076,511010,-0.006463980441365869,最佳行业/主题 ETF 动量为正，持有该 ETF
mom_3m,63,weekly,2017-06-23,512010,医药ETF易方达,sector,医药,0.08595988538681953,512010,0.08595988538681953,511010,-0.008908088507363243,最佳行业/主题 ETF 动量为正，持有该 ETF
mom_3m,63,weekly,2017-06-30,159928,消费ETF汇添富,sector,消费,0.0871670702179177,159928,0.0871670702179177,511010,-0.011003020980571376,最佳行业/主题 ETF 动量为正，持有该 ETF
mom_3m,63,weekly,2017-07-07,159928,消费ETF汇添富,sector,消费,0.08515815085158152,159928,0.08515815085158152,511010,-0.008491803884607574,最佳行业/主题 ETF 动量为正，持有该 ETF
mom_3m,63,weekly,2017-07-14,159928,消费ETF汇添富,sector,消费,0.06127450980392157,159928,0.06127450980392157,511010,-0.010421286031042087,最佳行业/主题 ETF 动量为正，持有该 ETF
mom_3m,63,weekly,2017-07-21,159928,消费ETF汇添富,sector,消费,0.06569343065693434,159928,0.06569343065693434,511010,-0.005978906714200871,最佳行业/主题 ETF 动量为正，持有该 ETF
mom_3m,63,weekly,2017-07-28,159928,消费ETF汇添富,sector,消费,0.08780487804878057,159928,0.08780487804878057,511010,-0.0025263118643436,最佳行业/主题 ETF 动量为正，持有该 ETF
mom_3m,63,weekly,2017-08-04,512880,证券ETF国泰,sector,证券,0.11875000000000013,512880,0.11875000000000013,511010,0.003932694738616238,最佳行业/主题 ETF 动量为正，持有该 ETF
mom_3m,63,weekly,2017-08-11,159928,消费ETF汇添富,sector,消费,0.13533834586466154,159928,0.13533834586466154,511010,0.009084575990359944,最佳行业/主题 ETF 动量为正，持有该 ETF
mom_3m,63,weekly,2017-08-18,159928,消费ETF汇添富,sector,消费,0.1470588235294119,159928,0.1470588235294119,511010,0.012504482739095213,最佳行业/主题 ETF 动量为正，持有该 ETF
mom_3m,63,weekly,2017-08-25,159928,消费ETF汇添富,sector,消费,0.13075060532687655,159928,0.13075060532687655,511010,0.00910945446682887,最佳行业/主题 ETF 动量为正，持有该 ETF
mom_3m,63,weekly,2017-09-01,512880,证券ETF国泰,sector,证券,0.15212981744421894,512880,0.15212981744421894,511010,0.0020643787247558443,最佳行业/主题 ETF 动量为正，持有该 ETF
mom_3m,63,weekly,2017-09-08,512880,证券ETF国泰,sector,证券,0.12729124236252543,512880,0.12729124236252543,511010,0.0023876365196466853,最佳行业/主题 ETF 动量为正，持有该 ETF
mom_3m,63,weekly,2017-09-15,512880,证券ETF国泰,sector,证券,0.11022840119165855,512880,0.11022840119165855,511010,-0.0008185894215920753,最佳行业/主题 ETF 动量为正，持有该 ETF
mom_3m,63,weekly,2017-09-22,159928,消费ETF汇添富,sector,消费,0.10222222222222221,159928,0.10222222222222221,511010,-0.001861989349420945,最佳行业/主题 ETF 动量为正，持有该 ETF
mom_3m,63,weekly,2017-09-29,159928,消费ETF汇添富,sector,消费,0.13738738738738743,159928,0.13738738738738743,511010,-0.0001678916539193942,最佳行业/主题 ETF 动量为正，持有该 ETF
mom_3m,63,weekly,2017-10-13,159928,消费ETF汇添富,sector,消费,0.21315192743764189,159928,0.21315192743764189,511010,-0.0004942462278754167,最佳行业/主题 ETF 动量为正，持有该 ETF
mom_3m,63,weekly,2017-10-20,159928,消费ETF汇添富,sector,消费,0.2447552447552448,159928,0.2447552447552448,511010,0.001478279581965003,最佳行业/主题 ETF 动量为正，持有该 ETF
mom_3m,63,weekly,2017-10-27,159928,消费ETF汇添富,sector,消费,0.2757847533632285,159928,0.2757847533632285,511010,-0.0027018436109345068,最佳行业/主题 ETF 动量为正，持有该 ETF
mom_3m,63,weekly,2017-11-03,159928,消费ETF汇添富,sector,消费,0.23660714285714302,159928,0.23660714285714302,511010,-0.007106305094875198,最佳行业/主题 ETF 动量为正，持有该 ETF
mom_3m,63,weekly,2017-11-10,159928,消费ETF汇添富,sector,消费,0.2643171806167399,159928,0.2643171806167399,511010,-0.0022412311829965725,最佳行业/主题 ETF 动量为正，持有该 ETF
mom_3m,63,weekly,2017-11-17,159928,消费ETF汇添富,sector,消费,0.22505307855626322,159928,0.22505307855626322,511010,-0.007549593662437348,最佳行业/主题 ETF 动量为正，持有该 ETF
mom_3m,63,weekly,2017-11-24,159928,消费ETF汇添富,sector,消费,0.17234042553191498,159928,0.17234042553191498,511010,-0.009398513766771477,最佳行业/主题 ETF 动量为正，持有该 ETF
mom_3m,63,weekly,2017-12-01,159928,消费ETF汇添富,sector,消费,0.1413276231263383,159928,0.1413276231263383,511010,-0.005946666418112256,最佳行业/主题 ETF 动量为正，持有该 ETF
mom_3m,63,weekly,2017-12-08,159928,消费ETF汇添富,sector,消费,0.14345991561181437,159928,0.14345991561181437,511010,-0.0051469971188006225,最佳行业/主题 ETF 动量为正，持有该 ETF
mom_3m,63,weekly,2017-12-15,159928,消费ETF汇添富,sector,消费,0.24145299145299126,159928,0.24145299145299126,511010,-0.0072114489894666844,最佳行业/主题 ETF 动量为正，持有该 ETF
mom_3m,63,weekly,2017-12-22,159928,消费ETF汇添富,sector,消费,0.22406639004149365,159928,0.22406639004149365,511010,-0.004443616377101889,最佳行业/主题 ETF 动量为正，持有该 ETF
mom_3m,63,weekly,2017-12-29,159928,消费ETF汇添富,sector,消费,0.16599999999999993,159928,0.16599999999999993,511010,-0.005396638984425328,最佳行业/主题 ETF 动量为正，持有该 ETF
mom_3m,63,weekly,2018-01-05,159928,消费ETF汇添富,sector,消费,0.1932938856015778,159928,0.1932938856015778,511010,-0.0023979696568198205,最佳行业/主题 ETF 动量为正，持有该 ETF
mom_3m,63,weekly,2018-01-12,159928,消费ETF汇添富,sector,消费,0.20188679245283025,159928,0.20188679245283025,511010,-0.0010830291204122489,最佳行业/主题 ETF 动量为正，持有该 ETF
mom_3m,63,weekly,2018-01-19,159928,消费ETF汇添富,sector,消费,0.15456238361266283,159928,0.15456238361266283,511010,-0.0009627607866596888,最佳行业/主题 ETF 动量为正，持有该 ETF
mom_3m,63,weekly,2018-01-26,512800,银行ETF华宝,sector,银行,0.14314115308151076,512800,0.14314115308151076,511010,0.007552345078294609,最佳行业/主题 ETF 动量为正，持有该 ETF
mom_3m,63,weekly,2018-02-02,512800,银行ETF华宝,sector,银行,0.16463414634146334,512800,0.16463414634146334,511010,0.007714497805925369,最佳行业/主题 ETF 动量为正，持有该 ETF
mom_3m,63,weekly,2018-02-09,512800,银行ETF华宝,sector,银行,0.05168986083499005,512800,0.05168986083499005,511010,0.011095361913433521,最佳行业/主题 ETF 动量为正，持有该 ETF
mom_3m,63,weekly,2018-02-14,512800,银行ETF华宝,sector,银行,0.06841046277665996,512800,0.06841046277665996,511010,0.011907107670654282,最佳行业/主题 ETF 动量为正，持有该 ETF
mom_3m,63,weekly,2018-02-23,512800,银行ETF华宝,sector,银行,0.05394990366088637,512800,0.05394990366088637,511010,0.010674552879876176,最佳行业/主题 ETF 动量为正，持有该 ETF
mom_3m,63,weekly,2018-03-02,159928,消费ETF汇添富,sector,消费,0.06077348066298338,159928,0.06077348066298338,511010,0.01810592814033507,最佳行业/主题 ETF 动量为正，持有该 ETF
mom_3m,63,weekly,2018-03-09,512010,医药ETF易方达,sector,医药,0.10275689223057638,512010,0.10275689223057638,511010,0.012996619755236694,最佳行业/主题 ETF 动量为正，持有该 ETF
mom_3m,63,weekly,2018-03-16,512010,医药ETF易方达,sector,医药,0.07334963325183375,512010,0.07334963325183375,511010,0.013714424987813612,最佳行业/主题 ETF 动量为正，持有该 ETF
mom_3m,63,weekly,2018-03-23,512010,医药ETF易方达,sector,医药,0.09876543209876543,512010,0.09876543209876543,511260,0.02199166631592253,最佳行业/主题 ETF 动量为正，持有该 ETF
mom_3m,63,weekly,2018-03-30,512010,医药ETF易方达,sector,医药,0.10311750599520386,512010,0.10311750599520386,511010,0.015351369555455907,最佳行业/主题 ETF 动量为正，持有该 ETF
mom_3m,63,weekly,2018-04-04,512010,医药ETF易方达,sector,医药,0.11219512195121961,512010,0.11219512195121961,511260,0.03003631112904248,最佳行业/主题 ETF 动量为正，持有该 ETF
mom_3m,63,weekly,2018-04-13,512010,医药ETF易方达,sector,医药,0.0869565217391306,512010,0.0869565217391306,511260,0.023231877665049305,最佳行业/主题 ETF 动量为正，持有该 ETF
mom_3m,63,weekly,2018-04-20,512660,军工ETF国泰,sector,军工,0.05861244019138767,512660,0.05861244019138767,511260,0.04074148233236019,最佳行业/主题 ETF 动量为正，持有该 ETF
mom_3m,63,weekly,2018-04-27,512010,医药ETF易方达,sector,医药,0.08235294117647074,512010,0.08235294117647074,511260,0.037873293179023104,最佳行业/主题 ETF 动量为正，持有该 ETF
mom_3m,63,weekly,2018-05-04,512010,医药ETF易方达,sector,医药,0.07834101382488479,512010,0.07834101382488479,511260,0.030780198351959553,最佳行业/主题 ETF 动量为正，持有该 ETF
mom_3m,63,weekly,2018-05-11,512010,医药ETF易方达,sector,医药,0.1630695443645085,512010,0.1630695443645085,511260,0.027807834938911036,最佳行业/主题 ETF 动量为正，持有该 ETF
mom_3m,63,weekly,2018-05-18,512010,医药ETF易方达,sector,医药,0.2803030303030303,512010,0.2803030303030303,511260,0.02516336784249562,最佳行业/主题 ETF 动量为正，持有该 ETF
mom_3m,63,weekly,2018-05-25,512010,医药ETF易方达,sector,医药,0.3037037037037036,512010,0.3037037037037036,511260,0.022806085788372066,最佳行业/主题 ETF 动量为正，持有该 ETF
mom_3m,63,weekly,2018-06-01,512010,医药ETF易方达,sector,医药,0.25369458128078803,512010,0.25369458128078803,511260,0.02315663074645724,最佳行业/主题 ETF 动量为正，持有该 ETF
mom_3m,63,weekly,2018-06-08,512010,医药ETF易方达,sector,医药,0.22911694510739866,512010,0.22911694510739866,511260,0.01981606045507389,最佳行业/主题 ETF 动量为正，持有该 ETF
mom_3m,63,weekly,2018-06-15,512010,医药ETF易方达,sector,医药,0.12183908045976999,512010,0.12183908045976999,511260,0.023753043261127482,最佳行业/主题 ETF 动量为正，持有该 ETF
mom_3m,63,weekly,2018-06-22,512010,医药ETF易方达,sector,医药,0.07826086956521738,512010,0.07826086956521738,511260,0.02686430825444286,最佳行业/主题 ETF 动量为正，持有该 ETF
mom_3m,63,weekly,2018-06-29,512010,医药ETF易方达,sector,医药,0.03854389721627394,512010,0.03854389721627394,511260,0.027302060064532174,最佳行业/主题 ETF 动量为正，持有该 ETF
mom_3m,63,weekly,2018-07-06,512010,医药ETF易方达,sector,医药,0.02428256070640189,512010,0.02428256070640189,511260,0.02806554129349137,最佳行业/主题 ETF 动量为正，持有该 ETF
mom_3m,63,weekly,2018-07-13,512010,医药ETF易方达,sector,医药,0.08913043478260874,512010,0.08913043478260874,511260,0.021604811560883563,最佳行业/主题 ETF 动量为正，持有该 ETF
mom_3m,63,weekly,2018-07-20,512010,医药ETF易方达,sector,医药,0.09865470852017943,512010,0.09865470852017943,511260,0.015192027224112836,最佳行业/主题 ETF 动量为正，持有该 ETF
mom_3m,63,weekly,2018-07-27,159928,消费ETF汇添富,sector,消费,0.04051565377532218,159928,0.04051565377532218,511260,0.010624291038729528,最佳行业/主题 ETF 动量为正，持有该 ETF
mom_3m,63,weekly,2018-08-03,511260,十年国债ETF国泰,defensive,十年国债,0.0213241948769054,512800,-0.06378600823045266,511260,0.0213241948769054,最佳行业/主题 ETF 动量为负或不可用，切换到正动量防守资产
mom_3m,63,weekly,2018-08-10,511260,十年国债ETF国泰,defensive,十年国债,0.027726983213823386,512800,-0.064128256513026,511260,0.027726983213823386,最佳行业/主题 ETF 动量为负或不可用，切换到正动量防守资产
mom_3m,63,weekly,2018-08-17,511010,国债ETF国泰,defensive,国债,0.005219998720140451,512800,-0.09879032258064513,511010,0.005219998720140451,最佳行业/主题 ETF 动量为负或不可用，切换到正动量防守资产
mom_3m,63,weekly,2018-08-24,511010,国债ETF国泰,defensive,国债,0.006421365634748266,512800,-0.03112033195020736,511010,0.006421365634748266,最佳行业/主题 ETF 动量为负或不可用，切换到正动量防守资产
mom_3m,63,weekly,2018-08-31,511010,国债ETF国泰,defensive,国债,0.010821464091170352,512800,-0.027083333333333237,511010,0.010821464091170352,最佳行业/主题 ETF 动量为负或不可用，切换到正动量防守资产
mom_3m,63,weekly,2018-09-07,511010,国债ETF国泰,defensive,国债,0.008186622128521615,512800,-0.010683760683760646,511010,0.008186622128521615,最佳行业/主题 ETF 动量为负或不可用，切换到正动量防守资产
mom_3m,63,weekly,2018-09-14,512660,军工ETF国泰,sector,军工,0.09202453987730053,512660,0.09202453987730053,511260,0.008927208135261822,最佳行业/主题 ETF 动量为正，持有该 ETF
mom_3m,63,weekly,2018-09-21,512800,银行ETF华宝,sector,银行,0.0964125560538116,512800,0.0964125560538116,511010,0.005912638492186373,最佳行业/主题 ETF 动量为正，持有该 ETF
mom_3m,63,weekly,2018-09-28,512800,银行ETF华宝,sector,银行,0.1542056074766356,512800,0.1542056074766356,511010,0.008042408728645922,最佳行业/主题 ETF 动量为正，持有该 ETF
mom_3m,63,weekly,2018-10-12,512800,银行ETF华宝,sector,银行,0.04677060133630273,512800,0.04677060133630273,511010,0.010266735595280352,最佳行业/主题 ETF 动量为正，持有该 ETF
mom_3m,63,weekly,2018-10-19,512800,银行ETF华宝,sector,银行,0.0744920993227991,512800,0.0744920993227991,511010,0.012823647675713756,最佳行业/主题 ETF 动量为正，持有该 ETF
mom_3m,63,weekly,2018-10-26,512800,银行ETF华宝,sector,银行,0.051391862955032064,512800,0.051391862955032064,511010,0.007555310832889628,最佳行业/主题 ETF 动量为正，持有该 ETF
mom_3m,63,weekly,2018-11-02,512800,银行ETF华宝,sector,银行,0.0573248407643312,512800,0.0573248407643312,511260,0.008221705301997284,最佳行业/主题 ETF 动量为正，持有该 ETF
mom_3m,63,weekly,2018-11-09,512880,证券ETF国泰,sector,证券,0.06276747503566349,512880,0.06276747503566349,511010,0.006568188761298943,最佳行业/主题 ETF 动量为正，持有该 ETF
mom_3m,63,weekly,2018-11-16,512880,证券ETF国泰,sector,证券,0.12343966712898768,512880,0.12343966712898768,511260,0.023794444947073057,最佳行业/主题 ETF 动量为正，持有该 ETF
mom_3m,63,weekly,2018-11-23,512880,证券ETF国泰,sector,证券,0.07002801120448177,512880,0.07002801120448177,511260,0.02966011710336036,最佳行业/主题 ETF 动量为正，持有该 ETF
mom_3m,63,weekly,2018-11-30,512880,证券ETF国泰,sector,证券,0.04625850340136051,512880,0.04625850340136051,511260,0.02375129575395274,最佳行业/主题 ETF 动量为正，持有该 ETF
mom_3m,63,weekly,2018-12-07,512880,证券ETF国泰,sector,证券,0.07531380753138084,512880,0.07531380753138084,511260,0.030042400980648365,最佳行业/主题 ETF 动量为正，持有该 ETF
mom_3m,63,weekly,2018-12-14,512880,证券ETF国泰,sector,证券,0.09302325581395365,512880,0.09302325581395365,511260,0.02893819398262898,最佳行业/主题 ETF 动量为正，持有该 ETF
mom_3m,63,weekly,2018-12-21,512880,证券ETF国泰,sector,证券,0.044412607449856756,512880,0.044412607449856756,511260,0.03346534054838424,最佳行业/主题 ETF 动量为正，持有该 ETF
mom_3m,63,weekly,2018-12-28,511260,十年国债ETF国泰,defensive,十年国债,0.041805379012569865,512880,-0.00966850828729282,511260,0.041805379012569865,最佳行业/主题 ETF 动量为负或不可用，切换到正动量防守资产
mom_3m,63,weekly,2019-01-04,512880,证券ETF国泰,sector,证券,0.07544581618655699,512880,0.07544581618655699,511260,0.0376448361454742,最佳行业/主题 ETF 动量为正，持有该 ETF
mom_3m,63,weekly,2019-01-11,512880,证券ETF国泰,sector,证券,0.2171875000000001,512880,0.2171875000000001,511260,0.03371685842921446,最佳行业/主题 ETF 动量为正，持有该 ETF
mom_3m,63,weekly,2019-01-18,512880,证券ETF国泰,sector,证券,0.2340093603744151,512880,0.2340093603744151,511260,0.0336513512434633,最佳行业/主题 ETF 动量为正，持有该 ETF
mom_3m,63,weekly,2019-01-25,512880,证券ETF国泰,sector,证券,0.07534246575342474,512880,0.07534246575342474,511260,0.029206830211624846,最佳行业/主题 ETF 动量为正，持有该 ETF
mom_3m,63,weekly,2019-02-01,159928,消费ETF汇添富,sector,消费,0.0942982456140351,159928,0.0942982456140351,511260,0.03019213174748403,最佳行业/主题 ETF 动量为正，持有该 ETF
mom_3m,63,weekly,2019-02-15,159928,消费ETF汇添富,sector,消费,0.18693693693693691,159928,0.18693693693693691,511260,0.029207852148247948,最佳行业/主题 ETF 动量为正，持有该 ETF
mom_3m,63,weekly,2019-02-22,159928,消费ETF汇添富,sector,消费,0.20132743362831862,159928,0.20132743362831862,511260,0.014983700561643332,最佳行业/主题 ETF 动量为正，持有该 ETF
mom_3m,63,weekly,2019-03-01,512880,证券ETF国泰,sector,证券,0.3586387434554974,512880,0.3586387434554974,511010,0.015453287506137503,最佳行业/主题 ETF 动量为正，持有该 ETF
mom_3m,63,weekly,2019-03-08,512880,证券ETF国泰,sector,证券,0.3524057217165151,512880,0.3524057217165151,511260,0.01621068981449625,最佳行业/主题 ETF 动量为正，持有该 ETF
mom_3m,63,weekly,2019-03-15,512880,证券ETF国泰,sector,证券,0.33463035019455245,512880,0.33463035019455245,511260,0.009891138944164712,最佳行业/主题 ETF 动量为正，持有该 ETF
mom_3m,63,weekly,2019-03-22,512880,证券ETF国泰,sector,证券,0.41090425531914887,512880,0.41090425531914887,511260,0.016431970857243794,最佳行业/主题 ETF 动量为正，持有该 ETF
mom_3m,63,weekly,2019-03-29,512880,证券ETF国泰,sector,证券,0.47736625514403297,512880,0.47736625514403297,511260,0.014216345872579472,最佳行业/主题 ETF 动量为正，持有该 ETF
mom_3m,63,weekly,2019-04-04,512880,证券ETF国泰,sector,证券,0.6257142857142857,512880,0.6257142857142857,511010,0.0036706314191932155,最佳行业/主题 ETF 动量为正，持有该 ETF
mom_3m,63,weekly,2019-04-12,159928,消费ETF汇添富,sector,消费,0.47902869757174393,159928,0.47902869757174393,511010,-0.005063091205840475,最佳行业/主题 ETF 动量为正，持有该 ETF
mom_3m,63,weekly,2019-04-19,159928,消费ETF汇添富,sector,消费,0.491304347826087,159928,0.491304347826087,511010,-0.004499358489902794,最佳行业/主题 ETF 动量为正，持有该 ETF
mom_3m,63,weekly,2019-04-26,159928,消费ETF汇添富,sector,消费,0.3744939271255061,159928,0.3744939271255061,511010,-0.004156268672454333,最佳行业/主题 ETF 动量为正，持有该 ETF
mom_3m,63,weekly,2019-04-30,159928,消费ETF汇添富,sector,消费,0.42680412371134024,159928,0.42680412371134024,511010,-0.0035497135627173826,最佳行业/主题 ETF 动量为正，持有该 ETF
mom_3m,63,weekly,2019-05-10,159928,消费ETF汇添富,sector,消费,0.3827160493827162,159928,0.3827160493827162,511010,-0.0023601045815858646,最佳行业/主题 ETF 动量为正，持有该 ETF
mom_3m,63,weekly,2019-05-17,159928,消费ETF汇添富,sector,消费,0.3599999999999999,159928,0.3599999999999999,511010,-0.003926335303788164,最佳行业/主题 ETF 动量为正，持有该 ETF
mom_3m,63,weekly,2019-05-24,159928,消费ETF汇添富,sector,消费,0.21507352941176472,159928,0.21507352941176472,511010,-0.002293276847532111,最佳行业/主题 ETF 动量为正，持有该 ETF
mom_3m,63,weekly,2019-05-31,159928,消费ETF汇添富,sector,消费,0.20000000000000018,159928,0.20000000000000018,511010,0.003133695566303496,最佳行业/主题 ETF 动量为正，持有该 ETF
mom_3m,63,weekly,2019-06-06,159928,消费ETF汇添富,sector,消费,0.11544991511035674,159928,0.11544991511035674,511260,0.006370416407706747,最佳行业/主题 ETF 动量为正，持有该 ETF
mom_3m,63,weekly,2019-06-14,159928,消费ETF汇添富,sector,消费,0.18416523235800342,159928,0.18416523235800342,511010,0.0045185224255850365,最佳行业/主题 ETF 动量为正，持有该 ETF
mom_3m,63,weekly,2019-06-21,159928,消费ETF汇添富,sector,消费,0.13439999999999985,159928,0.13439999999999985,511010,0.007388707591897026,最佳行业/主题 ETF 动量为正，持有该 ETF
mom_3m,63,weekly,2019-06-28,159928,消费ETF汇添富,sector,消费,0.19532554257095147,159928,0.19532554257095147,511010,0.0026887370818005074,最佳行业/主题 ETF 动量为正，持有该 ETF
mom_3m,63,weekly,2019-07-05,159928,消费ETF汇添富,sector,消费,0.11127819548872164,159928,0.11127819548872164,511010,0.0070673856810907765,最佳行业/主题 ETF 动量为正，持有该 ETF
mom_3m,63,weekly,2019-07-12,159928,消费ETF汇添富,sector,消费,0.06195965417867444,159928,0.06195965417867444,511010,0.015358090185676465,最佳行业/主题 ETF 动量为正，持有该 ETF
mom_3m,63,weekly,2019-07-19,159928,消费ETF汇添富,sector,消费,0.055312954876273634,159928,0.055312954876273634,511260,0.021375856357381595,最佳行业/主题 ETF 动量为正，持有该 ETF
mom_3m,63,weekly,2019-07-26,159928,消费ETF汇添富,sector,消费,0.047826086956521685,159928,0.047826086956521685,511260,0.02568267280924541,最佳行业/主题 ETF 动量为正，持有该 ETF
mom_3m,63,weekly,2019-08-02,512690,酒ETF鹏华,sector,白酒/酒,0.5384615384615385,512690,0.5384615384615385,511260,0.02299806311505881,最佳行业/主题 ETF 动量为正，持有该 ETF
mom_3m,63,weekly,2019-08-09,512690,酒ETF鹏华,sector,白酒/酒,0.13970588235294112,512690,0.13970588235294112,511260,0.024940583014017692,最佳行业/主题 ETF 动量为正，持有该 ETF
mom_3m,63,weekly,2019-08-16,512690,酒ETF鹏华,sector,白酒/酒,0.35507246376811574,512690,0.35507246376811574,511260,0.02350158034554317,最佳行业/主题 ETF 动量为正，持有该 ETF
mom_3m,63,weekly,2019-08-23,512690,酒ETF鹏华,sector,白酒/酒,0.5413533834586464,512690,0.5413533834586464,511260,0.0260209260560631,最佳行业/主题 ETF 动量为正，持有该 ETF
mom_3m,63,weekly,2019-08-30,512690,酒ETF鹏华,sector,白酒/酒,0.8,512690,0.8,511260,0.019806295399515728,最佳行业/主题 ETF 动量为正，持有该 ETF
mom_3m,63,weekly,2019-09-06,512690,酒ETF鹏华,sector,白酒/酒,0.5319148936170215,512690,0.5319148936170215,511260,0.02157855504032069,最佳行业/主题 ETF 动量为正，持有该 ETF
mom_3m,63,weekly,2019-09-12,512690,酒ETF鹏华,sector,白酒/酒,0.6080000000000001,512690,0.6080000000000001,511260,0.014346634763816146,最佳行业/主题 ETF 动量为正，持有该 ETF
mom_3m,63,weekly,2019-09-20,512690,酒ETF鹏华,sector,白酒/酒,0.3536585365853657,512690,0.3536585365853657,511260,0.01394122079879434,最佳行业/主题 ETF 动量为正，持有该 ETF
mom_3m,63,weekly,2019-09-27,512480,半导体ETF国联安,sector,半导体,0.1774809160305344,512480,0.1774809160305344,511260,0.008906085664386332,最佳行业/主题 ETF 动量为正，持有该 ETF
mom_3m,63,weekly,2019-09-30,512480,半导体ETF国联安,sector,半导体,0.1705426356589146,512480,0.1705426356589146,511010,0.009420549008661627,最佳行业/主题 ETF 动量为正，持有该 ETF
mom_3m,63,weekly,2019-10-11,512480,半导体ETF国联安,sector,半导体,0.23505154639175263,512480,0.23505154639175263,511260,0.007532395070754427,最佳行业/主题 ETF 动量为正，持有该 ETF
mom_3m,63,weekly,2019-10-18,512170,医疗ETF华宝,sector,医疗,0.1712707182320441,512170,0.1712707182320441,511010,0.006119588777562024,最佳行业/主题 ETF 动量为正，持有该 ETF
mom_3m,63,weekly,2019-10-25,512170,医疗ETF华宝,sector,医疗,0.17765042979942702,512170,0.17765042979942702,511010,0.004984082250404587,最佳行业/主题 ETF 动量为正，持有该 ETF
mom_3m,63,weekly,2019-11-01,512170,医疗ETF华宝,sector,医疗,0.21408450704225346,512170,0.21408450704225346,511010,0.0032529942333283657,最佳行业/主题 ETF 动量为正，持有该 ETF
mom_3m,63,weekly,2019-11-08,512690,酒ETF鹏华,sector,白酒/酒,0.4966887417218544,512690,0.4966887417218544,511010,-0.0018250384901482564,最佳行业/主题 ETF 动量为正，持有该 ETF
mom_3m,63,weekly,2019-11-15,512690,酒ETF鹏华,sector,白酒/酒,0.390532544378698,512690,0.390532544378698,511010,-0.0027508537132213684,最佳行业/主题 ETF 动量为正，持有该 ETF
mom_3m,63,weekly,2019-11-22,512690,酒ETF鹏华,sector,白酒/酒,0.17098445595854916,512690,0.17098445595854916,511010,0.0038163314756480826,最佳行业/主题 ETF 动量为正，持有该 ETF
mom_3m,63,weekly,2019-11-29,512480,半导体ETF国联安,sector,半导体,0.1510128913443829,512480,0.1510128913443829,511010,0.004473014829298849,最佳行业/主题 ETF 动量为正，持有该 ETF
mom_3m,63,weekly,2019-12-06,512480,半导体ETF国联安,sector,半导体,0.15986394557823136,512480,0.15986394557823136,511010,0.007023286828955699,最佳行业/主题 ETF 动量为正，持有该 ETF
mom_3m,63,weekly,2019-12-13,512480,半导体ETF国联安,sector,半导体,0.121165644171779,512480,0.121165644171779,511010,0.0028508487754308476,最佳行业/主题 ETF 动量为正，持有该 ETF
mom_3m,63,weekly,2019-12-20,512480,半导体ETF国联安,sector,半导体,0.1497584541062802,512480,0.1497584541062802,511010,0.005624978365467825,最佳行业/主题 ETF 动量为正，持有该 ETF
mom_3m,63,weekly,2019-12-27,512800,银行ETF华宝,sector,银行,0.0819047619047617,512800,0.0819047619047617,511010,0.012257361336978079,最佳行业/主题 ETF 动量为正，持有该 ETF
mom_3m,63,weekly,2020-01-03,512480,半导体ETF国联安,sector,半导体,0.23675496688741715,512480,0.23675496688741715,511260,0.00888434099037938,最佳行业/主题 ETF 动量为正，持有该 ETF
mom_3m,63,weekly,2020-01-10,512480,半导体ETF国联安,sector,半导体,0.2621359223300972,512480,0.2621359223300972,511260,0.012792464006267323,最佳行业/主题 ETF 动量为正，持有该 ETF
mom_3m,63,weekly,2020-01-17,512480,半导体ETF国联安,sector,半导体,0.43576388888888884,512480,0.43576388888888884,511260,0.015184028509570346,最佳行业/主题 ETF 动量为正，持有该 ETF
mom_3m,63,weekly,2020-01-23,512480,半导体ETF国联安,sector,半导体,0.5631399317406145,512480,0.5631399317406145,511260,0.024372230428360453,最佳行业/主题 ETF 动量为正，持有该 ETF
mom_3m,63,weekly,2020-02-07,512480,半导体ETF国联安,sector,半导体,0.5164473684210527,512480,0.5164473684210527,511260,0.041289217054786054,最佳行业/主题 ETF 动量为正，持有该 ETF
mom_3m,63,weekly,2020-02-14,512480,半导体ETF国联安,sector,半导体,0.6091205211726385,512480,0.6091205211726385,511260,0.042965402355297444,最佳行业/主题 ETF 动量为正，持有该 ETF
mom_3m,63,weekly,2020-02-21,512480,半导体ETF国联安,sector,半导体,0.8171701112877583,512480,0.8171701112877583,511260,0.03420293742874403,最佳行业/主题 ETF 动量为正，持有该 ETF
mom_3m,63,weekly,2020-02-28,512480,半导体ETF国联安,sector,半导体,0.6445880452342487,512480,0.6445880452342487,511260,0.039493414580567654,最佳行业/主题 ETF 动量为正，持有该 ETF
mom_3m,63,weekly,2020-03-06,512480,半导体ETF国联安,sector,半导体,0.5760000000000001,512480,0.5760000000000001,511260,0.04721394744882357,最佳行业/主题 ETF 动量为正，持有该 ETF
mom_3m,63,weekly,2020-03-13,512480,半导体ETF国联安,sector,半导体,0.40322580645161277,512480,0.40322580645161277,511260,0.04317924195806855,最佳行业/主题 ETF 动量为正，持有该 ETF
mom_3m,63,weekly,2020-03-20,512480,半导体ETF国联安,sector,半导体,0.23529411764705888,512480,0.23529411764705888,511260,0.037927121181777546,最佳行业/主题 ETF 动量为正，持有该 ETF
mom_3m,63,weekly,2020-03-27,512170,医疗ETF华宝,sector,医疗,0.1722488038277512,512170,0.1722488038277512,511260,0.047424194732976765,最佳行业/主题 ETF 动量为正，持有该 ETF
mom_3m,63,weekly,2020-04-03,512480,半导体ETF国联安,sector,半导体,0.2041958041958043,512480,0.2041958041958043,511260,0.04245787833729531,最佳行业/主题 ETF 动量为正，持有该 ETF
mom_3m,63,weekly,2020-04-10,512170,医疗ETF华宝,sector,医疗,0.21718377088305507,512170,0.21718377088305507,511260,0.047604151855538124,最佳行业/主题 ETF 动量为正，持有该 ETF
mom_3m,63,weekly,2020-04-17,512170,医疗ETF华宝,sector,医疗,0.2013729977116705,512170,0.2013729977116705,511260,0.04625978681256471,最佳行业/主题 ETF 动量为正，持有该 ETF
mom_3m,63,weekly,2020-04-24,512170,医疗ETF华宝,sector,医疗,0.17333333333333334,512170,0.17333333333333334,511260,0.05375999094091788,最佳行业/主题 ETF 动量为正，持有该 ETF
mom_3m,63,weekly,2020-04-30,512170,医疗ETF华宝,sector,医疗,0.17937219730941711,512170,0.17937219730941711,511010,0.04771297715093592,最佳行业/主题 ETF 动量为正，持有该 ETF
mom_3m,63,weekly,2020-05-08,512690,酒ETF鹏华,sector,白酒/酒,0.4475138121546962,512690,0.4475138121546962,511010,0.031636782808437625,最佳行业/主题 ETF 动量为正，持有该 ETF
mom_3m,63,weekly,2020-05-15,512690,酒ETF鹏华,sector,白酒/酒,0.35748792270531426,512690,0.35748792270531426,511010,0.03377480100297858,最佳行业/主题 ETF 动量为正，持有该 ETF
mom_3m,63,weekly,2020-05-22,512690,酒ETF鹏华,sector,白酒/酒,0.3051643192488265,512690,0.3051643192488265,511010,0.03300616914079324,最佳行业/主题 ETF 动量为正，持有该 ETF
mom_3m,63,weekly,2020-05-29,512690,酒ETF鹏华,sector,白酒/酒,0.49523809523809526,512690,0.49523809523809526,511010,0.021721356383651136,最佳行业/主题 ETF 动量为正，持有该 ETF
mom_3m,63,weekly,2020-06-05,512690,酒ETF鹏华,sector,白酒/酒,0.6028037383177571,512690,0.6028037383177571,511010,0.005181347150259086,最佳行业/主题 ETF 动量为正，持有该 ETF
mom_3m,63,weekly,2020-06-12,512690,酒ETF鹏华,sector,白酒/酒,0.5681818181818181,512690,0.5681818181818181,511010,0.003402069592335133,最佳行业/主题 ETF 动量为正，持有该 ETF
mom_3m,63,weekly,2020-06-19,512690,酒ETF鹏华,sector,白酒/酒,1.2484076433121016,512690,1.2484076433121016,511010,7.55572346051725e-05,最佳行业/主题 ETF 动量为正，持有该 ETF
mom_3m,63,weekly,2020-06-24,512690,酒ETF鹏华,sector,白酒/酒,1.7266187050359711,512690,1.7266187050359711,511010,-0.003335534730523948,最佳行业/主题 ETF 动量为正，持有该 ETF
mom_3m,63,weekly,2020-07-03,512690,酒ETF鹏华,sector,白酒/酒,1.4806629834254146,512690,1.4806629834254146,511010,-0.006759116077218574,最佳行业/主题 ETF 动量为正，持有该 ETF
mom_3m,63,weekly,2020-07-10,512690,酒ETF鹏华,sector,白酒/酒,1.5346534653465347,512690,1.5346534653465347,511010,-0.0215288894756821,最佳行业/主题 ETF 动量为正，持有该 ETF
mom_3m,63,weekly,2020-07-17,512690,酒ETF鹏华,sector,白酒/酒,1.2718894009216588,512690,1.2718894009216588,511010,-0.02213885833429108,最佳行业/主题 ETF 动量为正，持有该 ETF
mom_3m,63,weekly,2020-07-24,512690,酒ETF鹏华,sector,白酒/酒,1.3062200956937797,512690,1.3062200956937797,511260,-0.018423385127435243,最佳行业/主题 ETF 动量为正，持有该 ETF
mom_3m,63,weekly,2020-07-31,512690,酒ETF鹏华,sector,白酒/酒,1.1260162601626016,512690,1.1260162601626016,511010,-0.03464042220294594,最佳行业/主题 ETF 动量为正，持有该 ETF
mom_3m,63,weekly,2020-08-07,512690,酒ETF鹏华,sector,白酒/酒,0.8396946564885495,512690,0.8396946564885495,511260,-0.02677925647331114,最佳行业/主题 ETF 动量为正，持有该 ETF
mom_3m,63,weekly,2020-08-14,512690,酒ETF鹏华,sector,白酒/酒,0.8256227758007115,512690,0.8256227758007115,511260,-0.022635760148002948,最佳行业/主题 ETF 动量为正，持有该 ETF
mom_3m,63,weekly,2020-08-21,512690,酒ETF鹏华,sector,白酒/酒,0.960431654676259,512690,0.960431654676259,511260,-0.02894308943089441,最佳行业/主题 ETF 动量为正，持有该 ETF
mom_3m,63,weekly,2020-08-28,512690,酒ETF鹏华,sector,白酒/酒,1.0509554140127388,512690,1.0509554140127388,511260,-0.028106199200866433,最佳行业/主题 ETF 动量为正，持有该 ETF
mom_3m,63,weekly,2020-09-04,512690,酒ETF鹏华,sector,白酒/酒,0.7988338192419824,512690,0.7988338192419824,511260,-0.010245165332276818,最佳行业/主题 ETF 动量为正，持有该 ETF
mom_3m,63,weekly,2020-09-11,512690,酒ETF鹏华,sector,白酒/酒,0.7391304347826089,512690,0.7391304347826089,511010,-0.019154859350978493,最佳行业/主题 ETF 动量为正，持有该 ETF
mom_3m,63,weekly,2020-09-18,512690,酒ETF鹏华,sector,白酒/酒,0.6572237960339944,512690,0.6572237960339944,511010,-0.009116550820993274,最佳行业/主题 ETF 动量为正，持有该 ETF
mom_3m,63,weekly,2020-09-25,512690,酒ETF鹏华,sector,白酒/酒,0.37157107231920206,512690,0.37157107231920206,511010,-0.00872443848474691,最佳行业/主题 ETF 动量为正，持有该 ETF
mom_3m,63,weekly,2020-09-30,512660,军工ETF国泰,sector,军工,0.2718786464410736,512660,0.2718786464410736,511010,-0.012095187873004676,最佳行业/主题 ETF 动量为正，持有该 ETF
mom_3m,63,weekly,2020-10-09,512690,酒ETF鹏华,sector,白酒/酒,0.22814498933901928,512690,0.22814498933901928,511260,-0.005059366325971704,最佳行业/主题 ETF 动量为正，持有该 ETF
mom_3m,63,weekly,2020-10-16,512660,军工ETF国泰,sector,军工,0.08397683397683386,512660,0.08397683397683386,511260,0.0016200473840448648,最佳行业/主题 ETF 动量为正，持有该 ETF
mom_3m,63,weekly,2020-10-23,512690,酒ETF鹏华,sector,白酒/酒,0.2997946611909652,512690,0.2997946611909652,511260,-0.003517260630873764,最佳行业/主题 ETF 动量为正，持有该 ETF
mom_3m,63,weekly,2020-10-30,512690,酒ETF鹏华,sector,白酒/酒,0.3580246913580247,512690,0.3580246913580247,511260,-0.012350227019460203,最佳行业/主题 ETF 动量为正，持有该 ETF
mom_3m,63,weekly,2020-11-06,512690,酒ETF鹏华,sector,白酒/酒,0.3213610586011342,512690,0.3213610586011342,511260,-0.0017010913011954454,最佳行业/主题 ETF 动量为正，持有该 ETF
mom_3m,63,weekly,2020-11-13,512690,酒ETF鹏华,sector,白酒/酒,0.47861507128309566,512690,0.47861507128309566,511260,-0.00857524686316724,最佳行业/主题 ETF 动量为正，持有该 ETF
mom_3m,63,weekly,2020-11-20,512690,酒ETF鹏华,sector,白酒/酒,0.4421641791044775,512690,0.4421641791044775,511010,-0.009111348765925897,最佳行业/主题 ETF 动量为正，持有该 ETF
mom_3m,63,weekly,2020-11-27,512690,酒ETF鹏华,sector,白酒/酒,0.3368794326241136,512690,0.3368794326241136,511010,-0.005209168812528975,最佳行业/主题 ETF 动量为正，持有该 ETF
mom_3m,63,weekly,2020-12-04,515030,新能源车ETF华夏,sector,新能源车,0.2793296089385475,515030,0.2793296089385475,511010,0.0020965606220080257,最佳行业/主题 ETF 动量为正，持有该 ETF
mom_3m,63,weekly,2020-12-11,512690,酒ETF鹏华,sector,白酒/酒,0.3869346733668342,512690,0.3869346733668342,511010,0.003496800980125281,最佳行业/主题 ETF 动量为正，持有该 ETF
mom_3m,63,weekly,2020-12-18,512690,酒ETF鹏华,sector,白酒/酒,0.4844517184942718,512690,0.4844517184942718,511010,0.0014513788098693414,最佳行业/主题 ETF 动量为正，持有该 ETF
mom_3m,63,weekly,2020-12-25,512690,酒ETF鹏华,sector,白酒/酒,0.5729349736379614,512690,0.5729349736379614,511010,0.0016303154195738134,最佳行业/主题 ETF 动量为正，持有该 ETF
mom_3m,63,weekly,2020-12-31,512690,酒ETF鹏华,sector,白酒/酒,0.8090909090909089,512690,0.8090909090909089,511010,0.003018287269929587,最佳行业/主题 ETF 动量为正，持有该 ETF
mom_3m,63,weekly,2021-01-08,512690,酒ETF鹏华,sector,白酒/酒,0.7435897435897436,512690,0.7435897435897436,511010,0.007708354533428219,最佳行业/主题 ETF 动量为正，持有该 ETF
mom_3m,63,weekly,2021-01-15,512690,酒ETF鹏华,sector,白酒/酒,0.6115702479338843,512690,0.6115702479338843,511010,0.009580442682523893,最佳行业/主题 ETF 动量为正，持有该 ETF
mom_3m,63,weekly,2021-01-22,512690,酒ETF鹏华,sector,白酒/酒,0.5767366720516962,512690,0.5767366720516962,511260,0.012202077625784291,最佳行业/主题 ETF 动量为正，持有该 ETF
mom_3m,63,weekly,2021-01-29,512690,酒ETF鹏华,sector,白酒/酒,0.46735905044510373,512690,0.46735905044510373,511010,0.001966228133095882,最佳行业/主题 ETF 动量为正，持有该 ETF
mom_3m,63,weekly,2021-02-05,512690,酒ETF鹏华,sector,白酒/酒,0.4860724233983287,512690,0.4860724233983287,511010,0.00603940436056849,最佳行业/主题 ETF 动量为正，持有该 ETF
mom_3m,63,weekly,2021-02-10,512690,酒ETF鹏华,sector,白酒/酒,0.5057766367137355,512690,0.5057766367137355,511010,0.006481677610675751,最佳行业/主题 ETF 动量为正，持有该 ETF
mom_3m,63,weekly,2021-02-19,512690,酒ETF鹏华,sector,白酒/酒,0.4453125,512690,0.4453125,511260,0.006209321463304995,最佳行业/主题 ETF 动量为正，持有该 ETF
mom_3m,63,weekly,2021-02-26,512400,有色金属ETF南方,sector,有色金属,0.19275825346112896,512400,0.19275825346112896,511260,0.008077287081025952,最佳行业/主题 ETF 动量为正，持有该 ETF
mom_3m,63,weekly,2021-03-05,512400,有色金属ETF南方,sector,有色金属,0.15326902465166126,512400,0.15326902465166126,511010,0.010202353738040904,最佳行业/主题 ETF 动量为正，持有该 ETF
mom_3m,63,weekly,2021-03-12,512400,有色金属ETF南方,sector,有色金属,0.17410228509249182,512400,0.17410228509249182,511010,0.010051528917214725,最佳行业/主题 ETF 动量为正，持有该 ETF
mom_3m,63,weekly,2021-03-19,515220,煤炭ETF国泰,sector,煤炭,0.16972477064220182,515220,0.16972477064220182,511010,0.009156561070613467,最佳行业/主题 ETF 动量为正，持有该 ETF
mom_3m,63,weekly,2021-03-26,512800,银行ETF华宝,sector,银行,0.1028368794326242,512800,0.1028368794326242,511260,0.01033787900089056,最佳行业/主题 ETF 动量为正，持有该 ETF
mom_3m,63,weekly,2021-04-02,512800,银行ETF华宝,sector,银行,0.1028368794326242,512800,0.1028368794326242,511010,0.008028365201975474,最佳行业/主题 ETF 动量为正，持有该 ETF
mom_3m,63,weekly,2021-04-09,512800,银行ETF华宝,sector,银行,0.09430604982206403,512800,0.09430604982206403,511260,0.007091272136898752,最佳行业/主题 ETF 动量为正，持有该 ETF
mom_3m,63,weekly,2021-04-16,515220,煤炭ETF国泰,sector,煤炭,0.20439560439560456,515220,0.20439560439560456,511260,0.010804578463369463,最佳行业/主题 ETF 动量为正，持有该 ETF
mom_3m,63,weekly,2021-04-23,515220,煤炭ETF国泰,sector,煤炭,0.16525423728813582,515220,0.16525423728813582,511260,0.00971152687813337,最佳行业/主题 ETF 动量为正，持有该 ETF
mom_3m,63,weekly,2021-04-30,515220,煤炭ETF国泰,sector,煤炭,0.20128479657387577,515220,0.20128479657387577,511010,0.0061413517685751096,最佳行业/主题 ETF 动量为正，持有该 ETF
mom_3m,63,weekly,2021-05-07,515220,煤炭ETF国泰,sector,煤炭,0.33894736842105266,515220,0.33894736842105266,511260,0.010058605541056309,最佳行业/主题 ETF 动量为正，持有该 ETF
mom_3m,63,weekly,2021-05-14,515220,煤炭ETF国泰,sector,煤炭,0.383219954648526,515220,0.383219954648526,511260,0.010472321163550014,最佳行业/主题 ETF 动量为正，持有该 ETF
mom_3m,63,weekly,2021-05-21,515220,煤炭ETF国泰,sector,煤炭,0.2988764044943819,515220,0.2988764044943819,511260,0.01886511904540633,最佳行业/主题 ETF 动量为正，持有该 ETF
mom_3m,63,weekly,2021-05-28,512690,酒ETF鹏华,sector,白酒/酒,0.21922246220302366,512690,0.21922246220302366,511260,0.01772417506916968,最佳行业/主题 ETF 动量为正，持有该 ETF
mom_3m,63,weekly,2021-06-04,512690,酒ETF鹏华,sector,白酒/酒,0.35606936416184976,512690,0.35606936416184976,511260,0.019301000827052883,最佳行业/主题 ETF 动量为正，持有该 ETF
mom_3m,63,weekly,2021-06-11,512690,酒ETF鹏华,sector,白酒/酒,0.4776119402985075,512690,0.4776119402985075,511260,0.013083575621770649,最佳行业/主题 ETF 动量为正，持有该 ETF
mom_3m,63,weekly,2021-06-18,512690,酒ETF鹏华,sector,白酒/酒,0.42819499341238476,512690,0.42819499341238476,511260,0.015581762466338578,最佳行业/主题 ETF 动量为正，持有该 ETF
mom_3m,63,weekly,2021-06-25,515220,煤炭ETF国泰,sector,煤炭,0.44877049180327866,515220,0.44877049180327866,511260,0.017352149289759478,最佳行业/主题 ETF 动量为正，持有该 ETF
mom_3m,63,weekly,2021-07-02,512480,半导体ETF国联安,sector,半导体,0.4464487034949267,512480,0.4464487034949267,511260,0.019811801789273664,最佳行业/主题 ETF 动量为正，持有该 ETF
mom_3m,63,weekly,2021-07-09,515030,新能源车ETF华夏,sector,新能源车,0.5582944703530981,515030,0.5582944703530981,511260,0.025730799155273987,最佳行业/主题 ETF 动量为正，持有该 ETF
mom_3m,63,weekly,2021-07-16,515030,新能源车ETF华夏,sector,新能源车,0.5267379679144384,515030,0.5267379679144384,511260,0.023685326157078856,最佳行业/主题 ETF 动量为正，持有该 ETF
mom_3m,63,weekly,2021-07-23,515030,新能源车ETF华夏,sector,新能源车,0.5323193916349811,515030,0.5323193916349811,511260,0.023891632410958152,最佳行业/主题 ETF 动量为正，持有该 ETF
mom_3m,63,weekly,2021-07-30,512480,半导体ETF国联安,sector,半导体,0.5425425425425425,512480,0.5425425425425425,511260,0.030062707488011764,最佳行业/主题 ETF 动量为正，持有该 ETF
mom_3m,63,weekly,2021-08-06,515030,新能源车ETF华夏,sector,新能源车,0.6171284634760705,515030,0.6171284634760705,511260,0.031217242584180793,最佳行业/主题 ETF 动量为正，持有该 ETF
mom_3m,63,weekly,2021-08-13,515030,新能源车ETF华夏,sector,新能源车,0.49454545454545484,515030,0.49454545454545484,511260,0.024910933999338747,最佳行业/主题 ETF 动量为正，持有该 ETF
mom_3m,63,weekly,2021-08-20,515790,光伏ETF华泰柏瑞,sector,光伏,0.4495495495495494,515790,0.4495495495495494,511260,0.02009367937595674,最佳行业/主题 ETF 动量为正，持有该 ETF
mom_3m,63,weekly,2021-08-27,515790,光伏ETF华泰柏瑞,sector,光伏,0.5294117647058822,515790,0.5294117647058822,511260,0.020214009203126215,最佳行业/主题 ETF 动量为正，持有该 ETF
mom_3m,63,weekly,2021-09-03,515790,光伏ETF华泰柏瑞,sector,光伏,0.6223021582733812,515790,0.6223021582733812,511260,0.023979545247009293,最佳行业/主题 ETF 动量为正，持有该 ETF
mom_3m,63,weekly,2021-09-10,515220,煤炭ETF国泰,sector,煤炭,0.6360902255639098,515220,0.6360902255639098,511260,0.024317222563013274,最佳行业/主题 ETF 动量为正，持有该 ETF
mom_3m,63,weekly,2021-09-17,515220,煤炭ETF国泰,sector,煤炭,0.6186046511627907,515220,0.6186046511627907,511260,0.02138255585507376,最佳行业/主题 ETF 动量为正，持有该 ETF
mom_3m,63,weekly,2021-09-24,515220,煤炭ETF国泰,sector,煤炭,0.4144271570014144,515220,0.4144271570014144,511260,0.0207156480712547,最佳行业/主题 ETF 动量为正，持有该 ETF
mom_3m,63,weekly,2021-09-30,515220,煤炭ETF国泰,sector,煤炭,0.5718799368088467,515220,0.5718799368088467,511260,0.019272922408069437,最佳行业/主题 ETF 动量为正，持有该 ETF
mom_3m,63,weekly,2021-10-08,515220,煤炭ETF国泰,sector,煤炭,0.503987240829346,515220,0.503987240829346,511260,0.016690605625352184,最佳行业/主题 ETF 动量为正，持有该 ETF
mom_3m,63,weekly,2021-10-15,515220,煤炭ETF国泰,sector,煤炭,0.5275080906148866,515220,0.5275080906148866,511260,0.007323328095934611,最佳行业/主题 ETF 动量为正，持有该 ETF
mom_3m,63,weekly,2021-10-22,515220,煤炭ETF国泰,sector,煤炭,0.32163742690058483,515220,0.32163742690058483,511010,0.0029071682698642576,最佳行业/主题 ETF 动量为正，持有该 ETF
mom_3m,63,weekly,2021-10-29,515790,光伏ETF华泰柏瑞,sector,光伏,0.21042471042471034,515790,0.21042471042471034,511260,0.0028741052102139175,最佳行业/主题 ETF 动量为正，持有该 ETF
mom_3m,63,weekly,2021-11-05,512690,酒ETF鹏华,sector,白酒/酒,0.16774193548387095,512690,0.16774193548387095,511260,0.004879140555058115,最佳行业/主题 ETF 动量为正，持有该 ETF
mom_3m,63,weekly,2021-11-12,512980,传媒ETF广发,sector,传媒,0.143288084464555,512980,0.143288084464555,511010,0.00029425467742338896,最佳行业/主题 ETF 动量为正，持有该 ETF
mom_3m,63,weekly,2021-11-19,512980,传媒ETF广发,sector,传媒,0.13284671532846715,512980,0.13284671532846715,511260,0.0059039069709105885,最佳行业/主题 ETF 动量为正，持有该 ETF
mom_3m,63,weekly,2021-11-26,512690,酒ETF鹏华,sector,白酒/酒,0.27755102040816326,512690,0.27755102040816326,511260,0.007182354990575401,最佳行业/主题 ETF 动量为正，持有该 ETF
mom_3m,63,weekly,2021-12-03,512690,酒ETF鹏华,sector,白酒/酒,0.25677419354838693,512690,0.25677419354838693,511260,0.007051958976928896,最佳行业/主题 ETF 动量为正，持有该 ETF
mom_3m,63,weekly,2021-12-10,512690,酒ETF鹏华,sector,白酒/酒,0.3252858958068614,512690,0.3252858958068614,511260,0.004334022972105389,最佳行业/主题 ETF 动量为正，持有该 ETF
mom_3m,63,weekly,2021-12-17,512690,酒ETF鹏华,sector,白酒/酒,0.19277108433734935,512690,0.19277108433734935,511260,0.007660061316243416,最佳行业/主题 ETF 动量为正，持有该 ETF
mom_3m,63,weekly,2021-12-24,512690,酒ETF鹏华,sector,白酒/酒,0.2490842490842491,512690,0.2490842490842491,511260,0.011183180496533218,最佳行业/主题 ETF 动量为正，持有该 ETF
mom_3m,63,weekly,2021-12-31,512980,传媒ETF广发,sector,传媒,0.2204836415362732,512980,0.2204836415362732,511260,0.013240947697809702,最佳行业/主题 ETF 动量为正，持有该 ETF
mom_3m,63,weekly,2022-01-07,512980,传媒ETF广发,sector,传媒,0.19999999999999996,512980,0.19999999999999996,511260,0.014164787572926718,最佳行业/主题 ETF 动量为正，持有该 ETF
mom_3m,63,weekly,2022-01-14,512980,传媒ETF广发,sector,传媒,0.2008670520231215,512980,0.2008670520231215,511260,0.02271807098834855,最佳行业/主题 ETF 动量为正，持有该 ETF
mom_3m,63,weekly,2022-01-21,512980,传媒ETF广发,sector,传媒,0.16376811594202922,512980,0.16376811594202922,511260,0.02779598911510872,最佳行业/主题 ETF 动量为正，持有该 ETF
mom_3m,63,weekly,2022-01-28,512980,传媒ETF广发,sector,传媒,0.026836158192090398,512980,0.026836158192090398,511010,0.02200637177418696,最佳行业/主题 ETF 动量为正，持有该 ETF
mom_3m,63,weekly,2022-02-11,515220,煤炭ETF国泰,sector,煤炭,0.15186615186615193,515220,0.15186615186615193,511010,0.016106516894291323,最佳行业/主题 ETF 动量为正，持有该 ETF
mom_3m,63,weekly,2022-02-18,515220,煤炭ETF国泰,sector,煤炭,0.26822558459422297,515220,0.26822558459422297,511010,0.015660594580029885,最佳行业/主题 ETF 动量为正，持有该 ETF
mom_3m,63,weekly,2022-02-25,515220,煤炭ETF国泰,sector,煤炭,0.1808650065530799,515220,0.1808650065530799,511010,0.013982705172132404,最佳行业/主题 ETF 动量为正，持有该 ETF
mom_3m,63,weekly,2022-03-04,515220,煤炭ETF国泰,sector,煤炭,0.32493368700265246,515220,0.32493368700265246,511010,0.009541254528432574,最佳行业/主题 ETF 动量为正，持有该 ETF
mom_3m,63,weekly,2022-03-11,515220,煤炭ETF国泰,sector,煤炭,0.16324062877871826,515220,0.16324062877871826,511010,0.013012499491062979,最佳行业/主题 ETF 动量为正，持有该 ETF
mom_3m,63,weekly,2022-03-18,515220,煤炭ETF国泰,sector,煤炭,0.12183353437876976,515220,0.12183353437876976,511260,0.013409689122857005,最佳行业/主题 ETF 动量为正，持有该 ETF
mom_3m,63,weekly,2022-03-25,515220,煤炭ETF国泰,sector,煤炭,0.17500000000000004,515220,0.17500000000000004,511260,0.011811058558358623,最佳行业/主题 ETF 动量为正，持有该 ETF
mom_3m,63,weekly,2022-04-01,515220,煤炭ETF国泰,sector,煤炭,0.16857798165137594,515220,0.16857798165137594,511010,0.009514539481688677,最佳行业/主题 ETF 动量为正，持有该 ETF
mom_3m,63,weekly,2022-04-08,515220,煤炭ETF国泰,sector,煤炭,0.24242424242424243,515220,0.24242424242424243,511260,0.011052989070508001,最佳行业/主题 ETF 动量为正，持有该 ETF
mom_3m,63,weekly,2022-04-15,515220,煤炭ETF国泰,sector,煤炭,0.32804878048780495,515220,0.32804878048780495,511260,0.010217136202013366,最佳行业/主题 ETF 动量为正，持有该 ETF
mom_3m,63,weekly,2022-04-22,515220,煤炭ETF国泰,sector,煤炭,0.22896039603960383,515220,0.22896039603960383,511260,0.0048209729919943545,最佳行业/主题 ETF 动量为正，持有该 ETF
mom_3m,63,weekly,2022-04-29,515220,煤炭ETF国泰,sector,煤炭,0.132404181184669,515220,0.132404181184669,511010,-0.0003767535070140493,最佳行业/主题 ETF 动量为正，持有该 ETF
mom_3m,63,weekly,2022-05-06,515220,煤炭ETF国泰,sector,煤炭,0.16316440049443748,515220,0.16316440049443748,511260,-0.004061851716263054,最佳行业/主题 ETF 动量为正，持有该 ETF
mom_3m,63,weekly,2022-05-13,515220,煤炭ETF国泰,sector,煤炭,0.0822711471610662,515220,0.0822711471610662,511260,0.0026945924428931622,最佳行业/主题 ETF 动量为正，持有该 ETF
mom_3m,63,weekly,2022-05-20,515220,煤炭ETF国泰,sector,煤炭,0.17416378316032288,515220,0.17416378316032288,511260,0.007568498870438978,最佳行业/主题 ETF 动量为正，持有该 ETF
mom_3m,63,weekly,2022-05-27,515220,煤炭ETF国泰,sector,煤炭,0.1561181434599157,515220,0.1561181434599157,511260,0.015829367177859988,最佳行业/主题 ETF 动量为正，持有该 ETF
mom_3m,63,weekly,2022-06-02,515220,煤炭ETF国泰,sector,煤炭,0.15635179153094447,515220,0.15635179153094447,511260,0.008435003949793796,最佳行业/主题 ETF 动量为正，持有该 ETF
mom_3m,63,weekly,2022-06-10,515220,煤炭ETF国泰,sector,煤炭,0.1938061938061939,515220,0.1938061938061939,511260,0.01292283298097252,最佳行业/主题 ETF 动量为正，持有该 ETF
mom_3m,63,weekly,2022-06-17,515220,煤炭ETF国泰,sector,煤炭,0.22065217391304337,515220,0.22065217391304337,511260,0.004740911794548941,最佳行业/主题 ETF 动量为正，持有该 ETF
mom_3m,63,weekly,2022-06-24,515030,新能源车ETF华夏,sector,新能源车,0.16805080605764533,515030,0.16805080605764533,511260,0.009040510977763372,最佳行业/主题 ETF 动量为正，持有该 ETF
mom_3m,63,weekly,2022-07-01,512690,酒ETF鹏华,sector,白酒/酒,0.2843273231622747,512690,0.2843273231622747,511260,0.005979623687025537,最佳行业/主题 ETF 动量为正，持有该 ETF
mom_3m,63,weekly,2022-07-08,515790,光伏ETF华泰柏瑞,sector,光伏,0.26843657817109134,515790,0.26843657817109134,511260,0.004146618843495764,最佳行业/主题 ETF 动量为正，持有该 ETF
mom_3m,63,weekly,2022-07-15,515790,光伏ETF华泰柏瑞,sector,光伏,0.39538583929992055,515790,0.39538583929992055,511260,0.006095697206284223,最佳行业/主题 ETF 动量为正，持有该 ETF
mom_3m,63,weekly,2022-07-22,515790,光伏ETF华泰柏瑞,sector,光伏,0.3975708502024291,515790,0.3975708502024291,511260,0.010829153659990931,最佳行业/主题 ETF 动量为正，持有该 ETF
mom_3m,63,weekly,2022-07-29,515790,光伏ETF华泰柏瑞,sector,光伏,0.5282854656222802,515790,0.5282854656222802,511260,0.01354482734498652,最佳行业/主题 ETF 动量为正，持有该 ETF
mom_3m,63,weekly,2022-08-05,515790,光伏ETF华泰柏瑞,sector,光伏,0.3836633663366338,515790,0.3836633663366338,511260,0.0163392693225628,最佳行业/主题 ETF 动量为正，持有该 ETF
mom_3m,63,weekly,2022-08-12,515790,光伏ETF华泰柏瑞,sector,光伏,0.37042925278219396,515790,0.37042925278219396,511260,0.01277216140240589,最佳行业/主题 ETF 动量为正，持有该 ETF
mom_3m,63,weekly,2022-08-19,515790,光伏ETF华泰柏瑞,sector,光伏,0.2942430703624732,515790,0.2942430703624732,511260,0.020574984095999005,最佳行业/主题 ETF 动量为正，持有该 ETF
mom_3m,63,weekly,2022-08-26,515790,光伏ETF华泰柏瑞,sector,光伏,0.25328467153284673,515790,0.25328467153284673,511260,0.014377302105775147,最佳行业/主题 ETF 动量为正，持有该 ETF
mom_3m,63,weekly,2022-09-02,515220,煤炭ETF国泰,sector,煤炭,0.0578661844484627,515220,0.0578661844484627,511260,0.021605475825553944,最佳行业/主题 ETF 动量为正，持有该 ETF
mom_3m,63,weekly,2022-09-09,515790,光伏ETF华泰柏瑞,sector,光伏,0.10606060606060619,515790,0.10606060606060619,511260,0.019131009991992576,最佳行业/主题 ETF 动量为正，持有该 ETF
mom_3m,63,weekly,2022-09-16,515220,煤炭ETF国泰,sector,煤炭,0.09714285714285698,515220,0.09714285714285698,511260,0.015731022168024023,最佳行业/主题 ETF 动量为正，持有该 ETF
mom_3m,63,weekly,2022-09-23,515220,煤炭ETF国泰,sector,煤炭,0.08703535811423402,515220,0.08703535811423402,511260,0.01936976256983236,最佳行业/主题 ETF 动量为正，持有该 ETF
mom_3m,63,weekly,2022-09-30,515220,煤炭ETF国泰,sector,煤炭,0.053153153153153054,515220,0.053153153153153054,511260,0.012875124386795056,最佳行业/主题 ETF 动量为正，持有该 ETF
mom_3m,63,weekly,2022-10-14,515220,煤炭ETF国泰,sector,煤炭,0.09195402298850563,515220,0.09195402298850563,511260,0.015255682807115312,最佳行业/主题 ETF 动量为正，持有该 ETF
mom_3m,63,weekly,2022-10-21,515220,煤炭ETF国泰,sector,煤炭,0.010054844606946833,515220,0.010054844606946833,511260,0.013899506567516928,最佳行业/主题 ETF 动量为正，持有该 ETF
mom_3m,63,weekly,2022-10-28,515230,软件ETF国泰,sector,软件,0.0332446808510638,515230,0.0332446808510638,511260,0.015556441962504941,最佳行业/主题 ETF 动量为正，持有该 ETF
mom_3m,63,weekly,2022-11-04,515230,软件ETF国泰,sector,软件,0.06233766233766236,515230,0.06233766233766236,511260,0.007937191905960095,最佳行业/主题 ETF 动量为正，持有该 ETF
mom_3m,63,weekly,2022-11-11,515220,煤炭ETF国泰,sector,煤炭,0.03619047619047633,515220,0.03619047619047633,511260,0.006665059244971072,最佳行业/主题 ETF 动量为正，持有该 ETF
mom_3m,63,weekly,2022-11-18,515230,软件ETF国泰,sector,软件,0.07455012853470433,515230,0.07455012853470433,511260,-0.003920761159584396,最佳行业/主题 ETF 动量为正，持有该 ETF
mom_3m,63,weekly,2022-11-25,515230,软件ETF国泰,sector,软件,0.03689064558629784,515230,0.03689064558629784,511260,-0.004666347600164045,最佳行业/主题 ETF 动量为正，持有该 ETF
mom_3m,63,weekly,2022-12-02,515230,软件ETF国泰,sector,软件,0.09510869565217406,515230,0.09510869565217406,511010,-0.005676435293374693,最佳行业/主题 ETF 动量为正，持有该 ETF
mom_3m,63,weekly,2022-12-09,512690,酒ETF鹏华,sector,白酒/酒,0.0691823899371069,512690,0.0691823899371069,511010,-0.010216208983652497,最佳行业/主题 ETF 动量为正，持有该 ETF
mom_3m,63,weekly,2022-12-16,512690,酒ETF鹏华,sector,白酒/酒,0.06280788177339902,512690,0.06280788177339902,511010,-0.007550295857988165,最佳行业/主题 ETF 动量为正，持有该 ETF
mom_3m,63,weekly,2022-12-23,512170,医疗ETF华宝,sector,医疗,0.06724511930585675,512170,0.06724511930585675,511010,-0.0053206605829044795,最佳行业/主题 ETF 动量为正，持有该 ETF
mom_3m,63,weekly,2022-12-30,515230,软件ETF国泰,sector,软件,0.10719322990126945,515230,0.10719322990126945,511260,0.002039025397480909,最佳行业/主题 ETF 动量为正，持有该 ETF
mom_3m,63,weekly,2023-01-06,515230,软件ETF国泰,sector,软件,0.23168908819133027,515230,0.23168908819133027,511260,0.0002491451743158457,最佳行业/主题 ETF 动量为正，持有该 ETF
mom_3m,63,weekly,2023-01-13,512690,酒ETF鹏华,sector,白酒/酒,0.19455252918287935,512690,0.19455252918287935,511260,-0.0034968331376363793,最佳行业/主题 ETF 动量为正，持有该 ETF
mom_3m,63,weekly,2023-01-20,512690,酒ETF鹏华,sector,白酒/酒,0.3079136690647484,512690,0.3079136690647484,511010,-0.0041121082250057395,最佳行业/主题 ETF 动量为正，持有该 ETF
mom_3m,63,weekly,2023-02-03,512690,酒ETF鹏华,sector,白酒/酒,0.39384615384615373,512690,0.39384615384615373,511010,-0.005118432657175265,最佳行业/主题 ETF 动量为正，持有该 ETF
mom_3m,63,weekly,2023-02-10,512980,传媒ETF广发,sector,传媒,0.2396396396396394,512980,0.2396396396396394,511010,-0.0026275091528846772,最佳行业/主题 ETF 动量为正，持有该 ETF
mom_3m,63,weekly,2023-02-17,512690,酒ETF鹏华,sector,白酒/酒,0.26928281461434356,512690,0.26928281461434356,511010,0.0022275952277142075,最佳行业/主题 ETF 动量为正，持有该 ETF
mom_3m,63,weekly,2023-02-24,512690,酒ETF鹏华,sector,白酒/酒,0.2534059945504088,512690,0.2534059945504088,511010,0.0014587776394756613,最佳行业/主题 ETF 动量为正，持有该 ETF
mom_3m,63,weekly,2023-03-03,512690,酒ETF鹏华,sector,白酒/酒,0.2859116022099448,512690,0.2859116022099448,511260,0.0022125417541924985,最佳行业/主题 ETF 动量为正，持有该 ETF
mom_3m,63,weekly,2023-03-10,515230,软件ETF国泰,sector,软件,0.14864864864864868,515230,0.14864864864864868,511260,0.007682027848428641,最佳行业/主题 ETF 动量为正，持有该 ETF
mom_3m,63,weekly,2023-03-17,515230,软件ETF国泰,sector,软件,0.2335403726708074,515230,0.2335403726708074,511260,0.01018832440453088,最佳行业/主题 ETF 动量为正，持有该 ETF
mom_3m,63,weekly,2023-03-24,512980,传媒ETF广发,sector,传媒,0.4065180102915953,512980,0.4065180102915953,511260,0.005727307907296808,最佳行业/主题 ETF 动量为正，持有该 ETF
mom_3m,63,weekly,2023-03-31,515230,软件ETF国泰,sector,软件,0.4526588845654995,515230,0.4526588845654995,511260,0.007015399447375836,最佳行业/主题 ETF 动量为正，持有该 ETF
mom_3m,63,weekly,2023-04-07,515230,软件ETF国泰,sector,软件,0.4929936305732483,515230,0.4929936305732483,511260,0.005898565283465995,最佳行业/主题 ETF 动量为正，持有该 ETF
mom_3m,63,weekly,2023-04-14,512980,传媒ETF广发,sector,传媒,0.4299363057324841,512980,0.4299363057324841,511260,0.0072541528952225764,最佳行业/主题 ETF 动量为正，持有该 ETF
mom_3m,63,weekly,2023-04-21,512980,传媒ETF广发,sector,传媒,0.38607594936708867,512980,0.38607594936708867,511260,0.012873872243621243,最佳行业/主题 ETF 动量为正，持有该 ETF
mom_3m,63,weekly,2023-04-28,512980,传媒ETF广发,sector,传媒,0.4968847352024921,512980,0.4968847352024921,511260,0.014631837156259486,最佳行业/主题 ETF 动量为正，持有该 ETF
mom_3m,63,weekly,2023-05-05,512980,传媒ETF广发,sector,传媒,0.5191424196018377,512980,0.5191424196018377,511260,0.01744171045728593,最佳行业/主题 ETF 动量为正，持有该 ETF
mom_3m,63,weekly,2023-05-12,512980,传媒ETF广发,sector,传媒,0.3666169895678093,512980,0.3666169895678093,511260,0.018364786360042684,最佳行业/主题 ETF 动量为正，持有该 ETF
mom_3m,63,weekly,2023-05-19,512980,传媒ETF广发,sector,传媒,0.2510699001426535,512980,0.2510699001426535,511260,0.018005254752460065,最佳行业/主题 ETF 动量为正，持有该 ETF
mom_3m,63,weekly,2023-05-26,512980,传媒ETF广发,sector,传媒,0.23615160349854225,512980,0.23615160349854225,511260,0.017160418580295156,最佳行业/主题 ETF 动量为正，持有该 ETF
mom_3m,63,weekly,2023-06-02,512980,传媒ETF广发,sector,传媒,0.3381088825214902,512980,0.3381088825214902,511260,0.019362871372144985,最佳行业/主题 ETF 动量为正，持有该 ETF
mom_3m,63,weekly,2023-06-09,512980,传媒ETF广发,sector,传媒,0.37608069164265134,512980,0.37608069164265134,511260,0.019506308095246228,最佳行业/主题 ETF 动量为正，持有该 ETF
mom_3m,63,weekly,2023-06-16,512980,传媒ETF广发,sector,传媒,0.45231213872832354,512980,0.45231213872832354,511260,0.017321756982165093,最佳行业/主题 ETF 动量为正，持有该 ETF
mom_3m,63,weekly,2023-06-21,512980,传媒ETF广发,sector,传媒,0.2546666666666666,512980,0.2546666666666666,511260,0.017168224697998058,最佳行业/主题 ETF 动量为正，持有该 ETF
mom_3m,63,weekly,2023-06-30,512980,传媒ETF广发,sector,传媒,0.07971014492753636,512980,0.07971014492753636,511260,0.020591679559616605,最佳行业/主题 ETF 动量为正，持有该 ETF
mom_3m,63,weekly,2023-07-07,512800,银行ETF华宝,sector,银行,0.013307984790874583,512800,0.013307984790874583,511260,0.020810187163490257,最佳行业/主题 ETF 动量为正，持有该 ETF
mom_3m,63,weekly,2023-07-14,512800,银行ETF华宝,sector,银行,0.03598484848484862,512800,0.03598484848484862,511260,0.019166631125517197,最佳行业/主题 ETF 动量为正，持有该 ETF
mom_3m,63,weekly,2023-07-21,511260,十年国债ETF国泰,defensive,十年国债,0.021789518534299113,512800,-0.007259528130671544,511260,0.021789518534299113,最佳行业/主题 ETF 动量为负或不可用，切换到正动量防守资产
mom_3m,63,weekly,2023-07-28,512880,证券ETF国泰,sector,证券,0.12499999999999978,512880,0.12499999999999978,511260,0.01766090718249891,最佳行业/主题 ETF 动量为正，持有该 ETF
mom_3m,63,weekly,2023-08-04,512880,证券ETF国泰,sector,证券,0.11542497376705141,512880,0.11542497376705141,511260,0.013102171579276511,最佳行业/主题 ETF 动量为正，持有该 ETF
mom_3m,63,weekly,2023-08-11,512880,证券ETF国泰,sector,证券,0.09139213602550478,512880,0.09139213602550478,511260,0.012413397355296452,最佳行业/主题 ETF 动量为正，持有该 ETF
mom_3m,63,weekly,2023-08-18,512880,证券ETF国泰,sector,证券,0.10021551724137923,512880,0.10021551724137923,511260,0.017821748774912827,最佳行业/主题 ETF 动量为正，持有该 ETF
mom_3m,63,weekly,2023-08-25,512880,证券ETF国泰,sector,证券,0.10520487264673317,512880,0.10520487264673317,511260,0.018795152251704916,最佳行业/主题 ETF 动量为正，持有该 ETF
mom_3m,63,weekly,2023-09-01,515220,煤炭ETF国泰,sector,煤炭,0.08574610244988867,515220,0.08574610244988867,511260,0.014530598492187075,最佳行业/主题 ETF 动量为正，持有该 ETF
mom_3m,63,weekly,2023-09-08,515220,煤炭ETF国泰,sector,煤炭,0.09944751381215466,515220,0.09944751381215466,511260,0.0073123840386859484,最佳行业/主题 ETF 动量为正，持有该 ETF
mom_3m,63,weekly,2023-09-15,515220,煤炭ETF国泰,sector,煤炭,0.14835164835164827,515220,0.14835164835164827,511260,0.009896577818885088,最佳行业/主题 ETF 动量为正，持有该 ETF
mom_3m,63,weekly,2023-09-22,515220,煤炭ETF国泰,sector,煤炭,0.1503340757238305,515220,0.1503340757238305,511260,0.005566376733720624,最佳行业/主题 ETF 动量为正，持有该 ETF
mom_3m,63,weekly,2023-09-28,515220,煤炭ETF国泰,sector,煤炭,0.08792372881355925,515220,0.08792372881355925,511260,0.004072432314666585,最佳行业/主题 ETF 动量为正，持有该 ETF
mom_3m,63,weekly,2023-10-13,512800,银行ETF华宝,sector,银行,0.060037523452157515,512800,0.060037523452157515,511260,0.0031138305975708658,最佳行业/主题 ETF 动量为正，持有该 ETF
mom_3m,63,weekly,2023-10-20,515220,煤炭ETF国泰,sector,煤炭,0.05944798301486198,515220,0.05944798301486198,511260,0.001989983193839473,最佳行业/主题 ETF 动量为正，持有该 ETF
mom_3m,63,weekly,2023-10-27,515220,煤炭ETF国泰,sector,煤炭,0.06810810810810808,515220,0.06810810810810808,511260,-0.00010834236186341162,最佳行业/主题 ETF 动量为正，持有该 ETF
mom_3m,63,weekly,2023-11-03,515220,煤炭ETF国泰,sector,煤炭,0.034663865546218586,515220,0.034663865546218586,511260,0.006948741533573166,最佳行业/主题 ETF 动量为正，持有该 ETF
mom_3m,63,weekly,2023-11-10,515220,煤炭ETF国泰,sector,煤炭,0.09452201933404925,515220,0.09452201933404925,511260,0.005087827581029991,最佳行业/主题 ETF 动量为正，持有该 ETF
mom_3m,63,weekly,2023-11-17,515220,煤炭ETF国泰,sector,煤炭,0.09729729729729719,515220,0.09729729729729719,511260,0.004288628887871182,最佳行业/主题 ETF 动量为正，持有该 ETF
mom_3m,63,weekly,2023-11-24,515220,煤炭ETF国泰,sector,煤炭,0.16222222222222227,515220,0.16222222222222227,511010,-0.003787470554725836,最佳行业/主题 ETF 动量为正，持有该 ETF
mom_3m,63,weekly,2023-12-01,515220,煤炭ETF国泰,sector,煤炭,0.15000000000000013,515220,0.15000000000000013,511010,-0.0002469974374016415,最佳行业/主题 ETF 动量为正，持有该 ETF
mom_3m,63,weekly,2023-12-08,515220,煤炭ETF国泰,sector,煤炭,0.04558969276511404,515220,0.04558969276511404,511260,0.004055697130198599,最佳行业/主题 ETF 动量为正，持有该 ETF
mom_3m,63,weekly,2023-12-15,515220,煤炭ETF国泰,sector,煤炭,0.06979062811565306,515220,0.06979062811565306,511260,0.008210317493394292,最佳行业/主题 ETF 动量为正，持有该 ETF
mom_3m,63,weekly,2023-12-22,515220,煤炭ETF国泰,sector,煤炭,0.028517110266159662,515220,0.028517110266159662,511260,0.010239647782799288,最佳行业/主题 ETF 动量为正，持有该 ETF
mom_3m,63,weekly,2023-12-29,515220,煤炭ETF国泰,sector,煤炭,0.035748792270531515,515220,0.035748792270531515,511260,0.01690409309791341,最佳行业/主题 ETF 动量为正，持有该 ETF
mom_3m,63,weekly,2024-01-05,515220,煤炭ETF国泰,sector,煤炭,0.09239653512993273,515220,0.09239653512993273,511260,0.01916466426378327,最佳行业/主题 ETF 动量为正，持有该 ETF
mom_3m,63,weekly,2024-01-12,515220,煤炭ETF国泰,sector,煤炭,0.091796875,515220,0.091796875,511260,0.016058162899473816,最佳行业/主题 ETF 动量为正，持有该 ETF
mom_3m,63,weekly,2024-01-19,515220,煤炭ETF国泰,sector,煤炭,0.09155645981688698,515220,0.09155645981688698,511260,0.018213342002384003,最佳行业/主题 ETF 动量为正，持有该 ETF
mom_3m,63,weekly,2024-01-26,515220,煤炭ETF国泰,sector,煤炭,0.16888433981576245,515220,0.16888433981576245,511260,0.019079199506773614,最佳行业/主题 ETF 动量为正，持有该 ETF
mom_3m,63,weekly,2024-02-02,515220,煤炭ETF国泰,sector,煤炭,0.13622291021671828,515220,0.13622291021671828,511260,0.020912231745398913,最佳行业/主题 ETF 动量为正，持有该 ETF
mom_3m,63,weekly,2024-02-08,515220,煤炭ETF国泰,sector,煤炭,0.12757605495583912,515220,0.12757605495583912,511260,0.021011750647281335,最佳行业/主题 ETF 动量为正，持有该 ETF
mom_3m,63,weekly,2024-02-23,515220,煤炭ETF国泰,sector,煤炭,0.23448275862068968,515220,0.23448275862068968,511260,0.02311774461028193,最佳行业/主题 ETF 动量为正，持有该 ETF
mom_3m,63,weekly,2024-03-01,515220,煤炭ETF国泰,sector,煤炭,0.18738049713193106,515220,0.18738049713193106,511260,0.026293933957876492,最佳行业/主题 ETF 动量为正，持有该 ETF
mom_3m,63,weekly,2024-03-08,515220,煤炭ETF国泰,sector,煤炭,0.17946345975948197,515220,0.17946345975948197,511260,0.030602597488762484,最佳行业/主题 ETF 动量为正，持有该 ETF
mom_3m,63,weekly,2024-03-15,512400,有色金属ETF南方,sector,有色金属,0.12374581939799323,512400,0.12374581939799323,511260,0.02608551403807069,最佳行业/主题 ETF 动量为正，持有该 ETF
mom_3m,63,weekly,2024-03-22,512400,有色金属ETF南方,sector,有色金属,0.11999999999999988,512400,0.11999999999999988,511260,0.024802407487020117,最佳行业/主题 ETF 动量为正，持有该 ETF
mom_3m,63,weekly,2024-03-29,512400,有色金属ETF南方,sector,有色金属,0.15610859728506798,512400,0.15610859728506798,511260,0.023903461709889884,最佳行业/主题 ETF 动量为正，持有该 ETF
mom_3m,63,weekly,2024-04-03,512400,有色金属ETF南方,sector,有色金属,0.22085201793721976,512400,0.22085201793721976,511260,0.02311962573715931,最佳行业/主题 ETF 动量为正，持有该 ETF
mom_3m,63,weekly,2024-04-12,512400,有色金属ETF南方,sector,有色金属,0.21295279912184406,512400,0.21295279912184406,511260,0.022455765836036035,最佳行业/主题 ETF 动量为正，持有该 ETF
mom_3m,63,weekly,2024-04-19,512400,有色金属ETF南方,sector,有色金属,0.18558951965065495,512400,0.18558951965065495,511260,0.024197117985540695,最佳行业/主题 ETF 动量为正，持有该 ETF
mom_3m,63,weekly,2024-04-26,512400,有色金属ETF南方,sector,有色金属,0.2169919632606201,512400,0.2169919632606201,511260,0.020010484412627205,最佳行业/主题 ETF 动量为正，持有该 ETF
mom_3m,63,weekly,2024-04-30,512400,有色金属ETF南方,sector,有色金属,0.2654545454545456,512400,0.2654545454545456,511260,0.017315132133188138,最佳行业/主题 ETF 动量为正，持有该 ETF
mom_3m,63,weekly,2024-05-10,512400,有色金属ETF南方,sector,有色金属,0.26573426573426584,512400,0.26573426573426584,511260,0.017771640547121548,最佳行业/主题 ETF 动量为正，持有该 ETF
mom_3m,63,weekly,2024-05-17,512400,有色金属ETF南方,sector,有色金属,0.3883870967741936,512400,0.3883870967741936,511260,0.011573980068388057,最佳行业/主题 ETF 动量为正，持有该 ETF
mom_3m,63,weekly,2024-05-24,512400,有色金属ETF南方,sector,有色金属,0.1905855338691158,512400,0.1905855338691158,511260,0.014024117909781086,最佳行业/主题 ETF 动量为正，持有该 ETF
mom_3m,63,weekly,2024-05-31,512400,有色金属ETF南方,sector,有色金属,0.1594202898550725,512400,0.1594202898550725,511010,0.011062835998574494,最佳行业/主题 ETF 动量为正，持有该 ETF
mom_3m,63,weekly,2024-06-07,512400,有色金属ETF南方,sector,有色金属,0.10281385281385269,512400,0.10281385281385269,511010,0.01292142499658766,最佳行业/主题 ETF 动量为正，持有该 ETF
mom_3m,63,weekly,2024-06-14,512800,银行ETF华宝,sector,银行,0.04810996563573888,512800,0.04810996563573888,511010,0.011830465341735152,最佳行业/主题 ETF 动量为正，持有该 ETF
mom_3m,63,weekly,2024-06-21,512800,银行ETF华宝,sector,银行,0.060975609756097615,512800,0.060975609756097615,511260,0.014763723882827096,最佳行业/主题 ETF 动量为正，持有该 ETF
mom_3m,63,weekly,2024-06-28,512800,银行ETF华宝,sector,银行,0.0795847750865053,512800,0.0795847750865053,511260,0.020075778996776483,最佳行业/主题 ETF 动量为正，持有该 ETF
mom_3m,63,weekly,2024-07-05,512800,银行ETF华宝,sector,银行,0.061328790459965976,512800,0.061328790459965976,511260,0.01685257227719572,最佳行业/主题 ETF 动量为正，持有该 ETF
mom_3m,63,weekly,2024-07-12,512800,银行ETF华宝,sector,银行,0.10256410256410264,512800,0.10256410256410264,511260,0.014921891339672255,最佳行业/主题 ETF 动量为正，持有该 ETF
mom_3m,63,weekly,2024-07-19,512480,半导体ETF国联安,sector,半导体,0.1277533039647576,512480,0.1277533039647576,511260,0.013175410177864055,最佳行业/主题 ETF 动量为正，持有该 ETF
mom_3m,63,weekly,2024-07-26,512480,半导体ETF国联安,sector,半导体,0.07473841554559035,512480,0.07473841554559035,511260,0.019364715500589158,最佳行业/主题 ETF 动量为正，持有该 ETF
mom_3m,63,weekly,2024-08-02,512800,银行ETF华宝,sector,银行,0.044334975369458185,512800,0.044334975369458185,511260,0.02610225592904425,最佳行业/主题 ETF 动量为正，持有该 ETF
mom_3m,63,weekly,2024-08-09,512480,半导体ETF国联安,sector,半导体,0.01455604075691408,512480,0.01455604075691408,511260,0.019795555413135046,最佳行业/主题 ETF 动量为正，持有该 ETF
mom_3m,63,weekly,2024-08-16,512800,银行ETF华宝,sector,银行,0.02373417721519,512800,0.02373417721519,511260,0.019676361916822316,最佳行业/主题 ETF 动量为正，持有该 ETF
mom_3m,63,weekly,2024-08-23,512800,银行ETF华宝,sector,银行,0.042319749216300995,512800,0.042319749216300995,511260,0.021609931918302072,最佳行业/主题 ETF 动量为正，持有该 ETF
mom_3m,63,weekly,2024-08-30,512800,银行ETF华宝,sector,银行,0.012903225806451646,512800,0.012903225806451646,511260,0.01810182778066638,最佳行业/主题 ETF 动量为正，持有该 ETF
mom_3m,63,weekly,2024-09-06,512800,银行ETF华宝,sector,银行,0.009836065573770592,512800,0.009836065573770592,511260,0.020634844640206707,最佳行业/主题 ETF 动量为正，持有该 ETF
mom_3m,63,weekly,2024-09-13,511260,十年国债ETF国泰,defensive,十年国债,0.022750248756219005,512800,-0.014851485148514865,511260,0.022750248756219005,最佳行业/主题 ETF 动量为负或不可用，切换到正动量防守资产
mom_3m,63,weekly,2024-09-20,511260,十年国债ETF国泰,defensive,十年国债,0.02534123920569864,512800,0.0,511260,0.02534123920569864,最佳行业/主题 ETF 动量为负或不可用，切换到正动量防守资产
mom_3m,63,weekly,2024-09-27,512880,证券ETF国泰,sector,证券,0.28480204342273296,512880,0.28480204342273296,511010,0.010512356302570858,最佳行业/主题 ETF 动量为正，持有该 ETF
mom_3m,63,weekly,2024-09-30,512880,证券ETF国泰,sector,证券,0.4119897959183674,512880,0.4119897959183674,511010,0.008746529747156506,最佳行业/主题 ETF 动量为正，持有该 ETF
mom_3m,63,weekly,2024-10-11,512880,证券ETF国泰,sector,证券,0.453125,512880,0.453125,511260,0.01447779912053715,最佳行业/主题 ETF 动量为正，持有该 ETF
mom_3m,63,weekly,2024-10-18,512880,证券ETF国泰,sector,证券,0.5083870967741935,512880,0.5083870967741935,511260,0.015598126322630801,最佳行业/主题 ETF 动量为正，持有该 ETF
mom_3m,63,weekly,2024-10-25,512880,证券ETF国泰,sector,证券,0.4355444305381726,512880,0.4355444305381726,511260,0.010700858759745246,最佳行业/主题 ETF 动量为正，持有该 ETF
mom_3m,63,weekly,2024-11-01,512880,证券ETF国泰,sector,证券,0.43945068664169784,512880,0.43945068664169784,511010,0.007887850190153589,最佳行业/主题 ETF 动量为正，持有该 ETF
mom_3m,63,weekly,2024-11-08,515230,软件ETF国泰,sector,软件,0.6273408239700373,515230,0.6273408239700373,511010,0.006011284081174351,最佳行业/主题 ETF 动量为正，持有该 ETF
mom_3m,63,weekly,2024-11-15,515230,软件ETF国泰,sector,软件,0.6536964980544746,515230,0.6536964980544746,511260,0.011500663801975008,最佳行业/主题 ETF 动量为正，持有该 ETF
mom_3m,63,weekly,2024-11-22,515230,软件ETF国泰,sector,软件,0.6324110671936758,515230,0.6324110671936758,511260,0.013157894736842035,最佳行业/主题 ETF 动量为正，持有该 ETF
mom_3m,63,weekly,2024-11-29,515230,软件ETF国泰,sector,软件,0.7307692307692308,515230,0.7307692307692308,511260,0.014872832188666196,最佳行业/主题 ETF 动量为正，持有该 ETF
mom_3m,63,weekly,2024-12-06,515230,软件ETF国泰,sector,软件,0.7272727272727273,515230,0.7272727272727273,511260,0.022234793129998875,最佳行业/主题 ETF 动量为正，持有该 ETF
mom_3m,63,weekly,2024-12-13,515230,软件ETF国泰,sector,软件,0.7474541751527495,515230,0.7474541751527495,511260,0.032093379616599416,最佳行业/主题 ETF 动量为正，持有该 ETF
mom_3m,63,weekly,2024-12-20,515230,软件ETF国泰,sector,软件,0.7131313131313131,515230,0.7131313131313131,511260,0.030922378836110598,最佳行业/主题 ETF 动量为正，持有该 ETF
mom_3m,63,weekly,2024-12-27,512480,半导体ETF国联安,sector,半导体,0.6423017107309488,512480,0.6423017107309488,511260,0.032836285769904494,最佳行业/主题 ETF 动量为正，持有该 ETF
mom_3m,63,weekly,2025-01-03,512480,半导体ETF国联安,sector,半导体,0.18639798488664971,512480,0.18639798488664971,511260,0.05359999369597257,最佳行业/主题 ETF 动量为正，持有该 ETF
mom_3m,63,weekly,2025-01-10,512480,半导体ETF国联安,sector,半导体,0.0726072607260726,512480,0.0726072607260726,511260,0.04259896729776247,最佳行业/主题 ETF 动量为正，持有该 ETF
mom_3m,63,weekly,2025-01-17,512800,银行ETF华宝,sector,银行,0.04084507042253516,512800,0.04084507042253516,511260,0.04037519118519217,最佳行业/主题 ETF 动量为正，持有该 ETF
mom_3m,63,weekly,2025-01-24,512800,银行ETF华宝,sector,银行,0.06151645207439205,512800,0.06151645207439205,511260,0.04308143087698402,最佳行业/主题 ETF 动量为正，持有该 ETF
mom_3m,63,weekly,2025-01-27,512800,银行ETF华宝,sector,银行,0.07582260371959948,512800,0.07582260371959948,511260,0.045521039497461446,最佳行业/主题 ETF 动量为正，持有该 ETF
mom_3m,63,weekly,2025-02-07,515230,软件ETF国泰,sector,软件,0.1941097724230254,515230,0.1941097724230254,511260,0.04440279567373406,最佳行业/主题 ETF 动量为正，持有该 ETF
mom_3m,63,weekly,2025-02-14,512980,传媒ETF广发,sector,传媒,0.15258511979823464,512980,0.15258511979823464,511260,0.03876343248715153,最佳行业/主题 ETF 动量为正，持有该 ETF
mom_3m,63,weekly,2025-02-21,515230,软件ETF国泰,sector,软件,0.15294117647058814,515230,0.15294117647058814,511260,0.029993553948788776,最佳行业/主题 ETF 动量为正，持有该 ETF
mom_3m,63,weekly,2025-02-28,512480,半导体ETF国联安,sector,半导体,0.13074565883554645,512480,0.13074565883554645,511260,0.027564430790237182,最佳行业/主题 ETF 动量为正，持有该 ETF
mom_3m,63,weekly,2025-03-07,512480,半导体ETF国联安,sector,半导体,0.13631840796019912,512480,0.13631840796019912,511260,0.018857429796438563,最佳行业/主题 ETF 动量为正，持有该 ETF
mom_3m,63,weekly,2025-03-14,512480,半导体ETF国联安,sector,半导体,0.1026653504442252,512480,0.1026653504442252,511260,0.008677406462323622,最佳行业/主题 ETF 动量为正，持有该 ETF
mom_3m,63,weekly,2025-03-21,512800,银行ETF华宝,sector,银行,0.07203389830508478,512800,0.07203389830508478,511260,-0.0039996060993992,最佳行业/主题 ETF 动量为正，持有该 ETF
mom_3m,63,weekly,2025-03-28,512400,有色金属ETF南方,sector,有色金属,0.08841463414634143,512400,0.08841463414634143,511260,-0.006137887298423572,最佳行业/主题 ETF 动量为正，持有该 ETF
mom_3m,63,weekly,2025-04-03,512400,有色金属ETF南方,sector,有色金属,0.055951169888097674,512400,0.055951169888097674,511260,0.0036847321948745293,最佳行业/主题 ETF 动量为正，持有该 ETF
mom_3m,63,weekly,2025-04-11,512480,半导体ETF国联安,sector,半导体,0.11995753715498947,512480,0.11995753715498947,511010,-0.0030335487488408752,最佳行业/主题 ETF 动量为正，持有该 ETF
mom_3m,63,weekly,2025-04-18,515230,软件ETF国泰,sector,软件,0.10953058321479392,515230,0.10953058321479392,511260,0.0008929576407910034,最佳行业/主题 ETF 动量为正，持有该 ETF
mom_3m,63,weekly,2025-04-25,159928,消费ETF汇添富,sector,消费,0.047254150702426445,159928,0.047254150702426445,511260,-0.0006750573798772752,最佳行业/主题 ETF 动量为正，持有该 ETF
mom_3m,63,weekly,2025-04-30,515230,软件ETF国泰,sector,软件,0.06631299734748008,515230,0.06631299734748008,511260,0.002452101533500839,最佳行业/主题 ETF 动量为正，持有该 ETF
mom_3m,63,weekly,2025-05-09,159928,消费ETF汇添富,sector,消费,0.08147174770039411,159928,0.08147174770039411,511260,0.0001047010784211988,最佳行业/主题 ETF 动量为正，持有该 ETF
mom_3m,63,weekly,2025-05-16,159928,消费ETF汇添富,sector,消费,0.06883116883116869,159928,0.06883116883116869,511010,-0.002215422806587264,最佳行业/主题 ETF 动量为正，持有该 ETF
mom_3m,63,weekly,2025-05-23,512800,银行ETF华宝,sector,银行,0.06340819022457067,512800,0.06340819022457067,511010,0.0024033415133815073,最佳行业/主题 ETF 动量为正，持有该 ETF
mom_3m,63,weekly,2025-05-30,512800,银行ETF华宝,sector,银行,0.09336941813261168,512800,0.09336941813261168,511010,0.005894366555466046,最佳行业/主题 ETF 动量为正，持有该 ETF
mom_3m,63,weekly,2025-06-06,512800,银行ETF华宝,sector,银行,0.10228802153432026,512800,0.10228802153432026,511260,0.006743047646344591,最佳行业/主题 ETF 动量为正，持有该 ETF
mom_3m,63,weekly,2025-06-13,512800,银行ETF华宝,sector,银行,0.1014686248331107,512800,0.1014686248331107,511260,0.020675501438129684,最佳行业/主题 ETF 动量为正，持有该 ETF
mom_3m,63,weekly,2025-06-20,512800,银行ETF华宝,sector,银行,0.11548556430446189,512800,0.11548556430446189,511260,0.024316225595865992,最佳行业/主题 ETF 动量为正，持有该 ETF
mom_3m,63,weekly,2025-06-27,512800,银行ETF华宝,sector,银行,0.11298701298701297,512800,0.11298701298701297,511260,0.017180877728660615,最佳行业/主题 ETF 动量为正，持有该 ETF
mom_3m,63,weekly,2025-07-04,512800,银行ETF华宝,sector,银行,0.17282321899736153,512800,0.17282321899736153,511260,0.018337194728246242,最佳行业/主题 ETF 动量为正，持有该 ETF
mom_3m,63,weekly,2025-07-11,512800,银行ETF华宝,sector,银行,0.2065217391304348,512800,0.2065217391304348,511260,0.0038730597171765524,最佳行业/主题 ETF 动量为正，持有该 ETF
mom_3m,63,weekly,2025-07-18,512660,军工ETF国泰,sector,军工,0.15500000000000003,512660,0.15500000000000003,511260,0.002299711599685228,最佳行业/主题 ETF 动量为正，持有该 ETF
mom_3m,63,weekly,2025-07-25,512400,有色金属ETF南方,sector,有色金属,0.23592233009708719,512400,0.23592233009708719,511010,0.000607177707904194,最佳行业/主题 ETF 动量为正，持有该 ETF
mom_3m,63,weekly,2025-08-01,512400,有色金属ETF南方,sector,有色金属,0.18879056047197662,512400,0.18879056047197662,511010,0.0002741564278860853,最佳行业/主题 ETF 动量为正，持有该 ETF
mom_3m,63,weekly,2025-08-08,512400,有色金属ETF南方,sector,有色金属,0.22914669223394069,512400,0.22914669223394069,511010,0.0011754609898388946,最佳行业/主题 ETF 动量为正，持有该 ETF
mom_3m,63,weekly,2025-08-15,512400,有色金属ETF南方,sector,有色金属,0.2847490347490347,512400,0.2847490347490347,511010,0.0024071825121443347,最佳行业/主题 ETF 动量为正，持有该 ETF
mom_3m,63,weekly,2025-08-22,515230,软件ETF国泰,sector,软件,0.29871794871794854,515230,0.29871794871794854,511010,-0.0009027226113960118,最佳行业/主题 ETF 动量为正，持有该 ETF
mom_3m,63,weekly,2025-08-29,512400,有色金属ETF南方,sector,有色金属,0.41170825335892514,512400,0.41170825335892514,511010,0.0005708381204252433,最佳行业/主题 ETF 动量为正，持有该 ETF
mom_3m,63,weekly,2025-09-05,515790,光伏ETF华泰柏瑞,sector,光伏,0.4058641975308641,515790,0.4058641975308641,511010,-0.0009154472716786932,最佳行业/主题 ETF 动量为正，持有该 ETF
mom_3m,63,weekly,2025-09-12,512400,有色金属ETF南方,sector,有色金属,0.4102096627164995,512400,0.4102096627164995,511010,-0.002030135270360778,最佳行业/主题 ETF 动量为正，持有该 ETF
mom_3m,63,weekly,2025-09-19,512480,半导体ETF国联安,sector,半导体,0.3813725490196078,512480,0.3813725490196078,511010,-0.0011737427271156786,最佳行业/主题 ETF 动量为正，持有该 ETF
mom_3m,63,weekly,2025-09-26,512480,半导体ETF国联安,sector,半导体,0.45881226053639823,512480,0.45881226053639823,511010,-0.0023388866899357597,最佳行业/主题 ETF 动量为正，持有该 ETF
mom_3m,63,weekly,2025-09-30,512480,半导体ETF国联安,sector,半导体,0.5390625,512480,0.5390625,511010,-0.0018050671326760304,最佳行业/主题 ETF 动量为正，持有该 ETF
mom_3m,63,weekly,2025-10-10,512400,有色金属ETF南方,sector,有色金属,0.5395555555555556,512400,0.5395555555555556,511010,-0.0014237946284112457,最佳行业/主题 ETF 动量为正，持有该 ETF
mom_3m,63,weekly,2025-10-17,512400,有色金属ETF南方,sector,有色金属,0.4430051813471505,512400,0.4430051813471505,511010,0.001938724765947697,最佳行业/主题 ETF 动量为正，持有该 ETF
mom_3m,63,weekly,2025-10-24,512480,半导体ETF国联安,sector,半导体,0.4763285024154591,512480,0.4763285024154591,511010,0.0007204974314265478,最佳行业/主题 ETF 动量为正，持有该 ETF
mom_3m,63,weekly,2025-10-31,515030,新能源车ETF华夏,sector,新能源车,0.39881831610044305,515030,0.39881831610044305,511010,0.006509721280004488,最佳行业/主题 ETF 动量为正，持有该 ETF
mom_3m,63,weekly,2025-11-07,515790,光伏ETF华泰柏瑞,sector,光伏,0.49377593360995875,515790,0.49377593360995875,511010,0.0053817352849940825,最佳行业/主题 ETF 动量为正，持有该 ETF
mom_3m,63,weekly,2025-11-14,515030,新能源车ETF华夏,sector,新能源车,0.4241302738712065,515030,0.4241302738712065,511010,0.005019291097248857,最佳行业/主题 ETF 动量为正，持有该 ETF
mom_3m,63,weekly,2025-11-21,515030,新能源车ETF华夏,sector,新能源车,0.2665229885057472,515030,0.2665229885057472,511260,0.0077920707767202835,最佳行业/主题 ETF 动量为正，持有该 ETF
mom_3m,63,weekly,2025-11-28,515030,新能源车ETF华夏,sector,新能源车,0.25086865879082687,515030,0.25086865879082687,511010,0.006052114629073291,最佳行业/主题 ETF 动量为正，持有该 ETF
mom_3m,63,weekly,2025-12-05,512400,有色金属ETF南方,sector,有色金属,0.181159420289855,512400,0.181159420289855,511010,0.004863511397501963,最佳行业/主题 ETF 动量为正，持有该 ETF
mom_3m,63,weekly,2025-12-12,512400,有色金属ETF南方,sector,有色金属,0.188717259905977,512400,0.188717259905977,511010,0.005917373263575776,最佳行业/主题 ETF 动量为正，持有该 ETF
mom_3m,63,weekly,2025-12-19,512400,有色金属ETF南方,sector,有色金属,0.17719869706840385,512400,0.17719869706840385,511010,0.006106088787000585,最佳行业/主题 ETF 动量为正，持有该 ETF
mom_3m,63,weekly,2025-12-26,512400,有色金属ETF南方,sector,有色金属,0.282565130260521,512400,0.282565130260521,511010,0.006432744325426176,最佳行业/主题 ETF 动量为正，持有该 ETF
mom_3m,63,weekly,2025-12-31,512400,有色金属ETF南方,sector,有色金属,0.25701239399869547,512400,0.25701239399869547,511010,0.007211642579732391,最佳行业/主题 ETF 动量为正，持有该 ETF
mom_3m,63,weekly,2026-01-09,512660,军工ETF国泰,sector,军工,0.27088402270884004,512660,0.27088402270884004,511010,0.003276516378981409,最佳行业/主题 ETF 动量为正，持有该 ETF
mom_3m,63,weekly,2026-01-16,512400,有色金属ETF南方,sector,有色金属,0.30161579892280055,512400,0.30161579892280055,511010,0.004654006617752726,最佳行业/主题 ETF 动量为正，持有该 ETF
mom_3m,63,weekly,2026-01-23,512400,有色金属ETF南方,sector,有色金属,0.34882352941176475,512400,0.34882352941176475,511260,0.006675788239185687,最佳行业/主题 ETF 动量为正，持有该 ETF
mom_3m,63,weekly,2026-01-30,512400,有色金属ETF南方,sector,有色金属,0.3411697247706422,512400,0.3411697247706422,511010,0.002825101818390463,最佳行业/主题 ETF 动量为正，持有该 ETF
mom_3m,63,weekly,2026-02-06,512400,有色金属ETF南方,sector,有色金属,0.23878020713463743,512400,0.23878020713463743,511260,0.005041815652069959,最佳行业/主题 ETF 动量为正，持有该 ETF
mom_3m,63,weekly,2026-02-13,512660,军工ETF国泰,sector,军工,0.2632027257240206,512660,0.2632027257240206,511260,0.007108809685940187,最佳行业/主题 ETF 动量为正，持有该 ETF
mom_3m,63,weekly,2026-02-27,512400,有色金属ETF南方,sector,有色金属,0.38346727898966715,512400,0.38346727898966715,511010,0.005027756659446769,最佳行业/主题 ETF 动量为正，持有该 ETF
mom_3m,63,weekly,2026-03-06,512400,有色金属ETF南方,sector,有色金属,0.3597852028639619,512400,0.3597852028639619,511260,0.009599808003839971,最佳行业/主题 ETF 动量为正，持有该 ETF
mom_3m,63,weekly,2026-03-13,512400,有色金属ETF南方,sector,有色金属,0.2545766590389016,512400,0.2545766590389016,511260,0.00990649709870417,最佳行业/主题 ETF 动量为正，持有该 ETF
mom_3m,63,weekly,2026-03-20,515220,煤炭ETF国泰,sector,煤炭,0.22306959008579597,515220,0.22306959008579597,511010,0.006081730424430276,最佳行业/主题 ETF 动量为正，持有该 ETF
mom_3m,63,weekly,2026-03-27,515220,煤炭ETF国泰,sector,煤炭,0.21042654028436014,515220,0.21042654028436014,511260,0.0072618539085860245,最佳行业/主题 ETF 动量为正，持有该 ETF
mom_3m,63,weekly,2026-04-03,515220,煤炭ETF国泰,sector,煤炭,0.1505791505791505,515220,0.1505791505791505,511260,0.0062690765455741815,最佳行业/主题 ETF 动量为正，持有该 ETF
mom_3m,63,weekly,2026-04-10,515220,煤炭ETF国泰,sector,煤炭,0.16245136186770437,515220,0.16245136186770437,511260,0.0111447389172179,最佳行业/主题 ETF 动量为正，持有该 ETF
mom_3m,63,weekly,2026-04-17,515220,煤炭ETF国泰,sector,煤炭,0.0757299270072993,515220,0.0757299270072993,511260,0.014933665693112719,最佳行业/主题 ETF 动量为正，持有该 ETF
mom_3m,63,weekly,2026-04-24,515220,煤炭ETF国泰,sector,煤炭,0.18311195445920303,515220,0.18311195445920303,511260,0.012428777861800855,最佳行业/主题 ETF 动量为正，持有该 ETF
mom_3m,63,weekly,2026-04-30,515220,煤炭ETF国泰,sector,煤炭,0.20752984389348028,515220,0.20752984389348028,511260,0.009671035435569797,最佳行业/主题 ETF 动量为正，持有该 ETF
mom_3m,63,weekly,2026-05-08,515220,煤炭ETF国泰,sector,煤炭,0.16123019571295427,515220,0.16123019571295427,511260,0.009423958660035536,最佳行业/主题 ETF 动量为正，持有该 ETF
mom_3m,63,weekly,2026-05-15,512480,半导体ETF国联安,sector,半导体,0.23934226552984184,512480,0.23934226552984184,511260,0.009730890544258575,最佳行业/主题 ETF 动量为正，持有该 ETF
mom_3m,63,weekly,2026-05-22,512480,半导体ETF国联安,sector,半导体,0.3380195599022007,512480,0.3380195599022007,511010,0.007894473868292229,最佳行业/主题 ETF 动量为正，持有该 ETF
mom_3m,63,weekly,2026-05-29,512480,半导体ETF国联安,sector,半导体,0.28955223880597014,512480,0.28955223880597014,511260,0.012265555224769242,最佳行业/主题 ETF 动量为正，持有该 ETF
mom_3m,63,weekly,2026-06-05,512480,半导体ETF国联安,sector,半导体,0.3412443874278386,512480,0.3412443874278386,511260,0.011131504833807648,最佳行业/主题 ETF 动量为正，持有该 ETF
mom_3m,63,weekly,2026-06-12,512480,半导体ETF国联安,sector,半导体,0.33544705136334807,512480,0.33544705136334807,511260,0.009402988408192536,最佳行业/主题 ETF 动量为正，持有该 ETF
mom_3m,63,weekly,2026-06-18,512480,半导体ETF国联安,sector,半导体,0.6173402868318121,512480,0.6173402868318121,511260,0.013467285749420688,最佳行业/主题 ETF 动量为正，持有该 ETF
mom_3m,63,biweekly,2015-01-16,CASH,空仓,cash,现金,0.0,,,,,行业和防守资产均无正动量，空仓
mom_3m,63,biweekly,2015-01-30,CASH,空仓,cash,现金,0.0,,,,,行业和防守资产均无正动量，空仓
mom_3m,63,biweekly,2015-02-13,CASH,空仓,cash,现金,0.0,,,,,行业和防守资产均无正动量，空仓
mom_3m,63,biweekly,2015-02-27,CASH,空仓,cash,现金,0.0,,,,,行业和防守资产均无正动量，空仓
mom_3m,63,biweekly,2015-03-13,CASH,空仓,cash,现金,0.0,,,,,行业和防守资产均无正动量，空仓
mom_3m,63,biweekly,2015-03-27,CASH,空仓,cash,现金,0.0,,,,,行业和防守资产均无正动量，空仓
mom_3m,63,biweekly,2015-04-10,159928,消费ETF汇添富,sector,消费,0.25,159928,0.25,511010,0.020989761092150117,最佳行业/主题 ETF 动量为正，持有该 ETF
mom_3m,63,biweekly,2015-04-24,159928,消费ETF汇添富,sector,消费,0.43772241992882566,159928,0.43772241992882566,511010,0.010867111036940269,最佳行业/主题 ETF 动量为正，持有该 ETF
mom_3m,63,biweekly,2015-05-08,159928,消费ETF汇添富,sector,消费,0.329896907216495,159928,0.329896907216495,511010,0.016883615218867165,最佳行业/主题 ETF 动量为正，持有该 ETF
mom_3m,63,biweekly,2015-05-22,159928,消费ETF汇添富,sector,消费,0.47457627118644075,159928,0.47457627118644075,511010,0.0007551846329609813,最佳行业/主题 ETF 动量为正，持有该 ETF
mom_3m,63,biweekly,2015-06-05,159928,消费ETF汇添富,sector,消费,0.5180327868852459,159928,0.5180327868852459,511010,0.008084176857215297,最佳行业/主题 ETF 动量为正，持有该 ETF
mom_3m,63,biweekly,2015-06-19,159928,消费ETF汇添富,sector,消费,0.2831325301204819,159928,0.2831325301204819,511010,-0.000731015526769685,最佳行业/主题 ETF 动量为正，持有该 ETF
mom_3m,63,biweekly,2015-07-03,512010,医药ETF易方达,sector,医药,0.022727272727272707,512010,0.022727272727272707,511010,0.0028152711292472876,最佳行业/主题 ETF 动量为正，持有该 ETF
mom_3m,63,biweekly,2015-07-17,512010,医药ETF易方达,sector,医药,0.03625377643504524,512010,0.03625377643504524,511010,0.022331128150666846,最佳行业/主题 ETF 动量为正，持有该 ETF
mom_3m,63,biweekly,2015-07-31,511010,国债ETF国泰,defensive,国债,0.012282537099461477,512010,-0.0388059701492538,511010,0.012282537099461477,最佳行业/主题 ETF 动量为负或不可用，切换到正动量防守资产
mom_3m,63,biweekly,2015-08-14,511010,国债ETF国泰,defensive,国债,0.009236049516023304,159928,-0.01253132832080206,511010,0.009236049516023304,最佳行业/主题 ETF 动量为负或不可用，切换到正动量防守资产
mom_3m,63,biweekly,2015-08-28,511010,国债ETF国泰,defensive,国债,0.026751791939211067,159928,-0.2582781456953642,511010,0.026751791939211067,最佳行业/主题 ETF 动量为负或不可用，切换到正动量防守资产
mom_3m,63,biweekly,2015-09-11,511010,国债ETF国泰,defensive,国债,0.014301793060622625,512010,-0.27930174563591037,511010,0.014301793060622625,最佳行业/主题 ETF 动量为负或不可用，切换到正动量防守资产
mom_3m,63,biweekly,2015-09-25,511010,国债ETF国泰,defensive,国债,0.024314770023208254,512010,-0.1941176470588235,511010,0.024314770023208254,最佳行业/主题 ETF 动量为负或不可用，切换到正动量防守资产
mom_3m,63,biweekly,2015-10-09,511010,国债ETF国泰,defensive,国债,0.028885563087517552,159928,-0.08620689655172409,511010,0.028885563087517552,最佳行业/主题 ETF 动量为负或不可用，切换到正动量防守资产
mom_3m,63,biweekly,2015-10-23,511010,国债ETF国泰,defensive,国债,0.008901257040474952,512010,-0.09329446064139946,511010,0.008901257040474952,最佳行业/主题 ETF 动量为负或不可用，切换到正动量防守资产
mom_3m,63,biweekly,2015-11-06,511010,国债ETF国泰,defensive,国债,0.009970910204394112,512010,-0.01552795031055898,511010,0.009970910204394112,最佳行业/主题 ETF 动量为负或不可用，切换到正动量防守资产
mom_3m,63,biweekly,2015-11-20,511010,国债ETF国泰,defensive,国债,0.0063525725530653165,512010,-0.05405405405405406,511010,0.0063525725530653165,最佳行业/主题 ETF 动量为负或不可用，切换到正动量防守资产
mom_3m,63,biweekly,2015-12-04,512010,医药ETF易方达,sector,医药,0.1045296167247387,512010,0.1045296167247387,511010,0.010337987335011789,最佳行业/主题 ETF 动量为正，持有该 ETF
mom_3m,63,biweekly,2015-12-18,512010,医药ETF易方达,sector,医药,0.21886792452830184,512010,0.21886792452830184,511010,0.015961509088131987,最佳行业/主题 ETF 动量为正，持有该 ETF
mom_3m,63,biweekly,2015-12-31,512010,医药ETF易方达,sector,医药,0.19424460431654667,512010,0.19424460431654667,511010,0.024315412186380003,最佳行业/主题 ETF 动量为正，持有该 ETF
mom_3m,63,biweekly,2016-01-15,511010,国债ETF国泰,defensive,国债,0.021102971875355703,159928,-0.0392749244712991,511010,0.021102971875355703,最佳行业/主题 ETF 动量为负或不可用，切换到正动量防守资产
mom_3m,63,biweekly,2016-01-29,511010,国债ETF国泰,defensive,国债,0.00913715146948002,512010,-0.08552631578947356,511010,0.00913715146948002,最佳行业/主题 ETF 动量为负或不可用，切换到正动量防守资产
mom_3m,63,biweekly,2016-02-19,511010,国债ETF国泰,defensive,国债,0.019998861004594026,159928,-0.1246376811594202,511010,0.019998861004594026,最佳行业/主题 ETF 动量为负或不可用，切换到正动量防守资产
mom_3m,63,biweekly,2016-03-04,511010,国债ETF国泰,defensive,国债,0.017535079601896042,512010,-0.09900990099009888,511010,0.017535079601896042,最佳行业/主题 ETF 动量为负或不可用，切换到正动量防守资产
mom_3m,63,biweekly,2016-03-18,511010,国债ETF国泰,defensive,国债,0.02065990901712067,159928,-0.09565217391304337,511010,0.02065990901712067,最佳行业/主题 ETF 动量为负或不可用，切换到正动量防守资产
mom_3m,63,biweekly,2016-04-01,511010,国债ETF国泰,defensive,国债,0.015616124556518951,159928,-0.0977653631284916,511010,0.015616124556518951,最佳行业/主题 ETF 动量为负或不可用，切换到正动量防守资产
mom_3m,63,biweekly,2016-04-15,511010,国债ETF国泰,defensive,国债,0.011601880176079993,159928,-0.015337423312883458,511010,0.011601880176079993,最佳行业/主题 ETF 动量为负或不可用，切换到正动量防守资产
mom_3m,63,biweekly,2016-04-29,159928,消费ETF汇添富,sector,消费,0.04234527687296419,159928,0.04234527687296419,511010,0.006729362201862266,最佳行业/主题 ETF 动量为正，持有该 ETF
mom_3m,63,biweekly,2016-05-13,159928,消费ETF汇添富,sector,消费,0.11705685618729111,159928,0.11705685618729111,511010,0.013046843671021824,最佳行业/主题 ETF 动量为正，持有该 ETF
mom_3m,63,biweekly,2016-05-27,159928,消费ETF汇添富,sector,消费,0.11643835616438358,159928,0.11643835616438358,511010,0.004958861876195542,最佳行业/主题 ETF 动量为正，持有该 ETF
mom_3m,63,biweekly,2016-06-08,159928,消费ETF汇添富,sector,消费,0.11551155115511569,159928,0.11551155115511569,511010,0.0036819261017955185,最佳行业/主题 ETF 动量为正，持有该 ETF
mom_3m,63,biweekly,2016-06-24,159928,消费ETF汇添富,sector,消费,0.053459119496855445,159928,0.053459119496855445,511010,0.004368546465448819,最佳行业/主题 ETF 动量为正，持有该 ETF
mom_3m,63,biweekly,2016-07-08,159928,消费ETF汇添富,sector,消费,0.11455108359133126,159928,0.11455108359133126,511010,0.004363923672678238,最佳行业/主题 ETF 动量为正，持有该 ETF
mom_3m,63,biweekly,2016-07-22,159928,消费ETF汇添富,sector,消费,0.16346153846153832,159928,0.16346153846153832,511010,0.014697574483454767,最佳行业/主题 ETF 动量为正，持有该 ETF
mom_3m,63,biweekly,2016-08-05,512010,医药ETF易方达,sector,医药,0.13214285714285712,512010,0.13214285714285712,511010,0.018369934386481157,最佳行业/主题 ETF 动量为正，持有该 ETF
mom_3m,63,biweekly,2016-08-19,512010,医药ETF易方达,sector,医药,0.14234875444839856,512010,0.14234875444839856,511010,0.017229280543654912,最佳行业/主题 ETF 动量为正，持有该 ETF
mom_3m,63,biweekly,2016-09-02,512010,医药ETF易方达,sector,医药,0.13829787234042556,512010,0.13829787234042556,511010,0.017542723378269676,最佳行业/主题 ETF 动量为正，持有该 ETF
mom_3m,63,biweekly,2016-09-14,512010,医药ETF易方达,sector,医药,0.10104529616724744,512010,0.10104529616724744,511010,0.014380867274084164,最佳行业/主题 ETF 动量为正，持有该 ETF
mom_3m,63,biweekly,2016-09-30,512010,医药ETF易方达,sector,医药,0.0955631399317407,512010,0.0955631399317407,511010,0.011971714877168527,最佳行业/主题 ETF 动量为正，持有该 ETF
mom_3m,63,biweekly,2016-10-21,512010,医药ETF易方达,sector,医药,0.051118210862619806,512010,0.051118210862619806,511010,0.015875628715134926,最佳行业/主题 ETF 动量为正，持有该 ETF
mom_3m,63,biweekly,2016-11-04,512010,医药ETF易方达,sector,医药,0.034810126582278444,512010,0.034810126582278444,511010,0.010852529523254217,最佳行业/主题 ETF 动量为正，持有该 ETF
mom_3m,63,biweekly,2016-11-18,512880,证券ETF国泰,sector,证券,0.0790742526518804,512880,0.0790742526518804,511010,-0.004847770931496909,最佳行业/主题 ETF 动量为正，持有该 ETF
mom_3m,63,biweekly,2016-12-02,512880,证券ETF国泰,sector,证券,0.06774809160305328,512880,0.06774809160305328,511010,-0.010024334435041582,最佳行业/主题 ETF 动量为正，持有该 ETF
mom_3m,63,biweekly,2016-12-16,159928,消费ETF汇添富,sector,消费,0.025000000000000133,159928,0.025000000000000133,511010,-0.03744209283313649,最佳行业/主题 ETF 动量为正，持有该 ETF
mom_3m,63,biweekly,2016-12-30,159928,消费ETF汇添富,sector,消费,0.042735042735042805,159928,0.042735042735042805,511010,-0.019973694952151955,最佳行业/主题 ETF 动量为正，持有该 ETF
mom_3m,63,biweekly,2017-01-13,159928,消费ETF汇添富,sector,消费,0.03064066852367686,159928,0.03064066852367686,511010,-0.02402947471080652,最佳行业/主题 ETF 动量为正，持有该 ETF
mom_3m,63,biweekly,2017-01-26,159928,消费ETF汇添富,sector,消费,0.024657534246575352,159928,0.024657534246575352,511010,-0.023888568129330268,最佳行业/主题 ETF 动量为正，持有该 ETF
mom_3m,63,biweekly,2017-02-10,512660,军工ETF国泰,sector,军工,0.05177664974619289,512660,0.05177664974619289,511010,-0.028831056326589444,最佳行业/主题 ETF 动量为正，持有该 ETF
mom_3m,63,biweekly,2017-02-24,159928,消费ETF汇添富,sector,消费,0.07377049180327866,159928,0.07377049180327866,511010,-0.015013922000400304,最佳行业/主题 ETF 动量为正，持有该 ETF
mom_3m,63,biweekly,2017-03-10,159928,消费ETF汇添富,sector,消费,0.06557377049180335,159928,0.06557377049180335,511010,-0.009762542665247453,最佳行业/主题 ETF 动量为正，持有该 ETF
mom_3m,63,biweekly,2017-03-24,159928,消费ETF汇添富,sector,消费,0.10840108401084003,159928,0.10840108401084003,511010,0.016415432382488993,最佳行业/主题 ETF 动量为正，持有该 ETF
mom_3m,63,biweekly,2017-04-07,512010,医药ETF易方达,sector,医药,0.13931888544891646,512010,0.13931888544891646,511010,0.0024072959585204057,最佳行业/主题 ETF 动量为正，持有该 ETF
mom_3m,63,biweekly,2017-04-21,512010,医药ETF易方达,sector,医药,0.11076923076923073,512010,0.11076923076923073,511010,-0.004441236884472399,最佳行业/主题 ETF 动量为正，持有该 ETF
mom_3m,63,biweekly,2017-05-05,512010,医药ETF易方达,sector,医药,0.08132530120481918,512010,0.08132530120481918,511010,-0.012966728280961237,最佳行业/主题 ETF 动量为正，持有该 ETF
mom_3m,63,biweekly,2017-05-19,512010,医药ETF易方达,sector,医药,0.10030395136778103,512010,0.10030395136778103,511010,-0.020258337725259645,最佳行业/主题 ETF 动量为正，持有该 ETF
mom_3m,63,biweekly,2017-06-02,512010,医药ETF易方达,sector,医药,0.10210210210210202,512010,0.10210210210210202,511010,-0.012927020423217028,最佳行业/主题 ETF 动量为正，持有该 ETF
mom_3m,63,biweekly,2017-06-16,512010,医药ETF易方达,sector,医药,0.13731343283582076,512010,0.13731343283582076,511010,-0.006463980441365869,最佳行业/主题 ETF 动量为正，持有该 ETF
mom_3m,63,biweekly,2017-06-30,159928,消费ETF汇添富,sector,消费,0.0871670702179177,159928,0.0871670702179177,511010,-0.011003020980571376,最佳行业/主题 ETF 动量为正，持有该 ETF
mom_3m,63,biweekly,2017-07-14,159928,消费ETF汇添富,sector,消费,0.06127450980392157,159928,0.06127450980392157,511010,-0.010421286031042087,最佳行业/主题 ETF 动量为正，持有该 ETF
mom_3m,63,biweekly,2017-07-28,159928,消费ETF汇添富,sector,消费,0.08780487804878057,159928,0.08780487804878057,511010,-0.0025263118643436,最佳行业/主题 ETF 动量为正，持有该 ETF
mom_3m,63,biweekly,2017-08-11,159928,消费ETF汇添富,sector,消费,0.13533834586466154,159928,0.13533834586466154,511010,0.009084575990359944,最佳行业/主题 ETF 动量为正，持有该 ETF
mom_3m,63,biweekly,2017-08-25,159928,消费ETF汇添富,sector,消费,0.13075060532687655,159928,0.13075060532687655,511010,0.00910945446682887,最佳行业/主题 ETF 动量为正，持有该 ETF
mom_3m,63,biweekly,2017-09-08,512880,证券ETF国泰,sector,证券,0.12729124236252543,512880,0.12729124236252543,511010,0.0023876365196466853,最佳行业/主题 ETF 动量为正，持有该 ETF
mom_3m,63,biweekly,2017-09-22,159928,消费ETF汇添富,sector,消费,0.10222222222222221,159928,0.10222222222222221,511010,-0.001861989349420945,最佳行业/主题 ETF 动量为正，持有该 ETF
mom_3m,63,biweekly,2017-10-13,159928,消费ETF汇添富,sector,消费,0.21315192743764189,159928,0.21315192743764189,511010,-0.0004942462278754167,最佳行业/主题 ETF 动量为正，持有该 ETF
mom_3m,63,biweekly,2017-10-27,159928,消费ETF汇添富,sector,消费,0.2757847533632285,159928,0.2757847533632285,511010,-0.0027018436109345068,最佳行业/主题 ETF 动量为正，持有该 ETF
mom_3m,63,biweekly,2017-11-10,159928,消费ETF汇添富,sector,消费,0.2643171806167399,159928,0.2643171806167399,511010,-0.0022412311829965725,最佳行业/主题 ETF 动量为正，持有该 ETF
mom_3m,63,biweekly,2017-11-24,159928,消费ETF汇添富,sector,消费,0.17234042553191498,159928,0.17234042553191498,511010,-0.009398513766771477,最佳行业/主题 ETF 动量为正，持有该 ETF
mom_3m,63,biweekly,2017-12-08,159928,消费ETF汇添富,sector,消费,0.14345991561181437,159928,0.14345991561181437,511010,-0.0051469971188006225,最佳行业/主题 ETF 动量为正，持有该 ETF
mom_3m,63,biweekly,2017-12-22,159928,消费ETF汇添富,sector,消费,0.22406639004149365,159928,0.22406639004149365,511010,-0.004443616377101889,最佳行业/主题 ETF 动量为正，持有该 ETF
mom_3m,63,biweekly,2018-01-05,159928,消费ETF汇添富,sector,消费,0.1932938856015778,159928,0.1932938856015778,511010,-0.0023979696568198205,最佳行业/主题 ETF 动量为正，持有该 ETF
mom_3m,63,biweekly,2018-01-19,159928,消费ETF汇添富,sector,消费,0.15456238361266283,159928,0.15456238361266283,511010,-0.0009627607866596888,最佳行业/主题 ETF 动量为正，持有该 ETF
mom_3m,63,biweekly,2018-02-02,512800,银行ETF华宝,sector,银行,0.16463414634146334,512800,0.16463414634146334,511010,0.007714497805925369,最佳行业/主题 ETF 动量为正，持有该 ETF
mom_3m,63,biweekly,2018-02-14,512800,银行ETF华宝,sector,银行,0.06841046277665996,512800,0.06841046277665996,511010,0.011907107670654282,最佳行业/主题 ETF 动量为正，持有该 ETF
mom_3m,63,biweekly,2018-03-02,159928,消费ETF汇添富,sector,消费,0.06077348066298338,159928,0.06077348066298338,511010,0.01810592814033507,最佳行业/主题 ETF 动量为正，持有该 ETF
mom_3m,63,biweekly,2018-03-16,512010,医药ETF易方达,sector,医药,0.07334963325183375,512010,0.07334963325183375,511010,0.013714424987813612,最佳行业/主题 ETF 动量为正，持有该 ETF
mom_3m,63,biweekly,2018-03-30,512010,医药ETF易方达,sector,医药,0.10311750599520386,512010,0.10311750599520386,511010,0.015351369555455907,最佳行业/主题 ETF 动量为正，持有该 ETF
mom_3m,63,biweekly,2018-04-13,512010,医药ETF易方达,sector,医药,0.0869565217391306,512010,0.0869565217391306,511260,0.023231877665049305,最佳行业/主题 ETF 动量为正，持有该 ETF
mom_3m,63,biweekly,2018-04-27,512010,医药ETF易方达,sector,医药,0.08235294117647074,512010,0.08235294117647074,511260,0.037873293179023104,最佳行业/主题 ETF 动量为正，持有该 ETF
mom_3m,63,biweekly,2018-05-11,512010,医药ETF易方达,sector,医药,0.1630695443645085,512010,0.1630695443645085,511260,0.027807834938911036,最佳行业/主题 ETF 动量为正，持有该 ETF
mom_3m,63,biweekly,2018-05-25,512010,医药ETF易方达,sector,医药,0.3037037037037036,512010,0.3037037037037036,511260,0.022806085788372066,最佳行业/主题 ETF 动量为正，持有该 ETF
mom_3m,63,biweekly,2018-06-08,512010,医药ETF易方达,sector,医药,0.22911694510739866,512010,0.22911694510739866,511260,0.01981606045507389,最佳行业/主题 ETF 动量为正，持有该 ETF
mom_3m,63,biweekly,2018-06-22,512010,医药ETF易方达,sector,医药,0.07826086956521738,512010,0.07826086956521738,511260,0.02686430825444286,最佳行业/主题 ETF 动量为正，持有该 ETF
mom_3m,63,biweekly,2018-07-06,512010,医药ETF易方达,sector,医药,0.02428256070640189,512010,0.02428256070640189,511260,0.02806554129349137,最佳行业/主题 ETF 动量为正，持有该 ETF
mom_3m,63,biweekly,2018-07-20,512010,医药ETF易方达,sector,医药,0.09865470852017943,512010,0.09865470852017943,511260,0.015192027224112836,最佳行业/主题 ETF 动量为正，持有该 ETF
mom_3m,63,biweekly,2018-08-03,511260,十年国债ETF国泰,defensive,十年国债,0.0213241948769054,512800,-0.06378600823045266,511260,0.0213241948769054,最佳行业/主题 ETF 动量为负或不可用，切换到正动量防守资产
mom_3m,63,biweekly,2018-08-17,511010,国债ETF国泰,defensive,国债,0.005219998720140451,512800,-0.09879032258064513,511010,0.005219998720140451,最佳行业/主题 ETF 动量为负或不可用，切换到正动量防守资产
mom_3m,63,biweekly,2018-08-31,511010,国债ETF国泰,defensive,国债,0.010821464091170352,512800,-0.027083333333333237,511010,0.010821464091170352,最佳行业/主题 ETF 动量为负或不可用，切换到正动量防守资产
mom_3m,63,biweekly,2018-09-14,512660,军工ETF国泰,sector,军工,0.09202453987730053,512660,0.09202453987730053,511260,0.008927208135261822,最佳行业/主题 ETF 动量为正，持有该 ETF
mom_3m,63,biweekly,2018-09-28,512800,银行ETF华宝,sector,银行,0.1542056074766356,512800,0.1542056074766356,511010,0.008042408728645922,最佳行业/主题 ETF 动量为正，持有该 ETF
mom_3m,63,biweekly,2018-10-19,512800,银行ETF华宝,sector,银行,0.0744920993227991,512800,0.0744920993227991,511010,0.012823647675713756,最佳行业/主题 ETF 动量为正，持有该 ETF
mom_3m,63,biweekly,2018-11-02,512800,银行ETF华宝,sector,银行,0.0573248407643312,512800,0.0573248407643312,511260,0.008221705301997284,最佳行业/主题 ETF 动量为正，持有该 ETF
mom_3m,63,biweekly,2018-11-16,512880,证券ETF国泰,sector,证券,0.12343966712898768,512880,0.12343966712898768,511260,0.023794444947073057,最佳行业/主题 ETF 动量为正，持有该 ETF
mom_3m,63,biweekly,2018-11-30,512880,证券ETF国泰,sector,证券,0.04625850340136051,512880,0.04625850340136051,511260,0.02375129575395274,最佳行业/主题 ETF 动量为正，持有该 ETF
mom_3m,63,biweekly,2018-12-14,512880,证券ETF国泰,sector,证券,0.09302325581395365,512880,0.09302325581395365,511260,0.02893819398262898,最佳行业/主题 ETF 动量为正，持有该 ETF
mom_3m,63,biweekly,2018-12-28,511260,十年国债ETF国泰,defensive,十年国债,0.041805379012569865,512880,-0.00966850828729282,511260,0.041805379012569865,最佳行业/主题 ETF 动量为负或不可用，切换到正动量防守资产
mom_3m,63,biweekly,2019-01-11,512880,证券ETF国泰,sector,证券,0.2171875000000001,512880,0.2171875000000001,511260,0.03371685842921446,最佳行业/主题 ETF 动量为正，持有该 ETF
mom_3m,63,biweekly,2019-01-25,512880,证券ETF国泰,sector,证券,0.07534246575342474,512880,0.07534246575342474,511260,0.029206830211624846,最佳行业/主题 ETF 动量为正，持有该 ETF
mom_3m,63,biweekly,2019-02-15,159928,消费ETF汇添富,sector,消费,0.18693693693693691,159928,0.18693693693693691,511260,0.029207852148247948,最佳行业/主题 ETF 动量为正，持有该 ETF
mom_3m,63,biweekly,2019-03-01,512880,证券ETF国泰,sector,证券,0.3586387434554974,512880,0.3586387434554974,511010,0.015453287506137503,最佳行业/主题 ETF 动量为正，持有该 ETF
mom_3m,63,biweekly,2019-03-15,512880,证券ETF国泰,sector,证券,0.33463035019455245,512880,0.33463035019455245,511260,0.009891138944164712,最佳行业/主题 ETF 动量为正，持有该 ETF
mom_3m,63,biweekly,2019-03-29,512880,证券ETF国泰,sector,证券,0.47736625514403297,512880,0.47736625514403297,511260,0.014216345872579472,最佳行业/主题 ETF 动量为正，持有该 ETF
mom_3m,63,biweekly,2019-04-12,159928,消费ETF汇添富,sector,消费,0.47902869757174393,159928,0.47902869757174393,511010,-0.005063091205840475,最佳行业/主题 ETF 动量为正，持有该 ETF
mom_3m,63,biweekly,2019-04-26,159928,消费ETF汇添富,sector,消费,0.3744939271255061,159928,0.3744939271255061,511010,-0.004156268672454333,最佳行业/主题 ETF 动量为正，持有该 ETF
mom_3m,63,biweekly,2019-05-10,159928,消费ETF汇添富,sector,消费,0.3827160493827162,159928,0.3827160493827162,511010,-0.0023601045815858646,最佳行业/主题 ETF 动量为正，持有该 ETF
mom_3m,63,biweekly,2019-05-24,159928,消费ETF汇添富,sector,消费,0.21507352941176472,159928,0.21507352941176472,511010,-0.002293276847532111,最佳行业/主题 ETF 动量为正，持有该 ETF
mom_3m,63,biweekly,2019-06-06,159928,消费ETF汇添富,sector,消费,0.11544991511035674,159928,0.11544991511035674,511260,0.006370416407706747,最佳行业/主题 ETF 动量为正，持有该 ETF
mom_3m,63,biweekly,2019-06-21,159928,消费ETF汇添富,sector,消费,0.13439999999999985,159928,0.13439999999999985,511010,0.007388707591897026,最佳行业/主题 ETF 动量为正，持有该 ETF
mom_3m,63,biweekly,2019-07-05,159928,消费ETF汇添富,sector,消费,0.11127819548872164,159928,0.11127819548872164,511010,0.0070673856810907765,最佳行业/主题 ETF 动量为正，持有该 ETF
mom_3m,63,biweekly,2019-07-19,159928,消费ETF汇添富,sector,消费,0.055312954876273634,159928,0.055312954876273634,511260,0.021375856357381595,最佳行业/主题 ETF 动量为正，持有该 ETF
mom_3m,63,biweekly,2019-08-02,512690,酒ETF鹏华,sector,白酒/酒,0.5384615384615385,512690,0.5384615384615385,511260,0.02299806311505881,最佳行业/主题 ETF 动量为正，持有该 ETF
mom_3m,63,biweekly,2019-08-16,512690,酒ETF鹏华,sector,白酒/酒,0.35507246376811574,512690,0.35507246376811574,511260,0.02350158034554317,最佳行业/主题 ETF 动量为正，持有该 ETF
mom_3m,63,biweekly,2019-08-30,512690,酒ETF鹏华,sector,白酒/酒,0.8,512690,0.8,511260,0.019806295399515728,最佳行业/主题 ETF 动量为正，持有该 ETF
mom_3m,63,biweekly,2019-09-12,512690,酒ETF鹏华,sector,白酒/酒,0.6080000000000001,512690,0.6080000000000001,511260,0.014346634763816146,最佳行业/主题 ETF 动量为正，持有该 ETF
mom_3m,63,biweekly,2019-09-27,512480,半导体ETF国联安,sector,半导体,0.1774809160305344,512480,0.1774809160305344,511260,0.008906085664386332,最佳行业/主题 ETF 动量为正，持有该 ETF
mom_3m,63,biweekly,2019-10-11,512480,半导体ETF国联安,sector,半导体,0.23505154639175263,512480,0.23505154639175263,511260,0.007532395070754427,最佳行业/主题 ETF 动量为正，持有该 ETF
mom_3m,63,biweekly,2019-10-25,512170,医疗ETF华宝,sector,医疗,0.17765042979942702,512170,0.17765042979942702,511010,0.004984082250404587,最佳行业/主题 ETF 动量为正，持有该 ETF
mom_3m,63,biweekly,2019-11-08,512690,酒ETF鹏华,sector,白酒/酒,0.4966887417218544,512690,0.4966887417218544,511010,-0.0018250384901482564,最佳行业/主题 ETF 动量为正，持有该 ETF
mom_3m,63,biweekly,2019-11-22,512690,酒ETF鹏华,sector,白酒/酒,0.17098445595854916,512690,0.17098445595854916,511010,0.0038163314756480826,最佳行业/主题 ETF 动量为正，持有该 ETF
mom_3m,63,biweekly,2019-12-06,512480,半导体ETF国联安,sector,半导体,0.15986394557823136,512480,0.15986394557823136,511010,0.007023286828955699,最佳行业/主题 ETF 动量为正，持有该 ETF
mom_3m,63,biweekly,2019-12-20,512480,半导体ETF国联安,sector,半导体,0.1497584541062802,512480,0.1497584541062802,511010,0.005624978365467825,最佳行业/主题 ETF 动量为正，持有该 ETF
mom_3m,63,biweekly,2020-01-03,512480,半导体ETF国联安,sector,半导体,0.23675496688741715,512480,0.23675496688741715,511260,0.00888434099037938,最佳行业/主题 ETF 动量为正，持有该 ETF
mom_3m,63,biweekly,2020-01-17,512480,半导体ETF国联安,sector,半导体,0.43576388888888884,512480,0.43576388888888884,511260,0.015184028509570346,最佳行业/主题 ETF 动量为正，持有该 ETF
mom_3m,63,biweekly,2020-02-07,512480,半导体ETF国联安,sector,半导体,0.5164473684210527,512480,0.5164473684210527,511260,0.041289217054786054,最佳行业/主题 ETF 动量为正，持有该 ETF
mom_3m,63,biweekly,2020-02-21,512480,半导体ETF国联安,sector,半导体,0.8171701112877583,512480,0.8171701112877583,511260,0.03420293742874403,最佳行业/主题 ETF 动量为正，持有该 ETF
mom_3m,63,biweekly,2020-03-06,512480,半导体ETF国联安,sector,半导体,0.5760000000000001,512480,0.5760000000000001,511260,0.04721394744882357,最佳行业/主题 ETF 动量为正，持有该 ETF
mom_3m,63,biweekly,2020-03-20,512480,半导体ETF国联安,sector,半导体,0.23529411764705888,512480,0.23529411764705888,511260,0.037927121181777546,最佳行业/主题 ETF 动量为正，持有该 ETF
mom_3m,63,biweekly,2020-04-03,512480,半导体ETF国联安,sector,半导体,0.2041958041958043,512480,0.2041958041958043,511260,0.04245787833729531,最佳行业/主题 ETF 动量为正，持有该 ETF
mom_3m,63,biweekly,2020-04-17,512170,医疗ETF华宝,sector,医疗,0.2013729977116705,512170,0.2013729977116705,511260,0.04625978681256471,最佳行业/主题 ETF 动量为正，持有该 ETF
mom_3m,63,biweekly,2020-04-30,512170,医疗ETF华宝,sector,医疗,0.17937219730941711,512170,0.17937219730941711,511010,0.04771297715093592,最佳行业/主题 ETF 动量为正，持有该 ETF
mom_3m,63,biweekly,2020-05-15,512690,酒ETF鹏华,sector,白酒/酒,0.35748792270531426,512690,0.35748792270531426,511010,0.03377480100297858,最佳行业/主题 ETF 动量为正，持有该 ETF
mom_3m,63,biweekly,2020-05-29,512690,酒ETF鹏华,sector,白酒/酒,0.49523809523809526,512690,0.49523809523809526,511010,0.021721356383651136,最佳行业/主题 ETF 动量为正，持有该 ETF
mom_3m,63,biweekly,2020-06-12,512690,酒ETF鹏华,sector,白酒/酒,0.5681818181818181,512690,0.5681818181818181,511010,0.003402069592335133,最佳行业/主题 ETF 动量为正，持有该 ETF
mom_3m,63,biweekly,2020-06-24,512690,酒ETF鹏华,sector,白酒/酒,1.7266187050359711,512690,1.7266187050359711,511010,-0.003335534730523948,最佳行业/主题 ETF 动量为正，持有该 ETF
mom_3m,63,biweekly,2020-07-10,512690,酒ETF鹏华,sector,白酒/酒,1.5346534653465347,512690,1.5346534653465347,511010,-0.0215288894756821,最佳行业/主题 ETF 动量为正，持有该 ETF
mom_3m,63,biweekly,2020-07-24,512690,酒ETF鹏华,sector,白酒/酒,1.3062200956937797,512690,1.3062200956937797,511260,-0.018423385127435243,最佳行业/主题 ETF 动量为正，持有该 ETF
mom_3m,63,biweekly,2020-08-07,512690,酒ETF鹏华,sector,白酒/酒,0.8396946564885495,512690,0.8396946564885495,511260,-0.02677925647331114,最佳行业/主题 ETF 动量为正，持有该 ETF
mom_3m,63,biweekly,2020-08-21,512690,酒ETF鹏华,sector,白酒/酒,0.960431654676259,512690,0.960431654676259,511260,-0.02894308943089441,最佳行业/主题 ETF 动量为正，持有该 ETF
mom_3m,63,biweekly,2020-09-04,512690,酒ETF鹏华,sector,白酒/酒,0.7988338192419824,512690,0.7988338192419824,511260,-0.010245165332276818,最佳行业/主题 ETF 动量为正，持有该 ETF
mom_3m,63,biweekly,2020-09-18,512690,酒ETF鹏华,sector,白酒/酒,0.6572237960339944,512690,0.6572237960339944,511010,-0.009116550820993274,最佳行业/主题 ETF 动量为正，持有该 ETF
mom_3m,63,biweekly,2020-09-30,512660,军工ETF国泰,sector,军工,0.2718786464410736,512660,0.2718786464410736,511010,-0.012095187873004676,最佳行业/主题 ETF 动量为正，持有该 ETF
mom_3m,63,biweekly,2020-10-16,512660,军工ETF国泰,sector,军工,0.08397683397683386,512660,0.08397683397683386,511260,0.0016200473840448648,最佳行业/主题 ETF 动量为正，持有该 ETF
mom_3m,63,biweekly,2020-10-30,512690,酒ETF鹏华,sector,白酒/酒,0.3580246913580247,512690,0.3580246913580247,511260,-0.012350227019460203,最佳行业/主题 ETF 动量为正，持有该 ETF
mom_3m,63,biweekly,2020-11-13,512690,酒ETF鹏华,sector,白酒/酒,0.47861507128309566,512690,0.47861507128309566,511260,-0.00857524686316724,最佳行业/主题 ETF 动量为正，持有该 ETF
mom_3m,63,biweekly,2020-11-27,512690,酒ETF鹏华,sector,白酒/酒,0.3368794326241136,512690,0.3368794326241136,511010,-0.005209168812528975,最佳行业/主题 ETF 动量为正，持有该 ETF
mom_3m,63,biweekly,2020-12-11,512690,酒ETF鹏华,sector,白酒/酒,0.3869346733668342,512690,0.3869346733668342,511010,0.003496800980125281,最佳行业/主题 ETF 动量为正，持有该 ETF
mom_3m,63,biweekly,2020-12-25,512690,酒ETF鹏华,sector,白酒/酒,0.5729349736379614,512690,0.5729349736379614,511010,0.0016303154195738134,最佳行业/主题 ETF 动量为正，持有该 ETF
mom_3m,63,biweekly,2021-01-08,512690,酒ETF鹏华,sector,白酒/酒,0.7435897435897436,512690,0.7435897435897436,511010,0.007708354533428219,最佳行业/主题 ETF 动量为正，持有该 ETF
mom_3m,63,biweekly,2021-01-22,512690,酒ETF鹏华,sector,白酒/酒,0.5767366720516962,512690,0.5767366720516962,511260,0.012202077625784291,最佳行业/主题 ETF 动量为正，持有该 ETF
mom_3m,63,biweekly,2021-02-05,512690,酒ETF鹏华,sector,白酒/酒,0.4860724233983287,512690,0.4860724233983287,511010,0.00603940436056849,最佳行业/主题 ETF 动量为正，持有该 ETF
mom_3m,63,biweekly,2021-02-19,512690,酒ETF鹏华,sector,白酒/酒,0.4453125,512690,0.4453125,511260,0.006209321463304995,最佳行业/主题 ETF 动量为正，持有该 ETF
mom_3m,63,biweekly,2021-03-05,512400,有色金属ETF南方,sector,有色金属,0.15326902465166126,512400,0.15326902465166126,511010,0.010202353738040904,最佳行业/主题 ETF 动量为正，持有该 ETF
mom_3m,63,biweekly,2021-03-19,515220,煤炭ETF国泰,sector,煤炭,0.16972477064220182,515220,0.16972477064220182,511010,0.009156561070613467,最佳行业/主题 ETF 动量为正，持有该 ETF
mom_3m,63,biweekly,2021-04-02,512800,银行ETF华宝,sector,银行,0.1028368794326242,512800,0.1028368794326242,511010,0.008028365201975474,最佳行业/主题 ETF 动量为正，持有该 ETF
mom_3m,63,biweekly,2021-04-16,515220,煤炭ETF国泰,sector,煤炭,0.20439560439560456,515220,0.20439560439560456,511260,0.010804578463369463,最佳行业/主题 ETF 动量为正，持有该 ETF
mom_3m,63,biweekly,2021-04-30,515220,煤炭ETF国泰,sector,煤炭,0.20128479657387577,515220,0.20128479657387577,511010,0.0061413517685751096,最佳行业/主题 ETF 动量为正，持有该 ETF
mom_3m,63,biweekly,2021-05-14,515220,煤炭ETF国泰,sector,煤炭,0.383219954648526,515220,0.383219954648526,511260,0.010472321163550014,最佳行业/主题 ETF 动量为正，持有该 ETF
mom_3m,63,biweekly,2021-05-28,512690,酒ETF鹏华,sector,白酒/酒,0.21922246220302366,512690,0.21922246220302366,511260,0.01772417506916968,最佳行业/主题 ETF 动量为正，持有该 ETF
mom_3m,63,biweekly,2021-06-11,512690,酒ETF鹏华,sector,白酒/酒,0.4776119402985075,512690,0.4776119402985075,511260,0.013083575621770649,最佳行业/主题 ETF 动量为正，持有该 ETF
mom_3m,63,biweekly,2021-06-25,515220,煤炭ETF国泰,sector,煤炭,0.44877049180327866,515220,0.44877049180327866,511260,0.017352149289759478,最佳行业/主题 ETF 动量为正，持有该 ETF
mom_3m,63,biweekly,2021-07-09,515030,新能源车ETF华夏,sector,新能源车,0.5582944703530981,515030,0.5582944703530981,511260,0.025730799155273987,最佳行业/主题 ETF 动量为正，持有该 ETF
mom_3m,63,biweekly,2021-07-23,515030,新能源车ETF华夏,sector,新能源车,0.5323193916349811,515030,0.5323193916349811,511260,0.023891632410958152,最佳行业/主题 ETF 动量为正，持有该 ETF
mom_3m,63,biweekly,2021-08-06,515030,新能源车ETF华夏,sector,新能源车,0.6171284634760705,515030,0.6171284634760705,511260,0.031217242584180793,最佳行业/主题 ETF 动量为正，持有该 ETF
mom_3m,63,biweekly,2021-08-20,515790,光伏ETF华泰柏瑞,sector,光伏,0.4495495495495494,515790,0.4495495495495494,511260,0.02009367937595674,最佳行业/主题 ETF 动量为正，持有该 ETF
mom_3m,63,biweekly,2021-09-03,515790,光伏ETF华泰柏瑞,sector,光伏,0.6223021582733812,515790,0.6223021582733812,511260,0.023979545247009293,最佳行业/主题 ETF 动量为正，持有该 ETF
mom_3m,63,biweekly,2021-09-17,515220,煤炭ETF国泰,sector,煤炭,0.6186046511627907,515220,0.6186046511627907,511260,0.02138255585507376,最佳行业/主题 ETF 动量为正，持有该 ETF
mom_3m,63,biweekly,2021-09-30,515220,煤炭ETF国泰,sector,煤炭,0.5718799368088467,515220,0.5718799368088467,511260,0.019272922408069437,最佳行业/主题 ETF 动量为正，持有该 ETF
mom_3m,63,biweekly,2021-10-15,515220,煤炭ETF国泰,sector,煤炭,0.5275080906148866,515220,0.5275080906148866,511260,0.007323328095934611,最佳行业/主题 ETF 动量为正，持有该 ETF
mom_3m,63,biweekly,2021-10-29,515790,光伏ETF华泰柏瑞,sector,光伏,0.21042471042471034,515790,0.21042471042471034,511260,0.0028741052102139175,最佳行业/主题 ETF 动量为正，持有该 ETF
mom_3m,63,biweekly,2021-11-12,512980,传媒ETF广发,sector,传媒,0.143288084464555,512980,0.143288084464555,511010,0.00029425467742338896,最佳行业/主题 ETF 动量为正，持有该 ETF
mom_3m,63,biweekly,2021-11-26,512690,酒ETF鹏华,sector,白酒/酒,0.27755102040816326,512690,0.27755102040816326,511260,0.007182354990575401,最佳行业/主题 ETF 动量为正，持有该 ETF
mom_3m,63,biweekly,2021-12-10,512690,酒ETF鹏华,sector,白酒/酒,0.3252858958068614,512690,0.3252858958068614,511260,0.004334022972105389,最佳行业/主题 ETF 动量为正，持有该 ETF
mom_3m,63,biweekly,2021-12-24,512690,酒ETF鹏华,sector,白酒/酒,0.2490842490842491,512690,0.2490842490842491,511260,0.011183180496533218,最佳行业/主题 ETF 动量为正，持有该 ETF
mom_3m,63,biweekly,2022-01-07,512980,传媒ETF广发,sector,传媒,0.19999999999999996,512980,0.19999999999999996,511260,0.014164787572926718,最佳行业/主题 ETF 动量为正，持有该 ETF
mom_3m,63,biweekly,2022-01-21,512980,传媒ETF广发,sector,传媒,0.16376811594202922,512980,0.16376811594202922,511260,0.02779598911510872,最佳行业/主题 ETF 动量为正，持有该 ETF
mom_3m,63,biweekly,2022-02-11,515220,煤炭ETF国泰,sector,煤炭,0.15186615186615193,515220,0.15186615186615193,511010,0.016106516894291323,最佳行业/主题 ETF 动量为正，持有该 ETF
mom_3m,63,biweekly,2022-02-25,515220,煤炭ETF国泰,sector,煤炭,0.1808650065530799,515220,0.1808650065530799,511010,0.013982705172132404,最佳行业/主题 ETF 动量为正，持有该 ETF
mom_3m,63,biweekly,2022-03-11,515220,煤炭ETF国泰,sector,煤炭,0.16324062877871826,515220,0.16324062877871826,511010,0.013012499491062979,最佳行业/主题 ETF 动量为正，持有该 ETF
mom_3m,63,biweekly,2022-03-25,515220,煤炭ETF国泰,sector,煤炭,0.17500000000000004,515220,0.17500000000000004,511260,0.011811058558358623,最佳行业/主题 ETF 动量为正，持有该 ETF
mom_3m,63,biweekly,2022-04-08,515220,煤炭ETF国泰,sector,煤炭,0.24242424242424243,515220,0.24242424242424243,511260,0.011052989070508001,最佳行业/主题 ETF 动量为正，持有该 ETF
mom_3m,63,biweekly,2022-04-22,515220,煤炭ETF国泰,sector,煤炭,0.22896039603960383,515220,0.22896039603960383,511260,0.0048209729919943545,最佳行业/主题 ETF 动量为正，持有该 ETF
mom_3m,63,biweekly,2022-05-06,515220,煤炭ETF国泰,sector,煤炭,0.16316440049443748,515220,0.16316440049443748,511260,-0.004061851716263054,最佳行业/主题 ETF 动量为正，持有该 ETF
mom_3m,63,biweekly,2022-05-20,515220,煤炭ETF国泰,sector,煤炭,0.17416378316032288,515220,0.17416378316032288,511260,0.007568498870438978,最佳行业/主题 ETF 动量为正，持有该 ETF
mom_3m,63,biweekly,2022-06-02,515220,煤炭ETF国泰,sector,煤炭,0.15635179153094447,515220,0.15635179153094447,511260,0.008435003949793796,最佳行业/主题 ETF 动量为正，持有该 ETF
mom_3m,63,biweekly,2022-06-17,515220,煤炭ETF国泰,sector,煤炭,0.22065217391304337,515220,0.22065217391304337,511260,0.004740911794548941,最佳行业/主题 ETF 动量为正，持有该 ETF
mom_3m,63,biweekly,2022-07-01,512690,酒ETF鹏华,sector,白酒/酒,0.2843273231622747,512690,0.2843273231622747,511260,0.005979623687025537,最佳行业/主题 ETF 动量为正，持有该 ETF
mom_3m,63,biweekly,2022-07-15,515790,光伏ETF华泰柏瑞,sector,光伏,0.39538583929992055,515790,0.39538583929992055,511260,0.006095697206284223,最佳行业/主题 ETF 动量为正，持有该 ETF
mom_3m,63,biweekly,2022-07-29,515790,光伏ETF华泰柏瑞,sector,光伏,0.5282854656222802,515790,0.5282854656222802,511260,0.01354482734498652,最佳行业/主题 ETF 动量为正，持有该 ETF
mom_3m,63,biweekly,2022-08-12,515790,光伏ETF华泰柏瑞,sector,光伏,0.37042925278219396,515790,0.37042925278219396,511260,0.01277216140240589,最佳行业/主题 ETF 动量为正，持有该 ETF
mom_3m,63,biweekly,2022-08-26,515790,光伏ETF华泰柏瑞,sector,光伏,0.25328467153284673,515790,0.25328467153284673,511260,0.014377302105775147,最佳行业/主题 ETF 动量为正，持有该 ETF
mom_3m,63,biweekly,2022-09-09,515790,光伏ETF华泰柏瑞,sector,光伏,0.10606060606060619,515790,0.10606060606060619,511260,0.019131009991992576,最佳行业/主题 ETF 动量为正，持有该 ETF
mom_3m,63,biweekly,2022-09-23,515220,煤炭ETF国泰,sector,煤炭,0.08703535811423402,515220,0.08703535811423402,511260,0.01936976256983236,最佳行业/主题 ETF 动量为正，持有该 ETF
mom_3m,63,biweekly,2022-10-14,515220,煤炭ETF国泰,sector,煤炭,0.09195402298850563,515220,0.09195402298850563,511260,0.015255682807115312,最佳行业/主题 ETF 动量为正，持有该 ETF
mom_3m,63,biweekly,2022-10-28,515230,软件ETF国泰,sector,软件,0.0332446808510638,515230,0.0332446808510638,511260,0.015556441962504941,最佳行业/主题 ETF 动量为正，持有该 ETF
mom_3m,63,biweekly,2022-11-11,515220,煤炭ETF国泰,sector,煤炭,0.03619047619047633,515220,0.03619047619047633,511260,0.006665059244971072,最佳行业/主题 ETF 动量为正，持有该 ETF
mom_3m,63,biweekly,2022-11-25,515230,软件ETF国泰,sector,软件,0.03689064558629784,515230,0.03689064558629784,511260,-0.004666347600164045,最佳行业/主题 ETF 动量为正，持有该 ETF
mom_3m,63,biweekly,2022-12-09,512690,酒ETF鹏华,sector,白酒/酒,0.0691823899371069,512690,0.0691823899371069,511010,-0.010216208983652497,最佳行业/主题 ETF 动量为正，持有该 ETF
mom_3m,63,biweekly,2022-12-23,512170,医疗ETF华宝,sector,医疗,0.06724511930585675,512170,0.06724511930585675,511010,-0.0053206605829044795,最佳行业/主题 ETF 动量为正，持有该 ETF
mom_3m,63,biweekly,2023-01-06,515230,软件ETF国泰,sector,软件,0.23168908819133027,515230,0.23168908819133027,511260,0.0002491451743158457,最佳行业/主题 ETF 动量为正，持有该 ETF
mom_3m,63,biweekly,2023-01-20,512690,酒ETF鹏华,sector,白酒/酒,0.3079136690647484,512690,0.3079136690647484,511010,-0.0041121082250057395,最佳行业/主题 ETF 动量为正，持有该 ETF
mom_3m,63,biweekly,2023-02-10,512980,传媒ETF广发,sector,传媒,0.2396396396396394,512980,0.2396396396396394,511010,-0.0026275091528846772,最佳行业/主题 ETF 动量为正，持有该 ETF
mom_3m,63,biweekly,2023-02-24,512690,酒ETF鹏华,sector,白酒/酒,0.2534059945504088,512690,0.2534059945504088,511010,0.0014587776394756613,最佳行业/主题 ETF 动量为正，持有该 ETF
mom_3m,63,biweekly,2023-03-10,515230,软件ETF国泰,sector,软件,0.14864864864864868,515230,0.14864864864864868,511260,0.007682027848428641,最佳行业/主题 ETF 动量为正，持有该 ETF
mom_3m,63,biweekly,2023-03-24,512980,传媒ETF广发,sector,传媒,0.4065180102915953,512980,0.4065180102915953,511260,0.005727307907296808,最佳行业/主题 ETF 动量为正，持有该 ETF
mom_3m,63,biweekly,2023-04-07,515230,软件ETF国泰,sector,软件,0.4929936305732483,515230,0.4929936305732483,511260,0.005898565283465995,最佳行业/主题 ETF 动量为正，持有该 ETF
mom_3m,63,biweekly,2023-04-21,512980,传媒ETF广发,sector,传媒,0.38607594936708867,512980,0.38607594936708867,511260,0.012873872243621243,最佳行业/主题 ETF 动量为正，持有该 ETF
mom_3m,63,biweekly,2023-05-05,512980,传媒ETF广发,sector,传媒,0.5191424196018377,512980,0.5191424196018377,511260,0.01744171045728593,最佳行业/主题 ETF 动量为正，持有该 ETF
mom_3m,63,biweekly,2023-05-19,512980,传媒ETF广发,sector,传媒,0.2510699001426535,512980,0.2510699001426535,511260,0.018005254752460065,最佳行业/主题 ETF 动量为正，持有该 ETF
mom_3m,63,biweekly,2023-06-02,512980,传媒ETF广发,sector,传媒,0.3381088825214902,512980,0.3381088825214902,511260,0.019362871372144985,最佳行业/主题 ETF 动量为正，持有该 ETF
mom_3m,63,biweekly,2023-06-16,512980,传媒ETF广发,sector,传媒,0.45231213872832354,512980,0.45231213872832354,511260,0.017321756982165093,最佳行业/主题 ETF 动量为正，持有该 ETF
mom_3m,63,biweekly,2023-06-30,512980,传媒ETF广发,sector,传媒,0.07971014492753636,512980,0.07971014492753636,511260,0.020591679559616605,最佳行业/主题 ETF 动量为正，持有该 ETF
mom_3m,63,biweekly,2023-07-14,512800,银行ETF华宝,sector,银行,0.03598484848484862,512800,0.03598484848484862,511260,0.019166631125517197,最佳行业/主题 ETF 动量为正，持有该 ETF
mom_3m,63,biweekly,2023-07-28,512880,证券ETF国泰,sector,证券,0.12499999999999978,512880,0.12499999999999978,511260,0.01766090718249891,最佳行业/主题 ETF 动量为正，持有该 ETF
mom_3m,63,biweekly,2023-08-11,512880,证券ETF国泰,sector,证券,0.09139213602550478,512880,0.09139213602550478,511260,0.012413397355296452,最佳行业/主题 ETF 动量为正，持有该 ETF
mom_3m,63,biweekly,2023-08-25,512880,证券ETF国泰,sector,证券,0.10520487264673317,512880,0.10520487264673317,511260,0.018795152251704916,最佳行业/主题 ETF 动量为正，持有该 ETF
mom_3m,63,biweekly,2023-09-08,515220,煤炭ETF国泰,sector,煤炭,0.09944751381215466,515220,0.09944751381215466,511260,0.0073123840386859484,最佳行业/主题 ETF 动量为正，持有该 ETF
mom_3m,63,biweekly,2023-09-22,515220,煤炭ETF国泰,sector,煤炭,0.1503340757238305,515220,0.1503340757238305,511260,0.005566376733720624,最佳行业/主题 ETF 动量为正，持有该 ETF
mom_3m,63,biweekly,2023-10-13,512800,银行ETF华宝,sector,银行,0.060037523452157515,512800,0.060037523452157515,511260,0.0031138305975708658,最佳行业/主题 ETF 动量为正，持有该 ETF
mom_3m,63,biweekly,2023-10-27,515220,煤炭ETF国泰,sector,煤炭,0.06810810810810808,515220,0.06810810810810808,511260,-0.00010834236186341162,最佳行业/主题 ETF 动量为正，持有该 ETF
mom_3m,63,biweekly,2023-11-10,515220,煤炭ETF国泰,sector,煤炭,0.09452201933404925,515220,0.09452201933404925,511260,0.005087827581029991,最佳行业/主题 ETF 动量为正，持有该 ETF
mom_3m,63,biweekly,2023-11-24,515220,煤炭ETF国泰,sector,煤炭,0.16222222222222227,515220,0.16222222222222227,511010,-0.003787470554725836,最佳行业/主题 ETF 动量为正，持有该 ETF
mom_3m,63,biweekly,2023-12-08,515220,煤炭ETF国泰,sector,煤炭,0.04558969276511404,515220,0.04558969276511404,511260,0.004055697130198599,最佳行业/主题 ETF 动量为正，持有该 ETF
mom_3m,63,biweekly,2023-12-22,515220,煤炭ETF国泰,sector,煤炭,0.028517110266159662,515220,0.028517110266159662,511260,0.010239647782799288,最佳行业/主题 ETF 动量为正，持有该 ETF
mom_3m,63,biweekly,2024-01-05,515220,煤炭ETF国泰,sector,煤炭,0.09239653512993273,515220,0.09239653512993273,511260,0.01916466426378327,最佳行业/主题 ETF 动量为正，持有该 ETF
mom_3m,63,biweekly,2024-01-19,515220,煤炭ETF国泰,sector,煤炭,0.09155645981688698,515220,0.09155645981688698,511260,0.018213342002384003,最佳行业/主题 ETF 动量为正，持有该 ETF
mom_3m,63,biweekly,2024-02-02,515220,煤炭ETF国泰,sector,煤炭,0.13622291021671828,515220,0.13622291021671828,511260,0.020912231745398913,最佳行业/主题 ETF 动量为正，持有该 ETF
mom_3m,63,biweekly,2024-02-23,515220,煤炭ETF国泰,sector,煤炭,0.23448275862068968,515220,0.23448275862068968,511260,0.02311774461028193,最佳行业/主题 ETF 动量为正，持有该 ETF
mom_3m,63,biweekly,2024-03-08,515220,煤炭ETF国泰,sector,煤炭,0.17946345975948197,515220,0.17946345975948197,511260,0.030602597488762484,最佳行业/主题 ETF 动量为正，持有该 ETF
mom_3m,63,biweekly,2024-03-22,512400,有色金属ETF南方,sector,有色金属,0.11999999999999988,512400,0.11999999999999988,511260,0.024802407487020117,最佳行业/主题 ETF 动量为正，持有该 ETF
mom_3m,63,biweekly,2024-04-03,512400,有色金属ETF南方,sector,有色金属,0.22085201793721976,512400,0.22085201793721976,511260,0.02311962573715931,最佳行业/主题 ETF 动量为正，持有该 ETF
mom_3m,63,biweekly,2024-04-19,512400,有色金属ETF南方,sector,有色金属,0.18558951965065495,512400,0.18558951965065495,511260,0.024197117985540695,最佳行业/主题 ETF 动量为正，持有该 ETF
mom_3m,63,biweekly,2024-04-30,512400,有色金属ETF南方,sector,有色金属,0.2654545454545456,512400,0.2654545454545456,511260,0.017315132133188138,最佳行业/主题 ETF 动量为正，持有该 ETF
mom_3m,63,biweekly,2024-05-17,512400,有色金属ETF南方,sector,有色金属,0.3883870967741936,512400,0.3883870967741936,511260,0.011573980068388057,最佳行业/主题 ETF 动量为正，持有该 ETF
mom_3m,63,biweekly,2024-05-31,512400,有色金属ETF南方,sector,有色金属,0.1594202898550725,512400,0.1594202898550725,511010,0.011062835998574494,最佳行业/主题 ETF 动量为正，持有该 ETF
mom_3m,63,biweekly,2024-06-14,512800,银行ETF华宝,sector,银行,0.04810996563573888,512800,0.04810996563573888,511010,0.011830465341735152,最佳行业/主题 ETF 动量为正，持有该 ETF
mom_3m,63,biweekly,2024-06-28,512800,银行ETF华宝,sector,银行,0.0795847750865053,512800,0.0795847750865053,511260,0.020075778996776483,最佳行业/主题 ETF 动量为正，持有该 ETF
mom_3m,63,biweekly,2024-07-12,512800,银行ETF华宝,sector,银行,0.10256410256410264,512800,0.10256410256410264,511260,0.014921891339672255,最佳行业/主题 ETF 动量为正，持有该 ETF
mom_3m,63,biweekly,2024-07-26,512480,半导体ETF国联安,sector,半导体,0.07473841554559035,512480,0.07473841554559035,511260,0.019364715500589158,最佳行业/主题 ETF 动量为正，持有该 ETF
mom_3m,63,biweekly,2024-08-09,512480,半导体ETF国联安,sector,半导体,0.01455604075691408,512480,0.01455604075691408,511260,0.019795555413135046,最佳行业/主题 ETF 动量为正，持有该 ETF
mom_3m,63,biweekly,2024-08-23,512800,银行ETF华宝,sector,银行,0.042319749216300995,512800,0.042319749216300995,511260,0.021609931918302072,最佳行业/主题 ETF 动量为正，持有该 ETF
mom_3m,63,biweekly,2024-09-06,512800,银行ETF华宝,sector,银行,0.009836065573770592,512800,0.009836065573770592,511260,0.020634844640206707,最佳行业/主题 ETF 动量为正，持有该 ETF
mom_3m,63,biweekly,2024-09-20,511260,十年国债ETF国泰,defensive,十年国债,0.02534123920569864,512800,0.0,511260,0.02534123920569864,最佳行业/主题 ETF 动量为负或不可用，切换到正动量防守资产
mom_3m,63,biweekly,2024-09-30,512880,证券ETF国泰,sector,证券,0.4119897959183674,512880,0.4119897959183674,511010,0.008746529747156506,最佳行业/主题 ETF 动量为正，持有该 ETF
mom_3m,63,biweekly,2024-10-18,512880,证券ETF国泰,sector,证券,0.5083870967741935,512880,0.5083870967741935,511260,0.015598126322630801,最佳行业/主题 ETF 动量为正，持有该 ETF
mom_3m,63,biweekly,2024-11-01,512880,证券ETF国泰,sector,证券,0.43945068664169784,512880,0.43945068664169784,511010,0.007887850190153589,最佳行业/主题 ETF 动量为正，持有该 ETF
mom_3m,63,biweekly,2024-11-15,515230,软件ETF国泰,sector,软件,0.6536964980544746,515230,0.6536964980544746,511260,0.011500663801975008,最佳行业/主题 ETF 动量为正，持有该 ETF
mom_3m,63,biweekly,2024-11-29,515230,软件ETF国泰,sector,软件,0.7307692307692308,515230,0.7307692307692308,511260,0.014872832188666196,最佳行业/主题 ETF 动量为正，持有该 ETF
mom_3m,63,biweekly,2024-12-13,515230,软件ETF国泰,sector,软件,0.7474541751527495,515230,0.7474541751527495,511260,0.032093379616599416,最佳行业/主题 ETF 动量为正，持有该 ETF
mom_3m,63,biweekly,2024-12-27,512480,半导体ETF国联安,sector,半导体,0.6423017107309488,512480,0.6423017107309488,511260,0.032836285769904494,最佳行业/主题 ETF 动量为正，持有该 ETF
mom_3m,63,biweekly,2025-01-10,512480,半导体ETF国联安,sector,半导体,0.0726072607260726,512480,0.0726072607260726,511260,0.04259896729776247,最佳行业/主题 ETF 动量为正，持有该 ETF
mom_3m,63,biweekly,2025-01-24,512800,银行ETF华宝,sector,银行,0.06151645207439205,512800,0.06151645207439205,511260,0.04308143087698402,最佳行业/主题 ETF 动量为正，持有该 ETF
mom_3m,63,biweekly,2025-02-07,515230,软件ETF国泰,sector,软件,0.1941097724230254,515230,0.1941097724230254,511260,0.04440279567373406,最佳行业/主题 ETF 动量为正，持有该 ETF
mom_3m,63,biweekly,2025-02-21,515230,软件ETF国泰,sector,软件,0.15294117647058814,515230,0.15294117647058814,511260,0.029993553948788776,最佳行业/主题 ETF 动量为正，持有该 ETF
mom_3m,63,biweekly,2025-03-07,512480,半导体ETF国联安,sector,半导体,0.13631840796019912,512480,0.13631840796019912,511260,0.018857429796438563,最佳行业/主题 ETF 动量为正，持有该 ETF
mom_3m,63,biweekly,2025-03-21,512800,银行ETF华宝,sector,银行,0.07203389830508478,512800,0.07203389830508478,511260,-0.0039996060993992,最佳行业/主题 ETF 动量为正，持有该 ETF
mom_3m,63,biweekly,2025-04-03,512400,有色金属ETF南方,sector,有色金属,0.055951169888097674,512400,0.055951169888097674,511260,0.0036847321948745293,最佳行业/主题 ETF 动量为正，持有该 ETF
mom_3m,63,biweekly,2025-04-18,515230,软件ETF国泰,sector,软件,0.10953058321479392,515230,0.10953058321479392,511260,0.0008929576407910034,最佳行业/主题 ETF 动量为正，持有该 ETF
mom_3m,63,biweekly,2025-04-30,515230,软件ETF国泰,sector,软件,0.06631299734748008,515230,0.06631299734748008,511260,0.002452101533500839,最佳行业/主题 ETF 动量为正，持有该 ETF
mom_3m,63,biweekly,2025-05-16,159928,消费ETF汇添富,sector,消费,0.06883116883116869,159928,0.06883116883116869,511010,-0.002215422806587264,最佳行业/主题 ETF 动量为正，持有该 ETF
mom_3m,63,biweekly,2025-05-30,512800,银行ETF华宝,sector,银行,0.09336941813261168,512800,0.09336941813261168,511010,0.005894366555466046,最佳行业/主题 ETF 动量为正，持有该 ETF
mom_3m,63,biweekly,2025-06-13,512800,银行ETF华宝,sector,银行,0.1014686248331107,512800,0.1014686248331107,511260,0.020675501438129684,最佳行业/主题 ETF 动量为正，持有该 ETF
mom_3m,63,biweekly,2025-06-27,512800,银行ETF华宝,sector,银行,0.11298701298701297,512800,0.11298701298701297,511260,0.017180877728660615,最佳行业/主题 ETF 动量为正，持有该 ETF
mom_3m,63,biweekly,2025-07-11,512800,银行ETF华宝,sector,银行,0.2065217391304348,512800,0.2065217391304348,511260,0.0038730597171765524,最佳行业/主题 ETF 动量为正，持有该 ETF
mom_3m,63,biweekly,2025-07-25,512400,有色金属ETF南方,sector,有色金属,0.23592233009708719,512400,0.23592233009708719,511010,0.000607177707904194,最佳行业/主题 ETF 动量为正，持有该 ETF
mom_3m,63,biweekly,2025-08-08,512400,有色金属ETF南方,sector,有色金属,0.22914669223394069,512400,0.22914669223394069,511010,0.0011754609898388946,最佳行业/主题 ETF 动量为正，持有该 ETF
mom_3m,63,biweekly,2025-08-22,515230,软件ETF国泰,sector,软件,0.29871794871794854,515230,0.29871794871794854,511010,-0.0009027226113960118,最佳行业/主题 ETF 动量为正，持有该 ETF
mom_3m,63,biweekly,2025-09-05,515790,光伏ETF华泰柏瑞,sector,光伏,0.4058641975308641,515790,0.4058641975308641,511010,-0.0009154472716786932,最佳行业/主题 ETF 动量为正，持有该 ETF
mom_3m,63,biweekly,2025-09-19,512480,半导体ETF国联安,sector,半导体,0.3813725490196078,512480,0.3813725490196078,511010,-0.0011737427271156786,最佳行业/主题 ETF 动量为正，持有该 ETF
mom_3m,63,biweekly,2025-09-30,512480,半导体ETF国联安,sector,半导体,0.5390625,512480,0.5390625,511010,-0.0018050671326760304,最佳行业/主题 ETF 动量为正，持有该 ETF
mom_3m,63,biweekly,2025-10-17,512400,有色金属ETF南方,sector,有色金属,0.4430051813471505,512400,0.4430051813471505,511010,0.001938724765947697,最佳行业/主题 ETF 动量为正，持有该 ETF
mom_3m,63,biweekly,2025-10-31,515030,新能源车ETF华夏,sector,新能源车,0.39881831610044305,515030,0.39881831610044305,511010,0.006509721280004488,最佳行业/主题 ETF 动量为正，持有该 ETF
mom_3m,63,biweekly,2025-11-14,515030,新能源车ETF华夏,sector,新能源车,0.4241302738712065,515030,0.4241302738712065,511010,0.005019291097248857,最佳行业/主题 ETF 动量为正，持有该 ETF
mom_3m,63,biweekly,2025-11-28,515030,新能源车ETF华夏,sector,新能源车,0.25086865879082687,515030,0.25086865879082687,511010,0.006052114629073291,最佳行业/主题 ETF 动量为正，持有该 ETF
mom_3m,63,biweekly,2025-12-12,512400,有色金属ETF南方,sector,有色金属,0.188717259905977,512400,0.188717259905977,511010,0.005917373263575776,最佳行业/主题 ETF 动量为正，持有该 ETF
mom_3m,63,biweekly,2025-12-26,512400,有色金属ETF南方,sector,有色金属,0.282565130260521,512400,0.282565130260521,511010,0.006432744325426176,最佳行业/主题 ETF 动量为正，持有该 ETF
mom_3m,63,biweekly,2026-01-09,512660,军工ETF国泰,sector,军工,0.27088402270884004,512660,0.27088402270884004,511010,0.003276516378981409,最佳行业/主题 ETF 动量为正，持有该 ETF
mom_3m,63,biweekly,2026-01-23,512400,有色金属ETF南方,sector,有色金属,0.34882352941176475,512400,0.34882352941176475,511260,0.006675788239185687,最佳行业/主题 ETF 动量为正，持有该 ETF
mom_3m,63,biweekly,2026-02-06,512400,有色金属ETF南方,sector,有色金属,0.23878020713463743,512400,0.23878020713463743,511260,0.005041815652069959,最佳行业/主题 ETF 动量为正，持有该 ETF
mom_3m,63,biweekly,2026-02-27,512400,有色金属ETF南方,sector,有色金属,0.38346727898966715,512400,0.38346727898966715,511010,0.005027756659446769,最佳行业/主题 ETF 动量为正，持有该 ETF
mom_3m,63,biweekly,2026-03-13,512400,有色金属ETF南方,sector,有色金属,0.2545766590389016,512400,0.2545766590389016,511260,0.00990649709870417,最佳行业/主题 ETF 动量为正，持有该 ETF
mom_3m,63,biweekly,2026-03-27,515220,煤炭ETF国泰,sector,煤炭,0.21042654028436014,515220,0.21042654028436014,511260,0.0072618539085860245,最佳行业/主题 ETF 动量为正，持有该 ETF
mom_3m,63,biweekly,2026-04-10,515220,煤炭ETF国泰,sector,煤炭,0.16245136186770437,515220,0.16245136186770437,511260,0.0111447389172179,最佳行业/主题 ETF 动量为正，持有该 ETF
mom_3m,63,biweekly,2026-04-24,515220,煤炭ETF国泰,sector,煤炭,0.18311195445920303,515220,0.18311195445920303,511260,0.012428777861800855,最佳行业/主题 ETF 动量为正，持有该 ETF
mom_3m,63,biweekly,2026-05-08,515220,煤炭ETF国泰,sector,煤炭,0.16123019571295427,515220,0.16123019571295427,511260,0.009423958660035536,最佳行业/主题 ETF 动量为正，持有该 ETF
mom_3m,63,biweekly,2026-05-22,512480,半导体ETF国联安,sector,半导体,0.3380195599022007,512480,0.3380195599022007,511010,0.007894473868292229,最佳行业/主题 ETF 动量为正，持有该 ETF
mom_3m,63,biweekly,2026-06-05,512480,半导体ETF国联安,sector,半导体,0.3412443874278386,512480,0.3412443874278386,511260,0.011131504833807648,最佳行业/主题 ETF 动量为正，持有该 ETF
mom_3m,63,biweekly,2026-06-18,512480,半导体ETF国联安,sector,半导体,0.6173402868318121,512480,0.6173402868318121,511260,0.013467285749420688,最佳行业/主题 ETF 动量为正，持有该 ETF
mom_3m,63,monthly,2015-01-30,CASH,空仓,cash,现金,0.0,,,,,行业和防守资产均无正动量，空仓
mom_3m,63,monthly,2015-02-27,CASH,空仓,cash,现金,0.0,,,,,行业和防守资产均无正动量，空仓
mom_3m,63,monthly,2015-03-31,CASH,空仓,cash,现金,0.0,,,,,行业和防守资产均无正动量，空仓
mom_3m,63,monthly,2015-04-30,159928,消费ETF汇添富,sector,消费,0.3720136518771333,159928,0.3720136518771333,511010,0.015066116431575294,最佳行业/主题 ETF 动量为正，持有该 ETF
mom_3m,63,monthly,2015-05-29,159928,消费ETF汇添富,sector,消费,0.4352159468438539,159928,0.4352159468438539,511010,-0.00405616527417918,最佳行业/主题 ETF 动量为正，持有该 ETF
mom_3m,63,monthly,2015-06-30,159928,消费ETF汇添富,sector,消费,0.17191977077363907,159928,0.17191977077363907,511010,0.0014696948913406338,最佳行业/主题 ETF 动量为正，持有该 ETF
mom_3m,63,monthly,2015-07-31,511010,国债ETF国泰,defensive,国债,0.012282537099461477,512010,-0.0388059701492538,511010,0.012282537099461477,最佳行业/主题 ETF 动量为负或不可用，切换到正动量防守资产
mom_3m,63,monthly,2015-08-31,511010,国债ETF国泰,defensive,国债,0.027332981406534174,159928,-0.296137339055794,511010,0.027332981406534174,最佳行业/主题 ETF 动量为负或不可用，切换到正动量防守资产
mom_3m,63,monthly,2015-09-30,511010,国债ETF国泰,defensive,国债,0.0255972029611109,159928,-0.2131979695431473,511010,0.0255972029611109,最佳行业/主题 ETF 动量为负或不可用，切换到正动量防守资产
mom_3m,63,monthly,2015-10-30,511010,国债ETF国泰,defensive,国债,0.01688273113148786,512010,-0.10263929618768342,511010,0.01688273113148786,最佳行业/主题 ETF 动量为负或不可用，切换到正动量防守资产
mom_3m,63,monthly,2015-11-30,512010,医药ETF易方达,sector,医药,0.07446808510638303,512010,0.07446808510638303,511010,0.01626570192021659,最佳行业/主题 ETF 动量为正，持有该 ETF
mom_3m,63,monthly,2015-12-31,512010,医药ETF易方达,sector,医药,0.19424460431654667,512010,0.19424460431654667,511010,0.024315412186380003,最佳行业/主题 ETF 动量为正，持有该 ETF
mom_3m,63,monthly,2016-01-29,511010,国债ETF国泰,defensive,国债,0.00913715146948002,512010,-0.08552631578947356,511010,0.00913715146948002,最佳行业/主题 ETF 动量为负或不可用，切换到正动量防守资产
mom_3m,63,monthly,2016-02-29,511010,国债ETF国泰,defensive,国债,0.01993522236533085,159928,-0.1657142857142857,511010,0.01993522236533085,最佳行业/主题 ETF 动量为负或不可用，切换到正动量防守资产
mom_3m,63,monthly,2016-03-31,511010,国债ETF国泰,defensive,国债,0.017114960158617354,159928,-0.11202185792349717,511010,0.017114960158617354,最佳行业/主题 ETF 动量为负或不可用，切换到正动量防守资产
mom_3m,63,monthly,2016-04-29,159928,消费ETF汇添富,sector,消费,0.04234527687296419,159928,0.04234527687296419,511010,0.006729362201862266,最佳行业/主题 ETF 动量为正，持有该 ETF
mom_3m,63,monthly,2016-05-31,159928,消费ETF汇添富,sector,消费,0.1186440677966103,159928,0.1186440677966103,511010,0.0033471173994474857,最佳行业/主题 ETF 动量为正，持有该 ETF
mom_3m,63,monthly,2016-06-30,159928,消费ETF汇添富,sector,消费,0.07210031347962387,159928,0.07210031347962387,511010,0.0014716297379580023,最佳行业/主题 ETF 动量为正，持有该 ETF
mom_3m,63,monthly,2016-07-29,159928,消费ETF汇添富,sector,消费,0.17295597484276737,159928,0.17295597484276737,511010,0.016449318316538175,最佳行业/主题 ETF 动量为正，持有该 ETF
mom_3m,63,monthly,2016-08-31,512010,医药ETF易方达,sector,医药,0.14539007092198597,512010,0.14539007092198597,511010,0.0174908526444173,最佳行业/主题 ETF 动量为正，持有该 ETF
mom_3m,63,monthly,2016-09-30,512010,医药ETF易方达,sector,医药,0.0955631399317407,512010,0.0955631399317407,511010,0.011971714877168527,最佳行业/主题 ETF 动量为正，持有该 ETF
mom_3m,63,monthly,2016-10-31,512010,医药ETF易方达,sector,医药,0.05519480519480524,512010,0.05519480519480524,511010,0.011282416408795903,最佳行业/主题 ETF 动量为正，持有该 ETF
mom_3m,63,monthly,2016-11-30,512880,证券ETF国泰,sector,证券,0.07721639656816004,512880,0.07721639656816004,511010,-0.008927272727272673,最佳行业/主题 ETF 动量为正，持有该 ETF
mom_3m,63,monthly,2016-12-30,159928,消费ETF汇添富,sector,消费,0.042735042735042805,159928,0.042735042735042805,511010,-0.019973694952151955,最佳行业/主题 ETF 动量为正，持有该 ETF
mom_3m,63,monthly,2017-01-26,159928,消费ETF汇添富,sector,消费,0.024657534246575352,159928,0.024657534246575352,511010,-0.023888568129330268,最佳行业/主题 ETF 动量为正，持有该 ETF
mom_3m,63,monthly,2017-02-28,159928,消费ETF汇添富,sector,消费,0.06557377049180335,159928,0.06557377049180335,511010,-0.014806740246173344,最佳行业/主题 ETF 动量为正，持有该 ETF
mom_3m,63,monthly,2017-03-31,159928,消费ETF汇添富,sector,消费,0.13186813186813184,159928,0.13186813186813184,511010,0.008805723720418213,最佳行业/主题 ETF 动量为正，持有该 ETF
mom_3m,63,monthly,2017-04-28,159928,消费ETF汇添富,sector,消费,0.10626702997275217,159928,0.10626702997275217,511010,-0.00824361166304699,最佳行业/主题 ETF 动量为正，持有该 ETF
mom_3m,63,monthly,2017-05-31,512010,医药ETF易方达,sector,医药,0.08630952380952372,512010,0.08630952380952372,511010,-0.015612297686793286,最佳行业/主题 ETF 动量为正，持有该 ETF
mom_3m,63,monthly,2017-06-30,159928,消费ETF汇添富,sector,消费,0.0871670702179177,159928,0.0871670702179177,511010,-0.011003020980571376,最佳行业/主题 ETF 动量为正，持有该 ETF
mom_3m,63,monthly,2017-07-31,159928,消费ETF汇添富,sector,消费,0.10098522167487678,159928,0.10098522167487678,511010,-0.002879427469178908,最佳行业/主题 ETF 动量为正，持有该 ETF
mom_3m,63,monthly,2017-08-31,512880,证券ETF国泰,sector,证券,0.14969450101832993,512880,0.14969450101832993,511010,0.0006439811098875037,最佳行业/主题 ETF 动量为正，持有该 ETF
mom_3m,63,monthly,2017-09-29,159928,消费ETF汇添富,sector,消费,0.13738738738738743,159928,0.13738738738738743,511010,-0.0001678916539193942,最佳行业/主题 ETF 动量为正，持有该 ETF
mom_3m,63,monthly,2017-10-31,159928,消费ETF汇添富,sector,消费,0.25799086757990874,159928,0.25799086757990874,511010,-0.0037197652248681656,最佳行业/主题 ETF 动量为正，持有该 ETF
mom_3m,63,monthly,2017-11-30,159928,消费ETF汇添富,sector,消费,0.14163090128755362,159928,0.14163090128755362,511010,-0.007371167645140231,最佳行业/主题 ETF 动量为正，持有该 ETF
mom_3m,63,monthly,2017-12-29,159928,消费ETF汇添富,sector,消费,0.16599999999999993,159928,0.16599999999999993,511010,-0.005396638984425328,最佳行业/主题 ETF 动量为正，持有该 ETF
mom_3m,63,monthly,2018-01-31,512800,银行ETF华宝,sector,银行,0.15120967741935476,512800,0.15120967741935476,511010,0.005922769340517053,最佳行业/主题 ETF 动量为正，持有该 ETF
mom_3m,63,monthly,2018-02-28,159928,消费ETF汇添富,sector,消费,0.03749999999999987,159928,0.03749999999999987,511010,0.017068897304018504,最佳行业/主题 ETF 动量为正，持有该 ETF
mom_3m,63,monthly,2018-03-30,512010,医药ETF易方达,sector,医药,0.10311750599520386,512010,0.10311750599520386,511010,0.015351369555455907,最佳行业/主题 ETF 动量为正，持有该 ETF
mom_3m,63,monthly,2018-04-27,512010,医药ETF易方达,sector,医药,0.08235294117647074,512010,0.08235294117647074,511260,0.037873293179023104,最佳行业/主题 ETF 动量为正，持有该 ETF
mom_3m,63,monthly,2018-05-31,512010,医药ETF易方达,sector,医药,0.28606356968215163,512010,0.28606356968215163,511260,0.0237075210066644,最佳行业/主题 ETF 动量为正，持有该 ETF
mom_3m,63,monthly,2018-06-29,512010,医药ETF易方达,sector,医药,0.03854389721627394,512010,0.03854389721627394,511260,0.027302060064532174,最佳行业/主题 ETF 动量为正，持有该 ETF
mom_3m,63,monthly,2018-07-31,159928,消费ETF汇添富,sector,消费,0.03153988868274582,159928,0.03153988868274582,511260,0.01637024443381141,最佳行业/主题 ETF 动量为正，持有该 ETF
mom_3m,63,monthly,2018-08-31,511010,国债ETF国泰,defensive,国债,0.010821464091170352,512800,-0.027083333333333237,511010,0.010821464091170352,最佳行业/主题 ETF 动量为负或不可用，切换到正动量防守资产
mom_3m,63,monthly,2018-09-28,512800,银行ETF华宝,sector,银行,0.1542056074766356,512800,0.1542056074766356,511010,0.008042408728645922,最佳行业/主题 ETF 动量为正，持有该 ETF
mom_3m,63,monthly,2018-10-31,512800,银行ETF华宝,sector,银行,0.04925053533190571,512800,0.04925053533190571,511260,0.008152419152669843,最佳行业/主题 ETF 动量为正，持有该 ETF
mom_3m,63,monthly,2018-11-30,512880,证券ETF国泰,sector,证券,0.04625850340136051,512880,0.04625850340136051,511260,0.02375129575395274,最佳行业/主题 ETF 动量为正，持有该 ETF
mom_3m,63,monthly,2018-12-28,511260,十年国债ETF国泰,defensive,十年国债,0.041805379012569865,512880,-0.00966850828729282,511260,0.041805379012569865,最佳行业/主题 ETF 动量为负或不可用，切换到正动量防守资产
mom_3m,63,monthly,2019-01-31,159928,消费ETF汇添富,sector,消费,0.12903225806451601,159928,0.12903225806451601,511260,0.02862623873090331,最佳行业/主题 ETF 动量为正，持有该 ETF
mom_3m,63,monthly,2019-02-28,512880,证券ETF国泰,sector,证券,0.2724968314321925,512880,0.2724968314321925,511260,0.013122483056674072,最佳行业/主题 ETF 动量为正，持有该 ETF
mom_3m,63,monthly,2019-03-29,512880,证券ETF国泰,sector,证券,0.47736625514403297,512880,0.47736625514403297,511260,0.014216345872579472,最佳行业/主题 ETF 动量为正，持有该 ETF
mom_3m,63,monthly,2019-04-30,159928,消费ETF汇添富,sector,消费,0.42680412371134024,159928,0.42680412371134024,511010,-0.0035497135627173826,最佳行业/主题 ETF 动量为正，持有该 ETF
mom_3m,63,monthly,2019-05-31,159928,消费ETF汇添富,sector,消费,0.20000000000000018,159928,0.20000000000000018,511010,0.003133695566303496,最佳行业/主题 ETF 动量为正，持有该 ETF
mom_3m,63,monthly,2019-06-28,159928,消费ETF汇添富,sector,消费,0.19532554257095147,159928,0.19532554257095147,511010,0.0026887370818005074,最佳行业/主题 ETF 动量为正，持有该 ETF
mom_3m,63,monthly,2019-07-31,159928,消费ETF汇添富,sector,消费,0.05102040816326525,159928,0.05102040816326525,511260,0.02606616417058638,最佳行业/主题 ETF 动量为正，持有该 ETF
mom_3m,63,monthly,2019-08-30,512690,酒ETF鹏华,sector,白酒/酒,0.8,512690,0.8,511260,0.019806295399515728,最佳行业/主题 ETF 动量为正，持有该 ETF
mom_3m,63,monthly,2019-09-30,512480,半导体ETF国联安,sector,半导体,0.1705426356589146,512480,0.1705426356589146,511010,0.009420549008661627,最佳行业/主题 ETF 动量为正，持有该 ETF
mom_3m,63,monthly,2019-10-31,512170,医疗ETF华宝,sector,医疗,0.1754874651810585,512170,0.1754874651810585,511010,0.0026003391746749482,最佳行业/主题 ETF 动量为正，持有该 ETF
mom_3m,63,monthly,2019-11-29,512480,半导体ETF国联安,sector,半导体,0.1510128913443829,512480,0.1510128913443829,511010,0.004473014829298849,最佳行业/主题 ETF 动量为正，持有该 ETF
mom_3m,63,monthly,2019-12-31,512480,半导体ETF国联安,sector,半导体,0.1754098360655738,512480,0.1754098360655738,511010,0.01381750852238306,最佳行业/主题 ETF 动量为正，持有该 ETF
mom_3m,63,monthly,2020-01-23,512480,半导体ETF国联安,sector,半导体,0.5631399317406145,512480,0.5631399317406145,511260,0.024372230428360453,最佳行业/主题 ETF 动量为正，持有该 ETF
mom_3m,63,monthly,2020-02-28,512480,半导体ETF国联安,sector,半导体,0.6445880452342487,512480,0.6445880452342487,511260,0.039493414580567654,最佳行业/主题 ETF 动量为正，持有该 ETF
mom_3m,63,monthly,2020-03-31,512170,医疗ETF华宝,sector,医疗,0.14939759036144573,512170,0.14939759036144573,511260,0.04371309779203747,最佳行业/主题 ETF 动量为正，持有该 ETF
mom_3m,63,monthly,2020-04-30,512170,医疗ETF华宝,sector,医疗,0.17937219730941711,512170,0.17937219730941711,511010,0.04771297715093592,最佳行业/主题 ETF 动量为正，持有该 ETF
mom_3m,63,monthly,2020-05-29,512690,酒ETF鹏华,sector,白酒/酒,0.49523809523809526,512690,0.49523809523809526,511010,0.021721356383651136,最佳行业/主题 ETF 动量为正，持有该 ETF
mom_3m,63,monthly,2020-06-30,512690,酒ETF鹏华,sector,白酒/酒,1.2914285714285718,512690,1.2914285714285718,511010,-0.0027997158497347074,最佳行业/主题 ETF 动量为正，持有该 ETF
mom_3m,63,monthly,2020-07-31,512690,酒ETF鹏华,sector,白酒/酒,1.1260162601626016,512690,1.1260162601626016,511010,-0.03464042220294594,最佳行业/主题 ETF 动量为正，持有该 ETF
mom_3m,63,monthly,2020-08-31,512690,酒ETF鹏华,sector,白酒/酒,0.9789156626506024,512690,0.9789156626506024,511260,-0.024439230579621607,最佳行业/主题 ETF 动量为正，持有该 ETF
mom_3m,63,monthly,2020-09-30,512660,军工ETF国泰,sector,军工,0.2718786464410736,512660,0.2718786464410736,511010,-0.012095187873004676,最佳行业/主题 ETF 动量为正，持有该 ETF
mom_3m,63,monthly,2020-10-30,512690,酒ETF鹏华,sector,白酒/酒,0.3580246913580247,512690,0.3580246913580247,511260,-0.012350227019460203,最佳行业/主题 ETF 动量为正，持有该 ETF
mom_3m,63,monthly,2020-11-30,515220,煤炭ETF国泰,sector,煤炭,0.23453608247422664,515220,0.23453608247422664,511010,-0.000685331370408937,最佳行业/主题 ETF 动量为正，持有该 ETF
mom_3m,63,monthly,2020-12-31,512690,酒ETF鹏华,sector,白酒/酒,0.8090909090909089,512690,0.8090909090909089,511010,0.003018287269929587,最佳行业/主题 ETF 动量为正，持有该 ETF
mom_3m,63,monthly,2021-01-29,512690,酒ETF鹏华,sector,白酒/酒,0.46735905044510373,512690,0.46735905044510373,511010,0.001966228133095882,最佳行业/主题 ETF 动量为正，持有该 ETF
mom_3m,63,monthly,2021-02-26,512400,有色金属ETF南方,sector,有色金属,0.19275825346112896,512400,0.19275825346112896,511260,0.008077287081025952,最佳行业/主题 ETF 动量为正，持有该 ETF
mom_3m,63,monthly,2021-03-31,512800,银行ETF华宝,sector,银行,0.1308243727598566,512800,0.1308243727598566,511260,0.010217149480729493,最佳行业/主题 ETF 动量为正，持有该 ETF
mom_3m,63,monthly,2021-04-30,515220,煤炭ETF国泰,sector,煤炭,0.20128479657387577,515220,0.20128479657387577,511010,0.0061413517685751096,最佳行业/主题 ETF 动量为正，持有该 ETF
mom_3m,63,monthly,2021-05-31,512690,酒ETF鹏华,sector,白酒/酒,0.25749167591564937,512690,0.25749167591564937,511260,0.017143069408071865,最佳行业/主题 ETF 动量为正，持有该 ETF
mom_3m,63,monthly,2021-06-30,515030,新能源车ETF华夏,sector,新能源车,0.4349593495934958,515030,0.4349593495934958,511260,0.019091263288743665,最佳行业/主题 ETF 动量为正，持有该 ETF
mom_3m,63,monthly,2021-07-30,512480,半导体ETF国联安,sector,半导体,0.5425425425425425,512480,0.5425425425425425,511260,0.030062707488011764,最佳行业/主题 ETF 动量为正，持有该 ETF
mom_3m,63,monthly,2021-08-31,515790,光伏ETF华泰柏瑞,sector,光伏,0.627826086956522,515790,0.627826086956522,511260,0.018762409603439112,最佳行业/主题 ETF 动量为正，持有该 ETF
mom_3m,63,monthly,2021-09-30,515220,煤炭ETF国泰,sector,煤炭,0.5718799368088467,515220,0.5718799368088467,511260,0.019272922408069437,最佳行业/主题 ETF 动量为正，持有该 ETF
mom_3m,63,monthly,2021-10-29,515790,光伏ETF华泰柏瑞,sector,光伏,0.21042471042471034,515790,0.21042471042471034,511260,0.0028741052102139175,最佳行业/主题 ETF 动量为正，持有该 ETF
mom_3m,63,monthly,2021-11-30,512690,酒ETF鹏华,sector,白酒/酒,0.17729591836734704,512690,0.17729591836734704,511260,0.004784945276651964,最佳行业/主题 ETF 动量为正，持有该 ETF
mom_3m,63,monthly,2021-12-31,512980,传媒ETF广发,sector,传媒,0.2204836415362732,512980,0.2204836415362732,511260,0.013240947697809702,最佳行业/主题 ETF 动量为正，持有该 ETF
mom_3m,63,monthly,2022-01-28,512980,传媒ETF广发,sector,传媒,0.026836158192090398,512980,0.026836158192090398,511010,0.02200637177418696,最佳行业/主题 ETF 动量为正，持有该 ETF
mom_3m,63,monthly,2022-02-28,515220,煤炭ETF国泰,sector,煤炭,0.18685567010309279,515220,0.18685567010309279,511010,0.014316947023217175,最佳行业/主题 ETF 动量为正，持有该 ETF
mom_3m,63,monthly,2022-03-31,515220,煤炭ETF国泰,sector,煤炭,0.1925754060324827,515220,0.1925754060324827,511010,0.009141539610632021,最佳行业/主题 ETF 动量为正，持有该 ETF
mom_3m,63,monthly,2022-04-29,515220,煤炭ETF国泰,sector,煤炭,0.132404181184669,515220,0.132404181184669,511010,-0.0003767535070140493,最佳行业/主题 ETF 动量为正，持有该 ETF
mom_3m,63,monthly,2022-05-31,515220,煤炭ETF国泰,sector,煤炭,0.16829533116178075,515220,0.16829533116178075,511260,0.010268041599634126,最佳行业/主题 ETF 动量为正，持有该 ETF
mom_3m,63,monthly,2022-06-30,512690,酒ETF鹏华,sector,白酒/酒,0.25403225806451624,512690,0.25403225806451624,511260,0.0059549911420602175,最佳行业/主题 ETF 动量为正，持有该 ETF
mom_3m,63,monthly,2022-07-29,515790,光伏ETF华泰柏瑞,sector,光伏,0.5282854656222802,515790,0.5282854656222802,511260,0.01354482734498652,最佳行业/主题 ETF 动量为正，持有该 ETF
mom_3m,63,monthly,2022-08-31,515790,光伏ETF华泰柏瑞,sector,光伏,0.12133891213389125,515790,0.12133891213389125,511260,0.018591534584954328,最佳行业/主题 ETF 动量为正，持有该 ETF
mom_3m,63,monthly,2022-09-30,515220,煤炭ETF国泰,sector,煤炭,0.053153153153153054,515220,0.053153153153153054,511260,0.012875124386795056,最佳行业/主题 ETF 动量为正，持有该 ETF
mom_3m,63,monthly,2022-10-31,515230,软件ETF国泰,sector,软件,0.06274509803921569,515230,0.06274509803921569,511260,0.016873689863659225,最佳行业/主题 ETF 动量为正，持有该 ETF
mom_3m,63,monthly,2022-11-30,515230,软件ETF国泰,sector,软件,0.07629427792915533,515230,0.07629427792915533,511010,-0.006968393639269266,最佳行业/主题 ETF 动量为正，持有该 ETF
mom_3m,63,monthly,2022-12-30,515230,软件ETF国泰,sector,软件,0.10719322990126945,515230,0.10719322990126945,511260,0.002039025397480909,最佳行业/主题 ETF 动量为正，持有该 ETF
mom_3m,63,monthly,2023-01-31,512690,酒ETF鹏华,sector,白酒/酒,0.29352517985611515,512690,0.29352517985611515,511010,-0.0036722026108174655,最佳行业/主题 ETF 动量为正，持有该 ETF
mom_3m,63,monthly,2023-02-28,512690,酒ETF鹏华,sector,白酒/酒,0.2732240437158471,512690,0.2732240437158471,511260,0.0006101333699986,最佳行业/主题 ETF 动量为正，持有该 ETF
mom_3m,63,monthly,2023-03-31,515230,软件ETF国泰,sector,软件,0.4526588845654995,515230,0.4526588845654995,511260,0.007015399447375836,最佳行业/主题 ETF 动量为正，持有该 ETF
mom_3m,63,monthly,2023-04-28,512980,传媒ETF广发,sector,传媒,0.4968847352024921,512980,0.4968847352024921,511260,0.014631837156259486,最佳行业/主题 ETF 动量为正，持有该 ETF
mom_3m,63,monthly,2023-05-31,512980,传媒ETF广发,sector,传媒,0.3770739064856712,512980,0.3770739064856712,511260,0.018753864120354402,最佳行业/主题 ETF 动量为正，持有该 ETF
mom_3m,63,monthly,2023-06-30,512980,传媒ETF广发,sector,传媒,0.07971014492753636,512980,0.07971014492753636,511260,0.020591679559616605,最佳行业/主题 ETF 动量为正，持有该 ETF
mom_3m,63,monthly,2023-07-31,512880,证券ETF国泰,sector,证券,0.12305986696230575,512880,0.12305986696230575,511260,0.015980086484465916,最佳行业/主题 ETF 动量为正，持有该 ETF
mom_3m,63,monthly,2023-08-31,512880,证券ETF国泰,sector,证券,0.08398656215005595,512880,0.08398656215005595,511260,0.01492549877935856,最佳行业/主题 ETF 动量为正，持有该 ETF
mom_3m,63,monthly,2023-09-28,515220,煤炭ETF国泰,sector,煤炭,0.08792372881355925,515220,0.08792372881355925,511260,0.004072432314666585,最佳行业/主题 ETF 动量为正，持有该 ETF
mom_3m,63,monthly,2023-10-31,515220,煤炭ETF国泰,sector,煤炭,0.03886554621848748,515220,0.03886554621848748,511260,0.004513314277117653,最佳行业/主题 ETF 动量为正，持有该 ETF
mom_3m,63,monthly,2023-11-30,515220,煤炭ETF国泰,sector,煤炭,0.1836283185840708,515220,0.1836283185840708,511260,-0.0020461417388062397,最佳行业/主题 ETF 动量为正，持有该 ETF
mom_3m,63,monthly,2023-12-29,515220,煤炭ETF国泰,sector,煤炭,0.035748792270531515,515220,0.035748792270531515,511260,0.01690409309791341,最佳行业/主题 ETF 动量为正，持有该 ETF
mom_3m,63,monthly,2024-01-31,515220,煤炭ETF国泰,sector,煤炭,0.14984709480122316,515220,0.14984709480122316,511260,0.020816553602417853,最佳行业/主题 ETF 动量为正，持有该 ETF
mom_3m,63,monthly,2024-02-29,515220,煤炭ETF国泰,sector,煤炭,0.1881668283220177,515220,0.1881668283220177,511260,0.03031813273527706,最佳行业/主题 ETF 动量为正，持有该 ETF
mom_3m,63,monthly,2024-03-29,512400,有色金属ETF南方,sector,有色金属,0.15610859728506798,512400,0.15610859728506798,511260,0.023903461709889884,最佳行业/主题 ETF 动量为正，持有该 ETF
mom_3m,63,monthly,2024-04-30,512400,有色金属ETF南方,sector,有色金属,0.2654545454545456,512400,0.2654545454545456,511260,0.017315132133188138,最佳行业/主题 ETF 动量为正，持有该 ETF
mom_3m,63,monthly,2024-05-31,512400,有色金属ETF南方,sector,有色金属,0.1594202898550725,512400,0.1594202898550725,511010,0.011062835998574494,最佳行业/主题 ETF 动量为正，持有该 ETF
mom_3m,63,monthly,2024-06-28,512800,银行ETF华宝,sector,银行,0.0795847750865053,512800,0.0795847750865053,511260,0.020075778996776483,最佳行业/主题 ETF 动量为正，持有该 ETF
mom_3m,63,monthly,2024-07-31,512800,银行ETF华宝,sector,银行,0.05280528052805278,512800,0.05280528052805278,511260,0.028883168029181894,最佳行业/主题 ETF 动量为正，持有该 ETF
mom_3m,63,monthly,2024-08-30,512800,银行ETF华宝,sector,银行,0.012903225806451646,512800,0.012903225806451646,511260,0.01810182778066638,最佳行业/主题 ETF 动量为正，持有该 ETF
mom_3m,63,monthly,2024-09-30,512880,证券ETF国泰,sector,证券,0.4119897959183674,512880,0.4119897959183674,511010,0.008746529747156506,最佳行业/主题 ETF 动量为正，持有该 ETF
mom_3m,63,monthly,2024-10-31,515230,软件ETF国泰,sector,软件,0.5231660231660231,515230,0.5231660231660231,511260,0.006930661878209454,最佳行业/主题 ETF 动量为正，持有该 ETF
mom_3m,63,monthly,2024-11-29,515230,软件ETF国泰,sector,软件,0.7307692307692308,515230,0.7307692307692308,511260,0.014872832188666196,最佳行业/主题 ETF 动量为正，持有该 ETF
mom_3m,63,monthly,2024-12-31,512480,半导体ETF国联安,sector,半导体,0.4882005899705013,512480,0.4882005899705013,511260,0.03275166949455954,最佳行业/主题 ETF 动量为正，持有该 ETF
mom_3m,63,monthly,2025-01-27,512800,银行ETF华宝,sector,银行,0.07582260371959948,512800,0.07582260371959948,511260,0.045521039497461446,最佳行业/主题 ETF 动量为正，持有该 ETF
mom_3m,63,monthly,2025-02-28,512480,半导体ETF国联安,sector,半导体,0.13074565883554645,512480,0.13074565883554645,511260,0.027564430790237182,最佳行业/主题 ETF 动量为正，持有该 ETF
mom_3m,63,monthly,2025-03-31,512400,有色金属ETF南方,sector,有色金属,0.08256880733944971,512400,0.08256880733944971,511260,-0.007614882949447677,最佳行业/主题 ETF 动量为正，持有该 ETF
mom_3m,63,monthly,2025-04-30,515230,软件ETF国泰,sector,软件,0.06631299734748008,515230,0.06631299734748008,511260,0.002452101533500839,最佳行业/主题 ETF 动量为正，持有该 ETF
mom_3m,63,monthly,2025-05-30,512800,银行ETF华宝,sector,银行,0.09336941813261168,512800,0.09336941813261168,511010,0.005894366555466046,最佳行业/主题 ETF 动量为正，持有该 ETF
mom_3m,63,monthly,2025-06-30,512800,银行ETF华宝,sector,银行,0.12779973649538867,512800,0.12779973649538867,511260,0.015208548357719565,最佳行业/主题 ETF 动量为正，持有该 ETF
mom_3m,63,monthly,2025-07-31,512660,军工ETF国泰,sector,军工,0.19677093844601412,512660,0.19677093844601412,511010,0.000989169675090329,最佳行业/主题 ETF 动量为正，持有该 ETF
mom_3m,63,monthly,2025-08-29,512400,有色金属ETF南方,sector,有色金属,0.41170825335892514,512400,0.41170825335892514,511010,0.0005708381204252433,最佳行业/主题 ETF 动量为正，持有该 ETF
mom_3m,63,monthly,2025-09-30,512480,半导体ETF国联安,sector,半导体,0.5390625,512480,0.5390625,511010,-0.0018050671326760304,最佳行业/主题 ETF 动量为正，持有该 ETF
mom_3m,63,monthly,2025-10-31,515030,新能源车ETF华夏,sector,新能源车,0.39881831610044305,515030,0.39881831610044305,511010,0.006509721280004488,最佳行业/主题 ETF 动量为正，持有该 ETF
mom_3m,63,monthly,2025-11-28,515030,新能源车ETF华夏,sector,新能源车,0.25086865879082687,515030,0.25086865879082687,511010,0.006052114629073291,最佳行业/主题 ETF 动量为正，持有该 ETF
mom_3m,63,monthly,2025-12-31,512400,有色金属ETF南方,sector,有色金属,0.25701239399869547,512400,0.25701239399869547,511010,0.007211642579732391,最佳行业/主题 ETF 动量为正，持有该 ETF
mom_3m,63,monthly,2026-01-30,512400,有色金属ETF南方,sector,有色金属,0.3411697247706422,512400,0.3411697247706422,511010,0.002825101818390463,最佳行业/主题 ETF 动量为正，持有该 ETF
mom_3m,63,monthly,2026-02-27,512400,有色金属ETF南方,sector,有色金属,0.38346727898966715,512400,0.38346727898966715,511010,0.005027756659446769,最佳行业/主题 ETF 动量为正，持有该 ETF
mom_3m,63,monthly,2026-03-31,515220,煤炭ETF国泰,sector,煤炭,0.1630123927550049,515220,0.1630123927550049,511260,0.009033728418385234,最佳行业/主题 ETF 动量为正，持有该 ETF
mom_3m,63,monthly,2026-04-30,515220,煤炭ETF国泰,sector,煤炭,0.20752984389348028,515220,0.20752984389348028,511260,0.009671035435569797,最佳行业/主题 ETF 动量为正，持有该 ETF
mom_3m,63,monthly,2026-05-29,512480,半导体ETF国联安,sector,半导体,0.28955223880597014,512480,0.28955223880597014,511260,0.012265555224769242,最佳行业/主题 ETF 动量为正，持有该 ETF
mom_3m,63,monthly,2026-06-18,512480,半导体ETF国联安,sector,半导体,0.6173402868318121,512480,0.6173402868318121,511260,0.013467285749420688,最佳行业/主题 ETF 动量为正，持有该 ETF
mom_3m,63,quarterly,2015-03-31,CASH,空仓,cash,现金,0.0,,,,,行业和防守资产均无正动量，空仓
mom_3m,63,quarterly,2015-06-30,159928,消费ETF汇添富,sector,消费,0.17191977077363907,159928,0.17191977077363907,511010,0.0014696948913406338,最佳行业/主题 ETF 动量为正，持有该 ETF
mom_3m,63,quarterly,2015-09-30,511010,国债ETF国泰,defensive,国债,0.0255972029611109,159928,-0.2131979695431473,511010,0.0255972029611109,最佳行业/主题 ETF 动量为负或不可用，切换到正动量防守资产
mom_3m,63,quarterly,2015-12-31,512010,医药ETF易方达,sector,医药,0.19424460431654667,512010,0.19424460431654667,511010,0.024315412186380003,最佳行业/主题 ETF 动量为正，持有该 ETF
mom_3m,63,quarterly,2016-03-31,511010,国债ETF国泰,defensive,国债,0.017114960158617354,159928,-0.11202185792349717,511010,0.017114960158617354,最佳行业/主题 ETF 动量为负或不可用，切换到正动量防守资产
mom_3m,63,quarterly,2016-06-30,159928,消费ETF汇添富,sector,消费,0.07210031347962387,159928,0.07210031347962387,511010,0.0014716297379580023,最佳行业/主题 ETF 动量为正，持有该 ETF
mom_3m,63,quarterly,2016-09-30,512010,医药ETF易方达,sector,医药,0.0955631399317407,512010,0.0955631399317407,511010,0.011971714877168527,最佳行业/主题 ETF 动量为正，持有该 ETF
mom_3m,63,quarterly,2016-12-30,159928,消费ETF汇添富,sector,消费,0.042735042735042805,159928,0.042735042735042805,511010,-0.019973694952151955,最佳行业/主题 ETF 动量为正，持有该 ETF
mom_3m,63,quarterly,2017-03-31,159928,消费ETF汇添富,sector,消费,0.13186813186813184,159928,0.13186813186813184,511010,0.008805723720418213,最佳行业/主题 ETF 动量为正，持有该 ETF
mom_3m,63,quarterly,2017-06-30,159928,消费ETF汇添富,sector,消费,0.0871670702179177,159928,0.0871670702179177,511010,-0.011003020980571376,最佳行业/主题 ETF 动量为正，持有该 ETF
mom_3m,63,quarterly,2017-09-29,159928,消费ETF汇添富,sector,消费,0.13738738738738743,159928,0.13738738738738743,511010,-0.0001678916539193942,最佳行业/主题 ETF 动量为正，持有该 ETF
mom_3m,63,quarterly,2017-12-29,159928,消费ETF汇添富,sector,消费,0.16599999999999993,159928,0.16599999999999993,511010,-0.005396638984425328,最佳行业/主题 ETF 动量为正，持有该 ETF
mom_3m,63,quarterly,2018-03-30,512010,医药ETF易方达,sector,医药,0.10311750599520386,512010,0.10311750599520386,511010,0.015351369555455907,最佳行业/主题 ETF 动量为正，持有该 ETF
mom_3m,63,quarterly,2018-06-29,512010,医药ETF易方达,sector,医药,0.03854389721627394,512010,0.03854389721627394,511260,0.027302060064532174,最佳行业/主题 ETF 动量为正，持有该 ETF
mom_3m,63,quarterly,2018-09-28,512800,银行ETF华宝,sector,银行,0.1542056074766356,512800,0.1542056074766356,511010,0.008042408728645922,最佳行业/主题 ETF 动量为正，持有该 ETF
mom_3m,63,quarterly,2018-12-28,511260,十年国债ETF国泰,defensive,十年国债,0.041805379012569865,512880,-0.00966850828729282,511260,0.041805379012569865,最佳行业/主题 ETF 动量为负或不可用，切换到正动量防守资产
mom_3m,63,quarterly,2019-03-29,512880,证券ETF国泰,sector,证券,0.47736625514403297,512880,0.47736625514403297,511260,0.014216345872579472,最佳行业/主题 ETF 动量为正，持有该 ETF
mom_3m,63,quarterly,2019-06-28,159928,消费ETF汇添富,sector,消费,0.19532554257095147,159928,0.19532554257095147,511010,0.0026887370818005074,最佳行业/主题 ETF 动量为正，持有该 ETF
mom_3m,63,quarterly,2019-09-30,512480,半导体ETF国联安,sector,半导体,0.1705426356589146,512480,0.1705426356589146,511010,0.009420549008661627,最佳行业/主题 ETF 动量为正，持有该 ETF
mom_3m,63,quarterly,2019-12-31,512480,半导体ETF国联安,sector,半导体,0.1754098360655738,512480,0.1754098360655738,511010,0.01381750852238306,最佳行业/主题 ETF 动量为正，持有该 ETF
mom_3m,63,quarterly,2020-03-31,512170,医疗ETF华宝,sector,医疗,0.14939759036144573,512170,0.14939759036144573,511260,0.04371309779203747,最佳行业/主题 ETF 动量为正，持有该 ETF
mom_3m,63,quarterly,2020-06-30,512690,酒ETF鹏华,sector,白酒/酒,1.2914285714285718,512690,1.2914285714285718,511010,-0.0027997158497347074,最佳行业/主题 ETF 动量为正，持有该 ETF
mom_3m,63,quarterly,2020-09-30,512660,军工ETF国泰,sector,军工,0.2718786464410736,512660,0.2718786464410736,511010,-0.012095187873004676,最佳行业/主题 ETF 动量为正，持有该 ETF
mom_3m,63,quarterly,2020-12-31,512690,酒ETF鹏华,sector,白酒/酒,0.8090909090909089,512690,0.8090909090909089,511010,0.003018287269929587,最佳行业/主题 ETF 动量为正，持有该 ETF
mom_3m,63,quarterly,2021-03-31,512800,银行ETF华宝,sector,银行,0.1308243727598566,512800,0.1308243727598566,511260,0.010217149480729493,最佳行业/主题 ETF 动量为正，持有该 ETF
mom_3m,63,quarterly,2021-06-30,515030,新能源车ETF华夏,sector,新能源车,0.4349593495934958,515030,0.4349593495934958,511260,0.019091263288743665,最佳行业/主题 ETF 动量为正，持有该 ETF
mom_3m,63,quarterly,2021-09-30,515220,煤炭ETF国泰,sector,煤炭,0.5718799368088467,515220,0.5718799368088467,511260,0.019272922408069437,最佳行业/主题 ETF 动量为正，持有该 ETF
mom_3m,63,quarterly,2021-12-31,512980,传媒ETF广发,sector,传媒,0.2204836415362732,512980,0.2204836415362732,511260,0.013240947697809702,最佳行业/主题 ETF 动量为正，持有该 ETF
mom_3m,63,quarterly,2022-03-31,515220,煤炭ETF国泰,sector,煤炭,0.1925754060324827,515220,0.1925754060324827,511010,0.009141539610632021,最佳行业/主题 ETF 动量为正，持有该 ETF
mom_3m,63,quarterly,2022-06-30,512690,酒ETF鹏华,sector,白酒/酒,0.25403225806451624,512690,0.25403225806451624,511260,0.0059549911420602175,最佳行业/主题 ETF 动量为正，持有该 ETF
mom_3m,63,quarterly,2022-09-30,515220,煤炭ETF国泰,sector,煤炭,0.053153153153153054,515220,0.053153153153153054,511260,0.012875124386795056,最佳行业/主题 ETF 动量为正，持有该 ETF
mom_3m,63,quarterly,2022-12-30,515230,软件ETF国泰,sector,软件,0.10719322990126945,515230,0.10719322990126945,511260,0.002039025397480909,最佳行业/主题 ETF 动量为正，持有该 ETF
mom_3m,63,quarterly,2023-03-31,515230,软件ETF国泰,sector,软件,0.4526588845654995,515230,0.4526588845654995,511260,0.007015399447375836,最佳行业/主题 ETF 动量为正，持有该 ETF
mom_3m,63,quarterly,2023-06-30,512980,传媒ETF广发,sector,传媒,0.07971014492753636,512980,0.07971014492753636,511260,0.020591679559616605,最佳行业/主题 ETF 动量为正，持有该 ETF
mom_3m,63,quarterly,2023-09-28,515220,煤炭ETF国泰,sector,煤炭,0.08792372881355925,515220,0.08792372881355925,511260,0.004072432314666585,最佳行业/主题 ETF 动量为正，持有该 ETF
mom_3m,63,quarterly,2023-12-29,515220,煤炭ETF国泰,sector,煤炭,0.035748792270531515,515220,0.035748792270531515,511260,0.01690409309791341,最佳行业/主题 ETF 动量为正，持有该 ETF
mom_3m,63,quarterly,2024-03-29,512400,有色金属ETF南方,sector,有色金属,0.15610859728506798,512400,0.15610859728506798,511260,0.023903461709889884,最佳行业/主题 ETF 动量为正，持有该 ETF
mom_3m,63,quarterly,2024-06-28,512800,银行ETF华宝,sector,银行,0.0795847750865053,512800,0.0795847750865053,511260,0.020075778996776483,最佳行业/主题 ETF 动量为正，持有该 ETF
mom_3m,63,quarterly,2024-09-30,512880,证券ETF国泰,sector,证券,0.4119897959183674,512880,0.4119897959183674,511010,0.008746529747156506,最佳行业/主题 ETF 动量为正，持有该 ETF
mom_3m,63,quarterly,2024-12-31,512480,半导体ETF国联安,sector,半导体,0.4882005899705013,512480,0.4882005899705013,511260,0.03275166949455954,最佳行业/主题 ETF 动量为正，持有该 ETF
mom_3m,63,quarterly,2025-03-31,512400,有色金属ETF南方,sector,有色金属,0.08256880733944971,512400,0.08256880733944971,511260,-0.007614882949447677,最佳行业/主题 ETF 动量为正，持有该 ETF
mom_3m,63,quarterly,2025-06-30,512800,银行ETF华宝,sector,银行,0.12779973649538867,512800,0.12779973649538867,511260,0.015208548357719565,最佳行业/主题 ETF 动量为正，持有该 ETF
mom_3m,63,quarterly,2025-09-30,512480,半导体ETF国联安,sector,半导体,0.5390625,512480,0.5390625,511010,-0.0018050671326760304,最佳行业/主题 ETF 动量为正，持有该 ETF
mom_3m,63,quarterly,2025-12-31,512400,有色金属ETF南方,sector,有色金属,0.25701239399869547,512400,0.25701239399869547,511010,0.007211642579732391,最佳行业/主题 ETF 动量为正，持有该 ETF
mom_3m,63,quarterly,2026-03-31,515220,煤炭ETF国泰,sector,煤炭,0.1630123927550049,515220,0.1630123927550049,511260,0.009033728418385234,最佳行业/主题 ETF 动量为正，持有该 ETF
mom_3m,63,quarterly,2026-06-18,512480,半导体ETF国联安,sector,半导体,0.6173402868318121,512480,0.6173402868318121,511260,0.013467285749420688,最佳行业/主题 ETF 动量为正，持有该 ETF
mom_4m,84,weekly,2015-01-09,CASH,空仓,cash,现金,0.0,,,,,行业和防守资产均无正动量，空仓
mom_4m,84,weekly,2015-01-16,CASH,空仓,cash,现金,0.0,,,,,行业和防守资产均无正动量，空仓
mom_4m,84,weekly,2015-01-23,CASH,空仓,cash,现金,0.0,,,,,行业和防守资产均无正动量，空仓
mom_4m,84,weekly,2015-01-30,CASH,空仓,cash,现金,0.0,,,,,行业和防守资产均无正动量，空仓
mom_4m,84,weekly,2015-02-06,CASH,空仓,cash,现金,0.0,,,,,行业和防守资产均无正动量，空仓
mom_4m,84,weekly,2015-02-13,CASH,空仓,cash,现金,0.0,,,,,行业和防守资产均无正动量，空仓
mom_4m,84,weekly,2015-02-17,CASH,空仓,cash,现金,0.0,,,,,行业和防守资产均无正动量，空仓
mom_4m,84,weekly,2015-02-27,CASH,空仓,cash,现金,0.0,,,,,行业和防守资产均无正动量，空仓
mom_4m,84,weekly,2015-03-06,CASH,空仓,cash,现金,0.0,,,,,行业和防守资产均无正动量，空仓
mom_4m,84,weekly,2015-03-13,CASH,空仓,cash,现金,0.0,,,,,行业和防守资产均无正动量，空仓
mom_4m,84,weekly,2015-03-20,CASH,空仓,cash,现金,0.0,,,,,行业和防守资产均无正动量，空仓
mom_4m,84,weekly,2015-03-27,CASH,空仓,cash,现金,0.0,,,,,行业和防守资产均无正动量，空仓
mom_4m,84,weekly,2015-04-03,CASH,空仓,cash,现金,0.0,,,,,行业和防守资产均无正动量，空仓
mom_4m,84,weekly,2015-04-10,CASH,空仓,cash,现金,0.0,,,,,行业和防守资产均无正动量，空仓
mom_4m,84,weekly,2015-04-17,CASH,空仓,cash,现金,0.0,,,,,行业和防守资产均无正动量，空仓
mom_4m,84,weekly,2015-04-24,CASH,空仓,cash,现金,0.0,,,,,行业和防守资产均无正动量，空仓
mom_4m,84,weekly,2015-04-30,CASH,空仓,cash,现金,0.0,,,,,行业和防守资产均无正动量，空仓
mom_4m,84,weekly,2015-05-08,CASH,空仓,cash,现金,0.0,,,,,行业和防守资产均无正动量，空仓
mom_4m,84,weekly,2015-05-15,159928,消费ETF汇添富,sector,消费,0.3344481605351173,159928,0.3344481605351173,511010,0.038600989563510435,最佳行业/主题 ETF 动量为正，持有该 ETF
mom_4m,84,weekly,2015-05-22,159928,消费ETF汇添富,sector,消费,0.48972602739726034,159928,0.48972602739726034,511010,0.02359849872748354,最佳行业/主题 ETF 动量为正，持有该 ETF
mom_4m,84,weekly,2015-05-29,159928,消费ETF汇添富,sector,消费,0.45945945945945943,159928,0.45945945945945943,511010,0.006551139094020719,最佳行业/主题 ETF 动量为正，持有该 ETF
mom_4m,84,weekly,2015-06-05,159928,消费ETF汇添富,sector,消费,0.5856164383561646,159928,0.5856164383561646,511010,0.01335123954790074,最佳行业/主题 ETF 动量为正，持有该 ETF
mom_4m,84,weekly,2015-06-12,159928,消费ETF汇添富,sector,消费,0.7192982456140351,159928,0.7192982456140351,511010,0.005637132780366816,最佳行业/主题 ETF 动量为正，持有该 ETF
mom_4m,84,weekly,2015-06-19,159928,消费ETF汇添富,sector,消费,0.453924914675768,159928,0.453924914675768,511010,-0.005577271889579571,最佳行业/主题 ETF 动量为正，持有该 ETF
mom_4m,84,weekly,2015-06-26,159928,消费ETF汇添富,sector,消费,0.34343434343434365,159928,0.34343434343434365,511010,-0.010743209206804272,最佳行业/主题 ETF 动量为正，持有该 ETF
mom_4m,84,weekly,2015-07-03,512010,医药ETF易方达,sector,医药,0.15384615384615374,512010,0.15384615384615374,511010,-0.005138236066913882,最佳行业/主题 ETF 动量为正，持有该 ETF
mom_4m,84,weekly,2015-07-10,159928,消费ETF汇添富,sector,消费,0.16987179487179493,159928,0.16987179487179493,511010,0.007230277517929595,最佳行业/主题 ETF 动量为正，持有该 ETF
mom_4m,84,weekly,2015-07-17,512010,医药ETF易方达,sector,医药,0.19512195121951237,512010,0.19512195121951237,511010,0.022919144455926244,最佳行业/主题 ETF 动量为正，持有该 ETF
mom_4m,84,weekly,2015-07-24,512010,医药ETF易方达,sector,医药,0.144295302013423,512010,0.144295302013423,511010,0.016469282013323427,最佳行业/主题 ETF 动量为正，持有该 ETF
mom_4m,84,weekly,2015-07-31,512010,医药ETF易方达,sector,医药,0.05573770491803276,512010,0.05573770491803276,511010,0.027137002054195447,最佳行业/主题 ETF 动量为正，持有该 ETF
mom_4m,84,weekly,2015-08-07,512010,医药ETF易方达,sector,医药,0.07717041800643099,512010,0.07717041800643099,511010,0.03305362360186126,最佳行业/主题 ETF 动量为正，持有该 ETF
mom_4m,84,weekly,2015-08-14,159928,消费ETF汇添富,sector,消费,0.02604166666666674,159928,0.02604166666666674,511010,0.020083608618119086,最佳行业/主题 ETF 动量为正，持有该 ETF
mom_4m,84,weekly,2015-08-21,511010,国债ETF国泰,defensive,国债,0.008491581120772418,512010,-0.06567164179104479,511010,0.008491581120772418,最佳行业/主题 ETF 动量为负或不可用，切换到正动量防守资产
mom_4m,84,weekly,2015-08-28,511010,国债ETF国泰,defensive,国债,0.012573150240454245,512010,-0.14071856287425166,511010,0.012573150240454245,最佳行业/主题 ETF 动量为负或不可用，切换到正动量防守资产
mom_4m,84,weekly,2015-09-02,511010,国债ETF国泰,defensive,国债,0.025880773309722827,159928,-0.14775725593667544,511010,0.025880773309722827,最佳行业/主题 ETF 动量为负或不可用，切换到正动量防守资产
mom_4m,84,weekly,2015-09-11,511010,国债ETF国泰,defensive,国债,0.010458552428085355,512010,-0.1598837209302325,511010,0.010458552428085355,最佳行业/主题 ETF 动量为负或不可用，切换到正动量防守资产
mom_4m,84,weekly,2015-09-18,511010,国债ETF国泰,defensive,国债,0.012310340492607041,512010,-0.22499999999999987,511010,0.012310340492607041,最佳行业/主题 ETF 动量为负或不可用，切换到正动量防守资产
mom_4m,84,weekly,2015-09-25,511010,国债ETF国泰,defensive,国债,0.013290710064903566,512010,-0.30279898218829515,511010,0.013290710064903566,最佳行业/主题 ETF 动量为负或不可用，切换到正动量防守资产
mom_4m,84,weekly,2015-09-30,511010,国债ETF国泰,defensive,国债,0.02830872272923113,159928,-0.315673289183223,511010,0.02830872272923113,最佳行业/主题 ETF 动量为负或不可用，切换到正动量防守资产
mom_4m,84,weekly,2015-10-09,511010,国债ETF国泰,defensive,国债,0.022007598208299672,512010,-0.28784119106699757,511010,0.022007598208299672,最佳行业/主题 ETF 动量为负或不可用，切换到正动量防守资产
mom_4m,84,weekly,2015-10-16,511010,国债ETF国泰,defensive,国债,0.022549676267023866,512010,-0.2506329113924052,511010,0.022549676267023866,最佳行业/主题 ETF 动量为负或不可用，切换到正动量防守资产
mom_4m,84,weekly,2015-10-23,511010,国债ETF国泰,defensive,国债,0.03408091898333576,512010,-0.20256410256410262,511010,0.03408091898333576,最佳行业/主题 ETF 动量为负或不可用，切换到正动量防守资产
mom_4m,84,weekly,2015-10-30,511010,国债ETF国泰,defensive,国债,0.03516249853692788,512010,-0.1707317073170732,511010,0.03516249853692788,最佳行业/主题 ETF 动量为负或不可用，切换到正动量防守资产
mom_4m,84,weekly,2015-11-06,511010,国债ETF国泰,defensive,国债,0.03327557343828014,512010,-0.05373134328358209,511010,0.03327557343828014,最佳行业/主题 ETF 动量为负或不可用，切换到正动量防守资产
mom_4m,84,weekly,2015-11-13,512010,医药ETF易方达,sector,医药,0.13309352517985595,512010,0.13309352517985595,511010,0.012983640612827863,最佳行业/主题 ETF 动量为正，持有该 ETF
mom_4m,84,weekly,2015-11-20,511010,国债ETF国泰,defensive,国债,0.010774869511820606,159928,-0.04109589041095896,511010,0.010774869511820606,最佳行业/主题 ETF 动量为负或不可用，切换到正动量防守资产
mom_4m,84,weekly,2015-11-27,511010,国债ETF国泰,defensive,国债,0.009477542138316641,512010,-0.11527377521613824,511010,0.009477542138316641,最佳行业/主题 ETF 动量为负或不可用，切换到正动量防守资产
mom_4m,84,weekly,2015-12-04,511010,国债ETF国泰,defensive,国债,0.012907543742231464,512010,-0.01552795031055898,511010,0.012907543742231464,最佳行业/主题 ETF 动量为负或不可用，切换到正动量防守资产
mom_4m,84,weekly,2015-12-11,511010,国债ETF国泰,defensive,国债,0.010834143273683594,512010,-0.030303030303030276,511010,0.010834143273683594,最佳行业/主题 ETF 动量为负或不可用，切换到正动量防守资产
mom_4m,84,weekly,2015-12-18,511010,国债ETF国泰,defensive,国债,0.016155520757743735,512010,-0.035820895522388096,511010,0.016155520757743735,最佳行业/主题 ETF 动量为负或不可用，切换到正动量防守资产
mom_4m,84,weekly,2015-12-25,512010,医药ETF易方达,sector,医药,0.012307692307692353,512010,0.012307692307692353,511010,0.028016536871454667,最佳行业/主题 ETF 动量为正，持有该 ETF
mom_4m,84,weekly,2015-12-31,512010,医药ETF易方达,sector,医药,0.23880597014925375,512010,0.23880597014925375,511010,0.026287060445874477,最佳行业/主题 ETF 动量为正，持有该 ETF
mom_4m,84,weekly,2016-01-08,512010,医药ETF易方达,sector,医药,0.16363636363636358,512010,0.16363636363636358,511010,0.01645501190261678,最佳行业/主题 ETF 动量为正，持有该 ETF
mom_4m,84,weekly,2016-01-15,511010,国债ETF国泰,defensive,国债,0.029405575006217877,159928,-0.006249999999999978,511010,0.029405575006217877,最佳行业/主题 ETF 动量为负或不可用，切换到正动量防守资产
mom_4m,84,weekly,2016-01-22,512010,医药ETF易方达,sector,医药,0.01075268817204278,512010,0.01075268817204278,511010,0.026308247836304366,最佳行业/主题 ETF 动量为正，持有该 ETF
mom_4m,84,weekly,2016-01-29,512010,医药ETF易方达,sector,医药,0.014598540145985384,512010,0.014598540145985384,511010,0.02416779793885393,最佳行业/主题 ETF 动量为正，持有该 ETF
mom_4m,84,weekly,2016-02-05,511010,国债ETF国泰,defensive,国债,0.019442120474596924,512010,-0.013937282229965153,511010,0.019442120474596924,最佳行业/主题 ETF 动量为负或不可用，切换到正动量防守资产
mom_4m,84,weekly,2016-02-19,511010,国债ETF国泰,defensive,国债,0.020153787734953355,512010,-0.06756756756756743,511010,0.020153787734953355,最佳行业/主题 ETF 动量为负或不可用，切换到正动量防守资产
mom_4m,84,weekly,2016-02-26,511010,国债ETF国泰,defensive,国债,0.01722036972313279,159928,-0.12835820895522398,511010,0.01722036972313279,最佳行业/主题 ETF 动量为负或不可用，切换到正动量防守资产
mom_4m,84,weekly,2016-03-04,511010,国债ETF国泰,defensive,国债,0.015358667282269645,159928,-0.10089020771513357,511010,0.015358667282269645,最佳行业/主题 ETF 动量为负或不可用，切换到正动量防守资产
mom_4m,84,weekly,2016-03-11,511010,国债ETF国泰,defensive,国债,0.025723381274515233,159928,-0.1246376811594202,511010,0.025723381274515233,最佳行业/主题 ETF 动量为负或不可用，切换到正动量防守资产
mom_4m,84,weekly,2016-03-18,511010,国债ETF国泰,defensive,国债,0.02673578474655125,159928,-0.09565217391304337,511010,0.02673578474655125,最佳行业/主题 ETF 动量为负或不可用，切换到正动量防守资产
mom_4m,84,weekly,2016-03-25,511010,国债ETF国泰,defensive,国债,0.031249110083818366,159928,-0.08857142857142852,511010,0.031249110083818366,最佳行业/主题 ETF 动量为负或不可用，切换到正动量防守资产
mom_4m,84,weekly,2016-04-01,511010,国债ETF国泰,defensive,国债,0.031191203305378945,159928,-0.03293413173652693,511010,0.031191203305378945,最佳行业/主题 ETF 动量为负或不可用，切换到正动量防守资产
mom_4m,84,weekly,2016-04-08,511010,国债ETF国泰,defensive,国债,0.027227512528430697,159928,-0.06432748538011701,511010,0.027227512528430697,最佳行业/主题 ETF 动量为负或不可用，切换到正动量防守资产
mom_4m,84,weekly,2016-04-15,511010,国债ETF国泰,defensive,国债,0.02250167324968655,159928,-0.061403508771929904,511010,0.02250167324968655,最佳行业/主题 ETF 动量为负或不可用，切换到正动量防守资产
mom_4m,84,weekly,2016-04-22,511010,国债ETF国泰,defensive,国债,0.016995619200150802,159928,-0.09770114942528729,511010,0.016995619200150802,最佳行业/主题 ETF 动量为负或不可用，切换到正动量防守资产
mom_4m,84,weekly,2016-04-29,511010,国债ETF国泰,defensive,国债,0.00973151852821319,159928,-0.13043478260869557,511010,0.00973151852821319,最佳行业/主题 ETF 动量为负或不可用，切换到正动量防守资产
mom_4m,84,weekly,2016-05-06,511010,国债ETF国泰,defensive,国债,0.007139461837432748,159928,-0.09641873278236912,511010,0.007139461837432748,最佳行业/主题 ETF 动量为负或不可用，切换到正动量防守资产
mom_4m,84,weekly,2016-05-13,511010,国债ETF国泰,defensive,国债,0.01602207360987684,159928,-0.03746397694524484,511010,0.01602207360987684,最佳行业/主题 ETF 动量为负或不可用，切换到正动量防守资产
mom_4m,84,weekly,2016-05-20,159928,消费ETF汇添富,sector,消费,0.00917431192660545,159928,0.00917431192660545,511010,0.007394729743556372,最佳行业/主题 ETF 动量为正，持有该 ETF
mom_4m,84,weekly,2016-05-27,159928,消费ETF汇添富,sector,消费,0.065359477124183,159928,0.065359477124183,511010,0.007438024222451878,最佳行业/主题 ETF 动量为正，持有该 ETF
mom_4m,84,weekly,2016-06-03,159928,消费ETF汇添富,sector,消费,0.1452702702702704,159928,0.1452702702702704,511010,0.009329473290997425,最佳行业/主题 ETF 动量为正，持有该 ETF
mom_4m,84,weekly,2016-06-08,159928,消费ETF汇添富,sector,消费,0.1266666666666667,159928,0.1266666666666667,511010,0.010344215921503475,最佳行业/主题 ETF 动量为正，持有该 ETF
mom_4m,84,weekly,2016-06-17,159928,消费ETF汇添富,sector,消费,0.13666666666666671,159928,0.13666666666666671,511010,0.010397468118774844,最佳行业/主题 ETF 动量为正，持有该 ETF
mom_4m,84,weekly,2016-06-24,159928,消费ETF汇添富,sector,消费,0.10197368421052633,159928,0.10197368421052633,511010,0.011402423712577159,最佳行业/主题 ETF 动量为正，持有该 ETF
mom_4m,84,weekly,2016-07-01,159928,消费ETF汇添富,sector,消费,0.1694915254237288,159928,0.1694915254237288,511010,0.012238767222356284,最佳行业/主题 ETF 动量为正，持有该 ETF
mom_4m,84,weekly,2016-07-08,159928,消费ETF汇添富,sector,消费,0.18811881188118806,159928,0.18811881188118806,511010,0.014636410042229375,最佳行业/主题 ETF 动量为正，持有该 ETF
mom_4m,84,weekly,2016-07-15,159928,消费ETF汇添富,sector,消费,0.20454545454545459,159928,0.20454545454545459,511010,0.012875138940348307,最佳行业/主题 ETF 动量为正，持有该 ETF
mom_4m,84,weekly,2016-07-22,159928,消费ETF汇添富,sector,消费,0.15238095238095228,159928,0.15238095238095228,511010,0.0130369658080145,最佳行业/主题 ETF 动量为正，持有该 ETF
mom_4m,84,weekly,2016-07-29,159928,消费ETF汇添富,sector,消费,0.16927899686520376,159928,0.16927899686520376,511010,0.009390837265343954,最佳行业/主题 ETF 动量为正，持有该 ETF
mom_4m,84,weekly,2016-08-05,159928,消费ETF汇添富,sector,消费,0.11620795107033621,159928,0.11620795107033621,511010,0.010171296381295214,最佳行业/主题 ETF 动量为正，持有该 ETF
mom_4m,84,weekly,2016-08-12,159928,消费ETF汇添富,sector,消费,0.12923076923076926,159928,0.12923076923076926,511010,0.015906915089476392,最佳行业/主题 ETF 动量为正，持有该 ETF
mom_4m,84,weekly,2016-08-19,512010,医药ETF易方达,sector,医药,0.15467625899280568,512010,0.15467625899280568,511010,0.01583174278258781,最佳行业/主题 ETF 动量为正，持有该 ETF
mom_4m,84,weekly,2016-08-26,512010,医药ETF易方达,sector,医药,0.15412186379928317,512010,0.15412186379928317,511010,0.023331877607530194,最佳行业/主题 ETF 动量为正，持有该 ETF
mom_4m,84,weekly,2016-09-02,512010,医药ETF易方达,sector,医药,0.12237762237762251,512010,0.12237762237762251,511010,0.01709101334541785,最佳行业/主题 ETF 动量为正，持有该 ETF
mom_4m,84,weekly,2016-09-09,512010,医药ETF易方达,sector,医药,0.13333333333333353,512010,0.13333333333333353,511010,0.014037543982462264,最佳行业/主题 ETF 动量为正，持有该 ETF
mom_4m,84,weekly,2016-09-14,512010,医药ETF易方达,sector,医药,0.12056737588652489,512010,0.12056737588652489,511010,0.01605640041340628,最佳行业/主题 ETF 动量为正，持有该 ETF
mom_4m,84,weekly,2016-09-23,512010,医药ETF易方达,sector,医药,0.15412186379928317,512010,0.15412186379928317,511010,0.018240115317446515,最佳行业/主题 ETF 动量为正，持有该 ETF
mom_4m,84,weekly,2016-09-30,512010,医药ETF易方达,sector,医药,0.13427561837455837,512010,0.13427561837455837,511010,0.020939795776925507,最佳行业/主题 ETF 动量为正，持有该 ETF
mom_4m,84,weekly,2016-10-14,512010,医药ETF易方达,sector,医药,0.15957446808510656,512010,0.15957446808510656,511010,0.023335614791246684,最佳行业/主题 ETF 动量为正，持有该 ETF
mom_4m,84,weekly,2016-10-21,512010,医药ETF易方达,sector,医药,0.15845070422535223,512010,0.15845070422535223,511010,0.023824665210458784,最佳行业/主题 ETF 动量为正，持有该 ETF
mom_4m,84,weekly,2016-10-28,512010,医药ETF易方达,sector,医药,0.14736842105263182,512010,0.14736842105263182,511010,0.020887824645422715,最佳行业/主题 ETF 动量为正，持有该 ETF
mom_4m,84,weekly,2016-11-04,512010,医药ETF易方达,sector,医药,0.11604095563139949,512010,0.11604095563139949,511010,0.01884591717715356,最佳行业/主题 ETF 动量为正，持有该 ETF
mom_4m,84,weekly,2016-11-11,512010,医药ETF易方达,sector,医药,0.09333333333333349,512010,0.09333333333333349,511010,0.012501713502399037,最佳行业/主题 ETF 动量为正，持有该 ETF
mom_4m,84,weekly,2016-11-18,512010,医药ETF易方达,sector,医药,0.06109324758842449,512010,0.06109324758842449,511010,0.005585313372705292,最佳行业/主题 ETF 动量为正，持有该 ETF
mom_4m,84,weekly,2016-11-25,512010,医药ETF易方达,sector,医药,0.07443365695792892,512010,0.07443365695792892,511010,0.0003376405314643449,最佳行业/主题 ETF 动量为正，持有该 ETF
mom_4m,84,weekly,2016-12-02,512010,医药ETF易方达,sector,医药,0.0543130990415337,512010,0.0543130990415337,511010,-0.005862990216192077,最佳行业/主题 ETF 动量为正，持有该 ETF
mom_4m,84,weekly,2016-12-09,512010,医药ETF易方达,sector,医药,0.04458598726114649,512010,0.04458598726114649,511010,-0.009445379680604216,最佳行业/主题 ETF 动量为正，持有该 ETF
mom_4m,84,weekly,2016-12-16,512010,医药ETF易方达,sector,医药,0.028481012658227778,512010,0.028481012658227778,511010,-0.04000579794173065,最佳行业/主题 ETF 动量为正，持有该 ETF
mom_4m,84,weekly,2016-12-23,512010,医药ETF易方达,sector,医药,0.02180685358255463,512010,0.02180685358255463,511010,-0.02812253519849872,最佳行业/主题 ETF 动量为正，持有该 ETF
mom_4m,84,weekly,2016-12-30,512010,医药ETF易方达,sector,医药,0.028124999999999956,512010,0.028124999999999956,511010,-0.01783555292941219,最佳行业/主题 ETF 动量为正，持有该 ETF
mom_4m,84,weekly,2017-01-06,159928,消费ETF汇添富,sector,消费,0.030303030303030276,159928,0.030303030303030276,511010,-0.01983272945214809,最佳行业/主题 ETF 动量为正，持有该 ETF
mom_4m,84,weekly,2017-01-13,159928,消费ETF汇添富,sector,消费,0.019283746556473913,159928,0.019283746556473913,511010,-0.016399708773207067,最佳行业/主题 ETF 动量为正，持有该 ETF
mom_4m,84,weekly,2017-01-20,159928,消费ETF汇添富,sector,消费,0.03672316384180796,159928,0.03672316384180796,511010,-0.017283031205725385,最佳行业/主题 ETF 动量为正，持有该 ETF
mom_4m,84,weekly,2017-01-26,159928,消费ETF汇添富,sector,消费,0.050561797752809,159928,0.050561797752809,511010,-0.017917112930455503,最佳行业/主题 ETF 动量为正，持有该 ETF
mom_4m,84,weekly,2017-02-03,159928,消费ETF汇添富,sector,消费,0.05352112676056353,159928,0.05352112676056353,511010,-0.018566748641070108,最佳行业/主题 ETF 动量为正，持有该 ETF
mom_4m,84,weekly,2017-02-10,512660,军工ETF国泰,sector,军工,0.06694129763130796,512660,0.06694129763130796,511010,-0.025868701405671435,最佳行业/主题 ETF 动量为正，持有该 ETF
mom_4m,84,weekly,2017-02-17,159928,消费ETF汇添富,sector,消费,0.05586592178770955,159928,0.05586592178770955,511010,-0.02292097866071352,最佳行业/主题 ETF 动量为正，持有该 ETF
mom_4m,84,weekly,2017-02-24,159928,消费ETF汇添富,sector,消费,0.10084033613445387,159928,0.10084033613445387,511010,-0.025547773796878004,最佳行业/主题 ETF 动量为正，持有该 ETF
mom_4m,84,weekly,2017-03-03,159928,消费ETF汇添富,sector,消费,0.0657534246575342,159928,0.0657534246575342,511010,-0.022589491916859217,最佳行业/主题 ETF 动量为正，持有该 ETF
mom_4m,84,weekly,2017-03-10,159928,消费ETF汇添富,sector,消费,0.06267029972752058,159928,0.06267029972752058,511010,-0.027142020101861397,最佳行业/主题 ETF 动量为正，持有该 ETF
mom_4m,84,weekly,2017-03-17,159928,消费ETF汇添富,sector,消费,0.07650273224043724,159928,0.07650273224043724,511010,-0.023160307961694326,最佳行业/主题 ETF 动量为正，持有该 ETF
mom_4m,84,weekly,2017-03-24,159928,消费ETF汇添富,sector,消费,0.11748633879781423,159928,0.11748633879781423,511010,-0.013366719781470526,最佳行业/主题 ETF 动量为正，持有该 ETF
mom_4m,84,weekly,2017-03-31,159928,消费ETF汇添富,sector,消费,0.11351351351351346,159928,0.11351351351351346,511010,-0.013446328714388556,最佳行业/主题 ETF 动量为正，持有该 ETF
mom_4m,84,weekly,2017-04-07,512010,医药ETF易方达,sector,医药,0.10510510510510507,512010,0.10510510510510507,511010,-0.006907116256031132,最佳行业/主题 ETF 动量为正，持有该 ETF
mom_4m,84,weekly,2017-04-14,159928,消费ETF汇添富,sector,消费,0.09999999999999987,159928,0.09999999999999987,511010,-0.00512763963169216,最佳行业/主题 ETF 动量为正，持有该 ETF
mom_4m,84,weekly,2017-04-21,512010,医药ETF易方达,sector,医药,0.11764705882352944,512010,0.11764705882352944,511010,0.0022728542951357955,最佳行业/主题 ETF 动量为正，持有该 ETF
mom_4m,84,weekly,2017-04-28,159928,消费ETF汇添富,sector,消费,0.11232876712328776,159928,0.11232876712328776,511010,0.0009794045220505865,最佳行业/主题 ETF 动量为正，持有该 ETF
mom_4m,84,weekly,2017-05-05,159928,消费ETF汇添富,sector,消费,0.09917355371900838,159928,0.09917355371900838,511010,-0.00487327618337674,最佳行业/主题 ETF 动量为正，持有该 ETF
mom_4m,84,weekly,2017-05-12,159928,消费ETF汇添富,sector,消费,0.07547169811320753,159928,0.07547169811320753,511010,-0.015651497039281592,最佳行业/主题 ETF 动量为正，持有该 ETF
mom_4m,84,weekly,2017-05-19,512010,医药ETF易方达,sector,医药,0.09696969696969693,512010,0.09696969696969693,511010,-0.01872499629574742,最佳行业/主题 ETF 动量为正，持有该 ETF
mom_4m,84,weekly,2017-05-26,159928,消费ETF汇添富,sector,消费,0.12841530054644812,159928,0.12841530054644812,511010,-0.013822962248757675,最佳行业/主题 ETF 动量为正，持有该 ETF
mom_4m,84,weekly,2017-06-02,512010,医药ETF易方达,sector,医药,0.1257668711656441,512010,0.1257668711656441,511010,-0.013090815225908714,最佳行业/主题 ETF 动量为正，持有该 ETF
mom_4m,84,weekly,2017-06-09,159928,消费ETF汇添富,sector,消费,0.1439999999999999,159928,0.1439999999999999,511010,-0.009487314765964205,最佳行业/主题 ETF 动量为正，持有该 ETF
mom_4m,84,weekly,2017-06-16,512010,医药ETF易方达,sector,医药,0.15454545454545454,512010,0.15454545454545454,511010,-0.003816297726935036,最佳行业/主题 ETF 动量为正，持有该 ETF
mom_4m,84,weekly,2017-06-23,159928,消费ETF汇添富,sector,消费,0.14360313315926887,159928,0.14360313315926887,511010,-0.008320992225101853,最佳行业/主题 ETF 动量为正，持有该 ETF
mom_4m,84,weekly,2017-06-30,159928,消费ETF汇添富,sector,消费,0.14833759590792828,159928,0.14833759590792828,511010,-0.011852015950376549,最佳行业/主题 ETF 动量为正，持有该 ETF
mom_4m,84,weekly,2017-07-07,512010,医药ETF易方达,sector,医药,0.14848484848484844,512010,0.14848484848484844,511010,-0.00870248048408706,最佳行业/主题 ETF 动量为正，持有该 ETF
mom_4m,84,weekly,2017-07-14,512010,医药ETF易方达,sector,医药,0.10479041916167664,512010,0.10479041916167664,511010,-0.006207030923817802,最佳行业/主题 ETF 动量为正，持有该 ETF
mom_4m,84,weekly,2017-07-21,159928,消费ETF汇添富,sector,消费,0.1088607594936708,159928,0.1088607594936708,511010,-0.01103793539805853,最佳行业/主题 ETF 动量为正，持有该 ETF
mom_4m,84,weekly,2017-07-28,159928,消费ETF汇添富,sector,消费,0.08252427184466038,159928,0.08252427184466038,511010,-0.013033492293359594,最佳行业/主题 ETF 动量为正，持有该 ETF
mom_4m,84,weekly,2017-08-04,159928,消费ETF汇添富,sector,消费,0.07004830917874405,159928,0.07004830917874405,511010,-0.008480218987552468,最佳行业/主题 ETF 动量为正，持有该 ETF
mom_4m,84,weekly,2017-08-11,159928,消费ETF汇添富,sector,消费,0.11576354679802958,159928,0.11576354679802958,511010,-0.00955434611866246,最佳行业/主题 ETF 动量为正，持有该 ETF
mom_4m,84,weekly,2017-08-18,159928,消费ETF汇添富,sector,消费,0.15555555555555545,159928,0.15555555555555545,511010,-0.00457413249211347,最佳行业/主题 ETF 动量为正，持有该 ETF
mom_4m,84,weekly,2017-08-25,159928,消费ETF汇添富,sector,消费,0.13625304136253047,159928,0.13625304136253047,511010,-0.0006051747092833404,最佳行业/主题 ETF 动量为正，持有该 ETF
mom_4m,84,weekly,2017-09-01,512880,证券ETF国泰,sector,证券,0.16274309109518925,512880,0.16274309109518925,511010,0.003395315773720542,最佳行业/主题 ETF 动量为正，持有该 ETF
mom_4m,84,weekly,2017-09-08,159928,消费ETF汇添富,sector,消费,0.18527918781725883,159928,0.18527918781725883,511010,0.01135807580833359,最佳行业/主题 ETF 动量为正，持有该 ETF
mom_4m,84,weekly,2017-09-15,159928,消费ETF汇添富,sector,消费,0.17283950617283939,159928,0.17283950617283939,511010,0.010356212316461777,最佳行业/主题 ETF 动量为正，持有该 ETF
mom_4m,84,weekly,2017-09-22,159928,消费ETF汇添富,sector,消费,0.2038834951456312,159928,0.2038834951456312,511010,0.006458638428898711,最佳行业/主题 ETF 动量为正，持有该 ETF
mom_4m,84,weekly,2017-09-29,159928,消费ETF汇添富,sector,消费,0.23170731707317072,159928,0.23170731707317072,511010,0.00044798685905211855,最佳行业/主题 ETF 动量为正，持有该 ETF
mom_4m,84,weekly,2017-10-13,159928,消费ETF汇添富,sector,消费,0.22706422018348627,159928,0.22706422018348627,511010,3.732144023427253e-05,最佳行业/主题 ETF 动量为正，持有该 ETF
mom_4m,84,weekly,2017-10-20,159928,消费ETF汇添富,sector,消费,0.23611111111111116,159928,0.23611111111111116,511010,-0.00374158840666039,最佳行业/主题 ETF 动量为正，持有该 ETF
mom_4m,84,weekly,2017-10-27,159928,消费ETF汇添富,sector,消费,0.27865168539325835,159928,0.27865168539325835,511010,-0.0050830069016974955,最佳行业/主题 ETF 动量为正，持有该 ETF
mom_4m,84,weekly,2017-11-03,159928,消费ETF汇添富,sector,消费,0.22838137472283826,159928,0.22838137472283826,511010,-0.007615989845346949,最佳行业/主题 ETF 动量为正，持有该 ETF
mom_4m,84,weekly,2017-11-10,159928,消费ETF汇添富,sector,消费,0.2986425339366514,159928,0.2986425339366514,511010,-0.00314421399315179,最佳行业/主题 ETF 动量为正，持有该 ETF
mom_4m,84,weekly,2017-11-17,159928,消费ETF汇添富,sector,消费,0.34813084112149517,159928,0.34813084112149517,511010,-0.005132416341613766,最佳行业/主题 ETF 动量为正，持有该 ETF
mom_4m,84,weekly,2017-11-24,159928,消费ETF汇添富,sector,消费,0.2299107142857144,159928,0.2299107142857144,511010,-0.007176832288269486,最佳行业/主题 ETF 动量为正，持有该 ETF
mom_4m,84,weekly,2017-12-01,159928,消费ETF汇添富,sector,消费,0.1923937360178971,159928,0.1923937360178971,511010,-0.0033176329856827724,最佳行业/主题 ETF 动量为正，持有该 ETF
mom_4m,84,weekly,2017-12-08,159928,消费ETF汇添富,sector,消费,0.20444444444444443,159928,0.20444444444444443,511010,-0.004645825753547328,最佳行业/主题 ETF 动量为正，持有该 ETF
mom_4m,84,weekly,2017-12-15,159928,消费ETF汇添富,sector,消费,0.2467811158798281,159928,0.2467811158798281,511010,-0.005082153714168536,最佳行业/主题 ETF 动量为正，持有该 ETF
mom_4m,84,weekly,2017-12-22,159928,消费ETF汇添富,sector,消费,0.24472573839662437,159928,0.24472573839662437,511010,-0.003543189616589726,最佳行业/主题 ETF 动量为正，持有该 ETF
mom_4m,84,weekly,2017-12-29,159928,消费ETF汇添富,sector,消费,0.2510729613733904,159928,0.2510729613733904,511010,-0.0055912776069332315,最佳行业/主题 ETF 动量为正，持有该 ETF
mom_4m,84,weekly,2018-01-05,159928,消费ETF汇添富,sector,消费,0.2927350427350426,159928,0.2927350427350426,511010,-0.0033372174318341274,最佳行业/主题 ETF 动量为正，持有该 ETF
mom_4m,84,weekly,2018-01-12,159928,消费ETF汇添富,sector,消费,0.3640256959314774,159928,0.3640256959314774,511010,-0.004503372877413314,最佳行业/主题 ETF 动量为正，持有该 ETF
mom_4m,84,weekly,2018-01-19,159928,消费ETF汇添富,sector,消费,0.3052631578947369,159928,0.3052631578947369,511010,-0.00496210922226159,最佳行业/主题 ETF 动量为正，持有该 ETF
mom_4m,84,weekly,2018-01-26,159928,消费ETF汇添富,sector,消费,0.27419354838709675,159928,0.27419354838709675,511010,0.0004570383912247955,最佳行业/主题 ETF 动量为正，持有该 ETF
mom_4m,84,weekly,2018-02-02,159928,消费ETF汇添富,sector,消费,0.20198019801980194,159928,0.20198019801980194,511010,0.00046644401738893393,最佳行业/主题 ETF 动量为正，持有该 ETF
mom_4m,84,weekly,2018-02-09,512800,银行ETF华宝,sector,银行,0.05378486055776888,512800,0.05378486055776888,511010,0.004963566303729072,最佳行业/主题 ETF 动量为正，持有该 ETF
mom_4m,84,weekly,2018-02-14,159928,消费ETF汇添富,sector,消费,0.09315589353612164,159928,0.09315589353612164,511010,0.008453338320553616,最佳行业/主题 ETF 动量为正，持有该 ETF
mom_4m,84,weekly,2018-02-23,159928,消费ETF汇添富,sector,消费,0.11235955056179758,159928,0.11235955056179758,511010,0.005726884593465931,最佳行业/主题 ETF 动量为正，持有该 ETF
mom_4m,84,weekly,2018-03-02,512800,银行ETF华宝,sector,银行,0.03960396039603964,512800,0.03960396039603964,511010,0.015233184907429198,最佳行业/主题 ETF 动量为正，持有该 ETF
mom_4m,84,weekly,2018-03-09,512010,医药ETF易方达,sector,医药,0.06796116504854366,512010,0.06796116504854366,511010,0.017474395026663148,最佳行业/主题 ETF 动量为正，持有该 ETF
mom_4m,84,weekly,2018-03-16,512800,银行ETF华宝,sector,银行,0.042338709677419484,512800,0.042338709677419484,511010,0.01212047471079325,最佳行业/主题 ETF 动量为正，持有该 ETF
mom_4m,84,weekly,2018-03-23,512010,医药ETF易方达,sector,医药,0.05700712589073631,512010,0.05700712589073631,511260,0.018957395692359436,最佳行业/主题 ETF 动量为正，持有该 ETF
mom_4m,84,weekly,2018-03-30,512010,医药ETF易方达,sector,医药,0.14143920595533488,512010,0.14143920595533488,511010,0.021592010767768288,最佳行业/主题 ETF 动量为正，持有该 ETF
mom_4m,84,weekly,2018-04-04,512010,医药ETF易方达,sector,医药,0.1399999999999999,512010,0.1399999999999999,511260,0.025636959509461876,最佳行业/主题 ETF 动量为正，持有该 ETF
mom_4m,84,weekly,2018-04-13,512010,医药ETF易方达,sector,医药,0.1335012594458438,512010,0.1335012594458438,511010,0.02721024385651072,最佳行业/主题 ETF 动量为正，持有该 ETF
mom_4m,84,weekly,2018-04-20,512010,医药ETF易方达,sector,医药,0.08780487804878057,512010,0.08780487804878057,511260,0.038618078561287295,最佳行业/主题 ETF 动量为正，持有该 ETF
mom_4m,84,weekly,2018-04-27,512010,医药ETF易方达,sector,医药,0.12469437652811743,512010,0.12469437652811743,511260,0.03620678798564314,最佳行业/主题 ETF 动量为正，持有该 ETF
mom_4m,84,weekly,2018-05-04,512010,医药ETF易方达,sector,医药,0.12230215827338142,512010,0.12230215827338142,511260,0.03175369375419734,最佳行业/主题 ETF 动量为正，持有该 ETF
mom_4m,84,weekly,2018-05-11,512010,医药ETF易方达,sector,医药,0.18004866180048662,512010,0.18004866180048662,511260,0.02622304271209197,最佳行业/主题 ETF 动量为正，持有该 ETF
mom_4m,84,weekly,2018-05-18,512010,医药ETF易方达,sector,医药,0.18457943925233655,512010,0.18457943925233655,511260,0.02599202183497784,最佳行业/主题 ETF 动量为正，持有该 ETF
mom_4m,84,weekly,2018-05-25,512010,医药ETF易方达,sector,医药,0.22222222222222232,512010,0.22222222222222232,511260,0.03391757460918998,最佳行业/主题 ETF 动量为正，持有该 ETF
mom_4m,84,weekly,2018-06-01,512010,医药ETF易方达,sector,医药,0.1782407407407407,512010,0.1782407407407407,511260,0.036210764682448326,最佳行业/主题 ETF 动量为正，持有该 ETF
mom_4m,84,weekly,2018-06-08,512010,医药ETF易方达,sector,医药,0.23501199040767395,512010,0.23501199040767395,511260,0.03419055338589638,最佳行业/主题 ETF 动量为正，持有该 ETF
mom_4m,84,weekly,2018-06-15,512010,医药ETF易方达,sector,医药,0.22921914357682605,512010,0.22921914357682605,511260,0.03426637375574182,最佳行业/主题 ETF 动量为正，持有该 ETF
mom_4m,84,weekly,2018-06-22,512010,医药ETF易方达,sector,医药,0.2556962025316456,512010,0.2556962025316456,511260,0.03708052459978828,最佳行业/主题 ETF 动量为正，持有该 ETF
mom_4m,84,weekly,2018-06-29,512010,医药ETF易方达,sector,医药,0.1771844660194175,512010,0.1771844660194175,511260,0.02959131849794261,最佳行业/主题 ETF 动量为正，持有该 ETF
mom_4m,84,weekly,2018-07-06,512010,医药ETF易方达,sector,医药,0.12621359223300987,512010,0.12621359223300987,511260,0.03424437132150682,最佳行业/主题 ETF 动量为正，持有该 ETF
mom_4m,84,weekly,2018-07-13,512010,医药ETF易方达,sector,医药,0.14123006833712992,512010,0.14123006833712992,511260,0.034387080683377036,最佳行业/主题 ETF 动量为正，持有该 ETF
mom_4m,84,weekly,2018-07-20,512010,医药ETF易方达,sector,医药,0.0864745011086474,512010,0.0864745011086474,511260,0.04080742632857781,最佳行业/主题 ETF 动量为正，持有该 ETF
mom_4m,84,weekly,2018-07-27,159928,消费ETF汇添富,sector,消费,0.0366972477064218,159928,0.0366972477064218,511260,0.03045355033252095,最佳行业/主题 ETF 动量为正，持有该 ETF
mom_4m,84,weekly,2018-08-03,511260,十年国债ETF国泰,defensive,十年国债,0.036437748310200746,159928,-0.014897579143389184,511260,0.036437748310200746,最佳行业/主题 ETF 动量为负或不可用，切换到正动量防守资产
mom_4m,84,weekly,2018-08-10,511260,十年国债ETF国泰,defensive,十年国债,0.027252097302514766,512010,-0.028384279475982543,511260,0.027252097302514766,最佳行业/主题 ETF 动量为负或不可用，切换到正动量防守资产
mom_4m,84,weekly,2018-08-17,511010,国债ETF国泰,defensive,国债,0.0012748365477426304,512010,-0.05681818181818188,511010,0.0012748365477426304,最佳行业/主题 ETF 动量为负或不可用，切换到正动量防守资产
mom_4m,84,weekly,2018-08-24,511010,国债ETF国泰,defensive,国债,0.006109348214611288,512800,-0.04693877551020398,511010,0.006109348214611288,最佳行业/主题 ETF 动量为负或不可用，切换到正动量防守资产
mom_4m,84,weekly,2018-08-31,511260,十年国债ETF国泰,defensive,十年国债,0.014147393258884033,512800,-0.03312629399585909,511260,0.014147393258884033,最佳行业/主题 ETF 动量为负或不可用，切换到正动量防守资产
mom_4m,84,weekly,2018-09-07,511260,十年国债ETF国泰,defensive,十年国债,0.01489226869455007,512800,-0.06464646464646462,511260,0.01489226869455007,最佳行业/主题 ETF 动量为负或不可用，切换到正动量防守资产
mom_4m,84,weekly,2018-09-14,511260,十年国债ETF国泰,defensive,十年国债,0.014119669313251926,512800,-0.06464646464646462,511260,0.014119669313251926,最佳行业/主题 ETF 动量为负或不可用，切换到正动量防守资产
mom_4m,84,weekly,2018-09-21,512800,银行ETF华宝,sector,银行,0.012422360248447228,512800,0.012422360248447228,511260,0.007513974159259584,最佳行业/主题 ETF 动量为正，持有该 ETF
mom_4m,84,weekly,2018-09-28,512800,银行ETF华宝,sector,银行,0.037815126050420256,512800,0.037815126050420256,511010,0.014423647840106746,最佳行业/主题 ETF 动量为正，持有该 ETF
mom_4m,84,weekly,2018-10-12,511010,国债ETF国泰,defensive,国债,0.017808519581148152,512800,-0.014675052410901501,511010,0.017808519581148152,最佳行业/主题 ETF 动量为负或不可用，切换到正动量防守资产
mom_4m,84,weekly,2018-10-19,512800,银行ETF华宝,sector,银行,0.01927194860813697,512800,0.01927194860813697,511010,0.022079856700267797,最佳行业/主题 ETF 动量为正，持有该 ETF
mom_4m,84,weekly,2018-10-26,512800,银行ETF华宝,sector,银行,0.06047516198704095,512800,0.06047516198704095,511010,0.01713140149444148,最佳行业/主题 ETF 动量为正，持有该 ETF
mom_4m,84,weekly,2018-11-02,512800,银行ETF华宝,sector,银行,0.12415349887133176,512800,0.12415349887133176,511260,0.012281549488604382,最佳行业/主题 ETF 动量为正，持有该 ETF
mom_4m,84,weekly,2018-11-09,512800,银行ETF华宝,sector,银行,0.09195402298850563,512800,0.09195402298850563,511010,0.01550106513166849,最佳行业/主题 ETF 动量为正，持有该 ETF
mom_4m,84,weekly,2018-11-16,512880,证券ETF国泰,sector,证券,0.09607577807848444,512880,0.09607577807848444,511010,0.024042387182232172,最佳行业/主题 ETF 动量为正，持有该 ETF
mom_4m,84,weekly,2018-11-23,512880,证券ETF国泰,sector,证券,0.024128686327077764,512880,0.024128686327077764,511260,0.01580270561474917,最佳行业/主题 ETF 动量为正，持有该 ETF
mom_4m,84,weekly,2018-11-30,512880,证券ETF国泰,sector,证券,0.019893899204244114,512880,0.019893899204244114,511260,0.019421756777070698,最佳行业/主题 ETF 动量为正，持有该 ETF
mom_4m,84,weekly,2018-12-07,512880,证券ETF国泰,sector,证券,0.08898305084745761,512880,0.08898305084745761,511260,0.020709705683221058,最佳行业/主题 ETF 动量为正，持有该 ETF
mom_4m,84,weekly,2018-12-14,512880,证券ETF国泰,sector,证券,0.03867403314917128,512880,0.03867403314917128,511260,0.020761487790005972,最佳行业/主题 ETF 动量为正，持有该 ETF
mom_4m,84,weekly,2018-12-21,512880,证券ETF国泰,sector,证券,0.03551136363636376,512880,0.03551136363636376,511010,0.031039124029174747,最佳行业/主题 ETF 动量为正，持有该 ETF
mom_4m,84,weekly,2018-12-28,511260,十年国债ETF国泰,defensive,十年国债,0.04164775420865219,512880,-0.011034482758620734,511260,0.04164775420865219,最佳行业/主题 ETF 动量为负或不可用，切换到正动量防守资产
mom_4m,84,weekly,2019-01-04,512880,证券ETF国泰,sector,证券,0.07988980716253447,512880,0.07988980716253447,511260,0.038062109803054245,最佳行业/主题 ETF 动量为正，持有该 ETF
mom_4m,84,weekly,2019-01-11,512880,证券ETF国泰,sector,证券,0.0941011235955056,512880,0.0941011235955056,511260,0.039060300092521594,最佳行业/主题 ETF 动量为正，持有该 ETF
mom_4m,84,weekly,2019-01-18,512880,证券ETF国泰,sector,证券,0.13812949640287786,512880,0.13812949640287786,511260,0.047205961155428744,最佳行业/主题 ETF 动量为正，持有该 ETF
mom_4m,84,weekly,2019-01-25,512880,证券ETF国泰,sector,证券,0.09636871508379907,512880,0.09636871508379907,511260,0.03972649641504877,最佳行业/主题 ETF 动量为正，持有该 ETF
mom_4m,84,weekly,2019-02-01,512880,证券ETF国泰,sector,证券,0.09972299168975085,512880,0.09972299168975085,511260,0.043474757242435214,最佳行业/主题 ETF 动量为正，持有该 ETF
mom_4m,84,weekly,2019-02-15,512880,证券ETF国泰,sector,证券,0.26348228043143296,512880,0.26348228043143296,511260,0.041493360060135265,最佳行业/主题 ETF 动量为正，持有该 ETF
mom_4m,84,weekly,2019-02-22,512880,证券ETF国泰,sector,证券,0.5585874799357946,512880,0.5585874799357946,511260,0.03340031390896647,最佳行业/主题 ETF 动量为正，持有该 ETF
mom_4m,84,weekly,2019-03-01,512880,证券ETF国泰,sector,证券,0.3840000000000001,512880,0.3840000000000001,511260,0.027825133343302833,最佳行业/主题 ETF 动量为正，持有该 ETF
mom_4m,84,weekly,2019-03-08,512880,证券ETF国泰,sector,证券,0.3702239789196311,512880,0.3702239789196311,511260,0.027483177114912438,最佳行业/主题 ETF 动量为正，持有该 ETF
mom_4m,84,weekly,2019-03-15,512880,证券ETF国泰,sector,证券,0.38306451612903225,512880,0.38306451612903225,511260,0.02468427095292758,最佳行业/主题 ETF 动量为正，持有该 ETF
mom_4m,84,weekly,2019-03-22,159928,消费ETF汇添富,sector,消费,0.3738938053097345,159928,0.3738938053097345,511260,0.021141794642242306,最佳行业/主题 ETF 动量为正，持有该 ETF
mom_4m,84,weekly,2019-03-29,159928,消费ETF汇添富,sector,消费,0.43805309734513265,159928,0.43805309734513265,511260,0.02166781259208328,最佳行业/主题 ETF 动量为正，持有该 ETF
mom_4m,84,weekly,2019-04-04,159928,消费ETF汇添富,sector,消费,0.5548098434004474,159928,0.5548098434004474,511010,0.015190189743498284,最佳行业/主题 ETF 动量为正，持有该 ETF
mom_4m,84,weekly,2019-04-12,159928,消费ETF汇添富,sector,消费,0.40756302521008414,159928,0.40756302521008414,511010,0.005498159890036769,最佳行业/主题 ETF 动量为正，持有该 ETF
mom_4m,84,weekly,2019-04-19,159928,消费ETF汇添富,sector,消费,0.4721030042918455,159928,0.4721030042918455,511010,-0.0004323618427438669,最佳行业/主题 ETF 动量为正，持有该 ETF
mom_4m,84,weekly,2019-04-26,159928,消费ETF汇添富,sector,消费,0.4988962472406182,159928,0.4988962472406182,511010,0.00010589574563835136,最佳行业/主题 ETF 动量为正，持有该 ETF
mom_4m,84,weekly,2019-04-30,159928,消费ETF汇添富,sector,消费,0.5412026726057906,159928,0.5412026726057906,511010,0.00032636212082470806,最佳行业/主题 ETF 动量为正，持有该 ETF
mom_4m,84,weekly,2019-05-10,159928,消费ETF汇添富,sector,消费,0.48017621145374445,159928,0.48017621145374445,511010,-0.0018258907801294022,最佳行业/主题 ETF 动量为正，持有该 ETF
mom_4m,84,weekly,2019-05-17,159928,消费ETF汇添富,sector,消费,0.5831485587583147,159928,0.5831485587583147,511010,-0.00034226738981624205,最佳行业/主题 ETF 动量为正，持有该 ETF
mom_4m,84,weekly,2019-05-24,159928,消费ETF汇添富,sector,消费,0.38284518828451897,159928,0.38284518828451897,511010,0.0013792739923392805,最佳行业/主题 ETF 动量为正，持有该 ETF
mom_4m,84,weekly,2019-05-31,159928,消费ETF汇添富,sector,消费,0.39506172839506193,159928,0.39506172839506193,511010,0.003873892075650698,最佳行业/主题 ETF 动量为正，持有该 ETF
mom_4m,84,weekly,2019-06-06,159928,消费ETF汇添富,sector,消费,0.33808553971486766,159928,0.33808553971486766,511010,0.004340109996310071,最佳行业/主题 ETF 动量为正，持有该 ETF
mom_4m,84,weekly,2019-06-14,159928,消费ETF汇添富,sector,消费,0.328185328185328,159928,0.328185328185328,511010,1.7503019270836973e-05,最佳行业/主题 ETF 动量为正，持有该 ETF
mom_4m,84,weekly,2019-06-21,159928,消费ETF汇添富,sector,消费,0.30091743119266035,159928,0.30091743119266035,511010,0.0023104592037666016,最佳行业/主题 ETF 动量为正，持有该 ETF
mom_4m,84,weekly,2019-06-28,159928,消费ETF汇添富,sector,消费,0.26056338028169024,159928,0.26056338028169024,511010,0.0052948614379544345,最佳行业/主题 ETF 动量为正，持有该 ETF
mom_4m,84,weekly,2019-07-05,159928,消费ETF汇添富,sector,消费,0.26109215017064846,159928,0.26109215017064846,511010,0.010238637663057437,最佳行业/主题 ETF 动量为正，持有该 ETF
mom_4m,84,weekly,2019-07-12,159928,消费ETF汇添富,sector,消费,0.27068965517241383,159928,0.27068965517241383,511010,0.009849011141693786,最佳行业/主题 ETF 动量为正，持有该 ETF
mom_4m,84,weekly,2019-07-19,159928,消费ETF汇添富,sector,消费,0.1507936507936507,159928,0.1507936507936507,511010,0.01129516085047988,最佳行业/主题 ETF 动量为正，持有该 ETF
mom_4m,84,weekly,2019-07-26,159928,消费ETF汇添富,sector,消费,0.20500000000000007,159928,0.20500000000000007,511010,0.008489962023207065,最佳行业/主题 ETF 动量为正，持有该 ETF
mom_4m,84,weekly,2019-08-02,159928,消费ETF汇添富,sector,消费,0.06092124814264466,159928,0.06092124814264466,511010,0.010529268912793821,最佳行业/主题 ETF 动量为正，持有该 ETF
mom_4m,84,weekly,2019-08-09,511260,十年国债ETF国泰,defensive,十年国债,0.029093494628368965,159928,-0.002873563218390829,511260,0.029093494628368965,最佳行业/主题 ETF 动量为负或不可用，切换到正动量防守资产
mom_4m,84,weekly,2019-08-16,159928,消费ETF汇添富,sector,消费,0.061855670103092564,159928,0.061855670103092564,511260,0.037442509532607415,最佳行业/主题 ETF 动量为正，持有该 ETF
mom_4m,84,weekly,2019-08-23,159928,消费ETF汇添富,sector,消费,0.0711175616835995,159928,0.0711175616835995,511260,0.03390213916892071,最佳行业/主题 ETF 动量为正，持有该 ETF
mom_4m,84,weekly,2019-08-30,159928,消费ETF汇添富,sector,消费,0.1069364161849713,159928,0.1069364161849713,511260,0.03299258329082133,最佳行业/主题 ETF 动量为正，持有该 ETF
mom_4m,84,weekly,2019-09-06,512690,酒ETF鹏华,sector,白酒/酒,0.6119402985074627,512690,0.6119402985074627,511260,0.027857323748855523,最佳行业/主题 ETF 动量为正，持有该 ETF
mom_4m,84,weekly,2019-09-12,512690,酒ETF鹏华,sector,白酒/酒,0.21084337349397586,512690,0.21084337349397586,511260,0.02066869891074319,最佳行业/主题 ETF 动量为正，持有该 ETF
mom_4m,84,weekly,2019-09-20,512690,酒ETF鹏华,sector,白酒/酒,0.8048780487804879,512690,0.8048780487804879,511260,0.020338917137384893,最佳行业/主题 ETF 动量为正，持有该 ETF
mom_4m,84,weekly,2019-09-27,512690,酒ETF鹏华,sector,白酒/酒,0.6029411764705881,512690,0.6029411764705881,511260,0.015520289038674528,最佳行业/主题 ETF 动量为正，持有该 ETF
mom_4m,84,weekly,2019-09-30,512690,酒ETF鹏华,sector,白酒/酒,0.5999999999999999,512690,0.5999999999999999,511260,0.014681765693381088,最佳行业/主题 ETF 动量为正，持有该 ETF
mom_4m,84,weekly,2019-10-11,512690,酒ETF鹏华,sector,白酒/酒,0.962962962962963,512690,0.962962962962963,511010,0.011476958605969312,最佳行业/主题 ETF 动量为正，持有该 ETF
mom_4m,84,weekly,2019-10-18,512690,酒ETF鹏华,sector,白酒/酒,0.5859375,512690,0.5859375,511010,0.011481779675849735,最佳行业/主题 ETF 动量为正，持有该 ETF
mom_4m,84,weekly,2019-10-25,512690,酒ETF鹏华,sector,白酒/酒,0.2547770700636942,512690,0.2547770700636942,511010,0.00883634426816382,最佳行业/主题 ETF 动量为正，持有该 ETF
mom_4m,84,weekly,2019-11-01,512170,医疗ETF华宝,sector,医疗,0.22443181818181834,512170,0.22443181818181834,511010,0.0074943006629573095,最佳行业/主题 ETF 动量为正，持有该 ETF
mom_4m,84,weekly,2019-11-08,512170,医疗ETF华宝,sector,医疗,0.22562674094707535,512170,0.22562674094707535,511010,0.004806227198718371,最佳行业/主题 ETF 动量为正，持有该 ETF
mom_4m,84,weekly,2019-11-15,512480,半导体ETF国联安,sector,半导体,0.2969072164948454,512480,0.2969072164948454,511010,0.0070360598065082325,最佳行业/主题 ETF 动量为正，持有该 ETF
mom_4m,84,weekly,2019-11-22,512690,酒ETF鹏华,sector,白酒/酒,0.23497267759562845,512690,0.23497267759562845,511010,0.009011751811483837,最佳行业/主题 ETF 动量为正，持有该 ETF
mom_4m,84,weekly,2019-11-29,512690,酒ETF鹏华,sector,白酒/酒,0.2134831460674158,512690,0.2134831460674158,511010,0.009688220202635156,最佳行业/主题 ETF 动量为正，持有该 ETF
mom_4m,84,weekly,2019-12-06,512690,酒ETF鹏华,sector,白酒/酒,0.4437500000000001,512690,0.4437500000000001,511010,0.008849250416435472,最佳行业/主题 ETF 动量为正，持有该 ETF
mom_4m,84,weekly,2019-12-13,512480,半导体ETF国联安,sector,半导体,0.47975708502024283,512480,0.47975708502024283,511010,0.0028855042289051003,最佳行业/主题 ETF 动量为正，持有该 ETF
mom_4m,84,weekly,2019-12-20,512480,半导体ETF国联安,sector,半导体,0.35741444866920147,512480,0.35741444866920147,511010,0.003922178450480374,最佳行业/主题 ETF 动量为正，持有该 ETF
mom_4m,84,weekly,2019-12-27,512480,半导体ETF国联安,sector,半导体,0.31433823529411753,512480,0.31433823529411753,511010,0.014477551126561572,最佳行业/主题 ETF 动量为正，持有该 ETF
mom_4m,84,weekly,2020-01-03,512480,半导体ETF国联安,sector,半导体,0.3221238938053099,512480,0.3221238938053099,511010,0.008616364171150748,最佳行业/主题 ETF 动量为正，持有该 ETF
mom_4m,84,weekly,2020-01-10,512480,半导体ETF国联安,sector,半导体,0.2621359223300972,512480,0.2621359223300972,511010,0.013300543798275166,最佳行业/主题 ETF 动量为正，持有该 ETF
mom_4m,84,weekly,2020-01-17,512690,酒ETF鹏华,sector,白酒/酒,0.3233830845771144,512690,0.3233830845771144,511010,0.013512460722107322,最佳行业/主题 ETF 动量为正，持有该 ETF
mom_4m,84,weekly,2020-01-23,512480,半导体ETF国联安,sector,半导体,0.4357366771159874,512480,0.4357366771159874,511010,0.02240898783042211,最佳行业/主题 ETF 动量为正，持有该 ETF
mom_4m,84,weekly,2020-02-07,512480,半导体ETF国联安,sector,半导体,0.5114754098360657,512480,0.5114754098360657,511260,0.0334397034376015,最佳行业/主题 ETF 动量为正，持有该 ETF
mom_4m,84,weekly,2020-02-14,512480,半导体ETF国联安,sector,半导体,0.6223316912972086,512480,0.6223316912972086,511260,0.03296902418554981,最佳行业/主题 ETF 动量为正，持有该 ETF
mom_4m,84,weekly,2020-02-21,512480,半导体ETF国联安,sector,半导体,0.940577249575552,512480,0.940577249575552,511260,0.031544445081512995,最佳行业/主题 ETF 动量为正，持有该 ETF
mom_4m,84,weekly,2020-02-28,512480,半导体ETF国联安,sector,半导体,0.7612456747404845,512480,0.7612456747404845,511260,0.04336989032901295,最佳行业/主题 ETF 动量为正，持有该 ETF
mom_4m,84,weekly,2020-03-06,512480,半导体ETF国联安,sector,半导体,0.6280991735537191,512480,0.6280991735537191,511260,0.0567893859539248,最佳行业/主题 ETF 动量为正，持有该 ETF
mom_4m,84,weekly,2020-03-13,512480,半导体ETF国联安,sector,半导体,0.5714285714285714,512480,0.5714285714285714,511260,0.052857252730349025,最佳行业/主题 ETF 动量为正，持有该 ETF
mom_4m,84,weekly,2020-03-20,512480,半导体ETF国联安,sector,半导体,0.42204724409448824,512480,0.42204724409448824,511260,0.04300992831678618,最佳行业/主题 ETF 动量为正，持有该 ETF
mom_4m,84,weekly,2020-03-27,512480,半导体ETF国联安,sector,半导体,0.29179810725552047,512480,0.29179810725552047,511260,0.04847425908952019,最佳行业/主题 ETF 动量为正，持有该 ETF
mom_4m,84,weekly,2020-04-03,512480,半导体ETF国联安,sector,半导体,0.3887096774193548,512480,0.3887096774193548,511260,0.05091801369143667,最佳行业/主题 ETF 动量为正，持有该 ETF
mom_4m,84,weekly,2020-04-10,512480,半导体ETF国联安,sector,半导体,0.27245053272450526,512480,0.27245053272450526,511260,0.05295401061366811,最佳行业/主题 ETF 动量为正，持有该 ETF
mom_4m,84,weekly,2020-04-17,512170,医疗ETF华宝,sector,医疗,0.2650602409638556,512170,0.2650602409638556,511260,0.05749208649555704,最佳行业/主题 ETF 动量为正，持有该 ETF
mom_4m,84,weekly,2020-04-24,512170,医疗ETF华宝,sector,医疗,0.2452830188679247,512170,0.2452830188679247,511260,0.06720440383806725,最佳行业/主题 ETF 动量为正，持有该 ETF
mom_4m,84,weekly,2020-04-30,512480,半导体ETF国联安,sector,半导体,0.2812939521800282,512480,0.2812939521800282,511010,0.06067020911895771,最佳行业/主题 ETF 动量为正，持有该 ETF
mom_4m,84,weekly,2020-05-08,512480,半导体ETF国联安,sector,半导体,0.33986013986013996,512480,0.33986013986013996,511010,0.04775211286863046,最佳行业/主题 ETF 动量为正，持有该 ETF
mom_4m,84,weekly,2020-05-15,512480,半导体ETF国联安,sector,半导体,0.3413014608233731,512480,0.3413014608233731,511010,0.05264961658741374,最佳行业/主题 ETF 动量为正，持有该 ETF
mom_4m,84,weekly,2020-05-22,512170,医疗ETF华宝,sector,医疗,0.23981900452488691,512170,0.23981900452488691,511010,0.04598241371354339,最佳行业/主题 ETF 动量为正，持有该 ETF
mom_4m,84,weekly,2020-05-29,512170,医疗ETF华宝,sector,医疗,0.24175824175824157,512170,0.24175824175824157,511260,0.03568903594355355,最佳行业/主题 ETF 动量为正，持有该 ETF
mom_4m,84,weekly,2020-06-05,512690,酒ETF鹏华,sector,白酒/酒,0.9488636363636367,512690,0.9488636363636367,511010,0.01038260576436878,最佳行业/主题 ETF 动量为正，持有该 ETF
mom_4m,84,weekly,2020-06-12,512690,酒ETF鹏华,sector,白酒/酒,0.6829268292682926,512690,0.6829268292682926,511010,0.011507489534825055,最佳行业/主题 ETF 动量为正，持有该 ETF
mom_4m,84,weekly,2020-06-19,512690,酒ETF鹏华,sector,白酒/酒,0.7303921568627452,512690,0.7303921568627452,511260,0.007042514548352363,最佳行业/主题 ETF 动量为正，持有该 ETF
mom_4m,84,weekly,2020-06-24,512690,酒ETF鹏华,sector,白酒/酒,0.6266094420600858,512690,0.6266094420600858,511260,0.006568038018657241,最佳行业/主题 ETF 动量为正，持有该 ETF
mom_4m,84,weekly,2020-07-03,512690,酒ETF鹏华,sector,白酒/酒,1.3756613756613758,512690,1.3756613756613758,511010,0.0015173361947555808,最佳行业/主题 ETF 动量为正，持有该 ETF
mom_4m,84,weekly,2020-07-10,512690,酒ETF鹏华,sector,白酒/酒,1.2260869565217392,512690,1.2260869565217392,511010,-0.007424830911404223,最佳行业/主题 ETF 动量为正，持有该 ETF
mom_4m,84,weekly,2020-07-17,512690,酒ETF鹏华,sector,白酒/酒,1.4773869346733668,512690,1.4773869346733668,511010,-0.003438294739660064,最佳行业/主题 ETF 动量为正，持有该 ETF
mom_4m,84,weekly,2020-07-24,512690,酒ETF鹏华,sector,白酒/酒,2.1298701298701297,512690,2.1298701298701297,511010,0.005545053560176427,最佳行业/主题 ETF 动量为正，持有该 ETF
mom_4m,84,weekly,2020-07-31,512690,酒ETF鹏华,sector,白酒/酒,1.7819148936170213,512690,1.7819148936170213,511010,-0.008691019280077206,最佳行业/主题 ETF 动量为正，持有该 ETF
mom_4m,84,weekly,2020-08-07,512690,酒ETF鹏华,sector,白酒/酒,1.5502645502645502,512690,1.5502645502645502,511010,-0.013249043862050724,最佳行业/主题 ETF 动量为正，持有该 ETF
mom_4m,84,weekly,2020-08-14,512690,酒ETF鹏华,sector,白酒/酒,1.4545454545454546,512690,1.4545454545454546,511260,-0.025596050740034126,最佳行业/主题 ETF 动量为正，持有该 ETF
mom_4m,84,weekly,2020-08-21,512690,酒ETF鹏华,sector,白酒/酒,1.4772727272727275,512690,1.4772727272727275,511260,-0.02777501424475659,最佳行业/主题 ETF 动量为正，持有该 ETF
mom_4m,84,weekly,2020-08-28,512690,酒ETF鹏华,sector,白酒/酒,1.7878787878787876,512690,1.7878787878787876,511260,-0.043523826585453174,最佳行业/主题 ETF 动量为正，持有该 ETF
mom_4m,84,weekly,2020-09-04,512690,酒ETF鹏华,sector,白酒/酒,1.41015625,512690,1.41015625,511260,-0.03123788224472679,最佳行业/主题 ETF 动量为正，持有该 ETF
mom_4m,84,weekly,2020-09-11,512690,酒ETF鹏华,sector,白酒/酒,1.097902097902098,512690,1.097902097902098,511260,-0.02494003488879193,最佳行业/主题 ETF 动量为正，持有该 ETF
mom_4m,84,weekly,2020-09-18,512690,酒ETF鹏华,sector,白酒/酒,0.9435215946843853,512690,0.9435215946843853,511260,-0.025622872702518618,最佳行业/主题 ETF 动量为正，持有该 ETF
mom_4m,84,weekly,2020-09-25,512690,酒ETF鹏华,sector,白酒/酒,0.8032786885245904,512690,0.8032786885245904,511260,-0.02409179554628338,最佳行业/主题 ETF 动量为正，持有该 ETF
mom_4m,84,weekly,2020-09-30,512690,酒ETF鹏华,sector,白酒/酒,0.7624999999999997,512690,0.7624999999999997,511260,-0.01717048690922074,最佳行业/主题 ETF 动量为正，持有该 ETF
mom_4m,84,weekly,2020-10-09,512690,酒ETF鹏华,sector,白酒/酒,0.7943925233644857,512690,0.7943925233644857,511260,-0.016806105973873442,最佳行业/主题 ETF 动量为正，持有该 ETF
mom_4m,84,weekly,2020-10-16,512690,酒ETF鹏华,sector,白酒/酒,0.7344632768361583,512690,0.7344632768361583,511260,-0.017516786537702056,最佳行业/主题 ETF 动量为正，持有该 ETF
mom_4m,84,weekly,2020-10-23,512690,酒ETF鹏华,sector,白酒/酒,0.88955223880597,512690,0.88955223880597,511010,-0.009946871805185387,最佳行业/主题 ETF 动量为正，持有该 ETF
mom_4m,84,weekly,2020-10-30,512690,酒ETF鹏华,sector,白酒/酒,0.7414248021108181,512690,0.7414248021108181,511010,-0.00785928771535449,最佳行业/主题 ETF 动量为正，持有该 ETF
mom_4m,84,weekly,2020-11-06,512690,酒ETF鹏华,sector,白酒/酒,0.5567928730512248,512690,0.5567928730512248,511010,-0.01028718747122681,最佳行业/主题 ETF 动量为正，持有该 ETF
mom_4m,84,weekly,2020-11-13,512690,酒ETF鹏华,sector,白酒/酒,0.41796875,512690,0.41796875,511260,-0.001374152839448417,最佳行业/主题 ETF 动量为正，持有该 ETF
mom_4m,84,weekly,2020-11-20,512690,酒ETF鹏华,sector,白酒/酒,0.567951318458418,512690,0.567951318458418,511260,-0.009267435699612414,最佳行业/主题 ETF 动量为正，持有该 ETF
mom_4m,84,weekly,2020-11-27,512690,酒ETF鹏华,sector,白酒/酒,0.5643153526970954,512690,0.5643153526970954,511010,-0.015515728788068728,最佳行业/主题 ETF 动量为正，持有该 ETF
mom_4m,84,weekly,2020-12-04,512690,酒ETF鹏华,sector,白酒/酒,0.5047801147227533,512690,0.5047801147227533,511260,-0.004288491771863412,最佳行业/主题 ETF 动量为正，持有该 ETF
mom_4m,84,weekly,2020-12-11,512690,酒ETF鹏华,sector,白酒/酒,0.7178423236514522,512690,0.7178423236514522,511260,-0.0067350389238800545,最佳行业/主题 ETF 动量为正，持有该 ETF
mom_4m,84,weekly,2020-12-18,512690,酒ETF鹏华,sector,白酒/酒,0.7680311890838207,512690,0.7680311890838207,511010,-0.005353003161222336,最佳行业/主题 ETF 动量为正，持有该 ETF
mom_4m,84,weekly,2020-12-25,512690,酒ETF鹏华,sector,白酒/酒,0.6422018348623852,512690,0.6422018348623852,511010,0.0008947488372486045,最佳行业/主题 ETF 动量为正，持有该 ETF
mom_4m,84,weekly,2020-12-31,512690,酒ETF鹏华,sector,白酒/酒,0.6392092257001647,512690,0.6392092257001647,511010,0.007011289364230455,最佳行业/主题 ETF 动量为正，持有该 ETF
mom_4m,84,weekly,2021-01-08,512690,酒ETF鹏华,sector,白酒/酒,0.6920684292379471,512690,0.6920684292379471,511010,0.006922790130151846,最佳行业/主题 ETF 动量为正，持有该 ETF
mom_4m,84,weekly,2021-01-15,512690,酒ETF鹏华,sector,白酒/酒,0.7105263157894739,512690,0.7105263157894739,511010,0.009170117103157516,最佳行业/主题 ETF 动量为正，持有该 ETF
mom_4m,84,weekly,2021-01-22,512690,酒ETF鹏华,sector,白酒/酒,0.7062937062937065,512690,0.7062937062937065,511010,0.009785316095362262,最佳行业/主题 ETF 动量为正，持有该 ETF
mom_4m,84,weekly,2021-01-29,512690,酒ETF鹏华,sector,白酒/酒,0.8213627992633517,512690,0.8213627992633517,511010,0.0027785988767365932,最佳行业/主题 ETF 动量为正，持有该 ETF
mom_4m,84,weekly,2021-02-05,512690,酒ETF鹏华,sector,白酒/酒,0.8524305555555556,512690,0.8524305555555556,511010,0.007840674773222922,最佳行业/主题 ETF 动量为正，持有该 ETF
mom_4m,84,weekly,2021-02-10,512690,酒ETF鹏华,sector,白酒/酒,0.8708133971291867,512690,0.8708133971291867,511010,0.008806569683999621,最佳行业/主题 ETF 动量为正，持有该 ETF
mom_4m,84,weekly,2021-02-19,512690,酒ETF鹏华,sector,白酒/酒,0.8078175895765474,512690,0.8078175895765474,511010,0.00750392597937255,最佳行业/主题 ETF 动量为正，持有该 ETF
mom_4m,84,weekly,2021-02-26,512400,有色金属ETF南方,sector,有色金属,0.4526588845654995,512400,0.4526588845654995,511010,0.005797861985492592,最佳行业/主题 ETF 动量为正，持有该 ETF
mom_4m,84,weekly,2021-03-05,512400,有色金属ETF南方,sector,有色金属,0.4120734908136483,512400,0.4120734908136483,511010,0.008707782051823987,最佳行业/主题 ETF 动量为正，持有该 ETF
mom_4m,84,weekly,2021-03-12,512400,有色金属ETF南方,sector,有色金属,0.2860548271752086,512400,0.2860548271752086,511010,0.007933017591339686,最佳行业/主题 ETF 动量为正，持有该 ETF
mom_4m,84,weekly,2021-03-19,512400,有色金属ETF南方,sector,有色金属,0.21495327102803752,512400,0.21495327102803752,511010,0.009782110286500334,最佳行业/主题 ETF 动量为正，持有该 ETF
mom_4m,84,weekly,2021-03-26,512400,有色金属ETF南方,sector,有色金属,0.09900990099009888,512400,0.09900990099009888,511010,0.011668125536453244,最佳行业/主题 ETF 动量为正，持有该 ETF
mom_4m,84,weekly,2021-04-02,512690,酒ETF鹏华,sector,白酒/酒,0.2228116710875332,512690,0.2228116710875332,511010,0.013392402484978083,最佳行业/主题 ETF 动量为正，持有该 ETF
mom_4m,84,weekly,2021-04-09,512400,有色金属ETF南方,sector,有色金属,0.1403314917127072,512400,0.1403314917127072,511260,0.01190654766369148,最佳行业/主题 ETF 动量为正，持有该 ETF
mom_4m,84,weekly,2021-04-16,515220,煤炭ETF国泰,sector,煤炭,0.1610169491525426,515220,0.1610169491525426,511260,0.01509916707130321,最佳行业/主题 ETF 动量为正，持有该 ETF
mom_4m,84,weekly,2021-04-23,515220,煤炭ETF国泰,sector,煤炭,0.2276785714285714,515220,0.2276785714285714,511260,0.021094555336894416,最佳行业/主题 ETF 动量为正，持有该 ETF
mom_4m,84,weekly,2021-04-30,515220,煤炭ETF国泰,sector,煤炭,0.16875000000000018,515220,0.16875000000000018,511260,0.017003654991259776,最佳行业/主题 ETF 动量为正，持有该 ETF
mom_4m,84,weekly,2021-05-07,515220,煤炭ETF国泰,sector,煤炭,0.2569169960474309,515220,0.2569169960474309,511260,0.015083632019115889,最佳行业/主题 ETF 动量为正，持有该 ETF
mom_4m,84,weekly,2021-05-14,515220,煤炭ETF国泰,sector,煤炭,0.2603305785123966,515220,0.2603305785123966,511260,0.014821232276936103,最佳行业/主题 ETF 动量为正，持有该 ETF
mom_4m,84,weekly,2021-05-21,515220,煤炭ETF国泰,sector,煤炭,0.24838012958963263,515220,0.24838012958963263,511260,0.01886511904540633,最佳行业/主题 ETF 动量为正，持有该 ETF
mom_4m,84,weekly,2021-05-28,515220,煤炭ETF国泰,sector,煤炭,0.26326963906581735,515220,0.26326963906581735,511260,0.016770710621759166,最佳行业/主题 ETF 动量为正，持有该 ETF
mom_4m,84,weekly,2021-06-04,515220,煤炭ETF国泰,sector,煤炭,0.3207547169811322,515220,0.3207547169811322,511260,0.017929396042911883,最佳行业/主题 ETF 动量为正，持有该 ETF
mom_4m,84,weekly,2021-06-11,515220,煤炭ETF国泰,sector,煤炭,0.5067567567567568,515220,0.5067567567567568,511260,0.01404129902869422,最佳行业/主题 ETF 动量为正，持有该 ETF
mom_4m,84,weekly,2021-06-18,515220,煤炭ETF国泰,sector,煤炭,0.4930875576036866,515220,0.4930875576036866,511260,0.0196341668065112,最佳行业/主题 ETF 动量为正，持有该 ETF
mom_4m,84,weekly,2021-06-25,515220,煤炭ETF国泰,sector,煤炭,0.35181644359464626,515220,0.35181644359464626,511260,0.01937746520800765,最佳行业/主题 ETF 动量为正，持有该 ETF
mom_4m,84,weekly,2021-07-02,515030,新能源车ETF华夏,sector,新能源车,0.31565656565656575,515030,0.31565656565656575,511260,0.024074625754077594,最佳行业/主题 ETF 动量为正，持有该 ETF
mom_4m,84,weekly,2021-07-09,515030,新能源车ETF华夏,sector,新能源车,0.6097728836889194,515030,0.6097728836889194,511260,0.0266817473855967,最佳行业/主题 ETF 动量为正，持有该 ETF
mom_4m,84,weekly,2021-07-16,515030,新能源车ETF华夏,sector,新能源车,0.5590443686006823,515030,0.5590443686006823,511260,0.030800783243779772,最佳行业/主题 ETF 动量为正，持有该 ETF
mom_4m,84,weekly,2021-07-23,515030,新能源车ETF华夏,sector,新能源车,0.6371022342586323,515030,0.6371022342586323,511260,0.03398031203566121,最佳行业/主题 ETF 动量为正，持有该 ETF
mom_4m,84,weekly,2021-07-30,512480,半导体ETF国联安,sector,半导体,0.7392776523702032,512480,0.7392776523702032,511260,0.036389615691514,最佳行业/主题 ETF 动量为正，持有该 ETF
mom_4m,84,weekly,2021-08-06,515030,新能源车ETF华夏,sector,新能源车,0.7017892644135191,515030,0.7017892644135191,511260,0.039099778558126186,最佳行业/主题 ETF 动量为正，持有该 ETF
mom_4m,84,weekly,2021-08-13,515030,新能源车ETF华夏,sector,新能源车,0.7244755244755248,515030,0.7244755244755248,511260,0.02937216422590283,最佳行业/主题 ETF 动量为正，持有该 ETF
mom_4m,84,weekly,2021-08-20,515790,光伏ETF华泰柏瑞,sector,光伏,0.515065913370998,515790,0.515065913370998,511260,0.029484526601370353,最佳行业/主题 ETF 动量为正，持有该 ETF
mom_4m,84,weekly,2021-08-27,515790,光伏ETF华泰柏瑞,sector,光伏,0.6797752808988764,515790,0.6797752808988764,511260,0.027673291457055438,最佳行业/主题 ETF 动量为正，持有该 ETF
mom_4m,84,weekly,2021-09-03,515790,光伏ETF华泰柏瑞,sector,光伏,0.6844070961718021,515790,0.6844070961718021,511260,0.03111666911872879,最佳行业/主题 ETF 动量为正，持有该 ETF
mom_4m,84,weekly,2021-09-10,515220,煤炭ETF国泰,sector,煤炭,0.7836065573770494,515220,0.7836065573770494,511260,0.027006434911921673,最佳行业/主题 ETF 动量为正，持有该 ETF
mom_4m,84,weekly,2021-09-17,515220,煤炭ETF国泰,sector,煤炭,0.8062283737024223,515220,0.8062283737024223,511260,0.019510014958590283,最佳行业/主题 ETF 动量为正，持有该 ETF
mom_4m,84,weekly,2021-09-24,515220,煤炭ETF国泰,sector,煤炭,0.6977928692699491,515220,0.6977928692699491,511260,0.018188273206434236,最佳行业/主题 ETF 动量为正，持有该 ETF
mom_4m,84,weekly,2021-09-30,515220,煤炭ETF国泰,sector,煤炭,0.5843949044585988,515220,0.5843949044585988,511260,0.022164252617753455,最佳行业/主题 ETF 动量为正，持有该 ETF
mom_4m,84,weekly,2021-10-08,515220,煤炭ETF国泰,sector,煤炭,0.4992050874403815,515220,0.4992050874403815,511260,0.018616682150208508,最佳行业/主题 ETF 动量为正，持有该 ETF
mom_4m,84,weekly,2021-10-15,515790,光伏ETF华泰柏瑞,sector,光伏,0.5655296229802511,515790,0.5655296229802511,511260,0.01861862410285453,最佳行业/主题 ETF 动量为正，持有该 ETF
mom_4m,84,weekly,2021-10-22,515790,光伏ETF华泰柏瑞,sector,光伏,0.5142857142857145,515790,0.5142857142857145,511260,0.019827096726926285,最佳行业/主题 ETF 动量为正，持有该 ETF
mom_4m,84,weekly,2021-10-29,515790,光伏ETF华泰柏瑞,sector,光伏,0.47413793103448265,515790,0.47413793103448265,511260,0.020052254622524357,最佳行业/主题 ETF 动量为正，持有该 ETF
mom_4m,84,weekly,2021-11-05,515790,光伏ETF华泰柏瑞,sector,光伏,0.35779816513761453,515790,0.35779816513761453,511260,0.020900979562880284,最佳行业/主题 ETF 动量为正，持有该 ETF
mom_4m,84,weekly,2021-11-12,515790,光伏ETF华泰柏瑞,sector,光伏,0.3321194464675892,515790,0.3321194464675892,511260,0.013289787942389664,最佳行业/主题 ETF 动量为正，持有该 ETF
mom_4m,84,weekly,2021-11-19,512660,军工ETF国泰,sector,军工,0.27345132743362854,512660,0.27345132743362854,511260,0.011331087532200801,最佳行业/主题 ETF 动量为正，持有该 ETF
mom_4m,84,weekly,2021-11-26,512660,军工ETF国泰,sector,军工,0.17247097844112758,512660,0.17247097844112758,511260,0.01311036428661283,最佳行业/主题 ETF 动量为正，持有该 ETF
mom_4m,84,weekly,2021-12-03,515220,煤炭ETF国泰,sector,煤炭,0.23964497041420096,515220,0.23964497041420096,511260,0.009237668161435009,最佳行业/主题 ETF 动量为正，持有该 ETF
mom_4m,84,weekly,2021-12-10,512690,酒ETF鹏华,sector,白酒/酒,0.2844827586206895,512690,0.2844827586206895,511260,0.004360892868290334,最佳行业/主题 ETF 动量为正，持有该 ETF
mom_4m,84,weekly,2021-12-17,512980,传媒ETF广发,sector,传媒,0.19476744186046524,512980,0.19476744186046524,511260,0.010858551894194157,最佳行业/主题 ETF 动量为正，持有该 ETF
mom_4m,84,weekly,2021-12-24,512690,酒ETF鹏华,sector,白酒/酒,0.26452410383189107,512690,0.26452410383189107,511260,0.009431181844975045,最佳行业/主题 ETF 动量为正，持有该 ETF
mom_4m,84,weekly,2021-12-31,512980,传媒ETF广发,sector,传媒,0.2452830188679247,512980,0.2452830188679247,511260,0.015146900752418535,最佳行业/主题 ETF 动量为正，持有该 ETF
mom_4m,84,weekly,2022-01-07,512980,传媒ETF广发,sector,传媒,0.22901849217638692,512980,0.22901849217638692,511260,0.010691992152666252,最佳行业/主题 ETF 动量为正，持有该 ETF
mom_4m,84,weekly,2022-01-14,512980,传媒ETF广发,sector,传媒,0.09055118110236204,512980,0.09055118110236204,511010,0.01616796354026029,最佳行业/主题 ETF 动量为正，持有该 ETF
mom_4m,84,weekly,2022-01-21,512690,酒ETF鹏华,sector,白酒/酒,0.1597938144329898,512690,0.1597938144329898,511260,0.026496125143513183,最佳行业/主题 ETF 动量为正，持有该 ETF
mom_4m,84,weekly,2022-01-28,512800,银行ETF华宝,sector,银行,0.0338078291814945,512800,0.0338078291814945,511260,0.020795894464858744,最佳行业/主题 ETF 动量为正，持有该 ETF
mom_4m,84,weekly,2022-02-11,512800,银行ETF华宝,sector,银行,0.06228373702422152,512800,0.06228373702422152,511260,0.018410558128721943,最佳行业/主题 ETF 动量为正，持有该 ETF
mom_4m,84,weekly,2022-02-18,512980,传媒ETF广发,sector,传媒,0.06276747503566349,512980,0.06276747503566349,511260,0.020788324832142546,最佳行业/主题 ETF 动量为正，持有该 ETF
mom_4m,84,weekly,2022-02-25,512980,传媒ETF广发,sector,传媒,0.015804597701149392,512980,0.015804597701149392,511260,0.022126635476252376,最佳行业/主题 ETF 动量为正，持有该 ETF
mom_4m,84,weekly,2022-03-04,515220,煤炭ETF国泰,sector,煤炭,0.24099378881987565,515220,0.24099378881987565,511010,0.01636751085976562,最佳行业/主题 ETF 动量为正，持有该 ETF
mom_4m,84,weekly,2022-03-11,515220,煤炭ETF国泰,sector,煤炭,0.24289405684754506,515220,0.24289405684754506,511010,0.01649725454307749,最佳行业/主题 ETF 动量为正，持有该 ETF
mom_4m,84,weekly,2022-03-18,515220,煤炭ETF国泰,sector,煤炭,0.2584573748308525,515220,0.2584573748308525,511260,0.017490290612026227,最佳行业/主题 ETF 动量为正，持有该 ETF
mom_4m,84,weekly,2022-03-25,515220,煤炭ETF国泰,sector,煤炭,0.30383091149273445,515220,0.30383091149273445,511010,0.015930532432344213,最佳行业/主题 ETF 动量为正，持有该 ETF
mom_4m,84,weekly,2022-04-01,515220,煤炭ETF国泰,sector,煤炭,0.33551769331585835,515220,0.33551769331585835,511260,0.012931837332032403,最佳行业/主题 ETF 动量为正，持有该 ETF
mom_4m,84,weekly,2022-04-08,515220,煤炭ETF国泰,sector,煤炭,0.29911280101394144,515220,0.29911280101394144,511260,0.01920751227146611,最佳行业/主题 ETF 动量为正，持有该 ETF
mom_4m,84,weekly,2022-04-15,515220,煤炭ETF国泰,sector,煤炭,0.31046931407942235,515220,0.31046931407942235,511260,0.016910465126606322,最佳行业/主题 ETF 动量为正，持有该 ETF
mom_4m,84,weekly,2022-04-22,515220,煤炭ETF国泰,sector,煤炭,0.2124542124542126,515220,0.2124542124542126,511260,0.013622285526654343,最佳行业/主题 ETF 动量为正，持有该 ETF
mom_4m,84,weekly,2022-04-29,515220,煤炭ETF国泰,sector,煤炭,0.1350407450523865,515220,0.1350407450523865,511260,0.013598567452085986,最佳行业/主题 ETF 动量为正，持有该 ETF
mom_4m,84,weekly,2022-05-06,515220,煤炭ETF国泰,sector,煤炭,0.09164733178654294,515220,0.09164733178654294,511010,0.011650185915858868,最佳行业/主题 ETF 动量为正，持有该 ETF
mom_4m,84,weekly,2022-05-13,515220,煤炭ETF国泰,sector,煤炭,0.14180929095354533,515220,0.14180929095354533,511260,0.011294350177797785,最佳行业/主题 ETF 动量为正，持有该 ETF
mom_4m,84,weekly,2022-05-20,515220,煤炭ETF国泰,sector,煤炭,0.21190476190476204,515220,0.21190476190476204,511010,0.012118811240824146,最佳行业/主题 ETF 动量为正，持有该 ETF
mom_4m,84,weekly,2022-05-27,515220,煤炭ETF国泰,sector,煤炭,0.3414932680538558,515220,0.3414932680538558,511260,0.013711883339050157,最佳行业/主题 ETF 动量为正，持有该 ETF
mom_4m,84,weekly,2022-06-02,515220,煤炭ETF国泰,sector,煤炭,0.23693379790940772,515220,0.23693379790940772,511260,0.003923384771325367,最佳行业/主题 ETF 动量为正，持有该 ETF
mom_4m,84,weekly,2022-06-10,515220,煤炭ETF国泰,sector,煤炭,0.5499351491569391,515220,0.5499351491569391,511260,0.007111889643091729,最佳行业/主题 ETF 动量为正，持有该 ETF
mom_4m,84,weekly,2022-06-17,515220,煤炭ETF国泰,sector,煤炭,0.25474860335195526,515220,0.25474860335195526,511260,0.008507686769625211,最佳行业/主题 ETF 动量为正，持有该 ETF
mom_4m,84,weekly,2022-06-24,515790,光伏ETF华泰柏瑞,sector,光伏,0.1704067321178122,515790,0.1704067321178122,511260,0.008588590698327847,最佳行业/主题 ETF 动量为正，持有该 ETF
mom_4m,84,weekly,2022-07-01,515220,煤炭ETF国泰,sector,煤炭,0.23751387347391772,515220,0.23751387347391772,511260,0.008021225938518617,最佳行业/主题 ETF 动量为正，持有该 ETF
mom_4m,84,weekly,2022-07-08,515030,新能源车ETF华夏,sector,新能源车,0.18106393362615902,515030,0.18106393362615902,511260,0.012588547685630447,最佳行业/主题 ETF 动量为正，持有该 ETF
mom_4m,84,weekly,2022-07-15,515030,新能源车ETF华夏,sector,新能源车,0.1958184599694035,515030,0.1958184599694035,511260,0.012755595407633935,最佳行业/主题 ETF 动量为正，持有该 ETF
mom_4m,84,weekly,2022-07-22,515790,光伏ETF华泰柏瑞,sector,光伏,0.14380384360503662,515790,0.14380384360503662,511260,0.011538731529254775,最佳行业/主题 ETF 动量为正，持有该 ETF
mom_4m,84,weekly,2022-07-29,515790,光伏ETF华泰柏瑞,sector,光伏,0.24011299435028266,515790,0.24011299435028266,511260,0.016558208065110103,最佳行业/主题 ETF 动量为正，持有该 ETF
mom_4m,84,weekly,2022-08-05,515790,光伏ETF华泰柏瑞,sector,光伏,0.195295794725588,515790,0.195295794725588,511260,0.017976760680542547,最佳行业/主题 ETF 动量为正，持有该 ETF
mom_4m,84,weekly,2022-08-12,515790,光伏ETF华泰柏瑞,sector,光伏,0.3500391542678152,515790,0.3500391542678152,511260,0.012303772284225856,最佳行业/主题 ETF 动量为正，持有该 ETF
mom_4m,84,weekly,2022-08-19,515790,光伏ETF华泰柏瑞,sector,光伏,0.4094427244582042,515790,0.4094427244582042,511260,0.025373421822193487,最佳行业/主题 ETF 动量为正，持有该 ETF
mom_4m,84,weekly,2022-08-26,515790,光伏ETF华泰柏瑞,sector,光伏,0.6259469696969697,515790,0.6259469696969697,511260,0.02032488356445672,最佳行业/主题 ETF 动量为正，持有该 ETF
mom_4m,84,weekly,2022-09-02,515790,光伏ETF华泰柏瑞,sector,光伏,0.3347350714886459,515790,0.3347350714886459,511260,0.02671976194643788,最佳行业/主题 ETF 动量为正，持有该 ETF
mom_4m,84,weekly,2022-09-09,515220,煤炭ETF国泰,sector,煤炭,0.3394004282655245,515220,0.3394004282655245,511260,0.021629686504785806,最佳行业/主题 ETF 动量为正，持有该 ETF
mom_4m,84,weekly,2022-09-16,515220,煤炭ETF国泰,sector,煤炭,0.1913133402275078,515220,0.1913133402275078,511260,0.017476964958816232,最佳行业/主题 ETF 动量为正，持有该 ETF
mom_4m,84,weekly,2022-09-23,515790,光伏ETF华泰柏瑞,sector,光伏,0.1086005830903789,515790,0.1086005830903789,511260,0.013389912874448795,最佳行业/主题 ETF 动量为正，持有该 ETF
mom_4m,84,weekly,2022-09-30,515220,煤炭ETF国泰,sector,煤炭,0.09765258215962458,515220,0.09765258215962458,511260,0.009974671645298638,最佳行业/主题 ETF 动量为正，持有该 ETF
mom_4m,84,weekly,2022-10-14,515790,光伏ETF华泰柏瑞,sector,光伏,0.0312907431551499,515790,0.0312907431551499,511260,0.01455816744501548,最佳行业/主题 ETF 动量为正，持有该 ETF
mom_4m,84,weekly,2022-10-21,512660,军工ETF国泰,sector,军工,0.03411131059245953,512660,0.03411131059245953,511260,0.016070900005223487,最佳行业/主题 ETF 动量为正，持有该 ETF
mom_4m,84,weekly,2022-10-28,512660,军工ETF国泰,sector,军工,0.0068317677198974636,512660,0.0068317677198974636,511260,0.01973008271658694,最佳行业/主题 ETF 动量为正，持有该 ETF
mom_4m,84,weekly,2022-11-04,515230,软件ETF国泰,sector,软件,0.047375160051216225,515230,0.047375160051216225,511260,0.019357481522800146,最佳行业/主题 ETF 动量为正，持有该 ETF
mom_4m,84,weekly,2022-11-11,515230,软件ETF国泰,sector,软件,0.06405228758169934,515230,0.06405228758169934,511260,0.018452049066071785,最佳行业/主题 ETF 动量为正，持有该 ETF
mom_4m,84,weekly,2022-11-18,515230,软件ETF国泰,sector,软件,0.14835164835164827,515230,0.14835164835164827,511260,0.007786120394080109,最佳行业/主题 ETF 动量为正，持有该 ETF
mom_4m,84,weekly,2022-11-25,515230,软件ETF国泰,sector,软件,0.03552631578947363,515230,0.03552631578947363,511260,0.010262059872136353,最佳行业/主题 ETF 动量为正，持有该 ETF
mom_4m,84,weekly,2022-12-02,515230,软件ETF国泰,sector,软件,0.05774278215223094,515230,0.05774278215223094,511260,0.0015788111465793175,最佳行业/主题 ETF 动量为正，持有该 ETF
mom_4m,84,weekly,2022-12-09,515220,煤炭ETF国泰,sector,煤炭,0.041420118343195256,515220,0.041420118343195256,511010,-0.002886163068213432,最佳行业/主题 ETF 动量为正，持有该 ETF
mom_4m,84,weekly,2022-12-16,512800,银行ETF华宝,sector,银行,0.02083333333333326,512800,0.02083333333333326,511260,0.0005516813350687766,最佳行业/主题 ETF 动量为正，持有该 ETF
mom_4m,84,weekly,2022-12-23,512690,酒ETF鹏华,sector,白酒/酒,0.04004854368932054,512690,0.04004854368932054,511010,-0.007178145658837121,最佳行业/主题 ETF 动量为正，持有该 ETF
mom_4m,84,weekly,2022-12-30,515230,软件ETF国泰,sector,软件,0.07094133697135074,515230,0.07094133697135074,511010,-0.001800151591713095,最佳行业/主题 ETF 动量为正，持有该 ETF
mom_4m,84,weekly,2023-01-06,515230,软件ETF国泰,sector,软件,0.11653116531165297,515230,0.11653116531165297,511010,-0.004446371555835826,最佳行业/主题 ETF 动量为正，持有该 ETF
mom_4m,84,weekly,2023-01-13,512690,酒ETF鹏华,sector,白酒/酒,0.16287878787878785,512690,0.16287878787878785,511010,-0.00653713169563741,最佳行业/主题 ETF 动量为正，持有该 ETF
mom_4m,84,weekly,2023-01-20,515230,软件ETF国泰,sector,软件,0.19703103913630238,515230,0.19703103913630238,511010,-0.0026794818087687577,最佳行业/主题 ETF 动量为正，持有该 ETF
mom_4m,84,weekly,2023-02-03,515230,软件ETF国泰,sector,软件,0.3168316831683169,515230,0.3168316831683169,511010,-0.0018171475523812708,最佳行业/主题 ETF 动量为正，持有该 ETF
mom_4m,84,weekly,2023-02-10,515230,软件ETF国泰,sector,软件,0.3479532163742689,515230,0.3479532163742689,511260,0.0036798607340762235,最佳行业/主题 ETF 动量为正，持有该 ETF
mom_4m,84,weekly,2023-02-17,512980,传媒ETF广发,sector,传媒,0.26256983240223475,512980,0.26256983240223475,511260,-0.0012686330478908214,最佳行业/主题 ETF 动量为正，持有该 ETF
mom_4m,84,weekly,2023-02-24,512980,传媒ETF广发,sector,传媒,0.28136882129277563,512980,0.28136882129277563,511260,-0.0019877990266639056,最佳行业/主题 ETF 动量为正，持有该 ETF
mom_4m,84,weekly,2023-03-03,512690,酒ETF鹏华,sector,白酒/酒,0.4148936170212767,512690,0.4148936170212767,511010,-0.004736049929471409,最佳行业/主题 ETF 动量为正，持有该 ETF
mom_4m,84,weekly,2023-03-10,512980,传媒ETF广发,sector,传媒,0.24542124542124544,512980,0.24542124542124544,511260,-0.0006925622237231588,最佳行业/主题 ETF 动量为正，持有该 ETF
mom_4m,84,weekly,2023-03-17,512980,传媒ETF广发,sector,传媒,0.2829525483304043,512980,0.2829525483304043,511010,0.002126633515427967,最佳行业/主题 ETF 动量为正，持有该 ETF
mom_4m,84,weekly,2023-03-24,512980,传媒ETF广发,sector,传媒,0.3643926788685523,512980,0.3643926788685523,511260,0.007312535529103714,最佳行业/主题 ETF 动量为正，持有该 ETF
mom_4m,84,weekly,2023-03-31,512980,传媒ETF广发,sector,传媒,0.4790209790209792,512980,0.4790209790209792,511260,0.0045164946506155434,最佳行业/主题 ETF 动量为正，持有该 ETF
mom_4m,84,weekly,2023-04-07,512980,传媒ETF广发,sector,传媒,0.4957983193277311,512980,0.4957983193277311,511260,0.010000344839477426,最佳行业/主题 ETF 动量为正，持有该 ETF
mom_4m,84,weekly,2023-04-14,512980,传媒ETF广发,sector,传媒,0.4745484400656814,512980,0.4745484400656814,511260,0.011142997492179063,最佳行业/主题 ETF 动量为正，持有该 ETF
mom_4m,84,weekly,2023-04-21,512980,传媒ETF广发,sector,传媒,0.46243739565943254,512980,0.46243739565943254,511260,0.012804053180764718,最佳行业/主题 ETF 动量为正，持有该 ETF
mom_4m,84,weekly,2023-04-28,512980,传媒ETF广发,sector,传媒,0.6568965517241381,512980,0.6568965517241381,511260,0.013863923696816993,最佳行业/主题 ETF 动量为正，持有该 ETF
mom_4m,84,weekly,2023-05-05,512980,传媒ETF广发,sector,传媒,0.68135593220339,512980,0.68135593220339,511260,0.018317509231921436,最佳行业/主题 ETF 动量为正，持有该 ETF
mom_4m,84,weekly,2023-05-12,512980,传媒ETF广发,sector,传媒,0.49105691056910583,512980,0.49105691056910583,511260,0.01738555582265877,最佳行业/主题 ETF 动量为正，持有该 ETF
mom_4m,84,weekly,2023-05-19,512980,传媒ETF广发,sector,传媒,0.378930817610063,512980,0.378930817610063,511260,0.018652484706852768,最佳行业/主题 ETF 动量为正，持有该 ETF
mom_4m,84,weekly,2023-05-26,512980,传媒ETF广发,sector,传媒,0.35897435897435903,512980,0.35897435897435903,511260,0.020761901480039313,最佳行业/主题 ETF 动量为正，持有该 ETF
mom_4m,84,weekly,2023-06-02,512980,传媒ETF广发,sector,传媒,0.4480620155038759,512980,0.4480620155038759,511260,0.021090114653845138,最佳行业/主题 ETF 动量为正，持有该 ETF
mom_4m,84,weekly,2023-06-09,512980,传媒ETF广发,sector,传媒,0.39212827988338184,512980,0.39212827988338184,511260,0.023122976095377945,最佳行业/主题 ETF 动量为正，持有该 ETF
mom_4m,84,weekly,2023-06-16,512980,传媒ETF广发,sector,传媒,0.4607558139534884,512980,0.4607558139534884,511260,0.020761988138459087,最佳行业/主题 ETF 动量为正，持有该 ETF
mom_4m,84,weekly,2023-06-21,512980,传媒ETF广发,sector,传媒,0.38790560471976376,512980,0.38790560471976376,511260,0.022598336666294738,最佳行业/主题 ETF 动量为正，持有该 ETF
mom_4m,84,weekly,2023-06-30,512980,传媒ETF广发,sector,传媒,0.32640949554896137,512980,0.32640949554896137,511260,0.025051510989010817,最佳行业/主题 ETF 动量为正，持有该 ETF
mom_4m,84,weekly,2023-07-07,512980,传媒ETF广发,sector,传媒,0.20679886685552407,512980,0.20679886685552407,511260,0.02604520113733,最佳行业/主题 ETF 动量为正，持有该 ETF
mom_4m,84,weekly,2023-07-14,512980,传媒ETF广发,sector,传媒,0.29264705882352926,512980,0.29264705882352926,511260,0.022297135425579206,最佳行业/主题 ETF 动量为正，持有该 ETF
mom_4m,84,weekly,2023-07-21,512980,传媒ETF广发,sector,传媒,0.14109589041095894,512980,0.14109589041095894,511260,0.023988454115356328,最佳行业/主题 ETF 动量为正，持有该 ETF
mom_4m,84,weekly,2023-07-28,512880,证券ETF国泰,sector,证券,0.11635565312843021,512880,0.11635565312843021,511260,0.023839043702063245,最佳行业/主题 ETF 动量为正，持有该 ETF
mom_4m,84,weekly,2023-08-04,512880,证券ETF国泰,sector,证券,0.17458563535911598,512880,0.17458563535911598,511260,0.024472595479878345,最佳行业/主题 ETF 动量为正，持有该 ETF
mom_4m,84,weekly,2023-08-11,512880,证券ETF国泰,sector,证券,0.09371671991480302,512880,0.09371671991480302,511260,0.02342483749338875,最佳行业/主题 ETF 动量为正，持有该 ETF
mom_4m,84,weekly,2023-08-18,512880,证券ETF国泰,sector,证券,0.05584281282316428,512880,0.05584281282316428,511260,0.02858798861253642,最佳行业/主题 ETF 动量为正，持有该 ETF
mom_4m,84,weekly,2023-08-25,512880,证券ETF国泰,sector,证券,0.10888888888888881,512880,0.10888888888888881,511260,0.026086734780613074,最佳行业/主题 ETF 动量为正，持有该 ETF
mom_4m,84,weekly,2023-09-01,512880,证券ETF国泰,sector,证券,0.03194888178913735,512880,0.03194888178913735,511260,0.019813717188823077,最佳行业/主题 ETF 动量为正，持有该 ETF
mom_4m,84,weekly,2023-09-08,512880,证券ETF国泰,sector,证券,0.01048218029350112,512880,0.01048218029350112,511260,0.011473323048649897,最佳行业/主题 ETF 动量为正，持有该 ETF
mom_4m,84,weekly,2023-09-15,515220,煤炭ETF国泰,sector,煤炭,0.04291417165668654,515220,0.04291417165668654,511260,0.014143136990002692,最佳行业/主题 ETF 动量为正，持有该 ETF
mom_4m,84,weekly,2023-09-22,515220,煤炭ETF国泰,sector,煤炭,0.09081309398099258,515220,0.09081309398099258,511260,0.009022746419545147,最佳行业/主题 ETF 动量为正，持有该 ETF
mom_4m,84,weekly,2023-09-28,515220,煤炭ETF国泰,sector,煤炭,0.15914221218961622,515220,0.15914221218961622,511260,0.009988199595414748,最佳行业/主题 ETF 动量为正，持有该 ETF
mom_4m,84,weekly,2023-10-13,515220,煤炭ETF国泰,sector,煤炭,0.1273743016759774,515220,0.1273743016759774,511260,0.007008108902987198,最佳行业/主题 ETF 动量为正，持有该 ETF
mom_4m,84,weekly,2023-10-20,515220,煤炭ETF国泰,sector,煤炭,0.11135857461024501,515220,0.11135857461024501,511260,0.00086024019910802,最佳行业/主题 ETF 动量为正，持有该 ETF
mom_4m,84,weekly,2023-10-27,515220,煤炭ETF国泰,sector,煤炭,0.11386696730552415,515220,0.11386696730552415,511260,0.006974636160676839,最佳行业/主题 ETF 动量为正，持有该 ETF
mom_4m,84,weekly,2023-11-03,512880,证券ETF国泰,sector,证券,0.07622298065984068,512880,0.07622298065984068,511260,0.0085679827132783,最佳行业/主题 ETF 动量为正，持有该 ETF
mom_4m,84,weekly,2023-11-10,512880,证券ETF国泰,sector,证券,0.09550561797752799,512880,0.09550561797752799,511260,0.008866005274394073,最佳行业/主题 ETF 动量为正，持有该 ETF
mom_4m,84,weekly,2023-11-17,512880,证券ETF国泰,sector,证券,0.08657047724750266,512880,0.08657047724750266,511260,0.009357057966890459,最佳行业/主题 ETF 动量为正，持有该 ETF
mom_4m,84,weekly,2023-11-24,515220,煤炭ETF国泰,sector,煤炭,0.11752136752136755,515220,0.11752136752136755,511260,0.004178238134554313,最佳行业/主题 ETF 动量为正，持有该 ETF
mom_4m,84,weekly,2023-12-01,515220,煤炭ETF国泰,sector,煤炭,0.13075313807531375,515220,0.13075313807531375,511260,0.00700690668871462,最佳行业/主题 ETF 动量为正，持有该 ETF
mom_4m,84,weekly,2023-12-08,515220,煤炭ETF国泰,sector,煤炭,0.12473347547974423,515220,0.12473347547974423,511260,0.005957397101400863,最佳行业/主题 ETF 动量为正，持有该 ETF
mom_4m,84,weekly,2023-12-15,515220,煤炭ETF国泰,sector,煤炭,0.14759358288770041,515220,0.14759358288770041,511260,0.008201913779882108,最佳行业/主题 ETF 动量为正，持有该 ETF
mom_4m,84,weekly,2023-12-22,515220,煤炭ETF国泰,sector,煤炭,0.1864035087719298,515220,0.1864035087719298,511260,0.0039610195896448985,最佳行业/主题 ETF 动量为正，持有该 ETF
mom_4m,84,weekly,2023-12-29,515220,煤炭ETF国泰,sector,煤炭,0.18584070796460184,515220,0.18584070796460184,511260,0.0076461086029075975,最佳行业/主题 ETF 动量为正，持有该 ETF
mom_4m,84,weekly,2024-01-05,515220,煤炭ETF国泰,sector,煤炭,0.22043010752688175,515220,0.22043010752688175,511260,0.013188125710209553,最佳行业/主题 ETF 动量为正，持有该 ETF
mom_4m,84,weekly,2024-01-12,515220,煤炭ETF国泰,sector,煤炭,0.10039370078740162,515220,0.10039370078740162,511260,0.01642256622406091,最佳行业/主题 ETF 动量为正，持有该 ETF
mom_4m,84,weekly,2024-01-19,515220,煤炭ETF国泰,sector,煤炭,0.019961977186311763,515220,0.019961977186311763,511260,0.01585928728845265,最佳行业/主题 ETF 动量为正，持有该 ETF
mom_4m,84,weekly,2024-01-26,515220,煤炭ETF国泰,sector,煤炭,0.10019267822736011,515220,0.10019267822736011,511260,0.01986092350792945,最佳行业/主题 ETF 动量为正，持有该 ETF
mom_4m,84,weekly,2024-02-02,515220,煤炭ETF国泰,sector,煤炭,0.07205452775073029,515220,0.07205452775073029,511260,0.0258794074692259,最佳行业/主题 ETF 动量为正，持有该 ETF
mom_4m,84,weekly,2024-02-08,515220,煤炭ETF国泰,sector,煤炭,0.1444223107569722,515220,0.1444223107569722,511260,0.02797272909564863,最佳行业/主题 ETF 动量为正，持有该 ETF
mom_4m,84,weekly,2024-02-23,515220,煤炭ETF国泰,sector,煤炭,0.24800796812748982,515220,0.24800796812748982,511260,0.03119802766286406,最佳行业/主题 ETF 动量为正，持有该 ETF
mom_4m,84,weekly,2024-03-01,515220,煤炭ETF国泰,sector,煤炭,0.253279515640767,515220,0.253279515640767,511260,0.030066601648786717,最佳行业/主题 ETF 动量为正，持有该 ETF
mom_4m,84,weekly,2024-03-08,515220,煤炭ETF国泰,sector,煤炭,0.2996941896024463,515220,0.2996941896024463,511260,0.03184343161757974,最佳行业/主题 ETF 动量为正，持有该 ETF
mom_4m,84,weekly,2024-03-15,515220,煤炭ETF国泰,sector,煤炭,0.1691542288557215,515220,0.1691542288557215,511260,0.026749773834521484,最佳行业/主题 ETF 动量为正，持有该 ETF
mom_4m,84,weekly,2024-03-22,515220,煤炭ETF国泰,sector,煤炭,0.15407262021589796,515220,0.15407262021589796,511260,0.02825383658233105,最佳行业/主题 ETF 动量为正，持有该 ETF
mom_4m,84,weekly,2024-03-29,515220,煤炭ETF国泰,sector,煤炭,0.1231813773035888,515220,0.1231813773035888,511260,0.03040119611263381,最佳行业/主题 ETF 动量为正，持有该 ETF
mom_4m,84,weekly,2024-04-03,512400,有色金属ETF南方,sector,有色金属,0.20598006644518274,512400,0.20598006644518274,511260,0.031196818887440747,最佳行业/主题 ETF 动量为正，持有该 ETF
mom_4m,84,weekly,2024-04-12,512400,有色金属ETF南方,sector,有色金属,0.2387892376681613,512400,0.2387892376681613,511260,0.0333067808423777,最佳行业/主题 ETF 动量为正，持有该 ETF
mom_4m,84,weekly,2024-04-19,512400,有色金属ETF南方,sector,有色金属,0.22435174746335962,512400,0.22435174746335962,511260,0.03491974091805128,最佳行业/主题 ETF 动量为正，持有该 ETF
mom_4m,84,weekly,2024-04-26,512400,有色金属ETF南方,sector,有色金属,0.23543123543123556,512400,0.23543123543123556,511260,0.028714695216145003,最佳行业/主题 ETF 动量为正，持有该 ETF
mom_4m,84,weekly,2024-04-30,512400,有色金属ETF南方,sector,有色金属,0.20554272517321026,512400,0.20554272517321026,511260,0.02740744411954199,最佳行业/主题 ETF 动量为正，持有该 ETF
mom_4m,84,weekly,2024-05-10,512400,有色金属ETF南方,sector,有色金属,0.18300653594771243,512400,0.18300653594771243,511260,0.025936480743254275,最佳行业/主题 ETF 动量为正，持有该 ETF
mom_4m,84,weekly,2024-05-17,512800,银行ETF华宝,sector,银行,0.2003780718336483,512800,0.2003780718336483,511260,0.019590186078115135,最佳行业/主题 ETF 动量为正，持有该 ETF
mom_4m,84,weekly,2024-05-24,512800,银行ETF华宝,sector,银行,0.18903591682419663,512800,0.18903591682419663,511260,0.02467484511549678,最佳行业/主题 ETF 动量为正，持有该 ETF
mom_4m,84,weekly,2024-05-31,512400,有色金属ETF南方,sector,有色金属,0.2009237875288683,512400,0.2009237875288683,511260,0.022774903399043867,最佳行业/主题 ETF 动量为正，持有该 ETF
mom_4m,84,weekly,2024-06-07,512400,有色金属ETF南方,sector,有色金属,0.16457142857142837,512400,0.16457142857142837,511260,0.024428529382909847,最佳行业/主题 ETF 动量为正，持有该 ETF
mom_4m,84,weekly,2024-06-14,512400,有色金属ETF南方,sector,有色金属,0.21297429620563046,512400,0.21297429620563046,511260,0.02020284173627318,最佳行业/主题 ETF 动量为正，持有该 ETF
mom_4m,84,weekly,2024-06-21,512400,有色金属ETF南方,sector,有色金属,0.13604651162790704,512400,0.13604651162790704,511260,0.02120517572092706,最佳行业/主题 ETF 动量为正，持有该 ETF
mom_4m,84,weekly,2024-06-28,512400,有色金属ETF南方,sector,有色金属,0.07126948775055664,512400,0.07126948775055664,511260,0.02332479657665254,最佳行业/主题 ETF 动量为正，持有该 ETF
mom_4m,84,weekly,2024-07-05,512400,有色金属ETF南方,sector,有色金属,0.07826086956521738,512400,0.07826086956521738,511260,0.019518668975674558,最佳行业/主题 ETF 动量为正，持有该 ETF
mom_4m,84,weekly,2024-07-12,512800,银行ETF华宝,sector,银行,0.10634648370497435,512800,0.10634648370497435,511010,0.01606909027604342,最佳行业/主题 ETF 动量为正，持有该 ETF
mom_4m,84,weekly,2024-07-19,512800,银行ETF华宝,sector,银行,0.1358885017421605,512800,0.1358885017421605,511260,0.0212998140813192,最佳行业/主题 ETF 动量为正，持有该 ETF
mom_4m,84,weekly,2024-07-26,512800,银行ETF华宝,sector,银行,0.10086956521739143,512800,0.10086956521739143,511260,0.02600116170253952,最佳行业/主题 ETF 动量为正，持有该 ETF
mom_4m,84,weekly,2024-08-02,512800,银行ETF华宝,sector,银行,0.09466437177280551,512800,0.09466437177280551,511260,0.029592906086255644,最佳行业/主题 ETF 动量为正，持有该 ETF
mom_4m,84,weekly,2024-08-09,512800,银行ETF华宝,sector,银行,0.07876712328767121,512800,0.07876712328767121,511260,0.02319730570447942,最佳行业/主题 ETF 动量为正，持有该 ETF
mom_4m,84,weekly,2024-08-16,512800,银行ETF华宝,sector,银行,0.09106239460371013,512800,0.09106239460371013,511260,0.02059250583601413,最佳行业/主题 ETF 动量为正，持有该 ETF
mom_4m,84,weekly,2024-08-23,512800,银行ETF华宝,sector,银行,0.10465116279069786,512800,0.10465116279069786,511260,0.017656680097339228,最佳行业/主题 ETF 动量为正，持有该 ETF
mom_4m,84,weekly,2024-08-30,512800,银行ETF华宝,sector,银行,0.031198686371100237,512800,0.031198686371100237,511260,0.023299565846599313,最佳行业/主题 ETF 动量为正，持有该 ETF
mom_4m,84,weekly,2024-09-06,511260,十年国债ETF国泰,defensive,十年国债,0.026870368734997152,512800,-0.0016207455429497752,511260,0.026870368734997152,最佳行业/主题 ETF 动量为负或不可用，切换到正动量防守资产
mom_4m,84,weekly,2024-09-13,511260,十年国债ETF国泰,defensive,十年国债,0.0316108104636037,512800,-0.0598425196850394,511260,0.0316108104636037,最佳行业/主题 ETF 动量为负或不可用，切换到正动量防守资产
mom_4m,84,weekly,2024-09-20,511260,十年国债ETF国泰,defensive,十年国债,0.03242428856494883,512800,-0.04694835680751175,511260,0.03242428856494883,最佳行业/主题 ETF 动量为负或不可用，切换到正动量防守资产
mom_4m,84,weekly,2024-09-27,512880,证券ETF国泰,sector,证券,0.19619500594530326,512880,0.19619500594530326,511260,0.018214514066496212,最佳行业/主题 ETF 动量为正，持有该 ETF
mom_4m,84,weekly,2024-09-30,512880,证券ETF国泰,sector,证券,0.31785714285714284,512880,0.31785714285714284,511260,0.01419357932340759,最佳行业/主题 ETF 动量为正，持有该 ETF
mom_4m,84,weekly,2024-10-11,512880,证券ETF国泰,sector,证券,0.34296028880866447,512880,0.34296028880866447,511260,0.021132105620580877,最佳行业/主题 ETF 动量为正，持有该 ETF
mom_4m,84,weekly,2024-10-18,512880,证券ETF国泰,sector,证券,0.43435582822085905,512880,0.43435582822085905,511260,0.022070670814389404,最佳行业/主题 ETF 动量为正，持有该 ETF
mom_4m,84,weekly,2024-10-25,512880,证券ETF国泰,sector,证券,0.3987804878048782,512880,0.3987804878048782,511260,0.015515404068519034,最佳行业/主题 ETF 动量为正，持有该 ETF
mom_4m,84,weekly,2024-11-01,512880,证券ETF国泰,sector,证券,0.43945068664169784,512880,0.43945068664169784,511260,0.015342530922930475,最佳行业/主题 ETF 动量为正，持有该 ETF
mom_4m,84,weekly,2024-11-08,512880,证券ETF国泰,sector,证券,0.7209908735332464,512880,0.7209908735332464,511260,0.0173815220319109,最佳行业/主题 ETF 动量为正，持有该 ETF
mom_4m,84,weekly,2024-11-15,515230,软件ETF国泰,sector,软件,0.5977443609022555,515230,0.5977443609022555,511260,0.02184781918608336,最佳行业/主题 ETF 动量为正，持有该 ETF
mom_4m,84,weekly,2024-11-22,515230,软件ETF国泰,sector,软件,0.5793499043977055,515230,0.5793499043977055,511260,0.02044887780548632,最佳行业/主题 ETF 动量为正，持有该 ETF
mom_4m,84,weekly,2024-11-29,515230,软件ETF国泰,sector,软件,0.6505791505791505,515230,0.6505791505791505,511260,0.019476735028195247,最佳行业/主题 ETF 动量为正，持有该 ETF
mom_4m,84,weekly,2024-12-06,515230,软件ETF国泰,sector,软件,0.6036697247706422,515230,0.6036697247706422,511260,0.018824782309089905,最佳行业/主题 ETF 动量为正，持有该 ETF
mom_4m,84,weekly,2024-12-13,515230,软件ETF国泰,sector,软件,0.6563706563706564,515230,0.6563706563706564,511260,0.034900949349722765,最佳行业/主题 ETF 动量为正，持有该 ETF
mom_4m,84,weekly,2024-12-20,515230,软件ETF国泰,sector,软件,0.65625,515230,0.65625,511260,0.04208265477117701,最佳行业/主题 ETF 动量为正，持有该 ETF
mom_4m,84,weekly,2024-12-27,515230,软件ETF国泰,sector,软件,0.7024793388429751,515230,0.7024793388429751,511260,0.04039469143161911,最佳行业/主题 ETF 动量为正，持有该 ETF
mom_4m,84,weekly,2025-01-03,515230,软件ETF国泰,sector,软件,0.47107438016528924,515230,0.47107438016528924,511260,0.049086301187141634,最佳行业/主题 ETF 动量为正，持有该 ETF
mom_4m,84,weekly,2025-01-10,512480,半导体ETF国联安,sector,半导体,0.49082568807339433,512480,0.49082568807339433,511260,0.043064110892824914,最佳行业/主题 ETF 动量为正，持有该 ETF
mom_4m,84,weekly,2025-01-17,512480,半导体ETF国联安,sector,半导体,0.572317262830482,512480,0.572317262830482,511260,0.0388592355943429,最佳行业/主题 ETF 动量为正，持有该 ETF
mom_4m,84,weekly,2025-01-24,512480,半导体ETF国联安,sector,半导体,0.6288,512480,0.6288,511260,0.033470724759176784,最佳行业/主题 ETF 动量为正，持有该 ETF
mom_4m,84,weekly,2025-01-27,512480,半导体ETF国联安,sector,半导体,0.5993537964458804,512480,0.5993537964458804,511260,0.03689853678216215,最佳行业/主题 ETF 动量为正，持有该 ETF
mom_4m,84,weekly,2025-02-07,512480,半导体ETF国联安,sector,半导体,0.5663716814159292,512480,0.5663716814159292,511260,0.04093180367677984,最佳行业/主题 ETF 动量为正，持有该 ETF
mom_4m,84,weekly,2025-02-14,515230,软件ETF国泰,sector,软件,0.31284153005464477,515230,0.31284153005464477,511260,0.042978553725146806,最佳行业/主题 ETF 动量为正，持有该 ETF
mom_4m,84,weekly,2025-02-21,515230,软件ETF国泰,sector,软件,0.3315217391304348,515230,0.3315217391304348,511260,0.03453305875378332,最佳行业/主题 ETF 动量为正，持有该 ETF
mom_4m,84,weekly,2025-02-28,515230,软件ETF国泰,sector,软件,0.17350993377483448,515230,0.17350993377483448,511260,0.03658746556473824,最佳行业/主题 ETF 动量为正，持有该 ETF
mom_4m,84,weekly,2025-03-07,515230,软件ETF国泰,sector,软件,0.21673003802281365,515230,0.21673003802281365,511260,0.031552107123861806,最佳行业/主题 ETF 动量为正，持有该 ETF
mom_4m,84,weekly,2025-03-14,512980,传媒ETF广发,sector,传媒,0.08966376089663752,512980,0.08966376089663752,511260,0.023354283308120616,最佳行业/主题 ETF 动量为正，持有该 ETF
mom_4m,84,weekly,2025-03-21,512800,银行ETF华宝,sector,银行,0.09523809523809534,512800,0.09523809523809534,511260,0.021655348179459022,最佳行业/主题 ETF 动量为正，持有该 ETF
mom_4m,84,weekly,2025-03-28,512800,银行ETF华宝,sector,银行,0.08882521489971351,512800,0.08882521489971351,511260,0.021922231968886763,最佳行业/主题 ETF 动量为正，持有该 ETF
mom_4m,84,weekly,2025-04-03,512800,银行ETF华宝,sector,银行,0.10043041606886671,512800,0.10043041606886671,511260,0.0274415038222926,最佳行业/主题 ETF 动量为正，持有该 ETF
mom_4m,84,weekly,2025-04-11,512800,银行ETF华宝,sector,银行,0.05681818181818188,512800,0.05681818181818188,511260,0.023674686296959235,最佳行业/主题 ETF 动量为正，持有该 ETF
mom_4m,84,weekly,2025-04-18,512800,银行ETF华宝,sector,银行,0.08251748251748259,512800,0.08251748251748259,511260,0.016150658215504432,最佳行业/主题 ETF 动量为正，持有该 ETF
mom_4m,84,weekly,2025-04-25,512800,银行ETF华宝,sector,银行,0.06915629322268324,512800,0.06915629322268324,511260,0.009662238456466854,最佳行业/主题 ETF 动量为正，持有该 ETF
mom_4m,84,weekly,2025-04-30,512800,银行ETF华宝,sector,银行,0.0453920220082531,512800,0.0453920220082531,511260,0.007893844007991868,最佳行业/主题 ETF 动量为正，持有该 ETF
mom_4m,84,weekly,2025-05-09,512800,银行ETF华宝,sector,银行,0.06334231805929935,512800,0.06334231805929935,511260,0.008187451938300283,最佳行业/主题 ETF 动量为正，持有该 ETF
mom_4m,84,weekly,2025-05-16,515230,软件ETF国泰,sector,软件,0.12889518413597756,515230,0.12889518413597756,511260,-0.0045294865087076586,最佳行业/主题 ETF 动量为正，持有该 ETF
mom_4m,84,weekly,2025-05-23,512800,银行ETF华宝,sector,银行,0.12116991643454056,512800,0.12116991643454056,511260,0.0010961537017710743,最佳行业/主题 ETF 动量为正，持有该 ETF
mom_4m,84,weekly,2025-05-30,512800,银行ETF华宝,sector,银行,0.09782608695652173,512800,0.09782608695652173,511260,0.0006006907944133832,最佳行业/主题 ETF 动量为正，持有该 ETF
mom_4m,84,weekly,2025-06-06,512800,银行ETF华宝,sector,银行,0.10377358490566024,512800,0.10377358490566024,511260,0.0025086186824494483,最佳行业/主题 ETF 动量为正，持有该 ETF
mom_4m,84,weekly,2025-06-13,512800,银行ETF华宝,sector,银行,0.11637347767253048,512800,0.11637347767253048,511260,0.0012948132624801545,最佳行业/主题 ETF 动量为正，持有该 ETF
mom_4m,84,weekly,2025-06-20,512800,银行ETF华宝,sector,银行,0.1288180610889773,512800,0.1288180610889773,511260,0.007321931967675166,最佳行业/主题 ETF 动量为正，持有该 ETF
mom_4m,84,weekly,2025-06-27,512800,银行ETF华宝,sector,银行,0.15654520917678805,512800,0.15654520917678805,511260,0.01434565918834152,最佳行业/主题 ETF 动量为正，持有该 ETF
mom_4m,84,weekly,2025-07-04,512800,银行ETF华宝,sector,银行,0.19650067294751006,512800,0.19650067294751006,511260,0.010789576861597983,最佳行业/主题 ETF 动量为正，持有该 ETF
mom_4m,84,weekly,2025-07-11,512800,银行ETF华宝,sector,银行,0.19194630872483232,512800,0.19194630872483232,511260,0.016361301304800513,最佳行业/主题 ETF 动量为正，持有该 ETF
mom_4m,84,weekly,2025-07-18,512800,银行ETF华宝,sector,银行,0.15575916230366493,512800,0.15575916230366493,511260,0.02267741812206192,最佳行业/主题 ETF 动量为正，持有该 ETF
mom_4m,84,weekly,2025-07-25,512400,有色金属ETF南方,sector,有色金属,0.17111315547378103,512400,0.17111315547378103,511260,0.012349814981193585,最佳行业/主题 ETF 动量为正，持有该 ETF
mom_4m,84,weekly,2025-08-01,512660,军工ETF国泰,sector,军工,0.14299706170421178,512660,0.14299706170421178,511260,0.014077872744539421,最佳行业/主题 ETF 动量为正，持有该 ETF
mom_4m,84,weekly,2025-08-08,512400,有色金属ETF南方,sector,有色金属,0.35517970401691334,512400,0.35517970401691334,511260,0.0040411931284694,最佳行业/主题 ETF 动量为正，持有该 ETF
mom_4m,84,weekly,2025-08-15,512400,有色金属ETF南方,sector,有色金属,0.30490196078431375,512400,0.30490196078431375,511010,0.0007144403550554124,最佳行业/主题 ETF 动量为正，持有该 ETF
mom_4m,84,weekly,2025-08-22,512400,有色金属ETF南方,sector,有色金属,0.2947368421052632,512400,0.2947368421052632,511010,-0.0009315828242124624,最佳行业/主题 ETF 动量为正，持有该 ETF
mom_4m,84,weekly,2025-08-29,512400,有色金属ETF南方,sector,有色金属,0.4435721295387638,512400,0.4435721295387638,511010,-0.00020216606498191236,最佳行业/主题 ETF 动量为正，持有该 ETF
mom_4m,84,weekly,2025-09-05,512400,有色金属ETF南方,sector,有色金属,0.44294003868471954,512400,0.44294003868471954,511010,-0.0009442530309801134,最佳行业/主题 ETF 动量为正，持有该 ETF
mom_4m,84,weekly,2025-09-12,512400,有色金属ETF南方,sector,有色金属,0.4874999999999998,512400,0.4874999999999998,511010,0.0025891933722435034,最佳行业/主题 ETF 动量为正，持有该 ETF
mom_4m,84,weekly,2025-09-19,512400,有色金属ETF南方,sector,有色金属,0.4070208728652751,512400,0.4070208728652751,511010,0.001704303365999138,最佳行业/主题 ETF 动量为正，持有该 ETF
mom_4m,84,weekly,2025-09-26,512480,半导体ETF国联安,sector,半导体,0.5291164658634537,512480,0.5291164658634537,511010,0.0016618497109825991,最佳行业/主题 ETF 动量为正，持有该 ETF
mom_4m,84,weekly,2025-09-30,512400,有色金属ETF南方,sector,有色金属,0.5668246445497631,512400,0.5668246445497631,511010,0.0023035318414534878,最佳行业/主题 ETF 动量为正，持有该 ETF
mom_4m,84,weekly,2025-10-10,512400,有色金属ETF南方,sector,有色金属,0.6278195488721803,512400,0.6278195488721803,511010,0.0014567482782243957,最佳行业/主题 ETF 动量为正，持有该 ETF
mom_4m,84,weekly,2025-10-17,512400,有色金属ETF南方,sector,有色金属,0.5177111716621254,512400,0.5177111716621254,511010,0.0021481812545955936,最佳行业/主题 ETF 动量为正，持有该 ETF
mom_4m,84,weekly,2025-10-24,512400,有色金属ETF南方,sector,有色金属,0.585820895522388,512400,0.585820895522388,511010,-0.00043899419951931584,最佳行业/主题 ETF 动量为正，持有该 ETF
mom_4m,84,weekly,2025-10-31,512400,有色金属ETF南方,sector,有色金属,0.5529830810329475,512400,0.5529830810329475,511010,0.0035619454698530006,最佳行业/主题 ETF 动量为正，持有该 ETF
mom_4m,84,weekly,2025-11-07,515790,光伏ETF华泰柏瑞,sector,光伏,0.5720524017467248,515790,0.5720524017467248,511010,0.001991573558805193,最佳行业/主题 ETF 动量为正，持有该 ETF
mom_4m,84,weekly,2025-11-14,515030,新能源车ETF华夏,sector,新能源车,0.5294117647058822,515030,0.5294117647058822,511010,0.003875438508028184,最佳行业/主题 ETF 动量为正，持有该 ETF
mom_4m,84,weekly,2025-11-21,512400,有色金属ETF南方,sector,有色金属,0.40545144804088595,512400,0.40545144804088595,511010,0.003657834101382651,最佳行业/主题 ETF 动量为正，持有该 ETF
mom_4m,84,weekly,2025-11-28,512400,有色金属ETF南方,sector,有色金属,0.3385703063629224,512400,0.3385703063629224,511010,0.006306482023275439,最佳行业/主题 ETF 动量为正，持有该 ETF
mom_4m,84,weekly,2025-12-05,512400,有色金属ETF南方,sector,有色金属,0.48304383788254746,512400,0.48304383788254746,511010,0.0044141512495943225,最佳行业/主题 ETF 动量为正，持有该 ETF
mom_4m,84,weekly,2025-12-12,512400,有色金属ETF南方,sector,有色金属,0.38065522620904835,512400,0.38065522620904835,511010,0.0040552610349200435,最佳行业/主题 ETF 动量为正，持有该 ETF
mom_4m,84,weekly,2025-12-19,512400,有色金属ETF南方,sector,有色金属,0.357625845229151,512400,0.357625845229151,511010,0.006432584067094904,最佳行业/主题 ETF 动量为正，持有该 ETF
mom_4m,84,weekly,2025-12-26,512400,有色金属ETF南方,sector,有色金属,0.41906873614190676,512400,0.41906873614190676,511010,0.009895550977628398,最佳行业/主题 ETF 动量为正，持有该 ETF
mom_4m,84,weekly,2025-12-31,512400,有色金属ETF南方,sector,有色金属,0.37446504992867347,512400,0.37446504992867347,511010,0.007342536171195846,最佳行业/主题 ETF 动量为正，持有该 ETF
mom_4m,84,weekly,2026-01-09,512400,有色金属ETF南方,sector,有色金属,0.4044265593561367,512400,0.4044265593561367,511010,0.0042962386286637955,最佳行业/主题 ETF 动量为正，持有该 ETF
mom_4m,84,weekly,2026-01-16,512400,有色金属ETF南方,sector,有色金属,0.46464646464646453,512400,0.46464646464646453,511260,0.00903562119895751,最佳行业/主题 ETF 动量为正，持有该 ETF
mom_4m,84,weekly,2026-01-23,512400,有色金属ETF南方,sector,有色金属,0.510540184453228,512400,0.510540184453228,511260,0.006796890272326772,最佳行业/主题 ETF 动量为正，持有该 ETF
mom_4m,84,weekly,2026-01-30,512400,有色金属ETF南方,sector,有色金属,0.5562208915502329,512400,0.5562208915502329,511260,0.012975438808495277,最佳行业/主题 ETF 动量为正，持有该 ETF
mom_4m,84,weekly,2026-02-06,512400,有色金属ETF南方,sector,有色金属,0.19810795770728995,512400,0.19810795770728995,511260,0.011107766405779707,最佳行业/主题 ETF 动量为正，持有该 ETF
mom_4m,84,weekly,2026-02-13,512400,有色金属ETF南方,sector,有色金属,0.2869718309859155,512400,0.2869718309859155,511260,0.010337061782148327,最佳行业/主题 ETF 动量为正，持有该 ETF
mom_4m,84,weekly,2026-02-27,512400,有色金属ETF南方,sector,有色金属,0.45883777239709467,512400,0.45883777239709467,511260,0.008619783454220764,最佳行业/主题 ETF 动量为正，持有该 ETF
mom_4m,84,weekly,2026-03-06,512400,有色金属ETF南方,sector,有色金属,0.2919501133786848,512400,0.2919501133786848,511260,0.007944292613530024,最佳行业/主题 ETF 动量为正，持有该 ETF
mom_4m,84,weekly,2026-03-13,512400,有色金属ETF南方,sector,有色金属,0.3100358422939069,512400,0.3100358422939069,511010,0.005746054519368604,最佳行业/主题 ETF 动量为正，持有该 ETF
mom_4m,84,weekly,2026-03-20,512660,军工ETF国泰,sector,军工,0.13247863247863245,512660,0.13247863247863245,511010,0.006081730424430276,最佳行业/主题 ETF 动量为正，持有该 ETF
mom_4m,84,weekly,2026-03-27,512400,有色金属ETF南方,sector,有色金属,0.12914285714285723,512400,0.12914285714285723,511010,0.007341069083550478,最佳行业/主题 ETF 动量为正，持有该 ETF
mom_4m,84,weekly,2026-04-03,512400,有色金属ETF南方,sector,有色金属,0.17741935483870974,512400,0.17741935483870974,511260,0.008918324945057288,最佳行业/主题 ETF 动量为正，持有该 ETF
mom_4m,84,weekly,2026-04-10,512400,有色金属ETF南方,sector,有色金属,0.21086077411900628,512400,0.21086077411900628,511260,0.009302848575712064,最佳行业/主题 ETF 动量为正，持有该 ETF
mom_4m,84,weekly,2026-04-17,512400,有色金属ETF南方,sector,有色金属,0.24112256586483372,512400,0.24112256586483372,511260,0.012758943622401153,最佳行业/主题 ETF 动量为正，持有该 ETF
mom_4m,84,weekly,2026-04-24,512400,有色金属ETF南方,sector,有色金属,0.23498542274052459,512400,0.23498542274052459,511260,0.01475366777982079,最佳行业/主题 ETF 动量为正，持有该 ETF
mom_4m,84,weekly,2026-04-30,512480,半导体ETF国联安,sector,半导体,0.26532033426183843,512480,0.26532033426183843,511260,0.013576831672776457,最佳行业/主题 ETF 动量为正，持有该 ETF
mom_4m,84,weekly,2026-05-08,512480,半导体ETF国联安,sector,半导体,0.29299796057104,512480,0.29299796057104,511260,0.011251421389670169,最佳行业/主题 ETF 动量为正，持有该 ETF
mom_4m,84,weekly,2026-05-15,512480,半导体ETF国联安,sector,半导体,0.33006535947712434,512480,0.33006535947712434,511260,0.017599495010219846,最佳行业/主题 ETF 动量为正，持有该 ETF
mom_4m,84,weekly,2026-05-22,512480,半导体ETF国联安,sector,半导体,0.32989064398541923,512480,0.32989064398541923,511260,0.017064308343718526,最佳行业/主题 ETF 动量为正，持有该 ETF
mom_4m,84,weekly,2026-05-29,512480,半导体ETF国联安,sector,半导体,0.2750885478158207,512480,0.2750885478158207,511260,0.018062053220554652,最佳行业/主题 ETF 动量为正，持有该 ETF
mom_4m,84,weekly,2026-06-05,515220,煤炭ETF国泰,sector,煤炭,0.26702997275204354,515220,0.26702997275204354,511260,0.015735688212416887,最佳行业/主题 ETF 动量为正，持有该 ETF
mom_4m,84,weekly,2026-06-12,512480,半导体ETF国联安,sector,半导体,0.3016069221260813,512480,0.3016069221260813,511260,0.010832854938156666,最佳行业/主题 ETF 动量为正，持有该 ETF
mom_4m,84,weekly,2026-06-18,512480,半导体ETF国联安,sector,半导体,0.5732403297400126,512480,0.5732403297400126,511260,0.012117062133436551,最佳行业/主题 ETF 动量为正，持有该 ETF
mom_4m,84,biweekly,2015-01-16,CASH,空仓,cash,现金,0.0,,,,,行业和防守资产均无正动量，空仓
mom_4m,84,biweekly,2015-01-30,CASH,空仓,cash,现金,0.0,,,,,行业和防守资产均无正动量，空仓
mom_4m,84,biweekly,2015-02-13,CASH,空仓,cash,现金,0.0,,,,,行业和防守资产均无正动量，空仓
mom_4m,84,biweekly,2015-02-27,CASH,空仓,cash,现金,0.0,,,,,行业和防守资产均无正动量，空仓
mom_4m,84,biweekly,2015-03-13,CASH,空仓,cash,现金,0.0,,,,,行业和防守资产均无正动量，空仓
mom_4m,84,biweekly,2015-03-27,CASH,空仓,cash,现金,0.0,,,,,行业和防守资产均无正动量，空仓
mom_4m,84,biweekly,2015-04-10,CASH,空仓,cash,现金,0.0,,,,,行业和防守资产均无正动量，空仓
mom_4m,84,biweekly,2015-04-24,CASH,空仓,cash,现金,0.0,,,,,行业和防守资产均无正动量，空仓
mom_4m,84,biweekly,2015-05-08,CASH,空仓,cash,现金,0.0,,,,,行业和防守资产均无正动量，空仓
mom_4m,84,biweekly,2015-05-22,159928,消费ETF汇添富,sector,消费,0.48972602739726034,159928,0.48972602739726034,511010,0.02359849872748354,最佳行业/主题 ETF 动量为正，持有该 ETF
mom_4m,84,biweekly,2015-06-05,159928,消费ETF汇添富,sector,消费,0.5856164383561646,159928,0.5856164383561646,511010,0.01335123954790074,最佳行业/主题 ETF 动量为正，持有该 ETF
mom_4m,84,biweekly,2015-06-19,159928,消费ETF汇添富,sector,消费,0.453924914675768,159928,0.453924914675768,511010,-0.005577271889579571,最佳行业/主题 ETF 动量为正，持有该 ETF
mom_4m,84,biweekly,2015-07-03,512010,医药ETF易方达,sector,医药,0.15384615384615374,512010,0.15384615384615374,511010,-0.005138236066913882,最佳行业/主题 ETF 动量为正，持有该 ETF
mom_4m,84,biweekly,2015-07-17,512010,医药ETF易方达,sector,医药,0.19512195121951237,512010,0.19512195121951237,511010,0.022919144455926244,最佳行业/主题 ETF 动量为正，持有该 ETF
mom_4m,84,biweekly,2015-07-31,512010,医药ETF易方达,sector,医药,0.05573770491803276,512010,0.05573770491803276,511010,0.027137002054195447,最佳行业/主题 ETF 动量为正，持有该 ETF
mom_4m,84,biweekly,2015-08-14,159928,消费ETF汇添富,sector,消费,0.02604166666666674,159928,0.02604166666666674,511010,0.020083608618119086,最佳行业/主题 ETF 动量为正，持有该 ETF
mom_4m,84,biweekly,2015-08-28,511010,国债ETF国泰,defensive,国债,0.012573150240454245,512010,-0.14071856287425166,511010,0.012573150240454245,最佳行业/主题 ETF 动量为负或不可用，切换到正动量防守资产
mom_4m,84,biweekly,2015-09-11,511010,国债ETF国泰,defensive,国债,0.010458552428085355,512010,-0.1598837209302325,511010,0.010458552428085355,最佳行业/主题 ETF 动量为负或不可用，切换到正动量防守资产
mom_4m,84,biweekly,2015-09-25,511010,国债ETF国泰,defensive,国债,0.013290710064903566,512010,-0.30279898218829515,511010,0.013290710064903566,最佳行业/主题 ETF 动量为负或不可用，切换到正动量防守资产
mom_4m,84,biweekly,2015-10-09,511010,国债ETF国泰,defensive,国债,0.022007598208299672,512010,-0.28784119106699757,511010,0.022007598208299672,最佳行业/主题 ETF 动量为负或不可用，切换到正动量防守资产
mom_4m,84,biweekly,2015-10-23,511010,国债ETF国泰,defensive,国债,0.03408091898333576,512010,-0.20256410256410262,511010,0.03408091898333576,最佳行业/主题 ETF 动量为负或不可用，切换到正动量防守资产
mom_4m,84,biweekly,2015-11-06,511010,国债ETF国泰,defensive,国债,0.03327557343828014,512010,-0.05373134328358209,511010,0.03327557343828014,最佳行业/主题 ETF 动量为负或不可用，切换到正动量防守资产
mom_4m,84,biweekly,2015-11-20,511010,国债ETF国泰,defensive,国债,0.010774869511820606,159928,-0.04109589041095896,511010,0.010774869511820606,最佳行业/主题 ETF 动量为负或不可用，切换到正动量防守资产
mom_4m,84,biweekly,2015-12-04,511010,国债ETF国泰,defensive,国债,0.012907543742231464,512010,-0.01552795031055898,511010,0.012907543742231464,最佳行业/主题 ETF 动量为负或不可用，切换到正动量防守资产
mom_4m,84,biweekly,2015-12-18,511010,国债ETF国泰,defensive,国债,0.016155520757743735,512010,-0.035820895522388096,511010,0.016155520757743735,最佳行业/主题 ETF 动量为负或不可用，切换到正动量防守资产
mom_4m,84,biweekly,2015-12-31,512010,医药ETF易方达,sector,医药,0.23880597014925375,512010,0.23880597014925375,511010,0.026287060445874477,最佳行业/主题 ETF 动量为正，持有该 ETF
mom_4m,84,biweekly,2016-01-15,511010,国债ETF国泰,defensive,国债,0.029405575006217877,159928,-0.006249999999999978,511010,0.029405575006217877,最佳行业/主题 ETF 动量为负或不可用，切换到正动量防守资产
mom_4m,84,biweekly,2016-01-29,512010,医药ETF易方达,sector,医药,0.014598540145985384,512010,0.014598540145985384,511010,0.02416779793885393,最佳行业/主题 ETF 动量为正，持有该 ETF
mom_4m,84,biweekly,2016-02-19,511010,国债ETF国泰,defensive,国债,0.020153787734953355,512010,-0.06756756756756743,511010,0.020153787734953355,最佳行业/主题 ETF 动量为负或不可用，切换到正动量防守资产
mom_4m,84,biweekly,2016-03-04,511010,国债ETF国泰,defensive,国债,0.015358667282269645,159928,-0.10089020771513357,511010,0.015358667282269645,最佳行业/主题 ETF 动量为负或不可用，切换到正动量防守资产
mom_4m,84,biweekly,2016-03-18,511010,国债ETF国泰,defensive,国债,0.02673578474655125,159928,-0.09565217391304337,511010,0.02673578474655125,最佳行业/主题 ETF 动量为负或不可用，切换到正动量防守资产
mom_4m,84,biweekly,2016-04-01,511010,国债ETF国泰,defensive,国债,0.031191203305378945,159928,-0.03293413173652693,511010,0.031191203305378945,最佳行业/主题 ETF 动量为负或不可用，切换到正动量防守资产
mom_4m,84,biweekly,2016-04-15,511010,国债ETF国泰,defensive,国债,0.02250167324968655,159928,-0.061403508771929904,511010,0.02250167324968655,最佳行业/主题 ETF 动量为负或不可用，切换到正动量防守资产
mom_4m,84,biweekly,2016-04-29,511010,国债ETF国泰,defensive,国债,0.00973151852821319,159928,-0.13043478260869557,511010,0.00973151852821319,最佳行业/主题 ETF 动量为负或不可用，切换到正动量防守资产
mom_4m,84,biweekly,2016-05-13,511010,国债ETF国泰,defensive,国债,0.01602207360987684,159928,-0.03746397694524484,511010,0.01602207360987684,最佳行业/主题 ETF 动量为负或不可用，切换到正动量防守资产
mom_4m,84,biweekly,2016-05-27,159928,消费ETF汇添富,sector,消费,0.065359477124183,159928,0.065359477124183,511010,0.007438024222451878,最佳行业/主题 ETF 动量为正，持有该 ETF
mom_4m,84,biweekly,2016-06-08,159928,消费ETF汇添富,sector,消费,0.1266666666666667,159928,0.1266666666666667,511010,0.010344215921503475,最佳行业/主题 ETF 动量为正，持有该 ETF
mom_4m,84,biweekly,2016-06-24,159928,消费ETF汇添富,sector,消费,0.10197368421052633,159928,0.10197368421052633,511010,0.011402423712577159,最佳行业/主题 ETF 动量为正，持有该 ETF
mom_4m,84,biweekly,2016-07-08,159928,消费ETF汇添富,sector,消费,0.18811881188118806,159928,0.18811881188118806,511010,0.014636410042229375,最佳行业/主题 ETF 动量为正，持有该 ETF
mom_4m,84,biweekly,2016-07-22,159928,消费ETF汇添富,sector,消费,0.15238095238095228,159928,0.15238095238095228,511010,0.0130369658080145,最佳行业/主题 ETF 动量为正，持有该 ETF
mom_4m,84,biweekly,2016-08-05,159928,消费ETF汇添富,sector,消费,0.11620795107033621,159928,0.11620795107033621,511010,0.010171296381295214,最佳行业/主题 ETF 动量为正，持有该 ETF
mom_4m,84,biweekly,2016-08-19,512010,医药ETF易方达,sector,医药,0.15467625899280568,512010,0.15467625899280568,511010,0.01583174278258781,最佳行业/主题 ETF 动量为正，持有该 ETF
mom_4m,84,biweekly,2016-09-02,512010,医药ETF易方达,sector,医药,0.12237762237762251,512010,0.12237762237762251,511010,0.01709101334541785,最佳行业/主题 ETF 动量为正，持有该 ETF
mom_4m,84,biweekly,2016-09-14,512010,医药ETF易方达,sector,医药,0.12056737588652489,512010,0.12056737588652489,511010,0.01605640041340628,最佳行业/主题 ETF 动量为正，持有该 ETF
mom_4m,84,biweekly,2016-09-30,512010,医药ETF易方达,sector,医药,0.13427561837455837,512010,0.13427561837455837,511010,0.020939795776925507,最佳行业/主题 ETF 动量为正，持有该 ETF
mom_4m,84,biweekly,2016-10-21,512010,医药ETF易方达,sector,医药,0.15845070422535223,512010,0.15845070422535223,511010,0.023824665210458784,最佳行业/主题 ETF 动量为正，持有该 ETF
mom_4m,84,biweekly,2016-11-04,512010,医药ETF易方达,sector,医药,0.11604095563139949,512010,0.11604095563139949,511010,0.01884591717715356,最佳行业/主题 ETF 动量为正，持有该 ETF
mom_4m,84,biweekly,2016-11-18,512010,医药ETF易方达,sector,医药,0.06109324758842449,512010,0.06109324758842449,511010,0.005585313372705292,最佳行业/主题 ETF 动量为正，持有该 ETF
mom_4m,84,biweekly,2016-12-02,512010,医药ETF易方达,sector,医药,0.0543130990415337,512010,0.0543130990415337,511010,-0.005862990216192077,最佳行业/主题 ETF 动量为正，持有该 ETF
mom_4m,84,biweekly,2016-12-16,512010,医药ETF易方达,sector,医药,0.028481012658227778,512010,0.028481012658227778,511010,-0.04000579794173065,最佳行业/主题 ETF 动量为正，持有该 ETF
mom_4m,84,biweekly,2016-12-30,512010,医药ETF易方达,sector,医药,0.028124999999999956,512010,0.028124999999999956,511010,-0.01783555292941219,最佳行业/主题 ETF 动量为正，持有该 ETF
mom_4m,84,biweekly,2017-01-13,159928,消费ETF汇添富,sector,消费,0.019283746556473913,159928,0.019283746556473913,511010,-0.016399708773207067,最佳行业/主题 ETF 动量为正，持有该 ETF
mom_4m,84,biweekly,2017-01-26,159928,消费ETF汇添富,sector,消费,0.050561797752809,159928,0.050561797752809,511010,-0.017917112930455503,最佳行业/主题 ETF 动量为正，持有该 ETF
mom_4m,84,biweekly,2017-02-10,512660,军工ETF国泰,sector,军工,0.06694129763130796,512660,0.06694129763130796,511010,-0.025868701405671435,最佳行业/主题 ETF 动量为正，持有该 ETF
mom_4m,84,biweekly,2017-02-24,159928,消费ETF汇添富,sector,消费,0.10084033613445387,159928,0.10084033613445387,511010,-0.025547773796878004,最佳行业/主题 ETF 动量为正，持有该 ETF
mom_4m,84,biweekly,2017-03-10,159928,消费ETF汇添富,sector,消费,0.06267029972752058,159928,0.06267029972752058,511010,-0.027142020101861397,最佳行业/主题 ETF 动量为正，持有该 ETF
mom_4m,84,biweekly,2017-03-24,159928,消费ETF汇添富,sector,消费,0.11748633879781423,159928,0.11748633879781423,511010,-0.013366719781470526,最佳行业/主题 ETF 动量为正，持有该 ETF
mom_4m,84,biweekly,2017-04-07,512010,医药ETF易方达,sector,医药,0.10510510510510507,512010,0.10510510510510507,511010,-0.006907116256031132,最佳行业/主题 ETF 动量为正，持有该 ETF
mom_4m,84,biweekly,2017-04-21,512010,医药ETF易方达,sector,医药,0.11764705882352944,512010,0.11764705882352944,511010,0.0022728542951357955,最佳行业/主题 ETF 动量为正，持有该 ETF
mom_4m,84,biweekly,2017-05-05,159928,消费ETF汇添富,sector,消费,0.09917355371900838,159928,0.09917355371900838,511010,-0.00487327618337674,最佳行业/主题 ETF 动量为正，持有该 ETF
mom_4m,84,biweekly,2017-05-19,512010,医药ETF易方达,sector,医药,0.09696969696969693,512010,0.09696969696969693,511010,-0.01872499629574742,最佳行业/主题 ETF 动量为正，持有该 ETF
mom_4m,84,biweekly,2017-06-02,512010,医药ETF易方达,sector,医药,0.1257668711656441,512010,0.1257668711656441,511010,-0.013090815225908714,最佳行业/主题 ETF 动量为正，持有该 ETF
mom_4m,84,biweekly,2017-06-16,512010,医药ETF易方达,sector,医药,0.15454545454545454,512010,0.15454545454545454,511010,-0.003816297726935036,最佳行业/主题 ETF 动量为正，持有该 ETF
mom_4m,84,biweekly,2017-06-30,159928,消费ETF汇添富,sector,消费,0.14833759590792828,159928,0.14833759590792828,511010,-0.011852015950376549,最佳行业/主题 ETF 动量为正，持有该 ETF
mom_4m,84,biweekly,2017-07-14,512010,医药ETF易方达,sector,医药,0.10479041916167664,512010,0.10479041916167664,511010,-0.006207030923817802,最佳行业/主题 ETF 动量为正，持有该 ETF
mom_4m,84,biweekly,2017-07-28,159928,消费ETF汇添富,sector,消费,0.08252427184466038,159928,0.08252427184466038,511010,-0.013033492293359594,最佳行业/主题 ETF 动量为正，持有该 ETF
mom_4m,84,biweekly,2017-08-11,159928,消费ETF汇添富,sector,消费,0.11576354679802958,159928,0.11576354679802958,511010,-0.00955434611866246,最佳行业/主题 ETF 动量为正，持有该 ETF
mom_4m,84,biweekly,2017-08-25,159928,消费ETF汇添富,sector,消费,0.13625304136253047,159928,0.13625304136253047,511010,-0.0006051747092833404,最佳行业/主题 ETF 动量为正，持有该 ETF
mom_4m,84,biweekly,2017-09-08,159928,消费ETF汇添富,sector,消费,0.18527918781725883,159928,0.18527918781725883,511010,0.01135807580833359,最佳行业/主题 ETF 动量为正，持有该 ETF
mom_4m,84,biweekly,2017-09-22,159928,消费ETF汇添富,sector,消费,0.2038834951456312,159928,0.2038834951456312,511010,0.006458638428898711,最佳行业/主题 ETF 动量为正，持有该 ETF
mom_4m,84,biweekly,2017-10-13,159928,消费ETF汇添富,sector,消费,0.22706422018348627,159928,0.22706422018348627,511010,3.732144023427253e-05,最佳行业/主题 ETF 动量为正，持有该 ETF
mom_4m,84,biweekly,2017-10-27,159928,消费ETF汇添富,sector,消费,0.27865168539325835,159928,0.27865168539325835,511010,-0.0050830069016974955,最佳行业/主题 ETF 动量为正，持有该 ETF
mom_4m,84,biweekly,2017-11-10,159928,消费ETF汇添富,sector,消费,0.2986425339366514,159928,0.2986425339366514,511010,-0.00314421399315179,最佳行业/主题 ETF 动量为正，持有该 ETF
mom_4m,84,biweekly,2017-11-24,159928,消费ETF汇添富,sector,消费,0.2299107142857144,159928,0.2299107142857144,511010,-0.007176832288269486,最佳行业/主题 ETF 动量为正，持有该 ETF
mom_4m,84,biweekly,2017-12-08,159928,消费ETF汇添富,sector,消费,0.20444444444444443,159928,0.20444444444444443,511010,-0.004645825753547328,最佳行业/主题 ETF 动量为正，持有该 ETF
mom_4m,84,biweekly,2017-12-22,159928,消费ETF汇添富,sector,消费,0.24472573839662437,159928,0.24472573839662437,511010,-0.003543189616589726,最佳行业/主题 ETF 动量为正，持有该 ETF
mom_4m,84,biweekly,2018-01-05,159928,消费ETF汇添富,sector,消费,0.2927350427350426,159928,0.2927350427350426,511010,-0.0033372174318341274,最佳行业/主题 ETF 动量为正，持有该 ETF
mom_4m,84,biweekly,2018-01-19,159928,消费ETF汇添富,sector,消费,0.3052631578947369,159928,0.3052631578947369,511010,-0.00496210922226159,最佳行业/主题 ETF 动量为正，持有该 ETF
mom_4m,84,biweekly,2018-02-02,159928,消费ETF汇添富,sector,消费,0.20198019801980194,159928,0.20198019801980194,511010,0.00046644401738893393,最佳行业/主题 ETF 动量为正，持有该 ETF
mom_4m,84,biweekly,2018-02-14,159928,消费ETF汇添富,sector,消费,0.09315589353612164,159928,0.09315589353612164,511010,0.008453338320553616,最佳行业/主题 ETF 动量为正，持有该 ETF
mom_4m,84,biweekly,2018-03-02,512800,银行ETF华宝,sector,银行,0.03960396039603964,512800,0.03960396039603964,511010,0.015233184907429198,最佳行业/主题 ETF 动量为正，持有该 ETF
mom_4m,84,biweekly,2018-03-16,512800,银行ETF华宝,sector,银行,0.042338709677419484,512800,0.042338709677419484,511010,0.01212047471079325,最佳行业/主题 ETF 动量为正，持有该 ETF
mom_4m,84,biweekly,2018-03-30,512010,医药ETF易方达,sector,医药,0.14143920595533488,512010,0.14143920595533488,511010,0.021592010767768288,最佳行业/主题 ETF 动量为正，持有该 ETF
mom_4m,84,biweekly,2018-04-13,512010,医药ETF易方达,sector,医药,0.1335012594458438,512010,0.1335012594458438,511010,0.02721024385651072,最佳行业/主题 ETF 动量为正，持有该 ETF
mom_4m,84,biweekly,2018-04-27,512010,医药ETF易方达,sector,医药,0.12469437652811743,512010,0.12469437652811743,511260,0.03620678798564314,最佳行业/主题 ETF 动量为正，持有该 ETF
mom_4m,84,biweekly,2018-05-11,512010,医药ETF易方达,sector,医药,0.18004866180048662,512010,0.18004866180048662,511260,0.02622304271209197,最佳行业/主题 ETF 动量为正，持有该 ETF
mom_4m,84,biweekly,2018-05-25,512010,医药ETF易方达,sector,医药,0.22222222222222232,512010,0.22222222222222232,511260,0.03391757460918998,最佳行业/主题 ETF 动量为正，持有该 ETF
mom_4m,84,biweekly,2018-06-08,512010,医药ETF易方达,sector,医药,0.23501199040767395,512010,0.23501199040767395,511260,0.03419055338589638,最佳行业/主题 ETF 动量为正，持有该 ETF
mom_4m,84,biweekly,2018-06-22,512010,医药ETF易方达,sector,医药,0.2556962025316456,512010,0.2556962025316456,511260,0.03708052459978828,最佳行业/主题 ETF 动量为正，持有该 ETF
mom_4m,84,biweekly,2018-07-06,512010,医药ETF易方达,sector,医药,0.12621359223300987,512010,0.12621359223300987,511260,0.03424437132150682,最佳行业/主题 ETF 动量为正，持有该 ETF
mom_4m,84,biweekly,2018-07-20,512010,医药ETF易方达,sector,医药,0.0864745011086474,512010,0.0864745011086474,511260,0.04080742632857781,最佳行业/主题 ETF 动量为正，持有该 ETF
mom_4m,84,biweekly,2018-08-03,511260,十年国债ETF国泰,defensive,十年国债,0.036437748310200746,159928,-0.014897579143389184,511260,0.036437748310200746,最佳行业/主题 ETF 动量为负或不可用，切换到正动量防守资产
mom_4m,84,biweekly,2018-08-17,511010,国债ETF国泰,defensive,国债,0.0012748365477426304,512010,-0.05681818181818188,511010,0.0012748365477426304,最佳行业/主题 ETF 动量为负或不可用，切换到正动量防守资产
mom_4m,84,biweekly,2018-08-31,511260,十年国债ETF国泰,defensive,十年国债,0.014147393258884033,512800,-0.03312629399585909,511260,0.014147393258884033,最佳行业/主题 ETF 动量为负或不可用，切换到正动量防守资产
mom_4m,84,biweekly,2018-09-14,511260,十年国债ETF国泰,defensive,十年国债,0.014119669313251926,512800,-0.06464646464646462,511260,0.014119669313251926,最佳行业/主题 ETF 动量为负或不可用，切换到正动量防守资产
mom_4m,84,biweekly,2018-09-28,512800,银行ETF华宝,sector,银行,0.037815126050420256,512800,0.037815126050420256,511010,0.014423647840106746,最佳行业/主题 ETF 动量为正，持有该 ETF
mom_4m,84,biweekly,2018-10-19,512800,银行ETF华宝,sector,银行,0.01927194860813697,512800,0.01927194860813697,511010,0.022079856700267797,最佳行业/主题 ETF 动量为正，持有该 ETF
mom_4m,84,biweekly,2018-11-02,512800,银行ETF华宝,sector,银行,0.12415349887133176,512800,0.12415349887133176,511260,0.012281549488604382,最佳行业/主题 ETF 动量为正，持有该 ETF
mom_4m,84,biweekly,2018-11-16,512880,证券ETF国泰,sector,证券,0.09607577807848444,512880,0.09607577807848444,511010,0.024042387182232172,最佳行业/主题 ETF 动量为正，持有该 ETF
mom_4m,84,biweekly,2018-11-30,512880,证券ETF国泰,sector,证券,0.019893899204244114,512880,0.019893899204244114,511260,0.019421756777070698,最佳行业/主题 ETF 动量为正，持有该 ETF
mom_4m,84,biweekly,2018-12-14,512880,证券ETF国泰,sector,证券,0.03867403314917128,512880,0.03867403314917128,511260,0.020761487790005972,最佳行业/主题 ETF 动量为正，持有该 ETF
mom_4m,84,biweekly,2018-12-28,511260,十年国债ETF国泰,defensive,十年国债,0.04164775420865219,512880,-0.011034482758620734,511260,0.04164775420865219,最佳行业/主题 ETF 动量为负或不可用，切换到正动量防守资产
mom_4m,84,biweekly,2019-01-11,512880,证券ETF国泰,sector,证券,0.0941011235955056,512880,0.0941011235955056,511260,0.039060300092521594,最佳行业/主题 ETF 动量为正，持有该 ETF
mom_4m,84,biweekly,2019-01-25,512880,证券ETF国泰,sector,证券,0.09636871508379907,512880,0.09636871508379907,511260,0.03972649641504877,最佳行业/主题 ETF 动量为正，持有该 ETF
mom_4m,84,biweekly,2019-02-15,512880,证券ETF国泰,sector,证券,0.26348228043143296,512880,0.26348228043143296,511260,0.041493360060135265,最佳行业/主题 ETF 动量为正，持有该 ETF
mom_4m,84,biweekly,2019-03-01,512880,证券ETF国泰,sector,证券,0.3840000000000001,512880,0.3840000000000001,511260,0.027825133343302833,最佳行业/主题 ETF 动量为正，持有该 ETF
mom_4m,84,biweekly,2019-03-15,512880,证券ETF国泰,sector,证券,0.38306451612903225,512880,0.38306451612903225,511260,0.02468427095292758,最佳行业/主题 ETF 动量为正，持有该 ETF
mom_4m,84,biweekly,2019-03-29,159928,消费ETF汇添富,sector,消费,0.43805309734513265,159928,0.43805309734513265,511260,0.02166781259208328,最佳行业/主题 ETF 动量为正，持有该 ETF
mom_4m,84,biweekly,2019-04-12,159928,消费ETF汇添富,sector,消费,0.40756302521008414,159928,0.40756302521008414,511010,0.005498159890036769,最佳行业/主题 ETF 动量为正，持有该 ETF
mom_4m,84,biweekly,2019-04-26,159928,消费ETF汇添富,sector,消费,0.4988962472406182,159928,0.4988962472406182,511010,0.00010589574563835136,最佳行业/主题 ETF 动量为正，持有该 ETF
mom_4m,84,biweekly,2019-05-10,159928,消费ETF汇添富,sector,消费,0.48017621145374445,159928,0.48017621145374445,511010,-0.0018258907801294022,最佳行业/主题 ETF 动量为正，持有该 ETF
mom_4m,84,biweekly,2019-05-24,159928,消费ETF汇添富,sector,消费,0.38284518828451897,159928,0.38284518828451897,511010,0.0013792739923392805,最佳行业/主题 ETF 动量为正，持有该 ETF
mom_4m,84,biweekly,2019-06-06,159928,消费ETF汇添富,sector,消费,0.33808553971486766,159928,0.33808553971486766,511010,0.004340109996310071,最佳行业/主题 ETF 动量为正，持有该 ETF
mom_4m,84,biweekly,2019-06-21,159928,消费ETF汇添富,sector,消费,0.30091743119266035,159928,0.30091743119266035,511010,0.0023104592037666016,最佳行业/主题 ETF 动量为正，持有该 ETF
mom_4m,84,biweekly,2019-07-05,159928,消费ETF汇添富,sector,消费,0.26109215017064846,159928,0.26109215017064846,511010,0.010238637663057437,最佳行业/主题 ETF 动量为正，持有该 ETF
mom_4m,84,biweekly,2019-07-19,159928,消费ETF汇添富,sector,消费,0.1507936507936507,159928,0.1507936507936507,511010,0.01129516085047988,最佳行业/主题 ETF 动量为正，持有该 ETF
mom_4m,84,biweekly,2019-08-02,159928,消费ETF汇添富,sector,消费,0.06092124814264466,159928,0.06092124814264466,511010,0.010529268912793821,最佳行业/主题 ETF 动量为正，持有该 ETF
mom_4m,84,biweekly,2019-08-16,159928,消费ETF汇添富,sector,消费,0.061855670103092564,159928,0.061855670103092564,511260,0.037442509532607415,最佳行业/主题 ETF 动量为正，持有该 ETF
mom_4m,84,biweekly,2019-08-30,159928,消费ETF汇添富,sector,消费,0.1069364161849713,159928,0.1069364161849713,511260,0.03299258329082133,最佳行业/主题 ETF 动量为正，持有该 ETF
mom_4m,84,biweekly,2019-09-12,512690,酒ETF鹏华,sector,白酒/酒,0.21084337349397586,512690,0.21084337349397586,511260,0.02066869891074319,最佳行业/主题 ETF 动量为正，持有该 ETF
mom_4m,84,biweekly,2019-09-27,512690,酒ETF鹏华,sector,白酒/酒,0.6029411764705881,512690,0.6029411764705881,511260,0.015520289038674528,最佳行业/主题 ETF 动量为正，持有该 ETF
mom_4m,84,biweekly,2019-10-11,512690,酒ETF鹏华,sector,白酒/酒,0.962962962962963,512690,0.962962962962963,511010,0.011476958605969312,最佳行业/主题 ETF 动量为正，持有该 ETF
mom_4m,84,biweekly,2019-10-25,512690,酒ETF鹏华,sector,白酒/酒,0.2547770700636942,512690,0.2547770700636942,511010,0.00883634426816382,最佳行业/主题 ETF 动量为正，持有该 ETF
mom_4m,84,biweekly,2019-11-08,512170,医疗ETF华宝,sector,医疗,0.22562674094707535,512170,0.22562674094707535,511010,0.004806227198718371,最佳行业/主题 ETF 动量为正，持有该 ETF
mom_4m,84,biweekly,2019-11-22,512690,酒ETF鹏华,sector,白酒/酒,0.23497267759562845,512690,0.23497267759562845,511010,0.009011751811483837,最佳行业/主题 ETF 动量为正，持有该 ETF
mom_4m,84,biweekly,2019-12-06,512690,酒ETF鹏华,sector,白酒/酒,0.4437500000000001,512690,0.4437500000000001,511010,0.008849250416435472,最佳行业/主题 ETF 动量为正，持有该 ETF
mom_4m,84,biweekly,2019-12-20,512480,半导体ETF国联安,sector,半导体,0.35741444866920147,512480,0.35741444866920147,511010,0.003922178450480374,最佳行业/主题 ETF 动量为正，持有该 ETF
mom_4m,84,biweekly,2020-01-03,512480,半导体ETF国联安,sector,半导体,0.3221238938053099,512480,0.3221238938053099,511010,0.008616364171150748,最佳行业/主题 ETF 动量为正，持有该 ETF
mom_4m,84,biweekly,2020-01-17,512690,酒ETF鹏华,sector,白酒/酒,0.3233830845771144,512690,0.3233830845771144,511010,0.013512460722107322,最佳行业/主题 ETF 动量为正，持有该 ETF
mom_4m,84,biweekly,2020-02-07,512480,半导体ETF国联安,sector,半导体,0.5114754098360657,512480,0.5114754098360657,511260,0.0334397034376015,最佳行业/主题 ETF 动量为正，持有该 ETF
mom_4m,84,biweekly,2020-02-21,512480,半导体ETF国联安,sector,半导体,0.940577249575552,512480,0.940577249575552,511260,0.031544445081512995,最佳行业/主题 ETF 动量为正，持有该 ETF
mom_4m,84,biweekly,2020-03-06,512480,半导体ETF国联安,sector,半导体,0.6280991735537191,512480,0.6280991735537191,511260,0.0567893859539248,最佳行业/主题 ETF 动量为正，持有该 ETF
mom_4m,84,biweekly,2020-03-20,512480,半导体ETF国联安,sector,半导体,0.42204724409448824,512480,0.42204724409448824,511260,0.04300992831678618,最佳行业/主题 ETF 动量为正，持有该 ETF
mom_4m,84,biweekly,2020-04-03,512480,半导体ETF国联安,sector,半导体,0.3887096774193548,512480,0.3887096774193548,511260,0.05091801369143667,最佳行业/主题 ETF 动量为正，持有该 ETF
mom_4m,84,biweekly,2020-04-17,512170,医疗ETF华宝,sector,医疗,0.2650602409638556,512170,0.2650602409638556,511260,0.05749208649555704,最佳行业/主题 ETF 动量为正，持有该 ETF
mom_4m,84,biweekly,2020-04-30,512480,半导体ETF国联安,sector,半导体,0.2812939521800282,512480,0.2812939521800282,511010,0.06067020911895771,最佳行业/主题 ETF 动量为正，持有该 ETF
mom_4m,84,biweekly,2020-05-15,512480,半导体ETF国联安,sector,半导体,0.3413014608233731,512480,0.3413014608233731,511010,0.05264961658741374,最佳行业/主题 ETF 动量为正，持有该 ETF
mom_4m,84,biweekly,2020-05-29,512170,医疗ETF华宝,sector,医疗,0.24175824175824157,512170,0.24175824175824157,511260,0.03568903594355355,最佳行业/主题 ETF 动量为正，持有该 ETF
mom_4m,84,biweekly,2020-06-12,512690,酒ETF鹏华,sector,白酒/酒,0.6829268292682926,512690,0.6829268292682926,511010,0.011507489534825055,最佳行业/主题 ETF 动量为正，持有该 ETF
mom_4m,84,biweekly,2020-06-24,512690,酒ETF鹏华,sector,白酒/酒,0.6266094420600858,512690,0.6266094420600858,511260,0.006568038018657241,最佳行业/主题 ETF 动量为正，持有该 ETF
mom_4m,84,biweekly,2020-07-10,512690,酒ETF鹏华,sector,白酒/酒,1.2260869565217392,512690,1.2260869565217392,511010,-0.007424830911404223,最佳行业/主题 ETF 动量为正，持有该 ETF
mom_4m,84,biweekly,2020-07-24,512690,酒ETF鹏华,sector,白酒/酒,2.1298701298701297,512690,2.1298701298701297,511010,0.005545053560176427,最佳行业/主题 ETF 动量为正，持有该 ETF
mom_4m,84,biweekly,2020-08-07,512690,酒ETF鹏华,sector,白酒/酒,1.5502645502645502,512690,1.5502645502645502,511010,-0.013249043862050724,最佳行业/主题 ETF 动量为正，持有该 ETF
mom_4m,84,biweekly,2020-08-21,512690,酒ETF鹏华,sector,白酒/酒,1.4772727272727275,512690,1.4772727272727275,511260,-0.02777501424475659,最佳行业/主题 ETF 动量为正，持有该 ETF
mom_4m,84,biweekly,2020-09-04,512690,酒ETF鹏华,sector,白酒/酒,1.41015625,512690,1.41015625,511260,-0.03123788224472679,最佳行业/主题 ETF 动量为正，持有该 ETF
mom_4m,84,biweekly,2020-09-18,512690,酒ETF鹏华,sector,白酒/酒,0.9435215946843853,512690,0.9435215946843853,511260,-0.025622872702518618,最佳行业/主题 ETF 动量为正，持有该 ETF
mom_4m,84,biweekly,2020-09-30,512690,酒ETF鹏华,sector,白酒/酒,0.7624999999999997,512690,0.7624999999999997,511260,-0.01717048690922074,最佳行业/主题 ETF 动量为正，持有该 ETF
mom_4m,84,biweekly,2020-10-16,512690,酒ETF鹏华,sector,白酒/酒,0.7344632768361583,512690,0.7344632768361583,511260,-0.017516786537702056,最佳行业/主题 ETF 动量为正，持有该 ETF
mom_4m,84,biweekly,2020-10-30,512690,酒ETF鹏华,sector,白酒/酒,0.7414248021108181,512690,0.7414248021108181,511010,-0.00785928771535449,最佳行业/主题 ETF 动量为正，持有该 ETF
mom_4m,84,biweekly,2020-11-13,512690,酒ETF鹏华,sector,白酒/酒,0.41796875,512690,0.41796875,511260,-0.001374152839448417,最佳行业/主题 ETF 动量为正，持有该 ETF
mom_4m,84,biweekly,2020-11-27,512690,酒ETF鹏华,sector,白酒/酒,0.5643153526970954,512690,0.5643153526970954,511010,-0.015515728788068728,最佳行业/主题 ETF 动量为正，持有该 ETF
mom_4m,84,biweekly,2020-12-11,512690,酒ETF鹏华,sector,白酒/酒,0.7178423236514522,512690,0.7178423236514522,511260,-0.0067350389238800545,最佳行业/主题 ETF 动量为正，持有该 ETF
mom_4m,84,biweekly,2020-12-25,512690,酒ETF鹏华,sector,白酒/酒,0.6422018348623852,512690,0.6422018348623852,511010,0.0008947488372486045,最佳行业/主题 ETF 动量为正，持有该 ETF
mom_4m,84,biweekly,2021-01-08,512690,酒ETF鹏华,sector,白酒/酒,0.6920684292379471,512690,0.6920684292379471,511010,0.006922790130151846,最佳行业/主题 ETF 动量为正，持有该 ETF
mom_4m,84,biweekly,2021-01-22,512690,酒ETF鹏华,sector,白酒/酒,0.7062937062937065,512690,0.7062937062937065,511010,0.009785316095362262,最佳行业/主题 ETF 动量为正，持有该 ETF
mom_4m,84,biweekly,2021-02-05,512690,酒ETF鹏华,sector,白酒/酒,0.8524305555555556,512690,0.8524305555555556,511010,0.007840674773222922,最佳行业/主题 ETF 动量为正，持有该 ETF
mom_4m,84,biweekly,2021-02-19,512690,酒ETF鹏华,sector,白酒/酒,0.8078175895765474,512690,0.8078175895765474,511010,0.00750392597937255,最佳行业/主题 ETF 动量为正，持有该 ETF
mom_4m,84,biweekly,2021-03-05,512400,有色金属ETF南方,sector,有色金属,0.4120734908136483,512400,0.4120734908136483,511010,0.008707782051823987,最佳行业/主题 ETF 动量为正，持有该 ETF
mom_4m,84,biweekly,2021-03-19,512400,有色金属ETF南方,sector,有色金属,0.21495327102803752,512400,0.21495327102803752,511010,0.009782110286500334,最佳行业/主题 ETF 动量为正，持有该 ETF
mom_4m,84,biweekly,2021-04-02,512690,酒ETF鹏华,sector,白酒/酒,0.2228116710875332,512690,0.2228116710875332,511010,0.013392402484978083,最佳行业/主题 ETF 动量为正，持有该 ETF
mom_4m,84,biweekly,2021-04-16,515220,煤炭ETF国泰,sector,煤炭,0.1610169491525426,515220,0.1610169491525426,511260,0.01509916707130321,最佳行业/主题 ETF 动量为正，持有该 ETF
mom_4m,84,biweekly,2021-04-30,515220,煤炭ETF国泰,sector,煤炭,0.16875000000000018,515220,0.16875000000000018,511260,0.017003654991259776,最佳行业/主题 ETF 动量为正，持有该 ETF
mom_4m,84,biweekly,2021-05-14,515220,煤炭ETF国泰,sector,煤炭,0.2603305785123966,515220,0.2603305785123966,511260,0.014821232276936103,最佳行业/主题 ETF 动量为正，持有该 ETF
mom_4m,84,biweekly,2021-05-28,515220,煤炭ETF国泰,sector,煤炭,0.26326963906581735,515220,0.26326963906581735,511260,0.016770710621759166,最佳行业/主题 ETF 动量为正，持有该 ETF
mom_4m,84,biweekly,2021-06-11,515220,煤炭ETF国泰,sector,煤炭,0.5067567567567568,515220,0.5067567567567568,511260,0.01404129902869422,最佳行业/主题 ETF 动量为正，持有该 ETF
mom_4m,84,biweekly,2021-06-25,515220,煤炭ETF国泰,sector,煤炭,0.35181644359464626,515220,0.35181644359464626,511260,0.01937746520800765,最佳行业/主题 ETF 动量为正，持有该 ETF
mom_4m,84,biweekly,2021-07-09,515030,新能源车ETF华夏,sector,新能源车,0.6097728836889194,515030,0.6097728836889194,511260,0.0266817473855967,最佳行业/主题 ETF 动量为正，持有该 ETF
mom_4m,84,biweekly,2021-07-23,515030,新能源车ETF华夏,sector,新能源车,0.6371022342586323,515030,0.6371022342586323,511260,0.03398031203566121,最佳行业/主题 ETF 动量为正，持有该 ETF
mom_4m,84,biweekly,2021-08-06,515030,新能源车ETF华夏,sector,新能源车,0.7017892644135191,515030,0.7017892644135191,511260,0.039099778558126186,最佳行业/主题 ETF 动量为正，持有该 ETF
mom_4m,84,biweekly,2021-08-20,515790,光伏ETF华泰柏瑞,sector,光伏,0.515065913370998,515790,0.515065913370998,511260,0.029484526601370353,最佳行业/主题 ETF 动量为正，持有该 ETF
mom_4m,84,biweekly,2021-09-03,515790,光伏ETF华泰柏瑞,sector,光伏,0.6844070961718021,515790,0.6844070961718021,511260,0.03111666911872879,最佳行业/主题 ETF 动量为正，持有该 ETF
mom_4m,84,biweekly,2021-09-17,515220,煤炭ETF国泰,sector,煤炭,0.8062283737024223,515220,0.8062283737024223,511260,0.019510014958590283,最佳行业/主题 ETF 动量为正，持有该 ETF
mom_4m,84,biweekly,2021-09-30,515220,煤炭ETF国泰,sector,煤炭,0.5843949044585988,515220,0.5843949044585988,511260,0.022164252617753455,最佳行业/主题 ETF 动量为正，持有该 ETF
mom_4m,84,biweekly,2021-10-15,515790,光伏ETF华泰柏瑞,sector,光伏,0.5655296229802511,515790,0.5655296229802511,511260,0.01861862410285453,最佳行业/主题 ETF 动量为正，持有该 ETF
mom_4m,84,biweekly,2021-10-29,515790,光伏ETF华泰柏瑞,sector,光伏,0.47413793103448265,515790,0.47413793103448265,511260,0.020052254622524357,最佳行业/主题 ETF 动量为正，持有该 ETF
mom_4m,84,biweekly,2021-11-12,515790,光伏ETF华泰柏瑞,sector,光伏,0.3321194464675892,515790,0.3321194464675892,511260,0.013289787942389664,最佳行业/主题 ETF 动量为正，持有该 ETF
mom_4m,84,biweekly,2021-11-26,512660,军工ETF国泰,sector,军工,0.17247097844112758,512660,0.17247097844112758,511260,0.01311036428661283,最佳行业/主题 ETF 动量为正，持有该 ETF
mom_4m,84,biweekly,2021-12-10,512690,酒ETF鹏华,sector,白酒/酒,0.2844827586206895,512690,0.2844827586206895,511260,0.004360892868290334,最佳行业/主题 ETF 动量为正，持有该 ETF
mom_4m,84,biweekly,2021-12-24,512690,酒ETF鹏华,sector,白酒/酒,0.26452410383189107,512690,0.26452410383189107,511260,0.009431181844975045,最佳行业/主题 ETF 动量为正，持有该 ETF
mom_4m,84,biweekly,2022-01-07,512980,传媒ETF广发,sector,传媒,0.22901849217638692,512980,0.22901849217638692,511260,0.010691992152666252,最佳行业/主题 ETF 动量为正，持有该 ETF
mom_4m,84,biweekly,2022-01-21,512690,酒ETF鹏华,sector,白酒/酒,0.1597938144329898,512690,0.1597938144329898,511260,0.026496125143513183,最佳行业/主题 ETF 动量为正，持有该 ETF
mom_4m,84,biweekly,2022-02-11,512800,银行ETF华宝,sector,银行,0.06228373702422152,512800,0.06228373702422152,511260,0.018410558128721943,最佳行业/主题 ETF 动量为正，持有该 ETF
mom_4m,84,biweekly,2022-02-25,512980,传媒ETF广发,sector,传媒,0.015804597701149392,512980,0.015804597701149392,511260,0.022126635476252376,最佳行业/主题 ETF 动量为正，持有该 ETF
mom_4m,84,biweekly,2022-03-11,515220,煤炭ETF国泰,sector,煤炭,0.24289405684754506,515220,0.24289405684754506,511010,0.01649725454307749,最佳行业/主题 ETF 动量为正，持有该 ETF
mom_4m,84,biweekly,2022-03-25,515220,煤炭ETF国泰,sector,煤炭,0.30383091149273445,515220,0.30383091149273445,511010,0.015930532432344213,最佳行业/主题 ETF 动量为正，持有该 ETF
mom_4m,84,biweekly,2022-04-08,515220,煤炭ETF国泰,sector,煤炭,0.29911280101394144,515220,0.29911280101394144,511260,0.01920751227146611,最佳行业/主题 ETF 动量为正，持有该 ETF
mom_4m,84,biweekly,2022-04-22,515220,煤炭ETF国泰,sector,煤炭,0.2124542124542126,515220,0.2124542124542126,511260,0.013622285526654343,最佳行业/主题 ETF 动量为正，持有该 ETF
mom_4m,84,biweekly,2022-05-06,515220,煤炭ETF国泰,sector,煤炭,0.09164733178654294,515220,0.09164733178654294,511010,0.011650185915858868,最佳行业/主题 ETF 动量为正，持有该 ETF
mom_4m,84,biweekly,2022-05-20,515220,煤炭ETF国泰,sector,煤炭,0.21190476190476204,515220,0.21190476190476204,511010,0.012118811240824146,最佳行业/主题 ETF 动量为正，持有该 ETF
mom_4m,84,biweekly,2022-06-02,515220,煤炭ETF国泰,sector,煤炭,0.23693379790940772,515220,0.23693379790940772,511260,0.003923384771325367,最佳行业/主题 ETF 动量为正，持有该 ETF
mom_4m,84,biweekly,2022-06-17,515220,煤炭ETF国泰,sector,煤炭,0.25474860335195526,515220,0.25474860335195526,511260,0.008507686769625211,最佳行业/主题 ETF 动量为正，持有该 ETF
mom_4m,84,biweekly,2022-07-01,515220,煤炭ETF国泰,sector,煤炭,0.23751387347391772,515220,0.23751387347391772,511260,0.008021225938518617,最佳行业/主题 ETF 动量为正，持有该 ETF
mom_4m,84,biweekly,2022-07-15,515030,新能源车ETF华夏,sector,新能源车,0.1958184599694035,515030,0.1958184599694035,511260,0.012755595407633935,最佳行业/主题 ETF 动量为正，持有该 ETF
mom_4m,84,biweekly,2022-07-29,515790,光伏ETF华泰柏瑞,sector,光伏,0.24011299435028266,515790,0.24011299435028266,511260,0.016558208065110103,最佳行业/主题 ETF 动量为正，持有该 ETF
mom_4m,84,biweekly,2022-08-12,515790,光伏ETF华泰柏瑞,sector,光伏,0.3500391542678152,515790,0.3500391542678152,511260,0.012303772284225856,最佳行业/主题 ETF 动量为正，持有该 ETF
mom_4m,84,biweekly,2022-08-26,515790,光伏ETF华泰柏瑞,sector,光伏,0.6259469696969697,515790,0.6259469696969697,511260,0.02032488356445672,最佳行业/主题 ETF 动量为正，持有该 ETF
mom_4m,84,biweekly,2022-09-09,515220,煤炭ETF国泰,sector,煤炭,0.3394004282655245,515220,0.3394004282655245,511260,0.021629686504785806,最佳行业/主题 ETF 动量为正，持有该 ETF
mom_4m,84,biweekly,2022-09-23,515790,光伏ETF华泰柏瑞,sector,光伏,0.1086005830903789,515790,0.1086005830903789,511260,0.013389912874448795,最佳行业/主题 ETF 动量为正，持有该 ETF
mom_4m,84,biweekly,2022-10-14,515790,光伏ETF华泰柏瑞,sector,光伏,0.0312907431551499,515790,0.0312907431551499,511260,0.01455816744501548,最佳行业/主题 ETF 动量为正，持有该 ETF
mom_4m,84,biweekly,2022-10-28,512660,军工ETF国泰,sector,军工,0.0068317677198974636,512660,0.0068317677198974636,511260,0.01973008271658694,最佳行业/主题 ETF 动量为正，持有该 ETF
mom_4m,84,biweekly,2022-11-11,515230,软件ETF国泰,sector,软件,0.06405228758169934,515230,0.06405228758169934,511260,0.018452049066071785,最佳行业/主题 ETF 动量为正，持有该 ETF
mom_4m,84,biweekly,2022-11-25,515230,软件ETF国泰,sector,软件,0.03552631578947363,515230,0.03552631578947363,511260,0.010262059872136353,最佳行业/主题 ETF 动量为正，持有该 ETF
mom_4m,84,biweekly,2022-12-09,515220,煤炭ETF国泰,sector,煤炭,0.041420118343195256,515220,0.041420118343195256,511010,-0.002886163068213432,最佳行业/主题 ETF 动量为正，持有该 ETF
mom_4m,84,biweekly,2022-12-23,512690,酒ETF鹏华,sector,白酒/酒,0.04004854368932054,512690,0.04004854368932054,511010,-0.007178145658837121,最佳行业/主题 ETF 动量为正，持有该 ETF
mom_4m,84,biweekly,2023-01-06,515230,软件ETF国泰,sector,软件,0.11653116531165297,515230,0.11653116531165297,511010,-0.004446371555835826,最佳行业/主题 ETF 动量为正，持有该 ETF
mom_4m,84,biweekly,2023-01-20,515230,软件ETF国泰,sector,软件,0.19703103913630238,515230,0.19703103913630238,511010,-0.0026794818087687577,最佳行业/主题 ETF 动量为正，持有该 ETF
mom_4m,84,biweekly,2023-02-10,515230,软件ETF国泰,sector,软件,0.3479532163742689,515230,0.3479532163742689,511260,0.0036798607340762235,最佳行业/主题 ETF 动量为正，持有该 ETF
mom_4m,84,biweekly,2023-02-24,512980,传媒ETF广发,sector,传媒,0.28136882129277563,512980,0.28136882129277563,511260,-0.0019877990266639056,最佳行业/主题 ETF 动量为正，持有该 ETF
mom_4m,84,biweekly,2023-03-10,512980,传媒ETF广发,sector,传媒,0.24542124542124544,512980,0.24542124542124544,511260,-0.0006925622237231588,最佳行业/主题 ETF 动量为正，持有该 ETF
mom_4m,84,biweekly,2023-03-24,512980,传媒ETF广发,sector,传媒,0.3643926788685523,512980,0.3643926788685523,511260,0.007312535529103714,最佳行业/主题 ETF 动量为正，持有该 ETF
mom_4m,84,biweekly,2023-04-07,512980,传媒ETF广发,sector,传媒,0.4957983193277311,512980,0.4957983193277311,511260,0.010000344839477426,最佳行业/主题 ETF 动量为正，持有该 ETF
mom_4m,84,biweekly,2023-04-21,512980,传媒ETF广发,sector,传媒,0.46243739565943254,512980,0.46243739565943254,511260,0.012804053180764718,最佳行业/主题 ETF 动量为正，持有该 ETF
mom_4m,84,biweekly,2023-05-05,512980,传媒ETF广发,sector,传媒,0.68135593220339,512980,0.68135593220339,511260,0.018317509231921436,最佳行业/主题 ETF 动量为正，持有该 ETF
mom_4m,84,biweekly,2023-05-19,512980,传媒ETF广发,sector,传媒,0.378930817610063,512980,0.378930817610063,511260,0.018652484706852768,最佳行业/主题 ETF 动量为正，持有该 ETF
mom_4m,84,biweekly,2023-06-02,512980,传媒ETF广发,sector,传媒,0.4480620155038759,512980,0.4480620155038759,511260,0.021090114653845138,最佳行业/主题 ETF 动量为正，持有该 ETF
mom_4m,84,biweekly,2023-06-16,512980,传媒ETF广发,sector,传媒,0.4607558139534884,512980,0.4607558139534884,511260,0.020761988138459087,最佳行业/主题 ETF 动量为正，持有该 ETF
mom_4m,84,biweekly,2023-06-30,512980,传媒ETF广发,sector,传媒,0.32640949554896137,512980,0.32640949554896137,511260,0.025051510989010817,最佳行业/主题 ETF 动量为正，持有该 ETF
mom_4m,84,biweekly,2023-07-14,512980,传媒ETF广发,sector,传媒,0.29264705882352926,512980,0.29264705882352926,511260,0.022297135425579206,最佳行业/主题 ETF 动量为正，持有该 ETF
mom_4m,84,biweekly,2023-07-28,512880,证券ETF国泰,sector,证券,0.11635565312843021,512880,0.11635565312843021,511260,0.023839043702063245,最佳行业/主题 ETF 动量为正，持有该 ETF
mom_4m,84,biweekly,2023-08-11,512880,证券ETF国泰,sector,证券,0.09371671991480302,512880,0.09371671991480302,511260,0.02342483749338875,最佳行业/主题 ETF 动量为正，持有该 ETF
mom_4m,84,biweekly,2023-08-25,512880,证券ETF国泰,sector,证券,0.10888888888888881,512880,0.10888888888888881,511260,0.026086734780613074,最佳行业/主题 ETF 动量为正，持有该 ETF
mom_4m,84,biweekly,2023-09-08,512880,证券ETF国泰,sector,证券,0.01048218029350112,512880,0.01048218029350112,511260,0.011473323048649897,最佳行业/主题 ETF 动量为正，持有该 ETF
mom_4m,84,biweekly,2023-09-22,515220,煤炭ETF国泰,sector,煤炭,0.09081309398099258,515220,0.09081309398099258,511260,0.009022746419545147,最佳行业/主题 ETF 动量为正，持有该 ETF
mom_4m,84,biweekly,2023-10-13,515220,煤炭ETF国泰,sector,煤炭,0.1273743016759774,515220,0.1273743016759774,511260,0.007008108902987198,最佳行业/主题 ETF 动量为正，持有该 ETF
mom_4m,84,biweekly,2023-10-27,515220,煤炭ETF国泰,sector,煤炭,0.11386696730552415,515220,0.11386696730552415,511260,0.006974636160676839,最佳行业/主题 ETF 动量为正，持有该 ETF
mom_4m,84,biweekly,2023-11-10,512880,证券ETF国泰,sector,证券,0.09550561797752799,512880,0.09550561797752799,511260,0.008866005274394073,最佳行业/主题 ETF 动量为正，持有该 ETF
mom_4m,84,biweekly,2023-11-24,515220,煤炭ETF国泰,sector,煤炭,0.11752136752136755,515220,0.11752136752136755,511260,0.004178238134554313,最佳行业/主题 ETF 动量为正，持有该 ETF
mom_4m,84,biweekly,2023-12-08,515220,煤炭ETF国泰,sector,煤炭,0.12473347547974423,515220,0.12473347547974423,511260,0.005957397101400863,最佳行业/主题 ETF 动量为正，持有该 ETF
mom_4m,84,biweekly,2023-12-22,515220,煤炭ETF国泰,sector,煤炭,0.1864035087719298,515220,0.1864035087719298,511260,0.0039610195896448985,最佳行业/主题 ETF 动量为正，持有该 ETF
mom_4m,84,biweekly,2024-01-05,515220,煤炭ETF国泰,sector,煤炭,0.22043010752688175,515220,0.22043010752688175,511260,0.013188125710209553,最佳行业/主题 ETF 动量为正，持有该 ETF
mom_4m,84,biweekly,2024-01-19,515220,煤炭ETF国泰,sector,煤炭,0.019961977186311763,515220,0.019961977186311763,511260,0.01585928728845265,最佳行业/主题 ETF 动量为正，持有该 ETF
mom_4m,84,biweekly,2024-02-02,515220,煤炭ETF国泰,sector,煤炭,0.07205452775073029,515220,0.07205452775073029,511260,0.0258794074692259,最佳行业/主题 ETF 动量为正，持有该 ETF
mom_4m,84,biweekly,2024-02-23,515220,煤炭ETF国泰,sector,煤炭,0.24800796812748982,515220,0.24800796812748982,511260,0.03119802766286406,最佳行业/主题 ETF 动量为正，持有该 ETF
mom_4m,84,biweekly,2024-03-08,515220,煤炭ETF国泰,sector,煤炭,0.2996941896024463,515220,0.2996941896024463,511260,0.03184343161757974,最佳行业/主题 ETF 动量为正，持有该 ETF
mom_4m,84,biweekly,2024-03-22,515220,煤炭ETF国泰,sector,煤炭,0.15407262021589796,515220,0.15407262021589796,511260,0.02825383658233105,最佳行业/主题 ETF 动量为正，持有该 ETF
mom_4m,84,biweekly,2024-04-03,512400,有色金属ETF南方,sector,有色金属,0.20598006644518274,512400,0.20598006644518274,511260,0.031196818887440747,最佳行业/主题 ETF 动量为正，持有该 ETF
mom_4m,84,biweekly,2024-04-19,512400,有色金属ETF南方,sector,有色金属,0.22435174746335962,512400,0.22435174746335962,511260,0.03491974091805128,最佳行业/主题 ETF 动量为正，持有该 ETF
mom_4m,84,biweekly,2024-04-30,512400,有色金属ETF南方,sector,有色金属,0.20554272517321026,512400,0.20554272517321026,511260,0.02740744411954199,最佳行业/主题 ETF 动量为正，持有该 ETF
mom_4m,84,biweekly,2024-05-17,512800,银行ETF华宝,sector,银行,0.2003780718336483,512800,0.2003780718336483,511260,0.019590186078115135,最佳行业/主题 ETF 动量为正，持有该 ETF
mom_4m,84,biweekly,2024-05-31,512400,有色金属ETF南方,sector,有色金属,0.2009237875288683,512400,0.2009237875288683,511260,0.022774903399043867,最佳行业/主题 ETF 动量为正，持有该 ETF
mom_4m,84,biweekly,2024-06-14,512400,有色金属ETF南方,sector,有色金属,0.21297429620563046,512400,0.21297429620563046,511260,0.02020284173627318,最佳行业/主题 ETF 动量为正，持有该 ETF
mom_4m,84,biweekly,2024-06-28,512400,有色金属ETF南方,sector,有色金属,0.07126948775055664,512400,0.07126948775055664,511260,0.02332479657665254,最佳行业/主题 ETF 动量为正，持有该 ETF
mom_4m,84,biweekly,2024-07-12,512800,银行ETF华宝,sector,银行,0.10634648370497435,512800,0.10634648370497435,511010,0.01606909027604342,最佳行业/主题 ETF 动量为正，持有该 ETF
mom_4m,84,biweekly,2024-07-26,512800,银行ETF华宝,sector,银行,0.10086956521739143,512800,0.10086956521739143,511260,0.02600116170253952,最佳行业/主题 ETF 动量为正，持有该 ETF
mom_4m,84,biweekly,2024-08-09,512800,银行ETF华宝,sector,银行,0.07876712328767121,512800,0.07876712328767121,511260,0.02319730570447942,最佳行业/主题 ETF 动量为正，持有该 ETF
mom_4m,84,biweekly,2024-08-23,512800,银行ETF华宝,sector,银行,0.10465116279069786,512800,0.10465116279069786,511260,0.017656680097339228,最佳行业/主题 ETF 动量为正，持有该 ETF
mom_4m,84,biweekly,2024-09-06,511260,十年国债ETF国泰,defensive,十年国债,0.026870368734997152,512800,-0.0016207455429497752,511260,0.026870368734997152,最佳行业/主题 ETF 动量为负或不可用，切换到正动量防守资产
mom_4m,84,biweekly,2024-09-20,511260,十年国债ETF国泰,defensive,十年国债,0.03242428856494883,512800,-0.04694835680751175,511260,0.03242428856494883,最佳行业/主题 ETF 动量为负或不可用，切换到正动量防守资产
mom_4m,84,biweekly,2024-09-30,512880,证券ETF国泰,sector,证券,0.31785714285714284,512880,0.31785714285714284,511260,0.01419357932340759,最佳行业/主题 ETF 动量为正，持有该 ETF
mom_4m,84,biweekly,2024-10-18,512880,证券ETF国泰,sector,证券,0.43435582822085905,512880,0.43435582822085905,511260,0.022070670814389404,最佳行业/主题 ETF 动量为正，持有该 ETF
mom_4m,84,biweekly,2024-11-01,512880,证券ETF国泰,sector,证券,0.43945068664169784,512880,0.43945068664169784,511260,0.015342530922930475,最佳行业/主题 ETF 动量为正，持有该 ETF
mom_4m,84,biweekly,2024-11-15,515230,软件ETF国泰,sector,软件,0.5977443609022555,515230,0.5977443609022555,511260,0.02184781918608336,最佳行业/主题 ETF 动量为正，持有该 ETF
mom_4m,84,biweekly,2024-11-29,515230,软件ETF国泰,sector,软件,0.6505791505791505,515230,0.6505791505791505,511260,0.019476735028195247,最佳行业/主题 ETF 动量为正，持有该 ETF
mom_4m,84,biweekly,2024-12-13,515230,软件ETF国泰,sector,软件,0.6563706563706564,515230,0.6563706563706564,511260,0.034900949349722765,最佳行业/主题 ETF 动量为正，持有该 ETF
mom_4m,84,biweekly,2024-12-27,515230,软件ETF国泰,sector,软件,0.7024793388429751,515230,0.7024793388429751,511260,0.04039469143161911,最佳行业/主题 ETF 动量为正，持有该 ETF
mom_4m,84,biweekly,2025-01-10,512480,半导体ETF国联安,sector,半导体,0.49082568807339433,512480,0.49082568807339433,511260,0.043064110892824914,最佳行业/主题 ETF 动量为正，持有该 ETF
mom_4m,84,biweekly,2025-01-24,512480,半导体ETF国联安,sector,半导体,0.6288,512480,0.6288,511260,0.033470724759176784,最佳行业/主题 ETF 动量为正，持有该 ETF
mom_4m,84,biweekly,2025-02-07,512480,半导体ETF国联安,sector,半导体,0.5663716814159292,512480,0.5663716814159292,511260,0.04093180367677984,最佳行业/主题 ETF 动量为正，持有该 ETF
mom_4m,84,biweekly,2025-02-21,515230,软件ETF国泰,sector,软件,0.3315217391304348,515230,0.3315217391304348,511260,0.03453305875378332,最佳行业/主题 ETF 动量为正，持有该 ETF
mom_4m,84,biweekly,2025-03-07,515230,软件ETF国泰,sector,软件,0.21673003802281365,515230,0.21673003802281365,511260,0.031552107123861806,最佳行业/主题 ETF 动量为正，持有该 ETF
mom_4m,84,biweekly,2025-03-21,512800,银行ETF华宝,sector,银行,0.09523809523809534,512800,0.09523809523809534,511260,0.021655348179459022,最佳行业/主题 ETF 动量为正，持有该 ETF
mom_4m,84,biweekly,2025-04-03,512800,银行ETF华宝,sector,银行,0.10043041606886671,512800,0.10043041606886671,511260,0.0274415038222926,最佳行业/主题 ETF 动量为正，持有该 ETF
mom_4m,84,biweekly,2025-04-18,512800,银行ETF华宝,sector,银行,0.08251748251748259,512800,0.08251748251748259,511260,0.016150658215504432,最佳行业/主题 ETF 动量为正，持有该 ETF
mom_4m,84,biweekly,2025-04-30,512800,银行ETF华宝,sector,银行,0.0453920220082531,512800,0.0453920220082531,511260,0.007893844007991868,最佳行业/主题 ETF 动量为正，持有该 ETF
mom_4m,84,biweekly,2025-05-16,515230,软件ETF国泰,sector,软件,0.12889518413597756,515230,0.12889518413597756,511260,-0.0045294865087076586,最佳行业/主题 ETF 动量为正，持有该 ETF
mom_4m,84,biweekly,2025-05-30,512800,银行ETF华宝,sector,银行,0.09782608695652173,512800,0.09782608695652173,511260,0.0006006907944133832,最佳行业/主题 ETF 动量为正，持有该 ETF
mom_4m,84,biweekly,2025-06-13,512800,银行ETF华宝,sector,银行,0.11637347767253048,512800,0.11637347767253048,511260,0.0012948132624801545,最佳行业/主题 ETF 动量为正，持有该 ETF
mom_4m,84,biweekly,2025-06-27,512800,银行ETF华宝,sector,银行,0.15654520917678805,512800,0.15654520917678805,511260,0.01434565918834152,最佳行业/主题 ETF 动量为正，持有该 ETF
mom_4m,84,biweekly,2025-07-11,512800,银行ETF华宝,sector,银行,0.19194630872483232,512800,0.19194630872483232,511260,0.016361301304800513,最佳行业/主题 ETF 动量为正，持有该 ETF
mom_4m,84,biweekly,2025-07-25,512400,有色金属ETF南方,sector,有色金属,0.17111315547378103,512400,0.17111315547378103,511260,0.012349814981193585,最佳行业/主题 ETF 动量为正，持有该 ETF
mom_4m,84,biweekly,2025-08-08,512400,有色金属ETF南方,sector,有色金属,0.35517970401691334,512400,0.35517970401691334,511260,0.0040411931284694,最佳行业/主题 ETF 动量为正，持有该 ETF
mom_4m,84,biweekly,2025-08-22,512400,有色金属ETF南方,sector,有色金属,0.2947368421052632,512400,0.2947368421052632,511010,-0.0009315828242124624,最佳行业/主题 ETF 动量为正，持有该 ETF
mom_4m,84,biweekly,2025-09-05,512400,有色金属ETF南方,sector,有色金属,0.44294003868471954,512400,0.44294003868471954,511010,-0.0009442530309801134,最佳行业/主题 ETF 动量为正，持有该 ETF
mom_4m,84,biweekly,2025-09-19,512400,有色金属ETF南方,sector,有色金属,0.4070208728652751,512400,0.4070208728652751,511010,0.001704303365999138,最佳行业/主题 ETF 动量为正，持有该 ETF
mom_4m,84,biweekly,2025-09-30,512400,有色金属ETF南方,sector,有色金属,0.5668246445497631,512400,0.5668246445497631,511010,0.0023035318414534878,最佳行业/主题 ETF 动量为正，持有该 ETF
mom_4m,84,biweekly,2025-10-17,512400,有色金属ETF南方,sector,有色金属,0.5177111716621254,512400,0.5177111716621254,511010,0.0021481812545955936,最佳行业/主题 ETF 动量为正，持有该 ETF
mom_4m,84,biweekly,2025-10-31,512400,有色金属ETF南方,sector,有色金属,0.5529830810329475,512400,0.5529830810329475,511010,0.0035619454698530006,最佳行业/主题 ETF 动量为正，持有该 ETF
mom_4m,84,biweekly,2025-11-14,515030,新能源车ETF华夏,sector,新能源车,0.5294117647058822,515030,0.5294117647058822,511010,0.003875438508028184,最佳行业/主题 ETF 动量为正，持有该 ETF
mom_4m,84,biweekly,2025-11-28,512400,有色金属ETF南方,sector,有色金属,0.3385703063629224,512400,0.3385703063629224,511010,0.006306482023275439,最佳行业/主题 ETF 动量为正，持有该 ETF
mom_4m,84,biweekly,2025-12-12,512400,有色金属ETF南方,sector,有色金属,0.38065522620904835,512400,0.38065522620904835,511010,0.0040552610349200435,最佳行业/主题 ETF 动量为正，持有该 ETF
mom_4m,84,biweekly,2025-12-26,512400,有色金属ETF南方,sector,有色金属,0.41906873614190676,512400,0.41906873614190676,511010,0.009895550977628398,最佳行业/主题 ETF 动量为正，持有该 ETF
mom_4m,84,biweekly,2026-01-09,512400,有色金属ETF南方,sector,有色金属,0.4044265593561367,512400,0.4044265593561367,511010,0.0042962386286637955,最佳行业/主题 ETF 动量为正，持有该 ETF
mom_4m,84,biweekly,2026-01-23,512400,有色金属ETF南方,sector,有色金属,0.510540184453228,512400,0.510540184453228,511260,0.006796890272326772,最佳行业/主题 ETF 动量为正，持有该 ETF
mom_4m,84,biweekly,2026-02-06,512400,有色金属ETF南方,sector,有色金属,0.19810795770728995,512400,0.19810795770728995,511260,0.011107766405779707,最佳行业/主题 ETF 动量为正，持有该 ETF
mom_4m,84,biweekly,2026-02-27,512400,有色金属ETF南方,sector,有色金属,0.45883777239709467,512400,0.45883777239709467,511260,0.008619783454220764,最佳行业/主题 ETF 动量为正，持有该 ETF
mom_4m,84,biweekly,2026-03-13,512400,有色金属ETF南方,sector,有色金属,0.3100358422939069,512400,0.3100358422939069,511010,0.005746054519368604,最佳行业/主题 ETF 动量为正，持有该 ETF
mom_4m,84,biweekly,2026-03-27,512400,有色金属ETF南方,sector,有色金属,0.12914285714285723,512400,0.12914285714285723,511010,0.007341069083550478,最佳行业/主题 ETF 动量为正，持有该 ETF
mom_4m,84,biweekly,2026-04-10,512400,有色金属ETF南方,sector,有色金属,0.21086077411900628,512400,0.21086077411900628,511260,0.009302848575712064,最佳行业/主题 ETF 动量为正，持有该 ETF
mom_4m,84,biweekly,2026-04-24,512400,有色金属ETF南方,sector,有色金属,0.23498542274052459,512400,0.23498542274052459,511260,0.01475366777982079,最佳行业/主题 ETF 动量为正，持有该 ETF
mom_4m,84,biweekly,2026-05-08,512480,半导体ETF国联安,sector,半导体,0.29299796057104,512480,0.29299796057104,511260,0.011251421389670169,最佳行业/主题 ETF 动量为正，持有该 ETF
mom_4m,84,biweekly,2026-05-22,512480,半导体ETF国联安,sector,半导体,0.32989064398541923,512480,0.32989064398541923,511260,0.017064308343718526,最佳行业/主题 ETF 动量为正，持有该 ETF
mom_4m,84,biweekly,2026-06-05,515220,煤炭ETF国泰,sector,煤炭,0.26702997275204354,515220,0.26702997275204354,511260,0.015735688212416887,最佳行业/主题 ETF 动量为正，持有该 ETF
mom_4m,84,biweekly,2026-06-18,512480,半导体ETF国联安,sector,半导体,0.5732403297400126,512480,0.5732403297400126,511260,0.012117062133436551,最佳行业/主题 ETF 动量为正，持有该 ETF
mom_4m,84,monthly,2015-01-30,CASH,空仓,cash,现金,0.0,,,,,行业和防守资产均无正动量，空仓
mom_4m,84,monthly,2015-02-27,CASH,空仓,cash,现金,0.0,,,,,行业和防守资产均无正动量，空仓
mom_4m,84,monthly,2015-03-31,CASH,空仓,cash,现金,0.0,,,,,行业和防守资产均无正动量，空仓
mom_4m,84,monthly,2015-04-30,CASH,空仓,cash,现金,0.0,,,,,行业和防守资产均无正动量，空仓
mom_4m,84,monthly,2015-05-29,159928,消费ETF汇添富,sector,消费,0.45945945945945943,159928,0.45945945945945943,511010,0.006551139094020719,最佳行业/主题 ETF 动量为正，持有该 ETF
mom_4m,84,monthly,2015-06-30,159928,消费ETF汇添富,sector,消费,0.35880398671096336,159928,0.35880398671096336,511010,-0.008160849271733883,最佳行业/主题 ETF 动量为正，持有该 ETF
mom_4m,84,monthly,2015-07-31,512010,医药ETF易方达,sector,医药,0.05573770491803276,512010,0.05573770491803276,511010,0.027137002054195447,最佳行业/主题 ETF 动量为正，持有该 ETF
mom_4m,84,monthly,2015-08-31,511010,国债ETF国泰,defensive,国债,0.01795885156340815,512010,-0.16417910447761186,511010,0.01795885156340815,最佳行业/主题 ETF 动量为负或不可用，切换到正动量防守资产
mom_4m,84,monthly,2015-09-30,511010,国债ETF国泰,defensive,国债,0.02830872272923113,159928,-0.315673289183223,511010,0.02830872272923113,最佳行业/主题 ETF 动量为负或不可用，切换到正动量防守资产
mom_4m,84,monthly,2015-10-30,511010,国债ETF国泰,defensive,国债,0.03516249853692788,512010,-0.1707317073170732,511010,0.03516249853692788,最佳行业/主题 ETF 动量为负或不可用，切换到正动量防守资产
mom_4m,84,monthly,2015-11-30,511010,国债ETF国泰,defensive,国债,0.014707714124196247,512010,-0.11143695014662769,511010,0.014707714124196247,最佳行业/主题 ETF 动量为负或不可用，切换到正动量防守资产
mom_4m,84,monthly,2015-12-31,512010,医药ETF易方达,sector,医药,0.23880597014925375,512010,0.23880597014925375,511010,0.026287060445874477,最佳行业/主题 ETF 动量为正，持有该 ETF
mom_4m,84,monthly,2016-01-29,512010,医药ETF易方达,sector,医药,0.014598540145985384,512010,0.014598540145985384,511010,0.02416779793885393,最佳行业/主题 ETF 动量为正，持有该 ETF
mom_4m,84,monthly,2016-02-29,511010,国债ETF国泰,defensive,国债,0.01612446692078362,159928,-0.13095238095238104,511010,0.01612446692078362,最佳行业/主题 ETF 动量为负或不可用，切换到正动量防守资产
mom_4m,84,monthly,2016-03-31,511010,国债ETF国泰,defensive,国债,0.027736039841616433,159928,-0.06876790830945545,511010,0.027736039841616433,最佳行业/主题 ETF 动量为负或不可用，切换到正动量防守资产
mom_4m,84,monthly,2016-04-29,511010,国债ETF国泰,defensive,国债,0.00973151852821319,159928,-0.13043478260869557,511010,0.00973151852821319,最佳行业/主题 ETF 动量为负或不可用，切换到正动量防守资产
mom_4m,84,monthly,2016-05-31,159928,消费ETF汇添富,sector,消费,0.07491856677524433,159928,0.07491856677524433,511010,0.008612092346981681,最佳行业/主题 ETF 动量为正，持有该 ETF
mom_4m,84,monthly,2016-06-30,159928,消费ETF汇添富,sector,消费,0.171232876712329,159928,0.171232876712329,511010,0.011012377317845434,最佳行业/主题 ETF 动量为正，持有该 ETF
mom_4m,84,monthly,2016-07-29,159928,消费ETF汇添富,sector,消费,0.16927899686520376,159928,0.16927899686520376,511010,0.009390837265343954,最佳行业/主题 ETF 动量为正，持有该 ETF
mom_4m,84,monthly,2016-08-31,512010,医药ETF易方达,sector,医药,0.13333333333333353,512010,0.13333333333333353,511010,0.018921869795329282,最佳行业/主题 ETF 动量为正，持有该 ETF
mom_4m,84,monthly,2016-09-30,512010,医药ETF易方达,sector,医药,0.13427561837455837,512010,0.13427561837455837,511010,0.020939795776925507,最佳行业/主题 ETF 动量为正，持有该 ETF
mom_4m,84,monthly,2016-10-31,512010,医药ETF易方达,sector,医药,0.14840989399293303,512010,0.14840989399293303,511010,0.018759138183122248,最佳行业/主题 ETF 动量为正，持有该 ETF
mom_4m,84,monthly,2016-11-30,512010,医药ETF易方达,sector,医药,0.06389776357827492,512010,0.06389776357827492,511010,-0.005500770837704394,最佳行业/主题 ETF 动量为正，持有该 ETF
mom_4m,84,monthly,2016-12-30,512010,医药ETF易方达,sector,医药,0.028124999999999956,512010,0.028124999999999956,511010,-0.01783555292941219,最佳行业/主题 ETF 动量为正，持有该 ETF
mom_4m,84,monthly,2017-01-26,159928,消费ETF汇添富,sector,消费,0.050561797752809,159928,0.050561797752809,511010,-0.017917112930455503,最佳行业/主题 ETF 动量为正，持有该 ETF
mom_4m,84,monthly,2017-02-28,159928,消费ETF汇添富,sector,消费,0.08033240997229929,159928,0.08033240997229929,511010,-0.022681397109180712,最佳行业/主题 ETF 动量为正，持有该 ETF
mom_4m,84,monthly,2017-03-31,159928,消费ETF汇添富,sector,消费,0.11351351351351346,159928,0.11351351351351346,511010,-0.013446328714388556,最佳行业/主题 ETF 动量为正，持有该 ETF
mom_4m,84,monthly,2017-04-28,159928,消费ETF汇添富,sector,消费,0.11232876712328776,159928,0.11232876712328776,511010,0.0009794045220505865,最佳行业/主题 ETF 动量为正，持有该 ETF
mom_4m,84,monthly,2017-05-31,159928,消费ETF汇添富,sector,消费,0.12568306010928953,159928,0.12568306010928953,511010,-0.01379929476441244,最佳行业/主题 ETF 动量为正，持有该 ETF
mom_4m,84,monthly,2017-06-30,159928,消费ETF汇添富,sector,消费,0.14833759590792828,159928,0.14833759590792828,511010,-0.011852015950376549,最佳行业/主题 ETF 动量为正，持有该 ETF
mom_4m,84,monthly,2017-07-31,159928,消费ETF汇添富,sector,消费,0.08232445520581111,159928,0.08232445520581111,511010,-0.01144646766996471,最佳行业/主题 ETF 动量为正，持有该 ETF
mom_4m,84,monthly,2017-08-31,159928,消费ETF汇添富,sector,消费,0.15880893300248133,159928,0.15880893300248133,511010,-0.00016785877481750866,最佳行业/主题 ETF 动量为正，持有该 ETF
mom_4m,84,monthly,2017-09-29,159928,消费ETF汇添富,sector,消费,0.23170731707317072,159928,0.23170731707317072,511010,0.00044798685905211855,最佳行业/主题 ETF 动量为正，持有该 ETF
mom_4m,84,monthly,2017-10-31,159928,消费ETF汇添富,sector,消费,0.22717149220489996,159928,0.22717149220489996,511010,-0.007143855073813543,最佳行业/主题 ETF 动量为正，持有该 ETF
mom_4m,84,monthly,2017-11-30,159928,消费ETF汇添富,sector,消费,0.19282511210762343,159928,0.19282511210762343,511010,-0.004495327102803648,最佳行业/主题 ETF 动量为正，持有该 ETF
mom_4m,84,monthly,2017-12-29,159928,消费ETF汇添富,sector,消费,0.2510729613733904,159928,0.2510729613733904,511010,-0.0055912776069332315,最佳行业/主题 ETF 动量为正，持有该 ETF
mom_4m,84,monthly,2018-01-31,159928,消费ETF汇添富,sector,消费,0.23399999999999999,159928,0.23399999999999999,511010,-0.00037310300441195654,最佳行业/主题 ETF 动量为正，持有该 ETF
mom_4m,84,monthly,2018-02-28,159928,消费ETF汇添富,sector,消费,0.08193668528864051,159928,0.08193668528864051,511010,0.009641010295589059,最佳行业/主题 ETF 动量为正，持有该 ETF
mom_4m,84,monthly,2018-03-30,512010,医药ETF易方达,sector,医药,0.14143920595533488,512010,0.14143920595533488,511010,0.021592010767768288,最佳行业/主题 ETF 动量为正，持有该 ETF
mom_4m,84,monthly,2018-04-27,512010,医药ETF易方达,sector,医药,0.12469437652811743,512010,0.12469437652811743,511260,0.03620678798564314,最佳行业/主题 ETF 动量为正，持有该 ETF
mom_4m,84,monthly,2018-05-31,512010,医药ETF易方达,sector,医药,0.21759259259259256,512010,0.21759259259259256,511260,0.03488785672441219,最佳行业/主题 ETF 动量为正，持有该 ETF
mom_4m,84,monthly,2018-06-29,512010,医药ETF易方达,sector,医药,0.1771844660194175,512010,0.1771844660194175,511260,0.02959131849794261,最佳行业/主题 ETF 动量为正，持有该 ETF
mom_4m,84,monthly,2018-07-31,159928,消费ETF汇添富,sector,消费,0.04511278195488733,159928,0.04511278195488733,511260,0.03131068964092387,最佳行业/主题 ETF 动量为正，持有该 ETF
mom_4m,84,monthly,2018-08-31,511260,十年国债ETF国泰,defensive,十年国债,0.014147393258884033,512800,-0.03312629399585909,511260,0.014147393258884033,最佳行业/主题 ETF 动量为负或不可用，切换到正动量防守资产
mom_4m,84,monthly,2018-09-28,512800,银行ETF华宝,sector,银行,0.037815126050420256,512800,0.037815126050420256,511010,0.014423647840106746,最佳行业/主题 ETF 动量为正，持有该 ETF
mom_4m,84,monthly,2018-10-31,512800,银行ETF华宝,sector,银行,0.11617312072892938,512800,0.11617312072892938,511260,0.01824037594822614,最佳行业/主题 ETF 动量为正，持有该 ETF
mom_4m,84,monthly,2018-11-30,512880,证券ETF国泰,sector,证券,0.019893899204244114,512880,0.019893899204244114,511260,0.019421756777070698,最佳行业/主题 ETF 动量为正，持有该 ETF
mom_4m,84,monthly,2018-12-28,511260,十年国债ETF国泰,defensive,十年国债,0.04164775420865219,512880,-0.011034482758620734,511260,0.04164775420865219,最佳行业/主题 ETF 动量为负或不可用，切换到正动量防守资产
mom_4m,84,monthly,2019-01-31,512880,证券ETF国泰,sector,证券,0.06473829201101933,512880,0.06473829201101933,511260,0.0435734021741323,最佳行业/主题 ETF 动量为正，持有该 ETF
mom_4m,84,monthly,2019-02-28,512880,证券ETF国泰,sector,证券,0.3905817174515236,512880,0.3905817174515236,511260,0.030161995885184645,最佳行业/主题 ETF 动量为正，持有该 ETF
mom_4m,84,monthly,2019-03-29,159928,消费ETF汇添富,sector,消费,0.43805309734513265,159928,0.43805309734513265,511260,0.02166781259208328,最佳行业/主题 ETF 动量为正，持有该 ETF
mom_4m,84,monthly,2019-04-30,159928,消费ETF汇添富,sector,消费,0.5412026726057906,159928,0.5412026726057906,511010,0.00032636212082470806,最佳行业/主题 ETF 动量为正，持有该 ETF
mom_4m,84,monthly,2019-05-31,159928,消费ETF汇添富,sector,消费,0.39506172839506193,159928,0.39506172839506193,511010,0.003873892075650698,最佳行业/主题 ETF 动量为正，持有该 ETF
mom_4m,84,monthly,2019-06-28,159928,消费ETF汇添富,sector,消费,0.26056338028169024,159928,0.26056338028169024,511010,0.0052948614379544345,最佳行业/主题 ETF 动量为正，持有该 ETF
mom_4m,84,monthly,2019-07-31,159928,消费ETF汇添富,sector,消费,0.15916398713826352,159928,0.15916398713826352,511010,0.007127845884413286,最佳行业/主题 ETF 动量为正，持有该 ETF
mom_4m,84,monthly,2019-08-30,159928,消费ETF汇添富,sector,消费,0.1069364161849713,159928,0.1069364161849713,511260,0.03299258329082133,最佳行业/主题 ETF 动量为正，持有该 ETF
mom_4m,84,monthly,2019-09-30,512690,酒ETF鹏华,sector,白酒/酒,0.5999999999999999,512690,0.5999999999999999,511260,0.014681765693381088,最佳行业/主题 ETF 动量为正，持有该 ETF
mom_4m,84,monthly,2019-10-31,512170,医疗ETF华宝,sector,医疗,0.1853932584269664,512170,0.1853932584269664,511010,0.007102235500694443,最佳行业/主题 ETF 动量为正，持有该 ETF
mom_4m,84,monthly,2019-11-29,512690,酒ETF鹏华,sector,白酒/酒,0.2134831460674158,512690,0.2134831460674158,511010,0.009688220202635156,最佳行业/主题 ETF 动量为正，持有该 ETF
mom_4m,84,monthly,2019-12-31,512480,半导体ETF国联安,sector,半导体,0.28494623655913953,512480,0.28494623655913953,511010,0.014115834660389126,最佳行业/主题 ETF 动量为正，持有该 ETF
mom_4m,84,monthly,2020-01-23,512480,半导体ETF国联安,sector,半导体,0.4357366771159874,512480,0.4357366771159874,511010,0.02240898783042211,最佳行业/主题 ETF 动量为正，持有该 ETF
mom_4m,84,monthly,2020-02-28,512480,半导体ETF国联安,sector,半导体,0.7612456747404845,512480,0.7612456747404845,511260,0.04336989032901295,最佳行业/主题 ETF 动量为正，持有该 ETF
mom_4m,84,monthly,2020-03-31,512480,半导体ETF国联安,sector,半导体,0.3389544688026982,512480,0.3389544688026982,511260,0.05132765363395575,最佳行业/主题 ETF 动量为正，持有该 ETF
mom_4m,84,monthly,2020-04-30,512480,半导体ETF国联安,sector,半导体,0.2812939521800282,512480,0.2812939521800282,511010,0.06067020911895771,最佳行业/主题 ETF 动量为正，持有该 ETF
mom_4m,84,monthly,2020-05-29,512170,医疗ETF华宝,sector,医疗,0.24175824175824157,512170,0.24175824175824157,511260,0.03568903594355355,最佳行业/主题 ETF 动量为正，持有该 ETF
mom_4m,84,monthly,2020-06-30,512690,酒ETF鹏华,sector,白酒/酒,0.8564814814814816,512690,0.8564814814814816,511010,0.005858798735510984,最佳行业/主题 ETF 动量为正，持有该 ETF
mom_4m,84,monthly,2020-07-31,512690,酒ETF鹏华,sector,白酒/酒,1.7819148936170213,512690,1.7819148936170213,511010,-0.008691019280077206,最佳行业/主题 ETF 动量为正，持有该 ETF
mom_4m,84,monthly,2020-08-31,512690,酒ETF鹏华,sector,白酒/酒,1.6707317073170733,512690,1.6707317073170733,511260,-0.04392949807640689,最佳行业/主题 ETF 动量为正，持有该 ETF
mom_4m,84,monthly,2020-09-30,512690,酒ETF鹏华,sector,白酒/酒,0.7624999999999997,512690,0.7624999999999997,511260,-0.01717048690922074,最佳行业/主题 ETF 动量为正，持有该 ETF
mom_4m,84,monthly,2020-10-30,512690,酒ETF鹏华,sector,白酒/酒,0.7414248021108181,512690,0.7414248021108181,511010,-0.00785928771535449,最佳行业/主题 ETF 动量为正，持有该 ETF
mom_4m,84,monthly,2020-11-30,512690,酒ETF鹏华,sector,白酒/酒,0.4979423868312758,512690,0.4979423868312758,511010,-0.014222044168461068,最佳行业/主题 ETF 动量为正，持有该 ETF
mom_4m,84,monthly,2020-12-31,512690,酒ETF鹏华,sector,白酒/酒,0.6392092257001647,512690,0.6392092257001647,511010,0.007011289364230455,最佳行业/主题 ETF 动量为正，持有该 ETF
mom_4m,84,monthly,2021-01-29,512690,酒ETF鹏华,sector,白酒/酒,0.8213627992633517,512690,0.8213627992633517,511010,0.0027785988767365932,最佳行业/主题 ETF 动量为正，持有该 ETF
mom_4m,84,monthly,2021-02-26,512400,有色金属ETF南方,sector,有色金属,0.4526588845654995,512400,0.4526588845654995,511010,0.005797861985492592,最佳行业/主题 ETF 动量为正，持有该 ETF
mom_4m,84,monthly,2021-03-31,512170,医疗ETF华宝,sector,医疗,0.1296572280178836,512170,0.1296572280178836,511260,0.012735331877688383,最佳行业/主题 ETF 动量为正，持有该 ETF
mom_4m,84,monthly,2021-04-30,515220,煤炭ETF国泰,sector,煤炭,0.16875000000000018,515220,0.16875000000000018,511260,0.017003654991259776,最佳行业/主题 ETF 动量为正，持有该 ETF
mom_4m,84,monthly,2021-05-31,515220,煤炭ETF国泰,sector,煤炭,0.27659574468085113,515220,0.27659574468085113,511260,0.013941604487974768,最佳行业/主题 ETF 动量为正，持有该 ETF
mom_4m,84,monthly,2021-06-30,515030,新能源车ETF华夏,sector,新能源车,0.36469072164948435,515030,0.36469072164948435,511260,0.02018907524005864,最佳行业/主题 ETF 动量为正，持有该 ETF
mom_4m,84,monthly,2021-07-30,512480,半导体ETF国联安,sector,半导体,0.7392776523702032,512480,0.7392776523702032,511260,0.036389615691514,最佳行业/主题 ETF 动量为正，持有该 ETF
mom_4m,84,monthly,2021-08-31,515790,光伏ETF华泰柏瑞,sector,光伏,0.7333333333333334,515790,0.7333333333333334,511260,0.030105447345397662,最佳行业/主题 ETF 动量为正，持有该 ETF
mom_4m,84,monthly,2021-09-30,515220,煤炭ETF国泰,sector,煤炭,0.5843949044585988,515220,0.5843949044585988,511260,0.022164252617753455,最佳行业/主题 ETF 动量为正，持有该 ETF
mom_4m,84,monthly,2021-10-29,515790,光伏ETF华泰柏瑞,sector,光伏,0.47413793103448265,515790,0.47413793103448265,511260,0.020052254622524357,最佳行业/主题 ETF 动量为正，持有该 ETF
mom_4m,84,monthly,2021-11-30,512660,军工ETF国泰,sector,军工,0.1874497184231696,512660,0.1874497184231696,511260,0.009480075697104073,最佳行业/主题 ETF 动量为正，持有该 ETF
mom_4m,84,monthly,2021-12-31,512980,传媒ETF广发,sector,传媒,0.2452830188679247,512980,0.2452830188679247,511260,0.015146900752418535,最佳行业/主题 ETF 动量为正，持有该 ETF
mom_4m,84,monthly,2022-01-28,512800,银行ETF华宝,sector,银行,0.0338078291814945,512800,0.0338078291814945,511260,0.020795894464858744,最佳行业/主题 ETF 动量为正，持有该 ETF
mom_4m,84,monthly,2022-02-28,512980,传媒ETF广发,sector,传媒,0.020289855072463725,512980,0.020289855072463725,511260,0.023197751174257153,最佳行业/主题 ETF 动量为正，持有该 ETF
mom_4m,84,monthly,2022-03-31,515220,煤炭ETF国泰,sector,煤炭,0.31289910600255433,515220,0.31289910600255433,511260,0.01379972613945557,最佳行业/主题 ETF 动量为正，持有该 ETF
mom_4m,84,monthly,2022-04-29,515220,煤炭ETF国泰,sector,煤炭,0.1350407450523865,515220,0.1350407450523865,511260,0.013598567452085986,最佳行业/主题 ETF 动量为正，持有该 ETF
mom_4m,84,monthly,2022-05-31,515220,煤炭ETF国泰,sector,煤炭,0.276393831553974,515220,0.276393831553974,511260,0.005582730287624349,最佳行业/主题 ETF 动量为正，持有该 ETF
mom_4m,84,monthly,2022-06-30,515220,煤炭ETF国泰,sector,煤炭,0.21172638436482094,515220,0.21172638436482094,511260,0.008351574931209305,最佳行业/主题 ETF 动量为正，持有该 ETF
mom_4m,84,monthly,2022-07-29,515790,光伏ETF华泰柏瑞,sector,光伏,0.24011299435028266,515790,0.24011299435028266,511260,0.016558208065110103,最佳行业/主题 ETF 动量为正，持有该 ETF
mom_4m,84,monthly,2022-08-31,515790,光伏ETF华泰柏瑞,sector,光伏,0.34111759799833186,515790,0.34111759799833186,511260,0.02350008745845722,最佳行业/主题 ETF 动量为正，持有该 ETF
mom_4m,84,monthly,2022-09-30,515220,煤炭ETF国泰,sector,煤炭,0.09765258215962458,515220,0.09765258215962458,511260,0.009974671645298638,最佳行业/主题 ETF 动量为正，持有该 ETF
mom_4m,84,monthly,2022-10-31,512660,军工ETF国泰,sector,军工,0.03330486763450047,512660,0.03330486763450047,511260,0.02473812849162016,最佳行业/主题 ETF 动量为正，持有该 ETF
mom_4m,84,monthly,2022-11-30,515230,软件ETF国泰,sector,软件,0.02998696219035213,515230,0.02998696219035213,511260,0.0031165323383515187,最佳行业/主题 ETF 动量为正，持有该 ETF
mom_4m,84,monthly,2022-12-30,515230,软件ETF国泰,sector,软件,0.07094133697135074,515230,0.07094133697135074,511010,-0.001800151591713095,最佳行业/主题 ETF 动量为正，持有该 ETF
mom_4m,84,monthly,2023-01-31,515230,软件ETF国泰,sector,软件,0.23611111111111116,515230,0.23611111111111116,511010,-0.004057595756102095,最佳行业/主题 ETF 动量为正，持有该 ETF
mom_4m,84,monthly,2023-02-28,512690,酒ETF鹏华,sector,白酒/酒,0.3468208092485552,512690,0.3468208092485552,511260,-0.002706522204616535,最佳行业/主题 ETF 动量为正，持有该 ETF
mom_4m,84,monthly,2023-03-31,512980,传媒ETF广发,sector,传媒,0.4790209790209792,512980,0.4790209790209792,511260,0.0045164946506155434,最佳行业/主题 ETF 动量为正，持有该 ETF
mom_4m,84,monthly,2023-04-28,512980,传媒ETF广发,sector,传媒,0.6568965517241381,512980,0.6568965517241381,511260,0.013863923696816993,最佳行业/主题 ETF 动量为正，持有该 ETF
mom_4m,84,monthly,2023-05-31,512980,传媒ETF广发,sector,传媒,0.41770186335403725,512980,0.41770186335403725,511260,0.02183368502648464,最佳行业/主题 ETF 动量为正，持有该 ETF
mom_4m,84,monthly,2023-06-30,512980,传媒ETF广发,sector,传媒,0.32640949554896137,512980,0.32640949554896137,511260,0.025051510989010817,最佳行业/主题 ETF 动量为正，持有该 ETF
mom_4m,84,monthly,2023-07-31,512800,银行ETF华宝,sector,银行,0.1166347992351815,512800,0.1166347992351815,511260,0.02223285949961107,最佳行业/主题 ETF 动量为正，持有该 ETF
mom_4m,84,monthly,2023-08-31,512880,证券ETF国泰,sector,证券,0.04310344827586188,512880,0.04310344827586188,511260,0.02271705475675434,最佳行业/主题 ETF 动量为正，持有该 ETF
mom_4m,84,monthly,2023-09-28,515220,煤炭ETF国泰,sector,煤炭,0.15914221218961622,515220,0.15914221218961622,511260,0.009988199595414748,最佳行业/主题 ETF 动量为正，持有该 ETF
mom_4m,84,monthly,2023-10-31,515220,煤炭ETF国泰,sector,煤炭,0.10133630289532292,515220,0.10133630289532292,511260,0.009050609530846021,最佳行业/主题 ETF 动量为正，持有该 ETF
mom_4m,84,monthly,2023-11-30,515220,煤炭ETF国泰,sector,煤炭,0.13227513227513232,515220,0.13227513227513232,511260,0.005743863750208744,最佳行业/主题 ETF 动量为正，持有该 ETF
mom_4m,84,monthly,2023-12-29,515220,煤炭ETF国泰,sector,煤炭,0.18584070796460184,515220,0.18584070796460184,511260,0.0076461086029075975,最佳行业/主题 ETF 动量为正，持有该 ETF
mom_4m,84,monthly,2024-01-31,515220,煤炭ETF国泰,sector,煤炭,0.10479921645445645,515220,0.10479921645445645,511260,0.02857142857142847,最佳行业/主题 ETF 动量为正，持有该 ETF
mom_4m,84,monthly,2024-02-29,515220,煤炭ETF国泰,sector,煤炭,0.21407333994053546,515220,0.21407333994053546,511260,0.034226872889481896,最佳行业/主题 ETF 动量为正，持有该 ETF
mom_4m,84,monthly,2024-03-29,515220,煤炭ETF国泰,sector,煤炭,0.1231813773035888,515220,0.1231813773035888,511260,0.03040119611263381,最佳行业/主题 ETF 动量为正，持有该 ETF
mom_4m,84,monthly,2024-04-30,512400,有色金属ETF南方,sector,有色金属,0.20554272517321026,512400,0.20554272517321026,511260,0.02740744411954199,最佳行业/主题 ETF 动量为正，持有该 ETF
mom_4m,84,monthly,2024-05-31,512400,有色金属ETF南方,sector,有色金属,0.2009237875288683,512400,0.2009237875288683,511260,0.022774903399043867,最佳行业/主题 ETF 动量为正，持有该 ETF
mom_4m,84,monthly,2024-06-28,512400,有色金属ETF南方,sector,有色金属,0.07126948775055664,512400,0.07126948775055664,511260,0.02332479657665254,最佳行业/主题 ETF 动量为正，持有该 ETF
mom_4m,84,monthly,2024-07-31,512800,银行ETF华宝,sector,银行,0.08503401360544216,512800,0.08503401360544216,511260,0.0291074051950988,最佳行业/主题 ETF 动量为正，持有该 ETF
mom_4m,84,monthly,2024-08-30,512800,银行ETF华宝,sector,银行,0.031198686371100237,512800,0.031198686371100237,511260,0.023299565846599313,最佳行业/主题 ETF 动量为正，持有该 ETF
mom_4m,84,monthly,2024-09-30,512880,证券ETF国泰,sector,证券,0.31785714285714284,512880,0.31785714285714284,511260,0.01419357932340759,最佳行业/主题 ETF 动量为正，持有该 ETF
mom_4m,84,monthly,2024-10-31,512880,证券ETF国泰,sector,证券,0.439506172839506,512880,0.439506172839506,511260,0.01506093446072021,最佳行业/主题 ETF 动量为正，持有该 ETF
mom_4m,84,monthly,2024-11-29,515230,软件ETF国泰,sector,软件,0.6505791505791505,515230,0.6505791505791505,511260,0.019476735028195247,最佳行业/主题 ETF 动量为正，持有该 ETF
mom_4m,84,monthly,2024-12-31,515230,软件ETF国泰,sector,软件,0.5850202429149798,515230,0.5850202429149798,511260,0.04024083350972507,最佳行业/主题 ETF 动量为正，持有该 ETF
mom_4m,84,monthly,2025-01-27,512480,半导体ETF国联安,sector,半导体,0.5993537964458804,512480,0.5993537964458804,511260,0.03689853678216215,最佳行业/主题 ETF 动量为正，持有该 ETF
mom_4m,84,monthly,2025-02-28,515230,软件ETF国泰,sector,软件,0.17350993377483448,515230,0.17350993377483448,511260,0.03658746556473824,最佳行业/主题 ETF 动量为正，持有该 ETF
mom_4m,84,monthly,2025-03-31,512800,银行ETF华宝,sector,银行,0.11566617862371875,512800,0.11566617862371875,511260,0.021156263091747007,最佳行业/主题 ETF 动量为正，持有该 ETF
mom_4m,84,monthly,2025-04-30,512800,银行ETF华宝,sector,银行,0.0453920220082531,512800,0.0453920220082531,511260,0.007893844007991868,最佳行业/主题 ETF 动量为正，持有该 ETF
mom_4m,84,monthly,2025-05-30,512800,银行ETF华宝,sector,银行,0.09782608695652173,512800,0.09782608695652173,511260,0.0006006907944133832,最佳行业/主题 ETF 动量为正，持有该 ETF
mom_4m,84,monthly,2025-06-30,512800,银行ETF华宝,sector,银行,0.1646258503401361,512800,0.1646258503401361,511260,0.012404168527165638,最佳行业/主题 ETF 动量为正，持有该 ETF
mom_4m,84,monthly,2025-07-31,512660,军工ETF国泰,sector,军工,0.14038461538461533,512660,0.14038461538461533,511260,0.013969599598915305,最佳行业/主题 ETF 动量为正，持有该 ETF
mom_4m,84,monthly,2025-08-29,512400,有色金属ETF南方,sector,有色金属,0.4435721295387638,512400,0.4435721295387638,511010,-0.00020216606498191236,最佳行业/主题 ETF 动量为正，持有该 ETF
mom_4m,84,monthly,2025-09-30,512400,有色金属ETF南方,sector,有色金属,0.5668246445497631,512400,0.5668246445497631,511010,0.0023035318414534878,最佳行业/主题 ETF 动量为正，持有该 ETF
mom_4m,84,monthly,2025-10-31,512400,有色金属ETF南方,sector,有色金属,0.5529830810329475,512400,0.5529830810329475,511010,0.0035619454698530006,最佳行业/主题 ETF 动量为正，持有该 ETF
mom_4m,84,monthly,2025-11-28,512400,有色金属ETF南方,sector,有色金属,0.3385703063629224,512400,0.3385703063629224,511010,0.006306482023275439,最佳行业/主题 ETF 动量为正，持有该 ETF
mom_4m,84,monthly,2025-12-31,512400,有色金属ETF南方,sector,有色金属,0.37446504992867347,512400,0.37446504992867347,511010,0.007342536171195846,最佳行业/主题 ETF 动量为正，持有该 ETF
mom_4m,84,monthly,2026-01-30,512400,有色金属ETF南方,sector,有色金属,0.5562208915502329,512400,0.5562208915502329,511260,0.012975438808495277,最佳行业/主题 ETF 动量为正，持有该 ETF
mom_4m,84,monthly,2026-02-27,512400,有色金属ETF南方,sector,有色金属,0.45883777239709467,512400,0.45883777239709467,511260,0.008619783454220764,最佳行业/主题 ETF 动量为正，持有该 ETF
mom_4m,84,monthly,2026-03-31,512400,有色金属ETF南方,sector,有色金属,0.2018181818181819,512400,0.2018181818181819,511010,0.008006428099979868,最佳行业/主题 ETF 动量为正，持有该 ETF
mom_4m,84,monthly,2026-04-30,512480,半导体ETF国联安,sector,半导体,0.26532033426183843,512480,0.26532033426183843,511260,0.013576831672776457,最佳行业/主题 ETF 动量为正，持有该 ETF
mom_4m,84,monthly,2026-05-29,512480,半导体ETF国联安,sector,半导体,0.2750885478158207,512480,0.2750885478158207,511260,0.018062053220554652,最佳行业/主题 ETF 动量为正，持有该 ETF
mom_4m,84,monthly,2026-06-18,512480,半导体ETF国联安,sector,半导体,0.5732403297400126,512480,0.5732403297400126,511260,0.012117062133436551,最佳行业/主题 ETF 动量为正，持有该 ETF
mom_4m,84,quarterly,2015-03-31,CASH,空仓,cash,现金,0.0,,,,,行业和防守资产均无正动量，空仓
mom_4m,84,quarterly,2015-06-30,159928,消费ETF汇添富,sector,消费,0.35880398671096336,159928,0.35880398671096336,511010,-0.008160849271733883,最佳行业/主题 ETF 动量为正，持有该 ETF
mom_4m,84,quarterly,2015-09-30,511010,国债ETF国泰,defensive,国债,0.02830872272923113,159928,-0.315673289183223,511010,0.02830872272923113,最佳行业/主题 ETF 动量为负或不可用，切换到正动量防守资产
mom_4m,84,quarterly,2015-12-31,512010,医药ETF易方达,sector,医药,0.23880597014925375,512010,0.23880597014925375,511010,0.026287060445874477,最佳行业/主题 ETF 动量为正，持有该 ETF
mom_4m,84,quarterly,2016-03-31,511010,国债ETF国泰,defensive,国债,0.027736039841616433,159928,-0.06876790830945545,511010,0.027736039841616433,最佳行业/主题 ETF 动量为负或不可用，切换到正动量防守资产
mom_4m,84,quarterly,2016-06-30,159928,消费ETF汇添富,sector,消费,0.171232876712329,159928,0.171232876712329,511010,0.011012377317845434,最佳行业/主题 ETF 动量为正，持有该 ETF
mom_4m,84,quarterly,2016-09-30,512010,医药ETF易方达,sector,医药,0.13427561837455837,512010,0.13427561837455837,511010,0.020939795776925507,最佳行业/主题 ETF 动量为正，持有该 ETF
mom_4m,84,quarterly,2016-12-30,512010,医药ETF易方达,sector,医药,0.028124999999999956,512010,0.028124999999999956,511010,-0.01783555292941219,最佳行业/主题 ETF 动量为正，持有该 ETF
mom_4m,84,quarterly,2017-03-31,159928,消费ETF汇添富,sector,消费,0.11351351351351346,159928,0.11351351351351346,511010,-0.013446328714388556,最佳行业/主题 ETF 动量为正，持有该 ETF
mom_4m,84,quarterly,2017-06-30,159928,消费ETF汇添富,sector,消费,0.14833759590792828,159928,0.14833759590792828,511010,-0.011852015950376549,最佳行业/主题 ETF 动量为正，持有该 ETF
mom_4m,84,quarterly,2017-09-29,159928,消费ETF汇添富,sector,消费,0.23170731707317072,159928,0.23170731707317072,511010,0.00044798685905211855,最佳行业/主题 ETF 动量为正，持有该 ETF
mom_4m,84,quarterly,2017-12-29,159928,消费ETF汇添富,sector,消费,0.2510729613733904,159928,0.2510729613733904,511010,-0.0055912776069332315,最佳行业/主题 ETF 动量为正，持有该 ETF
mom_4m,84,quarterly,2018-03-30,512010,医药ETF易方达,sector,医药,0.14143920595533488,512010,0.14143920595533488,511010,0.021592010767768288,最佳行业/主题 ETF 动量为正，持有该 ETF
mom_4m,84,quarterly,2018-06-29,512010,医药ETF易方达,sector,医药,0.1771844660194175,512010,0.1771844660194175,511260,0.02959131849794261,最佳行业/主题 ETF 动量为正，持有该 ETF
mom_4m,84,quarterly,2018-09-28,512800,银行ETF华宝,sector,银行,0.037815126050420256,512800,0.037815126050420256,511010,0.014423647840106746,最佳行业/主题 ETF 动量为正，持有该 ETF
mom_4m,84,quarterly,2018-12-28,511260,十年国债ETF国泰,defensive,十年国债,0.04164775420865219,512880,-0.011034482758620734,511260,0.04164775420865219,最佳行业/主题 ETF 动量为负或不可用，切换到正动量防守资产
mom_4m,84,quarterly,2019-03-29,159928,消费ETF汇添富,sector,消费,0.43805309734513265,159928,0.43805309734513265,511260,0.02166781259208328,最佳行业/主题 ETF 动量为正，持有该 ETF
mom_4m,84,quarterly,2019-06-28,159928,消费ETF汇添富,sector,消费,0.26056338028169024,159928,0.26056338028169024,511010,0.0052948614379544345,最佳行业/主题 ETF 动量为正，持有该 ETF
mom_4m,84,quarterly,2019-09-30,512690,酒ETF鹏华,sector,白酒/酒,0.5999999999999999,512690,0.5999999999999999,511260,0.014681765693381088,最佳行业/主题 ETF 动量为正，持有该 ETF
mom_4m,84,quarterly,2019-12-31,512480,半导体ETF国联安,sector,半导体,0.28494623655913953,512480,0.28494623655913953,511010,0.014115834660389126,最佳行业/主题 ETF 动量为正，持有该 ETF
mom_4m,84,quarterly,2020-03-31,512480,半导体ETF国联安,sector,半导体,0.3389544688026982,512480,0.3389544688026982,511260,0.05132765363395575,最佳行业/主题 ETF 动量为正，持有该 ETF
mom_4m,84,quarterly,2020-06-30,512690,酒ETF鹏华,sector,白酒/酒,0.8564814814814816,512690,0.8564814814814816,511010,0.005858798735510984,最佳行业/主题 ETF 动量为正，持有该 ETF
mom_4m,84,quarterly,2020-09-30,512690,酒ETF鹏华,sector,白酒/酒,0.7624999999999997,512690,0.7624999999999997,511260,-0.01717048690922074,最佳行业/主题 ETF 动量为正，持有该 ETF
mom_4m,84,quarterly,2020-12-31,512690,酒ETF鹏华,sector,白酒/酒,0.6392092257001647,512690,0.6392092257001647,511010,0.007011289364230455,最佳行业/主题 ETF 动量为正，持有该 ETF
mom_4m,84,quarterly,2021-03-31,512170,医疗ETF华宝,sector,医疗,0.1296572280178836,512170,0.1296572280178836,511260,0.012735331877688383,最佳行业/主题 ETF 动量为正，持有该 ETF
mom_4m,84,quarterly,2021-06-30,515030,新能源车ETF华夏,sector,新能源车,0.36469072164948435,515030,0.36469072164948435,511260,0.02018907524005864,最佳行业/主题 ETF 动量为正，持有该 ETF
mom_4m,84,quarterly,2021-09-30,515220,煤炭ETF国泰,sector,煤炭,0.5843949044585988,515220,0.5843949044585988,511260,0.022164252617753455,最佳行业/主题 ETF 动量为正，持有该 ETF
mom_4m,84,quarterly,2021-12-31,512980,传媒ETF广发,sector,传媒,0.2452830188679247,512980,0.2452830188679247,511260,0.015146900752418535,最佳行业/主题 ETF 动量为正，持有该 ETF
mom_4m,84,quarterly,2022-03-31,515220,煤炭ETF国泰,sector,煤炭,0.31289910600255433,515220,0.31289910600255433,511260,0.01379972613945557,最佳行业/主题 ETF 动量为正，持有该 ETF
mom_4m,84,quarterly,2022-06-30,515220,煤炭ETF国泰,sector,煤炭,0.21172638436482094,515220,0.21172638436482094,511260,0.008351574931209305,最佳行业/主题 ETF 动量为正，持有该 ETF
mom_4m,84,quarterly,2022-09-30,515220,煤炭ETF国泰,sector,煤炭,0.09765258215962458,515220,0.09765258215962458,511260,0.009974671645298638,最佳行业/主题 ETF 动量为正，持有该 ETF
mom_4m,84,quarterly,2022-12-30,515230,软件ETF国泰,sector,软件,0.07094133697135074,515230,0.07094133697135074,511010,-0.001800151591713095,最佳行业/主题 ETF 动量为正，持有该 ETF
mom_4m,84,quarterly,2023-03-31,512980,传媒ETF广发,sector,传媒,0.4790209790209792,512980,0.4790209790209792,511260,0.0045164946506155434,最佳行业/主题 ETF 动量为正，持有该 ETF
mom_4m,84,quarterly,2023-06-30,512980,传媒ETF广发,sector,传媒,0.32640949554896137,512980,0.32640949554896137,511260,0.025051510989010817,最佳行业/主题 ETF 动量为正，持有该 ETF
mom_4m,84,quarterly,2023-09-28,515220,煤炭ETF国泰,sector,煤炭,0.15914221218961622,515220,0.15914221218961622,511260,0.009988199595414748,最佳行业/主题 ETF 动量为正，持有该 ETF
mom_4m,84,quarterly,2023-12-29,515220,煤炭ETF国泰,sector,煤炭,0.18584070796460184,515220,0.18584070796460184,511260,0.0076461086029075975,最佳行业/主题 ETF 动量为正，持有该 ETF
mom_4m,84,quarterly,2024-03-29,515220,煤炭ETF国泰,sector,煤炭,0.1231813773035888,515220,0.1231813773035888,511260,0.03040119611263381,最佳行业/主题 ETF 动量为正，持有该 ETF
mom_4m,84,quarterly,2024-06-28,512400,有色金属ETF南方,sector,有色金属,0.07126948775055664,512400,0.07126948775055664,511260,0.02332479657665254,最佳行业/主题 ETF 动量为正，持有该 ETF
mom_4m,84,quarterly,2024-09-30,512880,证券ETF国泰,sector,证券,0.31785714285714284,512880,0.31785714285714284,511260,0.01419357932340759,最佳行业/主题 ETF 动量为正，持有该 ETF
mom_4m,84,quarterly,2024-12-31,515230,软件ETF国泰,sector,软件,0.5850202429149798,515230,0.5850202429149798,511260,0.04024083350972507,最佳行业/主题 ETF 动量为正，持有该 ETF
mom_4m,84,quarterly,2025-03-31,512800,银行ETF华宝,sector,银行,0.11566617862371875,512800,0.11566617862371875,511260,0.021156263091747007,最佳行业/主题 ETF 动量为正，持有该 ETF
mom_4m,84,quarterly,2025-06-30,512800,银行ETF华宝,sector,银行,0.1646258503401361,512800,0.1646258503401361,511260,0.012404168527165638,最佳行业/主题 ETF 动量为正，持有该 ETF
mom_4m,84,quarterly,2025-09-30,512400,有色金属ETF南方,sector,有色金属,0.5668246445497631,512400,0.5668246445497631,511010,0.0023035318414534878,最佳行业/主题 ETF 动量为正，持有该 ETF
mom_4m,84,quarterly,2025-12-31,512400,有色金属ETF南方,sector,有色金属,0.37446504992867347,512400,0.37446504992867347,511010,0.007342536171195846,最佳行业/主题 ETF 动量为正，持有该 ETF
mom_4m,84,quarterly,2026-03-31,512400,有色金属ETF南方,sector,有色金属,0.2018181818181819,512400,0.2018181818181819,511010,0.008006428099979868,最佳行业/主题 ETF 动量为正，持有该 ETF
mom_4m,84,quarterly,2026-06-18,512480,半导体ETF国联安,sector,半导体,0.5732403297400126,512480,0.5732403297400126,511260,0.012117062133436551,最佳行业/主题 ETF 动量为正，持有该 ETF
mom_5m,105,weekly,2015-01-09,CASH,空仓,cash,现金,0.0,,,,,行业和防守资产均无正动量，空仓
mom_5m,105,weekly,2015-01-16,CASH,空仓,cash,现金,0.0,,,,,行业和防守资产均无正动量，空仓
mom_5m,105,weekly,2015-01-23,CASH,空仓,cash,现金,0.0,,,,,行业和防守资产均无正动量，空仓
mom_5m,105,weekly,2015-01-30,CASH,空仓,cash,现金,0.0,,,,,行业和防守资产均无正动量，空仓
mom_5m,105,weekly,2015-02-06,CASH,空仓,cash,现金,0.0,,,,,行业和防守资产均无正动量，空仓
mom_5m,105,weekly,2015-02-13,CASH,空仓,cash,现金,0.0,,,,,行业和防守资产均无正动量，空仓
mom_5m,105,weekly,2015-02-17,CASH,空仓,cash,现金,0.0,,,,,行业和防守资产均无正动量，空仓
mom_5m,105,weekly,2015-02-27,CASH,空仓,cash,现金,0.0,,,,,行业和防守资产均无正动量，空仓
mom_5m,105,weekly,2015-03-06,CASH,空仓,cash,现金,0.0,,,,,行业和防守资产均无正动量，空仓
mom_5m,105,weekly,2015-03-13,CASH,空仓,cash,现金,0.0,,,,,行业和防守资产均无正动量，空仓
mom_5m,105,weekly,2015-03-20,CASH,空仓,cash,现金,0.0,,,,,行业和防守资产均无正动量，空仓
mom_5m,105,weekly,2015-03-27,CASH,空仓,cash,现金,0.0,,,,,行业和防守资产均无正动量，空仓
mom_5m,105,weekly,2015-04-03,CASH,空仓,cash,现金,0.0,,,,,行业和防守资产均无正动量，空仓
mom_5m,105,weekly,2015-04-10,CASH,空仓,cash,现金,0.0,,,,,行业和防守资产均无正动量，空仓
mom_5m,105,weekly,2015-04-17,CASH,空仓,cash,现金,0.0,,,,,行业和防守资产均无正动量，空仓
mom_5m,105,weekly,2015-04-24,CASH,空仓,cash,现金,0.0,,,,,行业和防守资产均无正动量，空仓
mom_5m,105,weekly,2015-04-30,CASH,空仓,cash,现金,0.0,,,,,行业和防守资产均无正动量，空仓
mom_5m,105,weekly,2015-05-08,CASH,空仓,cash,现金,0.0,,,,,行业和防守资产均无正动量，空仓
mom_5m,105,weekly,2015-05-15,CASH,空仓,cash,现金,0.0,,,,,行业和防守资产均无正动量，空仓
mom_5m,105,weekly,2015-05-22,CASH,空仓,cash,现金,0.0,,,,,行业和防守资产均无正动量，空仓
mom_5m,105,weekly,2015-05-29,CASH,空仓,cash,现金,0.0,,,,,行业和防守资产均无正动量，空仓
mom_5m,105,weekly,2015-06-05,CASH,空仓,cash,现金,0.0,,,,,行业和防守资产均无正动量，空仓
mom_5m,105,weekly,2015-06-12,159928,消费ETF汇添富,sector,消费,0.6387959866220736,159928,0.6387959866220736,511010,0.03123747695760204,最佳行业/主题 ETF 动量为正，持有该 ETF
mom_5m,105,weekly,2015-06-19,159928,消费ETF汇添富,sector,消费,0.47404844290657455,159928,0.47404844290657455,511010,0.018437208193431864,最佳行业/主题 ETF 动量为正，持有该 ETF
mom_5m,105,weekly,2015-06-26,159928,消费ETF汇添富,sector,消费,0.38541666666666674,159928,0.38541666666666674,511010,0.0024246112768964156,最佳行业/主题 ETF 动量为正，持有该 ETF
mom_5m,105,weekly,2015-07-03,159928,消费ETF汇添富,sector,消费,0.16387959866220725,159928,0.16387959866220725,511010,-0.00011736744813828359,最佳行业/主题 ETF 动量为正，持有该 ETF
mom_5m,105,weekly,2015-07-10,159928,消费ETF汇添富,sector,消费,0.2586206896551724,159928,0.2586206896551724,511010,0.01342196339108015,最佳行业/主题 ETF 动量为正，持有该 ETF
mom_5m,105,weekly,2015-07-17,512010,医药ETF易方达,sector,医药,0.3450980392156864,512010,0.3450980392156864,511010,0.026060001564577995,最佳行业/主题 ETF 动量为正，持有该 ETF
mom_5m,105,weekly,2015-07-24,159928,消费ETF汇添富,sector,消费,0.2919463087248324,159928,0.2919463087248324,511010,0.011092596539497457,最佳行业/主题 ETF 动量为正，持有该 ETF
mom_5m,105,weekly,2015-07-31,512010,医药ETF易方达,sector,医药,0.21509433962264146,512010,0.21509433962264146,511010,0.017734191638343333,最佳行业/主题 ETF 动量为正，持有该 ETF
mom_5m,105,weekly,2015-08-07,512010,医药ETF易方达,sector,医药,0.2271062271062272,512010,0.2271062271062272,511010,0.02882307413467111,最佳行业/主题 ETF 动量为正，持有该 ETF
mom_5m,105,weekly,2015-08-14,159928,消费ETF汇添富,sector,消费,0.2048929663608563,159928,0.2048929663608563,511010,0.02027250930781066,最佳行业/主题 ETF 动量为正，持有该 ETF
mom_5m,105,weekly,2015-08-21,512010,医药ETF易方达,sector,医药,0.057432432432432456,512010,0.057432432432432456,511010,0.013353982818070431,最佳行业/主题 ETF 动量为正，持有该 ETF
mom_5m,105,weekly,2015-08-28,511010,国债ETF国泰,defensive,国债,0.034388872447469465,159928,-0.028901734104046062,511010,0.034388872447469465,最佳行业/主题 ETF 动量为负或不可用，切换到正动量防守资产
mom_5m,105,weekly,2015-09-02,511010,国债ETF国泰,defensive,国债,0.03551260520707511,159928,-0.10027855153203336,511010,0.03551260520707511,最佳行业/主题 ETF 动量为负或不可用，切换到正动量防守资产
mom_5m,105,weekly,2015-09-11,511010,国债ETF国泰,defensive,国债,0.026996758031240686,512010,-0.13988095238095255,511010,0.026996758031240686,最佳行业/主题 ETF 动量为负或不可用，切换到正动量防守资产
mom_5m,105,weekly,2015-09-18,511010,国债ETF国泰,defensive,国债,0.01648799813563273,512010,-0.130841121495327,511010,0.01648799813563273,最佳行业/主题 ETF 动量为负或不可用，切换到正动量防守资产
mom_5m,105,weekly,2015-09-25,511010,国债ETF国泰,defensive,国债,0.012957080880074523,512010,-0.1941176470588235,511010,0.012957080880074523,最佳行业/主题 ETF 动量为负或不可用，切换到正动量防守资产
mom_5m,105,weekly,2015-09-30,511010,国债ETF国泰,defensive,国债,0.014108581030187084,512010,-0.18562874251497008,511010,0.014108581030187084,最佳行业/主题 ETF 动量为负或不可用，切换到正动量防守资产
mom_5m,105,weekly,2015-10-09,511010,国债ETF国泰,defensive,国债,0.01930382200170566,512010,-0.10591900311526492,511010,0.01930382200170566,最佳行业/主题 ETF 动量为负或不可用，切换到正动量防守资产
mom_5m,105,weekly,2015-10-16,511010,国债ETF国泰,defensive,国债,0.017738444891018723,512010,-0.1420289855072464,511010,0.017738444891018723,最佳行业/主题 ETF 动量为负或不可用，切换到正动量防守资产
mom_5m,105,weekly,2015-10-23,511010,国债ETF国泰,defensive,国债,0.02266294425070292,512010,-0.11142857142857132,511010,0.02266294425070292,最佳行业/主题 ETF 动量为负或不可用，切换到正动量防守资产
mom_5m,105,weekly,2015-10-30,511010,国债ETF国泰,defensive,国债,0.02700845768255644,512010,-0.2093023255813954,511010,0.02700845768255644,最佳行业/主题 ETF 动量为负或不可用，切换到正动量防守资产
mom_5m,105,weekly,2015-11-06,511010,国债ETF国泰,defensive,国债,0.03179072086339385,512010,-0.217283950617284,511010,0.03179072086339385,最佳行业/主题 ETF 动量为负或不可用，切换到正动量防守资产
mom_5m,105,weekly,2015-11-13,511010,国债ETF国泰,defensive,国债,0.019987798146480218,512010,-0.18814432989690721,511010,0.019987798146480218,最佳行业/主题 ETF 动量为负或不可用，切换到正动量防守资产
mom_5m,105,weekly,2015-11-20,511010,国债ETF国泰,defensive,国债,0.027575107296137213,512010,-0.18604651162790697,511010,0.027575107296137213,最佳行业/主题 ETF 动量为负或不可用，切换到正动量防守资产
mom_5m,105,weekly,2015-11-27,511010,国债ETF国泰,defensive,国债,0.027063507477179893,512010,-0.17914438502673802,511010,0.027063507477179893,最佳行业/主题 ETF 动量为负或不可用，切换到正动量防守资产
mom_5m,105,weekly,2015-12-04,511010,国债ETF国泰,defensive,国债,0.03463093540637141,512010,-0.0942857142857142,511010,0.03463093540637141,最佳行业/主题 ETF 动量为负或不可用，切换到正动量防守资产
mom_5m,105,weekly,2015-12-11,512010,医药ETF易方达,sector,医药,0.2648221343873518,512010,0.2648221343873518,511010,0.01863801348159244,最佳行业/主题 ETF 动量为正，持有该 ETF
mom_5m,105,weekly,2015-12-18,511010,国债ETF国泰,defensive,国债,0.026693807461146024,512010,-0.006153846153846176,511010,0.026693807461146024,最佳行业/主题 ETF 动量为负或不可用，切换到正动量防守资产
mom_5m,105,weekly,2015-12-25,511010,国债ETF国泰,defensive,国债,0.02182721712538238,512010,-0.02083333333333337,511010,0.02182721712538238,最佳行业/主题 ETF 动量为负或不可用，切换到正动量防守资产
mom_5m,105,weekly,2015-12-31,512010,医药ETF易方达,sector,医药,0.053968253968254,512010,0.053968253968254,511010,0.02360121492292122,最佳行业/主题 ETF 动量为正，持有该 ETF
mom_5m,105,weekly,2016-01-08,511010,国债ETF国泰,defensive,国债,0.025529634662124767,512010,-0.04761904761904767,511010,0.025529634662124767,最佳行业/主题 ETF 动量为负或不可用，切换到正动量防守资产
mom_5m,105,weekly,2016-01-15,511010,国债ETF国泰,defensive,国债,0.025686971606126763,512010,-0.17699115044247782,511010,0.025686971606126763,最佳行业/主题 ETF 动量为负或不可用，切换到正动量防守资产
mom_5m,105,weekly,2016-01-22,511010,国债ETF国泰,defensive,国债,0.03344587770178631,512010,-0.11875000000000013,511010,0.03344587770178631,最佳行业/主题 ETF 动量为负或不可用，切换到正动量防守资产
mom_5m,105,weekly,2016-01-29,512010,医药ETF易方达,sector,医药,0.07751937984496138,512010,0.07751937984496138,511010,0.02689697480924802,最佳行业/主题 ETF 动量为正，持有该 ETF
mom_5m,105,weekly,2016-02-05,512010,医药ETF易方达,sector,医药,0.0253623188405796,512010,0.0253623188405796,511010,0.0168319836137083,最佳行业/主题 ETF 动量为正，持有该 ETF
mom_5m,105,weekly,2016-02-19,511010,国债ETF国泰,defensive,国债,0.02566476415904706,512010,-0.051546391752577136,511010,0.02566476415904706,最佳行业/主题 ETF 动量为负或不可用，切换到正动量防守资产
mom_5m,105,weekly,2016-02-26,511010,国债ETF国泰,defensive,国债,0.0285588752196837,512010,-0.021818181818181848,511010,0.0285588752196837,最佳行业/主题 ETF 动量为负或不可用，切换到正动量防守资产
mom_5m,105,weekly,2016-03-04,511010,国债ETF国泰,defensive,国债,0.02981679870793874,512010,-0.028469750889679735,511010,0.02981679870793874,最佳行业/主题 ETF 动量为负或不可用，切换到正动量防守资产
mom_5m,105,weekly,2016-03-11,511010,国债ETF国泰,defensive,国债,0.03201052400789295,159928,-0.053291536050156796,511010,0.03201052400789295,最佳行业/主题 ETF 动量为负或不可用，切换到正动量防守资产
mom_5m,105,weekly,2016-03-18,511010,国债ETF国泰,defensive,国债,0.022387142519498804,512010,-0.054054054054053946,511010,0.022387142519498804,最佳行业/主题 ETF 动量为负或不可用，切换到正动量防守资产
mom_5m,105,weekly,2016-03-25,511010,国债ETF国泰,defensive,国债,0.027513477726283764,159928,-0.01846153846153853,511010,0.027513477726283764,最佳行业/主题 ETF 动量为负或不可用，切换到正动量防守资产
mom_5m,105,weekly,2016-04-01,511010,国债ETF国泰,defensive,国债,0.02822611056640767,159928,-0.021212121212121238,511010,0.02822611056640767,最佳行业/主题 ETF 动量为负或不可用，切换到正动量防守资产
mom_5m,105,weekly,2016-04-08,511010,国债ETF国泰,defensive,国债,0.029452378700463244,159928,-0.06705539358600587,511010,0.029452378700463244,最佳行业/主题 ETF 动量为负或不可用，切换到正动量防守资产
mom_5m,105,weekly,2016-04-15,511010,国债ETF国泰,defensive,国债,0.03066295455193324,159928,-0.08285714285714274,511010,0.03066295455193324,最佳行业/主题 ETF 动量为负或不可用，切换到正动量防守资产
mom_5m,105,weekly,2016-04-22,511010,国债ETF国泰,defensive,国债,0.025380662442888724,512010,-0.08709677419354844,511010,0.025380662442888724,最佳行业/主题 ETF 动量为负或不可用，切换到正动量防守资产
mom_5m,105,weekly,2016-04-29,511010,国债ETF国泰,defensive,国债,0.022879437862818097,159928,-0.08571428571428563,511010,0.022879437862818097,最佳行业/主题 ETF 动量为负或不可用，切换到正动量防守资产
mom_5m,105,weekly,2016-05-06,511010,国债ETF国泰,defensive,国债,0.021747969401552547,159928,-0.0381231671554253,511010,0.021747969401552547,最佳行业/主题 ETF 动量为负或不可用，切换到正动量防守资产
mom_5m,105,weekly,2016-05-13,511010,国债ETF国泰,defensive,国债,0.024318946901903837,159928,-0.02052785923753664,511010,0.024318946901903837,最佳行业/主题 ETF 动量为负或不可用，切换到正动量防守资产
mom_5m,105,weekly,2016-05-20,511010,国债ETF国泰,defensive,国债,0.021466027841702262,159928,-0.04347826086956508,511010,0.021466027841702262,最佳行业/主题 ETF 动量为负或不可用，切换到正动量防守资产
mom_5m,105,weekly,2016-05-27,511010,国债ETF国泰,defensive,国债,0.013457198243165935,159928,-0.12129380053908356,511010,0.013457198243165935,最佳行业/主题 ETF 动量为负或不可用，切换到正动量防守资产
mom_5m,105,weekly,2016-06-03,511010,国债ETF国泰,defensive,国债,0.007053539814762866,159928,-0.05042016806722682,511010,0.007053539814762866,最佳行业/主题 ETF 动量为负或不可用，切换到正动量防守资产
mom_5m,105,weekly,2016-06-08,511010,国债ETF国泰,defensive,国债,0.013030169710471995,159928,-0.03977272727272718,511010,0.013030169710471995,最佳行业/主题 ETF 动量为负或不可用，切换到正动量防守资产
mom_5m,105,weekly,2016-06-17,159928,消费ETF汇添富,sector,消费,0.04601226993865026,159928,0.04601226993865026,511010,0.012338655524882336,最佳行业/主题 ETF 动量为正，持有该 ETF
mom_5m,105,weekly,2016-06-24,159928,消费ETF汇添富,sector,消费,0.06687898089171984,159928,0.06687898089171984,511010,0.011665875917501678,最佳行业/主题 ETF 动量为正，持有该 ETF
mom_5m,105,weekly,2016-07-01,159928,消费ETF汇添富,sector,消费,0.12377850162866433,159928,0.12377850162866433,511010,0.017550400313167014,最佳行业/主题 ETF 动量为正，持有该 ETF
mom_5m,105,weekly,2016-07-08,159928,消费ETF汇添富,sector,消费,0.19999999999999996,159928,0.19999999999999996,511010,0.020480173250690736,最佳行业/主题 ETF 动量为正，持有该 ETF
mom_5m,105,weekly,2016-07-15,159928,消费ETF汇添富,sector,消费,0.25762711864406795,159928,0.25762711864406795,511010,0.017834205186439966,最佳行业/主题 ETF 动量为正，持有该 ETF
mom_5m,105,weekly,2016-07-22,159928,消费ETF汇添富,sector,消费,0.19016393442622959,159928,0.19016393442622959,511010,0.019588866451390574,最佳行业/主题 ETF 动量为正，持有该 ETF
mom_5m,105,weekly,2016-07-29,159928,消费ETF汇添富,sector,消费,0.2773972602739727,159928,0.2773972602739727,511010,0.0190070289794515,最佳行业/主题 ETF 动量为正，持有该 ETF
mom_5m,105,weekly,2016-08-05,159928,消费ETF汇添富,sector,消费,0.18892508143322484,159928,0.18892508143322484,511010,0.021527436109280318,最佳行业/主题 ETF 动量为正，持有该 ETF
mom_5m,105,weekly,2016-08-12,159928,消费ETF汇添富,sector,消费,0.19155844155844148,159928,0.19155844155844148,511010,0.02188969961850451,最佳行业/主题 ETF 动量为正，持有该 ETF
mom_5m,105,weekly,2016-08-19,159928,消费ETF汇添富,sector,消费,0.13924050632911378,159928,0.13924050632911378,511010,0.019733797367592842,最佳行业/主题 ETF 动量为正，持有该 ETF
mom_5m,105,weekly,2016-08-26,512010,医药ETF易方达,sector,医药,0.14184397163120588,512010,0.14184397163120588,511010,0.013350999714761613,最佳行业/主题 ETF 动量为正，持有该 ETF
mom_5m,105,weekly,2016-09-02,512010,医药ETF易方达,sector,医药,0.13028169014084523,512010,0.13028169014084523,511010,0.009852895263631423,最佳行业/主题 ETF 动量为正，持有该 ETF
mom_5m,105,weekly,2016-09-09,512010,医药ETF易方达,sector,医药,0.13333333333333353,512010,0.13333333333333353,511010,0.01167064877779822,最佳行业/主题 ETF 动量为正，持有该 ETF
mom_5m,105,weekly,2016-09-14,159928,消费ETF汇添富,sector,消费,0.10280373831775691,159928,0.10280373831775691,511010,0.015119666629789474,最佳行业/主题 ETF 动量为正，持有该 ETF
mom_5m,105,weekly,2016-09-23,512010,医药ETF易方达,sector,医药,0.13780918727915203,512010,0.13780918727915203,511010,0.020824648676689872,最佳行业/主题 ETF 动量为正，持有该 ETF
mom_5m,105,weekly,2016-09-30,512010,医药ETF易方达,sector,医药,0.14642857142857135,512010,0.14642857142857135,511010,0.022849101497042,最佳行业/主题 ETF 动量为正，持有该 ETF
mom_5m,105,weekly,2016-10-14,512010,医药ETF易方达,sector,医药,0.1847826086956521,512010,0.1847826086956521,511010,0.02308012390771652,最佳行业/主题 ETF 动量为正，持有该 ETF
mom_5m,105,weekly,2016-10-21,512010,医药ETF易方达,sector,医药,0.16666666666666674,512010,0.16666666666666674,511010,0.025251499769266328,最佳行业/主题 ETF 动量为正，持有该 ETF
mom_5m,105,weekly,2016-10-28,512010,医药ETF易方达,sector,医药,0.17204301075268802,512010,0.17204301075268802,511010,0.02437852324184453,最佳行业/主题 ETF 动量为正，持有该 ETF
mom_5m,105,weekly,2016-11-04,512010,医药ETF易方达,sector,医药,0.18050541516245477,512010,0.18050541516245477,511010,0.025495253149930175,最佳行业/主题 ETF 动量为正，持有该 ETF
mom_5m,105,weekly,2016-11-11,512010,医药ETF易方达,sector,医药,0.16312056737588665,512010,0.16312056737588665,511010,0.02495952634256904,最佳行业/主题 ETF 动量为正，持有该 ETF
mom_5m,105,weekly,2016-11-18,512010,医药ETF易方达,sector,医药,0.16607773851590113,512010,0.16607773851590113,511010,0.012996236717827792,最佳行业/主题 ETF 动量为正，持有该 ETF
mom_5m,105,weekly,2016-11-25,512010,医药ETF易方达,sector,医药,0.16083916083916105,512010,0.16083916083916105,511010,0.010089748078801364,最佳行业/主题 ETF 动量为正，持有该 ETF
mom_5m,105,weekly,2016-12-02,512010,医药ETF易方达,sector,医药,0.13013698630136994,512010,0.13013698630136994,511010,0.0014144791226555764,最佳行业/主题 ETF 动量为正，持有该 ETF
mom_5m,105,weekly,2016-12-09,512010,医药ETF易方达,sector,医药,0.11564625850340149,512010,0.11564625850340149,511010,-0.0041988364008928025,最佳行业/主题 ETF 动量为正，持有该 ETF
mom_5m,105,weekly,2016-12-16,512010,医药ETF易方达,sector,医药,0.03833865814696491,512010,0.03833865814696491,511010,-0.029463754178687518,最佳行业/主题 ETF 动量为正，持有该 ETF
mom_5m,105,weekly,2016-12-23,512010,医药ETF易方达,sector,医药,0.058064516129032295,512010,0.058064516129032295,511010,-0.021174214755295906,最佳行业/主题 ETF 动量为正，持有该 ETF
mom_5m,105,weekly,2016-12-30,512010,医药ETF易方达,sector,医药,0.05787781350482324,512010,0.05787781350482324,511010,-0.014583827365425517,最佳行业/主题 ETF 动量为正，持有该 ETF
mom_5m,105,weekly,2017-01-06,512010,医药ETF易方达,sector,医药,0.05787781350482324,512010,0.05787781350482324,511010,-0.0182190285610333,最佳行业/主题 ETF 动量为正，持有该 ETF
mom_5m,105,weekly,2017-01-13,512010,医药ETF易方达,sector,医药,0.025236593059936974,512010,0.025236593059936974,511010,-0.020127291519338564,最佳行业/主题 ETF 动量为正，持有该 ETF
mom_5m,105,weekly,2017-01-20,512010,医药ETF易方达,sector,医药,0.028301886792452935,512010,0.028301886792452935,511010,-0.01941149283623478,最佳行业/主题 ETF 动量为正，持有该 ETF
mom_5m,105,weekly,2017-01-26,512010,医药ETF易方达,sector,医药,0.034267912772585785,512010,0.034267912772585785,511010,-0.018807697190634243,最佳行业/主题 ETF 动量为正，持有该 ETF
mom_5m,105,weekly,2017-02-03,512010,医药ETF易方达,sector,医药,0.03105590062111796,512010,0.03105590062111796,511010,-0.018700323013827957,最佳行业/主题 ETF 动量为正，持有该 ETF
mom_5m,105,weekly,2017-02-10,159928,消费ETF汇添富,sector,消费,0.03581267217630857,159928,0.03581267217630857,511010,-0.02261313378075247,最佳行业/主题 ETF 动量为正，持有该 ETF
mom_5m,105,weekly,2017-02-17,159928,消费ETF汇添富,sector,消费,0.04132231404958686,159928,0.04132231404958686,511010,-0.015840502526286993,最佳行业/主题 ETF 动量为正，持有该 ETF
mom_5m,105,weekly,2017-02-24,159928,消费ETF汇添富,sector,消费,0.11331444759206799,159928,0.11331444759206799,511010,-0.01600778118153967,最佳行业/主题 ETF 动量为正，持有该 ETF
mom_5m,105,weekly,2017-03-03,159928,消费ETF汇添富,sector,消费,0.0926966292134832,159928,0.0926966292134832,511010,-0.01661008949479925,最佳行业/主题 ETF 动量为正，持有该 ETF
mom_5m,105,weekly,2017-03-10,159928,消费ETF汇添富,sector,消费,0.10795454545454564,159928,0.10795454545454564,511010,-0.022586897063884503,最佳行业/主题 ETF 动量为正，持有该 ETF
mom_5m,105,weekly,2017-03-17,159928,消费ETF汇添富,sector,消费,0.10364145658263313,159928,0.10364145658263313,511010,-0.02102197175964038,最佳行业/主题 ETF 动量为正，持有该 ETF
mom_5m,105,weekly,2017-03-24,159928,消费ETF汇添富,sector,消费,0.14245810055865915,159928,0.14245810055865915,511010,-0.023203613056764993,最佳行业/主题 ETF 动量为正，持有该 ETF
mom_5m,105,weekly,2017-03-31,159928,消费ETF汇添富,sector,消费,0.12261580381471382,159928,0.12261580381471382,511010,-0.022682704212114824,最佳行业/主题 ETF 动量为正，持有该 ETF
mom_5m,105,weekly,2017-04-07,512010,医药ETF易方达,sector,医药,0.12538226299694188,512010,0.12538226299694188,511010,-0.023099481163997293,最佳行业/主题 ETF 动量为正，持有该 ETF
mom_5m,105,weekly,2017-04-14,159928,消费ETF汇添富,sector,消费,0.10597826086956519,159928,0.10597826086956519,511010,-0.0229850827083955,最佳行业/主题 ETF 动量为正，持有该 ETF
mom_5m,105,weekly,2017-04-21,159928,消费ETF汇添富,sector,消费,0.12328767123287676,159928,0.12328767123287676,511010,-0.023912767385742995,最佳行业/主题 ETF 动量为正，持有该 ETF
mom_5m,105,weekly,2017-04-28,159928,消费ETF汇添富,sector,消费,0.10928961748633892,159928,0.10928961748633892,511010,-0.02457801976058238,最佳行业/主题 ETF 动量为正，持有该 ETF
mom_5m,105,weekly,2017-05-05,512010,医药ETF易方达,sector,医药,0.0845921450151057,512010,0.0845921450151057,511010,-0.025948085587639724,最佳行业/主题 ETF 动量为正，持有该 ETF
mom_5m,105,weekly,2017-05-12,159928,消费ETF汇添富,sector,消费,0.0901639344262295,159928,0.0901639344262295,511010,-0.025360590156714435,最佳行业/主题 ETF 动量为正，持有该 ETF
mom_5m,105,weekly,2017-05-19,512010,医药ETF易方达,sector,医药,0.1207430340557274,512010,0.1207430340557274,511010,-0.01942421410129469,最佳行业/主题 ETF 动量为正，持有该 ETF
mom_5m,105,weekly,2017-05-26,159928,消费ETF汇添富,sector,消费,0.1192411924119241,159928,0.1192411924119241,511010,-0.0021949778157156485,最佳行业/主题 ETF 动量为正，持有该 ETF
mom_5m,105,weekly,2017-06-02,159928,消费ETF汇添富,sector,消费,0.12261580381471382,159928,0.12261580381471382,511010,-0.003907958277893031,最佳行业/主题 ETF 动量为正，持有该 ETF
mom_5m,105,weekly,2017-06-09,159928,消费ETF汇添富,sector,消费,0.18836565096952906,159928,0.18836565096952906,511010,-0.009175501134206732,最佳行业/主题 ETF 动量为正，持有该 ETF
mom_5m,105,weekly,2017-06-16,512010,医药ETF易方达,sector,医药,0.15805471124620052,512010,0.15805471124620052,511010,-0.006040560697443853,最佳行业/主题 ETF 动量为正，持有该 ETF
mom_5m,105,weekly,2017-06-23,159928,消费ETF汇添富,sector,消费,0.1837837837837839,159928,0.1837837837837839,511010,-0.0086696645015637,最佳行业/主题 ETF 动量为正，持有该 ETF
mom_5m,105,weekly,2017-06-30,159928,消费ETF汇添富,sector,消费,0.22343324250681196,159928,0.22343324250681196,511010,-0.010655699829028142,最佳行业/主题 ETF 动量为正，持有该 ETF
mom_5m,105,weekly,2017-07-07,159928,消费ETF汇添富,sector,消费,0.19251336898395732,159928,0.19251336898395732,511010,-0.007840889127238793,最佳行业/主题 ETF 动量为正，持有该 ETF
mom_5m,105,weekly,2017-07-14,159928,消费ETF汇添富,sector,消费,0.15159574468085113,159928,0.15159574468085113,511010,-0.004748055712998189,最佳行业/主题 ETF 动量为正，持有该 ETF
mom_5m,105,weekly,2017-07-21,159928,消费ETF汇添富,sector,消费,0.15873015873015883,159928,0.15873015873015883,511010,-0.00959252578511638,最佳行业/主题 ETF 动量为正，持有该 ETF
mom_5m,105,weekly,2017-07-28,159928,消费ETF汇添富,sector,消费,0.13486005089058528,159928,0.13486005089058528,511010,-0.011529081368708893,最佳行业/主题 ETF 动量为正，持有该 ETF
mom_5m,105,weekly,2017-08-04,159928,消费ETF汇添富,sector,消费,0.13881748071979438,159928,0.13881748071979438,511010,-0.01040205272096284,最佳行业/主题 ETF 动量为正，持有该 ETF
mom_5m,105,weekly,2017-08-11,159928,消费ETF汇添富,sector,消费,0.16153846153846163,159928,0.16153846153846163,511010,-0.006810348022682766,最佳行业/主题 ETF 动量为正，持有该 ETF
mom_5m,105,weekly,2017-08-18,159928,消费ETF汇添富,sector,消费,0.18781725888324874,159928,0.18781725888324874,511010,-0.008685448178365807,最佳行业/主题 ETF 动量为正，持有该 ETF
mom_5m,105,weekly,2017-08-25,159928,消费ETF汇添富,sector,消费,0.14180929095354533,159928,0.14180929095354533,511010,-0.009367184399715733,最佳行业/主题 ETF 动量为正，持有该 ETF
mom_5m,105,weekly,2017-09-01,159928,消费ETF汇添富,sector,消费,0.13592233009708754,159928,0.13592233009708754,511010,-0.0080630993000268,最佳行业/主题 ETF 动量为正，持有该 ETF
mom_5m,105,weekly,2017-09-08,159928,消费ETF汇添富,sector,消费,0.1502463054187193,159928,0.1502463054187193,511010,-0.007150181525926391,最佳行业/主题 ETF 动量为正，持有该 ETF
mom_5m,105,weekly,2017-09-15,159928,消费ETF汇添富,sector,消费,0.17283950617283939,159928,0.17283950617283939,511010,-0.004725547607575709,最佳行业/主题 ETF 动量为正，持有该 ETF
mom_5m,105,weekly,2017-09-22,159928,消费ETF汇添富,sector,消费,0.21271393643031788,159928,0.21271393643031788,511010,-0.0016761025029796706,最佳行业/主题 ETF 动量为正，持有该 ETF
mom_5m,105,weekly,2017-09-29,159928,消费ETF汇添富,sector,消费,0.25310173697270466,159928,0.25310173697270466,511010,-0.00036369401210445407,最佳行业/主题 ETF 动量为正，持有该 ETF
mom_5m,105,weekly,2017-10-13,159928,消费ETF汇添富,sector,消费,0.351010101010101,159928,0.351010101010101,511010,0.009750720705443472,最佳行业/主题 ETF 动量为正，持有该 ETF
mom_5m,105,weekly,2017-10-20,159928,消费ETF汇添富,sector,消费,0.3152709359605912,159928,0.3152709359605912,511010,0.00857447069132844,最佳行业/主题 ETF 动量为正，持有该 ETF
mom_5m,105,weekly,2017-10-27,159928,消费ETF汇添富,sector,消费,0.3844282238442822,159928,0.3844282238442822,511010,0.006054718813954141,最佳行业/主题 ETF 动量为正，持有该 ETF
mom_5m,105,weekly,2017-11-03,159928,消费ETF汇添富,sector,消费,0.3446601941747576,159928,0.3446601941747576,511010,-0.006781687575313167,最佳行业/主题 ETF 动量为正，持有该 ETF
mom_5m,105,weekly,2017-11-10,159928,消费ETF汇添富,sector,消费,0.337995337995338,159928,0.337995337995338,511010,-0.0015885771955070904,最佳行业/主题 ETF 动量为正，持有该 ETF
mom_5m,105,weekly,2017-11-17,159928,消费ETF汇添富,sector,消费,0.34498834498834485,159928,0.34498834498834485,511010,-0.0062730111385561615,最佳行业/主题 ETF 动量为正，持有该 ETF
mom_5m,105,weekly,2017-11-24,159928,消费ETF汇添富,sector,消费,0.25799086757990874,159928,0.25799086757990874,511010,-0.00838147861229599,最佳行业/主题 ETF 动量为正，持有该 ETF
mom_5m,105,weekly,2017-12-01,159928,消费ETF汇添富,sector,消费,0.1870824053452116,159928,0.1870824053452116,511010,-0.0037645256510855374,最佳行业/主题 ETF 动量为正，持有该 ETF
mom_5m,105,weekly,2017-12-08,159928,消费ETF汇添富,sector,消费,0.2152466367713004,159928,0.2152466367713004,511010,-0.005666197590002198,最佳行业/主题 ETF 动量为正，持有该 ETF
mom_5m,105,weekly,2017-12-15,159928,消费ETF汇添富,sector,消费,0.34180138568129315,159928,0.34180138568129315,511010,-0.003911793263126406,最佳行业/主题 ETF 动量为正，持有该 ETF
mom_5m,105,weekly,2017-12-22,159928,消费ETF汇添富,sector,消费,0.3470319634703196,159928,0.3470319634703196,511010,-0.0018679717562670728,最佳行业/主题 ETF 动量为正，持有该 ETF
mom_5m,105,weekly,2017-12-29,159928,消费ETF汇添富,sector,消费,0.30717488789237657,159928,0.30717488789237657,511010,-0.002710280373831808,最佳行业/主题 ETF 动量为正，持有该 ETF
mom_5m,105,weekly,2018-01-05,159928,消费ETF汇添富,sector,消费,0.3565022421524664,159928,0.3565022421524664,511010,-0.001652753655666861,最佳行业/主题 ETF 动量为正，持有该 ETF
mom_5m,105,weekly,2018-01-12,159928,消费ETF汇添富,sector,消费,0.36111111111111116,159928,0.36111111111111116,511010,-0.0010177404295050874,最佳行业/主题 ETF 动量为正，持有该 ETF
mom_5m,105,weekly,2018-01-19,159928,消费ETF汇添富,sector,消费,0.31355932203389836,159928,0.31355932203389836,511010,-0.003607786105828348,最佳行业/主题 ETF 动量为正，持有该 ETF
mom_5m,105,weekly,2018-01-26,159928,消费ETF汇添富,sector,消费,0.35913978494623655,159928,0.35913978494623655,511010,-0.000521818537603469,最佳行业/主题 ETF 动量为正，持有该 ETF
mom_5m,105,weekly,2018-02-02,159928,消费ETF汇添富,sector,消费,0.2997858672376872,159928,0.2997858672376872,511010,0.00027048454040934367,最佳行业/主题 ETF 动量为正，持有该 ETF
mom_5m,105,weekly,2018-02-09,159928,消费ETF汇添富,sector,消费,0.15384615384615397,159928,0.15384615384615397,511010,0.003222591671556252,最佳行业/主题 ETF 动量为正，持有该 ETF
mom_5m,105,weekly,2018-02-14,159928,消费ETF汇添富,sector,消费,0.2286324786324785,159928,0.2286324786324785,511010,0.0034987158968249332,最佳行业/主题 ETF 动量为正，持有该 ETF
mom_5m,105,weekly,2018-02-23,159928,消费ETF汇添富,sector,消费,0.26114649681528657,159928,0.26114649681528657,511010,0.0020104992739862215,最佳行业/主题 ETF 动量为正，持有该 ETF
mom_5m,105,weekly,2018-03-02,159928,消费ETF汇添富,sector,消费,0.1900826446280992,159928,0.1900826446280992,511010,0.010449710766934128,最佳行业/主题 ETF 动量为正，持有该 ETF
mom_5m,105,weekly,2018-03-09,512010,医药ETF易方达,sector,医药,0.17333333333333334,512010,0.17333333333333334,511010,0.00888727245598342,最佳行业/主题 ETF 动量为正，持有该 ETF
mom_5m,105,weekly,2018-03-16,512010,医药ETF易方达,sector,医药,0.11139240506329107,512010,0.11139240506329107,511010,0.008862849732715228,最佳行业/主题 ETF 动量为正，持有该 ETF
mom_5m,105,weekly,2018-03-23,512010,医药ETF易方达,sector,医药,0.09336609336609336,512010,0.09336609336609336,511010,0.012613993123037792,最佳行业/主题 ETF 动量为正，持有该 ETF
mom_5m,105,weekly,2018-03-30,512010,医药ETF易方达,sector,医药,0.09263657957244664,512010,0.09263657957244664,511010,0.015950127769509548,最佳行业/主题 ETF 动量为正，持有该 ETF
mom_5m,105,weekly,2018-04-04,512010,医药ETF易方达,sector,医药,0.09879518072289173,512010,0.09879518072289173,511010,0.019324940430402116,最佳行业/主题 ETF 动量为正，持有该 ETF
mom_5m,105,weekly,2018-04-13,512010,医药ETF易方达,sector,医药,0.04895104895104896,512010,0.04895104895104896,511010,0.024143887053168944,最佳行业/主题 ETF 动量为正，持有该 ETF
mom_5m,105,weekly,2018-04-20,512010,医药ETF易方达,sector,医药,0.07469879518072298,512010,0.07469879518072298,511010,0.028542696565853953,最佳行业/主题 ETF 动量为正，持有该 ETF
mom_5m,105,weekly,2018-04-27,512010,医药ETF易方达,sector,医药,0.08490566037735858,512010,0.08490566037735858,511260,0.03532668533140404,最佳行业/主题 ETF 动量为正，持有该 ETF
mom_5m,105,weekly,2018-05-04,512010,医药ETF易方达,sector,医药,0.16129032258064524,512010,0.16129032258064524,511010,0.031832685447511944,最佳行业/主题 ETF 动量为正，持有该 ETF
mom_5m,105,weekly,2018-05-11,512010,医药ETF易方达,sector,医药,0.22166246851385374,512010,0.22166246851385374,511260,0.0284236639616533,最佳行业/主题 ETF 动量为正，持有该 ETF
mom_5m,105,weekly,2018-05-18,512010,医药ETF易方达,sector,医药,0.2706766917293233,512010,0.2706766917293233,511260,0.02947186584929118,最佳行业/主题 ETF 动量为正，持有该 ETF
mom_5m,105,weekly,2018-05-25,512010,医药ETF易方达,sector,医药,0.306930693069307,512010,0.306930693069307,511260,0.03454922738236932,最佳行业/主题 ETF 动量为正，持有该 ETF
mom_5m,105,weekly,2018-06-01,512010,医药ETF易方达,sector,医药,0.22062350119904095,512010,0.22062350119904095,511260,0.03724381106295449,最佳行业/主题 ETF 动量为正，持有该 ETF
mom_5m,105,weekly,2018-06-08,512010,医药ETF易方达,sector,医药,0.25,512010,0.25,511260,0.03142191240078951,最佳行业/主题 ETF 动量为正，持有该 ETF
mom_5m,105,weekly,2018-06-15,512010,医药ETF易方达,sector,医药,0.16746411483253598,512010,0.16746411483253598,511260,0.03442946952334913,最佳行业/主题 ETF 动量为正，持有该 ETF
mom_5m,105,weekly,2018-06-22,512010,医药ETF易方达,sector,医药,0.1561771561771561,512010,0.1561771561771561,511260,0.04250139633895733,最佳行业/主题 ETF 动量为正，持有该 ETF
mom_5m,105,weekly,2018-06-29,512010,医药ETF易方达,sector,医药,0.14117647058823524,512010,0.14117647058823524,511260,0.044180252909085116,最佳行业/主题 ETF 动量为正，持有该 ETF
mom_5m,105,weekly,2018-07-06,512010,医药ETF易方达,sector,医药,0.07656612529002338,512010,0.07656612529002338,511260,0.047003562308880475,最佳行业/主题 ETF 动量为正，持有该 ETF
mom_5m,105,weekly,2018-07-13,512010,医药ETF易方达,sector,医药,0.21014492753623193,512010,0.21014492753623193,511260,0.04441576429111049,最佳行业/主题 ETF 动量为正，持有该 ETF
mom_5m,105,weekly,2018-07-20,512010,医药ETF易方达,sector,医药,0.2827225130890052,512010,0.2827225130890052,511260,0.04919611455367612,最佳行业/主题 ETF 动量为正，持有该 ETF
mom_5m,105,weekly,2018-07-27,512010,医药ETF易方达,sector,医药,0.16009852216748754,512010,0.16009852216748754,511260,0.04229339015626299,最佳行业/主题 ETF 动量为正，持有该 ETF
mom_5m,105,weekly,2018-08-03,512010,医药ETF易方达,sector,医药,0.06845965770171158,512010,0.06845965770171158,511260,0.041564690753723044,最佳行业/主题 ETF 动量为正，持有该 ETF
mom_5m,105,weekly,2018-08-10,512010,医药ETF易方达,sector,医药,0.011363636363636465,512010,0.011363636363636465,511260,0.039754302818657994,最佳行业/主题 ETF 动量为正，持有该 ETF
mom_5m,105,weekly,2018-08-17,511010,国债ETF国泰,defensive,国债,0.016820943415419176,512010,-0.054669703872437414,511010,0.016820943415419176,最佳行业/主题 ETF 动量为负或不可用，切换到正动量防守资产
mom_5m,105,weekly,2018-08-24,511260,十年国债ETF国泰,defensive,十年国债,0.02074624714288653,512010,-0.04269662921348316,511260,0.02074624714288653,最佳行业/主题 ETF 动量为负或不可用，切换到正动量防守资产
mom_5m,105,weekly,2018-08-31,511260,十年国债ETF国泰,defensive,十年国债,0.03114755793631918,512800,-0.06036217303822933,511260,0.03114755793631918,最佳行业/主题 ETF 动量为负或不可用，切换到正动量防守资产
mom_5m,105,weekly,2018-09-07,511260,十年国债ETF国泰,defensive,十年国债,0.020619404442525635,512800,-0.07952286282306154,511260,0.020619404442525635,最佳行业/主题 ETF 动量为负或不可用，切换到正动量防守资产
mom_5m,105,weekly,2018-09-14,511260,十年国债ETF国泰,defensive,十年国债,0.013093473705729108,512800,-0.03941908713692943,511260,0.013093473705729108,最佳行业/主题 ETF 动量为负或不可用，切换到正动量防守资产
mom_5m,105,weekly,2018-09-21,511010,国债ETF国泰,defensive,国债,0.009199094692268428,512800,-0.012121212121212088,511010,0.009199094692268428,最佳行业/主题 ETF 动量为负或不可用，切换到正动量防守资产
mom_5m,105,weekly,2018-09-28,512800,银行ETF华宝,sector,银行,0.010224948875255713,512800,0.010224948875255713,511010,0.013257420231936434,最佳行业/主题 ETF 动量为正，持有该 ETF
mom_5m,105,weekly,2018-10-12,511260,十年国债ETF国泰,defensive,十年国债,0.02087716789573668,512800,-0.04665314401622722,511260,0.02087716789573668,最佳行业/主题 ETF 动量为负或不可用，切换到正动量防守资产
mom_5m,105,weekly,2018-10-19,511260,十年国债ETF国泰,defensive,十年国债,0.02630177393584332,512800,-0.0325203252032521,511260,0.02630177393584332,最佳行业/主题 ETF 动量为负或不可用，切换到正动量防守资产
mom_5m,105,weekly,2018-10-26,512800,银行ETF华宝,sector,银行,0.008213552361396204,512800,0.008213552361396204,511260,0.023287363825533536,最佳行业/主题 ETF 动量为正，持有该 ETF
mom_5m,105,weekly,2018-11-02,512800,银行ETF华宝,sector,银行,0.05508474576271194,512800,0.05508474576271194,511010,0.018572655350715284,最佳行业/主题 ETF 动量为正，持有该 ETF
mom_5m,105,weekly,2018-11-09,511260,十年国债ETF国泰,defensive,十年国债,0.023975172917384935,512800,0.0,511260,0.023975172917384935,最佳行业/主题 ETF 动量为负或不可用，切换到正动量防守资产
mom_5m,105,weekly,2018-11-16,512800,银行ETF华宝,sector,银行,0.01927194860813697,512800,0.01927194860813697,511260,0.03671732646558823,最佳行业/主题 ETF 动量为正，持有该 ETF
mom_5m,105,weekly,2018-11-23,512880,证券ETF国泰,sector,证券,0.05817174515235468,512880,0.05817174515235468,511260,0.03123480797277578,最佳行业/主题 ETF 动量为正，持有该 ETF
mom_5m,105,weekly,2018-11-30,512800,银行ETF华宝,sector,银行,0.08256880733944949,512800,0.08256880733944949,511260,0.027131548123914495,最佳行业/主题 ETF 动量为正，持有该 ETF
mom_5m,105,weekly,2018-12-07,512800,银行ETF华宝,sector,银行,0.09744779582366592,512800,0.09744779582366592,511260,0.02890521498253662,最佳行业/主题 ETF 动量为正，持有该 ETF
mom_5m,105,weekly,2018-12-14,512800,银行ETF华宝,sector,银行,0.037694013303769536,512800,0.037694013303769536,511010,0.02626774571514212,最佳行业/主题 ETF 动量为正，持有该 ETF
mom_5m,105,weekly,2018-12-21,512800,银行ETF华宝,sector,银行,0.011363636363636465,512800,0.011363636363636465,511260,0.024197333599640602,最佳行业/主题 ETF 动量为正，持有该 ETF
mom_5m,105,weekly,2018-12-28,511260,十年国债ETF国泰,defensive,十年国债,0.035547756329907365,512800,-0.04282655246252676,511260,0.035547756329907365,最佳行业/主题 ETF 动量为负或不可用，切换到正动量防守资产
mom_5m,105,weekly,2019-01-04,512880,证券ETF国泰,sector,证券,0.042553191489361764,512880,0.042553191489361764,511260,0.034256523263384686,最佳行业/主题 ETF 动量为正，持有该 ETF
mom_5m,105,weekly,2019-01-11,512880,证券ETF国泰,sector,证券,0.08044382801664351,512880,0.08044382801664351,511260,0.029124666321367343,最佳行业/主题 ETF 动量为正，持有该 ETF
mom_5m,105,weekly,2019-01-18,512880,证券ETF国泰,sector,证券,0.10474860335195535,512880,0.10474860335195535,511260,0.03911634579692391,最佳行业/主题 ETF 动量为正，持有该 ETF
mom_5m,105,weekly,2019-01-25,512880,证券ETF国泰,sector,证券,0.0902777777777779,512880,0.0902777777777779,511260,0.04200349188087227,最佳行业/主题 ETF 动量为正，持有该 ETF
mom_5m,105,weekly,2019-02-01,512880,证券ETF国泰,sector,证券,0.08469945355191255,512880,0.08469945355191255,511260,0.04265555488455419,最佳行业/主题 ETF 动量为正，持有该 ETF
mom_5m,105,weekly,2019-02-15,512880,证券ETF国泰,sector,证券,0.1341632088520055,512880,0.1341632088520055,511260,0.04419345438467803,最佳行业/主题 ETF 动量为正，持有该 ETF
mom_5m,105,weekly,2019-02-22,512880,证券ETF国泰,sector,证券,0.40317919075144526,512880,0.40317919075144526,511260,0.04389889217656506,最佳行业/主题 ETF 动量为正，持有该 ETF
mom_5m,105,weekly,2019-03-01,512880,证券ETF国泰,sector,证券,0.45991561181434615,512880,0.45991561181434615,511260,0.03801852597664124,最佳行业/主题 ETF 动量为正，持有该 ETF
mom_5m,105,weekly,2019-03-08,512880,证券ETF国泰,sector,证券,0.43250688705234164,512880,0.43250688705234164,511260,0.0424137305124741,最佳行业/主题 ETF 动量为正，持有该 ETF
mom_5m,105,weekly,2019-03-15,512880,证券ETF国泰,sector,证券,0.4658119658119657,512880,0.4658119658119657,511260,0.03939521715559313,最佳行业/主题 ETF 动量为正，持有该 ETF
mom_5m,105,weekly,2019-03-22,512880,证券ETF国泰,sector,证券,0.6761453396524486,512880,0.6761453396524486,511260,0.037420541318514466,最佳行业/主题 ETF 动量为正，持有该 ETF
mom_5m,105,weekly,2019-03-29,512880,证券ETF国泰,sector,证券,0.49168975069252085,512880,0.49168975069252085,511260,0.03885104767992331,最佳行业/主题 ETF 动量为正，持有该 ETF
mom_5m,105,weekly,2019-04-04,159928,消费ETF汇添富,sector,消费,0.6746987951807228,159928,0.6746987951807228,511260,0.022810663537741194,最佳行业/主题 ETF 动量为正，持有该 ETF
mom_5m,105,weekly,2019-04-12,159928,消费ETF汇添富,sector,消费,0.50561797752809,159928,0.50561797752809,511260,0.019473741761682817,最佳行业/主题 ETF 动量为正，持有该 ETF
mom_5m,105,weekly,2019-04-19,159928,消费ETF汇添富,sector,消费,0.5043859649122808,159928,0.5043859649122808,511260,0.010256308718852525,最佳行业/主题 ETF 动量为正，持有该 ETF
mom_5m,105,weekly,2019-04-26,159928,消费ETF汇添富,sector,消费,0.515625,159928,0.515625,511010,0.006590341862881877,最佳行业/主题 ETF 动量为正，持有该 ETF
mom_5m,105,weekly,2019-04-30,159928,消费ETF汇添富,sector,消费,0.5309734513274336,159928,0.5309734513274336,511010,0.007318979606338427,最佳行业/主题 ETF 动量为正，持有该 ETF
mom_5m,105,weekly,2019-05-10,159928,消费ETF汇添富,sector,消费,0.5101123595505619,159928,0.5101123595505619,511010,0.014814947032101955,最佳行业/主题 ETF 动量为正，持有该 ETF
mom_5m,105,weekly,2019-05-17,159928,消费ETF汇添富,sector,消费,0.5256410256410255,159928,0.5256410256410255,511010,0.007839251112625067,最佳行业/主题 ETF 动量为正，持有该 ETF
mom_5m,105,weekly,2019-05-24,159928,消费ETF汇添富,sector,消费,0.39451476793248963,159928,0.39451476793248963,511010,0.007441909795568469,最佳行业/主题 ETF 动量为正，持有该 ETF
mom_5m,105,weekly,2019-05-31,159928,消费ETF汇添富,sector,消费,0.49010989010989015,159928,0.49010989010989015,511010,0.010183155363835628,最佳行业/主题 ETF 动量为正，持有该 ETF
mom_5m,105,weekly,2019-06-06,159928,消费ETF汇添富,sector,消费,0.4697986577181208,159928,0.4697986577181208,511260,0.009350163627863672,最佳行业/主题 ETF 动量为正，持有该 ETF
mom_5m,105,weekly,2019-06-14,159928,消费ETF汇添富,sector,消费,0.5357142857142856,159928,0.5357142857142856,511010,0.00366268192637742,最佳行业/主题 ETF 动量为正，持有该 ETF
mom_5m,105,weekly,2019-06-21,159928,消费ETF汇添富,sector,消费,0.5214592274678109,159928,0.5214592274678109,511010,0.005548970543044041,最佳行业/主题 ETF 动量为正，持有该 ETF
mom_5m,105,weekly,2019-06-28,159928,消费ETF汇添富,sector,消费,0.4732510288065843,159928,0.4732510288065843,511010,0.0049154283005783395,最佳行业/主题 ETF 动量为正，持有该 ETF
mom_5m,105,weekly,2019-07-05,159928,消费ETF汇添富,sector,消费,0.514344262295082,159928,0.514344262295082,511010,0.008836576046378886,最佳行业/主题 ETF 动量为正，持有该 ETF
mom_5m,105,weekly,2019-07-12,159928,消费ETF汇添富,sector,消费,0.4769539078156313,159928,0.4769539078156313,511010,0.005983145575275461,最佳行业/主题 ETF 动量为正，持有该 ETF
mom_5m,105,weekly,2019-07-19,159928,消费ETF汇添富,sector,消费,0.37571157495256147,159928,0.37571157495256147,511010,0.004974124064619945,最佳行业/主题 ETF 动量为正，持有该 ETF
mom_5m,105,weekly,2019-07-26,159928,消费ETF汇添富,sector,消费,0.33149171270718214,159928,0.33149171270718214,511260,0.007981038986166089,最佳行业/主题 ETF 动量为正，持有该 ETF
mom_5m,105,weekly,2019-08-02,159928,消费ETF汇添富,sector,消费,0.23103448275862082,159928,0.23103448275862082,511260,0.01436525180414372,最佳行业/主题 ETF 动量为正，持有该 ETF
mom_5m,105,weekly,2019-08-09,159928,消费ETF汇添富,sector,消费,0.23487544483985734,159928,0.23487544483985734,511260,0.022094958015710375,最佳行业/主题 ETF 动量为正，持有该 ETF
mom_5m,105,weekly,2019-08-16,159928,消费ETF汇添富,sector,消费,0.23247863247863254,159928,0.23247863247863254,511260,0.01966579735342422,最佳行业/主题 ETF 动量为正，持有该 ETF
mom_5m,105,weekly,2019-08-23,159928,消费ETF汇添富,sector,消费,0.18840579710144922,159928,0.18840579710144922,511010,0.013557922114438181,最佳行业/主题 ETF 动量为正，持有该 ETF
mom_5m,105,weekly,2019-08-30,159928,消费ETF汇添富,sector,消费,0.17846153846153845,159928,0.17846153846153845,511260,0.012296185202276488,最佳行业/主题 ETF 动量为正，持有该 ETF
mom_5m,105,weekly,2019-09-06,159928,消费ETF汇添富,sector,消费,0.07757404795486611,159928,0.07757404795486611,511260,0.02815776140925208,最佳行业/主题 ETF 动量为正，持有该 ETF
mom_5m,105,weekly,2019-09-12,159928,消费ETF汇添富,sector,消费,0.10895522388059686,159928,0.10895522388059686,511260,0.025147236631694048,最佳行业/主题 ETF 动量为正，持有该 ETF
mom_5m,105,weekly,2019-09-20,159928,消费ETF汇添富,sector,消费,0.09620991253644307,159928,0.09620991253644307,511260,0.028437876664674233,最佳行业/主题 ETF 动量为正，持有该 ETF
mom_5m,105,weekly,2019-09-27,159928,消费ETF汇添富,sector,消费,0.08100147275405001,159928,0.08100147275405001,511260,0.027303720733732106,最佳行业/主题 ETF 动量为正，持有该 ETF
mom_5m,105,weekly,2019-09-30,159928,消费ETF汇添富,sector,消费,0.06413994169096204,159928,0.06413994169096204,511260,0.028929604628736616,最佳行业/主题 ETF 动量为正，持有该 ETF
mom_5m,105,weekly,2019-10-11,512690,酒ETF鹏华,sector,白酒/酒,0.6692913385826771,512690,0.6692913385826771,511260,0.02331261968968623,最佳行业/主题 ETF 动量为正，持有该 ETF
mom_5m,105,weekly,2019-10-18,512690,酒ETF鹏华,sector,白酒/酒,0.26875000000000004,512690,0.26875000000000004,511010,0.016481100381686042,最佳行业/主题 ETF 动量为正，持有该 ETF
mom_5m,105,weekly,2019-10-25,512690,酒ETF鹏华,sector,白酒/酒,0.40714285714285703,512690,0.40714285714285703,511010,0.015441809776590265,最佳行业/主题 ETF 动量为正，持有该 ETF
mom_5m,105,weekly,2019-11-01,512690,酒ETF鹏华,sector,白酒/酒,0.5611510791366905,512690,0.5611510791366905,511010,0.011620768286265681,最佳行业/主题 ETF 动量为正，持有该 ETF
mom_5m,105,weekly,2019-11-08,512690,酒ETF鹏华,sector,白酒/酒,1.0,512690,1.0,511010,0.008943871306172468,最佳行业/主题 ETF 动量为正，持有该 ETF
mom_5m,105,weekly,2019-11-15,512690,酒ETF鹏华,sector,白酒/酒,0.7669172932330826,512690,0.7669172932330826,511010,0.013380886450866658,最佳行业/主题 ETF 动量为正，持有该 ETF
mom_5m,105,weekly,2019-11-22,512690,酒ETF鹏华,sector,白酒/酒,0.48684210526315796,512690,0.48684210526315796,511010,0.013835719404967861,最佳行业/主题 ETF 动量为正，持有该 ETF
mom_5m,105,weekly,2019-11-29,512480,半导体ETF国联安,sector,半导体,0.21832358674463936,512480,0.21832358674463936,511010,0.014221942675437527,最佳行业/主题 ETF 动量为正，持有该 ETF
mom_5m,105,weekly,2019-12-06,512480,半导体ETF国联安,sector,半导体,0.35856573705179295,512480,0.35856573705179295,511010,0.012274317948360869,最佳行业/主题 ETF 动量为正，持有该 ETF
mom_5m,105,weekly,2019-12-13,512480,半导体ETF国联安,sector,半导体,0.5010266940451746,512480,0.5010266940451746,511010,0.010858774969957574,最佳行业/主题 ETF 动量为正，持有该 ETF
mom_5m,105,weekly,2019-12-20,512480,半导体ETF国联安,sector,半导体,0.41948310139165,512480,0.41948310139165,511010,0.011137601587108303,最佳行业/主题 ETF 动量为正，持有该 ETF
mom_5m,105,weekly,2019-12-27,512480,半导体ETF国联安,sector,半导体,0.3541666666666665,512480,0.3541666666666665,511010,0.01788370373591963,最佳行业/主题 ETF 动量为正，持有该 ETF
mom_5m,105,weekly,2020-01-03,512480,半导体ETF国联安,sector,半导体,0.40413533834586457,512480,0.40413533834586457,511010,0.013702679673778917,最佳行业/主题 ETF 动量为正，持有该 ETF
mom_5m,105,weekly,2020-01-10,512690,酒ETF鹏华,sector,白酒/酒,0.7124183006535949,512690,0.7124183006535949,511010,0.01354628603104202,最佳行业/主题 ETF 动量为正，持有该 ETF
mom_5m,105,weekly,2020-01-17,512480,半导体ETF国联安,sector,半导体,0.6120857699805067,512480,0.6120857699805067,511010,0.010791304798245749,最佳行业/主题 ETF 动量为正，持有该 ETF
mom_5m,105,weekly,2020-01-23,512480,半导体ETF国联安,sector,半导体,0.6745886654478976,512480,0.6745886654478976,511010,0.022320501280897354,最佳行业/主题 ETF 动量为正，持有该 ETF
mom_5m,105,weekly,2020-02-07,512480,半导体ETF国联安,sector,半导体,0.6523297491039426,512480,0.6523297491039426,511260,0.027988709478145912,最佳行业/主题 ETF 动量为正，持有该 ETF
mom_5m,105,weekly,2020-02-14,512480,半导体ETF国联安,sector,半导体,0.6357615894039736,512480,0.6357615894039736,511260,0.029718501335716407,最佳行业/主题 ETF 动量为正，持有该 ETF
mom_5m,105,weekly,2020-02-21,512480,半导体ETF国联安,sector,半导体,0.794348508634223,512480,0.794348508634223,511260,0.025556495054960715,最佳行业/主题 ETF 动量为正，持有该 ETF
mom_5m,105,weekly,2020-02-28,512480,半导体ETF国联安,sector,半导体,0.6392914653784219,512480,0.6392914653784219,511260,0.036760433237756684,最佳行业/主题 ETF 动量为正，持有该 ETF
mom_5m,105,weekly,2020-03-06,512480,半导体ETF国联安,sector,半导体,0.5414710485133021,512480,0.5414710485133021,511260,0.045317652440767686,最佳行业/主题 ETF 动量为正，持有该 ETF
mom_5m,105,weekly,2020-03-13,512480,半导体ETF国联安,sector,半导体,0.5897009966777409,512480,0.5897009966777409,511260,0.044612112135982374,最佳行业/主题 ETF 动量为正，持有该 ETF
mom_5m,105,weekly,2020-03-20,512480,半导体ETF国联安,sector,半导体,0.5305084745762714,512480,0.5305084745762714,511260,0.04022862167509356,最佳行业/主题 ETF 动量为正，持有该 ETF
mom_5m,105,weekly,2020-03-27,512480,半导体ETF国联安,sector,半导体,0.40721649484536093,512480,0.40721649484536093,511260,0.05308936774168793,最佳行业/主题 ETF 动量为正，持有该 ETF
mom_5m,105,weekly,2020-04-03,512480,半导体ETF国联安,sector,半导体,0.425496688741722,512480,0.425496688741722,511260,0.06208267397429457,最佳行业/主题 ETF 动量为正，持有该 ETF
mom_5m,105,weekly,2020-04-10,512480,半导体ETF国联安,sector,半导体,0.3440514469453375,512480,0.3440514469453375,511260,0.06331781096059097,最佳行业/主题 ETF 动量为正，持有该 ETF
mom_5m,105,weekly,2020-04-17,512480,半导体ETF国联安,sector,半导体,0.4932432432432434,512480,0.4932432432432434,511260,0.06562007609238685,最佳行业/主题 ETF 动量为正，持有该 ETF
mom_5m,105,weekly,2020-04-24,512480,半导体ETF国联安,sector,半导体,0.30529595015576305,512480,0.30529595015576305,511260,0.066786400068783,最佳行业/主题 ETF 动量为正，持有该 ETF
mom_5m,105,weekly,2020-04-30,512480,半导体ETF国联安,sector,半导体,0.5362563237774032,512480,0.5362563237774032,511010,0.06786373755328134,最佳行业/主题 ETF 动量为正，持有该 ETF
mom_5m,105,weekly,2020-05-08,512480,半导体ETF国联安,sector,半导体,0.5451612903225806,512480,0.5451612903225806,511010,0.05770358868184955,最佳行业/主题 ETF 动量为正，持有该 ETF
mom_5m,105,weekly,2020-05-15,512480,半导体ETF国联安,sector,半导体,0.5119760479041915,512480,0.5119760479041915,511010,0.05636043162374782,最佳行业/主题 ETF 动量为正，持有该 ETF
mom_5m,105,weekly,2020-05-22,512170,医疗ETF华宝,sector,医疗,0.32367149758454117,512170,0.32367149758454117,511260,0.05497898619092556,最佳行业/主题 ETF 动量为正，持有该 ETF
mom_5m,105,weekly,2020-05-29,512690,酒ETF鹏华,sector,白酒/酒,0.383259911894273,512690,0.383259911894273,511260,0.049710507710240215,最佳行业/主题 ETF 动量为正，持有该 ETF
mom_5m,105,weekly,2020-06-05,512690,酒ETF鹏华,sector,白酒/酒,0.5520361990950227,512690,0.5520361990950227,511260,0.027977458919354214,最佳行业/主题 ETF 动量为正，持有该 ETF
mom_5m,105,weekly,2020-06-12,512690,酒ETF鹏华,sector,白酒/酒,0.46808510638297873,512690,0.46808510638297873,511260,0.03752784492156014,最佳行业/主题 ETF 动量为正，持有该 ETF
mom_5m,105,weekly,2020-06-19,512170,医疗ETF华宝,sector,医疗,0.4439359267734553,512170,0.4439359267734553,511260,0.0251485708895387,最佳行业/主题 ETF 动量为正，持有该 ETF
mom_5m,105,weekly,2020-06-24,512170,医疗ETF华宝,sector,医疗,0.4772727272727273,512170,0.4772727272727273,511260,0.025898614900909278,最佳行业/主题 ETF 动量为正，持有该 ETF
mom_5m,105,weekly,2020-07-03,512690,酒ETF鹏华,sector,白酒/酒,0.810483870967742,512690,0.810483870967742,511260,0.021321360810024004,最佳行业/主题 ETF 动量为正，持有该 ETF
mom_5m,105,weekly,2020-07-10,512690,酒ETF鹏华,sector,白酒/酒,1.7675675675675677,512690,1.7675675675675677,511010,0.0006582334028135683,最佳行业/主题 ETF 动量为正，持有该 ETF
mom_5m,105,weekly,2020-07-17,512690,酒ETF鹏华,sector,白酒/酒,1.4405940594059405,512690,1.4405940594059405,511010,0.003825702993991653,最佳行业/主题 ETF 动量为正，持有该 ETF
mom_5m,105,weekly,2020-07-24,512690,酒ETF鹏华,sector,白酒/酒,1.0598290598290596,512690,1.0598290598290596,511010,0.011297191334031842,最佳行业/主题 ETF 动量为正，持有该 ETF
mom_5m,105,weekly,2020-07-31,512690,酒ETF鹏华,sector,白酒/酒,1.44392523364486,512690,1.44392523364486,511010,0.0026776241558748026,最佳行业/主题 ETF 动量为正，持有该 ETF
mom_5m,105,weekly,2020-08-07,512690,酒ETF鹏华,sector,白酒/酒,0.9835390946502058,512690,0.9835390946502058,511010,-0.003017602682313436,最佳行业/主题 ETF 动量为正，持有该 ETF
mom_5m,105,weekly,2020-08-14,512690,酒ETF鹏华,sector,白酒/酒,1.442857142857143,512690,1.442857142857143,511010,-0.011664236617371482,最佳行业/主题 ETF 动量为正，持有该 ETF
mom_5m,105,weekly,2020-08-21,512690,酒ETF鹏华,sector,白酒/酒,2.9492753623188404,512690,2.9492753623188404,511010,-0.002811376817083766,最佳行业/主题 ETF 动量为正，持有该 ETF
mom_5m,105,weekly,2020-08-28,512690,酒ETF鹏华,sector,白酒/酒,2.68,512690,2.68,511010,-0.01829537779037871,最佳行业/主题 ETF 动量为正，持有该 ETF
mom_5m,105,weekly,2020-09-04,512690,酒ETF鹏华,sector,白酒/酒,2.2473684210526317,512690,2.2473684210526317,511010,-0.02301090426634611,最佳行业/主题 ETF 动量为正，持有该 ETF
mom_5m,105,weekly,2020-09-11,512690,酒ETF鹏华,sector,白酒/酒,1.8436018957345972,512690,1.8436018957345972,511260,-0.028936724666793312,最佳行业/主题 ETF 动量为正，持有该 ETF
mom_5m,105,weekly,2020-09-18,512690,酒ETF鹏华,sector,白酒/酒,1.7209302325581395,512690,1.7209302325581395,511260,-0.03211497196025748,最佳行业/主题 ETF 动量为正，持有该 ETF
mom_5m,105,weekly,2020-09-25,512690,酒ETF鹏华,sector,白酒/酒,1.340425531914894,512690,1.340425531914894,511260,-0.036527922054662154,最佳行业/主题 ETF 动量为正，持有该 ETF
mom_5m,105,weekly,2020-09-30,512690,酒ETF鹏华,sector,白酒/酒,1.3797468354430378,512690,1.3797468354430378,511260,-0.040765071278545006,最佳行业/主题 ETF 动量为正，持有该 ETF
mom_5m,105,weekly,2020-10-09,512690,酒ETF鹏华,sector,白酒/酒,1.3801652892561984,512690,1.3801652892561984,511260,-0.03995986993559486,最佳行业/主题 ETF 动量为正，持有该 ETF
mom_5m,105,weekly,2020-10-16,512690,酒ETF鹏华,sector,白酒/酒,1.2910447761194028,512690,1.2910447761194028,511260,-0.030904857254170026,最佳行业/主题 ETF 动量为正，持有该 ETF
mom_5m,105,weekly,2020-10-23,512690,酒ETF鹏华,sector,白酒/酒,1.1029900332225915,512690,1.1029900332225915,511260,-0.02572780203784575,最佳行业/主题 ETF 动量为正，持有该 ETF
mom_5m,105,weekly,2020-10-30,512690,酒ETF鹏华,sector,白酒/酒,1.1926910299003324,512690,1.1926910299003324,511260,-0.024399119375557277,最佳行业/主题 ETF 动量为正，持有该 ETF
mom_5m,105,weekly,2020-11-06,512690,酒ETF鹏华,sector,白酒/酒,1.1843749999999997,512690,1.1843749999999997,511260,-0.01652029780492492,最佳行业/主题 ETF 动量为正，持有该 ETF
mom_5m,105,weekly,2020-11-13,512690,酒ETF鹏华,sector,白酒/酒,1.0683760683760686,512690,1.0683760683760686,511260,-0.01899960513145449,最佳行业/主题 ETF 动量为正，持有该 ETF
mom_5m,105,weekly,2020-11-20,512690,酒ETF鹏华,sector,白酒/酒,1.2470930232558142,512690,1.2470930232558142,511010,-0.017738488764232563,最佳行业/主题 ETF 动量为正，持有该 ETF
mom_5m,105,weekly,2020-11-27,512690,酒ETF鹏华,sector,白酒/酒,0.9894459102902375,512690,0.9894459102902375,511010,-0.007555274794693534,最佳行业/主题 ETF 动量为正，持有该 ETF
mom_5m,105,weekly,2020-12-04,512690,酒ETF鹏华,sector,白酒/酒,0.7183406113537119,512690,0.7183406113537119,511010,-0.013033155545152053,最佳行业/主题 ETF 动量为正，持有该 ETF
mom_5m,105,weekly,2020-12-11,512690,酒ETF鹏华,sector,白酒/酒,0.6494023904382469,512690,0.6494023904382469,511260,0.0020430540847025114,最佳行业/主题 ETF 动量为正，持有该 ETF
mom_5m,105,weekly,2020-12-18,512690,酒ETF鹏华,sector,白酒/酒,0.821285140562249,512690,0.821285140562249,511260,-0.010836114200963975,最佳行业/主题 ETF 动量为正，持有该 ETF
mom_5m,105,weekly,2020-12-25,512690,酒ETF鹏华,sector,白酒/酒,0.7047619047619047,512690,0.7047619047619047,511010,-0.010357548240635617,最佳行业/主题 ETF 动量为正，持有该 ETF
mom_5m,105,weekly,2020-12-31,512690,酒ETF鹏华,sector,白酒/酒,0.9208494208494207,512690,0.9208494208494207,511010,-0.006698147962088563,最佳行业/主题 ETF 动量为正，持有该 ETF
mom_5m,105,weekly,2021-01-08,512690,酒ETF鹏华,sector,白酒/酒,1.0842911877394639,512690,1.0842911877394639,511260,-0.0014850290508808817,最佳行业/主题 ETF 动量为正，持有该 ETF
mom_5m,105,weekly,2021-01-15,512690,酒ETF鹏华,sector,白酒/酒,1.035490605427975,512690,1.035490605427975,511260,0.0066821777570964525,最佳行业/主题 ETF 动量为正，持有该 ETF
mom_5m,105,weekly,2021-01-22,512690,酒ETF鹏华,sector,白酒/酒,0.7810218978102188,512690,0.7810218978102188,511260,0.005003945597177761,最佳行业/主题 ETF 动量为正，持有该 ETF
mom_5m,105,weekly,2021-01-29,512690,酒ETF鹏华,sector,白酒/酒,0.6566164154103853,512690,0.6566164154103853,511010,0.00562378250190565,最佳行业/主题 ETF 动量为正，持有该 ETF
mom_5m,105,weekly,2021-02-05,512690,酒ETF鹏华,sector,白酒/酒,0.7017543859649122,512690,0.7017543859649122,511010,0.006201340235006958,最佳行业/主题 ETF 动量为正，持有该 ETF
mom_5m,105,weekly,2021-02-10,512690,酒ETF鹏华,sector,白酒/酒,0.9648241206030153,512690,0.9648241206030153,511010,0.01066907160359376,最佳行业/主题 ETF 动量为正，持有该 ETF
mom_5m,105,weekly,2021-02-19,512690,酒ETF鹏华,sector,白酒/酒,1.0,512690,1.0,511010,0.006991049081576328,最佳行业/主题 ETF 动量为正，持有该 ETF
mom_5m,105,weekly,2021-02-26,512690,酒ETF鹏华,sector,白酒/酒,0.46205733558178763,512690,0.46205733558178763,511010,0.007059381859168212,最佳行业/主题 ETF 动量为正，持有该 ETF
mom_5m,105,weekly,2021-03-05,512690,酒ETF鹏华,sector,白酒/酒,0.4608540925266902,512690,0.4608540925266902,511010,0.006826658565810995,最佳行业/主题 ETF 动量为正，持有该 ETF
mom_5m,105,weekly,2021-03-12,512400,有色金属ETF南方,sector,有色金属,0.4463806970509383,512400,0.4463806970509383,511010,0.009777672337829557,最佳行业/主题 ETF 动量为正，持有该 ETF
mom_5m,105,weekly,2021-03-19,512400,有色金属ETF南方,sector,有色金属,0.33333333333333326,512400,0.33333333333333326,511010,0.011078518896399325,最佳行业/主题 ETF 动量为正，持有该 ETF
mom_5m,105,weekly,2021-03-26,512400,有色金属ETF南方,sector,有色金属,0.2791293213828425,512400,0.2791293213828425,511010,0.006076484259454951,最佳行业/主题 ETF 动量为正，持有该 ETF
mom_5m,105,weekly,2021-04-02,512690,酒ETF鹏华,sector,白酒/酒,0.33817126269956477,512690,0.33817126269956477,511010,0.010681879739978362,最佳行业/主题 ETF 动量为正，持有该 ETF
mom_5m,105,weekly,2021-04-09,515220,煤炭ETF国泰,sector,煤炭,0.3226600985221675,515220,0.3226600985221675,511010,0.005154465234777028,最佳行业/主题 ETF 动量为正，持有该 ETF
mom_5m,105,weekly,2021-04-16,515220,煤炭ETF国泰,sector,煤炭,0.2714617169373552,515220,0.2714617169373552,511260,0.014966481803073695,最佳行业/主题 ETF 动量为正，持有该 ETF
mom_5m,105,weekly,2021-04-23,512690,酒ETF鹏华,sector,白酒/酒,0.31880108991825606,512690,0.31880108991825606,511260,0.02063545589089344,最佳行业/主题 ETF 动量为正，持有该 ETF
mom_5m,105,weekly,2021-04-30,512690,酒ETF鹏华,sector,白酒/酒,0.3198924731182795,512690,0.3198924731182795,511260,0.019538754205283393,最佳行业/主题 ETF 动量为正，持有该 ETF
mom_5m,105,weekly,2021-05-07,515220,煤炭ETF国泰,sector,煤炭,0.32776617954070986,515220,0.32776617954070986,511260,0.019556372227326424,最佳行业/主题 ETF 动量为正，持有该 ETF
mom_5m,105,weekly,2021-05-14,515220,煤炭ETF国泰,sector,煤炭,0.3090128755364805,515220,0.3090128755364805,511260,0.01776037968533939,最佳行业/主题 ETF 动量为正，持有该 ETF
mom_5m,105,weekly,2021-05-21,512690,酒ETF鹏华,sector,白酒/酒,0.2657004830917875,512690,0.2657004830917875,511260,0.025392579568092266,最佳行业/主题 ETF 动量为正，持有该 ETF
mom_5m,105,weekly,2021-05-28,512690,酒ETF鹏华,sector,白酒/酒,0.24476295479603083,512690,0.24476295479603083,511260,0.027213689310380262,最佳行业/主题 ETF 动量为正，持有该 ETF
mom_5m,105,weekly,2021-06-04,512690,酒ETF鹏华,sector,白酒/酒,0.3106145251396648,512690,0.3106145251396648,511260,0.024049592949436205,最佳行业/主题 ETF 动量为正，持有该 ETF
mom_5m,105,weekly,2021-06-11,515220,煤炭ETF国泰,sector,煤炭,0.3326693227091635,515220,0.3326693227091635,511260,0.020872599697687733,最佳行业/主题 ETF 动量为正，持有该 ETF
mom_5m,105,weekly,2021-06-18,515220,煤炭ETF国泰,sector,煤炭,0.33608247422680426,515220,0.33608247422680426,511260,0.016601290178654526,最佳行业/主题 ETF 动量为正，持有该 ETF
mom_5m,105,weekly,2021-06-25,515220,煤炭ETF国泰,sector,煤炭,0.5336225596529283,515220,0.5336225596529283,511260,0.0130445233340728,最佳行业/主题 ETF 动量为正，持有该 ETF
mom_5m,105,weekly,2021-07-02,515220,煤炭ETF国泰,sector,煤炭,0.32558139534883734,515220,0.32558139534883734,511260,0.01614720934099423,最佳行业/主题 ETF 动量为正，持有该 ETF
mom_5m,105,weekly,2021-07-09,515220,煤炭ETF国泰,sector,煤炭,0.41095890410958913,515220,0.41095890410958913,511260,0.030944534435569437,最佳行业/主题 ETF 动量为正，持有该 ETF
mom_5m,105,weekly,2021-07-16,515220,煤炭ETF国泰,sector,煤炭,0.6324582338902149,515220,0.6324582338902149,511260,0.03340931292738514,最佳行业/主题 ETF 动量为正，持有该 ETF
mom_5m,105,weekly,2021-07-23,515030,新能源车ETF华夏,sector,新能源车,0.41238317757009346,515030,0.41238317757009346,511260,0.03474907063197019,最佳行业/主题 ETF 动量为正，持有该 ETF
mom_5m,105,weekly,2021-07-30,512480,半导体ETF国联安,sector,半导体,0.5581395348837208,512480,0.5581395348837208,511260,0.03828742993651302,最佳行业/主题 ETF 动量为正，持有该 ETF
mom_5m,105,weekly,2021-08-06,515030,新能源车ETF华夏,sector,新能源车,0.6751467710371821,515030,0.6751467710371821,511260,0.04097090082146004,最佳行业/主题 ETF 动量为正，持有该 ETF
mom_5m,105,weekly,2021-08-13,515030,新能源车ETF华夏,sector,新能源车,0.6309523809523812,515030,0.6309523809523812,511260,0.03512839297803083,最佳行业/主题 ETF 动量为正，持有该 ETF
mom_5m,105,weekly,2021-08-20,515030,新能源车ETF华夏,sector,新能源车,0.6269678302532509,515030,0.6269678302532509,511260,0.040459902591367225,最佳行业/主题 ETF 动量为正，持有该 ETF
mom_5m,105,weekly,2021-08-27,515220,煤炭ETF国泰,sector,煤炭,0.7714285714285714,515220,0.7714285714285714,511260,0.03658694966511433,最佳行业/主题 ETF 动量为正，持有该 ETF
mom_5m,105,weekly,2021-09-03,515220,煤炭ETF国泰,sector,煤炭,0.8611111111111109,515220,0.8611111111111109,511260,0.0387098567022055,最佳行业/主题 ETF 动量为正，持有该 ETF
mom_5m,105,weekly,2021-09-10,515220,煤炭ETF国泰,sector,煤炭,1.045112781954887,515220,1.045112781954887,511260,0.03441293674935508,最佳行业/主题 ETF 动量为正，持有该 ETF
mom_5m,105,weekly,2021-09-17,515220,煤炭ETF国泰,sector,煤炭,0.8709677419354838,515220,0.8709677419354838,511260,0.028752611572834263,最佳行业/主题 ETF 动量为正，持有该 ETF
mom_5m,105,weekly,2021-09-24,515220,煤炭ETF国泰,sector,煤炭,0.7889087656529514,515220,0.7889087656529514,511260,0.02921581979130239,最佳行业/主题 ETF 动量为正，持有该 ETF
mom_5m,105,weekly,2021-09-30,515220,煤炭ETF国泰,sector,煤炭,0.7244367417677644,515220,0.7244367417677644,511260,0.03343784581335307,最佳行业/主题 ETF 动量为正，持有该 ETF
mom_5m,105,weekly,2021-10-08,515220,煤炭ETF国泰,sector,煤炭,0.611965811965812,515220,0.611965811965812,511260,0.02995809734309529,最佳行业/主题 ETF 动量为正，持有该 ETF
mom_5m,105,weekly,2021-10-15,515790,光伏ETF华泰柏瑞,sector,光伏,0.6268656716417909,515790,0.6268656716417909,511260,0.02362862229073759,最佳行业/主题 ETF 动量为正，持有该 ETF
mom_5m,105,weekly,2021-10-22,515790,光伏ETF华泰柏瑞,sector,光伏,0.5885558583106267,515790,0.5885558583106267,511260,0.022974884712193777,最佳行业/主题 ETF 动量为正，持有该 ETF
mom_5m,105,weekly,2021-10-29,515790,光伏ETF华泰柏瑞,sector,光伏,0.6779661016949152,515790,0.6779661016949152,511260,0.01807124556652706,最佳行业/主题 ETF 动量为正，持有该 ETF
mom_5m,105,weekly,2021-11-05,515790,光伏ETF华泰柏瑞,sector,光伏,0.5192472198460223,515790,0.5192472198460223,511260,0.02379692801634503,最佳行业/主题 ETF 动量为正，持有该 ETF
mom_5m,105,weekly,2021-11-12,515790,光伏ETF华泰柏瑞,sector,光伏,0.6522131887985547,515790,0.6522131887985547,511260,0.022858029990319828,最佳行业/主题 ETF 动量为正，持有该 ETF
mom_5m,105,weekly,2021-11-19,515790,光伏ETF华泰柏瑞,sector,光伏,0.5844385499557914,515790,0.5844385499557914,511260,0.02676652675280966,最佳行业/主题 ETF 动量为正，持有该 ETF
mom_5m,105,weekly,2021-11-26,515790,光伏ETF华泰柏瑞,sector,光伏,0.41538461538461524,515790,0.41538461538461524,511260,0.030491093054501928,最佳行业/主题 ETF 动量为正，持有该 ETF
mom_5m,105,weekly,2021-12-03,512400,有色金属ETF南方,sector,有色金属,0.29864253393665163,512400,0.29864253393665163,511260,0.024340955432566425,最佳行业/主题 ETF 动量为正，持有该 ETF
mom_5m,105,weekly,2021-12-10,515790,光伏ETF华泰柏瑞,sector,光伏,0.304123711340206,515790,0.304123711340206,511260,0.02229362961349235,最佳行业/主题 ETF 动量为正，持有该 ETF
mom_5m,105,weekly,2021-12-17,515220,煤炭ETF国泰,sector,煤炭,0.3071104387291981,515220,0.3071104387291981,511010,0.01275461954063628,最佳行业/主题 ETF 动量为正，持有该 ETF
mom_5m,105,weekly,2021-12-24,515220,煤炭ETF国泰,sector,煤炭,0.25290697674418605,515220,0.25290697674418605,511260,0.01535268964030334,最佳行业/主题 ETF 动量为正，持有该 ETF
mom_5m,105,weekly,2021-12-31,512660,军工ETF国泰,sector,军工,0.25820379965457696,512660,0.25820379965457696,511260,0.015538052098174715,最佳行业/主题 ETF 动量为正，持有该 ETF
mom_5m,105,weekly,2022-01-07,515220,煤炭ETF国泰,sector,煤炭,0.26738794435857804,515220,0.26738794435857804,511260,0.009692563986066993,最佳行业/主题 ETF 动量为正，持有该 ETF
mom_5m,105,weekly,2022-01-14,512980,传媒ETF广发,sector,传媒,0.20434782608695645,512980,0.20434782608695645,511010,0.018484652162146675,最佳行业/主题 ETF 动量为正，持有该 ETF
mom_5m,105,weekly,2022-01-21,512980,传媒ETF广发,sector,传媒,0.1913946587537092,512980,0.1913946587537092,511260,0.02485984990955159,最佳行业/主题 ETF 动量为正，持有该 ETF
mom_5m,105,weekly,2022-01-28,512690,酒ETF鹏华,sector,白酒/酒,0.07780612244897944,512690,0.07780612244897944,511010,0.01980974796508761,最佳行业/主题 ETF 动量为正，持有该 ETF
mom_5m,105,weekly,2022-02-11,159928,消费ETF汇添富,sector,消费,0.12250996015936244,159928,0.12250996015936244,511260,0.018264881005596534,最佳行业/主题 ETF 动量为正，持有该 ETF
mom_5m,105,weekly,2022-02-18,159928,消费ETF汇添富,sector,消费,0.08207547169811313,159928,0.08207547169811313,511010,0.01749664627163572,最佳行业/主题 ETF 动量为正，持有该 ETF
mom_5m,105,weekly,2022-02-25,159928,消费ETF汇添富,sector,消费,0.06679574056147164,159928,0.06679574056147164,511260,0.019800560866565675,最佳行业/主题 ETF 动量为正，持有该 ETF
mom_5m,105,weekly,2022-03-04,159928,消费ETF汇添富,sector,消费,0.056840077071290906,159928,0.056840077071290906,511010,0.013874580982748741,最佳行业/主题 ETF 动量为正，持有该 ETF
mom_5m,105,weekly,2022-03-11,511260,十年国债ETF国泰,defensive,十年国债,0.015062552424464082,512800,-0.012280701754386003,511260,0.015062552424464082,最佳行业/主题 ETF 动量为负或不可用，切换到正动量防守资产
mom_5m,105,weekly,2022-03-18,515220,煤炭ETF国泰,sector,煤炭,0.03563474387527843,515220,0.03563474387527843,511260,0.021475691954682352,最佳行业/主题 ETF 动量为正，持有该 ETF
mom_5m,105,weekly,2022-03-25,515220,煤炭ETF国泰,sector,煤炭,0.022797927461139844,515220,0.022797927461139844,511260,0.024373590635079045,最佳行业/主题 ETF 动量为正，持有该 ETF
mom_5m,105,weekly,2022-04-01,515220,煤炭ETF国泰,sector,煤炭,0.2549261083743841,515220,0.2549261083743841,511260,0.023975826914972798,最佳行业/主题 ETF 动量为正，持有该 ETF
mom_5m,105,weekly,2022-04-08,515220,煤炭ETF国泰,sector,煤炭,0.3007614213197969,515220,0.3007614213197969,511260,0.02290049085229806,最佳行业/主题 ETF 动量为正，持有该 ETF
mom_5m,105,weekly,2022-04-15,515220,煤炭ETF国泰,sector,煤炭,0.41981747066492825,515220,0.41981747066492825,511260,0.02001781737193764,最佳行业/主题 ETF 动量为正，持有该 ETF
mom_5m,105,weekly,2022-04-22,515220,煤炭ETF国泰,sector,煤炭,0.39270687237026647,515220,0.39270687237026647,511010,0.016984843414598272,最佳行业/主题 ETF 动量为正，持有该 ETF
mom_5m,105,weekly,2022-04-29,515220,煤炭ETF国泰,sector,煤炭,0.25644329896907214,515220,0.25644329896907214,511260,0.01762192951228192,最佳行业/主题 ETF 动量为正，持有该 ETF
mom_5m,105,weekly,2022-05-06,515220,煤炭ETF国泰,sector,煤炭,0.20178799489144295,515220,0.20178799489144295,511260,0.015951487560685207,最佳行业/主题 ETF 动量为正，持有该 ETF
mom_5m,105,weekly,2022-05-13,515220,煤炭ETF国泰,sector,煤炭,0.16749999999999998,515220,0.16749999999999998,511010,0.018773222084609964,最佳行业/主题 ETF 动量为正，持有该 ETF
mom_5m,105,weekly,2022-05-20,515220,煤炭ETF国泰,sector,煤炭,0.2339393939393941,515220,0.2339393939393941,511010,0.02001890266755746,最佳行业/主题 ETF 动量为正，持有该 ETF
mom_5m,105,weekly,2022-05-27,515220,煤炭ETF国泰,sector,煤炭,0.23146067415730354,515220,0.23146067415730354,511260,0.023424319380560776,最佳行业/主题 ETF 动量为正，持有该 ETF
mom_5m,105,weekly,2022-06-02,515220,煤炭ETF国泰,sector,煤炭,0.23981373690337593,515220,0.23981373690337593,511260,0.01848305941173356,最佳行业/主题 ETF 动量为正，持有该 ETF
mom_5m,105,weekly,2022-06-10,515220,煤炭ETF国泰,sector,煤炭,0.43975903614457845,515220,0.43975903614457845,511260,0.01622610493941723,最佳行业/主题 ETF 动量为正，持有该 ETF
mom_5m,105,weekly,2022-06-17,515220,煤炭ETF国泰,sector,煤炭,0.36618004866180054,515220,0.36618004866180054,511260,0.013669617091875086,最佳行业/主题 ETF 动量为正，持有该 ETF
mom_5m,105,weekly,2022-06-24,515220,煤炭ETF国泰,sector,煤炭,0.24465558194774362,515220,0.24465558194774362,511260,0.0117427345683907,最佳行业/主题 ETF 动量为正，持有该 ETF
mom_5m,105,weekly,2022-07-01,515220,煤炭ETF国泰,sector,煤炭,0.32896305125148984,515220,0.32896305125148984,511010,0.006356477017036344,最佳行业/主题 ETF 动量为正，持有该 ETF
mom_5m,105,weekly,2022-07-08,515220,煤炭ETF国泰,sector,煤炭,0.3433208489388264,515220,0.3433208489388264,511260,0.005730307544028923,最佳行业/主题 ETF 动量为正，持有该 ETF
mom_5m,105,weekly,2022-07-15,515790,光伏ETF华泰柏瑞,sector,光伏,0.2573476702508961,515790,0.2573476702508961,511260,0.007626844393132437,最佳行业/主题 ETF 动量为正，持有该 ETF
mom_5m,105,weekly,2022-07-22,515790,光伏ETF华泰柏瑞,sector,光伏,0.20614954577218714,515790,0.20614954577218714,511260,0.012222641741375107,最佳行业/主题 ETF 动量为正，持有该 ETF
mom_5m,105,weekly,2022-07-29,515790,光伏ETF华泰柏瑞,sector,光伏,0.1613756613756614,515790,0.1613756613756614,511260,0.018980052922611623,最佳行业/主题 ETF 动量为正，持有该 ETF
mom_5m,105,weekly,2022-08-05,515790,光伏ETF华泰柏瑞,sector,光伏,0.07362355953905242,515790,0.07362355953905242,511260,0.025158064601465524,最佳行业/主题 ETF 动量为正，持有该 ETF
mom_5m,105,weekly,2022-08-12,515220,煤炭ETF国泰,sector,煤炭,0.15041493775933623,515220,0.15041493775933623,511260,0.022276856918779453,最佳行业/主题 ETF 动量为正，持有该 ETF
mom_5m,105,weekly,2022-08-19,515220,煤炭ETF国泰,sector,煤炭,0.29806598407280993,515220,0.29806598407280993,511260,0.02923030952841299,最佳行业/主题 ETF 动量为正，持有该 ETF
mom_5m,105,weekly,2022-08-26,515220,煤炭ETF国泰,sector,煤炭,0.23891129032258074,515220,0.23891129032258074,511260,0.025783610935413703,最佳行业/主题 ETF 动量为正，持有该 ETF
mom_5m,105,weekly,2022-09-02,515220,煤炭ETF国泰,sector,煤炭,0.1381322957198443,515220,0.1381322957198443,511260,0.028898945780490903,最佳行业/主题 ETF 动量为正，持有该 ETF
mom_5m,105,weekly,2022-09-09,515790,光伏ETF华泰柏瑞,sector,光伏,0.33253968253968247,515790,0.33253968253968247,511260,0.022289740433222516,最佳行业/主题 ETF 动量为正，持有该 ETF
mom_5m,105,weekly,2022-09-16,515790,光伏ETF华泰柏瑞,sector,光伏,0.2223120452708165,515790,0.2223120452708165,511260,0.01846336585238051,最佳行业/主题 ETF 动量为正，持有该 ETF
mom_5m,105,weekly,2022-09-23,515790,光伏ETF华泰柏瑞,sector,光伏,0.3157439446366783,515790,0.3157439446366783,511260,0.02242203505577045,最佳行业/主题 ETF 动量为正，持有该 ETF
mom_5m,105,weekly,2022-09-30,515790,光伏ETF华泰柏瑞,sector,光伏,0.23352793994995835,515790,0.23352793994995835,511260,0.014841700192408602,最佳行业/主题 ETF 动量为正，持有该 ETF
mom_5m,105,weekly,2022-10-14,515790,光伏ETF华泰柏瑞,sector,光伏,0.23497267759562845,515790,0.23497267759562845,511260,0.01914038612736957,最佳行业/主题 ETF 动量为正，持有该 ETF
mom_5m,105,weekly,2022-10-21,515220,煤炭ETF国泰,sector,煤炭,0.1474558670820354,515220,0.1474558670820354,511260,0.018198314518521164,最佳行业/主题 ETF 动量为正，持有该 ETF
mom_5m,105,weekly,2022-10-28,515230,软件ETF国泰,sector,软件,0.14264705882352935,515230,0.14264705882352935,511260,0.018479707107512677,最佳行业/主题 ETF 动量为正，持有该 ETF
mom_5m,105,weekly,2022-11-04,515790,光伏ETF华泰柏瑞,sector,光伏,0.17583988563259467,515790,0.17583988563259467,511260,0.017141217191658065,最佳行业/主题 ETF 动量为正，持有该 ETF
mom_5m,105,weekly,2022-11-11,515230,软件ETF国泰,sector,软件,0.09408602150537626,515230,0.09408602150537626,511260,0.016309356145567167,最佳行业/主题 ETF 动量为正，持有该 ETF
mom_5m,105,weekly,2022-11-18,515230,软件ETF国泰,sector,软件,0.08996088657105594,515230,0.08996088657105594,511260,0.011112465817846306,最佳行业/主题 ETF 动量为正，持有该 ETF
mom_5m,105,weekly,2022-11-25,515220,煤炭ETF国泰,sector,煤炭,0.010426540284360408,515220,0.010426540284360408,511260,0.01382384177446605,最佳行业/主题 ETF 动量为正，持有该 ETF
mom_5m,105,weekly,2022-12-02,515230,软件ETF国泰,sector,软件,0.02154626108998725,515230,0.02154626108998725,511260,0.012135901169126884,最佳行业/主题 ETF 动量为正，持有该 ETF
mom_5m,105,weekly,2022-12-09,515230,软件ETF国泰,sector,软件,0.0312907431551499,515230,0.0312907431551499,511260,0.009248051552227299,最佳行业/主题 ETF 动量为正，持有该 ETF
mom_5m,105,weekly,2022-12-16,515230,软件ETF国泰,sector,软件,0.06105834464043425,515230,0.06105834464043425,511260,0.0088654793877605,最佳行业/主题 ETF 动量为正，持有该 ETF
mom_5m,105,weekly,2022-12-23,511260,十年国债ETF国泰,defensive,十年国债,0.00892128785906432,512690,0.0,511260,0.00892128785906432,最佳行业/主题 ETF 动量为负或不可用，切换到正动量防守资产
mom_5m,105,weekly,2022-12-30,515230,软件ETF国泰,sector,软件,0.01948051948051943,515230,0.01948051948051943,511260,0.008424534183002041,最佳行业/主题 ETF 动量为正，持有该 ETF
mom_5m,105,weekly,2023-01-06,515230,软件ETF国泰,sector,软件,0.0972037283621836,515230,0.0972037283621836,511260,0.00222952964671852,最佳行业/主题 ETF 动量为正，持有该 ETF
mom_5m,105,weekly,2023-01-13,512690,酒ETF鹏华,sector,白酒/酒,0.11636363636363645,512690,0.11636363636363645,511260,0.0002494838265658661,最佳行业/主题 ETF 动量为正，持有该 ETF
mom_5m,105,weekly,2023-01-20,515230,软件ETF国泰,sector,软件,0.14747736093143593,515230,0.14747736093143593,511010,-0.004418564282219983,最佳行业/主题 ETF 动量为正，持有该 ETF
mom_5m,105,weekly,2023-02-03,515230,软件ETF国泰,sector,软件,0.2615176151761518,515230,0.2615176151761518,511010,-0.0036041293701054578,最佳行业/主题 ETF 动量为正，持有该 ETF
mom_5m,105,weekly,2023-02-10,515230,软件ETF国泰,sector,软件,0.25784447476125516,515230,0.25784447476125516,511010,-0.003382427147722855,最佳行业/主题 ETF 动量为正，持有该 ETF
mom_5m,105,weekly,2023-02-17,515230,软件ETF国泰,sector,软件,0.19359145527369837,515230,0.19359145527369837,511010,-0.00463724756918471,最佳行业/主题 ETF 动量为正，持有该 ETF
mom_5m,105,weekly,2023-02-24,515230,软件ETF国泰,sector,软件,0.22745625841184403,515230,0.22745625841184403,511010,-0.002487522901004624,最佳行业/主题 ETF 动量为正，持有该 ETF
mom_5m,105,weekly,2023-03-03,515230,软件ETF国泰,sector,软件,0.3194444444444444,515230,0.3194444444444444,511010,-0.00316498157049383,最佳行业/主题 ETF 动量为正，持有该 ETF
mom_5m,105,weekly,2023-03-10,515230,软件ETF国泰,sector,软件,0.3492063492063493,515230,0.3492063492063493,511260,0.00789927561228021,最佳行业/主题 ETF 动量为正，持有该 ETF
mom_5m,105,weekly,2023-03-17,512980,传媒ETF广发,sector,传媒,0.3904761904761904,512980,0.3904761904761904,511260,0.005486909556152719,最佳行业/主题 ETF 动量为正，持有该 ETF
mom_5m,105,weekly,2023-03-24,512980,传媒ETF广发,sector,传媒,0.5327102803738315,512980,0.5327102803738315,511260,0.003087716890669112,最佳行业/主题 ETF 动量为正，持有该 ETF
mom_5m,105,weekly,2023-03-31,512980,传媒ETF广发,sector,传媒,0.6175908221797322,512980,0.6175908221797322,511010,0.000678672327530494,最佳行业/主题 ETF 动量为正，持有该 ETF
mom_5m,105,weekly,2023-04-07,512980,传媒ETF广发,sector,传媒,0.6481481481481481,512980,0.6481481481481481,511260,0.001958486919188873,最佳行业/主题 ETF 动量为正，持有该 ETF
mom_5m,105,weekly,2023-04-14,512980,传媒ETF广发,sector,传媒,0.6268115942028984,512980,0.6268115942028984,511010,0.0015847485689957086,最佳行业/主题 ETF 动量为正，持有该 ETF
mom_5m,105,weekly,2023-04-21,512980,传媒ETF广发,sector,传媒,0.4923339011925043,512980,0.4923339011925043,511260,0.015192081807503532,最佳行业/主题 ETF 动量为正，持有该 ETF
mom_5m,105,weekly,2023-04-28,512980,传媒ETF广发,sector,传媒,0.6684027777777779,512980,0.6684027777777779,511260,0.013036229891379092,最佳行业/主题 ETF 动量为正，持有该 ETF
mom_5m,105,weekly,2023-05-05,512980,传媒ETF广发,sector,传媒,0.7342657342657344,512980,0.7342657342657344,511260,0.01579055829369236,最佳行业/主题 ETF 动量为正，持有该 ETF
mom_5m,105,weekly,2023-05-12,512980,传媒ETF广发,sector,传媒,0.5283333333333335,512980,0.5283333333333335,511260,0.02074199133453347,最佳行业/主题 ETF 动量为正，持有该 ETF
mom_5m,105,weekly,2023-05-19,512980,传媒ETF广发,sector,传媒,0.4495867768595041,512980,0.4495867768595041,511260,0.023003183861532106,最佳行业/主题 ETF 动量为正，持有该 ETF
mom_5m,105,weekly,2023-05-26,512980,传媒ETF广发,sector,传媒,0.4252100840336135,512980,0.4252100840336135,511260,0.02080587216665375,最佳行业/主题 ETF 动量为正，持有该 ETF
mom_5m,105,weekly,2023-06-02,512980,传媒ETF广发,sector,传媒,0.5830508474576273,512980,0.5830508474576273,511260,0.021134029486142847,最佳行业/主题 ETF 动量为正，持有该 ETF
mom_5m,105,weekly,2023-06-09,512980,传媒ETF广发,sector,传媒,0.5943238731218699,512980,0.5943238731218699,511260,0.022701319664460096,最佳行业/主题 ETF 动量为正，持有该 ETF
mom_5m,105,weekly,2023-06-16,512980,传媒ETF广发,sector,传媒,0.6003184713375795,512980,0.6003184713375795,511260,0.02098982701635399,最佳行业/主题 ETF 动量为正，持有该 ETF
mom_5m,105,weekly,2023-06-21,512980,传媒ETF广发,sector,传媒,0.5080128205128205,512980,0.5080128205128205,511260,0.02457691249312055,最佳行业/主题 ETF 动量为正，持有该 ETF
mom_5m,105,weekly,2023-06-30,512980,传媒ETF广发,sector,传媒,0.3968750000000001,512980,0.3968750000000001,511260,0.029603759755098435,最佳行业/主题 ETF 动量为正，持有该 ETF
mom_5m,105,weekly,2023-07-07,512980,传媒ETF广发,sector,传媒,0.2909090909090908,512980,0.2909090909090908,511260,0.026715490342711146,最佳行业/主题 ETF 动量为正，持有该 ETF
mom_5m,105,weekly,2023-07-14,512980,传媒ETF广发,sector,传媒,0.2794759825327511,512980,0.2794759825327511,511260,0.026680529657922225,最佳行业/主题 ETF 动量为正，持有该 ETF
mom_5m,105,weekly,2023-07-21,512980,传媒ETF广发,sector,传媒,0.19340974212034379,512980,0.19340974212034379,511260,0.029447873829167914,最佳行业/主题 ETF 动量为正，持有该 ETF
mom_5m,105,weekly,2023-07-28,512980,传媒ETF广发,sector,传媒,0.19407407407407407,512980,0.19407407407407407,511260,0.027837865677791562,最佳行业/主题 ETF 动量为正，持有该 ETF
mom_5m,105,weekly,2023-08-04,512980,传媒ETF广发,sector,传媒,0.18617771509167835,512980,0.18617771509167835,511260,0.02937362042754943,最佳行业/主题 ETF 动量为正，持有该 ETF
mom_5m,105,weekly,2023-08-11,512980,传媒ETF广发,sector,传媒,0.17485549132947975,512980,0.17485549132947975,511260,0.026876198301835075,最佳行业/主题 ETF 动量为正，持有该 ETF
mom_5m,105,weekly,2023-08-18,512880,证券ETF国泰,sector,证券,0.1471910112359549,512880,0.1471910112359549,511260,0.03122489788244942,最佳行业/主题 ETF 动量为正，持有该 ETF
mom_5m,105,weekly,2023-08-25,512880,证券ETF国泰,sector,证券,0.0979097909790978,512880,0.0979097909790978,511260,0.03184914821051543,最佳行业/主题 ETF 动量为正，持有该 ETF
mom_5m,105,weekly,2023-09-01,512880,证券ETF国泰,sector,证券,0.06953642384105962,512880,0.06953642384105962,511260,0.029982725298031365,最佳行业/主题 ETF 动量为正，持有该 ETF
mom_5m,105,weekly,2023-09-08,512800,银行ETF华宝,sector,银行,0.05303030303030298,512800,0.05303030303030298,511260,0.024138755164054615,最佳行业/主题 ETF 动量为正，持有该 ETF
mom_5m,105,weekly,2023-09-15,515220,煤炭ETF国泰,sector,煤炭,0.0851505711318794,515220,0.0851505711318794,511260,0.023668286030853247,最佳行业/主题 ETF 动量为正，持有该 ETF
mom_5m,105,weekly,2023-09-22,512880,证券ETF国泰,sector,证券,0.06331877729257629,512880,0.06331877729257629,511260,0.01895476549007591,最佳行业/主题 ETF 动量为正，持有该 ETF
mom_5m,105,weekly,2023-09-28,515220,煤炭ETF国泰,sector,煤炭,0.06535269709543567,515220,0.06535269709543567,511260,0.01719015280135827,最佳行业/主题 ETF 动量为正，持有该 ETF
mom_5m,105,weekly,2023-10-13,515220,煤炭ETF国泰,sector,煤炭,0.0029821073558646827,515220,0.0029821073558646827,511260,0.013137760493722839,最佳行业/主题 ETF 动量为正，持有该 ETF
mom_5m,105,weekly,2023-10-20,511260,十年国债ETF国泰,defensive,十年国债,0.011692499915577637,515220,-0.006965174129353158,511260,0.011692499915577637,最佳行业/主题 ETF 动量为负或不可用，切换到正动量防守资产
mom_5m,105,weekly,2023-10-27,512880,证券ETF国泰,sector,证券,0.03723986856516959,512880,0.03723986856516959,511260,0.009533506108848622,最佳行业/主题 ETF 动量为正，持有该 ETF
mom_5m,105,weekly,2023-11-03,515220,煤炭ETF国泰,sector,煤炭,0.07298474945533773,515220,0.07298474945533773,511260,0.015345570442070633,最佳行业/主题 ETF 动量为正，持有该 ETF
mom_5m,105,weekly,2023-11-10,515220,煤炭ETF国泰,sector,煤炭,0.12596685082872905,515220,0.12596685082872905,511260,0.013524424707307192,最佳行业/主题 ETF 动量为正，持有该 ETF
mom_5m,105,weekly,2023-11-17,515220,煤炭ETF国泰,sector,煤炭,0.12777777777777755,515220,0.12777777777777755,511260,0.00992337646024355,最佳行业/主题 ETF 动量为正，持有该 ETF
mom_5m,105,weekly,2023-11-24,515220,煤炭ETF国泰,sector,煤炭,0.16481069042316254,515220,0.16481069042316254,511260,0.011814927480210402,最佳行业/主题 ETF 动量为正，持有该 ETF
mom_5m,105,weekly,2023-12-01,515220,煤炭ETF国泰,sector,煤炭,0.19052863436123335,515220,0.19052863436123335,511260,0.011840526320206157,最佳行业/主题 ETF 动量为正，持有该 ETF
mom_5m,105,weekly,2023-12-08,515220,煤炭ETF国泰,sector,煤炭,0.11052631578947358,515220,0.11052631578947358,511260,0.009655645998726925,最佳行业/主题 ETF 动量为正，持有该 ETF
mom_5m,105,weekly,2023-12-15,515220,煤炭ETF国泰,sector,煤炭,0.12238493723849375,515220,0.12238493723849375,511260,0.011921593561502908,最佳行业/主题 ETF 动量为正，持有该 ETF
mom_5m,105,weekly,2023-12-22,515220,煤炭ETF国泰,sector,煤炭,0.14255543822597683,515220,0.14255543822597683,511260,0.011648393857664141,最佳行业/主题 ETF 动量为正，持有该 ETF
mom_5m,105,weekly,2023-12-29,515220,煤炭ETF国泰,sector,煤炭,0.1343915343915345,515220,0.1343915343915345,511260,0.015511771581232292,最佳行业/主题 ETF 动量为正，持有该 ETF
mom_5m,105,weekly,2024-01-05,515220,煤炭ETF国泰,sector,煤炭,0.20488322717622087,515220,0.20488322717622087,511260,0.019751725980281742,最佳行业/主题 ETF 动量为正，持有该 ETF
mom_5m,105,weekly,2024-01-12,515220,煤炭ETF国泰,sector,煤炭,0.2021505376344086,515220,0.2021505376344086,511260,0.015787148560902242,最佳行业/主题 ETF 动量为正，持有该 ETF
mom_5m,105,weekly,2024-01-19,515220,煤炭ETF国泰,sector,煤炭,0.1650380021715525,515220,0.1650380021715525,511260,0.012776612415119626,最佳行业/主题 ETF 动量为正，持有该 ETF
mom_5m,105,weekly,2024-01-26,515220,煤炭ETF国泰,sector,煤炭,0.23459459459459442,515220,0.23459459459459442,511260,0.012558050977243163,最佳行业/主题 ETF 动量为正，持有该 ETF
mom_5m,105,weekly,2024-02-02,515220,煤炭ETF国泰,sector,煤炭,0.18133047210300424,515220,0.18133047210300424,511260,0.02031906240143444,最佳行业/主题 ETF 动量为正，持有该 ETF
mom_5m,105,weekly,2024-02-08,515220,煤炭ETF国泰,sector,煤炭,0.13537549407114624,515220,0.13537549407114624,511260,0.02403702100742433,最佳行业/主题 ETF 动量为正，持有该 ETF
mom_5m,105,weekly,2024-02-23,515220,煤炭ETF国泰,sector,煤炭,0.2517482517482519,515220,0.2517482517482519,511260,0.0282161963967269,最佳行业/主题 ETF 动量为正，持有该 ETF
mom_5m,105,weekly,2024-03-01,515220,煤炭ETF国泰,sector,煤炭,0.1772511848341234,515220,0.1772511848341234,511260,0.030367208084581154,最佳行业/主题 ETF 动量为正，持有该 ETF
mom_5m,105,weekly,2024-03-08,515220,煤炭ETF国泰,sector,煤炭,0.24877571008814892,515220,0.24877571008814892,511260,0.03968207487973219,最佳行业/主题 ETF 动量为正，持有该 ETF
mom_5m,105,weekly,2024-03-15,515220,煤炭ETF国泰,sector,煤炭,0.17031872509960166,515220,0.17031872509960166,511260,0.033837256917458314,最佳行业/主题 ETF 动量为正，持有该 ETF
mom_5m,105,weekly,2024-03-22,515220,煤炭ETF国泰,sector,煤炭,0.15294117647058814,515220,0.15294117647058814,511260,0.03434579439252339,最佳行业/主题 ETF 动量为正，持有该 ETF
mom_5m,105,weekly,2024-03-29,515220,煤炭ETF国泰,sector,煤炭,0.14767096134786928,515220,0.14767096134786928,511260,0.0343102513861675,最佳行业/主题 ETF 动量为正，持有该 ETF
mom_5m,105,weekly,2024-04-03,515220,煤炭ETF国泰,sector,煤炭,0.21494370522006156,515220,0.21494370522006156,511260,0.03493409761218391,最佳行业/主题 ETF 动量为正，持有该 ETF
mom_5m,105,weekly,2024-04-12,515220,煤炭ETF国泰,sector,煤炭,0.25077399380804954,515220,0.25077399380804954,511260,0.0342336057404824,最佳行业/主题 ETF 动量为正，持有该 ETF
mom_5m,105,weekly,2024-04-19,515220,煤炭ETF国泰,sector,煤炭,0.22571148184494616,515220,0.22571148184494616,511260,0.03642200084605873,最佳行业/主题 ETF 动量为正，持有该 ETF
mom_5m,105,weekly,2024-04-26,512400,有色金属ETF南方,sector,有色金属,0.13978494623655924,512400,0.13978494623655924,511260,0.03260445948074997,最佳行业/主题 ETF 动量为正，持有该 ETF
mom_5m,105,weekly,2024-04-30,512400,有色金属ETF南方,sector,有色金属,0.14348302300109528,512400,0.14348302300109528,511260,0.03171114078817494,最佳行业/主题 ETF 动量为正，持有该 ETF
mom_5m,105,weekly,2024-05-10,512400,有色金属ETF南方,sector,有色金属,0.20132743362831862,512400,0.20132743362831862,511260,0.03435361721915897,最佳行业/主题 ETF 动量为正，持有该 ETF
mom_5m,105,weekly,2024-05-17,512800,银行ETF华宝,sector,银行,0.23062015503875966,512800,0.23062015503875966,511260,0.033825567979015814,最佳行业/主题 ETF 动量为正，持有该 ETF
mom_5m,105,weekly,2024-05-24,512800,银行ETF华宝,sector,银行,0.2142857142857142,512800,0.2142857142857142,511260,0.03297321443343315,最佳行业/主题 ETF 动量为正，持有该 ETF
mom_5m,105,weekly,2024-05-31,512800,银行ETF华宝,sector,银行,0.2222222222222221,512800,0.2222222222222221,511260,0.03245266802746949,最佳行业/主题 ETF 动量为正，持有该 ETF
mom_5m,105,weekly,2024-06-07,512800,银行ETF华宝,sector,银行,0.19691119691119696,512800,0.19691119691119696,511260,0.032056139426086316,最佳行业/主题 ETF 动量为正，持有该 ETF
mom_5m,105,weekly,2024-06-14,512800,银行ETF华宝,sector,银行,0.1663479923518163,512800,0.1663479923518163,511260,0.03200408072597427,最佳行业/主题 ETF 动量为正，持有该 ETF
mom_5m,105,weekly,2024-06-21,512800,银行ETF华宝,sector,银行,0.15999999999999992,512800,0.15999999999999992,511260,0.02922745480311595,最佳行业/主题 ETF 动量为正，持有该 ETF
mom_5m,105,weekly,2024-06-28,512800,银行ETF华宝,sector,银行,0.1707317073170731,512800,0.1707317073170731,511260,0.03501811564503177,最佳行业/主题 ETF 动量为正，持有该 ETF
mom_5m,105,weekly,2024-07-05,512400,有色金属ETF南方,sector,有色金属,0.17119244391971677,512400,0.17119244391971677,511260,0.030855459640797056,最佳行业/主题 ETF 动量为正，持有该 ETF
mom_5m,105,weekly,2024-07-12,512400,有色金属ETF南方,sector,有色金属,0.23284313725490202,512400,0.23284313725490202,511260,0.02626484463966161,最佳行业/主题 ETF 动量为正，持有该 ETF
mom_5m,105,weekly,2024-07-19,512480,半导体ETF国联安,sector,半导体,0.20565149136577698,512480,0.20565149136577698,511260,0.028340509347810183,最佳行业/主题 ETF 动量为正，持有该 ETF
mom_5m,105,weekly,2024-07-26,512800,银行ETF华宝,sector,银行,0.06745362563237789,512800,0.06745362563237789,511260,0.032238428011395426,最佳行业/主题 ETF 动量为正，持有该 ETF
mom_5m,105,weekly,2024-08-02,512800,银行ETF华宝,sector,银行,0.09466437177280551,512800,0.09466437177280551,511260,0.029675910996452837,最佳行业/主题 ETF 动量为正，持有该 ETF
mom_5m,105,weekly,2024-08-09,512800,银行ETF华宝,sector,银行,0.07876712328767121,512800,0.07876712328767121,511260,0.024135739398376543,最佳行业/主题 ETF 动量为正，持有该 ETF
mom_5m,105,weekly,2024-08-16,512800,银行ETF华宝,sector,银行,0.13309982486865168,512800,0.13309982486865168,511260,0.029620277750801227,最佳行业/主题 ETF 动量为正，持有该 ETF
mom_5m,105,weekly,2024-08-23,512800,银行ETF华宝,sector,银行,0.1525129982668978,512800,0.1525129982668978,511260,0.02892821993836825,最佳行业/主题 ETF 动量为正，持有该 ETF
mom_5m,105,weekly,2024-08-30,512800,银行ETF华宝,sector,银行,0.07903780068728539,512800,0.07903780068728539,511260,0.027189308282691282,最佳行业/主题 ETF 动量为正，持有该 ETF
mom_5m,105,weekly,2024-09-06,512800,银行ETF华宝,sector,银行,0.04761904761904767,512800,0.04761904761904767,511260,0.029266683296988116,最佳行业/主题 ETF 动量为正，持有该 ETF
mom_5m,105,weekly,2024-09-13,512800,银行ETF华宝,sector,银行,0.008445945945946054,512800,0.008445945945946054,511260,0.030783177959982755,最佳行业/主题 ETF 动量为正，持有该 ETF
mom_5m,105,weekly,2024-09-20,512800,银行ETF华宝,sector,银行,0.00164473684210531,512800,0.00164473684210531,511260,0.03128377134348903,最佳行业/主题 ETF 动量为正，持有该 ETF
mom_5m,105,weekly,2024-09-27,512880,证券ETF国泰,sector,证券,0.21644498186215233,512880,0.21644498186215233,511260,0.020620869216903648,最佳行业/主题 ETF 动量为正，持有该 ETF
mom_5m,105,weekly,2024-09-30,512880,证券ETF国泰,sector,证券,0.26082004555808647,512880,0.26082004555808647,511260,0.019063832520938906,最佳行业/主题 ETF 动量为正，持有该 ETF
mom_5m,105,weekly,2024-10-11,512880,证券ETF国泰,sector,证券,0.2754285714285716,512880,0.2754285714285716,511260,0.024192449776025526,最佳行业/主题 ETF 动量为正，持有该 ETF
mom_5m,105,weekly,2024-10-18,512480,半导体ETF国联安,sector,半导体,0.4040697674418605,512480,0.4040697674418605,511260,0.02600709429973813,最佳行业/主题 ETF 动量为正，持有该 ETF
mom_5m,105,weekly,2024-10-25,512480,半导体ETF国联安,sector,半导体,0.4364963503649635,512480,0.4364963503649635,511260,0.024140447680993216,最佳行业/主题 ETF 动量为正，持有该 ETF
mom_5m,105,weekly,2024-11-01,512480,半导体ETF国联安,sector,半导体,0.3806734992679355,512480,0.3806734992679355,511260,0.02432527556913633,最佳行业/主题 ETF 动量为正，持有该 ETF
mom_5m,105,weekly,2024-11-08,512880,证券ETF国泰,sector,证券,0.5827338129496404,512880,0.5827338129496404,511260,0.02716278474532885,最佳行业/主题 ETF 动量为正，持有该 ETF
mom_5m,105,weekly,2024-11-15,512880,证券ETF国泰,sector,证券,0.4889705882352944,512880,0.4889705882352944,511260,0.027834985711320703,最佳行业/主题 ETF 动量为正，持有该 ETF
mom_5m,105,weekly,2024-11-22,512880,证券ETF国泰,sector,证券,0.42442563482466755,512880,0.42442563482466755,511260,0.025865911116770723,最佳行业/主题 ETF 动量为正，持有该 ETF
mom_5m,105,weekly,2024-11-29,512880,证券ETF国泰,sector,证券,0.5012345679012344,512880,0.5012345679012344,511260,0.027708308522885083,最佳行业/主题 ETF 动量为正，持有该 ETF
mom_5m,105,weekly,2024-12-06,515230,软件ETF国泰,sector,软件,0.6155268022181144,515230,0.6155268022181144,511260,0.03119551088989647,最佳行业/主题 ETF 动量为正，持有该 ETF
mom_5m,105,weekly,2024-12-13,515230,软件ETF国泰,sector,软件,0.6563706563706564,515230,0.6563706563706564,511260,0.04836288843181946,最佳行业/主题 ETF 动量为正，持有该 ETF
mom_5m,105,weekly,2024-12-20,515230,软件ETF国泰,sector,软件,0.6245210727969348,515230,0.6245210727969348,511260,0.047986011662222605,最佳行业/主题 ETF 动量为正，持有该 ETF
mom_5m,105,weekly,2024-12-27,515230,软件ETF国泰,sector,软件,0.6031128404669259,515230,0.6031128404669259,511260,0.04479539994486226,最佳行业/主题 ETF 动量为正，持有该 ETF
mom_5m,105,weekly,2025-01-03,515230,软件ETF国泰,sector,软件,0.35619047619047617,515230,0.35619047619047617,511260,0.04999253959902328,最佳行业/主题 ETF 动量为正，持有该 ETF
mom_5m,105,weekly,2025-01-10,512480,半导体ETF国联安,sector,半导体,0.392857142857143,512480,0.392857142857143,511260,0.04398746572659595,最佳行业/主题 ETF 动量为正，持有该 ETF
mom_5m,105,weekly,2025-01-17,515230,软件ETF国泰,sector,软件,0.48228346456692917,515230,0.48228346456692917,511260,0.05109546597708947,最佳行业/主题 ETF 动量为正，持有该 ETF
mom_5m,105,weekly,2025-01-24,515230,软件ETF国泰,sector,软件,0.5760000000000001,515230,0.5760000000000001,511260,0.045325356447459386,最佳行业/主题 ETF 动量为正，持有该 ETF
mom_5m,105,weekly,2025-01-27,515230,软件ETF国泰,sector,软件,0.5806451612903227,515230,0.5806451612903227,511260,0.050484566955127486,最佳行业/主题 ETF 动量为正，持有该 ETF
mom_5m,105,weekly,2025-02-07,515230,软件ETF国泰,sector,软件,0.8056680161943319,515230,0.8056680161943319,511260,0.04848028724413411,最佳行业/主题 ETF 动量为正，持有该 ETF
mom_5m,105,weekly,2025-02-14,515230,软件ETF国泰,sector,软件,0.9733059548254619,515230,0.9733059548254619,511260,0.04611113725121152,最佳行业/主题 ETF 动量为正，持有该 ETF
mom_5m,105,weekly,2025-02-21,515230,软件ETF国泰,sector,软件,1.0081967213114753,515230,1.0081967213114753,511260,0.036052434222860974,最佳行业/主题 ETF 动量为正，持有该 ETF
mom_5m,105,weekly,2025-02-28,515230,软件ETF国泰,sector,软件,0.7826961770623744,515230,0.7826961770623744,511260,0.02916129232777509,最佳行业/主题 ETF 动量为正，持有该 ETF
mom_5m,105,weekly,2025-03-07,515230,软件ETF国泰,sector,软件,0.7679558011049721,515230,0.7679558011049721,511260,0.023625836295617653,最佳行业/主题 ETF 动量为正，持有该 ETF
mom_5m,105,weekly,2025-03-14,512980,传媒ETF广发,sector,传媒,0.2068965517241379,512980,0.2068965517241379,511260,0.030659766125042287,最佳行业/主题 ETF 动量为正，持有该 ETF
mom_5m,105,weekly,2025-03-21,512480,半导体ETF国联安,sector,半导体,0.21739130434782616,512480,0.21739130434782616,511260,0.02728274202495462,最佳行业/主题 ETF 动量为正，持有该 ETF
mom_5m,105,weekly,2025-03-28,512980,传媒ETF广发,sector,传媒,0.11006711409395975,512980,0.11006711409395975,511260,0.029917304939015343,最佳行业/主题 ETF 动量为正，持有该 ETF
mom_5m,105,weekly,2025-04-03,512800,银行ETF华宝,sector,银行,0.09728183118741063,512800,0.09728183118741063,511260,0.03772950223341742,最佳行业/主题 ETF 动量为正，持有该 ETF
mom_5m,105,weekly,2025-04-11,512800,银行ETF华宝,sector,银行,0.05531914893617018,512800,0.05531914893617018,511260,0.03972527901350187,最佳行业/主题 ETF 动量为正，持有该 ETF
mom_5m,105,weekly,2025-04-18,512800,银行ETF华宝,sector,银行,0.12500000000000022,512800,0.12500000000000022,511260,0.03610489684315188,最佳行业/主题 ETF 动量为正，持有该 ETF
mom_5m,105,weekly,2025-04-25,512800,银行ETF华宝,sector,银行,0.09957325746799439,512800,0.09957325746799439,511260,0.035994494685194,最佳行业/主题 ETF 动量为正，持有该 ETF
mom_5m,105,weekly,2025-04-30,512800,银行ETF华宝,sector,银行,0.11273792093704249,512800,0.11273792093704249,511260,0.03711461775977898,最佳行业/主题 ETF 动量为正，持有该 ETF
mom_5m,105,weekly,2025-05-09,512800,银行ETF华宝,sector,银行,0.1336206896551726,512800,0.1336206896551726,511260,0.034245939675173975,最佳行业/主题 ETF 动量为正，持有该 ETF
mom_5m,105,weekly,2025-05-16,512800,银行ETF华宝,sector,银行,0.13778409090909105,512800,0.13778409090909105,511260,0.02239247084833451,最佳行业/主题 ETF 动量为正，持有该 ETF
mom_5m,105,weekly,2025-05-23,512800,银行ETF华宝,sector,银行,0.11187845303867405,512800,0.11187845303867405,511260,0.013684154509309154,最佳行业/主题 ETF 动量为正，持有该 ETF
mom_5m,105,weekly,2025-05-30,512800,银行ETF华宝,sector,银行,0.12849162011173187,512800,0.12849162011173187,511260,0.01090098086069946,最佳行业/主题 ETF 动量为正，持有该 ETF
mom_5m,105,weekly,2025-06-06,512800,银行ETF华宝,sector,银行,0.10080645161290325,512800,0.10080645161290325,511260,0.009575747490715436,最佳行业/主题 ETF 动量为正，持有该 ETF
mom_5m,105,weekly,2025-06-13,512400,有色金属ETF南方,sector,有色金属,0.1613924050632911,512400,0.1613924050632911,511260,0.00299136328195293,最佳行业/主题 ETF 动量为正，持有该 ETF
mom_5m,105,weekly,2025-06-20,512800,银行ETF华宝,sector,银行,0.15961800818553895,512800,0.15961800818553895,511260,0.004369790729747525,最佳行业/主题 ETF 动量为正，持有该 ETF
mom_5m,105,weekly,2025-06-27,512800,银行ETF华宝,sector,银行,0.1534320323014804,512800,0.1534320323014804,511260,0.003822801888913707,最佳行业/主题 ETF 动量为正，持有该 ETF
mom_5m,105,weekly,2025-07-04,512800,银行ETF华宝,sector,银行,0.2013513513513514,512800,0.2013513513513514,511260,0.005792012724421758,最佳行业/主题 ETF 动量为正，持有该 ETF
mom_5m,105,weekly,2025-07-11,512800,银行ETF华宝,sector,银行,0.2032520325203253,512800,0.2032520325203253,511260,2.243141594560072e-05,最佳行业/主题 ETF 动量为正，持有该 ETF
mom_5m,105,weekly,2025-07-18,512800,银行ETF华宝,sector,银行,0.1695364238410597,512800,0.1695364238410597,511010,0.004556962025316524,最佳行业/主题 ETF 动量为正，持有该 ETF
mom_5m,105,weekly,2025-07-25,512400,有色金属ETF南方,sector,有色金属,0.2529527559055118,512400,0.2529527559055118,511010,0.004754162614136304,最佳行业/主题 ETF 动量为正，持有该 ETF
mom_5m,105,weekly,2025-08-01,512400,有色金属ETF南方,sector,有色金属,0.22741116751269042,512400,0.22741116751269042,511010,0.007755600459375733,最佳行业/主题 ETF 动量为正，持有该 ETF
mom_5m,105,weekly,2025-08-08,512400,有色金属ETF南方,sector,有色金属,0.2174738841405508,512400,0.2174738841405508,511260,0.013504086862896836,最佳行业/主题 ETF 动量为正，持有该 ETF
mom_5m,105,weekly,2025-08-15,512400,有色金属ETF南方,sector,有色金属,0.2199816681943172,512400,0.2199816681943172,511260,0.01482051555582653,最佳行业/主题 ETF 动量为正，持有该 ETF
mom_5m,105,weekly,2025-08-22,512400,有色金属ETF南方,sector,有色金属,0.26923076923076916,512400,0.26923076923076916,511260,0.008518081910483977,最佳行业/主题 ETF 动量为正，持有该 ETF
mom_5m,105,weekly,2025-08-29,512400,有色金属ETF南方,sector,有色金属,0.3734827264239031,512400,0.3734827264239031,511260,0.008393913842741352,最佳行业/主题 ETF 动量为正，持有该 ETF
mom_5m,105,weekly,2025-09-05,512400,有色金属ETF南方,sector,有色金属,0.5991425509110395,512400,0.5991425509110395,511010,0.0004475209504768429,最佳行业/主题 ETF 动量为正，持有该 ETF
mom_5m,105,weekly,2025-09-12,512400,有色金属ETF南方,sector,有色金属,0.504863813229572,512400,0.504863813229572,511010,0.0004185700780128254,最佳行业/主题 ETF 动量为正，持有该 ETF
mom_5m,105,weekly,2025-09-19,515030,新能源车ETF华夏,sector,新能源车,0.4561702127659575,515030,0.4561702127659575,511010,0.0020661306285805203,最佳行业/主题 ETF 动量为正，持有该 ETF
mom_5m,105,weekly,2025-09-26,515030,新能源车ETF华夏,sector,新能源车,0.5021240441801189,515030,0.5021240441801189,511010,0.002277410259190926,最佳行业/主题 ETF 动量为正，持有该 ETF
mom_5m,105,weekly,2025-09-30,512400,有色金属ETF南方,sector,有色金属,0.625368731563422,512400,0.625368731563422,511010,0.0014068553536257244,最佳行业/主题 ETF 动量为正，持有该 ETF
mom_5m,105,weekly,2025-10-10,512400,有色金属ETF南方,sector,有色金属,0.6574162679425839,512400,0.6574162679425839,511010,0.0026932574696376665,最佳行业/主题 ETF 动量为正，持有该 ETF
mom_5m,105,weekly,2025-10-17,512400,有色金属ETF南方,sector,有色金属,0.5838862559241706,512400,0.5838862559241706,511010,0.0040517409485840705,最佳行业/主题 ETF 动量为正，持有该 ETF
mom_5m,105,weekly,2025-10-24,512400,有色金属ETF南方,sector,有色金属,0.5992474129821261,512400,0.5992474129821261,511010,0.0037942298797410956,最佳行业/主题 ETF 动量为正，持有该 ETF
mom_5m,105,weekly,2025-10-31,512400,有色金属ETF南方,sector,有色金属,0.6899224806201549,512400,0.6899224806201549,511010,0.007505869604478965,最佳行业/主题 ETF 动量为正，持有该 ETF
mom_5m,105,weekly,2025-11-07,515790,光伏ETF华泰柏瑞,sector,光伏,0.6640986132511557,515790,0.6640986132511557,511010,0.005867917719234894,最佳行业/主题 ETF 动量为正，持有该 ETF
mom_5m,105,weekly,2025-11-14,515790,光伏ETF华泰柏瑞,sector,光伏,0.6003062787136293,515790,0.6003062787136293,511010,0.004816393040744549,最佳行业/主题 ETF 动量为正，持有该 ETF
mom_5m,105,weekly,2025-11-21,512400,有色金属ETF南方,sector,有色金属,0.5334572490706317,512400,0.5334572490706317,511010,0.003303845849318643,最佳行业/主题 ETF 动量为正，持有该 ETF
mom_5m,105,weekly,2025-11-28,512400,有色金属ETF南方,sector,有色金属,0.547683923705722,512400,0.547683923705722,511010,0.003081930382937026,最佳行业/主题 ETF 动量为正，持有该 ETF
mom_5m,105,weekly,2025-12-05,512400,有色金属ETF南方,sector,有色金属,0.5577758470894874,512400,0.5577758470894874,511010,0.0014670665142069161,最佳行业/主题 ETF 动量为正，持有该 ETF
mom_5m,105,weekly,2025-12-12,512400,有色金属ETF南方,sector,有色金属,0.5649867374005304,512400,0.5649867374005304,511010,0.003845572190896096,最佳行业/主题 ETF 动量为正，持有该 ETF
mom_5m,105,weekly,2025-12-19,512400,有色金属ETF南方,sector,有色金属,0.5781659388646287,512400,0.5781659388646287,511010,0.004816692106096809,最佳行业/主题 ETF 动量为正，持有该 ETF
mom_5m,105,weekly,2025-12-26,512400,有色金属ETF南方,sector,有色金属,0.5082482325216027,512400,0.5082482325216027,511010,0.009508807930750374,最佳行业/主题 ETF 动量为正，持有该 ETF
mom_5m,105,weekly,2025-12-31,512400,有色金属ETF南方,sector,有色金属,0.5245253164556962,512400,0.5245253164556962,511010,0.008216030291643861,最佳行业/主题 ETF 动量为正，持有该 ETF
mom_5m,105,weekly,2026-01-09,512400,有色金属ETF南方,sector,有色金属,0.6955465587044531,512400,0.6955465587044531,511010,0.004767021729253473,最佳行业/主题 ETF 动量为正，持有该 ETF
mom_5m,105,weekly,2026-01-16,512400,有色金属ETF南方,sector,有色金属,0.6939252336448596,512400,0.6939252336448596,511010,0.007429474094217348,最佳行业/主题 ETF 动量为正，持有该 ETF
mom_5m,105,weekly,2026-01-23,512400,有色金属ETF南方,sector,有色金属,0.72535741158766,512400,0.72535741158766,511010,0.010088017227674051,最佳行业/主题 ETF 动量为正，持有该 ETF
mom_5m,105,weekly,2026-01-30,512400,有色金属ETF南方,sector,有色金属,0.6565155807365439,512400,0.6565155807365439,511010,0.01002383187694078,最佳行业/主题 ETF 动量为正，持有该 ETF
mom_5m,105,weekly,2026-02-06,512400,有色金属ETF南方,sector,有色金属,0.43917112299465244,512400,0.43917112299465244,511260,0.011244750191928388,最佳行业/主题 ETF 动量为正，持有该 ETF
mom_5m,105,weekly,2026-02-13,512400,有色金属ETF南方,sector,有色金属,0.46199999999999997,512400,0.46199999999999997,511260,0.0144723254464183,最佳行业/主题 ETF 动量为正，持有该 ETF
mom_5m,105,weekly,2026-02-27,512400,有色金属ETF南方,sector,有色金属,0.5700325732899025,512400,0.5700325732899025,511260,0.0118334726835847,最佳行业/主题 ETF 动量为正，持有该 ETF
mom_5m,105,weekly,2026-03-06,512400,有色金属ETF南方,sector,有色金属,0.522378089512358,512400,0.522378089512358,511260,0.013705232085303942,最佳行业/主题 ETF 动量为正，持有该 ETF
mom_5m,105,weekly,2026-03-13,512400,有色金属ETF南方,sector,有色金属,0.3749216300940439,512400,0.3749216300940439,511260,0.014129368254207852,最佳行业/主题 ETF 动量为正，持有该 ETF
mom_5m,105,weekly,2026-03-20,515790,光伏ETF华泰柏瑞,sector,光伏,0.22103004291845485,515790,0.22103004291845485,511010,0.009549854269367719,最佳行业/主题 ETF 动量为正，持有该 ETF
mom_5m,105,weekly,2026-03-27,515790,光伏ETF华泰柏瑞,sector,光伏,0.19675675675675675,515790,0.19675675675675675,511010,0.01050994845806108,最佳行业/主题 ETF 动量为正，持有该 ETF
mom_5m,105,weekly,2026-04-03,512400,有色金属ETF南方,sector,有色金属,0.16903914590747338,512400,0.16903914590747338,511010,0.009028940015371578,最佳行业/主题 ETF 动量为正，持有该 ETF
mom_5m,105,weekly,2026-04-10,512400,有色金属ETF南方,sector,有色金属,0.21931355439208833,512400,0.21931355439208833,511010,0.0072021922210585565,最佳行业/主题 ETF 动量为正，持有该 ETF
mom_5m,105,weekly,2026-04-17,512400,有色金属ETF南方,sector,有色金属,0.24112256586483372,512400,0.24112256586483372,511260,0.011591795194157095,最佳行业/主题 ETF 动量为正，持有该 ETF
mom_5m,105,weekly,2026-04-24,512400,有色金属ETF南方,sector,有色金属,0.209594517418618,512400,0.209594517418618,511260,0.011005689762166426,最佳行业/主题 ETF 动量为正，持有该 ETF
mom_5m,105,weekly,2026-04-30,512480,半导体ETF国联安,sector,半导体,0.3744326777609681,512480,0.3744326777609681,511260,0.010969618568341222,最佳行业/主题 ETF 动量为正，持有该 ETF
mom_5m,105,weekly,2026-05-08,512480,半导体ETF国联安,sector,半导体,0.3893352812271731,512480,0.3893352812271731,511260,0.013913787025299662,最佳行业/主题 ETF 动量为正，持有该 ETF
mom_5m,105,weekly,2026-05-15,512480,半导体ETF国联安,sector,半导体,0.4703757225433529,512480,0.4703757225433529,511260,0.014603079459034163,最佳行业/主题 ETF 动量为正，持有该 ETF
mom_5m,105,weekly,2026-05-22,512480,半导体ETF国联安,sector,半导体,0.5222531293463144,512480,0.5222531293463144,511260,0.015037312314562401,最佳行业/主题 ETF 动量为正，持有该 ETF
mom_5m,105,weekly,2026-05-29,512480,半导体ETF国联安,sector,半导体,0.529745042492918,512480,0.529745042492918,511260,0.019496728057748047,最佳行业/主题 ETF 动量为正，持有该 ETF
mom_5m,105,weekly,2026-06-05,512480,半导体ETF国联安,sector,半导体,0.42051630434782616,512480,0.42051630434782616,511260,0.018266856244855134,最佳行业/主题 ETF 动量为正，持有该 ETF
mom_5m,105,weekly,2026-06-12,512480,半导体ETF国联安,sector,半导体,0.4385245901639343,512480,0.4385245901639343,511260,0.01821158482092544,最佳行业/主题 ETF 动量为正，持有该 ETF
mom_5m,105,weekly,2026-06-18,512480,半导体ETF国联安,sector,半导体,0.5438705662725576,512480,0.5438705662725576,511260,0.021952007695603015,最佳行业/主题 ETF 动量为正，持有该 ETF
mom_5m,105,biweekly,2015-01-16,CASH,空仓,cash,现金,0.0,,,,,行业和防守资产均无正动量，空仓
mom_5m,105,biweekly,2015-01-30,CASH,空仓,cash,现金,0.0,,,,,行业和防守资产均无正动量，空仓
mom_5m,105,biweekly,2015-02-13,CASH,空仓,cash,现金,0.0,,,,,行业和防守资产均无正动量，空仓
mom_5m,105,biweekly,2015-02-27,CASH,空仓,cash,现金,0.0,,,,,行业和防守资产均无正动量，空仓
mom_5m,105,biweekly,2015-03-13,CASH,空仓,cash,现金,0.0,,,,,行业和防守资产均无正动量，空仓
mom_5m,105,biweekly,2015-03-27,CASH,空仓,cash,现金,0.0,,,,,行业和防守资产均无正动量，空仓
mom_5m,105,biweekly,2015-04-10,CASH,空仓,cash,现金,0.0,,,,,行业和防守资产均无正动量，空仓
mom_5m,105,biweekly,2015-04-24,CASH,空仓,cash,现金,0.0,,,,,行业和防守资产均无正动量，空仓
mom_5m,105,biweekly,2015-05-08,CASH,空仓,cash,现金,0.0,,,,,行业和防守资产均无正动量，空仓
mom_5m,105,biweekly,2015-05-22,CASH,空仓,cash,现金,0.0,,,,,行业和防守资产均无正动量，空仓
mom_5m,105,biweekly,2015-06-05,CASH,空仓,cash,现金,0.0,,,,,行业和防守资产均无正动量，空仓
mom_5m,105,biweekly,2015-06-19,159928,消费ETF汇添富,sector,消费,0.47404844290657455,159928,0.47404844290657455,511010,0.018437208193431864,最佳行业/主题 ETF 动量为正，持有该 ETF
mom_5m,105,biweekly,2015-07-03,159928,消费ETF汇添富,sector,消费,0.16387959866220725,159928,0.16387959866220725,511010,-0.00011736744813828359,最佳行业/主题 ETF 动量为正，持有该 ETF
mom_5m,105,biweekly,2015-07-17,512010,医药ETF易方达,sector,医药,0.3450980392156864,512010,0.3450980392156864,511010,0.026060001564577995,最佳行业/主题 ETF 动量为正，持有该 ETF
mom_5m,105,biweekly,2015-07-31,512010,医药ETF易方达,sector,医药,0.21509433962264146,512010,0.21509433962264146,511010,0.017734191638343333,最佳行业/主题 ETF 动量为正，持有该 ETF
mom_5m,105,biweekly,2015-08-14,159928,消费ETF汇添富,sector,消费,0.2048929663608563,159928,0.2048929663608563,511010,0.02027250930781066,最佳行业/主题 ETF 动量为正，持有该 ETF
mom_5m,105,biweekly,2015-08-28,511010,国债ETF国泰,defensive,国债,0.034388872447469465,159928,-0.028901734104046062,511010,0.034388872447469465,最佳行业/主题 ETF 动量为负或不可用，切换到正动量防守资产
mom_5m,105,biweekly,2015-09-11,511010,国债ETF国泰,defensive,国债,0.026996758031240686,512010,-0.13988095238095255,511010,0.026996758031240686,最佳行业/主题 ETF 动量为负或不可用，切换到正动量防守资产
mom_5m,105,biweekly,2015-09-25,511010,国债ETF国泰,defensive,国债,0.012957080880074523,512010,-0.1941176470588235,511010,0.012957080880074523,最佳行业/主题 ETF 动量为负或不可用，切换到正动量防守资产
mom_5m,105,biweekly,2015-10-09,511010,国债ETF国泰,defensive,国债,0.01930382200170566,512010,-0.10591900311526492,511010,0.01930382200170566,最佳行业/主题 ETF 动量为负或不可用，切换到正动量防守资产
mom_5m,105,biweekly,2015-10-23,511010,国债ETF国泰,defensive,国债,0.02266294425070292,512010,-0.11142857142857132,511010,0.02266294425070292,最佳行业/主题 ETF 动量为负或不可用，切换到正动量防守资产
mom_5m,105,biweekly,2015-11-06,511010,国债ETF国泰,defensive,国债,0.03179072086339385,512010,-0.217283950617284,511010,0.03179072086339385,最佳行业/主题 ETF 动量为负或不可用，切换到正动量防守资产
mom_5m,105,biweekly,2015-11-20,511010,国债ETF国泰,defensive,国债,0.027575107296137213,512010,-0.18604651162790697,511010,0.027575107296137213,最佳行业/主题 ETF 动量为负或不可用，切换到正动量防守资产
mom_5m,105,biweekly,2015-12-04,511010,国债ETF国泰,defensive,国债,0.03463093540637141,512010,-0.0942857142857142,511010,0.03463093540637141,最佳行业/主题 ETF 动量为负或不可用，切换到正动量防守资产
mom_5m,105,biweekly,2015-12-18,511010,国债ETF国泰,defensive,国债,0.026693807461146024,512010,-0.006153846153846176,511010,0.026693807461146024,最佳行业/主题 ETF 动量为负或不可用，切换到正动量防守资产
mom_5m,105,biweekly,2015-12-31,512010,医药ETF易方达,sector,医药,0.053968253968254,512010,0.053968253968254,511010,0.02360121492292122,最佳行业/主题 ETF 动量为正，持有该 ETF
mom_5m,105,biweekly,2016-01-15,511010,国债ETF国泰,defensive,国债,0.025686971606126763,512010,-0.17699115044247782,511010,0.025686971606126763,最佳行业/主题 ETF 动量为负或不可用，切换到正动量防守资产
mom_5m,105,biweekly,2016-01-29,512010,医药ETF易方达,sector,医药,0.07751937984496138,512010,0.07751937984496138,511010,0.02689697480924802,最佳行业/主题 ETF 动量为正，持有该 ETF
mom_5m,105,biweekly,2016-02-19,511010,国债ETF国泰,defensive,国债,0.02566476415904706,512010,-0.051546391752577136,511010,0.02566476415904706,最佳行业/主题 ETF 动量为负或不可用，切换到正动量防守资产
mom_5m,105,biweekly,2016-03-04,511010,国债ETF国泰,defensive,国债,0.02981679870793874,512010,-0.028469750889679735,511010,0.02981679870793874,最佳行业/主题 ETF 动量为负或不可用，切换到正动量防守资产
mom_5m,105,biweekly,2016-03-18,511010,国债ETF国泰,defensive,国债,0.022387142519498804,512010,-0.054054054054053946,511010,0.022387142519498804,最佳行业/主题 ETF 动量为负或不可用，切换到正动量防守资产
mom_5m,105,biweekly,2016-04-01,511010,国债ETF国泰,defensive,国债,0.02822611056640767,159928,-0.021212121212121238,511010,0.02822611056640767,最佳行业/主题 ETF 动量为负或不可用，切换到正动量防守资产
mom_5m,105,biweekly,2016-04-15,511010,国债ETF国泰,defensive,国债,0.03066295455193324,159928,-0.08285714285714274,511010,0.03066295455193324,最佳行业/主题 ETF 动量为负或不可用，切换到正动量防守资产
mom_5m,105,biweekly,2016-04-29,511010,国债ETF国泰,defensive,国债,0.022879437862818097,159928,-0.08571428571428563,511010,0.022879437862818097,最佳行业/主题 ETF 动量为负或不可用，切换到正动量防守资产
mom_5m,105,biweekly,2016-05-13,511010,国债ETF国泰,defensive,国债,0.024318946901903837,159928,-0.02052785923753664,511010,0.024318946901903837,最佳行业/主题 ETF 动量为负或不可用，切换到正动量防守资产
mom_5m,105,biweekly,2016-05-27,511010,国债ETF国泰,defensive,国债,0.013457198243165935,159928,-0.12129380053908356,511010,0.013457198243165935,最佳行业/主题 ETF 动量为负或不可用，切换到正动量防守资产
mom_5m,105,biweekly,2016-06-08,511010,国债ETF国泰,defensive,国债,0.013030169710471995,159928,-0.03977272727272718,511010,0.013030169710471995,最佳行业/主题 ETF 动量为负或不可用，切换到正动量防守资产
mom_5m,105,biweekly,2016-06-24,159928,消费ETF汇添富,sector,消费,0.06687898089171984,159928,0.06687898089171984,511010,0.011665875917501678,最佳行业/主题 ETF 动量为正，持有该 ETF
mom_5m,105,biweekly,2016-07-08,159928,消费ETF汇添富,sector,消费,0.19999999999999996,159928,0.19999999999999996,511010,0.020480173250690736,最佳行业/主题 ETF 动量为正，持有该 ETF
mom_5m,105,biweekly,2016-07-22,159928,消费ETF汇添富,sector,消费,0.19016393442622959,159928,0.19016393442622959,511010,0.019588866451390574,最佳行业/主题 ETF 动量为正，持有该 ETF
mom_5m,105,biweekly,2016-08-05,159928,消费ETF汇添富,sector,消费,0.18892508143322484,159928,0.18892508143322484,511010,0.021527436109280318,最佳行业/主题 ETF 动量为正，持有该 ETF
mom_5m,105,biweekly,2016-08-19,159928,消费ETF汇添富,sector,消费,0.13924050632911378,159928,0.13924050632911378,511010,0.019733797367592842,最佳行业/主题 ETF 动量为正，持有该 ETF
mom_5m,105,biweekly,2016-09-02,512010,医药ETF易方达,sector,医药,0.13028169014084523,512010,0.13028169014084523,511010,0.009852895263631423,最佳行业/主题 ETF 动量为正，持有该 ETF
mom_5m,105,biweekly,2016-09-14,159928,消费ETF汇添富,sector,消费,0.10280373831775691,159928,0.10280373831775691,511010,0.015119666629789474,最佳行业/主题 ETF 动量为正，持有该 ETF
mom_5m,105,biweekly,2016-09-30,512010,医药ETF易方达,sector,医药,0.14642857142857135,512010,0.14642857142857135,511010,0.022849101497042,最佳行业/主题 ETF 动量为正，持有该 ETF
mom_5m,105,biweekly,2016-10-21,512010,医药ETF易方达,sector,医药,0.16666666666666674,512010,0.16666666666666674,511010,0.025251499769266328,最佳行业/主题 ETF 动量为正，持有该 ETF
mom_5m,105,biweekly,2016-11-04,512010,医药ETF易方达,sector,医药,0.18050541516245477,512010,0.18050541516245477,511010,0.025495253149930175,最佳行业/主题 ETF 动量为正，持有该 ETF
mom_5m,105,biweekly,2016-11-18,512010,医药ETF易方达,sector,医药,0.16607773851590113,512010,0.16607773851590113,511010,0.012996236717827792,最佳行业/主题 ETF 动量为正，持有该 ETF
mom_5m,105,biweekly,2016-12-02,512010,医药ETF易方达,sector,医药,0.13013698630136994,512010,0.13013698630136994,511010,0.0014144791226555764,最佳行业/主题 ETF 动量为正，持有该 ETF
mom_5m,105,biweekly,2016-12-16,512010,医药ETF易方达,sector,医药,0.03833865814696491,512010,0.03833865814696491,511010,-0.029463754178687518,最佳行业/主题 ETF 动量为正，持有该 ETF
mom_5m,105,biweekly,2016-12-30,512010,医药ETF易方达,sector,医药,0.05787781350482324,512010,0.05787781350482324,511010,-0.014583827365425517,最佳行业/主题 ETF 动量为正，持有该 ETF
mom_5m,105,biweekly,2017-01-13,512010,医药ETF易方达,sector,医药,0.025236593059936974,512010,0.025236593059936974,511010,-0.020127291519338564,最佳行业/主题 ETF 动量为正，持有该 ETF
mom_5m,105,biweekly,2017-01-26,512010,医药ETF易方达,sector,医药,0.034267912772585785,512010,0.034267912772585785,511010,-0.018807697190634243,最佳行业/主题 ETF 动量为正，持有该 ETF
mom_5m,105,biweekly,2017-02-10,159928,消费ETF汇添富,sector,消费,0.03581267217630857,159928,0.03581267217630857,511010,-0.02261313378075247,最佳行业/主题 ETF 动量为正，持有该 ETF
mom_5m,105,biweekly,2017-02-24,159928,消费ETF汇添富,sector,消费,0.11331444759206799,159928,0.11331444759206799,511010,-0.01600778118153967,最佳行业/主题 ETF 动量为正，持有该 ETF
mom_5m,105,biweekly,2017-03-10,159928,消费ETF汇添富,sector,消费,0.10795454545454564,159928,0.10795454545454564,511010,-0.022586897063884503,最佳行业/主题 ETF 动量为正，持有该 ETF
mom_5m,105,biweekly,2017-03-24,159928,消费ETF汇添富,sector,消费,0.14245810055865915,159928,0.14245810055865915,511010,-0.023203613056764993,最佳行业/主题 ETF 动量为正，持有该 ETF
mom_5m,105,biweekly,2017-04-07,512010,医药ETF易方达,sector,医药,0.12538226299694188,512010,0.12538226299694188,511010,-0.023099481163997293,最佳行业/主题 ETF 动量为正，持有该 ETF
mom_5m,105,biweekly,2017-04-21,159928,消费ETF汇添富,sector,消费,0.12328767123287676,159928,0.12328767123287676,511010,-0.023912767385742995,最佳行业/主题 ETF 动量为正，持有该 ETF
mom_5m,105,biweekly,2017-05-05,512010,医药ETF易方达,sector,医药,0.0845921450151057,512010,0.0845921450151057,511010,-0.025948085587639724,最佳行业/主题 ETF 动量为正，持有该 ETF
mom_5m,105,biweekly,2017-05-19,512010,医药ETF易方达,sector,医药,0.1207430340557274,512010,0.1207430340557274,511010,-0.01942421410129469,最佳行业/主题 ETF 动量为正，持有该 ETF
mom_5m,105,biweekly,2017-06-02,159928,消费ETF汇添富,sector,消费,0.12261580381471382,159928,0.12261580381471382,511010,-0.003907958277893031,最佳行业/主题 ETF 动量为正，持有该 ETF
mom_5m,105,biweekly,2017-06-16,512010,医药ETF易方达,sector,医药,0.15805471124620052,512010,0.15805471124620052,511010,-0.006040560697443853,最佳行业/主题 ETF 动量为正，持有该 ETF
mom_5m,105,biweekly,2017-06-30,159928,消费ETF汇添富,sector,消费,0.22343324250681196,159928,0.22343324250681196,511010,-0.010655699829028142,最佳行业/主题 ETF 动量为正，持有该 ETF
mom_5m,105,biweekly,2017-07-14,159928,消费ETF汇添富,sector,消费,0.15159574468085113,159928,0.15159574468085113,511010,-0.004748055712998189,最佳行业/主题 ETF 动量为正，持有该 ETF
mom_5m,105,biweekly,2017-07-28,159928,消费ETF汇添富,sector,消费,0.13486005089058528,159928,0.13486005089058528,511010,-0.011529081368708893,最佳行业/主题 ETF 动量为正，持有该 ETF
mom_5m,105,biweekly,2017-08-11,159928,消费ETF汇添富,sector,消费,0.16153846153846163,159928,0.16153846153846163,511010,-0.006810348022682766,最佳行业/主题 ETF 动量为正，持有该 ETF
mom_5m,105,biweekly,2017-08-25,159928,消费ETF汇添富,sector,消费,0.14180929095354533,159928,0.14180929095354533,511010,-0.009367184399715733,最佳行业/主题 ETF 动量为正，持有该 ETF
mom_5m,105,biweekly,2017-09-08,159928,消费ETF汇添富,sector,消费,0.1502463054187193,159928,0.1502463054187193,511010,-0.007150181525926391,最佳行业/主题 ETF 动量为正，持有该 ETF
mom_5m,105,biweekly,2017-09-22,159928,消费ETF汇添富,sector,消费,0.21271393643031788,159928,0.21271393643031788,511010,-0.0016761025029796706,最佳行业/主题 ETF 动量为正，持有该 ETF
mom_5m,105,biweekly,2017-10-13,159928,消费ETF汇添富,sector,消费,0.351010101010101,159928,0.351010101010101,511010,0.009750720705443472,最佳行业/主题 ETF 动量为正，持有该 ETF
mom_5m,105,biweekly,2017-10-27,159928,消费ETF汇添富,sector,消费,0.3844282238442822,159928,0.3844282238442822,511010,0.006054718813954141,最佳行业/主题 ETF 动量为正，持有该 ETF
mom_5m,105,biweekly,2017-11-10,159928,消费ETF汇添富,sector,消费,0.337995337995338,159928,0.337995337995338,511010,-0.0015885771955070904,最佳行业/主题 ETF 动量为正，持有该 ETF
mom_5m,105,biweekly,2017-11-24,159928,消费ETF汇添富,sector,消费,0.25799086757990874,159928,0.25799086757990874,511010,-0.00838147861229599,最佳行业/主题 ETF 动量为正，持有该 ETF
mom_5m,105,biweekly,2017-12-08,159928,消费ETF汇添富,sector,消费,0.2152466367713004,159928,0.2152466367713004,511010,-0.005666197590002198,最佳行业/主题 ETF 动量为正，持有该 ETF
mom_5m,105,biweekly,2017-12-22,159928,消费ETF汇添富,sector,消费,0.3470319634703196,159928,0.3470319634703196,511010,-0.0018679717562670728,最佳行业/主题 ETF 动量为正，持有该 ETF
mom_5m,105,biweekly,2018-01-05,159928,消费ETF汇添富,sector,消费,0.3565022421524664,159928,0.3565022421524664,511010,-0.001652753655666861,最佳行业/主题 ETF 动量为正，持有该 ETF
mom_5m,105,biweekly,2018-01-19,159928,消费ETF汇添富,sector,消费,0.31355932203389836,159928,0.31355932203389836,511010,-0.003607786105828348,最佳行业/主题 ETF 动量为正，持有该 ETF
mom_5m,105,biweekly,2018-02-02,159928,消费ETF汇添富,sector,消费,0.2997858672376872,159928,0.2997858672376872,511010,0.00027048454040934367,最佳行业/主题 ETF 动量为正，持有该 ETF
mom_5m,105,biweekly,2018-02-14,159928,消费ETF汇添富,sector,消费,0.2286324786324785,159928,0.2286324786324785,511010,0.0034987158968249332,最佳行业/主题 ETF 动量为正，持有该 ETF
mom_5m,105,biweekly,2018-03-02,159928,消费ETF汇添富,sector,消费,0.1900826446280992,159928,0.1900826446280992,511010,0.010449710766934128,最佳行业/主题 ETF 动量为正，持有该 ETF
mom_5m,105,biweekly,2018-03-16,512010,医药ETF易方达,sector,医药,0.11139240506329107,512010,0.11139240506329107,511010,0.008862849732715228,最佳行业/主题 ETF 动量为正，持有该 ETF
mom_5m,105,biweekly,2018-03-30,512010,医药ETF易方达,sector,医药,0.09263657957244664,512010,0.09263657957244664,511010,0.015950127769509548,最佳行业/主题 ETF 动量为正，持有该 ETF
mom_5m,105,biweekly,2018-04-13,512010,医药ETF易方达,sector,医药,0.04895104895104896,512010,0.04895104895104896,511010,0.024143887053168944,最佳行业/主题 ETF 动量为正，持有该 ETF
mom_5m,105,biweekly,2018-04-27,512010,医药ETF易方达,sector,医药,0.08490566037735858,512010,0.08490566037735858,511260,0.03532668533140404,最佳行业/主题 ETF 动量为正，持有该 ETF
mom_5m,105,biweekly,2018-05-11,512010,医药ETF易方达,sector,医药,0.22166246851385374,512010,0.22166246851385374,511260,0.0284236639616533,最佳行业/主题 ETF 动量为正，持有该 ETF
mom_5m,105,biweekly,2018-05-25,512010,医药ETF易方达,sector,医药,0.306930693069307,512010,0.306930693069307,511260,0.03454922738236932,最佳行业/主题 ETF 动量为正，持有该 ETF
mom_5m,105,biweekly,2018-06-08,512010,医药ETF易方达,sector,医药,0.25,512010,0.25,511260,0.03142191240078951,最佳行业/主题 ETF 动量为正，持有该 ETF
mom_5m,105,biweekly,2018-06-22,512010,医药ETF易方达,sector,医药,0.1561771561771561,512010,0.1561771561771561,511260,0.04250139633895733,最佳行业/主题 ETF 动量为正，持有该 ETF
mom_5m,105,biweekly,2018-07-06,512010,医药ETF易方达,sector,医药,0.07656612529002338,512010,0.07656612529002338,511260,0.047003562308880475,最佳行业/主题 ETF 动量为正，持有该 ETF
mom_5m,105,biweekly,2018-07-20,512010,医药ETF易方达,sector,医药,0.2827225130890052,512010,0.2827225130890052,511260,0.04919611455367612,最佳行业/主题 ETF 动量为正，持有该 ETF
mom_5m,105,biweekly,2018-08-03,512010,医药ETF易方达,sector,医药,0.06845965770171158,512010,0.06845965770171158,511260,0.041564690753723044,最佳行业/主题 ETF 动量为正，持有该 ETF
mom_5m,105,biweekly,2018-08-17,511010,国债ETF国泰,defensive,国债,0.016820943415419176,512010,-0.054669703872437414,511010,0.016820943415419176,最佳行业/主题 ETF 动量为负或不可用，切换到正动量防守资产
mom_5m,105,biweekly,2018-08-31,511260,十年国债ETF国泰,defensive,十年国债,0.03114755793631918,512800,-0.06036217303822933,511260,0.03114755793631918,最佳行业/主题 ETF 动量为负或不可用，切换到正动量防守资产
mom_5m,105,biweekly,2018-09-14,511260,十年国债ETF国泰,defensive,十年国债,0.013093473705729108,512800,-0.03941908713692943,511260,0.013093473705729108,最佳行业/主题 ETF 动量为负或不可用，切换到正动量防守资产
mom_5m,105,biweekly,2018-09-28,512800,银行ETF华宝,sector,银行,0.010224948875255713,512800,0.010224948875255713,511010,0.013257420231936434,最佳行业/主题 ETF 动量为正，持有该 ETF
mom_5m,105,biweekly,2018-10-19,511260,十年国债ETF国泰,defensive,十年国债,0.02630177393584332,512800,-0.0325203252032521,511260,0.02630177393584332,最佳行业/主题 ETF 动量为负或不可用，切换到正动量防守资产
mom_5m,105,biweekly,2018-11-02,512800,银行ETF华宝,sector,银行,0.05508474576271194,512800,0.05508474576271194,511010,0.018572655350715284,最佳行业/主题 ETF 动量为正，持有该 ETF
mom_5m,105,biweekly,2018-11-16,512800,银行ETF华宝,sector,银行,0.01927194860813697,512800,0.01927194860813697,511260,0.03671732646558823,最佳行业/主题 ETF 动量为正，持有该 ETF
mom_5m,105,biweekly,2018-11-30,512800,银行ETF华宝,sector,银行,0.08256880733944949,512800,0.08256880733944949,511260,0.027131548123914495,最佳行业/主题 ETF 动量为正，持有该 ETF
mom_5m,105,biweekly,2018-12-14,512800,银行ETF华宝,sector,银行,0.037694013303769536,512800,0.037694013303769536,511010,0.02626774571514212,最佳行业/主题 ETF 动量为正，持有该 ETF
mom_5m,105,biweekly,2018-12-28,511260,十年国债ETF国泰,defensive,十年国债,0.035547756329907365,512800,-0.04282655246252676,511260,0.035547756329907365,最佳行业/主题 ETF 动量为负或不可用，切换到正动量防守资产
mom_5m,105,biweekly,2019-01-11,512880,证券ETF国泰,sector,证券,0.08044382801664351,512880,0.08044382801664351,511260,0.029124666321367343,最佳行业/主题 ETF 动量为正，持有该 ETF
mom_5m,105,biweekly,2019-01-25,512880,证券ETF国泰,sector,证券,0.0902777777777779,512880,0.0902777777777779,511260,0.04200349188087227,最佳行业/主题 ETF 动量为正，持有该 ETF
mom_5m,105,biweekly,2019-02-15,512880,证券ETF国泰,sector,证券,0.1341632088520055,512880,0.1341632088520055,511260,0.04419345438467803,最佳行业/主题 ETF 动量为正，持有该 ETF
mom_5m,105,biweekly,2019-03-01,512880,证券ETF国泰,sector,证券,0.45991561181434615,512880,0.45991561181434615,511260,0.03801852597664124,最佳行业/主题 ETF 动量为正，持有该 ETF
mom_5m,105,biweekly,2019-03-15,512880,证券ETF国泰,sector,证券,0.4658119658119657,512880,0.4658119658119657,511260,0.03939521715559313,最佳行业/主题 ETF 动量为正，持有该 ETF
mom_5m,105,biweekly,2019-03-29,512880,证券ETF国泰,sector,证券,0.49168975069252085,512880,0.49168975069252085,511260,0.03885104767992331,最佳行业/主题 ETF 动量为正，持有该 ETF
mom_5m,105,biweekly,2019-04-12,159928,消费ETF汇添富,sector,消费,0.50561797752809,159928,0.50561797752809,511260,0.019473741761682817,最佳行业/主题 ETF 动量为正，持有该 ETF
mom_5m,105,biweekly,2019-04-26,159928,消费ETF汇添富,sector,消费,0.515625,159928,0.515625,511010,0.006590341862881877,最佳行业/主题 ETF 动量为正，持有该 ETF
mom_5m,105,biweekly,2019-05-10,159928,消费ETF汇添富,sector,消费,0.5101123595505619,159928,0.5101123595505619,511010,0.014814947032101955,最佳行业/主题 ETF 动量为正，持有该 ETF
mom_5m,105,biweekly,2019-05-24,159928,消费ETF汇添富,sector,消费,0.39451476793248963,159928,0.39451476793248963,511010,0.007441909795568469,最佳行业/主题 ETF 动量为正，持有该 ETF
mom_5m,105,biweekly,2019-06-06,159928,消费ETF汇添富,sector,消费,0.4697986577181208,159928,0.4697986577181208,511260,0.009350163627863672,最佳行业/主题 ETF 动量为正，持有该 ETF
mom_5m,105,biweekly,2019-06-21,159928,消费ETF汇添富,sector,消费,0.5214592274678109,159928,0.5214592274678109,511010,0.005548970543044041,最佳行业/主题 ETF 动量为正，持有该 ETF
mom_5m,105,biweekly,2019-07-05,159928,消费ETF汇添富,sector,消费,0.514344262295082,159928,0.514344262295082,511010,0.008836576046378886,最佳行业/主题 ETF 动量为正，持有该 ETF
mom_5m,105,biweekly,2019-07-19,159928,消费ETF汇添富,sector,消费,0.37571157495256147,159928,0.37571157495256147,511010,0.004974124064619945,最佳行业/主题 ETF 动量为正，持有该 ETF
mom_5m,105,biweekly,2019-08-02,159928,消费ETF汇添富,sector,消费,0.23103448275862082,159928,0.23103448275862082,511260,0.01436525180414372,最佳行业/主题 ETF 动量为正，持有该 ETF
mom_5m,105,biweekly,2019-08-16,159928,消费ETF汇添富,sector,消费,0.23247863247863254,159928,0.23247863247863254,511260,0.01966579735342422,最佳行业/主题 ETF 动量为正，持有该 ETF
mom_5m,105,biweekly,2019-08-30,159928,消费ETF汇添富,sector,消费,0.17846153846153845,159928,0.17846153846153845,511260,0.012296185202276488,最佳行业/主题 ETF 动量为正，持有该 ETF
mom_5m,105,biweekly,2019-09-12,159928,消费ETF汇添富,sector,消费,0.10895522388059686,159928,0.10895522388059686,511260,0.025147236631694048,最佳行业/主题 ETF 动量为正，持有该 ETF
mom_5m,105,biweekly,2019-09-27,159928,消费ETF汇添富,sector,消费,0.08100147275405001,159928,0.08100147275405001,511260,0.027303720733732106,最佳行业/主题 ETF 动量为正，持有该 ETF
mom_5m,105,biweekly,2019-10-11,512690,酒ETF鹏华,sector,白酒/酒,0.6692913385826771,512690,0.6692913385826771,511260,0.02331261968968623,最佳行业/主题 ETF 动量为正，持有该 ETF
mom_5m,105,biweekly,2019-10-25,512690,酒ETF鹏华,sector,白酒/酒,0.40714285714285703,512690,0.40714285714285703,511010,0.015441809776590265,最佳行业/主题 ETF 动量为正，持有该 ETF
mom_5m,105,biweekly,2019-11-08,512690,酒ETF鹏华,sector,白酒/酒,1.0,512690,1.0,511010,0.008943871306172468,最佳行业/主题 ETF 动量为正，持有该 ETF
mom_5m,105,biweekly,2019-11-22,512690,酒ETF鹏华,sector,白酒/酒,0.48684210526315796,512690,0.48684210526315796,511010,0.013835719404967861,最佳行业/主题 ETF 动量为正，持有该 ETF
mom_5m,105,biweekly,2019-12-06,512480,半导体ETF国联安,sector,半导体,0.35856573705179295,512480,0.35856573705179295,511010,0.012274317948360869,最佳行业/主题 ETF 动量为正，持有该 ETF
mom_5m,105,biweekly,2019-12-20,512480,半导体ETF国联安,sector,半导体,0.41948310139165,512480,0.41948310139165,511010,0.011137601587108303,最佳行业/主题 ETF 动量为正，持有该 ETF
mom_5m,105,biweekly,2020-01-03,512480,半导体ETF国联安,sector,半导体,0.40413533834586457,512480,0.40413533834586457,511010,0.013702679673778917,最佳行业/主题 ETF 动量为正，持有该 ETF
mom_5m,105,biweekly,2020-01-17,512480,半导体ETF国联安,sector,半导体,0.6120857699805067,512480,0.6120857699805067,511010,0.010791304798245749,最佳行业/主题 ETF 动量为正，持有该 ETF
mom_5m,105,biweekly,2020-02-07,512480,半导体ETF国联安,sector,半导体,0.6523297491039426,512480,0.6523297491039426,511260,0.027988709478145912,最佳行业/主题 ETF 动量为正，持有该 ETF
mom_5m,105,biweekly,2020-02-21,512480,半导体ETF国联安,sector,半导体,0.794348508634223,512480,0.794348508634223,511260,0.025556495054960715,最佳行业/主题 ETF 动量为正，持有该 ETF
mom_5m,105,biweekly,2020-03-06,512480,半导体ETF国联安,sector,半导体,0.5414710485133021,512480,0.5414710485133021,511260,0.045317652440767686,最佳行业/主题 ETF 动量为正，持有该 ETF
mom_5m,105,biweekly,2020-03-20,512480,半导体ETF国联安,sector,半导体,0.5305084745762714,512480,0.5305084745762714,511260,0.04022862167509356,最佳行业/主题 ETF 动量为正，持有该 ETF
mom_5m,105,biweekly,2020-04-03,512480,半导体ETF国联安,sector,半导体,0.425496688741722,512480,0.425496688741722,511260,0.06208267397429457,最佳行业/主题 ETF 动量为正，持有该 ETF
mom_5m,105,biweekly,2020-04-17,512480,半导体ETF国联安,sector,半导体,0.4932432432432434,512480,0.4932432432432434,511260,0.06562007609238685,最佳行业/主题 ETF 动量为正，持有该 ETF
mom_5m,105,biweekly,2020-04-30,512480,半导体ETF国联安,sector,半导体,0.5362563237774032,512480,0.5362563237774032,511010,0.06786373755328134,最佳行业/主题 ETF 动量为正，持有该 ETF
mom_5m,105,biweekly,2020-05-15,512480,半导体ETF国联安,sector,半导体,0.5119760479041915,512480,0.5119760479041915,511010,0.05636043162374782,最佳行业/主题 ETF 动量为正，持有该 ETF
mom_5m,105,biweekly,2020-05-29,512690,酒ETF鹏华,sector,白酒/酒,0.383259911894273,512690,0.383259911894273,511260,0.049710507710240215,最佳行业/主题 ETF 动量为正，持有该 ETF
mom_5m,105,biweekly,2020-06-12,512690,酒ETF鹏华,sector,白酒/酒,0.46808510638297873,512690,0.46808510638297873,511260,0.03752784492156014,最佳行业/主题 ETF 动量为正，持有该 ETF
mom_5m,105,biweekly,2020-06-24,512170,医疗ETF华宝,sector,医疗,0.4772727272727273,512170,0.4772727272727273,511260,0.025898614900909278,最佳行业/主题 ETF 动量为正，持有该 ETF
mom_5m,105,biweekly,2020-07-10,512690,酒ETF鹏华,sector,白酒/酒,1.7675675675675677,512690,1.7675675675675677,511010,0.0006582334028135683,最佳行业/主题 ETF 动量为正，持有该 ETF
mom_5m,105,biweekly,2020-07-24,512690,酒ETF鹏华,sector,白酒/酒,1.0598290598290596,512690,1.0598290598290596,511010,0.011297191334031842,最佳行业/主题 ETF 动量为正，持有该 ETF
mom_5m,105,biweekly,2020-08-07,512690,酒ETF鹏华,sector,白酒/酒,0.9835390946502058,512690,0.9835390946502058,511010,-0.003017602682313436,最佳行业/主题 ETF 动量为正，持有该 ETF
mom_5m,105,biweekly,2020-08-21,512690,酒ETF鹏华,sector,白酒/酒,2.9492753623188404,512690,2.9492753623188404,511010,-0.002811376817083766,最佳行业/主题 ETF 动量为正，持有该 ETF
mom_5m,105,biweekly,2020-09-04,512690,酒ETF鹏华,sector,白酒/酒,2.2473684210526317,512690,2.2473684210526317,511010,-0.02301090426634611,最佳行业/主题 ETF 动量为正，持有该 ETF
mom_5m,105,biweekly,2020-09-18,512690,酒ETF鹏华,sector,白酒/酒,1.7209302325581395,512690,1.7209302325581395,511260,-0.03211497196025748,最佳行业/主题 ETF 动量为正，持有该 ETF
mom_5m,105,biweekly,2020-09-30,512690,酒ETF鹏华,sector,白酒/酒,1.3797468354430378,512690,1.3797468354430378,511260,-0.040765071278545006,最佳行业/主题 ETF 动量为正，持有该 ETF
mom_5m,105,biweekly,2020-10-16,512690,酒ETF鹏华,sector,白酒/酒,1.2910447761194028,512690,1.2910447761194028,511260,-0.030904857254170026,最佳行业/主题 ETF 动量为正，持有该 ETF
mom_5m,105,biweekly,2020-10-30,512690,酒ETF鹏华,sector,白酒/酒,1.1926910299003324,512690,1.1926910299003324,511260,-0.024399119375557277,最佳行业/主题 ETF 动量为正，持有该 ETF
mom_5m,105,biweekly,2020-11-13,512690,酒ETF鹏华,sector,白酒/酒,1.0683760683760686,512690,1.0683760683760686,511260,-0.01899960513145449,最佳行业/主题 ETF 动量为正，持有该 ETF
mom_5m,105,biweekly,2020-11-27,512690,酒ETF鹏华,sector,白酒/酒,0.9894459102902375,512690,0.9894459102902375,511010,-0.007555274794693534,最佳行业/主题 ETF 动量为正，持有该 ETF
mom_5m,105,biweekly,2020-12-11,512690,酒ETF鹏华,sector,白酒/酒,0.6494023904382469,512690,0.6494023904382469,511260,0.0020430540847025114,最佳行业/主题 ETF 动量为正，持有该 ETF
mom_5m,105,biweekly,2020-12-25,512690,酒ETF鹏华,sector,白酒/酒,0.7047619047619047,512690,0.7047619047619047,511010,-0.010357548240635617,最佳行业/主题 ETF 动量为正，持有该 ETF
mom_5m,105,biweekly,2021-01-08,512690,酒ETF鹏华,sector,白酒/酒,1.0842911877394639,512690,1.0842911877394639,511260,-0.0014850290508808817,最佳行业/主题 ETF 动量为正，持有该 ETF
mom_5m,105,biweekly,2021-01-22,512690,酒ETF鹏华,sector,白酒/酒,0.7810218978102188,512690,0.7810218978102188,511260,0.005003945597177761,最佳行业/主题 ETF 动量为正，持有该 ETF
mom_5m,105,biweekly,2021-02-05,512690,酒ETF鹏华,sector,白酒/酒,0.7017543859649122,512690,0.7017543859649122,511010,0.006201340235006958,最佳行业/主题 ETF 动量为正，持有该 ETF
mom_5m,105,biweekly,2021-02-19,512690,酒ETF鹏华,sector,白酒/酒,1.0,512690,1.0,511010,0.006991049081576328,最佳行业/主题 ETF 动量为正，持有该 ETF
mom_5m,105,biweekly,2021-03-05,512690,酒ETF鹏华,sector,白酒/酒,0.4608540925266902,512690,0.4608540925266902,511010,0.006826658565810995,最佳行业/主题 ETF 动量为正，持有该 ETF
mom_5m,105,biweekly,2021-03-19,512400,有色金属ETF南方,sector,有色金属,0.33333333333333326,512400,0.33333333333333326,511010,0.011078518896399325,最佳行业/主题 ETF 动量为正，持有该 ETF
mom_5m,105,biweekly,2021-04-02,512690,酒ETF鹏华,sector,白酒/酒,0.33817126269956477,512690,0.33817126269956477,511010,0.010681879739978362,最佳行业/主题 ETF 动量为正，持有该 ETF
mom_5m,105,biweekly,2021-04-16,515220,煤炭ETF国泰,sector,煤炭,0.2714617169373552,515220,0.2714617169373552,511260,0.014966481803073695,最佳行业/主题 ETF 动量为正，持有该 ETF
mom_5m,105,biweekly,2021-04-30,512690,酒ETF鹏华,sector,白酒/酒,0.3198924731182795,512690,0.3198924731182795,511260,0.019538754205283393,最佳行业/主题 ETF 动量为正，持有该 ETF
mom_5m,105,biweekly,2021-05-14,515220,煤炭ETF国泰,sector,煤炭,0.3090128755364805,515220,0.3090128755364805,511260,0.01776037968533939,最佳行业/主题 ETF 动量为正，持有该 ETF
mom_5m,105,biweekly,2021-05-28,512690,酒ETF鹏华,sector,白酒/酒,0.24476295479603083,512690,0.24476295479603083,511260,0.027213689310380262,最佳行业/主题 ETF 动量为正，持有该 ETF
mom_5m,105,biweekly,2021-06-11,515220,煤炭ETF国泰,sector,煤炭,0.3326693227091635,515220,0.3326693227091635,511260,0.020872599697687733,最佳行业/主题 ETF 动量为正，持有该 ETF
mom_5m,105,biweekly,2021-06-25,515220,煤炭ETF国泰,sector,煤炭,0.5336225596529283,515220,0.5336225596529283,511260,0.0130445233340728,最佳行业/主题 ETF 动量为正，持有该 ETF
mom_5m,105,biweekly,2021-07-09,515220,煤炭ETF国泰,sector,煤炭,0.41095890410958913,515220,0.41095890410958913,511260,0.030944534435569437,最佳行业/主题 ETF 动量为正，持有该 ETF
mom_5m,105,biweekly,2021-07-23,515030,新能源车ETF华夏,sector,新能源车,0.41238317757009346,515030,0.41238317757009346,511260,0.03474907063197019,最佳行业/主题 ETF 动量为正，持有该 ETF
mom_5m,105,biweekly,2021-08-06,515030,新能源车ETF华夏,sector,新能源车,0.6751467710371821,515030,0.6751467710371821,511260,0.04097090082146004,最佳行业/主题 ETF 动量为正，持有该 ETF
mom_5m,105,biweekly,2021-08-20,515030,新能源车ETF华夏,sector,新能源车,0.6269678302532509,515030,0.6269678302532509,511260,0.040459902591367225,最佳行业/主题 ETF 动量为正，持有该 ETF
mom_5m,105,biweekly,2021-09-03,515220,煤炭ETF国泰,sector,煤炭,0.8611111111111109,515220,0.8611111111111109,511260,0.0387098567022055,最佳行业/主题 ETF 动量为正，持有该 ETF
mom_5m,105,biweekly,2021-09-17,515220,煤炭ETF国泰,sector,煤炭,0.8709677419354838,515220,0.8709677419354838,511260,0.028752611572834263,最佳行业/主题 ETF 动量为正，持有该 ETF
mom_5m,105,biweekly,2021-09-30,515220,煤炭ETF国泰,sector,煤炭,0.7244367417677644,515220,0.7244367417677644,511260,0.03343784581335307,最佳行业/主题 ETF 动量为正，持有该 ETF
mom_5m,105,biweekly,2021-10-15,515790,光伏ETF华泰柏瑞,sector,光伏,0.6268656716417909,515790,0.6268656716417909,511260,0.02362862229073759,最佳行业/主题 ETF 动量为正，持有该 ETF
mom_5m,105,biweekly,2021-10-29,515790,光伏ETF华泰柏瑞,sector,光伏,0.6779661016949152,515790,0.6779661016949152,511260,0.01807124556652706,最佳行业/主题 ETF 动量为正，持有该 ETF
mom_5m,105,biweekly,2021-11-12,515790,光伏ETF华泰柏瑞,sector,光伏,0.6522131887985547,515790,0.6522131887985547,511260,0.022858029990319828,最佳行业/主题 ETF 动量为正，持有该 ETF
mom_5m,105,biweekly,2021-11-26,515790,光伏ETF华泰柏瑞,sector,光伏,0.41538461538461524,515790,0.41538461538461524,511260,0.030491093054501928,最佳行业/主题 ETF 动量为正，持有该 ETF
mom_5m,105,biweekly,2021-12-10,515790,光伏ETF华泰柏瑞,sector,光伏,0.304123711340206,515790,0.304123711340206,511260,0.02229362961349235,最佳行业/主题 ETF 动量为正，持有该 ETF
mom_5m,105,biweekly,2021-12-24,515220,煤炭ETF国泰,sector,煤炭,0.25290697674418605,515220,0.25290697674418605,511260,0.01535268964030334,最佳行业/主题 ETF 动量为正，持有该 ETF
mom_5m,105,biweekly,2022-01-07,515220,煤炭ETF国泰,sector,煤炭,0.26738794435857804,515220,0.26738794435857804,511260,0.009692563986066993,最佳行业/主题 ETF 动量为正，持有该 ETF
mom_5m,105,biweekly,2022-01-21,512980,传媒ETF广发,sector,传媒,0.1913946587537092,512980,0.1913946587537092,511260,0.02485984990955159,最佳行业/主题 ETF 动量为正，持有该 ETF
mom_5m,105,biweekly,2022-02-11,159928,消费ETF汇添富,sector,消费,0.12250996015936244,159928,0.12250996015936244,511260,0.018264881005596534,最佳行业/主题 ETF 动量为正，持有该 ETF
mom_5m,105,biweekly,2022-02-25,159928,消费ETF汇添富,sector,消费,0.06679574056147164,159928,0.06679574056147164,511260,0.019800560866565675,最佳行业/主题 ETF 动量为正，持有该 ETF
mom_5m,105,biweekly,2022-03-11,511260,十年国债ETF国泰,defensive,十年国债,0.015062552424464082,512800,-0.012280701754386003,511260,0.015062552424464082,最佳行业/主题 ETF 动量为负或不可用，切换到正动量防守资产
mom_5m,105,biweekly,2022-03-25,515220,煤炭ETF国泰,sector,煤炭,0.022797927461139844,515220,0.022797927461139844,511260,0.024373590635079045,最佳行业/主题 ETF 动量为正，持有该 ETF
mom_5m,105,biweekly,2022-04-08,515220,煤炭ETF国泰,sector,煤炭,0.3007614213197969,515220,0.3007614213197969,511260,0.02290049085229806,最佳行业/主题 ETF 动量为正，持有该 ETF
mom_5m,105,biweekly,2022-04-22,515220,煤炭ETF国泰,sector,煤炭,0.39270687237026647,515220,0.39270687237026647,511010,0.016984843414598272,最佳行业/主题 ETF 动量为正，持有该 ETF
mom_5m,105,biweekly,2022-05-06,515220,煤炭ETF国泰,sector,煤炭,0.20178799489144295,515220,0.20178799489144295,511260,0.015951487560685207,最佳行业/主题 ETF 动量为正，持有该 ETF
mom_5m,105,biweekly,2022-05-20,515220,煤炭ETF国泰,sector,煤炭,0.2339393939393941,515220,0.2339393939393941,511010,0.02001890266755746,最佳行业/主题 ETF 动量为正，持有该 ETF
mom_5m,105,biweekly,2022-06-02,515220,煤炭ETF国泰,sector,煤炭,0.23981373690337593,515220,0.23981373690337593,511260,0.01848305941173356,最佳行业/主题 ETF 动量为正，持有该 ETF
mom_5m,105,biweekly,2022-06-17,515220,煤炭ETF国泰,sector,煤炭,0.36618004866180054,515220,0.36618004866180054,511260,0.013669617091875086,最佳行业/主题 ETF 动量为正，持有该 ETF
mom_5m,105,biweekly,2022-07-01,515220,煤炭ETF国泰,sector,煤炭,0.32896305125148984,515220,0.32896305125148984,511010,0.006356477017036344,最佳行业/主题 ETF 动量为正，持有该 ETF
mom_5m,105,biweekly,2022-07-15,515790,光伏ETF华泰柏瑞,sector,光伏,0.2573476702508961,515790,0.2573476702508961,511260,0.007626844393132437,最佳行业/主题 ETF 动量为正，持有该 ETF
mom_5m,105,biweekly,2022-07-29,515790,光伏ETF华泰柏瑞,sector,光伏,0.1613756613756614,515790,0.1613756613756614,511260,0.018980052922611623,最佳行业/主题 ETF 动量为正，持有该 ETF
mom_5m,105,biweekly,2022-08-12,515220,煤炭ETF国泰,sector,煤炭,0.15041493775933623,515220,0.15041493775933623,511260,0.022276856918779453,最佳行业/主题 ETF 动量为正，持有该 ETF
mom_5m,105,biweekly,2022-08-26,515220,煤炭ETF国泰,sector,煤炭,0.23891129032258074,515220,0.23891129032258074,511260,0.025783610935413703,最佳行业/主题 ETF 动量为正，持有该 ETF
mom_5m,105,biweekly,2022-09-09,515790,光伏ETF华泰柏瑞,sector,光伏,0.33253968253968247,515790,0.33253968253968247,511260,0.022289740433222516,最佳行业/主题 ETF 动量为正，持有该 ETF
mom_5m,105,biweekly,2022-09-23,515790,光伏ETF华泰柏瑞,sector,光伏,0.3157439446366783,515790,0.3157439446366783,511260,0.02242203505577045,最佳行业/主题 ETF 动量为正，持有该 ETF
mom_5m,105,biweekly,2022-10-14,515790,光伏ETF华泰柏瑞,sector,光伏,0.23497267759562845,515790,0.23497267759562845,511260,0.01914038612736957,最佳行业/主题 ETF 动量为正，持有该 ETF
mom_5m,105,biweekly,2022-10-28,515230,软件ETF国泰,sector,软件,0.14264705882352935,515230,0.14264705882352935,511260,0.018479707107512677,最佳行业/主题 ETF 动量为正，持有该 ETF
mom_5m,105,biweekly,2022-11-11,515230,软件ETF国泰,sector,软件,0.09408602150537626,515230,0.09408602150537626,511260,0.016309356145567167,最佳行业/主题 ETF 动量为正，持有该 ETF
mom_5m,105,biweekly,2022-11-25,515220,煤炭ETF国泰,sector,煤炭,0.010426540284360408,515220,0.010426540284360408,511260,0.01382384177446605,最佳行业/主题 ETF 动量为正，持有该 ETF
mom_5m,105,biweekly,2022-12-09,515230,软件ETF国泰,sector,软件,0.0312907431551499,515230,0.0312907431551499,511260,0.009248051552227299,最佳行业/主题 ETF 动量为正，持有该 ETF
mom_5m,105,biweekly,2022-12-23,511260,十年国债ETF国泰,defensive,十年国债,0.00892128785906432,512690,0.0,511260,0.00892128785906432,最佳行业/主题 ETF 动量为负或不可用，切换到正动量防守资产
mom_5m,105,biweekly,2023-01-06,515230,软件ETF国泰,sector,软件,0.0972037283621836,515230,0.0972037283621836,511260,0.00222952964671852,最佳行业/主题 ETF 动量为正，持有该 ETF
mom_5m,105,biweekly,2023-01-20,515230,软件ETF国泰,sector,软件,0.14747736093143593,515230,0.14747736093143593,511010,-0.004418564282219983,最佳行业/主题 ETF 动量为正，持有该 ETF
mom_5m,105,biweekly,2023-02-10,515230,软件ETF国泰,sector,软件,0.25784447476125516,515230,0.25784447476125516,511010,-0.003382427147722855,最佳行业/主题 ETF 动量为正，持有该 ETF
mom_5m,105,biweekly,2023-02-24,515230,软件ETF国泰,sector,软件,0.22745625841184403,515230,0.22745625841184403,511010,-0.002487522901004624,最佳行业/主题 ETF 动量为正，持有该 ETF
mom_5m,105,biweekly,2023-03-10,515230,软件ETF国泰,sector,软件,0.3492063492063493,515230,0.3492063492063493,511260,0.00789927561228021,最佳行业/主题 ETF 动量为正，持有该 ETF
mom_5m,105,biweekly,2023-03-24,512980,传媒ETF广发,sector,传媒,0.5327102803738315,512980,0.5327102803738315,511260,0.003087716890669112,最佳行业/主题 ETF 动量为正，持有该 ETF
mom_5m,105,biweekly,2023-04-07,512980,传媒ETF广发,sector,传媒,0.6481481481481481,512980,0.6481481481481481,511260,0.001958486919188873,最佳行业/主题 ETF 动量为正，持有该 ETF
mom_5m,105,biweekly,2023-04-21,512980,传媒ETF广发,sector,传媒,0.4923339011925043,512980,0.4923339011925043,511260,0.015192081807503532,最佳行业/主题 ETF 动量为正，持有该 ETF
mom_5m,105,biweekly,2023-05-05,512980,传媒ETF广发,sector,传媒,0.7342657342657344,512980,0.7342657342657344,511260,0.01579055829369236,最佳行业/主题 ETF 动量为正，持有该 ETF
mom_5m,105,biweekly,2023-05-19,512980,传媒ETF广发,sector,传媒,0.4495867768595041,512980,0.4495867768595041,511260,0.023003183861532106,最佳行业/主题 ETF 动量为正，持有该 ETF
mom_5m,105,biweekly,2023-06-02,512980,传媒ETF广发,sector,传媒,0.5830508474576273,512980,0.5830508474576273,511260,0.021134029486142847,最佳行业/主题 ETF 动量为正，持有该 ETF
mom_5m,105,biweekly,2023-06-16,512980,传媒ETF广发,sector,传媒,0.6003184713375795,512980,0.6003184713375795,511260,0.02098982701635399,最佳行业/主题 ETF 动量为正，持有该 ETF
mom_5m,105,biweekly,2023-06-30,512980,传媒ETF广发,sector,传媒,0.3968750000000001,512980,0.3968750000000001,511260,0.029603759755098435,最佳行业/主题 ETF 动量为正，持有该 ETF
mom_5m,105,biweekly,2023-07-14,512980,传媒ETF广发,sector,传媒,0.2794759825327511,512980,0.2794759825327511,511260,0.026680529657922225,最佳行业/主题 ETF 动量为正，持有该 ETF
mom_5m,105,biweekly,2023-07-28,512980,传媒ETF广发,sector,传媒,0.19407407407407407,512980,0.19407407407407407,511260,0.027837865677791562,最佳行业/主题 ETF 动量为正，持有该 ETF
mom_5m,105,biweekly,2023-08-11,512980,传媒ETF广发,sector,传媒,0.17485549132947975,512980,0.17485549132947975,511260,0.026876198301835075,最佳行业/主题 ETF 动量为正，持有该 ETF
mom_5m,105,biweekly,2023-08-25,512880,证券ETF国泰,sector,证券,0.0979097909790978,512880,0.0979097909790978,511260,0.03184914821051543,最佳行业/主题 ETF 动量为正，持有该 ETF
mom_5m,105,biweekly,2023-09-08,512800,银行ETF华宝,sector,银行,0.05303030303030298,512800,0.05303030303030298,511260,0.024138755164054615,最佳行业/主题 ETF 动量为正，持有该 ETF
mom_5m,105,biweekly,2023-09-22,512880,证券ETF国泰,sector,证券,0.06331877729257629,512880,0.06331877729257629,511260,0.01895476549007591,最佳行业/主题 ETF 动量为正，持有该 ETF
mom_5m,105,biweekly,2023-10-13,515220,煤炭ETF国泰,sector,煤炭,0.0029821073558646827,515220,0.0029821073558646827,511260,0.013137760493722839,最佳行业/主题 ETF 动量为正，持有该 ETF
mom_5m,105,biweekly,2023-10-27,512880,证券ETF国泰,sector,证券,0.03723986856516959,512880,0.03723986856516959,511260,0.009533506108848622,最佳行业/主题 ETF 动量为正，持有该 ETF
mom_5m,105,biweekly,2023-11-10,515220,煤炭ETF国泰,sector,煤炭,0.12596685082872905,515220,0.12596685082872905,511260,0.013524424707307192,最佳行业/主题 ETF 动量为正，持有该 ETF
mom_5m,105,biweekly,2023-11-24,515220,煤炭ETF国泰,sector,煤炭,0.16481069042316254,515220,0.16481069042316254,511260,0.011814927480210402,最佳行业/主题 ETF 动量为正，持有该 ETF
mom_5m,105,biweekly,2023-12-08,515220,煤炭ETF国泰,sector,煤炭,0.11052631578947358,515220,0.11052631578947358,511260,0.009655645998726925,最佳行业/主题 ETF 动量为正，持有该 ETF
mom_5m,105,biweekly,2023-12-22,515220,煤炭ETF国泰,sector,煤炭,0.14255543822597683,515220,0.14255543822597683,511260,0.011648393857664141,最佳行业/主题 ETF 动量为正，持有该 ETF
mom_5m,105,biweekly,2024-01-05,515220,煤炭ETF国泰,sector,煤炭,0.20488322717622087,515220,0.20488322717622087,511260,0.019751725980281742,最佳行业/主题 ETF 动量为正，持有该 ETF
mom_5m,105,biweekly,2024-01-19,515220,煤炭ETF国泰,sector,煤炭,0.1650380021715525,515220,0.1650380021715525,511260,0.012776612415119626,最佳行业/主题 ETF 动量为正，持有该 ETF
mom_5m,105,biweekly,2024-02-02,515220,煤炭ETF国泰,sector,煤炭,0.18133047210300424,515220,0.18133047210300424,511260,0.02031906240143444,最佳行业/主题 ETF 动量为正，持有该 ETF
mom_5m,105,biweekly,2024-02-23,515220,煤炭ETF国泰,sector,煤炭,0.2517482517482519,515220,0.2517482517482519,511260,0.0282161963967269,最佳行业/主题 ETF 动量为正，持有该 ETF
mom_5m,105,biweekly,2024-03-08,515220,煤炭ETF国泰,sector,煤炭,0.24877571008814892,515220,0.24877571008814892,511260,0.03968207487973219,最佳行业/主题 ETF 动量为正，持有该 ETF
mom_5m,105,biweekly,2024-03-22,515220,煤炭ETF国泰,sector,煤炭,0.15294117647058814,515220,0.15294117647058814,511260,0.03434579439252339,最佳行业/主题 ETF 动量为正，持有该 ETF
mom_5m,105,biweekly,2024-04-03,515220,煤炭ETF国泰,sector,煤炭,0.21494370522006156,515220,0.21494370522006156,511260,0.03493409761218391,最佳行业/主题 ETF 动量为正，持有该 ETF
mom_5m,105,biweekly,2024-04-19,515220,煤炭ETF国泰,sector,煤炭,0.22571148184494616,515220,0.22571148184494616,511260,0.03642200084605873,最佳行业/主题 ETF 动量为正，持有该 ETF
mom_5m,105,biweekly,2024-04-30,512400,有色金属ETF南方,sector,有色金属,0.14348302300109528,512400,0.14348302300109528,511260,0.03171114078817494,最佳行业/主题 ETF 动量为正，持有该 ETF
mom_5m,105,biweekly,2024-05-17,512800,银行ETF华宝,sector,银行,0.23062015503875966,512800,0.23062015503875966,511260,0.033825567979015814,最佳行业/主题 ETF 动量为正，持有该 ETF
mom_5m,105,biweekly,2024-05-31,512800,银行ETF华宝,sector,银行,0.2222222222222221,512800,0.2222222222222221,511260,0.03245266802746949,最佳行业/主题 ETF 动量为正，持有该 ETF
mom_5m,105,biweekly,2024-06-14,512800,银行ETF华宝,sector,银行,0.1663479923518163,512800,0.1663479923518163,511260,0.03200408072597427,最佳行业/主题 ETF 动量为正，持有该 ETF
mom_5m,105,biweekly,2024-06-28,512800,银行ETF华宝,sector,银行,0.1707317073170731,512800,0.1707317073170731,511260,0.03501811564503177,最佳行业/主题 ETF 动量为正，持有该 ETF
mom_5m,105,biweekly,2024-07-12,512400,有色金属ETF南方,sector,有色金属,0.23284313725490202,512400,0.23284313725490202,511260,0.02626484463966161,最佳行业/主题 ETF 动量为正，持有该 ETF
mom_5m,105,biweekly,2024-07-26,512800,银行ETF华宝,sector,银行,0.06745362563237789,512800,0.06745362563237789,511260,0.032238428011395426,最佳行业/主题 ETF 动量为正，持有该 ETF
mom_5m,105,biweekly,2024-08-09,512800,银行ETF华宝,sector,银行,0.07876712328767121,512800,0.07876712328767121,511260,0.024135739398376543,最佳行业/主题 ETF 动量为正，持有该 ETF
mom_5m,105,biweekly,2024-08-23,512800,银行ETF华宝,sector,银行,0.1525129982668978,512800,0.1525129982668978,511260,0.02892821993836825,最佳行业/主题 ETF 动量为正，持有该 ETF
mom_5m,105,biweekly,2024-09-06,512800,银行ETF华宝,sector,银行,0.04761904761904767,512800,0.04761904761904767,511260,0.029266683296988116,最佳行业/主题 ETF 动量为正，持有该 ETF
mom_5m,105,biweekly,2024-09-20,512800,银行ETF华宝,sector,银行,0.00164473684210531,512800,0.00164473684210531,511260,0.03128377134348903,最佳行业/主题 ETF 动量为正，持有该 ETF
mom_5m,105,biweekly,2024-09-30,512880,证券ETF国泰,sector,证券,0.26082004555808647,512880,0.26082004555808647,511260,0.019063832520938906,最佳行业/主题 ETF 动量为正，持有该 ETF
mom_5m,105,biweekly,2024-10-18,512480,半导体ETF国联安,sector,半导体,0.4040697674418605,512480,0.4040697674418605,511260,0.02600709429973813,最佳行业/主题 ETF 动量为正，持有该 ETF
mom_5m,105,biweekly,2024-11-01,512480,半导体ETF国联安,sector,半导体,0.3806734992679355,512480,0.3806734992679355,511260,0.02432527556913633,最佳行业/主题 ETF 动量为正，持有该 ETF
mom_5m,105,biweekly,2024-11-15,512880,证券ETF国泰,sector,证券,0.4889705882352944,512880,0.4889705882352944,511260,0.027834985711320703,最佳行业/主题 ETF 动量为正，持有该 ETF
mom_5m,105,biweekly,2024-11-29,512880,证券ETF国泰,sector,证券,0.5012345679012344,512880,0.5012345679012344,511260,0.027708308522885083,最佳行业/主题 ETF 动量为正，持有该 ETF
mom_5m,105,biweekly,2024-12-13,515230,软件ETF国泰,sector,软件,0.6563706563706564,515230,0.6563706563706564,511260,0.04836288843181946,最佳行业/主题 ETF 动量为正，持有该 ETF
mom_5m,105,biweekly,2024-12-27,515230,软件ETF国泰,sector,软件,0.6031128404669259,515230,0.6031128404669259,511260,0.04479539994486226,最佳行业/主题 ETF 动量为正，持有该 ETF
mom_5m,105,biweekly,2025-01-10,512480,半导体ETF国联安,sector,半导体,0.392857142857143,512480,0.392857142857143,511260,0.04398746572659595,最佳行业/主题 ETF 动量为正，持有该 ETF
mom_5m,105,biweekly,2025-01-24,515230,软件ETF国泰,sector,软件,0.5760000000000001,515230,0.5760000000000001,511260,0.045325356447459386,最佳行业/主题 ETF 动量为正，持有该 ETF
mom_5m,105,biweekly,2025-02-07,515230,软件ETF国泰,sector,软件,0.8056680161943319,515230,0.8056680161943319,511260,0.04848028724413411,最佳行业/主题 ETF 动量为正，持有该 ETF
mom_5m,105,biweekly,2025-02-21,515230,软件ETF国泰,sector,软件,1.0081967213114753,515230,1.0081967213114753,511260,0.036052434222860974,最佳行业/主题 ETF 动量为正，持有该 ETF
mom_5m,105,biweekly,2025-03-07,515230,软件ETF国泰,sector,软件,0.7679558011049721,515230,0.7679558011049721,511260,0.023625836295617653,最佳行业/主题 ETF 动量为正，持有该 ETF
mom_5m,105,biweekly,2025-03-21,512480,半导体ETF国联安,sector,半导体,0.21739130434782616,512480,0.21739130434782616,511260,0.02728274202495462,最佳行业/主题 ETF 动量为正，持有该 ETF
mom_5m,105,biweekly,2025-04-03,512800,银行ETF华宝,sector,银行,0.09728183118741063,512800,0.09728183118741063,511260,0.03772950223341742,最佳行业/主题 ETF 动量为正，持有该 ETF
mom_5m,105,biweekly,2025-04-18,512800,银行ETF华宝,sector,银行,0.12500000000000022,512800,0.12500000000000022,511260,0.03610489684315188,最佳行业/主题 ETF 动量为正，持有该 ETF
mom_5m,105,biweekly,2025-04-30,512800,银行ETF华宝,sector,银行,0.11273792093704249,512800,0.11273792093704249,511260,0.03711461775977898,最佳行业/主题 ETF 动量为正，持有该 ETF
mom_5m,105,biweekly,2025-05-16,512800,银行ETF华宝,sector,银行,0.13778409090909105,512800,0.13778409090909105,511260,0.02239247084833451,最佳行业/主题 ETF 动量为正，持有该 ETF
mom_5m,105,biweekly,2025-05-30,512800,银行ETF华宝,sector,银行,0.12849162011173187,512800,0.12849162011173187,511260,0.01090098086069946,最佳行业/主题 ETF 动量为正，持有该 ETF
mom_5m,105,biweekly,2025-06-13,512400,有色金属ETF南方,sector,有色金属,0.1613924050632911,512400,0.1613924050632911,511260,0.00299136328195293,最佳行业/主题 ETF 动量为正，持有该 ETF
mom_5m,105,biweekly,2025-06-27,512800,银行ETF华宝,sector,银行,0.1534320323014804,512800,0.1534320323014804,511260,0.003822801888913707,最佳行业/主题 ETF 动量为正，持有该 ETF
mom_5m,105,biweekly,2025-07-11,512800,银行ETF华宝,sector,银行,0.2032520325203253,512800,0.2032520325203253,511260,2.243141594560072e-05,最佳行业/主题 ETF 动量为正，持有该 ETF
mom_5m,105,biweekly,2025-07-25,512400,有色金属ETF南方,sector,有色金属,0.2529527559055118,512400,0.2529527559055118,511010,0.004754162614136304,最佳行业/主题 ETF 动量为正，持有该 ETF
mom_5m,105,biweekly,2025-08-08,512400,有色金属ETF南方,sector,有色金属,0.2174738841405508,512400,0.2174738841405508,511260,0.013504086862896836,最佳行业/主题 ETF 动量为正，持有该 ETF
mom_5m,105,biweekly,2025-08-22,512400,有色金属ETF南方,sector,有色金属,0.26923076923076916,512400,0.26923076923076916,511260,0.008518081910483977,最佳行业/主题 ETF 动量为正，持有该 ETF
mom_5m,105,biweekly,2025-09-05,512400,有色金属ETF南方,sector,有色金属,0.5991425509110395,512400,0.5991425509110395,511010,0.0004475209504768429,最佳行业/主题 ETF 动量为正，持有该 ETF
mom_5m,105,biweekly,2025-09-19,515030,新能源车ETF华夏,sector,新能源车,0.4561702127659575,515030,0.4561702127659575,511010,0.0020661306285805203,最佳行业/主题 ETF 动量为正，持有该 ETF
mom_5m,105,biweekly,2025-09-30,512400,有色金属ETF南方,sector,有色金属,0.625368731563422,512400,0.625368731563422,511010,0.0014068553536257244,最佳行业/主题 ETF 动量为正，持有该 ETF
mom_5m,105,biweekly,2025-10-17,512400,有色金属ETF南方,sector,有色金属,0.5838862559241706,512400,0.5838862559241706,511010,0.0040517409485840705,最佳行业/主题 ETF 动量为正，持有该 ETF
mom_5m,105,biweekly,2025-10-31,512400,有色金属ETF南方,sector,有色金属,0.6899224806201549,512400,0.6899224806201549,511010,0.007505869604478965,最佳行业/主题 ETF 动量为正，持有该 ETF
mom_5m,105,biweekly,2025-11-14,515790,光伏ETF华泰柏瑞,sector,光伏,0.6003062787136293,515790,0.6003062787136293,511010,0.004816393040744549,最佳行业/主题 ETF 动量为正，持有该 ETF
mom_5m,105,biweekly,2025-11-28,512400,有色金属ETF南方,sector,有色金属,0.547683923705722,512400,0.547683923705722,511010,0.003081930382937026,最佳行业/主题 ETF 动量为正，持有该 ETF
mom_5m,105,biweekly,2025-12-12,512400,有色金属ETF南方,sector,有色金属,0.5649867374005304,512400,0.5649867374005304,511010,0.003845572190896096,最佳行业/主题 ETF 动量为正，持有该 ETF
mom_5m,105,biweekly,2025-12-26,512400,有色金属ETF南方,sector,有色金属,0.5082482325216027,512400,0.5082482325216027,511010,0.009508807930750374,最佳行业/主题 ETF 动量为正，持有该 ETF
mom_5m,105,biweekly,2026-01-09,512400,有色金属ETF南方,sector,有色金属,0.6955465587044531,512400,0.6955465587044531,511010,0.004767021729253473,最佳行业/主题 ETF 动量为正，持有该 ETF
mom_5m,105,biweekly,2026-01-23,512400,有色金属ETF南方,sector,有色金属,0.72535741158766,512400,0.72535741158766,511010,0.010088017227674051,最佳行业/主题 ETF 动量为正，持有该 ETF
mom_5m,105,biweekly,2026-02-06,512400,有色金属ETF南方,sector,有色金属,0.43917112299465244,512400,0.43917112299465244,511260,0.011244750191928388,最佳行业/主题 ETF 动量为正，持有该 ETF
mom_5m,105,biweekly,2026-02-27,512400,有色金属ETF南方,sector,有色金属,0.5700325732899025,512400,0.5700325732899025,511260,0.0118334726835847,最佳行业/主题 ETF 动量为正，持有该 ETF
mom_5m,105,biweekly,2026-03-13,512400,有色金属ETF南方,sector,有色金属,0.3749216300940439,512400,0.3749216300940439,511260,0.014129368254207852,最佳行业/主题 ETF 动量为正，持有该 ETF
mom_5m,105,biweekly,2026-03-27,515790,光伏ETF华泰柏瑞,sector,光伏,0.19675675675675675,515790,0.19675675675675675,511010,0.01050994845806108,最佳行业/主题 ETF 动量为正，持有该 ETF
mom_5m,105,biweekly,2026-04-10,512400,有色金属ETF南方,sector,有色金属,0.21931355439208833,512400,0.21931355439208833,511010,0.0072021922210585565,最佳行业/主题 ETF 动量为正，持有该 ETF
mom_5m,105,biweekly,2026-04-24,512400,有色金属ETF南方,sector,有色金属,0.209594517418618,512400,0.209594517418618,511260,0.011005689762166426,最佳行业/主题 ETF 动量为正，持有该 ETF
mom_5m,105,biweekly,2026-05-08,512480,半导体ETF国联安,sector,半导体,0.3893352812271731,512480,0.3893352812271731,511260,0.013913787025299662,最佳行业/主题 ETF 动量为正，持有该 ETF
mom_5m,105,biweekly,2026-05-22,512480,半导体ETF国联安,sector,半导体,0.5222531293463144,512480,0.5222531293463144,511260,0.015037312314562401,最佳行业/主题 ETF 动量为正，持有该 ETF
mom_5m,105,biweekly,2026-06-05,512480,半导体ETF国联安,sector,半导体,0.42051630434782616,512480,0.42051630434782616,511260,0.018266856244855134,最佳行业/主题 ETF 动量为正，持有该 ETF
mom_5m,105,biweekly,2026-06-18,512480,半导体ETF国联安,sector,半导体,0.5438705662725576,512480,0.5438705662725576,511260,0.021952007695603015,最佳行业/主题 ETF 动量为正，持有该 ETF
mom_5m,105,monthly,2015-01-30,CASH,空仓,cash,现金,0.0,,,,,行业和防守资产均无正动量，空仓
mom_5m,105,monthly,2015-02-27,CASH,空仓,cash,现金,0.0,,,,,行业和防守资产均无正动量，空仓
mom_5m,105,monthly,2015-03-31,CASH,空仓,cash,现金,0.0,,,,,行业和防守资产均无正动量，空仓
mom_5m,105,monthly,2015-04-30,CASH,空仓,cash,现金,0.0,,,,,行业和防守资产均无正动量，空仓
mom_5m,105,monthly,2015-05-29,CASH,空仓,cash,现金,0.0,,,,,行业和防守资产均无正动量，空仓
mom_5m,105,monthly,2015-06-30,159928,消费ETF汇添富,sector,消费,0.3817567567567568,159928,0.3817567567567568,511010,0.002402738140771188,最佳行业/主题 ETF 动量为正，持有该 ETF
mom_5m,105,monthly,2015-07-31,512010,医药ETF易方达,sector,医药,0.21509433962264146,512010,0.21509433962264146,511010,0.017734191638343333,最佳行业/主题 ETF 动量为正，持有该 ETF
mom_5m,105,monthly,2015-08-31,511010,国债ETF国泰,defensive,国债,0.03289661205193495,159928,-0.06552706552706544,511010,0.03289661205193495,最佳行业/主题 ETF 动量为负或不可用，切换到正动量防守资产
mom_5m,105,monthly,2015-09-30,511010,国债ETF国泰,defensive,国债,0.014108581030187084,512010,-0.18562874251497008,511010,0.014108581030187084,最佳行业/主题 ETF 动量为负或不可用，切换到正动量防守资产
mom_5m,105,monthly,2015-10-30,511010,国债ETF国泰,defensive,国债,0.02700845768255644,512010,-0.2093023255813954,511010,0.02700845768255644,最佳行业/主题 ETF 动量为负或不可用，切换到正动量防守资产
mom_5m,105,monthly,2015-11-30,511010,国债ETF国泰,defensive,国债,0.032948382817681754,512010,-0.17886178861788615,511010,0.032948382817681754,最佳行业/主题 ETF 动量为负或不可用，切换到正动量防守资产
mom_5m,105,monthly,2015-12-31,512010,医药ETF易方达,sector,医药,0.053968253968254,512010,0.053968253968254,511010,0.02360121492292122,最佳行业/主题 ETF 动量为正，持有该 ETF
mom_5m,105,monthly,2016-01-29,512010,医药ETF易方达,sector,医药,0.07751937984496138,512010,0.07751937984496138,511010,0.02689697480924802,最佳行业/主题 ETF 动量为正，持有该 ETF
mom_5m,105,monthly,2016-02-29,511010,国债ETF国泰,defensive,国债,0.028801513154123937,512010,-0.06093189964157708,511010,0.028801513154123937,最佳行业/主题 ETF 动量为负或不可用，切换到正动量防守资产
mom_5m,105,monthly,2016-03-31,511010,国债ETF国泰,defensive,国债,0.022470008649543072,159928,-0.015151515151515138,511010,0.022470008649543072,最佳行业/主题 ETF 动量为负或不可用，切换到正动量防守资产
mom_5m,105,monthly,2016-04-29,511010,国债ETF国泰,defensive,国债,0.022879437862818097,159928,-0.08571428571428563,511010,0.022879437862818097,最佳行业/主题 ETF 动量为负或不可用，切换到正动量防守资产
mom_5m,105,monthly,2016-05-31,511010,国债ETF国泰,defensive,国债,0.011619863141756781,159928,-0.1032608695652173,511010,0.011619863141756781,最佳行业/主题 ETF 动量为负或不可用，切换到正动量防守资产
mom_5m,105,monthly,2016-06-30,159928,消费ETF汇添富,sector,消费,0.12500000000000022,159928,0.12500000000000022,511010,0.013468483562306677,最佳行业/主题 ETF 动量为正，持有该 ETF
mom_5m,105,monthly,2016-07-29,159928,消费ETF汇添富,sector,消费,0.2773972602739727,159928,0.2773972602739727,511010,0.0190070289794515,最佳行业/主题 ETF 动量为正，持有该 ETF
mom_5m,105,monthly,2016-08-31,512010,医药ETF易方达,sector,医药,0.1413427561837457,512010,0.1413427561837457,511010,0.012569652610478599,最佳行业/主题 ETF 动量为正，持有该 ETF
mom_5m,105,monthly,2016-09-30,512010,医药ETF易方达,sector,医药,0.14642857142857135,512010,0.14642857142857135,511010,0.022849101497042,最佳行业/主题 ETF 动量为正，持有该 ETF
mom_5m,105,monthly,2016-10-31,512010,医药ETF易方达,sector,医药,0.16487455197132617,512010,0.16487455197132617,511010,0.023691821516683254,最佳行业/主题 ETF 动量为正，持有该 ETF
mom_5m,105,monthly,2016-11-30,512010,医药ETF易方达,sector,医药,0.17667844522968212,512010,0.17667844522968212,511010,0.00036704655985619894,最佳行业/主题 ETF 动量为正，持有该 ETF
mom_5m,105,monthly,2016-12-30,512010,医药ETF易方达,sector,医药,0.05787781350482324,512010,0.05787781350482324,511010,-0.014583827365425517,最佳行业/主题 ETF 动量为正，持有该 ETF
mom_5m,105,monthly,2017-01-26,512010,医药ETF易方达,sector,医药,0.034267912772585785,512010,0.034267912772585785,511010,-0.018807697190634243,最佳行业/主题 ETF 动量为正，持有该 ETF
mom_5m,105,monthly,2017-02-28,159928,消费ETF汇添富,sector,消费,0.10169491525423746,159928,0.10169491525423746,511010,-0.015254006446633772,最佳行业/主题 ETF 动量为正，持有该 ETF
mom_5m,105,monthly,2017-03-31,159928,消费ETF汇添富,sector,消费,0.12261580381471382,159928,0.12261580381471382,511010,-0.022682704212114824,最佳行业/主题 ETF 动量为正，持有该 ETF
mom_5m,105,monthly,2017-04-28,159928,消费ETF汇添富,sector,消费,0.10928961748633892,159928,0.10928961748633892,511010,-0.02457801976058238,最佳行业/主题 ETF 动量为正，持有该 ETF
mom_5m,105,monthly,2017-05-31,159928,消费ETF汇添富,sector,消费,0.13186813186813184,159928,0.13186813186813184,511010,0.0004882354045783188,最佳行业/主题 ETF 动量为正，持有该 ETF
mom_5m,105,monthly,2017-06-30,159928,消费ETF汇添富,sector,消费,0.22343324250681196,159928,0.22343324250681196,511010,-0.010655699829028142,最佳行业/主题 ETF 动量为正，持有该 ETF
mom_5m,105,monthly,2017-07-31,159928,消费ETF汇添富,sector,消费,0.14322250639386191,159928,0.14322250639386191,511010,-0.012295081967213073,最佳行业/主题 ETF 动量为正，持有该 ETF
mom_5m,105,monthly,2017-08-31,159928,消费ETF汇添富,sector,消费,0.14180929095354533,159928,0.14180929095354533,511010,-0.00680870773506248,最佳行业/主题 ETF 动量为正，持有该 ETF
mom_5m,105,monthly,2017-09-29,159928,消费ETF汇添富,sector,消费,0.25310173697270466,159928,0.25310173697270466,511010,-0.00036369401210445407,最佳行业/主题 ETF 动量为正，持有该 ETF
mom_5m,105,monthly,2017-10-31,159928,消费ETF汇添富,sector,消费,0.33414043583535125,159928,0.33414043583535125,511010,0.0021151984056104745,最佳行业/主题 ETF 动量为正，持有该 ETF
mom_5m,105,monthly,2017-11-30,159928,消费ETF汇添富,sector,消费,0.18222222222222229,159928,0.18222222222222229,511010,-0.006686187474355565,最佳行业/主题 ETF 动量为正，持有该 ETF
mom_5m,105,monthly,2017-12-29,159928,消费ETF汇添富,sector,消费,0.30717488789237657,159928,0.30717488789237657,511010,-0.002710280373831808,最佳行业/主题 ETF 动量为正，持有该 ETF
mom_5m,105,monthly,2018-01-31,159928,消费ETF汇添富,sector,消费,0.32119914346895073,159928,0.32119914346895073,511010,-0.0010998536635380418,最佳行业/主题 ETF 动量为正，持有该 ETF
mom_5m,105,monthly,2018-02-28,159928,消费ETF汇添富,sector,消费,0.20539419087136923,159928,0.20539419087136923,511010,0.00582234850249197,最佳行业/主题 ETF 动量为正，持有该 ETF
mom_5m,105,monthly,2018-03-30,512010,医药ETF易方达,sector,医药,0.09263657957244664,512010,0.09263657957244664,511010,0.015950127769509548,最佳行业/主题 ETF 动量为正，持有该 ETF
mom_5m,105,monthly,2018-04-27,512010,医药ETF易方达,sector,医药,0.08490566037735858,512010,0.08490566037735858,511260,0.03532668533140404,最佳行业/主题 ETF 动量为正，持有该 ETF
mom_5m,105,monthly,2018-05-31,512010,医药ETF易方达,sector,医药,0.26746987951807233,512010,0.26746987951807233,511260,0.038233071659460105,最佳行业/主题 ETF 动量为正，持有该 ETF
mom_5m,105,monthly,2018-06-29,512010,医药ETF易方达,sector,医药,0.14117647058823524,512010,0.14117647058823524,511260,0.044180252909085116,最佳行业/主题 ETF 动量为正，持有该 ETF
mom_5m,105,monthly,2018-07-31,512010,医药ETF易方达,sector,医药,0.12713936430317863,512010,0.12713936430317863,511260,0.03310360528167555,最佳行业/主题 ETF 动量为正，持有该 ETF
mom_5m,105,monthly,2018-08-31,511260,十年国债ETF国泰,defensive,十年国债,0.03114755793631918,512800,-0.06036217303822933,511260,0.03114755793631918,最佳行业/主题 ETF 动量为负或不可用，切换到正动量防守资产
mom_5m,105,monthly,2018-09-28,512800,银行ETF华宝,sector,银行,0.010224948875255713,512800,0.010224948875255713,511010,0.013257420231936434,最佳行业/主题 ETF 动量为正，持有该 ETF
mom_5m,105,monthly,2018-10-31,512800,银行ETF华宝,sector,银行,0.016597510373443924,512800,0.016597510373443924,511260,0.01867369167637678,最佳行业/主题 ETF 动量为正，持有该 ETF
mom_5m,105,monthly,2018-11-30,512800,银行ETF华宝,sector,银行,0.08256880733944949,512800,0.08256880733944949,511260,0.027131548123914495,最佳行业/主题 ETF 动量为正，持有该 ETF
mom_5m,105,monthly,2018-12-28,511260,十年国债ETF国泰,defensive,十年国债,0.035547756329907365,512800,-0.04282655246252676,511260,0.035547756329907365,最佳行业/主题 ETF 动量为负或不可用，切换到正动量防守资产
mom_5m,105,monthly,2019-01-31,512880,证券ETF国泰,sector,证券,0.051700680272108945,512880,0.051700680272108945,511260,0.041504382919195226,最佳行业/主题 ETF 动量为正，持有该 ETF
mom_5m,105,monthly,2019-02-28,512880,证券ETF国泰,sector,证券,0.4383954154727794,512880,0.4383954154727794,511260,0.03939054989570434,最佳行业/主题 ETF 动量为正，持有该 ETF
mom_5m,105,monthly,2019-03-29,512880,证券ETF国泰,sector,证券,0.49168975069252085,512880,0.49168975069252085,511260,0.03885104767992331,最佳行业/主题 ETF 动量为正，持有该 ETF
mom_5m,105,monthly,2019-04-30,159928,消费ETF汇添富,sector,消费,0.5309734513274336,159928,0.5309734513274336,511010,0.007318979606338427,最佳行业/主题 ETF 动量为正，持有该 ETF
mom_5m,105,monthly,2019-05-31,159928,消费ETF汇添富,sector,消费,0.49010989010989015,159928,0.49010989010989015,511010,0.010183155363835628,最佳行业/主题 ETF 动量为正，持有该 ETF
mom_5m,105,monthly,2019-06-28,159928,消费ETF汇添富,sector,消费,0.4732510288065843,159928,0.4732510288065843,511010,0.0049154283005783395,最佳行业/主题 ETF 动量为正，持有该 ETF
mom_5m,105,monthly,2019-07-31,159928,消费ETF汇添富,sector,消费,0.27610619469026565,159928,0.27610619469026565,511260,0.011043670493329216,最佳行业/主题 ETF 动量为正，持有该 ETF
mom_5m,105,monthly,2019-08-30,159928,消费ETF汇添富,sector,消费,0.17846153846153845,159928,0.17846153846153845,511260,0.012296185202276488,最佳行业/主题 ETF 动量为正，持有该 ETF
mom_5m,105,monthly,2019-09-30,159928,消费ETF汇添富,sector,消费,0.06413994169096204,159928,0.06413994169096204,511260,0.028929604628736616,最佳行业/主题 ETF 动量为正，持有该 ETF
mom_5m,105,monthly,2019-10-31,512690,酒ETF鹏华,sector,白酒/酒,0.5639097744360901,512690,0.5639097744360901,511010,0.011831203482656871,最佳行业/主题 ETF 动量为正，持有该 ETF
mom_5m,105,monthly,2019-11-29,512480,半导体ETF国联安,sector,半导体,0.21832358674463936,512480,0.21832358674463936,511010,0.014221942675437527,最佳行业/主题 ETF 动量为正，持有该 ETF
mom_5m,105,monthly,2019-12-31,512690,酒ETF鹏华,sector,白酒/酒,0.34239130434782616,512690,0.34239130434782616,511010,0.019170051578224045,最佳行业/主题 ETF 动量为正，持有该 ETF
mom_5m,105,monthly,2020-01-23,512480,半导体ETF国联安,sector,半导体,0.6745886654478976,512480,0.6745886654478976,511010,0.022320501280897354,最佳行业/主题 ETF 动量为正，持有该 ETF
mom_5m,105,monthly,2020-02-28,512480,半导体ETF国联安,sector,半导体,0.6392914653784219,512480,0.6392914653784219,511260,0.036760433237756684,最佳行业/主题 ETF 动量为正，持有该 ETF
mom_5m,105,monthly,2020-03-31,512480,半导体ETF国联安,sector,半导体,0.354948805460751,512480,0.354948805460751,511260,0.05460492240403614,最佳行业/主题 ETF 动量为正，持有该 ETF
mom_5m,105,monthly,2020-04-30,512480,半导体ETF国联安,sector,半导体,0.5362563237774032,512480,0.5362563237774032,511010,0.06786373755328134,最佳行业/主题 ETF 动量为正，持有该 ETF
mom_5m,105,monthly,2020-05-29,512690,酒ETF鹏华,sector,白酒/酒,0.383259911894273,512690,0.383259911894273,511260,0.049710507710240215,最佳行业/主题 ETF 动量为正，持有该 ETF
mom_5m,105,monthly,2020-06-30,512690,酒ETF鹏华,sector,白酒/酒,0.5075187969924813,512690,0.5075187969924813,511260,0.024799237527248108,最佳行业/主题 ETF 动量为正，持有该 ETF
mom_5m,105,monthly,2020-07-31,512690,酒ETF鹏华,sector,白酒/酒,1.44392523364486,512690,1.44392523364486,511010,0.0026776241558748026,最佳行业/主题 ETF 动量为正，持有该 ETF
mom_5m,105,monthly,2020-08-31,512690,酒ETF鹏华,sector,白酒/酒,2.49468085106383,512690,2.49468085106383,511010,-0.019246778329059966,最佳行业/主题 ETF 动量为正，持有该 ETF
mom_5m,105,monthly,2020-09-30,512690,酒ETF鹏华,sector,白酒/酒,1.3797468354430378,512690,1.3797468354430378,511260,-0.040765071278545006,最佳行业/主题 ETF 动量为正，持有该 ETF
mom_5m,105,monthly,2020-10-30,512690,酒ETF鹏华,sector,白酒/酒,1.1926910299003324,512690,1.1926910299003324,511260,-0.024399119375557277,最佳行业/主题 ETF 动量为正，持有该 ETF
mom_5m,105,monthly,2020-11-30,512690,酒ETF鹏华,sector,白酒/酒,0.920844327176781,512690,0.920844327176781,511010,-0.009327137608830527,最佳行业/主题 ETF 动量为正，持有该 ETF
mom_5m,105,monthly,2020-12-31,512690,酒ETF鹏华,sector,白酒/酒,0.9208494208494207,512690,0.9208494208494207,511010,-0.006698147962088563,最佳行业/主题 ETF 动量为正，持有该 ETF
mom_5m,105,monthly,2021-01-29,512690,酒ETF鹏华,sector,白酒/酒,0.6566164154103853,512690,0.6566164154103853,511010,0.00562378250190565,最佳行业/主题 ETF 动量为正，持有该 ETF
mom_5m,105,monthly,2021-02-26,512690,酒ETF鹏华,sector,白酒/酒,0.46205733558178763,512690,0.46205733558178763,511010,0.007059381859168212,最佳行业/主题 ETF 动量为正，持有该 ETF
mom_5m,105,monthly,2021-03-31,512690,酒ETF鹏华,sector,白酒/酒,0.3243670886075949,512690,0.3243670886075949,511010,0.00838787140851971,最佳行业/主题 ETF 动量为正，持有该 ETF
mom_5m,105,monthly,2021-04-30,512690,酒ETF鹏华,sector,白酒/酒,0.3198924731182795,512690,0.3198924731182795,511260,0.019538754205283393,最佳行业/主题 ETF 动量为正，持有该 ETF
mom_5m,105,monthly,2021-05-31,512690,酒ETF鹏华,sector,白酒/酒,0.23960612691466077,512690,0.23960612691466077,511260,0.026552322039458343,最佳行业/主题 ETF 动量为正，持有该 ETF
mom_5m,105,monthly,2021-06-30,515220,煤炭ETF国泰,sector,煤炭,0.37872340425531936,515220,0.37872340425531936,511260,0.01697802299531559,最佳行业/主题 ETF 动量为正，持有该 ETF
mom_5m,105,monthly,2021-07-30,512480,半导体ETF国联安,sector,半导体,0.5581395348837208,512480,0.5581395348837208,511260,0.03828742993651302,最佳行业/主题 ETF 动量为正，持有该 ETF
mom_5m,105,monthly,2021-08-31,515220,煤炭ETF国泰,sector,煤炭,0.8786692759295498,515220,0.8786692759295498,511260,0.03698141195012283,最佳行业/主题 ETF 动量为正，持有该 ETF
mom_5m,105,monthly,2021-09-30,515220,煤炭ETF国泰,sector,煤炭,0.7244367417677644,515220,0.7244367417677644,511260,0.03343784581335307,最佳行业/主题 ETF 动量为正，持有该 ETF
mom_5m,105,monthly,2021-10-29,515790,光伏ETF华泰柏瑞,sector,光伏,0.6779661016949152,515790,0.6779661016949152,511260,0.01807124556652706,最佳行业/主题 ETF 动量为正，持有该 ETF
mom_5m,105,monthly,2021-11-30,515790,光伏ETF华泰柏瑞,sector,光伏,0.3840749414519906,515790,0.3840749414519906,511260,0.027149362560344725,最佳行业/主题 ETF 动量为正，持有该 ETF
mom_5m,105,monthly,2021-12-31,512660,军工ETF国泰,sector,军工,0.25820379965457696,512660,0.25820379965457696,511260,0.015538052098174715,最佳行业/主题 ETF 动量为正，持有该 ETF
mom_5m,105,monthly,2022-01-28,512690,酒ETF鹏华,sector,白酒/酒,0.07780612244897944,512690,0.07780612244897944,511010,0.01980974796508761,最佳行业/主题 ETF 动量为正，持有该 ETF
mom_5m,105,monthly,2022-02-28,512690,酒ETF鹏华,sector,白酒/酒,0.10051546391752564,512690,0.10051546391752564,511260,0.021903702640643008,最佳行业/主题 ETF 动量为正，持有该 ETF
mom_5m,105,monthly,2022-03-31,515220,煤炭ETF国泰,sector,煤炭,0.16158192090395485,515220,0.16158192090395485,511260,0.02251876563803168,最佳行业/主题 ETF 动量为正，持有该 ETF
mom_5m,105,monthly,2022-04-29,515220,煤炭ETF国泰,sector,煤炭,0.25644329896907214,515220,0.25644329896907214,511260,0.01762192951228192,最佳行业/主题 ETF 动量为正，持有该 ETF
mom_5m,105,monthly,2022-05-31,515220,煤炭ETF国泰,sector,煤炭,0.28095238095238106,515220,0.28095238095238106,511260,0.019770877887320237,最佳行业/主题 ETF 动量为正，持有该 ETF
mom_5m,105,monthly,2022-06-30,515220,煤炭ETF国泰,sector,煤炭,0.32384341637010694,515220,0.32384341637010694,511010,0.004716298950683706,最佳行业/主题 ETF 动量为正，持有该 ETF
mom_5m,105,monthly,2022-07-29,515790,光伏ETF华泰柏瑞,sector,光伏,0.1613756613756614,515790,0.1613756613756614,511260,0.018980052922611623,最佳行业/主题 ETF 动量为正，持有该 ETF
mom_5m,105,monthly,2022-08-31,512690,酒ETF鹏华,sector,白酒/酒,0.1845070422535211,512690,0.1845070422535211,511260,0.02568889356331505,最佳行业/主题 ETF 动量为正，持有该 ETF
mom_5m,105,monthly,2022-09-30,515790,光伏ETF华泰柏瑞,sector,光伏,0.23352793994995835,515790,0.23352793994995835,511260,0.014841700192408602,最佳行业/主题 ETF 动量为正，持有该 ETF
mom_5m,105,monthly,2022-10-31,515230,软件ETF国泰,sector,软件,0.18686131386861304,515230,0.18686131386861304,511260,0.018726786768023862,最佳行业/主题 ETF 动量为正，持有该 ETF
mom_5m,105,monthly,2022-11-30,511260,十年国债ETF国泰,defensive,十年国债,0.011293518009408476,515230,-0.010025062656641603,511260,0.011293518009408476,最佳行业/主题 ETF 动量为负或不可用，切换到正动量防守资产
mom_5m,105,monthly,2022-12-30,515230,软件ETF国泰,sector,软件,0.01948051948051943,515230,0.01948051948051943,511260,0.008424534183002041,最佳行业/主题 ETF 动量为正，持有该 ETF
mom_5m,105,monthly,2023-01-31,515230,软件ETF国泰,sector,软件,0.1835106382978724,515230,0.1835106382978724,511010,-0.005917439505803146,最佳行业/主题 ETF 动量为正，持有该 ETF
mom_5m,105,monthly,2023-02-28,515230,软件ETF国泰,sector,软件,0.270083102493075,515230,0.270083102493075,511010,-0.0020073973382226384,最佳行业/主题 ETF 动量为正，持有该 ETF
mom_5m,105,monthly,2023-03-31,512980,传媒ETF广发,sector,传媒,0.6175908221797322,512980,0.6175908221797322,511010,0.000678672327530494,最佳行业/主题 ETF 动量为正，持有该 ETF
mom_5m,105,monthly,2023-04-28,512980,传媒ETF广发,sector,传媒,0.6684027777777779,512980,0.6684027777777779,511260,0.013036229891379092,最佳行业/主题 ETF 动量为正，持有该 ETF
mom_5m,105,monthly,2023-05-31,512980,传媒ETF广发,sector,传媒,0.5850694444444446,512980,0.5850694444444446,511010,0.02079842443397939,最佳行业/主题 ETF 动量为正，持有该 ETF
mom_5m,105,monthly,2023-06-30,512980,传媒ETF广发,sector,传媒,0.3968750000000001,512980,0.3968750000000001,511260,0.029603759755098435,最佳行业/主题 ETF 动量为正，持有该 ETF
mom_5m,105,monthly,2023-07-31,512980,传媒ETF广发,sector,传媒,0.23293768545994054,512980,0.23293768545994054,511260,0.02669986263736268,最佳行业/主题 ETF 动量为正，持有该 ETF
mom_5m,105,monthly,2023-08-31,512880,证券ETF国泰,sector,证券,0.074361820199778,512880,0.074361820199778,511260,0.029960019136139993,最佳行业/主题 ETF 动量为正，持有该 ETF
mom_5m,105,monthly,2023-09-28,515220,煤炭ETF国泰,sector,煤炭,0.06535269709543567,515220,0.06535269709543567,511260,0.01719015280135827,最佳行业/主题 ETF 动量为正，持有该 ETF
mom_5m,105,monthly,2023-10-31,512880,证券ETF国泰,sector,证券,0.0488346281908989,512880,0.0488346281908989,511260,0.012518955349620997,最佳行业/主题 ETF 动量为正，持有该 ETF
mom_5m,105,monthly,2023-11-30,515220,煤炭ETF国泰,sector,煤炭,0.16052060737527118,515220,0.16052060737527118,511260,0.011273871983210837,最佳行业/主题 ETF 动量为正，持有该 ETF
mom_5m,105,monthly,2023-12-29,515220,煤炭ETF国泰,sector,煤炭,0.1343915343915345,515220,0.1343915343915345,511260,0.015511771581232292,最佳行业/主题 ETF 动量为正，持有该 ETF
mom_5m,105,monthly,2024-01-31,515220,煤炭ETF国泰,sector,煤炭,0.19999999999999996,515220,0.19999999999999996,511260,0.019174811609341313,最佳行业/主题 ETF 动量为正，持有该 ETF
mom_5m,105,monthly,2024-02-29,515220,煤炭ETF国泰,sector,煤炭,0.164448669201521,515220,0.164448669201521,511260,0.03430448776745654,最佳行业/主题 ETF 动量为正，持有该 ETF
mom_5m,105,monthly,2024-03-29,515220,煤炭ETF国泰,sector,煤炭,0.14767096134786928,515220,0.14767096134786928,511260,0.0343102513861675,最佳行业/主题 ETF 动量为正，持有该 ETF
mom_5m,105,monthly,2024-04-30,512400,有色金属ETF南方,sector,有色金属,0.14348302300109528,512400,0.14348302300109528,511260,0.03171114078817494,最佳行业/主题 ETF 动量为正，持有该 ETF
mom_5m,105,monthly,2024-05-31,512800,银行ETF华宝,sector,银行,0.2222222222222221,512800,0.2222222222222221,511260,0.03245266802746949,最佳行业/主题 ETF 动量为正，持有该 ETF
mom_5m,105,monthly,2024-06-28,512800,银行ETF华宝,sector,银行,0.1707317073170731,512800,0.1707317073170731,511260,0.03501811564503177,最佳行业/主题 ETF 动量为正，持有该 ETF
mom_5m,105,monthly,2024-07-31,512800,银行ETF华宝,sector,银行,0.09810671256454406,512800,0.09810671256454406,511260,0.030854814191920932,最佳行业/主题 ETF 动量为正，持有该 ETF
mom_5m,105,monthly,2024-08-30,512800,银行ETF华宝,sector,银行,0.07903780068728539,512800,0.07903780068728539,511260,0.027189308282691282,最佳行业/主题 ETF 动量为正，持有该 ETF
mom_5m,105,monthly,2024-09-30,512880,证券ETF国泰,sector,证券,0.26082004555808647,512880,0.26082004555808647,511260,0.019063832520938906,最佳行业/主题 ETF 动量为正，持有该 ETF
mom_5m,105,monthly,2024-10-31,512480,半导体ETF国联安,sector,半导体,0.44787077826725397,512480,0.44787077826725397,511260,0.02404485382458965,最佳行业/主题 ETF 动量为正，持有该 ETF
mom_5m,105,monthly,2024-11-29,512880,证券ETF国泰,sector,证券,0.5012345679012344,512880,0.5012345679012344,511260,0.027708308522885083,最佳行业/主题 ETF 动量为正，持有该 ETF
mom_5m,105,monthly,2024-12-31,515230,软件ETF国泰,sector,软件,0.5,515230,0.5,511260,0.04333262566933227,最佳行业/主题 ETF 动量为正，持有该 ETF
mom_5m,105,monthly,2025-01-27,515230,软件ETF国泰,sector,软件,0.5806451612903227,515230,0.5806451612903227,511260,0.050484566955127486,最佳行业/主题 ETF 动量为正，持有该 ETF
mom_5m,105,monthly,2025-02-28,515230,软件ETF国泰,sector,软件,0.7826961770623744,515230,0.7826961770623744,511260,0.02916129232777509,最佳行业/主题 ETF 动量为正，持有该 ETF
mom_5m,105,monthly,2025-03-31,515230,软件ETF国泰,sector,软件,0.11125827814569522,515230,0.11125827814569522,511260,0.030123027798647728,最佳行业/主题 ETF 动量为正，持有该 ETF
mom_5m,105,monthly,2025-04-30,512800,银行ETF华宝,sector,银行,0.11273792093704249,512800,0.11273792093704249,511260,0.03711461775977898,最佳行业/主题 ETF 动量为正，持有该 ETF
mom_5m,105,monthly,2025-05-30,512800,银行ETF华宝,sector,银行,0.12849162011173187,512800,0.12849162011173187,511260,0.01090098086069946,最佳行业/主题 ETF 动量为正，持有该 ETF
mom_5m,105,monthly,2025-06-30,512800,银行ETF华宝,sector,银行,0.15832205683355882,512800,0.15832205683355882,511260,0.003375286899386376,最佳行业/主题 ETF 动量为正，持有该 ETF
mom_5m,105,monthly,2025-07-31,512400,有色金属ETF南方,sector,有色金属,0.21036889332004005,512400,0.21036889332004005,511260,0.009361483318713892,最佳行业/主题 ETF 动量为正，持有该 ETF
mom_5m,105,monthly,2025-08-29,512400,有色金属ETF南方,sector,有色金属,0.3734827264239031,512400,0.3734827264239031,511260,0.008393913842741352,最佳行业/主题 ETF 动量为正，持有该 ETF
mom_5m,105,monthly,2025-09-30,512400,有色金属ETF南方,sector,有色金属,0.625368731563422,512400,0.625368731563422,511010,0.0014068553536257244,最佳行业/主题 ETF 动量为正，持有该 ETF
mom_5m,105,monthly,2025-10-31,512400,有色金属ETF南方,sector,有色金属,0.6899224806201549,512400,0.6899224806201549,511010,0.007505869604478965,最佳行业/主题 ETF 动量为正，持有该 ETF
mom_5m,105,monthly,2025-11-28,512400,有色金属ETF南方,sector,有色金属,0.547683923705722,512400,0.547683923705722,511010,0.003081930382937026,最佳行业/主题 ETF 动量为正，持有该 ETF
mom_5m,105,monthly,2025-12-31,512400,有色金属ETF南方,sector,有色金属,0.5245253164556962,512400,0.5245253164556962,511010,0.008216030291643861,最佳行业/主题 ETF 动量为正，持有该 ETF
mom_5m,105,monthly,2026-01-30,512400,有色金属ETF南方,sector,有色金属,0.6565155807365439,512400,0.6565155807365439,511010,0.01002383187694078,最佳行业/主题 ETF 动量为正，持有该 ETF
mom_5m,105,monthly,2026-02-27,512400,有色金属ETF南方,sector,有色金属,0.5700325732899025,512400,0.5700325732899025,511260,0.0118334726835847,最佳行业/主题 ETF 动量为正，持有该 ETF
mom_5m,105,monthly,2026-03-31,512400,有色金属ETF南方,sector,有色金属,0.18671454219030514,512400,0.18671454219030514,511010,0.011533311255417455,最佳行业/主题 ETF 动量为正，持有该 ETF
mom_5m,105,monthly,2026-04-30,512480,半导体ETF国联安,sector,半导体,0.3744326777609681,512480,0.3744326777609681,511260,0.010969618568341222,最佳行业/主题 ETF 动量为正，持有该 ETF
mom_5m,105,monthly,2026-05-29,512480,半导体ETF国联安,sector,半导体,0.529745042492918,512480,0.529745042492918,511260,0.019496728057748047,最佳行业/主题 ETF 动量为正，持有该 ETF
mom_5m,105,monthly,2026-06-18,512480,半导体ETF国联安,sector,半导体,0.5438705662725576,512480,0.5438705662725576,511260,0.021952007695603015,最佳行业/主题 ETF 动量为正，持有该 ETF
mom_5m,105,quarterly,2015-03-31,CASH,空仓,cash,现金,0.0,,,,,行业和防守资产均无正动量，空仓
mom_5m,105,quarterly,2015-06-30,159928,消费ETF汇添富,sector,消费,0.3817567567567568,159928,0.3817567567567568,511010,0.002402738140771188,最佳行业/主题 ETF 动量为正，持有该 ETF
mom_5m,105,quarterly,2015-09-30,511010,国债ETF国泰,defensive,国债,0.014108581030187084,512010,-0.18562874251497008,511010,0.014108581030187084,最佳行业/主题 ETF 动量为负或不可用，切换到正动量防守资产
mom_5m,105,quarterly,2015-12-31,512010,医药ETF易方达,sector,医药,0.053968253968254,512010,0.053968253968254,511010,0.02360121492292122,最佳行业/主题 ETF 动量为正，持有该 ETF
mom_5m,105,quarterly,2016-03-31,511010,国债ETF国泰,defensive,国债,0.022470008649543072,159928,-0.015151515151515138,511010,0.022470008649543072,最佳行业/主题 ETF 动量为负或不可用，切换到正动量防守资产
mom_5m,105,quarterly,2016-06-30,159928,消费ETF汇添富,sector,消费,0.12500000000000022,159928,0.12500000000000022,511010,0.013468483562306677,最佳行业/主题 ETF 动量为正，持有该 ETF
mom_5m,105,quarterly,2016-09-30,512010,医药ETF易方达,sector,医药,0.14642857142857135,512010,0.14642857142857135,511010,0.022849101497042,最佳行业/主题 ETF 动量为正，持有该 ETF
mom_5m,105,quarterly,2016-12-30,512010,医药ETF易方达,sector,医药,0.05787781350482324,512010,0.05787781350482324,511010,-0.014583827365425517,最佳行业/主题 ETF 动量为正，持有该 ETF
mom_5m,105,quarterly,2017-03-31,159928,消费ETF汇添富,sector,消费,0.12261580381471382,159928,0.12261580381471382,511010,-0.022682704212114824,最佳行业/主题 ETF 动量为正，持有该 ETF
mom_5m,105,quarterly,2017-06-30,159928,消费ETF汇添富,sector,消费,0.22343324250681196,159928,0.22343324250681196,511010,-0.010655699829028142,最佳行业/主题 ETF 动量为正，持有该 ETF
mom_5m,105,quarterly,2017-09-29,159928,消费ETF汇添富,sector,消费,0.25310173697270466,159928,0.25310173697270466,511010,-0.00036369401210445407,最佳行业/主题 ETF 动量为正，持有该 ETF
mom_5m,105,quarterly,2017-12-29,159928,消费ETF汇添富,sector,消费,0.30717488789237657,159928,0.30717488789237657,511010,-0.002710280373831808,最佳行业/主题 ETF 动量为正，持有该 ETF
mom_5m,105,quarterly,2018-03-30,512010,医药ETF易方达,sector,医药,0.09263657957244664,512010,0.09263657957244664,511010,0.015950127769509548,最佳行业/主题 ETF 动量为正，持有该 ETF
mom_5m,105,quarterly,2018-06-29,512010,医药ETF易方达,sector,医药,0.14117647058823524,512010,0.14117647058823524,511260,0.044180252909085116,最佳行业/主题 ETF 动量为正，持有该 ETF
mom_5m,105,quarterly,2018-09-28,512800,银行ETF华宝,sector,银行,0.010224948875255713,512800,0.010224948875255713,511010,0.013257420231936434,最佳行业/主题 ETF 动量为正，持有该 ETF
mom_5m,105,quarterly,2018-12-28,511260,十年国债ETF国泰,defensive,十年国债,0.035547756329907365,512800,-0.04282655246252676,511260,0.035547756329907365,最佳行业/主题 ETF 动量为负或不可用，切换到正动量防守资产
mom_5m,105,quarterly,2019-03-29,512880,证券ETF国泰,sector,证券,0.49168975069252085,512880,0.49168975069252085,511260,0.03885104767992331,最佳行业/主题 ETF 动量为正，持有该 ETF
mom_5m,105,quarterly,2019-06-28,159928,消费ETF汇添富,sector,消费,0.4732510288065843,159928,0.4732510288065843,511010,0.0049154283005783395,最佳行业/主题 ETF 动量为正，持有该 ETF
mom_5m,105,quarterly,2019-09-30,159928,消费ETF汇添富,sector,消费,0.06413994169096204,159928,0.06413994169096204,511260,0.028929604628736616,最佳行业/主题 ETF 动量为正，持有该 ETF
mom_5m,105,quarterly,2019-12-31,512690,酒ETF鹏华,sector,白酒/酒,0.34239130434782616,512690,0.34239130434782616,511010,0.019170051578224045,最佳行业/主题 ETF 动量为正，持有该 ETF
mom_5m,105,quarterly,2020-03-31,512480,半导体ETF国联安,sector,半导体,0.354948805460751,512480,0.354948805460751,511260,0.05460492240403614,最佳行业/主题 ETF 动量为正，持有该 ETF
mom_5m,105,quarterly,2020-06-30,512690,酒ETF鹏华,sector,白酒/酒,0.5075187969924813,512690,0.5075187969924813,511260,0.024799237527248108,最佳行业/主题 ETF 动量为正，持有该 ETF
mom_5m,105,quarterly,2020-09-30,512690,酒ETF鹏华,sector,白酒/酒,1.3797468354430378,512690,1.3797468354430378,511260,-0.040765071278545006,最佳行业/主题 ETF 动量为正，持有该 ETF
mom_5m,105,quarterly,2020-12-31,512690,酒ETF鹏华,sector,白酒/酒,0.9208494208494207,512690,0.9208494208494207,511010,-0.006698147962088563,最佳行业/主题 ETF 动量为正，持有该 ETF
mom_5m,105,quarterly,2021-03-31,512690,酒ETF鹏华,sector,白酒/酒,0.3243670886075949,512690,0.3243670886075949,511010,0.00838787140851971,最佳行业/主题 ETF 动量为正，持有该 ETF
mom_5m,105,quarterly,2021-06-30,515220,煤炭ETF国泰,sector,煤炭,0.37872340425531936,515220,0.37872340425531936,511260,0.01697802299531559,最佳行业/主题 ETF 动量为正，持有该 ETF
mom_5m,105,quarterly,2021-09-30,515220,煤炭ETF国泰,sector,煤炭,0.7244367417677644,515220,0.7244367417677644,511260,0.03343784581335307,最佳行业/主题 ETF 动量为正，持有该 ETF
mom_5m,105,quarterly,2021-12-31,512660,军工ETF国泰,sector,军工,0.25820379965457696,512660,0.25820379965457696,511260,0.015538052098174715,最佳行业/主题 ETF 动量为正，持有该 ETF
mom_5m,105,quarterly,2022-03-31,515220,煤炭ETF国泰,sector,煤炭,0.16158192090395485,515220,0.16158192090395485,511260,0.02251876563803168,最佳行业/主题 ETF 动量为正，持有该 ETF
mom_5m,105,quarterly,2022-06-30,515220,煤炭ETF国泰,sector,煤炭,0.32384341637010694,515220,0.32384341637010694,511010,0.004716298950683706,最佳行业/主题 ETF 动量为正，持有该 ETF
mom_5m,105,quarterly,2022-09-30,515790,光伏ETF华泰柏瑞,sector,光伏,0.23352793994995835,515790,0.23352793994995835,511260,0.014841700192408602,最佳行业/主题 ETF 动量为正，持有该 ETF
mom_5m,105,quarterly,2022-12-30,515230,软件ETF国泰,sector,软件,0.01948051948051943,515230,0.01948051948051943,511260,0.008424534183002041,最佳行业/主题 ETF 动量为正，持有该 ETF
mom_5m,105,quarterly,2023-03-31,512980,传媒ETF广发,sector,传媒,0.6175908221797322,512980,0.6175908221797322,511010,0.000678672327530494,最佳行业/主题 ETF 动量为正，持有该 ETF
mom_5m,105,quarterly,2023-06-30,512980,传媒ETF广发,sector,传媒,0.3968750000000001,512980,0.3968750000000001,511260,0.029603759755098435,最佳行业/主题 ETF 动量为正，持有该 ETF
mom_5m,105,quarterly,2023-09-28,515220,煤炭ETF国泰,sector,煤炭,0.06535269709543567,515220,0.06535269709543567,511260,0.01719015280135827,最佳行业/主题 ETF 动量为正，持有该 ETF
mom_5m,105,quarterly,2023-12-29,515220,煤炭ETF国泰,sector,煤炭,0.1343915343915345,515220,0.1343915343915345,511260,0.015511771581232292,最佳行业/主题 ETF 动量为正，持有该 ETF
mom_5m,105,quarterly,2024-03-29,515220,煤炭ETF国泰,sector,煤炭,0.14767096134786928,515220,0.14767096134786928,511260,0.0343102513861675,最佳行业/主题 ETF 动量为正，持有该 ETF
mom_5m,105,quarterly,2024-06-28,512800,银行ETF华宝,sector,银行,0.1707317073170731,512800,0.1707317073170731,511260,0.03501811564503177,最佳行业/主题 ETF 动量为正，持有该 ETF
mom_5m,105,quarterly,2024-09-30,512880,证券ETF国泰,sector,证券,0.26082004555808647,512880,0.26082004555808647,511260,0.019063832520938906,最佳行业/主题 ETF 动量为正，持有该 ETF
mom_5m,105,quarterly,2024-12-31,515230,软件ETF国泰,sector,软件,0.5,515230,0.5,511260,0.04333262566933227,最佳行业/主题 ETF 动量为正，持有该 ETF
mom_5m,105,quarterly,2025-03-31,515230,软件ETF国泰,sector,软件,0.11125827814569522,515230,0.11125827814569522,511260,0.030123027798647728,最佳行业/主题 ETF 动量为正，持有该 ETF
mom_5m,105,quarterly,2025-06-30,512800,银行ETF华宝,sector,银行,0.15832205683355882,512800,0.15832205683355882,511260,0.003375286899386376,最佳行业/主题 ETF 动量为正，持有该 ETF
mom_5m,105,quarterly,2025-09-30,512400,有色金属ETF南方,sector,有色金属,0.625368731563422,512400,0.625368731563422,511010,0.0014068553536257244,最佳行业/主题 ETF 动量为正，持有该 ETF
mom_5m,105,quarterly,2025-12-31,512400,有色金属ETF南方,sector,有色金属,0.5245253164556962,512400,0.5245253164556962,511010,0.008216030291643861,最佳行业/主题 ETF 动量为正，持有该 ETF
mom_5m,105,quarterly,2026-03-31,512400,有色金属ETF南方,sector,有色金属,0.18671454219030514,512400,0.18671454219030514,511010,0.011533311255417455,最佳行业/主题 ETF 动量为正，持有该 ETF
mom_5m,105,quarterly,2026-06-18,512480,半导体ETF国联安,sector,半导体,0.5438705662725576,512480,0.5438705662725576,511260,0.021952007695603015,最佳行业/主题 ETF 动量为正，持有该 ETF
mom_6m,126,weekly,2015-01-09,CASH,空仓,cash,现金,0.0,,,,,行业和防守资产均无正动量，空仓
mom_6m,126,weekly,2015-01-16,CASH,空仓,cash,现金,0.0,,,,,行业和防守资产均无正动量，空仓
mom_6m,126,weekly,2015-01-23,CASH,空仓,cash,现金,0.0,,,,,行业和防守资产均无正动量，空仓
mom_6m,126,weekly,2015-01-30,CASH,空仓,cash,现金,0.0,,,,,行业和防守资产均无正动量，空仓
mom_6m,126,weekly,2015-02-06,CASH,空仓,cash,现金,0.0,,,,,行业和防守资产均无正动量，空仓
mom_6m,126,weekly,2015-02-13,CASH,空仓,cash,现金,0.0,,,,,行业和防守资产均无正动量，空仓
mom_6m,126,weekly,2015-02-17,CASH,空仓,cash,现金,0.0,,,,,行业和防守资产均无正动量，空仓
mom_6m,126,weekly,2015-02-27,CASH,空仓,cash,现金,0.0,,,,,行业和防守资产均无正动量，空仓
mom_6m,126,weekly,2015-03-06,CASH,空仓,cash,现金,0.0,,,,,行业和防守资产均无正动量，空仓
mom_6m,126,weekly,2015-03-13,CASH,空仓,cash,现金,0.0,,,,,行业和防守资产均无正动量，空仓
mom_6m,126,weekly,2015-03-20,CASH,空仓,cash,现金,0.0,,,,,行业和防守资产均无正动量，空仓
mom_6m,126,weekly,2015-03-27,CASH,空仓,cash,现金,0.0,,,,,行业和防守资产均无正动量，空仓
mom_6m,126,weekly,2015-04-03,CASH,空仓,cash,现金,0.0,,,,,行业和防守资产均无正动量，空仓
mom_6m,126,weekly,2015-04-10,CASH,空仓,cash,现金,0.0,,,,,行业和防守资产均无正动量，空仓
mom_6m,126,weekly,2015-04-17,CASH,空仓,cash,现金,0.0,,,,,行业和防守资产均无正动量，空仓
mom_6m,126,weekly,2015-04-24,CASH,空仓,cash,现金,0.0,,,,,行业和防守资产均无正动量，空仓
mom_6m,126,weekly,2015-04-30,CASH,空仓,cash,现金,0.0,,,,,行业和防守资产均无正动量，空仓
mom_6m,126,weekly,2015-05-08,CASH,空仓,cash,现金,0.0,,,,,行业和防守资产均无正动量，空仓
mom_6m,126,weekly,2015-05-15,CASH,空仓,cash,现金,0.0,,,,,行业和防守资产均无正动量，空仓
mom_6m,126,weekly,2015-05-22,CASH,空仓,cash,现金,0.0,,,,,行业和防守资产均无正动量，空仓
mom_6m,126,weekly,2015-05-29,CASH,空仓,cash,现金,0.0,,,,,行业和防守资产均无正动量，空仓
mom_6m,126,weekly,2015-06-05,CASH,空仓,cash,现金,0.0,,,,,行业和防守资产均无正动量，空仓
mom_6m,126,weekly,2015-06-12,CASH,空仓,cash,现金,0.0,,,,,行业和防守资产均无正动量，空仓
mom_6m,126,weekly,2015-06-19,CASH,空仓,cash,现金,0.0,,,,,行业和防守资产均无正动量，空仓
mom_6m,126,weekly,2015-06-26,CASH,空仓,cash,现金,0.0,,,,,行业和防守资产均无正动量，空仓
mom_6m,126,weekly,2015-07-03,CASH,空仓,cash,现金,0.0,,,,,行业和防守资产均无正动量，空仓
mom_6m,126,weekly,2015-07-10,159928,消费ETF汇添富,sector,消费,0.21666666666666679,159928,0.21666666666666679,511010,0.03760289098574576,最佳行业/主题 ETF 动量为正，持有该 ETF
mom_6m,126,weekly,2015-07-17,512010,医药ETF易方达,sector,医药,0.3294573643410854,512010,0.3294573643410854,511010,0.046005542596247784,最佳行业/主题 ETF 动量为正，持有该 ETF
mom_6m,126,weekly,2015-07-24,159928,消费ETF汇添富,sector,消费,0.3701067615658362,159928,0.3701067615658362,511010,0.024541804509802034,最佳行业/主题 ETF 动量为正，持有该 ETF
mom_6m,126,weekly,2015-07-31,159928,消费ETF汇添富,sector,消费,0.20066889632107032,159928,0.20066889632107032,511010,0.023104636591478656,最佳行业/主题 ETF 动量为正，持有该 ETF
mom_6m,126,weekly,2015-08-07,159928,消费ETF汇添富,sector,消费,0.3066202090592336,159928,0.3066202090592336,511010,0.031754453188709064,最佳行业/主题 ETF 动量为正，持有该 ETF
mom_6m,126,weekly,2015-08-14,159928,消费ETF汇添富,sector,消费,0.3776223776223777,159928,0.3776223776223777,511010,0.01712997600054411,最佳行业/主题 ETF 动量为正，持有该 ETF
mom_6m,126,weekly,2015-08-21,159928,消费ETF汇添富,sector,消费,0.18791946308724827,159928,0.18791946308724827,511010,0.010058154775196337,最佳行业/主题 ETF 动量为正，持有该 ETF
mom_6m,126,weekly,2015-08-28,159928,消费ETF汇添富,sector,消费,0.11258278145695377,159928,0.11258278145695377,511010,0.02068509018699327,最佳行业/主题 ETF 动量为正，持有该 ETF
mom_6m,126,weekly,2015-09-02,159928,消费ETF汇添富,sector,消费,0.05555555555555558,159928,0.05555555555555558,511010,0.02787093000584906,最佳行业/主题 ETF 动量为正，持有该 ETF
mom_6m,126,weekly,2015-09-11,512010,医药ETF易方达,sector,医药,0.06249999999999978,512010,0.06249999999999978,511010,0.018620830775526898,最佳行业/主题 ETF 动量为正，持有该 ETF
mom_6m,126,weekly,2015-09-18,511010,国债ETF国泰,defensive,国债,0.02049132384480412,512010,-0.014134275618374326,511010,0.02049132384480412,最佳行业/主题 ETF 动量为负或不可用，切换到正动量防守资产
mom_6m,126,weekly,2015-09-25,511010,国债ETF国泰,defensive,国债,0.019045856186737042,512010,-0.0680272108843536,511010,0.019045856186737042,最佳行业/主题 ETF 动量为负或不可用，切换到正动量防守资产
mom_6m,126,weekly,2015-09-30,511010,国债ETF国泰,defensive,国债,0.03595738384137315,512010,-0.09030100334448155,511010,0.03595738384137315,最佳行业/主题 ETF 动量为负或不可用，切换到正动量防守资产
mom_6m,126,weekly,2015-10-09,511010,国债ETF国泰,defensive,国债,0.031782154908577276,512010,-0.06818181818181823,511010,0.031782154908577276,最佳行业/主题 ETF 动量为负或不可用，切换到正动量防守资产
mom_6m,126,weekly,2015-10-16,511010,国债ETF国泰,defensive,国债,0.035679523355389264,512010,-0.07788161993769482,511010,0.035679523355389264,最佳行业/主题 ETF 动量为负或不可用，切换到正动量防守资产
mom_6m,126,weekly,2015-10-23,511010,国债ETF国泰,defensive,国债,0.03143116030281479,512010,-0.06042296072507558,511010,0.03143116030281479,最佳行业/主题 ETF 动量为负或不可用，切换到正动量防守资产
mom_6m,126,weekly,2015-10-30,511010,国债ETF国泰,defensive,国债,0.03063880202769642,512010,-0.09467455621301779,511010,0.03063880202769642,最佳行业/主题 ETF 动量为负或不可用，切换到正动量防守资产
mom_6m,126,weekly,2015-11-06,511010,国债ETF国泰,defensive,国债,0.02237591537835648,512010,-0.05373134328358209,511010,0.02237591537835648,最佳行业/主题 ETF 动量为负或不可用，切换到正动量防守资产
mom_6m,126,weekly,2015-11-13,511010,国债ETF国泰,defensive,国债,0.01743590734336653,512010,-0.07624633431085048,511010,0.01743590734336653,最佳行业/主题 ETF 动量为负或不可用，切换到正动量防守资产
mom_6m,126,weekly,2015-11-20,511010,国债ETF国泰,defensive,国债,0.015647294743742934,512010,-0.07894736842105265,511010,0.015647294743742934,最佳行业/主题 ETF 动量为负或不可用，切换到正动量防守资产
mom_6m,126,weekly,2015-11-27,511010,国债ETF国泰,defensive,国债,0.023297439023210353,512010,-0.1899736147757256,511010,0.023297439023210353,最佳行业/主题 ETF 动量为负或不可用，切换到正动量防守资产
mom_6m,126,weekly,2015-12-04,511010,国债ETF国泰,defensive,国债,0.03736633896047947,512010,-0.20750000000000002,511010,0.03736633896047947,最佳行业/主题 ETF 动量为负或不可用，切换到正动量防守资产
mom_6m,126,weekly,2015-12-11,511010,国债ETF国泰,defensive,国债,0.025204155593138378,512010,-0.18158567774936063,511010,0.025204155593138378,最佳行业/主题 ETF 动量为负或不可用，切换到正动量防守资产
mom_6m,126,weekly,2015-12-18,511010,国债ETF国泰,defensive,国债,0.03804999853691382,512010,-0.1925,511010,0.03804999853691382,最佳行业/主题 ETF 动量为负或不可用，切换到正动量防守资产
mom_6m,126,weekly,2015-12-25,511010,国债ETF国泰,defensive,国债,0.04096732738813835,512010,-0.10109289617486328,511010,0.04096732738813835,最佳行业/主题 ETF 动量为负或不可用，切换到正动量防守资产
mom_6m,126,weekly,2015-12-31,512010,医药ETF易方达,sector,医药,0.0641025641025641,512010,0.0641025641025641,511010,0.0478616266108689,最佳行业/主题 ETF 动量为正，持有该 ETF
mom_6m,126,weekly,2016-01-08,512010,医药ETF易方达,sector,医药,0.025641025641025772,512010,0.025641025641025772,511010,0.041393785102124214,最佳行业/主题 ETF 动量为正，持有该 ETF
mom_6m,126,weekly,2016-01-15,511010,国债ETF国泰,defensive,国债,0.03964910924759435,512010,-0.17210682492581597,511010,0.03964910924759435,最佳行业/主题 ETF 动量为负或不可用，切换到正动量防守资产
mom_6m,126,weekly,2016-01-22,511010,国债ETF国泰,defensive,国债,0.02588684650274531,512010,-0.1632047477744808,511010,0.02588684650274531,最佳行业/主题 ETF 动量为负或不可用，切换到正动量防守资产
mom_6m,126,weekly,2016-01-29,511010,国债ETF国泰,defensive,国债,0.02592340767838497,512010,-0.120253164556962,511010,0.02592340767838497,最佳行业/主题 ETF 动量为负或不可用，切换到正动量防守资产
mom_6m,126,weekly,2016-02-05,511010,国债ETF国泰,defensive,国债,0.023988464146222688,512010,-0.11285266457680265,511010,0.023988464146222688,最佳行业/主题 ETF 动量为负或不可用，切换到正动量防守资产
mom_6m,126,weekly,2016-02-19,511010,国债ETF国泰,defensive,国债,0.023583872288950092,512010,-0.19767441860465107,511010,0.023583872288950092,最佳行业/主题 ETF 动量为负或不可用，切换到正动量防守资产
mom_6m,126,weekly,2016-02-26,511010,国债ETF国泰,defensive,国债,0.03204845603879547,512010,-0.1946107784431138,511010,0.03204845603879547,最佳行业/主题 ETF 动量为负或不可用，切换到正动量防守资产
mom_6m,126,weekly,2016-03-04,511010,国债ETF国泰,defensive,国债,0.03408600190006439,512010,-0.031914893617021156,511010,0.03408600190006439,最佳行业/主题 ETF 动量为负或不可用，切换到正动量防守资产
mom_6m,126,weekly,2016-03-11,511010,国债ETF国泰,defensive,国债,0.030174136454467426,512010,-0.03214285714285714,511010,0.030174136454467426,最佳行业/主题 ETF 动量为负或不可用，切换到正动量防守资产
mom_6m,126,weekly,2016-03-18,511010,国债ETF国泰,defensive,国债,0.03002162090083904,159928,-0.040000000000000036,511010,0.03002162090083904,最佳行业/主题 ETF 动量为负或不可用，切换到正动量防守资产
mom_6m,126,weekly,2016-03-25,511010,国债ETF国泰,defensive,国债,0.037383980749398305,159928,0.0,511010,0.037383980749398305,最佳行业/主题 ETF 动量为负或不可用，切换到正动量防守资产
mom_6m,126,weekly,2016-04-01,159928,消费ETF汇添富,sector,消费,0.03194888178913735,159928,0.03194888178913735,511010,0.04224759902527597,最佳行业/主题 ETF 动量为正，持有该 ETF
mom_6m,126,weekly,2016-04-08,159928,消费ETF汇添富,sector,消费,0.045751633986928164,159928,0.045751633986928164,511010,0.039053774116254436,最佳行业/主题 ETF 动量为正，持有该 ETF
mom_6m,126,weekly,2016-04-15,511010,国债ETF国泰,defensive,国债,0.026906254141972674,159928,-0.021341463414634165,511010,0.026906254141972674,最佳行业/主题 ETF 动量为负或不可用，切换到正动量防守资产
mom_6m,126,weekly,2016-04-22,511010,国债ETF国泰,defensive,国债,0.01922332480432054,512010,-0.04391891891891897,511010,0.01922332480432054,最佳行业/主题 ETF 动量为负或不可用，切换到正动量防守资产
mom_6m,126,weekly,2016-04-29,511010,国债ETF国泰,defensive,国债,0.017320624635033033,159928,-0.030303030303030276,511010,0.017320624635033033,最佳行业/主题 ETF 动量为负或不可用，切换到正动量防守资产
mom_6m,126,weekly,2016-05-06,511010,国债ETF国泰,defensive,国债,0.017869253956292352,159928,-0.020895522388059695,511010,0.017869253956292352,最佳行业/主题 ETF 动量为负或不可用，切换到正动量防守资产
mom_6m,126,weekly,2016-05-13,511010,国债ETF国泰,defensive,国债,0.039124528879450615,159928,-0.06179775280898869,511010,0.039124528879450615,最佳行业/主题 ETF 动量为负或不可用，切换到正动量防守资产
mom_6m,126,weekly,2016-05-20,511010,国债ETF国泰,defensive,国债,0.027981320475340743,159928,-0.04347826086956508,511010,0.027981320475340743,最佳行业/主题 ETF 动量为负或不可用，切换到正动量防守资产
mom_6m,126,weekly,2016-05-27,511010,国债ETF国泰,defensive,国债,0.02728152943633355,159928,-0.06321839080459757,511010,0.02728152943633355,最佳行业/主题 ETF 动量为负或不可用，切换到正动量防守资产
mom_6m,126,weekly,2016-06-03,159928,消费ETF汇添富,sector,消费,0.005934718100890191,159928,0.005934718100890191,511010,0.020556741138033185,最佳行业/主题 ETF 动量为正，持有该 ETF
mom_6m,126,weekly,2016-06-08,511010,国债ETF国泰,defensive,国债,0.021347879840315498,159928,-0.011695906432748537,511010,0.021347879840315498,最佳行业/主题 ETF 动量为负或不可用，切换到正动量防守资产
mom_6m,126,weekly,2016-06-17,511010,国债ETF国泰,defensive,国债,0.023246387194690854,159928,-0.0029239766081871066,511010,0.023246387194690854,最佳行业/主题 ETF 动量为负或不可用，切换到正动量防守资产
mom_6m,126,weekly,2016-06-24,511010,国债ETF国泰,defensive,国债,0.024513637005982414,159928,-0.03735632183908033,511010,0.024513637005982414,最佳行业/主题 ETF 动量为负或不可用，切换到正动量防守资产
mom_6m,126,weekly,2016-07-01,511010,国债ETF国泰,defensive,国债,0.020584825935759055,159928,-0.06250000000000011,511010,0.020584825935759055,最佳行业/主题 ETF 动量为负或不可用，切换到正动量防守资产
mom_6m,126,weekly,2016-07-08,511010,国债ETF国泰,defensive,国债,0.020089764764064322,159928,-0.0055248618784530246,511010,0.020089764764064322,最佳行业/主题 ETF 动量为负或不可用，切换到正动量防守资产
mom_6m,126,weekly,2016-07-15,159928,消费ETF汇添富,sector,消费,0.12424242424242427,159928,0.12424242424242427,511010,0.02030343180248928,最佳行业/主题 ETF 动量为正，持有该 ETF
mom_6m,126,weekly,2016-07-22,159928,消费ETF汇添富,sector,消费,0.141509433962264,159928,0.141509433962264,511010,0.018139240976842608,最佳行业/主题 ETF 动量为正，持有该 ETF
mom_6m,126,weekly,2016-07-29,159928,消费ETF汇添富,sector,消费,0.22697368421052633,159928,0.22697368421052633,511010,0.021482557057224794,最佳行业/主题 ETF 动量为正，持有该 ETF
mom_6m,126,weekly,2016-08-05,159928,消费ETF汇添富,sector,消费,0.21262458471760803,159928,0.21262458471760803,511010,0.02718192849808654,最佳行业/主题 ETF 动量为正，持有该 ETF
mom_6m,126,weekly,2016-08-12,159928,消费ETF汇添富,sector,消费,0.22742474916387967,159928,0.22742474916387967,511010,0.029199190517490647,最佳行业/主题 ETF 动量为正，持有该 ETF
mom_6m,126,weekly,2016-08-19,159928,消费ETF汇添富,sector,消费,0.19205298013245042,159928,0.19205298013245042,511010,0.025190065417864727,最佳行业/主题 ETF 动量为正，持有该 ETF
mom_6m,126,weekly,2016-08-26,159928,消费ETF汇添富,sector,消费,0.25,159928,0.25,511010,0.022714187545270548,最佳行业/主题 ETF 动量为正，持有该 ETF
mom_6m,126,weekly,2016-09-02,159928,消费ETF汇添富,sector,消费,0.20132013201320142,159928,0.20132013201320142,511010,0.02056440761328515,最佳行业/主题 ETF 动量为正，持有该 ETF
mom_6m,126,weekly,2016-09-09,159928,消费ETF汇添富,sector,消费,0.19205298013245042,159928,0.19205298013245042,511010,0.016894357155393003,最佳行业/主题 ETF 动量为正，持有该 ETF
mom_6m,126,weekly,2016-09-14,159928,消费ETF汇添富,sector,消费,0.1568627450980391,159928,0.1568627450980391,511010,0.018151555781589668,最佳行业/主题 ETF 动量为正，持有该 ETF
mom_6m,126,weekly,2016-09-23,512010,医药ETF易方达,sector,医药,0.1459074733096084,512010,0.1459074733096084,511010,0.017760496518093083,最佳行业/主题 ETF 动量为正，持有该 ETF
mom_6m,126,weekly,2016-09-30,512010,医药ETF易方达,sector,医药,0.12631578947368438,512010,0.12631578947368438,511010,0.015599720547139206,最佳行业/主题 ETF 动量为正，持有该 ETF
mom_6m,126,weekly,2016-10-14,512010,医药ETF易方达,sector,医药,0.14736842105263182,512010,0.14736842105263182,511010,0.01648185067112573,最佳行业/主题 ETF 动量为正，持有该 ETF
mom_6m,126,weekly,2016-10-21,512010,医药ETF易方达,sector,医药,0.14634146341463428,512010,0.14634146341463428,511010,0.024079502922359275,最佳行业/主题 ETF 动量为正，持有该 ETF
mom_6m,126,weekly,2016-10-28,159928,消费ETF汇添富,sector,消费,0.16987179487179493,159928,0.16987179487179493,511010,0.02658899580466212,最佳行业/主题 ETF 动量为正，持有该 ETF
mom_6m,126,weekly,2016-11-04,512010,医药ETF易方达,sector,医药,0.1678571428571427,512010,0.1678571428571427,511010,0.027480364552459946,最佳行业/主题 ETF 动量为正，持有该 ETF
mom_6m,126,weekly,2016-11-11,512010,医药ETF易方达,sector,医药,0.17142857142857126,512010,0.17142857142857126,511010,0.02531997001582509,最佳行业/主题 ETF 动量为正，持有该 ETF
mom_6m,126,weekly,2016-11-18,512010,医药ETF易方达,sector,医药,0.1785714285714286,512010,0.1785714285714286,511010,0.011019258386419706,最佳行业/主题 ETF 动量为正，持有该 ETF
mom_6m,126,weekly,2016-11-25,512010,医药ETF易方达,sector,医药,0.18149466192170816,512010,0.18149466192170816,511010,0.012160215689171139,最佳行业/主题 ETF 动量为正，持有该 ETF
mom_6m,126,weekly,2016-12-02,512010,医药ETF易方达,sector,医药,0.18705035971223016,512010,0.18705035971223016,511010,0.007466272408057639,最佳行业/主题 ETF 动量为正，持有该 ETF
mom_6m,126,weekly,2016-12-09,512010,医药ETF易方达,sector,医药,0.16312056737588665,512010,0.16312056737588665,511010,0.007198438179479849,最佳行业/主题 ETF 动量为正，持有该 ETF
mom_6m,126,weekly,2016-12-16,512010,医药ETF易方达,sector,医药,0.14840989399293303,512010,0.14840989399293303,511010,-0.022453460268260672,最佳行业/主题 ETF 动量为正，持有该 ETF
mom_6m,126,weekly,2016-12-23,512010,医药ETF易方达,sector,医药,0.1468531468531471,512010,0.1468531468531471,511010,-0.011617078950037385,最佳行业/主题 ETF 动量为正，持有该 ETF
mom_6m,126,weekly,2016-12-30,512010,医药ETF易方达,sector,医药,0.13058419243986275,512010,0.13058419243986275,511010,-0.00836132679846524,最佳行业/主题 ETF 动量为正，持有该 ETF
mom_6m,126,weekly,2017-01-06,512010,医药ETF易方达,sector,医药,0.12286689419795227,512010,0.12286689419795227,511010,-0.011330536574642447,最佳行业/主题 ETF 动量为正，持有该 ETF
mom_6m,126,weekly,2017-01-13,512010,医药ETF易方达,sector,医药,0.0726072607260726,512010,0.0726072607260726,511010,-0.011053565873030413,最佳行业/主题 ETF 动量为正，持有该 ETF
mom_6m,126,weekly,2017-01-20,512010,医药ETF易方达,sector,医药,0.05483870967741944,512010,0.05483870967741944,511010,-0.01071523263574603,最佳行业/主题 ETF 动量为正，持有该 ETF
mom_6m,126,weekly,2017-01-26,512010,医药ETF易方达,sector,医药,0.08496732026143805,512010,0.08496732026143805,511010,-0.012449344675258156,最佳行业/主题 ETF 动量为正，持有该 ETF
mom_6m,126,weekly,2017-02-03,512010,医药ETF易方达,sector,医药,0.07792207792207795,512010,0.07792207792207795,511010,-0.012779436061743032,最佳行业/主题 ETF 动量为正，持有该 ETF
mom_6m,126,weekly,2017-02-10,512010,医药ETF易方达,sector,医药,0.06451612903225823,512010,0.06451612903225823,511010,-0.0213688814527202,最佳行业/主题 ETF 动量为正，持有该 ETF
mom_6m,126,weekly,2017-02-17,512880,证券ETF国泰,sector,证券,0.054780876494023856,512880,0.054780876494023856,511010,-0.018244728190784154,最佳行业/主题 ETF 动量为正，持有该 ETF
mom_6m,126,weekly,2017-02-24,159928,消费ETF汇添富,sector,消费,0.05929919137466322,159928,0.05929919137466322,511010,-0.017677592653090768,最佳行业/主题 ETF 动量为正，持有该 ETF
mom_6m,126,weekly,2017-03-03,159928,消费ETF汇添富,sector,消费,0.06284153005464477,159928,0.06284153005464477,511010,-0.01750185900574941,最佳行业/主题 ETF 动量为正，持有该 ETF
mom_6m,126,weekly,2017-03-10,159928,消费ETF汇添富,sector,消费,0.07734806629834257,159928,0.07734806629834257,511010,-0.020422241182130096,最佳行业/主题 ETF 动量为正，持有该 ETF
mom_6m,126,weekly,2017-03-17,159928,消费ETF汇添富,sector,消费,0.08539944903581276,159928,0.08539944903581276,511010,-0.016091347945852985,最佳行业/主题 ETF 动量为正，持有该 ETF
mom_6m,126,weekly,2017-03-24,159928,消费ETF汇添富,sector,消费,0.15211267605633805,159928,0.15211267605633805,511010,-0.014542180508567149,最佳行业/主题 ETF 动量为正，持有该 ETF
mom_6m,126,weekly,2017-03-31,159928,消费ETF汇添富,sector,消费,0.16384180790960445,159928,0.16384180790960445,511010,-0.01843380711212761,最佳行业/主题 ETF 动量为正，持有该 ETF
mom_6m,126,weekly,2017-04-07,159928,消费ETF汇添富,sector,消费,0.15014164305949018,159928,0.15014164305949018,511010,-0.01779963166919174,最佳行业/主题 ETF 动量为正，持有该 ETF
mom_6m,126,weekly,2017-04-14,159928,消费ETF汇添富,sector,消费,0.13687150837988815,159928,0.13687150837988815,511010,-0.020226427388483126,最佳行业/主题 ETF 动量为正，持有该 ETF
mom_6m,126,weekly,2017-04-21,159928,消费ETF汇添富,sector,消费,0.14206128133704743,159928,0.14206128133704743,511010,-0.02836399100587872,最佳行业/主题 ETF 动量为正，持有该 ETF
mom_6m,126,weekly,2017-04-28,159928,消费ETF汇添富,sector,消费,0.13091922005571033,159928,0.13091922005571033,511010,-0.033921192643206366,最佳行业/主题 ETF 动量为正，持有该 ETF
mom_6m,126,weekly,2017-05-05,512010,医药ETF易方达,sector,医药,0.09785932721712531,512010,0.09785932721712531,511010,-0.03654553983833719,最佳行业/主题 ETF 动量为正，持有该 ETF
mom_6m,126,weekly,2017-05-12,159928,消费ETF汇添富,sector,消费,0.08719346049046339,159928,0.08719346049046339,511010,-0.04246630909992333,最佳行业/主题 ETF 动量为正，持有该 ETF
mom_6m,126,weekly,2017-05-19,159928,消费ETF汇添富,sector,消费,0.11475409836065564,159928,0.11475409836065564,511010,-0.04360383778758592,最佳行业/主题 ETF 动量为正，持有该 ETF
mom_6m,126,weekly,2017-05-26,159928,消费ETF汇添富,sector,消费,0.12841530054644812,159928,0.12841530054644812,511010,-0.03143182335533801,最佳行业/主题 ETF 动量为正，持有该 ETF
mom_6m,126,weekly,2017-06-02,159928,消费ETF汇添富,sector,消费,0.12568306010928953,159928,0.12568306010928953,511010,-0.0275423536358268,最佳行业/主题 ETF 动量为正，持有该 ETF
mom_6m,126,weekly,2017-06-09,159928,消费ETF汇添富,sector,消费,0.1439999999999999,159928,0.1439999999999999,511010,-0.018382285494138673,最佳行业/主题 ETF 动量为正，持有该 ETF
mom_6m,126,weekly,2017-06-16,159928,消费ETF汇添富,sector,消费,0.15945945945945939,159928,0.15945945945945939,511010,-0.014123982282994274,最佳行业/主题 ETF 动量为正，持有该 ETF
mom_6m,126,weekly,2017-06-23,159928,消费ETF汇添富,sector,消费,0.19346049046321534,159928,0.19346049046321534,511010,-0.0019840900199339373,最佳行业/主题 ETF 动量为正，持有该 ETF
mom_6m,126,weekly,2017-06-30,159928,消费ETF汇添富,sector,消费,0.23013698630137003,159928,0.23013698630137003,511010,-0.001455115289903608,最佳行业/主题 ETF 动量为正，持有该 ETF
mom_6m,126,weekly,2017-07-07,159928,消费ETF汇添富,sector,消费,0.2320441988950277,159928,0.2320441988950277,511010,-0.0024264623851846245,最佳行业/主题 ETF 动量为正，持有该 ETF
mom_6m,126,weekly,2017-07-14,159928,消费ETF汇添富,sector,消费,0.1671159029649596,159928,0.1671159029649596,511010,-0.007661734868768422,最佳行业/主题 ETF 动量为正，持有该 ETF
mom_6m,126,weekly,2017-07-21,159928,消费ETF汇添富,sector,消费,0.16799999999999993,159928,0.16799999999999993,511010,-0.009088385006941202,最佳行业/主题 ETF 动量为正，持有该 ETF
mom_6m,126,weekly,2017-07-28,159928,消费ETF汇添富,sector,消费,0.21857923497267762,159928,0.21857923497267762,511010,-0.009708558154170821,最佳行业/主题 ETF 动量为正，持有该 ETF
mom_6m,126,weekly,2017-08-04,159928,消费ETF汇添富,sector,消费,0.18449197860962574,159928,0.18449197860962574,511010,-0.009085027726432604,最佳行业/主题 ETF 动量为正，持有该 ETF
mom_6m,126,weekly,2017-08-11,159928,消费ETF汇添富,sector,消费,0.20799999999999996,159928,0.20799999999999996,511010,-0.006801145260973196,最佳行业/主题 ETF 动量为正，持有该 ETF
mom_6m,126,weekly,2017-08-18,159928,消费ETF汇添富,sector,消费,0.25469168900804307,159928,0.25469168900804307,511010,-0.008007175020572688,最佳行业/主题 ETF 动量为正，持有该 ETF
mom_6m,126,weekly,2017-08-25,159928,消费ETF汇添富,sector,消费,0.17632241813602012,159928,0.17632241813602012,511010,-0.009714470224641336,最佳行业/主题 ETF 动量为正，持有该 ETF
mom_6m,126,weekly,2017-09-01,159928,消费ETF汇添富,sector,消费,0.20308483290488444,159928,0.20308483290488444,511010,-0.009354683806146458,最佳行业/主题 ETF 动量为正，持有该 ETF
mom_6m,126,weekly,2017-09-08,159928,消费ETF汇添富,sector,消费,0.2005141388174807,159928,0.2005141388174807,511010,-0.0067372740379283425,最佳行业/主题 ETF 动量为正，持有该 ETF
mom_6m,126,weekly,2017-09-15,159928,消费ETF汇添富,sector,消费,0.20558375634517745,159928,0.20558375634517745,511010,-0.007319372308374761,最佳行业/主题 ETF 动量为正，持有该 ETF
mom_6m,126,weekly,2017-09-22,159928,消费ETF汇添富,sector,消费,0.21867321867321876,159928,0.21867321867321876,511010,-0.008618138777925721,最佳行业/主题 ETF 动量为正，持有该 ETF
mom_6m,126,weekly,2017-09-29,159928,消费ETF汇添富,sector,消费,0.23471882640586816,159928,0.23471882640586816,511010,-0.007003242241778618,最佳行业/主题 ETF 动量为正，持有该 ETF
mom_6m,126,weekly,2017-10-13,159928,消费ETF汇添富,sector,消费,0.3242574257425743,159928,0.3242574257425743,511010,-0.010442056281852463,最佳行业/主题 ETF 动量为正，持有该 ETF
mom_6m,126,weekly,2017-10-20,159928,消费ETF汇添富,sector,消费,0.33499999999999996,159928,0.33499999999999996,511010,-0.009090824932189157,最佳行业/主题 ETF 动量为正，持有该 ETF
mom_6m,126,weekly,2017-10-27,159928,消费ETF汇添富,sector,消费,0.4049382716049381,159928,0.4049382716049381,511010,-0.006361891987555768,最佳行业/主题 ETF 动量为正，持有该 ETF
mom_6m,126,weekly,2017-11-03,159928,消费ETF汇添富,sector,消费,0.3645320197044335,159928,0.3645320197044335,511010,-0.00975096392050212,最佳行业/主题 ETF 动量为正，持有该 ETF
mom_6m,126,weekly,2017-11-10,159928,消费ETF汇添富,sector,消费,0.45316455696202507,159928,0.45316455696202507,511010,0.0027216247161063745,最佳行业/主题 ETF 动量为正，持有该 ETF
mom_6m,126,weekly,2017-11-17,159928,消费ETF汇添富,sector,消费,0.4142156862745099,159928,0.4142156862745099,511010,0.0038322112894872973,最佳行业/主题 ETF 动量为正，持有该 ETF
mom_6m,126,weekly,2017-11-24,159928,消费ETF汇添富,sector,消费,0.3406326034063263,159928,0.3406326034063263,511010,0.0038645425855583504,最佳行业/主题 ETF 动量为正，持有该 ETF
mom_6m,126,weekly,2017-12-01,159928,消费ETF汇添富,sector,消费,0.2936893203883497,159928,0.2936893203883497,511010,-0.001759689995039171,最佳行业/主题 ETF 动量为正，持有该 ETF
mom_6m,126,weekly,2017-12-08,159928,消费ETF汇添富,sector,消费,0.2752941176470589,159928,0.2752941176470589,511010,-0.0017402531787690245,最佳行业/主题 ETF 动量为正，持有该 ETF
mom_6m,126,weekly,2017-12-15,159928,消费ETF汇添富,sector,消费,0.34180138568129315,159928,0.34180138568129315,511010,-0.006878769826494935,最佳行业/主题 ETF 动量为正，持有该 ETF
mom_6m,126,weekly,2017-12-22,159928,消费ETF汇添富,sector,消费,0.3439635535307517,159928,0.3439635535307517,511010,-0.0025666632444490967,最佳行业/主题 ETF 动量为正，持有该 ETF
mom_6m,126,weekly,2017-12-29,159928,消费ETF汇添富,sector,消费,0.29555555555555535,159928,0.29555555555555535,511010,-0.004905069193181455,最佳行业/主题 ETF 动量为正，持有该 ETF
mom_6m,126,weekly,2018-01-05,159928,消费ETF汇添富,sector,消费,0.3504464285714286,159928,0.3504464285714286,511010,-0.001960290122938191,最佳行业/主题 ETF 动量为正，持有该 ETF
mom_6m,126,weekly,2018-01-12,159928,消费ETF汇添富,sector,消费,0.4510250569476082,159928,0.4510250569476082,511010,-0.0022288538655227397,最佳行业/主题 ETF 动量为正，持有该 ETF
mom_6m,126,weekly,2018-01-19,159928,消费ETF汇添富,sector,消费,0.4285714285714286,159928,0.4285714285714286,511010,-0.0007012229327948427,最佳行业/主题 ETF 动量为正，持有该 ETF
mom_6m,126,weekly,2018-01-26,159928,消费ETF汇添富,sector,消费,0.4396355353075172,159928,0.4396355353075172,511010,0.0027391369381497555,最佳行业/主题 ETF 动量为正，持有该 ETF
mom_6m,126,weekly,2018-02-02,159928,消费ETF汇添富,sector,消费,0.35189309576837413,159928,0.35189309576837413,511010,0.0014099894484231879,最佳行业/主题 ETF 动量为正，持有该 ETF
mom_6m,126,weekly,2018-02-09,159928,消费ETF汇添富,sector,消费,0.16129032258064524,159928,0.16129032258064524,511010,0.005836321529956612,最佳行业/主题 ETF 动量为正，持有该 ETF
mom_6m,126,weekly,2018-02-14,159928,消费ETF汇添富,sector,消费,0.23390557939914136,159928,0.23390557939914136,511010,0.005650981928047916,最佳行业/主题 ETF 动量为正，持有该 ETF
mom_6m,126,weekly,2018-02-23,159928,消费ETF汇添富,sector,消费,0.2426778242677825,159928,0.2426778242677825,511010,0.004544394158540577,最佳行业/主题 ETF 动量为正，持有该 ETF
mom_6m,126,weekly,2018-03-02,159928,消费ETF汇添富,sector,消费,0.23076923076923062,159928,0.23076923076923062,511010,0.009093958480861586,最佳行业/主题 ETF 动量为正，持有该 ETF
mom_6m,126,weekly,2018-03-09,159928,消费ETF汇添富,sector,消费,0.2409381663113006,159928,0.2409381663113006,511010,0.008623904531046112,最佳行业/主题 ETF 动量为正，持有该 ETF
mom_6m,126,weekly,2018-03-16,159928,消费ETF汇添富,sector,消费,0.21868365180467086,159928,0.21868365180467086,511010,0.007650161203153205,最佳行业/主题 ETF 动量为正，持有该 ETF
mom_6m,126,weekly,2018-03-23,512010,医药ETF易方达,sector,医药,0.20270270270270263,512010,0.20270270270270263,511010,0.009369644586841419,最佳行业/主题 ETF 动量为正，持有该 ETF
mom_6m,126,weekly,2018-03-30,512010,医药ETF易方达,sector,医药,0.23989218328840978,512010,0.23989218328840978,511010,0.012302038836762508,最佳行业/主题 ETF 动量为正，持有该 ETF
mom_6m,126,weekly,2018-04-04,512010,医药ETF易方达,sector,医药,0.2357723577235773,512010,0.2357723577235773,511010,0.012958198157885015,最佳行业/主题 ETF 动量为正，持有该 ETF
mom_6m,126,weekly,2018-04-13,512010,医药ETF易方达,sector,医药,0.171875,512010,0.171875,511010,0.0179707764942989,最佳行业/主题 ETF 动量为正，持有该 ETF
mom_6m,126,weekly,2018-04-20,512010,医药ETF易方达,sector,医药,0.13486005089058528,512010,0.13486005089058528,511010,0.02177261990346091,最佳行业/主题 ETF 动量为正，持有该 ETF
mom_6m,126,weekly,2018-04-27,512010,医药ETF易方达,sector,医药,0.12469437652811743,512010,0.12469437652811743,511010,0.02522807148732542,最佳行业/主题 ETF 动量为正，持有该 ETF
mom_6m,126,weekly,2018-05-04,512010,医药ETF易方达,sector,医药,0.11163895486935882,512010,0.11163895486935882,511010,0.026134246908726677,最佳行业/主题 ETF 动量为正，持有该 ETF
mom_6m,126,weekly,2018-05-11,512010,医药ETF易方达,sector,医药,0.1771844660194175,512010,0.1771844660194175,511010,0.026929358538737347,最佳行业/主题 ETF 动量为正，持有该 ETF
mom_6m,126,weekly,2018-05-18,512010,医药ETF易方达,sector,医药,0.21002386634844883,512010,0.21002386634844883,511010,0.025263414451235366,最佳行业/主题 ETF 动量为正，持有该 ETF
mom_6m,126,weekly,2018-05-25,512010,医药ETF易方达,sector,医药,0.2541567695961997,512010,0.2541567695961997,511260,0.032385216952573126,最佳行业/主题 ETF 动量为正，持有该 ETF
mom_6m,126,weekly,2018-06-01,512010,医药ETF易方达,sector,医药,0.25369458128078803,512010,0.25369458128078803,511010,0.03160383579193282,最佳行业/主题 ETF 动量为正，持有该 ETF
mom_6m,126,weekly,2018-06-08,512010,医药ETF易方达,sector,医药,0.2972292191435768,512010,0.2972292191435768,511260,0.034615303607910874,最佳行业/主题 ETF 动量为正，持有该 ETF
mom_6m,126,weekly,2018-06-15,512010,医药ETF易方达,sector,医药,0.23857868020304562,512010,0.23857868020304562,511260,0.03425550253316234,最佳行业/主题 ETF 动量为正，持有该 ETF
mom_6m,126,weekly,2018-06-22,512010,医药ETF易方达,sector,医药,0.20975609756097557,512010,0.20975609756097557,511260,0.040374401850975516,最佳行业/主题 ETF 动量为正，持有该 ETF
mom_6m,126,weekly,2018-06-29,512010,医药ETF易方达,sector,医药,0.18581907090464544,512010,0.18581907090464544,511260,0.04250362067879854,最佳行业/主题 ETF 动量为正，持有该 ETF
mom_6m,126,weekly,2018-07-06,512010,医药ETF易方达,sector,医药,0.1289537712895379,512010,0.1289537712895379,511260,0.04605822633308487,最佳行业/主题 ETF 动量为正，持有该 ETF
mom_6m,126,weekly,2018-07-13,512010,医药ETF易方达,sector,医药,0.20722891566265056,512010,0.20722891566265056,511260,0.04449248140025408,最佳行业/主题 ETF 动量为正，持有该 ETF
mom_6m,126,weekly,2018-07-20,512010,医药ETF易方达,sector,医药,0.1502347417840375,512010,0.1502347417840375,511260,0.056472522607980746,最佳行业/主题 ETF 动量为正，持有该 ETF
mom_6m,126,weekly,2018-07-27,512010,医药ETF易方达,sector,医药,0.10823529411764699,512010,0.10823529411764699,511260,0.052162635230603716,最佳行业/主题 ETF 动量为正，持有该 ETF
mom_6m,126,weekly,2018-08-03,512010,医药ETF易方达,sector,医药,0.018648018648018683,512010,0.018648018648018683,511260,0.05775549751453379,最佳行业/主题 ETF 动量为正，持有该 ETF
mom_6m,126,weekly,2018-08-10,512010,医药ETF易方达,sector,医药,0.07748184019370474,512010,0.07748184019370474,511260,0.05193371327627161,最佳行业/主题 ETF 动量为正，持有该 ETF
mom_6m,126,weekly,2018-08-17,512010,医药ETF易方达,sector,医药,0.03749999999999987,512010,0.03749999999999987,511010,0.024170338012164283,最佳行业/主题 ETF 动量为正，持有该 ETF
mom_6m,126,weekly,2018-08-24,512010,医药ETF易方达,sector,医药,0.049261083743842304,512010,0.049261083743842304,511260,0.035566558034595186,最佳行业/主题 ETF 动量为正，持有该 ETF
mom_6m,126,weekly,2018-08-31,512010,医药ETF易方达,sector,医药,0.03170731707317076,512010,0.03170731707317076,511260,0.03299560749212649,最佳行业/主题 ETF 动量为正，持有该 ETF
mom_6m,126,weekly,2018-09-07,511260,十年国债ETF国泰,defensive,十年国债,0.0320659404623318,512010,-0.02314814814814814,511260,0.0320659404623318,最佳行业/主题 ETF 动量为负或不可用，切换到正动量防守资产
mom_6m,126,weekly,2018-09-14,511260,十年国债ETF国泰,defensive,十年国债,0.030794030471634315,512010,-0.10022779043280183,511260,0.030794030471634315,最佳行业/主题 ETF 动量为负或不可用，切换到正动量防守资产
mom_6m,126,weekly,2018-09-21,511260,十年国债ETF国泰,defensive,十年国债,0.025164204463046236,512800,-0.05780346820809257,511260,0.025164204463046236,最佳行业/主题 ETF 动量为负或不可用，切换到正动量防守资产
mom_6m,126,weekly,2018-09-28,159928,消费ETF汇添富,sector,消费,0.016917293233082775,159928,0.016917293233082775,511260,0.027943060204123737,最佳行业/主题 ETF 动量为正，持有该 ETF
mom_6m,126,weekly,2018-10-12,511260,十年国债ETF国泰,defensive,十年国债,0.030253053651497108,512800,-0.03688524590163933,511260,0.030253053651497108,最佳行业/主题 ETF 动量为负或不可用，切换到正动量防守资产
mom_6m,126,weekly,2018-10-19,511260,十年国债ETF国泰,defensive,十年国债,0.028513949048508458,512800,-0.04417670682730923,511260,0.028513949048508458,最佳行业/主题 ETF 动量为负或不可用，切换到正动量防守资产
mom_6m,126,weekly,2018-10-26,512800,银行ETF华宝,sector,银行,0.016563146997929712,512800,0.016563146997929712,511010,0.01992891016913534,最佳行业/主题 ETF 动量为正，持有该 ETF
mom_6m,126,weekly,2018-11-02,512800,银行ETF华宝,sector,银行,0.01840490797546024,512800,0.01840490797546024,511260,0.01843299303192336,最佳行业/主题 ETF 动量为正，持有该 ETF
mom_6m,126,weekly,2018-11-09,511260,十年国债ETF国泰,defensive,十年国债,0.028722222788266416,512800,-0.03455284552845528,511260,0.028722222788266416,最佳行业/主题 ETF 动量为负或不可用，切换到正动量防守资产
mom_6m,126,weekly,2018-11-16,511260,十年国债ETF国泰,defensive,十年国债,0.04415760173062511,512800,-0.04225352112676062,511260,0.04415760173062511,最佳行业/主题 ETF 动量为负或不可用，切换到正动量防守资产
mom_6m,126,weekly,2018-11-23,511260,十年国债ETF国泰,defensive,十年国债,0.038598066016565236,512800,-0.0486815415821501,511260,0.038598066016565236,最佳行业/主题 ETF 动量为负或不可用，切换到正动量防守资产
mom_6m,126,weekly,2018-11-30,511260,十年国债ETF国泰,defensive,十年国债,0.029897742229421986,512800,-0.01666666666666672,511260,0.029897742229421986,最佳行业/主题 ETF 动量为负或不可用，切换到正动量防守资产
mom_6m,126,weekly,2018-12-07,511260,十年国债ETF国泰,defensive,十年国债,0.040137987012986986,512800,-0.014583333333333393,511260,0.040137987012986986,最佳行业/主题 ETF 动量为负或不可用，切换到正动量防守资产
mom_6m,126,weekly,2018-12-14,511260,十年国债ETF国泰,defensive,十年国债,0.036941510966693736,512800,-0.00213219616204674,511260,0.036941510966693736,最佳行业/主题 ETF 动量为负或不可用，切换到正动量防守资产
mom_6m,126,weekly,2018-12-21,511260,十年国债ETF国泰,defensive,十年国债,0.041874923808362885,512880,-0.02409638554216864,511260,0.041874923808362885,最佳行业/主题 ETF 动量为负或不可用，切换到正动量防守资产
mom_6m,126,weekly,2018-12-28,512800,银行ETF华宝,sector,银行,0.018223234624145768,512800,0.018223234624145768,511260,0.04590984129556297,最佳行业/主题 ETF 动量为正，持有该 ETF
mom_6m,126,weekly,2019-01-04,512880,证券ETF国泰,sector,证券,0.06957708049113243,512880,0.06957708049113243,511260,0.037405055660491016,最佳行业/主题 ETF 动量为正，持有该 ETF
mom_6m,126,weekly,2019-01-11,512880,证券ETF国泰,sector,证券,0.04704301075268824,512880,0.04704301075268824,511260,0.039060300092521594,最佳行业/主题 ETF 动量为正，持有该 ETF
mom_6m,126,weekly,2019-01-18,512880,证券ETF国泰,sector,证券,0.07327001356852114,512880,0.07327001356852114,511260,0.03704593696183256,最佳行业/主题 ETF 动量为正，持有该 ETF
mom_6m,126,weekly,2019-01-25,512880,证券ETF国泰,sector,证券,0.036988110964332854,512880,0.036988110964332854,511260,0.033151216778738224,最佳行业/主题 ETF 动量为正，持有该 ETF
mom_6m,126,weekly,2019-02-01,512880,证券ETF国泰,sector,证券,0.058666666666666645,512880,0.058666666666666645,511260,0.03866206785914805,最佳行业/主题 ETF 动量为正，持有该 ETF
mom_6m,126,weekly,2019-02-15,512880,证券ETF国泰,sector,证券,0.16975748930099854,512880,0.16975748930099854,511260,0.030647160922390393,最佳行业/主题 ETF 动量为正，持有该 ETF
mom_6m,126,weekly,2019-02-22,512880,证券ETF国泰,sector,证券,0.346740638002774,512880,0.346740638002774,511260,0.03913467434683393,最佳行业/主题 ETF 动量为正，持有该 ETF
mom_6m,126,weekly,2019-03-01,512880,证券ETF国泰,sector,证券,0.4537815126050422,512880,0.4537815126050422,511260,0.0425637343634655,最佳行业/主题 ETF 动量为正，持有该 ETF
mom_6m,126,weekly,2019-03-08,512880,证券ETF国泰,sector,证券,0.41496598639455784,512880,0.41496598639455784,511260,0.0403470104566086,最佳行业/主题 ETF 动量为正，持有该 ETF
mom_6m,126,weekly,2019-03-15,512880,证券ETF国泰,sector,证券,0.4351464435146444,512880,0.4351464435146444,511260,0.04023069348712904,最佳行业/主题 ETF 动量为正，持有该 ETF
mom_6m,126,weekly,2019-03-22,512880,证券ETF国泰,sector,证券,0.5421511627906976,512880,0.5421511627906976,511260,0.045845676400056545,最佳行业/主题 ETF 动量为正，持有该 ETF
mom_6m,126,weekly,2019-03-29,512880,证券ETF国泰,sector,证券,0.5429799426934099,512880,0.5429799426934099,511260,0.048157441276943214,最佳行业/主题 ETF 动量为正，持有该 ETF
mom_6m,126,weekly,2019-04-04,512880,证券ETF国泰,sector,证券,0.5546448087431692,512880,0.5546448087431692,511260,0.039472487494315756,最佳行业/主题 ETF 动量为正，持有该 ETF
mom_6m,126,weekly,2019-04-12,512880,证券ETF国泰,sector,证券,0.5341880341880343,512880,0.5341880341880343,511260,0.03026832625096687,最佳行业/主题 ETF 动量为正，持有该 ETF
mom_6m,126,weekly,2019-04-19,512880,证券ETF国泰,sector,证券,0.7115689381933441,512880,0.7115689381933441,511260,0.021062216085329544,最佳行业/主题 ETF 动量为正，持有该 ETF
mom_6m,126,weekly,2019-04-26,512880,证券ETF国泰,sector,证券,0.4822695035460993,512880,0.4822695035460993,511260,0.016935435525448295,最佳行业/主题 ETF 动量为正，持有该 ETF
mom_6m,126,weekly,2019-04-30,159928,消费ETF汇添富,sector,消费,0.4180327868852458,159928,0.4180327868852458,511260,0.018037273035974577,最佳行业/主题 ETF 动量为正，持有该 ETF
mom_6m,126,weekly,2019-05-10,159928,消费ETF汇添富,sector,消费,0.5811764705882354,159928,0.5811764705882354,511260,0.021166126240824257,最佳行业/主题 ETF 动量为正，持有该 ETF
mom_6m,126,weekly,2019-05-17,159928,消费ETF汇添富,sector,消费,0.5973154362416107,159928,0.5973154362416107,511260,0.02393788659537921,最佳行业/主题 ETF 动量为正，持有该 ETF
mom_6m,126,weekly,2019-05-24,159928,消费ETF汇添富,sector,消费,0.4754464285714286,159928,0.4754464285714286,511010,0.014453413550965077,最佳行业/主题 ETF 动量为正，持有该 ETF
mom_6m,126,weekly,2019-05-31,159928,消费ETF汇添富,sector,消费,0.4966887417218544,159928,0.4966887417218544,511010,0.014442580312996611,最佳行业/主题 ETF 动量为正，持有该 ETF
mom_6m,126,weekly,2019-06-06,159928,消费ETF汇添富,sector,消费,0.48979591836734704,159928,0.48979591836734704,511010,0.020295960443405203,最佳行业/主题 ETF 动量为正，持有该 ETF
mom_6m,126,weekly,2019-06-14,159928,消费ETF汇添富,sector,消费,0.4545454545454546,159928,0.4545454545454546,511010,0.015724584218526516,最佳行业/主题 ETF 动量为正，持有该 ETF
mom_6m,126,weekly,2019-06-21,159928,消费ETF汇添富,sector,消费,0.5346320346320346,159928,0.5346320346320346,511010,0.01072260660830282,最佳行业/主题 ETF 动量为正，持有该 ETF
mom_6m,126,weekly,2019-06-28,159928,消费ETF汇添富,sector,消费,0.559912854030501,159928,0.559912854030501,511260,0.016587817278812755,最佳行业/主题 ETF 动量为正，持有该 ETF
mom_6m,126,weekly,2019-07-05,159928,消费ETF汇添富,sector,消费,0.6422222222222222,159928,0.6422222222222222,511260,0.015462407996720051,最佳行业/主题 ETF 动量为正，持有该 ETF
mom_6m,126,weekly,2019-07-12,159928,消费ETF汇添富,sector,消费,0.6636568848758464,159928,0.6636568848758464,511010,0.010497694554925996,最佳行业/主题 ETF 动量为正，持有该 ETF
mom_6m,126,weekly,2019-07-19,159928,消费ETF汇添富,sector,消费,0.5934065934065933,159928,0.5934065934065933,511010,0.008952001474447302,最佳行业/主题 ETF 动量为正，持有该 ETF
mom_6m,126,weekly,2019-07-26,159928,消费ETF汇添富,sector,消费,0.5253164556962024,159928,0.5253164556962024,511010,0.008684591429448663,最佳行业/主题 ETF 动量为正，持有该 ETF
mom_6m,126,weekly,2019-08-02,159928,消费ETF汇添富,sector,消费,0.46311475409836067,159928,0.46311475409836067,511010,0.012428743335470616,最佳行业/主题 ETF 动量为正，持有该 ETF
mom_6m,126,weekly,2019-08-09,159928,消费ETF汇添富,sector,消费,0.4163265306122448,159928,0.4163265306122448,511260,0.02095915428991102,最佳行业/主题 ETF 动量为正，持有该 ETF
mom_6m,126,weekly,2019-08-16,159928,消费ETF汇添富,sector,消费,0.35018726591760285,159928,0.35018726591760285,511260,0.01714087506142392,最佳行业/主题 ETF 动量为正，持有该 ETF
mom_6m,126,weekly,2019-08-23,159928,消费ETF汇添富,sector,消费,0.3641404805914972,159928,0.3641404805914972,511260,0.015308537044727899,最佳行业/主题 ETF 动量为正，持有该 ETF
mom_6m,126,weekly,2019-08-30,159928,消费ETF汇添富,sector,消费,0.3605683836589699,159928,0.3605683836589699,511260,0.020834545207763844,最佳行业/主题 ETF 动量为正，持有该 ETF
mom_6m,126,weekly,2019-09-06,159928,消费ETF汇添富,sector,消费,0.3380035026269703,159928,0.3380035026269703,511260,0.021430230757317537,最佳行业/主题 ETF 动量为正，持有该 ETF
mom_6m,126,weekly,2019-09-12,159928,消费ETF汇添富,sector,消费,0.3012259194395799,159928,0.3012259194395799,511260,0.01570877894675826,最佳行业/主题 ETF 动量为正，持有该 ETF
mom_6m,126,weekly,2019-09-20,159928,消费ETF汇添富,sector,消费,0.19936204146730452,159928,0.19936204146730452,511010,0.01647936122689453,最佳行业/主题 ETF 动量为正，持有该 ETF
mom_6m,126,weekly,2019-09-27,159928,消费ETF汇添富,sector,消费,0.1934959349593497,159928,0.1934959349593497,511010,0.012209445009290665,最佳行业/主题 ETF 动量为正，持有该 ETF
mom_6m,126,weekly,2019-09-30,159928,消费ETF汇添富,sector,消费,0.1736334405144695,159928,0.1736334405144695,511010,0.013336252189141806,最佳行业/主题 ETF 动量为正，持有该 ETF
mom_6m,126,weekly,2019-10-11,159928,消费ETF汇添富,sector,消费,0.10863095238095233,159928,0.10863095238095233,511010,0.016241870275971237,最佳行业/主题 ETF 动量为正，持有该 ETF
mom_6m,126,weekly,2019-10-18,159928,消费ETF汇添富,sector,消费,0.10164424514200299,159928,0.10164424514200299,511010,0.01831701923331064,最佳行业/主题 ETF 动量为正，持有该 ETF
mom_6m,126,weekly,2019-10-25,159928,消费ETF汇添富,sector,消费,0.0948905109489051,159928,0.0948905109489051,511260,0.022768965145138598,最佳行业/主题 ETF 动量为正，持有该 ETF
mom_6m,126,weekly,2019-11-01,512010,医药ETF易方达,sector,医药,0.14218009478672977,512010,0.14218009478672977,511260,0.02175773373333989,最佳行业/主题 ETF 动量为正，持有该 ETF
mom_6m,126,weekly,2019-11-08,512690,酒ETF鹏华,sector,白酒/酒,0.7936507936507937,512690,0.7936507936507937,511260,0.01551865759211446,最佳行业/主题 ETF 动量为正，持有该 ETF
mom_6m,126,weekly,2019-11-15,512690,酒ETF鹏华,sector,白酒/酒,0.78030303030303,512690,0.78030303030303,511010,0.017008029126469815,最佳行业/主题 ETF 动量为正，持有该 ETF
mom_6m,126,weekly,2019-11-22,512690,酒ETF鹏华,sector,白酒/酒,0.5479452054794522,512690,0.5479452054794522,511010,0.019225193086662706,最佳行业/主题 ETF 动量为正，持有该 ETF
mom_6m,126,weekly,2019-11-29,512690,酒ETF鹏华,sector,白酒/酒,0.6240601503759398,512690,0.6240601503759398,511260,0.020033307687063573,最佳行业/主题 ETF 动量为正，持有该 ETF
mom_6m,126,weekly,2019-12-06,512690,酒ETF鹏华,sector,白酒/酒,1.0625,512690,1.0625,511010,0.017135359720096277,最佳行业/主题 ETF 动量为正，持有该 ETF
mom_6m,126,weekly,2019-12-13,512690,酒ETF鹏华,sector,白酒/酒,0.6962962962962962,512690,0.6962962962962962,511010,0.01723654462924351,最佳行业/主题 ETF 动量为正，持有该 ETF
mom_6m,126,weekly,2019-12-20,512690,酒ETF鹏华,sector,白酒/酒,0.696969696969697,512690,0.696969696969697,511010,0.015919919569873597,最佳行业/主题 ETF 动量为正，持有该 ETF
mom_6m,126,weekly,2019-12-27,512480,半导体ETF国联安,sector,半导体,0.4271457085828343,512480,0.4271457085828343,511010,0.02202639324360911,最佳行业/主题 ETF 动量为正，持有该 ETF
mom_6m,126,weekly,2020-01-03,512480,半导体ETF国联安,sector,半导体,0.44767441860465107,512480,0.44767441860465107,511260,0.01700552390317278,最佳行业/主题 ETF 动量为正，持有该 ETF
mom_6m,126,weekly,2020-01-10,512480,半导体ETF国联安,sector,半导体,0.6016427104722795,512480,0.6016427104722795,511260,0.01886647380510742,最佳行业/主题 ETF 动量为正，持有该 ETF
mom_6m,126,weekly,2020-01-17,512480,半导体ETF国联安,sector,半导体,0.6441351888667992,512480,0.6441351888667992,511010,0.01918523676880235,最佳行业/主题 ETF 动量为正，持有该 ETF
mom_6m,126,weekly,2020-01-23,512480,半导体ETF国联安,sector,半导体,0.8320000000000001,512480,0.8320000000000001,511010,0.027460292608249448,最佳行业/主题 ETF 动量为正，持有该 ETF
mom_6m,126,weekly,2020-02-07,512480,半导体ETF国联安,sector,半导体,0.7233644859813084,512480,0.7233644859813084,511260,0.03867944458314909,最佳行业/主题 ETF 动量为正，持有该 ETF
mom_6m,126,weekly,2020-02-14,512480,半导体ETF国联安,sector,半导体,0.9221789883268481,512480,0.9221789883268481,511260,0.03180787623602033,最佳行业/主题 ETF 动量为正，持有该 ETF
mom_6m,126,weekly,2020-02-21,512480,半导体ETF国联安,sector,半导体,1.2237354085603114,512480,1.2237354085603114,511260,0.02246744020838265,最佳行业/主题 ETF 动量为正，持有该 ETF
mom_6m,126,weekly,2020-02-28,512480,半导体ETF国联安,sector,半导体,0.8542805100182149,512480,0.8542805100182149,511260,0.03235475456485659,最佳行业/主题 ETF 动量为正，持有该 ETF
mom_6m,126,weekly,2020-03-06,512480,半导体ETF国联安,sector,半导体,0.8139963167587476,512480,0.8139963167587476,511260,0.04105129275978592,最佳行业/主题 ETF 动量为正，持有该 ETF
mom_6m,126,weekly,2020-03-13,512480,半导体ETF国联安,sector,半导体,0.6275510204081634,512480,0.6275510204081634,511260,0.041146160135379084,最佳行业/主题 ETF 动量为正，持有该 ETF
mom_6m,126,weekly,2020-03-20,512480,半导体ETF国联安,sector,半导体,0.3849693251533741,512480,0.3849693251533741,511260,0.03302106172347341,最佳行业/主题 ETF 动量为正，持有该 ETF
mom_6m,126,weekly,2020-03-27,512480,半导体ETF国联安,sector,半导体,0.3188405797101448,512480,0.3188405797101448,511260,0.04529056208652604,最佳行业/主题 ETF 动量为正，持有该 ETF
mom_6m,126,weekly,2020-04-03,512480,半导体ETF国联安,sector,半导体,0.2699115044247786,512480,0.2699115044247786,511260,0.048935055034068586,最佳行业/主题 ETF 动量为正，持有该 ETF
mom_6m,126,weekly,2020-04-10,512480,半导体ETF国联安,sector,半导体,0.3841059602649006,512480,0.3841059602649006,511260,0.05691142436355978,最佳行业/主题 ETF 动量为正，持有该 ETF
mom_6m,126,weekly,2020-04-17,512480,半导体ETF国联安,sector,半导体,0.43042071197411014,512480,0.43042071197411014,511260,0.059644027476569494,最佳行业/主题 ETF 动量为正，持有该 ETF
mom_6m,126,weekly,2020-04-24,512480,半导体ETF国联安,sector,半导体,0.45486111111111116,512480,0.45486111111111116,511260,0.06976031268560923,最佳行业/主题 ETF 动量为正，持有该 ETF
mom_6m,126,weekly,2020-04-30,512480,半导体ETF国联安,sector,半导体,0.5546075085324234,512480,0.5546075085324234,511010,0.071144808246566,最佳行业/主题 ETF 动量为正，持有该 ETF
mom_6m,126,weekly,2020-05-08,512480,半导体ETF国联安,sector,半导体,0.5860927152317881,512480,0.5860927152317881,511260,0.06727392025936951,最佳行业/主题 ETF 动量为正，持有该 ETF
mom_6m,126,weekly,2020-05-15,512480,半导体ETF国联安,sector,半导体,0.6721854304635762,512480,0.6721854304635762,511010,0.06340070108625095,最佳行业/主题 ETF 动量为正，持有该 ETF
mom_6m,126,weekly,2020-05-22,512480,半导体ETF国联安,sector,半导体,0.5405844155844155,512480,0.5405844155844155,511260,0.06205387980658528,最佳行业/主题 ETF 动量为正，持有该 ETF
mom_6m,126,weekly,2020-05-29,512480,半导体ETF国联安,sector,半导体,0.43917851500789884,512480,0.43917851500789884,511260,0.04894884573523517,最佳行业/主题 ETF 动量为正，持有该 ETF
mom_6m,126,weekly,2020-06-05,512480,半导体ETF国联安,sector,半导体,0.565008025682183,512480,0.565008025682183,511260,0.03661716250417846,最佳行业/主题 ETF 动量为正，持有该 ETF
mom_6m,126,weekly,2020-06-12,512690,酒ETF鹏华,sector,白酒/酒,0.5825688073394495,512690,0.5825688073394495,511260,0.04282624643908561,最佳行业/主题 ETF 动量为正，持有该 ETF
mom_6m,126,weekly,2020-06-19,512690,酒ETF鹏华,sector,白酒/酒,0.5900900900900901,512690,0.5900900900900901,511260,0.03615422752755437,最佳行业/主题 ETF 动量为正，持有该 ETF
mom_6m,126,weekly,2020-06-24,512690,酒ETF鹏华,sector,白酒/酒,0.6696035242290748,512690,0.6696035242290748,511260,0.03648729860442046,最佳行业/主题 ETF 动量为正，持有该 ETF
mom_6m,126,weekly,2020-07-03,512690,酒ETF鹏华,sector,白酒/酒,1.0316742081447963,512690,1.0316742081447963,511260,0.032964109969030764,最佳行业/主题 ETF 动量为正，持有该 ETF
mom_6m,126,weekly,2020-07-10,512690,酒ETF鹏华,sector,白酒/酒,1.0728744939271255,512690,1.0728744939271255,511010,0.013816571335744321,最佳行业/主题 ETF 动量为正，持有该 ETF
mom_6m,126,weekly,2020-07-17,512690,酒ETF鹏华,sector,白酒/酒,1.0714285714285716,512690,1.0714285714285716,511010,0.02112977884450551,最佳行业/主题 ETF 动量为正，持有该 ETF
mom_6m,126,weekly,2020-07-24,512690,酒ETF鹏华,sector,白酒/酒,0.8467432950191569,512690,0.8467432950191569,511260,0.02504793297883401,最佳行业/主题 ETF 动量为正，持有该 ETF
mom_6m,126,weekly,2020-07-31,512690,酒ETF鹏华,sector,白酒/酒,1.1260162601626016,512690,1.1260162601626016,511010,0.011690341874532661,最佳行业/主题 ETF 动量为正，持有该 ETF
mom_6m,126,weekly,2020-08-07,512690,酒ETF鹏华,sector,白酒/酒,1.6629834254143647,512690,1.6629834254143647,511010,0.000765677456267877,最佳行业/主题 ETF 动量为正，持有该 ETF
mom_6m,126,weekly,2020-08-14,512690,酒ETF鹏华,sector,白酒/酒,1.4782608695652177,512690,1.4782608695652177,511010,-0.0018595493327500101,最佳行业/主题 ETF 动量为正，持有该 ETF
mom_6m,126,weekly,2020-08-21,512690,酒ETF鹏华,sector,白酒/酒,1.55868544600939,512690,1.55868544600939,511010,-0.0002025436101710243,最佳行业/主题 ETF 动量为正，持有该 ETF
mom_6m,126,weekly,2020-08-28,512690,酒ETF鹏华,sector,白酒/酒,2.066666666666667,512690,2.066666666666667,511010,-0.007687185495494631,最佳行业/主题 ETF 动量为正，持有该 ETF
mom_6m,126,weekly,2020-09-04,512690,酒ETF鹏华,sector,白酒/酒,1.883177570093458,512690,1.883177570093458,511010,-0.012190418699800531,最佳行业/主题 ETF 动量为正，持有该 ETF
mom_6m,126,weekly,2020-09-11,512690,酒ETF鹏华,sector,白酒/酒,1.727272727272727,512690,1.727272727272727,511010,-0.01581795592318669,最佳行业/主题 ETF 动量为正，持有该 ETF
mom_6m,126,weekly,2020-09-18,512690,酒ETF鹏华,sector,白酒/酒,2.7261146496815285,512690,2.7261146496815285,511010,-0.009041682407757157,最佳行业/主题 ETF 动量为正，持有该 ETF
mom_6m,126,weekly,2020-09-25,512690,酒ETF鹏华,sector,白酒/酒,2.1428571428571432,512690,2.1428571428571432,511010,-0.011499728385775843,最佳行业/主题 ETF 动量为正，持有该 ETF
mom_6m,126,weekly,2020-09-30,512690,酒ETF鹏华,sector,白酒/酒,2.1160220994475134,512690,2.1160220994475134,511010,-0.018772551171413854,最佳行业/主题 ETF 动量为正，持有该 ETF
mom_6m,126,weekly,2020-10-09,512690,酒ETF鹏华,sector,白酒/酒,2.0638297872340425,512690,2.0638297872340425,511010,-0.022154550810259188,最佳行业/主题 ETF 动量为正，持有该 ETF
mom_6m,126,weekly,2020-10-16,512690,酒ETF鹏华,sector,白酒/酒,2.07,512690,2.07,511010,-0.03207651036488668,最佳行业/主题 ETF 动量为正，持有该 ETF
mom_6m,126,weekly,2020-10-23,512690,酒ETF鹏华,sector,白酒/酒,1.971830985915493,512690,1.971830985915493,511260,-0.03266249954836142,最佳行业/主题 ETF 动量为正，持有该 ETF
mom_6m,126,weekly,2020-10-30,512690,酒ETF鹏华,sector,白酒/酒,1.9333333333333336,512690,1.9333333333333336,511260,-0.03256653134866938,最佳行业/主题 ETF 动量为正，持有该 ETF
mom_6m,126,weekly,2020-11-06,512690,酒ETF鹏华,sector,白酒/酒,1.949367088607595,512690,1.949367088607595,511260,-0.04013049112928457,最佳行业/主题 ETF 动量为正，持有该 ETF
mom_6m,126,weekly,2020-11-13,512690,酒ETF鹏华,sector,白酒/酒,1.7604562737642584,512690,1.7604562737642584,511260,-0.029348161878282375,最佳行业/主题 ETF 动量为正，持有该 ETF
mom_6m,126,weekly,2020-11-20,512690,酒ETF鹏华,sector,白酒/酒,1.602693602693603,512690,1.602693602693603,511260,-0.029050859500970083,最佳行业/主题 ETF 动量为正，持有该 ETF
mom_6m,126,weekly,2020-11-27,512690,酒ETF鹏华,sector,白酒/酒,1.5733788395904438,512690,1.5733788395904438,511260,-0.03328832053942854,最佳行业/主题 ETF 动量为正，持有该 ETF
mom_6m,126,weekly,2020-12-04,512690,酒ETF鹏华,sector,白酒/酒,1.3704819277108435,512690,1.3704819277108435,511260,-0.022832467568036363,最佳行业/主题 ETF 动量为正，持有该 ETF
mom_6m,126,weekly,2020-12-11,512690,酒ETF鹏华,sector,白酒/酒,1.4069767441860468,512690,1.4069767441860468,511260,-0.018325881175573988,最佳行业/主题 ETF 动量为正，持有该 ETF
mom_6m,126,weekly,2020-12-18,512690,酒ETF鹏华,sector,白酒/酒,1.7401812688821754,512690,1.7401812688821754,511010,-0.020610427232657935,最佳行业/主题 ETF 动量为正，持有该 ETF
mom_6m,126,weekly,2020-12-25,512690,酒ETF鹏华,sector,白酒/酒,1.5070028011204482,512690,1.5070028011204482,511010,-0.005793771904817779,最佳行业/主题 ETF 动量为正，持有该 ETF
mom_6m,126,weekly,2020-12-31,512690,酒ETF鹏华,sector,白酒/酒,1.481296758104738,512690,1.481296758104738,511010,-0.00573248407643312,最佳行业/主题 ETF 动量为正，持有该 ETF
mom_6m,126,weekly,2021-01-08,512690,酒ETF鹏华,sector,白酒/酒,1.234086242299795,512690,1.234086242299795,511010,0.003470638901555523,最佳行业/主题 ETF 动量为正，持有该 ETF
mom_6m,126,weekly,2021-01-15,512690,酒ETF鹏华,sector,白酒/酒,0.7410714285714284,512690,0.7410714285714284,511260,0.008803999104677995,最佳行业/主题 ETF 动量为正，持有该 ETF
mom_6m,126,weekly,2021-01-22,512690,酒ETF鹏华,sector,白酒/酒,0.9365079365079365,512690,0.9365079365079365,511260,0.0067423671753668035,最佳行业/主题 ETF 动量为正，持有该 ETF
mom_6m,126,weekly,2021-01-29,512690,酒ETF鹏华,sector,白酒/酒,0.9430255402750491,512690,0.9430255402750491,511010,-0.007008329709296546,最佳行业/主题 ETF 动量为正，持有该 ETF
mom_6m,126,weekly,2021-02-05,512690,酒ETF鹏华,sector,白酒/酒,1.0323809523809522,512690,1.0323809523809522,511260,-0.0010594894004591904,最佳行业/主题 ETF 动量为正，持有该 ETF
mom_6m,126,weekly,2021-02-10,512690,酒ETF鹏华,sector,白酒/酒,1.4336099585062243,512690,1.4336099585062243,511260,-0.00037158835442108185,最佳行业/主题 ETF 动量为正，持有该 ETF
mom_6m,126,weekly,2021-02-19,512690,酒ETF鹏华,sector,白酒/酒,1.237903225806452,512690,1.237903225806452,511260,-0.00022299858767560465,最佳行业/主题 ETF 动量为正，持有该 ETF
mom_6m,126,weekly,2021-02-26,512690,酒ETF鹏华,sector,白酒/酒,0.5908256880733944,512690,0.5908256880733944,511010,8.415312502618733e-06,最佳行业/主题 ETF 动量为正，持有该 ETF
mom_6m,126,weekly,2021-03-05,515030,新能源车ETF华夏,sector,新能源车,0.4090073529411764,515030,0.4090073529411764,511010,0.009510030374563216,最佳行业/主题 ETF 动量为正，持有该 ETF
mom_6m,126,weekly,2021-03-12,515030,新能源车ETF华夏,sector,新能源车,0.35849056603773577,515030,0.35849056603773577,511010,0.008470345329463447,最佳行业/主题 ETF 动量为正，持有该 ETF
mom_6m,126,weekly,2021-03-19,515030,新能源车ETF华夏,sector,新能源车,0.3861480075901329,515030,0.3861480075901329,511010,0.009902167266798045,最佳行业/主题 ETF 动量为正，持有该 ETF
mom_6m,126,weekly,2021-03-26,515030,新能源车ETF华夏,sector,新能源车,0.3679332715477295,515030,0.3679332715477295,511010,0.00927511657481972,最佳行业/主题 ETF 动量为正，持有该 ETF
mom_6m,126,weekly,2021-04-02,512690,酒ETF鹏华,sector,白酒/酒,0.6434937611408198,512690,0.6434937611408198,511010,0.0072970533401945925,最佳行业/主题 ETF 动量为正，持有该 ETF
mom_6m,126,weekly,2021-04-09,512690,酒ETF鹏华,sector,白酒/酒,0.5161290322580643,512690,0.5161290322580643,511010,0.008216419299700517,最佳行业/主题 ETF 动量为正，持有该 ETF
mom_6m,126,weekly,2021-04-16,512690,酒ETF鹏华,sector,白酒/酒,0.430622009569378,512690,0.430622009569378,511260,0.016703609139287146,最佳行业/主题 ETF 动量为正，持有该 ETF
mom_6m,126,weekly,2021-04-23,512690,酒ETF鹏华,sector,白酒/酒,0.5220125786163521,512690,0.5220125786163521,511260,0.018384208460287432,最佳行业/主题 ETF 动量为正，持有该 ETF
mom_6m,126,weekly,2021-04-30,512690,酒ETF鹏华,sector,白酒/酒,0.5537974683544304,512690,0.5537974683544304,511260,0.014774465544901805,最佳行业/主题 ETF 动量为正，持有该 ETF
mom_6m,126,weekly,2021-05-07,515220,煤炭ETF国泰,sector,煤炭,0.6476683937823835,515220,0.6476683937823835,511010,0.014956324485373651,最佳行业/主题 ETF 动量为正，持有该 ETF
mom_6m,126,weekly,2021-05-14,515220,煤炭ETF国泰,sector,煤炭,0.4950980392156863,515220,0.4950980392156863,511260,0.01425432471184096,最佳行业/主题 ETF 动量为正，持有该 ETF
mom_6m,126,weekly,2021-05-21,515220,煤炭ETF国泰,sector,煤炭,0.35680751173708924,515220,0.35680751173708924,511260,0.02316292438919687,最佳行业/主题 ETF 动量为正，持有该 ETF
mom_6m,126,weekly,2021-05-28,512690,酒ETF鹏华,sector,白酒/酒,0.5154362416107383,512690,0.5154362416107383,511260,0.027859045047072373,最佳行业/主题 ETF 动量为正，持有该 ETF
mom_6m,126,weekly,2021-06-04,512690,酒ETF鹏华,sector,白酒/酒,0.5536423841059603,512690,0.5536423841059603,511260,0.028003748828490993,最佳行业/主题 ETF 动量为正，持有该 ETF
mom_6m,126,weekly,2021-06-11,512690,酒ETF鹏华,sector,白酒/酒,0.4558823529411764,512690,0.4558823529411764,511260,0.025753768844221092,最佳行业/主题 ETF 动量为正，持有该 ETF
mom_6m,126,weekly,2021-06-18,515030,新能源车ETF华夏,sector,新能源车,0.37118523775727463,515030,0.37118523775727463,511260,0.020976279160948907,最佳行业/主题 ETF 动量为正，持有该 ETF
mom_6m,126,weekly,2021-06-25,515220,煤炭ETF国泰,sector,煤炭,0.6518691588785046,515220,0.6518691588785046,511260,0.026010992406438005,最佳行业/主题 ETF 动量为正，持有该 ETF
mom_6m,126,weekly,2021-07-02,515220,煤炭ETF国泰,sector,煤炭,0.3283898305084747,515220,0.3283898305084747,511260,0.028363622765686936,最佳行业/主题 ETF 动量为正，持有该 ETF
mom_6m,126,weekly,2021-07-09,515030,新能源车ETF华夏,sector,新能源车,0.4349693251533744,515030,0.4349693251533744,511260,0.03126134935046787,最佳行业/主题 ETF 动量为正，持有该 ETF
mom_6m,126,weekly,2021-07-16,515220,煤炭ETF国泰,sector,煤炭,0.39877300613496947,515220,0.39877300613496947,511260,0.03266953013145901,最佳行业/主题 ETF 动量为正，持有该 ETF
mom_6m,126,weekly,2021-07-23,515220,煤炭ETF国泰,sector,煤炭,0.5852017937219729,515220,0.5852017937219729,511260,0.030868941252719884,最佳行业/主题 ETF 动量为正，持有该 ETF
mom_6m,126,weekly,2021-07-30,515220,煤炭ETF国泰,sector,煤炭,0.43442622950819665,515220,0.43442622950819665,511260,0.03399118746991525,最佳行业/主题 ETF 动量为正，持有该 ETF
mom_6m,126,weekly,2021-08-06,515220,煤炭ETF国泰,sector,煤炭,0.5986842105263157,515220,0.5986842105263157,511260,0.041967072989445464,最佳行业/主题 ETF 动量为正，持有该 ETF
mom_6m,126,weekly,2021-08-13,515220,煤炭ETF国泰,sector,煤炭,0.8163265306122449,515220,0.8163265306122449,511260,0.03545487434948358,最佳行业/主题 ETF 动量为正，持有该 ETF
mom_6m,126,weekly,2021-08-20,515220,煤炭ETF国泰,sector,煤炭,0.526530612244898,515220,0.526530612244898,511260,0.041224455626970746,最佳行业/主题 ETF 动量为正，持有该 ETF
mom_6m,126,weekly,2021-08-27,515220,煤炭ETF国泰,sector,煤炭,0.7606490872210954,515220,0.7606490872210954,511260,0.0377036087739826,最佳行业/主题 ETF 动量为正，持有该 ETF
mom_6m,126,weekly,2021-09-03,515220,煤炭ETF国泰,sector,煤炭,0.8073217726396915,515220,0.8073217726396915,511260,0.042136763257188514,最佳行业/主题 ETF 动量为正，持有该 ETF
mom_6m,126,weekly,2021-09-10,515220,煤炭ETF国泰,sector,煤炭,1.108527131782946,515220,1.108527131782946,511260,0.03719395181102647,最佳行业/主题 ETF 动量为正，持有该 ETF
mom_6m,126,weekly,2021-09-17,515220,煤炭ETF国泰,sector,煤炭,1.0154440154440154,515220,1.0154440154440154,511260,0.04009640258314273,最佳行业/主题 ETF 动量为正，持有该 ETF
mom_6m,126,weekly,2021-09-24,515220,煤炭ETF国泰,sector,煤炭,1.0491803278688523,515220,1.0491803278688523,511260,0.038427258378980644,最佳行业/主题 ETF 动量为正，持有该 ETF
mom_6m,126,weekly,2021-09-30,515220,煤炭ETF国泰,sector,煤炭,0.90978886756238,515220,0.90978886756238,511260,0.039785484978381414,最佳行业/主题 ETF 动量为正，持有该 ETF
mom_6m,126,weekly,2021-10-08,515220,煤炭ETF国泰,sector,煤炭,0.8454011741682974,515220,0.8454011741682974,511260,0.03683307838501837,最佳行业/主题 ETF 动量为正，持有该 ETF
mom_6m,126,weekly,2021-10-15,515220,煤炭ETF国泰,sector,煤炭,0.8084291187739463,515220,0.8084291187739463,511260,0.03324256233559342,最佳行业/主题 ETF 动量为正，持有该 ETF
mom_6m,126,weekly,2021-10-22,515220,煤炭ETF国泰,sector,煤炭,0.7351247600767754,515220,0.7351247600767754,511260,0.026293476858422427,最佳行业/主题 ETF 动量为正，持有该 ETF
mom_6m,126,weekly,2021-10-29,515790,光伏ETF华泰柏瑞,sector,光伏,0.7728557964184732,515790,0.7728557964184732,511260,0.026834404686364888,最佳行业/主题 ETF 动量为正，持有该 ETF
mom_6m,126,weekly,2021-11-05,515790,光伏ETF华泰柏瑞,sector,光伏,0.6383763837638377,515790,0.6383763837638377,511260,0.03508852821836972,最佳行业/主题 ETF 动量为正，持有该 ETF
mom_6m,126,weekly,2021-11-12,515790,光伏ETF华泰柏瑞,sector,光伏,0.6872693726937267,515790,0.6872693726937267,511260,0.029893153355278868,最佳行业/主题 ETF 动量为正，持有该 ETF
mom_6m,126,weekly,2021-11-19,515790,光伏ETF华泰柏瑞,sector,光伏,0.6217194570135747,515790,0.6217194570135747,511260,0.03096191280713989,最佳行业/主题 ETF 动量为正，持有该 ETF
mom_6m,126,weekly,2021-11-26,515790,光伏ETF华泰柏瑞,sector,光伏,0.5747747747747747,515790,0.5747747747747747,511260,0.027420354304877215,最佳行业/主题 ETF 动量为正，持有该 ETF
mom_6m,126,weekly,2021-12-03,515790,光伏ETF华泰柏瑞,sector,光伏,0.47485080988917305,515790,0.47485080988917305,511260,0.02740851654371479,最佳行业/主题 ETF 动量为正，持有该 ETF
mom_6m,126,weekly,2021-12-10,515790,光伏ETF华泰柏瑞,sector,光伏,0.5926258992805753,515790,0.5926258992805753,511260,0.028417496119075736,最佳行业/主题 ETF 动量为正，持有该 ETF
mom_6m,126,weekly,2021-12-17,515790,光伏ETF华泰柏瑞,sector,光伏,0.47243426632739594,515790,0.47243426632739594,511260,0.032163555295130264,最佳行业/主题 ETF 动量为正，持有该 ETF
mom_6m,126,weekly,2021-12-24,515220,煤炭ETF国泰,sector,煤炭,0.3364341085271316,515220,0.3364341085271316,511260,0.03280486133321148,最佳行业/主题 ETF 动量为正，持有该 ETF
mom_6m,126,weekly,2021-12-31,512660,军工ETF国泰,sector,军工,0.2837004405286345,512660,0.2837004405286345,511260,0.033259484149777085,最佳行业/主题 ETF 动量为正，持有该 ETF
mom_6m,126,weekly,2022-01-07,515220,煤炭ETF国泰,sector,煤炭,0.26934984520123817,515220,0.26934984520123817,511260,0.030382646799458124,最佳行业/主题 ETF 动量为正，持有该 ETF
mom_6m,126,weekly,2022-01-14,515220,煤炭ETF国泰,sector,煤炭,0.29280000000000017,515220,0.29280000000000017,511260,0.0261247923737995,最佳行业/主题 ETF 动量为正，持有该 ETF
mom_6m,126,weekly,2022-01-21,515220,煤炭ETF国泰,sector,煤炭,0.2587719298245612,515220,0.2587719298245612,511260,0.030721149949113125,最佳行业/主题 ETF 动量为正，持有该 ETF
mom_6m,126,weekly,2022-01-28,515220,煤炭ETF国泰,sector,煤炭,0.1045845272206305,515220,0.1045845272206305,511260,0.024018583459644693,最佳行业/主题 ETF 动量为正，持有该 ETF
mom_6m,126,weekly,2022-02-11,515220,煤炭ETF国泰,sector,煤炭,0.33383010432190763,515220,0.33383010432190763,511260,0.01705555109075174,最佳行业/主题 ETF 动量为正，持有该 ETF
mom_6m,126,weekly,2022-02-18,515220,煤炭ETF国泰,sector,煤炭,0.26648351648351665,515220,0.26648351648351665,511010,0.01913891278521973,最佳行业/主题 ETF 动量为正，持有该 ETF
mom_6m,126,weekly,2022-02-25,515220,煤炭ETF国泰,sector,煤炭,0.12344139650872821,515220,0.12344139650872821,511260,0.01978228732697218,最佳行业/主题 ETF 动量为正，持有该 ETF
mom_6m,126,weekly,2022-03-04,515220,煤炭ETF国泰,sector,煤炭,0.27423469387755106,515220,0.27423469387755106,511260,0.013092982518857488,最佳行业/主题 ETF 动量为正，持有该 ETF
mom_6m,126,weekly,2022-03-11,515220,煤炭ETF国泰,sector,煤炭,0.06533776301218164,515220,0.06533776301218164,511010,0.01816113402736863,最佳行业/主题 ETF 动量为正，持有该 ETF
mom_6m,126,weekly,2022-03-18,511010,国债ETF国泰,defensive,国债,0.017008859973191237,515220,-0.03626943005181338,511010,0.017008859973191237,最佳行业/主题 ETF 动量为负或不可用，切换到正动量防守资产
mom_6m,126,weekly,2022-03-25,511260,十年国债ETF国泰,defensive,十年国债,0.020532006301016814,159928,-0.04875717017208414,511260,0.020532006301016814,最佳行业/主题 ETF 动量为负或不可用，切换到正动量防守资产
mom_6m,126,weekly,2022-04-01,512800,银行ETF华宝,sector,银行,0.04063604240282692,512800,0.04063604240282692,511260,0.02083631292906185,最佳行业/主题 ETF 动量为正，持有该 ETF
mom_6m,126,weekly,2022-04-08,515220,煤炭ETF国泰,sector,煤炭,0.06438213914849422,515220,0.06438213914849422,511260,0.02411608602803872,最佳行业/主题 ETF 动量为正，持有该 ETF
mom_6m,126,weekly,2022-04-15,515220,煤炭ETF国泰,sector,煤炭,0.10558375634517758,515220,0.10558375634517758,511260,0.024526647338845242,最佳行业/主题 ETF 动量为正，持有该 ETF
mom_6m,126,weekly,2022-04-22,511260,十年国债ETF国泰,defensive,十年国债,0.027648567187007922,512800,-0.00512820512820511,511260,0.027648567187007922,最佳行业/主题 ETF 动量为负或不可用，切换到正动量防守资产
mom_6m,126,weekly,2022-04-29,515220,煤炭ETF国泰,sector,煤炭,0.051779935275080735,515220,0.051779935275080735,511260,0.02687993390032961,最佳行业/主题 ETF 动量为正，持有该 ETF
mom_6m,126,weekly,2022-05-06,515220,煤炭ETF国泰,sector,煤炭,0.06327683615819213,515220,0.06327683615819213,511260,0.024689032975508285,最佳行业/主题 ETF 动量为正，持有该 ETF
mom_6m,126,weekly,2022-05-13,515220,煤炭ETF国泰,sector,煤炭,0.1280193236714977,515220,0.1280193236714977,511010,0.02233851185609148,最佳行业/主题 ETF 动量为正，持有该 ETF
mom_6m,126,weekly,2022-05-20,515220,煤炭ETF国泰,sector,煤炭,0.37012113055181706,515220,0.37012113055181706,511260,0.022196855519784675,最佳行业/主题 ETF 动量为正，持有该 ETF
mom_6m,126,weekly,2022-05-27,515220,煤炭ETF国泰,sector,煤炭,0.5201109570041611,515220,0.5201109570041611,511260,0.027218766153900953,最佳行业/主题 ETF 动量为正，持有该 ETF
mom_6m,126,weekly,2022-06-02,515220,煤炭ETF国泰,sector,煤炭,0.3724226804123709,515220,0.3724226804123709,511260,0.02252580989676045,最佳行业/主题 ETF 动量为正，持有该 ETF
mom_6m,126,weekly,2022-06-10,515220,煤炭ETF国泰,sector,煤炭,0.5827814569536425,515220,0.5827814569536425,511260,0.02161629084706007,最佳行业/主题 ETF 动量为正，持有该 ETF
mom_6m,126,weekly,2022-06-17,515220,煤炭ETF国泰,sector,煤炭,0.3416965352449224,515220,0.3416965352449224,511260,0.020414327339919103,最佳行业/主题 ETF 动量为正，持有该 ETF
mom_6m,126,weekly,2022-06-24,515220,煤炭ETF国泰,sector,煤炭,0.30024813895781644,515220,0.30024813895781644,511260,0.01858010731231441,最佳行业/主题 ETF 动量为正，持有该 ETF
mom_6m,126,weekly,2022-07-01,515220,煤炭ETF国泰,sector,煤炭,0.3071512309495896,515220,0.3071512309495896,511260,0.018156003194604642,最佳行业/主题 ETF 动量为正，持有该 ETF
mom_6m,126,weekly,2022-07-08,515220,煤炭ETF国泰,sector,煤炭,0.2824791418355186,515220,0.2824791418355186,511260,0.014288617706575302,最佳行业/主题 ETF 动量为正，持有该 ETF
mom_6m,126,weekly,2022-07-15,515220,煤炭ETF国泰,sector,煤炭,0.271062271062271,515220,0.271062271062271,511260,0.015415667747849415,最佳行业/主题 ETF 动量为正，持有该 ETF
mom_6m,126,weekly,2022-07-22,515220,煤炭ETF国泰,sector,煤炭,0.24366706875753907,515220,0.24366706875753907,511260,0.01668621623290134,最佳行业/主题 ETF 动量为正，持有该 ETF
mom_6m,126,weekly,2022-07-29,515220,煤炭ETF国泰,sector,煤炭,0.2550415183867143,515220,0.2550415183867143,511260,0.014254337991442156,最佳行业/主题 ETF 动量为正，持有该 ETF
mom_6m,126,weekly,2022-08-05,515220,煤炭ETF国泰,sector,煤炭,0.25495049504950495,515220,0.25495049504950495,511260,0.01794110693740314,最佳行业/主题 ETF 动量为正，持有该 ETF
mom_6m,126,weekly,2022-08-12,515220,煤炭ETF国泰,sector,煤炭,0.2820809248554914,515220,0.2820809248554914,511260,0.014871969836145915,最佳行业/主题 ETF 动量为正，持有该 ETF
mom_6m,126,weekly,2022-08-19,515790,光伏ETF华泰柏瑞,sector,光伏,0.3044412607449858,515790,0.3044412607449858,511260,0.029031351047377862,最佳行业/主题 ETF 动量为正，持有该 ETF
mom_6m,126,weekly,2022-08-26,515220,煤炭ETF国泰,sector,煤炭,0.31303418803418803,515220,0.31303418803418803,511260,0.027335914129861028,最佳行业/主题 ETF 动量为正，持有该 ETF
mom_6m,126,weekly,2022-09-02,515220,煤炭ETF国泰,sector,煤炭,0.20494335736354263,515220,0.20494335736354263,511260,0.0323667884014609,最佳行业/主题 ETF 动量为正，持有该 ETF
mom_6m,126,weekly,2022-09-09,515220,煤炭ETF国泰,sector,煤炭,0.287037037037037,515220,0.287037037037037,511260,0.03380687085581102,最佳行业/主题 ETF 动量为正，持有该 ETF
mom_6m,126,weekly,2022-09-16,515220,煤炭ETF国泰,sector,煤炭,0.3829531812725089,515220,0.3829531812725089,511260,0.02303811905075226,最佳行业/主题 ETF 动量为正，持有该 ETF
mom_6m,126,weekly,2022-09-23,515220,煤炭ETF国泰,sector,煤炭,0.21111111111111125,515220,0.21111111111111125,511260,0.026511255856473515,最佳行业/主题 ETF 动量为正，持有该 ETF
mom_6m,126,weekly,2022-09-30,512690,酒ETF鹏华,sector,白酒/酒,0.1619718309859155,512690,0.1619718309859155,511260,0.01701198990323949,最佳行业/主题 ETF 动量为正，持有该 ETF
mom_6m,126,weekly,2022-10-14,515790,光伏ETF华泰柏瑞,sector,光伏,0.1867966991747938,515790,0.1867966991747938,511260,0.019951214820902452,最佳行业/主题 ETF 动量为正，持有该 ETF
mom_6m,126,weekly,2022-10-21,515790,光伏ETF华泰柏瑞,sector,光伏,0.21056845476381092,515790,0.21056845476381092,511260,0.01802068977548288,最佳行业/主题 ETF 动量为正，持有该 ETF
mom_6m,126,weekly,2022-10-28,515790,光伏ETF华泰柏瑞,sector,光伏,0.27901023890784993,515790,0.27901023890784993,511260,0.02519301808505059,最佳行业/主题 ETF 动量为正，持有该 ETF
mom_6m,126,weekly,2022-11-04,515790,光伏ETF华泰柏瑞,sector,光伏,0.42055267702936106,515790,0.42055267702936106,511260,0.024016320240951128,最佳行业/主题 ETF 动量为正，持有该 ETF
mom_6m,126,weekly,2022-11-11,515790,光伏ETF华泰柏瑞,sector,光伏,0.24215607401448103,515790,0.24215607401448103,511260,0.02022079678841049,最佳行业/主题 ETF 动量为正，持有该 ETF
mom_6m,126,weekly,2022-11-18,515230,软件ETF国泰,sector,软件,0.2098408104196816,515230,0.2098408104196816,511260,0.013256765837864393,最佳行业/主题 ETF 动量为正，持有该 ETF
mom_6m,126,weekly,2022-11-25,515230,软件ETF国泰,sector,软件,0.17991004497751129,515230,0.17991004497751129,511260,0.01400038309505991,最佳行业/主题 ETF 动量为正，持有该 ETF
mom_6m,126,weekly,2022-12-02,515230,软件ETF国泰,sector,软件,0.12100139082058425,515230,0.12100139082058425,511260,0.010215891192927318,最佳行业/主题 ETF 动量为正，持有该 ETF
mom_6m,126,weekly,2022-12-09,515230,软件ETF国泰,sector,软件,0.0312907431551499,515230,0.0312907431551499,511260,0.009133811646698353,最佳行业/主题 ETF 动量为正，持有该 ETF
mom_6m,126,weekly,2022-12-16,512690,酒ETF鹏华,sector,白酒/酒,0.02983293556085931,512690,0.02983293556085931,511260,0.010226461731274616,最佳行业/主题 ETF 动量为正，持有该 ETF
mom_6m,126,weekly,2022-12-23,515230,软件ETF国泰,sector,软件,0.010582010582010692,515230,0.010582010582010692,511260,0.011854198579585029,最佳行业/主题 ETF 动量为正，持有该 ETF
mom_6m,126,weekly,2022-12-30,511260,十年国债ETF国泰,defensive,十年国债,0.016725882342671028,515230,-0.006329113924050667,511260,0.016725882342671028,最佳行业/主题 ETF 动量为负或不可用，切换到正动量防守资产
mom_6m,126,weekly,2023-01-06,515230,软件ETF国泰,sector,软件,0.06735751295336789,515230,0.06735751295336789,511260,0.01627939456364258,最佳行业/主题 ETF 动量为正，持有该 ETF
mom_6m,126,weekly,2023-01-13,515230,软件ETF国泰,sector,软件,0.11035422343324242,515230,0.11035422343324242,511260,0.011703386585917741,最佳行业/主题 ETF 动量为正，持有该 ETF
mom_6m,126,weekly,2023-01-20,515230,软件ETF国泰,sector,软件,0.15194805194805183,515230,0.15194805194805183,511260,0.009187469577915275,最佳行业/主题 ETF 动量为正，持有该 ETF
mom_6m,126,weekly,2023-02-03,515230,软件ETF国泰,sector,软件,0.2169934640522877,515230,0.2169934640522877,511260,0.008618748159312517,最佳行业/主题 ETF 动量为正，持有该 ETF
mom_6m,126,weekly,2023-02-10,515230,软件ETF国泰,sector,软件,0.2459459459459461,515230,0.2459459459459461,511260,0.0025221440807086104,最佳行业/主题 ETF 动量为正，持有该 ETF
mom_6m,126,weekly,2023-02-17,512980,传媒ETF广发,sector,传媒,0.14141414141414144,512980,0.14141414141414144,511260,0.004041570438799047,最佳行业/主题 ETF 动量为正，持有该 ETF
mom_6m,126,weekly,2023-02-24,515230,软件ETF国泰,sector,软件,0.19215686274509802,515230,0.19215686274509802,511260,-0.0022955425360605686,最佳行业/主题 ETF 动量为正，持有该 ETF
mom_6m,126,weekly,2023-03-03,515230,软件ETF国泰,sector,软件,0.24345549738219896,515230,0.24345549738219896,511010,-0.004186739625795299,最佳行业/主题 ETF 动量为正，持有该 ETF
mom_6m,126,weekly,2023-03-10,515230,软件ETF国泰,sector,软件,0.26865671641791056,515230,0.26865671641791056,511260,-0.0011964175839201951,最佳行业/主题 ETF 动量为正，持有该 ETF
mom_6m,126,weekly,2023-03-17,515230,软件ETF国泰,sector,软件,0.3364737550471064,515230,0.3364737550471064,511260,-0.000409745104399617,最佳行业/主题 ETF 动量为正，持有该 ETF
mom_6m,126,weekly,2023-03-24,512980,传媒ETF广发,sector,传媒,0.4162348877374784,512980,0.4162348877374784,511260,0.0010699673017993128,最佳行业/主题 ETF 动量为正，持有该 ETF
mom_6m,126,weekly,2023-03-31,515230,软件ETF国泰,sector,软件,0.5555555555555558,515230,0.5555555555555558,511010,0.0008050385944973204,最佳行业/主题 ETF 动量为正，持有该 ETF
mom_6m,126,weekly,2023-04-07,515230,软件ETF国泰,sector,软件,0.6530324400564176,515230,0.6530324400564176,511260,0.007949618005368642,最佳行业/主题 ETF 动量为正，持有该 ETF
mom_6m,126,weekly,2023-04-14,512980,传媒ETF广发,sector,传媒,0.7504873294346979,512980,0.7504873294346979,511260,0.007280094778592483,最佳行业/主题 ETF 动量为正，持有该 ETF
mom_6m,126,weekly,2023-04-21,512980,传媒ETF广发,sector,传媒,0.6252319109461966,512980,0.6252319109461966,511260,0.0073617633951528205,最佳行业/主题 ETF 动量为正，持有该 ETF
mom_6m,126,weekly,2023-04-28,512980,传媒ETF广发,sector,传媒,0.8992094861660078,512980,0.8992094861660078,511260,0.009678386364609715,最佳行业/主题 ETF 动量为正，持有该 ETF
mom_6m,126,weekly,2023-05-05,512980,传媒ETF广发,sector,传媒,0.8967495219885275,512980,0.8967495219885275,511260,0.011067808488453679,最佳行业/主题 ETF 动量为正，持有该 ETF
mom_6m,126,weekly,2023-05-12,512980,传媒ETF广发,sector,传媒,0.714018691588785,512980,0.714018691588785,511260,0.01167039459081054,最佳行业/主题 ETF 动量为正，持有该 ETF
mom_6m,126,weekly,2023-05-19,512980,传媒ETF广发,sector,传媒,0.5467372134038802,512980,0.5467372134038802,511260,0.011759184195929473,最佳行业/主题 ETF 动量为正，持有该 ETF
mom_6m,126,weekly,2023-05-26,512980,传媒ETF广发,sector,传媒,0.406301824212272,512980,0.406301824212272,511260,0.020252118206240954,最佳行业/主题 ETF 动量为正，持有该 ETF
mom_6m,126,weekly,2023-06-02,512980,传媒ETF广发,sector,传媒,0.6357267950963226,512980,0.6357267950963226,511260,0.017562957502614385,最佳行业/主题 ETF 动量为正，持有该 ETF
mom_6m,126,weekly,2023-06-09,512980,传媒ETF广发,sector,传媒,0.6050420168067228,512980,0.6050420168067228,511260,0.026871616262629683,最佳行业/主题 ETF 动量为正，持有该 ETF
mom_6m,126,weekly,2023-06-16,512980,传媒ETF广发,sector,传媒,0.6502463054187191,512980,0.6502463054187191,511260,0.024931702818928425,最佳行业/主题 ETF 动量为正，持有该 ETF
mom_6m,126,weekly,2023-06-21,512980,传媒ETF广发,sector,传媒,0.5683333333333334,512980,0.5683333333333334,511260,0.02952587510477067,最佳行业/主题 ETF 动量为正，持有该 ETF
mom_6m,126,weekly,2023-06-30,512980,传媒ETF广发,sector,传媒,0.5629370629370631,512980,0.5629370629370631,511260,0.027380050939629585,最佳行业/主题 ETF 动量为正，持有该 ETF
mom_6m,126,weekly,2023-07-07,512980,传媒ETF广发,sector,传媒,0.4416243654822336,512980,0.4416243654822336,511260,0.028421614547458285,最佳行业/主题 ETF 动量为正，持有该 ETF
mom_6m,126,weekly,2023-07-14,512980,传媒ETF广发,sector,传媒,0.41318327974276525,512980,0.41318327974276525,511260,0.024936736006862414,最佳行业/主题 ETF 动量为正，持有该 ETF
mom_6m,126,weekly,2023-07-21,512980,传媒ETF广发,sector,传媒,0.33922829581993574,512980,0.33922829581993574,511260,0.03140483071841449,最佳行业/主题 ETF 动量为正，持有该 ETF
mom_6m,126,weekly,2023-07-28,512980,传媒ETF广发,sector,传媒,0.2733017377567142,512980,0.2733017377567142,511260,0.03221496181100325,最佳行业/主题 ETF 动量为正，持有该 ETF
mom_6m,126,weekly,2023-08-04,512980,传媒ETF广发,sector,传媒,0.2879019908116385,512980,0.2879019908116385,511260,0.03077240631960998,最佳行业/主题 ETF 动量为正，持有该 ETF
mom_6m,126,weekly,2023-08-11,512980,传媒ETF广发,sector,传媒,0.21162444113263779,512980,0.21162444113263779,511260,0.031006153105771483,最佳行业/主题 ETF 动量为正，持有该 ETF
mom_6m,126,weekly,2023-08-18,512980,传媒ETF广发,sector,传媒,0.11840228245363771,512980,0.11840228245363771,511260,0.03614788865419949,最佳行业/主题 ETF 动量为正，持有该 ETF
mom_6m,126,weekly,2023-08-25,512980,传媒ETF广发,sector,传媒,0.1428571428571428,512980,0.1428571428571428,511260,0.03627810351191951,最佳行业/主题 ETF 动量为正，持有该 ETF
mom_6m,126,weekly,2023-09-01,512980,传媒ETF广发,sector,传媒,0.17765042979942702,512980,0.17765042979942702,511260,0.034174823973896595,最佳行业/主题 ETF 动量为正，持有该 ETF
mom_6m,126,weekly,2023-09-08,512980,传媒ETF广发,sector,传媒,0.1023054755043229,512980,0.1023054755043229,511260,0.026961329749901397,最佳行业/主题 ETF 动量为正，持有该 ETF
mom_6m,126,weekly,2023-09-15,512980,传媒ETF广发,sector,传媒,0.08670520231213885,512980,0.08670520231213885,511260,0.027389760916983752,最佳行业/主题 ETF 动量为正，持有该 ETF
mom_6m,126,weekly,2023-09-22,512880,证券ETF国泰,sector,证券,0.08463251670378624,512880,0.08463251670378624,511260,0.023570030680351683,最佳行业/主题 ETF 动量为正，持有该 ETF
mom_6m,126,weekly,2023-09-28,512800,银行ETF华宝,sector,银行,0.07047619047619058,512800,0.07047619047619058,511260,0.024311640351852182,最佳行业/主题 ETF 动量为正，持有该 ETF
mom_6m,126,weekly,2023-10-13,512800,银行ETF华宝,sector,银行,0.06805293005671054,512800,0.06805293005671054,511260,0.023801184079006887,最佳行业/主题 ETF 动量为正，持有该 ETF
mom_6m,126,weekly,2023-10-20,512800,银行ETF华宝,sector,银行,0.04347826086956519,512800,0.04347826086956519,511260,0.021105998636673506,最佳行业/主题 ETF 动量为正，持有该 ETF
mom_6m,126,weekly,2023-10-27,511260,十年国债ETF国泰,defensive,十年国债,0.021376398276948372,512880,0.0,511260,0.021376398276948372,最佳行业/主题 ETF 动量为负或不可用，切换到正动量防守资产
mom_6m,126,weekly,2023-11-03,512880,证券ETF国泰,sector,证券,0.04878048780487787,512880,0.04878048780487787,511260,0.023039869508703736,最佳行业/主题 ETF 动量为正，持有该 ETF
mom_6m,126,weekly,2023-11-10,515220,煤炭ETF国泰,sector,煤炭,0.009910802775024763,515220,0.009910802775024763,511260,0.019742576435842984,最佳行业/主题 ETF 动量为正，持有该 ETF
mom_6m,126,weekly,2023-11-17,512880,证券ETF国泰,sector,证券,0.025130890052356136,512880,0.025130890052356136,511260,0.017755873615987072,最佳行业/主题 ETF 动量为正，持有该 ETF
mom_6m,126,weekly,2023-11-24,515220,煤炭ETF国泰,sector,煤炭,0.06408952187182093,515220,0.06408952187182093,511260,0.01533869077233141,最佳行业/主题 ETF 动量为正，持有该 ETF
mom_6m,126,weekly,2023-12-01,515220,煤炭ETF国泰,sector,煤炭,0.17499999999999982,515220,0.17499999999999982,511260,0.016720772376575876,最佳行业/主题 ETF 动量为正，持有该 ETF
mom_6m,126,weekly,2023-12-08,515220,煤炭ETF国泰,sector,煤炭,0.16962305986696213,515220,0.16962305986696213,511260,0.015181623751705065,最佳行业/主题 ETF 动量为正，持有该 ETF
mom_6m,126,weekly,2023-12-15,515220,煤炭ETF国泰,sector,煤炭,0.1778265642151482,515220,0.1778265642151482,511260,0.014782623286407004,最佳行业/主题 ETF 动量为正，持有该 ETF
mom_6m,126,weekly,2023-12-22,515220,煤炭ETF国泰,sector,煤炭,0.19031903190319044,515220,0.19031903190319044,511260,0.017895550477214694,最佳行业/主题 ETF 动量为正，持有该 ETF
mom_6m,126,weekly,2023-12-29,515220,煤炭ETF国泰,sector,煤炭,0.16268980477223427,515220,0.16268980477223427,511260,0.02109548793284377,最佳行业/主题 ETF 动量为正，持有该 ETF
mom_6m,126,weekly,2024-01-05,515220,煤炭ETF国泰,sector,煤炭,0.20488322717622087,515220,0.20488322717622087,511260,0.02345982086751075,最佳行业/主题 ETF 动量为正，持有该 ETF
mom_6m,126,weekly,2024-01-12,515220,煤炭ETF国泰,sector,煤炭,0.1756046267087279,515220,0.1756046267087279,511260,0.019261972867633537,最佳行业/主题 ETF 动量为正，持有该 ETF
mom_6m,126,weekly,2024-01-19,515220,煤炭ETF国泰,sector,煤炭,0.13906581740976653,515220,0.13906581740976653,511260,0.019854058476797887,最佳行业/主题 ETF 动量为正，持有该 ETF
mom_6m,126,weekly,2024-01-26,515220,煤炭ETF国泰,sector,煤炭,0.20591341077085534,515220,0.20591341077085534,511260,0.02332507864266109,最佳行业/主题 ETF 动量为正，持有该 ETF
mom_6m,126,weekly,2024-02-02,515220,煤炭ETF国泰,sector,煤炭,0.1468750000000001,515220,0.1468750000000001,511260,0.02711374403622968,最佳行业/主题 ETF 动量为正，持有该 ETF
mom_6m,126,weekly,2024-02-08,515220,煤炭ETF国泰,sector,煤炭,0.23415682062298604,515220,0.23415682062298604,511260,0.02620648239278034,最佳行业/主题 ETF 动量为正，持有该 ETF
mom_6m,126,weekly,2024-02-23,515220,煤炭ETF国泰,sector,煤炭,0.3545945945945943,515220,0.3545945945945943,511260,0.027505516925511175,最佳行业/主题 ETF 动量为正，持有该 ETF
mom_6m,126,weekly,2024-03-01,515220,煤炭ETF国泰,sector,煤炭,0.3799999999999999,515220,0.3799999999999999,511260,0.02165268074903892,最佳行业/主题 ETF 动量为正，持有该 ETF
mom_6m,126,weekly,2024-03-08,515220,煤炭ETF国泰,sector,煤炭,0.3563829787234043,515220,0.3563829787234043,511260,0.0301839554991834,最佳行业/主题 ETF 动量为正，持有该 ETF
mom_6m,126,weekly,2024-03-15,515220,煤炭ETF国泰,sector,煤炭,0.16451932606541142,515220,0.16451932606541142,511260,0.030247006112693375,最佳行业/主题 ETF 动量为正，持有该 ETF
mom_6m,126,weekly,2024-03-22,515220,煤炭ETF国泰,sector,煤炭,0.17248255234297116,515220,0.17248255234297116,511260,0.03321636062048339,最佳行业/主题 ETF 动量为正，持有该 ETF
mom_6m,126,weekly,2024-03-29,515220,煤炭ETF国泰,sector,煤炭,0.10076045627376407,515220,0.10076045627376407,511260,0.034387872521388196,最佳行业/主题 ETF 动量为正，持有该 ETF
mom_6m,126,weekly,2024-04-03,515220,煤炭ETF国泰,sector,煤炭,0.14354527938342976,515220,0.14354527938342976,511260,0.035727983724381795,最佳行业/主题 ETF 动量为正，持有该 ETF
mom_6m,126,weekly,2024-04-12,515220,煤炭ETF国泰,sector,煤炭,0.18013631937682573,515220,0.18013631937682573,511260,0.03926559566033805,最佳行业/主题 ETF 动量为正，持有该 ETF
mom_6m,126,weekly,2024-04-19,515220,煤炭ETF国泰,sector,煤炭,0.23785926660059498,515220,0.23785926660059498,511260,0.042648887257069834,最佳行业/主题 ETF 动量为正，持有该 ETF
mom_6m,126,weekly,2024-04-26,515220,煤炭ETF国泰,sector,煤炭,0.15030060120240463,515220,0.15030060120240463,511260,0.0391531830736751,最佳行业/主题 ETF 动量为正，持有该 ETF
mom_6m,126,weekly,2024-04-30,515220,煤炭ETF国泰,sector,煤炭,0.16599597585513082,515220,0.16599597585513082,511260,0.03808307669195532,最佳行业/主题 ETF 动量为正，持有该 ETF
mom_6m,126,weekly,2024-05-10,515220,煤炭ETF国泰,sector,煤炭,0.22750252780586444,515220,0.22750252780586444,511260,0.036401910372256374,最佳行业/主题 ETF 动量为正，持有该 ETF
mom_6m,126,weekly,2024-05-17,515220,煤炭ETF国泰,sector,煤炭,0.21596724667349032,515220,0.21596724667349032,511260,0.03381698651968934,最佳行业/主题 ETF 动量为正，持有该 ETF
mom_6m,126,weekly,2024-05-24,515220,煤炭ETF国泰,sector,煤炭,0.2055610724925523,515220,0.2055610724925523,511260,0.03638536617754462,最佳行业/主题 ETF 动量为正，持有该 ETF
mom_6m,126,weekly,2024-05-31,515220,煤炭ETF国泰,sector,煤炭,0.22145669291338588,515220,0.22145669291338588,511260,0.035730866162621,最佳行业/主题 ETF 动量为正，持有该 ETF
mom_6m,126,weekly,2024-06-07,512800,银行ETF华宝,sector,银行,0.16760828625235402,512800,0.16760828625235402,511260,0.04020388341454906,最佳行业/主题 ETF 动量为正，持有该 ETF
mom_6m,126,weekly,2024-06-14,512800,银行ETF华宝,sector,银行,0.15969581749049433,512800,0.15969581749049433,511260,0.040875936636489696,最佳行业/主题 ETF 动量为正，持有该 ETF
mom_6m,126,weekly,2024-06-21,512800,银行ETF华宝,sector,银行,0.17341040462427748,512800,0.17341040462427748,511260,0.04016789052345748,最佳行业/主题 ETF 动量为正，持有该 ETF
mom_6m,126,weekly,2024-06-28,512800,银行ETF华宝,sector,银行,0.21165048543689324,512800,0.21165048543689324,511260,0.04316719128229285,最佳行业/主题 ETF 动量为正，持有该 ETF
mom_6m,126,weekly,2024-07-05,512800,银行ETF华宝,sector,银行,0.20502901353965175,512800,0.20502901353965175,511260,0.03900837896681408,最佳行业/主题 ETF 动量为正，持有该 ETF
mom_6m,126,weekly,2024-07-12,512800,银行ETF华宝,sector,银行,0.23800383877159303,512800,0.23800383877159303,511260,0.03530927412075546,最佳行业/主题 ETF 动量为正，持有该 ETF
mom_6m,126,weekly,2024-07-19,512800,银行ETF华宝,sector,银行,0.23484848484848486,512800,0.23484848484848486,511260,0.03461406180907001,最佳行业/主题 ETF 动量为正，持有该 ETF
mom_6m,126,weekly,2024-07-26,512800,银行ETF华宝,sector,银行,0.17657992565055758,512800,0.17657992565055758,511260,0.043759797122621125,最佳行业/主题 ETF 动量为正，持有该 ETF
mom_6m,126,weekly,2024-08-02,512800,银行ETF华宝,sector,银行,0.1910112359550562,512800,0.1910112359550562,511260,0.045162926957005745,最佳行业/主题 ETF 动量为正，持有该 ETF
mom_6m,126,weekly,2024-08-09,512800,银行ETF华宝,sector,银行,0.12903225806451601,512800,0.12903225806451601,511260,0.03716951154927273,最佳行业/主题 ETF 动量为正，持有该 ETF
mom_6m,126,weekly,2024-08-16,512800,银行ETF华宝,sector,银行,0.13908450704225372,512800,0.13908450704225372,511260,0.03608511885856691,最佳行业/主题 ETF 动量为正，持有该 ETF
mom_6m,126,weekly,2024-08-23,512800,银行ETF华宝,sector,银行,0.12331081081081097,512800,0.12331081081081097,511260,0.03504016879006744,最佳行业/主题 ETF 动量为正，持有该 ETF
mom_6m,126,weekly,2024-08-30,512800,银行ETF华宝,sector,银行,0.08275862068965534,512800,0.08275862068965534,511260,0.027778226392545236,最佳行业/主题 ETF 动量为正，持有该 ETF
mom_6m,126,weekly,2024-09-06,512800,银行ETF华宝,sector,银行,0.05841924398625431,512800,0.05841924398625431,511260,0.030161964514388462,最佳行业/主题 ETF 动量为正，持有该 ETF
mom_6m,126,weekly,2024-09-13,512800,银行ETF华宝,sector,银行,0.04370629370629375,512800,0.04370629370629375,511260,0.03945601346212979,最佳行业/主题 ETF 动量为正，持有该 ETF
mom_6m,126,weekly,2024-09-20,512800,银行ETF华宝,sector,银行,0.060975609756097615,512800,0.060975609756097615,511260,0.040479094147007455,最佳行业/主题 ETF 动量为正，持有该 ETF
mom_6m,126,weekly,2024-09-27,512800,银行ETF华宝,sector,银行,0.19204152249134943,512800,0.19204152249134943,511260,0.029229041613817897,最佳行业/主题 ETF 动量为正，持有该 ETF
mom_6m,126,weekly,2024-09-30,512880,证券ETF国泰,sector,证券,0.27829099307159355,512880,0.27829099307159355,511260,0.025064620355412126,最佳行业/主题 ETF 动量为正，持有该 ETF
mom_6m,126,weekly,2024-10-11,512880,证券ETF国泰,sector,证券,0.28423475258918307,512880,0.28423475258918307,511260,0.03157435955382648,最佳行业/主题 ETF 动量为正，持有该 ETF
mom_6m,126,weekly,2024-10-18,512480,半导体ETF国联安,sector,半导体,0.4526315789473683,512480,0.4526315789473683,511260,0.030752771208391705,最佳行业/主题 ETF 动量为正，持有该 ETF
mom_6m,126,weekly,2024-10-25,512480,半导体ETF国联安,sector,半导体,0.4449339207048457,512480,0.4449339207048457,511260,0.024017257141024206,最佳行业/主题 ETF 动量为正，持有该 ETF
mom_6m,126,weekly,2024-11-01,512480,半导体ETF国联安,sector,半导体,0.4095665171898355,512480,0.4095665171898355,511260,0.02638602790891542,最佳行业/主题 ETF 动量为正，持有该 ETF
mom_6m,126,weekly,2024-11-08,512880,证券ETF国泰,sector,证券,0.5034168564920274,512880,0.5034168564920274,511260,0.03171797673372323,最佳行业/主题 ETF 动量为正，持有该 ETF
mom_6m,126,weekly,2024-11-15,512480,半导体ETF国联安,sector,半导体,0.4672489082969431,512480,0.4672489082969431,511260,0.0315238812426899,最佳行业/主题 ETF 动量为正，持有该 ETF
mom_6m,126,weekly,2024-11-22,512480,半导体ETF国联安,sector,半导体,0.4188405797101451,512480,0.4188405797101451,511260,0.0330931561525698,最佳行业/主题 ETF 动量为正，持有该 ETF
mom_6m,126,weekly,2024-11-29,512480,半导体ETF国联安,sector,半导体,0.47577092511013186,512480,0.47577092511013186,511260,0.036804164997997546,最佳行业/主题 ETF 动量为正，持有该 ETF
mom_6m,126,weekly,2024-12-06,512880,证券ETF国泰,sector,证券,0.5024154589371981,512880,0.5024154589371981,511260,0.040739111306643316,最佳行业/主题 ETF 动量为正，持有该 ETF
mom_6m,126,weekly,2024-12-13,512880,证券ETF国泰,sector,证券,0.4938725490196081,512880,0.4938725490196081,511260,0.05339046615917398,最佳行业/主题 ETF 动量为正，持有该 ETF
mom_6m,126,weekly,2024-12-20,512880,证券ETF国泰,sector,证券,0.43556085918854426,512880,0.43556085918854426,511260,0.054376119402985035,最佳行业/主题 ETF 动量为正，持有该 ETF
mom_6m,126,weekly,2024-12-27,512880,证券ETF国泰,sector,证券,0.5181476846057571,512880,0.5181476846057571,511260,0.053550436854646444,最佳行业/主题 ETF 动量为正，持有该 ETF
mom_6m,126,weekly,2025-01-03,512880,证券ETF国泰,sector,证券,0.37244897959183687,512880,0.37244897959183687,511260,0.06236492499364377,最佳行业/主题 ETF 动量为正，持有该 ETF
mom_6m,126,weekly,2025-01-10,512480,半导体ETF国联安,sector,半导体,0.41509433962264164,512480,0.41509433962264164,511260,0.060942600111455913,最佳行业/主题 ETF 动量为正，持有该 ETF
mom_6m,126,weekly,2025-01-17,515230,软件ETF国泰,sector,软件,0.4564796905222437,515230,0.4564796905222437,511260,0.05579840983243067,最佳行业/主题 ETF 动量为正，持有该 ETF
mom_6m,126,weekly,2025-01-24,515230,软件ETF国泰,sector,软件,0.4538745387453875,515230,0.4538745387453875,511260,0.05160021483634525,最佳行业/主题 ETF 动量为正，持有该 ETF
mom_6m,126,weekly,2025-01-27,515230,软件ETF国泰,sector,软件,0.4933333333333334,515230,0.4933333333333334,511260,0.053673073587612974,最佳行业/主题 ETF 动量为正，持有该 ETF
mom_6m,126,weekly,2025-02-07,515230,软件ETF国泰,sector,软件,0.7088122605363985,515230,0.7088122605363985,511260,0.051596568615887906,最佳行业/主题 ETF 动量为正，持有该 ETF
mom_6m,126,weekly,2025-02-14,515230,软件ETF国泰,sector,软件,0.7996254681647939,515230,0.7996254681647939,511260,0.04444844622262578,最佳行业/主题 ETF 动量为正，持有该 ETF
mom_6m,126,weekly,2025-02-21,515230,软件ETF国泰,sector,软件,0.9066147859922178,515230,0.9066147859922178,511260,0.04183916353095518,最佳行业/主题 ETF 动量为正，持有该 ETF
mom_6m,126,weekly,2025-02-28,515230,软件ETF国泰,sector,软件,0.7509881422924902,515230,0.7509881422924902,511260,0.04108501540589815,最佳行业/主题 ETF 动量为正，持有该 ETF
mom_6m,126,weekly,2025-03-07,515230,软件ETF国泰,sector,软件,0.9433198380566801,515230,0.9433198380566801,511260,0.03401072537397676,最佳行业/主题 ETF 动量为正，持有该 ETF
mom_6m,126,weekly,2025-03-14,515230,软件ETF国泰,sector,软件,0.8379446640316206,515230,0.8379446640316206,511260,0.031105139929917147,最佳行业/主题 ETF 动量为正，持有该 ETF
mom_6m,126,weekly,2025-03-21,515230,软件ETF国泰,sector,软件,0.7759674134419552,515230,0.7759674134419552,511260,0.027965412640335252,最佳行业/主题 ETF 动量为正，持有该 ETF
mom_6m,126,weekly,2025-03-28,515230,软件ETF国泰,sector,软件,0.7010101010101009,515230,0.7010101010101009,511260,0.024594693461391648,最佳行业/主题 ETF 动量为正，持有该 ETF
mom_6m,126,weekly,2025-04-03,512480,半导体ETF国联安,sector,半导体,0.6817447495961226,512480,0.6817447495961226,511260,0.029171257001877393,最佳行业/主题 ETF 动量为正，持有该 ETF
mom_6m,126,weekly,2025-04-11,512480,半导体ETF国联安,sector,半导体,0.3287153652392947,512480,0.3287153652392947,511260,0.04977817703285181,最佳行业/主题 ETF 动量为正，持有该 ETF
mom_6m,126,weekly,2025-04-18,512480,半导体ETF国联安,sector,半导体,0.14851485148514842,512480,0.14851485148514842,511260,0.043529964011891575,最佳行业/主题 ETF 动量为正，持有该 ETF
mom_6m,126,weekly,2025-04-25,512800,银行ETF华宝,sector,银行,0.08873239436619729,512800,0.08873239436619729,511260,0.03967287823454124,最佳行业/主题 ETF 动量为正，持有该 ETF
mom_6m,126,weekly,2025-04-30,512480,半导体ETF国联安,sector,半导体,0.08384458077709622,512480,0.08384458077709622,511260,0.04622151264713237,最佳行业/主题 ETF 动量为正，持有该 ETF
mom_6m,126,weekly,2025-05-09,512800,银行ETF华宝,sector,银行,0.14182344428364702,512800,0.14182344428364702,511260,0.04620487865938583,最佳行业/主题 ETF 动量为正，持有该 ETF
mom_6m,126,weekly,2025-05-16,512800,银行ETF华宝,sector,银行,0.14428571428571435,512800,0.14428571428571435,511260,0.03876331757842366,最佳行业/主题 ETF 动量为正，持有该 ETF
mom_6m,126,weekly,2025-05-23,512800,银行ETF华宝,sector,银行,0.16497829232995675,512800,0.16497829232995675,511260,0.035851900189552977,最佳行业/主题 ETF 动量为正，持有该 ETF
mom_6m,126,weekly,2025-05-30,512800,银行ETF华宝,sector,银行,0.15428571428571436,512800,0.15428571428571436,511260,0.03568874933938493,最佳行业/主题 ETF 动量为正，持有该 ETF
mom_6m,126,weekly,2025-06-06,512800,银行ETF华宝,sector,银行,0.18695652173913047,512800,0.18695652173913047,511260,0.03280045807669696,最佳行业/主题 ETF 动量为正，持有该 ETF
mom_6m,126,weekly,2025-06-13,512800,银行ETF华宝,sector,银行,0.17021276595744683,512800,0.17021276595744683,511260,0.030272926100483488,最佳行业/主题 ETF 动量为正，持有该 ETF
mom_6m,126,weekly,2025-06-20,512800,银行ETF华宝,sector,银行,0.17728531855955687,512800,0.17728531855955687,511260,0.022557481132147394,最佳行业/主题 ETF 动量为正，持有该 ETF
mom_6m,126,weekly,2025-06-27,512800,银行ETF华宝,sector,银行,0.20028011204481788,512800,0.20028011204481788,511260,0.012681200517229652,最佳行业/主题 ETF 动量为正，持有该 ETF
mom_6m,126,weekly,2025-07-04,512800,银行ETF华宝,sector,银行,0.20788043478260865,512800,0.20788043478260865,511260,0.012843856481236537,最佳行业/主题 ETF 动量为正，持有该 ETF
mom_6m,126,weekly,2025-07-11,512400,有色金属ETF南方,sector,有色金属,0.20354906054279764,512400,0.20354906054279764,511260,0.007943326550606589,最佳行业/主题 ETF 动量为正，持有该 ETF
mom_6m,126,weekly,2025-07-18,515230,软件ETF国泰,sector,软件,0.22159887798036482,515230,0.22159887798036482,511260,0.0015194724511411462,最佳行业/主题 ETF 动量为正，持有该 ETF
mom_6m,126,weekly,2025-07-25,512400,有色金属ETF南方,sector,有色金属,0.2742742742742741,512400,0.2742742742742741,511010,-0.0011689070718878813,最佳行业/主题 ETF 动量为正，持有该 ETF
mom_6m,126,weekly,2025-08-01,512400,有色金属ETF南方,sector,有色金属,0.20178926441351885,512400,0.20178926441351885,511260,0.0009223501181059302,最佳行业/主题 ETF 动量为正，持有该 ETF
mom_6m,126,weekly,2025-08-08,512400,有色金属ETF南方,sector,有色金属,0.24466019417475726,512400,0.24466019417475726,511010,-0.0006190702428772177,最佳行业/主题 ETF 动量为正，持有该 ETF
mom_6m,126,weekly,2025-08-15,512400,有色金属ETF南方,sector,有色金属,0.2897286821705425,512400,0.2897286821705425,511010,0.00085167194751401,最佳行业/主题 ETF 动量为正，持有该 ETF
mom_6m,126,weekly,2025-08-22,512400,有色金属ETF南方,sector,有色金属,0.32647058823529407,512400,0.32647058823529407,511010,0.003176053427309533,最佳行业/主题 ETF 动量为正，持有该 ETF
mom_6m,126,weekly,2025-08-29,512400,有色金属ETF南方,sector,有色金属,0.46660019940179476,512400,0.46660019940179476,511010,0.006842093782492675,最佳行业/主题 ETF 动量为正，持有该 ETF
mom_6m,126,weekly,2025-09-05,512400,有色金属ETF南方,sector,有色金属,0.43599615014436965,512400,0.43599615014436965,511010,0.006258122127761556,最佳行业/主题 ETF 动量为正，持有该 ETF
mom_6m,126,weekly,2025-09-12,512400,有色金属ETF南方,sector,有色金属,0.43506493506493493,512400,0.43506493506493493,511260,0.009258695718328713,最佳行业/主题 ETF 动量为正，持有该 ETF
mom_6m,126,weekly,2025-09-19,512400,有色金属ETF南方,sector,有色金属,0.3580586080586081,512400,0.3580586080586081,511010,0.010343144753039324,最佳行业/主题 ETF 动量为正，持有该 ETF
mom_6m,126,weekly,2025-09-26,512480,半导体ETF国联安,sector,半导体,0.4313909774436089,512480,0.4313909774436089,511010,0.007844363181656266,最佳行业/主题 ETF 动量为正，持有该 ETF
mom_6m,126,weekly,2025-09-30,512400,有色金属ETF南方,sector,有色金属,0.5564971751412429,512400,0.5564971751412429,511010,0.00938833984190346,最佳行业/主题 ETF 动量为正，持有该 ETF
mom_6m,126,weekly,2025-10-10,512400,有色金属ETF南方,sector,有色金属,0.6432637571157493,512400,0.6432637571157493,511010,0.009163844599799464,最佳行业/主题 ETF 动量为正，持有该 ETF
mom_6m,126,weekly,2025-10-17,512400,有色金属ETF南方,sector,有色金属,0.6793969849246231,512400,0.6793969849246231,511010,0.002726446531354343,最佳行业/主题 ETF 动量为正，持有该 ETF
mom_6m,126,weekly,2025-10-24,512400,有色金属ETF南方,sector,有色金属,0.6765285996055226,512400,0.6765285996055226,511010,0.002113997113997179,最佳行业/主题 ETF 动量为正，持有该 ETF
mom_6m,126,weekly,2025-10-31,512400,有色金属ETF南方,sector,有色金属,0.7047898338220919,512400,0.7047898338220919,511010,0.00894904758115267,最佳行业/主题 ETF 动量为正，持有该 ETF
mom_6m,126,weekly,2025-11-07,512400,有色金属ETF南方,sector,有色金属,0.6679462571976966,512400,0.6679462571976966,511010,0.005998614038633665,最佳行业/主题 ETF 动量为正，持有该 ETF
mom_6m,126,weekly,2025-11-14,512400,有色金属ETF南方,sector,有色金属,0.6809933142311366,512400,0.6809933142311366,511010,0.005672018762403086,最佳行业/主题 ETF 动量为正，持有该 ETF
mom_6m,126,weekly,2025-11-21,512400,有色金属ETF南方,sector,有色金属,0.5865384615384615,512400,0.5865384615384615,511010,0.007262452757925475,最佳行业/主题 ETF 动量为正，持有该 ETF
mom_6m,126,weekly,2025-11-28,512400,有色金属ETF南方,sector,有色金属,0.649564375605034,512400,0.649564375605034,511010,0.006386452628993178,最佳行业/主题 ETF 动量为正，持有该 ETF
mom_6m,126,weekly,2025-12-05,512400,有色金属ETF南方,sector,有色金属,0.699526066350711,512400,0.699526066350711,511010,0.005589133684279046,最佳行业/主题 ETF 动量为正，持有该 ETF
mom_6m,126,weekly,2025-12-12,512400,有色金属ETF南方,sector,有色金属,0.6238532110091741,512400,0.6238532110091741,511010,0.004844185895633624,最佳行业/主题 ETF 动量为正，持有该 ETF
mom_6m,126,weekly,2025-12-19,512400,有色金属ETF南方,sector,有色金属,0.650228310502283,512400,0.650228310502283,511010,0.0045924720888550485,最佳行业/主题 ETF 动量为正，持有该 ETF
mom_6m,126,weekly,2025-12-26,512400,有色金属ETF南方,sector,有色金属,0.751824817518248,512400,0.751824817518248,511010,0.00632400818231571,最佳行业/主题 ETF 动量为正，持有该 ETF
mom_6m,126,weekly,2025-12-31,512400,有色金属ETF南方,sector,有色金属,0.7144128113879002,512400,0.7144128113879002,511010,0.004463482236060745,最佳行业/主题 ETF 动量为正，持有该 ETF
mom_6m,126,weekly,2026-01-09,512400,有色金属ETF南方,sector,有色金属,0.8613333333333333,512400,0.8613333333333333,511010,0.0018480566641498886,最佳行业/主题 ETF 动量为正，持有该 ETF
mom_6m,126,weekly,2026-01-16,512400,有色金属ETF南方,sector,有色金属,0.8782383419689119,512400,0.8782383419689119,511010,0.006601754221591261,最佳行业/主题 ETF 动量为正，持有该 ETF
mom_6m,126,weekly,2026-01-23,512400,有色金属ETF南方,sector,有色金属,0.8981788079470201,512400,0.8981788079470201,511010,0.007096899699552406,最佳行业/主题 ETF 动量为正，持有该 ETF
mom_6m,126,weekly,2026-01-30,512400,有色金属ETF南方,sector,有色金属,0.8460931333859512,512400,0.8460931333859512,511010,0.009353213723820364,最佳行业/主题 ETF 动量为正，持有该 ETF
mom_6m,126,weekly,2026-02-06,512400,有色金属ETF南方,sector,有色金属,0.7504065040650407,512400,0.7504065040650407,511010,0.010085343067589125,最佳行业/主题 ETF 动量为正，持有该 ETF
mom_6m,126,weekly,2026-02-13,512400,有色金属ETF南方,sector,有色金属,0.7,512400,0.7,511010,0.01160350484981798,最佳行业/主题 ETF 动量为正，持有该 ETF
mom_6m,126,weekly,2026-02-27,512400,有色金属ETF南方,sector,有色金属,0.8106686701728025,512400,0.8106686701728025,511010,0.010514246154511797,最佳行业/主题 ETF 动量为正，持有该 ETF
mom_6m,126,weekly,2026-03-06,512400,有色金属ETF南方,sector,有色金属,0.6844050258684404,512400,0.6844050258684404,511260,0.015165340673428895,最佳行业/主题 ETF 动量为正，持有该 ETF
mom_6m,126,weekly,2026-03-13,512400,有色金属ETF南方,sector,有色金属,0.4908225696804893,512400,0.4908225696804893,511010,0.012486278814489493,最佳行业/主题 ETF 动量为正，持有该 ETF
mom_6m,126,weekly,2026-03-20,512400,有色金属ETF南方,sector,有色金属,0.2848525469168901,512400,0.2848525469168901,511010,0.012113734911942675,最佳行业/主题 ETF 动量为正，持有该 ETF
mom_6m,126,weekly,2026-03-27,512400,有色金属ETF南方,sector,有色金属,0.277310924369748,512400,0.277310924369748,511260,0.013153828178590565,最佳行业/主题 ETF 动量为正，持有该 ETF
mom_6m,126,weekly,2026-04-03,512400,有色金属ETF南方,sector,有色金属,0.3290627107215105,512400,0.3290627107215105,511260,0.012975667798805546,最佳行业/主题 ETF 动量为正，持有该 ETF
mom_6m,126,weekly,2026-04-10,512400,有色金属ETF南方,sector,有色金属,0.3672537508153948,512400,0.3672537508153948,511260,0.017217932639277178,最佳行业/主题 ETF 动量为正，持有该 ETF
mom_6m,126,weekly,2026-04-17,512400,有色金属ETF南方,sector,有色金属,0.2511547344110854,512400,0.2511547344110854,511260,0.01782231893442554,最佳行业/主题 ETF 动量为正，持有该 ETF
mom_6m,126,weekly,2026-04-24,512400,有色金属ETF南方,sector,有色金属,0.267504488330341,512400,0.267504488330341,511010,0.013516040857430411,最佳行业/主题 ETF 动量为正，持有该 ETF
mom_6m,126,weekly,2026-04-30,512400,有色金属ETF南方,sector,有色金属,0.26810293237582306,512400,0.26810293237582306,511260,0.01591499977457511,最佳行业/主题 ETF 动量为正，持有该 ETF
mom_6m,126,weekly,2026-05-08,512400,有色金属ETF南方,sector,有色金属,0.3084223013048637,512400,0.3084223013048637,511260,0.012137321702669235,最佳行业/主题 ETF 动量为正，持有该 ETF
mom_6m,126,weekly,2026-05-15,512480,半导体ETF国联安,sector,半导体,0.41713091922005585,512480,0.41713091922005585,511010,0.012044908353958217,最佳行业/主题 ETF 动量为正，持有该 ETF
mom_6m,126,weekly,2026-05-22,512480,半导体ETF国联安,sector,半导体,0.5318404478656402,512480,0.5318404478656402,511260,0.014383694984800188,最佳行业/主题 ETF 动量为正，持有该 ETF
mom_6m,126,weekly,2026-05-29,512480,半导体ETF国联安,sector,半导体,0.5308291991495393,512480,0.5308291991495393,511260,0.016661807907070614,最佳行业/主题 ETF 动量为正，持有该 ETF
mom_6m,126,weekly,2026-06-05,512480,半导体ETF国联安,sector,半导体,0.5523385300668153,512480,0.5523385300668153,511260,0.018289716898530983,最佳行业/主题 ETF 动量为正，持有该 ETF
mom_6m,126,weekly,2026-06-12,512480,半导体ETF国联安,sector,半导体,0.5085959885386819,512480,0.5085959885386819,511260,0.016356821589205373,最佳行业/主题 ETF 动量为正，持有该 ETF
mom_6m,126,weekly,2026-06-18,512480,半导体ETF国联安,sector,半导体,0.7217210270645384,512480,0.7217210270645384,511260,0.020341704621341217,最佳行业/主题 ETF 动量为正，持有该 ETF
mom_6m,126,biweekly,2015-01-16,CASH,空仓,cash,现金,0.0,,,,,行业和防守资产均无正动量，空仓
mom_6m,126,biweekly,2015-01-30,CASH,空仓,cash,现金,0.0,,,,,行业和防守资产均无正动量，空仓
mom_6m,126,biweekly,2015-02-13,CASH,空仓,cash,现金,0.0,,,,,行业和防守资产均无正动量，空仓
mom_6m,126,biweekly,2015-02-27,CASH,空仓,cash,现金,0.0,,,,,行业和防守资产均无正动量，空仓
mom_6m,126,biweekly,2015-03-13,CASH,空仓,cash,现金,0.0,,,,,行业和防守资产均无正动量，空仓
mom_6m,126,biweekly,2015-03-27,CASH,空仓,cash,现金,0.0,,,,,行业和防守资产均无正动量，空仓
mom_6m,126,biweekly,2015-04-10,CASH,空仓,cash,现金,0.0,,,,,行业和防守资产均无正动量，空仓
mom_6m,126,biweekly,2015-04-24,CASH,空仓,cash,现金,0.0,,,,,行业和防守资产均无正动量，空仓
mom_6m,126,biweekly,2015-05-08,CASH,空仓,cash,现金,0.0,,,,,行业和防守资产均无正动量，空仓
mom_6m,126,biweekly,2015-05-22,CASH,空仓,cash,现金,0.0,,,,,行业和防守资产均无正动量，空仓
mom_6m,126,biweekly,2015-06-05,CASH,空仓,cash,现金,0.0,,,,,行业和防守资产均无正动量，空仓
mom_6m,126,biweekly,2015-06-19,CASH,空仓,cash,现金,0.0,,,,,行业和防守资产均无正动量，空仓
mom_6m,126,biweekly,2015-07-03,CASH,空仓,cash,现金,0.0,,,,,行业和防守资产均无正动量，空仓
mom_6m,126,biweekly,2015-07-17,512010,医药ETF易方达,sector,医药,0.3294573643410854,512010,0.3294573643410854,511010,0.046005542596247784,最佳行业/主题 ETF 动量为正，持有该 ETF
mom_6m,126,biweekly,2015-07-31,159928,消费ETF汇添富,sector,消费,0.20066889632107032,159928,0.20066889632107032,511010,0.023104636591478656,最佳行业/主题 ETF 动量为正，持有该 ETF
mom_6m,126,biweekly,2015-08-14,159928,消费ETF汇添富,sector,消费,0.3776223776223777,159928,0.3776223776223777,511010,0.01712997600054411,最佳行业/主题 ETF 动量为正，持有该 ETF
mom_6m,126,biweekly,2015-08-28,159928,消费ETF汇添富,sector,消费,0.11258278145695377,159928,0.11258278145695377,511010,0.02068509018699327,最佳行业/主题 ETF 动量为正，持有该 ETF
mom_6m,126,biweekly,2015-09-11,512010,医药ETF易方达,sector,医药,0.06249999999999978,512010,0.06249999999999978,511010,0.018620830775526898,最佳行业/主题 ETF 动量为正，持有该 ETF
mom_6m,126,biweekly,2015-09-25,511010,国债ETF国泰,defensive,国债,0.019045856186737042,512010,-0.0680272108843536,511010,0.019045856186737042,最佳行业/主题 ETF 动量为负或不可用，切换到正动量防守资产
mom_6m,126,biweekly,2015-10-09,511010,国债ETF国泰,defensive,国债,0.031782154908577276,512010,-0.06818181818181823,511010,0.031782154908577276,最佳行业/主题 ETF 动量为负或不可用，切换到正动量防守资产
mom_6m,126,biweekly,2015-10-23,511010,国债ETF国泰,defensive,国债,0.03143116030281479,512010,-0.06042296072507558,511010,0.03143116030281479,最佳行业/主题 ETF 动量为负或不可用，切换到正动量防守资产
mom_6m,126,biweekly,2015-11-06,511010,国债ETF国泰,defensive,国债,0.02237591537835648,512010,-0.05373134328358209,511010,0.02237591537835648,最佳行业/主题 ETF 动量为负或不可用，切换到正动量防守资产
mom_6m,126,biweekly,2015-11-20,511010,国债ETF国泰,defensive,国债,0.015647294743742934,512010,-0.07894736842105265,511010,0.015647294743742934,最佳行业/主题 ETF 动量为负或不可用，切换到正动量防守资产
mom_6m,126,biweekly,2015-12-04,511010,国债ETF国泰,defensive,国债,0.03736633896047947,512010,-0.20750000000000002,511010,0.03736633896047947,最佳行业/主题 ETF 动量为负或不可用，切换到正动量防守资产
mom_6m,126,biweekly,2015-12-18,511010,国债ETF国泰,defensive,国债,0.03804999853691382,512010,-0.1925,511010,0.03804999853691382,最佳行业/主题 ETF 动量为负或不可用，切换到正动量防守资产
mom_6m,126,biweekly,2015-12-31,512010,医药ETF易方达,sector,医药,0.0641025641025641,512010,0.0641025641025641,511010,0.0478616266108689,最佳行业/主题 ETF 动量为正，持有该 ETF
mom_6m,126,biweekly,2016-01-15,511010,国债ETF国泰,defensive,国债,0.03964910924759435,512010,-0.17210682492581597,511010,0.03964910924759435,最佳行业/主题 ETF 动量为负或不可用，切换到正动量防守资产
mom_6m,126,biweekly,2016-01-29,511010,国债ETF国泰,defensive,国债,0.02592340767838497,512010,-0.120253164556962,511010,0.02592340767838497,最佳行业/主题 ETF 动量为负或不可用，切换到正动量防守资产
mom_6m,126,biweekly,2016-02-19,511010,国债ETF国泰,defensive,国债,0.023583872288950092,512010,-0.19767441860465107,511010,0.023583872288950092,最佳行业/主题 ETF 动量为负或不可用，切换到正动量防守资产
mom_6m,126,biweekly,2016-03-04,511010,国债ETF国泰,defensive,国债,0.03408600190006439,512010,-0.031914893617021156,511010,0.03408600190006439,最佳行业/主题 ETF 动量为负或不可用，切换到正动量防守资产
mom_6m,126,biweekly,2016-03-18,511010,国债ETF国泰,defensive,国债,0.03002162090083904,159928,-0.040000000000000036,511010,0.03002162090083904,最佳行业/主题 ETF 动量为负或不可用，切换到正动量防守资产
mom_6m,126,biweekly,2016-04-01,159928,消费ETF汇添富,sector,消费,0.03194888178913735,159928,0.03194888178913735,511010,0.04224759902527597,最佳行业/主题 ETF 动量为正，持有该 ETF
mom_6m,126,biweekly,2016-04-15,511010,国债ETF国泰,defensive,国债,0.026906254141972674,159928,-0.021341463414634165,511010,0.026906254141972674,最佳行业/主题 ETF 动量为负或不可用，切换到正动量防守资产
mom_6m,126,biweekly,2016-04-29,511010,国债ETF国泰,defensive,国债,0.017320624635033033,159928,-0.030303030303030276,511010,0.017320624635033033,最佳行业/主题 ETF 动量为负或不可用，切换到正动量防守资产
mom_6m,126,biweekly,2016-05-13,511010,国债ETF国泰,defensive,国债,0.039124528879450615,159928,-0.06179775280898869,511010,0.039124528879450615,最佳行业/主题 ETF 动量为负或不可用，切换到正动量防守资产
mom_6m,126,biweekly,2016-05-27,511010,国债ETF国泰,defensive,国债,0.02728152943633355,159928,-0.06321839080459757,511010,0.02728152943633355,最佳行业/主题 ETF 动量为负或不可用，切换到正动量防守资产
mom_6m,126,biweekly,2016-06-08,511010,国债ETF国泰,defensive,国债,0.021347879840315498,159928,-0.011695906432748537,511010,0.021347879840315498,最佳行业/主题 ETF 动量为负或不可用，切换到正动量防守资产
mom_6m,126,biweekly,2016-06-24,511010,国债ETF国泰,defensive,国债,0.024513637005982414,159928,-0.03735632183908033,511010,0.024513637005982414,最佳行业/主题 ETF 动量为负或不可用，切换到正动量防守资产
mom_6m,126,biweekly,2016-07-08,511010,国债ETF国泰,defensive,国债,0.020089764764064322,159928,-0.0055248618784530246,511010,0.020089764764064322,最佳行业/主题 ETF 动量为负或不可用，切换到正动量防守资产
mom_6m,126,biweekly,2016-07-22,159928,消费ETF汇添富,sector,消费,0.141509433962264,159928,0.141509433962264,511010,0.018139240976842608,最佳行业/主题 ETF 动量为正，持有该 ETF
mom_6m,126,biweekly,2016-08-05,159928,消费ETF汇添富,sector,消费,0.21262458471760803,159928,0.21262458471760803,511010,0.02718192849808654,最佳行业/主题 ETF 动量为正，持有该 ETF
mom_6m,126,biweekly,2016-08-19,159928,消费ETF汇添富,sector,消费,0.19205298013245042,159928,0.19205298013245042,511010,0.025190065417864727,最佳行业/主题 ETF 动量为正，持有该 ETF
mom_6m,126,biweekly,2016-09-02,159928,消费ETF汇添富,sector,消费,0.20132013201320142,159928,0.20132013201320142,511010,0.02056440761328515,最佳行业/主题 ETF 动量为正，持有该 ETF
mom_6m,126,biweekly,2016-09-14,159928,消费ETF汇添富,sector,消费,0.1568627450980391,159928,0.1568627450980391,511010,0.018151555781589668,最佳行业/主题 ETF 动量为正，持有该 ETF
mom_6m,126,biweekly,2016-09-30,512010,医药ETF易方达,sector,医药,0.12631578947368438,512010,0.12631578947368438,511010,0.015599720547139206,最佳行业/主题 ETF 动量为正，持有该 ETF
mom_6m,126,biweekly,2016-10-21,512010,医药ETF易方达,sector,医药,0.14634146341463428,512010,0.14634146341463428,511010,0.024079502922359275,最佳行业/主题 ETF 动量为正，持有该 ETF
mom_6m,126,biweekly,2016-11-04,512010,医药ETF易方达,sector,医药,0.1678571428571427,512010,0.1678571428571427,511010,0.027480364552459946,最佳行业/主题 ETF 动量为正，持有该 ETF
mom_6m,126,biweekly,2016-11-18,512010,医药ETF易方达,sector,医药,0.1785714285714286,512010,0.1785714285714286,511010,0.011019258386419706,最佳行业/主题 ETF 动量为正，持有该 ETF
mom_6m,126,biweekly,2016-12-02,512010,医药ETF易方达,sector,医药,0.18705035971223016,512010,0.18705035971223016,511010,0.007466272408057639,最佳行业/主题 ETF 动量为正，持有该 ETF
mom_6m,126,biweekly,2016-12-16,512010,医药ETF易方达,sector,医药,0.14840989399293303,512010,0.14840989399293303,511010,-0.022453460268260672,最佳行业/主题 ETF 动量为正，持有该 ETF
mom_6m,126,biweekly,2016-12-30,512010,医药ETF易方达,sector,医药,0.13058419243986275,512010,0.13058419243986275,511010,-0.00836132679846524,最佳行业/主题 ETF 动量为正，持有该 ETF
mom_6m,126,biweekly,2017-01-13,512010,医药ETF易方达,sector,医药,0.0726072607260726,512010,0.0726072607260726,511010,-0.011053565873030413,最佳行业/主题 ETF 动量为正，持有该 ETF
mom_6m,126,biweekly,2017-01-26,512010,医药ETF易方达,sector,医药,0.08496732026143805,512010,0.08496732026143805,511010,-0.012449344675258156,最佳行业/主题 ETF 动量为正，持有该 ETF
mom_6m,126,biweekly,2017-02-10,512010,医药ETF易方达,sector,医药,0.06451612903225823,512010,0.06451612903225823,511010,-0.0213688814527202,最佳行业/主题 ETF 动量为正，持有该 ETF
mom_6m,126,biweekly,2017-02-24,159928,消费ETF汇添富,sector,消费,0.05929919137466322,159928,0.05929919137466322,511010,-0.017677592653090768,最佳行业/主题 ETF 动量为正，持有该 ETF
mom_6m,126,biweekly,2017-03-10,159928,消费ETF汇添富,sector,消费,0.07734806629834257,159928,0.07734806629834257,511010,-0.020422241182130096,最佳行业/主题 ETF 动量为正，持有该 ETF
mom_6m,126,biweekly,2017-03-24,159928,消费ETF汇添富,sector,消费,0.15211267605633805,159928,0.15211267605633805,511010,-0.014542180508567149,最佳行业/主题 ETF 动量为正，持有该 ETF
mom_6m,126,biweekly,2017-04-07,159928,消费ETF汇添富,sector,消费,0.15014164305949018,159928,0.15014164305949018,511010,-0.01779963166919174,最佳行业/主题 ETF 动量为正，持有该 ETF
mom_6m,126,biweekly,2017-04-21,159928,消费ETF汇添富,sector,消费,0.14206128133704743,159928,0.14206128133704743,511010,-0.02836399100587872,最佳行业/主题 ETF 动量为正，持有该 ETF
mom_6m,126,biweekly,2017-05-05,512010,医药ETF易方达,sector,医药,0.09785932721712531,512010,0.09785932721712531,511010,-0.03654553983833719,最佳行业/主题 ETF 动量为正，持有该 ETF
mom_6m,126,biweekly,2017-05-19,159928,消费ETF汇添富,sector,消费,0.11475409836065564,159928,0.11475409836065564,511010,-0.04360383778758592,最佳行业/主题 ETF 动量为正，持有该 ETF
mom_6m,126,biweekly,2017-06-02,159928,消费ETF汇添富,sector,消费,0.12568306010928953,159928,0.12568306010928953,511010,-0.0275423536358268,最佳行业/主题 ETF 动量为正，持有该 ETF
mom_6m,126,biweekly,2017-06-16,159928,消费ETF汇添富,sector,消费,0.15945945945945939,159928,0.15945945945945939,511010,-0.014123982282994274,最佳行业/主题 ETF 动量为正，持有该 ETF
mom_6m,126,biweekly,2017-06-30,159928,消费ETF汇添富,sector,消费,0.23013698630137003,159928,0.23013698630137003,511010,-0.001455115289903608,最佳行业/主题 ETF 动量为正，持有该 ETF
mom_6m,126,biweekly,2017-07-14,159928,消费ETF汇添富,sector,消费,0.1671159029649596,159928,0.1671159029649596,511010,-0.007661734868768422,最佳行业/主题 ETF 动量为正，持有该 ETF
mom_6m,126,biweekly,2017-07-28,159928,消费ETF汇添富,sector,消费,0.21857923497267762,159928,0.21857923497267762,511010,-0.009708558154170821,最佳行业/主题 ETF 动量为正，持有该 ETF
mom_6m,126,biweekly,2017-08-11,159928,消费ETF汇添富,sector,消费,0.20799999999999996,159928,0.20799999999999996,511010,-0.006801145260973196,最佳行业/主题 ETF 动量为正，持有该 ETF
mom_6m,126,biweekly,2017-08-25,159928,消费ETF汇添富,sector,消费,0.17632241813602012,159928,0.17632241813602012,511010,-0.009714470224641336,最佳行业/主题 ETF 动量为正，持有该 ETF
mom_6m,126,biweekly,2017-09-08,159928,消费ETF汇添富,sector,消费,0.2005141388174807,159928,0.2005141388174807,511010,-0.0067372740379283425,最佳行业/主题 ETF 动量为正，持有该 ETF
mom_6m,126,biweekly,2017-09-22,159928,消费ETF汇添富,sector,消费,0.21867321867321876,159928,0.21867321867321876,511010,-0.008618138777925721,最佳行业/主题 ETF 动量为正，持有该 ETF
mom_6m,126,biweekly,2017-10-13,159928,消费ETF汇添富,sector,消费,0.3242574257425743,159928,0.3242574257425743,511010,-0.010442056281852463,最佳行业/主题 ETF 动量为正，持有该 ETF
mom_6m,126,biweekly,2017-10-27,159928,消费ETF汇添富,sector,消费,0.4049382716049381,159928,0.4049382716049381,511010,-0.006361891987555768,最佳行业/主题 ETF 动量为正，持有该 ETF
mom_6m,126,biweekly,2017-11-10,159928,消费ETF汇添富,sector,消费,0.45316455696202507,159928,0.45316455696202507,511010,0.0027216247161063745,最佳行业/主题 ETF 动量为正，持有该 ETF
mom_6m,126,biweekly,2017-11-24,159928,消费ETF汇添富,sector,消费,0.3406326034063263,159928,0.3406326034063263,511010,0.0038645425855583504,最佳行业/主题 ETF 动量为正，持有该 ETF
mom_6m,126,biweekly,2017-12-08,159928,消费ETF汇添富,sector,消费,0.2752941176470589,159928,0.2752941176470589,511010,-0.0017402531787690245,最佳行业/主题 ETF 动量为正，持有该 ETF
mom_6m,126,biweekly,2017-12-22,159928,消费ETF汇添富,sector,消费,0.3439635535307517,159928,0.3439635535307517,511010,-0.0025666632444490967,最佳行业/主题 ETF 动量为正，持有该 ETF
mom_6m,126,biweekly,2018-01-05,159928,消费ETF汇添富,sector,消费,0.3504464285714286,159928,0.3504464285714286,511010,-0.001960290122938191,最佳行业/主题 ETF 动量为正，持有该 ETF
mom_6m,126,biweekly,2018-01-19,159928,消费ETF汇添富,sector,消费,0.4285714285714286,159928,0.4285714285714286,511010,-0.0007012229327948427,最佳行业/主题 ETF 动量为正，持有该 ETF
mom_6m,126,biweekly,2018-02-02,159928,消费ETF汇添富,sector,消费,0.35189309576837413,159928,0.35189309576837413,511010,0.0014099894484231879,最佳行业/主题 ETF 动量为正，持有该 ETF
mom_6m,126,biweekly,2018-02-14,159928,消费ETF汇添富,sector,消费,0.23390557939914136,159928,0.23390557939914136,511010,0.005650981928047916,最佳行业/主题 ETF 动量为正，持有该 ETF
mom_6m,126,biweekly,2018-03-02,159928,消费ETF汇添富,sector,消费,0.23076923076923062,159928,0.23076923076923062,511010,0.009093958480861586,最佳行业/主题 ETF 动量为正，持有该 ETF
mom_6m,126,biweekly,2018-03-16,159928,消费ETF汇添富,sector,消费,0.21868365180467086,159928,0.21868365180467086,511010,0.007650161203153205,最佳行业/主题 ETF 动量为正，持有该 ETF
mom_6m,126,biweekly,2018-03-30,512010,医药ETF易方达,sector,医药,0.23989218328840978,512010,0.23989218328840978,511010,0.012302038836762508,最佳行业/主题 ETF 动量为正，持有该 ETF
mom_6m,126,biweekly,2018-04-13,512010,医药ETF易方达,sector,医药,0.171875,512010,0.171875,511010,0.0179707764942989,最佳行业/主题 ETF 动量为正，持有该 ETF
mom_6m,126,biweekly,2018-04-27,512010,医药ETF易方达,sector,医药,0.12469437652811743,512010,0.12469437652811743,511010,0.02522807148732542,最佳行业/主题 ETF 动量为正，持有该 ETF
mom_6m,126,biweekly,2018-05-11,512010,医药ETF易方达,sector,医药,0.1771844660194175,512010,0.1771844660194175,511010,0.026929358538737347,最佳行业/主题 ETF 动量为正，持有该 ETF
mom_6m,126,biweekly,2018-05-25,512010,医药ETF易方达,sector,医药,0.2541567695961997,512010,0.2541567695961997,511260,0.032385216952573126,最佳行业/主题 ETF 动量为正，持有该 ETF
mom_6m,126,biweekly,2018-06-08,512010,医药ETF易方达,sector,医药,0.2972292191435768,512010,0.2972292191435768,511260,0.034615303607910874,最佳行业/主题 ETF 动量为正，持有该 ETF
mom_6m,126,biweekly,2018-06-22,512010,医药ETF易方达,sector,医药,0.20975609756097557,512010,0.20975609756097557,511260,0.040374401850975516,最佳行业/主题 ETF 动量为正，持有该 ETF
mom_6m,126,biweekly,2018-07-06,512010,医药ETF易方达,sector,医药,0.1289537712895379,512010,0.1289537712895379,511260,0.04605822633308487,最佳行业/主题 ETF 动量为正，持有该 ETF
mom_6m,126,biweekly,2018-07-20,512010,医药ETF易方达,sector,医药,0.1502347417840375,512010,0.1502347417840375,511260,0.056472522607980746,最佳行业/主题 ETF 动量为正，持有该 ETF
mom_6m,126,biweekly,2018-08-03,512010,医药ETF易方达,sector,医药,0.018648018648018683,512010,0.018648018648018683,511260,0.05775549751453379,最佳行业/主题 ETF 动量为正，持有该 ETF
mom_6m,126,biweekly,2018-08-17,512010,医药ETF易方达,sector,医药,0.03749999999999987,512010,0.03749999999999987,511010,0.024170338012164283,最佳行业/主题 ETF 动量为正，持有该 ETF
mom_6m,126,biweekly,2018-08-31,512010,医药ETF易方达,sector,医药,0.03170731707317076,512010,0.03170731707317076,511260,0.03299560749212649,最佳行业/主题 ETF 动量为正，持有该 ETF
mom_6m,126,biweekly,2018-09-14,511260,十年国债ETF国泰,defensive,十年国债,0.030794030471634315,512010,-0.10022779043280183,511260,0.030794030471634315,最佳行业/主题 ETF 动量为负或不可用，切换到正动量防守资产
mom_6m,126,biweekly,2018-09-28,159928,消费ETF汇添富,sector,消费,0.016917293233082775,159928,0.016917293233082775,511260,0.027943060204123737,最佳行业/主题 ETF 动量为正，持有该 ETF
mom_6m,126,biweekly,2018-10-19,511260,十年国债ETF国泰,defensive,十年国债,0.028513949048508458,512800,-0.04417670682730923,511260,0.028513949048508458,最佳行业/主题 ETF 动量为负或不可用，切换到正动量防守资产
mom_6m,126,biweekly,2018-11-02,512800,银行ETF华宝,sector,银行,0.01840490797546024,512800,0.01840490797546024,511260,0.01843299303192336,最佳行业/主题 ETF 动量为正，持有该 ETF
mom_6m,126,biweekly,2018-11-16,511260,十年国债ETF国泰,defensive,十年国债,0.04415760173062511,512800,-0.04225352112676062,511260,0.04415760173062511,最佳行业/主题 ETF 动量为负或不可用，切换到正动量防守资产
mom_6m,126,biweekly,2018-11-30,511260,十年国债ETF国泰,defensive,十年国债,0.029897742229421986,512800,-0.01666666666666672,511260,0.029897742229421986,最佳行业/主题 ETF 动量为负或不可用，切换到正动量防守资产
mom_6m,126,biweekly,2018-12-14,511260,十年国债ETF国泰,defensive,十年国债,0.036941510966693736,512800,-0.00213219616204674,511260,0.036941510966693736,最佳行业/主题 ETF 动量为负或不可用，切换到正动量防守资产
mom_6m,126,biweekly,2018-12-28,512800,银行ETF华宝,sector,银行,0.018223234624145768,512800,0.018223234624145768,511260,0.04590984129556297,最佳行业/主题 ETF 动量为正，持有该 ETF
mom_6m,126,biweekly,2019-01-11,512880,证券ETF国泰,sector,证券,0.04704301075268824,512880,0.04704301075268824,511260,0.039060300092521594,最佳行业/主题 ETF 动量为正，持有该 ETF
mom_6m,126,biweekly,2019-01-25,512880,证券ETF国泰,sector,证券,0.036988110964332854,512880,0.036988110964332854,511260,0.033151216778738224,最佳行业/主题 ETF 动量为正，持有该 ETF
mom_6m,126,biweekly,2019-02-15,512880,证券ETF国泰,sector,证券,0.16975748930099854,512880,0.16975748930099854,511260,0.030647160922390393,最佳行业/主题 ETF 动量为正，持有该 ETF
mom_6m,126,biweekly,2019-03-01,512880,证券ETF国泰,sector,证券,0.4537815126050422,512880,0.4537815126050422,511260,0.0425637343634655,最佳行业/主题 ETF 动量为正，持有该 ETF
mom_6m,126,biweekly,2019-03-15,512880,证券ETF国泰,sector,证券,0.4351464435146444,512880,0.4351464435146444,511260,0.04023069348712904,最佳行业/主题 ETF 动量为正，持有该 ETF
mom_6m,126,biweekly,2019-03-29,512880,证券ETF国泰,sector,证券,0.5429799426934099,512880,0.5429799426934099,511260,0.048157441276943214,最佳行业/主题 ETF 动量为正，持有该 ETF
mom_6m,126,biweekly,2019-04-12,512880,证券ETF国泰,sector,证券,0.5341880341880343,512880,0.5341880341880343,511260,0.03026832625096687,最佳行业/主题 ETF 动量为正，持有该 ETF
mom_6m,126,biweekly,2019-04-26,512880,证券ETF国泰,sector,证券,0.4822695035460993,512880,0.4822695035460993,511260,0.016935435525448295,最佳行业/主题 ETF 动量为正，持有该 ETF
mom_6m,126,biweekly,2019-05-10,159928,消费ETF汇添富,sector,消费,0.5811764705882354,159928,0.5811764705882354,511260,0.021166126240824257,最佳行业/主题 ETF 动量为正，持有该 ETF
mom_6m,126,biweekly,2019-05-24,159928,消费ETF汇添富,sector,消费,0.4754464285714286,159928,0.4754464285714286,511010,0.014453413550965077,最佳行业/主题 ETF 动量为正，持有该 ETF
mom_6m,126,biweekly,2019-06-06,159928,消费ETF汇添富,sector,消费,0.48979591836734704,159928,0.48979591836734704,511010,0.020295960443405203,最佳行业/主题 ETF 动量为正，持有该 ETF
mom_6m,126,biweekly,2019-06-21,159928,消费ETF汇添富,sector,消费,0.5346320346320346,159928,0.5346320346320346,511010,0.01072260660830282,最佳行业/主题 ETF 动量为正，持有该 ETF
mom_6m,126,biweekly,2019-07-05,159928,消费ETF汇添富,sector,消费,0.6422222222222222,159928,0.6422222222222222,511260,0.015462407996720051,最佳行业/主题 ETF 动量为正，持有该 ETF
mom_6m,126,biweekly,2019-07-19,159928,消费ETF汇添富,sector,消费,0.5934065934065933,159928,0.5934065934065933,511010,0.008952001474447302,最佳行业/主题 ETF 动量为正，持有该 ETF
mom_6m,126,biweekly,2019-08-02,159928,消费ETF汇添富,sector,消费,0.46311475409836067,159928,0.46311475409836067,511010,0.012428743335470616,最佳行业/主题 ETF 动量为正，持有该 ETF
mom_6m,126,biweekly,2019-08-16,159928,消费ETF汇添富,sector,消费,0.35018726591760285,159928,0.35018726591760285,511260,0.01714087506142392,最佳行业/主题 ETF 动量为正，持有该 ETF
mom_6m,126,biweekly,2019-08-30,159928,消费ETF汇添富,sector,消费,0.3605683836589699,159928,0.3605683836589699,511260,0.020834545207763844,最佳行业/主题 ETF 动量为正，持有该 ETF
mom_6m,126,biweekly,2019-09-12,159928,消费ETF汇添富,sector,消费,0.3012259194395799,159928,0.3012259194395799,511260,0.01570877894675826,最佳行业/主题 ETF 动量为正，持有该 ETF
mom_6m,126,biweekly,2019-09-27,159928,消费ETF汇添富,sector,消费,0.1934959349593497,159928,0.1934959349593497,511010,0.012209445009290665,最佳行业/主题 ETF 动量为正，持有该 ETF
mom_6m,126,biweekly,2019-10-11,159928,消费ETF汇添富,sector,消费,0.10863095238095233,159928,0.10863095238095233,511010,0.016241870275971237,最佳行业/主题 ETF 动量为正，持有该 ETF
mom_6m,126,biweekly,2019-10-25,159928,消费ETF汇添富,sector,消费,0.0948905109489051,159928,0.0948905109489051,511260,0.022768965145138598,最佳行业/主题 ETF 动量为正，持有该 ETF
mom_6m,126,biweekly,2019-11-08,512690,酒ETF鹏华,sector,白酒/酒,0.7936507936507937,512690,0.7936507936507937,511260,0.01551865759211446,最佳行业/主题 ETF 动量为正，持有该 ETF
mom_6m,126,biweekly,2019-11-22,512690,酒ETF鹏华,sector,白酒/酒,0.5479452054794522,512690,0.5479452054794522,511010,0.019225193086662706,最佳行业/主题 ETF 动量为正，持有该 ETF
mom_6m,126,biweekly,2019-12-06,512690,酒ETF鹏华,sector,白酒/酒,1.0625,512690,1.0625,511010,0.017135359720096277,最佳行业/主题 ETF 动量为正，持有该 ETF
mom_6m,126,biweekly,2019-12-20,512690,酒ETF鹏华,sector,白酒/酒,0.696969696969697,512690,0.696969696969697,511010,0.015919919569873597,最佳行业/主题 ETF 动量为正，持有该 ETF
mom_6m,126,biweekly,2020-01-03,512480,半导体ETF国联安,sector,半导体,0.44767441860465107,512480,0.44767441860465107,511260,0.01700552390317278,最佳行业/主题 ETF 动量为正，持有该 ETF
mom_6m,126,biweekly,2020-01-17,512480,半导体ETF国联安,sector,半导体,0.6441351888667992,512480,0.6441351888667992,511010,0.01918523676880235,最佳行业/主题 ETF 动量为正，持有该 ETF
mom_6m,126,biweekly,2020-02-07,512480,半导体ETF国联安,sector,半导体,0.7233644859813084,512480,0.7233644859813084,511260,0.03867944458314909,最佳行业/主题 ETF 动量为正，持有该 ETF
mom_6m,126,biweekly,2020-02-21,512480,半导体ETF国联安,sector,半导体,1.2237354085603114,512480,1.2237354085603114,511260,0.02246744020838265,最佳行业/主题 ETF 动量为正，持有该 ETF
mom_6m,126,biweekly,2020-03-06,512480,半导体ETF国联安,sector,半导体,0.8139963167587476,512480,0.8139963167587476,511260,0.04105129275978592,最佳行业/主题 ETF 动量为正，持有该 ETF
mom_6m,126,biweekly,2020-03-20,512480,半导体ETF国联安,sector,半导体,0.3849693251533741,512480,0.3849693251533741,511260,0.03302106172347341,最佳行业/主题 ETF 动量为正，持有该 ETF
mom_6m,126,biweekly,2020-04-03,512480,半导体ETF国联安,sector,半导体,0.2699115044247786,512480,0.2699115044247786,511260,0.048935055034068586,最佳行业/主题 ETF 动量为正，持有该 ETF
mom_6m,126,biweekly,2020-04-17,512480,半导体ETF国联安,sector,半导体,0.43042071197411014,512480,0.43042071197411014,511260,0.059644027476569494,最佳行业/主题 ETF 动量为正，持有该 ETF
mom_6m,126,biweekly,2020-04-30,512480,半导体ETF国联安,sector,半导体,0.5546075085324234,512480,0.5546075085324234,511010,0.071144808246566,最佳行业/主题 ETF 动量为正，持有该 ETF
mom_6m,126,biweekly,2020-05-15,512480,半导体ETF国联安,sector,半导体,0.6721854304635762,512480,0.6721854304635762,511010,0.06340070108625095,最佳行业/主题 ETF 动量为正，持有该 ETF
mom_6m,126,biweekly,2020-05-29,512480,半导体ETF国联安,sector,半导体,0.43917851500789884,512480,0.43917851500789884,511260,0.04894884573523517,最佳行业/主题 ETF 动量为正，持有该 ETF
mom_6m,126,biweekly,2020-06-12,512690,酒ETF鹏华,sector,白酒/酒,0.5825688073394495,512690,0.5825688073394495,511260,0.04282624643908561,最佳行业/主题 ETF 动量为正，持有该 ETF
mom_6m,126,biweekly,2020-06-24,512690,酒ETF鹏华,sector,白酒/酒,0.6696035242290748,512690,0.6696035242290748,511260,0.03648729860442046,最佳行业/主题 ETF 动量为正，持有该 ETF
mom_6m,126,biweekly,2020-07-10,512690,酒ETF鹏华,sector,白酒/酒,1.0728744939271255,512690,1.0728744939271255,511010,0.013816571335744321,最佳行业/主题 ETF 动量为正，持有该 ETF
mom_6m,126,biweekly,2020-07-24,512690,酒ETF鹏华,sector,白酒/酒,0.8467432950191569,512690,0.8467432950191569,511260,0.02504793297883401,最佳行业/主题 ETF 动量为正，持有该 ETF
mom_6m,126,biweekly,2020-08-07,512690,酒ETF鹏华,sector,白酒/酒,1.6629834254143647,512690,1.6629834254143647,511010,0.000765677456267877,最佳行业/主题 ETF 动量为正，持有该 ETF
mom_6m,126,biweekly,2020-08-21,512690,酒ETF鹏华,sector,白酒/酒,1.55868544600939,512690,1.55868544600939,511010,-0.0002025436101710243,最佳行业/主题 ETF 动量为正，持有该 ETF
mom_6m,126,biweekly,2020-09-04,512690,酒ETF鹏华,sector,白酒/酒,1.883177570093458,512690,1.883177570093458,511010,-0.012190418699800531,最佳行业/主题 ETF 动量为正，持有该 ETF
mom_6m,126,biweekly,2020-09-18,512690,酒ETF鹏华,sector,白酒/酒,2.7261146496815285,512690,2.7261146496815285,511010,-0.009041682407757157,最佳行业/主题 ETF 动量为正，持有该 ETF
mom_6m,126,biweekly,2020-09-30,512690,酒ETF鹏华,sector,白酒/酒,2.1160220994475134,512690,2.1160220994475134,511010,-0.018772551171413854,最佳行业/主题 ETF 动量为正，持有该 ETF
mom_6m,126,biweekly,2020-10-16,512690,酒ETF鹏华,sector,白酒/酒,2.07,512690,2.07,511010,-0.03207651036488668,最佳行业/主题 ETF 动量为正，持有该 ETF
mom_6m,126,biweekly,2020-10-30,512690,酒ETF鹏华,sector,白酒/酒,1.9333333333333336,512690,1.9333333333333336,511260,-0.03256653134866938,最佳行业/主题 ETF 动量为正，持有该 ETF
mom_6m,126,biweekly,2020-11-13,512690,酒ETF鹏华,sector,白酒/酒,1.7604562737642584,512690,1.7604562737642584,511260,-0.029348161878282375,最佳行业/主题 ETF 动量为正，持有该 ETF
mom_6m,126,biweekly,2020-11-27,512690,酒ETF鹏华,sector,白酒/酒,1.5733788395904438,512690,1.5733788395904438,511260,-0.03328832053942854,最佳行业/主题 ETF 动量为正，持有该 ETF
mom_6m,126,biweekly,2020-12-11,512690,酒ETF鹏华,sector,白酒/酒,1.4069767441860468,512690,1.4069767441860468,511260,-0.018325881175573988,最佳行业/主题 ETF 动量为正，持有该 ETF
mom_6m,126,biweekly,2020-12-25,512690,酒ETF鹏华,sector,白酒/酒,1.5070028011204482,512690,1.5070028011204482,511010,-0.005793771904817779,最佳行业/主题 ETF 动量为正，持有该 ETF
mom_6m,126,biweekly,2021-01-08,512690,酒ETF鹏华,sector,白酒/酒,1.234086242299795,512690,1.234086242299795,511010,0.003470638901555523,最佳行业/主题 ETF 动量为正，持有该 ETF
mom_6m,126,biweekly,2021-01-22,512690,酒ETF鹏华,sector,白酒/酒,0.9365079365079365,512690,0.9365079365079365,511260,0.0067423671753668035,最佳行业/主题 ETF 动量为正，持有该 ETF
mom_6m,126,biweekly,2021-02-05,512690,酒ETF鹏华,sector,白酒/酒,1.0323809523809522,512690,1.0323809523809522,511260,-0.0010594894004591904,最佳行业/主题 ETF 动量为正，持有该 ETF
mom_6m,126,biweekly,2021-02-19,512690,酒ETF鹏华,sector,白酒/酒,1.237903225806452,512690,1.237903225806452,511260,-0.00022299858767560465,最佳行业/主题 ETF 动量为正，持有该 ETF
mom_6m,126,biweekly,2021-03-05,515030,新能源车ETF华夏,sector,新能源车,0.4090073529411764,515030,0.4090073529411764,511010,0.009510030374563216,最佳行业/主题 ETF 动量为正，持有该 ETF
mom_6m,126,biweekly,2021-03-19,515030,新能源车ETF华夏,sector,新能源车,0.3861480075901329,515030,0.3861480075901329,511010,0.009902167266798045,最佳行业/主题 ETF 动量为正，持有该 ETF
mom_6m,126,biweekly,2021-04-02,512690,酒ETF鹏华,sector,白酒/酒,0.6434937611408198,512690,0.6434937611408198,511010,0.0072970533401945925,最佳行业/主题 ETF 动量为正，持有该 ETF
mom_6m,126,biweekly,2021-04-16,512690,酒ETF鹏华,sector,白酒/酒,0.430622009569378,512690,0.430622009569378,511260,0.016703609139287146,最佳行业/主题 ETF 动量为正，持有该 ETF
mom_6m,126,biweekly,2021-04-30,512690,酒ETF鹏华,sector,白酒/酒,0.5537974683544304,512690,0.5537974683544304,511260,0.014774465544901805,最佳行业/主题 ETF 动量为正，持有该 ETF
mom_6m,126,biweekly,2021-05-14,515220,煤炭ETF国泰,sector,煤炭,0.4950980392156863,515220,0.4950980392156863,511260,0.01425432471184096,最佳行业/主题 ETF 动量为正，持有该 ETF
mom_6m,126,biweekly,2021-05-28,512690,酒ETF鹏华,sector,白酒/酒,0.5154362416107383,512690,0.5154362416107383,511260,0.027859045047072373,最佳行业/主题 ETF 动量为正，持有该 ETF
mom_6m,126,biweekly,2021-06-11,512690,酒ETF鹏华,sector,白酒/酒,0.4558823529411764,512690,0.4558823529411764,511260,0.025753768844221092,最佳行业/主题 ETF 动量为正，持有该 ETF
mom_6m,126,biweekly,2021-06-25,515220,煤炭ETF国泰,sector,煤炭,0.6518691588785046,515220,0.6518691588785046,511260,0.026010992406438005,最佳行业/主题 ETF 动量为正，持有该 ETF
mom_6m,126,biweekly,2021-07-09,515030,新能源车ETF华夏,sector,新能源车,0.4349693251533744,515030,0.4349693251533744,511260,0.03126134935046787,最佳行业/主题 ETF 动量为正，持有该 ETF
mom_6m,126,biweekly,2021-07-23,515220,煤炭ETF国泰,sector,煤炭,0.5852017937219729,515220,0.5852017937219729,511260,0.030868941252719884,最佳行业/主题 ETF 动量为正，持有该 ETF
mom_6m,126,biweekly,2021-08-06,515220,煤炭ETF国泰,sector,煤炭,0.5986842105263157,515220,0.5986842105263157,511260,0.041967072989445464,最佳行业/主题 ETF 动量为正，持有该 ETF
mom_6m,126,biweekly,2021-08-20,515220,煤炭ETF国泰,sector,煤炭,0.526530612244898,515220,0.526530612244898,511260,0.041224455626970746,最佳行业/主题 ETF 动量为正，持有该 ETF
mom_6m,126,biweekly,2021-09-03,515220,煤炭ETF国泰,sector,煤炭,0.8073217726396915,515220,0.8073217726396915,511260,0.042136763257188514,最佳行业/主题 ETF 动量为正，持有该 ETF
mom_6m,126,biweekly,2021-09-17,515220,煤炭ETF国泰,sector,煤炭,1.0154440154440154,515220,1.0154440154440154,511260,0.04009640258314273,最佳行业/主题 ETF 动量为正，持有该 ETF
mom_6m,126,biweekly,2021-09-30,515220,煤炭ETF国泰,sector,煤炭,0.90978886756238,515220,0.90978886756238,511260,0.039785484978381414,最佳行业/主题 ETF 动量为正，持有该 ETF
mom_6m,126,biweekly,2021-10-15,515220,煤炭ETF国泰,sector,煤炭,0.8084291187739463,515220,0.8084291187739463,511260,0.03324256233559342,最佳行业/主题 ETF 动量为正，持有该 ETF
mom_6m,126,biweekly,2021-10-29,515790,光伏ETF华泰柏瑞,sector,光伏,0.7728557964184732,515790,0.7728557964184732,511260,0.026834404686364888,最佳行业/主题 ETF 动量为正，持有该 ETF
mom_6m,126,biweekly,2021-11-12,515790,光伏ETF华泰柏瑞,sector,光伏,0.6872693726937267,515790,0.6872693726937267,511260,0.029893153355278868,最佳行业/主题 ETF 动量为正，持有该 ETF
mom_6m,126,biweekly,2021-11-26,515790,光伏ETF华泰柏瑞,sector,光伏,0.5747747747747747,515790,0.5747747747747747,511260,0.027420354304877215,最佳行业/主题 ETF 动量为正，持有该 ETF
mom_6m,126,biweekly,2021-12-10,515790,光伏ETF华泰柏瑞,sector,光伏,0.5926258992805753,515790,0.5926258992805753,511260,0.028417496119075736,最佳行业/主题 ETF 动量为正，持有该 ETF
mom_6m,126,biweekly,2021-12-24,515220,煤炭ETF国泰,sector,煤炭,0.3364341085271316,515220,0.3364341085271316,511260,0.03280486133321148,最佳行业/主题 ETF 动量为正，持有该 ETF
mom_6m,126,biweekly,2022-01-07,515220,煤炭ETF国泰,sector,煤炭,0.26934984520123817,515220,0.26934984520123817,511260,0.030382646799458124,最佳行业/主题 ETF 动量为正，持有该 ETF
mom_6m,126,biweekly,2022-01-21,515220,煤炭ETF国泰,sector,煤炭,0.2587719298245612,515220,0.2587719298245612,511260,0.030721149949113125,最佳行业/主题 ETF 动量为正，持有该 ETF
mom_6m,126,biweekly,2022-02-11,515220,煤炭ETF国泰,sector,煤炭,0.33383010432190763,515220,0.33383010432190763,511260,0.01705555109075174,最佳行业/主题 ETF 动量为正，持有该 ETF
mom_6m,126,biweekly,2022-02-25,515220,煤炭ETF国泰,sector,煤炭,0.12344139650872821,515220,0.12344139650872821,511260,0.01978228732697218,最佳行业/主题 ETF 动量为正，持有该 ETF
mom_6m,126,biweekly,2022-03-11,515220,煤炭ETF国泰,sector,煤炭,0.06533776301218164,515220,0.06533776301218164,511010,0.01816113402736863,最佳行业/主题 ETF 动量为正，持有该 ETF
mom_6m,126,biweekly,2022-03-25,511260,十年国债ETF国泰,defensive,十年国债,0.020532006301016814,159928,-0.04875717017208414,511260,0.020532006301016814,最佳行业/主题 ETF 动量为负或不可用，切换到正动量防守资产
mom_6m,126,biweekly,2022-04-08,515220,煤炭ETF国泰,sector,煤炭,0.06438213914849422,515220,0.06438213914849422,511260,0.02411608602803872,最佳行业/主题 ETF 动量为正，持有该 ETF
mom_6m,126,biweekly,2022-04-22,511260,十年国债ETF国泰,defensive,十年国债,0.027648567187007922,512800,-0.00512820512820511,511260,0.027648567187007922,最佳行业/主题 ETF 动量为负或不可用，切换到正动量防守资产
mom_6m,126,biweekly,2022-05-06,515220,煤炭ETF国泰,sector,煤炭,0.06327683615819213,515220,0.06327683615819213,511260,0.024689032975508285,最佳行业/主题 ETF 动量为正，持有该 ETF
mom_6m,126,biweekly,2022-05-20,515220,煤炭ETF国泰,sector,煤炭,0.37012113055181706,515220,0.37012113055181706,511260,0.022196855519784675,最佳行业/主题 ETF 动量为正，持有该 ETF
mom_6m,126,biweekly,2022-06-02,515220,煤炭ETF国泰,sector,煤炭,0.3724226804123709,515220,0.3724226804123709,511260,0.02252580989676045,最佳行业/主题 ETF 动量为正，持有该 ETF
mom_6m,126,biweekly,2022-06-17,515220,煤炭ETF国泰,sector,煤炭,0.3416965352449224,515220,0.3416965352449224,511260,0.020414327339919103,最佳行业/主题 ETF 动量为正，持有该 ETF
mom_6m,126,biweekly,2022-07-01,515220,煤炭ETF国泰,sector,煤炭,0.3071512309495896,515220,0.3071512309495896,511260,0.018156003194604642,最佳行业/主题 ETF 动量为正，持有该 ETF
mom_6m,126,biweekly,2022-07-15,515220,煤炭ETF国泰,sector,煤炭,0.271062271062271,515220,0.271062271062271,511260,0.015415667747849415,最佳行业/主题 ETF 动量为正，持有该 ETF
mom_6m,126,biweekly,2022-07-29,515220,煤炭ETF国泰,sector,煤炭,0.2550415183867143,515220,0.2550415183867143,511260,0.014254337991442156,最佳行业/主题 ETF 动量为正，持有该 ETF
mom_6m,126,biweekly,2022-08-12,515220,煤炭ETF国泰,sector,煤炭,0.2820809248554914,515220,0.2820809248554914,511260,0.014871969836145915,最佳行业/主题 ETF 动量为正，持有该 ETF
mom_6m,126,biweekly,2022-08-26,515220,煤炭ETF国泰,sector,煤炭,0.31303418803418803,515220,0.31303418803418803,511260,0.027335914129861028,最佳行业/主题 ETF 动量为正，持有该 ETF
mom_6m,126,biweekly,2022-09-09,515220,煤炭ETF国泰,sector,煤炭,0.287037037037037,515220,0.287037037037037,511260,0.03380687085581102,最佳行业/主题 ETF 动量为正，持有该 ETF
mom_6m,126,biweekly,2022-09-23,515220,煤炭ETF国泰,sector,煤炭,0.21111111111111125,515220,0.21111111111111125,511260,0.026511255856473515,最佳行业/主题 ETF 动量为正，持有该 ETF
mom_6m,126,biweekly,2022-10-14,515790,光伏ETF华泰柏瑞,sector,光伏,0.1867966991747938,515790,0.1867966991747938,511260,0.019951214820902452,最佳行业/主题 ETF 动量为正，持有该 ETF
mom_6m,126,biweekly,2022-10-28,515790,光伏ETF华泰柏瑞,sector,光伏,0.27901023890784993,515790,0.27901023890784993,511260,0.02519301808505059,最佳行业/主题 ETF 动量为正，持有该 ETF
mom_6m,126,biweekly,2022-11-11,515790,光伏ETF华泰柏瑞,sector,光伏,0.24215607401448103,515790,0.24215607401448103,511260,0.02022079678841049,最佳行业/主题 ETF 动量为正，持有该 ETF
mom_6m,126,biweekly,2022-11-25,515230,软件ETF国泰,sector,软件,0.17991004497751129,515230,0.17991004497751129,511260,0.01400038309505991,最佳行业/主题 ETF 动量为正，持有该 ETF
mom_6m,126,biweekly,2022-12-09,515230,软件ETF国泰,sector,软件,0.0312907431551499,515230,0.0312907431551499,511260,0.009133811646698353,最佳行业/主题 ETF 动量为正，持有该 ETF
mom_6m,126,biweekly,2022-12-23,515230,软件ETF国泰,sector,软件,0.010582010582010692,515230,0.010582010582010692,511260,0.011854198579585029,最佳行业/主题 ETF 动量为正，持有该 ETF
mom_6m,126,biweekly,2023-01-06,515230,软件ETF国泰,sector,软件,0.06735751295336789,515230,0.06735751295336789,511260,0.01627939456364258,最佳行业/主题 ETF 动量为正，持有该 ETF
mom_6m,126,biweekly,2023-01-20,515230,软件ETF国泰,sector,软件,0.15194805194805183,515230,0.15194805194805183,511260,0.009187469577915275,最佳行业/主题 ETF 动量为正，持有该 ETF
mom_6m,126,biweekly,2023-02-10,515230,软件ETF国泰,sector,软件,0.2459459459459461,515230,0.2459459459459461,511260,0.0025221440807086104,最佳行业/主题 ETF 动量为正，持有该 ETF
mom_6m,126,biweekly,2023-02-24,515230,软件ETF国泰,sector,软件,0.19215686274509802,515230,0.19215686274509802,511260,-0.0022955425360605686,最佳行业/主题 ETF 动量为正，持有该 ETF
mom_6m,126,biweekly,2023-03-10,515230,软件ETF国泰,sector,软件,0.26865671641791056,515230,0.26865671641791056,511260,-0.0011964175839201951,最佳行业/主题 ETF 动量为正，持有该 ETF
mom_6m,126,biweekly,2023-03-24,512980,传媒ETF广发,sector,传媒,0.4162348877374784,512980,0.4162348877374784,511260,0.0010699673017993128,最佳行业/主题 ETF 动量为正，持有该 ETF
mom_6m,126,biweekly,2023-04-07,515230,软件ETF国泰,sector,软件,0.6530324400564176,515230,0.6530324400564176,511260,0.007949618005368642,最佳行业/主题 ETF 动量为正，持有该 ETF
mom_6m,126,biweekly,2023-04-21,512980,传媒ETF广发,sector,传媒,0.6252319109461966,512980,0.6252319109461966,511260,0.0073617633951528205,最佳行业/主题 ETF 动量为正，持有该 ETF
mom_6m,126,biweekly,2023-05-05,512980,传媒ETF广发,sector,传媒,0.8967495219885275,512980,0.8967495219885275,511260,0.011067808488453679,最佳行业/主题 ETF 动量为正，持有该 ETF
mom_6m,126,biweekly,2023-05-19,512980,传媒ETF广发,sector,传媒,0.5467372134038802,512980,0.5467372134038802,511260,0.011759184195929473,最佳行业/主题 ETF 动量为正，持有该 ETF
mom_6m,126,biweekly,2023-06-02,512980,传媒ETF广发,sector,传媒,0.6357267950963226,512980,0.6357267950963226,511260,0.017562957502614385,最佳行业/主题 ETF 动量为正，持有该 ETF
mom_6m,126,biweekly,2023-06-16,512980,传媒ETF广发,sector,传媒,0.6502463054187191,512980,0.6502463054187191,511260,0.024931702818928425,最佳行业/主题 ETF 动量为正，持有该 ETF
mom_6m,126,biweekly,2023-06-30,512980,传媒ETF广发,sector,传媒,0.5629370629370631,512980,0.5629370629370631,511260,0.027380050939629585,最佳行业/主题 ETF 动量为正，持有该 ETF
mom_6m,126,biweekly,2023-07-14,512980,传媒ETF广发,sector,传媒,0.41318327974276525,512980,0.41318327974276525,511260,0.024936736006862414,最佳行业/主题 ETF 动量为正，持有该 ETF
mom_6m,126,biweekly,2023-07-28,512980,传媒ETF广发,sector,传媒,0.2733017377567142,512980,0.2733017377567142,511260,0.03221496181100325,最佳行业/主题 ETF 动量为正，持有该 ETF
mom_6m,126,biweekly,2023-08-11,512980,传媒ETF广发,sector,传媒,0.21162444113263779,512980,0.21162444113263779,511260,0.031006153105771483,最佳行业/主题 ETF 动量为正，持有该 ETF
mom_6m,126,biweekly,2023-08-25,512980,传媒ETF广发,sector,传媒,0.1428571428571428,512980,0.1428571428571428,511260,0.03627810351191951,最佳行业/主题 ETF 动量为正，持有该 ETF
mom_6m,126,biweekly,2023-09-08,512980,传媒ETF广发,sector,传媒,0.1023054755043229,512980,0.1023054755043229,511260,0.026961329749901397,最佳行业/主题 ETF 动量为正，持有该 ETF
mom_6m,126,biweekly,2023-09-22,512880,证券ETF国泰,sector,证券,0.08463251670378624,512880,0.08463251670378624,511260,0.023570030680351683,最佳行业/主题 ETF 动量为正，持有该 ETF
mom_6m,126,biweekly,2023-10-13,512800,银行ETF华宝,sector,银行,0.06805293005671054,512800,0.06805293005671054,511260,0.023801184079006887,最佳行业/主题 ETF 动量为正，持有该 ETF
mom_6m,126,biweekly,2023-10-27,511260,十年国债ETF国泰,defensive,十年国债,0.021376398276948372,512880,0.0,511260,0.021376398276948372,最佳行业/主题 ETF 动量为负或不可用，切换到正动量防守资产
mom_6m,126,biweekly,2023-11-10,515220,煤炭ETF国泰,sector,煤炭,0.009910802775024763,515220,0.009910802775024763,511260,0.019742576435842984,最佳行业/主题 ETF 动量为正，持有该 ETF
mom_6m,126,biweekly,2023-11-24,515220,煤炭ETF国泰,sector,煤炭,0.06408952187182093,515220,0.06408952187182093,511260,0.01533869077233141,最佳行业/主题 ETF 动量为正，持有该 ETF
mom_6m,126,biweekly,2023-12-08,515220,煤炭ETF国泰,sector,煤炭,0.16962305986696213,515220,0.16962305986696213,511260,0.015181623751705065,最佳行业/主题 ETF 动量为正，持有该 ETF
mom_6m,126,biweekly,2023-12-22,515220,煤炭ETF国泰,sector,煤炭,0.19031903190319044,515220,0.19031903190319044,511260,0.017895550477214694,最佳行业/主题 ETF 动量为正，持有该 ETF
mom_6m,126,biweekly,2024-01-05,515220,煤炭ETF国泰,sector,煤炭,0.20488322717622087,515220,0.20488322717622087,511260,0.02345982086751075,最佳行业/主题 ETF 动量为正，持有该 ETF
mom_6m,126,biweekly,2024-01-19,515220,煤炭ETF国泰,sector,煤炭,0.13906581740976653,515220,0.13906581740976653,511260,0.019854058476797887,最佳行业/主题 ETF 动量为正，持有该 ETF
mom_6m,126,biweekly,2024-02-02,515220,煤炭ETF国泰,sector,煤炭,0.1468750000000001,515220,0.1468750000000001,511260,0.02711374403622968,最佳行业/主题 ETF 动量为正，持有该 ETF
mom_6m,126,biweekly,2024-02-23,515220,煤炭ETF国泰,sector,煤炭,0.3545945945945943,515220,0.3545945945945943,511260,0.027505516925511175,最佳行业/主题 ETF 动量为正，持有该 ETF
mom_6m,126,biweekly,2024-03-08,515220,煤炭ETF国泰,sector,煤炭,0.3563829787234043,515220,0.3563829787234043,511260,0.0301839554991834,最佳行业/主题 ETF 动量为正，持有该 ETF
mom_6m,126,biweekly,2024-03-22,515220,煤炭ETF国泰,sector,煤炭,0.17248255234297116,515220,0.17248255234297116,511260,0.03321636062048339,最佳行业/主题 ETF 动量为正，持有该 ETF
mom_6m,126,biweekly,2024-04-03,515220,煤炭ETF国泰,sector,煤炭,0.14354527938342976,515220,0.14354527938342976,511260,0.035727983724381795,最佳行业/主题 ETF 动量为正，持有该 ETF
mom_6m,126,biweekly,2024-04-19,515220,煤炭ETF国泰,sector,煤炭,0.23785926660059498,515220,0.23785926660059498,511260,0.042648887257069834,最佳行业/主题 ETF 动量为正，持有该 ETF
mom_6m,126,biweekly,2024-04-30,515220,煤炭ETF国泰,sector,煤炭,0.16599597585513082,515220,0.16599597585513082,511260,0.03808307669195532,最佳行业/主题 ETF 动量为正，持有该 ETF
mom_6m,126,biweekly,2024-05-17,515220,煤炭ETF国泰,sector,煤炭,0.21596724667349032,515220,0.21596724667349032,511260,0.03381698651968934,最佳行业/主题 ETF 动量为正，持有该 ETF
mom_6m,126,biweekly,2024-05-31,515220,煤炭ETF国泰,sector,煤炭,0.22145669291338588,515220,0.22145669291338588,511260,0.035730866162621,最佳行业/主题 ETF 动量为正，持有该 ETF
mom_6m,126,biweekly,2024-06-14,512800,银行ETF华宝,sector,银行,0.15969581749049433,512800,0.15969581749049433,511260,0.040875936636489696,最佳行业/主题 ETF 动量为正，持有该 ETF
mom_6m,126,biweekly,2024-06-28,512800,银行ETF华宝,sector,银行,0.21165048543689324,512800,0.21165048543689324,511260,0.04316719128229285,最佳行业/主题 ETF 动量为正，持有该 ETF
mom_6m,126,biweekly,2024-07-12,512800,银行ETF华宝,sector,银行,0.23800383877159303,512800,0.23800383877159303,511260,0.03530927412075546,最佳行业/主题 ETF 动量为正，持有该 ETF
mom_6m,126,biweekly,2024-07-26,512800,银行ETF华宝,sector,银行,0.17657992565055758,512800,0.17657992565055758,511260,0.043759797122621125,最佳行业/主题 ETF 动量为正，持有该 ETF
mom_6m,126,biweekly,2024-08-09,512800,银行ETF华宝,sector,银行,0.12903225806451601,512800,0.12903225806451601,511260,0.03716951154927273,最佳行业/主题 ETF 动量为正，持有该 ETF
mom_6m,126,biweekly,2024-08-23,512800,银行ETF华宝,sector,银行,0.12331081081081097,512800,0.12331081081081097,511260,0.03504016879006744,最佳行业/主题 ETF 动量为正，持有该 ETF
mom_6m,126,biweekly,2024-09-06,512800,银行ETF华宝,sector,银行,0.05841924398625431,512800,0.05841924398625431,511260,0.030161964514388462,最佳行业/主题 ETF 动量为正，持有该 ETF
mom_6m,126,biweekly,2024-09-20,512800,银行ETF华宝,sector,银行,0.060975609756097615,512800,0.060975609756097615,511260,0.040479094147007455,最佳行业/主题 ETF 动量为正，持有该 ETF
mom_6m,126,biweekly,2024-09-30,512880,证券ETF国泰,sector,证券,0.27829099307159355,512880,0.27829099307159355,511260,0.025064620355412126,最佳行业/主题 ETF 动量为正，持有该 ETF
mom_6m,126,biweekly,2024-10-18,512480,半导体ETF国联安,sector,半导体,0.4526315789473683,512480,0.4526315789473683,511260,0.030752771208391705,最佳行业/主题 ETF 动量为正，持有该 ETF
mom_6m,126,biweekly,2024-11-01,512480,半导体ETF国联安,sector,半导体,0.4095665171898355,512480,0.4095665171898355,511260,0.02638602790891542,最佳行业/主题 ETF 动量为正，持有该 ETF
mom_6m,126,biweekly,2024-11-15,512480,半导体ETF国联安,sector,半导体,0.4672489082969431,512480,0.4672489082969431,511260,0.0315238812426899,最佳行业/主题 ETF 动量为正，持有该 ETF
mom_6m,126,biweekly,2024-11-29,512480,半导体ETF国联安,sector,半导体,0.47577092511013186,512480,0.47577092511013186,511260,0.036804164997997546,最佳行业/主题 ETF 动量为正，持有该 ETF
mom_6m,126,biweekly,2024-12-13,512880,证券ETF国泰,sector,证券,0.4938725490196081,512880,0.4938725490196081,511260,0.05339046615917398,最佳行业/主题 ETF 动量为正，持有该 ETF
mom_6m,126,biweekly,2024-12-27,512880,证券ETF国泰,sector,证券,0.5181476846057571,512880,0.5181476846057571,511260,0.053550436854646444,最佳行业/主题 ETF 动量为正，持有该 ETF
mom_6m,126,biweekly,2025-01-10,512480,半导体ETF国联安,sector,半导体,0.41509433962264164,512480,0.41509433962264164,511260,0.060942600111455913,最佳行业/主题 ETF 动量为正，持有该 ETF
mom_6m,126,biweekly,2025-01-24,515230,软件ETF国泰,sector,软件,0.4538745387453875,515230,0.4538745387453875,511260,0.05160021483634525,最佳行业/主题 ETF 动量为正，持有该 ETF
mom_6m,126,biweekly,2025-02-07,515230,软件ETF国泰,sector,软件,0.7088122605363985,515230,0.7088122605363985,511260,0.051596568615887906,最佳行业/主题 ETF 动量为正，持有该 ETF
mom_6m,126,biweekly,2025-02-21,515230,软件ETF国泰,sector,软件,0.9066147859922178,515230,0.9066147859922178,511260,0.04183916353095518,最佳行业/主题 ETF 动量为正，持有该 ETF
mom_6m,126,biweekly,2025-03-07,515230,软件ETF国泰,sector,软件,0.9433198380566801,515230,0.9433198380566801,511260,0.03401072537397676,最佳行业/主题 ETF 动量为正，持有该 ETF
mom_6m,126,biweekly,2025-03-21,515230,软件ETF国泰,sector,软件,0.7759674134419552,515230,0.7759674134419552,511260,0.027965412640335252,最佳行业/主题 ETF 动量为正，持有该 ETF
mom_6m,126,biweekly,2025-04-03,512480,半导体ETF国联安,sector,半导体,0.6817447495961226,512480,0.6817447495961226,511260,0.029171257001877393,最佳行业/主题 ETF 动量为正，持有该 ETF
mom_6m,126,biweekly,2025-04-18,512480,半导体ETF国联安,sector,半导体,0.14851485148514842,512480,0.14851485148514842,511260,0.043529964011891575,最佳行业/主题 ETF 动量为正，持有该 ETF
mom_6m,126,biweekly,2025-04-30,512480,半导体ETF国联安,sector,半导体,0.08384458077709622,512480,0.08384458077709622,511260,0.04622151264713237,最佳行业/主题 ETF 动量为正，持有该 ETF
mom_6m,126,biweekly,2025-05-16,512800,银行ETF华宝,sector,银行,0.14428571428571435,512800,0.14428571428571435,511260,0.03876331757842366,最佳行业/主题 ETF 动量为正，持有该 ETF
mom_6m,126,biweekly,2025-05-30,512800,银行ETF华宝,sector,银行,0.15428571428571436,512800,0.15428571428571436,511260,0.03568874933938493,最佳行业/主题 ETF 动量为正，持有该 ETF
mom_6m,126,biweekly,2025-06-13,512800,银行ETF华宝,sector,银行,0.17021276595744683,512800,0.17021276595744683,511260,0.030272926100483488,最佳行业/主题 ETF 动量为正，持有该 ETF
mom_6m,126,biweekly,2025-06-27,512800,银行ETF华宝,sector,银行,0.20028011204481788,512800,0.20028011204481788,511260,0.012681200517229652,最佳行业/主题 ETF 动量为正，持有该 ETF
mom_6m,126,biweekly,2025-07-11,512400,有色金属ETF南方,sector,有色金属,0.20354906054279764,512400,0.20354906054279764,511260,0.007943326550606589,最佳行业/主题 ETF 动量为正，持有该 ETF
mom_6m,126,biweekly,2025-07-25,512400,有色金属ETF南方,sector,有色金属,0.2742742742742741,512400,0.2742742742742741,511010,-0.0011689070718878813,最佳行业/主题 ETF 动量为正，持有该 ETF
mom_6m,126,biweekly,2025-08-08,512400,有色金属ETF南方,sector,有色金属,0.24466019417475726,512400,0.24466019417475726,511010,-0.0006190702428772177,最佳行业/主题 ETF 动量为正，持有该 ETF
mom_6m,126,biweekly,2025-08-22,512400,有色金属ETF南方,sector,有色金属,0.32647058823529407,512400,0.32647058823529407,511010,0.003176053427309533,最佳行业/主题 ETF 动量为正，持有该 ETF
mom_6m,126,biweekly,2025-09-05,512400,有色金属ETF南方,sector,有色金属,0.43599615014436965,512400,0.43599615014436965,511010,0.006258122127761556,最佳行业/主题 ETF 动量为正，持有该 ETF
mom_6m,126,biweekly,2025-09-19,512400,有色金属ETF南方,sector,有色金属,0.3580586080586081,512400,0.3580586080586081,511010,0.010343144753039324,最佳行业/主题 ETF 动量为正，持有该 ETF
mom_6m,126,biweekly,2025-09-30,512400,有色金属ETF南方,sector,有色金属,0.5564971751412429,512400,0.5564971751412429,511010,0.00938833984190346,最佳行业/主题 ETF 动量为正，持有该 ETF
mom_6m,126,biweekly,2025-10-17,512400,有色金属ETF南方,sector,有色金属,0.6793969849246231,512400,0.6793969849246231,511010,0.002726446531354343,最佳行业/主题 ETF 动量为正，持有该 ETF
mom_6m,126,biweekly,2025-10-31,512400,有色金属ETF南方,sector,有色金属,0.7047898338220919,512400,0.7047898338220919,511010,0.00894904758115267,最佳行业/主题 ETF 动量为正，持有该 ETF
mom_6m,126,biweekly,2025-11-14,512400,有色金属ETF南方,sector,有色金属,0.6809933142311366,512400,0.6809933142311366,511010,0.005672018762403086,最佳行业/主题 ETF 动量为正，持有该 ETF
mom_6m,126,biweekly,2025-11-28,512400,有色金属ETF南方,sector,有色金属,0.649564375605034,512400,0.649564375605034,511010,0.006386452628993178,最佳行业/主题 ETF 动量为正，持有该 ETF
mom_6m,126,biweekly,2025-12-12,512400,有色金属ETF南方,sector,有色金属,0.6238532110091741,512400,0.6238532110091741,511010,0.004844185895633624,最佳行业/主题 ETF 动量为正，持有该 ETF
mom_6m,126,biweekly,2025-12-26,512400,有色金属ETF南方,sector,有色金属,0.751824817518248,512400,0.751824817518248,511010,0.00632400818231571,最佳行业/主题 ETF 动量为正，持有该 ETF
mom_6m,126,biweekly,2026-01-09,512400,有色金属ETF南方,sector,有色金属,0.8613333333333333,512400,0.8613333333333333,511010,0.0018480566641498886,最佳行业/主题 ETF 动量为正，持有该 ETF
mom_6m,126,biweekly,2026-01-23,512400,有色金属ETF南方,sector,有色金属,0.8981788079470201,512400,0.8981788079470201,511010,0.007096899699552406,最佳行业/主题 ETF 动量为正，持有该 ETF
mom_6m,126,biweekly,2026-02-06,512400,有色金属ETF南方,sector,有色金属,0.7504065040650407,512400,0.7504065040650407,511010,0.010085343067589125,最佳行业/主题 ETF 动量为正，持有该 ETF
mom_6m,126,biweekly,2026-02-27,512400,有色金属ETF南方,sector,有色金属,0.8106686701728025,512400,0.8106686701728025,511010,0.010514246154511797,最佳行业/主题 ETF 动量为正，持有该 ETF
mom_6m,126,biweekly,2026-03-13,512400,有色金属ETF南方,sector,有色金属,0.4908225696804893,512400,0.4908225696804893,511010,0.012486278814489493,最佳行业/主题 ETF 动量为正，持有该 ETF
mom_6m,126,biweekly,2026-03-27,512400,有色金属ETF南方,sector,有色金属,0.277310924369748,512400,0.277310924369748,511260,0.013153828178590565,最佳行业/主题 ETF 动量为正，持有该 ETF
mom_6m,126,biweekly,2026-04-10,512400,有色金属ETF南方,sector,有色金属,0.3672537508153948,512400,0.3672537508153948,511260,0.017217932639277178,最佳行业/主题 ETF 动量为正，持有该 ETF
mom_6m,126,biweekly,2026-04-24,512400,有色金属ETF南方,sector,有色金属,0.267504488330341,512400,0.267504488330341,511010,0.013516040857430411,最佳行业/主题 ETF 动量为正，持有该 ETF
mom_6m,126,biweekly,2026-05-08,512400,有色金属ETF南方,sector,有色金属,0.3084223013048637,512400,0.3084223013048637,511260,0.012137321702669235,最佳行业/主题 ETF 动量为正，持有该 ETF
mom_6m,126,biweekly,2026-05-22,512480,半导体ETF国联安,sector,半导体,0.5318404478656402,512480,0.5318404478656402,511260,0.014383694984800188,最佳行业/主题 ETF 动量为正，持有该 ETF
mom_6m,126,biweekly,2026-06-05,512480,半导体ETF国联安,sector,半导体,0.5523385300668153,512480,0.5523385300668153,511260,0.018289716898530983,最佳行业/主题 ETF 动量为正，持有该 ETF
mom_6m,126,biweekly,2026-06-18,512480,半导体ETF国联安,sector,半导体,0.7217210270645384,512480,0.7217210270645384,511260,0.020341704621341217,最佳行业/主题 ETF 动量为正，持有该 ETF
mom_6m,126,monthly,2015-01-30,CASH,空仓,cash,现金,0.0,,,,,行业和防守资产均无正动量，空仓
mom_6m,126,monthly,2015-02-27,CASH,空仓,cash,现金,0.0,,,,,行业和防守资产均无正动量，空仓
mom_6m,126,monthly,2015-03-31,CASH,空仓,cash,现金,0.0,,,,,行业和防守资产均无正动量，空仓
mom_6m,126,monthly,2015-04-30,CASH,空仓,cash,现金,0.0,,,,,行业和防守资产均无正动量，空仓
mom_6m,126,monthly,2015-05-29,CASH,空仓,cash,现金,0.0,,,,,行业和防守资产均无正动量，空仓
mom_6m,126,monthly,2015-06-30,CASH,空仓,cash,现金,0.0,,,,,行业和防守资产均无正动量，空仓
mom_6m,126,monthly,2015-07-31,159928,消费ETF汇添富,sector,消费,0.20066889632107032,159928,0.20066889632107032,511010,0.023104636591478656,最佳行业/主题 ETF 动量为正，持有该 ETF
mom_6m,126,monthly,2015-08-31,159928,消费ETF汇添富,sector,消费,0.0969899665551841,159928,0.0969899665551841,511010,0.023441075932725042,最佳行业/主题 ETF 动量为正，持有该 ETF
mom_6m,126,monthly,2015-09-30,511010,国债ETF国泰,defensive,国债,0.03595738384137315,512010,-0.09030100334448155,511010,0.03595738384137315,最佳行业/主题 ETF 动量为负或不可用，切换到正动量防守资产
mom_6m,126,monthly,2015-10-30,511010,国债ETF国泰,defensive,国债,0.03063880202769642,512010,-0.09467455621301779,511010,0.03063880202769642,最佳行业/主题 ETF 动量为负或不可用，切换到正动量防守资产
mom_6m,126,monthly,2015-11-30,511010,国债ETF国泰,defensive,国债,0.024811782693684892,512010,-0.21705426356589153,511010,0.024811782693684892,最佳行业/主题 ETF 动量为负或不可用，切换到正动量防守资产
mom_6m,126,monthly,2015-12-31,512010,医药ETF易方达,sector,医药,0.0641025641025641,512010,0.0641025641025641,511010,0.0478616266108689,最佳行业/主题 ETF 动量为正，持有该 ETF
mom_6m,126,monthly,2016-01-29,511010,国债ETF国泰,defensive,国债,0.02592340767838497,512010,-0.120253164556962,511010,0.02592340767838497,最佳行业/主题 ETF 动量为负或不可用，切换到正动量防守资产
mom_6m,126,monthly,2016-02-29,511010,国债ETF国泰,defensive,国债,0.03595648284419828,512010,-0.18125000000000002,511010,0.03595648284419828,最佳行业/主题 ETF 动量为负或不可用，切换到正动量防守资产
mom_6m,126,monthly,2016-03-31,159928,消费ETF汇添富,sector,消费,0.025236593059936974,159928,0.025236593059936974,511010,0.03942501600894599,最佳行业/主题 ETF 动量为正，持有该 ETF
mom_6m,126,monthly,2016-04-29,511010,国债ETF国泰,defensive,国债,0.017320624635033033,159928,-0.030303030303030276,511010,0.017320624635033033,最佳行业/主题 ETF 动量为负或不可用，切换到正动量防守资产
mom_6m,126,monthly,2016-05-31,511010,国债ETF国泰,defensive,国债,0.024792370995388113,159928,-0.05714285714285705,511010,0.024792370995388113,最佳行业/主题 ETF 动量为负或不可用，切换到正动量防守资产
mom_6m,126,monthly,2016-06-30,511010,国债ETF国泰,defensive,国债,0.019265153288087866,159928,-0.06811989100817428,511010,0.019265153288087866,最佳行业/主题 ETF 动量为负或不可用，切换到正动量防守资产
mom_6m,126,monthly,2016-07-29,159928,消费ETF汇添富,sector,消费,0.22697368421052633,159928,0.22697368421052633,511010,0.021482557057224794,最佳行业/主题 ETF 动量为正，持有该 ETF
mom_6m,126,monthly,2016-08-31,159928,消费ETF汇添富,sector,消费,0.20598006644518274,159928,0.20598006644518274,511010,0.02064062876526962,最佳行业/主题 ETF 动量为正，持有该 ETF
mom_6m,126,monthly,2016-09-30,512010,医药ETF易方达,sector,医药,0.12631578947368438,512010,0.12631578947368438,511010,0.015599720547139206,最佳行业/主题 ETF 动量为正，持有该 ETF
mom_6m,126,monthly,2016-10-31,159928,消费ETF汇添富,sector,消费,0.16878980891719753,159928,0.16878980891719753,511010,0.026290192590945782,最佳行业/主题 ETF 动量为正，持有该 ETF
mom_6m,126,monthly,2016-11-30,512010,医药ETF易方达,sector,医药,0.19354838709677424,512010,0.19354838709677424,511010,0.006843558650498238,最佳行业/主题 ETF 动量为正，持有该 ETF
mom_6m,126,monthly,2016-12-30,512010,医药ETF易方达,sector,医药,0.13058419243986275,512010,0.13058419243986275,511010,-0.00836132679846524,最佳行业/主题 ETF 动量为正，持有该 ETF
mom_6m,126,monthly,2017-01-26,512010,医药ETF易方达,sector,医药,0.08496732026143805,512010,0.08496732026143805,511010,-0.012449344675258156,最佳行业/主题 ETF 动量为正，持有该 ETF
mom_6m,126,monthly,2017-02-28,159928,消费ETF汇添富,sector,消费,0.04557640750670244,159928,0.04557640750670244,511010,-0.01734182605622958,最佳行业/主题 ETF 动量为正，持有该 ETF
mom_6m,126,monthly,2017-03-31,159928,消费ETF汇添富,sector,消费,0.16384180790960445,159928,0.16384180790960445,511010,-0.01843380711212761,最佳行业/主题 ETF 动量为正，持有该 ETF
mom_6m,126,monthly,2017-04-28,159928,消费ETF汇添富,sector,消费,0.13091922005571033,159928,0.13091922005571033,511010,-0.033921192643206366,最佳行业/主题 ETF 动量为正，持有该 ETF
mom_6m,126,monthly,2017-05-31,159928,消费ETF汇添富,sector,消费,0.12568306010928953,159928,0.12568306010928953,511010,-0.030391817867477022,最佳行业/主题 ETF 动量为正，持有该 ETF
mom_6m,126,monthly,2017-06-30,159928,消费ETF汇添富,sector,消费,0.23013698630137003,159928,0.23013698630137003,511010,-0.001455115289903608,最佳行业/主题 ETF 动量为正，持有该 ETF
mom_6m,126,monthly,2017-07-31,159928,消费ETF汇添富,sector,消费,0.21798365122615815,159928,0.21798365122615815,511010,-0.011099302250358045,最佳行业/主题 ETF 动量为正，持有该 ETF
mom_6m,126,monthly,2017-08-31,159928,消费ETF汇添富,sector,消费,0.19437340153452687,159928,0.19437340153452687,511010,-0.011688467317459872,最佳行业/主题 ETF 动量为正，持有该 ETF
mom_6m,126,monthly,2017-09-29,159928,消费ETF汇添富,sector,消费,0.23471882640586816,159928,0.23471882640586816,511010,-0.007003242241778618,最佳行业/主题 ETF 动量为正，持有该 ETF
mom_6m,126,monthly,2017-10-31,159928,消费ETF汇添富,sector,消费,0.3406326034063263,159928,0.3406326034063263,511010,-0.007532097535542404,最佳行业/主题 ETF 动量为正，持有该 ETF
mom_6m,126,monthly,2017-11-30,159928,消费ETF汇添富,sector,消费,0.2912621359223302,159928,0.2912621359223302,511010,-0.00036599786032021075,最佳行业/主题 ETF 动量为正，持有该 ETF
mom_6m,126,monthly,2017-12-29,159928,消费ETF汇添富,sector,消费,0.29555555555555535,159928,0.29555555555555535,511010,-0.004905069193181455,最佳行业/主题 ETF 动量为正，持有该 ETF
mom_6m,126,monthly,2018-01-31,159928,消费ETF汇添富,sector,消费,0.3803131991051454,159928,0.3803131991051454,511010,0.0015419984299651635,最佳行业/主题 ETF 动量为正，持有该 ETF
mom_6m,126,monthly,2018-02-28,159928,消费ETF汇添富,sector,消费,0.2257383966244726,159928,0.2257383966244726,511010,0.006732060271520179,最佳行业/主题 ETF 动量为正，持有该 ETF
mom_6m,126,monthly,2018-03-30,512010,医药ETF易方达,sector,医药,0.23989218328840978,512010,0.23989218328840978,511010,0.012302038836762508,最佳行业/主题 ETF 动量为正，持有该 ETF
mom_6m,126,monthly,2018-04-27,512010,医药ETF易方达,sector,医药,0.12469437652811743,512010,0.12469437652811743,511010,0.02522807148732542,最佳行业/主题 ETF 动量为正，持有该 ETF
mom_6m,126,monthly,2018-05-31,512010,医药ETF易方达,sector,医药,0.24056603773584917,512010,0.24056603773584917,511260,0.03932383593881328,最佳行业/主题 ETF 动量为正，持有该 ETF
mom_6m,126,monthly,2018-06-29,512010,医药ETF易方达,sector,医药,0.18581907090464544,512010,0.18581907090464544,511260,0.04250362067879854,最佳行业/主题 ETF 动量为正，持有该 ETF
mom_6m,126,monthly,2018-07-31,512010,医药ETF易方达,sector,医药,0.06712962962962976,512010,0.06712962962962976,511260,0.044386559544731696,最佳行业/主题 ETF 动量为正，持有该 ETF
mom_6m,126,monthly,2018-08-31,512010,医药ETF易方达,sector,医药,0.03170731707317076,512010,0.03170731707317076,511260,0.03299560749212649,最佳行业/主题 ETF 动量为正，持有该 ETF
mom_6m,126,monthly,2018-09-28,159928,消费ETF汇添富,sector,消费,0.016917293233082775,159928,0.016917293233082775,511260,0.027943060204123737,最佳行业/主题 ETF 动量为正，持有该 ETF
mom_6m,126,monthly,2018-10-31,511260,十年国债ETF国泰,defensive,十年国债,0.018250688705234053,512800,0.0,511260,0.018250688705234053,最佳行业/主题 ETF 动量为负或不可用，切换到正动量防守资产
mom_6m,126,monthly,2018-11-30,511260,十年国债ETF国泰,defensive,十年国债,0.029897742229421986,512800,-0.01666666666666672,511260,0.029897742229421986,最佳行业/主题 ETF 动量为负或不可用，切换到正动量防守资产
mom_6m,126,monthly,2018-12-28,512800,银行ETF华宝,sector,银行,0.018223234624145768,512800,0.018223234624145768,511260,0.04590984129556297,最佳行业/主题 ETF 动量为正，持有该 ETF
mom_6m,126,monthly,2019-01-31,512800,银行ETF华宝,sector,银行,0.04086021505376336,512800,0.04086021505376336,511260,0.03709976449366126,最佳行业/主题 ETF 动量为正，持有该 ETF
mom_6m,126,monthly,2019-02-28,512880,证券ETF国泰,sector,证券,0.42613636363636376,512880,0.42613636363636376,511010,0.03464959348114727,最佳行业/主题 ETF 动量为正，持有该 ETF
mom_6m,126,monthly,2019-03-29,512880,证券ETF国泰,sector,证券,0.5429799426934099,512880,0.5429799426934099,511260,0.048157441276943214,最佳行业/主题 ETF 动量为正，持有该 ETF
mom_6m,126,monthly,2019-04-30,159928,消费ETF汇添富,sector,消费,0.4180327868852458,159928,0.4180327868852458,511260,0.018037273035974577,最佳行业/主题 ETF 动量为正，持有该 ETF
mom_6m,126,monthly,2019-05-31,159928,消费ETF汇添富,sector,消费,0.4966887417218544,159928,0.4966887417218544,511010,0.014442580312996611,最佳行业/主题 ETF 动量为正，持有该 ETF
mom_6m,126,monthly,2019-06-28,159928,消费ETF汇添富,sector,消费,0.559912854030501,159928,0.559912854030501,511260,0.016587817278812755,最佳行业/主题 ETF 动量为正，持有该 ETF
mom_6m,126,monthly,2019-07-31,159928,消费ETF汇添富,sector,消费,0.48353909465020584,159928,0.48353909465020584,511010,0.010321594532629375,最佳行业/主题 ETF 动量为正，持有该 ETF
mom_6m,126,monthly,2019-08-30,159928,消费ETF汇添富,sector,消费,0.3605683836589699,159928,0.3605683836589699,511260,0.020834545207763844,最佳行业/主题 ETF 动量为正，持有该 ETF
mom_6m,126,monthly,2019-09-30,159928,消费ETF汇添富,sector,消费,0.1736334405144695,159928,0.1736334405144695,511010,0.013336252189141806,最佳行业/主题 ETF 动量为正，持有该 ETF
mom_6m,126,monthly,2019-10-31,512010,医药ETF易方达,sector,医药,0.11502347417840375,512010,0.11502347417840375,511260,0.021666371350383073,最佳行业/主题 ETF 动量为正，持有该 ETF
mom_6m,126,monthly,2019-11-29,512690,酒ETF鹏华,sector,白酒/酒,0.6240601503759398,512690,0.6240601503759398,511260,0.020033307687063573,最佳行业/主题 ETF 动量为正，持有该 ETF
mom_6m,126,monthly,2019-12-31,512480,半导体ETF国联安,sector,半导体,0.4282868525896413,512480,0.4282868525896413,511010,0.02347864823080359,最佳行业/主题 ETF 动量为正，持有该 ETF
mom_6m,126,monthly,2020-01-23,512480,半导体ETF国联安,sector,半导体,0.8320000000000001,512480,0.8320000000000001,511010,0.027460292608249448,最佳行业/主题 ETF 动量为正，持有该 ETF
mom_6m,126,monthly,2020-02-28,512480,半导体ETF国联安,sector,半导体,0.8542805100182149,512480,0.8542805100182149,511260,0.03235475456485659,最佳行业/主题 ETF 动量为正，持有该 ETF
mom_6m,126,monthly,2020-03-31,512480,半导体ETF国联安,sector,半导体,0.24451410658307204,512480,0.24451410658307204,511260,0.047801019678848755,最佳行业/主题 ETF 动量为正，持有该 ETF
mom_6m,126,monthly,2020-04-30,512480,半导体ETF国联安,sector,半导体,0.5546075085324234,512480,0.5546075085324234,511010,0.071144808246566,最佳行业/主题 ETF 动量为正，持有该 ETF
mom_6m,126,monthly,2020-05-29,512480,半导体ETF国联安,sector,半导体,0.43917851500789884,512480,0.43917851500789884,511260,0.04894884573523517,最佳行业/主题 ETF 动量为正，持有该 ETF
mom_6m,126,monthly,2020-06-30,512690,酒ETF鹏华,sector,白酒/酒,0.7434782608695651,512690,0.7434782608695651,511260,0.03787415421078788,最佳行业/主题 ETF 动量为正，持有该 ETF
mom_6m,126,monthly,2020-07-31,512690,酒ETF鹏华,sector,白酒/酒,1.1260162601626016,512690,1.1260162601626016,511010,0.011690341874532661,最佳行业/主题 ETF 动量为正，持有该 ETF
mom_6m,126,monthly,2020-08-31,512690,酒ETF鹏华,sector,白酒/酒,2.0700934579439254,512690,2.0700934579439254,511010,-0.007999191660632232,最佳行业/主题 ETF 动量为正，持有该 ETF
mom_6m,126,monthly,2020-09-30,512690,酒ETF鹏华,sector,白酒/酒,2.1160220994475134,512690,2.1160220994475134,511010,-0.018772551171413854,最佳行业/主题 ETF 动量为正，持有该 ETF
mom_6m,126,monthly,2020-10-30,512690,酒ETF鹏华,sector,白酒/酒,1.9333333333333336,512690,1.9333333333333336,511260,-0.03256653134866938,最佳行业/主题 ETF 动量为正，持有该 ETF
mom_6m,126,monthly,2020-11-30,512690,酒ETF鹏华,sector,白酒/酒,1.4186046511627906,512690,1.4186046511627906,511010,-0.027124535637504943,最佳行业/主题 ETF 动量为正，持有该 ETF
mom_6m,126,monthly,2020-12-31,512690,酒ETF鹏华,sector,白酒/酒,1.481296758104738,512690,1.481296758104738,511010,-0.00573248407643312,最佳行业/主题 ETF 动量为正，持有该 ETF
mom_6m,126,monthly,2021-01-29,512690,酒ETF鹏华,sector,白酒/酒,0.9430255402750491,512690,0.9430255402750491,511010,-0.007008329709296546,最佳行业/主题 ETF 动量为正，持有该 ETF
mom_6m,126,monthly,2021-02-26,512690,酒ETF鹏华,sector,白酒/酒,0.5908256880733944,512690,0.5908256880733944,511010,8.415312502618733e-06,最佳行业/主题 ETF 动量为正，持有该 ETF
mom_6m,126,monthly,2021-03-31,512690,酒ETF鹏华,sector,白酒/酒,0.4307692307692308,512690,0.4307692307692308,511010,0.010335654619698653,最佳行业/主题 ETF 动量为正，持有该 ETF
mom_6m,126,monthly,2021-04-30,512690,酒ETF鹏华,sector,白酒/酒,0.5537974683544304,512690,0.5537974683544304,511260,0.014774465544901805,最佳行业/主题 ETF 动量为正，持有该 ETF
mom_6m,126,monthly,2021-05-31,512690,酒ETF鹏华,sector,白酒/酒,0.46571798188874514,512690,0.46571798188874514,511260,0.027621406590107256,最佳行业/主题 ETF 动量为正，持有该 ETF
mom_6m,126,monthly,2021-06-30,515030,新能源车ETF华夏,sector,新能源车,0.3196261682242989,515030,0.3196261682242989,511260,0.029626505459487307,最佳行业/主题 ETF 动量为正，持有该 ETF
mom_6m,126,monthly,2021-07-30,515220,煤炭ETF国泰,sector,煤炭,0.43442622950819665,515220,0.43442622950819665,511260,0.03399118746991525,最佳行业/主题 ETF 动量为正，持有该 ETF
mom_6m,126,monthly,2021-08-31,515220,煤炭ETF国泰,sector,煤炭,0.9753086419753085,515220,0.9753086419753085,511260,0.041316005064422345,最佳行业/主题 ETF 动量为正，持有该 ETF
mom_6m,126,monthly,2021-09-30,515220,煤炭ETF国泰,sector,煤炭,0.90978886756238,515220,0.90978886756238,511260,0.039785484978381414,最佳行业/主题 ETF 动量为正，持有该 ETF
mom_6m,126,monthly,2021-10-29,515790,光伏ETF华泰柏瑞,sector,光伏,0.7728557964184732,515790,0.7728557964184732,511260,0.026834404686364888,最佳行业/主题 ETF 动量为正，持有该 ETF
mom_6m,126,monthly,2021-11-30,515790,光伏ETF华泰柏瑞,sector,光伏,0.6001805054151623,515790,0.6001805054151623,511260,0.024606057295791572,最佳行业/主题 ETF 动量为正，持有该 ETF
mom_6m,126,monthly,2021-12-31,512660,军工ETF国泰,sector,军工,0.2837004405286345,512660,0.2837004405286345,511260,0.033259484149777085,最佳行业/主题 ETF 动量为正，持有该 ETF
mom_6m,126,monthly,2022-01-28,515220,煤炭ETF国泰,sector,煤炭,0.1045845272206305,515220,0.1045845272206305,511260,0.024018583459644693,最佳行业/主题 ETF 动量为正，持有该 ETF
mom_6m,126,monthly,2022-02-28,515220,煤炭ETF国泰,sector,煤炭,0.18992248062015515,515220,0.18992248062015515,511260,0.020274747908942903,最佳行业/主题 ETF 动量为正，持有该 ETF
mom_6m,126,monthly,2022-03-31,511260,十年国债ETF国泰,defensive,十年国债,0.020067099082979212,512800,0.0,511260,0.020067099082979212,最佳行业/主题 ETF 动量为负或不可用，切换到正动量防守资产
mom_6m,126,monthly,2022-04-29,515220,煤炭ETF国泰,sector,煤炭,0.051779935275080735,515220,0.051779935275080735,511260,0.02687993390032961,最佳行业/主题 ETF 动量为正，持有该 ETF
mom_6m,126,monthly,2022-05-31,515220,煤炭ETF国泰,sector,煤炭,0.4214002642007926,515220,0.4214002642007926,511260,0.023503740648379123,最佳行业/主题 ETF 动量为正，持有该 ETF
mom_6m,126,monthly,2022-06-30,515220,煤炭ETF国泰,sector,煤炭,0.32857142857142874,515220,0.32857142857142874,511260,0.01783638444951241,最佳行业/主题 ETF 动量为正，持有该 ETF
mom_6m,126,monthly,2022-07-29,515220,煤炭ETF国泰,sector,煤炭,0.2550415183867143,515220,0.2550415183867143,511260,0.014254337991442156,最佳行业/主题 ETF 动量为正，持有该 ETF
mom_6m,126,monthly,2022-08-31,515220,煤炭ETF国泰,sector,煤炭,0.24864277958740488,515220,0.24864277958740488,511260,0.027183358202405028,最佳行业/主题 ETF 动量为正，持有该 ETF
mom_6m,126,monthly,2022-09-30,512690,酒ETF鹏华,sector,白酒/酒,0.1619718309859155,512690,0.1619718309859155,511260,0.01701198990323949,最佳行业/主题 ETF 动量为正，持有该 ETF
mom_6m,126,monthly,2022-10-31,515790,光伏ETF华泰柏瑞,sector,光伏,0.27941176470588247,515790,0.27941176470588247,511260,0.027806475336636938,最佳行业/主题 ETF 动量为正，持有该 ETF
mom_6m,126,monthly,2022-11-30,515230,软件ETF国泰,sector,软件,0.1549707602339181,515230,0.1549707602339181,511260,0.005353300478933898,最佳行业/主题 ETF 动量为正，持有该 ETF
mom_6m,126,monthly,2022-12-30,511260,十年国债ETF国泰,defensive,十年国债,0.016725882342671028,515230,-0.006329113924050667,511260,0.016725882342671028,最佳行业/主题 ETF 动量为负或不可用，切换到正动量防守资产
mom_6m,126,monthly,2023-01-31,515230,软件ETF国泰,sector,软件,0.1543450064850842,515230,0.1543450064850842,511260,0.008964679336978199,最佳行业/主题 ETF 动量为正，持有该 ETF
mom_6m,126,monthly,2023-02-28,515230,软件ETF国泰,sector,软件,0.19401041666666674,515230,0.19401041666666674,511260,-0.004190577187866196,最佳行业/主题 ETF 动量为正，持有该 ETF
mom_6m,126,monthly,2023-03-31,515230,软件ETF国泰,sector,软件,0.5555555555555558,515230,0.5555555555555558,511010,0.0008050385944973204,最佳行业/主题 ETF 动量为正，持有该 ETF
mom_6m,126,monthly,2023-04-28,512980,传媒ETF广发,sector,传媒,0.8992094861660078,512980,0.8992094861660078,511260,0.009678386364609715,最佳行业/主题 ETF 动量为正，持有该 ETF
mom_6m,126,monthly,2023-05-31,512980,传媒ETF广发,sector,传媒,0.5714285714285716,512980,0.5714285714285716,511260,0.021508153811713226,最佳行业/主题 ETF 动量为正，持有该 ETF
mom_6m,126,monthly,2023-06-30,512980,传媒ETF广发,sector,传媒,0.5629370629370631,512980,0.5629370629370631,511260,0.027380050939629585,最佳行业/主题 ETF 动量为正，持有该 ETF
mom_6m,126,monthly,2023-07-31,512980,传媒ETF广发,sector,传媒,0.2984374999999999,512980,0.2984374999999999,511260,0.03125943172508938,最佳行业/主题 ETF 动量为正，持有该 ETF
mom_6m,126,monthly,2023-08-31,512980,传媒ETF广发,sector,传媒,0.23994038748137103,512980,0.23994038748137103,511260,0.035417686513968816,最佳行业/主题 ETF 动量为正，持有该 ETF
mom_6m,126,monthly,2023-09-28,512800,银行ETF华宝,sector,银行,0.07047619047619058,512800,0.07047619047619058,511260,0.024311640351852182,最佳行业/主题 ETF 动量为正，持有该 ETF
mom_6m,126,monthly,2023-10-31,512880,证券ETF国泰,sector,证券,0.031659388646288145,512880,0.031659388646288145,511260,0.022485388325974354,最佳行业/主题 ETF 动量为正，持有该 ETF
mom_6m,126,monthly,2023-11-30,515220,煤炭ETF国泰,sector,煤炭,0.16052060737527118,515220,0.16052060737527118,511260,0.016710552967389214,最佳行业/主题 ETF 动量为正，持有该 ETF
mom_6m,126,monthly,2023-12-29,515220,煤炭ETF国泰,sector,煤炭,0.16268980477223427,515220,0.16268980477223427,511260,0.02109548793284377,最佳行业/主题 ETF 动量为正，持有该 ETF
mom_6m,126,monthly,2024-01-31,515220,煤炭ETF国泰,sector,煤炭,0.17991631799163166,515220,0.17991631799163166,511260,0.02673314458948206,最佳行业/主题 ETF 动量为正，持有该 ETF
mom_6m,126,monthly,2024-02-29,515220,煤炭ETF国泰,sector,煤炭,0.3432017543859649,515220,0.3432017543859649,511260,0.027876296861016225,最佳行业/主题 ETF 动量为正，持有该 ETF
mom_6m,126,monthly,2024-03-29,515220,煤炭ETF国泰,sector,煤炭,0.10076045627376407,515220,0.10076045627376407,511260,0.034387872521388196,最佳行业/主题 ETF 动量为正，持有该 ETF
mom_6m,126,monthly,2024-04-30,515220,煤炭ETF国泰,sector,煤炭,0.16599597585513082,515220,0.16599597585513082,511260,0.03808307669195532,最佳行业/主题 ETF 动量为正，持有该 ETF
mom_6m,126,monthly,2024-05-31,515220,煤炭ETF国泰,sector,煤炭,0.22145669291338588,515220,0.22145669291338588,511260,0.035730866162621,最佳行业/主题 ETF 动量为正，持有该 ETF
mom_6m,126,monthly,2024-06-28,512800,银行ETF华宝,sector,银行,0.21165048543689324,512800,0.21165048543689324,511260,0.04316719128229285,最佳行业/主题 ETF 动量为正，持有该 ETF
mom_6m,126,monthly,2024-07-31,512800,银行ETF华宝,sector,银行,0.19029850746268662,512800,0.19029850746268662,511260,0.04371602593490076,最佳行业/主题 ETF 动量为正，持有该 ETF
mom_6m,126,monthly,2024-08-30,512800,银行ETF华宝,sector,银行,0.08275862068965534,512800,0.08275862068965534,511260,0.027778226392545236,最佳行业/主题 ETF 动量为正，持有该 ETF
mom_6m,126,monthly,2024-09-30,512880,证券ETF国泰,sector,证券,0.27829099307159355,512880,0.27829099307159355,511260,0.025064620355412126,最佳行业/主题 ETF 动量为正，持有该 ETF
mom_6m,126,monthly,2024-10-31,512480,半导体ETF国联安,sector,半导体,0.5053435114503817,512480,0.5053435114503817,511260,0.020082179758247998,最佳行业/主题 ETF 动量为正，持有该 ETF
mom_6m,126,monthly,2024-11-29,512480,半导体ETF国联安,sector,半导体,0.47577092511013186,512480,0.47577092511013186,511260,0.036804164997997546,最佳行业/主题 ETF 动量为正，持有该 ETF
mom_6m,126,monthly,2024-12-31,512880,证券ETF国泰,sector,证券,0.4606741573033706,512880,0.4606741573033706,511260,0.052093244529019866,最佳行业/主题 ETF 动量为正，持有该 ETF
mom_6m,126,monthly,2025-01-27,515230,软件ETF国泰,sector,软件,0.4933333333333334,515230,0.4933333333333334,511260,0.053673073587612974,最佳行业/主题 ETF 动量为正，持有该 ETF
mom_6m,126,monthly,2025-02-28,515230,软件ETF国泰,sector,软件,0.7509881422924902,515230,0.7509881422924902,511260,0.04108501540589815,最佳行业/主题 ETF 动量为正，持有该 ETF
mom_6m,126,monthly,2025-03-31,515230,软件ETF国泰,sector,软件,0.6881287726358147,515230,0.6881287726358147,511260,0.022743166171968365,最佳行业/主题 ETF 动量为正，持有该 ETF
mom_6m,126,monthly,2025-04-30,512480,半导体ETF国联安,sector,半导体,0.08384458077709622,512480,0.08384458077709622,511260,0.04622151264713237,最佳行业/主题 ETF 动量为正，持有该 ETF
mom_6m,126,monthly,2025-05-30,512800,银行ETF华宝,sector,银行,0.15428571428571436,512800,0.15428571428571436,511260,0.03568874933938493,最佳行业/主题 ETF 动量为正，持有该 ETF
mom_6m,126,monthly,2025-06-30,512800,银行ETF华宝,sector,银行,0.1839557399723375,512800,0.1839557399723375,511260,0.013754480626264609,最佳行业/主题 ETF 动量为正，持有该 ETF
mom_6m,126,monthly,2025-07-31,512400,有色金属ETF南方,sector,有色金属,0.2067594433399602,512400,0.2067594433399602,511260,0.001402903334708716,最佳行业/主题 ETF 动量为正，持有该 ETF
mom_6m,126,monthly,2025-08-29,512400,有色金属ETF南方,sector,有色金属,0.46660019940179476,512400,0.46660019940179476,511010,0.006842093782492675,最佳行业/主题 ETF 动量为正，持有该 ETF
mom_6m,126,monthly,2025-09-30,512400,有色金属ETF南方,sector,有色金属,0.5564971751412429,512400,0.5564971751412429,511010,0.00938833984190346,最佳行业/主题 ETF 动量为正，持有该 ETF
mom_6m,126,monthly,2025-10-31,512400,有色金属ETF南方,sector,有色金属,0.7047898338220919,512400,0.7047898338220919,511010,0.00894904758115267,最佳行业/主题 ETF 动量为正，持有该 ETF
mom_6m,126,monthly,2025-11-28,512400,有色金属ETF南方,sector,有色金属,0.649564375605034,512400,0.649564375605034,511010,0.006386452628993178,最佳行业/主题 ETF 动量为正，持有该 ETF
mom_6m,126,monthly,2025-12-31,512400,有色金属ETF南方,sector,有色金属,0.7144128113879002,512400,0.7144128113879002,511010,0.004463482236060745,最佳行业/主题 ETF 动量为正，持有该 ETF
mom_6m,126,monthly,2026-01-30,512400,有色金属ETF南方,sector,有色金属,0.8460931333859512,512400,0.8460931333859512,511010,0.009353213723820364,最佳行业/主题 ETF 动量为正，持有该 ETF
mom_6m,126,monthly,2026-02-27,512400,有色金属ETF南方,sector,有色金属,0.8106686701728025,512400,0.8106686701728025,511010,0.010514246154511797,最佳行业/主题 ETF 动量为正，持有该 ETF
mom_6m,126,monthly,2026-03-31,512400,有色金属ETF南方,sector,有色金属,0.30891089108910896,512400,0.30891089108910896,511260,0.013333534101774402,最佳行业/主题 ETF 动量为正，持有该 ETF
mom_6m,126,monthly,2026-04-30,512400,有色金属ETF南方,sector,有色金属,0.26810293237582306,512400,0.26810293237582306,511260,0.01591499977457511,最佳行业/主题 ETF 动量为正，持有该 ETF
mom_6m,126,monthly,2026-05-29,512480,半导体ETF国联安,sector,半导体,0.5308291991495393,512480,0.5308291991495393,511260,0.016661807907070614,最佳行业/主题 ETF 动量为正，持有该 ETF
mom_6m,126,monthly,2026-06-18,512480,半导体ETF国联安,sector,半导体,0.7217210270645384,512480,0.7217210270645384,511260,0.020341704621341217,最佳行业/主题 ETF 动量为正，持有该 ETF
mom_6m,126,quarterly,2015-03-31,CASH,空仓,cash,现金,0.0,,,,,行业和防守资产均无正动量，空仓
mom_6m,126,quarterly,2015-06-30,CASH,空仓,cash,现金,0.0,,,,,行业和防守资产均无正动量，空仓
mom_6m,126,quarterly,2015-09-30,511010,国债ETF国泰,defensive,国债,0.03595738384137315,512010,-0.09030100334448155,511010,0.03595738384137315,最佳行业/主题 ETF 动量为负或不可用，切换到正动量防守资产
mom_6m,126,quarterly,2015-12-31,512010,医药ETF易方达,sector,医药,0.0641025641025641,512010,0.0641025641025641,511010,0.0478616266108689,最佳行业/主题 ETF 动量为正，持有该 ETF
mom_6m,126,quarterly,2016-03-31,159928,消费ETF汇添富,sector,消费,0.025236593059936974,159928,0.025236593059936974,511010,0.03942501600894599,最佳行业/主题 ETF 动量为正，持有该 ETF
mom_6m,126,quarterly,2016-06-30,511010,国债ETF国泰,defensive,国债,0.019265153288087866,159928,-0.06811989100817428,511010,0.019265153288087866,最佳行业/主题 ETF 动量为负或不可用，切换到正动量防守资产
mom_6m,126,quarterly,2016-09-30,512010,医药ETF易方达,sector,医药,0.12631578947368438,512010,0.12631578947368438,511010,0.015599720547139206,最佳行业/主题 ETF 动量为正，持有该 ETF
mom_6m,126,quarterly,2016-12-30,512010,医药ETF易方达,sector,医药,0.13058419243986275,512010,0.13058419243986275,511010,-0.00836132679846524,最佳行业/主题 ETF 动量为正，持有该 ETF
mom_6m,126,quarterly,2017-03-31,159928,消费ETF汇添富,sector,消费,0.16384180790960445,159928,0.16384180790960445,511010,-0.01843380711212761,最佳行业/主题 ETF 动量为正，持有该 ETF
mom_6m,126,quarterly,2017-06-30,159928,消费ETF汇添富,sector,消费,0.23013698630137003,159928,0.23013698630137003,511010,-0.001455115289903608,最佳行业/主题 ETF 动量为正，持有该 ETF
mom_6m,126,quarterly,2017-09-29,159928,消费ETF汇添富,sector,消费,0.23471882640586816,159928,0.23471882640586816,511010,-0.007003242241778618,最佳行业/主题 ETF 动量为正，持有该 ETF
mom_6m,126,quarterly,2017-12-29,159928,消费ETF汇添富,sector,消费,0.29555555555555535,159928,0.29555555555555535,511010,-0.004905069193181455,最佳行业/主题 ETF 动量为正，持有该 ETF
mom_6m,126,quarterly,2018-03-30,512010,医药ETF易方达,sector,医药,0.23989218328840978,512010,0.23989218328840978,511010,0.012302038836762508,最佳行业/主题 ETF 动量为正，持有该 ETF
mom_6m,126,quarterly,2018-06-29,512010,医药ETF易方达,sector,医药,0.18581907090464544,512010,0.18581907090464544,511260,0.04250362067879854,最佳行业/主题 ETF 动量为正，持有该 ETF
mom_6m,126,quarterly,2018-09-28,159928,消费ETF汇添富,sector,消费,0.016917293233082775,159928,0.016917293233082775,511260,0.027943060204123737,最佳行业/主题 ETF 动量为正，持有该 ETF
mom_6m,126,quarterly,2018-12-28,512800,银行ETF华宝,sector,银行,0.018223234624145768,512800,0.018223234624145768,511260,0.04590984129556297,最佳行业/主题 ETF 动量为正，持有该 ETF
mom_6m,126,quarterly,2019-03-29,512880,证券ETF国泰,sector,证券,0.5429799426934099,512880,0.5429799426934099,511260,0.048157441276943214,最佳行业/主题 ETF 动量为正，持有该 ETF
mom_6m,126,quarterly,2019-06-28,159928,消费ETF汇添富,sector,消费,0.559912854030501,159928,0.559912854030501,511260,0.016587817278812755,最佳行业/主题 ETF 动量为正，持有该 ETF
mom_6m,126,quarterly,2019-09-30,159928,消费ETF汇添富,sector,消费,0.1736334405144695,159928,0.1736334405144695,511010,0.013336252189141806,最佳行业/主题 ETF 动量为正，持有该 ETF
mom_6m,126,quarterly,2019-12-31,512480,半导体ETF国联安,sector,半导体,0.4282868525896413,512480,0.4282868525896413,511010,0.02347864823080359,最佳行业/主题 ETF 动量为正，持有该 ETF
mom_6m,126,quarterly,2020-03-31,512480,半导体ETF国联安,sector,半导体,0.24451410658307204,512480,0.24451410658307204,511260,0.047801019678848755,最佳行业/主题 ETF 动量为正，持有该 ETF
mom_6m,126,quarterly,2020-06-30,512690,酒ETF鹏华,sector,白酒/酒,0.7434782608695651,512690,0.7434782608695651,511260,0.03787415421078788,最佳行业/主题 ETF 动量为正，持有该 ETF
mom_6m,126,quarterly,2020-09-30,512690,酒ETF鹏华,sector,白酒/酒,2.1160220994475134,512690,2.1160220994475134,511010,-0.018772551171413854,最佳行业/主题 ETF 动量为正，持有该 ETF
mom_6m,126,quarterly,2020-12-31,512690,酒ETF鹏华,sector,白酒/酒,1.481296758104738,512690,1.481296758104738,511010,-0.00573248407643312,最佳行业/主题 ETF 动量为正，持有该 ETF
mom_6m,126,quarterly,2021-03-31,512690,酒ETF鹏华,sector,白酒/酒,0.4307692307692308,512690,0.4307692307692308,511010,0.010335654619698653,最佳行业/主题 ETF 动量为正，持有该 ETF
mom_6m,126,quarterly,2021-06-30,515030,新能源车ETF华夏,sector,新能源车,0.3196261682242989,515030,0.3196261682242989,511260,0.029626505459487307,最佳行业/主题 ETF 动量为正，持有该 ETF
mom_6m,126,quarterly,2021-09-30,515220,煤炭ETF国泰,sector,煤炭,0.90978886756238,515220,0.90978886756238,511260,0.039785484978381414,最佳行业/主题 ETF 动量为正，持有该 ETF
mom_6m,126,quarterly,2021-12-31,512660,军工ETF国泰,sector,军工,0.2837004405286345,512660,0.2837004405286345,511260,0.033259484149777085,最佳行业/主题 ETF 动量为正，持有该 ETF
mom_6m,126,quarterly,2022-03-31,511260,十年国债ETF国泰,defensive,十年国债,0.020067099082979212,512800,0.0,511260,0.020067099082979212,最佳行业/主题 ETF 动量为负或不可用，切换到正动量防守资产
mom_6m,126,quarterly,2022-06-30,515220,煤炭ETF国泰,sector,煤炭,0.32857142857142874,515220,0.32857142857142874,511260,0.01783638444951241,最佳行业/主题 ETF 动量为正，持有该 ETF
mom_6m,126,quarterly,2022-09-30,512690,酒ETF鹏华,sector,白酒/酒,0.1619718309859155,512690,0.1619718309859155,511260,0.01701198990323949,最佳行业/主题 ETF 动量为正，持有该 ETF
mom_6m,126,quarterly,2022-12-30,511260,十年国债ETF国泰,defensive,十年国债,0.016725882342671028,515230,-0.006329113924050667,511260,0.016725882342671028,最佳行业/主题 ETF 动量为负或不可用，切换到正动量防守资产
mom_6m,126,quarterly,2023-03-31,515230,软件ETF国泰,sector,软件,0.5555555555555558,515230,0.5555555555555558,511010,0.0008050385944973204,最佳行业/主题 ETF 动量为正，持有该 ETF
mom_6m,126,quarterly,2023-06-30,512980,传媒ETF广发,sector,传媒,0.5629370629370631,512980,0.5629370629370631,511260,0.027380050939629585,最佳行业/主题 ETF 动量为正，持有该 ETF
mom_6m,126,quarterly,2023-09-28,512800,银行ETF华宝,sector,银行,0.07047619047619058,512800,0.07047619047619058,511260,0.024311640351852182,最佳行业/主题 ETF 动量为正，持有该 ETF
mom_6m,126,quarterly,2023-12-29,515220,煤炭ETF国泰,sector,煤炭,0.16268980477223427,515220,0.16268980477223427,511260,0.02109548793284377,最佳行业/主题 ETF 动量为正，持有该 ETF
mom_6m,126,quarterly,2024-03-29,515220,煤炭ETF国泰,sector,煤炭,0.10076045627376407,515220,0.10076045627376407,511260,0.034387872521388196,最佳行业/主题 ETF 动量为正，持有该 ETF
mom_6m,126,quarterly,2024-06-28,512800,银行ETF华宝,sector,银行,0.21165048543689324,512800,0.21165048543689324,511260,0.04316719128229285,最佳行业/主题 ETF 动量为正，持有该 ETF
mom_6m,126,quarterly,2024-09-30,512880,证券ETF国泰,sector,证券,0.27829099307159355,512880,0.27829099307159355,511260,0.025064620355412126,最佳行业/主题 ETF 动量为正，持有该 ETF
mom_6m,126,quarterly,2024-12-31,512880,证券ETF国泰,sector,证券,0.4606741573033706,512880,0.4606741573033706,511260,0.052093244529019866,最佳行业/主题 ETF 动量为正，持有该 ETF
mom_6m,126,quarterly,2025-03-31,515230,软件ETF国泰,sector,软件,0.6881287726358147,515230,0.6881287726358147,511260,0.022743166171968365,最佳行业/主题 ETF 动量为正，持有该 ETF
mom_6m,126,quarterly,2025-06-30,512800,银行ETF华宝,sector,银行,0.1839557399723375,512800,0.1839557399723375,511260,0.013754480626264609,最佳行业/主题 ETF 动量为正，持有该 ETF
mom_6m,126,quarterly,2025-09-30,512400,有色金属ETF南方,sector,有色金属,0.5564971751412429,512400,0.5564971751412429,511010,0.00938833984190346,最佳行业/主题 ETF 动量为正，持有该 ETF
mom_6m,126,quarterly,2025-12-31,512400,有色金属ETF南方,sector,有色金属,0.7144128113879002,512400,0.7144128113879002,511010,0.004463482236060745,最佳行业/主题 ETF 动量为正，持有该 ETF
mom_6m,126,quarterly,2026-03-31,512400,有色金属ETF南方,sector,有色金属,0.30891089108910896,512400,0.30891089108910896,511260,0.013333534101774402,最佳行业/主题 ETF 动量为正，持有该 ETF
mom_6m,126,quarterly,2026-06-18,512480,半导体ETF国联安,sector,半导体,0.7217210270645384,512480,0.7217210270645384,511260,0.020341704621341217,最佳行业/主题 ETF 动量为正，持有该 ETF
