date,close,ret,fwd_20d,fwd_60d,fwd_120d,fwd_250d,fixed_state,fixed_label,refit_state,refit_label,fixed_prob_bear,fixed_prob_sideways,fixed_prob_bull
2016-05-16,3095.309,0.6603976778460693,0.006803521070109619,0.047824627525070884,0.10399995606254486,0.12610986496017018,1,sideways,1,sideways,0.0018765672566346983,0.9832586448064828,0.014864787936882375
2016-05-17,3086.025,-0.3003884592239452,0.002802958498391961,0.0477426462844599,0.11154251828808892,0.1278051862833256,1,sideways,1,sideways,0.0028047468100678478,0.9844404638806127,0.01275478930931949
2016-05-18,3068.036,-0.5846237545055482,0.013794166691655452,0.07372729655062704,0.11793668653170952,0.13847588489835205,1,sideways,1,sideways,0.003377834757784479,0.9854562478733987,0.011165917368816811
2016-05-19,3062.5,-0.1806041594004373,0.016383346938775523,0.10805681632653052,0.11986677551020408,0.14211853061224478,1,sideways,1,sideways,0.0031453594657903676,0.9860029252350502,0.010851715299159386
2016-05-20,3078.218,0.5119282249031365,0.00912865820419495,0.09746775569501587,0.11640403636129726,0.13263810425382494,1,sideways,1,sideways,0.00313723936781947,0.9837256998555962,0.013137060776584377
2016-05-23,3087.223,0.29211232102538665,0.015139172000208534,0.09258320503572293,0.10696732953855292,0.12358388104778961,1,sideways,1,sideways,0.0030723232170180347,0.983239642551658,0.013688034231324026
2016-05-24,3063.556,-0.7695648568241505,0.017548561214484115,0.0982286597666242,0.12324076987657473,0.1401397591557001,1,sideways,1,sideways,0.0038349827928713023,0.9845343688096306,0.01163064839749793
2016-05-25,3059.226,-0.1414389969084802,0.005860632722133108,0.09995796322337736,0.13373905687255538,0.15515231630484294,1,sideways,1,sideways,0.0032927788344060366,0.9854507250246054,0.011256496140988554
2016-05-26,3064.211,0.16281709442734407,0.01838417785198221,0.08895732049783778,0.133971844628193,0.16211938407635773,1,sideways,1,sideways,0.0030449305759470686,0.9850747474092564,0.011880322014796637
2016-05-27,3062.499,-0.055886439689784365,0.024131273185721946,0.09121015223188644,0.13918078014066282,0.16772936089122004,1,sideways,1,sideways,0.0029996874370567628,0.9854222402428531,0.011578072320090184
2016-05-30,3066.71,0.13740763816540946,0.027612653299464274,0.08580954834333854,0.14823312279282996,0.1655451607749021,1,sideways,1,sideways,0.0029538536359495025,0.985062589396203,0.011983556967847577
2016-05-31,3169.56,3.2987451271738975,-0.004934123348351194,0.04398465402137841,0.11532231603124732,0.13020955590050343,1,sideways,1,sideways,0.05808330260885998,0.8165724384945221,0.12534425889661804
2016-06-01,3160.547,-0.28476631092248555,-0.002008196682409813,0.04636634101628623,0.12766555915795585,0.11857188012075115,1,sideways,1,sideways,0.02720517012853939,0.8840321934157593,0.08876263645570133
2016-06-02,3167.1,0.20712287972736673,0.011870796627829971,0.044419500489406794,0.11711060591708522,0.1142032142969911,1,sideways,1,sideways,0.013452202256909563,0.9181447934974151,0.06840300424567537
2016-06-03,3189.326,0.6993266524797312,0.005661697800726451,0.038459850137615215,0.1178023193615203,0.10329298416028965,1,sideways,1,sideways,0.008870733830668023,0.9280929854336619,0.06303628073567005
2016-06-06,3178.788,-0.33096171390947243,0.011959275044450823,0.04687509830790848,0.1101573933209763,0.11793079626574654,1,sideways,1,sideways,0.006727115286628014,0.9505600922888151,0.042712792424556896
2016-06-07,3177.054,-0.05456397572566752,0.010355505446240532,0.03919448646450463,0.0920201545205086,0.11628382772216028,1,sideways,1,sideways,0.005081674421701721,0.9633546692047922,0.0315636563735061
2016-06-08,3163.986,-0.4121727193210791,0.008942517444767484,0.047449008939989046,0.09328960368345496,0.13399838052380764,1,sideways,1,sideways,0.0045444359138435125,0.9727040096032812,0.022751554482875264
2016-06-13,3066.341,-3.1347631021303486,0.04467507038519192,0.08261931729054273,0.13351613535480888,0.17088836499267357,1,sideways,1,sideways,0.08626475368259887,0.8782586651222895,0.035476581195111594
2016-06-14,3075.983,0.3139530874574774,0.06410926198226696,0.0866854595750366,0.128141150324953,0.1777968213738501,1,sideways,1,sideways,0.033334218324265905,0.9296853114611568,0.03698047021457739
2016-06-15,3116.368,1.3043696193472276,0.05342757979802126,0.07202262377228874,0.12108069393601784,0.17704070892782897,1,sideways,1,sideways,0.021242795565712163,0.9251958497359521,0.05356135469833583
2016-06-16,3094.675,-0.6985328618319467,0.05883945810141622,0.07913238062155137,0.10162747299797226,0.1874316366015818,1,sideways,1,sideways,0.012577580799519286,0.9509175677937141,0.03650485140676676
2016-06-17,3110.357,0.5054618054664187,0.05334468036948814,0.06677272094489473,0.09474121459369456,0.17226639900178653,1,sideways,1,sideways,0.007169295814737176,0.9594012375492196,0.03342946663604322
2016-06-20,3112.674,0.07446532427900023,0.047980610883118446,0.04816758838220769,0.085544133436396,0.1786740275403078,1,sideways,1,sideways,0.004935423013961237,0.968605259156585,0.02645931782945368
2016-06-21,3106.318,-0.20440618714567008,0.04568624332730886,0.04958120836308444,0.07536768611584521,0.1804322673982508,1,sideways,1,sideways,0.004116726671723934,0.975558611281876,0.02032466204639991
2016-06-22,3133.961,0.8859597724304548,0.03307124753626489,0.03343021818076242,0.06766835962540707,0.16493025918318716,1,sideways,1,sideways,0.00427539863474858,0.971465340791652,0.024259260573599416
2016-06-23,3117.317,-0.5325003728609828,0.043372554026427146,0.04677323480416007,0.0679000563625709,0.16124988251114658,1,sideways,1,sideways,0.004211767315547779,0.977712603681242,0.018075629003210213
2016-06-24,3077.155,-1.2967227155126126,0.048098649564289,0.05857618482006899,0.07536474438239216,0.18930635603341384,1,sideways,1,sideways,0.00644316801616891,0.9788247590886415,0.014732072895189486
2016-06-27,3120.544,1.4001876785143654,0.03535953987509877,0.04681619615041477,0.06985705056554248,0.17290350656808573,1,sideways,1,sideways,0.006955162481546821,0.966615043588146,0.026429793930307248
2016-06-28,3136.401,0.5068618614471333,0.042464914403483656,0.04933042681723432,0.0635349242651051,0.16564463536390917,1,sideways,1,sideways,0.004899623239544515,0.9698577620611358,0.025242614699319686
2016-06-29,3151.39,0.4767661136444848,0.021213813587020347,0.0394356141258303,0.049568285740578144,0.1593890315067319,1,sideways,1,sideways,0.0041153455106088645,0.9720111486240703,0.023873505865320846
2016-06-30,3153.921,0.08028153205888512,0.021311884476497678,0.021041427480269936,0.053419220075582086,0.16388742774470266,1,sideways,1,sideways,0.003652153639081995,0.9764055066576837,0.019942339703234287
2016-07-01,3154.2,0.008845740282463243,0.01576627988079382,0.02744118952507768,0.05141874326295115,0.15998478219516854,1,sideways,1,sideways,0.00340191561600975,0.9796032981074699,0.01699478627652027
2016-07-04,3204.696,1.5882336008525504,-0.008701917436162332,0.008173630197684911,0.030328305711368575,0.1504744911841871,1,sideways,1,sideways,0.006280454216027558,0.9608876369245771,0.03283190885939536
2016-07-05,3207.383,0.08381057554916414,-0.005714939562877275,0.011537131674016043,0.02817935993300469,0.15455310450919035,1,sideways,1,sideways,0.004619205875659365,0.9693207667896818,0.026060027334658935
2016-07-06,3216.804,0.29329802365900276,-0.00724228146943362,0.01134075933752876,0.02899679309028458,0.13888132444500823,1,sideways,1,sideways,0.003918171599270943,0.9732103135072215,0.022871514893507514
2016-07-07,3209.954,-0.21317132507499068,-0.0026994156302551087,0.02614211917055509,0.041207132563270354,0.1424403589584149,1,sideways,1,sideways,0.003672801017376405,0.9783219689452214,0.018005230037402082
2016-07-08,3192.28,-0.552121178248215,0.004019071008808828,0.0357979249940481,0.055143032566065564,0.16836461713884732,1,sideways,1,sideways,0.0038227132405123003,0.9818527398334372,0.014324546926050608
2016-07-11,3203.33,0.3455498692128425,0.009631539679021639,0.030181092800304787,0.05134001180022052,0.16999622268077275,1,sideways,1,sideways,0.003357698447822512,0.981798424790398,0.014843876761779395
2016-07-12,3273.182,2.1571706719474797,-0.004949617833655329,0.009001638161275638,0.02275614371580925,0.13913555677625022,1,sideways,1,sideways,0.01122073096818592,0.9416457099600192,0.04713355907179476
2016-07-13,3282.868,0.29548301332015386,-0.012040386637537703,0.006999976849510814,0.024683599827955316,0.14030445330119878,1,sideways,1,sideways,0.006746063997236371,0.9548406236733853,0.038413312329378384
2016-07-14,3276.764,-0.18610805489784343,-0.013245995134223865,0.0003402747344636303,0.024874540857992677,0.13513179466083014,1,sideways,1,sideways,0.005062503252146333,0.966942608772771,0.027994887975082663
2016-07-15,3276.278,-0.01483280592102243,0.0054806093988362115,0.013751580299351973,0.01776924912965261,0.13097484401506843,1,sideways,1,sideways,0.004098164054441667,0.9737222758192717,0.02217956012628652
2016-07-18,3262.022,-0.4360773470599692,0.040282377004201786,0.01662128581597555,0.01704525597926687,0.13800428078044846,1,sideways,1,sideways,0.003941125103924143,0.9790545831220947,0.0170042917739812
2016-07-19,3248.234,-0.42357844653736054,0.040025133657242584,0.021664079619879484,0.022066759968647487,0.14581985164861888,1,sideways,1,sideways,0.0037162661473922757,0.9823472487342015,0.013936485118406276
2016-07-20,3237.605,-0.3277605107169835,0.04183431888695499,0.027840023721238394,0.025278253523823846,0.154517922970838,1,sideways,1,sideways,0.0034463971338644472,0.9842930744374854,0.012260528428650178
2016-07-21,3252.523,0.45971439308260637,0.034423123218498386,0.03537407729322739,0.02270022379549652,0.15921793635279435,1,sideways,1,sideways,0.003241567300980132,0.982826023130087,0.013932409568932786
2016-07-22,3225.162,-0.8447821318732187,0.04336464338845625,0.0441196442225229,0.03541000421064111,0.16609739293716097,1,sideways,1,sideways,0.004082499182636263,0.9841392106178558,0.011778290199507964
2016-07-25,3230.885,0.17729119689038425,0.03278049203236888,0.03835326853168719,0.03045728956617144,0.15380955991934098,1,sideways,1,sideways,0.003323531353670689,0.984336551788547,0.012339916857782384
2016-07-26,3269.588,1.1907889574307435,0.02209513859238532,0.023277244717071266,0.026089219803840713,0.13395938570853572,1,sideways,1,sideways,0.004412238971599983,0.9753727190289808,0.02021504199941921
2016-07-27,3218.243,-1.5828424627393134,0.034683521412149476,0.037872528581589515,0.04531603113873017,0.15802162857186364,1,sideways,1,sideways,0.008734151951318263,0.9743615610985351,0.016904286950146674
2016-07-28,3221.137,0.08988443591910888,0.027268321713730392,0.0357454526150236,0.044491743132937245,0.1586632297850108,1,sideways,1,sideways,0.00500978895111713,0.979261763970996,0.015728447077886912
2016-07-29,3203.93,-0.5356221542210341,0.032197956884201684,0.04841616389871195,0.053675954218725286,0.16452107255776505,1,sideways,1,sideways,0.004233794642575755,0.9826753050541559,0.01309090030326844
2016-08-01,3176.809,-0.8500947406633187,0.041227533666644556,0.049276805750676056,0.06646669661285887,0.16970236485731416,1,sideways,1,sideways,0.004501801232506875,0.984146557554935,0.011351641212558116
2016-08-02,3189.053,0.3846773649365739,0.03854874785712248,0.05519883175350171,0.05501288313489949,0.1437094334901301,1,sideways,1,sideways,0.0035298647537976256,0.9835070539557702,0.012963081290432289
2016-08-03,3193.507,0.13956784497138228,0.04205000959759908,0.05031083382626056,0.05626979994094272,0.1569359328161799,1,sideways,1,sideways,0.003166912559676989,0.9838830803062234,0.012950007134099717
2016-08-04,3201.289,0.24338552289978618,0.03132738093936527,0.04851264599978311,0.05135306434376896,0.15767648594050687,1,sideways,1,sideways,0.0030624795255362563,0.9835973607250806,0.013340159749383138
2016-08-05,3205.11,0.11928699580176413,0.03400944117362581,0.05179479019440825,0.05559185176171799,0.1548499115474975,1,sideways,1,sideways,0.0030204939043335832,0.9838893833051977,0.013090122790468721
2016-08-08,3234.183,0.9029934668321067,0.026435424340552016,0.036754877506931294,0.050123632459882383,0.15060805155428736,1,sideways,1,sideways,0.0036423723900614983,0.9785540681181786,0.01780355949175979
2016-08-09,3256.981,0.7024346863044021,0.026295824261793443,0.04102910026186812,0.0480524755901246,0.14359739894092094,1,sideways,1,sideways,0.003711561962602562,0.9762415989457366,0.02004683909166085
2016-08-10,3243.341,-0.41967213376512946,0.030054194116499122,0.053611384063532164,0.05948619032041358,0.1534383834447257,1,sideways,1,sideways,0.003717129357411455,0.9805427643715233,0.015740106271065247
2016-08-11,3233.36,-0.3082127120339163,0.03284632704060164,0.06089269366850569,0.06261103001212365,0.1604949649899794,1,sideways,1,sideways,0.0034800474910711473,0.9831344667270109,0.013385485781917904
2016-08-12,3294.234,1.8651823253819582,0.007227780418755936,0.041173759969692414,0.03869761528780291,0.14020072648148263,1,sideways,1,sideways,0.008073421305436125,0.957477891619672,0.03444868707489205
2016-08-15,3393.424,2.9665773670576283,-0.03855103282112704,0.010658261390265489,0.014000313547614551,0.10055389482717159,1,sideways,1,sideways,0.05318364511909964,0.7671654647321279,0.17965089014877264
2016-08-16,3378.245,-0.44830972755728227,-0.03490332998346768,0.017254521208497353,0.012786816823528335,0.12358754323620702,1,sideways,1,sideways,0.028807103765329432,0.8479712265018218,0.12322166973284887
2016-08-17,3373.048,-0.15395572452595352,-0.03982095718768297,0.013165244016687616,0.029156122296510434,0.13924023613064507,1,sideways,1,sideways,0.015463627868766075,0.898638524595745,0.08589784753548885
2016-08-18,3364.485,-0.25418813119210526,-0.030126750453635665,0.022774956642695576,0.035172693592035564,0.13971023797104154,1,sideways,1,sideways,0.00965721035746907,0.9319075368808185,0.05843525276171242
2016-08-19,3365.02,0.015900129389212963,-0.03198108777956754,0.03071125877409342,0.03706872470297351,0.13945860648673714,1,sideways,1,sideways,0.006487159838140485,0.9507568990545525,0.04275594110730702
2016-08-22,3336.795,-0.8423141157577415,-0.02102586463957179,0.041337271243813145,0.04091620851745459,0.145438362260792,1,sideways,1,sideways,0.006541385929168865,0.9645857674151597,0.028872846655671518
2016-08-23,3341.83,0.1507795677673257,-0.01517402141940194,0.04396094355487867,0.039505899462270566,0.14623963516995175,1,sideways,1,sideways,0.004600648501810671,0.9714947398076395,0.023904611690549863
2016-08-24,3329.863,-0.35873991306371117,-0.016275744677784032,0.057490353206723466,0.034944380594637225,0.154887153015004,1,sideways,1,sideways,0.004077328455285822,0.9776736684739675,0.018249003070746745
2016-08-25,3308.972,-0.6293594872144888,-0.02680228179627997,0.06833209830726883,0.043469089493655355,0.16563271009848357,1,sideways,1,sideways,0.004117648172280523,0.9814683058392023,0.014414045988517098
2016-08-26,3307.09,-0.05689185049238894,-0.020058419940189087,0.07769670616765789,0.04576470552661105,0.16399916542942572,1,sideways,1,sideways,0.003427658071348427,0.9833225855727814,0.013249756355870177
2016-08-29,3307.781,0.0208923198204013,-0.02324549297550238,0.06959952911030087,0.038489549338363016,0.15783693055858294,1,sideways,1,sideways,0.0031462996351752292,0.9841452502470744,0.012708450117750372
2016-08-30,3311.987,0.12707395685106843,-0.02041070813381818,0.07640398346974187,0.03498685230346599,0.1551947516702208,1,sideways,1,sideways,0.003031929426251745,0.9842613347699048,0.012706735803843528
2016-08-31,3327.794,0.4761310610138977,-0.022389907548363897,0.06044875373896352,0.03566627020783142,0.14960391178059695,1,sideways,1,sideways,0.003121869652213369,0.9825542987442393,0.014323831603547344
2016-09-01,3301.577,-0.790938889206617,-0.00233464189991639,0.05083328360962036,0.04615370170073252,0.1624547905440339,1,sideways,1,sideways,0.0039224890967454,0.9840790265112243,0.011998484392030289
2016-09-02,3314.114,0.3790084817311178,-0.0022802474507516157,0.043764034671106566,0.04061930277594561,0.159467055146564,1,sideways,1,sideways,0.0033466795030633943,0.9832956636462533,0.013357656850683354
2016-09-05,3319.68,0.1678074810922411,-0.005925269905532993,0.0470126638712165,0.03231154810102188,0.1537121047811838,1,sideways,1,sideways,0.0031189806650367266,0.9835690412542923,0.013311978080670866
2016-09-06,3342.626,0.6888332877707114,-0.011960656082971921,0.038148748917766984,0.025508686882708353,0.14619374108859318,1,sideways,1,sideways,0.0033710044898158592,0.9804279056431795,0.016201089867004536
2016-09-07,3340.817,-0.054133776383725615,-0.010467200089079975,0.045762159375984934,0.035105484676352994,0.15036022625603263,1,sideways,1,sideways,0.0032240771098348197,0.9824357511958901,0.014340171694275131
2016-09-08,3339.564,-0.037512830920683145,-0.018470974055295852,0.020845535524996794,0.03507314128431149,0.14748991185675742,1,sideways,1,sideways,0.003120122421704237,0.9836765821744025,0.013203295403893285
2016-09-09,3318.044,-0.6464806864577446,0.0009909452677541175,0.026217856062186184,0.04388127463047509,0.15804220799965285,1,sideways,1,sideways,0.0036102666743349637,0.9849876986212719,0.01140203470439327
2016-09-12,3262.604,-1.6849803145554756,0.01643993570779667,0.03565893991425262,0.06709456618087883,0.17630518444776033,1,sideways,1,sideways,0.008402050131007853,0.9800233319398121,0.011574617929179937
2016-09-13,3260.333,-0.0696312134168254,0.017872714228883924,0.02456834930665064,0.0568874406387323,0.17709755414554285,1,sideways,1,sideways,0.004798427216231691,0.9834968546393371,0.011704718144431189
2016-09-14,3238.73,-0.6648059748012242,0.027482994877621625,0.033130578961506396,0.06511286831566698,0.1787929219169242,1,sideways,1,sideways,0.00426255236388103,0.9851141283559866,0.010623319280132285
2016-09-19,3263.124,0.7503741074736597,0.032010429269620166,0.020182806414957177,0.06227866302353213,0.1708969686717392,1,sideways,1,sideways,0.0038022948982341116,0.9816793456362749,0.014518359465491059
2016-09-20,3257.403,-0.17547665911087226,0.033785196366553416,0.01585956665478605,0.05914128525085793,0.1730817464096399,1,sideways,1,sideways,0.0033786477564815135,0.9836643880153162,0.01295696422820239
2016-09-21,3266.636,0.28304570724273376,0.026989232960146214,0.022010410709978112,0.059799132808185496,0.17017598532557665,1,sideways,1,sideways,0.0031454908676872406,0.9833162711699056,0.013538237962407204
2016-09-22,3291.121,0.7467527016206166,0.016582191903609766,0.013536725024695162,0.06030741501148085,0.16571253381446627,1,sideways,1,sideways,0.00346134972162004,0.9796964423627809,0.01684220791559924
2016-09-23,3275.667,-0.47067237528245376,0.019678129675574585,0.009748243640150367,0.06178039464939511,0.18516564717964323,1,sideways,1,sideways,0.0035942579050758897,0.9826709237324169,0.01373481836250725
2016-09-26,3220.284,-1.7051958047831592,0.036019804464450855,0.03171055720551341,0.0774854019086515,0.20792576058509127,1,sideways,1,sideways,0.008743851633810348,0.9781055471168092,0.013150601249380639
2016-09-27,3240.755,0.6336772924760429,0.036502913672894044,0.02333715445937745,0.06925484956437633,0.20425240414656454,1,sideways,1,sideways,0.005346147925972154,0.9785074270780901,0.016146424995937762
2016-09-28,3230.89,-0.3048686273997671,0.031713243100198296,0.021975059503728245,0.06371866575463736,0.21110715623249332,1,sideways,1,sideways,0.004060503603413657,0.9821956329780099,0.01374386341857646
2016-09-29,3244.387,0.4168785226258793,0.037202097037128956,0.01645241458555957,0.06523851809294001,0.20854941164540475,1,sideways,1,sideways,0.0034640058561434487,0.9817019217029124,0.01483407244094421
2016-09-30,3253.285,0.2738828787333708,0.031011731219367622,0.017458046251711767,0.0770322919756492,0.20292135487668617,1,sideways,1,sideways,0.0032210112067852367,0.9819726384758385,0.014806350317376272
2016-10-10,3293.869,1.2397606598001214,0.019042348071523163,0.014681215312448481,0.06684479558840972,0.18798561812871117,1,sideways,1,sideways,0.004601324363666318,0.9718644894272314,0.0235341862091024
2016-10-11,3306.557,0.3844605068953734,0.019525143525425337,0.018676526671096205,0.06378417187424867,0.1928307904566593,1,sideways,1,sideways,0.003893444600441593,0.9743224814645732,0.021784073934985243
2016-10-12,3300.01,-0.19819679852359617,0.01607419371456431,0.020539028669610104,0.0621601146663191,0.19128426883554894,1,sideways,1,sideways,0.003623737462579262,0.9789938752247661,0.017382387312654714
2016-10-13,3302.646,0.07984665989105584,0.02663500720331502,0.013631797050001726,0.0650030309031,0.18900178826310765,1,sideways,1,sideways,0.0033149907163250517,0.9810511230054766,0.01563388627819846
2016-10-14,3305.848,0.0969055960578878,0.033689691722063486,0.01756069849551456,0.06158510615128088,0.1890437793873161,1,sideways,1,sideways,0.003165119466409501,0.9823008318779175,0.014534048655673022
2016-10-17,3277.879,-0.8496454441695316,0.046484022137485814,0.02452592057241887,0.07220736335905009,0.20791371493578614,1,sideways,1,sideways,0.004081733270498629,0.9837958616754949,0.012122405054006339
2016-10-18,3321.332,1.3169340397873355,0.032679057679268375,0.0039631689936447945,0.04973095131712224,0.19739580385218947,1,sideways,1,sideways,0.005203197759933987,0.973064878089731,0.021731924150335005
2016-10-19,3316.241,-0.15339947291938072,0.03418056769697975,0.0004170384480499667,0.04936342081290235,0.20424752000834667,1,sideways,1,sideways,0.004041093681829908,0.978363820898359,0.0175950854198109
2016-10-20,3318.604,0.07123000160244534,0.03553632792583872,0.00039414163304818395,0.04343362449994048,0.21194574586181414,1,sideways,1,sideways,0.0034603670205187007,0.9807737205677737,0.0157659124117076
2016-10-21,3327.74,0.2749182333673662,0.02695973844110422,-0.0024923822173607,0.03550036962022296,0.20493848678081839,1,sideways,1,sideways,0.0032449394137270882,0.9812959183271484,0.015459142259124507
2016-10-24,3367.578,1.1900396710607166,0.021835574409857728,-0.0122408449039636,0.027904327680012164,0.18979218892628458,1,sideways,1,sideways,0.004484809062178454,0.9719968985083589,0.023518292429462666
2016-10-25,3367.455,-0.00365254335097328,0.029965953516825072,-0.00834161109799536,0.029497647333075028,0.18683753754690113,1,sideways,1,sideways,0.003779788521203147,0.9769150883261228,0.01930512315267402
2016-10-26,3354.8,-0.3765110056023228,0.03574847979015128,-0.007604328126862958,0.022790926433766456,0.19146715154405625,1,sideways,1,sideways,0.0036709424982149497,0.9809404926252492,0.015388564876535758
2016-10-27,3345.695,-0.2717711334488728,0.0427549432927985,0.002748009008591623,0.02847808900691784,0.19338373641351048,1,sideways,1,sideways,0.0034235411669490392,0.9833274332678261,0.013249025565224776
2016-10-28,3340.126,-0.1665913965676324,0.05424106755254132,0.007171885132476907,0.031453005066275797,0.20381386809958646,1,sideways,1,sideways,0.003210027394484586,0.9846192915817853,0.012170681023729986
2016-10-31,3336.278,-0.11527164701501218,0.05958825973135351,0.008444440181543778,0.033103356494872394,0.2152005917972064,1,sideways,1,sideways,0.00308410499040417,0.985300648188656,0.011615246820939824
2016-11-01,3359.052,0.6802976950381734,0.06102555125672349,0.0050168916706261335,0.0240249332252076,0.2051037018777917,1,sideways,1,sideways,0.003299361598038191,0.9819473921632684,0.014753246238693299
2016-11-02,3333.352,-0.7680386997929893,0.06139435619160549,0.016382608257393683,0.027967343382877097,0.22276315252634582,1,sideways,1,sideways,0.003963132123824857,0.9837752157982006,0.012261652077974474
2016-11-03,3365.085,0.9474818497123672,0.05941930144409424,-0.00017622140302542277,0.01427690533820103,0.2219337698750552,1,sideways,1,sideways,0.0040867645164912635,0.9783593298284015,0.017553905655107307
2016-11-04,3354.175,-0.32473842618441123,0.052108193520016055,0.005673526276953167,0.014969701938628566,0.2307267808030291,1,sideways,1,sideways,0.0036767577607936235,0.9818553795668831,0.01446786267232337
2016-11-07,3356.592,0.07203349794477122,0.03360998298273965,0.002708997697664639,0.007733439154952393,0.22128367105683378,1,sideways,1,sideways,0.003255705260780672,0.9830476829896723,0.013696611749547182
2016-11-08,3371.118,0.4318266564017226,0.02611448190184973,0.0036100783182315688,-0.0036501243801017047,0.2084032656228587,1,sideways,1,sideways,0.003196189760056741,0.9819822867173159,0.01482152352262737
2016-11-09,3353.055,-0.537256951844415,0.036591108705344766,0.012894807869241687,-0.0001559771611261418,0.22426026414717315,1,sideways,1,sideways,0.003523313288994369,0.9840332963244823,0.012443390386523322
2016-11-10,3390.612,1.113856550149881,0.02345623739902991,0.006746569645833755,-0.01560514738932084,0.21537085340345619,1,sideways,1,sideways,0.004295339069347247,0.9762785559162542,0.019426105014398558
2016-11-11,3417.221,0.781721158657291,0.02238046646675751,0.005575875835949873,-0.01772639229362094,0.21263242851428088,1,sideways,1,sideways,0.004125179934808841,0.973607393359742,0.022267426705449237
2016-11-14,3430.248,0.3804914112466851,-0.006142121502585196,0.0016197079628061939,-0.013080395353338936,0.22956182759963717,1,sideways,1,sideways,0.003693840692425489,0.9755097980658506,0.020796361241724046
2016-11-15,3429.87,-0.011020218613809824,-0.007240507657724549,-0.002378224247566174,-0.00894377921029077,0.23257353777256862,1,sideways,1,sideways,0.0034432651937304887,0.979094922834019,0.01746181197225056
2016-11-16,3429.592,-0.008105591959015519,-0.014767645830757736,0.0033068073403483833,-0.00027495982029357435,0.19617639649264396,1,sideways,1,sideways,0.0032694294277627323,0.9814157613983322,0.015314809173905075
2016-11-17,3436.535,0.20223926433190292,-0.02796450494466074,-0.0043919238418930195,-0.007731334032681114,0.194285232072422,1,sideways,1,sideways,0.003150260428768292,0.9820721679218681,0.01477757164936354
2016-11-18,3417.455,-0.5567574299527511,-0.0208997631278246,0.0157830900480036,-0.005659767282963468,0.18507719926085353,1,sideways,1,sideways,0.0035320806640628272,0.9840735829386392,0.012394336397297806
2016-11-21,3441.111,0.6898262350421397,-0.032584825075389845,0.012121666519911756,-0.01082847952303767,0.1786379457099756,1,sideways,1,sideways,0.003498187652800243,0.9810080618965227,0.015493750450677034
2016-11-22,3468.364,0.7888628681750661,-0.04592943531878435,0.00616803772614416,-0.016470301271723553,0.16877957446219605,1,sideways,1,sideways,0.0037141426576449187,0.9773869793777602,0.018898877964594805
2016-11-23,3474.729,0.183347732287869,-0.03919528688424323,-0.0004043480800948185,-0.014543580233163489,0.1529241560996557,1,sideways,1,sideways,0.0033906380057720144,0.9794626757101906,0.01714668628403736
2016-11-24,3488.74,0.40241491439333765,-0.04387486599746604,-0.004267443260317472,-0.018508974586813554,0.14601174062842182,1,sideways,1,sideways,0.003317585123526678,0.9795069206648199,0.017175494211653333
2016-11-25,3521.298,0.9289032130291509,-0.06068756464235625,-0.021320263152962315,-0.010121267782505217,0.1412998843040265,1,sideways,1,sideways,0.00393929915529118,0.9742245737984859,0.02183612704622294
2016-11-28,3535.081,0.39065411675307543,-0.06016269499906801,-0.023272734061822065,-0.015458203079363741,0.1428790457700968,1,sideways,1,sideways,0.0036249022523579637,0.9758291177098889,0.020545980037753098
2016-11-29,3564.04,0.8158520084174069,-0.06948715502631841,-0.029629858250749153,-0.019964702977519844,0.1267609229974973,1,sideways,1,sideways,0.003958121683282876,0.9724860556879595,0.023555822628757654
2016-11-30,3538.001,-0.733285450702222,-0.06673599018202658,-0.029085633384501652,-0.011380155064964703,0.12240132210250909,1,sideways,1,sideways,0.004457234823602126,0.9781080517616015,0.017434713414796438
2016-12-01,3565.036,0.7612273608875042,-0.07497007042846138,-0.038477311309058404,-0.022027547547906923,0.12295612162121228,1,sideways,1,sideways,0.004093823680220784,0.9755307862580688,0.02037539006171038
2016-12-02,3528.955,-1.0172358867832603,-0.062022326722783294,-0.02336980777595632,-0.017059157739330755,0.15317423996622237,1,sideways,1,sideways,0.005226091556477875,0.9791158770880922,0.01565803135542997
2016-12-05,3469.407,-1.7018107141084704,-0.03665756136423326,-0.004453210591896628,0.006766285996425259,0.15755113193695625,1,sideways,1,sideways,0.010316517515919823,0.975194388037561,0.014489094446519279
2016-12-06,3459.153,-0.29599245691470616,-0.02626105292249281,-0.003012876273469134,0.021600374426918867,0.17083372721588197,1,sideways,1,sideways,0.005751455324609999,0.9811660878566456,0.013082456818744417
2016-12-07,3475.747,0.4785658530149346,-0.031060373496689997,-0.014041010464800774,0.024521922913261607,0.15835588723805283,1,sideways,1,sideways,0.004078559004497999,0.9810872620567695,0.014834178938732515
2016-12-08,3470.143,-0.16136164597927136,-0.035294222745287485,-0.012175578931473474,0.03055407226733875,0.14717347383090562,1,sideways,1,sideways,0.0034732984390566197,0.9833191485515721,0.013207553009371351
2016-12-09,3493.7,0.6765543064456296,-0.037152302716317975,-0.010190342616710035,0.02309557202965351,0.1407078455505626,1,sideways,1,sideways,0.0034835832970614602,0.9804612803340524,0.01605513636888602
2016-12-12,3409.179,-2.44898467045922,-0.014932334148485604,0.013937079865856239,0.05077116807301696,0.1836659207392748,1,sideways,1,sideways,0.02353000870496693,0.9571869953010901,0.019282995993942974
2016-12-13,3405.036,-0.12159876113376968,-0.020716667900133823,0.017212152823053772,0.038255983196653354,0.18368498893991125,1,sideways,1,sideways,0.01024488604755668,0.972304948813618,0.017450165138825403
2016-12-14,3378.945,-0.7691981638159885,-0.018147972222098963,0.030353261151039757,0.04434757002555534,0.20388138901343456,1,sideways,1,sideways,0.006990777256750463,0.9787522555246548,0.014256967218594737
2016-12-15,3340.434,-1.1462791927766491,-0.006143513088419206,0.03154410474806557,0.053384380592461866,0.21379377649730547,1,sideways,1,sideways,0.007031927776810177,0.9805827779568798,0.01238529426631
2016-12-16,3346.031,0.16741286486145174,-0.0079452342192885,0.030956676731327404,0.06205381838960844,0.20786089549080677,1,sideways,1,sideways,0.004322734520327542,0.9827572935582114,0.012919971921461123
2016-12-19,3328.983,-0.5108015374279151,-0.0007891298934239455,0.04126305240969996,0.06533857337210791,0.2176757886717955,1,sideways,1,sideways,0.00385152103610876,0.9847221189347336,0.011426360029157579
2016-12-20,3309.064,-0.6001481998090104,0.00915697006766858,0.042606005807080294,0.08428093261417735,0.20614409391900557,1,sideways,1,sideways,0.003764264497036285,0.9857918607435668,0.010443874759396834
2016-12-21,3338.536,0.8867017600425303,-0.0027697769321641807,0.03697488959232431,0.07542437763139276,0.2037902242180405,1,sideways,1,sideways,0.0038298413931592205,0.9808288926690167,0.015341265937823926
2016-12-22,3335.672,-0.08582292238395543,0.0057610580416780355,0.04614602394959699,0.08610289021222695,0.20840868046978245,1,sideways,1,sideways,0.0033665038248108297,0.9829078837489345,0.01372561242625466
2016-12-23,3307.599,-0.8451609787904244,0.017076435202695306,0.051529825713455546,0.10898933032692293,0.2357607436693503,1,sideways,1,sideways,0.00413089337027248,0.9842029174583447,0.011666189171382837
2016-12-26,3322.401,0.44651657897893227,0.012656509554385575,0.04436791344572799,0.1060419859011601,0.23747645151804386,1,sideways,1,sideways,0.0034522298905937587,0.9830727102267413,0.01347505988266492
2016-12-27,3316.385,-0.1812380048623324,0.017946951273751344,0.04487054428240378,0.09944020371579287,0.24497366861808856,1,sideways,1,sideways,0.003234043869607711,0.9844896521980048,0.012276303932387423
2016-12-28,3301.889,-0.43806053303788944,0.026067502572012513,0.04084601269152288,0.11113002284449891,0.25344946483664343,1,sideways,1,sideways,0.0033380078478629344,0.9855949783323351,0.011067013819801977
2016-12-29,3297.765,-0.12497626502163345,0.02023400697138822,0.0479964460778739,0.11190397132603436,0.2615089310487557,1,sideways,1,sideways,0.003101709235738387,0.985985626173927,0.010912664590334499
2016-12-30,3310.081,0.3727694096266864,0.019070228190790406,0.05855204147572213,0.10294763179511324,0.2656179712822737,1,sideways,1,sideways,0.0030351820214851956,0.9844792615970763,0.012485556381438431
2017-01-03,3342.227,0.966469087702656,0.007018673477295234,0.05140883608444313,0.08310536657145073,0.2589848026480548,1,sideways,1,sideways,0.0037478226367046673,0.9783966497387508,0.017855527624544485
2017-01-04,3368.312,0.7774377403475183,0.004446143943910297,0.04428063671061366,0.08650267552412005,0.24857376632568484,1,sideways,1,sideways,0.003862109043392687,0.9753076688484321,0.020830222108175162
2017-01-05,3367.789,-0.015528270762287105,0.008463416205706453,0.040783433879022724,0.08679522381004268,0.254532573151109,1,sideways,1,sideways,0.0035017346211903963,0.9790222376924853,0.017476027686324294
2017-01-06,3347.667,-0.5992760646598516,0.019661453782589433,0.050680369343784726,0.09208263545926165,0.2621443530673748,1,sideways,1,sideways,0.003815828341971958,0.9822309415520933,0.013953230105934843
2017-01-09,3363.901,0.4837627111832554,0.02151490189515104,0.04326465017846837,0.0861458170142344,0.2659329153860355,1,sideways,1,sideways,0.003433766188744283,0.9812023548492398,0.015363878962015963
2017-01-10,3358.272,-0.1674756456190271,0.023086873249099638,0.0465400062889485,0.09306482619632961,0.2649707945038402,1,sideways,1,sideways,0.003271588260526324,0.9832523231567551,0.01347608858271858
2017-01-11,3334.495,-0.7105312356654621,0.026156284534839758,0.04558711289115758,0.09726480321607922,0.28097867893039297,1,sideways,1,sideways,0.0037937520805930067,0.9846690399030501,0.011537208016356852
2017-01-12,3317.624,-0.5072379544882616,0.03716786471281863,0.048925978350771615,0.11131369920159728,0.29170605228320046,1,sideways,1,sideways,0.003607427894219523,0.9858067501433615,0.010585821962418888
2017-01-13,3319.912,0.06894124839764769,0.03058213591203618,0.04302252589827682,0.11541932436763402,0.30623853885283703,1,sideways,1,sideways,0.003129912663573095,0.9857229428942295,0.011147144442197322
2017-01-16,3319.446,-0.014037501841745174,0.0457748070009274,0.03808768089614967,0.10366549116930956,0.32028446915539543,1,sideways,1,sideways,0.0029977993294051336,0.9857682913106077,0.011233909359987143
2017-01-17,3326.356,0.2079508986307215,0.04703856111612814,0.040642673243633354,0.10246197340272656,0.31972795455447334,1,sideways,1,sideways,0.0029527641861562424,0.9850359152681495,0.012011320545694162
2017-01-18,3339.365,0.3903258632177612,0.04503610716408657,0.038157553906206676,0.11690306390586236,0.307158396880844,1,sideways,1,sideways,0.003022994545427348,0.9836277872387647,0.013349218215808145
2017-01-19,3329.289,-0.3021901471493584,0.0432629909869644,0.030628161147920663,0.12573104948233693,0.31598668664690877,1,sideways,1,sideways,0.003164627744186995,0.9849243931570174,0.01191097909879551
2017-01-20,3354.889,0.7659917246903397,0.03545959344705585,0.02565956727629448,0.11139235903184863,0.28231306609548024,1,sideways,1,sideways,0.003447120983434556,0.980930285681131,0.015622593335434516
2017-01-23,3364.081,0.27361353703349117,0.02441736688266416,0.02410821855954115,0.11277611924326436,0.2651603810966501,1,sideways,1,sideways,0.0032362419625087367,0.9814120123396073,0.015351745697883877
2017-01-24,3364.451,0.010997941315369917,0.026262531390708332,0.02445242923734048,0.1055470862854,0.2709054166638183,1,sideways,1,sideways,0.0031400608652617486,0.9828447815972773,0.01401515753746098
2017-01-25,3375.904,0.3398340598466271,0.024447970084457316,0.018913156298283385,0.09759874688379755,0.25770697271012444,1,sideways,1,sideways,0.003115664483362077,0.9823423028162608,0.01454203270037723
2017-01-26,3387.961,0.35651251970546893,0.013912497812105906,0.011398006057330878,0.09570181002673883,0.2607090223293598,1,sideways,1,sideways,0.0031292105095925434,0.9818667666254491,0.015004022864958277
2017-02-03,3364.492,-0.6951279631958326,0.018835235750300328,0.014455674140405161,0.10622673497217416,0.2703688996734126,1,sideways,1,sideways,0.0037569416169449094,0.9838213457348269,0.012421712648228245
2017-02-06,3373.205,0.25863451137390725,0.021723850166236458,0.00924373111032395,0.10810727483209592,0.22995370871322685,1,sideways,1,sideways,0.0032502535814148983,0.9836640124515519,0.013085733967033253
2017-02-07,3365.685,-0.2231822487515381,0.02622705333386821,0.005010867030039945,0.12024238750804073,0.2034688332389989,1,sideways,1,sideways,0.0031795766235427824,0.9848927918065414,0.011927631569915886
2017-02-08,3383.288,0.5216509213378671,0.019343017798071127,-0.007234087077422902,0.11159706179314322,0.185842588629759,1,sideways,1,sideways,0.0031865256183112207,0.9828032789055039,0.01401019547618478
2017-02-09,3396.292,0.38362305476017927,0.00902513682569106,-0.012884640072172715,0.09761645936215135,0.13083710116797964,1,sideways,1,sideways,0.003152759900413006,0.9820720125432011,0.014775227556385955
2017-02-10,3413.487,0.5050101198410881,0.004220024860208893,-0.022201930167010997,0.08615617988291735,0.13962789370517603,1,sideways,1,sideways,0.0032420987333392085,0.9806936615690308,0.01606423969763005
2017-02-13,3436.275,0.6653686382562547,0.006350772275210748,-0.023173058035227068,0.08454503786804013,0.14531927741522432,1,sideways,1,sideways,0.0034672400539745023,0.9782679116367881,0.0182648483092375
2017-02-14,3435.804,-0.013707642206606757,0.006079799662611851,-0.014676331944429966,0.08627063709105642,0.15459467420143858,1,sideways,1,sideways,0.0033002441784145548,0.9808899173837637,0.015809838437821716
2017-02-15,3421.713,-0.41096565512641936,0.012254388372139768,-0.0065812065477146575,0.09040238032821568,0.18441640196007092,1,sideways,1,sideways,0.0034349201631012263,0.9833585410600462,0.01320653877685272
2017-02-16,3440.933,0.560135267140644,0.011791569321460305,-0.00356996198414794,0.07991669701211856,0.1831352136179345,1,sideways,1,sideways,0.003345300338762021,0.981408084368256,0.015246615292982067
2017-02-17,3421.442,-0.5680555904459581,0.007120681864547063,-0.003354141324038218,0.06602713125050785,0.2037085532941958,1,sideways,1,sideways,0.003637419842232968,0.9836928953218032,0.012669684835963925
2017-02-20,3471.393,1.4493854687776702,-0.006274138364627757,-0.021109681329656516,0.06432288133322839,0.16926576737350119,1,sideways,1,sideways,0.005533185367069745,0.9700878483596276,0.024378966273302726
2017-02-21,3482.823,0.32872175073427257,-0.004730645226587615,-0.022675283814308056,0.06409570627045924,0.1552817929593322,1,sideways,1,sideways,0.00420008873056026,0.9737715499813528,0.022028361288086842
2017-02-22,3489.757,0.19889344506131462,-0.011378156129495554,-0.022499560857675793,0.06065293371429581,0.16027734882400102,1,sideways,1,sideways,0.0036393077454777573,0.9769639810635208,0.019396711191001524
2017-02-23,3473.324,-0.472004576967945,-0.0032666114649828604,-0.014144951637106162,0.071387811790665,0.15637383670512728,1,sideways,1,sideways,0.0037374781381050532,0.9810068870805537,0.015255634781341192
2017-02-24,3473.852,0.015200421034857758,0.0045332961795723214,-0.014302566718443988,0.07220313358197195,0.15666902332050991,1,sideways,1,sideways,0.0033040448764823493,0.9826929238899912,0.01400303123352649
2017-02-27,3446.223,-0.7985216001384715,0.009232136167624638,0.01144296233876907,0.08553451126058875,0.18000634317628306,1,sideways,1,sideways,0.004005723180679033,0.9841712109287761,0.01182306589054494
2017-02-28,3452.81,0.1909543555320246,0.004923236436409795,0.008000729840332843,0.08673746890214051,0.169092420376447,1,sideways,1,sideways,0.0033013100318679224,0.9842817030065109,0.01241698696162116
2017-03-01,3458.438,0.16286497732457553,0.0019531938985171138,0.009960276864873663,0.0860648651211906,0.17902937684584774,1,sideways,1,sideways,0.0030784399466114937,0.9842631945739491,0.012658365479439335
2017-03-02,3435.096,-0.6772169168876538,0.0004838292728936988,0.018235880452831532,0.08720280306576589,0.19614269877755963,1,sideways,1,sideways,0.0036285912151540712,0.9853052706132325,0.011066138171613438
2017-03-03,3427.863,-0.21078379392931323,0.008221740483794093,0.017108034947721062,0.10732371742978053,0.20415139111452252,1,sideways,1,sideways,0.0032461123334160315,0.9860100505389353,0.010743837127648693
2017-03-06,3446.484,0.541754599921632,0.01665726578159088,0.006461657735825854,0.11496586085993732,0.18708022436779048,1,sideways,1,sideways,0.003193983293567185,0.9835800549615246,0.013225961744908239
2017-03-07,3453.957,0.2165949370925574,0.017397437200289412,0.011269682859398777,0.11018695368819009,0.1793270732669805,1,sideways,1,sideways,0.0030725799144594827,0.9835123203366716,0.013415099748868854
2017-03-08,3448.731,-0.1514193021184061,0.019929649485564305,0.0246876314795208,0.11180054344627033,0.18773050145111325,1,sideways,1,sideways,0.0030875363138228164,0.9846242990662826,0.012288164619894642
2017-03-09,3426.944,-0.6337435355621822,0.02281770580435527,0.03911210688006572,0.11530652382997797,0.18368523092294464,1,sideways,1,sideways,0.003547682164765106,0.9855761598836006,0.010876157951634328
2017-03-10,3427.892,0.027659305227549724,0.026090670301164742,0.04325632196113527,0.11746169365896009,0.18855786588375612,1,sideways,1,sideways,0.0031222028356927174,0.9856701608879698,0.011207636276337614
2017-03-13,3458.098,0.8773231952140633,0.014846600645788577,0.033628601618577614,0.11206102314046618,0.17917537328323263,1,sideways,1,sideways,0.003580494649742312,0.9805292159569207,0.01589028939333706
2017-03-14,3456.693,-0.04063752669704875,0.016742302541764564,0.036327784966729615,0.115819657690168,0.17483675871707427,1,sideways,1,sideways,0.0032818837083850062,0.9825151785217967,0.014202937769818175
2017-03-15,3463.644,0.20088623827362131,0.006600274162125386,0.02068774966480391,0.1113873134767891,0.16072812332907205,1,sideways,1,sideways,0.003124715463274433,0.9828577340442378,0.014017550492487822
2017-03-16,3481.507,0.5144031969782309,-0.0004495179817245454,0.013582049382637962,0.1000612665722056,0.1216223319384393,1,sideways,1,sideways,0.0032189574966281715,0.9812322279242841,0.015548814579087808
2017-03-17,3445.805,-1.0307696869082108,0.004915542231786141,0.02117241109116752,0.11033270890256408,0.1259757879508563,1,sideways,1,sideways,0.004650570437841551,0.9825527364050142,0.012796693157144257
2017-03-20,3449.613,0.11045016812968199,-0.0010833099249103473,0.03016338354476278,0.1090070103515961,0.13440812056308915,1,sideways,1,sideways,0.0035344523192181354,0.9836561755500974,0.012809372130684504
2017-03-21,3466.347,0.4839250850749584,-0.0013844545857643054,0.023121458988381693,0.10719844262562295,0.10857799291300019,1,sideways,1,sideways,0.0033047955098056705,0.9822099891744257,0.014485215315768523
2017-03-22,3450.05,-0.47125779971378046,0.004851234040086361,0.03997188446544242,0.11378269880146674,0.12869378704656453,1,sideways,1,sideways,0.003467535680864475,0.9842003177133148,0.012332146605820682
2017-03-23,3461.978,0.3451378333692566,-0.008873251072075039,0.0370785140749017,0.1062909700754886,0.12608976717934084,1,sideways,1,sideways,0.003183860819186552,0.9834189896947417,0.013397149486071696
2017-03-24,3489.6,0.7947014439662355,-0.013934548372306232,0.0381943489225125,0.09791867262723519,0.1138580353049059,1,sideways,1,sideways,0.0035398516640664955,0.9793372351524576,0.017122913183475943
2017-03-27,3478.039,-0.3318487255004615,-0.009446702581541011,0.05464372308648624,0.10497409603515084,0.11053383817720275,1,sideways,1,sideways,0.0034781752891931985,0.9823646258062083,0.014157198904598467
2017-03-28,3469.809,-0.23690799940547408,-0.006654256761683519,0.05905397098226439,0.10441698664105137,0.1109726788996166,1,sideways,1,sideways,0.003296729633852946,0.9841374439465281,0.012565826419618979
2017-03-29,3465.193,-0.13312182697810024,-0.007341582416910075,0.05222623963513717,0.10886608624685534,0.11189448899383092,1,sideways,1,sideways,0.0031318658929291457,0.9850460709164338,0.011822063190637108
2017-03-30,3436.758,-0.8239745799097454,-0.0029623848987910817,0.06752584848860477,0.11669718961882114,0.1426969836107168,1,sideways,1,sideways,0.003913071598974639,0.985536503264495,0.010550425136530279
2017-03-31,3456.046,0.5596575891124803,-0.01241823748873705,0.06098066981747352,0.1104395022519955,0.13955167263398693,1,sideways,1,sideways,0.003440349337575234,0.9833289284229596,0.013230722239465167
2017-04-05,3503.893,1.3749475039800707,-0.02839898364476312,0.04193992225219212,0.08958578358414471,0.11265812055333879,1,sideways,1,sideways,0.005132361009759044,0.9710415964223706,0.02382604256787022
2017-04-06,3514.047,0.28937286683886243,-0.03742038737671971,0.030146722568024753,0.08728824628697351,0.10161987019524776,1,sideways,1,sideways,0.004029681809600014,0.9746587527436735,0.021311565446726518
2017-04-07,3517.463,0.09716263700804902,-0.04510353058440131,0.04043169750470721,0.08635115706974017,0.08284379963627186,1,sideways,1,sideways,0.003554354143334482,0.9781115664438442,0.018334079412821336
2017-04-10,3505.139,-0.35098137845196176,-0.04353807366840512,0.04420880313163056,0.09055275696627163,0.06946999819408006,1,sideways,1,sideways,0.0035361760347198683,0.9816183166763957,0.0148455072888844
2017-04-11,3517.328,0.3471433113362066,-0.051069163865297695,0.03940519621712846,0.09074302993636074,0.07077929610204126,1,sideways,1,sideways,0.0032753665183133385,0.9815229113353587,0.015201722146327869
2017-04-12,3509.439,-0.2245414801606661,-0.04353772782487453,0.04110286572868205,0.10621897118029411,0.08616875802656776,1,sideways,1,sideways,0.0032473247766995864,0.9835331707136952,0.013219504509605212
2017-04-13,3514.566,0.14598511562962957,-0.03675759681280699,0.04445584461922203,0.1067835971781439,0.07007636220233171,1,sideways,1,sideways,0.0030801345598573,0.9837941775598383,0.013125687880304243
2017-04-14,3486.505,-0.8016245019347563,-0.025042556944562033,0.04942456700908204,0.11936939714699957,0.08025831025625951,1,sideways,1,sideways,0.003886753254530711,0.9848116268058302,0.01130161993963892
2017-04-17,3479.942,-0.18841748000428032,-0.014739613476316582,0.05947771543318825,0.12443080947900853,0.10446926989013039,1,sideways,1,sideways,0.0033271614109447443,0.9857215743910741,0.010951264197980997
2017-04-18,3462.743,-0.4954577424490344,-0.01524138522552787,0.06941057999395284,0.13233988199528524,0.10568471295732906,1,sideways,1,sideways,0.0034010064856878704,0.9863735439117042,0.010225449602607862
2017-04-19,3445.876,-0.48828958473028344,-0.013860916643547383,0.06317174500765543,0.1356897346277115,0.08985175322617533,1,sideways,1,sideways,0.003397892463364092,0.9867909252446329,0.00981118229200304
2017-04-20,3461.548,0.4537734151509095,-0.01666855406887313,0.05940492519531726,0.13043904056797717,0.08531703157084647,1,sideways,1,sideways,0.003154161699489758,0.9847617531039135,0.012084085196596768
2017-04-21,3466.787,0.1512340554705351,-0.016022905358765827,0.07585121324154032,0.13769983561147559,0.08562943151684843,1,sideways,1,sideways,0.0030195620883212426,0.9845989470749459,0.012381490836732881
2017-04-24,3431.259,-1.0300979192163826,-0.00205901099275807,0.0922766249939162,0.14571648482379218,0.10542515152601428,1,sideways,1,sideways,0.004424786429657607,0.9846359235338392,0.010939290036503107
2017-04-25,3440.974,0.2827321620673878,-0.00488437285489518,0.08358796085061959,0.141203624322648,0.09695626877738683,1,sideways,1,sideways,0.0034430186884766866,0.9843477133901228,0.01220926792140047
2017-04-26,3445.183,0.12224526754639657,0.011748287391409873,0.08658059673462914,0.1409547765677468,0.11291272481026415,1,sideways,1,sideways,0.003117230695623633,0.9845035935631297,0.012379175741246787
2017-04-27,3446.72,0.044603066104707205,0.009781763531705456,0.07915902655278084,0.1487428627796863,0.12532407622319197,1,sideways,1,sideways,0.003016544941350775,0.9847812842541818,0.012202170804467404
2017-04-28,3439.753,-0.20233876984530405,0.015446457928810498,0.07722502168033563,0.15617284148018773,0.12555029387284478,1,sideways,1,sideways,0.00306252991267726,0.9855199332043156,0.011417536883007222
2017-05-02,3426.577,-0.3837862780451069,0.02076737222014846,0.08335373756375519,0.16547067233568646,0.1361358580297478,1,sideways,1,sideways,0.003195256793871962,0.9861832225966278,0.010621520609500324
2017-05-03,3413.128,-0.39326308175718605,0.02149904720830853,0.09046335209227419,0.17838182453163198,0.13468876643360583,1,sideways,1,sideways,0.003229175386803024,0.9866272107317016,0.010143613881495483
2017-05-04,3404.386,-0.2564572596805204,0.01890737419317312,0.0979580458855136,0.17781062429466,0.14831073797154626,1,sideways,1,sideways,0.003113353111272048,0.9868159280351765,0.010070718853551455
2017-05-05,3382.55,-0.6434737367431717,0.032617995299404345,0.11465698954930437,0.18452587544899557,0.16010051588298757,1,sideways,1,sideways,0.0035035495315188176,0.9869115501446405,0.009584900323840797
2017-05-08,3358.813,-0.7042225169858967,0.05211930524265562,0.11969704773680467,0.1898911907272003,0.15899396602311588,1,sideways,1,sideways,0.0037492000398676464,0.986950002908992,0.009300797051140331
2017-05-09,3352.532,-0.18717565059688357,0.06217599116130712,0.11194345050248589,0.19227318337304466,0.15257691798318396,1,sideways,1,sideways,0.0032248275414232435,0.9870585866205309,0.009716585838045773
2017-05-10,3337.701,-0.4433634611694164,0.07144708288729285,0.11081849452662174,0.19624196415436845,0.1693869522764322,1,sideways,1,sideways,0.003265882943639976,0.9871854310465106,0.0095486860098494
2017-05-11,3356.646,0.5660014509685901,0.06486921766549103,0.11027346940964278,0.19788920249558628,0.16820242587392298,1,sideways,1,sideways,0.003189116642385138,0.9843717950572001,0.012439088300414786
2017-05-12,3385.379,0.8523603504439701,0.058158333232409154,0.10245056757308424,0.19757551517865513,0.15384658556693354,1,sideways,1,sideways,0.0036031752281882904,0.979615804062304,0.01678102070950767
2017-05-15,3399.194,0.40724800495428654,0.040040374276961055,0.09762608430116071,0.19087230678802092,0.1339696998759119,1,sideways,1,sideways,0.0033833769668730807,0.9796597155337592,0.016956907499367704
2017-05-16,3428.649,0.8627961340988812,0.029208005835534623,0.08378577101359741,0.18877727058091986,0.11624636992588044,1,sideways,1,sideways,0.0038357424713267667,0.9752588820325337,0.02090537549613942
2017-05-17,3409.966,-0.5463985465459696,0.03190501019658254,0.06961477035254893,0.2058510260806119,0.11921878399960595,1,sideways,1,sideways,0.003964610668347009,0.9799877930360182,0.01604759629563478
2017-05-18,3398.113,-0.34820430186237306,0.045775993911915336,0.08727490816226546,0.2148133390502318,0.12805548255752552,1,sideways,1,sideways,0.0036138385743912423,0.9828811623366405,0.013504999088968319
2017-05-19,3403.849,0.1686572597636935,0.041906970608860616,0.08878419694880701,0.2043281003358255,0.1175610316438831,1,sideways,1,sideways,0.0032119706431575235,0.9833545554073443,0.013433473949498112
2017-05-22,3411.239,0.21687182605632807,0.051804051255277095,0.08506645239456967,0.19419073245820662,0.0915013577178263,1,sideways,1,sideways,0.003084136143437983,0.9833568508667153,0.013559012989846592
2017-05-23,3424.194,0.37905471421392656,0.04852207555997112,0.0867599791366962,0.1988257674652778,0.11044409282885259,1,sideways,1,sideways,0.0031033825435467406,0.9824790778240632,0.014417539632390043
2017-05-24,3424.167,-0.0007885098346989338,0.05803338446985795,0.0877609065212066,0.20346087092130727,0.10116971514531858,1,sideways,1,sideways,0.0030731231748982214,0.9835621060822103,0.013364770742891524
2017-05-25,3485.658,1.7798605117886575,0.052338468088378276,0.07325331400843127,0.18882374576048466,0.09235558967632507,1,sideways,1,sideways,0.007077507133499232,0.9608200919606564,0.03210240090584435
2017-05-26,3480.435,-0.14995495979523804,0.055820608630817725,0.07811178775066896,0.2118318543515394,0.1048377573492969,1,sideways,1,sideways,0.004968416641153842,0.9707909277467357,0.02424065561211051
2017-05-31,3492.885,0.3570756319352799,0.04388406718228621,0.07535404114363908,0.2103367273757939,0.09861933616480356,1,sideways,1,sideways,0.0040207198576552,0.9738734348174966,0.02210584532484833
2017-06-01,3497.738,0.1388431554558385,0.04891446986595338,0.06773177407798991,0.17287143862690701,0.09528300861871308,1,sideways,1,sideways,0.0035734226394734964,0.9773406627564001,0.019085914604126366
2017-06-02,3486.507,-0.32160984273760945,0.051711067839530944,0.08869823006235178,0.17716757775045355,0.08406952861416883,1,sideways,1,sideways,0.0035361408366624617,0.981098307170265,0.015365551993072418
2017-06-05,3468.754,-0.5104923755973074,0.052494930456296496,0.1078075873930524,0.1675512302111939,0.08972328392269957,1,sideways,1,sideways,0.0036305312953792595,0.9835544054231274,0.012815063281493398
2017-06-06,3492.882,0.6931731739566545,0.03638886169071842,0.09781492761564814,0.16116834178766992,0.09535707189650267,1,sideways,1,sideways,0.003550884621948278,0.9805782057758949,0.01587090960215685
2017-06-07,3533.872,1.1666970255686335,0.035600610322048976,0.08501411482928645,0.14711370417491088,0.0720079844431265,1,sideways,1,sideways,0.004574995311925171,0.9717722717813668,0.023652732906707906
2017-06-08,3560.979,0.7641353398021262,0.027834480349364643,0.0733264644357634,0.12499933304858035,0.05964286787425599,1,sideways,1,sideways,0.004327550975474465,0.969981108132248,0.02569134089227736
2017-06-09,3576.17,0.42568882728365065,0.022302910655813246,0.07112860965781831,0.11799411101821233,0.049568113372686406,1,sideways,1,sideways,0.0038869886046467347,0.9724235731222027,0.023689438273150582
2017-06-12,3574.389,-0.049814288276740004,0.022185050368048742,0.07588066100248181,0.1243479654844506,0.013073003525917226,1,sideways,1,sideways,0.003597544392640576,0.977246117030929,0.019156338576430343
2017-06-13,3582.267,0.22015877756447957,0.024716750593967607,0.07670533770933319,0.12782492203959128,0.014844510473395855,1,sideways,1,sideways,0.003365652265575668,0.9791212304785935,0.01751311725583093
2017-06-14,3535.299,-1.3197961708477608,0.03494046755309799,0.08886122503358274,0.13592117668123693,0.016311491616409324,1,sideways,1,sideways,0.006020962908188664,0.9795876956651215,0.014391341426689882
2017-06-15,3528.793,-0.18419923861514187,0.04481078941156369,0.08532039141995584,0.12533010578971338,0.022702380105605435,1,sideways,1,sideways,0.0041392588338542155,0.9828581474761973,0.013002593689948588
2017-06-16,3518.761,-0.28469471183532685,0.05238576874075851,0.0873116986348319,0.13772404548078132,0.011855593488730776,1,sideways,1,sideways,0.0035305218172634266,0.9846626447710793,0.011806833411657175
2017-06-19,3553.665,0.9870526289861015,0.030923849040356943,0.0765350701318217,0.14515577579766248,-0.0063466871525593715,1,sideways,1,sideways,0.003975623301428046,0.978560424766471,0.017463951932100964
2017-06-20,3546.494,-0.20199554512149173,0.03402994619474886,0.08217693304993601,0.1323904678818011,-0.024596686192053352,1,sideways,1,sideways,0.0035353523036761474,0.9817520491362338,0.014712598560090037
2017-06-21,3587.955,1.1622892462132672,0.03951889028708555,0.07097385558068603,0.12880261876194088,-0.04582805525710332,1,sideways,1,sideways,0.00451387532488557,0.9731108380455247,0.0223752866295898
2017-06-22,3590.343,0.06653387998358647,0.04387909456004624,0.0667379133414272,0.1213836672429347,-0.02210318067103889,1,sideways,1,sideways,0.00374637387147886,0.9773407201883922,0.018912905940128937
2017-06-23,3622.883,0.9022376600500367,0.02917979962367001,0.05752711307541536,0.09880887679784323,-0.05932264442434376,1,sideways,1,sideways,0.004115169798489462,0.9727365964582755,0.023148233743235186
2017-06-26,3668.092,1.2401518155899567,0.0205493755336561,0.04772263073009064,0.0864752029120317,-0.07055766322109691,1,sideways,1,sideways,0.005349626241270725,0.9618652572330397,0.03278511652568964
2017-06-27,3674.715,0.1803942769039761,0.012203395365354863,0.04283352586527123,0.09813386888506992,-0.08462370551185605,1,sideways,1,sideways,0.00431024631484479,0.9689980599837049,0.026691693701450227
2017-06-28,3646.167,-0.7799099809232599,0.016241987818989,0.053828582179587414,0.10540466193676812,-0.08330090201573315,1,sideways,1,sideways,0.004825865507849462,0.9759012996066733,0.01927283488547723
2017-06-29,3668.828,0.6195786187701249,0.011820396050182813,0.04606103093412939,0.10875980013235842,-0.08277984140984529,1,sideways,1,sideways,0.004078390396786253,0.9753434943773166,0.020578115225897108
2017-06-30,3666.798,-0.055346334500140516,0.015024825474433179,0.04661614847613649,0.1057598482381632,-0.05661997197554913,1,sideways,1,sideways,0.0035799388811426124,0.9792558357933295,0.01716422532552794
2017-07-03,3650.846,-0.4359880111330088,0.023837488625924053,0.04572803125631708,0.10701464811169803,-0.05021575821056268,1,sideways,1,sideways,0.0036044450495752796,0.9824080340869495,0.013987520863475237
2017-07-04,3619.984,-0.8489315620883946,0.04154686871544189,0.055469305941683755,0.11979003222113693,-0.058689209676064835,1,sideways,1,sideways,0.0042538127856722105,0.9839136676978659,0.011832519516461894
2017-07-05,3659.68,1.0906105958503185,0.027645313251431824,0.04413500633935197,0.09058934114458106,-0.04880863900668908,1,sideways,1,sideways,0.0045407238280505725,0.976834611985393,0.01862466418655643
2017-07-06,3660.097,0.011393789741171705,0.018504700831699195,0.044381883868105154,0.09803018881740022,-0.04573840529363027,1,sideways,1,sideways,0.0036634031721267638,0.9801187335262554,0.016217863301617813
2017-07-07,3655.929,-0.11394165222847695,0.014128009597560443,0.04939155000001372,0.10255286686366172,-0.05028626102968636,1,sideways,1,sideways,0.0033459271609057894,0.9824765790942858,0.014177493744808442
2017-07-10,3653.687,-0.06134385363901269,0.020009376829487557,0.0625453138158798,0.11870584426087949,-0.05591885676030817,1,sideways,1,sideways,0.0031637366961375806,0.983802040070094,0.01303422323376845
2017-07-11,3670.809,0.467527900569425,0.01672764777464586,0.05967485641448511,0.1200236787040676,-0.06524065948405389,1,sideways,1,sideways,0.0031703814676986275,0.9823005518011374,0.014529066731163836
2017-07-12,3658.824,-0.3270289435070725,0.019738582670278726,0.06665065059155606,0.12845329537578198,-0.06299319125489511,1,sideways,1,sideways,0.0032701065198958964,0.9841468012217827,0.012583092258321518
2017-07-13,3686.921,0.7649908082061252,0.007865641818742608,0.06130671093847684,0.12254941182629087,-0.052625754660867496,1,sideways,1,sideways,0.003505586390737657,0.9803009487295035,0.016193464879758934
2017-07-14,3703.094,0.4376994044069043,-0.01505335808380781,0.058844847038719506,0.12342813874019942,-0.047890763777533096,1,sideways,1,sideways,0.0033537093168339817,0.9799323836338345,0.0167139070493314
2017-07-17,3663.558,-1.0733880085060126,0.008495839290656892,0.06820910164381178,0.1435053027685107,-0.022342214863255827,1,sideways,1,sideways,0.004909370185682106,0.9815656543230711,0.0135249754912468
2017-07-18,3667.181,0.09884406728917128,0.010601058415169451,0.06705095821558849,0.1474244112848535,-0.02438630653900098,1,sideways,1,sideways,0.003640100528458179,0.9830950151793031,0.013264884292238679
2017-07-19,3729.747,1.6917155916807802,-0.007594617007534277,0.05748808163127417,0.12757943099089575,-0.05188046266945179,1,sideways,1,sideways,0.006888910375493302,0.9631773149789533,0.029933774645553413
2017-07-20,3747.884,0.4851011120262501,-0.007099205845218282,0.048925206863392745,0.12730303285800737,-0.06047599125266423,1,sideways,1,sideways,0.004949114971267739,0.9673834834928839,0.02766740153584823
2017-07-21,3728.598,-0.5159122372581871,-0.0010521380958740112,0.053171191960087905,0.13319778640657942,-0.057265224086908706,1,sideways,1,sideways,0.0045428005783135494,0.9752884074883309,0.020168791933355693
2017-07-24,3743.469,0.3980429949156514,-0.0006611514613851233,0.05004155236760344,0.13757399887644328,-0.06032158941345578,1,sideways,1,sideways,0.0037910200528541303,0.9767722229620539,0.019436756985092007
2017-07-25,3719.559,-0.6407608763336559,0.008801849896721503,0.06447968697364392,0.142102061023901,-0.07317292184369173,1,sideways,1,sideways,0.004063651927745711,0.9808560103721664,0.01508033770008781
2017-07-26,3705.388,-0.3817136258771114,0.013682777620049658,0.07328814148477836,0.15275836160747547,-0.0902550556109103,1,sideways,1,sideways,0.0036565499309628574,0.9834730459112442,0.012870404157792996
2017-07-27,3712.195,0.18353692599941657,0.006047904272270088,0.07579881983570358,0.15440999193199723,-0.1069208379408948,1,sideways,1,sideways,0.0032114523766396874,0.983718706484866,0.013069841138494383
2017-07-28,3721.891,0.26085265890019177,0.019845557003147052,0.08062487590313627,0.16515959226103072,-0.12053496461879187,1,sideways,1,sideways,0.003085378359265166,0.9834112457723386,0.013503375868396242
2017-07-31,3737.873,0.4284860607518738,0.028047769413246604,0.07272826016293221,0.17248847138466195,-0.09872004747084773,1,sideways,1,sideways,0.0031303744528340294,0.9822221184872502,0.01464750705991589
2017-08-01,3770.383,0.8659854743500864,0.0170155127476439,0.06268196095728218,0.16430744568920463,-0.12090946728754082,1,sideways,1,sideways,0.0036702296149692965,0.9774703683401156,0.018859402044915194
2017-08-02,3760.853,-0.2530794437081432,0.019529612032163968,0.06269029924860114,0.16066195621046608,-0.09660654112245282,1,sideways,1,sideways,0.003505427402864532,0.9810873319186082,0.015407240678527214
2017-08-03,3727.826,-0.8820571460360433,0.025287392705560796,0.07224264222632715,0.17529627187535035,-0.08659390218320284,1,sideways,1,sideways,0.004345244409313808,0.9830003905927208,0.01265436499796528
2017-08-04,3707.58,-0.5445849234524425,0.03316395060929245,0.0769013750209031,0.16033045814250801,-0.08556416854120474,1,sideways,1,sideways,0.0039027421672523234,0.9848599404590477,0.011237317373699957
2017-08-07,3726.795,0.5169242279838654,0.03188289133155964,0.07891365100575687,0.14202739887758775,-0.09495585348805069,1,sideways,1,sideways,0.0034168988862719133,0.9830663357248093,0.013516765388918819
2017-08-08,3732.213,0.14527403517652568,0.033447447935045505,0.08628500034697906,0.14567389374615014,-0.11795602233848923,1,sideways,1,sideways,0.0031443748736352077,0.9835224358461664,0.013333189280198388
2017-08-09,3731.044,-0.031326805697851526,0.03173535342922773,0.08495262988053742,0.13799194005752824,-0.12176645464379399,1,sideways,1,sideways,0.003064936351863405,0.9843582233390288,0.012576840309107839
2017-08-10,3715.921,-0.4061525947569086,0.03066534514592756,0.09687477209553164,0.14944128252457478,-0.13086957446081338,1,sideways,1,sideways,0.003251520814190573,0.9854701529866103,0.011278326199199136
2017-08-11,3647.35,-1.8625684795264856,0.04897802514154104,0.1273694600189179,0.1718496990966043,-0.10421264753862391,1,sideways,1,sideways,0.009899765632493323,0.9780277291799703,0.012072505187536393
2017-08-14,3694.683,1.289388259795756,0.035446072098743064,0.1173009971356136,0.12293422737485193,-0.09961179348810167,1,sideways,1,sideways,0.008065299662002635,0.9699673354378826,0.021967364900114753
2017-08-15,3706.057,0.30737490994318895,0.03558418016776321,0.10612195117344392,0.09293974701414465,-0.10741928685932245,1,sideways,1,sideways,0.004982051153530343,0.9746574532911741,0.02036049555529557
2017-08-16,3701.421,-0.12517082346506925,0.03814345895805982,0.10056921382355588,0.08392074287145412,-0.10304015673980349,1,sideways,1,sideways,0.003911182129258443,0.9792647934660846,0.016824024404657033
2017-08-17,3721.277,0.5350088973645248,0.029204490823983242,0.10311917118773994,0.03207931040876555,-0.10639949673190141,1,sideways,1,sideways,0.0035904938501935876,0.9785147743694451,0.017894731780361467
2017-08-18,3724.675,0.0912710755022161,0.02862585326236511,0.1063652533442514,0.044414613355527655,-0.08540369293965244,1,sideways,1,sideways,0.0033170315884207898,0.9806642763157593,0.01601869209582008
2017-08-21,3740.994,0.43717518124658916,0.027305309765265573,0.1076823432488796,0.052028418115613206,-0.09110493093546801,1,sideways,1,sideways,0.0032837061977665683,0.980149495840482,0.01656679796175143
2017-08-22,3752.298,0.30171007815862577,0.021271764662614823,0.12403172669121698,0.05720840935341487,-0.097466672423139,1,sideways,1,sideways,0.0032164741736633836,0.9806340019300499,0.016149523896286756
2017-08-23,3756.088,0.10095379544650462,0.022988545529284643,0.12552394938563727,0.07897711661707607,-0.10782335238152041,1,sideways,1,sideways,0.0031459276305532734,0.9819703256464377,0.014883746723008929
2017-08-24,3734.646,-0.5724955275045693,0.027625643769181973,0.09847010934905209,0.09008698548671012,-0.10714322053549397,1,sideways,1,sideways,0.003556589800776015,0.9840026690727671,0.012440741126456888
2017-08-25,3795.754,1.6230038613296638,0.011058672400793057,0.0812615886066379,0.08500682604826348,-0.12485766991222302,1,sideways,1,sideways,0.00636480306349803,0.9663777554974738,0.027257441439028193
2017-08-28,3842.712,1.2295293732678219,-0.006485003299752878,0.05392962053882777,0.05628030411854956,-0.1246031448622743,1,sideways,1,sideways,0.006558648918698455,0.9561379178585933,0.03730343322270826
2017-08-29,3834.538,-0.21294091214094252,-0.00358739436145894,0.05770864703909573,0.049315980178055385,-0.139885691574839,1,sideways,1,sideways,0.004991602406264785,0.967861765180072,0.02714663241366322
2017-08-30,3834.301,-0.006180857365125442,-0.0034167896573586987,0.057233899998982984,0.056016728994411125,-0.1490284669878552,1,sideways,1,sideways,0.004048731673066228,0.9742781825423062,0.021673085784627504
2017-08-31,3822.093,-0.3188971295314255,0.00011668999158320759,0.04814273226737287,0.050853812296037804,-0.14244786822298672,1,sideways,1,sideways,0.003774662455303932,0.9792576906614895,0.01696764688320649
2017-09-01,3830.538,0.22070849693715905,0.0015567003903891319,0.043753383989403094,0.048964140285254976,-0.1567586589664428,1,sideways,1,sideways,0.0033668186621236998,0.9806017076378051,0.016031473700071325
2017-09-04,3845.616,0.39285348866228886,0.009515250612645687,0.045048959646516895,0.05745477447566261,-0.16158763641507623,1,sideways,1,sideways,0.0032737544155830496,0.9804222489044481,0.016303996679968947
2017-09-05,3857.046,0.29678073345305345,0.00850858403036936,0.047477784812522295,0.04656620636621911,-0.16982452374174428,1,sideways,1,sideways,0.0032042529564354776,0.980858461645606,0.015937285397958533
2017-09-06,3849.45,-0.19713245708332766,0.013829767888919209,0.04321942095624043,0.059268207146475405,-0.15921339412123814,1,sideways,1,sideways,0.0032258990614566357,0.9830388272234203,0.01373527371512316
2017-09-07,3829.871,-0.5099159788601662,0.02169341996114227,0.03686442702639314,0.07284684001106023,-0.1534727932089619,1,sideways,1,sideways,0.0034649113572569386,0.9846968942212999,0.011838194421443222
2017-09-08,3825.99,-0.10138638443008961,0.024833311116861267,0.046364209002114576,0.07884913447238495,-0.16232870446603354,1,sideways,1,sideways,0.0031554188040008083,0.985385025984704,0.011459555211295063
2017-09-11,3825.645,-0.009017680541044605,0.022950639696051267,0.06374219249303059,0.06942829248401261,-0.14539064654456968,1,sideways,1,sideways,0.003013535675032957,0.9855372072120405,0.011449257112926561
2017-09-12,3837.934,0.3207120467690675,0.01957693905106228,0.046400485261080426,0.06133794901110856,-0.13691011882955784,1,sideways,1,sideways,0.0029964565780650197,0.984378032299164,0.012625511122771146
2017-09-13,3842.606,0.12165812758583325,0.026429199350648913,0.0539964284654737,0.06598568783788905,-0.1385726249321424,1,sideways,1,sideways,0.0029797314749129425,0.9843989534109204,0.012621315114166667
2017-09-14,3829.955,-0.3297728480746094,0.026448091426661602,0.051226972640670665,0.059130720857033525,-0.10952321894121475,1,sideways,1,sideways,0.0031515029469726527,0.985427996070054,0.011420500982973338
2017-09-15,3831.297,0.03503343875715274,0.02494064020617559,0.039036127974417134,0.06341220740652576,-0.11784338306322895,1,sideways,1,sideways,0.0030037154664405517,0.9854421820521702,0.011554102481389272
2017-09-18,3843.143,0.30871332391896017,0.022808154679646364,0.03698743450347797,0.06103363835277542,-0.11082127310901524,1,sideways,1,sideways,0.0029913308618601895,0.9843631714587946,0.012645497679345256
2017-09-19,3832.116,-0.2873390353841383,0.03321376492778394,0.053028927099284084,0.05974088467050587,-0.11182490300397996,1,sideways,1,sideways,0.003122471632294688,0.9853649255374931,0.011512602830212266
2017-09-20,3842.435,0.26891491680768026,0.03500748874086357,0.048941621653977085,0.04630240980003575,-0.10502975326843533,1,sideways,1,sideways,0.003016660144417226,0.9845287004843224,0.01245463937126038
2017-09-21,3837.818,-0.12023042876763651,0.04058478020583567,0.05993796474976154,0.01748858335648018,-0.1425078000051071,1,sideways,1,sideways,0.0030285595570187997,0.9852044828161691,0.011766957626812036
2017-09-22,3837.73,-0.0022929958878213693,0.048007024986124636,0.056509446990799184,0.01098644250637748,-0.14306347762870242,1,sideways,1,sideways,0.0029780153828385092,0.9853652000426829,0.011656784574478591
2017-09-25,3817.792,-0.5208800935885227,0.05027251353662021,0.05860665012656541,0.025008434194424334,-0.1404461007828609,1,sideways,1,sideways,0.0033240541642627665,0.9860837421013536,0.0105922037343835
2017-09-26,3820.782,0.0782868674888886,0.048664383364452446,0.060940404346544685,0.005740709624364682,-0.18233649551322217,1,sideways,1,sideways,0.003035320999949506,0.985804002509162,0.011160676490888467
2017-09-27,3821.2,0.010939570399838353,0.0459075683031509,0.04449073589448349,0.01906469171987868,-0.1702276771694755,1,sideways,1,sideways,0.002961757009277563,0.9857309421677742,0.011307300822948275
2017-09-28,3822.539,0.0350352102209916,0.04567513895868691,0.051368475246426515,0.01987134729037421,-0.18210069275944596,1,sideways,1,sideways,0.0029375740252398303,0.9855943339260212,0.01146809204873897
2017-09-29,3836.501,0.36458917738649455,0.04071340004863799,0.05065918137386127,0.013141662155177203,-0.19171818279208064,1,sideways,1,sideways,0.00299037665162017,0.9841763637363085,0.012833259612071402
2017-10-09,3882.208,1.184331065017883,0.03572245485043557,0.05285471566696054,-0.005081644260173657,-0.19678543756542666,1,sideways,1,sideways,0.0042535303274716125,0.9751240968292574,0.020622372843271012
2017-10-10,3889.864,0.19701316396310262,0.04225931806356198,0.05695032011401935,-0.00899800095838832,-0.21735258610583819,1,sideways,1,sideways,0.003619290808318512,0.9779486533900738,0.018432055801607703
2017-10-11,3902.687,0.3291094681099753,0.03723562765858501,0.057940849471146416,-0.012749677337690613,-0.19672113085164145,1,sideways,1,sideways,0.003391163695051946,0.9789560621718828,0.017652774133065246
2017-10-12,3912.954,0.2627297212302085,0.04164270778547352,0.05770499729871603,0.0036338275379674823,-0.16424445572322088,1,sideways,1,sideways,0.0032680197774420227,0.9800332702209846,0.0166987100015733
2017-10-13,3921.002,0.20546459110226317,0.04868883004905378,0.060994103037947944,0.00442259402060996,-0.1881090598780618,1,sideways,1,sideways,0.003187084713431972,0.9810791514064121,0.015733763880155984
2017-10-16,3913.446,-0.19289176066559316,0.054843480656178833,0.07048826021874333,-0.0037846440196184217,-0.18532106997260211,1,sideways,1,sideways,0.0032119332803313794,0.9831679804290793,0.013620086290589356
2017-10-17,3913.069,-0.009633917530126022,0.0476050895090272,0.07532297539348276,-0.01071409678694657,-0.1836821686507445,1,sideways,1,sideways,0.003090000435031304,0.9840776662791064,0.012832333285862335
2017-10-18,3944.163,0.7914787884723532,0.03283510341737905,0.06628098280928052,-0.034303856103310215,-0.19535906604265585,1,sideways,1,sideways,0.0034822427144416404,0.9799150495823008,0.016602707703257665
2017-10-19,3931.25,-0.3279323020177996,0.04420019077901416,0.0747220349761526,-0.04645062003179645,-0.21732553259141496,1,sideways,1,sideways,0.0034394760744179452,0.9827118976226923,0.013848626302889898
2017-10-20,3926.852,-0.11193543833378339,0.04940318606354399,0.07598631168172365,-0.04089026018805897,-0.20795054155338677,1,sideways,1,sideways,0.003205371592266636,0.9841078413185921,0.012686787089141295
2017-10-23,3930.798,0.10043716204501399,0.05419637437487235,0.08336093587103699,-0.030262302972577038,-0.19766342610330012,1,sideways,1,sideways,0.0030505895766191685,0.9843498167679192,0.012599593655461585
2017-10-24,3959.395,0.7248777113172075,0.06523900747462696,0.0729204840638531,-0.05014427709283875,-0.19759609738356487,1,sideways,1,sideways,0.00336959757960651,0.9807513685641192,0.01587903385627438
2017-10-25,3976.949,0.4423706589946062,0.06301765499130108,0.07404369530511956,-0.05296095071875451,-0.17267080870285234,1,sideways,1,sideways,0.0033014946548894594,0.9801973278404117,0.016501177504698816
2017-10-26,3993.575,0.41718773104530504,0.027249269138553744,0.07307237249832554,-0.03758186587205692,-0.18297890987398502,1,sideways,1,sideways,0.0032786134592262175,0.979929199922909,0.01679218661786479
2017-10-27,4021.968,0.7084515360835791,0.020446458052376437,0.07822762388959825,-0.04805259514745008,-0.19364102349894374,1,sideways,1,sideways,0.003555137257281793,0.977209222157531,0.019235640585187213
2017-10-30,4009.722,-0.30494228461524486,0.01003211693977768,0.09299672146847082,-0.06340289925336473,-0.19647546637896596,1,sideways,1,sideways,0.0035188202816546898,0.9809862404278961,0.015494939290449209
2017-10-31,4006.718,-0.07494598950681987,0.012255916188760985,0.09563113750456109,-0.062355523897613896,-0.19815320169774864,1,sideways,1,sideways,0.003261840350066376,0.9829026563825017,0.013835503267431862
2017-11-01,3996.622,-0.2522948008034271,0.0142948219771597,0.09219210623371432,-0.058293228631579264,-0.20746970816854837,1,sideways,1,sideways,0.00322386619515055,0.9844542065767418,0.012321927228107677
2017-11-02,3997.134,0.012809998221122889,0.002242857007045629,0.09611036307514342,-0.05107009172071786,-0.19814021746581423,1,sideways,1,sideways,0.0030550770322394297,0.9848733808888619,0.012071542078898602
2017-11-03,3992.698,-0.11104114469000292,0.0013622367632113441,0.07747142408466656,-0.0546247174216532,-0.18917433775356907,1,sideways,1,sideways,0.003027442426736913,0.9854186802727701,0.011553877300492876
2017-11-06,4020.89,0.7036078297745039,-0.0005056094546231904,0.058497496822842665,-0.046433003638497894,-0.20292696393087095,1,sideways,1,sideways,0.003304277943806338,0.9818371711273588,0.014858550928834889
2017-11-07,4054.247,0.8261702490903652,-0.0034721614149310076,0.054671557998316356,-0.04330520562758011,-0.20025296929368142,1,sideways,1,sideways,0.0036790514118777836,0.9776402469485087,0.01868070163961362
2017-11-08,4048.006,-0.1540559455333249,-0.007950828136124244,0.04888629117644605,-0.04357478719152097,-0.1952398291899765,1,sideways,1,sideways,0.003438211496471938,0.9809731830876013,0.015588605415926843
2017-11-09,4075.9,0.6867167005291489,-0.02572266247945243,0.047923894109276555,-0.04485954022424499,-0.19168698937657935,1,sideways,1,sideways,0.003551646210577752,0.9783756133139745,0.018072740475447914
2017-11-10,4111.911,0.8796302746962276,-0.02639454015420084,0.039454890925411545,-0.058141579426208345,-0.21729628875722262,1,sideways,1,sideways,0.003967471973634155,0.973927796241737,0.02210473178462874
2017-11-13,4128.073,0.39228281816684196,-0.01418894481759414,0.005041819754640908,-0.05299809378370979,-0.21840238774847254,1,sideways,1,sideways,0.003642835637845492,0.9756012739949864,0.020755890367168045
2017-11-14,4099.351,-0.6982043633700584,-0.0203288276607686,-0.011917496208546097,-0.04275140138036482,-0.21586929248068765,1,sideways,1,sideways,0.0041590156843143815,0.9800414646455295,0.015799519670155974
2017-11-15,4073.67,-0.6284355446662674,-0.005787655848411899,-0.015127145792369068,-0.04438896621473998,-0.2283432384066456,1,sideways,1,sideways,0.0040703905862806145,0.9829396210384865,0.012989988375232945
2017-11-16,4105.012,0.7664353113366996,-0.01921066247796588,-0.06439908092838709,-0.0586992193932685,-0.23477860722453425,1,sideways,1,sideways,0.00382369091262329,0.9795552471550795,0.01662106193229733
2017-11-17,4120.851,0.3851029265846431,-0.03397235182732872,-0.05599474477480493,-0.05285000598177414,-0.23869098882730766,1,sideways,1,sideways,0.0034410742674954513,0.9798399387653638,0.01671898696714078
2017-11-20,4143.833,0.5561509487069827,-0.038259746471443146,-0.05024357883148278,-0.053716209123292225,-0.23285204785038383,1,sideways,1,sideways,0.0034414122248201608,0.9786252319913158,0.017933355783864114
2017-11-21,4217.702,1.766922504647031,-0.04323989698655806,-0.05944967188293537,-0.07385396123291788,-0.2560749905991462,1,sideways,1,sideways,0.007513218214229689,0.9534855257238118,0.03900125606195836
2017-11-22,4227.567,0.2336220311483051,-0.04661712043830413,-0.04135570175469716,-0.08822663248151952,-0.24952342564884245,1,sideways,1,sideways,0.005223853544600814,0.963136198802793,0.031639947652606186
2017-11-23,4102.397,-3.0055213250659634,-0.008421418014882498,-0.007631635846067519,-0.06707785716496961,-0.20511106067989038,1,sideways,1,sideways,0.07598899078702838,0.8812349088302691,0.042776100382702985
2017-11-24,4104.203,0.0440133558149612,-0.012086390463629693,0.003463766290312531,-0.07010009007839046,-0.2038137489787908,1,sideways,1,sideways,0.0294801158713182,0.9322453904604904,0.0382744936681915
2017-11-27,4049.948,-1.3307529052942386,-0.002076076038507124,0.002230399007592254,-0.053503896840156884,-0.1970257395897429,1,sideways,1,sideways,0.023704936008483318,0.9475400921194294,0.028754971872087417
2017-11-28,4055.824,0.1449831312621374,-0.0005429229670715907,-0.007934762455175659,-0.06208726019669497,-0.21552981588944697,1,sideways,1,sideways,0.010421121297378365,0.9644470301894336,0.025131848513188112
2017-11-29,4053.753,-0.051075414784808995,-0.015428912417702834,-0.0011512788272991514,-0.08150003219239066,-0.21515568412776997,1,sideways,1,sideways,0.005846792632971301,0.9736089651749082,0.020544242192120477
2017-11-30,4006.099,-1.1825168825749788,0.0031946289894482227,0.0025865561485125532,-0.050853211565665246,-0.21500616934329386,1,sideways,1,sideways,0.006881884246547693,0.9770325442002803,0.01608557155317205
2017-12-01,3998.137,-0.19894472442009073,0.008183311377274016,0.004992325175450452,-0.05691350746610235,-0.20967790748541137,1,sideways,1,sideways,0.00449346900755178,0.9814408320012142,0.0140656989912339
2017-12-04,4018.857,0.5169031219079095,0.017055595658168388,0.011871036963992498,-0.052571912859800674,-0.21106697750131442,1,sideways,1,sideways,0.003701938851826113,0.9805860890966944,0.015711972051479346
2017-12-05,4040.17,0.5289236451925001,0.017628713643237814,-0.0008702604098342892,-0.048229158674016226,-0.2030800684129629,1,sideways,1,sideways,0.0034804819398123596,0.9795367074543304,0.016982810605857244
2017-12-06,4015.821,-0.6044960612742112,0.02813646325371577,0.015383902818377537,-0.04444172187953588,-0.21164040927122996,1,sideways,1,sideways,0.00380079060404687,0.9825405322384325,0.01365867715752055
2017-12-07,3971.057,-1.1209503569850987,0.04222905891303008,0.03470310297736856,-0.03526617724197867,-0.20394066365705643,1,sideways,1,sideways,0.005190460371430434,0.9829973563778691,0.011812183250700482
2017-12-08,4003.379,0.8106448406339256,0.03916216775878567,0.031045524293353166,-0.05589353393720653,-0.21855337703474986,1,sideways,1,sideways,0.004293135346137412,0.9796382176427446,0.016068647011118008
2017-12-11,4069.5,1.6381387265538319,0.029438014498095466,0.005345374124585467,-0.07114338370807227,-0.24041626735471178,1,sideways,1,sideways,0.007127546151562671,0.9600155895993694,0.03285686424906787
2017-12-12,4016.016,-1.3229775339722347,0.04775802686045072,0.014275092529511868,-0.04732625567228821,-0.2362039892271346,1,sideways,1,sideways,0.009156521464756817,0.9669107370923555,0.023932741442887737
2017-12-13,4050.093,0.8449477372529114,0.03839245172888628,0.011375047437182317,-0.06462913320755848,-0.25201841044143924,1,sideways,1,sideways,0.0062937374155435195,0.966275699736891,0.02743056284756559
2017-12-14,4026.152,-0.5928762717721274,0.049389342478873166,0.007518593436114607,-0.06278600509866494,-0.24538417824264958,1,sideways,1,sideways,0.00520261522861436,0.9748058057025989,0.01999157906878672
2017-12-15,3980.856,-1.131420955220694,0.06138956043624777,0.023460280904408437,-0.05712891900636441,-0.24205196068383283,1,sideways,1,sideways,0.006248847922213027,0.9781141159619703,0.01563703611581677
2017-12-18,3985.291,0.11134618676278021,0.06854756653905558,0.023188519985115175,-0.09137952535962868,-0.24672175758307235,1,sideways,1,sideways,0.004143501273513121,0.9810513912345241,0.014805107491962854
2017-12-19,4035.329,1.247750153766514,0.052731016479697246,0.006373953647893504,-0.09909600927210649,-0.25891891342688544,1,sideways,1,sideways,0.005082346655055549,0.9711611313029126,0.02375652204203183
2017-12-20,4030.49,-0.11998782964415036,0.05977610662723398,-0.002516071246920215,-0.10855379866964054,-0.2530302767157343,1,sideways,1,sideways,0.004035387938309068,0.9769821487546959,0.018982463306995143
2017-12-21,4067.849,0.9226401863313751,0.05347936956361954,-0.04004893003648857,-0.11282228027638197,-0.2699987143082254,1,sideways,1,sideways,0.004276423173284238,0.9722326257895465,0.023490951037169187
2017-12-22,4054.598,-0.326281273507474,0.06955042152144308,-0.04308811872348384,-0.12186658208779266,-0.2687704181770918,1,sideways,1,sideways,0.003914417735588428,0.978021956953832,0.018063625310579527
2017-12-25,4041.54,-0.3225738326790853,0.08439184073397765,-0.03173814931931895,-0.1262956694725278,-0.24883237577755013,1,sideways,1,sideways,0.003628333396424965,0.9816028437358938,0.014768822867681242
2017-12-26,4053.622,0.298499498121972,0.08295371398714546,-0.05202902490661432,-0.14662442625385386,-0.24652495965336674,1,sideways,1,sideways,0.003283324189422651,0.9818192608318999,0.014897414978677446
2017-12-27,3991.208,-1.5516860466973688,0.09367364467098671,-0.02434300592702754,-0.142233128416259,-0.23639559752335626,1,sideways,1,sideways,0.007265725833655308,0.9793563603462541,0.013377913820090587
2017-12-28,4018.897,0.6913544900533547,0.09017474197522368,-0.029958219879733128,-0.12638094482142737,-0.2339997765556071,1,sideways,1,sideways,0.004909896751631393,0.9784569607902147,0.016633142458153845
2017-12-29,4030.855,0.2971025392110492,0.06727183190663033,-0.035708553148153466,-0.15453073851577392,-0.23770862509318735,1,sideways,1,sideways,0.00376451676800307,0.9799416788781031,0.016293804353893743
2018-01-02,4087.401,1.3930803481544922,0.04127341555183839,-0.05502787712778845,-0.1659051803334196,-0.24284942925834785,1,sideways,1,sideways,0.005507668182509282,0.966633169295858,0.0278591625216328
2018-01-03,4111.393,0.5852584778352214,0.040012229431728,-0.062394910921918734,-0.18184736900607656,-0.2538331898701973,1,sideways,1,sideways,0.004522996920627831,0.968405351163102,0.02707165191627019
2018-01-04,4128.812,0.42278137367180646,0.028358278361911404,-0.06681897843738094,-0.19046011298165177,-0.24239950862378823,1,sideways,1,sideways,0.003989889623471212,0.9713134129370673,0.024696697439461384
2018-01-05,4138.751,0.2404337236493572,0.0320101402572901,-0.05112121990426588,-0.18692305963804057,-0.244058896029261,1,sideways,1,sideways,0.0036503487940015406,0.9748676655451146,0.02148198566088379
2018-01-08,4160.16,0.5159483573871264,0.027399426945117433,-0.05331934348678902,-0.16849736548594274,-0.2520919868466598,1,sideways,1,sideways,0.003610236864984065,0.9751122408497077,0.021277522285308267
2018-01-09,4189.298,0.697964305923965,-0.00964648492420428,-0.06938226881926268,-0.17229187324463424,-0.2437458495432886,1,sideways,1,sideways,0.003794188628104834,0.9733463627867053,0.022859448585189752
2018-01-10,4207.813,0.4409857153214729,-0.03738664241970835,-0.0800104472323272,-0.1901897731672011,-0.24292358049181373,1,sideways,1,sideways,0.003637015083949592,0.9746773954225839,0.021685589493466495
2018-01-11,4205.586,-0.05293936617081638,-0.04601950833962265,-0.09433239505743085,-0.17227801309972024,-0.25258525209090965,1,sideways,1,sideways,0.003460458270513063,0.9786917842090901,0.01784775752039683
2018-01-12,4225.001,0.4605855872746059,-0.09096991929706066,-0.11274790230818887,-0.1733280063128979,-0.2565556789217328,1,sideways,1,sideways,0.0033993010724780322,0.9785104227374921,0.018090276190029838
2018-01-15,4225.239,0.005632976106284456,-0.07931716998730709,-0.10862273116384646,-0.17825098177878218,-0.2524015801236331,1,sideways,1,sideways,0.0032685365814005478,0.980962016407657,0.015769447010942475
2018-01-16,4258.473,0.783481806168111,-0.07581144696702313,-0.10488031742833648,-0.1899967429639685,-0.2522037829052809,1,sideways,1,sideways,0.003626208931894158,0.9773100104971529,0.019063780570952916
2018-01-17,4248.116,-0.24350547834496142,-0.0661834563839594,-0.11470072851118007,-0.19227182120262254,-0.25054353506354354,1,sideways,1,sideways,0.0034885805794165094,0.9809562131307288,0.015555206289854686
2018-01-18,4271.417,0.547003177276353,-0.05119706177130445,-0.11824904943722425,-0.19737571864325132,-0.25224580039832223,1,sideways,1,sideways,0.0034173728532904935,0.9796097142037126,0.016972912942997062
2018-01-19,4285.395,0.3267107524021473,-0.05000845896352624,-0.1031190823716368,-0.18493067733546165,-0.26063221710017404,1,sideways,1,sideways,0.0032827164862027727,0.9801287743592881,0.016588509154508987
2018-01-22,4336.597,1.1877209329969531,-0.0503108773999521,-0.11711833034058727,-0.18697771547598263,-0.2617176555718689,1,sideways,1,sideways,0.004536410241362798,0.9707741983246894,0.024689391433947775
2018-01-23,4382.613,1.055518268894443,-0.07384453064872487,-0.14309248843098854,-0.1827464574216341,-0.25902720591574024,1,sideways,1,sideways,0.005001087692569857,0.9640539546652378,0.03094495764219236
2018-01-24,4389.885,0.16579089936957772,-0.08342883697408943,-0.14419694365569946,-0.18500097382961067,-0.24679735346142329,1,sideways,1,sideways,0.00414124802338198,0.9705618239056778,0.025296928070940344
2018-01-25,4365.079,-0.5666743205517829,-0.07239112969089445,-0.13778284425092868,-0.18987812133526094,-0.23705046346240233,1,sideways,1,sideways,0.004250687384700852,0.977121990993381,0.018627321621918064
2018-01-26,4381.3,0.3709196365160673,-0.08327185995024322,-0.13427521511880036,-0.19630543446009185,-0.2246529568849429,1,sideways,1,sideways,0.0036325130127046017,0.9782578791320446,0.018109607855250814
2018-01-29,4302.018,-1.8261269066628636,-0.06599716691097057,-0.1225982782963716,-0.18292322347326295,-0.20917578680516913,1,sideways,1,sideways,0.010435660713239259,0.9730093129756306,0.01655502631113001
2018-01-30,4256.102,-1.0730497019630576,-0.044533002263573485,-0.09913155276823715,-0.17350265571642776,-0.21554864051660416,1,sideways,1,sideways,0.008516632529887467,0.9776187478751305,0.013864619594982044
2018-01-31,4275.899,0.4640654760464839,-0.05595197641478444,-0.09289789118031089,-0.19376299580509282,-0.19414724248631698,1,sideways,1,sideways,0.005047551502402666,0.9794012774049181,0.015551171092679306
2018-02-01,4245.898,-0.7041032295035554,-0.03963778687099884,-0.08815167015316905,-0.2060671264359153,-0.18989857975862823,1,sideways,1,sideways,0.004572385511665417,0.9825742660155712,0.012853348472763402
2018-02-02,4271.233,0.5949203956939353,-0.03801431577251824,-0.08854024119030746,-0.22381101663149727,-0.19181955187178967,1,sideways,1,sideways,0.0037762650824625177,0.9809305138116071,0.015293221105930304
2018-02-05,4274.146,0.0681772011009108,-0.03427117370347188,-0.09389197280579553,-0.23416911822853026,-0.19452774893510882,1,sideways,1,sideways,0.0033110560327547713,0.9824605527070955,0.014228391260149575
2018-02-06,4148.886,-2.9744451878067166,-0.013891198745880295,-0.05774875472596752,-0.1880061298382265,-0.15155104285825172,1,sideways,0,bear,0.05464234041034118,0.9220738097378889,0.023283849851770306
2018-02-07,4050.497,-2.400027483405147,0.005640789266107227,-0.03120580017711405,-0.18170338109125872,-0.07925299043549461,1,sideways,0,bear,0.12864160696128252,0.8443140861619501,0.02704430687676717
2018-02-08,4012.047,-0.9538004752327621,0.02096585608294199,-0.029711267091337645,-0.15316794643731735,-0.08159251374672327,1,sideways,0,bear,0.06764663827357154,0.9043454034038526,0.028007958322575723
2018-02-09,3840.653,-4.365918066075223,0.05618055054700344,0.006092193176524985,-0.11342706565784522,-0.04224828434123051,0,bear,0,bear,0.9169742246659243,0.06997447384582375,0.013051301488252407
2018-02-12,3890.105,1.2793745328235169,0.047336254419867885,0.0033312725491985162,-0.1284697970877393,-0.05674268432343088,0,bear,0,bear,0.6985932005102387,0.12046586260488418,0.18094093688487706
2018-02-13,3935.632,1.1635329330042905,0.03609890355602352,-0.0036563377876792647,-0.14298033962524948,-0.04723968094577946,0,bear,0,bear,0.4573231919997986,0.1776182268115082,0.36505858118869305
2018-02-14,3966.961,0.7928831493207448,0.023718156039346017,-0.015314745973050825,-0.1701516601751315,-0.043574161681952495,2,bull,0,bear,0.25697582537076075,0.2556702918682986,0.48735388276094077
2018-02-22,4052.733,2.139115797088733,-0.007990657168878368,-0.0488929322509033,-0.19147696134929193,-0.058409966805116564,2,bull,2,bull,0.20036772297003524,0.1475360434959868,0.6520962335339782
2018-02-23,4071.089,0.4519062884128626,-0.04081291271205312,-0.05990338211716817,-0.20669383548234888,-0.054776252742202325,2,bull,1,sideways,0.11791115564560495,0.21132041224790984,0.6707684321064852
2018-02-26,4118.419,1.1558820618888543,-0.057916885095955495,-0.07330992791165736,-0.2066737260099082,-0.07516695120141981,2,bull,1,sideways,0.07934798670618061,0.21444373409641543,0.706208279197404
2018-02-27,4058.981,-1.4537394961237464,-0.03589866520685869,-0.05561026277284864,-0.18042262331358538,-0.09889230819262274,2,bull,1,sideways,0.1273593381482635,0.2938720970307572,0.5787685648209792
2018-02-28,4023.642,-0.8744494252977186,-0.04496573005252458,-0.054585621683042373,-0.17787044672463403,-0.07299034059193132,2,bull,1,sideways,0.10855521074737565,0.41764549632812836,0.47379929292449613
2018-03-01,4049.086,0.6303713999834265,-0.03828913488130403,-0.08044136380407829,-0.18005544955083685,-0.07254328507717545,1,sideways,1,sideways,0.06233469234573779,0.48842927643751827,0.4492360312167439
2018-03-02,4016.461,-0.8090009998644245,-0.0293698855783735,-0.05330189935866414,-0.17207337504335274,-0.07276729439175433,1,sideways,1,sideways,0.05426662200278131,0.6159689162258878,0.32976446177133084
2018-03-05,4018.097,0.04072408270897777,-0.03264679772539103,-0.06159831382866077,-0.1521921944641954,-0.07954287813360417,1,sideways,1,sideways,0.03231400487589634,0.7147828555952956,0.252903139528808
2018-03-06,4066.565,1.1990255293388743,-0.05018609071784175,-0.0636869200418535,-0.1638714738360263,-0.07907410800024095,1,sideways,1,sideways,0.02654364938744727,0.6974115652618715,0.27604478535068105
2018-03-07,4036.654,-0.7382531769187943,-0.045035071125739345,-0.04740014873704812,-0.1610442708243015,-0.04580674984777,1,sideways,1,sideways,0.02451550251882454,0.7909553414092356,0.18452915607193993
2018-03-08,4077.6,1.0092449054286812,-0.05509883264665483,-0.05891921718658033,-0.17817000196193833,-0.05975009809691967,1,sideways,1,sideways,0.018727064641290973,0.7943344991888968,0.18693843616981234
2018-03-09,4108.865,0.7638254608674916,-0.04421951074080066,-0.06762256730264926,-0.1884610470288023,-0.06654514081139185,1,sideways,1,sideways,0.014820497900091479,0.8158498929775572,0.16932960912235123
2018-03-12,4127.666,0.4565279400719019,-0.04586684097017546,-0.08432126048958422,-0.1952292167050339,-0.0704453800283259,1,sideways,1,sideways,0.0117925465220471,0.8519397111868774,0.13626774229107544
2018-03-13,4091.253,-0.8860833947877123,-0.047080442104167064,-0.07608207070058981,-0.17778294326945798,-0.06292742101258475,1,sideways,1,sideways,0.01287794546717757,0.9001662180719125,0.08695583646090994
2018-03-14,4073.345,-0.43867508768544067,-0.04964003785586535,-0.06073435959880635,-0.19031140254508272,-0.0811421571214812,1,sideways,1,sideways,0.009223358299340866,0.933415128062182,0.05736151363847718
2018-03-15,4096.163,0.5586152638927389,-0.07013881039401992,-0.07514935318736082,-0.2034298928045587,-0.09660846016137536,1,sideways,1,sideways,0.006658850931597093,0.9431209393228905,0.05022020974551244
2018-03-16,4056.423,-0.974913107539206,-0.07587522307215,-0.0697799514498364,-0.19198663452997877,-0.07717020636161465,1,sideways,1,sideways,0.007480782939166015,0.95909040199937,0.03342881506146394
2018-03-19,4074.248,0.4384638994054647,-0.07558842760676321,-0.0787418929824596,-0.2071989726693122,-0.08488756698168598,1,sideways,1,sideways,0.005202786844394591,0.9649745707475951,0.029822642408010285
2018-03-20,4077.704,0.08478951316325511,-0.06519870005277484,-0.11197158989470546,-0.20930700217573428,-0.05036240982670648,1,sideways,1,sideways,0.004175791035812056,0.9718386977509559,0.02398551121323196
2018-03-21,4061.05,-0.4092524050848861,-0.07392078403368596,-0.10480196008421472,-0.21152780684798267,-0.021453072481254942,1,sideways,1,sideways,0.003987971811256534,0.9778660495806842,0.018145978608059377
2018-03-22,4020.349,-1.0072846083686895,-0.06318431559051219,-0.10630519887701295,-0.1949539704140114,-0.012203915630210282,1,sideways,1,sideways,0.005051524155258431,0.9806084817477936,0.014339994096947938
2018-03-23,3904.936,-2.9127320870257885,-0.01573572524620126,-0.0758094370816833,-0.1697456757293846,0.030018673801567974,1,sideways,1,sideways,0.0576111968901215,0.9197623588866536,0.022626444223225056
2018-03-26,3879.893,-0.6433817977452713,-0.013193920553994598,-0.08232572393104653,-0.17396639546502957,0.04699562591030215,1,sideways,1,sideways,0.026156986219073114,0.9533332509325152,0.02050976284841174
2018-03-27,3913.269,0.856551013837876,-0.04031795411968864,-0.09765697170319754,-0.16452664000353667,0.03678765758244573,1,sideways,1,sideways,0.013035923730828628,0.960755392494487,0.026208683774684344
2018-03-28,3842.716,-1.8193677820279603,-0.02233810669328673,-0.09978723382107857,-0.13798417577567534,0.06055977074548302,1,sideways,1,sideways,0.020681125141978413,0.956767244417526,0.022551630440495716
2018-03-29,3894.05,1.3270338881217627,-0.03348801376458954,-0.12083152501893923,-0.14995287682489955,0.04925386166073875,1,sideways,1,sideways,0.014360841887838153,0.9496545623166289,0.03598459579553303
2018-03-30,3898.498,0.11416036149086263,-0.027061191258787365,-0.09940058966299326,-0.1251794922044337,0.025414916206190075,1,sideways,1,sideways,0.0074360388522413745,0.9635168949566073,0.02904706619115129
2018-04-02,3886.919,-0.29745377896806346,-0.028897180517525545,-0.123222274505849,-0.13046708717109867,0.02616416755790385,1,sideways,1,sideways,0.005158308111811626,0.9730892766960259,0.02175241519216255
2018-04-03,3862.48,-0.6307348742947531,-0.007324827571922654,-0.11733394088771976,-0.11527282989167587,0.029267206561587322,1,sideways,1,sideways,0.0046580650477261116,0.9788101493393954,0.016531785612878408
2018-04-04,3854.863,-0.19739960951341567,0.006177651449610577,-0.1274016741969819,-0.11706589832115943,0.05990511206234839,1,sideways,1,sideways,0.003740686734614303,0.9820624271652504,0.01419688610013527
2018-04-09,3852.929,-0.05018298471434626,0.004849816853619515,-0.13249426605058123,-0.1074673319959959,0.060813734174701706,1,sideways,1,sideways,0.0032931262634204534,0.9835993479975587,0.01310752573902089
2018-04-10,3927.173,1.908619033610183,-0.008687165042130851,-0.14311821760844246,-0.16201832717835452,0.036897279544344075,1,sideways,1,sideways,0.008274412002183287,0.9565635347104353,0.03516205328738135
2018-04-11,3938.343,0.2840247863977034,-0.016632629509415464,-0.12166512667891027,-0.16495566790398908,0.046279615564210674,1,sideways,1,sideways,0.0054005379460322885,0.9650880017503569,0.029511460303610897
2018-04-12,3898.635,-1.013358460342642,0.002733777334887666,-0.11058203704629954,-0.15827000988807627,0.03256934798974509,1,sideways,1,sideways,0.006216258274915418,0.9726819630793694,0.021101778645715222
2018-04-13,3871.144,-0.707642127768315,0.013679160475559726,-0.11976149685984283,-0.1929739632522065,0.03819568582310562,1,sideways,1,sideways,0.005242737800816789,0.9785981070823523,0.01615915511683089
2018-04-16,3808.863,-1.6219351189523203,0.02204883714641359,-0.08606426642281428,-0.1675400244114844,0.0580819000315842,1,sideways,1,sideways,0.009513949864174016,0.9759642849684295,0.014521765167396566
2018-04-17,3748.641,-1.5937345104529024,0.030787157265793175,-0.0682783440718917,-0.16597721681003863,0.05153200853322559,1,sideways,1,sideways,0.012559626571803583,0.9737886016000915,0.013651771828105147
2018-04-18,3766.282,0.46949336418099813,0.03631751419569751,-0.07811310995830911,-0.17664848250874465,0.03265634384254823,1,sideways,1,sideways,0.006459405816961776,0.9777924662049334,0.0157481279781049
2018-04-19,3811.843,1.202449127314426,0.0286997654415464,-0.09508943574013928,-0.18195843847713555,0.023214754647554958,1,sideways,1,sideways,0.006073411146765848,0.9695587054802005,0.024367883373033677
2018-04-20,3760.854,-1.3466739942728558,0.0386492004209682,-0.08762132217842011,-0.1905051352698084,0.04051127749176109,1,sideways,1,sideways,0.008235564360569079,0.9729894491114793,0.018774986527951634
2018-04-23,3766.326,0.14539312103459143,0.02343318130188421,-0.08973811613758342,-0.16763817046108065,-0.02169461698217301,1,sideways,1,sideways,0.004895122915681973,0.9779044787136966,0.017200398370621588
2018-04-24,3843.489,2.0280557346050094,-0.0042336533290455725,-0.0912179012350498,-0.14913949278897376,-0.03195560075754089,1,sideways,1,sideways,0.011336755340630054,0.9416888998340295,0.046974344825340394
2018-04-25,3828.702,-0.3854705470626372,-0.003187503232165989,-0.07912655516151434,-0.16853649095698753,-0.042114795040199104,1,sideways,1,sideways,0.007246659483655028,0.9600791100288348,0.03267423048751027
2018-04-26,3755.494,-1.9306007871682043,0.02070726247998267,-0.046275669725474144,-0.15105655873767865,-0.04148428941705151,1,sideways,1,sideways,0.017437716059652435,0.9550844944655433,0.02747778947480436
2018-04-27,3756.877,0.036819268260948695,0.012545526510450156,-0.047679229317329264,-0.14974378985524417,-0.007034033853117849,1,sideways,1,sideways,0.008254935837675507,0.9686787071225443,0.0230663570397803
2018-05-02,3763.646,0.1800141247601269,-0.010700793857870927,-0.060420135156175725,-0.15676580634841852,-0.02522022528154877,1,sideways,1,sideways,0.005023790785740935,0.9746803636767951,0.020295845537463948
2018-05-03,3793.0,0.7769094290668018,0.002471921961508139,-0.07165119957817034,-0.18879804903770103,-0.03897969944634849,1,sideways,1,sideways,0.004421470442348373,0.9725531842241824,0.02302534533346925
2018-05-04,3774.598,-0.4863375742468725,-0.0010620998580510577,-0.06875407659305699,-0.17600205372863542,-0.012585711114137199,1,sideways,1,sideways,0.004156310245561584,0.9784107820685627,0.017432907685875874
2018-05-07,3834.188,1.5663791407429202,-0.006940191769417736,-0.08255489819487205,-0.17744695878240713,-0.023531449162117246,1,sideways,1,sideways,0.006657710115461599,0.960326006306371,0.03301628357816745
2018-05-08,3878.677,1.1536437735328944,-0.00860112868382712,-0.11119487392221628,-0.18089750706233076,-0.05927691323613704,1,sideways,1,sideways,0.006581204730254801,0.9517591497650171,0.04165964550472809
2018-05-09,3871.615,-0.18223834545734763,-0.008850053530632507,-0.12931476915964002,-0.15016188334842173,-0.0655599794917624,1,sideways,1,sideways,0.0050936587406006486,0.9648617977539294,0.03004454350546987
2018-05-10,3893.057,0.5522977533178827,-0.015937090055449965,-0.14841113294770658,-0.16188357889442662,-0.05812424529103988,1,sideways,1,sideways,0.004395982035900645,0.9672468587963942,0.028357159167705287
2018-05-11,3872.838,-0.5207138568137121,-0.024070720231520237,-0.15481282718254674,-0.1625908442336086,-0.05769877283790337,1,sideways,1,sideways,0.004363264967148737,0.9751046374261259,0.02053209760672542
2018-05-14,3909.293,0.9368967615812278,-0.03307784809171377,-0.13824059746864725,-0.1758330726297569,-0.08321913962447935,1,sideways,1,sideways,0.004490651019115393,0.9703746455944384,0.02513470338644617
2018-05-15,3924.098,0.3779976673727121,-0.02501084325620817,-0.15534525386470988,-0.1812707022097817,-0.08414264883292921,1,sideways,1,sideways,0.003894884798090526,0.9732223840262643,0.022882731175645137
2018-05-16,3892.844,-0.7996520005607226,-0.026845411734968128,-0.12723705342418035,-0.1863419135213228,-0.06567101070579762,1,sideways,1,sideways,0.004567545037761176,0.9784143628568448,0.01701809210539408
2018-05-17,3864.051,-0.7423880880518967,-0.02346889313831524,-0.1187955334958054,-0.17052311162559708,-0.049634438054777186,1,sideways,1,sideways,0.00451195461747873,0.981827315205425,0.013660730177096216
2018-05-18,3903.064,1.0045770685944189,-0.03833654790185348,-0.13136346214153793,-0.17055369832521317,-0.06127365577402777,1,sideways,1,sideways,0.004491510913678517,0.9759997058041866,0.019508783282134953
2018-05-21,3921.242,0.46465546480294084,-0.07653824987083169,-0.1398352868810443,-0.18267145970587884,-0.07142099365456156,1,sideways,1,sideways,0.0038051732683244068,0.9767531231574113,0.019441703574264405
2018-05-22,3906.208,-0.3841357910134811,-0.06931632928917253,-0.15724508269912918,-0.16994384323620249,-0.07076402485479516,1,sideways,1,sideways,0.003692355446610597,0.9808515476582735,0.015456096895115966
2018-05-23,3854.583,-1.330425248663109,-0.06787193322857488,-0.14991375201934942,-0.15485695858670057,-0.0577416545447329,1,sideways,1,sideways,0.006178149555328078,0.980626809245526,0.013195041199145956
2018-05-24,3827.217,-0.7124922744252481,-0.057041970706129264,-0.15614400751250845,-0.13916482916960293,-0.059769278825841377,1,sideways,1,sideways,0.004976005002734721,0.9834736624416862,0.011550332555579051
2018-05-25,3816.498,-0.2804658997988246,-0.06708244049911727,-0.14391413279923115,-0.1567117289200728,-0.05748542249989386,1,sideways,1,sideways,0.00377786162882138,0.9852321502541638,0.010989988117014866
2018-05-28,3833.26,0.4382367867423532,-0.07882298617886607,-0.13216191961933188,-0.1582903325107089,-0.07006620996227764,1,sideways,1,sideways,0.0033065234593037053,0.9837864898290408,0.012906986711655495
2018-05-29,3804.009,-0.7660105472378576,-0.09062728295332634,-0.13040295120227108,-0.15498964382050617,-0.050805610607125185,1,sideways,1,sideways,0.0038996293545431803,0.9849068828590956,0.011193487786361131
2018-05-30,3723.372,-2.1425801292154616,-0.08053076619795174,-0.10832814985985817,-0.15574511491196685,-0.0011000781012480143,1,sideways,1,sideways,0.01515780030732292,0.971540316685571,0.013301883007106363
2018-05-31,3802.376,2.099642517588162,-0.07663392573485628,-0.12545866058485544,-0.1738736516325582,-0.02926591162999137,1,sideways,1,sideways,0.02323911708601399,0.9328954984563257,0.0438653844576604
2018-06-01,3770.589,-0.8394911816171413,-0.09617197737541805,-0.0965406200463641,-0.1679705743585419,-0.022594878412895203,1,sideways,1,sideways,0.014073176129340106,0.9552085094309295,0.03071831443973031
2018-06-04,3807.578,0.9762068781972303,-0.10460665546444481,-0.10699898990907086,-0.16510364331341343,-0.04010370897195015,1,sideways,1,sideways,0.009001423016735488,0.9546743893496106,0.03632418763365388
2018-06-05,3845.316,0.9862492775557775,-0.12523522124059505,-0.11929890807413479,-0.1840322095765341,-0.04953845145626523,1,sideways,1,sideways,0.00707746353030391,0.95161842974553,0.041304106724166
2018-06-06,3837.351,-0.20734994380795738,-0.1289725646676575,-0.12671684190474108,-0.17320828873876792,-0.04423155452811067,1,sideways,1,sideways,0.005280286624760128,0.9650028059698864,0.02971690740535335
2018-06-07,3831.013,-0.1653025715318809,-0.12161013288130318,-0.12960253593501248,-0.14880215754945236,-0.030037747196368092,1,sideways,1,sideways,0.004296511395422171,0.9731633725360164,0.02254011606856149
2018-06-08,3779.616,-1.350684191306213,-0.08477898283846819,-0.12112103451779233,-0.1354386265694716,0.012938351409243598,1,sideways,1,sideways,0.007036915361641169,0.9753983357674014,0.017564748870957422
2018-06-11,3779.982,0.009683054582694745,-0.0826633565979944,-0.11007565644492479,-0.139677384707123,0.014274142046179161,1,sideways,1,sideways,0.004471755782180071,0.9798259024902387,0.015702341727581188
2018-06-12,3825.953,1.2088338857111913,-0.1093643858144624,-0.13795569365331983,-0.16839725945404982,0.004002401493170549,1,sideways,1,sideways,0.005140098788038442,0.9706690696401283,0.024190831571833174
2018-06-13,3788.339,-0.9879922116728643,-0.08111285711231231,-0.1387040600115249,-0.16016887612222663,0.003423928006442978,1,sideways,1,sideways,0.005776046859759086,0.9762924578979623,0.017931495242278578
2018-06-14,3773.366,-0.39602231425098666,-0.07438345498422361,-0.13137395100289773,-0.16658945885450815,0.005556047306304324,1,sideways,1,sideways,0.004372477933213137,0.9809701978757448,0.014657324191042003
2018-06-15,3753.434,-0.5296287025593366,-0.07495749225908876,-0.13943657994252734,-0.15815330707826492,0.021682278148489997,1,sideways,1,sideways,0.003950913850177999,0.9836203049986575,0.012428781151164503
2018-06-19,3621.117,-3.5888612510022204,-0.04742735459804259,-0.10960844402431635,-0.12441133495548484,0.056466002065108656,1,sideways,0,bear,0.17862826878777532,0.7919183899456821,0.029453341266542813
2018-06-20,3635.444,0.3948707553313972,-0.05614747469635073,-0.11922037583304812,-0.11436072182654988,0.08262209512785779,1,sideways,0,bear,0.07053068657285703,0.8869933192560028,0.04247599417114014
2018-06-21,3592.965,-1.1753482410404954,-0.045817869085838625,-0.09919356297653892,-0.11885838019574368,0.09579943027555227,1,sideways,0,bear,0.04473628766917714,0.9215862753755526,0.0336774369552703
2018-06-22,3608.905,0.4426635312444322,-0.0321457616645493,-0.10164163368113044,-0.12405646588092512,0.07886852106109754,1,sideways,0,bear,0.018460097765055167,0.9481441157292393,0.0333957865057056
2018-06-25,3560.478,-1.350959671951118,-0.009753746547514153,-0.09986187247891998,-0.12134634731628724,0.08780394093152655,1,sideways,0,bear,0.01670336557386147,0.9581960962075387,0.025100538218599967
2018-06-26,3531.111,-0.8282253207477074,0.01432835161511492,-0.07410670466037461,-0.12460242682827016,0.10254336383081708,1,sideways,0,bear,0.010347304072264838,0.970515334867607,0.019137361060128078
2018-06-27,3459.262,-2.0557280784644387,0.03425297072034428,-0.04243101563281426,-0.11327416078920882,0.09930673074199059,1,sideways,0,bear,0.023173145377934766,0.9578130388562167,0.01901381576584847
2018-06-28,3423.526,-1.038425740426904,0.032925118722626934,-0.03312374435012311,-0.11512428998640578,0.10796003886051997,1,sideways,0,bear,0.014819535012383043,0.9691117981135062,0.016068666874110602
2018-06-29,3510.985,2.52256107729658,0.002917130093121889,-0.02862416102603693,-0.13465936197391903,0.0785403526360835,1,sideways,0,bear,0.039375785294183584,0.8889212189749788,0.07170299573083745
2018-07-02,3407.964,-2.978157935907659,0.03143078976186375,-0.008262998083312989,-0.11463794805344185,0.11069864587771461,1,sideways,0,bear,0.238831761066528,0.6859080228875951,0.07526021604587661
2018-07-03,3409.28,0.03860797754480328,0.03178882344659284,0.00233509714661162,-0.1194524943683124,0.11716579453726306,1,sideways,0,bear,0.09848034389961975,0.8216498402135517,0.07986981588682872
2018-07-04,3363.747,-1.3445594109623258,0.02486542537236014,0.01184482661745978,-0.11095989085980607,0.1368833625121033,1,sideways,0,bear,0.07279398569091265,0.8669576564564501,0.060248357852637116
2018-07-05,3342.438,-0.6355050365169449,0.0085326938001542,0.02884930101919614,-0.09926407011887728,0.1389425922036549,1,sideways,0,bear,0.034184536905434944,0.9209238007106095,0.04489166238395557
2018-07-06,3365.123,0.6764034345891525,-0.014810454179535193,-0.02205684606476499,-0.11755528698356643,0.13060889601955106,1,sideways,0,bear,0.01593744845247364,0.9389983452238596,0.04506420632366663
2018-07-09,3459.184,2.756820792761287,-0.05374417781765872,-0.049287057294437164,-0.14290711335390083,0.08939044583924982,1,sideways,0,bear,0.05820109042049083,0.760282929827383,0.18151597975212627
2018-07-10,3467.516,0.24057643664642747,-0.028448607014358473,-0.05361705612894074,-0.12448161738835528,0.09817950371389772,1,sideways,0,bear,0.027906735128797842,0.8286781743313338,0.14341509053986842
2018-07-11,3407.53,-1.745079881323965,-0.027298952613770244,-0.08317344234680257,-0.10366071611988747,0.10980182126056115,1,sideways,0,bear,0.04290194923515887,0.8541829222308518,0.10291512853398957
2018-07-12,3481.056,2.1348007372749964,-0.02399444306555243,-0.0891482354779699,-0.12448866091209099,0.08872537528841828,1,sideways,0,bear,0.05658770229749472,0.7272258406721739,0.2161864570303312
2018-07-13,3492.69,0.3336516928722797,-0.025101282965279026,-0.10485843289842489,-0.1185945503322654,0.09366505472859021,1,sideways,0,bear,0.028701983092697,0.7961067615126414,0.17519125539466168
2018-07-16,3472.086,-0.59166468832557,-0.02354261962405302,-0.1068844492907145,-0.11503171292416137,0.10915081020458595,1,sideways,0,bear,0.019624817848702337,0.8650261680098277,0.11534901414147
2018-07-17,3449.377,-0.6561931049951546,-0.02216719135078593,-0.09599733517095976,-0.1028008825941612,0.11862779858507788,1,sideways,0,bear,0.013926608412457686,0.9112982903474057,0.07477510124013645
2018-07-18,3431.323,-0.5247733931714055,-0.04061028355535157,-0.11276437688903085,-0.10594688987308976,0.12326061988335124,1,sideways,0,bear,0.009518405938117475,0.9411001313361739,0.04938146272570862
2018-07-19,3428.343,-0.08688470218420474,-0.044223988089873045,-0.08557982675595766,-0.0876087952693182,0.1289179641593623,1,sideways,0,bear,0.0062442259918713975,0.9579014612566207,0.035854312751507925
2018-07-20,3492.894,1.8653564884045033,-0.07537417396577162,-0.06373540107429532,-0.1042808628031654,0.09804620466581593,1,sideways,0,bear,0.011657428611000355,0.9160519829458065,0.07229058844319322
2018-07-23,3525.75,0.9362560633079099,-0.07331773381550022,-0.09709253350350988,-0.11751627313337587,0.07876877260157422,1,sideways,0,bear,0.009145757746407617,0.9169305342415149,0.07392370801207736
2018-07-24,3581.706,1.5746043627875665,-0.07121103742183199,-0.10986496379099786,-0.1154567125274939,0.04627180455347246,1,sideways,0,bear,0.012344009609553999,0.8786385096992505,0.10901748069119546
2018-07-25,3577.752,-0.11045529988450589,-0.07540964270301576,-0.10717456100925948,-0.109598429404833,0.02737361337510258,1,sideways,0,bear,0.008997258990653975,0.9158581018954076,0.07514463911393841
2018-07-26,3536.246,-1.1668957727989233,-0.06114393625330372,-0.10254122592149972,-0.11111472448466542,0.02830204685986204,1,sideways,0,bear,0.011042659371214349,0.9396470304603126,0.04931031016847314
2018-07-27,3521.227,-0.42562040755288594,-0.05563174427550388,-0.12618839966863815,-0.10796634241416414,0.028457125882540346,1,sideways,0,bear,0.007302193443718629,0.9587836313575399,0.03391417519874156
2018-07-30,3515.079,-0.17475082989726662,-0.030868438518735997,-0.11516611717688285,-0.1013624444856005,0.04387241367832684,1,sideways,0,bear,0.005117479479177583,0.9696100734390698,0.025272447081752535
2018-07-31,3517.657,0.07331428665807854,-0.033398935712038,-0.10343077792974142,-0.09471844469202095,0.032940391857420925,1,sideways,0,bear,0.0040255054837828475,0.9750743862127027,0.02090010830351453
2018-08-01,3447.388,-2.017830013538212,-0.017640602102229286,-0.07842285231601431,-0.07646658861723721,0.07301673034773004,1,sideways,0,bear,0.014015029892178654,0.9663378347076395,0.01964713540018194
2018-08-02,3370.958,-2.2419865884560575,-0.0058926868860424975,-0.02394334192238523,-0.05250376895826059,0.0874511044041486,1,sideways,0,bear,0.036213520791856545,0.9428052860648689,0.020981193143274575
2018-08-03,3315.284,-1.665368580357799,0.005797391716667377,-0.015820364107569707,-0.044280067710639526,0.11073500792088997,1,sideways,0,bear,0.03716877996573521,0.9431173975621162,0.019713822472148614
2018-08-06,3273.273,-1.275288940330887,0.014832859953936017,-0.009202715447199195,-0.021886350451062353,0.12853434467580316,1,sideways,0,bear,0.026294495034810766,0.9559762326545761,0.017729272310613203
2018-08-07,3368.87,2.8786974805571166,-0.001475865794761999,-0.043622935880577196,-0.03605749108751599,0.10141946706165572,1,sideways,0,bear,0.09810484775434852,0.7945228282110101,0.1073723240346415
2018-08-08,3314.508,-1.6268180228629037,-0.004937987779785047,-0.0306935448639738,-0.002424190860302655,0.1437881580011271,1,sideways,0,bear,0.09577380268595259,0.823406764918006,0.0808194323960412
2018-08-09,3397.53,2.473950069280685,-0.039631438132996744,-0.06772155065591778,-0.01977760314110555,0.11484872834088278,1,sideways,0,bear,0.1524762349961809,0.6209617853721838,0.22656197963163538
2018-08-10,3405.019,0.22018225890234855,-0.0374080144633554,-0.05870099403263229,-0.0023468297827412554,0.11064226073334682,1,sideways,0,bear,0.06827151280897087,0.7345897664361686,0.1971387207548605
2018-08-13,3390.344,-0.4319128444895384,-0.04727425889526249,-0.045116955683553006,0.0034792929567029063,0.11891477678961193,1,sideways,0,bear,0.03577732201939767,0.8262376836857213,0.13798499429488112
2018-08-14,3372.914,-0.5154332006483097,-0.0440871009459477,-0.049799965252597556,-0.010142268673319355,0.13280801111442497,1,sideways,0,bear,0.02049641917158259,0.887471936338415,0.09203164449000237
2018-08-15,3291.976,-2.428906677662124,-0.02732431828178583,-0.01506815359528757,0.04671024333105711,0.14396672393723398,1,sideways,0,bear,0.07412166752401204,0.8437302081864833,0.08214812428950474
2018-08-16,3276.728,-0.46426288619316436,-0.012256739039676279,-0.005814947105771351,0.04970812346950981,0.16486507271888295,1,sideways,0,bear,0.03344987797454353,0.9066904805880176,0.05985964143743899
2018-08-17,3229.62,-1.4480880270560978,0.003861135365770707,0.02012094302116041,0.06883379468792006,0.17740910695375933,1,sideways,0,bear,0.03052841922270162,0.9262736929660736,0.04319788781122463
2018-08-20,3267.25,1.1584169240224649,-0.01907659346545254,-0.014948963195347775,0.05370143086693702,0.16005417399954092,1,sideways,0,bear,0.018187237716290522,0.9265128488351237,0.05529991344858573
2018-08-21,3326.649,1.801683852491082,-0.01719959033850582,-0.030107474518652144,0.05815732287957043,0.14216618585249008,1,sideways,0,bear,0.02110706860613795,0.8782291170042964,0.10066381438956583
2018-08-22,3307.955,-0.5635317336732595,0.0013685192210897146,-0.028273661521997617,0.1274285774746029,0.16335318950832178,1,sideways,0,bear,0.013444823090151523,0.9205160283218095,0.06603914858803893
2018-08-23,3320.026,0.3642440539847355,-0.0029819043585802563,-0.05317759559714286,0.10983889885199694,0.16071711486596785,1,sideways,0,bear,0.00811416590969063,0.9384224239765978,0.05346341011371144
2018-08-24,3325.335,0.15978066893533227,0.025606743380742092,-0.05536043736946805,0.10617185937657392,0.16860436617664099,1,sideways,0,bear,0.005805870292322644,0.9533054685938404,0.04088866111383703
2018-08-27,3406.574,2.4136673259534795,-0.007858335089741209,-0.07906271814438792,0.07714378140618683,0.15227879975600112,1,sideways,0,bear,0.021713890059290634,0.852734879057601,0.12555123088310852
2018-08-28,3400.171,-0.18813696968656546,0.005020335741937831,-0.06506672752635079,0.10280159439039971,0.16126747742981173,1,sideways,0,bear,0.013032145638566799,0.9008573376034149,0.08611051675801827
2018-08-29,3386.574,-0.40069335719061566,0.005024546931500673,-0.07350201117707755,0.12033695410169676,0.17314666680840274,1,sideways,0,bear,0.009140775288340805,0.933756145212298,0.057103079499361255
2018-08-30,3351.094,-1.0531931213445822,0.02619174514352629,-0.05323753974075329,0.13873648426454155,0.181484315271371,1,sideways,0,bear,0.009452503201803988,0.9526501512659429,0.03789734553225326
2018-08-31,3334.504,-0.4962917020052674,-0.01307690739012457,-0.022058453071281403,0.1540217075762993,0.1786160700362034,1,sideways,0,bear,0.006519917798077143,0.9668415746878534,0.02663850751406961
2018-09-03,3321.825,-0.3809611975111789,-0.009974637435746891,-0.01629074379294504,0.1466136837431231,0.19584264673786267,1,sideways,0,bear,0.004875365412173043,0.9751556746298814,0.01996895995794551
2018-09-04,3363.898,1.258608991009654,-0.02446566453560728,-0.03326319644650355,0.08730377674947332,0.17652645829332525,1,sideways,0,bear,0.005677660975737662,0.9645901209495712,0.02973221807469105
2018-09-05,3298.141,-1.9741444197372524,-0.05276517892958488,-0.035313226450900737,0.1309264825245493,0.17982251213638234,1,sideways,0,bear,0.016171032063210095,0.958134664154328,0.02569430378246179
2018-09-06,3262.881,-1.0748428967697765,-0.028243444980065036,-0.024921534067592344,0.15093133951253512,0.19835323445752384,1,sideways,0,bear,0.01187505969877364,0.9685048661182935,0.019620074182932948
2018-09-07,3277.644,0.4514324177770811,-0.04612825553964972,-0.040541620749538376,0.13624115370674805,0.1973179515530059,1,sideways,0,bear,0.00636292895991047,0.9736094984287097,0.020027572611379777
2018-09-10,3230.068,-1.4621681972796032,-0.0399663412658805,-0.021749387319400237,0.14501799962106054,0.21844215044389137,1,sideways,0,bear,0.009114353176241895,0.9743994113826305,0.016486235441127664
2018-09-11,3224.212,-0.18146103382226575,-0.03286570486059848,-0.01662514747789534,0.16152566890762765,0.20670166850070637,1,sideways,0,bear,0.005257114109349478,0.9802320492914798,0.014510836599170752
2018-09-12,3202.025,-0.6905157142036975,-0.04922915967239494,0.005517445991208625,0.20291003349442938,0.21831528485880036,1,sideways,0,bear,0.004592673012592858,0.9831392081543607,0.012268118833046359
2018-09-13,3236.566,1.0729469030421368,-0.03139747497810952,-0.021830236120628954,0.18457741940068595,0.19601577721572805,1,sideways,0,bear,0.0046578595011827805,0.9764392778991386,0.018902862599678615
2018-09-14,3242.09,0.170529237504197,0.008692849365687039,-0.024950880450573587,0.18301466029629032,0.1847724770132846,1,sideways,0,bear,0.003704121680424418,0.9791438686077866,0.017152009711789096
2018-09-17,3204.922,-1.1530430466738713,-0.006707183513358528,-0.02386797557007625,0.19718701422374707,0.20210507463208138,1,sideways,0,bear,0.00541814943654479,0.980681417117372,0.013900433446083263
2018-09-18,3269.432,1.9928516412700843,-0.024845294228477477,-0.05453730189219397,0.1726198923849771,0.1667249846456511,1,sideways,0,bear,0.011191692921952502,0.949255306054036,0.0395530010240114
2018-09-19,3312.482,1.3081487819606084,-0.03567536366990065,-0.07398228880941848,0.12991557388085417,0.15855089929545274,1,sideways,0,bear,0.009878678800473594,0.936349607480691,0.05377171371883535
2018-09-20,3310.126,-0.07115022055935609,-0.04123438201446106,-0.08480976252867722,0.11791484674601493,0.16105519850301775,1,sideways,0,bear,0.006480908397309731,0.9546567138355148,0.038862377767175445
2018-09-21,3410.486,2.98685480045469,-0.09781509145617362,-0.10915980889527177,0.09761130818305652,0.13609585261455415,1,sideways,0,bear,0.04983274806759696,0.7509346707402733,0.19923258119212964
2018-09-25,3379.804,-0.9037083486397477,-0.07975107432265305,-0.10726124946890414,0.10313941281802141,0.15738220322835272,1,sideways,0,bear,0.03499481181978446,0.8317829638842054,0.13322222429601016
2018-09-26,3417.241,1.1015780702602878,-0.07708499342013053,-0.12150386817903691,0.13317761316804977,0.15685168239524216,1,sideways,0,bear,0.022648395048278494,0.8319073158108571,0.14544428914086438
2018-09-27,3403.59,-0.4002743427099725,-0.06656383406932098,-0.12136714469134069,0.1675695368713621,0.1564994608633825,1,sideways,0,bear,0.014810631262498795,0.8885742253135942,0.09661514342390698
2018-09-28,3438.865,1.031071815867911,-0.04321745692256007,-0.12452102655963515,0.1548243388443571,0.14069176894120594,1,sideways,0,bear,0.011764559806091035,0.8865166262275832,0.10171881396632594
2018-10-08,3290.899,-4.398069535173932,-0.008527760955289065,-0.09765234363011444,0.22220615096361218,0.19275067390400014,0,bear,0,bear,0.7589323736730891,0.15771850461226372,0.08334912171464733
2018-10-09,3288.691,-0.06711664656568281,-0.01384775888035683,-0.09847352639697671,0.23521212543227699,0.17657086056427929,0,bear,0,bear,0.48855060507596815,0.31879374215085476,0.19265565277317706
2018-10-10,3281.598,-0.21591143876615448,-0.01818869952992419,-0.07487937279337697,0.23635771352859192,0.1826067665814033,1,sideways,0,bear,0.2671188123169392,0.5034778749398097,0.22940331274325113
2018-10-11,3124.114,-4.917977588802156,0.028379246083849674,-0.022345855496950562,0.3045074539533448,0.24703547949914761,0,bear,0,bear,0.9888854148856294,0.0021678964891138556,0.008946688625257142
2018-10-12,3170.726,1.4809860760683455,-0.0010350941708618944,-0.03879931599261488,0.288615604123472,0.2208828514352863,0,bear,0,bear,0.7905405386230331,0.018604686013515413,0.1908547753634516
2018-10-15,3126.452,-1.4061768473029128,0.025168785575470087,-0.01534519001091339,0.27863085695862266,0.23803851778309726,0,bear,0,bear,0.7347171533803347,0.041005767654941946,0.2242770789647232
2018-10-16,3100.974,-0.8182559585594376,0.04398875966067428,-0.009122295124048163,0.2862465148047033,0.25663485085653726,0,bear,0,bear,0.5912514739974161,0.09516619106739148,0.31358233493519244
2018-10-17,3118.246,0.5554408561042565,0.027803130349561833,-0.0075260258491473,0.2749231458967636,0.2592287459039473,2,bull,0,bear,0.3562188000026247,0.17224060919124348,0.4715405908061318
2018-10-18,3044.392,-2.3969454620014963,0.06503104725015696,0.007683964482891881,0.3420706006322447,0.2844029284008105,0,bear,0,bear,0.5948265024804106,0.11954238664741179,0.28563111087217774
2018-10-19,3134.946,2.931073942409247,0.03914836172616698,-0.0022188579962780786,0.3037672738222603,0.24124179491448983,0,bear,0,bear,0.5594545251551559,0.02954198994637731,0.4110034848984667
2018-10-22,3270.273,4.226151860676089,0.007439745856079982,-0.04330555889370702,0.24517891931346392,0.18850995008673577,0,bear,0,bear,0.7245138438820938,0.000772727867861317,0.2747134282500447
2018-10-23,3183.426,-2.691549231442533,0.010988790064540455,-0.02261996980611458,0.2943941527147169,0.24155139777082946,0,bear,0,bear,0.8845488802434648,0.004003124846978709,0.11144799490955652
2018-10-24,3188.202,0.1499146181943182,0.012009904014864903,-0.006281910619214237,0.26265870230305355,0.24776347295434853,0,bear,0,bear,0.6649701155840732,0.03525950865057315,0.2997703757653536
2018-10-25,3194.308,0.19133544210037637,0.006298390762568884,-0.0027148290020875265,0.2581770449186491,0.25310802840552626,2,bull,0,bear,0.43796250361209665,0.08881604885695459,0.47322144753094864
2018-10-26,3173.635,-0.6492857309262425,-0.00950329826838947,-0.009553083451625755,0.2698653121735801,0.2556207629421783,2,bull,0,bear,0.3206019769799028,0.1690978940570115,0.5103001289630856
2018-10-29,3076.889,-3.0958597051099983,0.020915281636744165,0.020853530952855248,0.2811043882310995,0.2973737434142083,0,bear,0,bear,0.7621054323317767,0.047865473579754146,0.190029094088469
2018-10-30,3110.261,1.078762390832971,0.00867451316786605,0.015600298495849874,0.250465796921866,0.27738829635197826,0,bear,0,bear,0.5133760089245009,0.08720327070625508,0.3994207203692442
2018-10-31,3153.823,1.390872225300658,0.007961765768085272,0.00971741280344518,0.23670034748303892,0.237538695101152,2,bull,0,bear,0.3164555200680238,0.10181917058244225,0.5817253093495339
2018-11-01,3177.034,0.7332689397756602,-0.01239520886462031,0.0021227346008887427,0.23171832596062858,0.22872119089691823,2,bull,0,bear,0.17910981571377807,0.14663607839453946,0.6742541058916823
2018-11-02,3290.246,3.501427686830103,-0.03572863548804561,-0.029261033977398765,0.11986064263887863,0.18531623471314917,2,bull,2,bull,0.26976592929137716,0.01504501130295355,0.7151890594056691
2018-11-05,3262.835,-0.8365884648751284,-0.0005777184564956794,-0.02891718398264087,0.14031754593781187,0.19707462988474744,2,bull,1,sideways,0.2392348893552813,0.04433520717628318,0.7164299034684355
2018-11-06,3243.15,-0.6051369645181691,0.007572884387092804,-0.012801443041487559,0.13083175307956774,0.19547014476666202,2,bull,1,sideways,0.19201756284160584,0.09221033118532682,0.7157721059730674
2018-11-07,3221.91,-0.65707283207761,0.009340422296091555,0.007910525123296486,0.11725653416762105,0.21292307978807612,2,bull,1,sideways,0.15841068007325648,0.16348567537359707,0.6781036445531464
2018-11-08,3212.774,-0.28396129907656303,-0.009680419475506241,0.029164516396111395,0.1611308482949625,0.2285454874821573,2,bull,1,sideways,0.11190122251757487,0.2596162064224118,0.6284825710600134
2018-11-09,3167.444,-1.4209784914129917,0.004458168794775785,0.05142663927128632,0.15826073010288422,0.23375946030932204,2,bull,1,sideways,0.14487734791697693,0.3473253421579056,0.5077973099251174
2018-11-12,3205.141,1.1831129665826008,-0.018837860799259754,0.05986850500492791,0.13728225996921828,0.21354973150947187,2,bull,1,sideways,0.0889174648225567,0.35097717138661605,0.5601053637908272
2018-11-13,3237.382,1.000889532028149,-0.02395948331089759,0.05089235684883642,0.15126728943325185,0.1892309897318265,2,bull,1,sideways,0.060122013249920156,0.369634063608024,0.5702439231420557
2018-11-14,3204.943,-1.0070672981873152,-0.010712827029997207,0.04173615568201994,0.16818427035987837,0.2100701946961303,1,sideways,1,sideways,0.06886465398907095,0.49238440776413506,0.4387509382467939
2018-11-15,3242.372,1.1610855212996085,-0.006994879057677483,0.0627235246294997,0.12533694468123957,0.2002487684941765,1,sideways,1,sideways,0.04917791124557034,0.4853165293915807,0.46550555936284904
2018-11-16,3257.674,0.47082830699335293,-0.0281682574745048,0.0558478227103143,0.11054451734581172,0.1896890235180071,1,sideways,1,sideways,0.03547300297672903,0.5604586343381754,0.40406836268509555
2018-11-19,3294.603,1.1272231325256499,-0.04049228389581383,0.04775203567774322,0.11296444518504956,0.17231211165654847,1,sideways,1,sideways,0.03198901738260911,0.5505454540424182,0.417465528574973
2018-11-20,3218.408,-2.3398847753745264,-0.02795823276601339,0.06969222050156487,0.13390844168918314,0.18961641904941828,1,sideways,1,sideways,0.13718342247933785,0.5279036578562275,0.3349129196644347
2018-11-21,3226.492,0.25086515662332204,-0.041954543820347245,0.0910047196769741,0.11079308425373435,0.1889256195273381,1,sideways,1,sideways,0.06724773424842992,0.6409736129966314,0.2917786527549387
2018-11-22,3214.427,-0.3746364179169296,-0.04573443416198286,0.1602326013314348,0.11805743294216975,0.19806329401787615,1,sideways,1,sideways,0.0391284309736674,0.751254235195505,0.20961733383082765
2018-11-23,3143.475,-2.232023885396667,-0.03629104732819566,0.17217219796562722,0.15706248657934307,0.22470164388137337,1,sideways,1,sideways,0.10380382582172766,0.7292715468788036,0.16692462729946853
2018-11-26,3141.243,-0.07102944297071836,-0.03280389323589428,0.1709988689190871,0.16904709377784521,0.23497736405620318,1,sideways,1,sideways,0.04575561682457056,0.8252116885240849,0.1290326946513446
2018-11-27,3137.241,-0.12748302112426077,-0.03823710068815234,0.1696168703647567,0.16787616890127355,0.2438907307408007,1,sideways,1,sideways,0.021853701644170786,0.8857774027983321,0.09236889555749721
2018-11-28,3178.933,1.3201854646881375,-0.05564760251317036,0.17955112611684476,0.14541042544778393,0.22539449557445845,1,sideways,1,sideways,0.017436841630159083,0.8671074051609343,0.11545575320890651
2018-11-29,3137.654,-1.3070218977887311,-0.04689745905698972,0.2092168225049671,0.15684807821385038,0.24308926350706606,1,sideways,1,sideways,0.019914570093450896,0.9036168172847902,0.07646861262175902
2018-11-30,3172.69,1.1104421571324359,-0.05107211861228167,0.20276894370392307,0.14477399304690963,0.2301072591397204,1,sideways,1,sideways,0.013919486929506479,0.899722585957887,0.08635792711260645
2018-12-03,3260.95,2.74387554796087,-0.08936506232846253,0.18005182538830722,0.1035026602677136,0.19321792729112675,1,sideways,1,sideways,0.05394318089071692,0.6586523832661052,0.2874044358431777
2018-12-04,3267.71,0.2070869800496961,-0.09268509139427916,0.1656022107224937,0.10080300883493343,0.21437367453048162,1,sideways,1,sideways,0.03020657449923084,0.7433052249095103,0.22648820059125885
2018-12-05,3252.004,-0.48180120729992887,-0.06646055785909244,0.12471540625411293,0.09614809821882142,0.22618114860867333,1,sideways,1,sideways,0.021427134159745804,0.8263042534348382,0.15226861240541595
2018-12-06,3181.673,-2.186426261850819,-0.040032398049705264,0.17232506294644367,0.1348570390483248,0.2703379637065155,1,sideways,1,sideways,0.06270607013309502,0.8154875487907468,0.12180638107615818
2018-12-07,3181.565,-0.0033944982101867913,-0.04207394788413876,0.18034740764372237,0.1690083339488584,0.26754694623557906,1,sideways,1,sideways,0.027562258939731077,0.8806214464363555,0.09181629462391344
2018-12-10,3144.763,-1.1634684494280594,-0.0210785359659853,0.18425267659279898,0.1737278771087043,0.2805893480685191,1,sideways,1,sideways,0.022341363502285574,0.9164836352242536,0.061175001273460816
2018-12-11,3159.816,0.47752684531954015,-0.027574390407542615,0.17047511627259304,0.16633152056955214,0.2713566232970528,1,sideways,1,sideways,0.0113157055081765,0.9357895124088481,0.052894782082975336
2018-12-12,3170.609,0.34098849469978487,-0.02391685635157159,0.18116267253388862,0.15273753401948964,0.25120946796025634,1,sideways,1,sideways,0.006977809951543705,0.9498086015737801,0.04321358847467615
2018-12-13,3219.692,1.5362019805032756,-0.04718059988346712,0.19630946065648525,0.13514739919222074,0.24016769305883923,1,sideways,1,sideways,0.009349477156057027,0.924077974775926,0.066572548068017
2018-12-14,3165.911,-1.6844852925050589,-0.011977910939378944,0.21101414411207386,0.15847192166804436,0.2605746023814315,1,sideways,1,sideways,0.01746920297516557,0.9344264818065766,0.0481043152182576
2018-12-17,3161.197,-0.1490096540865856,-0.010295150855830881,0.2132872453061292,0.1754844762917338,0.2735644124678087,1,sideways,1,sideways,0.009031716415761183,0.9557554794494182,0.035212804134820544
2018-12-18,3128.427,-1.0420431023554313,-0.005437237308078546,0.22646013475781923,0.22378370983244933,0.2856390767628587,1,sideways,1,sideways,0.008401986948639485,0.966844841108982,0.024753171942378634
2018-12-19,3091.126,-1.199489649184641,0.024925544930876287,0.24026034525930018,0.24030466567846154,0.320435660015153,1,sideways,1,sideways,0.008606689666253374,0.9726095235447086,0.018783786789038054
2018-12-20,3067.417,-0.7699586453977745,0.03854024412070478,0.22018786490392395,0.25228033879971323,0.33551519079407877,1,sideways,1,sideways,0.006345866965534108,0.9787223884375866,0.014931744596879317
2018-12-21,3029.395,-1.2472909754568824,0.037605528496613916,0.22151089573990834,0.25480830330808635,0.37065024534601787,1,sideways,1,sideways,0.007276115715863326,0.9798342958398388,0.012889588444297793
2018-12-24,3038.198,0.29016468891187414,0.033853948952635715,0.23210797979591846,0.24887548474457577,0.36428402625503686,1,sideways,1,sideways,0.0044589231684020346,0.9817279499946316,0.0138131268369664
2018-12-25,3017.282,-0.6908150363083821,0.046896511496108184,0.2356799927882114,0.2709508093708177,0.3685479182920257,1,sideways,1,sideways,0.004247636595744249,0.9839386132671276,0.011813750137128206
2018-12-26,3002.033,-0.5066700321210659,0.06077115075017492,0.289906206893795,0.27433209428410676,0.38580322068411643,1,sideways,1,sideways,0.0037842615665836933,0.9854391367452617,0.010776601688154582
2018-12-27,2990.506,-0.38471219684890134,0.06462852774747807,0.32884802772507404,0.31610235859750824,0.3751241428708052,1,sideways,1,sideways,0.0034359294645580182,0.9862801154254952,0.01028395510994678
2018-12-28,3010.654,0.6714727053421606,0.060889095857577624,0.3190771838942634,0.30774542674116656,0.3832110896835039,1,sideways,1,sideways,0.0033800543033081156,0.9829756380190086,0.01364430767768343
2019-01-02,2969.535,-1.3751956006975248,0.06699634791305731,0.35447368022266135,0.31115949130082665,0.40196529086203747,1,sideways,1,sideways,0.006132592639597548,0.9816941043002971,0.012173303060105358
2019-01-03,2964.842,-0.15816322347967593,0.07986631328077509,0.3701340577339367,0.3063434746269784,0.41794672363653795,1,sideways,1,sideways,0.004098010610148324,0.9841986659399636,0.011703323449888087
2019-01-04,3035.874,2.3675614030304026,0.06967449900753464,0.33642865283605317,0.2823994012926756,0.3801251303578477,1,sideways,1,sideways,0.015507773724095324,0.9354571086486875,0.049035117627217364
2019-01-07,3054.303,0.6052059324557847,0.08256220813717574,0.33432406673470183,0.24505983852944513,0.36421763001247776,1,sideways,1,sideways,0.008799047351559501,0.9460434034013381,0.04515754924710232
2019-01-08,3047.704,-0.21628957726775752,0.09273571186703156,0.3406311767809471,0.2445860884127855,0.3613667862758323,1,sideways,1,sideways,0.006001863412644621,0.9617820681221434,0.032216068465212015
2019-01-09,3078.476,1.0046149086442773,0.1034771750697423,0.29855746804587713,0.23006935899451553,0.3496460586342074,1,sideways,1,sideways,0.00573144089955463,0.9568219084405766,0.03744665065986884
2019-01-10,3072.686,-0.18825716864607778,0.107220197573068,0.2980880571591109,0.23189320353592913,0.36227066481898884,1,sideways,1,sideways,0.004686044802678254,0.9680130406074351,0.027300914589886625
2019-01-11,3094.778,0.7164077321703038,0.07881890074183029,0.28459101105151974,0.23069603053918586,0.32943590784217824,1,sideways,1,sideways,0.004397343283966941,0.9674435457785614,0.028159110937471768
2019-01-14,3067.785,-0.876037214687525,0.12320289720433464,0.33183681385755537,0.24656323699346605,0.34687763321093223,1,sideways,1,sideways,0.005190925412043131,0.9746694866095348,0.02013958797842216
2019-01-15,3127.99,1.9434822924449928,0.09962244124821384,0.30666658141490233,0.21702594957145016,0.2800235934258102,1,sideways,1,sideways,0.010764576105993209,0.9401396316213939,0.04909579227261299
2019-01-16,3128.652,0.021161511317747326,0.10332724764531176,0.30154296482958154,0.21606302011217604,0.1788968539805642,1,sideways,1,sideways,0.0066000096150122525,0.9567001176541025,0.03669987273088518
2019-01-17,3111.417,-0.5523991425864545,0.10647528119824501,0.3243509307816985,0.21115298913646097,0.2166925873323955,1,sideways,1,sideways,0.00552471118754164,0.9688896463288161,0.02558564248364226
2019-01-18,3168.174,1.8077147252001646,0.11108733295582884,0.27064075394848897,0.20193998183180595,0.2084333120592492,1,sideways,1,sideways,0.009892613347631552,0.9372659585144102,0.05284142813795812
2019-01-21,3185.636,0.5496558431460228,0.17071850016762746,0.2616020788313542,0.18710455306255946,0.2241747016922211,1,sideways,1,sideways,0.006754119297789721,0.9466882380851432,0.04655764261706718
2019-01-22,3143.317,-1.3373343336423278,0.17223111763783283,0.28211344894581103,0.20570531066386244,0.2406858741895903,1,sideways,1,sideways,0.00974749468887748,0.9578853023281739,0.03236720298294851
2019-01-23,3141.053,-0.0720517760076404,0.17106970178472003,0.2549345713045912,0.21609950548430734,0.24671726328718435,1,sideways,1,sideways,0.005832586495446228,0.9691451979205024,0.025022215584051457
2019-01-24,3158.782,0.5628416237301699,0.16164078432762996,0.23125780759799186,0.21916200611501524,0.2512620370763161,1,sideways,1,sideways,0.004530615455361027,0.9708333643934374,0.02463602015120155
2019-01-25,3184.47,0.8099359895141831,0.1775001805637988,0.22479847509946715,0.21168326283494587,0.2512075792832089,1,sideways,1,sideways,0.004422126104168247,0.9684569873408435,0.027120886554988257
2019-01-28,3183.778,-0.021732822048501153,0.1916986674322143,0.22910925322054498,0.21059634183036646,0.24377987409926205,1,sideways,1,sideways,0.0038611094192267776,0.9746070778741743,0.021531812706598902
2019-01-29,3193.97,0.31961152043222,0.19475542976295968,0.15361665889159903,0.21175778106870147,0.2485195540346341,1,sideways,1,sideways,0.0035518014860698543,0.9766415413451759,0.019806657168754287
2019-01-30,3168.483,-0.8011732685340324,0.21448971005998763,0.1742742504851691,0.2104716989171158,0.28686945771840966,1,sideways,1,sideways,0.004317656730321414,0.9804771017693958,0.015205241500282726
2019-01-31,3201.633,1.0408067688314755,0.18965852738274513,0.14549575169921103,0.18797782256742113,0.2673254554785012,1,sideways,1,sideways,0.004550047582743854,0.9740497719864161,0.0214001804308401
2019-02-01,3247.397,1.419276021393601,0.1263110115578725,0.10848781347029623,0.15398209704572619,0.24755642750178075,1,sideways,1,sideways,0.006272603737308721,0.9590093779051222,0.03471801835756903
2019-02-11,3306.473,1.8028310010605817,0.1280766544895422,0.12822666327533905,0.1116643021128556,0.25349760908375774,1,sideways,1,sideways,0.010911646767241425,0.9219286069182903,0.06715974631446808
2019-02-12,3330.335,0.7190837167971885,0.12761989409473817,0.10160869702297215,0.09188084682171627,0.2459677479893163,1,sideways,1,sideways,0.007928301458248894,0.9298183787444806,0.06225331979727058
2019-02-13,3397.028,1.982803217839598,0.09630947993363614,0.07304090516769368,0.06605862536311169,0.21660433767399034,1,sideways,0,bear,0.016249282283961254,0.85857243584664,0.12517828186939847
2019-02-14,3402.14,0.1503713678865353,0.08710576284338689,0.09551400001175736,0.07852528114657242,0.21213530307394768,1,sideways,0,bear,0.01068035434226649,0.8972322779389484,0.09208736771878509
2019-02-15,3338.705,-1.8821638137200793,0.12169389029578848,0.12138209275752132,0.0883051961763619,0.2199385689960629,1,sideways,0,bear,0.02565612065214174,0.905645577159089,0.06869830218876909
2019-02-18,3445.745,3.155712927534219,0.1178273493830797,0.05891788278006649,0.07352836614433178,0.1854841260743323,1,sideways,0,bear,0.13009529004869563,0.5502080923497945,0.31969661760150947
2019-02-19,3439.608,-0.178262512471191,0.11465114629341477,0.05180357761698429,0.06574702698679613,0.1454936143886163,1,sideways,0,bear,0.06628568525505141,0.6803928957067881,0.25332141903816063
2019-02-20,3451.927,0.3575114432768201,0.11110113278757061,0.06224030809458014,0.06676705503911284,0.17895482726025214,1,sideways,0,bear,0.03392581797718878,0.7567627348355656,0.20931144718724587
2019-02-21,3442.706,-0.26748357738043144,0.11449859500056059,0.060032427979618275,0.07299345340554786,0.18841457853211985,1,sideways,0,bear,0.020873546523323492,0.8345949131111653,0.14453154036551116
2019-02-22,3520.118,2.2236721712697403,0.08911150137580615,0.018137744246073728,0.054095061586003634,0.16900967524384125,1,sideways,0,bear,0.03933079947338377,0.6643553081470154,0.2963138923796009
2019-02-25,3729.483,5.77751063755114,0.003577439553954065,-0.03635061481712076,0.016520252270891156,0.1279646535458132,0,bear,0,bear,0.7481274939763223,0.0010424345791697927,0.2508300714445081
2019-02-26,3684.694,-1.2082135306284392,0.004273082106682313,-0.012890351274759793,0.027963787494972525,0.12316165195807294,0,bear,0,bear,0.6782958256119787,0.02001715860716812,0.3016870157808532
2019-02-27,3678.392,-0.17117826788504975,0.017669677402517125,-0.0016667609107456904,0.028100865813105225,0.08665226544642324,0,bear,0,bear,0.4794162328678264,0.06325894236145047,0.45732482477072306
2019-02-28,3669.37,-0.24557149602715678,0.016085867601250303,-0.0014882663781520256,0.033830330547205634,0.11265203563554516,2,bull,0,bear,0.3185011572990078,0.13258986428715475,0.5489089784138373
2019-03-01,3749.714,2.1659585201693496,0.032703027484229485,-0.02894380744771463,0.018974780476590958,0.07432966887607972,2,bull,0,bear,0.2326124389027379,0.07317844503622518,0.6942091160610367
2019-03-04,3794.104,1.176871243261426,0.04739564334556978,-0.043307985231822776,-0.007430739905917139,0.04132912540088518,2,bull,0,bear,0.13869967294285113,0.08445886816492323,0.7768414588922257
2019-03-05,3816.013,0.5757877449015684,0.040689588845740365,-0.04821786508588943,0.0002444960224192716,0.02078085163756005,2,bull,0,bear,0.09189945395876292,0.12099112596167658,0.7871094200795604
2019-03-06,3848.09,0.8370761014503104,0.04523464887775486,-0.06486932478190477,-0.011825606989441573,-0.031249269117926026,2,bull,0,bear,0.06862065584125884,0.1459597276863093,0.7854196164724319
2019-03-07,3808.85,-1.0249614997104752,0.06652427898184499,-0.055592895493390415,-0.0048999041705501956,-0.026036205153786574,2,bull,0,bear,0.096181817957179,0.22836962638445366,0.6754485556583674
2019-03-08,3657.579,-4.052585317417508,0.10926626601913436,-0.02539958808818632,0.03882540882917351,-0.005829539156912311,0,bear,0,bear,0.8214534542281886,0.018504423677789747,0.16004212209402158
2019-03-11,3729.955,1.959471610772996,0.09262176085234275,-0.031960439201009105,0.03173362681319225,-0.03776506687077996,0,bear,0,bear,0.6184798260815957,0.022987042765432758,0.3585331311529714
2019-03-12,3755.352,0.678585326059875,0.08800639726981663,-0.009606556189672766,0.02616505723032092,-0.02719532017238324,2,bull,0,bear,0.38642933600588464,0.055746030649343775,0.5578246333447715
2019-03-13,3724.194,-0.8331569920417006,0.07340756147504668,-0.00888729212280559,0.043447521799347744,-0.052061734700179385,2,bull,0,bear,0.3137115111859078,0.11139210946794266,0.5748963793461495
2019-03-14,3698.486,-0.6926905859718885,0.07844588299104016,-0.003540097218158955,0.06133239384980782,-0.019838117543232614,2,bull,0,bear,0.2356091330529368,0.1967578774518499,0.5676329894952133
2019-03-15,3745.005,1.2499405361527598,0.061553722892225826,-0.024065388430723034,0.05433984734332786,-0.00600453136911705,2,bull,0,bear,0.13949585857939495,0.202975639744783,0.6575285016758221
2019-03-18,3851.748,2.8104119153337095,0.06076228247538529,-0.051125618809953366,0.03146623299343565,-0.03990422010993455,2,bull,0,bear,0.16124173756262666,0.05450936080692695,0.7842489016304464
2019-03-19,3833.963,-0.46280771537927196,0.06606140956498519,-0.043386960176715283,0.032682109869083265,-0.03231695245885269,2,bull,0,bear,0.13348352118485382,0.10573448665594873,0.7607819921591974
2019-03-20,3835.44,0.03851668815056636,0.06169696306030081,-0.031157311807771704,0.024680349581795102,-0.04206270988465477,2,bull,0,bear,0.09560388828773764,0.17007672458794515,0.7343193871243172
2019-03-21,3836.891,0.037824228837339255,0.07394450350557258,-0.0021822355652011405,0.035312183744599546,-0.03928597398258116,2,bull,0,bear,0.07294413603324638,0.2517924819064932,0.6752633820602604
2019-03-22,3833.801,-0.08056639914996352,0.05003128748727437,3.573477079288345e-05,0.032321448087681226,-0.04140147075969769,2,bull,0,bear,0.05920589085824909,0.355035963582205,0.5857581455595459
2019-03-25,3742.825,-2.4016065371096835,0.07378918330405515,0.02630125640391956,0.03964812674918017,-0.0022159732287776457,2,bull,0,bear,0.22354857442103562,0.3230249023534826,0.4534265232254819
2019-03-26,3700.439,-1.1389212627969916,0.08908402489542455,0.027259198165406895,0.056654088879724895,0.0034533740456199613,1,sideways,0,bear,0.1864432913261172,0.44036216542636336,0.37319454324751933
2019-03-27,3743.388,1.153962245495751,0.05300759632717744,0.013608795027392429,0.04835031794727129,0.014594533080728,1,sideways,0,bear,0.10612368813671658,0.4615765153946269,0.43229979646865674
2019-03-28,3728.395,-0.401323756945141,0.04314993448923743,0.028543649479199518,0.055588530721664364,0.013933609502212008,1,sideways,0,bear,0.06588130757716813,0.596873252584239,0.33724543983859295
2019-03-29,3872.341,3.7881387572234795,0.007228960466033385,-0.01207383337366208,0.004731246550859103,-0.020537963986126173,2,bull,0,bear,0.2592934223002216,0.07214720236401467,0.6685593753357641
2019-04-01,3973.928,2.58957924816467,-0.015278837462581074,-0.009591517511137626,-0.018332491177494914,-0.0515233290588053,2,bull,0,bear,0.21786136317904795,0.02538835720428001,0.7567502796166719
2019-04-02,3971.285,-0.06653062913455045,-0.07218519950091717,-0.008590670274231105,-0.025256560533932992,-0.0549011214254328,2,bull,0,bear,0.15095763866509193,0.05911526911635458,0.7899270922185535
2019-04-03,4022.157,1.2728605985745247,-0.07495704419295424,-0.03197861247087075,-0.04500520491865434,-0.048843941198715046,2,bull,0,bear,0.09973967410926197,0.06361636432154187,0.8366439615691962
2019-04-04,4062.231,0.9914004184484496,-0.09718157337679723,-0.0465579136193881,-0.05159184694321928,-0.06520284050808534,2,bull,0,bear,0.07444382859640936,0.07744183092704043,0.8481143404765502
2019-04-08,4057.229,-0.12321017980960712,-0.11276883804192472,-0.040428085276921766,-0.0598193989050162,-0.06281331421026515,2,bull,0,bear,0.07267110819985405,0.13167493721463583,0.79565395458551
2019-04-09,4075.43,0.4476034317410488,-0.08464849107946892,-0.06689846224815543,-0.05833764780648909,-0.05789401363782465,2,bull,0,bear,0.060795667255017644,0.1805208842777166,0.7586834484672658
2019-04-10,4085.847,0.2552788162211002,-0.1020892363321485,-0.07164169387644714,-0.05937765168397158,-0.056877313320836564,2,bull,0,bear,0.05446416174894785,0.24985809677504703,0.6956777414760053
2019-04-11,3997.578,-2.1840373029696827,-0.08816038111076252,-0.05274168509032218,-0.030753371166241106,-0.047411457637599574,2,bull,0,bear,0.18971368061950442,0.2609574000223607,0.5493289193581348
2019-04-12,3988.617,-0.22441234557131975,-0.06556783967976876,-0.05099411650704999,-0.019277859970009747,-0.03741497366129676,2,bull,0,bear,0.11602242929693568,0.3861495534251389,0.4978280172779252
2019-04-15,3975.524,-0.3287990957361,-0.05824640978145268,-0.041954972476584085,-0.005605047284332754,-0.036667116083313744,1,sideways,0,bear,0.07384436465801357,0.5204171813857896,0.4057384539561967
2019-04-16,4085.789,2.7358291998921,-0.10696293910429544,-0.06402704593898512,-0.03659978525567531,-0.0706881828699426,2,bull,0,bear,0.12152240925106454,0.204128803409199,0.6743487873397365
2019-04-17,4087.24,0.035507032098975065,-0.11485696949530733,-0.06860252884587159,-0.04026066489856228,-0.06470650120863952,2,bull,0,bear,0.0824274973754086,0.2975102759250088,0.6200622266995827
2019-04-18,4072.075,-0.37172280913829725,-0.09953132002725884,-0.06567585321979574,-0.03606343203403661,-0.054745553556847515,2,bull,0,bear,0.06575408493754507,0.41946558192365163,0.5147803331388032
2019-04-19,4120.608,1.1848027742985114,-0.1143588518975841,-0.08547427952379849,-0.060969157949506525,-0.06153849140709333,2,bull,0,bear,0.05032763159014795,0.4077648123748102,0.5419075560350417
2019-04-22,4025.611,-2.332402469705222,-0.10970906031407401,-0.054067817282892006,-0.03596249115972694,-0.02807871898203762,2,bull,0,bear,0.1872701081012439,0.3874121622982192,0.4253177296005371
2019-04-23,4019.005,-0.1642341035260043,-0.1057702092930961,-0.05904993897743349,-0.030635443349784408,-0.02058992213246813,1,sideways,0,bear,0.10194037841268737,0.5288398035614041,0.3692198180259086
2019-04-24,4030.089,0.27541005251212713,-0.09748965841697288,-0.05959545806556621,-0.03945421552725015,-0.026102153079001433,1,sideways,0,bear,0.05346461410661191,0.6317560476068624,0.31477933828652566
2019-04-25,3941.816,-2.2146929254649317,-0.0683834557473002,-0.030945888899938434,-0.01804954873591247,0.005531968006624366,1,sideways,0,bear,0.13891813948064416,0.6150721189262474,0.24600974159310865
2019-04-26,3889.275,-1.341876588835226,-0.05794550398210463,-0.009823938908922636,0.001932750962583052,0.01823090421736695,1,sideways,0,bear,0.11632610147777703,0.7031531024822079,0.180520796040015
2019-04-29,3900.334,0.2839425555278823,-0.06644328408797806,-0.010708057309963714,0.006730449238449898,0.015358684666492595,1,sideways,0,bear,0.050852922751458446,0.7948642703927203,0.15428280685582124
2019-04-30,3913.211,0.3296074101598584,-0.0724269659877782,-0.015062055176682243,-0.0007628006769887508,0.01406568672121189,1,sideways,0,bear,0.024329690609613597,0.8512701963222609,0.12440011306812565
2019-05-06,3684.617,-6.019167922725906,-0.014276653448648924,0.050398996693550524,0.05607339921625498,0.06529878139301859,0,bear,0,bear,0.9955615006058104,0.000610747727676321,0.003827751666513509
2019-05-07,3720.668,0.973663668818709,-0.032843833419160195,0.03082537866856172,0.044638220878616464,0.05164341456964161,0,bear,0,bear,0.7895709893894451,0.0234182622266643,0.1870107483838907
2019-05-08,3667.457,-1.4404715698562771,-0.019182774331096386,0.03708618805891928,0.07769143578234194,0.06965453173684111,0,bear,0,bear,0.7373002260125009,0.04619556452068635,0.21650420946681279
2019-05-09,3599.7,-1.864799770190656,-0.009729144095341313,0.04104175347945671,0.10512598272078222,0.0990499208267357,0,bear,0,bear,0.7631810874484773,0.05288549835022004,0.18393341420130238
2019-05-10,3730.451,3.5678629218348816,-0.03208914954250841,-0.014679994456434309,0.0730104751409415,0.05489175437500715,0,bear,0,bear,0.7736600723487097,0.004625211880234681,0.22171471577105564
2019-05-13,3668.726,-1.668467503944147,0.013778625059489347,-0.008830585876405062,0.08617596408126427,0.06679948298128568,0,bear,0,bear,0.7670845184789409,0.01810751442851776,0.2148079670925414
2019-05-14,3645.15,-0.644694595795844,0.012604693908343956,-0.006507002455317323,0.09511954240566234,0.04908275379614002,0,bear,0,bear,0.6085915741969302,0.05833225260223907,0.3330761732008306
2019-05-15,3727.092,2.223078804822274,-0.011188079070760804,-0.015507532414010816,0.06598146758920898,0.02742969585939914,2,bull,0,bear,0.45106335471326403,0.036665033721766216,0.5122716115649697
2019-05-16,3743.964,0.4516638259014545,-0.02379403220757459,-0.02949654430437898,0.04247209641973049,0.034403642770069354,2,bull,0,bear,0.2692629847528298,0.07579677082331761,0.6549402444238527
2019-05-17,3648.761,-2.575728527178669,0.001661934009928201,0.013797560322531321,0.06986700416936054,0.05395064242355141,0,bear,0,bear,0.5750961196718425,0.050571016312226054,0.3743328640159313
2019-05-20,3617.792,-0.8523762918391296,0.013772765266770515,0.013256704641947392,0.07800061473959818,0.066018167987546,0,bear,1,sideways,0.4611931626048113,0.10676139754144807,0.4320454398537407
2019-05-21,3666.776,1.3448906873201765,0.013407418396978787,0.004261509293177479,0.06520196488686514,0.05461118977543222,2,bull,1,sideways,0.2783172405187722,0.1222117862177454,0.5994709732634824
2019-05-22,3649.38,-0.47555117151799026,0.04908724221648608,0.012227008423348673,0.062396626276244094,0.08822320503756798,2,bull,1,sideways,0.19397293826295184,0.21279945800436376,0.5932276037326843
2019-05-23,3583.965,-1.8087560712345834,0.06974761193259416,0.03531675114014776,0.0903926238118955,0.11149746161025575,2,bull,1,sideways,0.28211153301654324,0.2506151389555001,0.4672733280279568
2019-05-24,3593.914,0.27721298648971926,0.06882524178374871,0.054865252757856586,0.09825638565641803,0.10844277297676008,2,bull,1,sideways,0.15127780889756695,0.3635911968729515,0.4851309942294814
2019-05-27,3637.197,1.1971470754089735,0.04512073445568099,0.04138763998760586,0.07441637062826123,0.09484996275978452,2,bull,1,sideways,0.0919443832559253,0.3667636059939704,0.5412920107501042
2019-05-28,3672.261,0.9594218604677599,0.03324110132694824,0.0298173250757503,0.05918342950024513,0.08958785881504627,2,bull,1,sideways,0.06040200769220058,0.3918744221223419,0.5477235701854575
2019-05-29,3663.909,-0.2276938404746764,0.046646355026830566,0.035371238750744105,0.05078892516162381,0.09772240522349218,1,sideways,1,sideways,0.047512106489679067,0.5149966778221144,0.4374912156882066
2019-05-30,3641.183,-0.6221981411328524,0.050643980266852795,0.04934687435374707,0.06509505289901663,0.11145992936910898,1,sideways,1,sideways,0.0412471310811767,0.6405564957324705,0.3181963731863527
2019-05-31,3629.789,-0.3134108982016159,0.0843087573409913,0.03750135338445282,0.07214303641341124,0.11293108221993053,1,sideways,1,sideways,0.028529618247420053,0.7450495125120868,0.22642086924049307
2019-06-03,3632.013,0.06125201622222288,0.08401842174023044,0.05091749396271439,0.06707189649376266,0.10018466343595134,1,sideways,1,sideways,0.018405153607140134,0.8155426620887197,0.16605218430414018
2019-06-04,3598.467,-0.9279118591825816,0.08199797302573564,0.05672332134767388,0.07331899945171094,0.11244121455052936,1,sideways,1,sideways,0.017787547555477966,0.875140597951202,0.10707185449332011
2019-06-05,3597.105,-0.03785661560376019,0.07672753505944363,0.05367705418663071,0.06437565764691322,0.09949195255629184,1,sideways,1,sideways,0.010775640237006952,0.9136249561960493,0.07559940356694361
2019-06-06,3564.678,-0.9055628073647786,0.09216119941268186,0.06589879927443665,0.07613057897515585,0.1262083139066139,1,sideways,1,sideways,0.01006736917354939,0.9409562449698068,0.04897638585664387
2019-06-10,3610.744,1.2840118086842363,0.053187376341274684,0.06579696594386086,0.0665632900033899,0.11267760882521705,1,sideways,1,sideways,0.009492072110475359,0.927150037476285,0.06335789041323972
2019-06-11,3719.276,2.9615180394373364,0.019857090465994043,0.036118588671558705,0.03509903540366466,0.08741163602808721,1,sideways,1,sideways,0.058380653452891375,0.6685141769049885,0.27310516964212
2019-06-12,3691.096,-0.7605592766276152,0.02591181589424929,0.052804099378612745,0.05100598846521476,0.11043169833567057,1,sideways,1,sideways,0.0403260624611383,0.7719560870122362,0.18771785052662546
2019-06-13,3685.393,-0.1546264391173436,0.027087477509182945,0.06510296188221987,0.05887893095797381,0.11305524268375189,1,sideways,1,sideways,0.022031350661578006,0.8453718993030143,0.13259675003540763
2019-06-14,3654.88,-0.8313907604627736,0.04209467889506646,0.08033861576850665,0.06582076566125283,0.127750842708926,1,sideways,1,sideways,0.01708173642591273,0.8972813443822947,0.08563691919179257
2019-06-17,3654.825,-0.0015048486909181257,0.0463395648218452,0.08704192403193045,0.06718762184235905,0.13247282701634133,1,sideways,1,sideways,0.009848696056874412,0.9286392576718465,0.06151204627127911
2019-06-18,3667.619,0.34944652411858773,0.037960867800063136,0.07951916488599275,0.06410971259555587,0.12054060140925227,1,sideways,1,sideways,0.006720451434067425,0.9437729499247327,0.049506598641199925
2019-06-19,3715.938,1.3088458525598898,0.02387015068604481,0.05763336202057179,0.047117578388014,0.1205687500706416,1,sideways,1,sideways,0.007955774371278462,0.9275548657401836,0.06448935988853784
2019-06-20,3828.518,2.984664693494395,-0.01570215942565767,0.03757641990974059,0.036490098779736746,0.10951130437417289,1,sideways,1,sideways,0.05575197387071454,0.6623488288875204,0.2818991972417651
2019-06-21,3833.938,0.14146902517788493,-0.006777104898409991,0.03228455963554966,0.040065332303234946,0.13091161098588455,1,sideways,1,sideways,0.030752032228278343,0.7504105678243979,0.2188373999473239
2019-06-24,3841.266,0.1909526372632645,-0.015511292370796514,0.013004827054413859,0.05220518443658939,0.15055713402820836,1,sideways,1,sideways,0.018894816196392654,0.8152154664299534,0.16588971737365388
2019-06-25,3801.31,-1.0456255598300526,-0.002997913877058056,0.02861487224141146,0.060892955323296416,0.22854884237276107,1,sideways,1,sideways,0.019467831785816604,0.873063153305401,0.10746901490878233
2019-06-26,3794.331,-0.1837633443694012,0.006721079420851872,0.034275080376487965,0.0613596968740997,0.2381961405054014,1,sideways,1,sideways,0.01162607903646152,0.9145694554992733,0.07380446546426514
2019-06-27,3834.817,1.061360457469041,0.004237490341781669,0.0262943446845052,0.04757358695343217,0.24491051333088376,1,sideways,1,sideways,0.009782422147787061,0.9098306586158914,0.08038691923632148
2019-06-28,3825.587,-0.24097957409659887,0.008621422019679637,0.017010461401086863,0.03699014033663328,0.2653668574260628,1,sideways,1,sideways,0.007420658898892174,0.9380976482960938,0.05448169280501421
2019-07-01,3935.812,2.8405294265233954,-0.02071796112212676,-0.00882562480118454,0.014519494325440307,0.20766261193370017,1,sideways,1,sideways,0.04397383509326136,0.7322686727388661,0.22375749216787238
2019-07-02,3937.169,0.03447233045368759,-0.016979459098656835,-0.016810302021579404,0.013638733821179638,0.23260164854493182,1,sideways,1,sideways,0.024170707775177443,0.8101079789666222,0.16572131325820033
2019-07-03,3893.534,-1.114470862648944,-0.014941438805979423,-0.013456926278285986,0.03401896580330366,0.2345314051450429,1,sideways,1,sideways,0.02341995013299815,0.8682182205709853,0.10836182929601654
2019-07-04,3873.102,-0.526149214033197,-0.0179786124920025,-0.0052797473446348775,0.03845134984826104,0.22497909944019034,1,sideways,1,sideways,0.014444539397458666,0.914178074800324,0.07137738580221731
2019-07-05,3893.203,0.5176475784906246,-0.03744089378334492,-0.020208296356496236,0.04839973666926678,0.16003532310028512,1,sideways,1,sideways,0.008866237893181634,0.9302614881261605,0.060872273980657914
2019-07-08,3802.79,-2.3497204286275446,-0.03342335495780724,0.009174579716471287,0.07725696133628213,0.19509649494187165,1,sideways,1,sideways,0.038361175074956316,0.9066855061433724,0.05495331878167154
2019-07-09,3793.13,-0.25434720765215035,-0.04133815608745284,0.013210462072219986,0.09467405546343,0.23388995367941523,1,sideways,1,sideways,0.017000561040829323,0.9424194907504195,0.040579948208751236
2019-07-10,3786.739,-0.16863092263137394,-0.04365444779796024,0.023212584759604526,0.0946001295573844,0.23880811431683036,1,sideways,1,sideways,0.008672895547479407,0.9610800479717536,0.03024705648076693
2019-07-11,3785.221,-0.04009529950862193,-0.030626217068963735,0.033420505698346314,0.09089931605050272,0.24548738369569434,1,sideways,1,sideways,0.005389893849618957,0.9708495097188442,0.023760596431536884
2019-07-12,3808.731,0.619178923200494,-0.045999835640794795,0.03794177115684971,0.09228690605873702,0.23727194175697885,1,sideways,1,sideways,0.004409461390017206,0.9713964662763594,0.02419407233362325
2019-07-15,3824.188,0.4050094368554339,-0.03270838149170496,0.029303475665945156,0.07534383769835573,0.17818240107442418,1,sideways,1,sideways,0.0038594639137241593,0.9737231667036315,0.022417369382644377
2019-07-16,3806.845,-0.4545395062436633,-0.03706297472053621,0.030429397572005135,0.09391635330569015,0.1895546049287533,1,sideways,1,sideways,0.003885065214471791,0.9790210490178395,0.01709388576768886
2019-07-17,3804.638,-0.0579913286767102,-0.03212815516219936,0.031693948281019235,0.09423945195311623,0.20070766259496953,1,sideways,1,sideways,0.0034219748991726282,0.9816497868054408,0.014928238295386583
2019-07-18,3768.402,-0.956980988994114,-0.0197433819427969,0.02679544273673562,0.11558904808988002,0.24164247869521338,1,sideways,1,sideways,0.004497171824724313,0.983103676159463,0.012399152015812617
2019-07-19,3807.955,1.0441260710947393,-0.025582235084185556,0.019140194671418254,0.10029819154900732,0.22274317842516522,1,sideways,1,sideways,0.0045434680090983455,0.9767452747596773,0.018711257231224174
2019-07-22,3781.683,-0.692315099473935,0.0024888389640274067,0.030197665959838416,0.10182000976813765,0.24152288808977396,1,sideways,1,sideways,0.0044452499083954015,0.9808871173342597,0.014667632757344918
2019-07-23,3789.914,0.21741789063430836,-0.0005757386579221535,0.02141763638963834,0.09475914229188298,0.2589496753752194,1,sideways,1,sideways,0.003529136233113449,0.9819777537707322,0.014493109996154385
2019-07-24,3819.833,0.7863376841361115,-0.009967713248197008,0.013308173420147007,0.0877054049221524,0.25026460580868304,1,sideways,1,sideways,0.0036923301639234488,0.9782861016869903,0.018021568149086255
2019-07-25,3851.067,0.8143548374479304,-0.014946766701280478,0.01187333276725644,0.08692733728081081,0.24046374680056215,1,sideways,1,sideways,0.0039057551682818914,0.9747422910860992,0.021351953745618883
2019-07-26,3858.569,0.19461365926448407,-0.009771757353568056,0.017627260261511513,0.06627845711713332,0.23433428299455072,1,sideways,1,sideways,0.0035219267363279924,0.9775896882565916,0.018888385007080385
2019-07-29,3854.27,-0.11147647306516326,-0.02292496374151265,0.014517924276192362,0.07203984152641096,0.22148318618052198,1,sideways,1,sideways,0.0033692740387384697,0.9807818247574066,0.01584890120385504
2019-07-30,3870.318,0.4155049586670811,-0.01379008133181825,0.005402140082546136,0.034514734964930405,0.22079632733020893,1,sideways,1,sideways,0.0032831578975127253,0.9804067375058493,0.016310104596638033
2019-07-31,3835.359,-0.9073632297300618,-0.008545484268878134,0.013399788650814592,-0.03832783319631872,0.22068990151899714,1,sideways,1,sideways,0.004344947454000819,0.9824832816399257,0.013171770906073407
2019-08-01,3803.469,-0.8349496877007865,-0.003492075260768557,0.039153204613998405,-0.004688088689562164,0.22194896290728283,1,sideways,1,sideways,0.004513717076769655,0.9840821562760702,0.011404126647160109
2019-08-02,3747.438,-1.484113853935585,0.013915640498922022,0.06155778961519842,0.021638516767989113,0.2370352758337828,1,sideways,1,sideways,0.007477901508568979,0.9814159039891875,0.011106194502243432
2019-08-05,3675.688,-1.9332080467464694,0.04696590134962486,0.08899694424553983,0.06096464117737965,0.2799315393471915,1,sideways,1,sideways,0.015734063568987957,0.9717701968482119,0.012495739582800154
2019-08-06,3636.329,-1.0765669757180316,0.05975311914845971,0.09585298799971076,0.0724741903166628,0.32419976300274245,1,sideways,1,sideways,0.011087363382624088,0.9771056804208317,0.011806956196544203
2019-08-07,3621.431,-0.4105404677108856,0.07305675574103176,0.10229216019855136,0.0813418783900619,0.32896526262684556,1,sideways,1,sideways,0.006139228731056485,0.9825437783784272,0.011316992890516226
2019-08-08,3669.294,1.3130021395585965,0.06977609316669642,0.08277259876150556,0.07717288393898114,0.2919864148253042,1,sideways,1,sideways,0.006223076198311909,0.972785365369934,0.020991558431754
2019-08-09,3633.53,-0.9794645446215753,0.08668650045547976,0.07415598605213103,0.09657357996218541,0.2877708454313024,1,sideways,1,sideways,0.006137699589323262,0.9777428463969771,0.016119454013699696
2019-08-12,3699.105,1.7886270955260397,0.07402952876439017,0.05530635113088156,0.07050732542060856,0.27567154757704904,1,sideways,1,sideways,0.009680772852763796,0.9531244774696811,0.03719474967755527
2019-08-13,3665.752,-0.9057400031878622,0.08006897356940668,0.06389684845019517,0.08783518361307574,0.2973733629552682,1,sideways,1,sideways,0.008056782002737427,0.9661202339018828,0.025822984095379836
2019-08-14,3682.402,0.4531758178950798,0.06726533387718114,0.060681859286411344,0.1072729158847947,0.293164353049993,1,sideways,1,sideways,0.005207442221860006,0.9704394295077242,0.024353128270415754
2019-08-15,3694.001,0.3144895841473242,0.07535975220364044,0.04956360325836395,0.09840549582958968,0.2739926166776889,1,sideways,1,sideways,0.004081251539657702,0.9740435887635892,0.0218751596967531
2019-08-16,3710.539,0.44669965993862065,0.06661458079270965,0.05319712311338054,0.0918389484654385,0.27510989643283623,1,sideways,1,sideways,0.00371359229889051,0.9752594850493269,0.021026922651782638
2019-08-19,3791.095,2.1477746485656075,0.02641083908474995,0.04113428969730393,0.09326091801972791,0.27780100472291,1,sideways,1,sideways,0.011961783153422646,0.9282270640069388,0.05981115283963864
2019-08-20,3787.732,-0.08874724863694117,0.03230217977407057,0.03171607706141821,0.09550781311877388,0.2715300343318905,1,sideways,1,sideways,0.007387485817220391,0.9497987327658083,0.042813781416971355
2019-08-21,3781.758,-0.15784422042546903,0.037713677078226704,0.028515838401082183,0.09283539560172804,0.28038917350078996,1,sideways,1,sideways,0.0053832173634324266,0.9636345096159048,0.030982273020662632
2019-08-22,3793.506,0.31016765668808305,0.03747061425499254,0.014890974206973606,0.0870825036259335,0.2768892417726503,1,sideways,1,sideways,0.004318128916832917,0.9691250534201947,0.02655681766297241
2019-08-23,3820.864,0.7185917606996197,0.018267596020167032,0.0150076003752031,0.0659931889750589,0.26073448309073566,1,sideways,1,sideways,0.00424144815337539,0.9682245162239604,0.027534035622664307
2019-08-26,3765.911,-1.4486777600183973,0.03589171385091139,0.03338953044827653,0.08469796551219622,0.2666839444692135,1,sideways,1,sideways,0.007941510671982848,0.971108506488533,0.020949982839484314
2019-08-27,3816.946,1.3460828972589183,0.014157391799622054,0.015371713406477472,0.03225170070522343,0.22332566402563736,1,sideways,1,sideways,0.0077110139880817545,0.9593207226674321,0.0329682633444862
2019-08-28,3802.584,-0.3769790789873038,0.010139158004136117,0.015704847019816004,0.0702369756986303,0.23452604860273962,1,sideways,1,sideways,0.005486899648030548,0.9706207732968074,0.023892327055162126
2019-08-29,3790.187,-0.3265477390565212,0.016480981017559238,0.01015358872794403,0.07946177853493785,0.20959440787486217,1,sideways,1,sideways,0.0043550927658053,0.9772569826972546,0.01838792453694026
2019-08-30,3799.586,0.24767551821911912,0.0039325337023559115,0.009599203702719272,0.08302641393035981,0.20591506548345007,1,sideways,1,sideways,0.003606462000593074,0.9791975412909474,0.017195996708459543
2019-09-02,3848.32,1.2744576000288876,-0.0027651026941626355,0.0007190150507234705,0.09313284758024287,0.20241637909529353,1,sideways,1,sideways,0.004998150343779235,0.9682246896774485,0.026777159978772308
2019-09-03,3853.611,0.13739413745267057,-0.0026915015552944066,-0.0009840121382256317,0.0739296208153859,0.20693318552391515,1,sideways,1,sideways,0.004025298631794213,0.9736916536828357,0.022283047685370122
2019-09-04,3886.001,0.8369977485696104,-0.002923828377810578,-0.0017079254482951223,0.028598036902203416,0.20650586554146533,1,sideways,1,sideways,0.0042044446129824165,0.9704241471767721,0.025371408210245635
2019-09-05,3925.323,1.0068032552884738,-0.0034641735215165115,-0.005843595546149882,0.040100903798235166,0.18649038563195952,1,sideways,1,sideways,0.004748196626941578,0.9645187977207854,0.0307330056522729
2019-09-06,3948.508,0.5889145197181863,0.0011986806155641627,-0.013438240469564655,0.02024080994644062,0.17328216126192486,1,sideways,1,sideways,0.004336362962775757,0.9663548245268988,0.02930881251032537
2019-09-09,3972.948,0.6170602361169493,-0.00923696962557774,-0.01826452296883818,-0.005546762756522328,0.1923360184930687,1,sideways,1,sideways,0.004183224191363943,0.9673232116126294,0.02849356419600683
2019-09-10,3959.265,-0.3449986421624302,-0.009239088568206433,-0.014274366580665832,-0.016152492950080366,0.18492396947413225,1,sideways,1,sideways,0.004044999272570311,0.9749218683707264,0.021033132356703333
2019-09-11,3930.1,-0.739353112878187,-0.0012411897916082548,-0.009942749548357499,-0.051464339329788,0.17955293758428548,1,sideways,1,sideways,0.004422618628707851,0.9796115779384476,0.015965803432844716
2019-09-12,3972.38,1.0700540444623445,-0.025929543497852703,-0.001046979392706704,-0.06613113549056238,0.17116866966403022,1,sideways,1,sideways,0.004699336076351747,0.9727732882136862,0.022527375709962032
2019-09-16,3957.715,-0.36985727705437005,-0.01942408687841346,0.007537430057495298,-0.08122313001315151,0.15295467207719593,1,sideways,1,sideways,0.004085902822438907,0.9785155805836877,0.017398516593873516
2019-09-17,3891.221,-1.69438483962878,0.0011975675501338934,0.03869710818275296,-0.07764349544782989,0.1744442168666338,1,sideways,1,sideways,0.009339756034391992,0.9751400246885863,0.01552021927702181
2019-09-18,3910.084,0.4835867014612481,-0.00997395452373906,0.03138014426288538,-0.06569168335002518,0.1718185593966779,1,sideways,1,sideways,0.0054036881826558854,0.9776126227707796,0.016983689046564568
2019-09-19,3924.382,0.3650029465699762,-0.013687250629525805,0.026187053146202288,-0.1004173395964002,0.1700693255651462,1,sideways,1,sideways,0.003977301848287241,0.9790432061376849,0.016979492014027854
2019-09-20,3935.651,0.2867419951349537,-0.009873588892917562,0.0207340539087435,-0.07890333771973179,0.16560004939462392,1,sideways,1,sideways,0.0034553269938368734,0.9801368502772435,0.01640782272891957
2019-09-23,3890.662,-1.1496983459542245,0.009233133076067768,0.01964549991749487,-0.043217323941272645,0.20317339311407667,1,sideways,1,sideways,0.0052379558538560135,0.9813200578599874,0.013441986286156593
2019-09-24,3901.076,0.26730894188232507,0.0023455067268620677,0.02355298897022262,-0.052044359043504906,0.23636606925884052,1,sideways,1,sideways,0.003777355077084244,0.982282913275169,0.013939731647746605
2019-09-25,3870.984,-0.7743674230719815,0.005229161370855717,0.030969644927491435,-0.04157160039927832,0.25012167448896716,1,sideways,1,sideways,0.004150580740282561,0.9840311118249433,0.011818307434774132
2019-09-26,3841.139,-0.7739801086519659,0.011874863159078597,0.04812348628883245,-0.04348397701827511,0.25147827246032994,1,sideways,1,sideways,0.004235025405425078,0.9851517894669323,0.010613185127642696
2019-09-27,3852.653,0.2993064693097598,0.02588709650207277,0.043963211843890404,-0.04321645370086524,0.2455666264259979,1,sideways,1,sideways,0.0033769491646090904,0.9845863986260047,0.012036652209386288
2019-09-30,3814.528,-0.9945066961864018,0.04288708852051948,0.07002308018187309,-0.03655812724405216,0.2561648518506092,1,sideways,1,sideways,0.004476853791984013,0.9847853537799167,0.01073779242809922
2019-10-08,3837.679,0.605082184382017,0.043029654121671035,0.0674634329760253,-0.026877703945535902,0.23915731357416825,1,sideways,1,sideways,0.0036939306222101118,0.9826195324486249,0.013686536929165018
2019-10-09,3843.239,0.1447743868930495,0.036855111014433506,0.08040145304520485,-0.03383109923686767,0.24724665835249882,1,sideways,1,sideways,0.003241054877256555,0.9832948169441877,0.013464128178555638
2019-10-10,3874.639,0.8136996529660875,0.030257270419257187,0.06976804806847814,-0.01977422928948991,0.23697407681076887,1,sideways,1,sideways,0.0035927747806157157,0.9790583023760204,0.017348922843363843
2019-10-11,3911.725,0.9525956002931938,0.015667256772907034,0.05561996305977557,-0.03358620557426717,0.22145217263483485,1,sideways,1,sideways,0.004106229572392898,0.97358933745045,0.02230443297715713
2019-10-14,3953.241,1.0557295632706047,-0.012714377899045393,0.052358558458743154,-0.04058189217404151,0.19357458854646103,1,sideways,1,sideways,0.004733699623559546,0.9667124170016442,0.028553883374796207
2019-10-15,3936.25,-0.4307255377745823,-0.008272086376627574,0.04472962845347728,-0.0424444585582725,0.19180336614798343,1,sideways,1,sideways,0.0043548260157414255,0.9747757508684101,0.020869423115848527
2019-10-16,3922.685,-0.34521251216259,-0.005787617410013768,0.06161213556530787,-0.04319184436170631,0.19797511143515223,1,sideways,1,sideways,0.0038872348646751312,0.9796760187319209,0.016436746403404003
2019-10-17,3925.222,0.06465418329692472,-0.004933478921701817,0.06062408699431532,-0.025354744266693707,0.2068800185059596,1,sideways,1,sideways,0.0033787459259067214,0.981651751666676,0.014969502407417335
2019-10-18,3869.378,-1.432913953437016,0.0019928267540674227,0.08647643109564385,-0.018611776879901676,0.23351091570789917,1,sideways,1,sideways,0.006539765128622801,0.9803510683398289,0.01310916653154835
2019-10-21,3880.84,0.29578544388452804,0.006980189855804397,0.07963379062264875,-0.020217014873068817,0.2098756970140485,1,sideways,1,sideways,0.004219072692254203,0.9818421657673486,0.013938761540397237
2019-10-22,3895.881,0.38682161170469453,0.013131304575268121,0.06952291407258082,-0.014475288131233888,0.2117492808430237,1,sideways,1,sideways,0.0035045718583951897,0.9816748043389006,0.014820623802704203
2019-10-23,3871.085,-0.6385011661179504,0.009500953866939055,0.07180364161468922,-0.004554278709974158,0.23416587339208506,1,sideways,1,sideways,0.0037997393078790546,0.9838286166937463,0.012371643998374586
2019-10-24,3870.668,-0.010772753933208225,0.004890628697682198,0.07342014349977832,-0.016178344409802148,0.2436240979593185,1,sideways,1,sideways,0.003253327490363358,0.984676281776815,0.012070390732821606
2019-10-25,3896.792,0.672654857610079,-0.012009109031223653,0.07417332000270993,-0.014732374732857156,0.2536240066187778,1,sideways,1,sideways,0.003365632666074651,0.9815493472727134,0.015085020061212064
2019-10-28,3926.585,0.7616440834849908,-0.012320884432655888,0.04780846460728605,-0.02466061475811676,0.244266455456841,1,sideways,1,sideways,0.0036108587689471193,0.9780974324612595,0.018291708769793327
2019-10-29,3910.226,-0.4174918538003564,-0.004749853333285703,0.05669876881796587,-0.028963543283687443,0.2739289238013354,1,sideways,1,sideways,0.003626801643729979,0.981681203130317,0.014691995225953023
2019-10-30,3891.226,-0.4870897767643705,-0.004010818184294607,0.0289561695979621,-0.017592655887887387,0.2730887386134859,1,sideways,1,sideways,0.003612742255474159,0.9839336719559535,0.012453585788572408
2019-10-31,3886.752,-0.11504276544467054,-0.006290342167444729,-0.0510436477552465,-0.00967517351248548,0.26195291081087757,1,sideways,1,sideways,0.003227560041012365,0.984953581566303,0.011818858392684638
2019-11-01,3952.387,1.6745852776178602,-0.031301590659011946,-0.04218944146916792,-0.021595810329302245,0.2418983768542906,1,sideways,1,sideways,0.006416640857882628,0.9662202953531466,0.027363063788970673
2019-11-04,3978.122,0.6490148446747436,-0.03571107170669974,-0.03760442741575043,-0.016476367491997435,0.22089041009803112,1,sideways,1,sideways,0.004930648367655558,0.9675527986167667,0.02751655301557786
2019-11-05,4002.813,0.6187515316247907,-0.037904843418865686,-0.025741397362304963,-0.01662805631939346,0.22518139118664782,1,sideways,1,sideways,0.004349540273545129,0.968510404171624,0.027140055554830827
2019-11-06,3984.882,-0.4489663193124005,-0.033893851812927034,-0.021333881404769328,-0.015053645252230852,0.22833900727800716,1,sideways,1,sideways,0.004197930522609325,0.9758483861613265,0.019953683316064105
2019-11-07,3991.875,0.1753344571358937,-0.02818500078284014,-0.01900610615312348,-0.007077626428683259,0.22540710818850784,1,sideways,1,sideways,0.0035791384671684115,0.9785677446185281,0.017853116914303503
2019-11-08,3973.011,-0.47367998164390873,-0.017776442098952128,-0.005171644377526263,-0.003229540517255103,0.24036631159591537,1,sideways,1,sideways,0.003671586720552005,0.981992875675668,0.01433553760378007
2019-11-11,3902.978,-1.778439402441153,-0.0019295522547142507,0.02086996134746344,0.01467084877239877,0.2665426246317555,1,sideways,1,sideways,0.009617861620642156,0.976559284782858,0.013822853596499946
2019-11-12,3903.689,0.018215199955776303,-0.0008466350674963818,0.01440432370509015,0.016539227382099453,0.2821274952999586,1,sideways,1,sideways,0.005234092303358285,0.9812702904653479,0.013495617231293907
2019-11-13,3899.982,-0.0950065752089161,0.0007094904540585478,0.022500616669512752,0.006470799095995794,0.2754638354741126,1,sideways,1,sideways,0.00379402079670451,0.98357324707456,0.012632732128735426
2019-11-14,3905.857,0.15052837009158113,-0.003797630071966318,0.04392557126387375,0.0017816832515884506,0.25726569098663865,1,sideways,1,sideways,0.00324693885272259,0.9839627119908748,0.012790349156402488
2019-11-15,3877.089,-0.7392607122208459,0.023505263871941073,0.04653542902935692,0.011818918781590915,0.2688878176384397,1,sideways,1,sideways,0.003816654058567339,0.9850545889864828,0.011128756954949831
2019-11-18,3907.929,0.7922951835658634,0.02037319511178426,0.036690021748092105,0.012364861285862672,0.27452801726950526,1,sideways,1,sideways,0.0037115711837472248,0.9810755474052827,0.01521288141097009
2019-11-19,3947.039,0.9958111399413109,0.02400812355793791,0.050067151604025195,-0.0029938898500876387,0.25670204930835494,1,sideways,1,sideways,0.004181668674563784,0.9750048026954935,0.02081352862994281
2019-11-20,3907.864,-0.997474438854209,0.03196605613706094,0.061830708540522306,0.0015177089069629002,0.29664133654600056,1,sideways,1,sideways,0.005215896638705642,0.9788817700732103,0.015902333288083995
2019-11-21,3889.598,-0.4685122777672474,0.0353640659008978,0.06253628266982858,-0.016848527791303858,0.30274259704987516,1,sideways,1,sideways,0.004210589903180423,0.9824958574397675,0.013293552657051995
2019-11-22,3849.995,-1.0233960790348207,0.04344369278401672,0.07113230017181849,-0.005368838141348253,0.31352378379712187,1,sideways,1,sideways,0.00502481897347401,0.9834383752747115,0.011536805751814481
2019-11-25,3878.206,0.7300825977116776,0.022920391541862317,0.05023173085699928,-0.001401679023754876,0.3062524270242477,1,sideways,1,sideways,0.004084908511774613,0.9807097888264834,0.015205302661742108
2019-11-26,3891.653,0.3461327528715403,0.02603135479961871,0.0496506240407355,-0.011830191437931292,0.29051459623969556,1,sideways,1,sideways,0.00347048789322086,0.9810350417756182,0.015494470331160954
2019-11-27,3875.619,-0.41286111199732256,0.029736669161751994,0.01662444115378725,-0.004899088377882332,0.29266550710996087,1,sideways,1,sideways,0.0034893763563407496,0.9834839002907296,0.01302672335292959
2019-11-28,3862.303,-0.34417542965011894,0.042380155052568425,0.05368895190253076,0.0012220688019557446,0.2797284418130841,1,sideways,1,sideways,0.00335559242517279,0.9849734299327281,0.01167097764209905
2019-11-29,3828.671,-0.874589210091262,0.05050238059107204,0.06861153648354756,0.03726332192032178,0.29040207424456166,1,sideways,1,sideways,0.004124973884791654,0.9853941014481583,0.010480924667050072
2019-12-02,3836.059,0.19277919217122835,0.0640172635509515,0.07272906907844723,0.03845326675111105,0.27464906040287684,1,sideways,1,sideways,0.003305802964755802,0.9851688778501332,0.011525319185111094
2019-12-03,3851.087,0.3909908604545083,0.06374693690378863,0.0923474333350558,0.03442171002628602,0.28141353337382413,1,sideways,1,sideways,0.0031305717019740817,0.983841235935706,0.013028192362320001
2019-12-04,3849.819,-0.0329311904718587,0.0785548619298726,0.07498742148656845,0.03438239563989898,0.2845019467148977,1,sideways,1,sideways,0.0030526018473683637,0.9845703179060026,0.012377080246628955
2019-12-05,3879.364,0.7645088465928338,0.06846508860730793,0.03035781122885095,0.03141932543581882,0.2769791646259543,1,sideways,1,sideways,0.0034163085026859947,0.9805877498880023,0.01599594160931167
2019-12-06,3902.385,0.5916682010230565,0.05814649246550507,0.04621455853279466,0.03064023667577631,0.2857465370536223,1,sideways,1,sideways,0.0034472583922424372,0.9789143968744345,0.017638344733323038
2019-12-09,3895.447,-0.17794694296494962,0.0679716602484901,0.03413780241394626,0.03891260746199343,0.2835415293803252,1,sideways,1,sideways,0.00334422145714162,0.9818020777965034,0.014853700746355062
2019-12-10,3900.384,0.12665745729991307,0.05433644482184308,0.012954365518882183,0.03571981630526633,0.293934135715868,1,sideways,1,sideways,0.0031544975741342953,0.9827030426245743,0.014142459801291469
2019-12-11,3902.749,0.06061667979811883,0.06703505657166264,-0.001905323657760083,0.023864204436411462,0.2721220350066069,1,sideways,1,sideways,0.0030740725733109098,0.9835203516834845,0.013405575743204626
2019-12-12,3891.024,-0.30088145614454176,0.06994585487008065,-0.04193857452434113,0.028799359757225806,0.28683965968855496,1,sideways,1,sideways,0.0031830359899136197,0.9848662499716887,0.011950714038397769
2019-12-13,3968.221,1.964552137262319,0.059413777609664375,-0.06515236928588408,-0.0033347437050507134,0.26001424819837404,1,sideways,1,sideways,0.008620122286342765,0.9567047631014717,0.03467511461218554
2019-12-16,3987.546,0.48581206583777303,0.05074298829405377,-0.0880965385728465,0.006777100502414424,0.2644403349829696,1,sideways,1,sideways,0.005690279891256111,0.9628875874885501,0.031422132620193735
2019-12-17,4041.8,1.3514133207431054,0.030910485427285028,-0.11200628432876447,-0.005988915829580943,0.2530097976149239,1,sideways,1,sideways,0.0069527917562329285,0.9479835394231734,0.04506366882059377
2019-12-18,4032.783,-0.22334289580577404,0.028828726961009243,-0.09411837929291011,0.0028766735031366952,0.25048533481717206,1,sideways,1,sideways,0.005361221795124606,0.9626663567752453,0.03197242142963011
2019-12-19,4027.15,-0.13977785962089526,0.03171051488025034,-0.12337360167860645,0.017769390263585816,0.26980892194231654,1,sideways,1,sideways,0.004369093623848293,0.971547697297574,0.024083209078577705
2019-12-20,4017.253,-0.2460594028784344,0.04196325200329665,-0.09761346870610343,0.021107209329360277,0.2972269857039125,1,sideways,1,sideways,0.003888259102623422,0.9774394513640622,0.018672289533314346
2019-12-23,3967.096,-1.2563994832485186,0.037108504558498234,-0.0616516464436454,0.03899527513324608,0.3278524139572121,1,sideways,1,sideways,0.006065746552359451,0.9789470395164152,0.014987213931225546
2019-12-24,3992.958,0.6497968732078103,0.034804523363381135,-0.07385777661573201,0.03657238568499843,0.3444932303319994,1,sideways,1,sideways,0.004447979666245426,0.9780388858640275,0.01751313446972704
2019-12-25,3990.867,-0.0523809088453203,0.003265956996311825,-0.07036215438900872,0.02978024574609983,0.3575165496620156,1,sideways,1,sideways,0.0036205143271771088,0.9811264664236875,0.015253019249135491
2019-12-26,4025.988,0.8761846057126608,-0.08386264439933744,-0.08740140308416222,0.03427133910980373,0.3695165012911117,1,sideways,1,sideways,0.0039016454406866317,0.9765508419199127,0.01954751263940062
2019-12-27,4022.028,-0.09840935504067634,-0.05877383250439827,-0.08350836940966089,0.056129892681005655,0.3663333522292733,1,sideways,1,sideways,0.0035096805199751353,0.9801549779516942,0.01633534152833087
2019-12-30,4081.633,1.471090040058706,-0.062010964729067974,-0.09960645653345113,0.06228193470603571,0.33308359668789445,1,sideways,1,sideways,0.005715297108767353,0.9648874722146586,0.02939723067657397
2019-12-31,4096.582,0.3655814049744736,-0.04804175773852448,-0.08837879969203599,0.07884963611127493,0.36610300977741916,1,sideways,1,sideways,0.00442145121381529,0.9696187148943219,0.025959833891862703
2020-01-02,4152.241,1.34952210079227,-0.06077970907758001,-0.1057315796457865,0.12471674934089805,0.3433639810405995,1,sideways,1,sideways,0.006056655871290789,0.9554718799775833,0.03847146415112586
2020-01-03,4144.965,-0.17538438517885827,-0.05523810213113989,-0.08370251618529945,0.133453720357108,0.31978339985982984,1,sideways,1,sideways,0.004816306072304372,0.9671460079447399,0.02803768598295577
2020-01-06,4129.295,-0.3787654420795644,-0.04282353283066487,-0.0845059507736794,0.156130525913019,0.3217948826615682,1,sideways,1,sideways,0.004299136791560891,0.9749986303164614,0.02070223289197757
2020-01-07,4160.227,0.7462949869633448,-0.042255867288010895,-0.08831633466154609,0.1635833813876022,0.3264951648071126,1,sideways,1,sideways,0.004106312885327366,0.972929950252926,0.022963736861746756
2020-01-08,4112.317,-1.1583023470962452,-0.037058913503020374,-0.08344176774309964,0.15582845388621536,0.3222528807968841,1,sideways,1,sideways,0.005913028600053546,0.9767172881194477,0.01736968328049868
2020-01-09,4164.37,1.25783870524202,-0.042416019710064146,-0.09872153531026295,0.16535298256398945,0.31506902604715736,1,sideways,1,sideways,0.00609446127961145,0.9669480806587578,0.026957458061630753
2020-01-10,4163.185,-0.02845973417161902,-0.02059985323736524,-0.08106437739375028,0.15457035899197358,0.3367095144702912,1,sideways,1,sideways,0.004422355949094507,0.9740633364069475,0.02151430764395807
2020-01-13,4203.988,0.9753192254408883,-0.03484239250920795,-0.09672387266566895,0.12856387791782464,0.3248791385703289,1,sideways,1,sideways,0.0046365379021850684,0.9687702042689671,0.026593257828847826
2020-01-14,4189.886,-0.33600726595926145,-0.0330736922197884,-0.09248580987645028,0.07789400475335118,0.34273891938825995,1,sideways,1,sideways,0.004141602325725147,0.9759186537906134,0.019939743883661584
2020-01-15,4166.734,-0.5541010417105987,-0.005298634374068634,-0.07853801082574507,0.09071061411647574,0.32309093885042794,1,sideways,1,sideways,0.004063841259638516,0.9804473153792044,0.01548884336115704
2020-01-16,4149.043,-0.42548102694300904,0.00010773568748256857,-0.07124245277766461,0.12804446712169537,0.3323561602036904,1,sideways,1,sideways,0.003718837240808214,0.9832404282087515,0.013040734550440365
2020-01-17,4154.853,0.1399343380041611,-0.005298382397644463,-0.08347010110827024,0.12905149712877928,0.2941836931414903,1,sideways,1,sideways,0.003231886083103042,0.9837516392036944,0.013016474713202554
2020-01-20,4185.83,0.7427963016599622,-0.014806143584426446,-0.08276661976238886,0.12628678183299358,0.27859110379542407,1,sideways,1,sideways,0.0034732422858026217,0.9801461358685624,0.01638062184563517
2020-01-21,4114.309,-1.7234113843992385,-0.01003667930629426,-0.06916252522598576,0.1453772674828262,0.31678199182414346,1,sideways,0,bear,0.00900496959122846,0.976058433041083,0.014936597367688672
2020-01-22,4131.931,0.4273954390029835,-0.011388137894848493,-0.08106597133398386,0.09043229424692734,0.33136105128570637,1,sideways,0,bear,0.005207672665018836,0.978633764431928,0.01615856290305336
2020-01-23,4003.901,-3.1475716310248725,-0.015947447252067426,-0.04523888078151783,0.13100948300170256,0.36996419242134104,1,sideways,0,bear,0.0896172666700489,0.8825440638026958,0.027838669527255156
2020-02-03,3688.358,-8.208776330585394,0.10338150472378227,0.04359365332757825,0.2385614411616226,0.4841151536808521,0,bear,0,bear,0.9999978545291193,1.4496571703312608e-08,2.1309743089720486e-06
2020-02-04,3785.638,2.6033060223713655,0.08075891038709981,0.021500735146889438,0.23598928370858485,0.44847816933367635,0,bear,0,bear,0.8603265102321106,0.0044000668198422525,0.13527342294804715
2020-02-05,3828.527,1.126570112611922,0.07483948787614647,0.021953612969165537,0.216172956335426,0.45344723963028066,0,bear,0,bear,0.6184739727589753,0.024878733102509074,0.35664729413851565
2020-02-06,3899.775,1.843872524709007,0.07870966914757904,0.009354129404901546,0.20392740606829896,0.45809694149021407,2,bull,0,bear,0.41766126117938357,0.027483202582939965,0.5548555362376766
2020-02-07,3899.869,0.0024103664219655946,0.06119128616884306,0.006417138626964025,0.22345417243502275,0.48920874008844906,2,bull,0,bear,0.2680326539556722,0.06745854028736342,0.6645088057569642
2020-02-10,3916.005,0.41290386526605477,0.02071703177089912,0.01215958610880219,0.21955972987777073,0.47302697519538417,2,bull,0,bear,0.1591042693832578,0.1127322589939248,0.7281634716228175
2020-02-11,3952.464,0.9267180420094315,0.03295868096458321,0.0019521999441360904,0.2086407365127172,0.46208592918240354,2,bull,0,bear,0.09946775969380141,0.135959204517298,0.7645730357889006
2020-02-12,3984.433,0.8055836654931601,0.0110419725968538,-0.006072382193401227,0.19534297602695294,0.4048003818862056,2,bull,0,bear,0.0712774140558387,0.1649974848083194,0.7637251011358418
2020-02-13,3959.919,-0.6171448043811738,-0.002274794004624825,0.0021045885029467026,0.18889452031720855,0.4090358918957686,2,bull,0,bear,0.07760567477579929,0.2586516476387342,0.6637426775854666
2020-02-14,3987.734,0.6999579263002864,-0.02317632018584992,-0.015677073746644066,0.1848508451165498,0.36357339782442866,2,bull,0,bear,0.0566281863457366,0.3059063681878296,0.6374654454664337
2020-02-17,4077.424,2.2242266692727815,-0.08573648460400485,-0.04037058691958462,0.14822103367224004,0.34142488002228855,2,bull,0,bear,0.07235837660924757,0.15328987164384272,0.7743517517469095
2020-02-18,4057.511,-0.48956850355750564,-0.08572472138707699,-0.033172799777992035,0.1454423660219284,0.315279490308221,2,bull,0,bear,0.07502202145834432,0.24242642720779056,0.682551551333865
2020-02-19,4051.311,-0.1529198990481886,-0.10244930591603563,-0.02346425638515537,0.14425009583317583,0.3375383918933894,2,bull,0,bear,0.06184759165057439,0.34719955553205883,0.5909528528173668
2020-02-20,4144.656,2.2779261145765703,-0.13404321130631836,-0.050531093533456084,0.1351072320597897,0.2907295563250605,2,bull,0,bear,0.07811164973962642,0.17155519582131676,0.7503331544390568
2020-02-21,4149.49,0.11656415373777192,-0.1195968661208967,-0.056800956262094804,0.1604380297337744,0.31394773815577337,2,bull,0,bear,0.06388231210658413,0.2482015122055614,0.6879161756878545
2020-02-24,4132.839,-0.4020855108131082,-0.14579154910220304,-0.07471256441395369,0.16451572393698388,0.2777429752284084,2,bull,0,bear,0.06114083691707489,0.36031687616375846,0.5785422869191665
2020-02-25,4123.854,-0.21764170102174935,-0.12094002357988431,-0.07142081169701942,0.1495746454651401,0.27618388041865694,1,sideways,0,bear,0.049480630683955716,0.48146281032189714,0.46905655899414717
2020-02-26,4073.015,-1.2404651557613058,-0.08605345180413027,-0.04916382581453782,0.14881825871007126,0.2472394528377626,1,sideways,0,bear,0.06352297213443943,0.5923001816312621,0.34417684623429845
2020-02-27,4084.876,0.29078614454918916,-0.09469785618951476,-0.058572647003238276,0.15519859109554357,0.21692775986345714,1,sideways,0,bear,0.036283757805653814,0.6811241434163042,0.28259209877804203
2020-02-28,3940.049,-3.609821311335231,-0.05837186288799956,-0.021171564109989438,0.20705326253556744,0.269936490637553,0,bear,0,bear,0.5403876301893614,0.25060544717437705,0.2090069226362616
2020-03-02,4069.666,3.2367772424282544,-0.09719593696386886,-0.0497935211390812,0.17010855436293792,0.2601073405041101,0,bear,0,bear,0.6325620360474455,0.04199970718773906,0.3254382567648154
2020-03-03,4091.362,0.531698975002241,-0.09903963521194159,-0.029335463349368762,0.15025998677213104,0.2578644959795784,2,bull,0,bear,0.39743143103404593,0.09116148320982699,0.5114070857561269
2020-03-04,4115.052,0.5773548789171297,-0.10691869750370098,-0.03195196561307112,0.14976554366749206,0.22368903236216697,2,bull,0,bear,0.22712141107302827,0.14741860264426804,0.6254599862827036
2020-03-05,4206.725,2.2032964482575728,-0.11224741336788124,-0.05302866243930848,0.15155257355781515,0.20743856563003282,2,bull,0,bear,0.1748096952131354,0.07539467086370268,0.7497956339231621
2020-03-06,4138.507,-1.6349340450807406,-0.10276387112550489,-0.037772559041219345,0.16375663977371557,0.23253579128898427,2,bull,0,bear,0.2563129321582524,0.11071549989621993,0.6329715679455274
2020-03-09,3997.133,-3.4757740644172794,-0.0498137039723221,0.0010302384233900064,0.21139877006844676,0.286364001398002,0,bear,0,bear,0.8076858825685189,0.018232052443202727,0.17408206498827855
2020-03-10,4082.732,2.1189018040099494,-0.0740648663688922,-0.014886355509007188,0.18643276120009822,0.22640697454547598,0,bear,0,bear,0.6170065157564898,0.01905320399923695,0.36394028024427333
2020-03-11,4028.429,-1.3389898518067398,-0.05848880543755397,0.004617184515353312,0.19577507757987056,0.2553658014079434,0,bear,0,bear,0.5866629207586673,0.043962766789246654,0.3693743124520862
2020-03-12,3950.911,-1.9430288421095028,-0.04599774583634009,0.022474310355257376,0.20737192004578175,0.26787113149347075,0,bear,0,bear,0.6761581714370914,0.05000831769838336,0.27383351086452523
2020-03-13,3895.313,-1.4172149703503105,-0.03646844297236196,0.025818721114323928,0.19871445503865814,0.2652859988401446,0,bear,0,bear,0.6365338468349132,0.08226656585844963,0.2811995873066372
2020-03-16,3727.84,-4.3945058081852535,0.026250858405940214,0.07383444568436404,0.2592785634576591,0.3215017275419545,0,bear,0,bear,0.986277309997493,0.0008063282877943979,0.012916361714712917
2020-03-17,3709.682,-0.4882818787435797,0.023635449076228277,0.06612588356630034,0.23584420443585197,0.3580651926499361,0,bear,0,bear,0.8229924799627311,0.028455522016986475,0.14855199802028252
2020-03-18,3636.257,-1.9991302774370612,0.04568543972551997,0.10403912594736853,0.2600809018724475,0.38793187610226676,0,bear,0,bear,0.8401205118140511,0.03089812795788749,0.1289813602280616
2020-03-19,3589.093,-1.3055331545384063,0.0697652582421242,0.11938977340514723,0.2892624961236727,0.4195032003907395,0,bear,0,bear,0.7534319430074634,0.06121933504509856,0.1853487219474379
2020-03-20,3653.224,1.771054105644333,0.054809395755639256,0.10707254742660188,0.27313600261029714,0.38189199457793976,0,bear,0,bear,0.5464961244745541,0.0651026514637361,0.3884012240617097
2020-03-23,3530.306,-3.4225512656000796,0.07867335012885568,0.1610070061915312,0.3280670287504823,0.447686687782872,0,bear,0,bear,0.915974295141374,0.0077881285731190185,0.0762375762855072
2020-03-24,3625.115,2.650145920073134,0.059106538689117416,0.13156299869107624,0.2847476562812492,0.42383262324091797,0,bear,2,bull,0.7768043961614721,0.0066008812966805094,0.21659472254184725
2020-03-25,3722.518,2.6514309083007355,0.028807113894412373,0.1072596559640544,0.24451083916854133,0.3808776747352194,0,bear,2,bull,0.6349089204530074,0.005862508327904523,0.3592285712190882
2020-03-26,3698.047,-0.6595478567467344,0.026750606468765925,0.1192367214370178,0.28097046900701916,0.38011847875378546,0,bear,1,sideways,0.5010799565630545,0.033298411494122826,0.4656216319428225
2020-03-27,3710.061,0.3243476075783243,0.030379015331553738,0.1077219485070462,0.26451505783867146,0.3779312523432903,2,bull,1,sideways,0.30752972509519183,0.07537481307201305,0.6170954618327952
2020-03-30,3674.111,-0.9737119893473516,0.04764036796928561,0.13332558542733186,0.26173678476235485,0.3704912562521929,2,bull,1,sideways,0.26913191389296953,0.13631338465105342,0.5945547014559771
2020-03-31,3686.155,0.3272710728092201,0.04906928764525631,0.15236174279160797,0.2621083486722615,0.342251207559096,2,bull,1,sideways,0.15475760431792662,0.21067856354549408,0.6345638321365792
2020-04-01,3675.076,-0.3010096644236125,0.06462478599082044,0.1797973701768345,0.2416249351033828,0.34409302011713505,2,bull,1,sideways,0.10599561170238388,0.32128903229974237,0.5727153559978737
2020-04-02,3734.531,1.6048429034829619,0.054015618025395895,0.18344070513807487,0.22372046181970373,0.3336689399552446,2,bull,1,sideways,0.08088453030325456,0.25729568427808014,0.6618197854186652
2020-04-03,3713.218,-0.5723355655185131,0.05700634867115273,0.25769480811522527,0.23394559651493663,0.33279920543313124,2,bull,1,sideways,0.07343276720033337,0.37495598742233294,0.5516112453773337
2020-04-07,3798.021,2.2581255497997157,0.0436019179462146,0.23699316038536922,0.20899779121811068,0.30757070590183666,2,bull,1,sideways,0.08560562422107526,0.19331035184174292,0.7210840239371816
2020-04-08,3780.345,-0.46648662927889184,0.04757105502275594,0.26284876115804257,0.21348580618964696,0.34564887596237903,2,bull,1,sideways,0.07783839992644798,0.295425798142908,0.626735801930644
2020-04-09,3792.811,0.32921575256568303,0.044143248899035425,0.27630166649485033,0.23421414881996472,0.3402631979289239,2,bull,1,sideways,0.05520736718813826,0.38009203006339104,0.5647006027484708
2020-04-10,3769.178,-0.6250492282495496,0.052816555758311345,0.261052940455452,0.2796312617764405,0.3527472037669752,1,sideways,1,sideways,0.05312444763285763,0.5095608951584519,0.4373146572086904
2020-04-13,3753.257,-0.42329441922610517,0.04581647353218821,0.2929999198029871,0.2893337706424046,0.3559540420493452,1,sideways,1,sideways,0.04072629938333801,0.6346197740449323,0.3246539265717297
2020-04-14,3825.699,1.9117199321859242,0.022771524889961148,0.25642137554470423,0.25652906828268507,0.34235678238146816,1,sideways,1,sideways,0.04900738664803541,0.4839455656747698,0.46704704767719507
2020-04-15,3797.362,-0.743458055036813,0.03306242596834319,0.2494118285272775,0.26370253876243566,0.33704318945625933,1,sideways,1,sideways,0.04630271302492783,0.6113375649230843,0.34235972205198795
2020-04-16,3802.381,0.13208343307609927,0.0404664866566502,0.18774341655925597,0.26017776756195676,0.33877168016566483,1,sideways,1,sideways,0.029399959064446098,0.7041138014899971,0.26648623944555677
2020-04-17,3839.487,0.9711314464115778,0.024934320652733044,0.18367401686735763,0.23857379905180043,0.33331405992519314,1,sideways,1,sideways,0.023205077364649968,0.7137873826470748,0.26300753998827514
2020-04-20,3853.455,0.3631384546929026,0.0156586751369876,0.21457367479314038,0.2439400486057317,0.3401399523284947,1,sideways,1,sideways,0.017683415614283566,0.7734985225381439,0.20881806184757265
2020-04-21,3808.047,-1.1853689182198268,0.00420609304454489,0.23187633976156263,0.25860526406317996,0.34543743814086314,1,sideways,1,sideways,0.023149018100725494,0.8394480028526328,0.1374029790466418
2020-04-22,3839.383,0.8195217316430149,-0.00261969175776422,0.22791735026174775,0.24446688439262254,0.3182128482623381,1,sideways,1,sideways,0.015307529637710367,0.8553405004233078,0.12935196993898188
2020-04-23,3829.753,-0.25113663550457593,0.011232317071100839,0.23048039912756768,0.23206065769776796,0.30453661110781804,1,sideways,1,sideways,0.010962988891460973,0.9020518824664172,0.08698512864212175
2020-04-24,3796.972,-0.8596403271658686,0.012810734448397199,0.186627396778275,0.2355203040738778,0.3148429854104795,1,sideways,1,sideways,0.010322291038806072,0.9337450196426862,0.05593268931850768
2020-04-27,3822.769,0.6771122158054266,0.00885823862231816,0.18459943564468584,0.229286676751852,0.3139847058506544,1,sideways,1,sideways,0.007263882905598926,0.9409903900640955,0.051745727030305666
2020-04-28,3849.147,0.6876536172730594,0.004644145832830127,0.1868234702389906,0.23073293901220193,0.3105625739936666,1,sideways,1,sideways,0.006023168184861665,0.9457829221785463,0.048193909636592064
2020-04-29,3867.032,0.4635722429178227,0.026973658350900598,0.2099739541850183,0.23425924585056435,0.29116438653727195,1,sideways,1,sideways,0.005131522066131816,0.9537573351120916,0.04111114282177655
2020-04-30,3912.577,1.1708948444179856,0.018144307447495622,0.19004712239529087,0.20006174958345846,0.3061953796692052,1,sideways,1,sideways,0.006222023015768279,0.9433877986511978,0.0503901783330339
2020-05-06,3936.254,0.6033273444403631,0.012040381540418865,0.1927700803860728,0.19932072472965423,0.31723842008163095,1,sideways,1,sideways,0.005448523155426295,0.9492801565480478,0.045271320296525835
2020-05-07,3924.895,-0.2889910344013837,0.014596568825408163,0.21565315760039439,0.21724555688750913,0.32171714147767005,1,sideways,1,sideways,0.004913392337382575,0.9634575600861344,0.03162904757648295
2020-05-08,3963.622,0.9818654412656141,0.009493589449246276,0.20490854072361087,0.2144588964336156,0.3049357380698765,1,sideways,1,sideways,0.005185584065166666,0.9585004551453276,0.0363139607895058
2020-05-11,3960.18,-0.08687749180237707,0.015599038427546175,0.2062858253917752,0.2335580705927509,0.309640470887687,1,sideways,1,sideways,0.0043973443042471605,0.9684873779343568,0.027115277761395943
2020-05-12,3960.238,0.0014645691679626245,0.021915602042099636,0.20264590158470286,0.23369302552018345,0.2964241038038624,1,sideways,1,sideways,0.003846090029980976,0.9745036595921277,0.02165025037789133
2020-05-13,3968.253,0.2021823000187269,0.018005908393441628,0.18639764148102467,0.25530050629332357,0.29920849300687213,1,sideways,1,sideways,0.0035113749130137833,0.9773567262333869,0.01913189885359942
2020-05-14,3925.218,-1.0904056377404974,0.018003331279944357,0.20372167864307156,0.26206391594046496,0.35495098616178766,1,sideways,1,sideways,0.00515201347907641,0.9798763446845321,0.014971641836391538
2020-05-15,3912.816,-0.31645717153048164,0.023069574444594343,0.19652546912504953,0.25354680618766645,0.3597861489014562,1,sideways,1,sideways,0.0039706898109531244,0.9830316395815102,0.012997670607536545
2020-05-18,3922.912,0.2576915785455828,0.008176579031087039,0.18474362922237386,0.2512294438417175,0.3607832650847127,1,sideways,1,sideways,0.0033369133107287586,0.9831680753815464,0.013495011307724757
2020-05-19,3956.25,0.8462371746919156,0.014741232227488243,0.1717442022116904,0.22764006319115304,0.3449830015797788,1,sideways,1,sideways,0.003683362366254207,0.9786438930526875,0.01767274458105831
2020-05-20,3935.222,-0.5329309859794903,0.02093198299867205,0.19551806734156285,0.24622499061044056,0.3548333486649544,1,sideways,1,sideways,0.003787566027723444,0.9820591577136887,0.014153276258587854
2020-05-21,3913.795,-0.5459805534190546,0.03336633625419827,0.23032146548299015,0.25064956135924343,0.36483387607169004,1,sideways,1,sideways,0.0037392800850677213,0.9841814399524605,0.012079279962471691
2020-05-22,3824.064,-2.319376006558729,0.07182045070375387,0.25854483606968937,0.2791815199745611,0.38333824956904494,1,sideways,1,sideways,0.019276385944621756,0.9657116763608862,0.015011937694491934
2020-05-25,3829.325,0.1374816000770269,0.07121907908051694,0.2379931188917106,0.2869080059801661,0.37237920521240686,1,sideways,1,sideways,0.008514159836376194,0.9760437246975776,0.015442115466046076
2020-05-26,3872.77,1.128146582839562,0.06430126240391232,0.20821892340624415,0.27642178595682143,0.3639531911267646,1,sideways,1,sideways,0.006722040356851738,0.9700700517284315,0.02320790791471687
2020-05-27,3845.614,-0.7036735164719624,0.07628846784934717,0.22707141174335232,0.30148969709388407,0.3723756466457633,1,sideways,1,sideways,0.005509706716073902,0.9770648501341137,0.0174254431498124
2020-05-28,3856.632,0.28609856178088094,0.06562306178033062,0.23316121424081948,0.2898005306184257,0.3566544591239196,1,sideways,1,sideways,0.003983298662557981,0.9791844073894261,0.016832293948015914
2020-05-29,3867.023,0.2690696637564682,0.07678800979461453,0.23142556948846682,0.269891593610899,0.3541292617085545,1,sideways,1,sideways,0.003447043906933399,0.9803443637718656,0.016208592321201046
2020-06-01,3971.34,2.661860886371188,0.0696097538865974,0.18502319116469512,0.23877356257585602,0.3273771573322859,1,sideways,1,sideways,0.02249654381392964,0.897709413350265,0.07979404283580549
2020-06-02,3983.568,0.3074330873741843,0.08843253083667713,0.18771538480076155,0.25032759576339614,0.3115636534885309,1,sideways,1,sideways,0.011617371108503501,0.9249509713409958,0.06343165755050065
2020-06-03,3983.648,0.0020082297254712437,0.10943436769513748,0.216037410935906,0.24515318622528914,0.2969418984809904,1,sideways,1,sideways,0.007307020997484734,0.9465872567595726,0.04610572224294261
2020-06-04,3982.185,-0.03673187766928507,0.17274687137840172,0.2094402947125762,0.2724416369405238,0.27580486592159836,1,sideways,1,sideways,0.005364301524212223,0.9606868333158298,0.033948865159957875
2020-06-05,4001.251,0.4776398595192341,0.17416428012139207,0.2101520249541955,0.2663901864691818,0.2750742205375267,1,sideways,1,sideways,0.004519211912415381,0.9649982100479191,0.030482578039665562
2020-06-08,4021.955,0.516104060061397,0.18698593097138083,0.2043613118495855,0.25736364529190414,0.2686531798590488,1,sideways,1,sideways,0.004165336708845372,0.9676110656632346,0.02822359762791999
2020-06-09,4047.029,0.6214928845464772,0.196129555780302,0.19027933825035603,0.2517617244650334,0.25780788820638545,1,sideways,1,sideways,0.0040961191195607646,0.9682366235500828,0.02766725733035639
2020-06-10,4039.705,-0.18113621648798517,0.1766039846969023,0.1808335014561706,0.24321825479830816,0.2679534768009051,1,sideways,1,sideways,0.0038443139506971875,0.9750477810271927,0.021107905022110195
2020-06-11,3995.885,-1.09065879115916,0.21448965623385052,0.16854413978380256,0.2537595551423526,0.288173708702828,1,sideways,1,sideways,0.005407042844471657,0.9784389000916259,0.01615405706390244
2020-06-12,4003.083,0.17997326512326678,0.20074702423107382,0.1726933965645978,0.23472308718055546,0.28800077340389896,1,sideways,1,sideways,0.003882599218949096,0.9807195808383276,0.015397819942723275
2020-06-15,3954.988,-1.2087247163637413,0.19961653486685682,0.15919163345122667,0.2491883666903667,0.3249011122157641,1,sideways,1,sideways,0.005681892010185426,0.9813623962837482,0.01295571170606637
2020-06-16,4014.57,1.4952676201206276,0.1249655629370019,0.14133717932431122,0.2179707913923532,0.3081749726620784,1,sideways,1,sideways,0.006980130897474944,0.9672129799412951,0.025806889161230008
2020-06-17,4017.594,0.07529727089427049,0.13119966825916207,0.1517547567026436,0.22830604585729675,0.291953592125038,1,sideways,1,sideways,0.004664284729237166,0.9739321564198882,0.021403558850874714
2020-06-18,4044.384,0.6646036148696555,0.1572355641798604,0.1500023242105597,0.22270783387531945,0.29167779320657994,1,sideways,1,sideways,0.004140460280158421,0.9731501673757449,0.022709372344096635
2020-06-19,4098.71,1.3343037916360627,0.144516933376599,0.1438923466163744,0.20864052348177853,0.2759292557902364,1,sideways,1,sideways,0.005715036477715139,0.9599912106180164,0.03429375290426846
2020-06-22,4102.046,0.081358357303,0.14929110985103522,0.13537439609404678,0.2231647329162081,0.23867869838612243,1,sideways,1,sideways,0.004468993581968228,0.9685615333208627,0.026969473097169044
2020-06-23,4121.794,0.4802631850263513,0.14329731180160876,0.12395573383822667,0.2130562565717744,0.23387825786538596,1,sideways,1,sideways,0.004016009284610235,0.9708138848207474,0.025170105894642393
2020-06-24,4138.99,0.41632912416479306,0.08857257446865074,0.14450361078427343,0.2193409503284618,0.22810250809980226,1,sideways,1,sideways,0.003758735532982013,0.9730442031404644,0.023197061326553546
2020-06-29,4109.716,-0.7097870357200193,0.10188879231557602,0.1415455471862288,0.2080574424120789,0.250813924855148,1,sideways,1,sideways,0.004310976736227747,0.9784640146794608,0.017225008584311603
2020-06-30,4163.964,1.3113578818254268,0.09709353875297677,0.11330477400861305,0.20248974294686506,0.22197430141086705,1,sideways,1,sideways,0.005497170010418409,0.9669687325279719,0.02753409746160963
2020-07-01,4247.784,1.9929930007026369,0.10151740295645917,0.09523624553414223,0.17708786510801877,0.19343073941612854,1,sideways,2,bull,0.012120039800866485,0.9231447507321958,0.06473520946693787
2020-07-02,4335.845,2.0519081076690626,0.07387395075239067,0.052405240500986494,0.16286767631222965,0.18378516759708874,1,sideways,2,bull,0.021704698129308874,0.8414480158134537,0.13684728605723737
2020-07-03,4419.596,1.9131772931266537,0.06232470117178157,0.03403614267005417,0.1458999872386526,0.16347715945077357,1,sideways,2,bull,0.02981126793674596,0.7364192130287047,0.2337695190345492
2020-07-06,4670.095,5.5131124889125775,0.021673220780305202,-0.018883127645155096,0.07983584916366793,0.08843289055147685,0,bear,2,bull,0.6689192285058911,0.0032500670155809672,0.3278307044785275
2020-07-07,4698.126,0.5984291714127544,0.016533400764474848,-0.022631789781712985,0.08845761054514067,0.09649315493028476,2,bull,0,bear,0.43296012689381014,0.025940407160410784,0.541099465945779
2020-07-08,4774.004,1.6021659987647874,0.0006503974441580684,-0.03908857219223094,0.09159711638280976,0.06719076900647769,2,bull,0,bear,0.2657472873450079,0.03109156912753419,0.7031611435274578
2020-07-09,4840.771,1.3888639774605664,-0.01611458174741165,-0.03297615193943282,0.08819814033756201,0.056338959227775876,2,bull,0,bear,0.15979334853864557,0.03766932352808995,0.8025373279332646
2020-07-10,4753.133,-1.8270025995372947,-0.009510989909181866,0.014732388090129334,0.1294666065519312,0.07486872342936746,2,bull,0,bear,0.2814260442028205,0.05813317037030601,0.6604407854268736
2020-07-13,4852.961,2.0785054557235374,-0.026394401273779122,-0.002835382357286642,0.11636339133984364,0.05998028832294344,2,bull,0,bear,0.19493074763787485,0.03593049241000881,0.7691387599521163
2020-07-14,4806.69,-0.9580336578718259,-0.025985865533246333,8.571386962752392e-05,0.1470797991965367,0.07178786233353951,2,bull,0,bear,0.19386593311065944,0.0754082460077114,0.7307258208816291
2020-07-15,4744.469,-1.3029179016848917,-0.020407763229141063,0.011437950168923017,0.15828156954972195,0.07266545529120338,2,bull,0,bear,0.22450825556934573,0.12467496598629726,0.650816778444357
2020-07-16,4516.253,-4.929685078158041,0.02645113105930963,0.06098484739451071,0.20479477124067236,0.09057198522757703,0,bear,0,bear,0.9761558139610195,0.0005662063297226939,0.02327797970925748
2020-07-17,4544.701,0.6279271139338872,0.03518999379717158,0.04638082901383389,0.2314018017907009,0.04546217671965658,0,bear,0,bear,0.76358393939225,0.026688957849516106,0.20972710275823372
2020-07-20,4680.305,2.9401339859440556,0.028827394795851946,0.02417833880484266,0.19179647480238993,0.017130934842921608,0,bear,0,bear,0.6703537185374797,0.008109361220438458,0.32153692024208175
2020-07-21,4691.043,0.22916670471374584,0.025945829104529805,0.021697733318581935,0.16614919112871074,0.03394383722340644,2,bull,0,bear,0.4484347599860143,0.03808454239165428,0.5134806976223315
2020-07-22,4714.445,0.49762539258267824,0.005564387748717037,0.013477726434394599,0.15773564014428,0.020516731025603363,2,bull,0,bear,0.2661945907112812,0.07669895795722884,0.6571064513314899
2020-07-23,4712.436,-0.04262279391061418,-0.007062589285032006,0.0012842614732593294,0.17105484297293372,0.04696084997228622,2,bull,0,bear,0.17046595385374996,0.1391928889771433,0.6903411571691067
2020-07-24,4505.591,-4.488590175471903,0.047330527782037723,0.04120325169328498,0.20683901401614113,0.09518551506339556,0,bear,0,bear,0.935132065135408,0.0027283844387301676,0.06213955042586199
2020-07-27,4528.45,0.5060647562964882,0.050215636696883115,0.03772350362706911,0.20933961951661173,0.09945963850765716,0,bear,0,bear,0.7117237139105775,0.03140917869051848,0.256867107398904
2020-07-28,4568.258,0.875223303037987,0.042399750627044375,0.036997472559562095,0.21818185400211632,0.0832728799467981,2,bull,0,bear,0.4633153369956435,0.06759309545896452,0.46909156754539183
2020-07-29,4679.008,2.395417103098508,0.005796527811023244,0.02007092101573682,0.19037539581039398,0.05183940698541223,2,bull,2,bull,0.35059869757733897,0.03227610524670856,0.6171251971759524
2020-07-30,4656.151,-0.48969804749297724,0.016149390344084802,0.00841531986398203,0.2082776095534702,0.07074770556195453,2,bull,1,sideways,0.25818344447400476,0.07577456745317286,0.6660419880728224
2020-07-31,4695.046,0.8318769094579596,0.03178222321996427,0.0054919589712219,0.17420958175915624,0.07414240456856014,2,bull,1,sideways,0.14956940196076582,0.10540820695693844,0.7450223910822957
2020-08-03,4771.311,1.6113199635879367,0.00941124986403108,0.001309912516706646,0.15859205153468303,0.051145272232306915,2,bull,1,sideways,0.10430295502046834,0.08491294075275217,0.8107841042267796
2020-08-04,4775.802,0.09408080393006409,0.013886672856203042,0.007926207996060253,0.12591413965654352,0.04136457080925893,2,bull,1,sideways,0.08207997719794079,0.13799139880862485,0.7799286239934344
2020-08-05,4777.109,0.027363387100671686,0.013978747397222824,0.02260844372611137,0.12033554185177686,0.03535066920181218,2,bull,1,sideways,0.06910004676465709,0.2096848071319392,0.7212151461034038
2020-08-06,4762.764,-0.3007379828168675,0.011407451639426247,0.02581568181837257,0.13750082935035213,0.037437084852409264,2,bull,1,sideways,0.0641509124592304,0.3114040228697078,0.6244450646710618
2020-08-07,4707.926,-1.1580700639760064,0.013231516383222619,0.0580773784464752,0.16847461068844316,0.027501919104081063,2,bull,1,sideways,0.08387806339075608,0.42316671002137674,0.4929552265878674
2020-08-10,4724.87,0.3592575992127405,-0.011746778218236553,0.04846821182381755,0.16092104121383244,0.03584606560603798,1,sideways,1,sideways,0.051392211897006046,0.5154963892815307,0.43311139882146316
2020-08-11,4681.784,-0.9160813465903214,0.0026923497538546837,0.04765576540908345,0.16920131300376107,0.0385227084376385,1,sideways,1,sideways,0.050019262607824654,0.6376704177439256,0.3123103196482497
2020-08-12,4647.645,-0.7318594177367094,-0.013567301289147626,0.056118313683596543,0.17982634215823268,0.026168737070064507,1,sideways,1,sideways,0.037692125809818226,0.7464155511316546,0.21589232305852715
2020-08-13,4635.713,-0.25706229514484574,-0.01159152863863655,0.0477031257111904,0.20036809871534333,0.04317890257658319,1,sideways,1,sideways,0.022548538966521044,0.827343577866987,0.15010788316649193
2020-08-14,4704.629,1.4756900898556367,-0.01644040369601929,0.04241418398772767,0.20865003382838476,0.039059615540353976,1,sideways,1,sideways,0.02196065407590455,0.7826021271340731,0.1954372187900224
2020-08-17,4815.226,2.3236063161346263,-0.03409497290469843,0.016522588970901975,0.20611555926969993,0.017222659954070796,1,sideways,1,sideways,0.04601415353433875,0.5617191608528546,0.39226668561280653
2020-08-18,4812.756,-0.0513087800576903,-0.025821587464646023,0.016397257621204808,0.1985608661648337,-0.002316136533828006,1,sideways,1,sideways,0.031959356672578196,0.6691013753071181,0.29893926802030363
2020-08-19,4740.678,-1.5089729551591071,-0.017575545101354617,0.039511436971673586,0.21899061695394617,0.018217858289468314,1,sideways,1,sideways,0.04872231924287353,0.741240615121916,0.21003706563521038
2020-08-20,4679.154,-1.3062839094653451,-0.009924871034379446,0.05644909314803459,0.19622756592324153,0.02866244624562464,1,sideways,1,sideways,0.04643506761986048,0.8102712767068948,0.14329365567324465
2020-08-21,4718.843,0.8446318072197719,0.0038666257809383264,0.06064706963126354,0.18242289476467,0.01838734622024929,1,sideways,1,sideways,0.02522961585428853,0.8349523533026707,0.1398180308430409
2020-08-24,4755.849,0.7811586525038583,-0.01354563612091142,0.04593017986904124,0.14334328108398742,0.023888479217906156,1,sideways,1,sideways,0.01600050849388599,0.8543333769590206,0.12966611454709345
2020-08-25,4761.951,0.12822292622308668,-0.026499642688469383,0.031236986688859103,0.14859602713257658,0.022566380880441717,1,sideways,1,sideways,0.010728266827183974,0.8945442489259446,0.09472748424687134
2020-08-26,4706.13,-1.1791543984507813,-0.011432535862800242,0.045358075531275244,0.13400203564287438,0.02909651879569841,1,sideways,1,sideways,0.013073042413734665,0.9252183825940198,0.06170857499224563
2020-08-27,4731.345,0.534360302925533,-0.035566841986792386,0.05271651084416806,0.14529462552403172,0.042774517605458806,1,sideways,1,sideways,0.008124981210083555,0.9383467485930802,0.05352827019683632
2020-08-28,4844.265,2.358601378604637,-0.05661189055512039,0.023943157527509307,0.1043223275357561,0.030668016716674185,1,sideways,1,sideways,0.02444076443636395,0.8269925965131018,0.14856663905053422
2020-08-31,4816.215,-0.5807181181120185,-0.04864940622459768,0.052091320674014785,0.13205349013696432,0.0323733471200931,1,sideways,1,sideways,0.016697821111968412,0.8861172920301839,0.0971848868578478
2020-09-01,4842.122,0.5364704531165123,-0.05169696261267276,0.04647198067293634,0.09057681735404421,0.026412180444854494,1,sideways,1,sideways,0.010485823765439169,0.9074643748380954,0.08204980139646544
2020-09-02,4843.887,0.03644431921412662,-0.052951689418022974,0.04400866494201883,0.08648199266415602,0.0350204288415481,1,sideways,1,sideways,0.007434587221760974,0.9335847162833537,0.058980696494885396
2020-09-03,4817.095,-0.5546448318336024,-0.02822323412762273,0.05165374567036762,0.054582689359458314,0.036238645905882994,1,sideways,1,sideways,0.006564362939935538,0.9543816667509499,0.03905397030911459
2020-09-04,4770.219,-0.9778833476156422,0.011097813328905914,0.05283111739733526,0.0420903107383539,0.03080424609436183,1,sideways,1,sideways,0.007005382595669935,0.9662176478250056,0.026776969579324454
2020-09-07,4669.368,-2.1368485179178327,0.03637173167760599,0.07292443002993121,0.07158227837257636,0.04239353162997639,1,sideways,1,sideways,0.021643233192616254,0.9532715421250286,0.025085224682354926
2020-09-08,4694.389,0.5344235129493777,0.024010153398024592,0.052895062594940256,0.09241394353983035,0.024137113477387562,1,sideways,1,sideways,0.010141616321328747,0.9640829493297185,0.025775434348952794
2020-09-09,4584.589,-2.366750418667963,0.04671018492606427,0.07763749378624762,0.12253879246318489,0.05918763928456827,1,sideways,1,sideways,0.03625028093165724,0.9369137183043709,0.026836000763971805
2020-09-10,4581.978,-0.05696789366429453,0.04576582427938325,0.0671437095507661,0.09898912653007064,0.0523332936124965,1,sideways,1,sideways,0.014816882309086225,0.9616529061928691,0.023530211498044542
2020-09-11,4627.283,0.983908817192797,0.027706323559635315,0.06646492120754233,0.09769858467701242,0.04882195448171189,1,sideways,1,sideways,0.009120266142719203,0.9611686038542353,0.02971113000304548
2020-09-14,4651.051,0.5123344770694032,0.03062017595592903,0.06322205454208096,0.0967108294447856,0.04265208014274613,1,sideways,1,sideways,0.0057624240467860155,0.9662410579784073,0.027996517974806703
2020-09-15,4688.483,0.8015860412197304,0.022255599519076963,0.056603383226514925,0.09668052544927641,0.040287444787578286,1,sideways,1,sideways,0.004984057766972241,0.9649801196407791,0.030035822592248625
2020-09-16,4657.358,-0.6660741408476459,0.025900306568659603,0.07732280833897676,0.07509257394428337,0.04862628125216051,1,sideways,1,sideways,0.004935089910217271,0.973714103495535,0.02135080659424774
2020-09-17,4632.714,-0.5305461100067468,0.018514848963264274,0.07927404972549557,0.0916175701759272,0.04343328770133437,1,sideways,1,sideways,0.004369139566514158,0.9792272797167898,0.01640358071669603
2020-09-18,4737.089,2.227993855844844,-0.00967957325690949,0.06538846958543543,0.057452372121359785,0.027293977377245815,1,sideways,1,sideways,0.013658562154137412,0.9324469888082201,0.05389444903764243
2020-09-21,4691.428,-0.9685798301503885,0.0016734776703384302,0.05826477567171451,0.05057244830358698,0.05084017062608659,1,sideways,1,sideways,0.010985447759043136,0.9528858252725073,0.03612872696844969
2020-09-22,4635.761,-1.193664264061189,0.021897375641237726,0.08010831447091404,0.06268355939833814,0.06480726681120963,1,sideways,1,sideways,0.010551795907728666,0.963689817948564,0.025758386143707363
2020-09-23,4652.327,0.35671534477890954,0.0259210068423823,0.07473421365265165,0.08289679551759788,0.049762194273962335,1,sideways,1,sideways,0.005971603108716554,0.9703774412925446,0.023650955598738938
2020-09-24,4563.066,-1.9372758524433507,0.028986650642353284,0.10496188308475052,0.10602761388943316,0.08262931108162808,1,sideways,1,sideways,0.015219531319468883,0.9636278708619269,0.021152597818604093
2020-09-25,4570.022,0.15232528899316852,0.03299962232129294,0.10818175492371807,0.11481498338520035,0.07518344550638933,1,sideways,1,sideways,0.0073148089878178986,0.9733246849530783,0.01936050605910385
2020-09-28,4581.909,0.2597704612179314,0.0427009790024202,0.10061897781034057,0.1018029821194617,0.07643080646080058,1,sideways,1,sideways,0.004632824538073277,0.9772022952867557,0.018164880175170997
2020-09-29,4591.799,0.21561627711677703,0.048315921493950365,0.11366176960272001,0.11302280435184553,0.06162639087642985,1,sideways,1,sideways,0.003684749639060604,0.9794279038754687,0.016887346485470713
2020-09-30,4587.395,-0.09595614468803383,0.0648989241170641,0.13600180494594416,0.1251607938710313,0.07309769487911977,1,sideways,1,sideways,0.003363428182044524,0.9819807410653192,0.01465583075263634
2020-10-09,4681.141,2.022955879776568,0.04370237939852695,0.12530641567942524,0.09809595566550966,0.04892909656000555,1,sideways,1,sideways,0.009571781964715075,0.9487819201916768,0.04164629784360806
2020-10-12,4823.158,2.988701661024998,0.03279842791797405,0.1130684501731023,0.05817454041522163,0.021740527679167787,1,sideways,1,sideways,0.060126497787799084,0.7311209947103017,0.2087525075018994
2020-10-13,4839.201,0.3320724212887755,0.023697093797095947,0.1195377088077143,0.056415924860322875,0.024905764402016084,1,sideways,1,sideways,0.02979053657184129,0.8005251835682117,0.16968427985994697
2020-10-14,4807.102,-0.6655216714025961,0.020344065925790744,0.14698148697489688,0.04747870962588285,0.035868180038618025,1,sideways,1,sideways,0.02053706730871098,0.8681821440699454,0.11128078862134376
2020-10-15,4798.736,-0.1741857840045082,0.02286581299742263,0.1451830231961082,0.031051927007445412,0.034251102790401555,1,sideways,1,sideways,0.012112790057950662,0.911289608806335,0.07659760113571425
2020-10-16,4791.676,-0.14723040627070938,0.013601712636663876,0.1355438055494571,0.030880218111575042,0.02222353932110588,1,sideways,1,sideways,0.0079960604233096,0.9388213680331865,0.053182571543503955
2020-10-19,4755.488,-0.7580926296339933,0.03126577125207741,0.17681991837641053,0.04734319590334346,0.02284728717641582,1,sideways,1,sideways,0.0072524681457161195,0.9575326640871076,0.035214867767176326
2020-10-20,4793.467,0.795462964554249,0.0211368931923388,0.1636610828863534,0.03244144582616304,0.024054197097841845,1,sideways,1,sideways,0.005764823262946163,0.957904328257591,0.036330848479462746
2020-10-21,4792.828,-0.013331532170576864,0.02062331466933487,0.14138375088778465,0.036169251222868626,0.02041738197156251,1,sideways,1,sideways,0.004561656260461897,0.967796816443468,0.02764152729607001
2020-10-22,4777.985,-0.3101724357167111,0.03139482438726793,0.14233950085653269,0.0646783110453466,0.012947089620415353,1,sideways,1,sideways,0.004116972372821052,0.9752317804647388,0.02065124716244019
2020-10-23,4718.488,-1.2530500214903098,0.047642380355740865,0.1695528313307142,0.07732922071646664,0.021749340042827248,1,sideways,1,sideways,0.0062761880373928425,0.977546399127284,0.016177412835323212
2020-10-26,4691.236,-0.5792322111523897,0.0668887687594486,0.15908110357270466,0.08686601995721377,0.03783778944397609,1,sideways,1,sideways,0.004811382623119237,0.9818019406395848,0.013386676737295941
2020-10-27,4699.279,0.17130055096604274,0.05852110504611452,0.16537749727138995,0.082984006695495,0.030444457543380432,1,sideways,1,sideways,0.003608442381848448,0.9829411036283614,0.013450453989790024
2020-10-28,4737.272,0.8052349908286353,0.036609255284475894,0.17472017650664773,0.08405280507431301,0.023411786361433373,1,sideways,1,sideways,0.003721147678949543,0.9789814951736225,0.017297357147427864
2020-10-29,4772.92,0.7496834334955942,0.030729825767035646,0.16695356301802655,0.06375908249038331,0.015467261131550503,1,sideways,1,sideways,0.0037930593129787116,0.9761267204349724,0.020080220252049037
2020-10-30,4695.334,-1.638902729625137,0.06079035059060778,0.19819442024784606,0.08416568448591732,0.026805121850756564,1,sideways,1,sideways,0.008730943438326744,0.9742645098198804,0.0170045467417928
2020-11-02,4720.831,0.5415593782825865,0.05071585913581744,0.16779609352675395,0.08439425177474047,0.03766752082419389,1,sideways,1,sideways,0.005307418881052052,0.9762094791203509,0.01848310199859709
2020-11-03,4777.561,1.1945321812100915,0.06060351715027812,0.15707638269820112,0.0809216250718725,0.023194680298168846,1,sideways,1,sideways,0.005589989195677818,0.9673687766829439,0.02704123412137824
2020-11-04,4813.656,0.7526713325862745,0.05266038952513452,0.11706008904666221,0.06436542204095996,0.014276466785329012,1,sideways,1,sideways,0.004793133022674114,0.9666964589516044,0.028510408025721586
2020-11-05,4885.112,1.4735333999637867,0.035198374162148216,0.09556648854724314,0.03603028958189691,-0.00036662414290611345,1,sideways,1,sideways,0.0069960311905075175,0.9479498804175978,0.04505408839189471
2020-11-06,4885.718,0.012404268639959751,0.036882603539541314,0.10887447863343747,0.022583169966011063,7.368415450903498e-06,1,sideways,1,sideways,0.00520940760826897,0.9611507627427248,0.033639829649006234
2020-11-09,4981.35,1.9384683390315745,0.008207614401718244,0.10433757917030517,0.0022226906360724996,-0.028853824766378766,1,sideways,1,sideways,0.011523166807137785,0.9159535896451023,0.07252324354775981
2020-11-10,4953.876,-0.5530638161848612,0.011304885305970513,0.10725440039274292,0.013965630144961327,-0.012882437913262268,1,sideways,1,sideways,0.008603222549176762,0.9437266776726715,0.04767009977815164
2020-11-11,4904.898,-0.993600278127086,0.007706786155389889,0.11601668373124174,0.02847154008095565,0.001529287663066592,1,sideways,1,sideways,0.008423666203325207,0.9595062491884915,0.03207008460818339
2020-11-12,4908.463,0.07265604835748814,0.0065319836372403906,0.11713463053505757,0.017217405937459462,0.0009948124290637406,1,sideways,1,sideways,0.005321019625346311,0.9690365224812447,0.025642457893409014
2020-11-13,4856.851,-1.0570572657462811,0.00674881728922716,0.14571396157716188,0.052243521573958285,0.012313945805626059,1,sideways,1,sideways,0.006208828726972728,0.9749190826097932,0.01887208866323412
2020-11-16,4904.172,0.9695985908130684,0.006252431603133157,0.15947197610524277,0.05726002269088437,-0.001576208991038608,1,sideways,1,sideways,0.005284847588376341,0.9705083880689567,0.024206764342666914
2020-11-17,4894.786,-0.19157144811767635,0.010279101067952823,0.18651132041319074,0.059821818563671636,-0.007080799855192832,1,sideways,1,sideways,0.0041644328764878545,0.9768345026400248,0.019001064483487505
2020-11-18,4891.672,-0.06363896120732894,0.012714466546408065,0.1792248131109364,0.057362799468157366,-0.008228065986435662,1,sideways,1,sideways,0.0035693614009193503,0.9802942017562566,0.016136436842824037
2020-11-19,4927.989,0.7396826750806017,0.018159334365397406,0.17265724416186812,0.052439849196092014,-0.019473054830276504,1,sideways,1,sideways,0.0036872516525376787,0.9773145068403066,0.018998241507155757
2020-11-20,4943.288,0.3099702753675591,0.011466052554494066,0.13230970965074262,0.038609929261657516,-0.020115558713147963,1,sideways,1,sideways,0.003420868936017857,0.9786396328362401,0.017939498227742077
2020-11-23,5005.027,1.2412110518481716,0.008354200686629731,0.11481276724381306,0.030081955601837906,-0.02974289649186712,1,sideways,1,sideways,0.004820049694021099,0.968163209478339,0.027016740827640023
2020-11-24,4974.286,-0.616096463504576,-0.0019124352721173743,0.09313537661485483,0.06919425220021536,-0.014729350101703065,1,sideways,1,sideways,0.004662618703414177,0.9757183362666286,0.019619045029957184
2020-11-25,4910.7,-1.2865344886700358,0.019635489848697674,0.11380414197568589,0.08346936281996453,-0.0036815525281527206,1,sideways,1,sideways,0.006733879404083731,0.97760148046293,0.01566464013298622
2020-11-26,4919.591,0.18088991311378053,0.01634770044908196,0.08479769964616968,0.0850969115115463,0.0005104082839406665,1,sideways,1,sideways,0.004313557491952762,0.9805183866980847,0.015168055809962664
2020-11-27,4980.765,1.235809672948106,0.012297106970515559,0.08794211330990298,0.06832765649453432,0.003044713010953215,1,sideways,1,sideways,0.005137463406495334,0.9708664571343429,0.023996079459161747
2020-11-30,4960.252,-0.4126947799055248,0.02099953792670206,0.0784996407440588,0.07485869669524847,0.02387741590548198,1,sideways,1,sideways,0.004341972599992832,0.9774493329542795,0.01820869444572774
2020-12-01,5067.098,2.131172124173605,-0.004768409847214383,0.07600306921239719,0.054189202577096474,-0.002364469761587329,1,sideways,1,sideways,0.0122328789123057,0.934505260464403,0.05326186062329118
2020-12-02,5067.145,0.0009275483131950433,0.009189790305980994,0.04214621843266775,0.04397525628337062,0.003287058096817841,1,sideways,1,sideways,0.007228610991544862,0.9533790138601234,0.03939237514833175
2020-12-03,5057.06,-0.19922558533107043,0.030497759567811977,0.040682926443427636,0.039197873863469956,-0.0014563797937933165,1,sideways,1,sideways,0.005270204896208489,0.9661550948815135,0.02857470022227808
2020-12-04,5065.916,0.17496835435167787,0.039835244011152016,0.0027850836847669314,0.042709156646103086,-0.011847215784864917,1,sideways,1,sideways,0.004169141929404184,0.972054858823639,0.0237759992469569
2020-12-07,5022.235,-0.865991656640209,0.06894739095243452,-0.010201832451089965,0.05085225999978116,0.0024883343770254474,1,sideways,1,sideways,0.004899464504645214,0.9775407700604144,0.017559765434940273
2020-12-08,5009.879,-0.24632906380073344,0.08139697585510541,-0.0012509284156363432,0.044359953603669844,-0.011002062125652023,1,sideways,1,sideways,0.003890009232132454,0.9813968038026031,0.01471318696526444
2020-12-09,4942.699,-1.3500224831623673,0.1155154299300849,0.03753354189684632,0.059431092202863356,-0.012600605458677472,1,sideways,1,sideways,0.006373736707686603,0.9808271527541176,0.012799110538195702
2020-12-10,4940.525,-0.04399374202312714,0.11231721325162813,0.04166642209076987,0.06698498641338735,-0.005473102554890419,1,sideways,1,sideways,0.004137269804693802,0.9834454908872017,0.01241723930810448
2020-12-11,4889.629,-1.0355169368735848,0.11279567427303805,0.029841732368652174,0.06852748950891785,0.005077072309576103,1,sideways,1,sideways,0.004996047732921247,0.9839731560370273,0.011030796230051395
2020-12-14,4934.835,0.9202806188119774,0.13405068254561714,0.029287098758114416,0.04695699045662116,0.0028175207479073094,1,sideways,1,sideways,0.004413075854374743,0.9793164079010468,0.016270516244578478
2020-12-15,4945.1,0.2077949641082108,0.12797941396533918,0.031497441912195834,0.02737881943742293,-0.004803745121433334,1,sideways,1,sideways,0.0035588632616310825,0.9809031279876191,0.015538008750749784
2020-12-16,4953.867,0.17712963973308576,0.1042799493809583,0.037930166473988836,0.029880697241165155,-0.006972936495872939,1,sideways,1,sideways,0.0032486457046096216,0.981917080988338,0.014834273307052353
2020-12-17,5017.478,1.2758933310579958,0.08781363864475344,-0.002070163536342262,0.016938390163345085,-0.012259944139266787,1,sideways,1,sideways,0.004733857511593491,0.9711541567604561,0.02411198572795038
2020-12-18,4999.968,-0.3495904611411252,0.10371126375208806,0.011436873195988406,0.018083515734500732,-0.023297749105594345,1,sideways,1,sideways,0.004120271962303946,0.977472619659315,0.01840710837838105
2020-12-21,5046.84,0.933079244079714,0.07741140991194495,-0.0074490176030942434,0.014923793898756532,-0.024833162929674746,1,sideways,1,sideways,0.004315328395100321,0.9725851270762823,0.023099544528617354
2020-12-22,4964.773,-1.639472844275635,0.10305828685420271,-0.007268811685851473,0.0367833534383144,-0.004914625502515535,1,sideways,1,sideways,0.009380027779888963,0.971641742457563,0.018978229762548208
2020-12-23,5007.124,0.8494121958031016,0.11141026265776532,-0.016132414535769413,0.029727644052753632,-0.017846372488478313,1,sideways,1,sideways,0.006242445805711229,0.9706357089016324,0.023121845292656495
2020-12-24,5000.015,-0.14207859400916134,0.11395185814442543,0.007594977215068299,0.04799045602863172,-0.026378920863237454,1,sideways,1,sideways,0.004426796995929225,0.9769950346583148,0.01857816834575605
2020-12-25,5042.014,0.8364693008195059,0.11580868280016676,0.0009644955369025876,0.04159964649046999,-0.04438345470678984,1,sideways,1,sideways,0.004248256933653837,0.9736032765818853,0.022148466484460894
2020-12-28,5064.415,0.44330270731339677,0.08856955837939817,0.005985686402081969,0.024905146991310856,-0.0477934766404412,1,sideways,1,sideways,0.0037761771968134314,0.9750082685462308,0.021215554256955732
2020-12-29,5042.936,-0.4250180355486722,0.09618741939219544,0.0010757622147099521,0.03591261122488976,-0.03943952491167835,1,sideways,1,sideways,0.0037813092072876285,0.9797881029150384,0.016430587877673934
2020-12-30,5113.711,1.3936911579757862,0.05151483922341327,-0.0005737516257763309,0.022674922380243823,-0.06178233380807008,1,sideways,1,sideways,0.005525069330338486,0.9664370486004019,0.02803788206925969
2020-12-31,5211.289,1.8901870258732436,0.026994472960528704,-0.009543128389156719,-0.024978848803050346,-0.07017649568081907,1,sideways,0,bear,0.010906095449306898,0.9286048126246153,0.060489091926077834
2021-01-04,5267.718,1.0770017702571408,0.028462039919373128,-0.024180489540252537,-0.034536017303887445,-0.09525927545855717,1,sideways,0,bear,0.009098942231352804,0.9231760501715712,0.067725007597076
2021-01-05,5368.505,1.8952219553967669,0.024697192235082044,-0.049317640572189014,-0.05316210006323918,-0.11954408163911556,1,sideways,0,bear,0.016122473585651956,0.8577074734989194,0.1261700529154287
2021-01-06,5417.668,0.9115993310837648,0.012465326409813349,-0.05638200790450798,-0.05116186521580868,-0.12005017657043582,1,sideways,0,bear,0.012596386683658306,0.8640674477594911,0.12333616555685073
2021-01-07,5513.657,1.7562640809854633,-0.007201935122188363,-0.0867518599724284,-0.07715387446117894,-0.12701370433452797,1,sideways,0,bear,0.019113887723942954,0.7881528766577532,0.1927332356183038
2021-01-08,5495.431,-0.33110856505834185,-0.002186725663555711,-0.09966188275314525,-0.07751803270753466,-0.13011772870954075,1,sideways,0,bear,0.014791143305737794,0.8558556885885465,0.1293531681057155
2021-01-11,5441.158,-0.9925113858773503,0.02267973104254639,-0.09217045342186347,-0.056688116757499185,-0.11351425560514883,1,sideways,0,bear,0.014995328053605986,0.9019297456842055,0.0830749262621884
2021-01-12,5596.353,2.8123229723899157,0.016063497066750365,-0.11002254503959996,-0.08116964744718569,-0.14599490060759213,1,sideways,0,bear,0.060990897589663216,0.6456760154381519,0.29333308697218496
2021-01-13,5577.971,-0.3290045389980132,0.04118845365097812,-0.11276448013085749,-0.0887215082330115,-0.14184960803847835,1,sideways,0,bear,0.03597042859396186,0.7532954046153993,0.21073416679063886
2021-01-14,5470.456,-1.94631134338458,0.05446072502913846,-0.09218152929115975,-0.05831195790625143,-0.14477860712160007,1,sideways,0,bear,0.07059398738149564,0.7716808655006633,0.15772514711784122
2021-01-15,5458.081,-0.22647139849017675,0.058768090836321285,-0.06798433368797574,-0.06656332143110366,-0.1366359348642866,1,sideways,0,bear,0.033052385703370914,0.8530589186630346,0.11388869563359451
2021-01-18,5518.521,1.1012626828479548,0.01428136270569591,-0.0788537363543601,-0.07339394015171818,-0.16284145697733132,1,sideways,0,bear,0.021108584648499566,0.8532892125655259,0.12560220278597464
2021-01-19,5437.523,-1.4786263314544354,0.02614149861986781,-0.06230373646235621,-0.060418870871902564,-0.16068915938378558,1,sideways,0,bear,0.02660443644448094,0.8879404214367423,0.08545514211877663
2021-01-20,5476.434,0.7130532925388661,-0.007096953966760133,-0.07070111682163982,-0.0606947878856936,-0.15381249915547235,1,sideways,0,bear,0.01447368121718797,0.9060724431344377,0.07945387564837442
2021-01-21,5564.969,1.6037254965591103,-0.017144929288914312,-0.07718210110424684,-0.07425324381860876,-0.17182413774452288,1,sideways,0,bear,0.016276465377936238,0.8645160634193734,0.1192074712026905
2021-01-22,5569.776,0.08634235087799842,-0.041835614215006034,-0.08843066579338199,-0.0862777964499829,-0.16476694933512592,1,sideways,0,bear,0.01052086037490104,0.9031758486012672,0.08630329102383179
2021-01-25,5625.923,1.0030185827589762,-0.036818669576529905,-0.09516713968534574,-0.12453494297735679,-0.17527079556545644,1,sideways,0,bear,0.009420979831090453,0.9007863622326308,0.08979265793627868
2021-01-26,5512.968,-2.0281888389743203,-0.029627960837066314,-0.07141815443151489,-0.13815697823749384,-0.16535067861812358,1,sideways,0,bear,0.02869764984715224,0.9012909382000379,0.07001141195280991
2021-01-27,5528.003,0.2723494028452322,-0.013710195164510552,-0.06581653447004276,-0.13884218224917744,-0.17661260314077243,1,sideways,0,bear,0.013464578558833408,0.9302987447720013,0.056236676669165375
2021-01-28,5377.143,-2.7669436927625886,-0.017934616951790217,-0.04717263424089713,-0.09798288793881815,-0.14450796640520813,1,sideways,0,bear,0.08787377221700525,0.8513044688341281,0.06082175894886663
2021-01-29,5351.965,-0.4693409036162857,-0.01666098339581812,-0.05434284417031876,-0.10104606438943453,-0.13714140507271644,1,sideways,0,bear,0.03824509022549356,0.9144853538148061,0.04726955595970037
2021-02-01,5417.648,1.2197989736059065,-0.06231910969483445,-0.07781882470031276,-0.08932141770746271,-0.14553972498766998,1,sideways,0,bear,0.022858092600090623,0.9144220265844063,0.06271988081550313
2021-02-02,5501.092,1.5284845056187495,-0.09636141333393444,-0.09246709562392341,-0.10300391267770104,-0.15448859971801954,1,sideways,0,bear,0.01972589884617034,0.886692080384613,0.09358202076921654
2021-02-03,5485.201,-0.2892879533126957,-0.08779787650443438,-0.08425233642304075,-0.0923125697672702,-0.15512412398378828,1,sideways,0,bear,0.011543904186874844,0.9249868951844684,0.0634692006286568
2021-02-04,5473.948,-0.2053627330890781,-0.06315953311942313,-0.07844429651140283,-0.09595962548420267,-0.1643777032591468,1,sideways,0,bear,0.0074877309056070596,0.948396077002352,0.044116192092041054
2021-02-05,5483.414,0.17277885598499182,-0.06146444532548512,-0.0894406295056327,-0.10246335585822997,-0.15690352761983684,1,sideways,0,bear,0.005338249011893604,0.9601071416603295,0.03455460932777682
2021-02-08,5564.562,1.4690375749289277,-0.0950691177490699,-0.08158270138781809,-0.10405113645961706,-0.18604213593091412,1,sideways,0,bear,0.007541443726931324,0.9398743334926263,0.05258422278044254
2021-02-09,5686.25,2.163270447152495,-0.10672903934930755,-0.08815387997362067,-0.11309773576610238,-0.1957045504506485,1,sideways,0,bear,0.018714571480464577,0.8562045876785647,0.12508084084097074
2021-02-10,5807.719,2.113691490729397,-0.12171060617774376,-0.10677479402843015,-0.13643531995952274,-0.2111109370133094,1,sideways,0,bear,0.032580460006340725,0.720943640046085,0.24647589994757424
2021-02-18,5768.381,-0.6796442916658585,-0.10862892031576976,-0.10334078140816294,-0.13782550077742795,-0.19913646480702307,1,sideways,0,bear,0.025276769271075653,0.8100986119822553,0.16462461874666903
2021-02-19,5778.842,0.1811864698867777,-0.13354769000432942,-0.10251707868116133,-0.14412212688978165,-0.20769576326883488,1,sideways,0,bear,0.015117926617901161,0.8616811757364626,0.12320089764563619
2021-02-22,5597.333,-3.191308229352715,-0.09650685424647765,-0.08275101731485324,-0.11724601698701853,-0.1868220096964036,1,sideways,0,bear,0.21137208092162404,0.6512341250287632,0.13739379404961305
2021-02-23,5579.668,-0.31609578828070045,-0.10223224751006688,-0.07600452213285802,-0.13303031649911778,-0.19414022483058124,1,sideways,0,bear,0.09515579986858994,0.7874752956992886,0.11736890443212154
2021-02-24,5437.568,-2.5797374331512866,-0.09358650779171862,-0.02190133530284133,-0.09992150902756525,-0.19949911430992673,1,sideways,0,bear,0.26722809998799973,0.6333050475659848,0.09946685244601532
2021-02-25,5469.558,0.5865906697738227,-0.09931533772930101,-0.027235290310478444,-0.11105449471419804,-0.2201580091115224,1,sideways,0,bear,0.11864559108372533,0.7594164467949704,0.12193796212130421
2021-02-26,5336.761,-2.457889414496642,-0.05598358255128921,0.000275822732177744,-0.10633659629876635,-0.20806908909730093,1,sideways,0,bear,0.273699756009002,0.625945045657398,0.10035519833359997
2021-03-01,5418.784,1.5252521400329808,-0.0686329257634184,-0.0180289526211046,-0.10757136656489719,-0.20778591654511402,1,sideways,0,bear,0.17991820259699615,0.6381711137842726,0.18191068361873108
2021-03-02,5349.63,-1.2844036399009144,-0.04764834203486967,-0.0033759344104172806,-0.08621904692474058,-0.19498694302222774,1,sideways,0,bear,0.13476564742189587,0.7272420908963919,0.13799226168171227
2021-03-03,5452.213,1.8994181665159093,-0.07407120741614459,-0.0202730524284358,-0.10162038790487449,-0.23430027403551545,1,sideways,0,bear,0.11767665349752948,0.6339000177137266,0.2484233287887439
2021-03-04,5280.706,-3.1961780402270765,-0.032179219975510875,0.001755068356390277,-0.09072593702432963,-0.24559102513944164,0,bear,0,bear,0.572839543241698,0.2700501844167862,0.1571102723415161
2021-03-05,5262.796,-0.339735644313962,-0.019236732717741734,-0.001426998120390821,-0.08279876324296065,-0.21029030956168548,1,sideways,0,bear,0.3366285924148993,0.4529235018268676,0.21044790575823313
2021-03-08,5080.025,-3.534626161945014,0.01187336676492734,0.039813189895719026,-0.052510568353502096,-0.1658119792717555,0,bear,0,bear,0.8852685301016536,0.05761308313718049,0.057118386761166005
2021-03-09,4970.999,-2.169535689237557,0.02670368672373513,0.06168337591699391,-0.033270777161693244,-0.14184211262162794,0,bear,0,bear,0.8890969857209321,0.04197133295474338,0.06893168132432467
2021-03-10,5003.612,0.6539225683068534,0.021703721231782103,0.04566800942998772,-0.026811231566316596,-0.14886565944761498,0,bear,0,bear,0.6426847770642122,0.10470540616298316,0.25260981677280464
2021-03-11,5128.216,2.4597788787326524,-0.01811136660390278,0.021105390256572543,-0.05046686801023992,-0.17021923413522366,0,bear,0,bear,0.5287931465866902,0.04924549190107552,0.4219613615122345
2021-03-12,5146.379,0.35355201678782633,-0.03859665213152774,0.024305827456547746,-0.058937944523712704,-0.1690240847011073,2,bull,0,bear,0.3230076531338195,0.10209852553862586,0.5748938213275546
2021-03-15,5035.544,-2.177179655565425,-0.01904461563636417,0.03756475963669481,-0.020219861051755328,-0.15574047213171016,0,bear,0,bear,0.5127653890232273,0.09421986267843639,0.3930147482983364
2021-03-16,5079.362,0.8664099123688753,-0.019438268034450035,0.01716711665756443,-0.017036194703193064,-0.1781302454914614,2,bull,0,bear,0.300840941471092,0.14506362372854328,0.5540954348003647
2021-03-17,5100.858,0.42230977223718014,-0.029776167068363835,-0.003992857672179939,-0.02523614654632622,-0.1867121178437039,2,bull,0,bear,0.16919375123221103,0.22034864815389213,0.6104576006138968
2021-03-18,5141.768,0.7988228320511137,-0.03414914869749086,-0.007755309068787297,-0.03340387975497927,-0.19596839063917315,2,bull,0,bear,0.09891119100110905,0.2665489042652171,0.6345399047336739
2021-03-19,5007.091,-2.6541881456664145,0.015962561894720784,0.019047986146047746,0.0012843784944192027,-0.1503851238174022,2,bull,0,bear,0.36767790952107343,0.1913026044559512,0.4410194860229753
2021-03-22,5057.152,0.9948371254110936,0.005183352210888614,0.0065714852944898094,-0.012950372067124016,-0.16502470165025696,2,bull,0,bear,0.20627972336228895,0.24027416580033176,0.5534461108373794
2021-03-23,5009.246,-0.9518074223719469,0.017866760785954616,0.022540717704820246,-0.018382806514193883,-0.14634697517350914,2,bull,0,bear,0.16877903405931421,0.3555634505334251,0.4756575154072606
2021-03-24,4928.685,-1.6213186573901357,0.03257643773136221,0.044374716582617824,-0.012450785554361854,-0.13489277565922753,1,sideways,0,bear,0.20397393296518476,0.4254058890951204,0.3706201779396949
2021-03-25,4926.347,-0.04744784276425516,0.0424464618509417,0.04661202306699064,-0.02408458031884464,-0.14559408827676967,1,sideways,0,bear,0.10399658520073263,0.5681874134819843,0.32781600131728306
2021-03-26,5037.99,2.2409453246677558,0.0077902099845374995,0.04009098866809979,-0.0361354429048093,-0.16022719378164707,2,bull,2,bull,0.11399651652643965,0.3558522985076279,0.5301511849659328
2021-03-29,5046.877,0.17624431339361693,0.008647525984881277,0.04059599629632338,-0.04460362319113387,-0.18760255104295198,2,bull,1,sideways,0.06769690447832015,0.4643233320521226,0.4679797634695571
2021-03-30,5094.729,0.943683971097199,0.004811443356457223,0.018806888452751913,-0.047408409750548164,-0.17954949124870045,1,sideways,1,sideways,0.046570891291573095,0.4884651438586919,0.4649639648497352
2021-03-31,5048.361,-0.9142839706080753,0.022939722416839947,0.03479941311645507,-0.03940546248574539,-0.1799839591503064,1,sideways,1,sideways,0.04923886701668449,0.6123336685528064,0.33842746443050914
2021-04-01,5110.777,1.2287811298347917,0.0024872930280464,0.023262020628174396,-0.0456695723566104,-0.17985699630408447,1,sideways,1,sideways,0.03784156774370275,0.591867025049899,0.3702914072063983
2021-04-02,5161.557,0.9886830712921645,-0.01945788838522955,-0.01558444477121912,-0.053807213598532244,-0.1884721993770484,1,sideways,1,sideways,0.030472572056921353,0.6026130794397103,0.3669143485033683
2021-04-06,5140.342,-0.41186639453281504,-0.02806992219583826,-0.010612134367713133,-0.059609652431686366,-0.18947338523390067,1,sideways,1,sideways,0.02687083089641538,0.7132251295607097,0.2599040395428749
2021-04-07,5103.743,-0.71454221083945,-0.021811639026495078,-0.004043894843451246,-0.046507043947941806,-0.1898295035623856,1,sideways,1,sideways,0.023643747094471295,0.8032912283060114,0.17306502459951717
2021-04-08,5112.209,0.16574083233768674,-0.017438449797337996,0.005532050821865919,-0.03565347191400037,-0.20371232866261912,1,sideways,1,sideways,0.014795102833115728,0.8564449981053981,0.12875989906148608
2021-04-09,5035.337,-1.5151145023194252,0.0018292718044490286,0.010509723579573471,-0.019689843996538947,-0.20644238905956058,1,sideways,1,sideways,0.02286688431261444,0.889525788750019,0.08760732693736674
2021-04-12,4947.746,-1.7548336070015091,0.009141132143808628,0.024595037821262267,-0.012916790797263933,-0.18887307472938186,1,sideways,1,sideways,0.03365895497730886,0.9022449769597487,0.06409606806294256
2021-04-13,4939.644,-0.16388555146290834,0.03460694738325265,0.0390848004431088,9.413633857024983e-05,-0.22769474885234653,1,sideways,1,sideways,0.015307363124476437,0.9378744313476355,0.04681820552788814
2021-04-14,4980.628,0.8262723678025959,0.041030368058003974,0.03241980730140859,-0.013455331335727072,-0.24023235624102024,1,sideways,1,sideways,0.009369727317188332,0.9426850008410551,0.04794527184175656
2021-04-15,4948.974,-0.6375705134372714,0.048217468913758665,0.02709874814456481,-0.0034079791083969635,-0.21285987762311942,1,sideways,1,sideways,0.007212918614152488,0.9604487188936648,0.03233836249218272
2021-04-16,4966.181,0.3470851897750801,0.041498890193490734,0.03730874891591762,-0.01840569242240664,-0.21043816163768492,1,sideways,1,sideways,0.005001264171205939,0.9669680947729465,0.028030641055847447
2021-04-19,5087.017,2.4040473419706525,0.01953895573771436,0.0015246656341034726,-0.03229672713891063,-0.21049192483532098,1,sideways,1,sideways,0.019166116098133942,0.887798178554109,0.093035705347757
2021-04-20,5083.365,-0.07181638127186782,0.009990036127643931,0.005927176191361516,-0.03406798449452275,-0.21111114389779206,1,sideways,1,sideways,0.010875644193860218,0.92342965067756,0.0656947051285798
2021-04-21,5098.745,0.3020987142538079,0.01114842966259344,0.002010102486003973,-0.03348451432656474,-0.2333770368982956,1,sideways,1,sideways,0.0071536085486695,0.9410043523337989,0.05184203911753154
2021-04-22,5089.244,-0.18651380079605587,0.04504283936867637,0.010767611063647209,-0.02544955596548315,-0.2381115937848528,1,sideways,1,sideways,0.005586269033331793,0.9579196883591462,0.03649404260752191
2021-04-23,5135.453,0.9038764591854124,0.03605134736896609,0.003173819330057226,-0.03036324156797854,-0.23670453219998322,1,sideways,1,sideways,0.005412067118258928,0.9552439099029923,0.039344022978748804
2021-04-26,5077.237,-1.1400841613915491,0.051405124480105924,0.0023617176034917975,-0.022480534196059776,-0.21681359369279007,1,sideways,1,sideways,0.007250051861635482,0.9655741046556865,0.027175843482678083
2021-04-27,5090.52,0.26127704579176375,0.04529380102622116,-0.03245660561200048,-0.03778710229996163,-0.22233092100610563,1,sideways,1,sideways,0.004823628002006558,0.971561140966426,0.023615231031567374
2021-04-28,5119.242,0.5626394771857988,0.041476452959246624,-0.07187177320392357,-0.049832377527766814,-0.22086121343745813,1,sideways,1,sideways,0.004131527140246969,0.9724167025223744,0.023451770337378507
2021-04-29,5164.169,0.8737817801048999,0.03437358459802553,-0.07817056335685368,-0.0494559724904432,-0.23384807894551862,1,sideways,1,sideways,0.00435337790522557,0.9687394180889365,0.02690720400583782
2021-04-30,5123.489,-0.7908546731959192,0.03249445836616416,-0.05332577077846756,-0.04543856735127161,-0.21813182384113627,1,sideways,1,sideways,0.004880694057857085,0.9757200845924098,0.019399221349733164
2021-05-06,5061.124,-1.2247059266949962,0.038363414925222106,-0.04938705315261982,-0.043721118075747634,-0.21126077922611652,1,sideways,1,sideways,0.006511200269470921,0.9780676491452908,0.015421150585238389
2021-05-07,4996.053,-1.29403923246849,0.05729002474553413,-0.012473246380692915,-0.03501584150528425,-0.19944844460216893,1,sideways,1,sideways,0.007691868343346137,0.9790335222904779,0.013274609366176091
2021-05-10,4992.422,-0.07270379432177798,0.057127582564134416,-0.011610396717264715,-0.02477354678751098,-0.18324212175973897,1,sideways,1,sideways,0.004606818687366692,0.9826706325139667,0.012722548798666682
2021-05-11,5023.06,0.611814699869018,0.04161945109156573,-0.008801806070403373,-0.03597687465409549,-0.1929258260900727,1,sideways,1,sideways,0.0038044030123038446,0.9808895506900922,0.015306046297603943
2021-05-12,5044.548,0.42687463854110297,0.038041267522878064,-0.01900626180977949,-0.03892677797891897,-0.2151617944759372,1,sideways,1,sideways,0.003425098154784888,0.98055810036193,0.01601680148328511
2021-05-13,4992.974,-1.0276331920026565,0.055776777527781984,-0.014301897025700616,-0.029287154309235452,-0.20224339241502165,1,sideways,1,sideways,0.004760541992039237,0.9821598334579442,0.013079624550016445
2021-05-14,5110.59,2.3283133218508945,0.022328733081699026,-0.02446429864262245,-0.05662692565828997,-0.2186724037733413,1,sideways,1,sideways,0.015803927930252683,0.9333480260798406,0.05084804598990674
2021-05-17,5184.985,1.4452091283626025,-0.003553530048785003,-0.027355334682742538,-0.05522330344253634,-0.22829111366763832,1,sideways,1,sideways,0.014015597360838124,0.9127593430816074,0.07322505955755443
2021-05-18,5187.601,0.050440652995602187,-0.020647308842757894,-0.03320610046917627,-0.057680997439856996,-0.2233369528612551,1,sideways,1,sideways,0.008391961838600541,0.9380818337205946,0.05352620444080487
2021-05-19,5172.272,-0.2959304846102918,-0.013607173017969654,-0.038459114292519914,-0.056047709787884314,-0.20895150139049146,1,sideways,1,sideways,0.006211834725236559,0.9568375076639339,0.03695065761082943
2021-05-20,5186.412,0.2730078218913397,-0.01618575616437723,-0.04635748181980148,-0.0584394375147983,-0.21271642129472168,1,sideways,1,sideways,0.0047432771744860035,0.964766453720931,0.03049026910458293
2021-05-21,5134.148,-1.0128219161153176,-0.008523906985151153,-0.037607018730274167,-0.048380763468447,-0.20345732144846618,1,sideways,1,sideways,0.005930133257087396,0.9724344441785042,0.021635422564408514
2021-05-24,5155.588,0.4167265521180795,-0.0064842264354714185,-0.061716529714942236,-0.06167463342687585,-0.19192825338254327,1,sideways,1,sideways,0.0043212828246732915,0.9749168135076518,0.02076190366767501
2021-05-25,5318.478,3.110599721673674,-0.03216784952386753,-0.07976718151320727,-0.08055312064842612,-0.2142246334383634,1,sideways,1,sideways,0.04951096189576767,0.8047410502555943,0.14574798784863824
2021-05-26,5320.593,0.03975911107014685,-0.030939972292562068,-0.0861659593206997,-0.07671964384421048,-0.20689066049592597,1,sideways,1,sideways,0.023427775117918194,0.8681289936918586,0.10844323119022325
2021-05-27,5338.233,0.33099360295106,-0.01840777650582137,-0.10658302101088513,-0.07959319123013187,-0.21777955364630952,1,sideways,1,sideways,0.012838325451719946,0.901706543233457,0.08545513131482306
2021-05-28,5321.089,-0.32167176829447947,-0.013029099870346061,-0.09118640939852729,-0.0760053064325742,-0.20335968821419836,1,sideways,1,sideways,0.00884152681543361,0.9338712025570853,0.0572872706274811
2021-05-31,5331.57,0.19677722495351113,-0.02645093283967004,-0.08312373278415164,-0.08161348345796826,-0.21423651944924282,1,sideways,1,sideways,0.00616708366555709,0.9497611735441928,0.04407174279025023
2021-06-01,5341.68,0.18944563321768906,-0.022022846744844338,-0.08303061958035673,-0.09015010258944745,-0.2095537359033114,1,sideways,1,sideways,0.0048938377939893255,0.9605209414448022,0.03458522076120863
2021-06-02,5289.974,-0.9726879311060538,-0.011400812177904895,-0.09231897926152377,-0.08290229781847702,-0.19125916308851432,1,sideways,1,sideways,0.0060040834801700456,0.9699810056927689,0.024014910827061114
2021-06-03,5255.286,-0.6578903718574981,-0.03314167868313922,-0.08148804841449164,-0.08053986024737758,-0.1912788381070032,1,sideways,1,sideways,0.005128472977222613,0.9769840815325131,0.017887445490264296
2021-06-04,5282.277,0.5122827550896959,-0.037197026963939894,-0.0887887931662803,-0.08299943376691532,-0.1842449761722076,1,sideways,1,sideways,0.004025989026525915,0.9773380182055627,0.0186359927679113
2021-06-07,5277.627,-0.0880689881375922,-0.0368580424497601,-0.08943735508401796,-0.07985861827673701,-0.17947346411559595,1,sideways,1,sideways,0.003522532755894504,0.9806706421956243,0.015806825048481198
2021-06-08,5232.117,-0.8660588585054166,-0.017512414191043546,-0.06931381695019445,-0.06328203287502943,-0.17326657641639132,1,sideways,1,sideways,0.004325616316852321,0.9827905066549789,0.012883877028168704
2021-06-09,5236.449,0.08276205637465117,-0.02830009420506152,-0.0700929198393796,-0.06566052681884227,-0.18444293069597362,1,sideways,1,sideways,0.0034290749724108136,0.9838267785669761,0.012744146460613186
2021-06-10,5271.466,0.6664905383033353,-0.03832520213542123,-0.08126847446232233,-0.06627454298291979,-0.17596395386027353,1,sideways,1,sideways,0.0034420584926443563,0.9809553706612798,0.015602570846075945
2021-06-11,5224.703,-0.8910548106926198,-0.01760750802485822,-0.055692543671860495,-0.043786795153714975,-0.15884749812573085,1,sideways,1,sideways,0.004347571905261484,0.9828864210472078,0.012766007047530732
2021-06-15,5166.56,-1.1190864247351198,-0.004734484840977382,-0.033626049053916085,-0.017007447895698635,-0.1398021120436035,1,sideways,1,sideways,0.005432999708220584,0.9832473361751073,0.011319664116672118
2021-06-16,5080.491,-1.6799179419641879,0.0005105805718383927,-0.021328450340725058,-0.0049943991633879525,-0.11612539024279345,1,sideways,1,sideways,0.009948797312421992,0.9784326886352654,0.011618514052312416
2021-06-17,5101.892,0.4203540863180477,0.00971619940210422,-0.025849037964739363,-0.003545939427961109,-0.13338875068307987,1,sideways,1,sideways,0.005434756007440635,0.9808113491621857,0.013753894830373693
2021-06-18,5102.466,0.011250095314283757,-0.00150770235411668,-0.017431571322572337,-0.01034225411791101,-0.12101109541935207,1,sideways,1,sideways,0.0038317961744213026,0.9830293691159492,0.013138834709629447
2021-06-21,5090.385,-0.23704860705083217,0.00453993165546418,-0.01939440729925146,-0.0165971729053892,-0.12251863071260827,1,sideways,1,sideways,0.0033906611084902087,0.9846418361610006,0.011967502730509174
2021-06-22,5122.158,0.6222368417968204,-0.0025700105307178145,-0.040021412849818416,-0.017068196646804035,-0.12223910312801767,1,sideways,1,sideways,0.003356521618284445,0.9819677096282776,0.014675768753437983
2021-06-23,5147.394,0.49147325603093706,-0.0006510090348631481,-0.054411028182416166,-0.03742359726106059,-0.12780370028018073,1,sideways,1,sideways,0.0032998169235836424,0.9807821314067217,0.015918051669694705
2021-06-24,5155.974,0.16654752083537114,-0.0008188559523379935,-0.06754805202663938,-0.05344402434923068,-0.14197201149579108,1,sideways,1,sideways,0.0031710010585775123,0.981805829063979,0.01502316987744345
2021-06-25,5239.968,1.6159349048583584,-0.02876735125099994,-0.07328823382127525,-0.0623062965270017,-0.15200360002198476,1,sideways,1,sideways,0.006191946208657342,0.9631101595564748,0.030697894234867813
2021-06-28,5251.76,0.22478670749608276,-0.06216220847868148,-0.08187579021128155,-0.06422723049034995,-0.1567053711517663,1,sideways,1,sideways,0.004548229854828179,0.9697650197883004,0.025686750356871353
2021-06-29,5190.545,-1.172455722045267,-0.08462155708119279,-0.06499298243248064,-0.04658585948103722,-0.1610482136268927,1,sideways,1,sideways,0.006342654636544121,0.9746164526215175,0.01904089274193833
2021-06-30,5224.041,0.6432539036785344,-0.0887355210267301,-0.07170942953931647,-0.057942883679511725,-0.17427562302822652,1,sideways,1,sideways,0.004655480581231529,0.97460297149739,0.02074154792137857
2021-07-01,5229.664,0.10757909358076721,-0.07254557845398868,-0.06736455726409951,-0.05934224454955428,-0.17366354702711295,1,sideways,1,sideways,0.003747976125225939,0.97819601749619,0.01805600637858403
2021-07-02,5081.117,-2.881591196150115,-0.05312749145512696,-0.03882787977525415,-0.024631001411697495,-0.14938506631514303,1,sideways,1,sideways,0.04979163981574095,0.9240761770736668,0.026132183110592386
2021-07-05,5085.792,0.0919650275121493,-0.02989819481410183,-0.04952306346779434,-0.03977984156646608,-0.16462824275943655,1,sideways,1,sideways,0.019419345254104693,0.9555450340825944,0.02503562066330098
2021-07-06,5083.104,-0.05286709712846575,-0.029243155363337214,-0.042635562837195606,-0.031790221093253246,-0.1555187538952577,1,sideways,1,sideways,0.008917308893892053,0.9699518587565535,0.021130832349554523
2021-07-07,5140.49,1.1226307049175561,-0.03144486226021248,-0.040958935821293285,-0.038929557299012374,-0.16946828026122018,1,sideways,1,sideways,0.00707962834723687,0.9639133742249715,0.0290069974277917
2021-07-08,5088.257,-1.0213069894214837,-0.02743316620996139,-0.029885479448070296,-0.03350695532871062,-0.15810011168854088,1,sideways,1,sideways,0.007060318933142464,0.9720169226086691,0.02092275845818842
2021-07-09,5069.436,-0.3705766956848254,-0.029169122561168548,-0.03661137057455688,-0.039711715464994524,-0.16439264644035345,1,sideways,1,sideways,0.00488714577888505,0.978524186104986,0.016588668116129007
2021-07-12,5132.709,1.2404021166503738,-0.02866829192927156,-0.0375240443204552,-0.06126920501435007,-0.17426957187715097,1,sideways,1,sideways,0.005488130072679496,0.968822041993422,0.025689827933898495
2021-07-13,5142.099,0.18277718890974032,-0.019243309006691578,-0.04443457817517715,-0.06217888842669117,-0.18075400726434865,1,sideways,1,sideways,0.004165998060967809,0.9739484513032352,0.02188555063579693
2021-07-14,5083.085,-1.1543001134250992,-0.013327339597901555,-0.029701844450761627,-0.04702655965816038,-0.16468522560610344,1,sideways,1,sideways,0.00587998092062382,0.9773921364184358,0.016727882660940278
2021-07-15,5151.463,1.3362391270152159,-0.034575032374298376,-0.053710567269919296,-0.06865797153158226,-0.17983765000350382,1,sideways,1,sideways,0.006405159234483261,0.9660022564039812,0.027592584361535544
2021-07-16,5094.773,-1.106563980478184,-0.029204441493271616,-0.03376990495945553,-0.0489116983229676,-0.1705865992459331,1,sideways,1,sideways,0.007087944277814713,0.9727437993939602,0.020168256328225123
2021-07-19,5113.495,0.36680112612552335,-0.033719989948166496,-0.039759499129264686,-0.0679722968341614,-0.18449084236906466,1,sideways,1,sideways,0.00463980512810828,0.9759439301188221,0.019416264753069755
2021-07-20,5108.994,-0.08806075097495347,-0.05315938910869722,-0.03542341212379585,-0.07482138362268576,-0.1801364417339304,1,sideways,1,sideways,0.0037509090897084917,0.9799076670319903,0.016341423878301307
2021-07-21,5144.043,0.6836830204028786,-0.04856199685733564,-0.03583134899922091,-0.07324336130160647,-0.2015960986329235,1,sideways,1,sideways,0.0036847283472915865,0.9776259498820752,0.01868932177063334
2021-07-22,5151.752,0.14975048436052518,-0.056216409485549845,-0.03343095708023214,-0.06568736227986138,-0.21056467780281352,1,sideways,1,sideways,0.0033711509421361138,0.9797981828791941,0.016830666178669774
2021-07-23,5089.228,-1.2210701879162482,-0.06287004630171811,-0.024783719652568204,-0.06068700400139282,-0.19407481842039698,1,sideways,0,bear,0.0055130277465761735,0.9806926730973695,0.013794299156054388
2021-07-26,4925.299,-3.2741165677188695,-0.018155445994243236,-0.005509310196193162,-0.02066676561159031,-0.15600839664759436,1,sideways,0,bear,0.11405654935289256,0.8592271331538722,0.02671631749323542
2021-07-27,4751.313,-3.596398253921202,0.02885034094786021,0.02374606766592735,0.0058933183311644655,-0.12696237860987059,0,bear,0,bear,0.7440650322642411,0.23302224064887372,0.022912727086885146
2021-07-28,4760.483,0.1928132781851018,0.028920174696559053,0.03114957032721266,0.005515196672270406,-0.12691821397114533,0,bear,0,bear,0.44592626687787074,0.43363226251278064,0.12044147060934873
2021-07-29,4850.275,1.8686270689104838,-0.010033657885377467,0.008331486359021145,-0.03542562019679285,-0.1526795903325069,1,sideways,0,bear,0.3512389273198712,0.38571082875450347,0.2630502439256252
2021-07-30,4811.17,-0.8095106590805032,0.0032991974925018486,0.005960296559880396,-0.020547808537216605,-0.1283735557047455,1,sideways,0,bear,0.2210931372495744,0.5401850660501804,0.2387217967002451
2021-08-02,4933.736,2.5156212610646165,-0.024416790845720016,-0.02282732598582493,-0.0636148752182929,-0.15051149879117975,2,bull,2,bull,0.2581761836623142,0.2859618497016097,0.45586196663607587
2021-08-03,4934.458,0.01463287003251933,-0.026111885033776705,-0.013317774718114794,-0.07512192828472741,-0.15174493328345273,2,bull,1,sideways,0.1404233622293857,0.41794431704100565,0.4416323207296087
2021-08-04,4978.848,0.8955699882489312,-0.02197074503981644,-0.027416382263527717,-0.06924453206846237,-0.16088279859115995,1,sideways,1,sideways,0.07887551029294772,0.46385452753391676,0.45726996217313554
2021-08-05,4948.67,-0.6079685366403997,-0.016016222540601865,-0.020306466181822524,-0.06868451523338592,-0.147860132116306,1,sideways,1,sideways,0.058384104005906615,0.5964839968169706,0.34513189917712284
2021-08-06,4921.565,-0.5492284253734767,-0.01595082052152108,-0.015202684511938735,-0.05475981725325174,-0.15065634610129086,1,sideways,1,sideways,0.04027455980996225,0.7138923135395581,0.24583312665047966
2021-08-09,4985.563,1.2919766497749554,-0.01039742151488221,-0.03296919525437747,-0.06934021293081638,-0.16738109617710184,1,sideways,1,sideways,0.031586747263070536,0.6864696592990591,0.28194359343787045
2021-08-10,5043.148,1.1484154421361747,-0.009977696470537922,-0.02865174688508043,-0.08759469283867927,-0.17087561182023614,1,sideways,1,sideways,0.026517633187285807,0.6745560195329261,0.2989263472797883
2021-08-11,5015.341,-0.5529075160265876,-0.008615366333017183,-0.025315526900364316,-0.09244695425495497,-0.17032919596095264,1,sideways,1,sideways,0.023480390243261203,0.7731689541105773,0.2033506556461615
2021-08-12,4973.351,-0.8407556734222937,-0.0006711772404561778,-0.018292093198328474,-0.07504959935464028,-0.179140985625185,1,sideways,1,sideways,0.020967100247778224,0.846442791313664,0.1325901084385577
2021-08-13,4945.983,-0.5518126407604255,0.01365532392650759,-0.012669271204531096,-0.06631522995529915,-0.16776098906931147,1,sideways,1,sideways,0.01447940880187376,0.8989645142782603,0.08655607691986596
2021-08-16,4941.068,-0.09942298072236287,0.010239081915083936,-0.01119474575132351,-0.06312461192600471,-0.16869267939643817,1,sideways,1,sideways,0.009063434328708516,0.9304172632918798,0.06051930237941171
2021-08-17,4837.403,-2.120349568991214,0.016487979190487057,4.4652058139416084e-05,-0.03848490605393029,-0.1546040303030366,1,sideways,1,sideways,0.028240496640160904,0.9215868828889733,0.0501726204708658
2021-08-18,4894.238,1.1680588339462414,-0.005500141186431828,-0.0008540655358403315,-0.05310816515257333,-0.1672260319175325,1,sideways,1,sideways,0.017441729231041255,0.9198846283151654,0.06267364245379342
2021-08-19,4862.139,-0.6580130271465431,-0.011196923823033389,0.010337014223575247,-0.059230309952060134,-0.1611017290949518,1,sideways,1,sideways,0.011096283341526299,0.9470925127228739,0.04181120393559995
2021-08-20,4769.268,-1.9285630538575602,0.01817301942352567,0.030209667395499684,-0.03065900259746368,-0.1521256511481427,1,sideways,1,sideways,0.022762796718589273,0.9431644469036393,0.034072756377771636
2021-08-23,4835.878,1.3869870968919549,-0.0029177741870245466,0.01670430891763619,-0.06339262487597896,-0.1679663961745933,1,sideways,1,sideways,0.01659555157236444,0.9318946120519721,0.05150983637566348
2021-08-24,4888.39,1.080030094688769,-0.007199507404278438,0.0016471680860159488,-0.06443123400547013,-0.17857904136126623,1,sideways,1,sideways,0.011358225388630605,0.9290686340282612,0.059573140583108065
2021-08-25,4898.157,0.19960059953068707,-0.009948435707552883,-0.007764144758936831,-0.06461838605826653,-0.17269291286498167,1,sideways,1,sideways,0.007091028933198204,0.9469693017267395,0.045939669340062286
2021-08-26,4801.609,-1.9907941838394314,0.01577825266488775,0.010374439068237207,-0.03788792465192414,-0.15549496012690744,1,sideways,1,sideways,0.019939965870798215,0.9425779898190865,0.03748204431011536
2021-08-27,4827.043,0.5282994785830617,0.011763930837160652,0.0010323090140278435,-0.05146877705460673,-0.16352847902950096,1,sideways,1,sideways,0.009876569486447204,0.9549437708275218,0.03517965968603106
2021-08-30,4813.27,-0.28573780479800354,0.004291884727015027,0.006353476950181403,-0.05435847147573292,-0.14947904439185844,1,sideways,1,sideways,0.00618454026733681,0.9680762310972998,0.025739228635363317
2021-08-31,4805.61,-0.15927013580082808,0.012646261348715493,0.01051958024059374,-0.06433730577387664,-0.14451755344274708,1,sideways,1,sideways,0.004491702234142717,0.9753651333487534,0.020143164417103846
2021-09-01,4869.459,1.3198857170789144,0.012420681640403997,0.006481007438403408,-0.10610644837547656,-0.16513128049748438,1,sideways,1,sideways,0.0057382797845045574,0.9631937974658583,0.031067922749637166
2021-09-02,4869.411,-0.0009857406454806422,0.013714389686966255,0.004766490238757859,-0.12404374984982791,-0.17297615666453292,1,sideways,1,sideways,0.004405046676213235,0.9712951241884505,0.024299829135336345
2021-09-03,4843.062,-0.5425819900204192,0.008419260377009463,0.016320253591632694,-0.12734010012673813,-0.18797591275932457,1,sideways,1,sideways,0.004279108551790805,0.9776286522598452,0.018092239188364004
2021-09-06,4933.726,1.854731820768264,0.0012937483759740687,0.012607915397004232,-0.1298995931269793,-0.20384715324685643,1,sideways,1,sideways,0.008922003713025007,0.9489034845931485,0.04217451169382633
2021-09-07,4992.829,1.190819945579937,-0.015866155239844915,0.01719686374197882,-0.13745854304243144,-0.21230308508462836,1,sideways,1,sideways,0.008141136334615016,0.9392824654693546,0.05257639819603037
2021-09-08,4972.132,-0.4153961016250667,-0.008049665616278734,0.016690023515063768,-0.16036863059950934,-0.21487703866269026,1,sideways,1,sideways,0.006305434204306079,0.9579614254513115,0.03573314034438242
2021-09-09,4970.013,-0.04262661693397605,-0.01916252532941065,0.022894909932831276,-0.19843026567536137,-0.22146199617586515,1,sideways,1,sideways,0.004739869051533867,0.9681568053714427,0.0271033255770235
2021-09-10,5013.522,0.8716206324923368,-0.018110821095429497,0.007215087517318031,-0.1710256781559949,-0.23087581943392288,1,sideways,1,sideways,0.004703954604787601,0.965091815511935,0.03020422988327737
2021-09-13,4991.66,-0.43701423509587106,-0.01632222547208728,0.0028525580668556927,-0.151044742630708,-0.2313825460868728,1,sideways,1,sideways,0.00440209797161287,0.973756763370767,0.021841138657620055
2021-09-14,4917.162,-1.503698496732845,0.0022073708370802247,0.02391013352824256,-0.13244631761166303,-0.20842652733426315,1,sideways,1,sideways,0.008155088276991015,0.9742146455971954,0.0176302661258137
2021-09-15,4867.319,-1.0188262646550925,0.018984989477780267,0.017964920729460987,-0.12503248708375192,-0.21338420596636476,1,sideways,1,sideways,0.007118586531716703,0.9785769821930038,0.014304431275279472
2021-09-16,4807.698,-1.232488887924833,0.03573976568411741,0.015125742091121275,-0.11489968795876948,-0.20395519851704502,1,sideways,1,sideways,0.007603844369555203,0.9798566082267468,0.012539547403698049
2021-09-17,4855.94,0.9984314552309812,0.02206740610468838,0.011850434725305448,-0.11932252045947844,-0.2164472790026235,1,sideways,1,sideways,0.005753299587994606,0.9755671310980077,0.018679569313997633
2021-09-22,4821.768,-0.7062032047166183,0.015843980880042352,0.019222409705319743,-0.11830971544047753,-0.22830443107175624,1,sideways,1,sideways,0.004968955825770222,0.9803137432309234,0.014717300943306337
2021-09-23,4853.196,0.649679121151251,0.0022545967646887544,0.019686614758604337,-0.13982991826417068,-0.2319108892367009,1,sideways,1,sideways,0.004039846577151283,0.9787592105680903,0.017200942854758445
2021-09-24,4849.428,-0.07766971469621325,0.012236907115643403,0.014829996444941651,-0.14454529482652378,-0.21963868728435598,1,sideways,1,sideways,0.003484194364538697,0.9815771810016108,0.014938624633850414
2021-09-27,4877.37,0.574538031165726,0.002729954873220697,0.008601766935869115,-0.1523825340296101,-0.23059497229039427,1,sideways,1,sideways,0.0034247768969297822,0.9798834564648623,0.01669176663820801
2021-09-28,4883.828,0.13231984316374576,-0.009005640657287817,0.014770380938886385,-0.12894168263091987,-0.2132257728978172,1,sideways,1,sideways,0.003230277743285629,0.9813750347807321,0.015394687475982296
2021-09-29,4833.928,-1.0269950920050515,-0.002651260010492429,0.01025087671971936,-0.1264667160950681,-0.2042885206399434,1,sideways,1,sideways,0.004637874767522373,0.9826576519881567,0.012704473244320901
2021-09-30,4866.383,0.6691563003099457,0.00048475428259564524,0.01132833153494106,-0.12128617907797212,-0.21126902670833758,1,sideways,1,sideways,0.003887171329294237,0.9804201779478715,0.015692650722834278
2021-10-08,4929.941,1.297606976119233,-0.017767961117587494,0.0021160496646916993,-0.13511317883925988,-0.23395959505397723,1,sideways,1,sideways,0.00516739918323259,0.9693323044480692,0.02550029636869826
2021-10-11,4936.192,0.12671633022660142,-0.017829938543719503,-0.0037330395576183895,-0.14729816020122388,-0.23930693943833625,1,sideways,1,sideways,0.004047095112709037,0.974580531415539,0.02137237347175205
2021-10-12,4883.837,-1.066300233146378,-0.0075950528242446635,-0.00321816637205552,-0.13372067904805185,-0.23361631438559483,1,sideways,1,sideways,0.005426289002703137,0.978282166070721,0.016291544926575873
2021-10-13,4940.109,1.1456214325585157,-0.02407153364429815,-0.02467091313167391,-0.17004462856993652,-0.2645156210116012,1,sideways,1,sideways,0.005395398730800102,0.9706091629081348,0.02399543836106512
2021-10-14,4913.612,-0.5378082831059386,-0.003044399924129082,-0.018569435274905843,-0.1493074748270723,-0.2617540823329152,1,sideways,1,sideways,0.0046378663304448425,0.9773772890034401,0.017984844666115104
2021-10-15,4932.108,0.3757169969887289,-0.008866999668296072,-0.01785504291471318,-0.16065564663223109,-0.258551718656607,1,sideways,1,sideways,0.003750000804794746,0.9785416977670014,0.017708301428203916
2021-10-18,4874.775,-1.1692533334028261,0.0015596617279771685,-0.015795805960274967,-0.14015149417152573,-0.25511536429886505,1,sideways,1,sideways,0.005536213370920298,0.9802086471666321,0.014255139462447566
2021-10-19,4922.723,0.9787883150345165,-0.008004106670231104,-0.01567100159809931,-0.14909959386299,-0.2806156267577924,1,sideways,1,sideways,0.004878801209570895,0.9752255621504347,0.01989563663999439
2021-10-20,4910.185,-0.2550213384517484,-0.004975576276657678,-0.029380970370770254,-0.15148125783448085,-0.2854234616414657,1,sideways,1,sideways,0.003955708895412481,0.9799287950004737,0.016115496104113933
2021-10-21,4928.016,0.3624853674831848,-0.018343487521144453,-0.04084483491936708,-0.16093981837721294,-0.2625484576348778,1,sideways,1,sideways,0.003459680002141846,0.9803115952201436,0.016228724777714646
2021-10-22,4959.725,0.6413822672204048,-0.014046544919325221,-0.0388023529530368,-0.17923090493928595,-0.2584659431722526,1,sideways,1,sideways,0.0035233214128380184,0.9782580027042495,0.01821867588291259
2021-10-25,4979.524,0.398400848756367,-0.01348020413196116,-0.03337206528174186,-0.19754779774131026,-0.26742054059785636,1,sideways,1,sideways,0.003389519380097711,0.9786711757768326,0.017939304843069676
2021-10-26,4963.098,-0.33041616073131075,-0.01002438396340355,-0.03681571470077771,-0.19138207627574555,-0.2409630033499237,1,sideways,1,sideways,0.003446887776599015,0.9819110822229894,0.01464203000041163
2021-10-27,4898.164,-1.3169701507910339,0.0037757004461265176,-0.015241425154404742,-0.22115449788941322,-0.22924242634587155,1,sideways,1,sideways,0.005914219446313845,0.9814217748917218,0.012664005661964442
2021-10-28,4864.138,-0.6970925051816026,0.0066412589445448145,-0.017438649972512987,-0.22203687477616796,-0.22919024912533326,1,sideways,1,sideways,0.0048134617966846625,0.9839541034426068,0.011232434760708548
2021-10-29,4908.77,0.9133885286875062,-0.009909407040867624,-0.02485999547748219,-0.2064130118135501,-0.24333998129877754,1,sideways,1,sideways,0.004330222649154209,0.979292130816994,0.0163776465338517
2021-11-01,4890.685,-0.36910257829651083,-0.008027914290125171,-0.04339555706409237,-0.19824993840331162,-0.24638593571248213,1,sideways,1,sideways,0.0037754444973590426,0.9825386028614744,0.013685952641166533
2021-11-02,4839.846,-1.0449473435319676,-0.0016157538896898194,-0.026351045053912836,-0.17017173686931353,-0.21723976341395979,1,sideways,1,sideways,0.004899749119440498,0.9833447894369199,0.01175546144363954
2021-11-03,4821.112,-0.3878295192210183,0.004716546722000947,-0.041740370271422744,-0.16819812524579392,-0.21304109923187853,1,sideways,1,sideways,0.0038671977771521267,0.9852013356312371,0.010931466591610851
2021-11-04,4868.742,0.9830980655047885,-0.002583624270910412,-0.06263835709511822,-0.1971611968759076,-0.20596059515989962,1,sideways,1,sideways,0.0040804602934801735,0.9792893371175587,0.016630202588961238
2021-11-05,4842.346,-0.5436273465315069,0.01211644108041865,-0.043007253095916576,-0.19926498436914664,-0.2081544771893623,1,sideways,1,sideways,0.003922322501025011,0.982524821506213,0.013552855992762002
2021-11-08,4848.18,0.12040627525955899,0.009166532595736854,-0.04938079856770994,-0.19147638907796338,-0.21235102657079563,1,sideways,1,sideways,0.0033122414799480367,0.9833919469019561,0.013295811618095855
2021-11-09,4846.744,-0.029623749716911802,0.01554817007046383,-0.040167790995356834,-0.17956818020510268,-0.21564477100502932,1,sideways,1,sideways,0.003119647529285686,0.9843107326632624,0.012569619807451873
2021-11-10,4821.193,-0.5285731483148145,0.0362435189796384,-0.037611022831900764,-0.17888788107010034,-0.21821694339969389,1,sideways,1,sideways,0.0034146532523720977,0.9854573792044246,0.011127967543203247
2021-11-11,4898.653,1.5938861555713537,0.036752348043431304,-0.06068157920146611,-0.18577617153123527,-0.2304878504356198,1,sideways,1,sideways,0.006044712246385874,0.9691171435325723,0.024838144221041837
2021-11-12,4888.375,-0.21003319451746544,0.0341099035978214,-0.06887503515994575,-0.19062305981026417,-0.22806065410284604,1,sideways,1,sideways,0.004459115093303465,0.9761630848581172,0.019377800048579356
2021-11-15,4882.378,-0.12275411635218492,0.041255101509961145,-0.057815064708222064,-0.17952010270405117,-0.23053725049555762,1,sideways,1,sideways,0.0037055200789574334,0.9801135280974118,0.016180951823630878
2021-11-16,4883.321,0.019312493717671467,0.03406984713886296,-0.0543343351788671,-0.18254257706998978,-0.22680159670027833,1,sideways,1,sideways,0.003317303975427835,0.9820698328548624,0.014612863169709762
2021-11-17,4885.754,0.04981024406720171,0.02459088198055004,-0.05251778947527852,-0.18137548472559195,-0.23589235151831212,1,sideways,1,sideways,0.0031418008225182798,0.9831746374542886,0.013683561723193127
2021-11-18,4837.619,-0.9900966098637599,0.04074587105764227,-0.03852783776481772,-0.1571060060744759,-0.20448013785293961,1,sideways,1,sideways,0.0044141968226727455,0.9839081933724436,0.011677609804883601
2021-11-19,4890.058,1.0781506820593538,0.013231335906445318,-0.05229876619050322,-0.1709746591962713,-0.21206721883462332,1,sideways,1,sideways,0.004573042421840344,0.977074990087395,0.01835196749076464
2021-11-22,4912.399,0.45582528304509645,-0.00651026107610575,-0.06885556323906106,-0.19404877331829118,-0.20715540411110756,1,sideways,1,sideways,0.0037945294166389604,0.9776843567779177,0.01852111380544335
2021-11-23,4913.346,0.019275892116702425,2.8290293417221335e-05,-0.05908376898349921,-0.18931457300177923,-0.2121564408449964,1,sideways,1,sideways,0.0034095043469517103,0.9804595475369596,0.016130948116088586
2021-11-24,4916.658,0.06738552955475215,-0.0004482719766151222,-0.07878095242744154,-0.18785382265758577,-0.1972441442947629,1,sideways,1,sideways,0.0032111810582657507,0.9820418395083388,0.014746979433395485
2021-11-25,4896.442,-0.4120212491291777,0.010680612575416859,-0.06596973884302104,-0.18281499096691023,-0.1895752058331336,1,sideways,1,sideways,0.0033730983369202505,0.9840595229389913,0.012567378724088437
2021-11-26,4860.127,-0.7444249654790704,0.012595967142422282,-0.057299119961268685,-0.17100561363931444,-0.1855272506253438,1,sideways,1,sideways,0.003871787587310851,0.9851222970558059,0.011005915356883299
2021-11-29,4851.423,-0.1792505280938929,0.013996099701056641,-0.0477668098617664,-0.15663548612438039,-0.18391366821652122,1,sideways,1,sideways,0.0033085913015495905,0.9859033319661001,0.010788076732350195
2021-11-30,4832.026,-0.4006222564540432,0.02564928251627796,-0.052446944614950364,-0.15497619425061038,-0.17255329338045777,1,sideways,1,sideways,0.0032820088762432584,0.986478314952508,0.01023967617124878
2021-12-01,4843.851,0.24442241022921174,0.008181300374433542,-0.0603286517277265,-0.15571969492868376,-0.18382233474976817,1,sideways,1,sideways,0.0030294373409684387,0.9854792260588084,0.011491336600223017
2021-12-02,4856.163,0.25385544003973576,0.01345671469429699,-0.07407762054115552,-0.1421035496543258,-0.18748999982084613,1,sideways,1,sideways,0.002980629719483926,0.9846484744899006,0.0123708957906155
2021-12-03,4901.018,0.9194318725090304,0.008029964386990551,-0.11186247428595442,-0.14729368469979098,-0.1930480565466195,1,sideways,1,sideways,0.003633134961349316,0.9790692340931634,0.017297630945487225
2021-12-06,4892.621,-0.1714786926005891,0.005139167738518857,-0.1281991799487433,-0.13751504561665417,-0.19225523497528219,1,sideways,1,sideways,0.0033946010680328143,0.9819309995421794,0.014674399389787795
2021-12-07,4922.102,0.6007523322844756,-0.010967265611318111,-0.1413534298964142,-0.15164801542105377,-0.19663854995284535,1,sideways,1,sideways,0.0034117046939911525,0.9799219370705838,0.016666358235425064
2021-12-08,4995.93,1.4887905918848179,-0.0355685528019809,-0.14073315678962672,-0.15151052957107092,-0.22072146727436137,1,sideways,1,sideways,0.005756029490847838,0.964070505262588,0.03017346524656413
2021-12-09,5078.69,1.642977336321502,-0.05046990464076362,-0.15204078217020522,-0.1751114952871704,-0.24606207506266375,1,sideways,1,sideways,0.008821859645742981,0.9379426122197544,0.0532355281345025
2021-12-10,5055.117,-0.46523567142435635,-0.04175412755036134,-0.17415205226703956,-0.16474514833187848,-0.24224543170810886,1,sideways,1,sideways,0.006688473914707414,0.9573288306857262,0.03598269539956647
2021-12-13,5083.801,0.5658212548392905,-0.056262430413778985,-0.21637137252225258,-0.158460765871835,-0.24544096041524843,1,sideways,1,sideways,0.005149817026939134,0.961545767758512,0.03330441521454883
2021-12-14,5049.695,-0.6731364729820383,-0.04042145119655738,-0.17696395524878228,-0.158352930226479,-0.24189104490469227,1,sideways,1,sideways,0.00512620907926144,0.9715925983555285,0.023281192565210163
2021-12-15,5005.899,-0.8710828406754727,-0.04793944104745229,-0.1534595484247685,-0.13920676385999808,-0.2322080409532834,1,sideways,1,sideways,0.005324767461212063,0.9773422674467491,0.017332965092038664
2021-12-16,5034.732,0.574328032875831,-0.06117505360761999,-0.15270524826346266,-0.13988808143114673,-0.22779325692013008,1,sideways,1,sideways,0.004147311963183275,0.9771438403979299,0.01870884763888673
2021-12-17,4954.76,-1.6011566660169552,-0.03783916879929605,-0.14047380700578838,-0.12698778548305067,-0.2186777967045831,1,sideways,1,sideways,0.008589039340238415,0.9754090492159863,0.016001911443775472
2021-12-20,4880.418,-1.5117858751066886,-0.013742880220505738,-0.12808800393736763,-0.12494728935103516,-0.20976010661381872,1,sideways,1,sideways,0.010969300361335785,0.974753822694198,0.014276876944466194
2021-12-21,4913.485,0.6752594067490638,-0.02709014070461191,-0.12963670388736304,-0.11592728989708934,-0.21203911276822862,1,sideways,1,sideways,0.006276578645439669,0.9761595915708837,0.01756382978367669
2021-12-22,4914.454,0.01971929217591261,-0.01850561629023284,-0.1349382861249694,-0.1057456230132584,-0.2088848527221946,1,sideways,1,sideways,0.004214309857963797,0.9800970861103353,0.015688604031700932
2021-12-23,4948.739,0.6952137728434665,-0.03423599426035584,-0.15643682158222527,-0.10194011039984119,-0.21334546032837853,1,sideways,1,sideways,0.003852485526165788,0.977853491417093,0.018294023056741306
2021-12-24,4921.345,-0.5550929524103838,-0.027351669106717824,-0.15704629527090663,-0.08754273476051777,-0.19359890436455895,1,sideways,1,sideways,0.0039046341311524744,0.9815933685436816,0.014501997325165895
2021-12-27,4919.324,-0.04107444378861607,-0.04896465449317822,-0.159611361235812,-0.1012267132638549,-0.19076503194341332,1,sideways,1,sideways,0.0033534670881234956,0.9833055016435014,0.01334103126837515
2021-12-28,4955.964,0.7420577127783707,-0.049163593601567745,-0.14162027811340028,-0.09502752643078105,-0.19024431977310574,1,sideways,1,sideways,0.0035274823665157914,0.9798150443086502,0.016657473324834037
2021-12-29,4883.48,-1.4733619344351463,-0.053978515321041365,-0.13533033820144647,-0.08534119111780936,-0.17733378656204168,1,sideways,1,sideways,0.006998530150964705,0.9787393379548449,0.01426213189419035
2021-12-30,4921.511,0.7757516701914805,-0.07268885510974177,-0.13112903740335036,-0.08645332703716413,-0.18520328411335474,1,sideways,1,sideways,0.004994993359959008,0.9769601649502327,0.018044841689808296
2021-12-31,4940.373,0.382523724670682,-0.06199592621852634,-0.13693945781016925,-0.09125525542302171,-0.18672760133698396,1,sideways,1,sideways,0.0038778227989890875,0.9782980175377436,0.017824159663267395
2022-01-04,4917.765,-0.45866754218306766,-0.06283179452454524,-0.14410306307845122,-0.10041045068237298,-0.1714982314120338,1,sideways,1,sideways,0.003761218481626916,0.9818777653250989,0.014361016193274262
2022-01-05,4868.12,-1.014633339837157,-0.044382431000057565,-0.13092384739899599,-0.08722997789701148,-0.1499872640773029,1,sideways,1,sideways,0.004817164875993773,0.9830577769121881,0.01212505821181825
2022-01-06,4818.232,-1.03007698082091,-0.03701959556949519,-0.1490509381864552,-0.08082861099257987,-0.14133607514125512,1,sideways,1,sideways,0.00530094671130928,0.9838015002109364,0.010897553077754375
2022-01-07,4822.369,0.08582453010839859,-0.04582270664065713,-0.13321170569900387,-0.09699631031967892,-0.14350934157050188,1,sideways,1,sideways,0.0037009068534237834,0.9847790485790913,0.01152004456748489
2022-01-10,4844.045,0.4484814395862308,-0.06035389844644301,-0.1453966674545757,-0.10950084072299071,-0.1420376978331127,1,sideways,1,sideways,0.003301421359219549,0.983354551467313,0.013344027173467428
2022-01-11,4797.774,-0.9598055142243209,-0.04120056509539638,-0.12635151218044038,-0.09927770670315017,-0.12844435773756757,1,sideways,1,sideways,0.004388853221040019,0.9841374467620082,0.011473700016951707
2022-01-12,4845.579,0.9914682498024026,-0.04696858724210262,-0.1355528410536696,-0.1080376565937734,-0.13295294535493063,1,sideways,1,sideways,0.004336775231528729,0.978388628673147,0.017274596095324224
2022-01-13,4765.919,-1.6576359698423864,-0.02869415111754936,-0.12579630497287086,-0.10856080432755988,-0.12779508002548923,1,sideways,1,sideways,0.009181384351490348,0.9755079420580152,0.015310673590494385
2022-01-14,4726.732,-0.8256328522904283,-0.01597213465878755,-0.12520912969044995,-0.09184908304511441,-0.11229724892378079,1,sideways,1,sideways,0.006670024519260142,0.9803911196313964,0.0129388558493435
2022-01-17,4767.276,0.8541017970495468,-0.027890560563306965,-0.14609747788884042,-0.10444874599247023,-0.12294798958566688,1,sideways,1,sideways,0.004996044308612002,0.9774422290284296,0.017561726662958424
2022-01-18,4813.347,0.9617611531970904,-0.049693903223681835,-0.1698437698341715,-0.11001575411039344,-0.13955258160278083,1,sideways,1,sideways,0.004716258877652352,0.9725289613522624,0.022754779770085116
2022-01-19,4780.378,-0.6873061253065786,-0.032911832495254534,-0.16047433905854303,-0.11386547256304835,-0.145072209770859,1,sideways,1,sideways,0.004636893718364166,0.9783205458687737,0.017042560412862198
2022-01-20,4823.509,0.8982048617112506,-0.06099086785159924,-0.20910005558194256,-0.12133801346695938,-0.1511917983360247,1,sideways,1,sideways,0.0044079038725207305,0.9741002854401252,0.02149181068735412
2022-01-21,4779.314,-0.9204649931964993,-0.04307919504765745,-0.20822946556765265,-0.11856722533819708,-0.14712843726107971,1,sideways,1,sideways,0.00509021130357509,0.9786481393738236,0.0162616493226015
2022-01-24,4786.738,0.15521557880897174,-0.04284587959483066,-0.1861814872675296,-0.11297087912478199,-0.13702045108798522,1,sideways,1,sideways,0.0037760901948922817,0.9808921185349431,0.015331791270164515
2022-01-25,4678.451,-2.288210511124992,-0.012560781335531845,-0.1618792202803877,-0.09691562442355384,-0.12229282726269863,1,sideways,1,sideways,0.018969839846618097,0.9636394523943435,0.017390707759038303
2022-01-26,4712.311,0.7211373632421076,-0.02837461279614184,-0.1477130859996294,-0.10326949982715483,-0.12069173702669456,1,sideways,1,sideways,0.009498654210104311,0.9692393339522274,0.02126201183766826
2022-01-27,4619.877,-1.9810364506446385,-0.014772904127101416,-0.1319660674948706,-0.09735648806234465,-0.10272719381922946,1,sideways,1,sideways,0.02022588802383477,0.9597904156647646,0.01998369631140043
2022-01-28,4563.772,-1.221860678942866,-0.01475577658130156,-0.14351220876064796,-0.08218946958787599,-0.09642966388329643,1,sideways,1,sideways,0.015341534472366554,0.967939436995698,0.01671902853193546
2022-02-07,4634.09,1.5290372914346482,-0.06070490646491544,-0.16327995356154068,-0.11373667753539529,-0.11665763936393125,1,sideways,1,sideways,0.013289553840551879,0.9539978008290518,0.03271264533039627
2022-02-08,4608.773,-0.5478186426581642,-0.07450616465597248,-0.14947687811918708,-0.11755797041859084,-0.12460279558138365,1,sideways,1,sideways,0.007964393170994084,0.9683545222272906,0.023681084601715294
2022-02-09,4652.061,0.9348686149220822,-0.0915110528430303,-0.1452341231123152,-0.1183398068082081,-0.1114712382318288,1,sideways,1,sideways,0.0060666635847394755,0.965552255455287,0.02838108095997344
2022-02-10,4639.863,-0.2625507269974748,-0.07479229451386815,-0.1467980843399903,-0.10408755603344322,-0.10679388594016681,1,sideways,1,sideways,0.004617024087267564,0.9740107329322346,0.02137224298049778
2022-02-11,4601.395,-0.8325321549866439,-0.06408339210174319,-0.13317591730333966,-0.09851794944793923,-0.10745523911770238,1,sideways,1,sideways,0.004915390478199392,0.9789023374122738,0.016182272109526667
2022-02-14,4551.688,-1.0861365215891419,-0.08281103625731823,-0.1307536896202025,-0.08686821240823184,-0.09843425120526728,1,sideways,1,sideways,0.005735731499685979,0.980942163147777,0.01332210535253691
2022-02-15,4600.103,1.0580541374275336,-0.13397330451079037,-0.12917319460020782,-0.10659891745902206,-0.11718368045237249,1,sideways,1,sideways,0.005154293023585992,0.9749464196859168,0.019899287290497152
2022-02-16,4617.989,0.38806343972083823,-0.10002362500213824,-0.1355745975141992,-0.09191143590857409,-0.12432792715617114,1,sideways,1,sideways,0.003986298441077632,0.976795515987249,0.01921818557167328
2022-02-17,4629.165,0.2417177315646288,-0.08456579102278705,-0.13600012097214076,-0.0946203040937188,-0.12090863039014599,1,sideways,1,sideways,0.003503122867531532,0.9787896859261815,0.01770719120628704
2022-02-18,4651.236,0.47564844690313696,-0.08284550601173535,-0.1233297987889671,-0.10009317953335406,-0.11272143576460103,1,sideways,1,sideways,0.0034215557345890243,0.9784820717309572,0.01809637253445379
2022-02-21,4634.314,-0.36448069814972694,-0.08104068908580653,-0.125225006333192,-0.09849936797549752,-0.11146763037636209,1,sideways,1,sideways,0.003495598723661304,0.9818385384557318,0.01466586282060695
2022-02-22,4574.153,-1.3066638773539787,-0.06970864332697224,-0.13445090271357352,-0.07808964850978972,-0.09698014036697067,1,sideways,1,sideways,0.005892576874134259,0.9814455765300033,0.012661846595862496
2022-02-23,4623.047,1.0632466537356218,-0.07495705754235238,-0.13840849984869286,-0.0958127832141874,-0.1111900874033942,1,sideways,1,sideways,0.005216755958057021,0.9754623275796656,0.019320916462277377
2022-02-24,4529.319,-2.0482414444662327,-0.061380750616152446,-0.1184005807495565,-0.08351034669891888,-0.10607930242934982,1,sideways,1,sideways,0.01602492940644224,0.9651855749217195,0.018789495671838356
2022-02-25,4573.425,0.96907800922764,-0.08721056975898822,-0.1250979298884316,-0.08571869004083377,-0.11792409408703541,1,sideways,1,sideways,0.009406802948511659,0.9654748291065143,0.02511836794497409
2022-02-28,4581.646,0.17959450472158034,-0.09454680697723028,-0.12061778670809564,-0.09179321143536612,-0.12261859602422354,1,sideways,1,sideways,0.00546734558847389,0.9727549054215398,0.021777748989986464
2022-03-01,4619.686,0.8268415208180817,-0.10510281434712221,-0.11432984839229321,-0.11629924631241162,-0.1412544056024586,1,sideways,1,sideways,0.004733629431157781,0.9703276534533998,0.024938717115442488
2022-03-02,4578.601,-0.8933244467076816,-0.07087361401441172,-0.10820423094303255,-0.10098302953238336,-0.12447361104407206,1,sideways,1,sideways,0.005279686385851024,0.9764372385078782,0.01828307510627071
2022-03-03,4551.628,-0.5908521784135302,-0.07228864046007277,-0.10151532594491453,-0.09756553039923288,-0.12455587319526107,1,sideways,1,sideways,0.004515244452497826,0.9809385367488466,0.01454621879865575
2022-03-04,4496.43,-1.2201222577202226,-0.048988197303193814,-0.0734682848393059,-0.09049601572803312,-0.11331834366375104,1,sideways,0,bear,0.006055522479695578,0.9814380137280566,0.0125064637922478
2022-03-07,4352.778,-3.246948662868602,-0.020432238905820577,-0.03989383331748142,-0.06363384486872525,-0.09502598110907567,1,sideways,0,bear,0.11230915384983682,0.8630073394992884,0.024683506650875237
2022-03-08,4265.391,-2.0280408781108745,-0.013197148866305408,-0.010685773004162957,-0.0437359669957571,-0.07187430179320009,1,sideways,0,bear,0.15178997727193583,0.8196887829347722,0.028521239793292113
2022-03-09,4226.346,-0.9196063222723887,0.0010460572797401646,-0.01198931653963009,-0.043206590279167845,-0.06797100852604099,1,sideways,0,bear,0.07861152565748884,0.89073129461962,0.03065717972289131
2022-03-10,4292.837,1.5610029780195922,-0.044904337155126206,-0.012542521414160568,-0.06271470358646292,-0.07232023950594912,1,sideways,0,bear,0.0546073963729613,0.8841808609334503,0.061211742693588374
2022-03-11,4306.522,0.31827980556807633,-0.029385429820165787,-0.027207338079313192,-0.06759422104426727,-0.07130556862358994,1,sideways,0,bear,0.022545860502116537,0.9242375261860005,0.053216613311882884
2022-03-14,4174.758,-3.10742252398946,-0.008388749719145383,0.011390600365338566,-0.02933774843955017,-0.032497213012107395,1,sideways,0,bear,0.2009354878769014,0.7350008929664665,0.06406361915663178
2022-03-15,3983.812,-4.681724269707333,0.05215005125743888,0.07390057562957297,0.01786504985677051,0.010852419742698682,0,bear,0,bear,0.984804254041221,0.008803948886109629,0.00639179707266935
2022-03-16,4156.081,4.233341308727715,0.00785980831461175,0.022612648791012324,-0.028487654595759748,-0.03455274331756297,0,bear,0,bear,0.9509763781290758,0.0003007520258311064,0.04872286984509298
2022-03-17,4237.696,1.9447162383031025,-0.016828012202857345,0.016836507385145083,-0.03395925521792975,-0.056205305902075064,0,bear,0,bear,0.7598627563154337,0.010113791105192008,0.23002345257937426
2022-03-18,4265.902,0.6633922121647059,-0.030708628562025053,0.01512716419645832,-0.03628470602465794,-0.06089169418331697,0,bear,0,bear,0.5129309011707175,0.039103692061294215,0.44796540676798835
2022-03-21,4258.746,-0.16788966959999665,-0.04413435316405345,0.015690064634049428,-0.04540937637511144,-0.051710057373696494,2,bull,0,bear,0.34256685274108106,0.09236271468535455,0.5650704325735645
2022-03-22,4255.295,-0.08106609279874664,-0.060974621030974396,0.0036021004419199976,-0.053621664302944905,-0.04802698755315438,2,bull,0,bear,0.21400414844571228,0.1686348454199962,0.6173610061342916
2022-03-23,4276.517,0.49748034222984167,-0.06156107879379402,0.01575136963094037,-0.08040047543362971,-0.04348141256073568,2,bull,0,bear,0.1226641874375675,0.23621506126027164,0.6411207513021607
2022-03-24,4251.306,-0.5912663395368157,-0.10264916239856636,0.03374633583185971,-0.07604863070312973,-0.0348601112222926,2,bull,0,bear,0.09783922621329443,0.35316723836079084,0.5489935354259149
2022-03-25,4174.574,-1.8213912680149884,-0.09353145973696952,0.06460299901259403,-0.05790722598281883,-0.018668731228623447,2,bull,0,bear,0.16892903800780784,0.4049124083132998,0.42615855367889216
2022-03-28,4148.466,-0.6273689813435337,-0.06096952463874605,0.08245240529872966,-0.05899313143701801,-0.00607115979738071,1,sideways,0,bear,0.10724273732439854,0.5483546681480763,0.34440259452752525
2022-03-29,4134.144,-0.34583336108647944,-0.051531102932070194,0.06947339038020917,-0.06405195368134253,-0.00709506006563887,1,sideways,0,bear,0.059774396886748626,0.6778780116273857,0.26234759148586556
2022-03-30,4254.099,2.8602694977282805,-0.05591266211717216,0.054279883942522256,-0.09357516127386789,-0.036188861613234646,2,bull,0,bear,0.13000037622490418,0.29777874208355243,0.5722208816915432
2022-03-31,4222.597,-0.743264711279308,-0.050297719626097304,0.05781299991450761,-0.09139399284374039,-0.029675813249523952,2,bull,0,bear,0.10267164459819536,0.425557129528643,0.4717712258731617
2022-04-01,4276.158,1.260460129225806,-0.08590491745160034,0.05141811878793989,-0.08976819846226458,-0.04844980003077537,2,bull,0,bear,0.06856958178093897,0.4098956707846579,0.5215347474344032
2022-04-06,4263.841,-0.2884545663390606,-0.09062368882892213,0.05293278994221384,-0.10205141326799017,-0.04030215948484017,1,sideways,0,bear,0.05079780367636549,0.5368568525081587,0.4123453438154758
2022-04-07,4209.1,-1.2921549119013096,-0.06871587750350439,0.0510489178209117,-0.0907455275474568,-0.014187355966833848,1,sideways,0,bear,0.06233093032856262,0.6403903535598645,0.2972787161115729
2022-04-08,4230.767,0.5134452379368523,-0.06011770442569875,0.050276226509283095,-0.10066307125871021,-0.01624646311177136,1,sideways,0,bear,0.03458923554442407,0.7081803735917781,0.25723039086379773
2022-04-11,4100.07,-3.137925376281905,-0.03447014319267716,0.08017204584311988,-0.09246988466050576,0.005972824854209913,1,sideways,0,bear,0.3206678137508857,0.45243354939465824,0.22689863685445624
2022-04-12,4179.973,1.9300740450411054,-0.04578331008358194,0.04178113112213899,-0.10820309126398664,-0.016017806813584667,2,bull,0,bear,0.25164460921067605,0.36064700605195726,0.3877083847373666
2022-04-13,4139.737,-0.9672527936383065,-0.04425377747426951,0.04200290984668831,-0.0858583528373904,-0.025888118013294048,1,sideways,0,bear,0.18128916264756328,0.49512587186142676,0.3235849654910101
2022-04-14,4191.568,1.2442629023979797,-0.044297265367041705,0.030989357681898477,-0.10470902535757509,-0.04984411561496804,1,sideways,0,bear,0.10553925022561095,0.5045201226775522,0.3899406270968368
2022-04-15,4188.747,-0.06732444082479395,-0.04699257319671013,0.03182980495121801,-0.08266839701705553,-0.05397341973626002,1,sideways,0,bear,0.0578015495643833,0.6287703943443492,0.3134280560912675
2022-04-18,4166.384,-0.5353130526099704,-0.040031355727172535,0.019715657510205542,-0.07679849000956229,-0.049719852994827174,1,sideways,0,bear,0.038144371035201304,0.7408812911781936,0.22097433778660508
2022-04-19,4134.902,-0.7584885265025543,-0.013858127713788693,0.03813488203589843,-0.07173930603433898,-0.03542599074899477,1,sideways,0,bear,0.027747621540436158,0.8252721357034474,0.14698024275611662
2022-04-20,4070.789,-1.5626789913458061,-0.004128683653218168,0.04877457416731734,-0.0722845129040095,-0.010244451382766417,1,sideways,0,bear,0.03577489523324402,0.8624642050812932,0.10176089968546255
2022-04-21,3995.83,-1.8585520821620387,-0.009178568657825736,0.07206838128749227,-0.0602886008664032,0.008613229291536406,1,sideways,0,bear,0.05312067699173235,0.8704889178516001,0.07639040515666747
2022-04-22,4013.25,0.43500695385816773,-0.007493178845075721,0.055518096305986475,-0.06736609979443098,0.000903756307232273,1,sideways,0,bear,0.02288657824026547,0.9100266584842309,0.06708676327550353
2022-04-25,3814.913,-5.06835271192154,0.04669359432312081,0.11096478478015115,-0.04758693055385532,0.06494224114678371,0,bear,0,bear,0.9626955650652101,0.020577495279248077,0.016726939655541954
2022-04-26,3784.12,-0.8104496597796382,0.05739220743528217,0.11324270900499989,-0.041400906947982596,0.06441524053148417,0,bear,0,bear,0.8088014185369907,0.0628247645835891,0.1283738168794201
2022-04-27,3895.536,2.9017919018121128,0.03426537452099021,0.0899593791457709,-0.06125806564231473,0.026012851633254064,0,bear,0,bear,0.7318990906915838,0.0174659361013888,0.25063497320702754
2022-04-28,3921.107,0.6542729716260468,0.043459920884586944,0.07751101920962622,-0.07394901490828998,0.017739123160882997,0,bear,0,bear,0.4852237575238668,0.051209799663759374,0.4635664428123738
2022-04-29,4016.241,2.3972378654305264,0.016666330531459606,0.05214627309466735,-0.1182476350398296,-0.0195404110460502,2,bull,0,bear,0.36419524029780387,0.025461578478572618,0.6103431812236236
2022-05-05,4010.21,-0.15027815244895185,0.019788988606581848,0.03987122868877191,-0.12505754062754815,-0.0028235429067305917,2,bull,0,bear,0.2430017265190704,0.06378932501873626,0.6932089484621934
2022-05-06,3908.815,-2.560935001571311,0.06581790133326848,0.07159791394578652,-0.07026221501912988,0.01775218320641936,0,bear,0,bear,0.5453656370380785,0.04568018407805481,0.4089541788838666
2022-05-09,3877.436,-0.8060148556854456,0.07780734485366092,0.05921129323604579,-0.0514853114274485,0.021336006577542532,2,bull,1,sideways,0.43300586313285006,0.09927930896247579,0.4677148279046741
2022-05-10,3919.868,1.0883869314014643,0.07651890318755639,0.03752855963517132,-0.06938269349886272,0.009235515073466871,2,bull,1,sideways,0.25149903341802193,0.13017123463162233,0.6183297319503558
2022-05-11,3976.423,1.4324691699451104,0.05010835114875878,0.03146395642515909,-0.05262216821500121,-0.008018010156364053,2,bull,1,sideways,0.15343071427960606,0.12348081869133726,0.7230884670290567
2022-05-12,3958.74,-0.4456878647837884,0.07079373740129435,0.05005910971672822,-0.04633873404163946,0.0026745883791308156,2,bull,1,sideways,0.11998933137999249,0.2065160384464628,0.6734946301735447
2022-05-13,3988.6,0.7514499319351581,0.05033169533169546,0.039982700696986395,-0.05998972070400643,-0.018906884621170295,2,bull,1,sideways,0.07715016081108377,0.24938916425055369,0.6734606749383625
2022-05-16,3956.538,-0.8070891667619478,0.06717311953025584,0.0504868144827626,-0.06123231977046606,-0.024628602075855155,2,bull,1,sideways,0.08063144985929761,0.3638393617720646,0.5555291883686378
2022-05-17,4005.893,1.2397126482447827,0.06798109684906706,0.025922809221314624,-0.07993323835659116,-0.03879110101043637,2,bull,1,sideways,0.05948332333168937,0.34751966266350615,0.5929970140048044
2022-05-18,3991.907,-0.34974653671511086,0.06466934224670062,0.050511196778882717,-0.050970125306025515,-0.03531044185147603,2,bull,1,sideways,0.05154545980701315,0.4716677391193907,0.476786801073596
2022-05-19,3999.598,0.1924794484765904,0.07736927561219908,0.047893313277984406,-0.05140041574178211,-0.04141816252533381,1,sideways,1,sideways,0.036979640573420416,0.5708929667009041,0.3921273927256756
2022-05-20,4077.6,1.931472397426772,0.06200534628212684,0.02650554247596637,-0.0518998920933883,-0.0588206297822248,2,bull,1,sideways,0.04835473842939806,0.41245616846111144,0.5391890931094905
2022-05-23,4053.982,-0.5808972082944469,0.0669919106695589,0.03055144300098034,-0.05416698939462483,-0.06300940655385245,1,sideways,1,sideways,0.04684146443215095,0.5418834963760766,0.41127503919177255
2022-05-24,3959.154,-2.366924188149616,0.0786705947785813,0.06511618391201757,-0.0354848535823562,-0.038464277974537,1,sideways,1,sideways,0.16793144462254755,0.5056625458758993,0.32640600950155335
2022-05-25,3983.178,0.6049627053899559,0.09055583255380495,0.049438413246909896,-0.045593995548278254,-0.030464116843384903,1,sideways,1,sideways,0.08276669524467026,0.5969658735547463,0.32026743120058343
2022-05-26,3993.045,0.24741046064412853,0.10060667986461458,0.03957606287933135,-0.05607700389051462,-0.03726379241906874,1,sideways,1,sideways,0.04314488483452277,0.6930960368682684,0.2637590782972088
2022-05-27,4001.299,0.2064960660427836,0.11070529845432708,0.04500988304048259,-0.05791269285299605,-0.04826832486150123,1,sideways,1,sideways,0.025136473248618302,0.7701352269114256,0.20472829983995625
2022-05-30,4029.018,0.6903615409036337,0.11454379206049703,0.03277821047212992,-0.06341222600643637,-0.05948744830626218,1,sideways,1,sideways,0.01755766112074129,0.8013484350473772,0.18109390383188162
2022-05-31,4091.518,1.5393376531099299,0.08061531196978722,-0.002223624581390027,-0.08180582365762534,-0.06631548486405292,1,sideways,1,sideways,0.021160337124462022,0.740476066919824,0.23836359595571388
2022-06-01,4083.177,-0.20406884647345114,0.09841209430793718,0.008097371238131368,-0.07528475988182737,-0.06036329064353574,1,sideways,1,sideways,0.016692803086052345,0.8182313791427969,0.16507581777115088
2022-06-02,4089.568,0.15639791288521335,0.09222245479229096,0.004396063349478396,-0.08713047441685773,-0.05994178358203128,1,sideways,1,sideways,0.012048214264374175,0.866471432052741,0.12148035368288493
2022-06-06,4166.085,1.8537404890882778,0.07919785602070051,-0.018377925558407893,-0.07624976446711962,-0.0722928120765659,1,sideways,1,sideways,0.020306586759809585,0.7773106391887477,0.20238277405144287
2022-06-07,4179.129,0.31261057230517547,0.07427600344473695,-0.02472644419447212,-0.07802869928159673,-0.0753994432811238,1,sideways,1,sideways,0.01459291339583542,0.8287281089975255,0.15667897760663912
2022-06-08,4219.812,0.9687725674306545,0.04838082834022006,-0.03340717548554295,-0.07702783915491973,-0.06974552420818747,1,sideways,1,sideways,0.013259860611366598,0.8313444412466127,0.15539569814202073
2022-06-09,4175.675,-1.0514555411252142,0.0641331042286577,-0.03159608925503077,-0.07297670436516257,-0.050847826998030254,1,sideways,1,sideways,0.016008117593125443,0.8839848898884319,0.10000699251844258
2022-06-10,4238.994,1.5049955060066311,0.04477170762685678,-0.05080946092398331,-0.06891210508908474,-0.07267903658273633,1,sideways,1,sideways,0.016744848466148408,0.8458178262906401,0.13743732524321153
2022-06-13,4189.353,-1.17796702050138,0.03944857356255249,-0.04151643463799781,-0.05278977445920652,-0.0632830415579686,1,sideways,1,sideways,0.018672499461490168,0.8918101572141893,0.08951734332432039
2022-06-14,4222.311,0.7836301748588518,0.02162488741355162,-0.040269653277553386,-0.062494212292746765,-0.08485376846944703,1,sideways,1,sideways,0.011839621903531428,0.903615347990175,0.08454503010629354
2022-06-15,4278.218,1.3153959268745166,0.010107946813369573,-0.05217943545653814,-0.07457263748598131,-0.10951335345697666,1,sideways,1,sideways,0.011935180534984996,0.8831487129266541,0.10491610653836093
2022-06-16,4250.061,-0.6603231979151568,0.016943992097995686,-0.04997034160215574,-0.059250208408773375,-0.0952052217603464,1,sideways,1,sideways,0.010333556506624363,0.9222425645376148,0.0674238789557608
2022-06-17,4309.044,1.3782733992957763,-0.014044182421901419,-0.04995469992880097,-0.0825243371847676,-0.10866563441914256,1,sideways,1,sideways,0.011004026986886115,0.9001621603335571,0.08883381267955673
2022-06-20,4330.433,0.49514672472746574,-0.008739772674002722,-0.05064574373971387,-0.0888483899877911,-0.11744529934997261,1,sideways,1,sideways,0.008096326361593544,0.9183500132016632,0.07355366043674322
2022-06-21,4325.566,-0.11245381412117234,-0.012998530134553432,-0.060155595822604435,-0.08569514371067277,-0.11168804267464638,1,sideways,1,sideways,0.006464710359213368,0.9423376201708978,0.05119766946988872
2022-06-22,4270.623,-1.2783280636251777,0.003086200772112191,-0.057018378817329296,-0.07461065984986259,-0.0884510292760563,1,sideways,1,sideways,0.009321791919960845,0.9557571757307187,0.03492103234932035
2022-06-23,4343.878,1.7007779285434208,-0.0248211390835561,-0.09466080769303364,-0.08970118405719496,-0.1024119461918589,1,sideways,1,sideways,0.012062796703010907,0.9249288904538231,0.06300831284316608
2022-06-24,4394.772,1.1648155135666973,-0.03561914019657897,-0.10621074312842627,-0.11412446424979494,-0.11968015633120443,1,sideways,1,sideways,0.010207794578457177,0.9158831572521482,0.0739090481693945
2022-06-27,4444.264,1.1198623295145116,-0.052116615934606925,-0.11507597208446674,-0.13843619550953778,-0.13534502000781234,1,sideways,1,sideways,0.009464021433764782,0.9076365123012425,0.08289946626499264
2022-06-28,4490.517,1.0353563938145462,-0.054457203925516895,-0.1306713681297721,-0.14697171840124423,-0.14804932260583803,1,sideways,1,sideways,0.009005859148907912,0.9031389306280159,0.08785521022307625
2022-06-29,4421.357,-1.5521177346416368,-0.04440288354910038,-0.12485148790292211,-0.132386731042076,-0.1305097055044412,1,sideways,1,sideways,0.01635303169189464,0.923084690593781,0.06056227771432442
2022-06-30,4485.011,1.4294285582352066,-0.0578232695527392,-0.14024268836798848,-0.1464415583373152,-0.13724046607689488,1,sideways,1,sideways,0.014531335345722984,0.9011500414652901,0.08431862318898695
2022-07-01,4466.718,-0.40870373675651284,-0.06640580399299889,-0.1410523341746669,-0.1395272770745769,-0.13953891873182944,1,sideways,1,sideways,0.009670622794280388,0.9342768428388849,0.056052534366834675
2022-07-04,4496.03,0.6540874406962348,-0.06836075382059281,-0.13428179972108722,-0.13526956003407453,-0.1329188194918628,1,sideways,1,sideways,0.006972125367333635,0.9417721116760307,0.05125576295663562
2022-07-05,4489.538,-0.14449840298568967,-0.08520119442134122,-0.1471928737433561,-0.13771439288407838,-0.13151353212735906,1,sideways,1,sideways,0.005466977069391752,0.9581245882934966,0.03640843463711164
2022-07-06,4423.97,-1.4712318133584736,-0.08069561954534055,-0.13490756040389063,-0.128226231190537,-0.12585867444851573,1,sideways,1,sideways,0.00950236402127144,0.9638439962194801,0.02665363975924831
2022-07-07,4443.474,0.4399019932333739,-0.07695262760623778,-0.14371390493114167,-0.1286920999200175,-0.1324492953036296,1,sideways,1,sideways,0.0057187943626550745,0.9693127223192562,0.02496848331808866
2022-07-08,4428.781,-0.33121260450849244,-0.061387095004246106,-0.15982817845361963,-0.12212886570819381,-0.13049076032434204,1,sideways,1,sideways,0.0044738895219017406,0.9764832867372807,0.01904282374081753
2022-07-11,4354.617,-1.6887715344642524,-0.04743057770637471,-0.14396903332715605,-0.10601827898986305,-0.12192162938784279,1,sideways,1,sideways,0.00974349261887882,0.973668195778508,0.016588311602613228
2022-07-12,4313.618,-0.945966641040285,-0.03647216791102048,-0.12270720309494265,-0.07998853862349431,-0.1139896949613991,1,sideways,1,sideways,0.007487491201033874,0.97876695649414,0.013745552304826148
2022-07-13,4321.462,0.18167757930535558,-0.04899383588239359,-0.13161957689319048,-0.07880967135659189,-0.11945980318697713,1,sideways,1,sideways,0.004514421116361866,0.9815570888396112,0.013928490044027048
2022-07-14,4322.074,0.014160871222660269,-0.029738269173549492,-0.11096617040800316,-0.07148281126144529,-0.0941582675354471,1,sideways,1,sideways,0.0035282647053164204,0.9832738714511761,0.013197863843507397
2022-07-15,4248.527,-1.7163045015587228,-0.013504680563404703,-0.09464809803491903,-0.054384260709652965,-0.08038409547591441,1,sideways,1,sideways,0.008752754330647917,0.9784115099946558,0.01283573567469622
2022-07-18,4292.586,1.0317013908020134,-0.024905033935254894,-0.1058380659117838,-0.06582395786595774,-0.09091023452995473,1,sideways,1,sideways,0.006367816355803113,0.9741960039625174,0.019436179681679412
2022-07-19,4269.34,-0.5430099984335462,-0.021432586769851936,-0.11542908271536112,-0.05890161008493111,-0.0647880000187383,1,sideways,1,sideways,0.00487644391888366,0.9797741556498082,0.015349400431308282
2022-07-20,4283.803,0.33819179183337433,-0.015603892149102072,-0.12345945880331088,-0.04888786902665687,-0.06283505567366188,1,sideways,1,sideways,0.003738553497886417,0.9806479794475577,0.015613467054555972
2022-07-21,4236.058,-1.1208046659625477,-0.01320992299916568,-0.1164207383373882,-0.023156906727906046,-0.05619776688610023,1,sideways,1,sideways,0.005239915359253403,0.9818044788067535,0.012955605833993217
2022-07-22,4238.234,0.05135532379165194,-0.020565169360634794,-0.14271533851127627,-0.02382879284154682,-0.06331387082449913,1,sideways,1,sideways,0.0037384052100636173,0.9835166341301514,0.012744960659785021
2022-07-25,4212.644,-0.6056193975274545,-0.0074174319026246716,-0.1389127588279475,-0.019543545573753707,-0.04929445735267457,1,sideways,1,sideways,0.003770455919989992,0.9850285968349886,0.011200947245021478
2022-07-26,4245.976,0.7881231815897746,-0.01999398960333254,-0.13873677100388693,-0.021189003423476738,-0.053084850220538105,1,sideways,1,sideways,0.0036895429528428637,0.9810712303993824,0.015239226647774816
2022-07-27,4225.036,-0.49439294034848713,-0.033754978655803125,-0.14056471944854432,-0.0102979004202568,-0.05559313577446445,1,sideways,1,sideways,0.003662066093866085,0.9835673850299681,0.012770548876165674
2022-07-28,4225.673,0.015075658177468435,-0.02589717661541724,-0.1619488777290623,-0.005757189446509381,-0.058201616641893494,1,sideways,1,sideways,0.0032127128918154045,0.984390273001263,0.01239701410692171
2022-07-29,4170.102,-1.3238042121456781,-0.01500107191622646,-0.1586049933550786,-0.0031759414997521995,-0.0485688359661226,1,sideways,1,sideways,0.0056928150091831815,0.9829929627280828,0.011314222262734147
2022-08-01,4188.678,0.4444675079602798,-0.023672624154924216,-0.1323818636810946,0.0017320500644832926,-0.05084205565574618,1,sideways,1,sideways,0.003979845686600953,0.9826943605684983,0.013325793744900706
2022-08-02,4107.024,-1.9686492383949323,-0.007604046141439724,-0.10450852003786693,0.018048348390464763,-0.054241221867707745,1,sideways,1,sideways,0.012372466015759125,0.9736437489299752,0.013983785054265676
2022-08-03,4066.975,-0.9799198769800467,0.0029174017543751596,-0.10304415443911019,0.018356886875380285,-0.05189827820431647,1,sideways,1,sideways,0.008814273733622055,0.9787808738617823,0.01240485240459574
2022-08-04,4101.537,0.8462301640756759,-0.01409154665677781,-0.08152114682861578,-0.003574026029754207,-0.0621720589135244,1,sideways,1,sideways,0.005808154691282979,0.9769734099516548,0.017218435357062193
2022-08-05,4156.911,1.3410468861051648,-0.03206659945329604,-0.09180230223836883,-0.01507778251687375,-0.08144918185643146,1,sideways,1,sideways,0.006409288487111526,0.96534706717249,0.02824364434039847
2022-08-08,4148.075,-0.2127879164160295,-0.03197844783423631,-0.09612892727349431,-0.017341537942298424,-0.07641472249175818,1,sideways,1,sideways,0.004683441319456093,0.9738147951817197,0.021501763498824336
2022-08-09,4156.291,0.19787188283114424,-0.025024956144793498,-0.10634986818776648,-0.006119398280822974,-0.08957192843330752,1,sideways,1,sideways,0.0037868896152497087,0.9771447684629915,0.01906834192175881
2022-08-10,4109.737,-1.1264053841987112,-0.013322993661151528,-0.10318129846265112,-0.000833873311114508,-0.09250762275055557,1,sideways,1,sideways,0.005434878249247371,0.9795670720153202,0.014998049735432475
2022-08-11,4193.543,2.0186925161187594,-0.037166424667637754,-0.09660184717314213,-0.011915699922476097,-0.10380625642803709,1,sideways,1,sideways,0.011611234317341011,0.9458741133718017,0.04251465231085709
2022-08-12,4191.152,-0.057032487521842416,-0.023231083005340825,-0.0947555707834028,-0.010942576169988616,-0.11799094855066106,1,sideways,1,sideways,0.006745472829639736,0.961447930098651,0.03180659707170921
2022-08-15,4185.679,-0.13066995809622833,-0.017814075087936865,-0.07638091693127924,-0.01481002245991625,-0.11043608456357978,1,sideways,1,sideways,0.004831880344699263,0.9710417331380621,0.02412638651723881
2022-08-16,4177.837,-0.1875288406973189,-0.026922543890534834,-0.08220689318420049,-0.020189634013964786,-0.11218364909880407,1,sideways,1,sideways,0.004003466448690355,0.9770620502956382,0.018934483255671535
2022-08-17,4216.959,0.9320603674508984,-0.04501822284731716,-0.09445076416441323,-0.04326624944657986,-0.11011252421472428,1,sideways,1,sideways,0.004281914518053798,0.9721565749279588,0.023561510553987426
2022-08-18,4180.1,-0.8779082470101494,-0.05918925384560181,-0.0905554891031316,-0.011150450946149748,-0.0932975287672545,1,sideways,1,sideways,0.004977381971123548,0.9775778117208755,0.017444806308000962
2022-08-19,4151.074,-0.696807375384667,-0.05373886372538761,-0.09201160952563114,-0.0016188581557445847,-0.08734221553265475,1,sideways,1,sideways,0.004589722766312918,0.9814558424305765,0.013954434803110642
2022-08-22,4181.397,0.7278305285449606,-0.059444487093667564,-0.09848957178665407,-0.01780409753008383,-0.09951913200301232,1,sideways,1,sideways,0.003989052027770389,0.9788465685614208,0.01716437941080866
2022-08-23,4161.082,-0.4870264619205469,-0.06184617366348466,-0.093137554126547,-0.013803140625443189,-0.08882088841315805,1,sideways,1,sideways,0.0038207969733156408,0.9822443326890448,0.013934870337639562
2022-08-24,4082.42,-1.908518677328023,-0.052193551863845444,-0.0797595543819597,-0.005235620048892664,-0.05718862831359828,1,sideways,1,sideways,0.011355956466607066,0.9745273426731961,0.01411670086019665
2022-08-25,4116.24,0.8250175475200773,-0.06321764522962692,-0.0827123782869803,-0.01758789574951891,-0.07189158066585033,1,sideways,1,sideways,0.006802123791327219,0.9744305705453274,0.018767305663345404
2022-08-26,4107.546,-0.21143554170489498,-0.0659442401862329,-0.09112594235098037,-0.009272446370655496,-0.07194514681028541,1,sideways,1,sideways,0.004551768664964069,0.9797706309913213,0.015677600343714543
2022-08-29,4089.521,-0.43979216109512653,-0.04822716401260685,-0.05895531530465303,0.009150460408443806,-0.0809498227298503,1,sideways,1,sideways,0.003920091358402202,0.9829186124818381,0.013161296159759748
2022-08-30,4075.794,-0.33622739433434023,-0.06062229837916244,-0.05465364540013551,0.01029100096815494,-0.08238910013607159,1,sideways,1,sideways,0.003504256167316923,0.9847029683382129,0.01179277549447019
2022-08-31,4078.84,0.07470599273159378,-0.061707985603750126,-0.04512827176354073,0.012677869198105318,-0.07632145413892188,1,sideways,1,sideways,0.003127194783253642,0.9849269661843612,0.011945839032385207
2022-09-01,4043.74,-0.8642627953841291,-0.05906784313531521,-0.042730739365043235,0.01614099818484882,-0.07001810205403902,1,sideways,1,sideways,0.00400820999578174,0.9853672306595999,0.01062455934461832
2022-09-02,4023.613,-0.49897511016337764,-0.07522492844117956,-0.019071665192452514,0.006272720562340295,-0.0713194832604428,1,sideways,1,sideways,0.0036488013774116437,0.9862793905295812,0.010071808093007274
2022-09-05,4015.426,-0.2036811322941042,-0.07165839938278029,-0.0117616412305942,0.0046525574123392754,-0.0702087399942124,1,sideways,1,sideways,0.003221389557890785,0.9866276708507373,0.010150939591371814
2022-09-06,4052.28,0.9136241789855026,-0.06612919146751961,-0.02315708687454976,-0.00800265529529054,-0.08476783440433533,1,sideways,1,sideways,0.003650909832193806,0.9811065664345874,0.015242523733218926
2022-09-07,4054.983,0.06668095262616687,-0.07455271699042887,-0.023625993006629264,-0.021664209196438078,-0.08070859976478328,1,sideways,1,sideways,0.0032680626636180142,0.9825512751168429,0.014180662219538962
2022-09-08,4037.684,-0.4275234937684692,-0.0483480133660783,-0.009767975899054981,-0.007181839886429953,-0.07855542930055948,1,sideways,1,sideways,0.0033941415930325565,0.9843947011033549,0.01221115730361256
2022-09-09,4093.787,1.3799198262733325,-0.06042693476724603,-0.034282193968567354,-0.026647942357528542,-0.09480146377913645,1,sideways,1,sideways,0.005085721269927279,0.9722377058270018,0.022676572903070912
2022-09-13,4111.115,0.4223822724983574,-0.06636836965154225,-0.0402406646372091,-0.030213944392214698,-0.10670341257785287,1,sideways,1,sideways,0.004063389637489357,0.9744332607772643,0.0215033495852463
2022-09-14,4065.359,-1.1192227270110495,-0.07104538615162892,-0.0271742298773614,-0.031044736762485203,-0.08029450781591485,1,sideways,1,sideways,0.0056550008955377744,0.9779045918606138,0.01644040724384828
2022-09-15,4027.119,-0.9450822016788081,-0.06758975833592207,-0.018656016869628145,-0.016960015336025647,-0.07760262361256276,1,sideways,1,sideways,0.005562306245306695,0.9810294767077425,0.01340821704695063
2022-09-16,3932.683,-2.3729341816142897,-0.04825967412069576,0.005478193894600691,0.0016258620387150646,-0.060973640641770466,1,sideways,1,sideways,0.024940826027851484,0.9584905687970126,0.016568605175136
2022-09-19,3928.0,-0.11914996582425968,-0.07500687372708759,-0.008854124236252536,0.013843686354378937,-0.05791878818737273,1,sideways,1,sideways,0.010649761295978822,0.9735134357635001,0.01583680294052107
2022-09-20,3932.836,0.12304036390274839,-0.07764930955676763,-0.026397998797814126,0.0169361244659072,-0.06186858541774942,1,sideways,1,sideways,0.005623413174914069,0.9790720949503663,0.015304491874719564
2022-09-21,3903.735,-0.7427006982651664,-0.06322970181121423,-0.018750504324704487,0.03467320399566054,-0.05610216882037333,1,sideways,1,sideways,0.004893866343440258,0.9823758483108548,0.012730285345704919
2022-09-22,3869.344,-0.8848803519114101,-0.0615605642713597,-0.008610245044121223,0.04075677944375067,-0.054845989397685924,1,sideways,1,sideways,0.004879528597713377,0.9839325471665045,0.011187924235782132
2022-09-23,3856.021,-0.34491608379202443,-0.08161029206013148,-0.00721002297445994,0.040574467825771565,-0.04887758650692009,1,sideways,1,sideways,0.003796182289934536,0.9855473897567116,0.010656427953353906
2022-09-26,3836.677,-0.5029195419341078,-0.08548387054735129,0.0017754947836370327,0.04244245736610086,-0.03500294656026559,1,sideways,1,sideways,0.0035761698831712633,0.9863502134321808,0.010073616684647894
2022-09-27,3892.295,1.4392330584781512,-0.0663161451020543,-0.0011409721000078532,0.029249838462911848,-0.05880463839457184,1,sideways,1,sideways,0.0053436661984941364,0.9736960378556765,0.020960295945829467
2022-09-28,3828.71,-1.647102612064097,-0.039414058521016315,0.011114448469589089,0.05480070310887997,-0.05278879831588179,1,sideways,1,sideways,0.010184171040583882,0.9721148917165157,0.017700937242900523
2022-09-29,3827.143,-0.040936000779598816,-0.0468354592446637,0.00772325465758672,0.05847259953443085,-0.049055130681032844,1,sideways,1,sideways,0.005554667005911748,0.9786320993549599,0.015813233639128465
2022-09-30,3804.885,-0.5832804361926902,-0.00991094343193033,0.017542974360591712,0.07508321539284357,-0.05106803490775669,1,sideways,1,sideways,0.004529616386336836,0.9823461738419902,0.013124209771673044
2022-10-10,3720.937,-2.231024917802688,0.014609223429475016,0.04487095589094903,0.10270746320080115,-0.05036150840500653,1,sideways,0,bear,0.018489556896854432,0.9661949349054402,0.015315508197705519
2022-10-11,3727.687,0.18124157824932013,0.005804671905125014,0.04433338957911426,0.09897638938033171,-0.05823933178939111,1,sideways,0,bear,0.008267410130476412,0.9759371609750469,0.01579542889447677
2022-10-12,3784.306,1.5074580656595193,-0.018506960060840738,0.04869373671156607,0.08957362327465046,-0.08193364912879664,1,sideways,0,bear,0.008735303747648514,0.9611864725899267,0.030078223662424724
2022-10-13,3752.673,-0.8394128666643272,-0.01784967675041227,0.06081425160145848,0.09383684642919854,-0.07076102820576147,1,sideways,0,bear,0.007063551630586476,0.9713942746557498,0.021542173713663747
2022-10-14,3842.47,2.364700292203397,-0.014061528131644518,0.044411537370493415,0.06706051055701168,-0.08796737515192043,1,sideways,0,bear,0.020749445397949266,0.904923851022668,0.07432670357938287
2022-10-17,3846.412,0.10253767310732748,-0.013621785705743461,0.04447313496318128,0.06522338220658619,-0.0863836219312959,1,sideways,0,bear,0.010739991315850189,0.9335721862492096,0.05568782243494013
2022-10-18,3838.267,-0.21198030652958183,0.007218361828398079,0.044750404284016776,0.06010837703578198,-0.07187670894182185,1,sideways,0,bear,0.006984347546749333,0.9539702717943559,0.03904538065889484
2022-10-19,3776.534,-1.6214304872880978,0.015319867370451323,0.06390383351506967,0.08353294316958348,-0.05104204013521396,1,sideways,0,bear,0.012485085789344829,0.9581964719180084,0.0293184422926467
2022-10-20,3754.927,-0.5737813494534207,0.01697423145643051,0.08507488960504417,0.10505051096865525,-0.048581770031747684,1,sideways,0,bear,0.007624146262002236,0.9708204918398629,0.021555361898134884
2022-10-21,3742.893,-0.3210002462931703,0.015676643708489646,0.10555230940344806,0.1119826294793893,-0.04591795704552604,1,sideways,0,bear,0.005038680140829923,0.9778308810428089,0.017130438816361296
2022-10-24,3633.373,-2.969742387993398,0.03736307832969521,0.13867802727658307,0.13518733144106054,-0.021793523538596316,1,sideways,0,bear,0.06470832099178184,0.9089191859586188,0.026372493049599384
2022-10-25,3627.454,-0.16303931525011867,0.03917871873771506,0.13862615487336294,0.13385834803142926,-0.011941708978253085,1,sideways,0,bear,0.025310791447709927,0.9498603963163633,0.024828812235926718
2022-10-26,3656.903,0.808558955576672,0.03189201354260707,0.13648297480135518,0.10272736247037462,-0.006643599789220467,1,sideways,0,bear,0.012566446539611158,0.9581387355818113,0.02929481787857758
2022-10-27,3631.145,-0.7068588804483931,0.03460699035703607,0.15157257559254722,0.09680087135049686,-0.003135650049777672,1,sideways,0,bear,0.00813359838029259,0.9704830111373717,0.02138339048233581
2022-10-28,3541.33,-2.504566273690282,0.06620281080836854,0.18637489304865706,0.11897676861518147,0.01969373088641846,1,sideways,0,bear,0.03859504090136151,0.9367819367704217,0.024623022328217007
2022-10-31,3508.703,-0.9255909279944066,0.06399487217926403,0.18472780397770916,0.12840328748258267,0.029675637977908176,1,sideways,0,bear,0.02130993374298104,0.9583857427355927,0.02030432352142624
2022-11-01,3634.173,3.5135121264194864,0.05895399035764126,0.15457712112219202,0.09747637220352479,-0.013121004421088323,1,sideways,0,bear,0.2115282818090002,0.5957518731847771,0.19271984500622302
2022-11-02,3677.805,1.1934532047377384,0.0476458104766293,0.136859893333116,0.09551376432410086,-0.026752641861110038,1,sideways,0,bear,0.11691401587995481,0.6334486823828455,0.2496373017371997
2022-11-03,3647.897,-0.816526966773641,0.06767515639833022,0.13534784562173763,0.10481381464443751,-0.018048481083758672,1,sideways,0,bear,0.07110711568428323,0.7490076014093251,0.17988528290639175
2022-11-04,3767.175,3.2174546532332355,0.02754663640526389,0.0848654495742831,0.0662836210157478,-0.04245356268291234,2,bull,0,bear,0.21748202327488222,0.27104572336486266,0.5114722533602551
2022-11-07,3775.297,0.21536714062327833,0.04544781509905049,0.08447997601248325,0.07611719025019759,-0.05375285705998756,2,bull,0,bear,0.11893751463029338,0.3822478645724227,0.49881462079728395
2022-11-08,3749.325,-0.6903231322547017,0.05837664112873653,0.08716662332553193,0.07429337280710535,-0.048343635187667044,1,sideways,0,bear,0.08670229593831243,0.5182066847276839,0.39509101933400365
2022-11-09,3714.27,-0.939366559238692,0.06573862427879495,0.11215851297832424,0.07608493728242705,-0.037139734052720974,1,sideways,0,bear,0.06918825286865365,0.642111745374977,0.2887000017563694
2022-11-10,3685.689,-0.7724675804379163,0.07420349356660316,0.11412275967939789,0.08274572271290404,-0.02838600869471075,1,sideways,0,bear,0.04696531082368926,0.7517817450265405,0.20125294414977032
2022-11-11,3788.439,2.7496578516676546,0.05538032947079263,0.09374177596630173,0.039415442613699225,-0.0644125456421496,2,bull,2,bull,0.10647710437198366,0.409315351548418,0.48420754407959854
2022-11-14,3794.017,0.14712913615914433,0.042020370493859316,0.09258603743736527,0.05399817660279349,-0.06127990464987365,1,sideways,1,sideways,0.06176555592722814,0.52189732888206,0.41633711519071187
2022-11-15,3865.973,1.878804453712187,0.020617836699842407,0.0666626487044788,0.029030725253383904,-0.08483349469848855,2,bull,1,sideways,0.06305359881988999,0.3816900052180271,0.555256395962083
2022-11-16,3834.39,-0.8203035909071473,0.03142507673971617,0.06757215619694401,0.03280182767011186,-0.08409368895704394,1,sideways,1,sideways,0.06253590338476796,0.5103000334234783,0.42716406319175393
2022-11-17,3818.664,-0.41097376640134914,0.03491404323606373,0.056523171454728516,0.03598274160805981,-0.07859843128382071,1,sideways,1,sideways,0.04444926149705674,0.6365767353720936,0.3189740031308498
2022-11-18,3801.569,-0.44867469743072613,0.040156577455255915,0.08731158108665138,0.037608419050134234,-0.08240334451380471,1,sideways,1,sideways,0.031238181897902343,0.7445280834439383,0.22423373465815935
2022-11-21,3769.127,-0.8570466593736097,0.032923804371675525,0.0995527611566287,0.0531160133367754,-0.07241040166595603,1,sideways,1,sideways,0.025983541953371228,0.8259982738459055,0.14801818420072332
2022-11-22,3769.573,0.011832278788667236,0.015769425343400867,0.08950032271559683,0.038098479589067535,-0.07605423744280848,1,sideways,1,sideways,0.014929387712326611,0.8788382761904012,0.10623233609727209
2022-11-23,3773.529,0.10489054404143072,0.015107608819224572,0.08748230105029009,0.02267506093102778,-0.08304984538345939,1,sideways,1,sideways,0.009658161047527543,0.9129525582398247,0.07738928071264765
2022-11-24,3756.808,-0.44409772049624674,0.021087050496059412,0.08098311119439683,0.024939256943660615,-0.09650506493810707,1,sideways,1,sideways,0.007712006778610548,0.9412405476190189,0.051047445602370484
2022-11-25,3775.776,0.5036263808525236,0.013889330299255098,0.07099679642012657,0.019909814565270967,-0.0996293212309205,1,sideways,1,sideways,0.005854597522572153,0.950032019557462,0.04411338291996574
2022-11-28,3733.242,-1.1328899441765061,0.029531168887524606,0.09006032826160193,0.026973874182279145,-0.09159866946744943,1,sideways,1,sideways,0.007658715970099637,0.9622925070335953,0.03004877699630506
2022-11-29,3848.422,3.0386169102132636,0.01024627756519414,0.07237252047722409,-0.0027723051162268364,-0.11666080279137792,1,sideways,1,sideways,0.05743985198569084,0.7682845035626725,0.1742756444516364
2022-11-30,3853.037,0.11984743546364748,0.0047305541057613976,0.0686993143330834,-0.014143129173169067,-0.11252993417919421,1,sideways,1,sideways,0.02733582637573733,0.8394353307905374,0.13322884283372527
2022-12-01,3894.769,1.0772702255660447,-0.009774135513556659,0.060538121773075826,-0.022568989329020517,-0.12015244036295858,1,sideways,1,sideways,0.01889797883720297,0.8386211469004862,0.14248087426231085
2022-12-02,3870.948,-0.6134932476504515,0.00017721757047639564,0.06149966364828474,-0.0023544620077562417,-0.1295142688561045,1,sideways,1,sideways,0.014365983894386238,0.893276687389293,0.09235732871632063
2022-12-05,3946.876,1.9424941637796136,-0.014942704052521627,0.025837143097477533,-0.02600208367326473,-0.1507298430454872,1,sideways,1,sideways,0.022639226434753922,0.8068145496710848,0.17054622389416127
2022-12-06,3968.198,0.5387707449560545,-0.018963267457924204,0.016609554261153292,-0.040329388805699695,-0.1579170192616396,1,sideways,1,sideways,0.014925266152006657,0.8425636046070505,0.14251112924094284
2022-12-07,3958.441,-0.24618264885694466,0.002560856660488442,0.015513683290972358,-0.042718585422897526,-0.1589198879053647,1,sideways,1,sideways,0.011232056185678215,0.8929244245337509,0.0958435192805709
2022-12-08,3959.18,0.01866722345375838,0.005483206118438666,0.0020092544415764024,-0.035106511954495656,-0.15789607949120765,1,sideways,1,sideways,0.008099655197802964,0.923721401644858,0.0681789431573391
2022-12-09,3998.244,0.9818331613960358,0.0037206333580441786,0.002611646512819199,-0.0404029869112541,-0.1752624402112528,1,sideways,1,sideways,0.007710527920839789,0.920975203829851,0.07131426824930927
2022-12-12,3953.443,-1.1268419910923944,0.01619626234651661,0.007905261312734169,-0.027573687036843708,-0.15747615432927708,1,sideways,1,sideways,0.009838444689944634,0.9434826187126985,0.04667893659735687
2022-12-13,3945.681,-0.1965281846008613,0.016308971759247726,0.010447119267877891,-0.020471497822555862,-0.15420734722345775,1,sideways,1,sideways,0.0063855457914750524,0.9602383298391948,0.033376124369330094
2022-12-14,3954.886,0.23302135568703908,0.015925364220359395,-0.003978622898359152,-0.022974366391344758,-0.15359102639115263,1,sideways,1,sideways,0.004688874426541477,0.9676834445672625,0.027627681006195847
2022-12-15,3951.989,-0.07327800501798336,0.030968709680113005,0.0017282436767915854,-0.006702953879679341,-0.15870464214348778,1,sideways,1,sideways,0.0039842578968357165,0.9744022966974206,0.02161344540574358
2022-12-16,3954.227,0.056613683708483194,0.04646597173101097,-0.0038313430159673256,0.0023074042031476782,-0.1562555715693611,1,sideways,1,sideways,0.003550000578375513,0.9781248842997359,0.018325115121888485
2022-12-19,3893.221,-1.5548297742025916,0.06267843515690474,0.02290057512789545,0.009680159436106894,-0.12295243450089277,1,sideways,1,sideways,0.007705741914576242,0.9767379323583829,0.01555632572704084
2022-12-20,3829.017,-1.662872328918073,0.07868781987648532,0.044509073738769,0.024868262533177532,-0.10391883869933194,1,sideways,1,sideways,0.01202013446978115,0.9735474762259468,0.014432389304271973
2022-12-21,3830.538,0.039715101464575485,0.08496717693441491,0.05444457149361259,0.008743941451566428,-0.11595916813773943,1,sideways,1,sideways,0.0060530944066546485,0.9798106518290544,0.01413625376429091
2022-12-22,3836.028,0.1432192963163096,0.09006686082583348,0.04979577834155546,-0.0068643920221646,-0.11932420722685022,1,sideways,1,sideways,0.004039558066304165,0.9820343151061814,0.013926126827514328
2022-12-23,3828.219,-0.203777427900081,0.09746725566118353,0.04813152016642719,0.00449660795267981,-0.12568951776269854,1,sideways,1,sideways,0.0034610634345126077,0.9840009955685728,0.012537940996914573
2022-12-26,3843.489,0.39808658425671084,0.08153243055983772,0.040594886573110944,-0.0006998849222672465,-0.1338310061509218,1,sideways,1,sideways,0.0032147651057775808,0.9829766920430207,0.013808542851201745
2022-12-27,3887.854,1.1476786624598907,0.07924140155468806,0.03042552523834474,-0.016978518226250183,-0.15478924877323064,1,sideways,1,sideways,0.004292145505566974,0.9745017064472644,0.021206148047168652
2022-12-28,3871.264,-0.42762657510833574,0.08004749869809968,0.04320604329748612,-0.007442530398340197,-0.1495028497152352,1,sideways,1,sideways,0.0039722289439741,0.9795741476306393,0.016453623425386563
2022-12-29,3856.701,-0.37689138702355723,0.07387946330296269,0.050360398693079844,0.00938133394318097,-0.1502766224293769,1,sideways,1,sideways,0.0036581259794419463,0.9826482083077723,0.01369366571278573
2022-12-30,3871.634,0.3864485321720995,0.0555951311513434,0.056548217109365195,0.007071691177420236,-0.14876457846996904,1,sideways,1,sideways,0.003306469993754255,0.9820951875134221,0.014598342492823838
2023-01-03,3887.899,0.4192268741327555,0.0530710802929808,0.05535277536787864,-0.004911135808826295,-0.1552848980902024,1,sideways,1,sideways,0.00323010994367424,0.9813564536429764,0.015413436413349415
2023-01-04,3892.948,0.12978023366005556,0.04705765399383721,0.052323329261012574,-0.012893313756053182,-0.15721453253421314,1,sideways,1,sideways,0.0031314645846294425,0.9823493208865701,0.01451921452880046
2023-01-05,3968.578,1.924113290592382,0.040890969007034705,0.03898172090859742,-0.03600256817429315,-0.16824716560944497,1,sideways,1,sideways,0.008356465769748233,0.9535565627420013,0.038086971488250417
2023-01-06,3980.889,0.3097317050815974,0.03150577672474664,0.031129478867659932,-0.03430439783676453,-0.18885404742508527,1,sideways,1,sideways,0.005524480178884456,0.9626123831445784,0.03186313667653718
2023-01-09,4013.12,0.8063832465687729,0.0325068774419901,0.02168587034526759,-0.03579110517502593,-0.18399424886372695,1,sideways,1,sideways,0.005018431734543356,0.9615428776928746,0.03343869057258215
2023-01-10,4017.474,0.10843532686692554,0.031815016102157756,0.019866712267459397,-0.04332000655138035,-0.1861114720344177,1,sideways,1,sideways,0.004210610131753899,0.9692434774676391,0.02654591240060705
2023-01-11,4010.031,-0.18543749603041032,0.028343421784021272,0.014700135734611486,-0.02783220379094331,-0.19728750226619196,1,sideways,1,sideways,0.003855568658568689,0.9757432003351845,0.020401231006246932
2023-01-12,4017.869,0.19526906141144365,0.01882067334699067,0.01845007888510053,-0.02955945054455489,-0.19561016051045965,1,sideways,1,sideways,0.0034799274617614154,0.9782783075142237,0.01824176502401474
2023-01-13,4074.377,1.3966188993352016,-0.00978554512751273,0.018409440265346078,-0.050854891434935934,-0.19567850495916306,1,sideways,1,sideways,0.0054455750812488265,0.9643083298907351,0.03024609502801603
2023-01-16,4137.964,1.548602786112538,-0.0010812080530425705,0.005816386996116973,-0.06839716343593127,-0.19213434432972354,1,sideways,1,sideways,0.007929815996942506,0.9422304120689964,0.04983977193406106
2023-01-17,4137.242,-0.017449716703897535,0.0017190195787435414,-0.0030655688016316684,-0.06921905946038454,-0.19419241127301723,1,sideways,1,sideways,0.005671242029508278,0.9577257156649657,0.03660304230552611
2023-01-18,4130.314,-0.16759491248966155,-0.005656470670268754,-0.004187332972747315,-0.07423624450828681,-0.2000705031142911,1,sideways,1,sideways,0.00462463494388329,0.9684991034217589,0.026876261634357777
2023-01-19,4156.008,0.6201565024374034,-0.012599109530106789,-0.029701819630761017,-0.08038916190729184,-0.21919327393017518,1,sideways,1,sideways,0.004222385196594451,0.9691589978353895,0.026618616968016144
2023-01-20,4181.527,0.612149266868717,-0.028812680152489833,-0.04756252919089132,-0.08999248360706513,-0.23105793649066486,1,sideways,1,sideways,0.004059484742048062,0.9696553662532528,0.02628514900469908
2023-01-30,4201.345,0.4728221287655848,-0.0374882329349292,-0.05681014056212952,-0.0681281827605208,-0.23412359613409528,1,sideways,1,sideways,0.003847979357095439,0.9716042786857856,0.02454774195711903
2023-01-31,4156.858,-1.0645211681685123,-0.02102525513260267,-0.04754215804340689,-0.06010429030772768,-0.23508861741247833,1,sideways,1,sideways,0.005448418270280264,0.9764076875462341,0.018143894183485592
2023-02-01,4195.933,0.9356222380786918,-0.01644235024725127,-0.049455985117016876,-0.0699694203887431,-0.2372561716309579,1,sideways,1,sideways,0.004858011896520018,0.9721226372788512,0.023019350824628693
2023-02-02,4181.149,-0.35296336716387045,-0.015165926877994562,-0.036368711088746286,-0.04506201524987519,-0.20794690646040126,1,sideways,1,sideways,0.004136946197054391,0.9781157623913573,0.017747291411588286
2023-02-03,4141.632,-0.9496176088525342,-0.002675515352401958,-0.02689398768408202,-0.030664723471327093,-0.19267815199418958,1,sideways,1,sideways,0.004916655115598034,0.981005328764181,0.014078016120220907
2023-02-06,4086.878,-1.3308559667894964,0.005415380640185541,-0.017128233336057508,-0.02174691781844229,-0.17665024500364346,1,sideways,1,sideways,0.006876022589179549,0.9806833729953542,0.012440604415466152
2023-02-07,4094.234,0.1798289030231029,-0.011084368895378227,-0.007711332571611718,-0.030369294964576965,-0.168633741989344,1,sideways,1,sideways,0.00427430281056187,0.9827303703708566,0.012995326818581506
2023-02-08,4076.141,-0.4428934920418425,-0.010311959277169214,-0.01184110166944663,-0.01745695254408519,-0.16321491332120264,1,sideways,1,sideways,0.003743876503809392,0.9847054934180711,0.011550630078119514
2023-02-09,4130.857,1.3334183999665028,-0.02687238991812102,-0.03243564228923923,-0.026696155301430102,-0.16315887962231568,1,sideways,1,sideways,0.005067143735971261,0.9736718325705779,0.02126102369345092
2023-02-10,4106.31,-0.5960076483629464,-0.03389295985933849,-0.028162997922709265,-0.028287440548814047,-0.15089825171504345,1,sideways,1,sideways,0.004536440485082287,0.9791893408284764,0.01627421868644134
2023-02-13,4143.574,0.9033885429002337,-0.032553539528918596,-0.04967016396955848,-0.03954122696976081,-0.15779421340128097,1,sideways,1,sideways,0.004354370965747445,0.9748028524754351,0.020842776558817337
2023-02-14,4145.29,0.041404950654666275,-0.038741318460228324,-0.03531791503127646,-0.04287396056729442,-0.1669198053694675,1,sideways,1,sideways,0.0036550712662164024,0.9785692924840658,0.017775636249717838
2023-02-15,4123.689,-0.5224598861801919,-0.03317102720403997,-0.035280061129731255,-0.035883404398343366,-0.15250956122054804,1,sideways,1,sideways,0.003764677320254591,0.982009889494945,0.014225433184800362
2023-02-16,4093.488,-0.7350732736586927,-0.037703054216843945,-0.03256953483190861,-0.051113866707316546,-0.15713445355159206,1,sideways,1,sideways,0.004069783120154781,0.983937389823298,0.01199282705654711
2023-02-17,4034.507,-1.4513305013098132,-0.018760160782965607,-0.019441532757286106,-0.044268357943114234,-0.1284974843270813,1,sideways,1,sideways,0.006969851630981819,0.9816607706220537,0.011369377746964414
2023-02-20,4133.49,2.4237973110139315,-0.047033620499868034,-0.04571197704603125,-0.06942172353144671,-0.14411211833099868,1,sideways,1,sideways,0.021423194026871373,0.9271814977179279,0.05139530825520089
2023-02-21,4144.354,0.2624839568745218,-0.0390835338873079,-0.04223239617079044,-0.07866605989739306,-0.14561618047106983,1,sideways,1,sideways,0.010359107474926,0.9476872925909279,0.04195359993414608
2023-02-22,4106.951,-0.9066021965644193,-0.026177083680813285,-0.0471792821487278,-0.0671666158179145,-0.1318342975117064,1,sideways,1,sideways,0.00855855559805285,0.9627496664043983,0.028691777997548826
2023-02-23,4103.646,-0.0805057215328578,-0.0157313764393906,-0.059593834360956,-0.07789219635416889,-0.13466025090858225,1,sideways,1,sideways,0.005330390035811342,0.9721313027961215,0.022538307168067123
2023-02-24,4061.046,-1.0435270938847627,-0.008372227253766629,-0.051845263510927886,-0.08162699954642227,-0.1308347652304357,1,sideways,1,sideways,0.006028209442492984,0.9769417391139308,0.017030051443576336
2023-02-27,4043.844,-0.4244851152794561,-0.007756728498923393,-0.04770040585146218,-0.07063007376150021,-0.12338111954862752,1,sideways,1,sideways,0.004477188461884641,0.9814386782108484,0.01408413332726686
2023-02-28,4069.459,0.6314342039915125,-0.017187542619301444,-0.05787427763739594,-0.09161537196959102,-0.1179997144583591,1,sideways,1,sideways,0.003819692037261246,0.9796660539392475,0.01651425402349111
2023-03-01,4126.942,1.4026630093164305,-0.02927058340049371,-0.07007343451882775,-0.09777530190635098,-0.12829063262822682,1,sideways,1,sideways,0.005588519974488191,0.9660979671762616,0.028313512849250197
2023-03-02,4117.738,-0.22327134160456352,-0.019236775142080553,-0.07751707369434391,-0.09922583709794075,-0.1324457748404586,1,sideways,1,sideways,0.004410425668619164,0.9741442266707546,0.021445347660626207
2023-03-03,4130.551,0.31068286541200213,-0.019277089182532903,-0.07836315300307406,-0.0914967518861286,-0.13759132861451184,1,sideways,1,sideways,0.003731191616032233,0.9765415078987115,0.019727300485256134
2023-03-06,4109.01,-0.5228688537190478,-0.004488185718701132,-0.0601546357881827,-0.07761066534274685,-0.13117928649480048,1,sideways,1,sideways,0.0038530409463335235,0.980767595872404,0.015379363181262474
2023-03-07,4048.852,-1.4748739433617488,0.013399600676932577,-0.050533583346588085,-0.06430020163740235,-0.10998771997593393,1,sideways,1,sideways,0.0071678039035325105,0.9793352437067722,0.01349695238969533
2023-03-08,4034.108,-0.3648172538901851,0.015500824469746544,-0.056008664121039886,-0.06664174583327964,-0.11315463046601626,1,sideways,1,sideways,0.004700871246109904,0.9831484700018323,0.01215065875205789
2023-03-09,4019.851,-0.35403743405525007,0.025729560623018122,-0.057342672651299775,-0.05680807572220958,-0.1080803741233195,1,sideways,1,sideways,0.003769930974489541,0.9850233203410581,0.011206748684452457
2023-03-10,3967.135,-1.3200665560522367,0.03470438994387637,-0.03704134091731193,-0.02979051632979468,-0.09731077969365798,1,sideways,1,sideways,0.005959627776949427,0.9834129465021587,0.010627425720891977
2023-03-13,4008.686,1.0419335114510757,0.022815955153384415,-0.042902587032259465,-0.046990210757340445,-0.11566982297940032,1,sideways,1,sideways,0.005114753924655683,0.977782791202721,0.017102454872623213
2023-03-14,3984.696,-0.6002483561914084,0.028256107868705582,-0.03520067779323699,-0.043332791259358294,-0.11517390536191474,1,sideways,1,sideways,0.00443217636589888,0.9817327740570051,0.013835049577096062
2023-03-15,3986.902,0.055346495302766974,0.02058666102151485,-0.030598946249493886,-0.05729436038307445,-0.11115271958026562,1,sideways,1,sideways,0.0034920319146160726,0.9832327903108382,0.013275177774545836
2023-03-16,3939.151,-1.2049270355794954,0.038802269829209424,-0.019071622286122025,-0.05055861021829322,-0.11077615455716217,1,sideways,1,sideways,0.0053492662815631834,0.9829806232688083,0.011670110449628467
2023-03-17,3958.819,0.49805306063460464,0.04813683070632946,-0.008416651531681585,-0.04831794532662392,-0.11060217706341202,1,sideways,1,sideways,0.003917676323445747,0.9822287454863072,0.013853578190247101
2023-03-20,3939.077,-0.49993165566895503,0.056600822984673727,0.006162357323809653,-0.045308075978205076,-0.10195104081489148,1,sideways,1,sideways,0.0037130302314675972,0.9843246353127519,0.01196233445578041
2023-03-21,3982.378,1.0932696402616882,0.03570253752908448,-0.01292443861431547,-0.06170358514435348,-0.09711057061886141,1,sideways,1,sideways,0.004310437294829847,0.9769615350562854,0.018728027648884864
2023-03-22,3999.443,0.4275973114728444,0.02839795441515225,-0.018803868438680205,-0.06649300915152445,-0.10470633035650223,1,sideways,1,sideways,0.003692622802400112,0.97773160637478,0.018575770822819915
2023-03-23,4039.09,0.9864317652563133,-0.0016149677278792796,-0.04334095056064613,-0.08177906409612068,-0.11668148023440927,1,sideways,1,sideways,0.004261350922160329,0.9718454199077124,0.02389322917012714
2023-03-24,4027.046,-0.2986314376740493,-0.011026196373222441,-0.0539725645050988,-0.07433115986258909,-0.12183570786129583,1,sideways,1,sideways,0.003892811531165971,0.9777219696844422,0.01838521878439172
2023-03-27,4012.477,-0.36243483470536797,-0.01241402754458154,-0.041631142060128856,-0.07276677224567263,-0.11937513909737052,1,sideways,1,sideways,0.0036698296869789593,0.9814561692922276,0.0148740010207934
2023-03-28,3999.515,-0.32356525839632094,-0.010071971226511156,-0.03968381166216406,-0.0734651576503651,-0.12371650062570083,1,sideways,1,sideways,0.003452721439884647,0.9837180040841073,0.012829274476008033
2023-03-29,4006.144,0.16560789099450715,-0.0044244540385967035,-0.04600433733784903,-0.08329680610582135,-0.12528231636206788,1,sideways,1,sideways,0.003140055446651419,0.9839037788716154,0.012956165681733306
2023-03-30,4038.526,0.8050591234953118,-0.002337486498786956,-0.048550882178299615,-0.07418374921939341,-0.13932979507869947,1,sideways,1,sideways,0.0035253030701118617,0.9796482572192835,0.016826439710604643
2023-03-31,4050.926,0.30657230457501083,-0.005104758763798678,-0.039014289572310124,-0.08302348648185631,-0.12388525487752677,1,sideways,1,sideways,0.0033067372304932227,0.9803156615325241,0.016377601236982595
2023-04-03,4090.568,0.9738338758887823,-0.018014857594348843,-0.04682846000848784,-0.09721755022774348,-0.14165587761895182,1,sideways,1,sideways,0.004000973661599006,0.9743792431128125,0.02161978322558841
2023-04-04,4103.105,0.3060168445505768,-0.00985668170812104,-0.057103096313645296,-0.09812325056268356,-0.13104758469500533,1,sideways,1,sideways,0.003595399589642453,0.9766180364761962,0.019786563934161235
2023-04-06,4096.64,-0.1576878632110121,-0.016785707311357645,-0.06197395914700832,-0.09937973558818947,-0.1286024644586784,1,sideways,1,sideways,0.0034419266775538547,0.9802995394320173,0.01625853389042876
2023-04-07,4123.28,0.6481837602190745,-0.030657631788285067,-0.0721709415804892,-0.10636022777982579,-0.14105711957470746,1,sideways,1,sideways,0.003525576047368243,0.9781776651131976,0.01829675883943419
2023-04-10,4104.812,-0.4489019085549476,-0.02780833811633754,-0.06345844827972624,-0.10906370377011165,-0.13981322408919084,1,sideways,1,sideways,0.0036335497958078565,0.9817318567963147,0.014634593407877495
2023-04-11,4100.148,-0.11368734283516169,-0.03960491182269521,-0.056256993649985376,-0.10550838652653527,-0.14485403941516262,1,sideways,1,sideways,0.0032929019936945958,0.9835210660203055,0.013186031985999944
2023-04-12,4097.288,-0.06977791875518413,-0.024016129693592347,-0.06195585958321692,-0.09638228994398235,-0.14049927659466455,1,sideways,1,sideways,0.003122153451104972,0.9844979915835347,0.012379854965360438
2023-04-13,4068.979,-0.6933183399161765,-0.022308790485279006,-0.0419161661930425,-0.09967340701438865,-0.13239144266903313,1,sideways,1,sideways,0.0036656496646088085,0.9854344599705753,0.010899890364815838
2023-04-14,4091.999,0.5641495677050541,-0.03221750542949786,-0.0471397964662259,-0.1137346318999588,-0.1240787204493452,1,sideways,1,sideways,0.0033666758728055765,0.9831269583796314,0.01350636574756293
2023-04-17,4149.384,1.3926285780216485,-0.04658860206719839,-0.06801226398906435,-0.12290547223395087,-0.12663855647006883,1,sideways,1,sideways,0.005173890126836993,0.9703922174655762,0.02443389240758685
2023-04-18,4162.032,0.3043527062839978,-0.05225620562263822,-0.07378439185474794,-0.13249657859430197,-0.13398215102622957,1,sideways,1,sideways,0.004067043015802858,0.9740796948094508,0.02185326217474641
2023-04-19,4124.559,-0.9044311572579039,-0.037635781182909556,-0.06635691233899188,-0.14329144036974617,-0.11314712675949123,1,sideways,1,sideways,0.004897473304496064,0.978658559715193,0.016443966980310854
2023-04-20,4113.019,-0.280179624378475,-0.04858499316438847,-0.07034346303773453,-0.14646905351032913,-0.11038388103726249,1,sideways,1,sideways,0.003887794071580757,0.9821617930109386,0.013950412917480533
2023-04-21,4032.567,-1.9754162854467252,-0.043018008132288954,-0.05223893366185861,-0.13845349624693148,-0.09977366774067242,1,sideways,1,sideways,0.012425819433666318,0.9731237142637604,0.014450466302573232
2023-04-24,3982.643,-1.2457476631342606,-0.03317972512223666,-0.0445488084169231,-0.12441813137657576,-0.07986706315379011,1,sideways,1,sideways,0.01079034366940132,0.9762395493396246,0.012970106990974136
2023-04-25,3962.666,-0.5028638180554528,-0.02819187890172936,-0.011999749663484272,-0.11563124421790782,-0.07479535242182922,1,sideways,1,sideways,0.006261653037599911,0.9818714542441479,0.011866892718252288
2023-04-26,3959.232,-0.08669640066283904,-0.031645026106073115,-0.013189174062040343,-0.11241750925432004,-0.07439346822818171,1,sideways,1,sideways,0.004092576442353606,0.9842066946178937,0.01170072893975255
2023-04-27,3988.419,0.734484471244382,-0.037775870589323635,-0.021580731613203064,-0.10681776413160193,-0.08308404909313682,1,sideways,1,sideways,0.0037465593208238293,0.9809607888748815,0.015292651804294628
2023-04-28,4029.086,1.0144639452145636,-0.0572196771178376,-0.009021400883475805,-0.11052481878023945,-0.10003013090313773,1,sideways,1,sideways,0.004242071095567361,0.9746467302910544,0.021111198613378197
2023-05-04,4030.247,0.028811317463397136,-0.0554256352030037,-0.003874948607368145,-0.11357641355480197,-0.09674047273033137,1,sideways,1,sideways,0.00362674433297202,0.9784899623801354,0.01788329328689271
2023-05-05,4016.877,-0.33229293602210147,-0.03859789582802764,-0.004699173014259483,-0.11099418777323777,-0.08437076863443915,1,sideways,1,sideways,0.003530879021366544,0.9818494602887147,0.014619660689918849
2023-05-08,4062.662,1.133368874109312,-0.053761056174498445,-0.022834043294765793,-0.1251575937156475,-0.09149173620645767,1,sideways,1,sideways,0.00442678719788905,0.973678609872251,0.021894602929859962
2023-05-09,4027.875,-0.8599482179685629,-0.05454786953418367,-0.005683145579244653,-0.11016702355460384,-0.08731998882785585,1,sideways,1,sideways,0.004928793986387279,0.9785935289473093,0.016477677066303417
2023-05-10,3996.87,-0.7727386797221761,-0.05192262945755044,0.00593189170525954,-0.09113681455739109,-0.07816591482835311,1,sideways,1,sideways,0.004718977999851337,0.9819201744951782,0.013360847504970547
2023-05-11,3990.664,-0.15539217107027062,-0.042718956043405365,-0.0001280488660534429,-0.09294317938067453,-0.08742204304847523,1,sideways,1,sideways,0.003647558864249003,0.9839995551878491,0.012352885947901859
2023-05-12,3937.762,-1.3345091475634598,-0.025664070098700753,0.010658338416593027,-0.08296336853268427,-0.08540053969742212,1,sideways,1,sideways,0.006016455486305144,0.9826509066990053,0.011332637814689631
2023-05-15,3998.887,1.5403530780552255,-0.03862449726636441,-0.007832679443055102,-0.0965421128428986,-0.09082002067075168,1,sideways,1,sideways,0.007388873308177862,0.9680951792204748,0.024515947471347315
2023-05-16,3978.205,-0.5185359863311854,-0.028479678649038886,-0.0006254076901516248,-0.09846551396923986,-0.09276369618961311,1,sideways,1,sideways,0.005372260593726085,0.9761714908459675,0.018456248560306365
2023-05-17,3960.165,-0.454502147284067,-0.024276766245850845,-0.019168645750871516,-0.09614523637272687,-0.08753246392511427,1,sideways,1,sideways,0.004323592440185259,0.9808377229397958,0.014838684620018888
2023-05-18,3956.07,-0.10345828200553642,-0.007727618570955608,-0.025319066649477917,-0.09454129982533177,-0.09144378132843967,1,sideways,1,sideways,0.003526920944132719,0.9830832568579265,0.013389822197940628
2023-05-19,3944.54,-0.2918764041134686,0.004768870387928725,-0.024845482616477454,-0.08550933695690754,-0.09243536635450511,1,sideways,1,sideways,0.003333624058110878,0.9846787756952341,0.011987600246654954
2023-05-22,3969.328,0.6264466646151889,-0.009679220260961019,-0.03804019219374166,-0.10000786027257003,-0.09588020944603215,1,sideways,1,sideways,0.003340976814923572,0.9819445916160272,0.014714431569049202
2023-05-23,3913.188,-1.424442379755622,0.0028237845971110787,-0.020977014137833372,-0.08819382048600788,-0.07602931420621761,1,sideways,1,sideways,0.0064485131005572495,0.9806209715520992,0.01293051534734361
2023-05-24,3859.094,-1.3919946151479905,0.0012795749468657025,-0.01945793494535253,-0.07327393424466988,-0.06848757765423708,1,sideways,1,sideways,0.008212753441764866,0.9798264073360389,0.011960839222196228
2023-05-25,3850.5,-0.22294309037823637,-0.010597065316192755,-0.03141020646669268,-0.06997350993377482,-0.06707051032333466,1,sideways,1,sideways,0.0048584517721970925,0.9835801995562454,0.011561348671557439
2023-05-26,3850.951,0.011712078685320126,-0.0014328928101137173,-0.024078208214023067,-0.07959981833058893,-0.0718879570267188,1,sideways,1,sideways,0.0035803562401401736,0.9847294168041896,0.011690226955670338
2023-05-29,3833.942,-0.4426614078854775,0.0017884986262182156,-0.035813791653603544,-0.07105532634557332,-0.07591794555055864,1,sideways,1,sideways,0.0034522343361493087,0.9858114961839787,0.01073626947987207
2023-05-30,3837.753,0.09935223737343045,-0.004145394453473172,-0.02978930639882249,-0.07810403639838215,-0.07651091667441867,1,sideways,1,sideways,0.003081098736718997,0.9855885962659929,0.011330304997288133
2023-05-31,3798.543,-1.0269466923838193,0.011559432129635061,-0.023532970404705145,-0.07545024500183362,-0.07171486541023764,1,sideways,1,sideways,0.004403950029124667,0.985266441951117,0.01032960801975827
2023-06-01,3806.868,0.21892316733334946,0.02259442670457723,-0.014250297094619446,-0.07574336698829587,-0.06969902817749396,1,sideways,1,sideways,0.0034003032038537003,0.9850618321256766,0.011537864670469715
2023-06-02,3861.834,1.4335396343726101,0.00962729107465532,-0.018573299629139894,-0.0967226970398003,-0.08432133540695941,1,sideways,1,sideways,0.00528073463882979,0.9720409530618578,0.022678312299312366
2023-06-05,3844.249,-0.4563934887254248,0.006387723583982208,-0.014499320933685556,-0.09053679925519909,-0.0776898166585982,1,sideways,1,sideways,0.004418733516982891,0.9782421078094106,0.01733915867360645
2023-06-06,3808.163,-0.9431344649991611,0.009083644791465062,-0.011263961127714328,-0.08541703703334136,-0.07337238453291006,1,sideways,1,sideways,0.00501227408443497,0.9811333094530834,0.013854416462481681
2023-06-07,3789.342,-0.495453138905625,0.009594541743658924,0.0005671169295355938,-0.08687629672908914,-0.07549067885664584,1,sideways,1,sideways,0.004114105421642996,0.9838494738004308,0.012036420777926285
2023-06-08,3820.187,0.8106985054092122,0.006319062391448416,0.007529736109776808,-0.11149454202111042,-0.08496102415928852,1,sideways,1,sideways,0.0038831011187217103,0.9799510824050317,0.016165816476246667
2023-06-09,3836.703,0.43140297469935446,0.008544575902799778,-0.004270854428919835,-0.11392724430324686,-0.09380267380612994,1,sideways,1,sideways,0.0034785766393095256,0.9798383998524444,0.01668302350824614
2023-06-12,3844.432,0.201246368109486,-0.0002588158666871898,-0.008428813411187952,-0.11787176883347128,-0.1005428110056309,1,sideways,1,sideways,0.0032561877497116116,0.9810260714753626,0.015717740774925746
2023-06-13,3864.907,0.5311751926157215,0.008671877486314594,-0.027538049427838773,-0.12042851225139439,-0.09952167024976288,1,sideways,1,sideways,0.0033258938520015196,0.9797075968865467,0.016966509261451795
2023-06-14,3864.025,-0.02282333455201193,0.009078098614786478,-0.032099171201014576,-0.11505360343165483,-0.10608290577830115,1,sideways,1,sideways,0.003220489479819855,0.9818450670811887,0.014934443438991502
2023-06-15,3925.499,1.5784090602884813,-0.014857728915482982,-0.04023997968156401,-0.12704015464021257,-0.11816128344447407,1,sideways,1,sideways,0.006014188245791496,0.9642303202322765,0.029755491521931954
2023-06-16,3963.351,0.9596402640457756,-0.027353620711362714,-0.05115519670097357,-0.14980908831945494,-0.12241358385870948,1,sideways,1,sideways,0.005524746710035911,0.9602297294174794,0.0342455238724848
2023-06-19,3930.908,-0.8219437100195596,-0.02036221656675763,-0.049417844426783875,-0.14727996686770584,-0.11679795100775692,1,sideways,1,sideways,0.0057378842096300064,0.9704831711324701,0.023778944657899936
2023-06-20,3924.238,-0.16982501924351687,-0.025621025024476052,-0.04860306637874667,-0.14848385852234236,-0.1174301864463877,1,sideways,1,sideways,0.004291899259997645,0.976860640688202,0.018847460051800432
2023-06-21,3864.032,-1.5460994369870644,-0.010901048438522354,-0.040179532674677665,-0.1383699720913285,-0.10823383450240576,1,sideways,1,sideways,0.008237564578977752,0.9758621506471986,0.01590028477382369
2023-06-26,3809.696,-1.4161801960509186,-0.001174634406524766,-0.02152008979194142,-0.12485379410850628,-0.09938719519877692,1,sideways,1,sideways,0.009768926986061391,0.9762958292882132,0.013935243725725457
2023-06-27,3845.433,0.9336814472317064,0.018120716184627295,-0.03248814892887231,-0.14248876524438214,-0.11537660388309967,1,sideways,1,sideways,0.0064973987972760374,0.9739712870930206,0.01953131410970336
2023-06-28,3840.799,-0.12057925291512185,0.017239642064060146,-0.03517731596993223,-0.1327663853276363,-0.10440223505577872,1,sideways,1,sideways,0.0044007040159207795,0.9791742385624533,0.016425057421625894
2023-06-29,3821.844,-0.4947389213593393,0.021063654089491957,-0.03909081584700991,-0.126801617229798,-0.10279802105999103,1,sideways,1,sideways,0.003962639481492491,0.9825234579828384,0.013513902535669168
2023-06-30,3842.452,0.5377675826774189,0.039112004522112276,-0.02694087004860446,-0.12882425076487625,-0.09740733260949008,1,sideways,1,sideways,0.0035194689107832973,0.9810984277912652,0.015382103297951387
2023-07-03,3892.882,1.3039052869338716,0.03127451589850394,-0.045795891064769,-0.1459309580922309,-0.10801277819363653,1,sideways,1,sideways,0.004990127135219278,0.9698039115290928,0.025205961335687865
2023-07-04,3899.013,0.15736868285007166,0.025387963569241778,-0.05286466087699626,-0.14430729007571919,-0.10842897933400075,1,sideways,1,sideways,0.0039822606495211275,0.9746642357468719,0.02135350360360693
2023-07-05,3868.805,-0.777777035524863,0.026129515444691664,-0.043504389598338467,-0.11741739374302917,-0.09577169177562583,1,sideways,1,sideways,0.004497841788475547,0.9793658428064538,0.016136315405070576
2023-07-06,3842.755,-0.6756116554329518,0.04221684702771844,-0.039877119410423045,-0.10712236403309605,-0.08878291746416311,1,sideways,1,sideways,0.004307497477140421,0.9825175907628854,0.013174911759974291
2023-07-07,3825.699,-0.44483615928901465,0.05093971062543079,-0.03684869091896681,-0.11484097415923211,-0.0796633504099512,1,sideways,1,sideways,0.0037637301258843688,0.9845799588297031,0.011656311044412648
2023-07-10,3844.327,0.48573594471901116,0.03793277731056688,-0.048695389336026795,-0.12122537963081714,-0.07941858223819154,1,sideways,1,sideways,0.0033543233156134423,0.982996181201891,0.013649495482495555
2023-07-11,3869.486,0.6523126555448358,0.02849112259354336,-0.052187293092674336,-0.13501379769819555,-0.09162999943661765,1,sideways,1,sideways,0.0034241448722968563,0.9803517681658914,0.01622408696181158
2023-07-12,3843.437,-0.6754663320618587,0.032296093314395424,-0.036700224304444085,-0.13381928726814052,-0.10499950955355841,1,sideways,1,sideways,0.0038789369512263463,0.9829614996099313,0.013159563438842468
2023-07-13,3898.423,1.4205094023399933,0.0198269915809548,-0.06028412001468286,-0.15708069647649825,-0.1231926345601797,1,sideways,1,sideways,0.005561952999110436,0.9699024576245325,0.024535589376357015
2023-07-14,3899.103,0.01744142954378215,-0.0038083118091520873,-0.06988940789714959,-0.15557526949147027,-0.12819127886593407,1,sideways,1,sideways,0.004163574384078272,0.9756889794710735,0.020147446144848178
2023-07-17,3867.175,-0.8222260360927549,-0.0029140134594375366,-0.058899067148499906,-0.1525780446967102,-0.11840219281516873,1,sideways,1,sideways,0.004646509583683839,0.9799128872270333,0.015440603189283
2023-07-18,3854.939,-0.31690830362255384,-0.002179801029276951,-0.0633893298960112,-0.14507804144241965,-0.12041617260350934,1,sideways,1,sideways,0.0038064375701881504,0.9829467155726895,0.013246846857122272
2023-07-19,3850.866,-0.10571252138621658,-0.008447969885215456,-0.08240250374850744,-0.1471614436856541,-0.12503265499240945,1,sideways,1,sideways,0.0033103111951436016,0.9843376922242182,0.012351996580638291
2023-07-20,3823.695,-0.7080825476551429,0.0019368699647852594,-0.08188571525710087,-0.1419503909176857,-0.09980163166779787,1,sideways,1,sideways,0.003768145057349899,0.9853427177899051,0.010889137152744975
2023-07-21,3821.91,-0.04669349338429301,-0.009918077610409415,-0.09096655860551395,-0.1363281709930374,-0.10535125107603271,1,sideways,1,sideways,0.003212690294463817,0.9857633319763377,0.011023977729198414
2023-07-24,3805.221,-0.43762265614013823,-0.019884784615663675,-0.08359330509318641,-0.15140750037908446,-0.11059252537500452,1,sideways,1,sideways,0.0032932646373733886,0.9863805141576515,0.010326221204975141
2023-07-25,3915.115,2.8470632114407532,-0.04007238612403463,-0.10489015009776204,-0.163567609125147,-0.14604781724163907,1,sideways,1,sideways,0.028468812172227527,0.8990635417105363,0.07246764611723641
2023-07-26,3907.013,-0.20715597845964778,-0.053846506269623395,-0.10055456687756092,-0.16310081384423347,-0.14436450556985603,1,sideways,1,sideways,0.013821006416292879,0.9347789698966312,0.05140002368707584
2023-07-27,3902.346,-0.11952326831430696,-0.04584857416538668,-0.08711708290346365,-0.17513669982108193,-0.14372303224778116,1,sideways,1,sideways,0.007819392204381968,0.9549268443284511,0.03725376346716705
2023-07-28,3992.738,2.289930035699062,-0.07102544669848099,-0.10242745704827116,-0.1905471884205775,-0.16274571484530165,1,sideways,1,sideways,0.021003290879727694,0.8736373514147056,0.10535935770556679
2023-07-31,4014.63,0.5467977628932013,-0.06526404674901543,-0.11012820608623963,-0.18370833675830656,-0.17012850499298815,1,sideways,1,sideways,0.01233676319520149,0.8981851512006639,0.08947808560413475
2023-08-01,3998.001,-0.4150702528084314,-0.05199948674350008,-0.10679687173665042,-0.1638523852295185,-0.16811801697898532,1,sideways,1,sideways,0.009028833053322914,0.9319067369371912,0.05906443000948598
2023-08-02,3969.895,-0.705484021662513,-0.04569012530558103,-0.10471460832087498,-0.16022438880625312,-0.16008106007841516,1,sideways,1,sideways,0.007693931853612734,0.9534240759461756,0.03888199220021172
2023-08-03,4004.984,0.8799939519485775,-0.05985442139094688,-0.10508106898804093,-0.17503790277314468,-0.17371979513526148,1,sideways,1,sideways,0.006272058361163955,0.9524891299844882,0.04123881165434784
2023-08-04,4020.579,0.38863366042726605,-0.05697885802020064,-0.09649630065719395,-0.1928926157152987,-0.16878812728216508,1,sideways,1,sideways,0.004954654300308811,0.9601557184777041,0.03488962722198714
2023-08-07,3990.153,-0.7596346079123131,-0.035387364845408054,-0.0928270169088754,-0.19417826835211582,-0.16152739005246164,1,sideways,1,sideways,0.005326386737590136,0.9705383102068899,0.024135303055519985
2023-08-08,3979.732,-0.2615095685536853,-0.040056717386999896,-0.09263437839532906,-0.1914754561362424,-0.15648390394127043,1,sideways,1,sideways,0.004236913077715225,0.9770432472523555,0.018719839669929256
2023-08-09,3967.565,-0.3061923948696188,-0.039202130273858216,-0.08940975132102436,-0.1985946039951456,-0.16001300545800767,1,sideways,1,sideways,0.003744911910974704,0.981030338664709,0.015224749424316389
2023-08-10,3975.717,0.20525528017291714,-0.054642219252527324,-0.09790133452657723,-0.19500759234120535,-0.16451925526892375,1,sideways,1,sideways,0.0033072046555029386,0.9819276975600929,0.014765097784404243
2023-08-11,3884.254,-2.3274164409470237,-0.037139950168037394,-0.07848096442714603,-0.1474059111479321,-0.14703415379117846,1,sideways,1,sideways,0.019062422346762135,0.96373383938092,0.01720373827231782
2023-08-14,3855.906,-0.7324945931476063,-0.022917830465784217,-0.07102040350568706,-0.13285489843372733,-0.13711822850453304,1,sideways,1,sideways,0.010533692374984093,0.9747878849215383,0.0146784227034775
2023-08-15,3846.536,-0.24329958270682928,-0.022339840313466475,-0.06220947886617989,-0.1252051196193147,-0.13578788811543685,1,sideways,1,sideways,0.0057633826374416134,0.9809062015331891,0.013330415829369315
2023-08-16,3818.334,-0.7358801197151429,-0.021392314030150295,-0.06441814676243618,-0.10856200636193691,-0.13435178797873626,1,sideways,1,sideways,0.004868266708248222,0.9835363944873041,0.011595338804447741
2023-08-17,3831.101,0.3338027411073253,-0.025473878135815364,-0.06865702574795085,-0.10969353196378806,-0.14215365243568368,1,sideways,1,sideways,0.0036325627727232523,0.9834416657689102,0.01292577145836661
2023-08-18,3784.004,-1.2369520973127894,-0.01988026439718349,-0.05488392718400936,-0.0864515470913878,-0.13380614819646064,1,sideways,1,sideways,0.0055549707504248275,0.9829283418121263,0.011516687437448719
2023-08-21,3729.555,-1.4493784682026005,-0.0004944289600233853,-0.039813865193032316,-0.06512305087336145,-0.10942940913862376,1,sideways,1,sideways,0.007962556760779045,0.9808741942552709,0.011163248983950012
2023-08-22,3758.227,0.7658380047960347,-0.010037978014632909,-0.05689145440123755,-0.07143927176298814,-0.13123635160941582,1,sideways,1,sideways,0.005250416883557658,0.9793367679739711,0.015412815142471285
2023-08-23,3696.634,-1.6524627772239522,0.002449796220020728,-0.0365505484178309,-0.06580986919451592,-0.11448414963450537,1,sideways,1,sideways,0.009782625019322857,0.976065855533573,0.014151519447103984
2023-08-24,3723.429,0.7222342040438045,-0.013692754716150057,-0.049798183341215885,-0.06140630048270035,-0.12656720458480608,1,sideways,1,sideways,0.005933487436768671,0.9763251619024068,0.01774135066082455
2023-08-25,3709.152,-0.38417388413164316,0.008029058933146871,-0.05316848702884114,-0.06979816410866957,-0.12169735831801987,1,sideways,1,sideways,0.004407845058012332,0.981015377730522,0.01457677721146556
2023-08-28,3752.619,1.165071715018905,-0.010130258360894207,-0.06238203238857987,-0.06303224494679582,-0.1389091192044809,1,sideways,1,sideways,0.004925183034925647,0.9727090291445101,0.022365787820564333
2023-08-29,3790.107,0.9940254671256707,-0.025649407787167955,-0.07962835877720609,-0.06656883301711536,-0.15755623785819228,1,sideways,1,sideways,0.004923248487895875,0.9673467487845657,0.02773000272753824
2023-08-30,3788.51,-0.04214489328693732,-0.023232088604755008,-0.07715619069238311,-0.06536633135454306,-0.15646124729775035,1,sideways,1,sideways,0.004053438539101836,0.9740930487176395,0.021853512743258773
2023-08-31,3765.268,-0.6153761295464445,-0.020118355453051517,-0.0749978487587073,-0.05305173496282334,-0.1538105654099522,1,sideways,1,sideways,0.0041965386114735884,0.9792678259558699,0.016535635432656525
2023-09-01,3791.491,0.6940304767868593,-0.028158843051453886,-0.08739385112611375,-0.06341647652598947,-0.16326453102486593,1,sideways,1,sideways,0.003868765054623483,0.977153867550285,0.018977367395091437
2023-09-04,3848.952,1.504155802689691,-0.04983850149339353,-0.118134754603331,-0.08293997950610987,-0.17919293355697874,1,sideways,1,sideways,0.006206117423573646,0.960233653830514,0.033560228745912316
2023-09-05,3820.317,-0.7467499983547815,-0.03998856639383597,-0.1101267250859026,-0.0720900909531853,-0.16996155031113902,1,sideways,1,sideways,0.0057704110296350215,0.970786063106577,0.023443525863788072
2023-09-06,3812.028,-0.2172072478088585,-0.028763167531822842,-0.11037327113022244,-0.05843713634842129,-0.16159167771065686,1,sideways,1,sideways,0.0043314022821598595,0.9771966660901319,0.018471931627708226
2023-09-07,3758.475,-1.4148040967048339,-0.025293503349097746,-0.09552092271466484,-0.042831467550003555,-0.14831148271572903,1,sideways,1,sideways,0.00726130910285614,0.9774738587158338,0.015264832181310061
2023-09-08,3739.993,-0.49295502565996874,-0.030319842844625522,-0.08570550800496146,-0.04482147426479144,-0.1409705847043029,1,sideways,1,sideways,0.00499069660384787,0.9819969878893325,0.013012315506819526
2023-09-11,3767.537,0.7337732539452556,-0.03401028311068999,-0.09043945686532073,-0.05449554974509874,-0.11031822646997225,1,sideways,1,sideways,0.004121092223916424,0.9794175655598232,0.016461342216260357
2023-09-12,3760.605,-0.18416235929664898,-0.039894644611704666,-0.10397263206319196,-0.05068652517347605,-0.09548250879845133,1,sideways,1,sideways,0.0035460352155292723,0.982299900294611,0.014154064489859768
2023-09-13,3736.651,-0.6390092991354124,-0.05435508962437219,-0.10294967338400074,-0.03562628674714341,-0.051203872130418326,1,sideways,1,sideways,0.003795842008916667,0.9842183134267736,0.011985844564309692
2023-09-14,3733.508,-0.08414814692594298,-0.05970765296337921,-0.10498330256691557,-0.04175108236007519,-0.007987929850424846,1,sideways,1,sideways,0.003264068072524936,0.9851173187810358,0.011618613146439225
2023-09-15,3708.777,-0.6646101575522798,-0.0632372881950033,-0.1023008393332897,-0.03327053635201038,0.08333690593961296,1,sideways,1,sideways,0.0036476233348020437,0.9858717292026019,0.010480647462595982
2023-09-18,3727.711,0.5092199681888862,-0.06453853316418567,-0.10560636272500734,-0.039332716511553456,0.14174516211154775,1,sideways,1,sideways,0.0033003830880111015,0.9838179850834264,0.012881631828562388
2023-09-19,3720.502,-0.19357669419836268,-0.058068507959409765,-0.11369433479675595,-0.04717105379865405,0.06329307174139398,1,sideways,1,sideways,0.0031730789306208696,0.9849545802696785,0.011872340799700494
2023-09-20,3705.69,-0.3989129190876952,-0.05168942895924922,-0.10114715478089109,-0.0485542503555344,0.07882418658873247,1,sideways,1,sideways,0.003262787803984662,0.9858600459185941,0.010877166277421278
2023-09-21,3672.445,-0.9011823446829976,-0.029969135004064062,-0.09127897082189118,-0.03504422802792151,0.05846840456426161,1,sideways,1,sideways,0.004121400255577943,0.985856519587575,0.010022080156847083
2023-09-22,3738.933,1.7942623825201633,-0.04149873774148938,-0.1047042030440235,-0.06315866050555075,0.059484617670335416,1,sideways,1,sideways,0.007821239023937112,0.964929779278785,0.02724898169727773
2023-09-25,3714.604,-0.652819900219981,-0.03825387578325978,-0.10494093044642172,-0.05212910985935504,0.038063545939217125,1,sideways,1,sideways,0.005949436144938719,0.9741383622602402,0.019912201594821165
2023-09-26,3692.893,-0.5861915885897082,-0.03300014378970628,-0.09654652869714886,-0.042083266425536836,0.03755754634645525,1,sideways,1,sideways,0.004816620005501541,0.9796336391973811,0.015549740797117333
2023-09-27,3700.495,0.20564327691223713,-0.03953687276972406,-0.07727479702039863,-0.02833350673355861,0.023706828410793745,1,sideways,1,sideways,0.00367413466386662,0.9812594323641262,0.015066432972007113
2023-09-28,3689.517,-0.29710393096252186,-0.028562275224643163,-0.07003816488716541,-0.02950006735298949,0.06388830841543758,1,sideways,1,sideways,0.003436415684880579,0.9835643018842234,0.01299928243089601
2023-10-09,3684.727,-0.12991164039797828,-0.01414460284303276,-0.08097614830081035,-0.03173206590338984,0.06797518513583234,1,sideways,1,sideways,0.003189372178196908,0.9847016704598338,0.012108957361969323
2023-10-10,3657.126,-0.7518845727524857,-0.01021758615918622,-0.07624265611849312,-0.033008980275768485,0.08220936330878392,1,sideways,1,sideways,0.0037951497085408205,0.9854770812041553,0.010727769087303886
2023-10-11,3667.548,0.2845725839333447,-0.015398844132373912,-0.08738699534402816,-0.03655330482382224,0.0833420585088458,1,sideways,1,sideways,0.003226573033114876,0.9847497481539235,0.012023678812961725
2023-10-12,3702.382,0.9453077410166152,-0.02418875199803805,-0.10081914832126992,-0.05339076302769408,0.06116359684116879,1,sideways,1,sideways,0.0037711333124420847,0.9789875004785124,0.01724136620904566
2023-10-13,3663.41,-1.0581988649180043,-0.020997103791276395,-0.10300621552051226,-0.04344722539928647,0.07998313047133676,1,sideways,1,sideways,0.005087837474791483,0.9810683587218803,0.013843803803328248
2023-10-16,3626.597,-1.0099664628542318,-0.0130102683038672,-0.09212437996281375,-0.04157010001386985,0.09307899388876129,1,sideways,1,sideways,0.00542746797895934,0.9826717940851354,0.011900737935905245
2023-10-17,3639.402,0.35246394216300253,-0.015756434710977207,-0.09954190276314634,-0.024818912557612482,0.07837743673273789,1,sideways,1,sideways,0.0038404572096774696,0.9828871317936352,0.01327241099668745
2023-10-18,3610.577,-0.7951789070244057,-0.0009228441880619886,-0.08721736165715344,-0.02754739754892377,0.07723751633049236,1,sideways,1,sideways,0.004201960018955461,0.9843650541434383,0.011432985837606244
2023-10-19,3533.545,-2.1565977051726626,0.010985851319284201,-0.07057445143616403,0.009015874992394313,0.10117176942702022,1,sideways,1,sideways,0.015953440777074102,0.9704726143687344,0.013573944854191706
2023-10-20,3510.589,-0.6517786648332967,0.01637332083020837,-0.06542178534713117,0.01686697018648453,0.10808186318592128,1,sideways,1,sideways,0.008751878440233863,0.9788438406693006,0.012404280890465582
2023-10-23,3474.244,-1.040692827605779,0.02938164389144804,-0.04990092808680102,0.01940508496236859,0.1354303267128043,1,sideways,1,sideways,0.007311208248331485,0.9813850008999003,0.011303790851768258
2023-10-24,3487.13,0.37021469376131433,0.026938198461198715,-0.07400010897213471,0.012553303146140227,0.1598572465035717,1,sideways,1,sideways,0.004476932947629549,0.9824509726544913,0.013072094397879205
2023-10-25,3504.458,0.4956823965947445,0.011402048476540472,-0.06555336089061425,0.0005042149171141652,0.1483324953530616,1,sideways,1,sideways,0.003649691546027083,0.9815234144738557,0.014826893980117186
2023-10-26,3514.145,0.27603801357623436,0.013481230854162307,-0.069538678682866,0.0021276868199804344,0.1797165455608689,1,sideways,1,sideways,0.003283892065239581,0.9818901719053035,0.014825936029456921
2023-10-27,3562.385,1.3634011941032447,-0.0068426068490632375,-0.0964193931874292,-0.009011940034555521,0.15205038197724252,1,sideways,1,sideways,0.005066928268535469,0.9694164748654904,0.02551659686597414
2023-10-30,3583.772,0.5985612645685893,-0.020043127743617606,-0.09817560938586489,0.0001386806973211474,0.15273265151912585,1,sideways,1,sideways,0.004315523758283615,0.970348445684184,0.025336030557532432
2023-10-31,3572.506,-0.31485667010411655,-0.015110681409632232,-0.08268621522259167,0.01438933902420314,0.1436630197402049,1,sideways,1,sideways,0.003969100234570367,0.976813131932791,0.019217767832638694
2023-11-01,3571.027,-0.041408082558944403,-0.023164204583163372,-0.06387742237737215,0.009343810618065884,0.15117863852611602,1,sideways,1,sideways,0.0035018426356200425,0.980152453205045,0.01634570415933491
2023-11-02,3554.189,-0.4726321656519246,-0.016314833004097418,-0.062002330208100864,0.02917346263803089,0.13657968104678742,1,sideways,1,sideways,0.0035969721687191887,0.98296192478438,0.013441103046900797
2023-11-03,3584.136,0.8390532986790532,-0.028250881104958103,-0.07817114082724541,0.02088983230547048,0.1073327016608745,1,sideways,1,sideways,0.003771731779349521,0.9786433799262524,0.01758488829439819
2023-11-06,3632.608,1.343340678883216,-0.04747828557334022,-0.10669166615280257,-0.0006565530880293657,0.08747792219804595,1,sideways,1,sideways,0.005357335796238526,0.9661755036684033,0.028467160535358183
2023-11-07,3619.759,-0.3543398574281959,-0.06229751759716595,-0.111722078735076,0.012377067092035787,0.09866181698836862,1,sideways,1,sideways,0.004474796530169259,0.9744551665080149,0.02107003696181596
2023-11-08,3611.072,-0.24027678642698239,-0.0585626650479415,-0.1089319182780073,0.015287704039133043,0.1037644776952662,1,sideways,1,sideways,0.00383587251646205,0.9793143842213553,0.01684974326218262
2023-11-09,3612.826,0.04856104099113091,-0.061321525033311786,-0.11990558083893321,0.014355797926609126,0.10420429879545812,1,sideways,1,sideways,0.0033742799827301546,0.9814558556291428,0.015169864388126902
2023-11-10,3586.489,-0.7316562058870457,-0.0521476575001345,-0.10764483036195005,0.0196727217063819,0.07785051062473625,1,sideways,1,sideways,0.003932976586927453,0.9835492345115885,0.012517788901484072
2023-11-13,3579.414,-0.1974629659062071,-0.044688599865788214,-0.07479492453233971,0.013030624565920412,0.07506172798117228,1,sideways,1,sideways,0.0033818177482502904,0.9849369482554214,0.011681233996328212
2023-11-14,3582.058,0.0738395715331043,-0.04334240260766298,-0.06656173629796047,0.016275839196350228,0.07206108890475815,1,sideways,1,sideways,0.0030835726037240032,0.9850547059160971,0.011861721480178958
2023-11-15,3607.245,0.7006827517926517,-0.06587853056834225,-0.06717453347360658,0.019606375502634332,0.08311051786058332,1,sideways,1,sideways,0.0033304176766109843,0.9815736528539518,0.015095929469437202
2023-11-16,3572.364,-0.9716761578992252,-0.06169584062542344,-0.04718332174436868,0.03319874458481831,0.08403035077052623,1,sideways,1,sideways,0.004503635093709849,0.9829974029984837,0.012498961907806451
2023-11-17,3568.069,-0.12030084220348145,-0.06348447857930994,-0.0440616479109569,0.030294257201864738,0.09767580167311785,1,sideways,1,sideways,0.003532265279530735,0.9845752744470986,0.0118924602733707
2023-11-20,3576.323,0.23106245212557697,-0.0690533265591502,-0.03340078622652365,0.030234405561242683,0.10382423511522876,1,sideways,1,sideways,0.0031534925128487204,0.9842569888048643,0.012589518682287066
2023-11-21,3581.067,0.13256230817966086,-0.06898111652197514,-0.02635862439881742,0.016957236488454486,0.10355126000155823,1,sideways,1,sideways,0.0030314270942255975,0.9843198876814633,0.012648685224311168
2023-11-22,3544.416,-1.0287393354841614,-0.0696628161028503,-0.015425390247645887,0.016098279660175185,0.10894347616081168,1,sideways,1,sideways,0.004436993901685712,0.9844685077254713,0.011094498372842848
2023-11-23,3561.52,0.4814012687895163,-0.06476167479053885,-0.03036933668770636,0.020830431950403128,0.1010995305375233,1,sideways,1,sideways,0.003569431721621923,0.9831722710942686,0.013258297184109442
2023-11-24,3538.009,-0.6623280487483424,-0.05674971431672449,-0.01221647542445492,0.020113854995846614,0.12298781602873254,1,sideways,1,sideways,0.0038177090248918888,0.9847302111918363,0.011452079783271688
2023-11-27,3511.942,-0.7394978714299012,-0.04683761861670832,-0.017563501902935652,0.02892416788204355,0.12945230872263824,1,sideways,1,sideways,0.004008706092929683,0.9856026073322015,0.01038868657486885
2023-11-28,3518.523,0.18721384494901078,-0.055060887764553534,-0.0006934728009452273,0.021540004143784097,0.13560064834022678,1,sideways,1,sideways,0.0032636523779561314,0.9853014223197751,0.011434925302268662
2023-11-29,3488.307,-0.862478105101784,-0.043559812826107325,0.014189404774293202,0.026264316758817463,0.14348622411960887,1,sideways,1,sideways,0.004046207081498501,0.9856165665912953,0.010337226327206179
2023-11-30,3496.203,0.2261004240465791,-0.023357625401042248,0.012775573958377251,0.026470144897192682,0.15225145679469998,1,sideways,1,sideways,0.0032827396305091013,0.9851731061138708,0.011544154255620222
2023-12-01,3482.881,-0.38176976177590183,-0.014864418279005198,0.023725473250449935,0.03812648207044678,0.12928951635154928,1,sideways,1,sideways,0.003275638998319555,0.9860108707741668,0.010713490227513677
2023-12-04,3460.138,-0.6551352183964908,-0.021324583007960918,0.026273518570646637,0.03891636691946965,0.13054508230596595,1,sideways,1,sideways,0.0036072492323337185,0.9864314492607577,0.009961301506908583
2023-12-05,3394.257,-1.9223586859946455,-0.004702059979547868,0.03990947061462924,0.05833029143049573,0.1554908776795627,1,sideways,1,sideways,0.010938134074137717,0.9776435758015278,0.011418290124334231
2023-12-06,3399.598,0.15723035302659502,-0.015456533390124316,0.04274387736432361,0.05133430482074641,0.15951650754000912,1,sideways,1,sideways,0.005603479045365832,0.9818877053839911,0.01250881557064324
2023-12-07,3391.282,-0.24491683425147712,-0.018332595166075882,0.05837969239951146,0.044701384314250525,0.16341371788014092,1,sideways,1,sideways,0.003991537547128566,0.9843271637111983,0.011681298741673079
2023-12-08,3399.462,0.2409162812333163,-0.03335998460932932,0.05825392370910465,0.04255408649956971,0.15540164884914143,1,sideways,1,sideways,0.0033039890502076477,0.9841777632964388,0.012518247653353428
2023-12-11,3419.455,0.586399784326236,-0.037127553952311154,0.04471648259737293,0.031196784282875534,0.1503505675612049,1,sideways,1,sideways,0.003304519227871179,0.9818251062425262,0.014870374529602716
2023-12-12,3426.803,0.21465749089500966,-0.043677445128885384,0.03951788299473291,0.033480185467329227,0.16250861225462931,1,sideways,1,sideways,0.0031526420240053565,0.9823120876591451,0.014535270316849532
2023-12-13,3369.605,-1.683222974761668,-0.02194114740451769,0.059469284975538717,0.049440216286478655,0.18281786737614647,1,sideways,1,sideways,0.008202718369424862,0.9782322450498036,0.01356503658077142
2023-12-14,3351.964,-0.5249084106706944,-0.020226052547103746,0.07504973203769483,0.05776494019625522,0.18959511498333526,1,sideways,1,sideways,0.005354054694682238,0.9826150658494571,0.01203087945586072
2023-12-15,3341.552,-0.31110729840487056,-0.01814486202818333,0.07064920731444557,0.05602097468481704,0.19137185355786768,1,sideways,1,sideways,0.00395281987846654,0.984798377336473,0.011248802785060356
2023-12-18,3329.366,-0.3653474245902314,-0.00855718476130285,0.07689692271741833,0.05223697244460368,0.20114610409309153,1,sideways,1,sideways,0.0034898699799679233,0.9859065957387821,0.010603534281249953
2023-12-19,3334.041,0.1403186318069118,-0.0314810165801801,0.07409896878892619,0.0484634112177984,0.18022273871257122,1,sideways,1,sideways,0.003091259890624368,0.9855286870177544,0.011380053091621205
2023-12-20,3297.502,-1.1019869664240434,-0.0069061368272104184,0.0750568157350624,0.054376919255848755,0.15857245878850112,1,sideways,1,sideways,0.004654581958351978,0.9849284164072737,0.010417001634374406
2023-12-21,3330.87,1.0068319001593893,-0.01834175455661735,0.058511139732262185,0.03813778382224475,0.13338707304698172,1,sideways,1,sideways,0.004451929728526631,0.9791124034221217,0.016435666849351774
2023-12-22,3337.228,0.19069911470407716,-0.03545637277405078,0.06188339544076693,0.04286102118284996,0.12937144240669185,1,sideways,1,sideways,0.0035728058955526365,0.9808573620588881,0.015569832045559225
2023-12-25,3347.451,0.3058638408787789,-0.03450924300310898,0.0464042640205935,0.0318651415659259,0.134028847621668,1,sideways,1,sideways,0.0032888982582648615,0.981217217944878,0.015493883796857079
2023-12-26,3324.79,-0.6792646468125194,-0.014341056126853102,0.059003726551150715,0.041165607451899344,0.139685513972311,1,sideways,1,sideways,0.0038080629459475665,0.9834675479142069,0.012724389139845485
2023-12-27,3336.357,0.347297894082162,0.001966815901295993,0.060283416912518595,0.04250923986851518,0.13293541428570133,1,sideways,1,sideways,0.0033106874511489998,0.982976930968911,0.01371238157993993
2023-12-28,3414.54,2.3163290936967824,-0.023639787496998133,0.05303994095837217,0.016765362244987703,0.09311386013928669,1,sideways,1,sideways,0.013542194331180693,0.934906700848918,0.051551104819901335
2023-12-29,3431.11,0.4841039889780537,-0.03705797832188418,0.04359114105930728,0.009415028955644056,0.08492965833214328,1,sideways,1,sideways,0.00790621632788541,0.9473628273937071,0.044730956278407466
2024-01-02,3386.352,-1.3130588206423457,-0.041730156817719966,0.0535830297618205,0.017559013357146602,0.12821703118872474,1,sideways,1,sideways,0.010168773649260101,0.9586229606274478,0.031208265723292175
2024-01-03,3378.297,-0.23814994117271546,-0.048232881833657704,0.04680198336617525,0.015618520218914966,0.12365076249956708,1,sideways,1,sideways,0.0061055287747670065,0.970389590512912,0.02350488071232102
2024-01-04,3347.052,-0.9291777958288394,-0.03864325979996741,0.05570125591117203,0.016345129983041717,0.13544217418791216,1,sideways,1,sideways,0.005981509028164027,0.9764696387392559,0.017548852232580035
2024-01-05,3329.111,-0.5374657026306638,-0.04490177708102849,0.052746213628803496,0.03325212046098791,0.14515346589524958,1,sideways,1,sideways,0.0046609245085500565,0.9811186452912948,0.014220430200155239
2024-01-08,3286.056,-1.3017239917149819,-0.02605981151873249,0.06639844238807857,0.04348982488429898,0.16543236025192498,1,sideways,1,sideways,0.006555403903420764,0.9809881803592346,0.012456415737344476
2024-01-09,3292.499,0.19587894484644594,0.005829310806168886,0.05568414751226958,0.05335460997862107,0.16404439302790985,1,sideways,1,sideways,0.004170874119082652,0.9827812401422168,0.013047885738700457
2024-01-10,3277.129,-0.46791166996746686,0.02029245720873374,0.08298330642461749,0.05958630252272634,0.15864129852685083,1,sideways,1,sideways,0.003739682600599915,0.9847176730373405,0.011542644362059639
2024-01-11,3295.672,0.5642358317214607,0.021014834000470772,0.06537149327967096,0.05479155692678139,0.15416339975580096,1,sideways,1,sideways,0.0034108918300751073,0.9825789309603047,0.014010177209620164
2024-01-12,3284.167,-0.3497049616226983,0.0364296334504306,0.08563389133378418,0.06519644098488286,0.16707341618133298,1,sideways,1,sideways,0.003360868174374445,0.9843938035014747,0.01224532832415097
2024-01-15,3280.92,-0.09891720444085922,0.03960291625519674,0.08804908379357013,0.06725674505931245,0.16341757799641554,1,sideways,1,sideways,0.0031303489301380515,0.9851558558514628,0.011713795218399225
2024-01-16,3300.876,0.6064016919485082,0.04725866709322002,0.07294609067411173,0.06666563663706238,0.14972055902736114,1,sideways,1,sideways,0.0032394970845741407,0.9824082136151779,0.014352289300247987
2024-01-17,3229.082,-2.199000147828157,0.07977282707593059,0.09347021847076054,0.09598207787848079,0.19006918994314792,1,sideways,1,sideways,0.01569893472999724,0.968323365887396,0.015977699382606875
2024-01-18,3274.729,1.4037231259016307,0.06565825752298915,0.07069165112594056,0.07334835951310792,0.18870996653463545,1,sideways,1,sideways,0.012172508625673593,0.9586566457785499,0.029170845595776516
2024-01-19,3269.776,-0.15136365380268704,0.05614543626230062,0.07702240153453932,0.052022523867078396,0.19306704801796815,1,sideways,1,sideways,0.006640887218113116,0.9705981782654844,0.02276093451640241
2024-01-22,3218.902,-1.568117341787791,0.08570779725508881,0.09673453867188253,0.0619043388086995,0.20635390577283808,1,sideways,1,sideways,0.010509395702210163,0.9708949352873962,0.018595669010393605
2024-01-23,3231.933,0.40401026300605536,0.0675530711806216,0.10901711143145598,0.05177675403543325,0.21285373180694034,1,sideways,1,sideways,0.0058043789102109914,0.9753864874293707,0.018809133660418236
2024-01-24,3277.109,1.3881221047546426,0.07292220063476695,0.10582589715508384,0.04033555185378335,0.19164177938542792,1,sideways,1,sideways,0.006704109840251479,0.9622484472046611,0.031047442955087455
2024-01-25,3342.919,1.9882746117142656,0.058297852864517496,0.07821756973471383,0.014305760923312816,0.17831422179239165,1,sideways,1,sideways,0.013414031012398957,0.9155489248008387,0.07103704418676209
2024-01-26,3333.821,-0.2725283785510084,0.062105313992562916,0.09720257926265385,0.010666739456017593,0.18404617404473722,1,sideways,1,sideways,0.008498306945922528,0.9429408306220409,0.04856086243203658
2024-01-29,3303.96,-0.8997344577218024,0.07916379132919293,0.10746134941100971,0.041805590866717424,0.1842706933497984,1,sideways,1,sideways,0.00791741210845578,0.9595932316965462,0.03248935619499799
2024-01-30,3245.039,-1.799438047410013,0.0943005615648993,0.11869934382914948,0.053690571977717205,0.2142103685040455,1,sideways,1,sideways,0.015582132668975665,0.9580872315231139,0.026330635807910542
2024-01-31,3215.352,-0.9190530096758586,0.09777094389665586,0.13970756545473106,0.052572782077980884,0.22191784911885248,1,sideways,1,sideways,0.010448476739099261,0.969742217966481,0.019809305294419634
2024-02-01,3217.711,0.07333987264656598,0.10168688238316004,0.13940531017235558,0.03903706703305554,0.23642054864467332,1,sideways,1,sideways,0.005666214892156766,0.9766416773897634,0.017692107718079955
2024-02-02,3179.628,-1.1906028386339926,0.1288314230469727,0.15255338045834277,0.051374248811496104,0.2484847284021905,1,sideways,1,sideways,0.0066961893844182385,0.9789076992067877,0.014396111408794142
2024-02-05,3200.422,0.6518467293753663,0.12406863844830474,0.14267587211936417,0.0440776247632344,0.22660417907388464,1,sideways,1,sideways,0.004664471332428323,0.9782283346407271,0.01710719402684459
2024-02-06,3311.692,3.4176560918674874,0.07871172802301651,0.09492549427905739,0.009434754198156092,0.19574555846377018,1,sideways,1,sideways,0.08368789505512761,0.7436873940599433,0.17262471088492876
2024-02-07,3343.63,0.9597806138115857,0.06537595367908522,0.08874456802935726,-0.003589811073593685,0.18676887095761185,1,sideways,1,sideways,0.043974306345308065,0.7739397581409104,0.18208593551378163
2024-02-08,3364.93,0.6350117335176005,0.06094123800495099,0.09303016704656564,-0.011609453985669815,0.15605644099580096,1,sideways,1,sideways,0.02391004439395277,0.8149192717421879,0.16117068386385922
2024-02-19,3403.808,1.1487644387128004,0.05867545995543799,0.08436257274205827,-0.020394217300153228,0.14238934746025622,1,sideways,1,sideways,0.018960850397720403,0.8053372460803713,0.17570190352190834
2024-02-20,3410.854,0.20678949332587065,0.04889567246208726,0.07778315929089907,-0.02979165921496485,0.1390757270759757,1,sideways,1,sideways,0.013196582885223036,0.8553039485469589,0.13149946856781794
2024-02-21,3456.871,1.3401144828399245,0.03717610521190973,0.06583410257426436,-0.03324335793843625,0.12893162631755706,1,sideways,1,sideways,0.014565105091397362,0.8261363992326978,0.15929849567590473
2024-02-22,3486.675,0.8584715371482237,0.027078807173023023,0.0444885169968523,-0.04045143295546616,0.13467329188983768,1,sideways,1,sideways,0.012737952157658222,0.837072539243983,0.15018950859835883
2024-02-23,3489.742,0.08792479571062767,0.01583498149719942,0.03201755316009036,-0.03804693871352105,0.130173519990876,1,sideways,1,sideways,0.010204016195282509,0.8817792561715283,0.10801672763318933
2024-02-26,3453.359,-1.0480427412239257,0.02096625343614722,0.05280337202126972,-0.034938736459198094,0.137675521137536,1,sideways,1,sideways,0.01218736542810563,0.9184727366186916,0.06933989795320293
2024-02-27,3494.787,1.1925049054552075,0.01400943748503125,0.032730177833441676,-0.04954579492255162,0.12779863264914293,1,sideways,1,sideways,0.01066467345744182,0.9075437931264551,0.0817915334161032
2024-02-28,3450.26,-1.2822839100079193,0.015224070070081641,0.04731875278964481,-0.03974309182496394,0.13824233536023356,1,sideways,1,sideways,0.013487448785611943,0.932264669012524,0.05424788220186405
2024-02-29,3516.083,1.8897995392668423,0.0013884768931791136,0.0222489059558606,-0.05372228129995804,0.11248198634673878,1,sideways,1,sideways,0.0190161534697361,0.8761002019842477,0.1048836445460162
2024-03-01,3537.804,0.6158609757614577,-9.045159087395227e-05,0.011905973309996876,-0.060371066345111246,0.13249829555283443,1,sideways,1,sideways,0.011797813440275296,0.8968998085980714,0.09130237796165332
2024-03-04,3540.869,0.08659815735359105,0.0154702136678877,0.013521821903041298,-0.06651898163981784,0.12875907016046062,1,sideways,1,sideways,0.008138052838108471,0.9255878825541551,0.06627406460773631
2024-03-05,3565.514,0.6936045750201252,0.004252402318431381,0.014067256502148018,-0.07825463593748339,0.12402391352270659,1,sideways,1,sideways,0.006791191397887502,0.9327065045633801,0.06050230403873226
2024-03-06,3551.048,-0.40654518078747326,0.0047183254070348735,0.012319180140623276,-0.07698206276006403,0.12929140918399318,1,sideways,1,sideways,0.006031518419316098,0.9534276131815236,0.04054086839916029
2024-03-07,3529.72,-0.602422350277334,0.001894767856940538,0.017713869655383352,-0.05900977981256306,0.1261493829538889,1,sideways,1,sideways,0.005541933216958166,0.966721686936166,0.027736379846875735
2024-03-08,3544.91,0.42942241056892144,-0.003222366717349656,0.008238290958021643,-0.07895799893368238,0.1043146370429715,1,sideways,1,sideways,0.00436514136776656,0.9702986817809048,0.025336176851328603
2024-03-11,3589.264,1.2434395762809296,-0.023557754458852886,-0.012923819479425336,-0.08799464179843008,0.09628297054772239,1,sideways,1,sideways,0.005565343405624317,0.9591542092665836,0.035280447327792126
2024-03-12,3597.494,0.22903243987336983,-0.02592054357839102,-0.014835605007263442,-0.09599154300187862,0.09306506140107529,1,sideways,1,sideways,0.00446231293907099,0.966691659194358,0.028846027866570974
2024-03-13,3572.361,-0.7010770215681629,-0.027019105851844194,-0.01294102135814379,-0.0880658477684646,0.09713352038049905,1,sideways,1,sideways,0.004766268243449104,0.9746484860713032,0.020585245685247663
2024-03-14,3562.223,-0.2841933551660006,-0.003690672930919847,-0.005808170909008203,-0.09288497660028583,0.10392078205098332,1,sideways,1,sideways,0.003962480890504982,0.9795895103692797,0.01644800874021549
2024-03-15,3569.993,0.21788468195365465,-0.016492469312965108,-0.00946612500360644,-0.10561393257633833,0.09668730442888829,1,sideways,1,sideways,0.003415164581924234,0.980908997044007,0.015675838374068794
2024-03-18,3603.528,0.9349730570252965,-0.010579909466500559,-0.016078132319215954,-0.11315938158382555,0.07875004717598988,1,sideways,1,sideways,0.003943953150152074,0.9755231156194515,0.02053293123039642
2024-03-19,3577.63,-0.7212795562295397,-0.002188040686152526,-0.01366295564382014,-0.10942998577270424,0.0866646355268712,1,sideways,1,sideways,0.004323692973847273,0.9800003104490623,0.01567599657709034
2024-03-20,3585.384,0.2165011272841144,-0.012194509709420265,-0.02289908138152008,-0.11516451236464498,0.08339469356699314,1,sideways,1,sideways,0.0035151149120477344,0.9813165519593561,0.015168333128596098
2024-03-21,3581.09,-0.11983579411215316,-0.014013889625784315,-0.023867034897196215,-0.11779737454238803,0.07830381252635377,1,sideways,1,sideways,0.0032700551072506814,0.9832361388689637,0.013493806023785561
2024-03-22,3545.002,-1.0128499186162876,-0.01093849876530395,-0.01923609634070733,-0.10549838899949837,0.012535676989744893,1,sideways,1,sideways,0.004537889295916029,0.9838725920943852,0.011589518609698837
2024-03-25,3525.763,-0.5441857416650373,-0.001174497548473874,-0.019247181390240842,-0.0935193318439157,0.03545218439242803,1,sideways,1,sideways,0.003942577135765693,0.9854310957390001,0.010626327125234326
2024-03-26,3543.747,0.508777519054474,-0.0037999326701370073,-0.017913807052252873,-0.09670470267770237,0.040366030644964246,1,sideways,1,sideways,0.0034070845842018565,0.9835801619716075,0.013012753444190664
2024-03-27,3502.787,-1.1625704590335877,0.023262048191911244,-0.013894364687318972,-0.08279778359346424,0.06632661363651282,1,sideways,1,sideways,0.00511586338410865,0.9834279443239514,0.011456192291939915
2024-03-28,3520.965,0.5176162423272584,0.029238291207097866,-0.01684424582465316,-0.04801410976820275,0.0651957630933564,1,sideways,1,sideways,0.003848768704266721,0.9823677153929544,0.013783515902778916
2024-03-29,3537.484,0.4680640225272424,0.018914573182521766,-0.016763609390176737,-0.03843155191655989,0.06265978870858491,1,sideways,1,sideways,0.0034283829562895773,0.9814272851640724,0.015144331879638045
2024-04-01,3595.647,1.630820717261824,0.017307038204807057,-0.03444748608525805,-0.013996646500615828,0.04605235163518562,1,sideways,1,sideways,0.006455272711083773,0.9623001396829488,0.0312445876059672
2024-04-02,3580.676,-0.4172337760835616,0.02187631609226859,-0.03274856479614452,0.034353568990883376,0.053661375673196954,1,sideways,1,sideways,0.0050442031744353764,0.9723150643370015,0.02264073248856319
2024-04-03,3567.803,-0.36016092137275274,0.017495360590256803,-0.034191910259619096,0.12614261493697954,0.057295484083622394,1,sideways,1,sideways,0.004201018051892918,0.9782855161496066,0.017513465798500494
2024-04-08,3536.408,-0.8838477454495728,0.0362381829245948,-0.029789266396863634,0.20350819249362617,0.06676690019929832,1,sideways,1,sideways,0.0047387491088928275,0.9813414850469879,0.013919765844119232
2024-04-09,3533.487,-0.08263206642266384,0.037580441077043725,-0.03727960510396666,0.11956942249964397,0.07114615109663625,1,sideways,1,sideways,0.003633001957853948,0.9834652085551783,0.012901789486967847
2024-04-10,3504.709,-0.8177709281482681,0.04564772710088061,-0.018517371913046032,0.14069042536769816,0.079676515225658,1,sideways,1,sideways,0.004152902113078252,0.9846423359597227,0.011204761927199061
2024-04-11,3504.245,-0.013240206760602004,0.0436042571224331,-0.02148223083717038,0.10927375226332625,0.08065560484498091,1,sideways,1,sideways,0.003340758412145423,0.9853176933608092,0.011341548227045386
2024-04-12,3475.839,-0.8139201997165634,0.04321747929061148,-0.002206661470798843,0.13967936949899018,0.08876072798538703,1,sideways,1,sideways,0.0039641369660738425,0.9857504384551579,0.010285424578768323
2024-04-15,3549.076,2.085139919401763,0.025720215627955012,-0.02160421473082008,0.08647856512511987,0.06703660332999362,1,sideways,1,sideways,0.01062552537013854,0.9542053849757282,0.03516908965413314
2024-04-16,3511.115,-1.0753637067055306,0.047521941035824744,-0.009930748494424102,0.0912741394115546,0.0770421931494698,1,sideways,1,sideways,0.009424178184238772,0.9656861608337468,0.024889660982014422
2024-04-17,3565.403,1.534344010461733,0.03521593491675423,-0.018825361396734075,0.062494758657015925,0.058807938401353343,1,sideways,1,sideways,0.0100448774792566,0.9471069449498805,0.04284817757086302
2024-04-18,3569.802,0.12330411130023326,0.029794089420085434,-0.0191097433415075,0.09956630647862252,0.05624093437114985,1,sideways,1,sideways,0.006163512831490244,0.960421574803318,0.0334149123651916
2024-04-19,3541.662,-0.7914023574146041,0.04031694724115398,-0.005853466536332341,0.11111591111743602,0.07535445223174886,1,sideways,1,sideways,0.005886470962000374,0.9707763709191071,0.02333715811889258
2024-04-22,3530.905,-0.3041896469743456,0.03140469652964306,0.002297144782994698,0.12089563440534357,0.08516853327971141,1,sideways,1,sideways,0.00445499303549589,0.9774036947672362,0.018141312197267886
2024-04-23,3506.225,-0.7014251886027714,0.027165969097818987,0.0024813011144464436,0.1331871171986967,0.09887300444209957,1,sideways,1,sideways,0.004410405185838404,0.9812646538986594,0.01432494091550228
2024-04-24,3521.622,0.43817187922556994,0.03239586758601587,-0.02321203127422522,0.11563166063819463,0.09215497858657185,1,sideways,1,sideways,0.003614850796712267,0.9809739031534791,0.015411246049808725
2024-04-25,3530.281,0.24557922455279865,0.022346946319570682,-0.03175809517712602,0.12070993782081363,0.10206807899994375,1,sideways,1,sideways,0.0032783206832780044,0.9816451807221818,0.015076498594540145
2024-04-26,3584.269,1.5177076923253086,0.008161496807298718,-0.05161359261818799,0.10598758073124537,0.08704396907709766,1,sideways,1,sideways,0.005746296448048795,0.9655672287271669,0.028686474824784328
2024-04-29,3623.912,1.0999557225490677,-0.008167968758623245,-0.05922301645293804,0.082986838532503,0.08810892758985323,1,sideways,1,sideways,0.005812710665435129,0.9582773476931682,0.035909941641396624
2024-04-30,3604.394,-0.5400448579956985,-0.006788658509585654,-0.059275428823818865,0.07908541630021593,0.08400996117516568,1,sideways,1,sideways,0.005171401154535503,0.969743110941964,0.025085487903500504
2024-05-06,3657.877,1.4729267726443336,-0.018898667177709938,-0.07886951912270423,0.06374271196106385,0.06320824893784027,1,sideways,1,sideways,0.007068230776491767,0.9521743325937192,0.040757436629789034
2024-05-07,3659.008,0.030914795271684115,-0.011843920538025632,-0.05928492094032045,0.0631351448261388,0.0596164315574057,1,sideways,1,sideways,0.005110086543593378,0.9639224166982974,0.030967496758109402
2024-05-08,3630.223,-0.7897993527656223,-0.009759455548598583,-0.05811103064467393,0.08664453946768558,0.07381034167873435,1,sideways,1,sideways,0.005343260430046156,0.9728281281499683,0.021828611419985575
2024-05-09,3664.561,0.9414467548501396,-0.019733878082531686,-0.07645363250877812,0.10369918797913313,0.06871764448729323,1,sideways,1,sideways,0.0049458523750823755,0.9685581630710123,0.026495984553905227
2024-05-10,3666.277,0.04681593103929812,-0.02513803512391455,-0.08808827047165291,0.0976483773593757,0.06753117672232611,1,sideways,1,sideways,0.004004156210376361,0.9744557407134677,0.021540103076155913
2024-05-13,3664.691,-0.04326850218808902,-0.03323991026801443,-0.08778693756172073,0.1312536309336858,0.059372809330991316,1,sideways,1,sideways,0.0035767617116969587,0.978601430186053,0.01782180810225008
2024-05-14,3657.045,-0.20885764740540344,-0.030877935601011153,-0.08628715260545061,0.12223037999258946,0.055526251386023295,1,sideways,1,sideways,0.0034128007448596376,0.9817003365320334,0.014886862723106981
2024-05-15,3626.056,-0.8509888030861041,-0.02755748945962233,-0.07807904786908981,0.13929045773148574,0.05883555025074072,1,sideways,1,sideways,0.004206416285732491,0.9834516543594671,0.01234192935480048
2024-05-16,3640.359,0.3936746930168876,-0.027147322558022435,-0.08480811919923281,0.12234617519865476,0.0538073305407516,1,sideways,1,sideways,0.0034612948780288794,0.9828377957930826,0.013700909328888577
2024-05-17,3677.97,1.0278666382997874,-0.038545991402866187,-0.0957335160428171,0.11770623468924457,0.04913851934626989,1,sideways,1,sideways,0.004098458848145696,0.9762038766368558,0.01969766451499848
2024-05-20,3690.962,0.35261591399285835,-0.039385937866604936,-0.09660679248391069,0.0944623650961458,0.040442031101918685,1,sideways,1,sideways,0.003599337000367641,0.9776564631105086,0.018744199889123826
2024-05-21,3676.161,-0.4018127541494077,-0.04009944069370197,-0.09981118890059493,0.07961294404679231,0.047835772154701584,1,sideways,1,sideways,0.0036178433747934627,0.9813917437844545,0.014990412840752044
2024-05-22,3684.451,0.22525310409559335,-0.04917123338049545,-0.09295767537687438,0.07217628895051109,0.050018849483952854,1,sideways,1,sideways,0.0032628940799348002,0.9820474098595741,0.01468969606049115
2024-05-23,3641.792,-1.164566398411965,-0.04013738291478486,-0.08132205244011737,0.09201486520921565,0.06473845842925674,1,sideways,1,sideways,0.005118544793552242,0.9824439308198337,0.01243752438661408
2024-05-24,3601.475,-1.1132384426226534,-0.03461498413844322,-0.0678907947438202,0.10670572473778117,0.07566594242636704,1,sideways,1,sideways,0.005799265861880884,0.9830332137780008,0.011167520360118434
2024-05-27,3635.708,0.9460381288510041,-0.04890546765581838,-0.08334140145468227,0.09725478503774232,0.0686353249490883,1,sideways,1,sideways,0.004806855113364346,0.9784915248384964,0.01670162004813922
2024-05-28,3609.172,-0.732548190335193,-0.035716502289167784,-0.07966841148052795,0.07107641309419455,0.07101157827889604,1,sideways,1,sideways,0.004577450431926161,0.9819274145394242,0.013495135028649519
2024-05-29,3613.522,0.12045368462112957,-0.04411319482765019,-0.08312831636281726,0.06491423049313116,0.07779197137861615,1,sideways,1,sideways,0.0035288866805025243,0.9831671343725605,0.01330397894693691
2024-05-30,3594.312,-0.5330324056692399,-0.036906924051111845,-0.07431769974337232,0.06840613725241429,0.08287733507831274,1,sideways,1,sideways,0.003596950329294931,0.9848241107396494,0.011578938931055677
2024-05-31,3579.925,-0.4010745473243527,-0.028420148466797523,-0.0714266360328778,0.09137621598217827,0.07940306011997444,1,sideways,1,sideways,0.0034089219840108915,0.9858647392839581,0.010726338732031028
2024-06-03,3588.748,0.24615446833821455,-0.03259131039571461,-0.07897294543946809,0.07908133978758047,0.07942797878257268,1,sideways,1,sideways,0.003085208684479935,0.9850734989741579,0.01184129234136223
2024-06-04,3615.671,0.7474058721441453,-0.042110302624326024,-0.0910411926306347,0.08322438628957118,0.07044556874782026,1,sideways,1,sideways,0.0033897650027360088,0.981193066485606,0.01541716851165793
2024-06-05,3594.794,-0.5790766154181863,-0.04144354307924181,-0.08821451243103218,0.09815249496911371,0.07793965384386414,1,sideways,1,sideways,0.003676488474292121,0.9835619899906993,0.012761521535008553
2024-06-06,3592.245,-0.07093324822303063,-0.04486999077178744,-0.07538823215009005,0.10011733609483775,0.06982986962192173,1,sideways,1,sideways,0.0032399763698773417,0.9846253799722084,0.012134643657914302
2024-06-07,3574.114,-0.5060041978229485,-0.04822286026690803,-0.08648381109276315,0.09972905173142199,0.07625106529898029,1,sideways,1,sideways,0.0034172177640954256,0.9856791544582036,0.010903627777700927
2024-06-11,3542.877,-0.8778204324046326,-0.02909104662679507,-0.07605372695693358,0.10689363474938585,0.08891784840399497,1,sideways,1,sideways,0.004133010067965969,0.985825274142502,0.010041715789532061
2024-06-12,3544.123,0.03516297482259217,-0.03249238245963815,-0.08237806644972534,0.12105053916018149,0.10155149807159636,1,sideways,1,sideways,0.003293893037794532,0.9859757271543801,0.010730379807825327
2024-06-13,3526.131,-0.5089502820485152,-0.01643784646684987,-0.07610976449825602,0.12490744104515694,0.12306264287968882,1,sideways,1,sideways,0.003399124955457224,0.9865204935467338,0.010080381497809003
2024-06-14,3541.533,0.43584483873175184,-0.01952036025077275,-0.08758551734517228,0.12822243926570787,0.11421240462816518,1,sideways,1,sideways,0.0031501148878431504,0.9846521859236183,0.012197699188538613
2024-06-17,3536.199,-0.1507262781307134,-0.016953797000677895,-0.09706665264030667,0.1279995837338339,0.10903204259715005,1,sideways,1,sideways,0.003080525523958224,0.985378375756896,0.01154109871914576
2024-06-18,3545.59,0.2652156257306771,-0.013342490248449579,-0.09866764064654965,0.1362015912725385,0.11013371540420636,1,sideways,1,sideways,0.003002260957028634,0.9845418726931818,0.012455866349789563
2024-06-19,3528.749,-0.4761160530630181,-0.007698195592829027,-0.0970936158961716,0.11461058862503415,0.11732571514720957,1,sideways,1,sideways,0.003301949830213789,0.9855868252967364,0.011111224873049724
2024-06-20,3503.282,-0.7243173797358555,0.0050378473671259805,-0.09442773947401328,0.11662207038999428,0.12571154705787313,1,sideways,1,sideways,0.0037547946204412944,0.9860803121164684,0.010164893263090306
2024-06-21,3495.62,-0.21894871683803696,0.012414392868790092,-0.09622699263649936,0.12198494115493097,0.135154278783163,1,sideways,1,sideways,0.0032698704347094345,0.9865447492727293,0.010185380292561276
2024-06-24,3476.81,-0.5395549509415396,0.010962635289245126,-0.08795418789062381,0.13376629726674727,0.14536112125770462,1,sideways,1,sideways,0.0034139565133062717,0.9868538050892308,0.009732238397462784
2024-06-25,3457.902,-0.5453159945359769,-0.0052124091428848995,-0.07572973438807695,0.14099936898153853,0.14669964620165632,1,sideways,1,sideways,0.0034625115659425907,0.9870659143634208,0.009471574070636554
2024-06-26,3480.265,0.644639353391063,-0.017843181481869808,-0.08022808607965193,0.12857612854193579,0.14889325956500432,1,sideways,1,sideways,0.0033361006719584713,0.9838332682858577,0.012830631042183854
2024-06-27,3454.118,-0.7541297882574628,-0.01587843843203962,-0.06987427760140208,0.13880649126636668,0.15554853655839196,1,sideways,1,sideways,0.003884907462830467,0.9849614688267443,0.011153623710425246
2024-06-28,3461.657,0.2180233737024504,-0.015126859766868894,-0.0317038920956062,0.15080379136350008,0.1584117086123784,1,sideways,1,sideways,0.0032486366791922103,0.9846926216115233,0.01205874170928457
2024-07-01,3478.183,0.4762654827228198,-0.025139850318398937,-0.02203736836158421,0.14589399120172808,0.15428285400739394,1,sideways,1,sideways,0.003179413721619911,0.9829627451187773,0.013857841159602738
2024-07-02,3471.786,-0.18408720402977288,-0.029496057648714546,0.02118045294266402,0.14853853319300203,0.15723376959294155,1,sideways,1,sideways,0.003153004199370604,0.9843597752807338,0.012487220519895577
2024-07-03,3463.414,-0.24143511554857244,-0.00615866309947366,0.06937403382904828,0.14945282313924912,0.16043418430485046,1,sideways,1,sideways,0.003141551827175191,0.9853408032152243,0.011517644957600496
2024-07-04,3445.813,-0.5094936980487584,-0.0077038423152969715,0.1660107498578709,0.16055485309272433,0.16291917176004622,1,sideways,1,sideways,0.003366531011982862,0.986101437581928,0.010532031406089217
2024-07-05,3431.061,-0.4290328026433688,-0.013601914976154705,0.2404606038773427,0.14684961882053393,0.17587271109432323,1,sideways,1,sideways,0.0033254311258448547,0.986619067369858,0.010055501504297078
2024-07-08,3401.76,-0.8576598043504765,-0.017179048492545146,0.16292272235548655,0.12306423733596716,0.1930732914726494,1,sideways,1,sideways,0.004013126385870148,0.9864431230529123,0.009543750561217562
2024-07-09,3439.811,1.1123583267563952,-0.02815038384376356,0.1622115284822334,0.09749198429797445,0.18774171022768393,1,sideways,1,sideways,0.0044132312712856815,0.9790781236989746,0.016508645029739602
2024-07-10,3428.966,-0.3157770011095822,-0.025511189087322528,0.13362658014106876,0.09915642208175868,0.20122450907941336,1,sideways,1,sideways,0.0037534852758978,0.9823682463808613,0.013878268343240987
2024-07-11,3468.169,1.1368030983788109,-0.036108967008239734,0.14219981782894675,0.09455623413968595,0.18788011772206037,1,sideways,1,sideways,0.004512688062558596,0.9742889738061795,0.021198338131261946
2024-07-12,3472.401,0.12194965325544864,-0.0405408246340212,0.11046938415234875,0.09123773435153382,0.19486113498988167,1,sideways,1,sideways,0.0037127042399967706,0.9778631092737379,0.018424186486265356
2024-07-15,3476.247,0.1106978046014261,-0.04325987192509628,0.10222000910752316,0.0873441961977961,0.1872467635355024,1,sideways,1,sideways,0.0033715946449538476,0.980161934243502,0.016466471111544236
2024-07-16,3498.283,0.631901313052125,-0.04684955448144135,0.08288037302871154,0.06694655635350255,0.1822439751157925,1,sideways,1,sideways,0.003487390573553328,0.9781886968563211,0.018323912570125566
2024-07-17,3501.584,0.09431608471134148,-0.054930854150578634,0.12098810138497318,0.06309401687921823,0.18575621775744922,1,sideways,1,sideways,0.0032939841431995354,0.9803980967605889,0.016307919096211532
2024-07-18,3520.931,0.5510005731037632,-0.05083257808801145,0.11765808531891131,0.08509368686861518,0.17901714063695096,1,sideways,1,sideways,0.0033731656391848123,0.9790613877170431,0.017565446643772152
2024-07-19,3539.016,0.51232791288347,-0.05464287248206845,0.11832667611562075,0.07262188133650693,0.15161700314437687,1,sideways,1,sideways,0.0034018668412894547,0.9783509767546837,0.01824715640402693
2024-07-22,3514.925,-0.6830534495862522,-0.04493893895317835,0.1303822983420697,0.08121339715641152,0.15363172756175447,1,sideways,1,sideways,0.0039497025384323155,0.9817190404309053,0.014331257030662462
2024-07-23,3439.878,-2.1582182268262446,-0.031156628229257022,0.1421431225177172,0.10827854941367088,0.183385573558132,1,sideways,1,sideways,0.015950853571957507,0.9683024029882548,0.015746743439787863
2024-07-24,3418.166,-0.6331855712929615,-0.028240582815463044,0.15746894679778567,0.12038912094965548,0.20048294904343433,1,sideways,1,sideways,0.008750221846728261,0.9775578006025505,0.013691977550721228
2024-07-25,3399.272,-0.5542858878595459,-0.025339543290445743,0.1661782287501561,0.12748111948676066,0.2101076348112183,1,sideways,1,sideways,0.005629711122905203,0.9822617857004899,0.012108503176604698
2024-07-26,3409.293,0.29436473724041756,-0.024081825762702236,0.15116213244212218,0.1137256316778874,0.2068971484703721,1,sideways,1,sideways,0.0038845440900174906,0.9829514380931106,0.013164017816871794
2024-07-29,3390.742,-0.545616192312457,-0.019617829961701694,0.14707901692313952,0.12180283843477335,0.210639736081365,1,sideways,1,sideways,0.0037453336607903885,0.9847483701203203,0.01150629621888934
2024-07-30,3369.382,-0.631943173960715,-0.01900882713803309,0.15482305063658552,0.137556976323848,0.2235214054090633,1,sideways,1,sideways,0.0037783710242590943,0.9857587779016518,0.010462851074089022
2024-07-31,3442.084,2.134775714932877,-0.045201685955368776,0.13013511581936998,0.10894446503920308,0.20387096886653544,1,sideways,1,sideways,0.011076743133366212,0.9518592102036182,0.03706404666301554
2024-08-01,3419.267,-0.6650901289886052,-0.041408290139377746,0.15368644800186715,0.1099118612263974,0.22148343489993638,1,sideways,1,sideways,0.007630457116476393,0.9664451186705957,0.025924424212927823
2024-08-02,3384.392,-1.025192633908731,-0.018603045982853117,0.19506635165193642,0.13545682651418645,0.2331056804294538,1,sideways,1,sideways,0.007227049855777308,0.9736268781543156,0.01914607198990699
2024-08-05,3343.321,-1.2209649912898612,-0.02342281820979797,0.20367831865381758,0.16432224126848727,0.2569397314825588,1,sideways,1,sideways,0.007820345329477637,0.9767712963598488,0.01540835831067353
2024-08-06,3342.979,-0.010229873032864796,-0.020805096292857317,0.24011996485769127,0.16694182045415196,0.2681542420697227,1,sideways,1,sideways,0.004682189486417467,0.9810249696033224,0.014292840910260134
2024-08-07,3341.489,-0.04458096065917208,-0.026731795316399354,0.2282090409395332,0.16209719678861734,0.2639197675048459,1,sideways,1,sideways,0.003609752021754338,0.9831404235807053,0.013249824397540333
2024-08-08,3342.937,0.04332458830868895,-0.02548028874011088,0.23577889741864722,0.1725802789582933,0.2777375104586177,1,sideways,1,sideways,0.003203777321741136,0.9840001138202172,0.012796108858041593
2024-08-09,3331.627,-0.33889886514955525,-0.03009970804054596,0.22635066890741373,0.1721420194997818,0.28708015633202644,1,sideways,1,sideways,0.00324332370583807,0.9852328972195181,0.011523779074643851
2024-08-12,3325.865,-0.17309826098848297,-0.03996343808302494,0.23603633941846724,0.18435625017852497,0.316348679215783,1,sideways,1,sideways,0.0031052344813938624,0.9858151448462711,0.011079620672335054
2024-08-13,3334.39,0.2559963441535963,-0.041577319989563266,0.21150165397568976,0.18384412141351203,0.34034171167739835,1,sideways,1,sideways,0.0029956710116609444,0.9849029561055901,0.012101372882748953
2024-08-14,3309.239,-0.7571500501848913,-0.037201604356772,0.19931833270428645,0.18238150825612776,0.34550299933005757,1,sideways,1,sideways,0.003724630153932662,0.9855648166092176,0.010710553236849675
2024-08-15,3341.953,0.9837113049039239,-0.05071226315869792,0.18205761720766267,0.17899922590174056,0.3124442504128575,1,sideways,1,sideways,0.004014721692906127,0.9795725970698421,0.016412681237251866
2024-08-16,3345.634,0.11008456029771621,-0.0557105170499822,0.18868083000112978,0.17433526799404842,0.3342110942201091,1,sideways,1,sideways,0.003418777215056721,0.9814276463080066,0.015153576476936657
2024-08-19,3356.968,0.33819733897214355,-0.05539462991604316,0.1873133732582497,0.18513015316201997,0.3395298972167742,1,sideways,1,sideways,0.003239661249988694,0.9813972238749393,0.015363114875071904
2024-08-20,3332.703,-0.7254499187663975,-0.041007854585302095,0.197015755679399,0.1911403446391713,0.35736997866296516,1,sideways,1,sideways,0.003871569461862099,0.9835045398135671,0.012623890724570857
2024-08-21,3321.635,-0.3326554859854777,-0.03630290504525635,0.16379403516641644,0.18184297793104887,0.3518803239970678,1,sideways,1,sideways,0.0034685342070146052,0.9850579189106403,0.011473546882345148
2024-08-22,3313.136,-0.2561958701722313,-0.030295164460498958,0.16146484780582493,0.19522440370694105,0.34610532136320393,1,sideways,1,sideways,0.0032327488231049264,0.9858744956134263,0.010892755563468817
2024-08-23,3327.191,0.4233231583048738,0.007429089583375292,0.15418231174585406,0.1926324638411201,0.3119802860731471,1,sideways,1,sideways,0.003107203356230543,0.9841726282634004,0.012720168380369108
2024-08-26,3324.223,-0.08924418768667877,0.023256562510998835,0.17532578289723655,0.1702130091753773,0.34176467703881475,1,sideways,1,sideways,0.003054073978605201,0.9849256693597188,0.012020256661676082
2024-08-27,3305.334,-0.5698435389835989,0.07260567313318433,0.17160656078931824,0.1764239256910196,0.35162528204411436,1,sideways,1,sideways,0.0034297840316704115,0.9858053222915786,0.010764893676750972
2024-08-28,3286.496,-0.5715575578550957,0.12694036444894508,0.19171999600790635,0.18217730981568203,0.34984433268745785,1,sideways,1,sideways,0.0035373700755859322,0.986408441081857,0.010054188842556936
2024-08-29,3277.681,-0.2685791470552564,0.22582246411411,0.20439786544206107,0.19065003580275186,0.35625309479476486,1,sideways,1,sideways,0.003226246513169512,0.9867586885392532,0.010015064947577184
2024-08-30,3321.432,1.3259855085641672,0.2814039245722928,0.18981541696473103,0.1911238887323301,0.3692994467446571,1,sideways,1,sideways,0.004708780713804099,0.9759750548126841,0.019316164473511904
2024-09-02,3265.011,-1.7132883447014717,0.21162960859856206,0.20384188598445752,0.20796346474789829,0.3849870643621107,1,sideways,1,sideways,0.010243657196023204,0.9728678649711938,0.016888477832782866
2024-09-03,3273.428,0.2574622061768832,0.2212848426786842,0.1980064934985588,0.20021029941700275,0.38480394253363737,1,sideways,1,sideways,0.005553476053855777,0.9777903813510895,0.01665614259505471
2024-09-04,3252.165,-0.651682544452291,0.19525516079288718,0.22169108885926758,0.211936048755214,0.39086946695509006,1,sideways,1,sideways,0.0046956051837585755,0.9817453024503099,0.013559092365931405
2024-09-05,3257.758,0.1718300316650957,0.21597184321241802,0.21757693481222362,0.20550145222573324,0.39698007034285565,1,sideways,1,sideways,0.0035744807932481387,0.9828651784742489,0.013560340732503014
2024-09-06,3231.346,-0.8140460024589676,0.193309227795476,0.2365240367326804,0.21051072834663942,0.39202332402658224,1,sideways,1,sideways,0.00414178046390948,0.9842758913245533,0.011582328211537265
2024-09-09,3192.952,-1.1952887962660976,0.20001459464470495,0.2492611852605362,0.2548127876648316,0.4099554268275878,1,sideways,1,sideways,0.005594593305455368,0.9837087365845378,0.010696670110006848
2024-09-10,3195.755,0.0877485907509786,0.18539187140441005,0.26058005072353785,0.25065532245118916,0.41519234108997716,1,sideways,1,sideways,0.0037933078525281684,0.9847919763718582,0.011414715775613576
2024-09-11,3186.13,-0.30163524719294094,0.23197546867202523,0.23446971718040377,0.2578654982690598,0.41857927956486396,1,sideways,1,sideways,0.0033794609571280785,0.9858250859482862,0.010795453094585837
2024-09-12,3172.475,-0.42949738160854634,0.24041860061939024,0.23305684047943642,0.26405030772504134,0.4392772204666704,1,sideways,1,sideways,0.0033382811390387105,0.9864502706213051,0.01021144823965623
2024-09-13,3159.247,-0.41783322909747866,0.25275928092991773,0.24144550900895068,0.2582086807394295,0.45398191404470767,1,sideways,1,sideways,0.003293905650161639,0.9868282378809305,0.009877856468907828
2024-09-18,3171.01,0.37164410668147063,0.25297901930299793,0.24310235540096037,0.234526538863012,0.4348895146972098,1,sideways,1,sideways,0.0030721494856322906,0.9851750881248099,0.011752762389557832
2024-09-19,3196.036,0.7861142790138772,0.22928308692392707,0.23448672042492635,0.23116541866236795,0.4455572465391504,1,sideways,1,sideways,0.0034355501288028793,0.9809306560021408,0.015633793869056205
2024-09-20,3201.05,0.15675890637570924,0.23597600787241668,0.227017384920573,0.22843910591837058,0.44974117867574703,1,sideways,1,sideways,0.0032076476797731628,0.9819941882389019,0.014798164081324911
2024-09-23,3212.764,0.3652744848710739,0.2338774338855889,0.2243575936483353,0.21993305452874834,0.4658661513886484,1,sideways,1,sideways,0.0031715880594910995,0.9815859199914346,0.01524249194907436
2024-09-24,3351.909,4.239840844680647,0.17086979389953605,0.18848333889732682,0.17318578756165515,0.37737450509545445,1,sideways,2,bull,0.2724438367627492,0.4274638011519836,0.300092362085267
2024-09-25,3401.533,1.4696178078189135,0.1434400313035329,0.17171551767982263,0.1510004459753882,0.35056134983844056,1,sideways,2,bull,0.1702100128680949,0.4158155007891227,0.4139744863427824
2024-09-26,3545.32,4.140221153510405,0.09751446977987888,0.12471652770412822,0.09646125032437114,0.28029740615797727,2,bull,2,bull,0.4676035074873963,0.018418573330168723,0.5139779191824352
2024-09-27,3703.685,4.369984607775463,0.05031070406905558,0.07488379816318069,0.04967998088390346,0.2437040407054054,0,bear,2,bull,0.6850830649277836,0.00042758029733322986,0.31448935477488316
2024-09-30,4017.855,8.141990816478428,-0.018192045257979683,-0.004679113606638419,-0.033218968827894546,0.14947453305308422,0,bear,2,bull,0.9994463999206619,1.039297613350987e-10,0.0005535999754080801
2024-10-08,4256.096,5.760413004013371,-0.04969883198123348,-0.07546469816470291,-0.09271242941888513,0.06065159244528329,0,bear,2,bull,0.992406441784527,1.7397366455660826e-06,0.007591818478827702
2024-10-09,3955.984,-7.312293891302561,0.01726473110103588,-0.034274405558768706,-0.09265532924298991,0.14717855279495584,0,bear,0,bear,0.9999941632988333,1.4765346554335814e-09,5.835224632129842e-06
2024-10-10,3997.788,1.0511838896093,0.036997209456829605,-0.055686544659196535,-0.08680525330507771,0.15260539078110202,0,bear,0,bear,0.7966401902491307,0.02143070754554546,0.18192910220532396
2024-10-11,3887.167,-2.8060593486586747,0.05579384677838628,-0.030406977626636578,-0.051547309390103435,0.1814696924521122,0,bear,0,bear,0.9211593984063009,0.008249915077446058,0.07059068651625315
2024-10-14,3961.342,1.8902242072998838,0.04286148482004326,-0.04171212684994119,-0.05710867680700138,0.16282436608603845,0,bear,0,bear,0.7236568488329647,0.01738472553900947,0.2589584256280257
2024-10-15,3855.995,-2.695377667844809,0.05958202746632191,-0.01731848718683493,-0.027354288581805775,0.20868517723700375,0,bear,0,bear,0.8845514456968854,0.009214372396644478,0.10623418190647012
2024-10-16,3831.589,-0.6349480407828794,0.07289430051083245,-0.013496228327203097,-0.018907821272062364,0.2308259053880779,0,bear,0,bear,0.7231960494212389,0.04310654510170657,0.23369740547705456
2024-10-17,3788.222,-1.138281992796767,0.06636279499987063,-0.01471429076754216,-0.007123922515628767,0.23856864777196263,0,bear,0,bear,0.6284846827703477,0.08617568001803574,0.2853396372116164
2024-10-18,3925.234,3.5529187560530215,0.011106853756998936,-0.05164558342254244,-0.038829277439255794,0.20956814294383475,0,bear,2,bull,0.6785227695715776,0.007564833854729479,0.31391239657369285
2024-10-21,3935.197,0.2534976856937196,0.0038585107683299924,-0.029136279581428837,-0.041414699187867776,0.19686790775658758,2,bull,1,sideways,0.45430569996368236,0.037055237837458496,0.5086390621988591
2024-10-22,3957.776,0.5721307190713316,0.00482973265793718,-0.040868912237579935,-0.04680734836938716,0.17254437845901327,2,bull,1,sideways,0.2685125634678225,0.07344864359584197,0.6580387929363356
2024-10-23,3973.209,0.3891829193837529,0.003162179487663508,-0.04349758595633901,-0.04739946979884524,0.17119512212924115,2,bull,1,sideways,0.15925371992165968,0.12191338074887861,0.7188328993294618
2024-10-24,3928.833,-1.1231645314258751,0.015390066210500652,-0.029650025847369976,-0.03687634470592149,0.17559056340648715,2,bull,1,sideways,0.17009954043781142,0.19472898267599148,0.635171476886197
2024-10-25,3956.421,0.6997393506165028,-0.022930320104963542,-0.032035266216613456,-0.042851607551370186,0.16955627320752775,2,bull,1,sideways,0.10010981121601506,0.24662666800260818,0.6532635207813767
2024-10-28,3964.157,0.19533934164612876,-0.02927886054967055,-0.03318284316186271,-0.04535642760869463,0.1839599188427703,2,bull,1,sideways,0.06809469382353381,0.33720301112127926,0.594702295055187
2024-10-29,3924.649,-1.0016301657580668,-0.02152141503609617,-0.03252061521934835,-0.035074474175907144,0.1921560373934077,2,bull,1,sideways,0.07610643326020783,0.4583400202196147,0.46555354652017733
2024-10-30,3889.449,-0.9009418130465061,0.004524034124113729,-0.022035254865149234,-0.027723721277743918,0.2071249680867393,1,sideways,1,sideways,0.06657628238423235,0.5862963989994008,0.3471273186163669
2024-10-31,3891.04,0.04089717297141147,-0.004751685924585747,-0.014951272667461657,-0.02980257206299597,0.19560991405896622,1,sideways,1,sideways,0.038083497261848454,0.6912489774908944,0.27066752524725707
2024-11-01,3890.02,-0.026217507790524022,0.0068284995964031925,-0.018750546269684976,-0.030706525930457973,0.1943146821867241,1,sideways,1,sideways,0.0237987130407736,0.7776414265179686,0.19855986044125773
2024-11-04,3944.762,1.397432394157335,0.0007275470611407542,-0.037943226993162105,-0.03453186782878159,0.19197913587689186,1,sideways,1,sideways,0.023179746632508404,0.7354844658593147,0.2413357875081768
2024-11-05,4044.573,2.498735956871988,-0.02291515074644468,-0.049879678275061345,-0.05264981000466551,0.14428395778738579,2,bull,1,sideways,0.05632579891774006,0.4522737405303145,0.4914004605519454
2024-11-06,4024.283,-0.5029224159259079,-0.023290111555275828,-0.03269650767602572,-0.04258820763847859,0.14257695097486933,1,sideways,1,sideways,0.046584907958721194,0.5817873749339859,0.37162771710729287
2024-11-07,4145.695,2.972368806939819,-0.05405776353542635,-0.059008923714841455,-0.07225278270591529,0.10191246582298041,2,bull,1,sideways,0.11347508939619584,0.19490251234387584,0.6916223982599284
2024-11-08,4104.047,-1.0096886381138046,-0.03189680819932117,-0.05382784358951043,-0.05200647068612996,0.11799206977892829,2,bull,1,sideways,0.11943351211793661,0.29333278985314387,0.5872336980289196
2024-11-11,4131.131,0.6577659317234975,-0.03983412774855133,-0.051140716670567965,-0.05685440621466631,0.10501167839993464,2,bull,1,sideways,0.07264374995320245,0.3543789035917726,0.5729773464550248
2024-11-12,4085.743,-1.1047622644016735,-0.022053761090700008,-0.044203220809532096,-0.03488520937317896,0.09003625533960413,1,sideways,1,sideways,0.08245399717980602,0.47262498735393577,0.44492101546625834
2024-11-13,4110.89,0.6135953359996323,-0.029691623954910096,-0.04181114065324065,-0.04954912439885284,0.08201581652634826,1,sideways,1,sideways,0.04938069559789378,0.5409011338258515,0.40971817057625465
2024-11-14,4039.619,-1.7489169482634275,-0.0027512495609115506,-0.022829133143496994,-0.037264405380804555,0.11159121689446438,1,sideways,1,sideways,0.09052021011298134,0.6036871267129624,0.3057926631740563
2024-11-15,3968.831,-1.767878769577378,-0.008982493837606076,-0.01412204248555815,-0.023101512762826126,0.13827623297641045,1,sideways,1,sideways,0.12383329792002008,0.6496513473386624,0.22651535474131737
2024-11-18,3950.381,-0.46595629417322615,-0.009755767861378328,-0.0025873453725095974,-0.013216446717417951,0.1430297482698506,1,sideways,1,sideways,0.06284264893519127,0.768974724698041,0.1681826263667678
2024-11-19,3976.891,0.6688328298613527,-0.01379419249861269,-0.012068472583231404,-0.015215403188068355,0.1382414051579488,1,sideways,1,sideways,0.03119603201805677,0.8145034040315218,0.15430056395042135
2024-11-20,3985.773,0.2230912590004434,-0.011009909495598547,-0.0018387901167478127,-0.01804116792401378,0.1482053794834779,1,sideways,1,sideways,0.01694524931206742,0.8653562856684697,0.11769846501946303
2024-11-21,3989.298,0.08840047266173201,-0.010987898121423867,-0.004908382377049714,-0.026827777719287904,0.14163820301215901,1,sideways,1,sideways,0.010709865502958186,0.9039297452187794,0.08536038927826245
2024-11-22,3865.699,-3.14727560693115,0.016050137374896467,0.01550870877427335,-0.0014465689128926318,0.1721163494622835,1,sideways,1,sideways,0.15783294092700711,0.740128856478738,0.10203820259425513
2024-11-25,3848.091,-0.45653383311217044,0.022213871761348702,0.02906636043690236,-0.002259302079914427,0.1815120796259755,1,sideways,1,sideways,0.07080540826879726,0.846944493268452,0.08225009846275086
2024-11-26,3840.185,-0.20566386499934028,0.037368772598195266,0.03331375962355976,-0.0010280754703223538,0.1938323283904293,1,sideways,1,sideways,0.029928945231154275,0.908108911678168,0.061962143090677754
2024-11-27,3907.045,1.7260791272698501,0.02011341051869109,-0.0043500906695469466,-0.012373801683881358,0.18292853038549595,1,sideways,1,sideways,0.02835492040727123,0.8648442871562888,0.10680079243643996
2024-11-28,3872.551,-0.8867870786063838,0.029677853177401792,0.004111759922593716,-0.008345661554876815,0.18738862315822313,1,sideways,1,sideways,0.019552625589201265,0.9106043455896061,0.06984302882119256
2024-11-29,3916.583,1.1306126982641185,0.01645516002086511,-0.008007490202556644,-0.016486309622443907,0.17240640629855153,1,sideways,1,sideways,0.013687851042678872,0.9058364389542973,0.08047571000302392
2024-12-02,3947.632,0.7896315482197269,0.013026290191182843,-0.01141469113635718,-0.019983878943123368,0.15314320078467292,1,sideways,1,sideways,0.009630090391673814,0.9141332152417484,0.07623669436657789
2024-12-03,3951.891,0.10782930596358363,-0.004296677210985811,0.0010997266878058909,-0.01880998236034348,0.1591792384962034,1,sideways,1,sideways,0.006957920295099393,0.9370462130736213,0.05599586663127925
2024-12-04,3930.557,-0.5413052415318662,-0.028027070972383772,0.0034236877877613647,-0.014393125452702993,0.1581208464856254,1,sideways,1,sideways,0.006249286196811112,0.956502803010133,0.03724791079305585
2024-12-05,3921.588,-0.228447230677167,-0.037337680551858154,0.0018395609125689827,-0.00926716422020879,0.1468708594579542,1,sideways,1,sideways,0.004897801424040138,0.968089791145483,0.027012407430477003
2024-12-06,3973.141,1.3060291945706284,-0.0513878062721661,-0.007984866381535394,-0.02710097628047936,0.15270890210037846,1,sideways,1,sideways,0.006152291321718355,0.9551801705100237,0.03866753816825801
2024-12-09,3966.571,-0.16549722457353533,-0.042975406213578315,-0.00991763414798319,-0.018138084506743923,0.14779062318561786,1,sideways,1,sideways,0.004846596214597179,0.9669301882712815,0.028223215514121408
2024-12-10,3995.637,0.7301022307707264,-0.05166185016306535,-0.021037446594873388,-0.025887737049186454,0.1432915452529846,1,sideways,1,sideways,0.004507166071904466,0.9663659085595692,0.029126925368526263
2024-12-11,3988.831,-0.1704810301300157,-0.05238477137787989,0.004443908503518834,-0.031249506434341323,0.1561342157639669,1,sideways,1,sideways,0.004018498369885609,0.9738888840633857,0.022092617566728583
2024-12-12,4028.505,0.9897133873214472,-0.07348234642876206,-0.007873144007516486,-0.03840382474391868,0.14700962267640239,1,sideways,1,sideways,0.004520209478590736,0.9681686532431578,0.02731113727825153
2024-12-13,3933.181,-2.3946826151131235,-0.053561735399413335,0.018952089924160642,-0.01596722856130961,0.17819622336220986,1,sideways,1,sideways,0.025852031565291513,0.9459633065015597,0.028184661933148857
2024-12-16,3911.842,-0.5440150431095956,-0.023339899719876267,0.02513547326297938,-0.009425482931059048,0.18679026402395604,1,sideways,1,sideways,0.012677764061186758,0.9654781831809881,0.02184405275782511
2024-12-17,3922.033,0.2601779004333989,-0.0321279805651814,0.013502946048643771,-0.020127826563417495,0.1874555874466124,1,sideways,1,sideways,0.006516292319990765,0.9731719453986734,0.020311762281335976
2024-12-18,3941.89,0.505016191103347,-0.03589800831580792,-0.006898721171823663,-0.024162521024178818,0.1769410105304816,1,sideways,1,sideways,0.0045727257628869755,0.9748922538858565,0.020535020351256508
2024-12-19,3945.464,0.0906260894239844,-0.03374026476987246,-0.0026904313409018554,-0.02219308045897772,0.17889353444867329,1,sideways,1,sideways,0.0037151573356875166,0.9784572179741825,0.017827624690130075
2024-12-20,3927.744,-0.4501349366211429,-0.02496802235583584,0.0011586804027960973,-0.006036544133222521,0.17877845399292802,1,sideways,1,sideways,0.0036907131671890087,0.9819428175505018,0.014366469282309152
2024-12-23,3933.572,0.14827036765076282,-0.02566547656938789,-0.003613763775011658,0.006735354024281159,0.19935417478058115,1,sideways,1,sideways,0.003258285040491703,0.9828096633598716,0.013932051599636655
2024-12-24,3983.688,1.2660104473919163,-0.046858840350951225,-0.01287148993595888,-0.009455559772753364,0.20257761149969578,1,sideways,1,sideways,0.0046718566406784455,0.9723719134807892,0.022956229878532325
2024-12-25,3985.629,0.0487118290910206,-0.04563520588594672,-0.01767926718718671,-0.01602532498634468,0.1984723113967708,1,sideways,1,sideways,0.0038168967015783702,0.9769693330772214,0.019213770221200095
2024-12-26,3987.48,0.04643107307961344,-0.038775366898392005,-0.025122132274017717,-0.012890597570395346,0.18813235426886155,1,sideways,1,sideways,0.003431239418516428,0.9798699784069903,0.016698782174493384
2024-12-27,3981.031,-0.16186214483476127,-0.04118305032038183,-0.023447946022022825,-0.00961283647376765,0.19539938272271673,1,sideways,1,sideways,0.003304052856403364,0.982377907515412,0.014318039628184537
2024-12-30,3999.055,0.4517252232407563,-0.051004549824896106,-0.028674024238226292,-0.01384577106341367,0.1977619712657117,1,sideways,1,sideways,0.00324284308817072,0.9813570491322786,0.015400107779550806
2024-12-31,3934.911,-1.6169819129819747,-0.02340078339764229,-0.01865556806748614,0.008426365933054125,0.20994655279369723,1,sideways,1,sideways,0.00777159162705957,0.9783303510386047,0.01389805733433559
2025-01-02,3820.395,-2.9534443664534638,0.01892683871693901,-0.06045291128273389,0.04235373567392897,0.24121484820286887,1,sideways,1,sideways,0.07575467792528333,0.9016031315830911,0.022642190491626017
2025-01-03,3775.165,-1.1909730059042638,0.03334874104840457,-0.03295379142368615,0.05033157491129536,0.2586016770127928,1,sideways,1,sideways,0.047136408937922494,0.9310200297015527,0.021843561360524864
2025-01-06,3768.97,-0.16423357727464197,0.030290769096066095,-0.021803304351056152,0.0608874573159246,0.25548173638951743,1,sideways,1,sideways,0.018760828752318173,0.9606413257185078,0.020597845529174014
2025-01-07,3796.106,0.7174049906154369,0.03260077563692887,-0.01606672732531711,0.051446139807476365,0.24718751267746475,1,sideways,1,sideways,0.009502803441234206,0.966608182248665,0.023889014310100896
2025-01-08,3789.215,-0.18169308578333995,0.03059340786943987,-0.010212669378749983,0.058273019609602406,0.24534448427972544,1,sideways,1,sideways,0.005600166970200053,0.975265109857069,0.01913472317273099
2025-01-09,3779.877,-0.24674042111109715,0.042099782611974,-0.005485628236051143,0.06215281608369794,0.249529812742584,1,sideways,1,sideways,0.004177620834979185,0.9801007142679998,0.015721664897021082
2025-01-10,3732.481,-1.2618309423246594,0.05758019933658076,0.007703723073205104,0.07640681894964763,0.2655681301525714,1,sideways,1,sideways,0.006123890656406017,0.9806226764346222,0.013253432908971755
2025-01-13,3722.513,-0.2674182149658211,0.051113320490754566,0.013514257707091915,0.07966419459112695,0.2632587179682113,1,sideways,1,sideways,0.004213553409222982,0.9836653560687973,0.012121090521979662
2025-01-14,3820.54,2.599279603784258,0.03130971014568629,-0.012646903317332092,0.048857491349390436,0.23201536955508906,1,sideways,1,sideways,0.021698552539444322,0.9158252352212651,0.06247621223929034
2025-01-15,3796.026,-0.6437043845174013,0.03500239460952059,-0.006191474979359901,0.06281964349032387,0.2396363986969532,1,sideways,1,sideways,0.012764180895471752,0.9451726440275389,0.04206317507698932
2025-01-16,3800.384,0.11473842191523059,0.04685316010171592,-0.004079324615617885,0.06793129325878655,0.24145112704400407,1,sideways,1,sideways,0.0070643427797924575,0.9599059634869512,0.03302969373325622
2025-01-17,3812.343,0.3141846499282337,0.041280126158637964,-0.007447126347235655,0.071678755033322,0.24696807186551695,1,sideways,1,sideways,0.004947841942392811,0.9668610454296289,0.02819111262797818
2025-01-20,3829.676,0.45362435561811537,0.02506086676784136,-0.011174313440614814,0.07553693837285436,0.22891335977247174,1,sideways,1,sideways,0.004192644937951549,0.9699463570769836,0.025860997985064874
2025-01-21,3832.615,0.0767133522893258,0.03322170371926214,-0.012591402997692125,0.07492377919514492,0.20178520409694167,1,sideways,1,sideways,0.0037314650878574693,0.9750298566922847,0.021238678219857903
2025-01-22,3797.017,-0.9331579378303128,0.04506142585087192,-0.0026397037463882222,0.09270961915630105,0.2273073836645978,1,sideways,1,sideways,0.004807646352638498,0.9791142436377754,0.01607811000958602
2025-01-23,3803.744,0.1770086378567351,0.02268948698966078,-0.005816637502418676,0.0850264896901578,0.23527845196732478,1,sideways,1,sideways,0.003679775677353553,0.9810313736531165,0.015288850669529858
2025-01-24,3832.864,0.7626459585669376,0.014508732895297083,-0.015076715479599545,0.07904272105663024,0.21851936306636488,1,sideways,1,sideways,0.0037375131932259474,0.9777610739999599,0.01850141280681423
2025-01-27,3817.08,-0.4126572011056425,0.01785160384377593,-0.012184444654028792,0.08774901233403543,0.21653096083917545,1,sideways,1,sideways,0.0036731592302026656,0.981492832155612,0.014834008614185294
2025-02-05,3795.085,-0.577892392295246,0.028322422290936844,0.0035459021339443453,0.09384585588992089,0.24346516612934876,1,sideways,1,sideways,0.0037654930497931127,0.9837952180480345,0.012439288902172321
2025-02-06,3842.831,1.250252606663469,0.029511055781531903,-0.0029155588679283806,0.06056992878427381,0.22937906975352296,1,sideways,1,sideways,0.004816092777185573,0.9740466614881353,0.021137245734679188
2025-02-07,3892.703,1.2894440384347003,0.01318132927171689,-0.010226056290449037,0.0416743840976308,0.21093723307429313,1,sideways,1,sideways,0.0058162526743183365,0.9625546243689949,0.03162912295668673
2025-02-10,3901.062,0.214504881918887,0.007110884164363451,-0.014074372568290361,0.043485594435566544,0.20981876217296747,1,sideways,1,sideways,0.004443796149537826,0.969341119024419,0.02621508482604323
2025-02-11,3883.135,-0.4606006680939563,0.01500874937389507,0.0019249910188545716,0.05673637408949195,0.20016584538008586,1,sideways,1,sideways,0.004221936425230558,0.9763958423723867,0.019382221202382813
2025-02-12,3919.862,0.941363202310179,0.0018801682304121492,-0.0060216405577544485,0.04939536136731326,0.20094635984634146,1,sideways,1,sideways,0.004406123712506928,0.9714784469425709,0.024115429344922168
2025-02-13,3905.14,-0.37628149795885396,0.0016488525379372287,0.009748946260569324,0.0536539022928757,0.2127314257619446,1,sideways,1,sideways,0.004034413873522908,0.977647290760845,0.018318295365632085
2025-02-14,3939.009,0.8635534708555918,0.017148475669895635,-0.008075635267652315,0.042131916936468006,0.20001604464473166,1,sideways,1,sideways,0.004136866966601489,0.9736762236145411,0.02218690941885745
2025-02-17,3947.398,0.2127458845100919,0.012512039576449974,-0.014772515971280376,0.044361627583537455,0.1933549644601329,1,sideways,1,sideways,0.003625348526953067,0.9767897220414871,0.01958492943155993
2025-02-18,3912.783,-0.8807742156338708,0.02426405962201339,-0.009108095184425014,0.05904799729501997,0.2085180803535489,1,sideways,1,sideways,0.004546526385529822,0.9803659869122046,0.01508748670226555
2025-02-19,3940.16,0.6972446103579835,0.017767806383497176,-0.010656673840656272,0.0600021318931212,0.18165150653780548,1,sideways,1,sideways,0.003960986163677705,0.9781924658926368,0.01784654794368556
2025-02-20,3928.896,-0.28628612360329997,0.011732557950121292,-0.0031853731938947805,0.062210096678557925,0.1714804871393898,1,sideways,1,sideways,0.0036055356753782962,0.9816689553985202,0.014725508926101648
2025-02-21,3978.444,1.2532317693398423,-0.01602334983224596,-0.016232225463020278,0.056280545861648434,0.1682185296563179,1,sideways,1,sideways,0.004831978647707726,0.9714791547779671,0.023688866574325246
2025-02-24,3969.717,-0.21959805562669046,-0.008783497664946904,-0.022027514807730686,0.06793834421949962,0.17399779379739155,1,sideways,1,sideways,0.0040158305667202104,0.9774338559215761,0.018550313511703595
2025-02-25,3925.651,-1.1162610169712797,0.0016924581426112084,-0.0166963390275906,0.07584041474904413,0.1757170976227893,1,sideways,1,sideways,0.005492123065702317,0.9798143931896696,0.01469348374462823
2025-02-26,3959.941,0.8696928811743849,-0.010248637542832006,-0.030440857578433622,0.07865142435202954,0.1805115278232683,1,sideways,1,sideways,0.004616982453481925,0.9762235745363366,0.019159443010181465
2025-02-27,3968.116,0.20622967007938148,-0.00899772083275796,-0.03323466350278059,0.08063146339471938,0.18557421204420432,1,sideways,1,sideways,0.0037038192610608102,0.9787818293854788,0.017514351353460442
2025-02-28,3890.049,-1.986966891424362,0.006456731007758565,-0.008058767383135823,0.12543518089360828,0.2050130988067247,1,sideways,1,sideways,0.012732271618828108,0.9702487356849302,0.017018992696241735
2025-03-03,3888.474,-0.0404961204466167,-0.0003003749028539504,-0.012406409300923738,0.14935113363237074,0.2007641043761641,1,sideways,1,sideways,0.006398248613137396,0.9780453848428114,0.01555636654405103
2025-03-04,3885.221,-0.08369250890030326,0.0006339407719664347,-0.008547261532870332,0.1460328768942618,0.20239209043706907,1,sideways,1,sideways,0.004237787497692422,0.9817203439314397,0.014041868570867838
2025-03-05,3902.571,0.4455699049098159,-0.004659748663124907,-0.00866813185461579,0.12390703461897301,0.18830355680908828,1,sideways,1,sideways,0.0035530744629954456,0.9812142042022618,0.015232721334742792
2025-03-06,3956.237,1.3657754257304038,-0.0239454815270167,-0.019887837862089697,0.12828983703453556,0.17746535407256947,1,sideways,1,sideways,0.005237129072147252,0.9686903499596019,0.026072520968250808
2025-03-07,3944.014,-0.3094334535152888,-0.08990155714457415,-0.017756022164221563,0.14014782908985612,0.16207777152920855,1,sideways,1,sideways,0.004309927591334501,0.9759449069328032,0.019745165475862206
2025-03-10,3928.802,-0.38644416257699926,-0.07077042823741186,-0.011086331151328066,0.15142249469431146,0.16244544774717573,1,sideways,1,sideways,0.003885123017604985,0.9804489084616765,0.01566596852071861
2025-03-11,3941.416,0.320550480330023,-0.0646016558516026,-0.01926997809924147,0.13929942944363138,0.12091618849672314,1,sideways,1,sideways,0.003403051328392192,0.980932028592358,0.015664920079249772
2025-03-12,3927.232,-0.36051975798084873,-0.04891918786565197,-0.008302794436386707,0.13561663787624467,0.13940862164496526,1,sideways,1,sideways,0.003415564126801327,0.9833685453734275,0.013215890499771165
2025-03-13,3911.579,-0.3993723233080208,-0.041175699123039644,-0.004954520923647454,0.11597106948370461,0.16000878417641573,1,sideways,1,sideways,0.0033891117958672035,0.9849209306833311,0.011689957520801814
2025-03-14,4006.557,2.3991140221633973,-0.06175252217801963,-0.03553549843419179,0.11325634453721745,0.11755155361573544,1,sideways,1,sideways,0.015044900438547865,0.9346452540905241,0.050309845470928184
2025-03-17,3996.788,-0.24412304734121468,-0.05893557526693938,-0.03077296068743196,0.11779083604134133,0.12654711733522017,1,sideways,1,sideways,0.008399064342413078,0.9558195300862026,0.03578140557138438
2025-03-18,4007.723,0.27322110750948747,-0.05861258375391709,-0.03426983351893331,0.10692730011530238,0.12082347008513317,1,sideways,1,sideways,0.0054540611784196485,0.9646933462022094,0.029852592619370892
2025-03-19,4010.168,0.06098860849536218,-0.05933566873008811,-0.0337135501555047,0.10852338355899294,0.1096914144245329,1,sideways,1,sideways,0.004263237194927048,0.9718671256647342,0.023869637140338736
2025-03-20,3974.992,-0.8810400177087576,-0.05093569999637737,-0.033182708292243124,0.1441620511437507,0.13863549914062712,1,sideways,1,sideways,0.0049896024632777175,0.977386001583249,0.017624395953473315
2025-03-21,3914.696,-1.5285059161666483,-0.033160940210938517,-0.01738372532630894,0.1551338852365547,0.14412817751365625,1,sideways,1,sideways,0.00854427793499693,0.9763371055976393,0.0151186164673638
2025-03-24,3934.849,0.5134831198574092,-0.03834886675448024,-0.019555261205703167,0.15202794313072743,0.12857926695535182,1,sideways,1,sideways,0.00515088807329246,0.9780299477522534,0.016819164174454136
2025-03-25,3932.295,-0.06492826595581842,-0.03697916865341999,-0.007186897219053967,0.15030459311928546,0.12926827717655964,1,sideways,1,sideways,0.003843004987114386,0.9813399783312045,0.014817016681681283
2025-03-26,3919.357,-0.32956151673689943,-0.03444442545039916,0.010386652708594735,0.16116572182630984,0.1725280447787736,1,sideways,1,sideways,0.0035176989285691327,0.9836878653795239,0.012794435691906992
2025-03-27,3932.412,0.33253683419012864,-0.036979339906398345,0.003460471588429659,0.1438549673838856,0.16117639759007973,1,sideways,1,sideways,0.0032074394386927886,0.9831244132566488,0.013668147304658495
2025-03-28,3915.166,-0.43952485119555645,-0.03411017566049568,0.0016837089410768336,0.14986695327860944,0.18425783223495484,1,sideways,1,sideways,0.003370571877135634,0.9847428656634813,0.011886562459382995
2025-03-31,3887.306,-0.714135684242779,-0.028870636888374546,0.012546735451235413,0.1634298920640671,0.19521205688463938,1,sideways,1,sideways,0.0037889217817051127,0.9855900523678068,0.01062102585048802
2025-04-01,3887.684,0.009723485182566128,-0.030124104736907742,0.01416730372118713,0.1625888318083466,0.20927626833868174,1,sideways,1,sideways,0.0031988051110751693,0.9857929571359654,0.011008237752959565
2025-04-02,3884.386,-0.08486800036415568,-0.0195253509821115,0.015265990558095854,0.17549363013871422,0.20617415467978728,1,sideways,1,sideways,0.0030373940073526056,0.9859989382414723,0.01096366775117505
2025-04-03,3861.503,-0.590844164428817,-0.007736883798873162,0.027596767372704445,0.18955960930238813,0.2266228978716318,1,sideways,1,sideways,0.0034211416178481,0.9864470748513398,0.010131783530812078
2025-04-07,3589.441,-7.306000585737571,0.07339722257588299,0.10942149487900776,0.267620501353832,0.3173839603436859,0,bear,0,bear,0.9998874336607404,1.3680368823076626e-05,9.888597043624926e-05
2025-04-08,3650.759,1.6938611112599815,0.053522568868555886,0.08612346090223988,0.26550478955198087,0.30313778586863727,0,bear,0,bear,0.8127705006800428,0.013192400885472536,0.17403709843448453
2025-04-09,3686.794,0.9822154526196163,0.0552827198915915,0.08453387957124803,0.2587342824144774,0.29326374080027273,0,bear,1,sideways,0.564294709238624,0.04004648830847624,0.39565880245289975
2025-04-10,3735.115,1.3021362228285749,0.04314271448134788,0.06861529029226676,0.26086666675590986,0.2850011311566045,2,bull,1,sideways,0.3488558034998139,0.05767468206587118,0.5934695144343148
2025-04-11,3750.517,0.4115089209496321,0.05137798335536137,0.0691923273511359,0.2309860213938506,0.27617792427017407,2,bull,1,sideways,0.20494822955683387,0.10334735472128513,0.691704415721881
2025-04-14,3759.142,0.22970427265514398,0.03938584921772059,0.06801153029068874,0.22208179419665464,0.26873871750521783,2,bull,1,sideways,0.12691230897232547,0.16498145845847786,0.7081062325691967
2025-04-15,3761.235,0.055662104547125356,0.03399149481486807,0.06817787242754036,0.206801489404411,0.2684522503911615,2,bull,1,sideways,0.08746434097964194,0.24753847831649503,0.6649971807038629
2025-04-16,3772.82,0.3075371531219854,0.027651730005672004,0.06526788980126264,0.22091379922710308,0.2611807613403234,2,bull,1,sideways,0.061817438386578855,0.3287936057381304,0.6093889558752906
2025-04-17,3772.222,-0.015851469117127565,0.033388543940414905,0.062292198073178096,0.22432401910598032,0.27520251989410993,2,bull,1,sideways,0.049190419255093785,0.4380084622641575,0.5128011184807487
2025-04-18,3772.523,0.007979063577625439,0.03813310084524324,0.06944106106178816,0.19660900675754656,0.27429494796983334,1,sideways,1,sideways,0.03839359522435805,0.5490089386599598,0.4125974661156821
2025-04-21,3784.881,0.32704381067501936,0.034078746465212584,0.0723055757895692,0.1990390186639952,0.2885723487739773,1,sideways,1,sideways,0.028832908245851233,0.6320542862436378,0.339112805510511
2025-04-22,3783.952,-0.024548038110094393,0.025983944828052774,0.07971956303885452,0.21774060558907715,0.29507721028173717,1,sideways,1,sideways,0.022751520279795236,0.72598336907056,0.2512651106496448
2025-04-23,3786.882,0.07740230855102576,0.01933648843560487,0.08769114009889911,0.21275761959311112,0.28652331918449003,1,sideways,1,sideways,0.017074929861402837,0.79817634499894,0.18474872513965732
2025-04-24,3784.357,-0.06669978569192053,0.014544082389690072,0.08863117301036882,0.21720678043852626,0.30850154993305345,1,sideways,1,sideways,0.012993575992386378,0.8577456114414951,0.12926081256611863
2025-04-25,3786.994,0.06965732024908254,0.013003189336977972,0.09560168302352734,0.2307080497090832,0.30658960642662736,1,sideways,1,sideways,0.009674269613840327,0.897684027127757,0.09264170325840268
2025-04-28,3781.619,-0.1420339738235149,0.020383068733259346,0.09137462023540688,0.2470899368762427,0.32174658525885325,1,sideways,1,sideways,0.007605318515169282,0.9288683239794963,0.06352635750533449
2025-04-29,3775.077,-0.1731444968636003,0.017259250606014076,0.09556017003096873,0.2428814034786575,0.3018534456383273,1,sideways,1,sideways,0.006065329516831884,0.9498523075217387,0.04408236296142957
2025-04-30,3770.571,-0.11943309668363691,0.021599381101695236,0.10116610985444896,0.2591827603829764,0.28882150740564216,1,sideways,1,sideways,0.004933327282447999,0.9631322292633385,0.03193444345421338
2025-05-06,3808.542,1.0019989856541507,0.015806836316889727,0.08998089032495904,0.23667035836811046,0.26912713579107184,1,sideways,1,sideways,0.005259519359052135,0.9577326973831567,0.037007783257791145
2025-05-07,3831.627,0.604307843268722,0.011986813956577747,0.06367112456405599,0.21114816238637002,0.2665332507574458,1,sideways,1,sideways,0.004718986468778384,0.9607494626749739,0.03453155085624762
2025-05-08,3852.896,0.5535556159059267,0.005473285549363327,0.05243666063137953,0.20776761168741653,0.258975067066435,1,sideways,1,sideways,0.004390178266273316,0.9637849550429626,0.031824866690764175
2025-05-09,3846.157,-0.17506053591368076,0.010163131666232061,0.05838165212704527,0.20086075529418057,0.24360446024434257,1,sideways,1,sideways,0.004056295198167206,0.9721946447322045,0.023749060069628288
2025-05-12,3890.61,1.1491489709643745,-0.006462996805128185,0.054706074368800595,0.1893397179362617,0.24533068079298603,1,sideways,1,sideways,0.005034188773310404,0.9633256796725576,0.03164013155413205
2025-05-13,3896.258,0.14506476777211308,-0.0004191200890700797,0.05575272479389204,0.20459245768632384,0.26315993448072494,1,sideways,1,sideways,0.004168784107942176,0.970217630477418,0.025613585414639616
2025-05-14,3943.211,1.197876066399944,-0.012936665068138509,0.04348106150038644,0.18654416413425512,0.2547766274744112,1,sideways,1,sideways,0.005314745858646795,0.9601029235523304,0.03458233058902281
2025-05-15,3907.199,-0.9174617021177571,-0.0110096772649666,0.050616311070923015,0.2016411244986498,0.2561865930043492,1,sideways,1,sideways,0.005989611871424601,0.970016858417532,0.02399352971104321
2025-05-16,3889.085,-0.4646837543314552,-0.003931516024977544,0.0600208018081374,0.19621093393433164,0.2635910503370329,1,sideways,1,sideways,0.004733210291681256,0.9771138389502888,0.018152950758029956
2025-05-19,3877.145,-0.3074853412131335,-0.0017450985196582058,0.06878257068022986,0.19828069365473833,0.2617843800012638,1,sideways,1,sideways,0.003904594281963891,0.9811840617598463,0.014911343958189837
2025-05-20,3898.171,0.5408410732744194,-0.005951509053861326,0.07141990436027568,0.20622568891923931,0.24269971738027918,1,sideways,1,sideways,0.003540612174557537,0.9799901228068647,0.016469265018577806
2025-05-21,3916.381,0.46605443181156814,-0.018713705331529273,0.06560444451139968,0.18173895747119606,0.2548725468742701,1,sideways,1,sideways,0.0033934649457785784,0.9794983971038603,0.017108137950361178
2025-05-22,3913.865,-0.06426362815647081,-0.017175094184393225,0.07370923626645287,0.17481134377399332,0.2618751540995923,1,sideways,1,sideways,0.003259293225265644,0.9818590188125903,0.014881687962144096
2025-05-23,3882.274,-0.8104312380157854,-0.006277764011504594,0.09199221899330134,0.17667969854780985,0.26336909759589355,1,sideways,1,sideways,0.0040435126399499975,0.9836281625370433,0.012328324823006638
2025-05-26,3860.107,-0.5726161130355545,0.011379736364820925,0.0941080130680314,0.188643734487153,0.24787214447682415,1,sideways,1,sideways,0.0038218672622047888,0.985175239384459,0.011002893353336178
2025-05-27,3839.397,-0.5379580280857685,0.031429154109356094,0.11251740833261059,0.18897524793606912,0.2277021626052218,1,sideways,1,sideways,0.0036447289316945313,0.9861102090825737,0.010245061985731737
2025-05-28,3836.237,-0.08233847988400773,0.02861736644529511,0.11778052294475017,0.16093140230908576,0.25169821364008516,1,sideways,1,sideways,0.0031658437339871577,0.9863138447379338,0.010520311528078976
2025-05-29,3858.7,0.5838400966206136,0.016341773136030247,0.13457848498198866,0.1527322673439242,0.2306198978930729,1,sideways,1,sideways,0.003197014545480444,0.9835187994536009,0.013284186000918683
2025-05-30,3840.232,-0.4797557745015215,0.02495864833166328,0.16378958354599393,0.16930565653325114,0.22972049605336342,1,sideways,1,sideways,0.003402648864623941,0.9849907062898147,0.011606644845561351
2025-06-03,3852.013,0.306308735909263,0.023558850917689167,0.15591276561112344,0.1727961458074001,0.24021414257947726,1,sideways,1,sideways,0.0031260711017399,0.9841727027260855,0.012701226172174762
2025-06-04,3868.743,0.43337792787991947,0.019371149750707195,0.13373439383282903,0.1671498985587827,0.2644192183352576,1,sideways,1,sideways,0.003125687574360174,0.98278532359897,0.014088988826669866
2025-06-05,3877.556,0.22754101803805316,0.023342538444319105,0.15118440584739457,0.16740080607475427,0.2596161087035236,1,sideways,1,sideways,0.0030750189176394177,0.9828774087990417,0.014047572283318918
2025-06-06,3873.984,-0.0921623381375867,0.027934808197452643,0.1607582788158135,0.18133838446415895,0.2729495010820904,1,sideways,1,sideways,0.0030799567792665697,0.9840771588429962,0.012842884377737309
2025-06-09,3885.246,0.29028674000899596,0.0205724425171534,0.16433064984816914,0.17221277623090026,0.2718883180112661,1,sideways,1,sideways,0.0030446219070037095,0.9834854188926923,0.013469959200304
2025-06-10,3865.465,-0.5104316996960587,0.03440414025220773,0.16168507540489951,0.17218730476152277,0.3089390280341433,1,sideways,1,sideways,0.0033899383454713866,0.9849394999227531,0.01167056173177561
2025-06-11,3894.625,0.7515412127879988,0.024848605449818706,0.1451243701254934,0.16739506370959978,0.2631218666752255,1,sideways,1,sideways,0.003505289790028993,0.9811635969536527,0.015331113256318333
2025-06-12,3892.199,-0.06231038684045464,0.030272090404421803,0.12152770194946338,0.1778783664452923,0.2699813139050702,1,sideways,1,sideways,0.0032484899367079723,0.9829800654605861,0.013771444602705983
2025-06-13,3864.182,-0.7224276850481641,0.038979789254232955,0.15427404816853874,0.19605003076977234,0.299137566501785,1,sideways,1,sideways,0.003816804154949747,0.9844806802061226,0.011702515638927595
2025-06-16,3873.795,0.24846300125721268,0.03714006549133342,0.1532806976104828,0.1870073145326483,0.2567058917676335,1,sideways,1,sideways,0.003248192842868365,0.9842006046373578,0.012551202519773775
2025-06-17,3870.379,-0.08822116397579269,0.038416134440580674,0.14620764529778607,0.18640241692092685,0.2729815348832765,1,sideways,1,sideways,0.003096585759404103,0.9849770516173963,0.011926362623199536
2025-06-18,3874.971,0.11857438432156825,0.034124384414747855,0.14719955323536604,0.17476621115358038,0.2850245847001178,1,sideways,1,sideways,0.0029944719725052684,0.9848507792176647,0.012154748809830012
2025-06-19,3843.091,-0.8261188186862346,0.04980366064711972,0.1834315138517406,0.19199623428120738,0.29036158654583,1,sideways,1,sideways,0.0038698938046950924,0.9853956559732392,0.010734450222065617
2025-06-20,3846.644,0.0924089127346351,0.05508827954965434,0.17556966540184105,0.18338478944243364,0.25103752777746013,1,sideways,1,sideways,0.0032200250673768633,0.9854443320194769,0.01133564291314631
2025-06-23,3857.902,0.29224325515134114,0.059023013026251014,0.1750054822543443,0.16580333041119255,0.25513141598723865,1,sideways,1,sideways,0.0030522935514600024,0.9845104574127729,0.012437249035766994
2025-06-24,3904.034,1.1886865130980517,0.05505177465155264,0.15863155904892223,0.17311350259756964,0.24025507974571925,1,sideways,1,sideways,0.004280877459314369,0.9754562932398275,0.02026282930085796
2025-06-25,3960.066,1.4250314264852226,0.040328368264569425,0.14922907850525724,0.14967604075285612,,1,sideways,1,sideways,0.0061028056506302955,0.9604777425358799,0.03341945181348987
2025-06-26,3946.02,-0.3553215782868993,0.05144854815738387,0.13991034003882397,0.15766721912205206,,1,sideways,1,sideways,0.004887819716317993,0.9709876919541318,0.024124488329550324
2025-06-27,3921.758,-0.6167453353513015,0.052375745775236515,0.14793416625911138,0.17590733543477177,,1,sideways,1,sideways,0.004598406543935196,0.9774803882276686,0.01792120522839616
2025-06-30,3936.079,0.3645027469009369,0.05074720299059021,0.14901352335661966,0.17394340916429774,,1,sideways,1,sideways,0.0037281142604946114,0.978684668100239,0.017587217639266337
2025-07-01,3942.762,0.16964428150689928,0.05307523000373826,0.14634816912611015,0.175333180141231,,1,sideways,1,sideways,0.0033584862805170874,0.980449340859084,0.01619217286039905
2025-07-02,3943.685,0.023407245473513475,0.05262920339733035,0.15781838559621275,0.17720761166269616,,1,sideways,1,sideways,0.0032010732471320145,0.9821875287383098,0.014611398014558222
2025-07-03,3968.068,0.6163760975962422,0.0270970658768952,0.1576132263862413,0.17367948331530592,,1,sideways,1,sideways,0.003356607745040168,0.9799287608849006,0.016714631370059185
2025-07-04,3982.203,0.3555857377369517,0.018262755565198407,0.14259594500832828,0.1650264941290036,,1,sideways,1,sideways,0.0032687444505803175,0.9801606914006149,0.01657056414880483
2025-07-07,3965.175,-0.42851934454162616,0.026613453378476315,0.16515740162792292,0.1730332204757672,,1,sideways,1,sideways,0.003465128307090704,0.9829073593367113,0.013627512356198152
2025-07-08,3998.453,0.8357546008305433,0.02625940582520281,0.16062237070186902,0.1579328305222043,,1,sideways,1,sideways,0.003720262615796814,0.9785729845768146,0.01770675280738867
2025-07-09,3991.401,-0.1765239222446401,0.030586753874140893,0.17990700508417978,0.18197745603611382,,1,sideways,1,sideways,0.003438502070250205,0.981642980277442,0.014918517652307782
2025-07-10,4010.024,0.4654929247599404,0.02609510566520301,0.15132328385067018,0.1946796328401028,,1,sideways,1,sideways,0.0033153773921001327,0.9807433654335276,0.01594125717437221
2025-07-11,4014.807,0.11920501668832684,0.0224568702804393,0.14425898928640923,0.18976229741554218,,1,sideways,1,sideways,0.003173461505026577,0.9819959221769847,0.014830616317988623
2025-07-14,4017.668,0.07123583007693252,0.026095486237289967,0.12977578037807014,0.1792049517282166,,1,sideways,1,sideways,0.0030978135240133874,0.9830066723967358,0.013895514079250755
2025-07-15,4019.064,0.034740489393942836,0.031042302386824483,0.14610964144885474,0.18408714068748333,,1,sideways,1,sideways,0.003051475563542531,0.9837989981364063,0.013149526300051138
2025-07-16,4007.202,-0.29557975368035555,0.042267896652077974,0.15253036907048845,0.19532681407126473,,1,sideways,1,sideways,0.0031638159518545136,0.9850311977499254,0.011804986298219942
2025-07-17,4034.491,0.6786905381475873,0.03440880150680714,0.11891066307992748,0.18008244410509278,,1,sideways,1,sideways,0.0033322213690914265,0.9817643616260987,0.014903417004810016
2025-07-18,4058.549,0.594537302811438,0.03543236757767376,0.11818780554331121,0.1683808671522753,,1,sideways,1,sideways,0.003389453764709319,0.979814705465828,0.016795840769462736
2025-07-21,4085.607,0.66447891121153,0.03764581370650677,0.1278304545689295,0.16296770590024945,,1,sideways,1,sideways,0.003541038460047932,0.9775966363450257,0.018862325194926293
2025-07-22,4118.958,0.8129909067817024,0.025350100680803234,0.1149834496977149,0.14880341095976224,,1,sideways,1,sideways,0.0038701144180174774,0.9740769421727269,0.02205294340925555
2025-07-23,4119.769,0.01968750761179881,0.03680473346927937,0.11810759292571982,0.14920423936390614,,1,sideways,1,sideways,0.0035291870292269946,0.9780461415093125,0.018424671461460516
2025-07-24,4149.037,0.7079165294085172,0.03350994459678236,0.12331704923335218,0.13734295452173595,,1,sideways,1,sideways,0.0036949107471280253,0.975704145260295,0.020600943992576847
2025-07-25,4127.163,-0.5286013130051722,0.060776615801217515,0.1426781544610669,0.14438634965471464,,1,sideways,1,sideways,0.0038744660464965423,0.9802416052278734,0.015883928725630048
2025-07-28,4135.824,0.20963371167892056,0.08061223108139992,0.13447114770841329,0.14214458835772525,,1,sideways,1,sideways,0.003368903765558778,0.981387101764906,0.01524399446953527
2025-07-29,4152.025,0.39095839308393276,0.07239021923037581,0.1434993768101107,0.13257916317941265,,1,sideways,1,sideways,0.0032521634254557828,0.9810253551338297,0.015722481440714486
2025-07-30,4151.238,-0.018956403099742183,0.05658287961326236,0.13457985304624787,0.13386994433949573,,1,sideways,1,sideways,0.0031616308019224372,0.9826902358676755,0.014148133330402067
2025-07-31,4075.591,-1.8390836157326549,0.09524778124203337,0.13864909408230597,0.15460359000694623,,1,sideways,1,sideways,0.00977108955851564,0.9763139855955334,0.013914924845950997
2025-08-01,4054.929,-0.5082588685495643,0.10896121732341046,0.1475917334187602,0.1635200024464054,,1,sideways,1,sideways,0.00592021302513235,0.9817256355963253,0.012354151378542389
2025-08-04,4070.702,0.38822879875035354,0.1112852279533112,0.13461977811198156,0.1678255986313908,,1,sideways,1,sideways,0.004043391963516013,0.982143646484758,0.013812961551725891
2025-08-05,4103.45,0.8012617139285182,0.09431161583545578,0.12765039174353277,0.14692271137701218,,1,sideways,1,sideways,0.00389339334143476,0.9784912833859443,0.01761532327262103
2025-08-06,4113.485,0.24425177974458476,0.08419746273536921,0.14097972886737176,0.1197269468589286,,1,sideways,1,sideways,0.003429955452700568,0.9799608321663283,0.016609212380971197
2025-08-07,4114.666,0.028706328022192747,0.06089023993685028,0.137101772051486,0.13256021266367668,,1,sideways,1,sideways,0.0032351808854806817,0.9818583918780487,0.014906427236470598
2025-08-08,4104.967,-0.2359960475480697,0.0865678091931068,0.14374878044086614,0.14463356221864898,,1,sideways,1,sideways,0.003232982075700649,0.9837578436626047,0.013009174261694604
2025-08-11,4122.511,0.4264739836644308,0.08370189915806159,0.12847873541150023,0.1329063767204015,,1,sideways,1,sideways,0.0031664164061297522,0.9825480389844855,0.01428554460938482
2025-08-12,4143.825,0.5156830603886418,0.07057078906565795,0.1211641418254874,0.12060620320597515,,1,sideways,1,sideways,0.0032419570595057993,0.9809942803322673,0.015763762608226903
2025-08-13,4176.578,0.787297662849649,0.06435579558193316,0.12581975004417467,0.12988575814937464,,1,sideways,1,sideways,0.0036215810781561513,0.9772861771908873,0.0190922417309565
2025-08-14,4173.313,-0.07820461767477949,0.0897900540889216,0.10898463642674305,0.1320253237655551,,1,sideways,1,sideways,0.0033945232323787677,0.9805029731100943,0.016102503657526916
2025-08-15,4202.353,0.6934401722286988,0.0760633388009051,0.09416153283648465,0.12170943278682222,,1,sideways,1,sideways,0.003558827760570555,0.9778946888359181,0.01854648340351126
2025-08-18,4239.413,0.8780209753680583,0.06926501381205363,0.0775531895571393,0.1132621426598448,,1,sideways,1,sideways,0.003981955400966052,0.9735064382475906,0.022511606351443315
2025-08-19,4223.374,-0.379048159990116,0.0710244936868012,0.08640437716385074,0.10347935086970761,,1,sideways,1,sideways,0.003838861997716888,0.9788417512353015,0.017319386766981762
2025-08-20,4271.396,1.130637123062644,0.06546501424826934,0.06872507255239291,0.10210900604860806,,1,sideways,1,sideways,0.00465396080910021,0.9706786950369293,0.024667344153970445
2025-08-21,4288.071,0.38962755730486537,0.04898193150253349,0.038604071621015645,0.10443273910343387,,1,sideways,1,sideways,0.003945670259590164,0.9734003834005918,0.02265394633981817
2025-08-22,4377.998,2.0754560803721875,0.02830563193496216,0.01600046413908829,0.0796884786151113,,1,sideways,1,sideways,0.011340969804612355,0.9291800835479349,0.059478946647452756
2025-08-25,4469.222,2.062280198918831,0.011945255796198984,0.004739751124468672,0.05401946916040434,,1,sideways,1,sideways,0.020895859184444053,0.8506120578159216,0.1284920829996342
2025-08-26,4452.591,-0.37281703311205633,0.015089416476833373,0.014606102379491004,0.0620038984043223,,1,sideways,1,sideways,0.01342625259030685,0.9010736195281424,0.08550012788155084
2025-08-27,4386.127,-1.5039568584191698,0.041025715853644895,0.029473838764814575,0.06150505901903869,,1,sideways,1,sideways,0.018779041465473722,0.9224368051373798,0.05878415339714644
2025-08-28,4463.782,1.7549783416248126,0.02905742260710764,0.01408670943159862,0.03110434156506736,,1,sideways,1,sideways,0.020788664182181754,0.8766227350984721,0.10258860071934618
2025-08-29,4496.759,0.7360526308340357,0.01185075740105268,0.017729880565091394,0.03356484081090394,,1,sideways,1,sideways,0.012860222624089509,0.8928570843957919,0.09428269298011854
2025-09-01,4523.711,0.5975759623156178,0.021297116460357257,0.0067696632256126765,0.030224742473601962,,1,sideways,1,sideways,0.009143464189974145,0.9096381346738316,0.08121840113619425
2025-09-02,4490.453,-0.7379087158966187,0.03345787162230618,0.009040513284517049,0.027837280559444455,,1,sideways,1,sideways,0.008662149757476652,0.939033369214137,0.0523044810283863
2025-09-03,4459.83,-0.6842938820029837,0.05597791844083755,0.01944827493424639,0.048191522995271185,,1,sideways,1,sideways,0.007230958503026813,0.9579478889608911,0.03482115253608211
2025-09-04,4365.209,-2.144457969771424,0.05764328809914954,0.05024455873705036,0.0777252589738544,,1,sideways,1,sideways,0.023193601116949007,0.9456077517393247,0.031198647143726204
2025-09-05,4460.325,2.155556431636882,0.029965081019881046,0.03619242992382854,0.05094583914849271,,1,sideways,1,sideways,0.0348893127614414,0.8805618477609647,0.08454883947759383
2025-09-08,4467.573,0.16236748207332455,0.01600220074747516,0.02924406607345853,0.04511778542846412,,1,sideways,1,sideways,0.016017868325363702,0.9186503952815771,0.06533173639305932
2025-09-09,4436.258,-0.7034079851153309,0.03832734705691143,0.035067617798604234,0.05304042280678911,,1,sideways,1,sideways,0.010837300776542992,0.9459357433950036,0.04322695582845342
2025-09-10,4445.365,0.2050752028472188,0.03892976167311346,0.02402952288507265,0.04320770060501222,,1,sideways,1,sideways,0.006458136914795595,0.9589758460682188,0.034566017016985584
2025-09-11,4548.035,2.283329121879565,-0.00743178097793884,0.007237191446415769,0.024251572382358644,,1,sideways,1,sideways,0.018853171217578957,0.8825389666447546,0.09860786213766669
2025-09-12,4521.998,-0.5741339975587114,0.0035873523163876264,0.006647946328149912,0.013545561055091193,,1,sideways,1,sideways,0.012516632340695532,0.9230105273103754,0.06447284034892903
2025-09-15,4533.056,0.24423941584474546,0.016504539101215743,-0.007831582049725228,0.00749207598582502,,1,sideways,1,sideways,0.007646330605394323,0.9421826586086751,0.05017101078593043
2025-09-16,4523.337,-0.21463299419687099,0.015305735566463197,0.012499179256376225,-0.023288116715601825,,1,sideways,1,sideways,0.005740925587727616,0.9589700067885817,0.03528906762369074
2025-09-17,4551.023,0.6102047066073404,0.012155948234056302,0.0003889235453213846,-0.01676568103479159,,1,sideways,1,sideways,0.004852508663245151,0.9618523223034955,0.03329516903325925
2025-09-18,4498.109,-1.1694956620105568,0.03614296585520704,0.015577434873187634,0.008749676808632145,,1,sideways,1,sideways,0.006834987804030918,0.9695733757536986,0.023591636442270407
2025-09-19,4501.92,0.08468862106500959,0.04755726445605424,0.024368269538330267,-0.005416799943135486,,1,sideways,1,sideways,0.004554773156369682,0.9754630105998611,0.019982216243769245
2025-09-22,4522.608,0.4584846152590273,0.03744852527568154,0.021696773189274987,-0.004430629406749431,,1,sideways,1,sideways,0.003835009140089186,0.9764125970795949,0.01975239378031577
2025-09-23,4519.778,-0.06259410054824183,0.0504582304706116,0.025284648936297227,-0.006156939566500874,,1,sideways,1,sideways,0.0034783668545787633,0.9799275555954583,0.01659407754996295
2025-09-24,4566.071,1.019022010828629,0.0315019192649435,0.01674634494294991,-0.025409591747478255,,1,sideways,1,sideways,0.004180553959896832,0.9734254133172802,0.022394032722822886
2025-09-25,4593.488,0.5986550636908006,0.010271061990365427,0.013878777956968458,-0.01467751738983536,,1,sideways,1,sideways,0.0039087531168921184,0.9732961422773633,0.022795104605744555
2025-09-26,4550.049,-0.9501646203262677,0.022714920212947298,0.019631217158320835,-0.01563389756901523,,1,sideways,1,sideways,0.005002494072026493,0.9779896485907237,0.017007857337249827
2025-09-29,4620.053,1.526817475367751,-0.0002930702310125488,0.006759446266092706,-0.038801286478748254,,1,sideways,1,sideways,0.0069324972359679545,0.9614143112760415,0.03165319148799062
2025-09-30,4640.694,0.4457747130040631,-0.002895472099647356,-0.0023173258137685337,-0.04311381013270865,,1,sideways,1,sideways,0.004970353776643265,0.9664969672602585,0.028532678963098274
2025-10-09,4709.482,1.4713999192281926,-0.0034141759114908465,0.001754757741934343,-0.024190770874588874,,1,sideways,1,sideways,0.007088062013859031,0.9478713821114176,0.04504055587472346
2025-10-10,4616.834,-1.98687344158901,0.013420452197328236,0.03765784084937862,-0.010962057548527748,,1,sideways,1,sideways,0.01974756574498544,0.9434611890736744,0.036791245181340214
2025-10-13,4593.979,-0.49626557190916054,0.02200097127130962,0.03976661626010913,0.00927017733428892,,1,sideways,1,sideways,0.01039878289053892,0.9628916284895713,0.026709588619889816
2025-10-14,4539.064,-1.2025709679703371,0.024917471972195182,0.04375131084294037,0.023593190137878528,,1,sideways,1,sideways,0.009849115025600553,0.9700639618079013,0.020086923166498027
2025-10-15,4606.288,1.4701503185312663,0.008601285894412225,0.0331360088644046,0.020623113448399177,,1,sideways,1,sideways,0.009573102901873335,0.9554580644461347,0.034968832651992014
2025-10-16,4618.422,0.26307617254505283,0.01811268004526223,0.03713259637166133,0.014469011277012056,,1,sideways,1,sideways,0.00582546530687841,0.9648942931137716,0.029280241579349945
2025-10-17,4514.235,-2.2817351010484757,0.025232403718459695,0.0546708357008443,0.049260395172161076,,1,sideways,1,sideways,0.024629434101914264,0.9469005488169118,0.028470017081174182
2025-10-20,4538.22,0.5299127391713123,0.013184244042818483,0.04488786352358409,0.04196623345717021,,1,sideways,1,sideways,0.011306393341474444,0.9600722126029299,0.028621394055595693
2025-10-21,4607.872,1.5231280541055634,-0.008611133295369333,0.03115472825634047,0.03245966901858388,,1,sideways,1,sideways,0.011255979419318133,0.9410922298811571,0.047651790699524826
2025-10-22,4592.57,-0.33263649962338127,-0.0009315045824014323,0.030332254053830443,0.038198002425657185,,1,sideways,1,sideways,0.007129033057763513,0.9595407700746587,0.033330196867577905
2025-10-23,4606.345,0.2994920661033285,-0.008986951693804923,0.027811855169337152,0.041959948722902984,,1,sideways,1,sideways,0.0049694943292751806,0.9667619206804605,0.028268584990264387
2025-10-24,4660.684,1.1727517587338006,-0.04443038832926671,0.012486150101572946,0.026958060233218895,,1,sideways,1,sideways,0.005699232658690628,0.9573548618613233,0.03694590547998603
2025-10-27,4716.019,1.1802793022866613,-0.0568214419831643,0.0014949049187460428,0.011312507434766417,,1,sideways,1,sideways,0.006379206095105404,0.9472697651792746,0.04635102872562005
2025-10-28,4691.973,-0.5111835206038476,-0.04296017901211291,0.00676389229008767,0.016831725161248867,,1,sideways,1,sideways,0.005653143373372958,0.9628828558741507,0.031464000752476406
2025-10-29,4747.838,1.1836180237047507,-0.048487753794463795,-0.009549820360340688,0.0021841520287759764,,1,sideways,1,sideways,0.006176223473462753,0.9531779497134019,0.04064582681313535
2025-10-30,4709.911,-0.8020344652250532,-0.04129759564458857,-0.0006257018444721929,0.021324394452464146,,1,sideways,1,sideways,0.006183398895556336,0.9662136205920482,0.027602980512395528
2025-10-31,4640.668,-1.4810690490401073,-0.024566721859870078,0.014011775890884648,0.03590840801367401,,1,sideways,1,sideways,0.009594049755213914,0.9691597307249565,0.021246219519829617
2025-11-03,4653.403,0.27404585073874854,-0.01652919379645401,0.013879734895086315,0.04807019722985517,,1,sideways,1,sideways,0.0054616172177138,0.9747925118513012,0.019745870930984934
2025-11-04,4618.699,-0.7485716195919339,-0.013935525999853926,0.029266033573523753,0.06101523394358477,,1,sideways,1,sideways,0.0049918095004717715,0.9797066502912435,0.015301540208284801
2025-11-05,4627.257,0.18511882262794357,-0.020791583437012373,0.017090686771882524,0.05287257656101674,,1,sideways,1,sideways,0.003721954238739219,0.9814629326980279,0.0148151130632328
2025-11-06,4693.403,1.4193653770507064,-0.03128582821462389,-0.018626783167778438,0.055063245154954865,,1,sideways,1,sideways,0.005537416732847274,0.967929010455241,0.026533572811911627
2025-11-07,4678.794,-0.31175212881242,-0.020145575975347385,-0.003993977935339732,0.05754752186140277,,1,sideways,1,sideways,0.004431871178466579,0.9755288997369432,0.020039229084590226
2025-11-10,4695.051,0.3468590807541598,-0.015611332017479773,0.0007735805212765179,0.06459802034099305,,1,sideways,1,sideways,0.003718709469087853,0.9773054141765578,0.018975876354354385
2025-11-11,4652.166,-0.9176057624306344,-0.011595244021816997,0.0039235487297744065,0.05641049781972507,,1,sideways,1,sideways,0.004671036163138919,0.9805772601651226,0.014751703671738534
2025-11-12,4645.908,-0.1346085424772886,-0.011640566278970699,-0.0004976422262344959,0.04599423837062622,,1,sideways,1,sideways,0.0036575803107116974,0.9830733503621343,0.013269069327154076
2025-11-13,4702.074,1.2016855805915883,-0.031877209929065176,0.0036115977757900097,0.02795574888868213,,1,sideways,1,sideways,0.004637806005191049,0.973977572901496,0.02138462109331286
2025-11-14,4628.14,-1.5848628455756792,-0.010196320768170453,0.020776381008353217,0.04856011270186289,,1,sideways,1,sideways,0.009006672077070127,0.9733258566362826,0.017667471286647196
2025-11-17,4598.053,-0.6522106496798221,-0.01000271201745595,0.025177178253491306,0.05494651758037583,,1,sideways,1,sideways,0.006106677704718682,0.9795275667900751,0.014365755505206265
2025-11-18,4568.193,-0.6515231126305615,-0.015463006926371037,0.03313892385895256,0.04704376544511146,,1,sideways,1,sideways,0.004841309166801139,0.9829003434573945,0.012258347375804375
2025-11-19,4588.292,0.4390119632350304,-0.0018344516870331118,0.015716959600653002,0.05596941083958895,,1,sideways,1,sideways,0.003707648661601495,0.9823653108163848,0.013927040522013634
2025-11-20,4564.948,-0.5100718567929469,-0.0026626809330578816,0.031237157575507934,0.07812772456553718,,1,sideways,1,sideways,0.0036508498386038915,0.9843685310719436,0.011980619089452632
2025-11-21,4453.608,-2.46925687782634,0.02572520976251158,0.06338186926195566,0.11097541588752313,,1,sideways,1,sideways,0.023911184000966385,0.9601080567633553,0.015980759235678245
2025-11-24,4448.048,-0.12492059282090838,0.03677478300593884,0.06268502498174477,0.10344380276471843,,1,sideways,1,sideways,0.010283306331945604,0.9743425542267954,0.015374139441259102
2025-11-25,4490.405,0.9477549874820345,0.02902388537336842,0.04904724629515611,0.09438079638696295,,1,sideways,1,sideways,0.00680340528246089,0.972125742685014,0.021070852032525237
2025-11-26,4517.626,0.6043736496430892,0.02577304982749795,0.046715465158027714,0.08289641506401813,,1,sideways,1,sideways,0.004822853585218434,0.9731427806582261,0.022034365756555457
2025-11-27,4515.403,-0.04921937137315892,0.028155404954995022,0.03111416633244013,0.07282915832761772,,1,sideways,1,sideways,0.0038676990955550687,0.9779625192826654,0.018169781621779534
2025-11-28,4526.662,0.24903616195931447,0.028846421491156127,0.016781239686108673,0.08569162000608843,,1,sideways,1,sideways,0.00343751727364471,0.979546264227334,0.017016218499021202
2025-12-01,4576.486,1.094665219763989,0.013741110537648371,0.015559099273984467,0.07917056886003815,,1,sideways,1,sideways,0.004363052322197361,0.9718331375506065,0.023803810127196068
2025-12-02,4554.335,-0.48519280916990243,0.02128675207247599,0.023297363940070426,0.07693988255145912,,1,sideways,1,sideways,0.004156265338675003,0.9779505819654613,0.01789315269586373
2025-12-03,4531.049,-0.5126046623729379,0.021825188824927677,0.01862835736272106,0.06309157106886287,,1,sideways,1,sideways,0.003941917192094325,0.9817184260373297,0.01433965677057589
2025-12-04,4546.566,0.34187427233472667,0.037650393725726206,0.028194905781638413,0.036746414766661406,,1,sideways,1,sideways,0.003396677483775487,0.9817591470562738,0.014844175459950669
2025-12-05,4584.537,0.8316896408537704,0.04496789970284887,0.026166001059648947,0.04739279015525444,,1,sideways,1,sideways,0.003723645207571821,0.977547575047438,0.018728779744990175
2025-12-08,4621.755,0.8085383942956185,0.03351778707439057,0.014238097865421295,0.027443687516971238,,1,sideways,1,sideways,0.003929395366486876,0.9741650008154183,0.0219056038180948
2025-12-09,4598.223,-0.5104578578649641,0.030322800786303894,0.015422696985335493,0.027008042019710743,,1,sideways,1,sideways,0.003974978139378347,0.9793282613061005,0.016696760554521232
2025-12-10,4591.827,-0.1391940420930524,0.03638965492384605,0.017363894589234263,0.04039655675181142,,1,sideways,1,sideways,0.003476769457312774,0.9821028276726884,0.014420402869998853
2025-12-11,4552.185,-0.8670646617084746,0.052223492674396965,0.018728149229435997,0.07458572092302918,,1,sideways,1,sideways,0.00425831891759074,0.9836638723482706,0.012077808734138612
2025-12-12,4580.95,0.6299062723121285,0.03931105993298334,0.016892129361813613,0.0662050448051168,,1,sideways,1,sideways,0.0036816788841877797,0.9814320430983771,0.014886278017435133
2025-12-15,4552.06,-0.6326522441089765,0.04171100556671026,0.006852062582654916,0.0833306239372944,,1,sideways,1,sideways,0.003861382473137266,0.9837136548705734,0.012424962656289422
2025-12-16,4497.555,-1.204596197259572,0.05644711404307445,0.015444613795717821,0.09873008779214487,,1,sideways,1,sideways,0.005516922552059175,0.9832938417983869,0.011189235649553958
2025-12-17,4579.875,1.8137789393327781,0.03318824203717341,-0.035345506154643935,0.10475897267938539,,1,sideways,1,sideways,0.0091641576148868,0.9610326555204526,0.02980318686466054
2025-12-18,4552.793,-0.5930814387005354,0.039901440720015335,-0.017147935344304033,0.08052046293341264,,1,sideways,1,sideways,0.006400238684734747,0.9720123414877568,0.021587419827508527
2025-12-19,4568.178,0.33735475293498796,0.032989082299332395,-0.006723030494871107,0.08205503375744128,,1,sideways,1,sideways,0.004424173124135179,0.9754048356001713,0.020170991275693464
2025-12-22,4611.624,0.946563431104886,0.02416610721082213,-0.029076524885810362,0.08857617186483568,,1,sideways,1,sideways,0.004526307173213238,0.9705379841754974,0.024935708651289367
2025-12-23,4620.734,0.1973494302692982,0.022285420454845273,-0.02557256054990409,0.053560105385854095,,1,sideways,1,sideways,0.003826043195083711,0.9747791829034845,0.021394773901431914
2025-12-24,4634.059,0.28795909768316547,0.014768478346952385,-0.0306662042930399,0.06319772795296741,,1,sideways,1,sideways,0.0035229537768687383,0.9769834516747002,0.019493594548430963
2025-12-25,4642.536,0.18276107471642092,0.013877759913978105,-0.04146160632895468,0.07256745020394018,,1,sideways,1,sideways,0.0033424994584940154,0.9791255577262897,0.017531942815216108
2025-12-26,4657.24,0.3162229338202712,0.010403586673652265,-0.028165394096073992,0.06478880195137027,,1,sideways,1,sideways,0.003267880789696863,0.9798156338096925,0.016916485400610623
2025-12-29,4639.372,-0.38439857448703646,0.016946043559343815,-0.03458614657328629,0.03727314817608929,,1,sideways,1,sideways,0.003427096013299584,0.9826620052161805,0.013910898770519875
2025-12-30,4651.282,0.25638682753913483,0.022055854708443734,-0.045254835118575976,0.041040728126138015,,1,sideways,1,sideways,0.003178642067244436,0.9827415496949483,0.014079808237807169
2025-12-31,4629.94,-0.45989714751398514,0.01650129375326692,-0.04089124265109256,0.045801457470291185,,1,sideways,1,sideways,0.003395562276432775,0.9845042933043874,0.012100144419179873
2026-01-05,4717.746,1.8787234114018492,-0.023690550529850585,-0.02590008025018742,,,1,sideways,1,sideways,0.00804145223313594,0.9593505107308188,0.03260803703604526
2026-01-06,4790.694,1.5344142940523322,-0.027258472363294373,-0.046855424287170155,,,1,sideways,1,sideways,0.009529050646226262,0.9376644748887182,0.05280647446505558
2026-01-07,4776.666,-0.2932472500813507,-0.016325822236681442,-0.029330080855559215,,,1,sideways,1,sideways,0.006592749052382821,0.9567989043520313,0.0366083465955858
2026-01-08,4737.654,-0.8200737128096941,-0.014191623111354357,-0.019313145282454314,,,1,sideways,1,sideways,0.006283536868540884,0.9684727931810774,0.02524366995038163
2026-01-09,4758.922,0.4479095530234221,-0.02423363946708945,-0.012111566442988497,,,1,sideways,1,sideways,0.004569815173370869,0.9717072136089587,0.023722971217670443
2026-01-12,4789.916,0.649170272785322,-0.014793578843553923,-0.02185215774138838,,,1,sideways,1,sideways,0.004151128792887395,0.9714357608121182,0.024413110394994223
2026-01-13,4761.032,-0.6048423267773667,-0.007715974183748364,-0.005129980222775221,,,1,sideways,1,sideways,0.004295965637069056,0.9776472904876896,0.018056743875241324
2026-01-14,4741.931,-0.4020014751925133,-0.005928386558134102,-0.0027961182902070947,,,1,sideways,1,sideways,0.003849493562423065,0.9815255832546846,0.014624923182892312
2026-01-15,4751.429,0.2000978192989136,-0.006703457002093405,0.0012655140169410828,,,1,sideways,1,sideways,0.0033251932461468765,0.9823332036184694,0.014341603135383641
2026-01-16,4731.873,-0.4124307697990138,-0.015103321665648983,0.007634186293672851,,,1,sideways,1,sideways,0.003402977624467659,0.9842638905152743,0.012333131860258067
2026-01-19,4734.456,0.05457237043220291,-0.005684285586348259,0.013765256240632517,,,1,sideways,1,sideways,0.0031093783548286715,0.984666075860636,0.01222454578453535
2026-01-20,4718.878,-0.3295771439118955,0.0036042466026884323,0.014293440093174903,,,1,sideways,1,sideways,0.003185820927833079,0.9856231209445049,0.011191058127662037
2026-01-21,4723.069,0.08877406906093392,0.0008056202439556959,0.009802948040775972,,,1,sideways,1,sideways,0.0030047897798131506,0.9854189699095246,0.011576240310662242
2026-01-22,4723.709,0.013549593331792583,-0.002765199973156718,0.010000192645228667,,,1,sideways,1,sideways,0.002962162777903432,0.9854580737746899,0.011579763447406759
2026-01-23,4702.497,-0.4500651864728794,0.005565553789826927,0.011847110162962249,,,1,sideways,1,sideways,0.003231858307977029,0.9861444681906286,0.010623673501394261
2026-01-26,4706.964,0.09494699718889678,-0.01084945625248046,0.021963839111580175,,,1,sideways,1,sideways,0.0030049515210509477,0.985767920928171,0.011227127550778015
2026-01-27,4705.692,-0.02702744066590798,-0.021902623461119042,0.021594060979766683,,,1,sideways,1,sideways,0.002961182064987945,0.9857983428200435,0.011240475114968597
2026-01-28,4717.991,0.2610233596160705,-0.014900197986812636,0.03372240430301798,,,1,sideways,1,sideways,0.0029531314555020166,0.98482465191105,0.012222216633447976
2026-01-29,4753.87,0.7575949775054355,-0.0196536716401583,0.030846447210378214,,,1,sideways,1,sideways,0.0033646854307810914,0.9808324057114912,0.01580290885772779
2026-01-30,4706.34,-1.004848728156618,-0.01931118448730862,0.035180628683860515,,,1,sideways,1,sideways,0.004648985425648749,0.9824172644325698,0.012933750141781395
2026-02-02,4605.98,-2.15550766625216,0.014931892887072973,0.07508868905205857,,,1,sideways,1,sideways,0.01681258431990623,0.9684645888654477,0.014722826814645994
2026-02-03,4660.107,1.1682950020667504,0.009525317766308827,0.06178828082702803,,,1,sideways,1,sideways,0.010785962890342615,0.9652849947678886,0.02392904234176887
2026-02-04,4698.683,0.8243847435785971,-0.002367259080895523,0.06377510464102376,,,1,sideways,1,sideways,0.00687644771472496,0.9658188043825465,0.027304747902728497
2026-02-05,4670.419,-0.6033467399652331,-0.00027385123261947086,0.052281818826105386,,,1,sideways,1,sideways,0.005450285499735598,0.9746080940583843,0.0199416204418802
2026-02-06,4643.596,-0.5759723202735265,0.006021841693377494,0.04651502843916666,,,1,sideways,1,sideways,0.0046044987565535605,0.9798486020353506,0.015546899208095948
2026-02-09,4719.056,1.6119713514061829,-0.017295196327400952,0.024256546224499242,,,1,sideways,1,sideways,0.007140015426734946,0.9613157180398408,0.031544266533424195
2026-02-10,4724.296,0.11097755411003303,-0.013962715291336525,0.02721823526722278,,,1,sideways,1,sideways,0.004872110491054957,0.9696643666258664,0.025463522883078595
2026-02-11,4713.819,-0.22201476255535574,-0.027698984623720224,0.029038238421967177,,,1,sideways,1,sideways,0.004081241301611573,0.9762795765464513,0.019639182151937277
2026-02-12,4719.578,0.12209813104351334,-0.03232492396565967,0.013458830429330604,,,1,sideways,1,sideways,0.0035270635766600934,0.9791176193514105,0.0173553170719293
2026-02-13,4660.406,-1.2616820014820538,-0.05201456697120377,0.03962959450313974,,,1,sideways,1,sideways,0.005817227086363858,0.9799941674179722,0.014188605495663949
2026-02-24,4707.544,1.0063759486573218,-0.04945721165856343,0.04547020696991888,,,1,sideways,1,sideways,0.005069519764941552,0.97476445925007,0.020166020984988493
2026-02-25,4735.886,0.6002498053517529,-0.041897123368256795,0.04475677835150593,,,1,sideways,1,sideways,0.0041672002701905395,0.9747022964461581,0.021130503283651358
2026-02-26,4726.874,-0.1904730274175096,-0.05274944921315872,0.03835452351808,,,1,sideways,1,sideways,0.0036944625777873647,0.9792828712516144,0.017022666170598354
2026-02-27,4710.647,-0.34388301739621485,-0.04417163926738732,0.04321402134356478,,,1,sideways,1,sideways,0.003541531744849913,0.9823767488059749,0.014081719449175197
2026-03-02,4728.669,0.3818501657992704,-0.050060386971471305,0.03456617496382175,,,1,sideways,1,sideways,0.003274619389529444,0.9818809755348809,0.014844405075589718
2026-03-03,4655.896,-1.5509394145996478,-0.044212112985341556,0.04045623012197885,,,1,sideways,1,sideways,0.007250310102655463,0.9794077410610231,0.01334194883632145
2026-03-04,4602.625,-1.1507580500980623,-0.016633551505934152,0.06777306428396845,,,1,sideways,1,sideways,0.007155995059472363,0.9809766123020116,0.01186739263851606
2026-03-05,4647.692,0.9743959384815891,-0.03631436850806813,0.06263689590446186,,,1,sideways,1,sideways,0.005470048890846586,0.9767749019338203,0.01775504917533308
2026-03-06,4660.439,0.2738897415287815,-0.04713075313291315,0.05242124186154995,,,1,sideways,1,sideways,0.0039736727795184335,0.9790365577720515,0.016989769448430093
2026-03-09,4615.455,-0.9699195064747019,-0.037881205644947236,0.04365008433621398,,,1,sideways,1,sideways,0.004875683690913618,0.9814855797330871,0.01363873657599924
2026-03-10,4674.756,1.2766514220920833,-0.01694206071931903,0.008317011625847526,,,1,sideways,1,sideways,0.005511529992907538,0.9715185046407846,0.022969965366307805
2026-03-11,4704.496,0.6341678349356226,-0.02939145872374005,0.020685531457567352,,,1,sideways,1,sideways,0.004451899818804531,0.9718166540731821,0.02373144610801348
2026-03-12,4687.56,-0.3606455999951022,-0.010878580754166478,0.01302020667468784,,,1,sideways,1,sideways,0.004021365563523696,0.9778489248393414,0.018129709597134926
2026-03-13,4669.14,-0.3937290667855059,-0.004922748086371498,0.011409381599180923,,,1,sideways,1,sideways,0.003742930255199864,0.981590594333892,0.014666475410908125
2026-03-16,4671.559,0.051794840066642665,0.006362972189797755,0.022639551378886624,,,1,sideways,1,sideways,0.003284815057357965,0.9829598350588149,0.013755349883827176
2026-03-17,4637.439,-0.7330574739191716,0.010308922661839803,0.05483069426897025,,,1,sideways,1,sideways,0.003852021287118941,0.9844561839718626,0.01169179474101849
2026-03-18,4658.332,0.4495169939379968,0.01680343951440122,0.04849375269946399,,,1,sideways,1,sideways,0.003358915246926583,0.9831529998154426,0.01348808493763079
2026-03-19,4583.251,-1.6248872500850804,0.03172878814623048,0.07595809175626655,,,1,sideways,1,sideways,0.007806432319504052,0.9794803086369376,0.012713259043558425
2026-03-20,4567.018,-0.3548096133512023,0.04169547831867537,0.08201872644250585,,,1,sideways,1,sideways,0.004892442958524253,0.9833688302264104,0.011738726815065223
2026-03-23,4417.997,-3.3174049555841663,0.07922142092898654,0.1452379890706128,,,1,sideways,0,bear,0.11620999201384623,0.8590674846053415,0.02472252338081232
2026-03-24,4474.722,1.2757800934677794,0.0726089799545091,0.09937243028728959,,,1,sideways,0,bear,0.06435193483259427,0.8863427263029616,0.04930533886444408
2026-03-25,4537.466,1.392447955786491,0.0548458104148879,0.08937896173767479,,,1,sideways,0,bear,0.04043090419703731,0.8838861142304504,0.07568298157251235
2026-03-26,4477.534,-1.3296258002877641,0.06517761785840159,0.12117607593822854,,,1,sideways,0,bear,0.03296775527689911,0.9140623015944435,0.052969943128657444
2026-03-27,4502.57,0.5575896418430146,0.059605292088740436,0.08120939818814588,,,1,sideways,0,bear,0.015186662530940741,0.9356529649350691,0.04916037253399003
2026-03-30,4491.95,-0.2361438950629456,0.05927447990293744,0.09683344649873682,,,1,sideways,0,bear,0.008400445319754342,0.9564813963118156,0.03511815836843013
2026-03-31,4450.049,-0.937179856139048,0.08096495117244773,0.11896138671731471,,,1,sideways,0,bear,0.007533472202675053,0.9679359302052722,0.02453059759205283
2026-04-01,4526.067,1.6938243106670094,0.06213783401792328,0.09564816428921619,,,1,sideways,0,bear,0.010226013464631905,0.9425389239699677,0.0472350625654003
2026-04-02,4478.914,-1.0472744133769105,0.0889007915758151,0.07443366851875255,,,1,sideways,0,bear,0.009546507102731147,0.9584331387990416,0.03202035409822727
2026-04-03,4440.789,-0.8548542966800665,0.10352236956090466,0.09038596519672515,,,1,sideways,0,bear,0.007561513142439834,0.9696980105918557,0.02274047626570441
2026-04-07,4440.616,-0.0038957800037626505,0.09712526370215313,0.0903888109217279,,,1,sideways,0,bear,0.004793021691386629,0.9761827995126466,0.019024178795966646
2026-04-08,4595.556,3.429664401620499,0.07752728940741904,,,,1,sideways,2,bull,0.08623372355605262,0.7278174618774459,0.1859488145665011
2026-04-09,4566.224,-0.6403144414781682,0.08361898146039248,,,,1,sideways,1,sideways,0.046596253807783886,0.8233103261507658,0.13009342004145036
2026-04-10,4636.566,1.5287400871306895,0.07802671201056977,,,,1,sideways,1,sideways,0.03637499229705107,0.7823941006435889,0.18123090705935996
2026-04-13,4646.155,0.20659897912989755,0.05777723730697759,,,,1,sideways,1,sideways,0.019714863775822915,0.841907452563044,0.13837768366113304
2026-04-14,4701.284,1.179566707180203,0.03367356662562826,,,,1,sideways,1,sideways,0.016519581146510663,0.8292933974394812,0.1541870214140082
2026-04-15,4685.246,-0.34172405792171706,0.03164785797800174,,,,1,sideways,1,sideways,0.012507281940660158,0.8850141015281943,0.10247861653114555
2026-04-16,4736.608,1.0902845404126755,0.024548157668947912,,,,1,sideways,1,sideways,0.011299110229540991,0.8782702556359397,0.11043063413451923
2026-04-17,4728.672,-0.16768657365845582,0.025805976815478138,,,,1,sideways,1,sideways,0.008750522277585783,0.9161212708471629,0.07512820687525142
2026-04-20,4757.442,0.6065726853222448,0.0053928140374597255,,,,1,sideways,1,sideways,0.00709118453844803,0.9274212673231894,0.06548754813836252
2026-04-21,4767.997,0.22161717312978285,0.016170102456020574,,,,1,sideways,1,sideways,0.005805579253003014,0.9441797083561435,0.05001471239085348
2026-04-22,4799.627,0.6611905992843182,0.025412391421249847,,,,1,sideways,1,sideways,0.005381613152147714,0.9485522197747093,0.046066167073143066
2026-04-23,4786.327,-0.2774895129731199,0.03374654510650865,,,,1,sideways,1,sideways,0.004899046740893128,0.9629245960947298,0.03217635716437714
2026-04-24,4769.369,-0.3549300396833628,0.029102801649442567,,,,1,sideways,1,sideways,0.00441921627053007,0.9722955145523725,0.02328526917709746
2026-04-27,4770.947,0.03308066555428635,0.030028839138225516,,,,1,sideways,1,sideways,0.003743605438687847,0.9769257754733877,0.019330619087924564
2026-04-28,4758.208,-0.26736909177904583,0.02814357842280124,,,,1,sideways,1,sideways,0.0035554100112783213,0.9807833777186794,0.01566121227004235
2026-04-29,4810.347,1.0898096115496816,0.007049179612198531,,,,1,sideways,1,sideways,0.004356946593745047,0.9732543312320524,0.022388722174202656
2026-04-30,4807.307,-0.06321708186304603,0.022310204028991754,,,,1,sideways,1,sideways,0.003725642345281043,0.9779717164781982,0.01830264117652067
2026-05-06,4877.093,1.441229357684201,0.012654259412318014,,,,1,sideways,1,sideways,0.005783669385881068,0.9629383954047831,0.03127793520933587
2026-05-07,4900.51,0.4789935687157767,0.0008641957673791723,,,,1,sideways,1,sideways,0.004593094983862925,0.9668880323385671,0.028518872677570053
2026-05-08,4871.912,-0.5852813486020546,-0.011287560202236868,,,,1,sideways,1,sideways,0.004560084571064743,0.974907920367757,0.020531995061178324
2026-05-11,4951.837,1.627215099991774,-0.04810356237493274,,,,1,sideways,1,sideways,0.007447489194140928,0.9536144330975521,0.03893807770830685
2026-05-12,4948.047,-0.07656655744969054,-0.029554286772134564,,,,1,sideways,1,sideways,0.005234599156643418,0.9657304547387708,0.02903494610458566
2026-05-13,4998.342,1.0113304170146244,-0.04996636884790995,,,,1,sideways,1,sideways,0.005319926807425266,0.9602380438379857,0.03444202935458913
2026-05-14,4914.597,-1.6896501101452681,-0.03910493576584195,,,,1,sideways,1,sideways,0.011607333566487505,0.9617083954533472,0.02668427098016522
2026-05-15,4859.593,-1.1255066791571475,-0.016929812846466774,,,,1,sideways,1,sideways,0.00992445177477618,0.9700803453270866,0.01999520289813717
2026-05-18,4833.524,-0.5378881293420605,0.012038628545135932,,,,1,sideways,1,sideways,0.006237523037835238,0.9778473493021528,0.015915127660011956
2026-05-19,4852.883,0.39971530775577147,0.006459871379548954,,,,1,sideways,1,sideways,0.004257268559335556,0.9792566986076987,0.016486032832965816
2026-05-20,4850.7,-0.04499369020345838,0.016633887892469224,,,,1,sideways,1,sideways,0.0035262739865119692,0.9818604874825652,0.014613238530922931
2026-05-21,4783.098,-1.4034570710784013,0.033137727891003,,,,1,sideways,1,sideways,0.0064421111080213075,0.9807263506220313,0.012831538269947531
2026-05-22,4845.096,1.2878605666958616,0.044284365056956654,,,,1,sideways,1,sideways,0.006322231399115566,0.9712739043101756,0.0224038642907088
2026-05-25,4921.597,1.566601194316376,-0.00044924442208482684,,,,1,sideways,1,sideways,0.008254524631455677,0.9517008521488307,0.04004462321971359
2026-05-26,4947.849,0.5319865352736898,-0.0009759796630818274,,,,1,sideways,1,sideways,0.005775415214485625,0.9580954871466183,0.03612909763889616
2026-05-27,4908.171,-0.8051569366293323,0.02280544015275754,,,,1,sideways,1,sideways,0.005859397823443759,0.9692336380010167,0.024906964175539476
2026-05-28,4914.213,0.12302513854183382,-0.009358975689494953,,,,1,sideways,1,sideways,0.004262757325948841,0.974731841918928,0.02100540075512319
2026-05-29,4892.121,-0.4505666923886459,0.007113479000212752,,,,1,sideways,1,sideways,0.003986049626718857,0.979725842596408,0.01628810777687301
2026-06-01,4844.256,-0.9832278599443967,0.02790459463744277,,,,1,sideways,1,sideways,0.0048977054995783175,0.9818629385729493,0.013239355927472347
2026-06-02,4914.559,1.4408351063339593,0.00903804390180274,,,,1,sideways,1,sideways,0.006238228492378405,0.9686546384962496,0.02510713301137204
2026-06-03,4938.809,0.4922184771853346,-0.025616094892513597,,,,1,sideways,1,sideways,0.004594638328116393,0.9713733808402147,0.02403198083166889
2026-06-04,4904.745,-0.6921105116473136,-0.012757238143878968,,,,1,sideways,1,sideways,0.004640390570957003,0.977581086096605,0.017778523332437898
2026-06-05,4816.92,-1.806838423536733,0.005206231367761882,,,,1,sideways,0,bear,0.011196374951016524,0.9725025532784837,0.01630107177049976
2026-06-08,4713.636,-2.1675134931413553,,,,,1,sideways,0,bear,0.02785881393323643,0.954419202132495,0.017721983934268434
2026-06-09,4801.811,1.8533553692357672,,,,,1,sideways,0,bear,0.028475679658958693,0.9262330965713511,0.04529122376969037
2026-06-10,4748.593,-1.1144774782677396,,,,,1,sideways,0,bear,0.019747938387913715,0.9479730241915955,0.03227903742049092
2026-06-11,4722.412,-0.5528677619310516,,,,,1,sideways,0,bear,0.010475755387578419,0.9656639925322,0.023860252080221606
2026-06-12,4777.321,1.1560243113843716,,,,,1,sideways,0,bear,0.00805121560099245,0.9593378549747898,0.03261092942421775
2026-06-15,4891.713,2.366261975639905,,,,,1,sideways,0,bear,0.02309071839991044,0.8754246010078416,0.10148468059224817
2026-06-16,4884.232,-0.15304917243896546,,,,,1,sideways,0,bear,0.012677780511062648,0.9167036202929503,0.07061859919598701
2026-06-17,4931.386,0.9608027278169404,,,,,1,sideways,0,bear,0.009628921730513482,0.9169664178587994,0.07340466041068712
2026-06-18,4941.599,0.20688785899818962,,,,,1,sideways,0,bear,0.006890267321557213,0.937498337397104,0.05561139528133874
2026-06-22,5059.658,2.360992904640817,,,,,1,sideways,0,bear,0.022930642842800077,0.8237763965125401,0.15329296064465986
2026-06-23,4919.386,-2.811516611384583,,,,,1,sideways,0,bear,0.15359029303957178,0.6995226586313581,0.14688704832907007
2026-06-24,4943.02,0.47927544739840655,,,,,1,sideways,0,bear,0.06625307584862622,0.7926488932001273,0.14109803095124637
2026-06-25,5020.104,1.5474170178043891,,,,,1,sideways,0,bear,0.04911090272661987,0.7510393044188222,0.19984979285455806
2026-06-26,4868.221,-3.072207800476303,,,,,1,sideways,0,bear,0.33610881226840345,0.4893346912791789,0.17455649645241736
2026-06-29,4926.921,1.198567671969819,,,,,1,sideways,0,bear,0.19012365929124742,0.5526311869261422,0.2572451537826102
2026-06-30,4979.433,1.0601779797403974,,,,,1,sideways,0,bear,0.10140232345515043,0.5980039244618215,0.3005937520830281
2026-07-01,4958.977,-0.4116559668474499,,,,,1,sideways,0,bear,0.05563010610810357,0.721443388044568,0.22292650584732837
2026-07-02,4812.296,-3.0025160359331666,,,,,1,sideways,0,bear,0.33395995680470625,0.47804591040957783,0.18799413278571586
2026-07-03,4842.174,0.6189484328968222,,,,,1,sideways,0,bear,0.16079507556154796,0.6126926422043192,0.22651228223413275
2026-07-06,4841.998,-0.0036347970692743674,,,,,1,sideways,0,bear,0.07275844898332218,0.7384782481216862,0.18876330289499166
