date,close,ma,mom,amt_qtl,margin_chg,rv_qtl,sc_position,sc_momentum,sc_amount,sc_margin,sc_volatility,score,label_raw,label
2002-01-04,1316.455,,,,,,0,0,0,0,0,0.0,中性,中性
2002-01-07,1302.084,,,,,,0,0,0,0,0,0.0,中性,中性
2002-01-08,1292.714,,,,,,0,0,0,0,0,0.0,中性,中性
2002-01-09,1272.645,,,,,,0,0,0,0,0,0.0,中性,中性
2002-01-10,1281.261,,,,,,0,0,0,0,0,0.0,中性,中性
2002-01-11,1249.814,,,,,,0,0,0,0,0,0.0,中性,中性
2002-01-14,1205.146,,,,,,0,0,0,0,0,0.0,中性,中性
2002-01-15,1186.433,,,,,,0,0,0,0,0,0.0,中性,中性
2002-01-16,1201.877,,,,,,0,0,0,0,0,0.0,中性,中性
2002-01-17,1152.148,,,,,,0,0,0,0,0,0.0,中性,中性
2002-01-18,1149.483,,,,,,0,0,0,0,0,0.0,中性,中性
2002-01-21,1108.61,,,,,,0,0,0,0,0,0.0,中性,中性
2002-01-22,1109.994,,,,,,0,0,0,0,0,0.0,中性,中性
2002-01-23,1183.154,,,,,,0,0,0,0,0,0.0,中性,中性
2002-01-24,1189.583,,,,,,0,0,0,0,0,0.0,中性,中性
2002-01-25,1189.428,,,,,,0,0,0,0,0,0.0,中性,中性
2002-01-28,1112.835,,,,,,0,0,0,0,0,0.0,中性,中性
2002-01-29,1140.377,,,,,,0,0,0,0,0,0.0,中性,中性
2002-01-30,1145.855,,,,,,0,0,0,0,0,0.0,中性,中性
2002-01-31,1221.76,,,,,,0,0,0,0,0,0.0,中性,中性
2002-02-01,1215.743,,,,,,0,0,0,0,0,0.0,中性,中性
2002-02-04,1236.969,,,,,,0,0,0,0,0,0.0,中性,中性
2002-02-05,1246.842,,,,,,0,0,0,0,0,0.0,中性,中性
2002-02-06,1216.788,,,,,,0,0,0,0,0,0.0,中性,中性
2002-02-07,1241.023,,,,,,0,0,0,0,0,0.0,中性,中性
2002-02-08,1235.092,,,,,,0,0,0,0,0,0.0,中性,中性
2002-02-25,1254.611,,,,,,0,0,0,0,0,0.0,中性,中性
2002-02-26,1253.121,,,,,,0,0,0,0,0,0.0,中性,中性
2002-02-27,1255.997,,,,,,0,0,0,0,0,0.0,中性,中性
2002-02-28,1244.603,,,,,,0,0,0,0,0,0.0,中性,中性
2002-03-01,1227.229,,,,,,0,0,0,0,0,0.0,中性,中性
2002-03-04,1245.867,,,,,,0,0,0,0,0,0.0,中性,中性
2002-03-05,1275.614,,,,,,0,0,0,0,0,0.0,中性,中性
2002-03-06,1288.444,,,,,,0,0,0,0,0,0.0,中性,中性
2002-03-07,1328.388,,,,,,0,0,0,0,0,0.0,中性,中性
2002-03-08,1351.854,,,,,,0,0,0,0,0,0.0,中性,中性
2002-03-11,1377.037,,,,,,0,0,0,0,0,0.0,中性,中性
2002-03-12,1362.404,,,,,,0,0,0,0,0,0.0,中性,中性
2002-03-13,1343.138,,,,,,0,0,0,0,0,0.0,中性,中性
2002-03-14,1376.329,,,,,,0,0,0,0,0,0.0,中性,中性
2002-03-15,1338.702,,,,,,0,0,0,0,0,0.0,中性,中性
2002-03-18,1341.907,,,,,,0,0,0,0,0,0.0,中性,中性
2002-03-19,1368.378,,,,,,0,0,0,0,0,0.0,中性,中性
2002-03-20,1382.417,,,,,,0,0,0,0,0,0.0,中性,中性
2002-03-21,1385.79,,,,,,0,0,0,0,0,0.0,中性,中性
2002-03-22,1369.901,,,,,,0,0,0,0,0,0.0,中性,中性
2002-03-25,1373.012,,,,,,0,0,0,0,0,0.0,中性,中性
2002-03-26,1350.009,,,,,,0,0,0,0,0,0.0,中性,中性
2002-03-27,1354.098,,,,,,0,0,0,0,0,0.0,中性,中性
2002-03-28,1352.533,,,,,,0,0,0,0,0,0.0,中性,中性
2002-03-29,1313.466,,,,,,0,0,0,0,0,0.0,中性,中性
2002-04-01,1317.579,,,,,,0,0,0,0,0,0.0,中性,中性
2002-04-02,1296.574,,,,,,0,0,0,0,0,0.0,中性,中性
2002-04-03,1302.248,,,,,,0,0,0,0,0,0.0,中性,中性
2002-04-04,1337.728,,,,,,0,0,0,0,0,0.0,中性,中性
2002-04-05,1332.201,,,,,,0,0,0,0,0,0.0,中性,中性
2002-04-08,1333.705,,,,,,0,0,0,0,0,0.0,中性,中性
2002-04-09,1357.742,,,,,,0,0,0,0,0,0.0,中性,中性
2002-04-10,1366.716,,,,,,0,0,0,0,0,0.0,中性,中性
2002-04-11,1344.734,,,,,,0,0,0,0,0,0.0,中性,中性
2002-04-12,1350.689,,,,,,0,0,0,0,0,0.0,中性,中性
2002-04-15,1344.581,,,,,,0,0,0,0,0,0.0,中性,中性
2002-04-16,1341.502,,,,,,0,0,0,0,0,0.0,中性,中性
2002-04-17,1341.766,,,,,,0,0,0,0,0,0.0,中性,中性
2002-04-18,1326.546,,,,,,0,0,0,0,0,0.0,中性,中性
2002-04-19,1330.642,,,,,,0,0,0,0,0,0.0,中性,中性
2002-04-22,1324.867,,,,,,0,0,0,0,0,0.0,中性,中性
2002-04-23,1318.661,,,,,,0,0,0,0,0,0.0,中性,中性
2002-04-24,1309.727,,,,,,0,0,0,0,0,0.0,中性,中性
2002-04-25,1312.483,,,,,,0,0,0,0,0,0.0,中性,中性
2002-04-26,1331.714,,,,,,0,0,0,0,0,0.0,中性,中性
2002-04-29,1349.785,,,,,,0,0,0,0,0,0.0,中性,中性
2002-04-30,1353.607,,,,,,0,0,0,0,0,0.0,中性,中性
2002-05-08,1342.292,,,,,,0,0,0,0,0,0.0,中性,中性
2002-05-09,1344.783,,,,,,0,0,0,0,0,0.0,中性,中性
2002-05-10,1335.451,,,,,,0,0,0,0,0,0.0,中性,中性
2002-05-13,1319.814,,,,,,0,0,0,0,0,0.0,中性,中性
2002-05-14,1311.68,,,,,,0,0,0,0,0,0.0,中性,中性
2002-05-15,1300.119,,,,,,0,0,0,0,0,0.0,中性,中性
2002-05-16,1261.522,,,,,,0,0,0,0,0,0.0,中性,中性
2002-05-17,1277.235,,,,,,0,0,0,0,0,0.0,中性,中性
2002-05-20,1258.829,,,,,,0,0,0,0,0,0.0,中性,中性
2002-05-21,1298.878,,,,,,0,0,0,0,0,0.0,中性,中性
2002-05-22,1280.16,,,,,,0,0,0,0,0,0.0,中性,中性
2002-05-23,1284.836,,,,,,0,0,0,0,0,0.0,中性,中性
2002-05-24,1265.966,,,,,,0,0,0,0,0,0.0,中性,中性
2002-05-27,1270.336,,,,,,0,0,0,0,0,0.0,中性,中性
2002-05-28,1270.382,,,,,,0,0,0,0,0,0.0,中性,中性
2002-05-29,1246.019,,,,,,0,0,0,0,0,0.0,中性,中性
2002-05-30,1245.886,,,,,,0,0,0,0,0,0.0,中性,中性
2002-05-31,1238.577,,,,,,0,0,0,0,0,0.0,中性,中性
2002-06-03,1213.388,,,,,,0,0,0,0,0,0.0,中性,中性
2002-06-04,1219.523,,,,,,0,0,0,0,0,0.0,中性,中性
2002-06-05,1196.623,,,,,,0,0,0,0,0,0.0,中性,中性
2002-06-06,1245.613,,,,,,0,0,0,0,0,0.0,中性,中性
2002-06-07,1252.514,,,,,,0,0,0,0,0,0.0,中性,中性
2002-06-10,1243.743,,,,,,0,0,0,0,0,0.0,中性,中性
2002-06-11,1252.851,,,,,,0,0,0,0,0,0.0,中性,中性
2002-06-12,1246.843,,,,,,0,0,0,0,0,0.0,中性,中性
2002-06-13,1235.572,,,,,,0,0,0,0,0,0.0,中性,中性
2002-06-14,1222.119,,,,,,0,0,0,0,0,0.0,中性,中性
2002-06-17,1224.654,,,,,,0,0,0,0,0,0.0,中性,中性
2002-06-18,1248.837,,,,,,0,0,0,0,0,0.0,中性,中性
2002-06-19,1236.049,,,,,,0,0,0,0,0,0.0,中性,中性
2002-06-20,1245.081,,,,,,0,0,0,0,0,0.0,中性,中性
2002-06-21,1288.522,,,,,,0,0,0,0,0,0.0,中性,中性
2002-06-24,1409.505,,,,,,0,0,0,0,0,0.0,中性,中性
2002-06-25,1409.226,,,,,,0,0,0,0,0,0.0,中性,中性
2002-06-26,1417.307,,,,,,0,0,0,0,0,0.0,中性,中性
2002-06-27,1422.512,,,,,,0,0,0,0,0,0.0,中性,中性
2002-06-28,1431.175,,,,,,0,0,0,0,0,0.0,中性,中性
2002-07-01,1415.33,,,,,,0,0,0,0,0,0.0,中性,中性
2002-07-02,1425.814,,,,,,0,0,0,0,0,0.0,中性,中性
2002-07-03,1427.39,,,,,,0,0,0,0,0,0.0,中性,中性
2002-07-04,1412.617,,,,,,0,0,0,0,0,0.0,中性,中性
2002-07-05,1415.403,,,,,,0,0,0,0,0,0.0,中性,中性
2002-07-08,1423.696,,,,,,0,0,0,0,0,0.0,中性,中性
2002-07-09,1419.471,,,,,,0,0,0,0,0,0.0,中性,中性
2002-07-10,1392.901,,,,,,0,0,0,0,0,0.0,中性,中性
2002-07-11,1390.929,,,,,,0,0,0,0,0,0.0,中性,中性
2002-07-12,1389.45,,0.05544815432354322,,,,0,1,0,0,0,1.25,中性,中性
2002-07-15,1379.38,,0.05936329760599168,,,,0,1,0,0,0,1.25,中性,中性
2002-07-16,1382.412,,0.0693873509531111,,,,0,1,0,0,0,1.25,中性,中性
2002-07-17,1393.022,,0.09458804301278034,,,,0,1,0,0,0,1.25,中性,中性
2002-07-18,1397.411,,0.09065288024844276,,,,0,1,0,0,0,1.25,中性,中性
2002-07-19,1403.253,,0.12276946809685274,,,,0,1,0,0,0,1.25,中性,中性
2002-07-22,1380.282,,0.14532347118108513,,,,0,1,0,0,0,1.25,中性,中性
2002-07-23,1375.613,,0.15945274617277172,,,,0,1,0,0,0,1.25,中性,中性
2002-07-24,1372.892,,0.14228993482694152,,,,0,1,0,0,0,1.25,中性,中性
2002-07-25,1364.996,,0.184740154910654,,,,0,1,0,0,0,1.25,中性,中性
2002-07-26,1361.409,,0.1843663629649157,,,,0,1,0,0,0,1.25,中性,中性
2002-07-29,1368.797,,0.23469660205121734,,,,0,1,0,0,0,1.25,中性,中性
2002-07-30,1371.909,,0.2359607349228916,,,,0,1,0,0,0,1.25,中性,中性
2002-07-31,1358.16,,0.1479148107516013,,,,0,1,0,0,0,1.25,中性,中性
2002-08-01,1355.303,,0.13930932099735793,,,,0,1,0,0,0,1.25,中性,中性
2002-08-02,1359.993,,0.14340086159061305,,,,0,1,0,0,0,1.25,中性,中性
2002-08-05,1353.479,,0.21624409728306526,,,,0,1,0,0,0,1.25,中性,中性
2002-08-06,1368.994,,0.2004749306588962,,,,0,1,0,0,0,1.25,中性,中性
2002-08-07,1366.795,,0.19281671764752084,,,,0,1,0,0,0,1.25,中性,中性
2002-08-08,1359.677,,0.11288387244630682,,,,0,1,0,0,0,1.25,中性,中性
2002-08-09,1350.311,,0.11068786741934766,,,,0,1,0,0,0,1.25,中性,中性
2002-08-12,1340.216,,0.08346773443796884,,,,0,1,0,0,0,1.25,中性,中性
2002-08-13,1342.357,,0.07660553622672306,,,,0,1,0,0,0,1.25,中性,中性
2002-08-14,1351.507,,0.11071690384849298,,,,0,1,0,0,0,1.25,中性,中性
2002-08-15,1340.968,,0.08053436559999305,,,,0,1,0,0,0,1.25,中性,中性
2002-08-16,1349.622,,0.0927299342882959,,,,0,1,0,0,0,1.25,中性,中性
2002-08-19,1347.16,,0.07376708796591136,,,,0,1,0,0,0,1.25,中性,中性
2002-08-20,1370.046,,0.09330703100498661,,,,0,1,0,0,0,1.25,中性,中性
2002-08-21,1370.957,,0.09152888104032098,,,,0,1,0,0,0,1.25,中性,中性
2002-08-22,1381.549,,0.11003187361753097,,,,0,1,0,0,0,1.25,中性,中性
2002-08-23,1379.419,,0.12401108513570014,,,,0,1,0,0,0,1.25,中性,中性
2002-08-26,1366.181,,0.09657050070352624,,,,0,1,0,0,0,1.25,中性,中性
2002-08-27,1369.76,,0.07380445808841851,,,,0,1,0,0,0,1.25,中性,中性
2002-08-28,1368.397,,0.06205391930111048,,,,0,1,0,0,0,1.25,中性,中性
2002-08-29,1362.67,,0.025807218975179014,,,,0,0,0,0,0,0.0,中性,中性
2002-08-30,1361.298,,0.006985961501759785,,,,0,0,0,0,0,0.0,中性,中性
2002-09-02,1362.152,,-0.010809440850173213,,,,0,0,0,0,0,0.0,中性,中性
2002-09-03,1366.71,,0.0031605896635653608,,,,0,0,0,0,0,0.0,中性,中性
2002-09-04,1358.78,,0.011645862152660502,,,,0,0,0,0,0,0.0,中性,中性
2002-09-05,1341.468,,-0.025328972941789263,,,,0,0,0,0,0,0.0,中性,中性
2002-09-06,1334.343,,-0.0032561391556895636,,,,0,0,0,0,0,0.0,中性,中性
2002-09-09,1323.132,,-0.013991282555348317,,,,0,0,0,0,0,0.0,中性,中性
2002-09-10,1324.21,,-0.032277630888540965,,,,0,0,0,0,0,0.0,中性,中性
2002-09-11,1319.034,,-0.04584940723385189,,,,0,0,0,0,0,0.0,中性,中性
2002-09-12,1322.232,,-0.0458640919619856,,,,0,0,0,0,0,0.0,中性,中性
2002-09-13,1321.809,,-0.03510618650544828,,,,0,0,0,0,0,0.0,中性,中性
2002-09-16,1302.617,,-0.051270491445085664,,,,0,-1,0,0,0,-1.25,中性,中性
2002-09-17,1304.376,,-0.03380199687557639,,,,0,0,0,0,0,0.0,中性,中性
2002-09-18,1295.561,,-0.0432295151458757,,,,0,0,0,0,0,0.0,中性,中性
2002-09-19,1319.817,,-0.024188688926628732,,,,0,0,0,0,0,0.0,中性,中性
2002-09-20,1305.747,,-0.005876817519448463,,,,0,0,0,0,0,0.0,中性,中性
2002-09-23,1304.924,,-0.00960473717325483,,,,0,0,0,0,0,0.0,中性,中性
2002-09-24,1299.185,,0.00201376859323088,,,,0,0,0,0,0,0.0,中性,中性
2002-09-25,1299.523,,-0.0020925353696070736,,,,0,0,0,0,0,0.0,中性,中性
2002-09-26,1291.378,,-0.03464829920581769,,,,0,0,0,0,0,0.0,中性,中性
2002-09-27,1285.652,,-0.03494142400433564,,,,0,0,0,0,0,0.0,中性,中性
2002-10-08,1272.939,,-0.045561799648347945,,,,0,0,0,0,0,0.0,中性,中性
2002-10-09,1247.533,,-0.08117079680823014,,,,0,-1,0,0,0,-1.25,中性,中性
2002-10-10,1241.552,,-0.0915801088155842,,,,0,-1,0,0,0,-1.25,中性,中性
2002-10-11,1237.14,,-0.08001136284201915,,,,0,-1,0,0,0,-1.25,中性,中性
2002-10-14,1243.744,,-0.07917810835803074,,,,0,-1,0,0,0,-1.25,中性,中性
2002-10-15,1238.967,,-0.0785478896399695,,,,0,-1,0,0,0,-1.25,中性,中性
2002-10-16,1247.72,,-0.06990820736756254,,,,0,-1,0,0,0,-1.25,中性,中性
2002-10-17,1228.263,,-0.08459224633803519,,,,0,-1,0,0,0,-1.25,中性,中性
2002-10-18,1233.668,,-0.07001491090395673,,,,0,-1,0,0,0,-1.25,中性,中性
2002-10-21,1237.362,,-0.0701014998775027,,,,0,-1,0,0,0,-1.25,中性,中性
2002-10-22,1254.739,,-0.0529321056377734,,,,0,-1,0,0,0,-1.25,中性,中性
2002-10-23,1255.635,,-0.047795453114940156,,,,0,0,0,0,0,0.0,中性,中性
2002-10-24,1244.559,,-0.04975693407862869,,,,0,0,0,0,0,0.0,中性,中性
2002-10-25,1233.578,,-0.06011887392065263,,,,0,-1,0,0,0,-1.25,中性,中性
2002-10-28,1219.425,,-0.08431915561449377,,,,0,-1,0,0,0,-1.25,中性,中性
2002-10-29,1226.775,,-0.09113303229773628,,,,0,-1,0,0,0,-1.25,中性,中性
2002-10-30,1225.94,,-0.09431614936979482,,,,0,-1,0,0,0,-1.25,中性,中性
2002-10-31,1225.338,,-0.08713007303924925,,,,0,-1,0,0,0,-1.25,中性,中性
2002-11-01,1227.849,,-0.08695380593002733,,,,0,-1,0,0,0,-1.25,中性,中性
2002-11-04,1246.804,,-0.06637982224731565,,,,0,-1,0,0,0,-1.25,中性,中性
2002-11-05,1265.73,,-0.04097850151612281,,,,0,0,0,0,0,0.0,中性,中性
2002-11-06,1260.054,,-0.03935868504513296,,,,0,0,0,0,0,0.0,中性,中性
2002-11-07,1259.87,,-0.030957935388991387,,,,0,0,0,0,0,0.0,中性,中性
2002-11-08,1232.945,1303.94578,-0.022652795591357133,,,,0,0,0,0,0,0.0,中性,中性
2002-11-11,1218.356,1303.455285,-0.046098799359553966,,,,0,0,0,0,0,0.0,中性,中性
2002-11-12,1200.92,1302.9494650000001,-0.04600227671907775,,,,0,0,0,0,0,0.0,中性,中性
2002-11-13,1206.419,1302.51799,-0.07118374473969058,,,,0,-1,0,0,0,-1.25,中性,中性
2002-11-14,1183.635,1302.07294,-0.07540073115860524,,,,0,-1,0,0,0,-1.25,中性,中性
2002-11-15,1186.923,1301.60125,-0.07620661313973143,,,,0,-1,0,0,0,-1.25,中性,中性
2002-11-18,1174.825,1301.226305,-0.07199324468429635,,,,0,-1,0,0,0,-1.25,中性,中性
2002-11-19,1182.636,1301.1137549999999,-0.06903685324197695,,,,0,-1,0,0,0,-1.25,中性,中性
2002-11-20,1154.898,1300.9560800000002,-0.09090494040375263,,,,0,-1,0,0,0,-1.25,中性,中性
2002-11-21,1125.38,1300.5735949999998,-0.09681955090572447,,,,0,-1,0,0,0,-1.25,中性,中性
2002-11-22,1128.072,1300.453215,-0.09456242384937308,,,,0,-1,0,0,0,-1.25,中性,中性
2002-11-25,1133.17,1300.37165,-0.08510330807047117,,,,0,-1,0,0,0,-1.25,中性,中性
2002-11-26,1111.053,1300.383865,-0.08433823311257393,,,,0,-1,0,0,0,-1.25,中性,中性
2002-11-27,1118.964,1300.428715,-0.08245764942522604,,,,0,-1,0,0,0,-1.25,中性,中性
2002-11-28,1150.585,1300.26587,-0.038473270194539166,,,,0,0,0,0,0,0.0,中性,中性
2002-11-29,1164.618,1300.1410449999998,-0.06502420896377936,,,,0,-1,0,0,0,-1.25,中性,中性
2002-12-02,1132.929,1299.85855,-0.09547597871161506,,,,0,-1,0,0,0,-1.25,中性,中性
2002-12-03,1144.629,1300.01752,-0.0796900967482832,,,,0,-1,0,0,0,-1.25,中性,中性
2002-12-04,1147.535,1300.05331,-0.08406107350355307,,,,0,-1,0,0,0,-1.25,中性,中性
2002-12-05,1139.751,1300.02279,-0.08589052511021844,,,,0,-1,0,0,0,-1.25,中性,中性
2002-12-06,1139.803,1299.6130050000002,-0.07750984968905072,,,,-1,-1,0,0,0,-2.5,防御,中性
2002-12-09,1136.246,1299.21552,-0.07026566152723246,,,,-1,-1,0,0,0,-2.5,防御,中性
2002-12-10,1122.907,1298.6452100000001,-0.08308224200468062,,,,-1,-1,0,0,0,-2.5,防御,中性
2002-12-11,1117.437,1297.9981850000001,-0.10521789472925613,,,,-1,-1,0,0,0,-2.5,防御,中性
2002-12-12,1122.229,1297.52539,-0.09208372807226894,,,,-1,-1,0,0,0,-2.5,防御,防御
2002-12-13,1132.079,1296.98067,-0.09075875384814314,,,,-1,-1,0,0,0,-2.5,防御,防御
2002-12-16,1141.523,1296.512825,-0.11408342271222383,,,,-1,-1,0,0,0,-2.5,防御,防御
2002-12-17,1148.599,1295.982765,-0.18510469987690725,,,,-1,-1,0,0,0,-2.5,防御,防御
2002-12-18,1143.941,1295.436865,-0.1882487266059525,,,,-1,-1,0,0,0,-2.5,防御,防御
2002-12-19,1145.069,1294.882225,-0.19208117930695334,,,,-1,-1,0,0,0,-2.5,防御,防御
2002-12-20,1157.337,1294.445895,-0.18641319018749924,,,,-1,-1,0,0,0,-2.5,防御,防御
2002-12-23,1159.43,1294.1069,-0.18987545198875044,,,,-1,-1,0,0,0,-2.5,防御,防御
2002-12-24,1159.06,1293.672865,-0.18106731292348777,,,,-1,-1,0,0,0,-2.5,防御,防御
2002-12-25,1151.16,1293.050595,-0.19262961368032572,,,,-1,-1,0,0,0,-2.5,防御,防御
2002-12-26,1119.359,1292.2051700000002,-0.21580016673789237,,,,-1,-1,0,0,0,-2.5,防御,防御
2002-12-27,1120.276,1291.16461,-0.2069499375980891,,,,-1,-1,0,0,0,-2.5,防御,防御
2002-12-30,1108.94,1289.95004,-0.21651995933313695,,,,-1,-1,0,0,0,-2.5,防御,防御
2002-12-31,1103.641,1288.58306,-0.22480571695080964,,,,-1,-1,0,0,0,-2.5,防御,防御
2003-01-02,1074.984,1287.1459599999998,-0.2426868882844384,,,,-1,-1,0,0,0,-2.5,防御,防御
2003-01-03,1073.524,1285.7978899999998,-0.22928908802563874,,,,-1,-1,0,0,0,-2.5,防御,防御
2003-01-06,1084.884,1284.340665,-0.2200292035035577,,,,-1,-1,0,0,0,-2.5,防御,防御
2003-01-07,1081.622,1283.055265,-0.22154665515131888,,,,-1,-1,0,0,0,-2.5,防御,防御
2003-01-08,1111.832,1281.90489,-0.19396250489350286,,,,-1,-1,0,0,0,-2.5,防御,防御
2003-01-09,1132.17,1280.7238499999999,-0.1810183939375526,,,,-1,-1,0,0,0,-2.5,防御,防御
2003-01-10,1121.576,1279.419645,-0.1948612441153118,,,,-1,-1,0,0,0,-2.5,防御,防御
2003-01-13,1124.33,1278.112345,-0.195419243157525,,,,-1,-1,0,0,0,-2.5,防御,防御
2003-01-14,1185.865,1277.192165,-0.15491718171990365,,,,-1,-1,0,0,0,-2.5,防御,防御
2003-01-15,1177.971,1276.21696,-0.14657222219807253,,,,-1,-1,0,0,0,-2.5,防御,防御
2003-01-16,1196.386,1275.448845,-0.1302888239642982,,,,-1,-1,0,0,0,-2.5,防御,防御
2003-01-17,1190.895,1274.63283,-0.13256468826389844,,,,-1,-1,0,0,0,-2.5,防御,防御
2003-01-20,1194.722,1273.8437749999998,-0.12474322269076255,0.948,,,-1,-1,1,0,0,-1.5,防御,防御
2003-01-21,1172.131,1273.1371000000001,-0.13903095983646352,0.892,,,-1,-1,1,0,0,-1.5,防御,防御
2003-01-22,1174.567,1272.42204,-0.14189832385664203,0.776,,,-1,-1,1,0,0,-1.5,防御,防御
2003-01-23,1167.635,1271.777345,-0.14889763096531916,0.74,,,-1,-1,1,0,0,-1.5,防御,防御
2003-01-24,1187.694,1271.204575,-0.1255124580314544,0.84,,,-1,-1,1,0,0,-1.5,防御,防御
2003-01-27,1203.319,1270.5325300000002,-0.11214023727535471,0.836,,,-1,-1,1,0,0,-1.5,防御,防御
2003-01-28,1206.859,1269.9058200000002,-0.112599108966002,0.684,,,-1,-1,0,0,0,-2.5,防御,防御
2003-01-29,1207.597,1269.27528,-0.10778298000929465,0.788,,,-1,-1,1,0,0,-1.5,防御,防御
2003-02-10,1190.459,1268.4388649999999,-0.13041328157756704,0.512,,,-1,-1,0,0,0,-2.5,防御,防御
2003-02-11,1201.294,1267.6117550000001,-0.12108692232558649,0.232,,,-1,-1,-1,0,0,-3.5,防御,防御
2003-02-12,1214.804,1266.9621049999998,-0.10654957022881162,0.696,,,-1,-1,0,0,0,-2.5,防御,防御
2003-02-13,1208.841,1266.252865,-0.10476845704434024,0.796,,,-1,-1,1,0,0,-1.5,防御,防御
2003-02-14,1213.699,1265.598455,-0.09440045485205362,0.616,,,-1,-1,0,0,0,-2.5,防御,防御
2003-02-17,1204.697,1264.91443,-0.10255096073548253,0.704,,,-1,-1,1,0,0,-1.5,防御,防御
2003-02-18,1204.936,1264.23028,-0.10845004872338815,0.424,,,-1,-1,0,0,0,-2.5,防御,防御
2003-02-19,1216.578,1263.68044,-0.0927613485183838,0.772,,,-1,-1,1,0,0,-1.5,防御,防御
2003-02-20,1215.151,1263.102985,-0.09963604624109568,0.668,,,-1,-1,0,0,0,-2.5,防御,防御
2003-02-21,1191.628,1262.43679,-0.11545176519492872,0.764,,,-1,-1,1,0,0,-1.5,防御,防御
2003-02-24,1192.994,1261.8084549999999,-0.12923069736344628,0.508,,,-1,-1,0,0,0,-2.5,防御,防御
2003-02-25,1214.853,1261.334085,-0.11386498628330433,0.804,,,-1,-1,1,0,0,-1.5,防御,防御
2003-02-26,1214.396,1260.84365,-0.12098955592599325,0.564,,0.408,-1,-1,0,0,0,-2.5,防御,防御
2003-02-27,1215.457,1260.262365,-0.11886308656035616,0.676,,0.324,-1,-1,0,0,0,-2.5,防御,防御
2003-02-28,1213.862,1259.58275,-0.11149254747357773,0.556,,0.332,-1,-1,0,0,0,-2.5,防御,防御
2003-03-03,1223.408,1258.931755,-0.10684499474360476,0.68,,0.324,-1,-1,0,0,0,-2.5,防御,防御
2003-03-04,1222.38,1258.332195,-0.10670660634304219,0.62,,0.296,-1,-1,0,0,1,-1.0,中性,防御
2003-03-05,1217.888,1257.69772,-0.10624876162240315,0.532,,0.268,-1,-1,0,0,1,-1.0,中性,防御
2003-03-06,1202.44,1257.032665,-0.11669597692790257,0.676,,0.304,-1,-1,0,0,0,-2.5,防御,防御
2003-03-07,1198.744,1256.4273150000001,-0.11996311718516006,0.56,,0.308,-1,-1,0,0,0,-2.5,防御,防御
2003-03-10,1178.153,1255.75968,-0.13796416211193308,0.6,,0.336,-1,-1,0,0,0,-2.5,防御,防御
2003-03-11,1177.802,1255.148095,-0.1331915394692298,0.284,,0.308,-1,-1,-1,0,0,-3.5,防御,防御
2003-03-12,1182.417,1254.7525699999999,-0.11856488563275469,0.304,,0.28,-1,-1,0,0,1,-1.0,中性,防御
2003-03-13,1175.157,1254.24218,-0.11929916071055202,0.24,,0.296,-1,-1,-1,0,1,-2.0,防御,防御
2003-03-14,1177.61,1253.836085,-0.10998297977828375,0.192,,0.28,-1,-1,-1,0,1,-2.0,防御,防御
2003-03-17,1179.234,1253.237865,-0.10948112459504167,0.424,,0.268,-1,-1,0,0,1,-1.0,中性,防御
2003-03-18,1173.789,1252.7060099999999,-0.11011467483021675,0.42,,0.28,-1,-1,0,0,1,-1.0,中性,防御
2003-03-19,1180.228,1252.1829699999998,-0.10739718899557715,0.5,,0.264,-1,-1,0,0,1,-1.0,中性,防御
2003-03-20,1175.861,1251.732445,-0.11041534745186321,0.504,,0.268,-1,-1,0,0,1,-1.0,中性,防御
2003-03-21,1185.422,1251.307875,-0.08996888571237738,0.5,,0.192,-1,-1,0,0,1,-1.0,中性,中性
2003-03-24,1187.641,1250.89417,-0.08949490024348805,0.34,,0.196,-1,-1,0,0,1,-1.0,中性,中性
2003-03-25,1176.095,1250.54455,-0.09221179087669351,0.328,,0.032,-1,-1,0,0,1,-1.0,中性,中性
2003-03-26,1171.199,1250.171115,-0.11260500508782656,0.284,,0.036,-1,-1,-1,0,1,-2.0,防御,中性
2003-03-27,1201.371,1249.985085,-0.07993585281068993,0.892,,0.344,-1,-1,1,0,0,-1.5,防御,中性
2003-03-28,1199.264,1249.9144649999998,-0.08097023274918702,0.88,,0.348,-1,-1,1,0,0,-1.5,防御,中性
2003-03-31,1215.168,1249.89269,-0.0646690040294493,0.808,,0.388,-1,-1,1,0,0,-1.5,防御,中性
2003-04-01,1223.559,1250.02737,-0.05845529475045841,0.908,,0.4,-1,-1,1,0,0,-1.5,防御,防御
2003-04-02,1222.971,1249.91416,-0.05297209647368928,0.772,,0.4,-1,-1,1,0,0,-1.5,防御,防御
2003-04-03,1215.34,1249.72829,-0.05468976052617669,0.684,,0.356,-1,-1,0,0,0,-2.5,防御,防御
2003-04-04,1223.558,1249.627365,-0.03879290366624011,0.736,,0.364,-1,0,1,0,0,-0.25,中性,防御
2003-04-07,1217.924,1249.45273,-0.023734041504312797,0.876,,0.26,-1,0,1,0,1,1.25,中性,防御
2003-04-08,1221.567,1249.32635,-0.016096788535639228,0.924,,0.26,-1,0,1,0,1,1.25,中性,防御
2003-04-09,1243.057,1249.363775,0.00478280550301502,0.98,,0.348,-1,0,1,0,0,-0.25,中性,防御
2003-04-10,1255.237,1249.5293649999999,0.00924064759307397,0.992,,0.344,0,0,1,0,0,1.0,中性,中性
2003-04-11,1274.998,1249.781085,0.029081484817593983,0.98,,0.4,0,0,1,0,0,1.0,中性,中性
2003-04-14,1306.513,1250.0694649999998,0.04712034751386529,0.992,,0.484,0,0,1,0,0,1.0,中性,中性
2003-04-15,1317.288,1250.4756599999998,0.07248040525522637,0.972,,0.468,0,1,1,0,0,2.25,进攻,中性
2003-04-16,1304.1,1250.770755,0.0570915351618102,0.988,,0.528,0,1,1,0,0,2.25,进攻,中性
2003-04-17,1307.715,1250.86672,0.05685724953570559,0.96,,0.5,0,1,1,0,0,2.25,进攻,中性
2003-04-18,1300.411,1250.32125,0.036399601829543826,0.948,,0.548,0,0,1,0,0,1.0,中性,中性
2003-04-21,1274.61,1249.64817,0.015111875664504337,0.94,,0.596,0,0,1,0,0,1.0,中性,中性
2003-04-22,1274.685,1248.93506,0.02420616459324143,0.848,,0.588,0,0,1,0,0,1.0,中性,中性
2003-04-23,1254.131,1248.093155,0.01666128935503064,0.904,,0.636,0,0,1,0,0,1.0,中性,中性
2003-04-24,1218.685,1247.030705,-0.0006068433893023917,0.936,,0.68,-1,0,1,0,0,-0.25,中性,中性
2003-04-25,1205.381,1245.98096,-0.01743922072099613,0.84,,0.704,-1,0,1,0,0,-0.25,中性,中性
2003-04-28,1250.681,1245.1052949999998,0.020181248674486563,0.944,,0.812,0,0,1,0,-1,-0.5,中性,中性
2003-04-29,1231.565,1244.12617,0.005081863126745523,0.908,,0.824,-1,0,1,0,-1,-1.75,防御,中性
2003-04-30,1239.952,1243.2628450000002,0.009857075259254167,0.912,,0.828,-1,0,1,0,-1,-1.75,防御,中性
2003-05-12,1251.309,1242.442375,0.003613238327756285,0.88,,0.828,0,0,1,0,-1,-0.5,中性,中性
2003-05-13,1216.426,1241.406025,-0.03895301525601835,0.936,,0.86,-1,0,1,0,-1,-1.75,防御,中性
2003-05-14,1243.103,1240.524185,-0.013452598063257604,0.896,,0.892,0,0,1,0,-1,-0.5,中性,中性
2003-05-15,1273.37,1239.92653,0.010715391270528007,0.944,,0.908,0,0,1,0,-1,-0.5,中性,中性
2003-05-16,1274.258,1239.343175,0.03350757738585264,0.88,,0.904,0,0,1,0,-1,-0.5,中性,中性
2003-05-19,1275.861,1238.77523,0.047198848284081274,0.856,,0.896,0,0,1,0,-1,-0.5,中性,中性
2003-05-20,1261.327,1238.184965,0.05030060287113214,0.792,,0.884,0,1,1,0,-1,0.75,中性,中性
2003-05-21,1259.015,1237.56798,0.04359679348551371,0.692,,0.828,0,0,0,0,-1,-1.5,防御,中性
2003-05-22,1270.432,1236.95503,0.07333088325370585,0.712,,0.828,0,1,1,0,-1,0.75,中性,中性
2003-05-23,1283.668,1236.386315,0.0815090785164665,0.896,,0.828,0,1,1,0,-1,0.75,中性,中性
2003-05-26,1292.69,1235.8335,0.10032558040559225,0.856,,0.828,0,1,1,0,-1,0.75,中性,中性
2003-05-27,1293.681,1235.4004949999999,0.09389617769119152,0.836,,0.824,0,1,1,0,-1,0.75,中性,中性
2003-05-28,1277.692,1234.91089,0.10632454121489521,0.852,,0.808,0,1,1,0,-1,0.75,中性,中性
2003-05-29,1294.772,1234.5202900000002,0.15051982441486422,0.844,,0.812,0,1,1,0,-1,0.75,中性,中性
2003-05-30,1300.865,1234.199635,0.1531755065279523,0.876,,0.8,0,1,1,0,0,2.25,进攻,中性
2003-06-02,1300.486,1233.89502,0.14765304411518132,0.764,,0.712,0,1,1,0,0,2.25,进攻,中性
2003-06-03,1285.652,1233.479295,0.1571473188047734,0.748,,0.712,0,1,1,0,0,2.25,进攻,中性
2003-06-04,1296.444,1233.10197,0.15861100089010916,0.82,,0.584,0,1,1,0,0,2.25,进攻,中性
2003-06-05,1279.539,1232.708865,0.1120769000117332,0.752,,0.584,0,1,1,0,0,2.25,进攻,进攻
2003-06-06,1262.064,1232.2426699999999,0.08367207101384322,0.772,,0.604,0,1,1,0,0,2.25,进攻,进攻
2003-06-09,1249.165,1231.6885300000001,0.10259777973730033,0.684,,0.608,0,1,0,0,0,1.25,中性,进攻
2003-06-10,1255.928,1231.200775,0.097235872933501,0.516,,0.54,0,1,0,0,0,1.25,中性,进攻
2003-06-11,1278.265,1230.74713,0.1139224511670669,0.808,,0.524,0,1,1,0,0,2.25,进攻,进攻
2003-06-12,1273.513,1230.28072,0.11736072177168522,0.592,,0.42,0,1,0,0,0,1.25,中性,进攻
2003-06-13,1277.323,1229.86895,0.12065242853370273,0.68,,0.424,0,1,0,0,0,1.25,中性,进攻
2003-06-16,1273.558,1229.485185,0.12084707008869544,0.572,,0.436,0,1,0,0,0,1.25,中性,进攻
2003-06-17,1268.924,1229.128725,0.13003481143140094,0.612,,0.404,0,1,0,0,0,1.25,中性,进攻
2003-06-18,1266.721,1228.7505449999999,0.13359500356619658,0.752,,0.404,0,1,1,0,0,2.25,进攻,进攻
2003-06-19,1253.681,1228.261415,0.11713473809712638,0.776,,0.42,0,1,1,0,0,2.25,进攻,进攻
2003-06-20,1244.656,1227.779855,0.09944270673689726,0.568,,0.38,0,1,0,0,0,1.25,中性,进攻
2003-06-23,1231.938,1227.191435,0.07920558762285146,0.556,,0.376,0,1,0,0,0,1.25,中性,进攻
2003-06-24,1235.123,1226.63125,0.07533003250046377,0.42,,0.388,0,1,0,0,0,1.25,中性,进攻
2003-06-25,1226.643,1225.914235,0.07229568657824137,0.552,,0.344,0,1,0,0,0,1.25,中性,进攻
2003-06-26,1238.48,1225.2518499999999,0.08157674341022259,0.72,,0.296,0,1,1,0,1,3.75,进攻,进攻
2003-06-27,1220.736,1224.447785,0.05478006838111993,0.632,,0.34,-1,1,0,0,0,0.0,中性,进攻
2003-06-30,1214.547,1223.623425,0.04753801436912952,0.676,,0.34,-1,0,0,0,0,-1.25,中性,进攻
2003-07-01,1215.199,1222.868515,0.04843493865718784,0.5,,0.312,-1,0,0,0,0,-1.25,中性,进攻
2003-07-02,1227.952,1222.1594750000002,0.06670836373744726,0.436,,0.344,0,1,0,0,0,1.25,中性,进攻
2003-07-03,1231.166,1221.47332,0.09988484480850213,0.376,,0.288,0,1,0,0,1,2.75,进攻,进攻
2003-07-04,1229.975,1220.809845,0.09792140508231895,0.364,,0.248,0,1,0,0,1,2.75,进攻,进攻
2003-07-07,1232.076,1220.163735,0.11103937093079885,0.336,,0.22,0,1,0,0,1,2.75,进攻,进攻
2003-07-08,1239.848,1219.552215,0.12341603836754866,0.404,,0.224,0,1,0,0,1,2.75,进攻,进攻
2003-07-09,1231.798,1218.877655,0.1458756595447004,0.224,,0.064,0,1,-1,0,1,1.75,进攻,进攻
2003-07-10,1257.815,1218.37283,0.17166919416799264,0.812,,0.292,0,1,1,0,1,3.75,进攻,进攻
2003-07-11,1255.934,1217.94516,0.15766662610933513,0.608,,0.28,0,1,0,0,1,2.75,进攻,进攻
2003-07-14,1251.089,1217.52889,0.15667858087206055,0.316,,0.284,0,1,0,0,1,2.75,进攻,进攻
2003-07-15,1254.364,1217.18505,0.12819562667741158,0.544,,0.296,0,1,0,0,1,2.75,进攻,进攻
2003-07-16,1259.896,1216.86348,0.1128152132630258,0.592,,0.32,0,1,0,0,0,1.25,中性,进攻
2003-07-17,1269.398,1216.6153,0.13179846929677508,0.832,,0.28,0,1,1,0,1,3.75,进攻,进攻
2003-07-18,1241.574,1216.21201,0.10427899282239217,0.792,,0.508,0,1,1,0,0,2.25,进攻,进攻
2003-07-21,1232.145,1215.76369,0.03902636472111065,0.74,,0.504,0,0,1,0,0,1.0,中性,进攻
2003-07-22,1235.299,1215.4271,0.048666732882218566,0.648,,0.5,0,0,0,0,0,0.0,中性,进攻
2003-07-23,1239.445,1215.102445,0.03599089257146093,0.452,,0.476,0,0,0,0,0,0.0,中性,进攻
2003-07-24,1231.023,1214.779755,0.0336956658647487,0.348,,0.46,0,0,0,0,0,0.0,中性,进攻
2003-07-25,1218.666,1214.2740000000001,0.020041482453658555,0.844,,0.404,0,0,1,0,0,1.0,中性,中性
2003-07-28,1213.148,1213.811005,0.03499352888030427,0.368,,0.4,-1,0,0,0,0,-1.25,中性,中性
2003-07-29,1219.762,1213.385195,0.03847800934301748,0.2,,0.42,0,0,-1,0,0,-1.0,中性,中性
2003-07-30,1221.757,1212.998055,0.0463518137089074,0.404,,0.348,0,0,0,0,0,0.0,中性,中性
2003-07-31,1222.737,1212.614125,0.029505074539401654,0.216,,0.336,0,0,-1,0,0,-1.0,中性,中性
2003-08-01,1226.239,1212.2884299999998,0.01904731829215711,0.332,,0.356,0,0,0,0,0,0.0,中性,中性
2003-08-04,1240.07,1212.06052,0.027518541934062002,0.532,,0.448,0,0,0,0,0,0.0,中性,中性
2003-08-05,1239.046,1211.891055,0.02604262845965999,0.224,,0.42,0,0,-1,0,0,-1.0,中性,中性
2003-08-06,1232.936,1211.81807,0.03568119523645907,0.208,,0.396,0,0,-1,0,0,-1.0,中性,中性
2003-08-07,1232.974,1211.7751799999999,0.02637156266492613,0.212,,0.176,0,0,-1,0,1,0.5,中性,中性
2003-08-08,1218.112,1211.68004,0.0027230730224794275,0.464,,0.216,0,0,0,0,1,1.5,进攻,中性
2003-08-11,1222.201,1211.572325,0.011051908398209687,0.112,,0.216,0,0,-1,0,1,0.5,中性,中性
2003-08-12,1225.855,1211.506765,0.010015662862044028,0.08,,0.22,0,0,-1,0,1,0.5,中性,中性
2003-08-13,1210.561,1211.32097,0.004867614014146371,0.148,,0.244,-1,0,-1,0,1,-0.75,中性,中性
2003-08-14,1203.244,1211.195875,-0.0014042239587829242,0.46,,0.216,-1,0,0,0,1,0.25,中性,中性
2003-08-15,1201.323,1211.03415,-0.012539269985154977,0.416,,0.016,-1,0,0,0,1,0.25,中性,中性
2003-08-18,1197.986,1210.83727,-0.014125816462316143,0.172,,0.016,-1,0,-1,0,1,-0.75,中性,中性
2003-08-19,1201.664,1210.571895,0.0084220914580726,0.124,,0.02,-1,0,-1,0,1,-0.75,中性,中性
2003-08-20,1195.681,1210.2721250000002,0.0022523164408203566,0.248,,0.016,-1,0,-1,0,1,-0.75,中性,中性
2003-08-21,1194.629,1210.022475,-0.016647281605264297,0.256,,0.016,-1,0,-1,0,1,-0.75,中性,中性
2003-08-22,1191.432,1209.811745,-0.018909811955902356,0.16,,0.004,-1,0,-1,0,1,-0.75,中性,中性
2003-08-25,1177.297,1209.6011050000002,-0.031395598527961144,0.22,,0.028,-1,0,-1,0,1,-0.75,中性,中性
2003-08-26,1179.329,1209.363875,-0.028448868157994966,0.164,,0.02,-1,0,-1,0,1,-0.75,中性,中性
2003-08-27,1178.401,1209.12618,-0.03678821783084618,0.112,,0.02,-1,0,-1,0,1,-0.75,中性,中性
2003-08-28,1169.38,1208.84639,-0.043358039234935086,0.12,,0.032,-1,0,-1,0,1,-0.75,中性,中性
2003-08-29,1178.574,1208.600015,-0.03228047242439358,0.228,,0.056,-1,0,-1,0,1,-0.75,中性,中性
2003-09-01,1199.814,1208.365065,-0.002183892751405403,0.624,,0.164,-1,0,0,0,1,0.25,中性,中性
2003-09-02,1197.298,1208.0229049999998,-0.0012062625548072692,0.616,,0.16,-1,0,0,0,1,0.25,中性,中性
2003-09-03,1198.441,1207.71484,0.017220174289756862,0.476,,0.148,-1,0,0,0,1,0.25,中性,中性
2003-09-04,1196.501,1207.397995,0.01587618292378523,0.46,,0.144,-1,0,0,0,1,0.25,中性,中性
2003-09-05,1183.913,1207.152835,0.0012652050841623907,0.568,,0.12,-1,0,0,0,1,0.25,中性,中性
2003-09-08,1177.829,1206.9502,0.002273738742993414,0.296,,0.112,-1,0,-1,0,1,-0.75,中性,中性
2003-09-09,1172.051,1206.805855,-0.004720578120090635,0.32,,0.092,-1,0,0,0,1,0.25,中性,中性
2003-09-10,1176.036,1206.65394,-0.002711929947745606,0.164,,0.076,-1,0,-1,0,1,-0.75,中性,中性
2003-09-11,1176.927,1206.6204,0.0026733935997014235,0.072,,0.076,-1,0,-1,0,1,-0.75,中性,中性
2003-09-12,1164.18,1206.506685,-0.01359737271103545,0.692,,0.1,-1,0,0,0,1,0.25,中性,中性
2003-09-15,1152.357,1206.394345,-0.01998875717453008,0.464,,0.148,-1,0,0,0,1,0.25,中性,中性
2003-09-16,1159.716,1206.279745,-0.02168510454504824,0.42,,0.184,-1,0,0,0,1,0.25,中性,中性
2003-09-17,1147.304,1206.241775,-0.03396396722578621,0.324,,0.192,-1,0,0,0,1,0.25,中性,中性
2003-09-18,1148.082,1206.355285,-0.023818654105323023,0.248,,0.196,-1,0,-1,0,1,-0.75,中性,中性
2003-09-19,1149.287,1206.46136,-0.01870903236768473,0.168,,0.196,-1,0,-1,0,1,-0.75,中性,中性
2003-09-22,1141.139,1206.5012049999998,-0.05013605289290335,0.12,,0.172,-1,-1,-1,0,1,-2.0,防御,中性
2003-09-23,1147.289,1206.682385,-0.04333908130319919,0.296,,0.176,-1,0,-1,0,1,-0.75,中性,中性
2003-09-24,1150.492,1206.840025,-0.05322391636382784,0.284,,0.176,-1,-1,-1,0,1,-2.0,防御,中性
2003-09-25,1136.692,1206.77056,-0.07099535044897709,0.116,,0.216,-1,-1,-1,0,1,-2.0,防御,中性
2003-09-26,1131.295,1206.603945,-0.07496171209292779,0.068,,0.168,-1,-1,-1,0,1,-2.0,防御,中性
2003-09-29,1116.547,1206.522035,-0.08128836375006165,0.14,,0.048,-1,-1,-1,0,1,-2.0,防御,中性
2003-09-30,1127.144,1206.43461,-0.07879806269911194,0.3,,0.08,-1,-1,0,0,1,-1.0,中性,中性
2003-10-08,1131.27,1206.353285,-0.07114893868582928,0.056,,0.088,-1,-1,-1,0,1,-2.0,防御,中性
2003-10-09,1128.767,1206.298365,-0.07596799848063995,0.176,,0.084,-1,-1,-1,0,1,-2.0,防御,中性
2003-10-10,1155.42,1206.37645,-0.07050119181984404,0.796,,0.432,-1,-1,1,0,0,-1.5,防御,中性
2003-10-13,1151.778,1206.4541100000001,-0.08242188526947503,0.596,,0.42,-1,-1,0,0,0,-2.5,防御,中性
2003-10-14,1142.3,1206.551075,-0.10407702600317814,0.336,,0.448,-1,-1,0,0,0,-2.5,防御,防御
2003-10-15,1139.015,1206.658965,-0.12820232175263457,0.408,,0.428,0,-1,0,0,0,-1.25,中性,防御
2003-10-16,1124.371,1206.669675,-0.14645013087494907,0.236,,0.504,0,-1,-1,0,0,-2.25,防御,防御
2003-10-17,1128.099,1206.649775,-0.13495974235104669,0.136,,0.472,0,-1,-1,0,0,-2.25,防御,防御
2003-10-20,1120.359,1206.543955,-0.1432697491425884,0.144,,0.436,0,-1,-1,0,0,-2.25,防御,防御
2003-10-21,1124.543,1206.423675,-0.13524032017569843,0.404,,0.392,0,-1,0,0,0,-1.25,中性,防御
2003-10-22,1152.83,1206.46812,-0.09554295039266913,0.86,,0.616,0,-1,1,0,0,-0.25,中性,防御
2003-10-23,1143.713,1206.4613399999998,-0.10274852218391206,0.684,,0.628,0,-1,0,0,0,-1.25,中性,防御
2003-10-24,1140.034,1206.3748249999999,-0.09097693941063567,0.596,,0.628,-1,-1,0,0,0,-2.5,防御,防御
2003-10-27,1130.456,1206.229955,-0.07239688680832213,0.532,,0.644,-1,-1,0,0,0,-2.5,防御,防御
2003-10-28,1130.705,1206.08818,-0.06195219602764612,0.692,,0.616,-1,-1,0,0,0,-2.5,防御,防御
2003-10-29,1123.223,1205.9484949999999,-0.10191087895314643,0.804,,0.636,-1,-1,1,0,0,-1.5,防御,防御
2003-10-30,1110.799,1205.905695,-0.09805897374478822,0.6,,0.608,-1,-1,0,0,0,-2.5,防御,防御
2003-10-31,1111.617,1205.8624,-0.10349997419254942,0.672,,0.6,-1,-1,0,0,0,-2.5,防御,防御
2003-11-03,1123.48,1205.9351000000001,-0.10215622200431707,0.788,,0.584,-1,-1,1,0,0,-1.5,防御,防御
2003-11-04,1145.168,1206.1427350000001,-0.05857980674533436,0.964,,0.68,-1,-1,1,0,0,-1.5,防御,防御
2003-11-05,1138.913,1206.4623800000002,-0.08381445463489356,0.856,,0.684,0,-1,1,0,0,-0.25,中性,防御
2003-11-06,1118.919,1206.689355,-0.12129310412527372,0.896,,0.7,0,-1,1,0,0,-0.25,中性,防御
2003-11-07,1103.777,1206.7838199999999,-0.13378844786534594,0.836,,0.652,0,-1,1,0,0,-0.25,中性,防御
2003-11-10,1108.027,1206.9158450000002,-0.13154567778151383,0.524,,0.66,0,-1,0,0,0,-1.25,中性,防御
2003-11-11,1108.89,1206.9011349999998,-0.12085446517833986,0.596,,0.64,0,-1,0,0,0,-1.25,中性,中性
2003-11-12,1089.306,1206.686815,-0.13479505804140546,0.632,,0.688,0,-1,0,0,0,-1.25,中性,中性
2003-11-13,1091.708,1206.537475,-0.14067970580086142,0.548,,0.668,-1,-1,0,0,0,-2.5,防御,中性
2003-11-14,1100.016,1206.4159049999998,-0.14306814534599277,0.432,,0.684,-1,-1,0,0,0,-2.5,防御,中性
2003-11-17,1095.945,1205.966305,-0.15219812948193312,0.184,,0.672,-1,-1,-1,0,0,-3.5,防御,中性
2003-11-18,1080.997,1205.4814350000001,-0.1644021980689211,0.824,,0.692,-1,-1,1,0,0,-1.5,防御,中性
2003-11-19,1098.051,1204.9897600000002,-0.14059804710368384,0.652,,0.536,-1,-1,0,0,0,-2.5,防御,防御
2003-11-20,1129.132,1204.6809449999998,-0.12792985946560465,0.928,,0.736,-1,-1,1,0,0,-1.5,防御,防御
2003-11-21,1115.469,1204.28468,-0.14251747875452103,0.916,,0.744,-1,-1,1,0,0,-1.5,防御,防御
2003-11-24,1147.589,1204.16197,-0.11756912415819942,0.896,,0.788,-1,-1,1,0,0,-1.5,防御,防御
2003-11-25,1151.543,1204.04685,-0.10431205333947302,0.96,,0.788,-1,-1,1,0,0,-1.5,防御,防御
2003-11-26,1155.265,1203.985,-0.10889710623829485,0.872,,0.78,-1,-1,1,0,0,-1.5,防御,防御
2003-11-27,1136.018,1203.7266200000001,-0.11216617860026146,0.848,,0.8,-1,-1,1,0,0,-1.5,防御,防御
2003-11-28,1142.975,1203.4249,-0.0943605078664792,0.712,,0.804,-1,-1,1,0,-1,-3.0,防御,防御
2003-12-01,1168.507,1203.23314,-0.06456953244767494,0.892,,0.824,-1,-1,1,0,-1,-3.0,防御,防御
2003-12-02,1168.402,1203.037165,-0.06969030071787563,0.916,,0.8,-1,-1,1,0,0,-1.5,防御,防御
2003-12-03,1172.469,1202.947215,-0.08276531079236316,0.928,,0.788,-1,-1,1,0,0,-1.5,防御,防御
2003-12-04,1178.653,1202.83401,-0.07448687214029215,0.88,,0.752,-1,-1,1,0,0,-1.5,防御,防御
2003-12-05,1176.661,1202.643295,-0.07880700496272286,0.828,,0.74,-1,-1,1,0,0,-1.5,防御,防御
2003-12-08,1164.427,1202.421225,-0.085689854721968,0.788,,0.748,-1,-1,1,0,0,-1.5,防御,防御
2003-12-09,1169.277,1202.1991150000001,-0.07852873773370184,0.664,,0.744,-1,-1,0,0,0,-2.5,防御,防御
2003-12-10,1184.676,1202.09901,-0.06476959014652794,0.92,,0.704,-1,-1,1,0,0,-1.5,防御,防御
2003-12-11,1184.634,1201.9975,-0.05507541392108517,0.892,,0.708,-1,-1,1,0,0,-1.5,防御,防御
2003-12-12,1183.107,1201.8301450000001,-0.049450611253229804,0.796,,0.712,-1,0,1,0,0,-0.25,中性,防御
2003-12-15,1184.674,1201.67776,-0.03836556709834438,0.676,,0.704,-1,0,0,0,0,-1.25,中性,防御
2003-12-16,1178.35,1201.6113699999999,-0.04596546254907419,0.868,,0.68,-1,0,1,0,0,-0.25,中性,防御
2003-12-17,1169.412,1201.4934600000001,-0.046656606689966074,0.868,,0.68,-1,0,1,0,0,-0.25,中性,防御
2003-12-18,1173.397,1201.28618,-0.05255070731864875,0.776,,0.604,-1,-1,1,0,0,-1.5,防御,防御
2003-12-19,1163.64,1201.0324,-0.0467717835797421,0.944,,0.536,-1,0,1,0,0,-0.25,中性,防御
2003-12-22,1195.437,1200.9323,-0.015734261415984885,0.964,,0.52,-1,0,1,0,0,-0.25,中性,防御
2003-12-23,1201.081,1200.868395,-0.011617850245103978,0.96,,0.524,0,0,1,0,0,1.0,中性,防御
2003-12-24,1212.333,1200.81302,-0.012719552555800151,0.916,,0.544,0,0,1,0,0,1.0,中性,防御
2003-12-25,1209.06,1200.7464200000002,-0.01795533664834803,0.924,,0.472,0,0,1,0,0,1.0,中性,中性
2003-12-26,1208.523,1200.699595,-0.017441004898473556,0.852,,0.476,0,0,1,0,0,1.0,中性,中性
2003-12-29,1199.254,1200.683665,-0.026639590414877068,0.844,,0.272,-1,0,1,0,1,1.25,中性,中性
2003-12-30,1207.098,1200.725435,-0.026414528232493018,0.816,,0.284,0,0,1,0,1,2.5,进攻,中性
2003-12-31,1194.744,1200.8083900000001,-0.03008123085116232,0.892,,0.388,-1,0,1,0,0,-0.25,中性,中性
2004-01-02,1204.613,1200.942445,-0.04229715816713908,0.836,,0.436,0,0,1,0,0,1.0,中性,中性
2004-01-05,1240.467,1201.232695,-0.01231513757888536,0.972,,0.68,0,0,1,0,0,1.0,中性,中性
2004-01-06,1251.135,1201.612585,3.676796774643165e-05,0.972,,0.648,0,0,1,0,0,1.0,中性,中性
2004-01-07,1266.268,1202.055875,0.00949006827364296,0.968,,0.656,0,0,1,0,0,1.0,中性,中性
2004-01-08,1284.338,1202.5813950000002,0.01940001396940705,0.956,,0.66,1,0,1,0,0,2.25,进攻,中性
2004-01-09,1266.406,1203.04448,-0.002357022777726092,0.968,,0.708,1,0,1,0,0,2.25,进攻,中性
2004-01-12,1294.684,1203.61676,0.042776346798499176,0.912,,0.736,1,0,1,0,0,2.25,进攻,中性
2004-01-13,1293.184,1204.203375,0.04953881239626834,0.94,,0.736,1,0,1,0,0,2.25,进攻,中性
2004-01-14,1277.961,1204.66607,0.03453576826339222,0.876,,0.752,1,0,1,0,0,2.25,进攻,进攻
2004-01-15,1273.616,1205.095945,0.027569597682833846,0.828,,0.732,1,0,1,0,0,2.25,进攻,进攻
2004-01-16,1284.296,1205.63695,0.04327538965559552,0.864,,0.736,1,0,1,0,0,2.25,进攻,进攻
2004-01-29,1311.947,1206.34069,0.07654353202600217,0.804,,0.752,1,1,1,0,0,3.5,进攻,进攻
2004-01-30,1281.334,1206.740505,0.05620583803460111,0.916,,0.792,1,1,1,0,0,3.5,进攻,进攻
2004-02-02,1307.267,1207.28052,0.0717394049003004,0.984,,0.808,1,1,1,0,-1,2.0,进攻,进攻
2004-02-03,1320.996,1207.80966,0.08122646320012894,0.928,,0.808,1,1,1,0,-1,2.0,进攻,进攻
2004-02-04,1348.864,1208.436185,0.10315137269911667,0.964,,0.82,1,1,1,0,-1,2.0,进攻,进攻
2004-02-05,1353.851,1209.090585,0.10406780407408345,0.964,,0.816,1,1,1,0,-1,2.0,进攻,进攻
2004-02-06,1347.221,1209.74999,0.08640721894731751,0.972,,0.808,1,1,1,0,-1,2.0,进攻,进攻
2004-02-09,1368.841,1210.4764049999999,0.10475398007822134,0.932,,0.824,1,1,1,0,-1,2.0,进攻,进攻
2004-02-10,1363.062,1211.2020949999999,0.10554156906765644,0.936,,0.804,1,1,1,0,-1,2.0,进攻,进攻
2004-02-11,1354.749,1211.868005,0.09876526187900159,0.928,,0.828,1,1,1,0,-1,2.0,进攻,进攻
2004-02-12,1345.658,1212.38101,0.10470794147007823,0.924,,0.776,1,1,1,0,0,3.5,进攻,进攻
2004-02-13,1342.335,1212.8165000000001,0.09829316127216381,0.852,,0.784,1,1,1,0,0,3.5,进攻,进攻
2004-02-16,1373.3,1213.30801,0.12027931525343538,0.868,,0.812,1,1,1,0,-1,2.0,进攻,进攻
2004-02-17,1380.365,1213.6772700000001,0.14026885055771676,0.94,,0.804,1,1,1,0,-1,2.0,进攻,进攻
2004-02-18,1391.355,1214.047605,0.15633653689525984,0.932,,0.772,1,1,1,0,0,3.5,进攻,进攻
2004-02-19,1385.978,1214.456995,0.1537097017205198,0.912,,0.716,1,1,1,0,0,3.5,进攻,进攻
2004-02-20,1391.095,1214.873895,0.16119470511341527,0.876,,0.716,1,1,1,0,0,3.5,进攻,进攻
2004-02-23,1359.239,1215.168035,0.1311306654772051,0.928,,0.804,1,1,1,0,-1,2.0,进攻,进攻
2004-02-24,1356.314,1215.576555,0.13434436107958558,0.916,,0.804,1,1,1,0,-1,2.0,进攻,进攻
2004-02-25,1329.442,1215.85034,0.11284926115137006,0.852,,0.876,1,1,1,0,-1,2.0,进攻,进攻
2004-02-26,1335.863,1216.259,0.12122471110394883,0.832,,0.82,1,1,1,0,-1,2.0,进攻,进攻
2004-02-27,1351.61,1216.9236250000001,0.14806204381732035,0.784,,0.716,1,1,1,0,0,3.5,进攻,进攻
2004-03-01,1366.914,1217.73129,0.15906078795654133,0.784,,0.688,1,1,1,0,0,3.5,进攻,进攻
2004-03-02,1363.194,1218.2938550000001,0.15681673725667222,0.796,,0.688,1,1,1,0,0,3.5,进攻,进攻
2004-03-03,1341.215,1218.842105,0.1469453898647144,0.752,,0.676,1,1,1,0,0,3.5,进攻,进攻
2004-03-04,1349.848,1219.3915849999998,0.14532307687086243,0.716,,0.684,1,1,1,0,0,3.5,进攻,进攻
2004-03-05,1341.758,1219.84383,0.11830500394227772,0.692,,0.684,1,1,0,0,0,2.5,进攻,进攻
2004-03-08,1317.296,1220.34818,0.10022400438320278,0.808,,0.684,1,1,1,0,0,3.5,进攻,进攻
2004-03-09,1314.167,1220.7035,0.09656378578503233,0.704,,0.68,1,1,1,0,0,3.5,进攻,进攻
2004-03-10,1344.989,1221.0615950000001,0.12410186034111126,0.704,,0.784,1,1,1,0,0,3.5,进攻,进攻
2004-03-11,1357.843,1221.47952,0.14691113282817247,0.748,,0.784,1,1,1,0,0,3.5,进攻,进攻
2004-03-12,1358.514,1221.892785,0.1534051207772944,0.684,,0.78,1,1,0,0,0,2.5,进攻,进攻
2004-03-15,1389.676,1222.5345300000001,0.18567878018959938,0.904,,0.776,1,1,1,0,0,3.5,进攻,进攻
2004-03-16,1395.365,1223.2162799999999,0.18649854256162213,0.832,,0.772,1,1,1,0,0,3.5,进攻,进攻
2004-03-17,1398.017,1223.8542049999999,0.18785362218727264,0.76,,0.756,1,1,1,0,0,3.5,进攻,进攻
2004-03-18,1372.163,1224.29668,0.1786519266780051,0.804,,0.828,1,1,1,0,-1,2.0,进攻,进攻
2004-03-19,1393.571,1224.801085,0.20932228467393355,0.716,,0.856,1,1,1,0,-1,2.0,进攻,进攻
2004-03-22,1399.55,1225.33043,0.2068040796194932,0.724,,0.752,1,1,1,0,0,3.5,进攻,进攻
2004-03-23,1389.52,1225.88957,0.21111754164545737,0.736,,0.768,1,1,1,0,0,3.5,进攻,进攻
2004-03-24,1385.374,1226.34258,0.2066855851759717,0.708,,0.664,1,1,1,0,0,3.5,进攻,进攻
2004-03-25,1385.862,1226.767565,0.2058450152137805,0.632,,0.66,1,1,0,0,0,2.5,进攻,进攻
2004-03-26,1386.477,1227.19752,0.21499396655446912,0.628,,0.64,1,1,0,0,0,2.5,进攻,进攻
2004-03-29,1371.7,1227.62776,0.19560110835194977,0.62,,0.644,1,1,0,0,0,2.5,进攻,进攻
2004-03-30,1372.049,1228.005785,0.1925758718878532,0.52,,0.636,1,1,0,0,0,2.5,进攻,进攻
2004-03-31,1384.954,1228.53286,0.2184074489835417,0.612,,0.588,1,1,0,0,0,2.5,进攻,进攻
2004-04-01,1396.632,1229.2057,0.23454271432296614,0.676,,0.592,1,1,0,0,0,2.5,进攻,进攻
2004-04-02,1405.918,1229.989465,0.259165982264965,0.796,,0.58,1,1,1,0,0,3.5,进攻,进攻
2004-04-05,1401.97,1230.719675,0.2438251013180215,0.852,,0.452,1,1,1,0,0,3.5,进攻,进攻
2004-04-06,1410.428,1231.38049,0.24676514006382222,0.828,,0.444,1,1,1,0,0,3.5,进攻,进攻
2004-04-07,1408.774,1232.056795,0.24806448097791645,0.804,,0.344,1,1,1,0,0,3.5,进攻,进攻
2004-04-08,1402.771,1232.684035,0.21407886309740176,0.8,,0.332,1,1,1,0,0,3.5,进攻,进攻
2004-04-09,1370.276,1233.167625,0.18970496050454178,0.868,,0.512,1,1,1,0,0,3.5,进攻,进攻
2004-04-12,1364.681,1233.64641,0.1946782806618228,0.692,,0.368,1,1,0,0,0,2.5,进攻,进攻
2004-04-13,1353.83,1234.081955,0.1885971650944016,0.7,,0.376,1,1,0,0,0,2.5,进攻,进攻
2004-04-14,1332.075,1234.473925,0.18472906184880244,0.744,,0.432,1,1,1,0,0,3.5,进攻,进攻
2004-04-15,1318.852,1234.844905,0.16909242894462295,0.536,,0.368,1,1,0,0,0,2.5,进攻,进攻
2004-04-16,1331.082,1235.340625,0.18808524767507584,0.632,,0.244,1,1,0,0,1,4.0,进攻,进攻
2004-04-19,1312.002,1235.7250199999999,0.16669793862929216,0.468,,0.308,1,1,0,0,0,2.5,进攻,进攻
2004-04-20,1301.086,1236.0972350000002,0.128601788641864,0.444,,0.312,1,1,0,0,0,2.5,进攻,进攻
2004-04-21,1289.654,1236.3531050000001,0.12760281644083782,0.508,,0.328,1,1,0,0,0,2.5,进攻,进攻
2004-04-22,1296.435,1236.7316,0.13718976802446226,0.432,,0.368,1,1,0,0,0,2.5,进攻,进攻
2004-04-23,1276.307,1237.0404,0.1290196168625759,0.436,,0.416,1,1,0,0,0,2.5,进攻,进攻
2004-04-26,1276.949,1237.34915,0.12933877536581173,0.372,,0.4,1,1,0,0,0,2.5,进攻,进攻
2004-04-27,1264.344,1237.53111,0.1256393432114551,0.436,,0.416,1,1,0,0,0,2.5,进攻,进攻
2004-04-28,1258.112,1237.6658400000001,0.1326189526638033,0.432,,0.316,1,1,0,0,0,2.5,进攻,进攻
2004-04-29,1233.6,1237.683965,0.10973473777389153,0.48,,0.32,0,1,0,0,0,1.25,中性,进攻
2004-04-30,1239.72,1237.7221849999999,0.10346423612347344,0.416,,0.284,1,1,0,0,1,4.0,进攻,进攻
2004-05-10,1206.586,1237.555875,0.053632305478322984,0.184,,0.452,0,1,-1,0,0,0.25,中性,进攻
2004-05-11,1212.575,1237.4597600000002,0.06467745999913954,0.26,,0.452,0,1,-1,0,0,0.25,中性,进攻
2004-05-12,1240.016,1237.3707650000001,0.10822677959709326,0.404,,0.652,1,1,0,0,0,2.5,进攻,进攻
2004-05-13,1234.578,1237.263985,0.11850310343484227,0.324,,0.652,0,1,0,0,0,1.25,中性,进攻
2004-05-14,1207.261,1237.044845,0.08955918944213437,0.352,,0.648,0,1,0,0,0,1.25,中性,进攻
2004-05-17,1195.189,1236.7489699999999,0.07782467151836525,0.284,,0.652,0,1,-1,0,0,0.25,中性,进攻
2004-05-18,1209.609,1236.497535,0.1104400416411917,0.432,,0.708,0,1,0,0,0,1.25,中性,进攻
2004-05-19,1209.579,1236.19844,0.10796934711479622,0.464,,0.688,0,1,0,0,0,1.25,中性,中性
2004-05-20,1201.713,1235.999135,0.09245047344765878,0.376,,0.688,0,1,0,0,0,1.25,中性,中性
2004-05-21,1209.213,1235.884475,0.10335190178339237,0.36,,0.68,0,1,0,0,0,1.25,中性,中性
2004-05-24,1200.789,1235.7119249999998,0.11081621873141168,0.312,,0.668,-1,1,0,0,0,0.0,中性,中性
2004-05-25,1177.712,1235.40326,0.07254763212273385,0.364,,0.712,-1,1,0,0,0,0.0,中性,中性
2004-05-26,1183.013,1235.16321,0.047718955799676,0.252,,0.724,-1,0,-1,0,0,-2.25,防御,中性
2004-05-27,1208.682,1235.11329,0.08356395381673543,0.508,,0.872,-1,1,0,0,-1,-1.5,防御,中性
2004-05-28,1201.721,1235.056155,0.04717019769272812,0.332,,0.844,-1,0,0,0,-1,-2.75,防御,中性
2004-05-31,1206.841,1234.99155,0.04802078602362214,0.252,,0.852,-1,0,-1,0,-1,-3.75,防御,中性
2004-06-01,1224.105,1235.0032899999999,0.0595880598823646,0.54,,0.888,-1,1,0,0,-1,-1.5,防御,防御
2004-06-02,1211.932,1234.949265,0.06682464538414012,0.544,,0.912,-1,1,0,0,-1,-1.5,防御,防御
2004-06-03,1193.554,1234.78584,0.044252061506157236,0.436,,0.884,-1,0,0,0,-1,-2.75,防御,防御
2004-06-04,1192.776,1234.54937,0.020769238010555302,0.436,,0.876,-1,0,0,0,-1,-2.75,防御,防御
2004-06-07,1176.263,1234.235455,0.006727992591590848,0.372,,0.756,-1,0,0,0,0,-1.25,中性,防御
2004-06-08,1160.331,1233.87243,-0.010352512518454815,0.404,,0.792,-1,0,0,0,0,-1.25,中性,防御
2004-06-09,1137.546,1233.39529,-0.034876252807229946,0.46,,0.68,-1,0,0,0,0,-1.25,中性,防御
2004-06-10,1139.51,1233.00228,-0.031573239871126924,0.432,,0.688,-1,0,0,0,0,-1.25,中性,防御
2004-06-11,1140.528,1232.593915,-0.020524257853862804,0.432,,0.596,-1,0,0,0,0,-1.25,中性,中性
2004-06-14,1115.406,1232.04167,-0.04607205991394692,0.436,,0.692,-1,0,0,0,0,-1.25,中性,中性
2004-06-15,1134.898,1231.663355,-0.04201823958618223,0.404,,0.736,-1,0,0,0,0,-1.25,中性,中性
2004-06-16,1141.093,1231.3526,-0.03675481203477182,0.468,,0.764,-1,0,0,0,0,-1.25,中性,中性
2004-06-17,1116.504,1230.928505,-0.05629499276058725,0.368,,0.852,-1,-1,0,0,-1,-4.0,防御,中性
2004-06-18,1103.403,1230.45559,-0.06860199514803222,0.404,,0.844,-1,-1,0,0,-1,-4.0,防御,中性
2004-06-21,1109.391,1229.994225,-0.058521661645521195,0.268,,0.856,-1,-1,-1,0,-1,-5.0,防御,中性
2004-06-22,1119.882,1229.61523,-0.04235461924454342,0.448,,0.836,-1,0,0,0,-1,-2.75,防御,中性
2004-06-23,1110.319,1229.19368,-0.05375674217677395,0.284,,0.828,-1,-1,-1,0,-1,-5.0,防御,防御
2004-06-24,1099.903,1228.736035,-0.05477381320683383,0.34,,0.62,-1,-1,0,0,0,-2.5,防御,防御
2004-06-25,1081.958,1228.2593399999998,-0.09492679246166869,0.372,,0.68,-1,-1,0,0,0,-2.5,防御,防御
2004-06-28,1069.506,1227.7102249999998,-0.10954714960939338,0.272,,0.652,-1,-1,-1,0,0,-3.5,防御,防御
2004-06-29,1084.617,1227.241305,-0.10534729319419678,0.416,,0.64,-1,-1,0,0,0,-2.5,防御,防御
2004-06-30,1078.485,1226.78683,-0.10799712173093146,0.288,,0.636,-1,-1,-1,0,0,-3.5,防御,防御
2004-07-01,1112.389,1226.455905,-0.07954668632702899,0.576,,0.976,-1,-1,0,0,-1,-4.0,防御,防御
2004-07-02,1114.945,1226.0315600000001,-0.07030120391510053,0.448,,0.976,-1,-1,0,0,-1,-4.0,防御,防御
2004-07-05,1116.416,1225.62715,-0.07512397502108359,0.28,,0.944,-1,-1,-1,0,-1,-5.0,防御,防御
2004-07-06,1121.284,1225.2413649999999,-0.06148597523820987,0.5,,0.928,-1,-1,0,0,-1,-4.0,防御,防御
2004-07-07,1110.624,1224.81198,-0.07802422852816637,0.256,,0.856,-1,-1,-1,0,-1,-5.0,防御,防御
2004-07-08,1113.027,1224.45755,-0.10273550203270221,0.18,,0.856,-1,-1,-1,0,-1,-5.0,防御,防御
2004-07-09,1106.915,1224.10298,-0.11527133362906483,0.208,,0.864,-1,-1,-1,0,-1,-5.0,防御,防御
2004-07-12,1083.178,1223.658615,-0.1445902447191273,0.316,,0.84,-1,-1,0,0,-1,-4.0,防御,防御
2004-07-13,1086.815,1223.21251,-0.1537936275341849,0.196,,0.732,-1,-1,-1,0,0,-3.5,防御,防御
2004-07-14,1088.779,1222.77177,-0.14026070628218756,0.404,,0.724,-1,-1,0,0,0,-2.5,防御,防御
2004-07-15,1104.007,1222.470905,-0.14727686447040356,0.504,,0.656,-1,-1,0,0,0,-2.5,防御,防御
2004-07-16,1132.799,1222.3731149999999,-0.12402334083935462,0.824,,0.816,-1,-1,1,0,-1,-3.0,防御,防御
2004-07-19,1134.501,1222.2470400000002,-0.11225694680823595,0.532,,0.812,-1,-1,0,0,-1,-4.0,防御,防御
2004-07-20,1125.876,1222.1399000000001,-0.11600042713031244,0.484,,0.808,-1,-1,0,0,-1,-4.0,防御,防御
2004-07-21,1125.662,1222.0278,-0.12351825435880825,0.344,,0.784,-1,-1,0,0,0,-2.5,防御,防御
2004-07-22,1097.859,1221.7706600000001,-0.16318342128149987,0.516,,0.952,-1,-1,0,0,-1,-4.0,防御,防御
2004-07-23,1101.599,1221.57296,-0.14027177925505774,0.428,,0.88,-1,-1,0,0,-1,-4.0,防御,防御
2004-07-26,1087.268,1221.272855,-0.1682892630197198,0.268,,0.888,-1,-1,-1,0,-1,-5.0,防御,防御
2004-07-27,1083.398,1220.937385,-0.17986277021277897,0.32,,0.824,-1,-1,0,0,-1,-4.0,防御,防御
2004-07-28,1089.52,1220.7015250000002,-0.1922684570127159,0.384,,0.812,-1,-1,0,0,-1,-4.0,防御,防御
2004-07-29,1104.167,1220.565885,-0.18442502166043395,0.46,,0.512,-1,-1,0,0,0,-2.5,防御,防御
2004-07-30,1088.677,1220.426535,-0.19190912255672976,0.304,,0.596,-1,-1,0,0,0,-2.5,防御,防御
2004-08-02,1080.55,1220.193565,-0.2106095594740368,0.18,,0.604,-1,-1,-1,0,0,-3.5,防御,防御
2004-08-03,1073.583,1219.90513,-0.21237405195068149,0.224,,0.596,-1,-1,-1,0,0,-3.5,防御,防御
2004-08-04,1103.551,1219.77905,-0.18542032509343065,0.644,,0.884,-1,-1,0,0,-1,-4.0,防御,防御
2004-08-05,1088.814,1219.44602,-0.19086870512418452,0.44,,0.924,-1,-1,0,0,-1,-4.0,防御,防御
2004-08-06,1088.241,1219.1283349999999,-0.18929253874777907,0.296,,0.904,-1,-1,-1,0,-1,-5.0,防御,防御
2004-08-09,1093.479,1218.88423,-0.20375810092477964,0.248,,0.744,-1,-1,-1,0,0,-3.5,防御,防御
2004-08-10,1098.586,1218.682085,-0.20413368927783593,0.164,,0.748,-1,-1,-1,0,0,-3.5,防御,防御
2004-08-11,1086.077,1218.490615,-0.2194105745837691,0.22,,0.8,-1,-1,-1,0,0,-3.5,防御,防御
2004-08-12,1074.817,1218.224205,-0.22450644959732413,0.276,,0.752,-1,-1,-1,0,0,-3.5,防御,防御
2004-08-13,1077.245,1218.008635,-0.22561363530168688,0.26,,0.452,-1,-1,-1,0,0,-3.5,防御,防御
2004-08-16,1067.596,1217.7239,-0.21456344322080223,0.228,,0.452,-1,-1,-1,0,0,-3.5,防御,防御
2004-08-17,1072.51,1217.3223,-0.20924653140791882,0.184,,0.456,-1,-1,-1,0,0,-3.5,防御,防御
2004-08-18,1071.827,1216.96287,-0.1937767875544778,0.212,,0.452,-1,-1,-1,0,0,-3.5,防御,防御
2004-08-19,1059.198,1216.5586899999998,-0.2071058184858776,0.264,,0.356,-1,-1,-1,0,0,-3.5,防御,防御
2004-08-20,1060.229,1216.207555,-0.21558067785825785,0.28,,0.336,-1,-1,-1,0,0,-3.5,防御,防御
2004-08-23,1047.212,1215.79009,-0.23388596502779258,0.12,,0.324,-1,-1,-1,0,0,-3.5,防御,防御
2004-08-24,1059.42,1215.471075,-0.22283988926007592,0.376,,0.38,-1,-1,0,0,0,-2.5,防御,防御
2004-08-25,1055.526,1215.19471,-0.21300760877264258,0.124,,0.376,-1,-1,-1,0,0,-3.5,防御,防御
2004-08-26,1050.995,1214.8916,-0.22139752031339832,0.072,,0.276,-1,-1,-1,0,1,-2.0,防御,防御
2004-08-27,1039.238,1214.47039,-0.2254653968897521,0.136,,0.268,-1,-1,-1,0,1,-2.0,防御,防御
2004-08-30,1038.344,1213.93627,-0.21176106205439016,0.076,,0.264,-1,-1,-1,0,1,-2.0,防御,防御
2004-08-31,1055.97,1213.521555,-0.19647198567609736,0.496,,0.368,-1,-1,0,0,0,-2.5,防御,防御
2004-09-01,1040.055,1213.127235,-0.2267185828285584,0.108,,0.148,-1,-1,-1,0,1,-2.0,防御,防御
2004-09-02,1045.369,1212.8351949999999,-0.23012527957945073,0.284,,0.132,-1,-1,-1,0,1,-2.0,防御,防御
2004-09-03,1043.537,1212.512745,-0.23185406996173752,0.212,,0.128,-1,-1,-1,0,1,-2.0,防御,防御
2004-09-06,1039.668,1212.166635,-0.25186302418693285,0.06,,0.112,-1,-1,-1,0,1,-2.0,防御,防御
2004-09-07,1041.485,1211.92753,-0.25361106233852804,0.068,,0.108,-1,-1,-1,0,1,-2.0,防御,防御
2004-09-08,1031.606,1211.6270200000001,-0.26209337940811883,0.24,,0.104,-1,-1,-1,0,1,-2.0,防御,防御
2004-09-09,1012.556,1211.18972,-0.26207309189943173,0.248,,0.16,-1,-1,-1,0,1,-2.0,防御,防御
2004-09-10,1015.151,1210.78575,-0.27154698253623244,0.076,,0.16,-1,-1,-1,0,1,-2.0,防御,防御
2004-09-13,993.263,1210.34708,-0.2902983101711264,0.14,,0.248,-1,-1,-1,0,1,-2.0,防御,防御
2004-09-14,1023.406,1209.973855,-0.2634823536185158,0.516,,0.596,-1,-1,0,0,0,-2.5,防御,防御
2004-09-15,1066.282,1209.659605,-0.23032913855753034,0.956,,1.0,-1,-1,1,0,-1,-3.0,防御,防御
2004-09-16,1077.915,1209.471835,-0.22220610710157296,0.836,,0.996,-1,-1,1,0,-1,-3.0,防御,防御
2004-09-17,1112.767,1209.297725,-0.19741402129281627,0.972,,1.0,-1,-1,1,0,-1,-3.0,防御,防御
2004-09-20,1152.126,1209.30064,-0.1600743602828607,1.0,,1.0,-1,-1,1,0,-1,-3.0,防御,防御
2004-09-21,1143.458,1209.241605,-0.16660556583620545,0.992,,1.0,-1,-1,1,0,-1,-3.0,防御,防御
2004-09-22,1120.108,1209.162055,-0.1912309000876563,0.956,,1.0,-1,-1,1,0,-1,-3.0,防御,防御
2004-09-23,1157.928,1209.23682,-0.17091402746034745,0.812,,1.0,-1,-1,1,0,-1,-3.0,防御,防御
2004-09-24,1135.973,1209.07415,-0.1920062194238924,0.996,,1.0,-1,-1,1,0,-1,-3.0,防御,防御
2004-09-27,1128.048,1208.87238,-0.19538363873692022,0.736,,1.0,-1,-1,1,0,-1,-3.0,防御,防御
2004-09-28,1136.339,1208.69173,-0.1943303734752856,0.548,,0.992,-1,-1,0,0,-1,-4.0,防御,防御
2004-09-29,1124.008,1208.418505,-0.20213746136711774,0.52,,0.988,-1,-1,0,0,-1,-4.0,防御,防御
2004-09-30,1109.324,1208.08182,-0.2091909513384579,0.516,,0.996,-1,-1,0,0,-1,-4.0,防御,防御
2004-10-08,1131.915,1207.9192600000001,-0.1739510872262231,0.516,,1.0,-1,-1,0,0,-1,-4.0,防御,防御
2004-10-11,1126.332,1207.704535,-0.17465546893376538,0.796,,1.0,-1,-1,1,0,-1,-3.0,防御,防御
2004-10-12,1103.547,1207.29889,-0.1848703308391747,0.588,,1.0,-1,-1,0,0,-1,-4.0,防御,防御
2004-10-13,1104.178,1206.89661,-0.1710842107238706,0.52,,0.996,-1,-1,0,0,-1,-4.0,防御,防御
2004-10-14,1060.127,1206.28171,-0.19617440016013932,0.588,,1.0,-1,-1,0,0,-1,-4.0,防御,防御
2004-10-15,1061.642,1205.66655,-0.20242178919104914,0.48,,1.0,-1,-1,0,0,-1,-4.0,防御,防御
2004-10-18,1063.472,1205.09216,-0.18942806489624253,0.292,,0.992,-1,-1,-1,0,-1,-5.0,防御,防御
2004-10-19,1066.636,1204.57828,-0.18019562119644672,0.44,,0.984,-1,-1,0,0,-1,-4.0,防御,防御
2004-10-20,1062.902,1204.025805,-0.17582390315541996,0.392,,0.944,-1,-1,0,0,-1,-4.0,防御,防御
2004-10-21,1049.968,1203.457445,-0.190111343800499,0.572,,0.944,-1,-1,0,0,-1,-4.0,防御,防御
2004-10-22,1063.143,1202.795975,-0.1670162429572195,0.612,,0.924,-1,-1,0,0,-1,-4.0,防御,防御
2004-10-25,1049.19,1202.03652,-0.17836186096703943,0.588,,0.916,-1,-1,0,0,-1,-4.0,防御,防御
2004-10-26,1059.254,1201.271125,-0.16221060091241002,0.572,,0.916,-1,-1,0,0,-1,-4.0,防御,防御
2004-10-27,1069.685,1200.5742500000001,-0.14976965484789917,0.724,,0.912,-1,-1,1,0,-1,-3.0,防御,防御
2004-10-28,1068.678,1199.875025,-0.13369163424124497,0.664,,0.784,-1,-1,0,0,0,-2.5,防御,防御
2004-10-29,1050.299,1199.13025,-0.15279337269706061,0.6,,0.756,-1,-1,0,0,0,-2.5,防御,防御
2004-11-01,1038.428,1198.2869,-0.13936677534796515,0.372,,0.776,-1,-1,0,0,0,-2.5,防御,防御
2004-11-02,1035.733,1197.4918449999998,-0.14584005113085796,0.316,,0.728,-1,-1,0,0,0,-2.5,防御,防御
2004-11-03,1054.693,1196.742245,-0.14945210384382146,0.436,,0.876,-1,-1,0,0,-1,-4.0,防御,防御
2004-11-04,1032.723,1195.7035250000001,-0.16350121256008132,0.476,,0.892,-1,-1,0,0,-1,-4.0,防御,防御
2004-11-05,1033.804,1194.6168699999998,-0.14367812759626952,0.24,,0.74,-1,-1,-1,0,0,-3.5,防御,防御
2004-11-08,1034.805,1193.4595550000001,-0.13419132873545525,0.068,,0.756,-1,-1,-1,0,0,-3.5,防御,防御
2004-11-09,1037.21,1192.223915,-0.14252456785622458,0.04,,0.628,-1,-1,-1,0,0,-3.5,防御,防御
2004-11-10,1076.281,1191.27329,-0.11020197936637455,0.796,,0.904,-1,-1,1,0,-1,-3.0,防御,防御
2004-11-11,1070.271,1190.151225,-0.10937886167495903,0.876,,0.636,-1,-1,1,0,0,-1.5,防御,防御
2004-11-12,1072.619,1189.0484,-0.11296107468245875,0.516,,0.636,-1,-1,0,0,0,-2.5,防御,防御
2004-11-15,1084.706,1188.0821250000001,-0.09667227131494383,0.476,,0.708,-1,-1,0,0,0,-2.5,防御,防御
2004-11-16,1084.652,1187.137305,-0.07901762060673567,0.476,,0.704,-1,-1,0,0,0,-2.5,防御,防御
2004-11-17,1074.394,1186.0877950000001,-0.09181555908514949,0.368,,0.748,-1,-1,0,0,0,-2.5,防御,防御
2004-11-18,1085.034,1184.95323,-0.1022998605092158,0.344,,0.692,-1,-1,0,0,0,-2.5,防御,防御
2004-11-19,1091.371,1184.0034150000001,-0.09182663862909934,0.48,,0.604,-1,-1,0,0,0,-2.5,防御,防御
2004-11-22,1094.351,1182.938835,-0.09321029033650641,0.552,,0.516,-1,-1,0,0,0,-2.5,防御,防御
2004-11-23,1084.879,1181.7582499999999,-0.11373697517778303,0.54,,0.536,-1,-1,0,0,0,-2.5,防御,防御
2004-11-24,1077.671,1180.402285,-0.11078261816669577,0.54,,0.528,-1,-1,0,0,0,-2.5,防御,防御
2004-11-25,1076.343,1179.014745,-0.0982033489896561,0.428,,0.528,-1,-1,0,0,0,-2.5,防御,防御
2004-11-26,1074.986,1177.65357,-0.09875282534189145,0.252,,0.388,-1,-1,-1,0,0,-3.5,防御,防御
2004-11-29,1061.352,1176.116125,-0.09769158768064612,0.232,,0.396,-1,-1,-1,0,0,-3.5,防御,防御
2004-11-30,1062.814,1174.614885,-0.084042398246707,0.184,,0.384,-1,-1,-1,0,0,-3.5,防御,防御
2004-12-01,1058.15,1173.13189,-0.06979585880483075,0.208,,0.26,-1,-1,-1,0,1,-2.0,防御,防御
2004-12-02,1056.061,1171.6839049999999,-0.07323235425753183,0.392,,0.18,-1,-1,0,0,1,-1.0,中性,防御
2004-12-03,1058.334,1170.2639,-0.07206662177517775,0.452,,0.184,-1,-1,0,0,1,-1.0,中性,防御
2004-12-06,1060.254,1168.69867,-0.049445672696758036,0.284,,0.188,-1,0,-1,0,1,-0.75,中性,防御
2004-12-07,1048.181,1167.03775,-0.07640950992952655,0.26,,0.22,-1,-1,-1,0,1,-2.0,防御,防御
2004-12-08,1049.176,1165.326855,-0.08055171664360405,0.14,,0.004,-1,-1,-1,0,1,-2.0,防御,防御
2004-12-09,1059.531,1163.69462,-0.05102803035188408,0.536,,0.008,-1,-1,0,0,1,-1.0,中性,防御
2004-12-10,1043.554,1161.956915,-0.054240381800665705,0.324,,0.012,-1,-1,0,0,1,-1.0,中性,防御
2004-12-13,1037.452,1160.34798,-0.0648454872988875,0.136,,0.012,-1,-1,-1,0,1,-2.0,防御,防御
2004-12-14,1034.293,1158.7378749999998,-0.07642680210950814,0.092,,0.012,-1,-1,-1,0,1,-2.0,防御,防御
2004-12-15,1037.883,1157.28008,-0.06523890881809635,0.352,,0.012,-1,-1,0,0,1,-1.0,中性,防御
2004-12-16,1033.272,1155.7671249999999,-0.060578978328089006,0.188,,0.004,-1,-1,-1,0,1,-2.0,防御,防御
2004-12-17,1022.996,1154.124055,-0.054495645856863284,0.08,,0.004,-1,-1,-1,0,1,-2.0,防御,防御
2004-12-20,1009.373,1152.33635,-0.056225023515529604,0.1,,0.012,-1,-1,-1,0,1,-2.0,防御,防御
2004-12-21,1008.119,1150.560975,-0.07052996587735572,0.036,,0.012,-1,-1,-1,0,1,-2.0,防御,防御
2004-12-22,1034.033,1149.025065,-0.041217077659865486,0.468,,0.124,-1,0,0,0,1,0.25,中性,防御
2004-12-23,1015.51,1147.3533750000001,-0.08709093671368551,0.152,,0.176,-1,-1,-1,0,1,-2.0,防御,防御
2004-12-24,1016.398,1145.726575,-0.08838731955387924,0.056,,0.18,-1,-1,-1,0,1,-2.0,防御,防御
2004-12-27,1012.445,1144.20232,-0.09312926364365959,0.06,,0.168,-1,-1,-1,0,1,-2.0,防御,防御
2004-12-28,1010.697,1142.6849699999998,-0.09862532596558948,0.096,,0.16,-1,-1,-1,0,1,-2.0,防御,防御
2004-12-29,1005.527,1140.9876599999998,-0.09462878525945773,0.2,,0.168,-1,-1,-1,0,1,-2.0,防御,防御
2004-12-30,1003.989,1139.21839,-0.09796527847033365,0.208,,0.172,-1,-1,-1,0,1,-2.0,防御,防御
2004-12-31,1000.0,1137.42582,-0.09658826558498168,0.152,,0.152,-1,-1,-1,0,1,-2.0,防御,防御
2005-01-04,982.794,1135.39141,-0.09267544207877199,0.136,,0.208,-1,-1,-1,0,1,-2.0,防御,防御
2005-01-05,992.564,1133.377405,-0.08672221123190249,0.2,,0.228,-1,-1,-1,0,1,-2.0,防御,防御
2005-01-06,983.174,1131.30319,-0.09699397214678096,0.104,,0.236,-1,-1,-1,0,1,-2.0,防御,防御
2005-01-07,983.958,1129.362165,-0.10873934676138841,0.24,,0.196,-1,-1,-1,0,1,-2.0,防御,防御
2005-01-10,993.879,1127.363705,-0.12263428904863083,0.064,,0.204,-1,-1,-1,0,1,-2.0,防御,防御
2005-01-11,997.135,1125.3516300000001,-0.12108054554381176,0.1,,0.208,-1,-1,-1,0,1,-2.0,防御,防御
2005-01-12,996.748,1123.38777,-0.11469113827810518,0.028,,0.208,-1,-1,-1,0,1,-2.0,防御,防御
2005-01-13,996.877,1121.445285,-0.11440823266664424,0.232,,0.188,-1,-1,-1,0,1,-2.0,防御,防御
2005-01-14,988.306,1119.4575049999999,-0.09978785982535088,0.316,,0.216,-1,-1,0,0,1,-1.0,中性,防御
2005-01-17,967.452,1117.36238,-0.1217748019015994,0.328,,0.272,-1,-1,0,0,1,-1.0,中性,防御
2005-01-18,974.689,1115.377325,-0.10354300871542255,0.356,,0.272,-1,-1,0,0,1,-1.0,中性,防御
2005-01-19,967.21,1113.3531300000002,-0.10724405989304009,0.284,,0.28,-1,-1,-1,0,1,-2.0,防御,防御
2005-01-20,956.245,1111.209585,-0.1223245098759086,0.368,,0.068,-1,-1,0,0,1,-1.0,中性,防御
2005-01-21,982.604,1109.139445,-0.11009475921667633,0.676,,0.276,-1,-1,0,0,1,-1.0,中性,防御
2005-01-24,998.133,1107.10052,-0.08316883703798272,0.72,,0.316,-1,-1,1,0,0,-1.5,防御,防御
2005-01-25,997.775,1105.0795449999998,-0.07660450696404608,0.472,,0.312,-1,-1,0,0,0,-2.5,防御,防御
2005-01-26,989.928,1102.977045,-0.07792131581815298,0.308,,0.332,-1,-1,0,0,0,-2.5,防御,防御
2005-01-27,974.631,1100.8063300000001,-0.11682287452052509,0.288,,0.392,-1,-1,-1,0,0,-3.5,防御,防御
2005-01-28,969.209,1098.63852,-0.10984888144347893,0.156,,0.408,-1,-1,-1,0,0,-3.5,防御,防御
2005-01-31,954.879,1096.561535,-0.12254822231472617,0.268,,0.488,-1,-1,-1,0,0,-3.5,防御,防御
2005-02-01,955.951,1094.517885,-0.1257710481865678,0.292,,0.38,-1,-1,-1,0,0,-3.5,防御,防御
2005-02-02,1006.913,1092.7833,-0.08344635740852335,0.772,,0.916,-1,-1,1,0,-1,-3.0,防御,防御
2005-02-03,993.215,1091.089,-0.08550222498036508,0.8,,0.916,-1,-1,1,0,-1,-3.0,防御,防御
2005-02-04,1016.858,1089.57903,-0.05392452854765051,0.704,,0.92,-1,-1,1,0,-1,-3.0,防御,防御
2005-02-16,1023.584,1088.04154,-0.04981318084558295,0.648,,0.916,-1,0,0,0,-1,-2.75,防御,防御
2005-02-17,1020.606,1086.58456,-0.04401477712542945,0.46,,0.916,-1,0,0,0,-1,-2.75,防御,防御
2005-02-18,1006.055,1085.109405,-0.06196212622726127,0.42,,0.92,-1,-1,0,0,-1,-4.0,防御,防御
2005-02-21,1025.633,1083.7893,-0.04309837315163734,0.528,,0.932,-1,0,0,0,-1,-2.75,防御,防御
2005-02-22,1046.744,1082.540845,-0.011757952715167663,0.872,,0.932,-1,0,1,0,-1,-1.75,防御,防御
2005-02-23,1043.944,1081.3790299999998,-0.015359889231477464,0.908,,0.908,-1,0,1,0,-1,-1.75,防御,防御
2005-02-24,1045.46,1080.221585,-0.0016730136782237004,0.808,,0.904,-1,0,1,0,-1,-1.75,防御,防御
2005-02-25,1046.761,1079.1336700000002,-0.011948990957316385,0.912,,0.9,-1,0,1,0,-1,-1.75,防御,防御
2005-02-28,1039.989,1078.043055,-0.01471967530880347,0.74,,0.884,-1,0,1,0,-1,-1.75,防御,防御
2005-03-01,1035.934,1077.054725,-0.01433022992497579,0.632,,0.872,-1,0,0,0,-1,-2.75,防御,防御
2005-03-02,1021.32,1075.962725,-0.017241478852774828,0.788,,0.872,-1,0,1,0,-1,-1.75,防御,防御
2005-03-03,1027.71,1075.068345,-0.010241307312412906,0.552,,0.876,-1,0,0,0,-1,-2.75,防御,防御
2005-03-04,1023.667,1074.123805,-0.030590831178916034,0.448,,0.864,-1,0,0,0,-1,-2.75,防御,防御
2005-03-07,1029.871,1073.07308,-0.009791789857267141,0.432,,0.852,-1,0,0,0,-1,-2.75,防御,防御
2005-03-08,1048.987,1072.145125,0.0034609788505304273,0.784,,0.852,-1,0,1,0,-1,-1.75,防御,防御
2005-03-09,1046.544,1071.3415400000001,0.002881546126299428,0.864,,0.836,-1,0,1,0,-1,-1.75,防御,防御
2005-03-10,1022.413,1070.47766,-0.016596644313376818,0.772,,0.88,-1,0,1,0,-1,-1.75,防御,防御
2005-03-11,1027.429,1069.5667600000002,-0.013496113722233027,0.692,,0.54,-1,0,0,0,0,-1.25,中性,防御
2005-03-14,1031.026,1068.673995,-0.0005622301537602237,0.816,,0.484,-1,0,1,0,0,-0.25,中性,防御
2005-03-15,1013.523,1067.7330450000002,0.0009550089081493685,0.708,,0.38,-1,0,1,0,0,-0.25,中性,防御
2005-03-16,1003.065,1066.702305,-0.01190561798195533,0.628,,0.412,-1,0,0,0,0,-1.25,中性,防御
2005-03-17,992.863,1065.662675,-0.00040271307800654466,0.564,,0.452,-1,0,0,0,0,-1.25,中性,中性
2005-03-18,978.665,1064.6674400000002,-0.04371774251860938,0.536,,0.452,-1,0,0,0,0,-1.25,中性,中性
2005-03-21,981.893,1063.66184,-0.07914322852678735,0.344,,0.308,-1,-1,0,0,0,-2.5,防御,中性
2005-03-22,964.024,1062.4385499999999,-0.1056586094450861,0.704,,0.244,-1,-1,1,0,1,0.0,中性,中性
2005-03-23,959.01,1061.224995,-0.13817537723530626,0.62,,0.244,-1,-1,0,0,1,-1.0,中性,中性
2005-03-24,964.801,1060.014795,-0.16259072358405235,0.492,,0.256,-1,-1,0,0,1,-1.0,中性,中性
2005-03-25,962.955,1058.709045,-0.15785713161305448,0.316,,0.256,-1,-1,0,0,1,-1.0,中性,中性
2005-03-28,960.696,1057.452865,-0.14231841929528222,0.264,,0.256,-1,-1,-1,0,1,-2.0,防御,中性
2005-03-29,955.19,1056.261045,-0.17508687932237588,0.28,,0.26,-1,-1,-1,0,1,-2.0,防御,中性
2005-03-30,937.034,1054.982335,-0.17512652149302843,0.5,,0.304,-1,-1,0,0,0,-2.5,防御,中性
2005-03-31,942.203,1053.812035,-0.16474919506971342,0.416,,0.304,-1,-1,0,0,0,-2.5,防御,中性
2005-04-01,978.145,1052.9011050000001,-0.1392137381538432,0.88,,0.8,-1,-1,1,0,0,-1.5,防御,防御
2005-04-04,962.168,1052.0242150000001,-0.14398474032213293,0.68,,0.808,-1,-1,0,0,-1,-4.0,防御,防御
2005-04-05,955.598,1051.104655,-0.13857628609856099,0.52,,0.712,-1,-1,0,0,0,-2.5,防御,防御
2005-04-06,973.668,1050.270355,-0.13980466731159136,0.796,,0.808,-1,-1,1,0,-1,-3.0,防御,防御
2005-04-07,984.733,1049.61699,-0.12571692893392017,0.952,,0.776,-1,-1,1,0,0,-1.5,防御,防御
2005-04-08,1003.445,1048.959725,-0.09070932185036062,0.832,,0.812,-1,-1,1,0,-1,-3.0,防御,防御
2005-04-11,995.421,1048.231365,-0.09849589468364706,0.868,,0.812,-1,-1,1,0,-1,-3.0,防御,防御
2005-04-12,978.697,1047.54233,-0.07681155182350785,0.612,,0.808,-1,-1,0,0,-1,-4.0,防御,防御
2005-04-13,1000.9,1047.029815,-0.05721514408812012,0.876,,0.812,-1,-1,1,0,-1,-3.0,防御,防御
2005-04-14,986.975,1046.417735,-0.07193137195901722,0.764,,0.816,-1,-1,1,0,-1,-3.0,防御,防御
2005-04-15,974.082,1045.688735,-0.08677186969125361,0.724,,0.808,-1,-1,1,0,-1,-3.0,防御,防御
2005-04-18,963.772,1044.9560000000001,-0.09326353699588485,0.528,,0.82,-1,-1,0,0,-1,-4.0,防御,防御
2005-04-19,965.886,1044.2859150000002,-0.08008053578775742,0.46,,0.796,-1,-1,0,0,0,-2.5,防御,防御
2005-04-20,950.867,1043.63046,-0.10560761816613573,0.496,,0.8,-1,-1,0,0,0,-2.5,防御,防御
2005-04-21,943.981,1043.002835,-0.10027640370190338,0.644,,0.796,-1,-1,0,0,0,-2.5,防御,防御
2005-04-22,939.101,1042.275255,-0.113431717038595,0.692,,0.804,-1,-1,0,0,-1,-4.0,防御,防御
2005-04-25,930.07,1041.53318,-0.13051973244459814,0.692,,0.816,-1,-1,0,0,-1,-4.0,防御,防御
2005-04-26,937.083,1040.65665,-0.12313812018213166,0.72,,0.82,-1,-1,1,0,-1,-3.0,防御,防御
2005-04-27,926.604,1039.714945,-0.11777122514636307,0.7,,0.776,-1,-1,0,0,0,-2.5,防御,防御
2005-04-28,942.073,1038.84323,-0.09278929304679773,0.852,,0.82,-1,-1,1,0,-1,-3.0,防御,防御
2005-04-29,932.395,1037.898785,-0.09977281789804904,0.736,,0.588,-1,-1,1,0,0,-1.5,防御,防御
2005-05-09,909.174,1036.891535,-0.13797285086750366,0.456,,0.704,-1,-1,0,0,0,-2.5,防御,防御
2005-05-10,913.076,1035.89178,-0.11585584905148805,0.632,,0.712,-1,-1,0,0,0,-2.5,防御,防御
2005-05-11,901.851,1034.8664600000002,-0.1276383144193678,0.472,,0.544,-1,-1,0,0,0,-2.5,防御,防御
2005-05-12,885.82,1033.87967,-0.1439739854368698,0.576,,0.52,-1,-1,0,0,0,-2.5,防御,防御
2005-05-13,887.543,1032.8833100000002,-0.14429768320783642,0.676,,0.372,-1,-1,0,0,0,-2.5,防御,防御
2005-05-16,875.271,1031.81577,-0.18676349392026803,0.4,,0.396,-1,-1,0,0,0,-2.5,防御,防御
2005-05-17,881.462,1030.703045,-0.1764123292138159,0.536,,0.412,-1,-1,0,0,0,-2.5,防御,防御
2005-05-18,883.196,1029.45503,-0.17659858719638555,0.412,,0.192,-1,-1,0,0,1,-1.0,中性,防御
2005-05-19,884.171,1028.20338,-0.18487497994848356,0.44,,0.176,-1,-1,0,0,1,-1.0,中性,防御
2005-05-20,882.763,1026.987815,-0.18613251070389392,0.328,,0.156,-1,-1,0,0,1,-1.0,中性,防御
2005-05-23,863.341,1025.67621,-0.1964391089302434,0.32,,0.256,-1,-1,0,0,1,-1.0,中性,防御
2005-05-24,868.456,1024.5291949999998,-0.19960480501071864,0.484,,0.268,-1,-1,0,0,1,-1.0,中性,中性
2005-05-25,868.451,1023.3634549999999,-0.20425684757978735,0.34,,0.256,-1,-1,0,0,1,-1.0,中性,中性
2005-05-26,857.331,1022.21377,-0.21658498964226292,0.3,,0.272,-1,-1,0,0,1,-1.0,中性,中性
2005-05-27,849.508,1021.04432,-0.21695599232725482,0.384,,0.276,-1,-1,0,0,1,-1.0,中性,中性
2005-05-30,855.612,1019.8747799999999,-0.20605453798051543,0.2,,0.288,-1,-1,-1,0,1,-2.0,防御,中性
2005-05-31,855.946,1018.6336749999999,-0.20476465216013862,0.28,,0.276,-1,-1,-1,0,1,-2.0,防御,中性
2005-06-01,837.532,1017.3779499999999,-0.2208903185715907,0.38,,0.32,-1,-1,0,0,0,-2.5,防御,中性
2005-06-02,818.379,1016.067095,-0.2289278203649685,0.54,,0.284,-1,-1,0,0,1,-1.0,中性,中性
2005-06-03,818.033,1014.789345,-0.23031405307043384,0.372,,0.296,-1,-1,0,0,1,-1.0,中性,中性
2005-06-06,838.997,1013.466575,-0.20710957803714036,0.492,,0.46,-1,-1,0,0,0,-2.5,防御,中性
2005-06-07,837.282,1012.2089150000002,-0.20716511640899526,0.804,,0.44,-1,-1,1,0,0,-1.5,防御,中性
2005-06-08,905.773,1011.296575,-0.14415203517982034,0.992,,0.992,-1,-1,1,0,-1,-3.0,防御,中性
2005-06-09,912.604,1010.3922,-0.1392590832008178,0.992,,0.984,-1,-1,1,0,-1,-3.0,防御,中性
2005-06-10,894.556,1009.3720500000001,-0.1465634274996398,0.968,,0.992,-1,-1,1,0,-1,-3.0,防御,防御
2005-06-13,892.959,1008.40646,-0.14889494231663702,0.888,,0.984,-1,-1,1,0,-1,-3.0,防御,防御
2005-06-14,883.537,1007.4500599999999,-0.16610556935096743,0.872,,0.988,-1,-1,1,0,-1,-3.0,防御,防御
2005-06-15,866.834,1006.398005,-0.1693443750874417,0.772,,0.992,-1,-1,1,0,-1,-3.0,防御,防御
2005-06-16,879.237,1005.4562100000002,-0.15250344112305925,0.748,,1.0,-1,-1,1,0,-1,-3.0,防御,防御
2005-06-17,880.345,1004.495385,-0.1488437028965679,0.808,,0.996,-1,-1,1,0,-1,-3.0,防御,防御
2005-06-20,906.255,1003.6675250000001,-0.12682354369423143,0.924,,1.0,-1,-1,1,0,-1,-3.0,防御,防御
2005-06-21,896.166,1002.852365,-0.1326911016653891,0.764,,1.0,-1,-1,1,0,-1,-3.0,防御,防御
2005-06-22,900.646,1002.05445,-0.11959968562926937,0.564,,1.0,-1,-1,0,0,-1,-4.0,防御,防御
2005-06-23,893.572,1001.28625,-0.1147256762366341,0.52,,0.992,-1,-1,0,0,-1,-4.0,防御,防御
2005-06-24,898.301,1000.480655,-0.10893356835849732,0.488,,0.984,-1,-1,0,0,-1,-4.0,防御,防御
2005-06-27,916.043,999.78324,-0.11410660975036568,0.924,,0.996,-1,-1,1,0,-1,-3.0,防御,防御
2005-06-28,903.716,999.0468450000001,-0.11008655749327922,0.64,,1.0,-1,-1,0,0,-1,-4.0,防御,防御
2005-06-29,898.898,998.3451449999999,-0.1156043203548216,0.64,,0.972,-1,-1,0,0,-1,-4.0,防御,防御
2005-06-30,878.686,997.546855,-0.1321148309290875,0.676,,0.968,-1,-1,0,0,-1,-4.0,防御,防御
2005-07-01,859.494,996.5644749999999,-0.1496026999189668,0.66,,1.0,-1,-1,0,0,-1,-4.0,防御,防御
2005-07-04,855.932,995.64386,-0.14877273310413353,0.54,,0.972,-1,-1,0,0,-1,-4.0,防御,防御
2005-07-05,849.679,994.66541,-0.15369690305371875,0.4,,0.976,-1,-1,0,0,-1,-4.0,防御,防御
2005-07-06,842.556,993.660505,-0.15744399999999992,0.252,,0.628,-1,-1,-1,0,0,-3.5,防御,防御
2005-07-07,844.729,992.68581,-0.14048213562557355,0.176,,0.608,-1,-1,-1,0,0,-3.5,防御,防御
2005-07-08,829.489,991.62583,-0.1642967103380738,0.384,,0.596,-1,-1,0,0,0,-2.5,防御,防御
2005-07-11,824.097,990.588285,-0.16179943733255764,0.48,,0.596,-1,-1,0,0,0,-2.5,防御,防御
2005-07-12,851.816,989.7845849999999,-0.13429638256917464,0.864,,0.74,-1,-1,1,0,0,-1.5,防御,防御
2005-07-13,846.231,988.939985,-0.1485573193517521,0.576,,0.684,-1,-1,0,0,0,-2.5,防御,防御
2005-07-14,849.59,988.2216199999999,-0.14796893098727848,0.556,,0.676,-1,-1,0,0,0,-2.5,防御,防御
2005-07-15,841.001,987.3095950000002,-0.1562551417208764,0.564,,0.676,-1,-1,0,0,0,-2.5,防御,防御
2005-07-18,832.995,986.1431600000001,-0.16439540685561005,0.428,,0.524,-1,-1,0,0,0,-2.5,防御,防御
2005-07-19,835.608,984.931625,-0.15450477888427272,0.312,,0.512,-1,-1,0,0,0,-2.5,防御,防御
2005-07-20,842.641,983.5809949999999,-0.12901001806807988,0.396,,0.548,-1,-1,0,0,0,-2.5,防御,防御
2005-07-21,843.987,982.0403000000001,-0.134096106552962,0.46,,0.54,-1,-1,0,0,0,-2.5,防御,防御
2005-07-22,859.693,980.621475,-0.11116200204712534,0.96,,0.636,-1,-1,1,0,0,-1.5,防御,防御
2005-07-25,856.86,979.3052349999999,-0.1039325695820632,0.704,,0.476,-1,-1,1,0,0,-1.5,防御,防御
2005-07-26,876.48,977.897995,-0.10800281700461223,0.96,,0.636,-1,-1,1,0,0,-1.5,防御,防御
2005-07-27,894.012,976.6881900000001,-0.10431575751928857,0.936,,0.668,-1,-1,1,0,0,-1.5,防御,防御
2005-07-28,890.885,975.502375,-0.10712836060234021,0.952,,0.616,-1,-1,1,0,0,-1.5,防御,防御
2005-07-29,888.164,974.2615,-0.10279939551159278,0.816,,0.448,-1,-1,1,0,0,-1.5,防御,防御
2005-08-01,891.607,973.099495,-0.0851850597815994,0.72,,0.448,-1,-1,1,0,0,-1.5,防御,防御
2005-08-02,903.598,972.070865,-0.06769540934927343,0.86,,0.452,-1,-1,1,0,0,-1.5,防御,防御
2005-08-03,909.57,970.9591399999999,-0.047449991045985906,0.972,,0.432,-1,0,1,0,0,-0.25,中性,防御
2005-08-04,904.15,969.8482300000001,-0.05418792385802207,0.868,,0.452,-1,-1,1,0,0,-1.5,防御,防御
2005-08-05,923.803,968.94951,-0.08253940509259494,0.956,,0.428,-1,-1,1,0,0,-1.5,防御,防御
2005-08-08,927.471,968.0659749999999,-0.06619312032138058,0.964,,0.396,-1,-1,1,0,0,-1.5,防御,防御
2005-08-09,933.089,967.430785,-0.0823802340149754,0.952,,0.176,-1,-1,1,0,1,0.0,中性,防御
2005-08-10,940.37,966.8244249999999,-0.08129669865883005,0.968,,0.136,-1,-1,1,0,1,0.0,中性,防御
2005-08-11,953.992,966.277025,-0.06526906563355495,0.98,,0.156,-1,-1,1,0,1,0.0,中性,防御
2005-08-12,938.316,965.635425,-0.06733130892446226,0.988,,0.26,-1,-1,1,0,1,0.0,中性,防御
2005-08-15,954.502,965.093425,-0.06935326768931971,0.952,,0.212,-1,-1,1,0,1,0.0,中性,中性
2005-08-16,945.058,964.5688749999999,-0.09714505170318621,0.972,,0.32,-1,-1,1,0,0,-1.5,防御,中性
2005-08-17,953.012,964.01822,-0.08710428911895662,0.964,,0.32,-1,-1,1,0,0,-1.5,防御,中性
2005-08-18,920.671,963.375625,-0.11936276854207717,1.0,,0.636,-1,-1,1,0,0,-1.5,防御,中性
2005-08-19,923.038,962.694545,-0.11819603519810151,0.952,,0.6,-1,-1,1,0,0,-1.5,防御,中性
2005-08-22,931.673,962.0044849999999,-0.10415110159818997,0.884,,0.596,-1,-1,1,0,0,-1.5,防御,防御
2005-08-23,923.414,961.2781650000001,-0.10861695822320727,0.856,,0.528,-1,-1,1,0,0,-1.5,防御,防御
2005-08-24,930.651,960.679925,-0.088776289507696,0.864,,0.456,-1,-1,1,0,0,-1.5,防御,防御
2005-08-25,930.118,960.138375,-0.09496064064765353,0.896,,0.448,-1,-1,1,0,0,-1.5,防御,防御
2005-08-26,928.258,959.6010000000001,-0.09320316079350022,0.9,,0.444,-1,-1,1,0,0,-1.5,防御,防御
2005-08-29,917.371,958.9143900000001,-0.1092369821074679,0.9,,0.488,-1,-1,1,0,0,-1.5,防御,防御
2005-08-30,914.88,958.3251749999998,-0.1278442916833098,0.772,,0.46,-1,-1,1,0,0,-1.5,防御,防御
2005-08-31,927.916,957.7957350000001,-0.11335213808497302,0.836,,0.488,-1,-1,1,0,0,-1.5,防御,防御
2005-09-01,944.559,957.3445049999999,-0.07614731033349542,0.968,,0.556,-1,-1,1,0,0,-1.5,防御,防御
2005-09-02,947.871,956.89781,-0.07743406113707141,0.924,,0.428,-1,-1,1,0,0,-1.5,防御,防御
2005-09-05,952.717,956.2799900000001,-0.07595249780315927,0.904,,0.428,-1,-1,1,0,0,-1.5,防御,防御
2005-09-06,936.61,955.611685,-0.07588678303304419,0.964,,0.52,-1,-1,1,0,0,-1.5,防御,防御
2005-09-07,952.758,955.01238,-0.05015328019619869,0.916,,0.588,-1,-1,1,0,0,-1.5,防御,防御
2005-09-08,955.282,954.36526,-0.037851143611958515,0.928,,0.52,0,0,1,0,0,1.0,中性,防御
2005-09-09,949.065,953.687325,-0.030245283115264088,0.82,,0.448,-1,0,1,0,0,-0.25,中性,防御
2005-09-12,949.506,953.0628849999999,-0.032984245737570195,0.684,,0.388,-1,0,0,0,0,-1.25,中性,防御
2005-09-13,963.774,952.456585,-0.0002593296432453762,0.888,,0.392,0,0,1,0,0,1.0,中性,防御
2005-09-14,970.193,951.850695,0.011660983722797447,0.948,,0.388,0,0,1,0,0,1.0,中性,中性
2005-09-15,969.598,951.22693,0.004972009771963215,0.896,,0.072,0,0,1,0,1,2.5,进攻,中性
2005-09-16,967.495,950.6400100000001,0.004714654371180238,0.808,,0.088,0,0,1,0,1,2.5,进攻,中性
2005-09-19,971.136,950.107335,0.010867121337030605,0.864,,0.06,0,0,1,0,1,2.5,进攻,中性
2005-09-20,961.919,949.535215,0.00704467174070067,0.948,,0.06,0,0,1,0,1,2.5,进攻,中性
2005-09-21,944.408,948.882325,0.00786951167193517,0.936,,0.176,-1,0,1,0,1,1.25,中性,中性
2005-09-22,923.274,948.191935,-0.020090150424059372,0.896,,0.296,-1,0,1,0,1,1.25,中性,中性
2005-09-23,916.154,947.4586350000001,-0.06337608432287645,0.716,,0.308,-1,-1,1,0,0,-1.5,防御,中性
2005-09-26,918.485,946.7603099999999,-0.04540059532223062,0.564,,0.292,-1,0,0,0,1,0.25,中性,中性
2005-09-27,904.214,946.001075,-0.053771565030483415,0.7,,0.336,-1,-1,0,0,0,-2.5,防御,中性
2005-09-28,903.719,945.2280000000001,-0.07184070956424571,0.576,,0.292,-1,-1,0,0,1,-1.0,中性,中性
2005-09-29,915.975,944.5066050000001,-0.06982400305463499,0.716,,0.268,-1,-1,1,0,1,0.0,中性,中性
2005-09-30,917.392,943.85266,-0.08575756518792754,0.564,,0.26,-1,-1,0,0,1,-1.0,中性,中性
2005-10-10,907.321,943.143385,-0.08850526561123384,0.364,,0.284,-1,-1,0,0,1,-1.0,中性,中性
2005-10-11,919.72,942.44433,-0.060260734425465645,0.456,,0.284,-1,-1,0,0,1,-1.0,中性,中性
2005-10-12,923.485,941.843985,-0.07734538914976519,0.728,,0.16,-1,-1,1,0,1,0.0,中性,中性
2005-10-13,916.499,941.23922,-0.07140606398338356,0.652,,0.18,-1,-1,0,0,1,-1.0,中性,中性
2005-10-14,904.828,940.591895,-0.07109668385207824,0.596,,0.212,-1,-1,0,0,1,-1.0,中性,中性
2005-10-17,897.623,939.8905950000001,-0.06863552790494021,0.592,,0.224,-1,-1,0,0,1,-1.0,中性,中性
2005-10-18,902.366,939.236065,-0.06576345448634724,0.752,,0.128,-1,-1,1,0,1,0.0,中性,中性
2005-10-19,898.744,938.6148049999999,-0.05481628871335309,0.748,,0.088,-1,-1,1,0,1,0.0,中性,中性
2005-10-20,899.915,938.067515,-0.04668102430027732,0.672,,0.092,-1,0,0,0,1,0.25,中性,中性
2005-10-21,904.414,937.54899,-0.03693638916367892,0.708,,0.132,-1,0,1,0,1,1.25,中性,中性
2005-10-24,906.652,936.9120849999999,-0.02517874998656011,0.664,,0.12,-1,0,0,0,1,0.25,中性,中性
2005-10-25,894.272,936.305895,-0.04568538752703866,0.644,,0.148,-1,0,0,0,1,0.25,中性,中性
2005-10-26,875.82,935.6030049999999,-0.05480658404237404,0.768,,0.18,-1,-1,1,0,1,0.0,中性,中性
2005-10-27,875.849,934.920025,-0.07029603862970268,0.656,,0.052,-1,-1,0,0,1,-1.0,中性,中性
2005-10-28,867.729,934.205185,-0.06935472626944583,0.696,,0.056,-1,-1,0,0,1,-1.0,中性,中性
2005-10-31,876.282,933.5589600000001,-0.03617789334054866,0.56,,0.096,-1,0,0,0,1,0.25,中性,中性
2005-11-01,872.865,932.9033400000001,-0.044039050418585135,0.508,,0.052,-1,0,0,0,1,0.25,中性,中性
2005-11-02,882.478,932.31573,-0.021481375526556046,0.74,,0.1,-1,0,1,0,1,1.25,中性,中性
2005-11-03,874.575,931.7746350000001,-0.012694452597593164,0.628,,0.052,-1,0,0,0,1,0.25,中性,中性
2005-11-04,878.361,931.2036199999999,-0.010345414250351848,0.404,,0.06,-1,0,0,0,1,0.25,中性,中性
2005-11-07,877.278,930.6741400000001,0.002293004109584329,0.372,,0.048,-1,0,0,0,1,0.25,中性,中性
2005-11-08,881.524,930.16197,7.033768897590775e-05,0.596,,0.044,-1,0,0,0,1,0.25,中性,中性
2005-11-09,879.252,929.588835,-0.004465599934782349,0.632,,0.044,-1,0,0,0,1,0.25,中性,中性
2005-11-10,862.968,928.918,-0.023980655325723244,0.616,,0.056,-1,0,0,0,1,0.25,中性,中性
2005-11-11,864.79,928.25821,-0.020359938058119864,0.392,,0.056,-1,0,0,0,1,0.25,中性,中性
2005-11-14,862.149,927.58457,-0.001380682719805959,0.124,,0.052,-1,0,-1,0,1,-0.75,中性,中性
2005-11-15,856.635,926.9262150000001,-0.0136115128457861,0.372,,0.052,-1,0,0,0,1,0.25,中性,中性
2005-11-16,863.119,926.40455,-0.0061396670623904415,0.404,,0.068,-1,0,0,0,1,0.25,中性,中性
2005-11-17,862.658,925.8443950000001,0.006213469476783251,0.36,,0.068,-1,0,0,0,1,0.25,中性,中性
2005-11-18,882.241,925.4195499999998,0.03853171482787676,0.828,,0.24,-1,0,1,0,1,1.25,中性,中性
2005-11-21,883.871,925.05768,0.033027821021678117,0.596,,0.24,-1,0,0,0,1,0.25,中性,中性
2005-11-22,869.617,924.492745,0.015971801959469234,0.552,,0.292,-1,0,0,0,1,0.25,中性,中性
2005-11-23,876.229,923.8832249999999,0.04620360774274901,0.4,,0.144,-1,0,0,0,1,0.25,中性,中性
2005-11-24,881.493,923.301815,0.07712074723325024,0.668,,0.148,-1,1,0,0,1,1.5,进攻,中性
2005-11-25,884.105,922.7726999999999,0.08076935771539784,0.596,,0.108,-1,1,0,0,1,1.5,进攻,中性
2005-11-28,880.167,922.30038,0.049070497272338365,0.424,,0.096,-1,0,0,0,1,0.25,中性,中性
2005-11-29,871.31,921.810885,0.040641026559749216,0.352,,0.128,-1,0,0,0,1,0.25,中性,中性
2005-11-30,873.825,921.405615,-0.03527153050488363,0.264,,0.088,-1,0,-1,0,1,-0.75,中性,中性
2005-12-01,873.067,920.9911950000001,-0.043323281510929235,0.096,,0.076,-1,0,-1,0,1,-0.75,中性,中性
2005-12-02,869.936,920.30631,-0.02752203327684344,0.248,,0.076,-1,0,-1,0,1,-0.75,中性,中性
2005-12-05,859.61,919.638285,-0.037346619497647615,0.32,,0.116,-1,0,0,0,1,0.25,中性,中性
2005-12-06,866.075,918.8843700000001,-0.019763745038408165,0.3,,0.124,-1,0,0,0,1,0.25,中性,中性
2005-12-07,873.838,918.13564,0.00807997840416963,0.232,,0.18,-1,0,-1,0,1,-0.75,中性,中性
2005-12-08,874.056,917.4028900000001,-0.005892609159987461,0.232,,0.056,-1,0,-1,0,1,-0.75,中性,中性
2005-12-09,887.358,916.809405,0.007966195071250404,0.484,,0.108,-1,0,0,0,1,0.25,中性,中性
2005-12-12,888.518,916.12383,-0.01957175408687395,0.368,,0.1,-1,0,0,0,1,0.25,中性,中性
2005-12-13,889.101,915.335615,-0.007883584068130278,0.324,,0.088,-1,0,0,0,1,0.25,中性,中性
2005-12-14,898.153,914.6066600000001,-0.0027680131816495424,0.58,,0.1,-1,0,0,0,1,0.25,中性,中性
2005-12-15,896.434,913.8615299999999,0.003202875649639836,0.64,,0.104,-1,0,0,0,1,0.25,中性,中性
2005-12-16,902.561,913.14053,0.004742285714921746,0.416,,0.044,-1,0,0,0,1,0.25,中性,中性
2005-12-19,902.91,912.455135,-0.014336663235241187,0.376,,0.044,-1,0,0,0,1,0.25,中性,中性
2005-12-20,907.318,911.8120550000001,0.003985765439584954,0.348,,0.02,-1,0,0,0,1,0.25,中性,中性
2005-12-21,903.144,911.2211750000001,0.0047235615164344935,0.384,,0.024,-1,0,0,0,1,0.25,中性,中性
2005-12-22,908.754,910.626395,0.03421927742105835,0.284,,0.028,-1,0,-1,0,1,-0.75,中性,中性
2005-12-23,915.89,910.0875100000001,0.06561535042711175,0.54,,0.032,0,1,0,0,1,2.75,进攻,中性
2005-12-26,922.378,909.5500450000001,0.07762999864475217,0.744,,0.032,0,1,1,0,1,3.75,进攻,中性
2005-12-27,919.36,908.9019099999999,0.08200861737197229,0.612,,0.008,0,1,0,0,1,2.75,进攻,中性
2005-12-28,920.919,908.2737849999999,0.09300628088815444,0.552,,0.008,0,1,0,0,1,2.75,进攻,中性
2005-12-29,932.031,907.821875,0.10334912143421127,0.816,,0.016,0,1,1,0,1,3.75,进攻,进攻
2005-12-30,923.451,907.301985,0.11327696931484321,0.792,,0.036,0,1,1,0,1,3.75,进攻,进攻
2006-01-04,941.428,906.8539949999999,0.14237523010034026,0.844,,0.04,0,1,1,0,1,3.75,进攻,进攻
2006-01-05,959.134,906.58205,0.1259873024221192,0.928,,0.044,0,1,1,0,1,3.75,进攻,进攻
2006-01-06,970.032,906.4168849999999,0.14629693310691771,0.98,,0.048,0,1,1,0,1,3.75,进攻,进攻
2006-01-09,975.253,906.3288349999999,0.14791016843418592,0.916,,0.044,0,1,1,0,1,3.75,进攻,进攻
2006-01-10,978.154,906.32628,0.16308304032932197,0.888,,0.044,0,1,1,0,1,3.75,进攻,进攻
2006-01-11,973.477,906.2842000000002,0.16864687062947548,0.936,,0.048,0,1,1,0,1,3.75,进攻,进攻
2006-01-12,983.716,906.38266,0.1772457898919111,0.884,,0.052,0,1,1,0,1,3.75,进攻,进攻
2006-01-13,978.809,906.481655,0.16159669420310663,0.896,,0.076,0,1,1,0,1,3.75,进攻,进攻
2006-01-16,961.439,906.464845,0.13916328095100994,0.856,,0.16,0,1,1,0,1,3.75,进攻,进攻
2006-01-17,964.29,906.47152,0.12166785119804402,0.752,,0.156,0,1,1,0,1,3.75,进攻,进攻
2006-01-18,983.622,906.5861500000001,0.1479378194804284,0.868,,0.252,0,1,1,0,1,3.75,进攻,进攻
2006-01-19,991.222,906.7663100000001,0.13091228550565903,0.968,,0.252,0,1,1,0,1,3.75,进攻,进攻
2006-01-20,993.34,907.04784,0.11110365408965439,0.964,,0.236,0,1,1,0,1,3.75,进攻,进攻
2006-01-23,996.162,907.317635,0.11817125667173656,0.908,,0.24,0,1,1,0,1,3.75,进攻,进攻
2006-01-24,999.093,907.422375,0.12489697848595527,0.912,,0.228,0,1,1,0,1,3.75,进攻,进攻
2006-01-25,1009.597,907.6595199999999,0.1323340888979112,0.848,,0.252,0,1,1,0,1,3.75,进攻,进攻
2006-02-06,1033.234,908.0476999999998,0.14346645300233063,0.904,,0.356,0,1,1,0,0,2.25,进攻,进攻
2006-02-07,1029.937,908.329045,0.13233396000307818,0.984,,0.372,1,1,1,0,0,3.5,进攻,进攻
2006-02-08,1033.072,908.5707400000001,0.1425891721506387,0.952,,0.372,1,1,1,0,0,3.5,进攻,进攻
2006-02-09,1019.599,908.65151,0.10369743332723536,0.892,,0.404,1,1,1,0,0,3.5,进攻,进攻
2006-02-10,1032.337,908.83609,0.11306660801254154,0.828,,0.352,1,1,1,0,0,3.5,进攻,进攻
2006-02-13,1031.614,909.100675,0.10559014199074257,0.824,,0.268,1,1,1,0,1,5.0,进攻,进攻
2006-02-14,1038.531,909.28883,0.1043855078320235,0.752,,0.256,1,1,1,0,1,5.0,进攻,进攻
2006-02-15,1041.66,909.562255,0.09189594881298802,0.904,,0.256,1,1,1,0,1,5.0,进攻,进攻
2006-02-16,1020.121,909.7924499999999,0.08718278277254132,0.948,,0.476,1,1,1,0,0,3.5,进攻,进攻
2006-02-17,1020.368,910.0754299999999,0.06900561758906743,0.808,,0.444,1,1,1,0,0,3.5,进攻,进攻
2006-02-20,1021.639,910.354195,0.0810331217766529,0.708,,0.424,1,1,1,0,0,3.5,进攻,进攻
2006-02-21,1038.816,910.79394,0.0900345431117342,0.824,,0.488,1,1,1,0,0,3.5,进攻,进攻
2006-02-22,1037.885,911.26346,0.12731366579375258,0.86,,0.3,1,1,1,0,0,3.5,进攻,进攻
2006-02-23,1041.373,911.7748200000001,0.1282016558364878,0.74,,0.3,1,1,1,0,0,3.5,进攻,进攻
2006-02-24,1049.444,912.37169,0.12640808524020763,0.744,,0.204,1,1,1,0,1,5.0,进攻,进攻
2006-02-27,1047.845,912.9255,0.13475104341064803,0.832,,0.204,1,1,1,0,1,5.0,进攻,进攻
2006-02-28,1053.01,913.5575299999999,0.1314767834558821,0.74,,0.216,1,1,1,0,1,5.0,进攻,进攻
2006-03-01,1056.619,914.1302600000001,0.13600532405565735,0.736,,0.22,1,1,1,0,1,5.0,进攻,进攻
2006-03-02,1038.666,914.661615,0.1189410702627931,0.856,,0.412,1,1,1,0,0,3.5,进攻,进攻
2006-03-03,1041.677,915.32413,0.13550243031445275,0.776,,0.356,1,1,1,0,0,3.5,进攻,进攻
2006-03-06,1038.873,915.9531149999999,0.13552924973767055,0.664,,0.124,1,1,0,0,1,4.0,进攻,进攻
2006-03-07,1014.973,916.518725,0.09381991473366114,0.712,,0.376,1,1,1,0,0,3.5,进攻,进攻
2006-03-08,1009.271,917.13598,0.068510278341533,0.656,,0.388,1,1,0,0,0,2.5,进攻,进攻
2006-03-09,1004.344,917.7199849999998,0.05957878234485503,0.46,,0.316,1,1,0,0,0,2.5,进攻,进攻
2006-03-10,1008.897,918.3881150000001,0.058968193073074326,0.384,,0.244,1,1,0,0,1,4.0,进攻,进攻
2006-03-13,1019.864,919.0801250000001,0.08888865162661097,0.364,,0.316,1,1,0,0,0,2.5,进攻,进攻
2006-03-14,1018.272,919.7555050000001,0.0687624769353814,0.44,,0.292,1,1,0,0,1,4.0,进攻,进攻
2006-03-15,1028.958,920.4794400000001,0.07712486993369505,0.584,,0.336,1,1,0,0,0,2.5,进攻,进攻
2006-03-16,1027.616,921.203705,0.0827667230379372,0.576,,0.132,1,1,0,0,1,4.0,进攻,进攻
2006-03-17,1024.015,922.0070749999999,0.07847133140812179,0.608,,0.14,1,1,0,0,1,4.0,进攻,进攻
2006-03-20,1037.659,922.8530900000001,0.07666216353626476,0.664,,0.24,1,1,0,0,1,4.0,进攻,进攻
2006-03-21,1040.757,923.71462,0.07273192034986864,0.764,,0.1,1,1,1,0,1,5.0,进攻,进攻
2006-03-22,1047.666,924.6662950000001,0.08051584264819023,0.696,,0.116,1,1,0,0,1,4.0,进攻,进攻
2006-03-23,1048.537,925.66144,0.08376477397816018,0.78,,0.116,1,1,1,0,1,5.0,进攻,进攻
2006-03-24,1042.601,926.596385,0.07358907506260715,0.76,,0.108,1,1,1,0,1,5.0,进攻,进攻
2006-03-27,1050.707,927.5701900000001,0.09230299016861099,0.656,,0.132,1,1,0,0,1,4.0,进攻,进攻
2006-03-28,1055.982,928.6624400000001,0.11814173535167005,0.772,,0.136,1,1,1,0,1,5.0,进攻,进攻
2006-03-29,1065.294,929.897015,0.15382215896906026,0.972,,0.176,1,1,1,0,1,5.0,进攻,进攻
2006-03-30,1055.634,931.08502,0.15224514655832966,0.792,,0.088,1,1,1,0,1,5.0,进攻,进攻
2006-03-31,1061.088,932.195475,0.1552589318279558,0.804,,0.092,1,1,1,0,1,5.0,进攻,进攻
2006-04-03,1079.322,933.4056749999999,0.19365769607637118,0.944,,0.204,1,1,1,0,1,5.0,进攻,进攻
2006-04-04,1089.371,934.323665,0.2054311129897679,0.98,,0.044,1,1,1,0,1,5.0,进攻,进攻
2006-04-05,1099.97,935.2604950000001,0.2008733862823766,0.98,,0.044,1,1,1,0,1,5.0,进攻,进攻
2006-04-06,1103.237,936.3039,0.20257970420496374,0.996,,0.016,1,1,1,0,1,5.0,进攻,进攻
2006-04-07,1103.154,937.354875,0.215836512105418,0.988,,0.032,1,1,1,0,1,5.0,进攻,进攻
2006-04-10,1117.91,938.5267400000001,0.21548949680337492,0.992,,0.044,1,1,1,0,1,5.0,进攻,进攻
2006-04-11,1123.308,939.80911,0.2163792590025826,0.996,,0.032,1,1,1,0,1,5.0,进攻,进攻
2006-04-12,1117.073,940.99829,0.21884802929408553,0.956,,0.06,1,1,1,0,1,5.0,进攻,进攻
2006-04-13,1093.925,942.0661899999999,0.20898668034145707,0.984,,0.164,1,1,1,0,1,5.0,进攻,进攻
2006-04-14,1118.607,943.1279500000002,0.24618798760726923,0.96,,0.352,1,1,1,0,0,3.5,进攻,进攻
2006-04-17,1124.414,944.2691900000001,0.24607310115851,0.992,,0.312,1,1,1,0,0,3.5,进攻,进攻
2006-04-18,1131.281,945.422365,0.25873552424272095,0.936,,0.32,1,1,1,0,0,3.5,进攻,进攻
2006-04-19,1138.241,946.64571,0.2648316785474183,0.968,,0.32,1,1,1,0,0,3.5,进攻,进攻
2006-04-20,1134.381,947.8261100000001,0.254271826840363,0.992,,0.34,1,1,1,0,0,3.5,进攻,进攻
2006-04-21,1149.158,948.991685,0.2674741797293778,0.996,,0.328,1,1,1,0,0,3.5,进攻,进攻
2006-04-24,1142.698,950.1865949999999,0.27779691190152445,1.0,,0.4,1,1,1,0,0,3.5,进攻,进攻
2006-04-25,1141.93,951.401755,0.303840971889201,0.98,,0.408,1,1,1,0,0,3.5,进攻,进攻
2006-04-26,1155.726,952.786955,0.3195493743784603,0.992,,0.428,1,1,1,0,0,3.5,进攻,进攻
2006-04-27,1155.268,954.2658250000001,0.3313695865875175,0.924,,0.332,1,1,1,0,0,3.5,进攻,进攻
2006-04-28,1172.347,955.8479000000001,0.3378649795385502,0.984,,0.408,1,1,1,0,0,3.5,进攻,进攻
2006-05-08,1218.445,957.6917300000001,0.3959146030600378,0.996,,0.696,1,1,1,0,0,3.5,进攻,进攻
2006-05-09,1251.611,959.7370050000001,0.4182914474921757,1.0,,0.772,1,1,1,0,0,3.5,进攻,进攻
2006-05-10,1265.933,961.843025,0.44748363490838394,0.996,,0.776,1,1,1,0,0,3.5,进攻,进攻
2006-05-11,1255.035,963.970755,0.42883734592041334,1.0,,0.828,1,1,1,0,-1,2.0,进攻,进攻
2006-05-12,1296.257,966.331555,0.47758977199929786,0.996,,0.888,1,1,1,0,-1,2.0,进攻,进攻
2006-05-15,1352.155,968.83325,0.5338833656258932,1.0,,0.92,1,1,1,0,-1,2.0,进攻,进攻
2006-05-16,1331.127,971.25773,0.5139311596675356,1.0,,0.92,1,1,1,0,-1,2.0,进攻,进攻
2006-05-17,1335.523,973.6873950000002,0.5475927264973903,0.988,,0.916,1,1,1,0,-1,2.0,进攻,进攻
2006-05-18,1331.201,976.1383950000001,0.5393344048844229,0.972,,0.908,1,1,1,0,-1,2.0,进攻,进攻
2006-05-19,1366.097,978.803905,0.5845254126606885,0.992,,0.908,1,1,1,0,-1,2.0,进攻,进攻
2006-05-22,1373.674,981.4942349999999,0.6035697817623609,0.992,,0.904,1,1,1,0,-1,2.0,进攻,进攻
2006-05-23,1317.654,983.8693000000001,0.5266191568022485,0.976,,0.92,1,1,1,0,-1,2.0,进攻,进攻
2006-05-24,1308.242,986.190575,0.5165245091333992,0.956,,0.92,1,1,1,0,-1,2.0,进攻,进攻
2006-05-25,1307.697,988.4305949999999,0.48224464743760476,0.9,,0.916,1,1,1,0,-1,2.0,进攻,进攻
2006-05-26,1331.02,990.8013950000001,0.5058984851861867,0.924,,0.92,1,1,1,0,-1,2.0,进攻,进攻
2006-05-29,1366.292,993.2504549999999,0.5711422384796985,0.948,,0.92,1,1,1,0,-1,2.0,进攻,进攻
2006-05-30,1378.756,995.6741750000001,0.5735110342159413,0.952,,0.916,1,1,1,0,-1,2.0,进攻,进攻
2006-05-31,1365.451,998.0470049999999,0.549020809013798,0.952,,0.92,1,1,1,0,-1,2.0,进攻,进攻
2006-06-01,1402.879,1000.62058,0.5867787197222047,0.968,,0.92,1,1,1,0,-1,2.0,进攻,进攻
2006-06-02,1390.116,1003.113125,0.5793775499422269,0.992,,0.92,1,1,1,0,-1,2.0,进攻,进攻
2006-06-05,1403.163,1005.61095,0.6104061700198553,0.96,,0.892,1,1,1,0,-1,2.0,进攻,进攻
2006-06-06,1399.142,1008.0588100000001,0.6011695705661888,0.944,,0.88,1,1,1,0,-1,2.0,进攻,进攻
2006-06-07,1320.233,1010.139225,0.5121783322471241,0.956,,0.992,1,1,1,0,-1,2.0,进攻,进攻
2006-06-08,1325.979,1012.150105,0.5242259200676831,0.928,,0.988,1,1,1,0,-1,2.0,进攻,进攻
2006-06-09,1294.185,1013.9836750000001,0.5055490280476029,0.9,,0.956,1,1,1,0,-1,2.0,进攻,进攻
2006-06-12,1297.67,1015.80658,0.49833443985797987,0.74,,0.904,1,1,1,0,-1,2.0,进攻,进攻
2006-06-13,1298.276,1017.5961100000001,0.4857170322187867,0.764,,0.9,1,1,1,0,-1,2.0,进攻,进攻
2006-06-14,1283.88,1019.2455500000001,0.468876136082814,0.76,,0.9,1,1,1,0,-1,2.0,进攻,进攻
2006-06-15,1285.385,1020.980895,0.4485528952237994,0.66,,0.9,1,1,0,0,-1,1.0,中性,进攻
2006-06-16,1318.01,1022.798435,0.4833801903844379,0.78,,0.892,1,1,1,0,-1,2.0,进攻,进攻
2006-06-19,1334.893,1024.74761,0.5013963542949564,0.8,,0.9,1,1,1,0,-1,2.0,进攻,进攻
2006-06-20,1338.223,1026.673665,0.48997219850070084,0.8,,0.844,1,1,1,0,-1,2.0,进攻,进攻
2006-06-21,1333.532,1028.7379700000001,0.4875964097747296,0.84,,0.844,1,1,1,0,-1,2.0,进攻,进攻
2006-06-22,1331.553,1030.780545,0.47530527022550273,0.756,,0.848,1,1,1,0,-1,2.0,进攻,进攻
2006-06-23,1339.446,1032.8194099999998,0.48347675848091165,0.796,,0.844,1,1,1,0,-1,2.0,进攻,进攻
2006-06-26,1363.413,1035.019405,0.502684835967103,0.836,,0.844,1,1,1,0,-1,2.0,进攻,进攻
2006-06-27,1363.896,1037.18563,0.5101644920411363,0.8,,0.844,1,1,1,0,-1,2.0,进攻,进攻
2006-06-28,1362.885,1039.349465,0.4997292996784608,0.76,,0.844,1,1,1,0,-1,2.0,进攻,进攻
2006-06-29,1395.124,1041.683795,0.5232440576925177,0.916,,0.844,1,1,1,0,-1,2.0,进攻,进攻
2006-06-30,1393.963,1044.066755,0.5112708672583257,0.904,,0.84,1,1,1,0,-1,2.0,进攻,进攻
2006-07-03,1420.328,1046.5939950000002,0.5449095022624433,0.896,,0.852,1,1,1,0,-1,2.0,进攻,进攻
2006-07-04,1411.013,1049.00948,0.532179268752192,0.924,,0.86,1,1,1,0,-1,2.0,进攻,进攻
2006-07-05,1393.009,1051.2517300000002,0.49459513685703604,0.944,,0.632,1,1,1,0,0,3.5,进攻,进攻
2006-07-06,1418.675,1053.60575,0.5362753410846921,0.896,,0.672,1,1,1,0,0,3.5,进攻,进攻
2006-07-07,1410.429,1055.89431,0.49818042378174443,0.888,,0.604,1,1,1,0,0,3.5,进攻,进攻
2006-07-10,1412.124,1058.27188,0.4722906288380977,0.804,,0.608,1,1,1,0,0,3.5,进攻,进攻
2006-07-11,1418.575,1060.600965,0.4624002094776254,0.812,,0.604,1,1,1,0,0,3.5,进攻,进攻
2006-07-12,1419.199,1062.9205499999998,0.4552111093224014,0.88,,0.556,1,1,1,0,0,3.5,进攻,进攻
2006-07-13,1346.088,1064.905665,0.3761514035622202,0.96,,0.86,1,1,1,0,-1,2.0,进攻,进攻
2006-07-14,1357.129,1066.94378,0.39410484274410185,0.828,,0.84,1,1,1,0,-1,2.0,进攻,进攻
2006-07-17,1372.254,1068.98618,0.3949696863728962,0.664,,0.84,1,1,0,0,-1,1.0,中性,进攻
2006-07-18,1373.416,1071.002295,0.4031501549331893,0.64,,0.836,1,1,0,0,-1,1.0,中性,进攻
2006-07-19,1336.644,1072.837525,0.3902535678290564,0.74,,0.868,1,1,1,0,-1,2.0,进攻,进攻
2006-07-20,1345.194,1074.72602,0.3950097999564446,0.584,,0.868,1,1,0,0,-1,1.0,中性,进攻
2006-07-21,1356.033,1076.650505,0.378611905793079,0.612,,0.868,1,1,0,0,-1,1.0,中性,进攻
2006-07-24,1358.122,1078.63152,0.37014916940907283,0.632,,0.848,1,1,0,0,-1,1.0,中性,进攻
2006-07-25,1374.17,1080.78033,0.38338333299776517,0.728,,0.856,1,1,1,0,-1,2.0,进攻,进攻
2006-07-26,1371.295,1083.020435,0.3765783075443552,0.624,,0.856,1,1,0,0,-1,1.0,中性,进攻
2006-07-27,1355.545,1085.21739,0.35677559546508686,0.748,,0.824,1,1,1,0,-1,2.0,进攻,进攻
2006-07-28,1341.393,1087.33193,0.32864202250997177,0.7,,0.828,1,1,0,0,-1,1.0,中性,进攻
2006-07-31,1294.328,1089.2825,0.25269590431596334,0.708,,0.864,1,1,1,0,-1,2.0,进攻,进攻
2006-08-01,1282.057,1091.17419,0.2447916717236105,0.656,,0.868,1,1,0,0,-1,1.0,中性,进攻
2006-08-02,1275.088,1092.969755,0.23426827946164464,0.528,,0.848,1,1,0,0,-1,1.0,中性,进攻
2006-08-03,1271.744,1094.741515,0.247298202528641,0.336,,0.812,1,1,0,0,-1,1.0,中性,进攻
2006-08-04,1241.908,1096.41445,0.20300638260568005,0.456,,0.828,1,1,0,0,-1,1.0,中性,进攻
2006-08-07,1224.102,1097.93636,0.18658916998024466,0.408,,0.824,1,1,0,0,-1,1.0,中性,中性
2006-08-08,1252.386,1099.5808650000001,0.2059206706395862,0.388,,0.884,1,1,0,0,-1,1.0,中性,中性
2006-08-09,1251.298,1101.25486,0.20125376802411532,0.34,,0.88,1,1,0,0,-1,1.0,中性,中性
2006-08-10,1271.473,1103.088085,0.2463943002839859,0.476,,0.772,1,1,0,0,0,2.5,进攻,中性
2006-08-11,1275.654,1104.97824,0.25019012748341773,0.388,,0.764,1,1,0,0,0,2.5,进攻,中性
2006-08-14,1245.721,1106.695015,0.2193357927800328,0.448,,0.772,1,1,0,0,0,2.5,进攻,中性
2006-08-15,1265.863,1108.53061,0.2185632489295506,0.308,,0.772,1,1,0,0,0,2.5,进攻,中性
2006-08-16,1283.567,1110.44887,0.2367140868207942,0.544,,0.768,1,1,0,0,0,2.5,进攻,进攻
2006-08-17,1271.627,1112.284935,0.22110617425264523,0.384,,0.764,1,1,0,0,0,2.5,进攻,进攻
2006-08-18,1267.866,1114.091005,0.20813116278715205,0.404,,0.756,1,1,0,0,0,2.5,进攻,进攻
2006-08-21,1270.562,1115.9724549999999,0.2125476573348155,0.38,,0.756,1,1,0,0,0,2.5,进攻,进攻
2006-08-22,1285.268,1118.019695,0.22056580659253,0.512,,0.748,1,1,0,0,0,2.5,进攻,进攻
2006-08-23,1285.68,1120.0688499999999,0.21678675094807143,0.528,,0.756,1,1,0,0,0,2.5,进攻,进攻
2006-08-24,1292.401,1122.1922100000002,0.2442893095566816,0.452,,0.74,1,1,0,0,0,2.5,进攻,进攻
2006-08-25,1295.437,1124.287985,0.2436071834167406,0.544,,0.732,1,1,0,0,0,2.5,进攻,进攻
2006-08-28,1325.894,1126.55313,0.276281123871734,0.792,,0.696,1,1,1,0,0,3.5,进攻,进攻
2006-08-29,1330.155,1128.7915150000001,0.3105323983987751,0.864,,0.68,1,1,1,0,0,3.5,进攻,进攻
2006-08-30,1334.671,1131.0919949999998,0.3224109282838803,0.636,,0.68,1,1,0,0,0,2.5,进攻,进攻
2006-08-31,1338.694,1133.3936600000002,0.3329038656077996,0.74,,0.676,1,1,1,0,0,3.5,进攻,进攻
2006-09-01,1318.099,1135.597765,0.30647528935064705,0.748,,0.624,1,1,1,0,0,3.5,进攻,进攻
2006-09-04,1337.243,1137.87636,0.3111973753363193,0.68,,0.608,1,1,0,0,0,2.5,进攻,进攻
2006-09-05,1340.682,1140.18351,0.3166246346752144,0.804,,0.564,1,1,1,0,0,3.5,进攻,进攻
2006-09-06,1346.367,1142.6005049999999,0.30847614771448373,0.692,,0.56,1,1,0,0,0,2.5,进攻,进攻
2006-09-07,1328.377,1144.91844,0.2926783934855044,0.624,,0.588,1,1,0,0,0,2.5,进攻,进攻
2006-09-08,1332.153,1147.26846,0.3009116077401208,0.472,,0.588,1,1,0,0,0,2.5,进攻,进攻
2006-09-11,1338.755,1149.67906,0.29016854284500004,0.596,,0.328,1,1,0,0,0,2.5,进攻,进攻
2006-09-12,1347.639,1152.10166,0.2948642190251902,0.764,,0.216,1,1,1,0,1,5.0,进攻,进攻
2006-09-13,1338.386,1154.4803,0.2774930178129289,0.836,,0.2,1,1,1,0,1,5.0,进攻,进攻
2006-09-14,1338.278,1156.760485,0.27632882769039147,0.7,,0.128,1,1,0,0,1,4.0,进攻,进攻
2006-09-15,1362.322,1159.15274,0.3066571008468242,0.864,,0.236,1,1,1,0,1,5.0,进攻,进攻
2006-09-18,1375.563,1161.68247,0.3091784864857663,0.852,,0.264,1,1,1,0,1,5.0,进攻,进攻
2006-09-19,1378.309,1164.19287,0.30523910445443203,0.836,,0.22,1,1,1,0,1,5.0,进攻,进攻
2006-09-20,1378.459,1166.6777,0.29397049077531645,0.764,,0.224,1,1,1,0,1,5.0,进攻,进攻
2006-09-21,1387.37,1169.194025,0.3142528565771847,0.776,,0.232,1,1,1,0,1,5.0,进攻,进攻
2006-09-22,1374.852,1171.66745,0.2957002623722067,0.848,,0.36,1,1,1,0,0,3.5,进攻,进攻
2006-09-25,1372.399,1174.172895,0.2715380581513209,0.78,,0.108,1,1,1,0,1,5.0,进攻,进攻
2006-09-26,1357.646,1176.592,0.24626596448776383,0.64,,0.144,1,1,0,0,1,4.0,进攻,进攻
2006-09-27,1371.117,1179.0822500000002,0.24650399556351532,0.544,,0.18,1,1,0,0,1,4.0,进攻,进攻
2006-09-28,1387.002,1181.6675799999998,0.25721127917210884,0.672,,0.28,1,1,0,0,1,4.0,进攻,进攻
2006-09-29,1403.265,1184.385855,0.27204814558982715,0.796,,0.124,1,1,1,0,1,5.0,进攻,进攻
2006-10-09,1436.074,1187.23585,0.284606095302842,0.908,,0.316,1,1,1,0,0,3.5,进攻,进攻
2006-10-10,1437.245,1190.052885,0.27947544217614384,0.92,,0.32,1,1,1,0,0,3.5,进攻,进攻
2006-10-11,1435.906,1192.862135,0.28541823139579936,0.872,,0.332,1,1,1,0,0,3.5,进攻,进攻
2006-10-12,1426.5,1195.557845,0.3040199282400531,0.908,,0.176,1,1,1,0,1,5.0,进攻,进攻
2006-10-13,1430.882,1198.269665,0.27916417472803245,0.8,,0.176,1,1,1,0,1,5.0,进攻,进攻
2006-10-16,1418.517,1200.916745,0.2615611331769261,0.84,,0.32,1,1,1,0,0,3.5,进攻,进攻
2006-10-17,1414.448,1203.49822,0.25030651093760103,0.728,,0.328,1,1,1,0,0,3.5,进攻,进攻
2006-10-18,1437.593,1206.204015,0.2629952707730614,0.688,,0.4,1,1,0,0,0,2.5,进攻,进攻
2006-10-19,1439.377,1208.8880949999998,0.26886557514626896,0.78,,0.392,1,1,1,0,0,3.5,进攻,进攻
2006-10-20,1440.182,1211.574455,0.2532497707016792,0.776,,0.192,1,1,1,0,1,5.0,进攻,进攻
2006-10-23,1408.715,1214.08144,0.232797292022914,0.82,,0.572,1,1,1,0,0,3.5,进攻,进攻
2006-10-24,1440.054,1216.7659899999999,0.26107029327541964,0.732,,0.668,1,1,1,0,0,3.5,进攻,进攻
2006-10-25,1446.825,1219.456345,0.2518754445257785,0.82,,0.668,1,1,1,0,0,3.5,进攻,进攻
2006-10-26,1456.095,1222.15737,0.2603958561996005,0.86,,0.66,1,1,1,0,0,3.5,进攻,进攻
2006-10-27,1439.05,1224.74073,0.227494931108281,0.98,,0.672,1,1,1,0,0,3.5,进攻,进攻
2006-10-30,1446.239,1227.375125,0.18695468404400706,0.824,,0.668,1,1,1,0,0,3.5,进攻,进攻
2006-10-31,1464.473,1230.092895,0.1700704132514015,0.828,,0.628,1,1,1,0,0,3.5,进攻,进攻
2006-11-01,1479.409,1232.829785,0.16863135726772271,0.84,,0.628,1,1,1,0,0,3.5,进攻,进攻
2006-11-02,1479.656,1235.61081,0.17897588513467744,0.884,,0.612,1,1,1,0,0,3.5,进攻,进攻
2006-11-03,1488.291,1238.345125,0.14814500519572893,0.868,,0.6,1,1,1,0,0,3.5,进攻,进攻
2006-11-06,1507.891,1241.08891,0.11517614474671922,0.86,,0.52,1,1,1,0,0,3.5,进攻,进攻
2006-11-07,1516.104,1243.8192700000002,0.1389626985253849,0.912,,0.524,1,1,1,0,0,3.5,进攻,进攻
2006-11-08,1498.173,1246.43387,0.1217874944871784,0.652,,0.584,1,1,0,0,0,2.5,进攻,进攻
2006-11-09,1524.714,1249.16667,0.14536722854024298,0.776,,0.6,1,1,1,0,0,3.5,进攻,进攻
2006-11-10,1504.062,1251.819595,0.10099209646167151,0.94,,0.672,1,1,1,0,0,3.5,进攻,进攻
2006-11-13,1475.779,1254.27991,0.07432986283499576,0.86,,0.68,1,1,1,0,0,3.5,进攻,进攻
2006-11-14,1493.776,1256.8547449999999,0.13366331373790086,0.744,,0.688,1,1,1,0,0,3.5,进攻,进攻
2006-11-15,1534.762,1259.72136,0.17314839303431628,0.8,,0.712,1,1,1,0,0,3.5,进攻,进攻
2006-11-16,1533.288,1262.56635,0.17251014569888912,0.94,,0.712,1,1,1,0,0,3.5,进攻,进攻
2006-11-17,1562.084,1265.45866,0.17359919460263562,0.836,,0.72,1,1,1,0,0,3.5,进攻,进攻
2006-11-20,1593.158,1268.4683400000001,0.16604503283339134,0.92,,0.676,1,1,1,0,0,3.5,进攻,进攻
2006-11-21,1612.249,1271.562885,0.16935048696070942,0.888,,0.656,1,1,1,0,0,3.5,进攻,进攻
2006-11-22,1624.028,1274.702215,0.18937113085713064,0.944,,0.656,1,1,1,0,0,3.5,进攻,进攻
2006-11-23,1634.914,1277.88132,0.1653991541679647,0.924,,0.656,1,1,1,0,0,3.5,进攻,进攻
2006-11-24,1636.58,1281.016235,0.17729743417096122,0.924,,0.636,1,1,1,0,0,3.5,进攻,进攻
2006-11-27,1651.801,1284.10907,0.17719822999893808,0.9,,0.636,1,1,1,0,0,3.5,进攻,进攻
2006-11-28,1644.014,1287.179455,0.175015831130793,0.884,,0.636,1,1,1,0,0,3.5,进攻,进攻
2006-11-29,1667.142,1290.3498049999998,0.26276346675170226,0.888,,0.636,1,1,1,0,0,3.5,进攻,进攻
2006-11-30,1714.358,1293.8236,0.29289981213880445,0.972,,0.68,1,1,1,0,0,3.5,进攻,进攻
2006-12-01,1729.224,1297.308035,0.3361490049722413,0.98,,0.672,1,1,1,0,0,3.5,进攻,进攻
2006-12-04,1780.736,1301.053645,0.372256428830134,0.992,,0.716,1,1,1,0,0,3.5,进攻,进攻
2006-12-05,1794.231,1304.8321449999999,0.38201045078242224,0.996,,0.712,1,1,1,0,0,3.5,进攻,进攻
2006-12-06,1779.411,1308.5209000000002,0.38596364146181883,1.0,,0.7,1,1,1,0,0,3.5,进攻,进攻
2006-12-07,1775.714,1312.298865,0.38146469734748734,0.996,,0.7,1,1,1,0,0,3.5,进攻,进攻
2006-12-08,1711.584,1315.754945,0.2986123018793485,0.976,,0.788,1,1,1,0,0,3.5,进攻,进攻
2006-12-11,1789.924,1319.59637,0.3408745120395418,0.896,,0.86,1,1,1,0,-1,2.0,进攻,进攻
2006-12-12,1802.788,1323.4162299999998,0.3471506617357496,0.94,,0.86,1,1,1,0,-1,2.0,进攻,进攻
2006-12-13,1803.856,1327.246085,0.3526904491230807,0.86,,0.82,1,1,1,0,-1,2.0,进攻,进攻
2006-12-14,1836.143,1331.219935,0.3789484909725711,0.868,,0.816,1,1,1,0,-1,2.0,进攻,进攻
2006-12-15,1867.636,1335.310895,0.3943346726930388,0.876,,0.812,1,1,1,0,-1,2.0,进攻,进攻
2006-12-18,1916.108,1339.65221,0.4053760672664848,0.972,,0.828,1,1,1,0,-1,2.0,进攻,进攻
2006-12-19,1921.444,1343.9943800000003,0.4087906995841326,0.976,,0.836,1,1,1,0,-1,2.0,进攻,进攻
2006-12-20,1936.547,1348.39402,0.4209173921497411,0.968,,0.832,1,1,1,0,-1,2.0,进攻,进攻
2006-12-21,1908.985,1352.7456149999998,0.36832639966053193,0.972,,0.88,1,1,1,0,-1,2.0,进攻,进攻
2006-12-22,1895.644,1357.01545,0.3598954922045994,0.924,,0.9,1,1,1,0,-1,2.0,进攻,进攻
2006-12-25,1939.104,1361.516605,0.36525084346714287,0.94,,0.904,1,1,1,0,-1,2.0,进攻,进攻
2006-12-26,1938.238,1366.13293,0.3736499947201055,0.924,,0.9,1,1,1,0,-1,2.0,进攻,进攻
2006-12-27,1982.877,1371.0009599999998,0.4234488075812861,0.92,,0.904,1,1,1,0,-1,2.0,进攻,进攻
2006-12-28,1979.933,1375.878905,0.39562126632244876,0.964,,0.884,1,1,1,0,-1,2.0,进攻,进攻
2006-12-29,2041.047,1381.0396550000003,0.4471107726798016,0.972,,0.908,1,1,1,0,-1,2.0,进攻,进攻
2007-01-04,2067.092,1386.2757950000002,0.4638176250810835,1.0,,0.888,1,1,1,0,-1,2.0,进攻,进攻
2007-01-05,2072.883,1391.5488500000001,0.4612431489346702,0.996,,0.888,1,1,1,0,-1,2.0,进攻,进攻
2007-01-08,2131.556,1397.0618399999998,0.5019429974231944,0.996,,0.892,1,1,1,0,-1,2.0,进攻,进攻
2007-01-09,2200.086,1402.92419,0.6344295469538395,0.996,,0.908,1,1,1,0,-1,2.0,进攻,进攻
2007-01-10,2255.966,1409.0839449999999,0.662307709878722,0.996,,0.688,1,1,1,0,0,3.5,进攻,进攻
2007-01-11,2231.629,1415.053795,0.6262506795389193,1.0,,0.636,1,1,1,0,0,3.5,进攻,进攻
2007-01-12,2173.747,1420.7187450000001,0.5827302142977802,0.984,,0.752,1,1,1,0,0,3.5,进攻,进攻
2007-01-15,2287.342,1426.917125,0.7112574477572189,0.964,,0.916,1,1,1,0,-1,2.0,进攻,进攻
2007-01-16,2353.874,1433.44381,0.7498398000585789,0.988,,0.92,1,1,1,0,-1,2.0,进攻,进攻
2007-01-17,2308.931,1439.77546,0.702710037292603,1.0,,0.952,1,1,1,0,-1,2.0,进攻,进攻
2007-01-18,2317.095,1446.1074,0.7061022500187757,0.988,,0.944,1,1,1,0,-1,2.0,进攻,进攻
2007-01-19,2396.093,1452.807955,0.7436656308899188,0.996,,0.96,1,1,1,0,-1,2.0,进攻,进攻
2007-01-22,2491.313,1459.93805,0.8167593406232794,1.0,,0.988,1,1,1,0,-1,2.0,进攻,进攻
2007-01-23,2508.13,1467.2005299999998,0.8502742439387847,1.0,,0.96,1,1,1,0,-1,2.0,进攻,进攻
2007-01-24,2536.428,1474.5772299999999,0.8908910364076745,0.984,,0.936,1,1,1,0,-1,2.0,进攻,进攻
2007-01-25,2452.831,1481.4447750000002,0.8950613754782406,0.972,,0.988,1,1,1,0,-1,2.0,进攻,进攻
2007-01-26,2512.922,1488.56253,0.9600704180859354,0.952,,0.984,1,1,1,0,-1,2.0,进攻,进攻
2007-01-29,2576.917,1495.9472649999998,1.0209718858619956,0.964,,0.988,1,1,1,0,-1,2.0,进攻,进攻
2007-01-30,2551.884,1503.1905000000002,1.0066019576266925,0.96,,0.988,1,1,1,0,-1,2.0,进攻,进攻
2007-01-31,2385.335,1509.601405,0.9207018555319719,0.968,,1.0,1,1,1,0,-1,2.0,进攻,进攻
2007-02-01,2395.172,1515.987715,0.9566768128799723,0.916,,0.996,1,1,1,0,-1,2.0,进攻,进攻
2007-02-02,2298.003,1521.86119,0.8348999429888231,0.884,,1.0,1,1,1,0,-1,2.0,进攻,进攻
2007-02-05,2271.797,1527.63481,0.8155523304600503,0.804,,0.996,1,1,1,0,-1,2.0,进攻,进攻
2007-02-06,2316.04,1533.745385,0.8215408427862803,0.884,,0.992,1,1,1,0,-1,2.0,进攻,进攻
2007-02-07,2369.787,1540.0012850000003,0.8577035779294384,0.916,,0.988,1,1,1,0,-1,2.0,进攻,进攻
2007-02-08,2410.601,1546.4322200000001,0.9351050516126806,0.904,,0.984,1,1,1,0,-1,2.0,进攻,进攻
2007-02-09,2397.245,1552.76204,0.893763385137254,0.86,,0.98,1,1,1,0,-1,2.0,进攻,进攻
2007-02-12,2485.392,1559.497795,0.9363165304187471,0.856,,0.968,1,1,1,0,-1,2.0,进攻,进攻
2007-02-13,2522.63,1566.4390399999997,0.9837814075982974,0.852,,0.964,1,1,1,0,-1,2.0,进攻,进攻
2007-02-14,2588.349,1573.6349949999997,1.0415004424757823,0.912,,0.96,1,1,1,0,-1,2.0,进攻,进攻
2007-02-15,2668.633,1581.26467,1.1003563777289105,0.936,,0.964,1,1,1,0,-1,2.0,进攻,进攻
2007-02-16,2676.735,1588.938695,1.0826279032855406,0.972,,0.952,1,1,1,0,-1,2.0,进攻,进攻
2007-02-26,2707.676,1596.698445,1.1060263829257666,0.952,,0.948,1,1,1,0,-1,2.0,进攻,进攻
2007-02-27,2457.492,1603.209565,0.9014934219332855,1.0,,1.0,1,1,1,0,-1,2.0,进攻,进攻
2007-02-28,2544.571,1610.070685,0.964256849233116,0.972,,1.0,1,1,1,0,-1,2.0,进攻,进攻
2007-03-01,2473.544,1616.3461799999998,0.8655669306897835,0.984,,0.996,1,1,1,0,-1,2.0,进攻,进攻
2007-03-02,2508.729,1622.63177,0.8860426040574219,0.884,,0.992,1,1,1,0,-1,2.0,进攻,进攻
2007-03-05,2475.606,1628.680135,0.8548436281300786,0.908,,0.984,1,1,1,0,-1,2.0,进攻,进攻
2007-03-06,2520.293,1635.0064250000003,0.882650553449855,0.788,,0.988,1,1,1,0,-1,2.0,进攻,进攻
2007-03-07,2589.436,1641.4723199999999,0.9645231503855176,0.856,,0.976,1,1,1,0,-1,2.0,进攻,进攻
2007-03-08,2627.63,1647.849695,0.9649607438588201,0.868,,0.976,1,1,1,0,-1,2.0,进攻,进攻
2007-03-09,2611.393,1654.2510249999998,0.9478093985001663,0.908,,0.948,1,1,1,0,-1,2.0,进攻,进攻
2007-03-12,2616.172,1660.65427,0.9431343756939974,0.888,,0.94,1,1,1,0,-1,2.0,进攻,进攻
2007-03-13,2640.169,1667.19911,0.9875148395372699,0.908,,0.928,1,1,1,0,-1,2.0,进攻,进攻
2007-03-14,2597.357,1673.35541,0.9497437606641279,0.948,,0.94,1,1,1,0,-1,2.0,进攻,进攻
2007-03-15,2645.546,1679.7147699999998,0.9761240854375892,0.88,,0.94,1,1,1,0,-1,2.0,进攻,进攻
2007-03-16,2604.226,1686.1476300000002,0.932435911991268,0.98,,0.948,1,1,1,0,-1,2.0,进攻,进攻
2007-03-19,2659.413,1692.9034850000003,0.9870299001932179,0.912,,0.912,1,1,1,0,-1,2.0,进攻,进攻
2007-03-20,2672.771,1699.728855,0.9971717386073746,0.844,,0.908,1,1,1,0,-1,2.0,进攻,进攻
2007-03-21,2702.597,1706.58674,0.9838166013614993,0.86,,0.9,1,1,1,0,-1,2.0,进攻,进攻
2007-03-22,2711.322,1713.3118900000002,0.9710634845514163,0.98,,0.88,1,1,1,0,-1,2.0,进攻,进攻
2007-03-23,2716.266,1719.9994400000003,0.9707235460263266,0.952,,0.876,1,1,1,0,-1,2.0,进攻,进攻
2007-03-26,2764.034,1726.992355,1.0051622862921565,0.972,,0.884,1,1,1,0,-1,2.0,进攻,进攻
2007-03-27,2784.023,1733.898075,1.0066910773622038,0.976,,0.516,1,1,1,0,0,3.5,进攻,进攻
2007-03-28,2797.649,1740.9357400000001,1.0348728444952617,1.0,,0.444,1,1,1,0,0,3.5,进攻,进攻
2007-03-29,2783.305,1747.8364500000002,1.0280581667576265,0.992,,0.364,1,1,1,0,0,3.5,进攻,进攻
2007-03-30,2781.784,1754.7496600000002,1.0489759480748297,0.808,,0.356,1,1,1,0,0,3.5,进攻,进攻
2007-04-02,2850.107,1762.3990300000003,1.0786752698712072,0.832,,0.34,1,1,1,0,0,3.5,进攻,进攻
2007-04-03,2888.115,1770.20971,1.0822716910285637,0.876,,0.32,1,1,1,0,0,3.5,进攻,进攻
2007-04-04,2911.821,1778.2978900000003,1.0750328697715683,0.916,,0.244,1,1,1,0,1,5.0,进攻,进攻
2007-04-05,2945.045,1786.5347649999999,1.050761311742988,0.924,,0.228,1,1,1,0,1,5.0,进攻,进攻
2007-04-06,2972.008,1794.903425,1.067850644810036,0.936,,0.212,1,1,1,0,1,5.0,进攻,进攻
2007-04-09,3038.172,1803.6748850000001,1.1158571661376162,0.98,,0.244,1,1,1,0,1,5.0,进攻,进攻
2007-04-10,3081.568,1812.6558000000002,1.1602299334034352,0.988,,0.252,1,1,1,0,1,5.0,进攻,进攻
2007-04-11,3121.319,1821.672345,1.1813951115465846,0.984,,0.168,1,1,1,0,1,5.0,进攻,进攻
2007-04-12,3176.437,1830.8800650000003,1.239266078587708,0.968,,0.164,1,1,1,0,1,5.0,进攻,进攻
2007-04-13,3169.233,1840.0351150000001,1.2406147133015848,0.992,,0.032,1,1,1,0,1,5.0,进攻,进攻
2007-04-16,3255.998,1849.647445,1.264895558061287,0.96,,0.044,1,1,1,0,1,5.0,进攻,进攻
2007-04-17,3283.604,1859.4077,1.2812675206009265,0.992,,0.04,1,1,1,0,1,5.0,进攻,进攻
2007-04-18,3304.501,1869.2329750000001,1.2945023615070874,0.984,,0.04,1,1,1,0,1,5.0,进攻,进攻
2007-04-19,3150.303,1878.1674249999999,1.2362954891514608,1.0,,0.496,1,1,1,0,0,3.5,进攻,进攻
2007-04-20,3289.282,1887.794355,1.2841379559377635,0.96,,0.636,1,1,1,0,0,3.5,进攻,进攻
2007-04-23,3431.318,1898.13652,1.3716192352219516,0.992,,0.724,1,1,1,0,0,3.5,进攻,进攻
2007-04-24,3445.196,1908.38688,1.3660516655850063,1.0,,0.724,1,1,1,0,0,3.5,进攻,进攻
2007-04-25,3448.281,1918.65847,1.3962204231958584,0.976,,0.736,1,1,1,0,0,3.5,进攻,进攻
2007-04-26,3493.581,1929.024735,1.4156318561454917,0.872,,0.704,1,1,1,0,0,3.5,进攻,进攻
2007-04-27,3470.523,1939.322285,1.3698101637927094,0.932,,0.716,1,1,1,0,0,3.5,进攻,进攻
2007-04-30,3558.709,1950.150785,1.405493680246639,0.952,,0.72,1,1,1,0,0,3.5,进攻,进攻
2007-05-08,3686.03,1961.48756,1.4911398325016085,0.976,,0.748,1,1,1,0,0,3.5,进攻,进攻
2007-05-09,3701.277,1972.9418000000003,1.486930983255291,1.0,,0.748,1,1,1,0,0,3.5,进攻,进攻
2007-05-10,3724.51,1984.5037300000001,1.470012752911185,0.988,,0.748,1,1,1,0,0,3.5,进攻,进攻
2007-05-11,3702.612,1995.923915,1.442188662519194,0.932,,0.772,1,1,1,0,0,3.5,进攻,进攻
2007-05-14,3734.42,2007.5000199999997,1.4926493802785128,0.928,,0.752,1,1,1,0,0,3.5,进攻,进攻
2007-05-15,3604.636,2018.7927599999998,1.3641391106791176,0.964,,0.836,1,1,1,0,-1,2.0,进攻,进攻
2007-05-16,3700.287,2030.5085499999998,1.4601957898012183,0.9,,0.836,1,1,1,0,-1,2.0,进攻,进攻
2007-05-17,3778.605,2042.5403050000002,1.560413856004185,0.92,,0.836,1,1,1,0,-1,2.0,进攻,进攻
2007-05-18,3776.629,2054.55637,1.5282431904114135,0.888,,0.832,1,1,1,0,-1,2.0,进攻,进攻
2007-05-21,3831.443,2067.030365,1.4964411420142016,0.96,,0.824,1,1,1,0,-1,2.0,进攻,进攻
2007-05-22,3870.489,2079.65684,1.5243065881947815,0.992,,0.824,1,1,1,0,-1,2.0,进攻,进攻
2007-05-23,3938.945,2092.5714000000003,1.5215961497589117,0.972,,0.824,1,1,1,0,-1,2.0,进攻,进攻
2007-05-24,3919.748,2105.3795299999997,1.460363629972671,0.996,,0.652,1,1,1,0,0,3.5,进攻,进攻
2007-05-25,3985.252,2118.43494,1.4718588753970385,0.944,,0.556,1,1,1,0,0,3.5,进攻,进攻
2007-05-28,4072.578,2131.941355,1.5077018376530456,0.992,,0.424,1,1,1,0,0,3.5,进攻,进攻
2007-05-29,4168.289,2146.005075,1.5495463369938722,0.976,,0.444,1,1,1,0,0,3.5,进攻,进攻
2007-05-30,3886.459,2158.7304050000002,1.3747442838113626,0.996,,0.852,1,1,1,0,-1,2.0,进攻,进攻
2007-05-31,3927.952,2171.898525,1.3779813670048635,0.976,,0.848,1,1,1,0,-1,2.0,进攻,进攻
2007-06-01,3803.954,2184.5080099999996,1.3138209285322389,0.944,,0.864,1,1,1,0,-1,2.0,进攻,进攻
2007-06-04,3511.431,2195.689725,1.1062578952482753,0.78,,0.96,1,1,1,0,-1,2.0,进攻,进攻
2007-06-05,3634.633,2207.5041699999997,1.120113185227356,0.932,,0.956,1,1,1,0,-1,2.0,进攻,进攻
2007-06-06,3677.58,2219.68253,1.1267227380605407,0.888,,0.96,1,1,1,0,-1,2.0,进攻,进攻
2007-06-07,3802.304,2232.57354,1.135242955721679,0.88,,0.976,1,1,1,0,-1,2.0,进攻,进攻
2007-06-08,3837.867,2245.500945,1.139003840642593,0.852,,0.972,1,1,1,0,-1,2.0,进攻,进攻
2007-06-11,3931.862,2258.903765,1.209642404143843,0.844,,0.976,1,1,1,0,-1,2.0,进攻,进攻
2007-06-12,4036.109,2272.7269450000003,1.2729499232421437,0.9,,0.956,1,1,1,0,-1,2.0,进攻,进攻
2007-06-13,4118.268,2286.9400149999997,1.406115037298783,0.956,,0.948,1,1,1,0,-1,2.0,进攻,进攻
2007-06-14,4075.821,2301.090515,1.2770916530534255,0.848,,0.944,1,1,1,0,-1,2.0,进攻,进攻
2007-06-15,4099.381,2315.258105,1.2739118520868788,0.688,,0.94,1,1,0,0,-1,1.0,中性,进攻
2007-06-18,4227.569,2329.978115,1.3436288705972097,0.812,,0.964,1,1,1,0,-1,2.0,进攻,进攻
2007-06-19,4253.0,2344.88498,1.316268395217584,0.796,,0.96,1,1,1,0,-1,2.0,进攻,进攻
2007-06-20,4157.599,2359.333645,1.226129181489327,0.832,,0.972,1,1,1,0,-1,2.0,进攻,进攻
2007-06-21,4197.28,2373.967235,1.19052370743194,0.72,,0.968,1,1,1,0,-1,2.0,进攻,进攻
2007-06-22,4051.426,2387.798025,1.1085319166210414,0.756,,0.976,1,1,1,0,-1,2.0,进攻,进攻
2007-06-25,3877.59,2400.757575,1.0023216580852417,0.628,,0.976,1,1,0,0,-1,1.0,中性,进攻
2007-06-26,3928.213,2413.936635,1.057749537057651,0.596,,0.972,1,1,0,0,-1,1.0,中性,进攻
2007-06-27,4040.484,2427.66187,1.131457172338266,0.608,,0.892,1,1,0,0,-1,1.0,中性,进攻
2007-06-28,3858.522,2440.32501,0.989847888509332,0.612,,0.964,1,1,0,0,-1,1.0,中性,进攻
2007-06-29,3764.078,2452.494625,0.9420102175274656,0.536,,0.948,1,1,0,0,-1,1.0,中性,中性
2007-07-02,3757.655,2464.609545,0.8950519875917671,0.488,,0.784,1,1,0,0,0,2.5,进攻,中性
2007-07-03,3832.227,2477.0772100000004,0.9355336771496812,0.456,,0.78,1,1,0,0,0,2.5,进攻,中性
2007-07-04,3743.582,2489.204625,0.8341478662666757,0.396,,0.78,1,1,0,0,0,2.5,进攻,中性
2007-07-05,3537.435,2500.205585,0.7113098981564439,0.436,,0.796,1,1,0,0,0,2.5,进攻,中性
2007-07-06,3710.283,2512.05359,0.789914336699177,0.516,,0.868,1,1,0,0,-1,1.0,中性,中性
2007-07-09,3821.302,2524.4282650000005,0.7927288797479399,0.528,,0.868,1,1,0,0,-1,1.0,中性,中性
2007-07-10,3775.621,2536.664485,0.7161242787781934,0.484,,0.852,1,1,0,0,-1,1.0,中性,中性
2007-07-11,3789.874,2548.95309,0.6799340060976096,0.34,,0.82,1,1,0,0,-1,1.0,中性,中性
2007-07-12,3816.921,2561.34392,0.7103743498583321,0.372,,0.82,1,1,0,0,-1,1.0,中性,中性
2007-07-13,3820.124,2573.706345,0.7573912695451679,0.276,,0.812,1,1,-1,0,-1,0.0,中性,中性
2007-07-16,3697.966,2585.504245,0.616708826227123,0.296,,0.8,1,1,-1,0,0,1.5,进攻,中性
2007-07-17,3789.651,2597.76111,0.6099634050080847,0.308,,0.836,1,1,0,0,-1,1.0,中性,中性
2007-07-18,3807.574,2609.98737,0.6490635709772186,0.42,,0.812,1,1,0,0,-1,1.0,中性,中性
2007-07-19,3806.997,2622.1445400000002,0.64300427906495,0.312,,0.796,1,1,0,0,0,2.5,进攻,中性
2007-07-20,3971.884,2635.112415,0.6576501830271198,0.52,,0.86,1,1,0,0,-1,1.0,中性,中性
2007-07-23,4156.723,2649.003735,0.6684868581346461,0.768,,0.864,1,1,1,0,-1,2.0,进攻,中性
2007-07-24,4161.352,2662.8736449999997,0.6591452596157295,0.68,,0.852,1,1,0,0,-1,1.0,中性,中性
2007-07-25,4255.463,2677.2767000000003,0.6777385362407291,0.584,,0.844,1,1,0,0,-1,1.0,中性,中性
2007-07-26,4303.185,2691.9306300000003,0.7543748427837058,0.608,,0.728,1,1,0,0,0,2.5,进攻,中性
2007-07-27,4307.143,2706.678115,0.7139978877179634,0.612,,0.72,1,1,0,0,0,2.5,进攻,中性
2007-07-30,4410.297,2721.8740150000003,0.7114625732997997,0.704,,0.724,1,1,1,0,0,3.5,进攻,中性
2007-07-31,4460.564,2737.241825,0.7479493581996675,0.648,,0.716,1,1,0,0,0,2.5,进攻,中性
2007-08-01,4290.477,2751.677885,0.7986894922516123,0.796,,0.74,1,1,1,0,0,3.5,进攻,进攻
2007-08-02,4436.192,2766.6784749999997,0.8521392200643627,0.584,,0.688,1,1,0,0,0,2.5,进攻,进攻
2007-08-03,4598.379,2782.4841450000004,1.0010326357276296,0.724,,0.648,1,1,1,0,0,3.5,进攻,进攻
2007-08-06,4703.984,2798.824535,1.0706004981959216,0.672,,0.628,1,1,0,0,0,2.5,进攻,进攻
2007-08-07,4724.547,2815.31477,1.0399246127009896,0.724,,0.62,1,1,1,0,0,3.5,进攻,进攻
2007-08-08,4668.087,2831.500795,0.9698339977390376,0.74,,0.624,1,1,1,0,0,3.5,进攻,进攻
2007-08-09,4777.286,2848.2946399999996,0.9817821364879546,0.56,,0.632,1,1,0,0,0,2.5,进攻,进攻
2007-08-10,4726.683,2864.855815,0.9717146140673982,0.596,,0.664,1,1,0,0,0,2.5,进攻,进攻
2007-08-13,4721.192,2881.27381,0.8995764048488126,0.7,,0.596,1,1,0,0,0,2.5,进攻,进攻
2007-08-14,4795.568,2898.054765,0.9010191744330323,0.5,,0.592,1,1,0,0,0,2.5,进攻,进攻
2007-08-15,4798.75,2914.847605,0.8539810512415442,0.508,,0.592,1,1,0,0,0,2.5,进攻,进攻
2007-08-16,4721.942,2931.41374,0.7694235213309588,0.508,,0.604,1,1,0,0,0,2.5,进攻,进攻
2007-08-17,4626.583,2947.346385,0.7284426736303742,0.508,,0.6,1,1,0,0,0,2.5,进攻,进攻
2007-08-20,4885.427,2964.539395,0.8042878837792999,0.56,,0.612,1,1,0,0,0,2.5,进攻,进攻
2007-08-21,4972.711,2982.122475,1.0234902087168543,0.592,,0.612,1,1,0,0,0,2.5,进攻,进攻
2007-08-22,5051.688,3000.185665,0.9852808194387188,0.62,,0.604,1,1,0,0,0,2.5,进攻,进攻
2007-08-23,5135.93,3018.63412,1.0763447102618753,0.564,,0.604,1,1,0,0,0,2.5,进攻,进攻
2007-08-24,5217.581,3037.39966,1.079770672719134,0.636,,0.6,1,1,0,0,0,2.5,进攻,进攻
2007-08-27,5243.147,3056.21835,1.117924661678797,0.716,,0.588,1,1,1,0,0,3.5,进攻,进攻
2007-08-28,5251.77,3075.07892,1.0837934319541418,0.584,,0.588,1,1,0,0,0,2.5,进攻,进攻
2007-08-29,5171.822,3093.4965749999997,0.9972773994028044,0.556,,0.52,1,1,0,0,0,2.5,进攻,进攻
2007-08-30,5241.228,3112.16326,0.9946598265356994,0.556,,0.5,1,1,0,0,0,2.5,进攻,进攻
2007-08-31,5296.813,3131.0668049999995,1.0283477056115262,0.572,,0.432,1,1,0,0,0,2.5,进攻,进攻
2007-09-03,5419.169,3150.671785,1.0714115891462792,0.788,,0.432,1,1,1,0,0,3.5,进攻,进攻
2007-09-04,5360.333,3169.84988,1.0302991967559652,0.748,,0.452,1,1,1,0,0,3.5,进攻,进攻
2007-09-05,5363.251,3189.145825,1.0648878841068057,0.496,,0.42,1,1,0,0,0,2.5,进攻,进攻
2007-09-06,5412.037,3208.8271149999996,1.0457164607986407,0.588,,0.408,1,1,0,0,0,2.5,进攻,进攻
2007-09-07,5294.795,3227.83221,1.033154956597469,0.74,,0.44,1,1,1,0,0,3.5,进攻,进攻
2007-09-10,5377.222,3247.04451,1.021958229128007,0.552,,0.444,1,1,0,0,0,2.5,进攻,进攻
2007-09-11,5124.092,3264.99853,0.9171459133610771,0.628,,0.576,1,1,0,0,0,2.5,进攻,进攻
2007-09-12,5202.856,3283.20239,0.9251320119129858,0.48,,0.58,1,1,0,0,0,2.5,进攻,进攻
2007-09-13,5349.97,3301.9864500000003,0.9731961013852284,0.384,,0.584,1,1,0,0,0,2.5,进攻,进攻
2007-09-14,5397.278,3320.911595,0.9870211533038369,0.464,,0.548,1,1,0,0,0,2.5,进攻,进攻
2007-09-17,5498.908,3340.285995,0.9894502021321012,0.564,,0.404,1,1,0,0,0,2.5,进攻,进攻
2007-09-18,5476.839,3359.4956199999997,0.9672391355962215,0.544,,0.388,1,1,0,0,0,2.5,进攻,进攻
2007-09-19,5419.268,3378.40906,0.937079311950856,0.412,,0.404,1,1,0,0,0,2.5,进攻,进攻
2007-09-20,5494.915,3397.6246300000003,0.9742410551484657,0.364,,0.396,1,1,0,0,0,2.5,进攻,进攻
2007-09-21,5468.098,3416.74505,0.9656802972480969,0.432,,0.372,1,1,0,0,0,2.5,进攻,进攻
2007-09-24,5513.895,3435.9788150000004,0.9346273666216744,0.336,,0.372,1,1,0,0,0,2.5,进攻,进攻
2007-09-25,5454.615,3454.6801,0.888641899647348,0.468,,0.404,1,1,0,0,0,2.5,进攻,进攻
2007-09-26,5361.021,3472.839085,0.8411231322255042,0.236,,0.412,1,1,-1,0,0,1.5,进攻,进攻
2007-09-27,5427.657,3491.07369,0.8429793093144586,0.2,,0.408,1,1,-1,0,0,1.5,进攻,进攻
2007-09-28,5580.813,3510.0065999999997,0.8777920517037641,0.316,,0.464,1,1,0,0,0,2.5,进攻,进攻
2007-10-08,5653.136,3529.3752250000002,0.8607030806682441,0.46,,0.44,1,1,0,0,0,2.5,进攻,进攻
2007-10-09,5675.927,3548.87629,0.841895749177042,0.336,,0.42,1,1,0,0,0,2.5,进攻,进攻
2007-10-10,5685.759,3568.7471649999998,0.8215885656031954,0.416,,0.416,1,1,0,0,0,2.5,进攻,进攻
2007-10-11,5760.078,3588.597935,0.8133770636722846,0.448,,0.428,1,1,0,0,0,2.5,进攻,进攻
2007-10-12,5737.221,3608.2701,0.8102869053805761,0.728,,0.328,1,1,1,0,0,3.5,进攻,进攻
2007-10-15,5821.447,3628.358055,0.7879147960164594,0.484,,0.32,1,1,0,0,0,2.5,进攻,进攻
2007-10-16,5877.202,3648.5633500000004,0.7898632112763904,0.36,,0.204,1,1,0,0,1,4.0,进攻,进攻
2007-10-17,5824.117,3668.345755,0.7624800234589124,0.228,,0.208,1,1,-1,0,1,3.0,进攻,进攻
2007-10-18,5615.747,3686.8439500000004,0.7826053557387973,0.216,,0.252,1,1,-1,0,1,3.0,进攻,进攻
2007-10-19,5614.06,3705.30703,0.7067736971168785,0.136,,0.248,1,1,-1,0,1,3.0,进攻,进攻
2007-10-22,5472.677,3722.9876799999997,0.5949197946678213,0.12,,0.252,1,1,-1,0,1,3.0,进攻,进攻
2007-10-23,5540.09,3741.143205,0.6080623569747556,0.156,,0.264,1,1,-1,0,1,3.0,进攻,进攻
2007-10-24,5588.014,3759.6050550000004,0.6205216454227485,0.164,,0.252,1,1,-1,0,1,3.0,进攻,进攻
2007-10-25,5333.792,3776.5784949999997,0.5267406137141233,0.228,,0.436,1,1,-1,0,0,1.5,进攻,进攻
2007-10-26,5394.807,3793.8613400000004,0.5544651339293818,0.096,,0.444,1,1,-1,0,0,1.5,进攻,进攻
2007-10-29,5508.357,3811.4887399999993,0.5478526060995716,0.088,,0.492,1,1,-1,0,0,1.5,进攻,进攻
2007-10-30,5596.068,3829.569415,0.5181829773496145,0.104,,0.492,1,1,-1,0,0,1.5,进攻,进攻
2007-10-31,5688.543,3847.8068949999997,0.5369136111671728,0.22,,0.476,1,1,-1,0,0,1.5,进攻,进攻
2007-11-01,5605.232,3865.4975950000003,0.5049582361169656,0.196,,0.492,1,1,-1,0,0,1.5,进攻,进攻
2007-11-02,5472.93,3882.49783,0.4781267926534025,0.148,,0.472,1,1,-1,0,0,1.5,进攻,进攻
2007-11-05,5360.305,3898.641575,0.4353781845641358,0.188,,0.484,1,1,-1,0,0,1.5,进攻,进攻
2007-11-06,5317.549,3914.2288900000003,0.4751972182489439,0.016,,0.48,1,1,-1,0,0,1.5,进攻,进攻
2007-11-07,5350.629,3929.702205,0.44600378294980914,0.008,,0.492,1,1,-1,0,0,1.5,进攻,进攻
2007-11-08,5093.669,3944.012405,0.34802896836266295,0.052,,0.56,1,1,-1,0,0,1.5,进攻,进攻
2007-11-09,5040.525,3958.346295,0.33466247280312666,0.032,,0.56,1,1,-1,0,0,1.5,进攻,进攻
2007-11-12,4978.252,3971.8008449999998,0.2993151666356515,0.084,,0.536,1,1,-1,0,0,1.5,进攻,进攻
2007-11-13,4939.244,3984.7276950000005,0.2761291919444804,0.052,,0.512,1,1,-1,0,0,1.5,进攻,进攻
2007-11-14,5145.888,3998.9124799999995,0.30641275773081356,0.072,,0.672,1,1,-1,0,0,1.5,进攻,进攻
2007-11-15,5081.113,4012.7325699999997,0.2962856285659181,0.04,,0.608,1,1,-1,0,0,1.5,进攻,进攻
2007-11-16,5007.662,4025.790415,0.2565483939284141,0.004,,0.616,1,1,-1,0,0,1.5,进攻,进攻
2007-11-19,4994.416,4038.30593,0.2263524480071346,0.008,,0.58,1,1,-1,0,0,1.5,进攻,进攻
2007-11-20,5069.382,4051.11219,0.21617814887595355,0.056,,0.58,1,1,-1,0,0,1.5,进攻,进攻
2007-11-21,4997.62,4063.41815,0.2859057563710308,0.012,,0.576,1,1,-1,0,0,1.5,进攻,进攻
2007-11-22,4772.617,4075.0170800000005,0.21503954223473198,0.008,,0.556,1,1,-1,0,0,1.5,进攻,进攻
2007-11-23,4856.161,4086.733275,0.27660876025314707,0.004,,0.592,1,1,-1,0,0,1.5,进攻,进攻
2007-11-26,4800.082,4097.8491,0.3669874190892546,0.008,,0.52,1,1,-1,0,0,1.5,进攻,进攻
2007-11-27,4711.152,4108.64544,0.29618368622086466,0.004,,0.492,1,1,-1,0,0,1.5,进攻,进攻
2007-11-28,4648.751,4119.96252,0.26407882357419843,0.012,,0.456,1,1,-1,0,0,1.5,进攻,进攻
2007-11-29,4842.07,4132.19701,0.2734568303849454,0.08,,0.664,1,1,-1,0,0,1.5,进攻,进攻
2007-11-30,4737.408,4144.394035,0.23438566266105632,0.04,,0.644,1,1,-1,0,0,1.5,进攻,进攻
2007-12-03,4772.674,4156.89842,0.2138457555224471,0.108,,0.64,1,1,-1,0,0,1.5,进攻,进攻
2007-12-04,4829.214,4169.46429,0.19650237394480685,0.04,,0.668,1,1,-1,0,0,1.5,进攻,进攻
2007-12-05,4965.947,4182.445089999999,0.20583386025387385,0.12,,0.688,1,1,-1,0,0,1.5,进攻,进攻
2007-12-06,4971.055,4195.247359999999,0.2196450727350392,0.044,,0.528,1,1,-1,0,0,1.5,进攻,进攻
2007-12-07,5041.35,4208.467885,0.22978322824836228,0.092,,0.552,1,1,-1,0,0,1.5,进攻,进攻
2007-12-10,5133.562,4221.708735,0.21430590488292434,0.2,,0.568,1,1,-1,0,0,1.5,进攻,进攻
2007-12-11,5140.0,4234.795585,0.20855866447213733,0.2,,0.548,1,1,-1,0,0,1.5,进攻,进攻
2007-12-12,5077.39,4247.24079,0.22123129238774597,0.244,,0.424,1,1,-1,0,0,1.5,进攻,进攻
2007-12-13,4884.298,4258.319115,0.16368171768383344,0.204,,0.5,1,1,-1,0,0,1.5,进攻,进攻
2007-12-14,4977.652,4269.8237,0.22861728191505915,0.12,,0.54,1,1,-1,0,0,1.5,进攻,进攻
2007-12-17,4857.289,4280.571765,0.25265667592499463,0.192,,0.62,1,1,-1,0,0,1.5,进攻,进攻
2007-12-18,4829.909,4292.433849999999,0.22954356090161077,0.028,,0.576,1,1,-1,0,0,1.5,进攻,进攻
2007-12-19,4946.285,4304.442419999999,0.22418131095185623,0.152,,0.624,1,1,-1,0,0,1.5,进攻,进攻
2007-12-20,5037.195,4317.260675,0.3054726654402904,0.164,,0.42,1,1,-1,0,0,1.5,进攻,进攻
2007-12-21,5101.852,4330.2262900000005,0.35540549372249997,0.216,,0.412,1,1,-1,0,0,1.5,进攻,进攻
2007-12-24,5207.134,4343.88393,0.38574030878300425,0.336,,0.416,1,1,0,0,0,2.5,进攻,进攻
2007-12-25,5216.813,4357.36653,0.3613006223274353,0.24,,0.376,1,1,-1,0,0,1.5,进攻,进攻
2007-12-26,5265.026,4370.744479999999,0.406413963952172,0.272,,0.356,1,1,-1,0,0,1.5,进攻,进攻
2007-12-27,5367.53,4384.44398,0.5173508488495195,0.364,,0.168,1,1,0,0,1,4.0,进攻,进攻
2007-12-28,5338.275,4398.078390000001,0.4387783896807871,0.284,,0.124,1,1,-1,0,1,3.0,进攻,进攻
2008-01-02,5385.103,4411.923045,0.4092325076636183,0.28,,0.128,1,1,-1,0,1,3.0,进攻,进攻
2008-01-03,5422.034,4425.83237,0.4360641600414872,0.488,,0.124,1,1,0,0,1,4.0,进攻,进攻
2008-01-04,5483.65,4440.263835,0.4469214543808053,0.312,,0.12,1,1,0,0,1,4.0,进攻,进攻
2008-01-07,5556.593,4454.81907,0.4557788856515501,0.404,,0.124,1,1,0,0,1,4.0,进攻,进攻
2008-01-08,5528.054,4469.43821,0.44708758145023575,0.54,,0.128,1,1,0,0,1,4.0,进攻,进攻
2008-01-09,5613.758,4484.209935,0.5180664181336443,0.268,,0.124,1,1,-1,0,1,3.0,进攻,进攻
2008-01-10,5672.154,4499.20685,0.4967483813153244,0.46,,0.128,1,1,0,0,1,4.0,进攻,进攻
2008-01-11,5699.147,4514.1896,0.4967921831591453,0.348,,0.104,1,1,0,0,1,4.0,进攻,进攻
2008-01-14,5731.757,4529.291775000001,0.5055848481099408,0.28,,0.048,1,1,-1,0,1,3.0,进攻,进攻
2008-01-15,5696.45,4544.192695,0.43419344573003626,0.296,,0.052,1,1,-1,0,1,3.0,进攻,进攻
2008-01-16,5505.717,4557.90111,0.3245330516370708,0.38,,0.08,1,1,0,0,1,4.0,进攻,进攻
2008-01-17,5365.624,4570.809115,0.2893944083557458,0.504,,0.096,1,1,0,0,1,4.0,进攻,进攻
2008-01-18,5414.468,4583.89321,0.2723569679726978,0.216,,0.084,1,1,-1,0,1,3.0,进攻,进攻
2008-01-21,5145.734,4595.705355,0.19579660181935,0.264,,0.26,1,1,-1,0,1,3.0,进攻,进攻
2008-01-22,4753.868,4605.565775,0.10371724365780288,0.424,,0.692,1,1,0,0,0,2.5,进攻,进攻
2008-01-23,4975.111,4616.1907949999995,0.12806711203349797,0.372,,0.72,1,1,0,0,0,2.5,进攻,进攻
2008-01-24,5027.213,4626.886285,0.12703528074028303,0.404,,0.724,1,1,0,0,0,2.5,进攻,进攻
2008-01-25,5077.429,4637.714325,0.18341830057590336,0.288,,0.724,1,1,-1,0,0,1.5,进攻,进攻
2008-01-28,4731.883,4646.648515,0.06665423859021424,0.228,,0.892,1,1,-1,0,-1,0.0,中性,进攻
2008-01-29,4762.083,4655.59889,0.035600371348251114,0.108,,0.896,1,0,-1,0,-1,-1.25,中性,进攻
2008-01-30,4710.652,4663.96129,0.001417521828305457,0.148,,0.88,1,0,-1,0,-1,-1.25,中性,进攻
2008-01-31,4620.401,4671.655455,-0.02204359486740204,0.06,,0.872,0,0,-1,0,-1,-2.5,防御,进攻
2008-02-01,4571.945,4678.908585,-0.02059558872831646,0.184,,0.86,0,0,-1,0,-1,-2.5,防御,进攻
2008-02-04,4950.124,4687.7770199999995,0.03617911927399775,0.2,,1.0,1,0,-1,0,-1,-1.25,中性,进攻
2008-02-05,4921.829,4696.54,0.0412860350482569,0.132,,1.0,1,0,-1,0,-1,-1.25,中性,进攻
2008-02-13,4816.084,4704.34043,0.020099161398223098,0.02,,0.992,1,0,-1,0,-1,-1.25,中性,进攻
2008-02-14,4880.252,4712.323670000001,0.01765880496324934,0.016,,0.992,1,0,-1,0,-1,-1.25,中性,进攻
2008-02-15,4813.311,4719.86772,0.0030343318572543243,0.048,,0.988,1,0,-1,0,-1,-1.25,中性,中性
2008-02-18,4910.992,4728.671165,0.04003649345968241,0.18,,1.0,1,0,-1,0,-1,-1.25,中性,中性
2008-02-19,5020.753,4737.32852,0.08519678561910604,0.216,,1.0,1,1,-1,0,-1,0.0,中性,中性
2008-02-20,4908.717,4744.715515,0.004767239383578925,0.252,,0.996,1,0,-1,0,-1,-1.25,中性,中性
2008-02-21,4876.03,4751.869685000001,-0.019442312251808036,0.22,,0.988,1,0,-1,0,-1,-1.25,中性,中性
2008-02-22,4702.241,4758.139485,-0.06917430371788602,0.268,,0.996,0,-1,-1,0,-1,-3.75,防御,中性
2008-02-25,4519.783,4763.270495,-0.11996795127659443,0.2,,0.98,0,-1,-1,0,-1,-3.75,防御,中性
2008-02-26,4515.533,4768.495545000001,-0.1345543078296244,0.18,,0.92,0,-1,-1,0,-1,-3.75,防御,中性
2008-02-27,4639.768,4773.90084,-0.11507955050659457,0.128,,0.872,0,-1,-1,0,-1,-3.75,防御,中性
2008-02-28,4622.056,4778.58097,-0.11990509866197507,0.092,,0.864,0,-1,-1,0,-1,-3.75,防御,防御
2008-02-29,4674.55,4783.447335,-0.0961502542044177,0.092,,0.864,0,-1,-1,0,-1,-3.75,防御,防御
2008-03-03,4790.744,4788.778505,-0.08595008650644476,0.368,,0.712,1,-1,0,0,0,0.0,中性,防御
2008-03-04,4671.148,4793.621185,-0.11812102862608143,0.424,,0.716,0,-1,0,0,0,-1.25,中性,防御
2008-03-05,4628.724,4798.092705,-0.14586092443324794,0.332,,0.712,0,-1,0,0,0,-1.25,中性,防御
2008-03-06,4685.03,4803.494675,-0.1259815388335016,0.412,,0.712,0,-1,0,0,0,-1.25,中性,防御
2008-03-07,4621.685,4808.101665,-0.13826800200102507,0.208,,0.716,0,-1,-1,0,0,-2.25,防御,防御
2008-03-10,4431.589,4811.366585,-0.1811606239942558,0.276,,0.448,0,-1,-1,0,0,-2.25,防御,防御
2008-03-11,4441.184,4814.68936,-0.16121700651299997,0.144,,0.452,0,-1,-1,0,0,-2.25,防御,防御
2008-03-12,4309.648,4817.080384999999,-0.198536344603217,0.216,,0.508,0,-1,-1,0,0,-2.25,防御,防御
2008-03-13,4198.96,4818.72274,-0.18054554836251957,0.276,,0.508,0,-1,-1,0,0,-2.25,防御,防御
2008-03-14,4157.871,4819.81737,-0.2008483417569119,0.052,,0.504,0,-1,-1,0,0,-2.25,防御,防御
2008-03-17,3965.279,4820.045025,-0.2588221990029851,0.12,,0.604,0,-1,-1,0,0,-2.25,防御,防御
2008-03-18,3763.948,4818.938505,-0.3026210619501164,0.232,,0.636,0,-1,-1,0,0,-2.25,防御,防御
2008-03-19,3888.861,4818.019920000001,-0.29279395108992556,0.268,,0.68,0,-1,-1,0,0,-2.25,防御,防御
2008-03-20,4001.832,4817.187635,-0.2693172101644763,0.368,,0.704,0,-1,0,0,0,-1.25,中性,防御
2008-03-21,4037.83,4817.94449,-0.2549122870468853,0.304,,0.704,0,-1,0,0,0,-1.25,中性,防御
2008-03-24,3857.091,4817.590185,-0.29806175345751484,0.248,,0.708,0,-1,-1,0,0,-2.25,防御,防御
2008-03-25,3905.774,4818.099285,-0.2857161667548753,0.172,,0.732,0,-1,-1,0,0,-2.25,防御,防御
2008-03-26,3914.37,4820.11398,-0.2900898548122517,0.084,,0.692,0,-1,-1,0,0,-2.25,防御,防御
2008-03-27,3748.92,4820.685415,-0.31270676298877187,0.2,,0.736,0,-1,-1,0,0,-2.25,防御,防御
2008-03-28,3918.156,4821.888295000001,-0.2691399641971184,0.292,,0.82,0,-1,-1,0,-1,-3.75,防御,防御
2008-03-31,3790.53,4821.829425,-0.30162683456231665,0.088,,0.804,0,-1,-1,0,-1,-3.75,防御,防御
2008-04-01,3582.855,4820.554365,-0.3580048283287758,0.204,,0.852,0,-1,-1,0,-1,-3.75,防御,防御
2008-04-02,3547.977,4818.63494,-0.37238782155603556,0.336,,0.848,0,-1,0,0,-1,-2.75,防御,防御
2008-04-03,3650.698,4816.707885,-0.356810262006541,0.156,,0.912,0,-1,-1,0,-1,-3.75,防御,防御
2008-04-07,3845.822,4815.345655,-0.32360446512066376,0.292,,0.956,0,-1,-1,0,-1,-3.75,防御,防御
2008-04-08,3891.059,4814.421845000001,-0.3244780713038955,0.344,,0.952,0,-1,0,0,-1,-2.75,防御,防御
2008-04-09,3688.125,4812.365565,-0.3571582827295654,0.284,,0.956,-1,-1,-1,0,-1,-5.0,防御,防御
2008-04-10,3754.715,4810.001295,-0.35502032398474126,0.08,,0.956,-1,-1,-1,0,-1,-5.0,防御,防御
2008-04-11,3783.728,4807.654935,-0.35620249227438505,0.068,,0.948,-1,-1,-1,0,-1,-5.0,防御,防御
2008-04-14,3536.327,4804.548575,-0.392813193828352,0.156,,1.0,-1,-1,-1,0,-1,-5.0,防御,防御
2008-04-15,3583.299,4801.4786699999995,-0.3619194383222749,0.076,,0.996,-1,-1,-1,0,-1,-5.0,防御,防御
2008-04-16,3494.016,4798.6916200000005,-0.37763116176171974,0.032,,0.948,-1,-1,-1,0,-1,-5.0,防御,防御
2008-04-17,3386.63,4796.23682,-0.3811748802277203,0.096,,0.932,-1,-1,-1,0,-1,-5.0,防御,防御
2008-04-18,3272.499,4792.95825,-0.40930580550135476,0.08,,0.928,-1,-1,-1,0,-1,-5.0,防御,防御
2008-04-21,3267.554,4789.0936,-0.4152566546898415,0.316,,0.92,-1,-1,0,0,-1,-4.0,防御,防御
2008-04-22,3296.277,4786.282375,-0.38200121039590595,0.144,,0.912,-1,-1,-1,0,-1,-5.0,防御,防御
2008-04-23,3453.727,4784.73062,-0.35980527199582857,0.4,,0.944,-1,-1,0,0,-1,-4.0,防御,防御
2008-04-24,3774.504,4784.814865,-0.3147677247498665,0.896,,1.0,-1,-1,1,0,-1,-3.0,防御,防御
2008-04-25,3803.07,4784.66908,-0.32040318309212823,0.852,,0.996,-1,-1,1,0,-1,-3.0,防御,防御
2008-04-28,3729.154,4784.59694,-0.34444479016858975,0.48,,0.992,-1,-1,0,0,-1,-4.0,防御,防御
2008-04-29,3776.943,4785.7944800000005,-0.32617543751980294,0.412,,0.988,-1,-1,0,0,-1,-4.0,防御,防御
2008-04-30,3959.119,4787.03866,-0.27659973725225795,0.76,,0.984,-1,-1,1,0,-1,-3.0,防御,防御
2008-05-05,4055.779,4788.211045,-0.24336786805974664,0.708,,0.984,-1,-1,1,0,-1,-3.0,防御,防御
2008-05-06,4010.888,4789.38738,-0.24572617948607522,0.692,,0.976,-1,-1,0,0,-1,-4.0,防御,防御
2008-05-07,3821.319,4789.544605,-0.285818732713481,0.604,,0.972,-1,-1,0,0,-1,-4.0,防御,防御
2008-05-08,3925.041,4790.085204999999,-0.22942755016079763,0.48,,0.984,-1,-1,0,0,-1,-4.0,防御,防御
2008-05-09,3878.924,4790.379205,-0.23045238343228136,0.584,,0.944,-1,-1,0,0,-1,-4.0,防御,防御
2008-05-12,3904.92,4791.413975,-0.215604191993495,0.52,,0.936,-1,-1,0,0,-1,-4.0,防御,防御
2008-05-13,3851.687,4791.724155,-0.22018693549053248,0.628,,0.94,-1,-1,0,0,-1,-4.0,防御,防御
2008-05-14,3975.782,4792.565195,-0.22738660460546356,0.604,,0.852,-1,-1,0,0,-1,-4.0,防御,防御
2008-05-15,3948.088,4793.27065,-0.22298756197707081,0.556,,0.852,-1,-1,0,0,-1,-4.0,防御,防御
2008-05-16,3936.121,4793.091835,-0.21398029659350015,0.376,,0.84,-1,-1,0,0,-1,-4.0,防御,防御
2008-05-19,3914.072,4791.8785800000005,-0.21631037542727716,0.136,,0.824,-1,-1,-1,0,-1,-5.0,防御,防御
2008-05-20,3710.818,4789.62591,-0.2679940079481088,0.412,,0.844,-1,-1,0,0,-1,-4.0,防御,防御
2008-05-21,3783.049,4787.26384,-0.24302988222393862,0.48,,0.844,-1,-1,0,0,-1,-4.0,防御,防御
2008-05-22,3711.444,4784.305135,-0.22234614677859132,0.436,,0.86,-1,-1,0,0,-1,-4.0,防御,防御
2008-05-23,3675.147,4781.145155,-0.2431991031598829,0.324,,0.824,-1,-1,0,0,-1,-4.0,防御,防御
2008-05-26,3559.217,4776.889755,-0.25850912546910665,0.224,,0.552,-1,-1,-1,0,0,-3.5,防御,防御
2008-05-27,3576.197,4772.46792,-0.2409081685328769,0.06,,0.544,-1,-1,-1,0,0,-3.5,防御,防御
2008-05-28,3676.23,4769.396685,-0.2092004927775224,0.216,,0.568,-1,-1,-1,0,0,-3.5,防御,防御
2008-05-29,3580.868,4765.120065,-0.26046752731786194,0.212,,0.572,-1,-1,-1,0,0,-3.5,防御,防御
2008-05-30,3611.33,4760.18482,-0.2376991806489963,0.144,,0.508,-1,-1,-1,0,0,-3.5,防御,防御
2008-06-02,3625.826,4754.794030000001,-0.24029464405069356,0.172,,0.484,-1,-1,-1,0,0,-3.5,防御,防御
2008-06-03,3614.111,4749.24185,-0.25161506613705664,0.304,,0.48,-1,-1,0,0,0,-2.5,防御,防御
2008-06-04,3546.916,4743.635995000001,-0.2857523449203143,0.14,,0.292,-1,-1,-1,0,1,-2.0,防御,防御
2008-06-05,3512.138,4737.310255,-0.29348236943666894,0.06,,0.244,-1,-1,-1,0,1,-2.0,防御,防御
2008-06-06,3489.502,4731.12435,-0.3078238963769626,0.016,,0.24,-1,-1,-1,0,1,-2.0,防御,防御
2008-06-10,3206.562,4723.5512,-0.37537288923363543,0.22,,0.548,-1,-1,-1,0,0,-3.5,防御,防御
2008-06-11,3140.299,4715.274855,-0.38904688715953306,0.124,,0.556,-1,-1,-1,0,0,-3.5,防御,防御
2008-06-12,3084.633,4706.70427,-0.39247664646599933,0.196,,0.516,-1,-1,-1,0,0,-3.5,防御,防御
2008-06-13,2979.117,4697.990145,-0.3900623999600351,0.048,,0.524,-1,-1,-1,0,0,-3.5,防御,防御
2008-06-16,2952.242,4689.61844,-0.40690068329405105,0.044,,0.524,-1,-1,-1,0,0,-3.5,防御,防御
2008-06-17,2842.676,4679.404685,-0.41476078528578386,0.096,,0.532,-1,-1,-1,0,0,-3.5,防御,防御
2008-06-18,2991.273,4669.497495,-0.3806771514742824,0.48,,0.648,-1,-1,0,0,0,-2.5,防御,防御
2008-06-19,2773.076,4658.104435,-0.4393618645104356,0.348,,0.736,-1,-1,0,0,0,-2.5,防御,防御
2008-06-20,2849.668,4646.673125,-0.4342748295430293,0.568,,0.804,-1,-1,0,0,-1,-4.0,防御,防御
2008-06-23,2789.941,4634.534925,-0.4531513262242809,0.052,,0.804,-1,-1,-1,0,-1,-5.0,防御,防御
2008-06-24,2851.915,4622.578764999999,-0.4523062014536211,0.172,,0.816,-1,-1,-1,0,-1,-5.0,防御,防御
2008-06-25,2969.537,4611.1676,-0.4307756478907717,0.464,,0.864,-1,-1,0,0,-1,-4.0,防御,防御
2008-06-26,2980.907,4600.213025,-0.4338286268671797,0.484,,0.824,-1,-1,0,0,-1,-4.0,防御,防御
2008-06-27,2816.021,4588.08699,-0.47535998867262963,0.412,,0.872,-1,-1,0,0,-1,-4.0,防御,防御
2008-06-30,2791.819,4575.56202,-0.4770185125344797,0.036,,0.86,-1,-1,-1,0,-1,-5.0,防御,防御
2008-07-01,2698.347,4561.95791,-0.49892379031561696,0.06,,0.86,-1,-1,-1,0,-1,-5.0,防御,防御
2008-07-02,2699.597,4548.654229999999,-0.5021062206544629,0.044,,0.864,-1,-1,-1,0,-1,-5.0,防御,防御
2008-07-03,2760.612,4535.641035000001,-0.49657399724635953,0.544,,0.88,-1,-1,0,0,-1,-4.0,防御,防御
2008-07-04,2741.852,4522.29011,-0.5065587852124495,0.376,,0.884,-1,-1,0,0,-1,-4.0,防御,防御
2008-07-07,2882.763,4510.22995,-0.4785211938957181,0.648,,0.972,-1,-1,0,0,-1,-4.0,防御,防御
2008-07-08,2901.841,4497.853045,-0.4830840588425792,0.664,,0.836,-1,-1,0,0,-1,-4.0,防御,防御
2008-07-09,3015.126,4487.308215,-0.46843368498104954,0.824,,0.868,-1,-1,1,0,-1,-3.0,防御,防御
2008-07-10,2973.728,4476.162575,-0.4782152487030077,0.772,,0.864,-1,-1,1,0,-1,-3.0,防御,防御
2008-07-11,2953.498,4464.180214999999,-0.4847133261232114,0.48,,0.832,-1,-1,0,0,-1,-4.0,防御,防御
2008-07-14,2975.874,4452.073195,-0.47759148241448623,0.324,,0.828,-1,-1,0,0,-1,-4.0,防御,防御
2008-07-15,2852.979,4438.84355,-0.48181517502625004,0.572,,0.852,-1,-1,0,0,-1,-4.0,防御,防御
2008-07-16,2745.596,4425.1873350000005,-0.4882988446450962,0.424,,0.784,-1,-1,0,0,0,-2.5,防御,防御
2008-07-17,2718.068,4411.681335,-0.4979990647280582,0.256,,0.676,-1,-1,-1,0,0,-3.5,防御,防御
2008-07-18,2815.462,4398.28407,-0.4528551223207419,0.384,,0.692,-1,-1,0,0,0,-2.5,防御,防御
2008-07-21,2911.051,4385.498835,-0.387645807582373,0.532,,0.704,-1,-1,0,0,0,-2.5,防御,防御
2008-07-22,2904.743,4372.453075,-0.416145087014139,0.44,,0.692,-1,-1,0,0,0,-2.5,防御,防御
2008-07-23,2883.32,4359.5966,-0.4264575620726633,0.436,,0.648,-1,-1,0,0,0,-2.5,防御,防御
2008-07-24,2977.362,4347.678304999999,-0.4136083439079109,0.596,,0.664,-1,-1,0,0,0,-2.5,防御,防御
2008-07-25,2939.202,4335.23603,-0.3788515058381621,0.444,,0.58,-1,-1,0,0,0,-2.5,防御,防御
2008-07-28,2960.851,4322.13622,-0.37824456230603276,0.444,,0.572,-1,-1,0,0,0,-2.5,防御,防御
2008-07-29,2905.63,4308.39869,-0.38317880412308103,0.376,,0.544,-1,-1,0,0,0,-2.5,防御,防御
2008-07-30,2884.384,4294.4409749999995,-0.37572864346622725,0.196,,0.548,-1,-1,-1,0,0,-3.5,防御,防御
2008-07-31,2805.21,4280.03823,-0.3864296267780999,0.124,,0.564,-1,-1,-1,0,0,-3.5,防御,防御
2008-08-01,2840.788,4265.44178,-0.4261178103821237,0.216,,0.572,-1,-1,-1,0,0,-3.5,防御,防御
2008-08-04,2773.15,4250.621425,-0.43656108328834664,0.032,,0.512,-1,-1,-1,0,0,-3.5,防御,防御
2008-08-05,2703.079,4235.029584999999,-0.438739232953578,0.096,,0.528,-1,-1,-1,0,0,-3.5,防御,防御
2008-08-06,2721.693,4219.25204,-0.4423048236033713,0.064,,0.432,-1,-1,-1,0,0,-3.5,防御,防御
2008-08-07,2720.442,4203.733665,-0.4348085964110775,0.044,,0.432,-1,-1,-1,0,0,-3.5,防御,防御
2008-08-08,2591.462,4188.6122399999995,-0.4723139439037979,0.208,,0.528,-1,-1,-1,0,0,-3.5,防御,防御
2008-08-11,2456.811,4172.825995,-0.5106688180039926,0.176,,0.592,-1,-1,-1,0,0,-3.5,防御,防御
2008-08-12,2444.155,4157.683385,-0.502078649064511,0.024,,0.548,-1,-1,-1,0,0,-3.5,防御,防御
2008-08-13,2444.672,4142.206295,-0.4986347499912839,0.084,,0.508,-1,-1,-1,0,0,-3.5,防御,防御
2008-08-14,2443.512,4126.483785,-0.4803516025656702,0.012,,0.508,-1,-1,-1,0,0,-3.5,防御,防御
2008-08-15,2447.615,4112.052900000001,-0.458466258225229,0.012,,0.38,-1,-1,-1,0,0,-3.5,防御,防御
2008-08-18,2313.402,4096.645875,-0.4876790846174749,0.344,,0.44,-1,-1,0,0,0,-2.5,防御,防御
2008-08-19,2348.472,4080.84645,-0.49383848502769967,0.056,,0.48,-1,-1,-1,0,0,-3.5,防御,防御
2008-08-20,2532.94,4065.53081,-0.4519884657390564,0.676,,0.724,-1,-1,0,0,0,-2.5,防御,防御
2008-08-21,2443.979,4049.30799,-0.4771734177621376,0.496,,0.684,-1,-1,0,0,0,-2.5,防御,防御
2008-08-22,2404.928,4033.30647,-0.49800532025923316,0.188,,0.688,-1,-1,-1,0,0,-3.5,防御,防御
2008-08-25,2400.548,4017.94456,-0.4860903572312417,0.024,,0.672,-1,-1,-1,0,0,-3.5,防御,防御
2008-08-26,2331.532,4002.800695,-0.4962905543730842,0.1,,0.688,-1,-1,-1,0,0,-3.5,防御,防御
2008-08-27,2325.292,3987.83941,-0.5036761771002534,0.1,,0.688,-1,-1,-1,0,0,-3.5,防御,防御
2008-08-28,2335.865,3972.76559,-0.4945858491004905,0.028,,0.668,-1,-1,-1,0,0,-3.5,防御,防御
2008-08-29,2391.64,3959.2554450000002,-0.4603199890603574,0.208,,0.7,-1,-1,-1,0,0,-3.5,防御,防御
2008-09-01,2309.171,3945.5986749999997,-0.4800550934165304,0.04,,0.728,-1,-1,-1,0,0,-3.5,防御,防御
2008-09-02,2285.411,3932.13447,-0.4696989174057835,0.028,,0.716,-1,-1,-1,0,0,-3.5,防御,防御
2008-09-03,2245.964,3918.6680699999997,-0.4651142187589308,0.148,,0.688,-1,-1,-1,0,0,-3.5,防御,防御
2008-09-04,2251.146,3904.19436,-0.45858204836080774,0.028,,0.692,-1,-1,-1,0,0,-3.5,防御,防御
2008-09-05,2183.432,3889.705955,-0.4493623273419096,0.08,,0.632,-1,-1,-1,0,0,-3.5,防御,防御
2008-09-08,2126.518,3875.300235,-0.43502992071091307,0.072,,0.604,-1,-1,-1,0,0,-3.5,防御,防御
2008-09-09,2139.145,3861.02388,-0.449930198070849,0.004,,0.612,-1,-1,-1,0,0,-3.5,防御,防御
2008-09-10,2143.176,3846.39285,-0.4644512813131586,0.092,,0.612,-1,-1,-1,0,0,-3.5,防御,防御
2008-09-11,2072.126,3831.76538,-0.48682188205050725,0.056,,0.616,-1,-1,-1,0,0,-3.5,防御,防御
2008-09-12,2077.846,3818.2915249999996,-0.4612919425546351,0.004,,0.616,-1,-1,-1,0,0,-3.5,防御,防御
2008-09-16,2000.651,3804.0139750000003,-0.487770925813936,0.24,,0.572,-1,-1,-1,0,0,-3.5,防御,防御
2008-09-17,1929.135,3789.65924,-0.5071659040918461,0.24,,0.572,-1,-1,-1,0,0,-3.5,防御,防御
2008-09-18,1895.99,3775.58343,-0.4942570126863204,0.66,,0.132,-1,-1,0,0,1,-1.0,中性,防御
2008-09-19,2073.113,3762.7052400000002,-0.4708957478977356,0.504,,0.644,-1,-1,0,0,0,-2.5,防御,防御
2008-09-22,2207.614,3749.5329599999995,-0.41759753913041187,0.996,,0.8,-1,-1,1,0,0,-1.5,防御,防御
2008-09-23,2123.478,3736.46331,-0.40732237280046224,0.968,,0.852,-1,-1,1,0,-1,-3.0,防御,防御
2008-09-24,2138.853,3723.294205,-0.39716266480870643,0.62,,0.812,-1,-1,0,0,-1,-4.0,防御,防御
2008-09-25,2223.532,3710.265795,-0.3909296249648697,0.976,,0.888,-1,-1,1,0,-1,-3.0,防御,防御
2008-09-26,2243.657,3696.6543450000004,-0.4165988441482731,0.812,,0.892,-1,-1,1,0,-1,-3.0,防御,防御
2008-10-06,2128.696,3682.44255,-0.45292631132038863,0.564,,0.944,-1,-1,0,0,-1,-4.0,防御,防御
2008-10-07,2102.448,3667.74804,-0.42994123029994924,0.484,,0.912,-1,-1,0,0,-1,-4.0,防御,防御
2008-10-08,2022.881,3652.1946350000003,-0.4612424644746672,0.368,,0.948,-1,-1,0,0,-1,-4.0,防御,防御
2008-10-09,1995.297,3636.47112,-0.47266373269960205,0.228,,0.944,-1,-1,-1,0,-1,-5.0,防御,防御
2008-10-10,1906.96,3620.61897,-0.4607512257774804,0.436,,0.956,-1,-1,0,0,-1,-4.0,防御,防御
2008-10-13,1985.486,3606.1249100000005,-0.44590557472318104,0.484,,0.984,-1,-1,0,0,-1,-4.0,防御,防御
2008-10-14,1934.619,3590.909745,-0.4463050541268272,0.72,,0.98,-1,-1,1,0,-1,-3.0,防御,防御
2008-10-15,1914.356,3576.1950800000004,-0.4347312815394655,0.14,,0.976,-1,-1,-1,0,-1,-5.0,防御,防御
2008-10-16,1820.903,3561.15005,-0.4435741615199882,0.376,,0.992,-1,-1,0,0,-1,-4.0,防御,防御
2008-10-17,1833.262,3545.584935,-0.4389497465076323,0.1,,0.988,-1,-1,-1,0,-1,-5.0,防御,防御
2008-10-20,1896.733,3529.8826249999997,-0.42458324952666293,0.228,,0.992,-1,-1,-1,0,-1,-5.0,防御,防御
2008-10-21,1881.406,3513.780395,-0.4552534117491046,0.456,,0.984,-1,-1,0,0,-1,-4.0,防御,防御
2008-10-22,1833.323,3496.91134,-0.5142877050865491,0.308,,0.972,-1,-1,0,0,-1,-4.0,防御,防御
2008-10-23,1834.78,3480.001175,-0.5175529243479611,0.296,,0.968,-1,-1,-1,0,-1,-5.0,防御,防御
2008-10-24,1781.598,3462.5840350000003,-0.5222514275355752,0.264,,0.696,-1,-1,-1,0,0,-3.5,防御,防御
2008-10-27,1654.671,3444.0197399999997,-0.5619020461786159,0.396,,0.66,-1,-1,0,0,0,-2.5,防御,防御
2008-10-28,1705.82,3425.8574649999996,-0.5691415186055282,0.584,,0.684,-1,-1,0,0,0,-2.5,防御,防御
2008-10-29,1658.223,3407.2230649999997,-0.5911456220864105,0.436,,0.676,-1,-1,0,0,0,-2.5,防御,防御
2008-10-30,1697.656,3388.601175,-0.5767381188405161,0.464,,0.648,-1,-1,0,0,0,-2.5,防御,防御
2008-10-31,1663.66,3369.501225,-0.5646372365144077,0.12,,0.628,-1,-1,-1,0,0,-3.5,防御,防御
2008-11-03,1653.542,3349.98597,-0.5787198146465222,0.056,,0.528,-1,-1,-1,0,0,-3.5,防御,防御
2008-11-04,1627.759,3330.4844950000006,-0.5803581096200905,0.112,,0.528,-1,-1,-1,0,0,-3.5,防御,防御
2008-11-05,1691.42,3310.872805,-0.5668490007477747,0.608,,0.64,-1,-1,0,0,0,-2.5,防御,防御
2008-11-06,1649.776,3290.7609150000003,-0.5716744377204066,0.264,,0.648,-1,-1,-1,0,0,-3.5,防御,防御
2008-11-07,1677.827,3270.654315,-0.5779881794323734,0.296,,0.608,-1,-1,-1,0,0,-3.5,防御,防御
2008-11-10,1801.665,3251.003855,-0.5436613874868037,0.94,,0.728,-1,-1,1,0,0,-1.5,防御,防御
2008-11-11,1781.361,3231.42841,-0.5474323578975342,0.932,,0.712,-1,-1,1,0,0,-1.5,防御,防御
2008-11-12,1801.823,3212.9089400000003,-0.5396551213161127,0.708,,0.716,-1,-1,1,0,0,-1.5,防御,防御
2008-11-13,1874.082,3195.4512299999997,-0.49496795585232156,0.988,,0.684,-1,-1,1,0,0,-1.5,防御,防御
2008-11-14,1943.654,3178.0971600000003,-0.4862202419265519,0.992,,0.736,-1,-1,1,0,0,-1.5,防御,防御
2008-11-17,1987.225,3162.3046150000005,-0.46456823813049586,0.992,,0.7,-1,-1,1,0,0,-1.5,防御,防御
2008-11-18,1839.819,3147.73437,-0.4993890040316755,1.0,,0.916,-1,-1,1,0,-1,-3.0,防御,防御
2008-11-19,1953.163,3132.62463,-0.4512380110569263,0.976,,0.972,-1,-1,1,0,-1,-3.0,防御,防御
2008-11-20,1932.428,3117.1507050000005,-0.45964162488811433,0.984,,0.976,-1,-1,1,0,-1,-3.0,防御,防御
2008-11-21,1920.735,3101.367235,-0.4775258892941955,0.968,,0.952,-1,-1,1,0,-1,-3.0,防御,防御
2008-11-24,1837.642,3086.89603,-0.4868166042423233,0.852,,0.872,-1,-1,1,0,-1,-3.0,防御,防御
2008-11-25,1834.294,3072.257085,-0.49207244976227593,0.744,,0.84,-1,-1,1,0,-1,-3.0,防御,防御
2008-11-26,1843.495,3057.9213,-0.49156550810766986,0.652,,0.788,-1,-1,0,0,0,-2.5,防御,防御
2008-11-27,1870.473,3044.1716600000004,-0.48245280789660305,0.964,,0.768,-1,-1,1,0,0,-1.5,防御,防御
2008-11-28,1829.924,3030.461555,-0.48408025450842374,0.808,,0.772,-1,-1,1,0,0,-1.5,防御,防御
2008-12-01,1864.205,3015.03196,-0.46921077702527636,0.84,,0.772,-1,-1,1,0,0,-1.5,防御,防御
2008-12-02,1868.631,2999.76597,-0.4644992322686733,0.952,,0.752,-1,-1,1,0,0,-1.5,防御,防御
2008-12-03,1952.668,2985.4488899999997,-0.391039998602865,0.984,,0.764,-1,-1,1,0,0,-1.5,防御,防御
2008-12-04,1982.928,2970.96227,-0.3685543956164683,1.0,,0.716,-1,-1,1,0,0,-1.5,防御,防御
2008-12-05,2013.175,2956.96159,-0.34735347770707237,0.948,,0.712,-1,-1,1,0,0,-1.5,防御,防御
2008-12-08,2095.036,2942.88181,-0.29675940891210384,0.996,,0.584,-1,-1,1,0,0,-1.5,防御,防御
2008-12-09,2040.847,2927.98228,-0.30871283587185605,0.988,,0.604,-1,-1,1,0,0,-1.5,防御,防御
2008-12-10,2096.393,2913.9206600000007,-0.2625283359763828,0.952,,0.608,-1,-1,1,0,0,-1.5,防御,防御
2008-12-11,2046.337,2899.772195,-0.31589761282236695,0.94,,0.6,-1,-1,1,0,0,-1.5,防御,防御
2008-12-12,1960.38,2886.0628899999997,-0.29306661627737574,0.928,,0.624,-1,-1,1,0,0,-1.5,防御,防御
2008-12-15,1975.034,2873.339145,-0.30692487686284853,0.8,,0.608,-1,-1,1,0,0,-1.5,防御,防御
2008-12-16,1994.45,2860.7337300000004,-0.2851282518160778,0.772,,0.356,-1,-1,1,0,0,-1.5,防御,防御
2008-12-17,2001.42,2847.5419899999997,-0.29821891606166384,0.888,,0.212,-1,-1,1,0,1,0.0,中性,防御
2008-12-18,2045.102,2834.65722,-0.3113061059687082,0.872,,0.22,-1,-1,1,0,1,0.0,中性,防御
2008-12-19,2052.114,2821.54504,-0.3115806699101985,0.912,,0.212,-1,-1,1,0,1,0.0,中性,防御
2008-12-22,2017.549,2807.679065,-0.28354618094112227,0.808,,0.148,-1,-1,1,0,1,0.0,中性,防御
2008-12-23,1918.955,2793.9181,-0.31265064103367735,0.896,,0.244,-1,-1,1,0,1,0.0,中性,中性
2008-12-24,1887.075,2780.209855,-0.30065517889285553,0.708,,0.252,-1,-1,1,0,1,0.0,中性,中性
2008-12-25,1870.765,2766.13853,-0.30702064048819144,0.568,,0.244,-1,-1,0,0,1,-1.0,中性,中性
2008-12-26,1862.096,2752.3405850000004,-0.3254771043522233,0.38,,0.224,-1,-1,0,0,1,-1.0,中性,中性
2008-12-29,1854.757,2739.4564250000003,-0.3235386155051403,0.408,,0.208,-1,-1,0,0,1,-1.0,中性,中性
2008-12-30,1833.435,2726.41768,-0.3640007867452163,0.428,,0.216,-1,-1,0,0,1,-1.0,中性,中性
2008-12-31,1817.722,2713.9580500000006,-0.37359696826945377,0.324,,0.132,-1,-1,0,0,1,-1.0,中性,中性
2009-01-05,1882.959,2702.3780449999995,-0.3754957504263504,0.644,,0.156,-1,-1,0,0,1,-1.0,中性,中性
2009-01-06,1942.795,2691.302665,-0.34668032853038344,0.896,,0.2,-1,-1,1,0,1,0.0,中性,中性
2009-01-07,1931.178,2681.1321599999997,-0.3461387141619868,0.86,,0.128,-1,-1,1,0,1,0.0,中性,中性
2009-01-08,1887.991,2671.752375,-0.3655675609921656,0.768,,0.116,-1,-1,1,0,1,0.0,中性,中性
2009-01-09,1918.365,2661.8998949999996,-0.3275923166626883,0.684,,0.08,-1,-1,0,0,1,-1.0,中性,中性
2009-01-12,1920.687,2651.49417,-0.3004480630070848,0.788,,0.068,-1,-1,1,0,1,0.0,中性,中性
2009-01-13,1876.185,2640.685945,-0.30973581234906566,0.704,,0.06,-1,-1,1,0,1,0.0,中性,中性
2009-01-14,1955.244,2631.1767099999997,-0.3055335145706105,0.82,,0.096,-1,-1,1,0,1,0.0,中性,中性
2009-01-15,1954.874,2621.4222099999997,-0.3284645305080536,0.928,,0.088,-1,-1,1,0,1,0.0,中性,中性
2009-01-16,1990.214,2611.80143,-0.31483990149903107,0.968,,0.112,-1,-1,1,0,1,0.0,中性,中性
2009-01-19,2012.465,2603.119155,-0.30203203251806954,0.92,,0.072,-1,-1,1,0,1,0.0,中性,中性
2009-01-20,2025.19,2593.654325,-0.3198039069485,0.72,,0.08,-1,-1,1,0,1,0.0,中性,中性
2009-01-21,2021.71,2584.8102249999997,-0.31215683712790077,0.808,,0.056,-1,-1,1,0,1,0.0,中性,中性
2009-01-22,2044.551,2577.118705,-0.3094718376574843,0.82,,0.024,-1,-1,1,0,1,0.0,中性,中性
2009-01-23,2032.682,2569.54223,-0.3004332967377127,0.796,,0.012,-1,-1,1,0,1,0.0,中性,中性
2009-02-02,2057.063,2561.574055,-0.28682762073288437,0.792,,0.008,-1,-1,1,0,1,0.0,中性,中性
2009-02-03,2108.91,2552.8894950000004,-0.24821671104837073,0.968,,0.016,-1,-1,1,0,1,0.0,中性,中性
2009-02-04,2166.414,2544.26627,-0.2373897665014073,0.988,,0.024,-1,-1,1,0,1,0.0,中性,中性
2009-02-05,2150.971,2536.5805,-0.2243582207958459,0.996,,0.02,-1,-1,1,0,1,0.0,中性,中性
2009-02-06,2237.28,2528.993325,-0.17232163765838882,0.988,,0.032,-1,-1,1,0,1,0.0,中性,中性
2009-02-09,2296.672,2521.5580449999998,-0.15616052214559106,1.0,,0.032,-1,-1,1,0,1,0.0,中性,中性
2009-02-10,2326.755,2515.510185,-0.1447143515649295,0.992,,0.012,-1,-1,1,0,1,0.0,中性,中性
2009-02-11,2331.138,2509.2493799999997,-0.10045449248339355,1.0,,0.004,-1,-1,1,0,1,0.0,中性,中性
2009-02-12,2318.343,2503.3710149999997,-0.05636086780790228,0.988,,0.004,-1,-1,1,0,1,0.0,中性,中性
2009-02-13,2399.065,2498.4331899999997,-0.018448093512891006,0.996,,0.008,-1,0,1,0,1,1.25,中性,中性
2009-02-16,2462.245,2494.38192,0.007188285381433568,1.0,,0.012,-1,0,1,0,1,1.25,中性,中性
2009-02-17,2385.293,2489.9706149999997,-0.02382595215411265,0.988,,0.048,-1,0,1,0,1,1.25,中性,中性
2009-02-18,2275.843,2484.8684449999996,-0.07017933784520847,0.96,,0.08,-1,-1,1,0,1,0.0,中性,中性
2009-02-19,2298.412,2479.09187,-0.006479634754357533,0.908,,0.08,-1,0,1,0,1,1.25,中性,中性
2009-02-20,2344.32,2471.94095,-0.0017679580595383326,0.9,,0.084,-1,0,1,0,1,1.25,中性,中性
2009-02-23,2410.481,2464.978005,-0.04834658539088954,0.952,,0.104,-1,0,1,0,1,1.25,中性,中性
2009-02-24,2301.849,2457.84148,-0.05815516418103417,0.98,,0.26,-1,-1,1,0,1,0.0,中性,中性
2009-02-25,2304.251,2450.47802,-0.041862791734305405,0.94,,0.26,-1,0,1,0,1,1.25,中性,中性
2009-02-26,2190.185,2441.63335,-0.08763124086666874,0.932,,0.404,-1,-1,1,0,0,-1.5,防御,中性
2009-02-27,2140.489,2432.0569,-0.08193882820394494,0.868,,0.432,-1,-1,1,0,0,-1.5,防御,中性
2009-03-02,2164.666,2422.8257900000003,-0.06907777603845011,0.748,,0.432,-1,-1,1,0,0,-1.5,防御,中性
2009-03-03,2142.154,2414.4299650000003,-0.08292902201111785,0.8,,0.428,-1,-1,1,0,0,-1.5,防御,中性
2009-03-04,2285.149,2406.230505,-0.04452635011958317,0.94,,0.588,-1,0,1,0,0,-0.25,中性,中性
2009-03-05,2304.919,2398.36048,-0.0018413534554175826,0.976,,0.588,-1,0,1,0,0,-0.25,中性,中性
2009-03-06,2286.576,2390.26876,0.000509755138134782,0.86,,0.516,-1,0,1,0,0,-0.25,中性,中性
2009-03-09,2202.527,2382.0229600000002,-0.019340025040472608,0.86,,0.56,-1,0,1,0,0,-0.25,中性,中性
2009-03-10,2240.782,2373.34796,-0.004603877314043658,0.692,,0.572,-1,0,0,0,0,-1.25,中性,中性
2009-03-11,2220.38,2364.70942,0.016921983372965244,0.812,,0.572,-1,0,1,0,0,-0.25,中性,中性
2009-03-12,2215.7,2356.1073149999997,0.04193804143675228,0.716,,0.568,-1,0,1,0,0,-0.25,中性,中性
2009-03-13,2205.422,2347.564065,0.030982939445432622,0.68,,0.468,-1,0,0,0,0,-1.25,中性,中性
2009-03-16,2241.614,2340.218045,0.04593089881558954,0.612,,0.44,-1,0,0,0,0,-1.25,中性,中性
2009-03-17,2322.403,2332.914815,0.12078271302034693,0.888,,0.48,-1,1,1,0,0,1.0,中性,中性
2009-03-18,2332.652,2326.020855,0.12262987728638208,0.92,,0.38,0,1,1,0,0,2.25,进攻,中性
2009-03-19,2382.564,2319.55794,0.1908943638845555,0.916,,0.396,0,1,1,0,0,2.25,进攻,中性
2009-03-20,2379.838,2313.6610450000003,0.23362958009677914,0.924,,0.372,0,1,1,0,0,2.25,进攻,中性
2009-03-23,2439.395,2307.977035,0.28660752430128844,0.94,,0.364,0,1,1,0,0,2.25,进攻,中性
2009-03-24,2451.783,2301.8547999999996,0.1826576747143065,0.952,,0.268,0,1,1,0,1,3.75,进攻,进攻
2009-03-25,2401.327,2295.957095,0.08774767690366159,0.896,,0.296,0,1,1,0,1,3.75,进攻,进攻
2009-03-26,2479.789,2290.29939,0.16779594608467807,0.932,,0.172,0,1,1,0,1,3.75,进攻,进攻
2009-03-27,2498.931,2284.664915,0.16835098064242837,0.98,,0.148,0,1,1,0,1,3.75,进攻,进攻
2009-03-30,2484.487,2279.016795,0.117360577675518,0.876,,0.164,0,1,1,0,1,3.75,进攻,进攻
2009-03-31,2507.789,2273.82116,0.11772387668881645,0.884,,0.14,0,1,1,0,1,3.75,进攻,进攻
2009-04-01,2548.222,2269.00158,0.1970812177971868,0.968,,0.016,0,1,1,0,1,3.75,进攻,进攻
2009-04-02,2576.4,2264.4360699999997,0.22542864318166256,0.98,,0.02,0,1,1,0,1,3.75,进攻,进攻
2009-04-03,2570.503,2261.255775,0.27071389765389076,0.948,,0.016,0,1,1,0,1,3.75,进攻,进攻
2009-04-07,2576.95,2258.43903,0.29151199044553255,0.8,,0.004,0,1,1,0,1,3.75,进攻,进攻
2009-04-08,2479.348,2255.412605,0.30015731845450344,0.884,,0.016,0,1,1,0,1,3.75,进攻,进攻
2009-04-09,2517.669,2253.1053650000003,0.26803664191034327,0.764,,0.012,0,1,1,0,1,3.75,进攻,进攻
2009-04-10,2595.53,2251.321805,0.34162333772179454,0.912,,0.052,0,1,1,0,1,3.75,进攻,进攻
2009-04-13,2656.518,2250.391015,0.3876823328576293,0.98,,0.06,0,1,1,0,1,3.75,进攻,进攻
2009-04-14,2676.872,2248.81901,0.4700794056575226,0.936,,0.052,0,1,1,0,1,3.75,进攻,进攻
2009-04-15,2686.99,2248.3885800000003,0.4656879376761205,0.96,,0.012,0,1,1,0,1,3.75,进攻,进攻
2009-04-16,2687.106,2247.5757700000004,0.4167022981094335,0.968,,0.016,0,1,1,0,1,3.75,进攻,进攻
2009-04-17,2650.691,2246.8795200000004,0.4088883526469034,0.912,,0.02,0,1,1,0,1,3.75,进攻,进攻
2009-04-20,2707.667,2246.15828,0.4769175971719113,0.864,,0.032,0,1,1,0,1,3.75,进攻,进攻
2009-04-21,2675.442,2244.687805,0.4581813623431692,0.92,,0.028,0,1,1,0,1,3.75,进攻,进攻
2009-04-22,2576.281,2242.6646750000004,0.4460506803442752,0.984,,0.12,0,1,1,0,1,3.75,进攻,进攻
2009-04-23,2593.564,2241.55239,0.567419746886239,0.764,,0.116,0,1,1,0,1,3.75,进攻,进攻
2009-04-24,2572.888,2240.457735,0.5082998206141327,0.724,,0.068,0,1,1,0,1,3.75,进攻,进攻
2009-04-27,2513.292,2239.53246,0.5156538053084536,0.716,,0.116,0,1,1,0,1,3.75,进攻,进攻
2009-04-28,2518.531,2238.62713,0.48353435560561153,0.652,,0.116,0,1,0,0,1,2.75,进攻,进攻
2009-04-29,2605.37,2237.85092,0.5660471490568986,0.764,,0.152,0,1,1,0,1,3.75,进攻,进攻
2009-04-30,2622.926,2237.2562900000003,0.5862469776999919,0.8,,0.14,0,1,1,0,1,3.75,进攻,进攻
2009-05-04,2714.301,2236.41398,0.6675079050399966,0.872,,0.16,0,1,1,0,1,3.75,进攻,进攻
2009-05-05,2727.014,2235.5398450000002,0.6122630689006869,0.884,,0.16,0,1,1,0,1,3.75,进攻,进攻
2009-05-06,2764.979,2234.28911,0.6759723744314379,0.896,,0.176,0,1,1,0,1,3.75,进攻,进攻
2009-05-07,2767.076,2233.25585,0.6492022121470211,0.952,,0.128,0,1,1,0,1,3.75,进攻,进攻
2009-05-08,2789.219,2232.434455,0.5481340870805615,0.9,,0.12,0,1,1,0,1,3.75,进攻,进攻
2009-05-11,2725.316,2231.181665,0.5299066275729623,0.94,,0.12,0,1,1,0,1,3.75,进攻,进攻
2009-05-12,2788.562,2230.8595800000003,0.5476337020894948,0.724,,0.12,0,1,1,0,1,3.75,进攻,进攻
2009-05-13,2814.005,2231.2016249999997,0.5015378195831346,0.82,,0.128,0,1,1,0,1,3.75,进攻,进攻
2009-05-14,2792.597,2231.57427,0.4367768131570744,0.732,,0.148,0,1,1,0,1,3.75,进攻,进攻
2009-05-15,2796.116,2231.4775400000003,0.40704550315137955,0.676,,0.144,0,1,0,0,1,2.75,进攻,进攻
2009-05-18,2810.573,2230.9751499999998,0.5276355989366346,0.696,,0.104,0,1,0,0,1,2.75,进攻,进攻
2009-05-19,2840.084,2230.651855,0.4540947171331833,0.828,,0.084,0,1,1,0,1,3.75,进攻,进攻
2009-05-20,2812.865,2230.2995800000003,0.45561180028440895,0.788,,0.072,0,1,1,0,1,3.75,进攻,进攻
2009-05-21,2750.01,2229.16282,0.4317487836687519,0.788,,0.008,0,1,1,0,1,3.75,进攻,进攻
2009-05-22,2740.677,2228.170195,0.4914096434452413,0.628,,0.012,0,1,0,0,1,2.75,进攻,进攻
2009-05-25,2752.716,2227.12952,0.5006950903181278,0.66,,0.008,0,1,0,0,1,2.75,进攻,进攻
2009-05-26,2719.764,2226.20019,0.47533028296794955,0.672,,0.008,0,1,0,0,1,2.75,进攻,进攻
2009-05-27,2759.712,2225.57683,0.4754086265880342,0.632,,0.012,0,1,0,0,1,2.75,进攻,进攻
2009-06-01,2858.342,2225.84249,0.5620003890871972,0.832,,0.016,0,1,1,0,1,3.75,进攻,进攻
2009-06-02,2865.099,2225.964045,0.5369012528128614,0.856,,0.02,0,1,1,0,1,3.75,进攻,进攻
2009-06-03,2939.387,2226.79523,0.5730162883950871,0.852,,0.008,0,1,1,0,1,3.75,进攻,进攻
2009-06-04,2953.751,2228.04859,0.5126744536193559,0.924,,0.012,0,1,1,0,1,3.75,进攻,进攻
2009-06-05,2939.306,2229.1366550000002,0.48230596370619594,0.8,,0.008,0,1,1,0,1,3.75,进攻,进攻
2009-06-08,2948.478,2230.2768349999997,0.46459100674308007,0.748,,0.008,0,1,1,0,1,3.75,进攻,进攻
2009-06-09,2960.556,2232.122305,0.4131289390731232,0.74,,0.008,0,1,1,0,1,3.75,进攻,进攻
2009-06-10,2989.595,2234.786225,0.464879532860621,0.784,,0.004,1,1,1,0,1,5.0,进攻,进攻
2009-06-11,2961.629,2237.373595,0.41272604898031995,0.744,,0.004,1,1,1,0,1,5.0,进攻,进攻
2009-06-12,2906.286,2239.681665,0.4202382110082552,0.696,,0.012,1,1,0,0,1,4.0,进攻,进攻
2009-06-15,2966.192,2242.2950650000002,0.5130699150164764,0.6,,0.02,1,1,0,0,1,4.0,进攻,进攻
2009-06-16,2961.22,2244.8630900000003,0.4993260875508976,0.588,,0.024,1,1,0,0,1,4.0,进攻,进攻
2009-06-17,3010.588,2248.34902,0.5094828148111008,0.608,,0.028,1,1,0,0,1,4.0,进攻,进攻
2009-06-18,3057.428,2251.8938,0.5276293831379719,0.76,,0.044,1,1,1,0,1,5.0,进攻,进攻
2009-06-19,3080.001,2254.629105,0.5060378406553805,0.836,,0.028,1,1,1,0,1,5.0,进攻,进攻
2009-06-22,3082.563,2257.822025,0.5021402319754167,0.8,,0.004,1,1,1,0,1,5.0,进攻,进攻
2009-06-23,3083.895,2261.21686,0.5285353664272838,0.768,,0.004,1,1,1,0,1,5.0,进攻,进攻
2009-06-24,3120.73,2264.81777,0.6262653371235907,0.76,,0.008,1,1,1,0,1,5.0,进攻,进攻
2009-06-25,3117.921,2268.749715,0.6522507054568576,0.624,,0.004,1,1,0,0,1,4.0,进攻,进攻
2009-06-26,3128.421,2272.76536,0.6722682966593878,0.58,,0.004,1,1,0,0,1,4.0,进攻,进攻
2009-06-29,3179.972,2276.985895,0.7077379469157339,0.68,,0.004,1,1,0,0,1,4.0,进攻,进攻
2009-06-30,3166.474,2280.860065,0.7072177109993385,0.656,,0.008,1,1,0,0,1,4.0,进攻,进攻
2009-07-01,3237.903,2285.503725,0.7660309746459515,0.74,,0.004,1,1,1,0,1,5.0,进攻,进攻
2009-07-02,3282.359,2290.488465,0.8057541252182676,0.892,,0.012,1,1,1,0,1,5.0,进攻,进攻
2009-07-03,3327.135,2295.89432,0.7669715591258228,0.864,,0.008,1,1,1,0,1,5.0,进攻,进攻
2009-07-06,3374.753,2301.5123550000003,0.7370607809882155,0.956,,0.016,1,1,1,0,1,5.0,进攻,进攻
2009-07-07,3340.493,2307.29766,0.7297696017663828,0.936,,0.028,1,1,1,0,1,5.0,进攻,进攻
2009-07-08,3352.269,2313.426415,0.775574671701295,0.828,,0.028,1,1,1,0,1,5.0,进攻,进攻
2009-07-09,3396.304,2319.71221,0.7704159531684533,0.908,,0.028,1,1,1,0,1,5.0,进攻,进攻
2009-07-10,3398.31,2325.98788,0.7693200401731257,0.868,,0.004,1,1,1,0,1,5.0,进攻,进攻
2009-07-13,3361.011,2332.4323050000003,0.7914070307565619,0.828,,0.008,1,1,1,0,1,5.0,进攻,进攻
2009-07-14,3454.753,2339.31684,0.7669165587517468,0.872,,0.012,1,1,1,0,1,5.0,进攻,进攻
2009-07-15,3493.305,2346.78011,0.7869719480641717,0.984,,0.012,1,1,1,0,1,5.0,进攻,进攻
2009-07-16,3501.24,2354.640635,0.759227902125098,0.968,,0.012,1,1,1,0,1,5.0,进攻,进攻
2009-07-17,3519.809,2362.7597299999998,0.7490038336070444,0.884,,0.016,1,1,1,0,1,5.0,进攻,进攻
2009-07-20,3591.123,2370.34978,0.773227697154341,0.988,,0.032,1,1,1,0,1,5.0,进攻,进攻
2009-07-21,3539.832,2377.01087,0.7509098733250563,0.98,,0.068,1,1,1,0,1,5.0,进攻,进攻
2009-07-22,3606.924,2384.4281,0.7641643568685741,0.892,,0.072,1,1,1,0,1,5.0,进攻,进攻
2009-07-23,3651.969,2391.99368,0.7966258371944062,0.884,,0.072,1,1,1,0,1,5.0,进攻,进攻
2009-07-24,3667.556,2399.2138,0.7829089337565256,0.956,,0.072,1,1,1,0,1,5.0,进攻,进攻
2009-07-27,3743.626,2406.713645,0.7751473510012283,0.98,,0.084,1,1,1,0,1,5.0,进攻,进攻
2009-07-28,3755.818,2414.8492549999996,0.7336566325734599,0.992,,0.072,1,1,1,0,1,5.0,进攻,进攻
2009-07-29,3558.508,2422.129555,0.6543728390573373,1.0,,0.236,1,1,1,0,1,5.0,进攻,进攻
2009-07-30,3634.818,2430.18924,0.6246594078523922,0.972,,0.26,1,1,1,0,1,5.0,进攻,进攻
2009-07-31,3734.622,2438.885865,0.6261015939585626,0.952,,0.316,1,1,1,0,0,3.5,进攻,进攻
2009-08-03,3787.033,2448.2862299999997,0.6276028202367674,0.984,,0.312,1,1,1,0,0,3.5,进攻,进攻
2009-08-04,3786.615,2457.291875,0.6243632938075738,0.996,,0.3,1,1,1,0,0,3.5,进攻,进攻
2009-08-05,3740.936,2466.32346,0.6136249036488564,0.98,,0.332,1,1,1,0,0,3.5,进攻,进攻
2009-08-06,3663.12,2475.06728,0.5268948527863979,0.872,,0.388,1,1,1,0,0,3.5,进攻,进攻
2009-08-07,3555.095,2483.73824,0.4438429157130992,0.732,,0.408,1,1,1,0,0,3.5,进攻,进攻
2009-08-10,3544.539,2492.294625,0.48599731772993926,0.552,,0.408,1,1,0,0,0,2.5,进攻,进攻
2009-08-11,3556.375,2500.592835,0.5626627144315317,0.436,,0.392,1,1,0,0,0,2.5,进攻,进攻
2009-08-12,3397.4,2508.172805,0.47815100164809454,0.616,,0.476,1,1,0,0,0,2.5,进攻,进攻
2009-08-13,3440.82,2516.21029,0.46772624897624904,0.484,,0.5,1,1,0,0,0,2.5,进攻,进攻
2009-08-14,3344.462,2523.7587000000003,0.38746665084686405,0.536,,0.532,1,1,0,0,0,2.5,进攻,进攻
2009-08-17,3140.271,2530.552065,0.364238488276164,0.528,,0.612,1,1,0,0,0,2.5,进攻,进攻
2009-08-18,3171.986,2538.13864,0.37658006875119066,0.428,,0.616,1,1,0,0,0,2.5,进攻,进攻
2009-08-19,3014.568,2544.6823799999997,0.37639879736186677,0.464,,0.616,1,1,0,0,0,2.5,进攻,进攻
2009-08-20,3144.39,2552.113215,0.46900544688620216,0.436,,0.684,1,1,0,0,0,2.5,进攻,进攻
2009-08-21,3203.624,2559.643055,0.479962266696109,0.548,,0.728,1,1,0,0,0,2.5,进攻,进攻
2009-08-24,3229.6,2567.472755,0.5076413740562069,0.496,,0.676,1,1,0,0,0,2.5,进攻,进攻
2009-08-25,3109.83,2574.754195,0.36088718941303166,0.664,,0.732,1,1,0,0,0,2.5,进攻,进攻
2009-08-26,3172.386,2582.47733,0.3763546571484726,0.572,,0.664,1,1,0,0,0,2.5,进攻,进攻
2009-08-27,3156.301,2589.8017349999996,0.3803612912931824,0.616,,0.644,1,1,0,0,0,2.5,进攻,进攻
2009-08-28,3046.781,2596.78676,0.38331153261685325,0.492,,0.604,1,1,0,0,0,2.5,进攻,进攻
2009-08-31,2830.271,2602.54898,0.26307289151733637,0.452,,0.74,1,1,0,0,0,2.5,进攻,进攻
2009-09-01,2843.7,2607.759155,0.2807267224529133,0.34,,0.748,1,1,0,0,0,2.5,进攻,进攻
2009-09-02,2890.926,2613.30698,0.30474612989123084,0.268,,0.792,1,1,-1,0,0,1.5,进攻,进攻
2009-09-03,3051.964,2619.557685,0.38384581272881113,0.564,,0.884,1,1,0,0,-1,1.0,中性,进攻
2009-09-04,3077.142,2625.572985,0.37273500254727154,0.552,,0.872,1,1,0,0,-1,1.0,中性,进攻
2009-09-07,3104.208,2631.3757549999996,0.3366362341075173,0.584,,0.88,1,1,0,0,-1,1.0,中性,进攻
2009-09-08,3170.967,2637.2944649999995,0.35938279691955777,0.532,,0.892,1,1,0,0,-1,1.0,中性,进攻
2009-09-09,3194.909,2644.069915,0.34095411497865347,0.568,,0.852,1,1,0,0,-1,1.0,中性,中性
2009-09-10,3162.914,2650.1186700000003,0.3290459266555119,0.364,,0.84,1,1,0,0,-1,1.0,中性,中性
2009-09-11,3238.133,2656.6471949999996,0.3274328265820008,0.472,,0.84,1,1,0,0,-1,1.0,中性,中性
2009-09-14,3293.394,2663.51049,0.34326488110897246,0.652,,0.744,1,1,0,0,0,2.5,进攻,中性
2009-09-15,3302.642,2670.83549,0.37534038471228603,0.656,,0.736,1,1,0,0,0,2.5,进攻,中性
2009-09-16,3258.236,2677.9551999999994,0.31391662758404015,0.696,,0.648,1,1,0,0,0,2.5,进攻,中性
2009-09-17,3320.096,2685.3382049999996,0.3286065121445929,0.788,,0.592,1,1,1,0,0,3.5,进攻,中性
2009-09-18,3199.689,2691.984285,0.28786707275988954,0.848,,0.644,1,1,1,0,0,3.5,进攻,进攻
2009-09-21,3208.604,2698.877685,0.27945532897703895,0.592,,0.644,1,1,0,0,0,2.5,进攻,进攻
2009-09-22,3131.026,2705.21179,0.22871005744397443,0.452,,0.604,1,1,0,0,0,2.5,进攻,进攻
2009-09-23,3060.069,2711.16898,0.18773055426176044,0.34,,0.604,1,1,0,0,0,2.5,进攻,进攻
2009-09-24,3080.926,2716.81027,0.1985693072523158,0.304,,0.612,1,1,0,0,0,2.5,进攻,进攻
2009-09-25,3058.528,2722.18827,0.18687906245755648,0.168,,0.588,1,1,-1,0,0,1.5,进攻,进攻
2009-09-28,2972.643,2726.9856099999997,0.1989615818352244,0.148,,0.444,1,1,-1,0,0,1.5,进攻,进攻
2009-09-29,2972.286,2731.3718600000007,0.1805705992328619,0.156,,0.448,1,1,-1,0,0,1.5,进攻,进攻
2009-09-30,3004.805,2736.1916499999998,0.15768455768186063,0.124,,0.444,1,1,-1,0,0,1.5,进攻,进攻
2009-10-09,3163.708,2741.5282249999996,0.19092285465409975,0.224,,0.416,1,1,-1,0,0,1.5,进攻,进攻
2009-10-12,3151.632,2747.0547,0.17735625760215656,0.252,,0.416,1,1,-1,0,0,1.5,进攻,进攻
2009-10-13,3198.517,2753.245385,0.19037175426778674,0.184,,0.432,1,1,-1,0,0,1.5,进攻,进攻
2009-10-14,3227.399,2759.50721,0.20106873342547704,0.528,,0.412,1,1,0,0,0,2.5,进攻,进攻
2009-10-15,3239.643,2765.7331749999994,0.22218810114041965,0.284,,0.412,1,1,-1,0,0,1.5,进攻,进攻
2009-10-16,3241.709,2771.93462,0.19723326391317686,0.26,,0.408,1,1,-1,0,0,1.5,进攻,进攻
2009-10-19,3329.158,2778.3549,0.24433943998786,0.412,,0.42,1,1,0,0,0,2.5,进攻,进攻
2009-10-20,3377.574,2784.9822000000004,0.3110270191799731,0.632,,0.416,1,1,0,0,0,2.5,进攻,进攻
2009-10-21,3369.285,2791.74088,0.29909460495287576,0.588,,0.42,1,1,0,0,0,2.5,进攻,进攻
2009-10-22,3347.32,2798.8827050000004,0.3009971673854439,0.292,,0.408,1,1,-1,0,0,1.5,进攻,进攻
2009-10-23,3413.252,2806.51359,0.35808015940845705,0.608,,0.412,1,1,0,0,0,2.5,进攻,进攻
2009-10-26,3414.239,2814.2309599999994,0.3556470021611806,0.372,,0.308,1,1,0,0,0,2.5,进攻,进攻
2009-10-27,3314.722,2821.4940899999997,0.27226535962262566,0.4,,0.404,1,1,0,0,0,2.5,进攻,进攻
2009-10-28,3329.327,2828.8669399999994,0.2693179296709096,0.268,,0.38,1,1,-1,0,0,1.5,进攻,进攻
2009-10-29,3247.051,2835.9350200000003,0.19627521045013063,0.332,,0.388,1,1,0,0,0,2.5,进攻,进攻
2009-10-30,3280.372,2843.24827,0.20291718341013265,0.296,,0.392,1,1,-1,0,0,1.5,进攻,进攻
2009-11-02,3392.803,2850.79749,0.2270628456852657,0.596,,0.428,1,1,0,0,0,2.5,进攻,进攻
2009-11-03,3435.425,2858.26064,0.24153619199472653,0.708,,0.332,1,1,1,0,0,3.5,进攻,进攻
2009-11-04,3453.888,2865.87419,0.2382993232155668,0.656,,0.312,1,1,0,0,0,2.5,进攻,进攻
2009-11-05,3464.318,2873.755825,0.2711619496601496,0.656,,0.316,1,1,0,0,0,2.5,进攻,进攻
2009-11-06,3483.021,2881.579105,0.24903839326505928,0.816,,0.16,1,1,1,0,1,5.0,进攻,进攻
2009-11-09,3495.788,2889.4546100000002,0.2422820854973604,0.6,,0.144,1,1,0,0,1,4.0,进攻,进攻
2009-11-10,3503.776,2897.5925650000004,0.2546658182329924,0.608,,0.14,1,1,0,0,1,4.0,进攻,进攻
2009-11-11,3495.674,2905.294715,0.2501891910063818,0.452,,0.144,1,1,0,0,1,4.0,进攻,进攻
2009-11-12,3499.992,2913.020305,0.245294820664683,0.572,,0.148,1,1,0,0,1,4.0,进攻,进攻
2009-11-13,3518.722,2920.6628450000003,0.23894997471905777,0.704,,0.144,1,1,1,0,1,5.0,进攻,进攻
2009-11-16,3625.798,2928.72951,0.28900533797391637,0.972,,0.192,1,1,1,0,1,5.0,进攻,进攻
2009-11-17,3628.354,2936.7453299999997,0.31939665673942996,0.832,,0.16,1,1,1,0,1,5.0,进攻,进攻
2009-11-18,3630.229,2944.7879249999996,0.32457381880462366,0.752,,0.156,1,1,1,0,1,5.0,进攻,进攻
2009-11-19,3642.437,2952.777355,0.3232156895226388,0.864,,0.136,1,1,1,0,1,5.0,进攻,进攻
2009-11-20,3631.013,2960.76901,0.33504708496766633,0.872,,0.124,1,1,1,0,1,5.0,进攻,进攻
2009-11-23,3665.509,2968.81124,0.3282215680476803,0.84,,0.128,1,1,1,0,1,5.0,进攻,进攻
2009-11-24,3548.08,2976.0070899999996,0.24130702344226118,0.996,,0.148,1,1,1,0,1,5.0,进攻,进攻
2009-11-25,3629.629,2983.3231650000002,0.2668424372072309,0.912,,0.22,1,1,1,0,1,5.0,进攻,进攻
2009-11-26,3485.773,2989.9971749999995,0.18588433574755547,0.992,,0.264,1,1,1,0,1,5.0,进攻,进攻
2009-11-27,3382.51,2995.7233249999995,0.1451574624942995,0.66,,0.4,1,1,0,0,0,2.5,进攻,进攻
2009-11-30,3511.669,3001.79831,0.19472725874747288,0.548,,0.46,1,1,0,0,0,2.5,进攻,进攻
2009-12-01,3560.831,3007.96869,0.20768443922593294,0.8,,0.464,1,1,1,0,0,3.5,进攻,进攻
2009-12-02,3597.329,3014.299645,0.21508561229714962,0.852,,0.476,1,1,1,0,0,3.5,进攻,进攻
2009-12-03,3590.876,3020.66231,0.20112456704001724,0.72,,0.48,1,1,1,0,0,3.5,进攻,进攻
2009-12-04,3643.491,3026.88444,0.2302320783595786,0.988,,0.488,1,1,1,0,0,3.5,进攻,进攻
2009-12-07,3668.832,3032.917375,0.2623781692510647,0.54,,0.492,1,1,0,0,0,2.5,进攻,进攻
2009-12-08,3624.019,3039.111005,0.22177492218979755,0.5,,0.504,1,1,0,0,0,2.5,进攻,进攻
2009-12-09,3554.478,3045.50418,0.200342426432349,0.292,,0.536,1,1,-1,0,0,1.5,进攻,进攻
2009-12-10,3577.237,3051.8983049999997,0.1882187134207669,0.148,,0.54,1,1,-1,0,0,1.5,进攻,进攻
2009-12-11,3575.02,3058.0518049999996,0.16929000453976362,0.136,,0.54,1,1,-1,0,0,1.5,进攻,进攻
2009-12-14,3612.753,3064.063165,0.17297137241189198,0.308,,0.484,1,1,0,0,0,2.5,进攻,进攻
2009-12-15,3583.341,3070.470625,0.16245507391089808,0.192,,0.492,1,1,-1,0,0,1.5,进攻,进攻
2009-12-16,3560.723,3076.7529850000005,0.15461875323251917,0.224,,0.496,1,1,-1,0,0,1.5,进攻,进攻
2009-12-17,3480.153,3083.202825,0.1151727320210334,0.232,,0.52,1,1,-1,0,0,1.5,进攻,进攻
2009-12-18,3391.735,3089.4590550000007,0.08781941556569284,0.196,,0.564,1,1,-1,0,0,1.5,进攻,进攻
2009-12-21,3396.622,3095.6188349999998,0.08573046914082227,0.06,,0.564,1,1,-1,0,0,1.5,进攻,进攻
2009-12-22,3305.543,3101.43578,0.03948808354287392,0.104,,0.54,1,0,-1,0,0,0.25,中性,进攻
2009-12-23,3336.48,3106.692435,0.05368937183757061,0.076,,0.496,1,1,-1,0,0,1.5,进攻,进攻
2009-12-24,3438.817,3112.361925,0.0620506543895849,0.208,,0.44,1,1,-1,0,0,1.5,进攻,进攻
2009-12-25,3424.783,3118.0529600000004,0.04339074427873357,0.096,,0.284,1,0,-1,0,1,1.75,进攻,进攻
2009-12-28,3478.433,3124.43249,0.04547395882643768,0.144,,0.224,1,0,-1,0,1,1.75,进攻,进攻
2009-12-29,3500.737,3130.732265,0.03733132469250333,0.212,,0.22,1,0,-1,0,1,1.75,进攻,进攻
2009-12-30,3558.857,3137.4246500000004,0.06536879436657994,0.44,,0.236,1,1,0,0,1,4.0,进攻,进攻
2009-12-31,3575.684,3144.2245700000003,0.06664590460968389,0.316,,0.24,1,1,0,0,1,4.0,进攻,进攻
2010-01-04,3535.229,3150.873605,0.04090475999792709,0.256,,0.228,1,0,-1,0,1,1.75,进攻,进攻
2010-01-05,3564.038,3157.485725,0.048767769862078536,0.396,,0.232,1,0,0,0,1,2.75,进攻,进攻
2010-01-06,3541.727,3163.5823450000003,0.05376834529848318,0.36,,0.224,1,1,0,0,1,4.0,进攻,进攻
2010-01-07,3471.456,3169.276365,0.004834788478365937,0.428,,0.232,1,0,0,0,1,2.75,进攻,进攻
2010-01-08,3480.13,3174.764195,-0.0037715000551052924,0.152,,0.22,1,0,-1,0,1,1.75,进攻,进攻
2010-01-11,3482.052,3180.275265,-0.005480344106659207,0.504,,0.224,1,0,0,0,1,2.75,进攻,进攻
2010-01-12,3534.916,3185.7528700000003,0.004291994253097231,0.56,,0.252,1,0,0,0,1,2.75,进攻,进攻
2010-01-13,3421.144,3190.5996749999995,-0.04733310443557637,0.708,,0.304,1,0,1,0,0,2.25,进攻,进攻
2010-01-14,3469.051,3195.938295,-0.0199955817112224,0.488,,0.32,1,0,0,0,0,1.25,中性,进攻
2010-01-15,3482.738,3200.95304,-0.034429890954175923,0.308,,0.292,1,0,0,0,1,2.75,进攻,进攻
2010-01-18,3500.684,3205.9618049999995,-0.04142559808147328,0.48,,0.248,1,0,0,0,1,2.75,进攻,进攻
2010-01-19,3507.482,3211.0767800000003,-0.04364595932550175,0.432,,0.248,1,0,0,0,1,2.75,进攻,进攻
2010-01-20,3394.434,3215.5100049999996,-0.09327641169283474,0.704,,0.292,1,-1,1,0,1,2.5,进攻,进攻
2010-01-21,3408.574,3219.811765,-0.0924549592126136,0.248,,0.292,1,-1,-1,0,1,0.5,中性,进攻
2010-01-22,3366.197,3223.76075,-0.05404259313172821,0.504,,0.144,1,-1,0,0,1,1.5,进攻,进攻
2010-01-25,3328.014,3227.548305,-0.08440697718565282,0.032,,0.16,1,-1,-1,0,1,0.5,中性,进攻
2010-01-26,3242.797,3230.87754,-0.1316933815524034,0.108,,0.228,1,-1,-1,0,1,0.5,中性,进攻
2010-01-27,3198.566,3234.47363,-0.15538998471890797,0.028,,0.228,0,-1,-1,0,1,-0.75,中性,进攻
2010-01-28,3206.57,3237.9181350000003,-0.15318298797210694,0.012,,0.132,0,-1,-1,0,1,-0.75,中性,进攻
2010-01-29,3204.155,3240.96126,-0.1434884210796442,0.048,,0.124,0,-1,-1,0,1,-0.75,中性,中性
2010-02-01,3152.707,3243.442205,-0.139338323614842,0.088,,0.136,0,-1,-1,0,1,-0.75,中性,中性
2010-02-02,3146.189,3245.78879,-0.11501971114695952,0.052,,0.12,0,-1,-1,0,1,-0.75,中性,中性
2010-02-03,3230.715,3248.507415,-0.0885373245998986,0.144,,0.316,0,-1,-1,0,0,-2.25,防御,中性
2010-02-04,3218.802,3251.165895,-0.09492053003409362,0.14,,0.288,0,-1,-1,0,1,-0.75,中性,中性
2010-02-05,3153.087,3253.677875,-0.07191175604874323,0.12,,0.32,0,-1,-1,0,0,-2.25,防御,中性
2010-02-08,3150.988,3255.89448,-0.08423340947797342,0.004,,0.32,0,-1,-1,0,0,-2.25,防御,中性
2010-02-09,3169.19,3258.3632200000006,-0.05240663520769562,0.004,,0.26,0,-1,-1,0,1,-0.75,中性,中性
2010-02-10,3214.13,3261.552465,0.023519944616244848,0.004,,0.148,0,0,-1,0,1,0.5,中性,中性
2010-02-11,3220.398,3264.6866349999996,0.015262362444222743,0.008,,0.12,0,0,-1,0,1,0.5,中性,中性
2010-02-12,3251.278,3268.078585,0.07852203035393446,0.008,,0.132,0,1,-1,0,1,1.75,进攻,中性
2010-02-22,3233.345,3271.6788500000002,0.028290065799725816,0.028,,0.128,0,0,-1,0,1,0.5,中性,中性
2010-02-23,3198.634,3275.0793649999996,-0.001557611005536197,0.072,,0.132,0,0,-1,0,1,0.5,中性,中性
2010-02-24,3244.483,3278.2749299999996,0.004608310626702972,0.136,,0.1,0,0,-1,0,1,0.5,中性,中性
2010-02-25,3292.128,3281.62094,0.05861992456179288,0.34,,0.12,1,1,0,0,1,4.0,进攻,中性
2010-02-26,3281.666,3284.4577649999997,0.03444725830967621,0.188,,0.112,0,0,-1,0,1,0.5,中性,中性
2010-03-01,3324.423,3287.4448100000004,0.053265515551273346,0.284,,0.124,1,1,-1,0,1,3.0,进攻,中性
2010-03-02,3311.236,3290.1760950000003,0.0867981650141576,0.24,,0.092,1,1,-1,0,1,3.0,进攻,中性
2010-03-03,3335.081,3293.01612,0.1783610120726955,0.336,,0.068,1,1,0,0,1,4.0,进攻,中性
2010-03-04,3250.573,3295.32289,0.1430787354502936,0.436,,0.112,0,1,0,0,1,2.75,进攻,中性
2010-03-05,3259.764,3297.99513,0.1275847254478324,0.136,,0.116,0,1,-1,0,1,1.75,进攻,进攻
2010-03-08,3286.178,3300.48321,0.07674205855639182,0.08,,0.104,0,1,-1,0,1,1.75,进攻,进攻
2010-03-09,3305.863,3302.9425,0.07432903648905387,0.14,,0.104,1,1,-1,0,1,3.0,进攻,进攻
2010-03-10,3279.694,3305.3779849999996,0.056531649940983364,0.104,,0.06,0,1,-1,0,1,1.75,进攻,进攻
2010-03-11,3276.705,3307.78093,0.033345663956767746,0.064,,0.06,0,0,-1,0,1,0.5,中性,进攻
2010-03-12,3233.126,3309.8936949999998,0.011961843044668852,0.032,,0.036,0,0,-1,0,1,0.5,中性,进攻
2010-03-15,3183.183,3311.60919,0.006408331051682037,0.024,,0.068,0,0,-1,0,1,0.5,中性,进攻
2010-03-16,3203.971,3313.5647200000003,-0.01054990638123876,0.016,,0.076,0,0,-1,0,1,0.5,中性,进攻
2010-03-17,3273.916,3316.18425,-0.005914263522675878,0.128,,0.112,0,0,-1,0,1,0.5,中性,中性
2010-03-18,3267.555,3318.81864,-0.010623918668750676,0.148,,0.116,0,0,-1,0,1,0.5,中性,中性
2010-03-19,3293.871,3321.5244150000003,0.010936899598433136,0.14,,0.108,0,0,-1,0,1,0.5,中性,中性
2010-03-22,3302.628,3324.4387349999997,-0.0052612936493402485,0.18,,0.108,0,0,-1,0,1,0.5,中性,中性
2010-03-23,3275.573,3327.01804,0.023716054904086015,0.16,,0.096,0,0,-1,0,1,0.5,中性,中性
2010-03-24,3276.669,3329.109675,0.021213275306021018,0.136,,0.064,0,0,-1,0,1,0.5,中性,中性
2010-03-25,3229.128,3330.9298199999994,0.031332221450732334,0.14,,0.064,0,0,-1,0,1,0.5,中性,中性
2010-03-26,3275.002,3332.607895,0.07023795868655247,0.176,,0.112,0,1,-1,0,1,1.75,进攻,中性
2010-03-29,3358.54,3334.6318399999996,0.09010732487570294,0.532,,0.168,1,1,0,0,1,4.0,进攻,中性
2010-03-30,3366.708,3336.7688499999995,0.10076088889818902,0.244,,0.168,1,1,-1,0,1,3.0,进攻,中性
2010-03-31,3345.607,3338.7544949999997,0.12546545279739263,0.228,,0.172,1,1,-1,0,1,3.0,进攻,中性
2010-04-01,3391.935,3340.9113899999998,0.1411872881680969,0.48,,0.096,1,1,0,0,1,4.0,进攻,进攻
2010-04-02,3407.346,3343.000145,0.13396576483332545,0.416,,0.1,1,1,0,0,1,4.0,进攻,进攻
2010-04-06,3405.145,3345.2177250000004,0.07631456506099799,0.376,,0.096,1,1,0,0,1,4.0,进攻,进攻
2010-04-07,3386.949,3347.62104,0.07466512587764051,0.272,,0.104,1,1,-1,0,1,3.0,进攻,进攻
2010-04-08,3346.744,3349.5238,0.046342414312633196,0.368,,0.132,0,0,0,0,1,1.5,进攻,进攻
2010-04-09,3379.17,3351.61355,0.047025793835841156,0.292,,0.148,1,0,-1,0,1,1.75,进攻,进攻
2010-04-12,3351.478,3353.3179999999998,0.0345207789870674,0.62,,0.116,0,0,0,0,1,1.5,进攻,进攻
2010-04-13,3391.716,3354.9894400000003,0.04627404865766804,0.68,,0.064,1,0,0,0,1,2.75,进攻,进攻
2010-04-14,3403.707,3356.6079699999996,0.022392749157594816,0.312,,0.064,1,0,0,0,1,2.75,进攻,进攻
2010-04-15,3394.574,3358.168025,0.005033198384402526,0.312,,0.012,1,0,0,0,1,2.75,进攻,进攻
2010-04-16,3356.332,3359.53021,-0.003844435837277005,0.092,,0.028,0,0,-1,0,1,0.5,中性,进攻
2010-04-19,3176.423,3359.8086749999998,-0.051054873749746155,0.536,,0.516,0,-1,0,0,0,-1.25,中性,进攻
2010-04-20,3173.374,3360.08594,-0.07027843241577247,0.244,,0.516,0,-1,-1,0,0,-2.25,防御,进攻
2010-04-21,3236.679,3360.62723,-0.052005732463368814,0.396,,0.54,0,-1,0,0,0,-1.25,中性,进攻
2010-04-22,3201.541,3360.735075,-0.03414494488527242,0.448,,0.544,0,0,0,0,0,0.0,中性,进攻
2010-04-23,3190.003,3360.8527200000008,-0.041847496506050685,0.28,,0.54,0,0,-1,0,0,-1.0,中性,进攻
2010-04-26,3171.997,3360.5231900000003,-0.02311451221431393,0.14,,0.524,0,0,-1,0,0,-1.0,中性,进攻
2010-04-27,3108.409,3359.65344,-0.05242179850334039,0.34,,0.46,0,-1,0,0,0,-1.25,中性,中性
2010-04-28,3097.353,3358.50453,-0.08708138963564926,0.104,,0.444,0,-1,-1,0,0,-2.25,防御,中性
2010-04-29,3060.064,3356.931085,-0.10926188171769147,0.152,,0.472,0,-1,-1,0,0,-2.25,防御,中性
2010-04-30,3067.365,3355.565445,-0.11190953499360723,0.144,,0.376,0,-1,-1,0,0,-2.25,防御,中性
2010-05-04,3019.449,3353.901345,-0.12841459704334302,0.036,,0.384,0,-1,-1,0,0,-2.25,防御,中性
2010-05-05,3036.394,3352.1017950000005,-0.12822977524396217,0.216,,0.424,0,-1,-1,0,0,-2.25,防御,防御
2010-05-06,2896.856,3349.594525,-0.17132961152106474,0.192,,0.6,0,-1,-1,0,0,-2.25,防御,防御
2010-05-07,2836.789,3346.9734150000004,-0.19036234051491863,0.18,,0.604,-1,-1,-1,0,0,-3.5,防御,防御
2010-05-10,2858.233,3343.990815,-0.18235138631348347,0.104,,0.604,-1,-1,-1,0,0,-3.5,防御,防御
2010-05-11,2800.817,3340.528375,-0.1997647423194111,0.14,,0.616,-1,-1,-1,0,0,-3.5,防御,防御
2010-05-12,2818.16,3337.112975,-0.1990955807250474,0.112,,0.604,-1,-1,-1,0,0,-3.5,防御,防御
2010-05-13,2886.911,3333.9484849999994,-0.20378603551549201,0.116,,0.716,-1,-1,-1,0,0,-3.5,防御,防御
2010-05-14,2868.023,3330.3329849999996,-0.2095525960256358,0.056,,0.708,-1,-1,-1,0,0,-3.5,防御,防御
2010-05-17,2714.715,3326.2074,-0.25219180387793705,0.12,,0.86,-1,-1,-1,0,-1,-5.0,防御,防御
2010-05-18,2771.348,3322.02952,-0.239150052560964,0.124,,0.776,-1,-1,-1,0,0,-3.5,防御,防御
2010-05-19,2762.174,3317.580545,-0.23928281171122212,0.044,,0.772,-1,-1,-1,0,0,-3.5,防御,防御
2010-05-20,2726.022,3312.8728749999996,-0.25630464964074573,0.04,,0.7,-1,-1,-1,0,0,-3.5,防御,防御
2010-05-21,2768.791,3307.9987000000006,-0.21963681765912824,0.144,,0.752,-1,-1,-1,0,0,-3.5,防御,防御
2010-05-24,2873.469,3303.5869549999998,-0.20832983205721578,0.436,,0.868,-1,-1,0,0,-1,-4.0,防御,防御
2010-05-25,2813.943,3299.86413,-0.1927348682774237,0.252,,0.876,-1,-1,-1,0,-1,-5.0,防御,防御
2010-05-26,2813.944,3295.7597599999995,-0.16808996869188864,0.048,,0.868,-1,-1,-1,0,-1,-5.0,防御,防御
2010-05-27,2859.979,3291.386545,-0.18557842439022587,0.176,,0.876,-1,-1,-1,0,-1,-5.0,防御,防御
2010-05-28,2850.302,3286.7028900000005,-0.19954021968467472,0.172,,0.872,-1,-1,-1,0,-1,-5.0,防御,防御
2010-05-31,2773.264,3281.6361349999997,-0.22907690678278247,0.092,,0.88,-1,-1,-1,0,-1,-5.0,防御,防御
2010-06-01,2744.162,3276.6522649999997,-0.23579594505630386,0.08,,0.872,-1,-1,-1,0,-1,-5.0,防御,防御
2010-06-02,2757.527,3272.1243,-0.24316349347370414,0.036,,0.868,-1,-1,-1,0,-1,-5.0,防御,防御
2010-06-03,2736.076,3268.0292050000003,-0.2542378609868209,0.056,,0.808,-1,-1,-1,0,-1,-5.0,防御,防御
2010-06-04,2744.391,3264.028465,-0.2427216855099269,0.012,,0.772,-1,-1,-1,0,0,-3.5,防御,防御
2010-06-07,2695.715,3259.7251650000003,-0.2416003137450844,0.044,,0.788,-1,-1,-1,0,0,-3.5,防御,防御
2010-06-08,2699.336,3256.2348449999995,-0.24541314986957818,0.028,,0.752,-1,-1,-1,0,0,-3.5,防御,防御
2010-06-09,2782.133,3252.94141,-0.22178533266946765,0.308,,0.828,-1,-1,0,0,-1,-4.0,防御,防御
2010-06-10,2750.023,3249.969215,-0.2388012687277542,0.1,,0.796,-1,-1,-1,0,0,-3.5,防御,防御
2010-06-11,2758.866,3248.0621900000006,-0.23008555423555832,0.06,,0.796,-1,-1,-1,0,0,-3.5,防御,防御
2010-06-17,2742.733,3245.915925,-0.2297258169197659,0.004,,0.536,-1,-1,-1,0,0,-3.5,防御,防御
2010-06-18,2696.166,3244.3239150000004,-0.22527371641419203,0.068,,0.52,-1,-1,-1,0,0,-3.5,防御,防御
2010-06-21,2780.663,3242.50528,-0.18016501878831925,0.132,,0.58,-1,-1,-1,0,0,-3.5,防御,防御
2010-06-22,2783.72,3240.40576,-0.18044457110623435,0.04,,0.568,-1,-1,-1,0,0,-3.5,防御,防御
2010-06-23,2758.495,3238.0502349999997,-0.16549414120463724,0.024,,0.552,-1,-1,-1,0,0,-3.5,防御,防御
2010-06-24,2757.498,3236.288575,-0.1735307869371313,0.004,,0.408,-1,-1,-1,0,0,-3.5,防御,防御
2010-06-25,2736.287,3234.1080799999995,-0.2042940929976792,0.008,,0.32,-1,-1,-1,0,0,-3.5,防御,防御
2010-06-28,2716.777,3231.9104599999996,-0.20673017823319018,0.004,,0.332,-1,-1,-1,0,0,-3.5,防御,防御
2010-06-29,2592.019,3229.63665,-0.2548314140303982,0.128,,0.528,-1,-1,-1,0,0,-3.5,防御,防御
2010-06-30,2563.07,3228.300645,-0.26784845591085527,0.02,,0.528,-1,-1,-1,0,0,-3.5,防御,防御
2010-07-01,2526.071,3226.7125,-0.2902016012444445,0.012,,0.496,-1,-1,-1,0,0,-3.5,防御,防御
2010-07-02,2534.105,3224.928395,-0.29129503613854024,0.1,,0.496,-1,-1,-1,0,0,-3.5,防御,防御
2010-07-05,2512.651,3222.2318299999997,-0.28925368059608025,0.008,,0.48,-1,-1,-1,0,0,-3.5,防御,防御
2010-07-06,2562.902,3219.66063,-0.2808993619035487,0.056,,0.532,-1,-1,-1,0,0,-3.5,防御,防御
2010-07-07,2580.477,3217.041975,-0.2714071412054063,0.04,,0.532,-1,-1,-1,0,0,-3.5,防御,防御
2010-07-08,2575.921,3214.066745,-0.257971006978052,0.024,,0.512,-1,-1,-1,0,0,-3.5,防御,防御
2010-07-09,2647.104,3211.3277199999998,-0.23936634551008162,0.272,,0.58,-1,-1,-1,0,0,-3.5,防御,防御
2010-07-12,2676.218,3208.89424,-0.2314250332849711,0.24,,0.5,-1,-1,-1,0,0,-3.5,防御,防御
2010-07-13,2634.593,3205.87654,-0.2546943123966737,0.104,,0.512,-1,-1,-1,0,0,-3.5,防御,防御
2010-07-14,2653.609,3202.6776149999996,-0.22435039273412638,0.148,,0.52,-1,-1,-1,0,0,-3.5,防御,防御
2010-07-15,2608.519,3199.2070000000003,-0.24805977196645423,0.5,,0.532,-1,-1,0,0,0,-2.5,防御,防御
2010-07-16,2616.128,3195.9964600000003,-0.24883008713259502,0.136,,0.516,-1,-1,-1,0,0,-3.5,防御,防御
2010-07-19,2682.472,3192.8083400000005,-0.2337291797831509,0.324,,0.468,-1,-1,0,0,0,-2.5,防御,防御
2010-07-20,2741.503,3190.51741,-0.21838429962006922,0.608,,0.528,-1,-1,0,0,0,-2.5,防御,防御
2010-07-21,2747.335,3188.211065,-0.19063531652110488,0.56,,0.516,-1,-1,0,0,0,-2.5,防御,防御
2010-07-22,2781.286,3186.462365,-0.18403238421697754,0.52,,0.544,-1,-1,0,0,0,-2.5,防御,防御
2010-07-23,2793.076,3185.1274,-0.17025771218975005,0.572,,0.524,-1,-1,0,0,0,-2.5,防御,防御
2010-07-26,2811.055,3183.7780450000005,-0.15533558452578633,0.392,,0.516,-1,-1,0,0,0,-2.5,防御,防御
2010-07-27,2795.724,3182.4640249999998,-0.1378664776117654,0.292,,0.18,-1,-1,-1,0,1,-2.0,防御,防御
2010-07-28,2863.724,3181.9194300000004,-0.10468503698219755,0.72,,0.18,-1,-1,1,0,1,0.0,中性,防御
2010-07-29,2877.976,3181.44788,-0.1024752305422929,0.816,,0.148,-1,-1,1,0,1,0.0,中性,防御
2010-07-30,2868.846,3180.7680850000006,-0.10464818337439985,0.408,,0.16,-1,-1,0,0,1,-1.0,中性,防御
2010-08-02,2917.275,3179.5359200000003,-0.07467614339042605,0.576,,0.14,-1,-1,0,0,1,-1.0,中性,防御
2010-08-03,2865.971,3178.1076149999994,-0.08906585078010254,0.72,,0.176,-1,-1,1,0,1,0.0,中性,中性
2010-08-04,2876.434,3176.4972,-0.10966024548745401,0.572,,0.176,-1,-1,0,0,1,-1.0,中性,中性
2010-08-05,2850.829,3174.61435,-0.11431986186164911,0.584,,0.184,-1,-1,0,0,1,-1.0,中性,中性
2010-08-06,2897.659,3172.9044300000005,-0.08100886528027929,0.664,,0.152,-1,-1,0,0,1,-1.0,中性,中性
2010-08-09,2918.241,3171.2870900000003,-0.07386476876459058,0.652,,0.152,-1,-1,0,0,1,-1.0,中性,中性
2010-08-10,2832.638,3168.8044899999995,-0.10619495833320192,0.732,,0.24,-1,-1,1,0,1,0.0,中性,中性
2010-08-11,2850.211,3166.1676749999997,-0.1132247295535651,0.296,,0.236,-1,-1,-1,0,1,-2.0,防御,中性
2010-08-12,2816.386,3163.4031800000002,-0.1254540587840386,0.384,,0.212,-1,-1,0,0,1,-1.0,中性,中性
2010-08-13,2855.547,3160.944315,-0.12171552232691263,0.332,,0.236,-1,-1,0,0,1,-1.0,中性,中性
2010-08-16,2922.083,3158.4884700000002,-0.09626625058569371,0.72,,0.22,-1,-1,1,0,1,0.0,中性,中性
2010-08-17,2942.291,3156.1287300000004,-0.08014139785921115,0.688,,0.176,-1,-1,0,0,1,-1.0,中性,中性
2010-08-18,2937.362,3154.2419299999997,-0.0946594573002848,0.828,,0.18,-1,-1,1,0,1,0.0,中性,中性
2010-08-19,2955.395,3152.3722700000003,-0.10228429757287694,0.756,,0.172,-1,-1,1,0,1,0.0,中性,中性
2010-08-20,2898.333,3150.62868,-0.11681048589344556,0.624,,0.256,-1,-1,0,0,1,-1.0,中性,中性
2010-08-23,2896.192,3148.7077799999997,-0.12881363171894789,0.316,,0.256,-1,-1,0,0,1,-1.0,中性,中性
2010-08-24,2911.827,3146.3029000000006,-0.12062232954703311,0.56,,0.24,-1,-1,0,0,1,-1.0,中性,中性
2010-08-25,2843.023,3143.34089,-0.1475400447545352,0.576,,0.264,-1,-1,0,0,1,-1.0,中性,中性
2010-08-26,2850.093,3140.321915,-0.12320289376672977,0.216,,0.26,-1,-1,-1,0,1,-2.0,防御,中性
2010-08-27,2858.566,3137.293155,-0.12307578094610538,0.136,,0.264,-1,-1,-1,0,1,-2.0,防御,中性
2010-08-30,2915.01,3134.4531,-0.11294823347974448,0.588,,0.296,-1,-1,0,0,1,-1.0,中性,中性
2010-08-31,2903.188,3131.4900999999995,-0.12180631804766251,0.592,,0.212,-1,-1,0,0,1,-1.0,中性,中性
2010-09-01,2884.042,3128.3914299999997,-0.12063686429282738,0.748,,0.224,-1,-1,1,0,1,0.0,中性,中性
2010-09-02,2921.393,3125.520025,-0.10843576092446527,0.724,,0.232,-1,-1,1,0,1,0.0,中性,中性
2010-09-03,2920.205,3122.62109,-0.09678589699257012,0.788,,0.196,-1,-1,1,0,1,0.0,中性,中性
2010-09-06,2975.09,3119.90293,-0.06537261602615996,0.9,,0.256,-1,-1,1,0,1,0.0,中性,中性
2010-09-07,2983.108,3116.6894800000005,-0.068934144535016,0.604,,0.108,-1,-1,0,0,1,-1.0,中性,中性
2010-09-08,2980.967,3113.4525449999996,-0.08947969343135254,0.62,,0.108,-1,-1,0,0,1,-1.0,中性,中性
2010-09-09,2926.46,3109.9337,-0.1043884494675682,0.812,,0.136,-1,-1,1,0,1,0.0,中性,中性
2010-09-10,2932.554,3106.3842849999996,-0.1096937311752646,0.608,,0.116,-1,-1,0,0,1,-1.0,中性,中性
2010-09-13,2962.319,3103.040815,-0.1030418805872173,0.664,,0.068,-1,-1,0,0,1,-1.0,中性,中性
2010-09-14,2965.009,3099.5383150000002,-0.09481211378894616,0.692,,0.052,-1,-1,0,0,1,-1.0,中性,中性
2010-09-15,2913.194,3096.363885,-0.11092820178052765,0.708,,0.116,-1,-1,1,0,1,0.0,中性,中性
2010-09-16,2857.789,3092.5046849999994,-0.11499668021831277,0.676,,0.148,-1,-1,0,0,1,-1.0,中性,中性
2010-09-17,2861.369,3089.382665,-0.12630007554193856,0.268,,0.116,-1,-1,-1,0,1,-2.0,防御,中性
2010-09-20,2849.828,3086.719255,-0.15146819749057627,0.208,,0.12,-1,-1,-1,0,1,-2.0,防御,中性
2010-09-21,2857.476,3083.4482900000003,-0.15125517270877065,0.056,,0.112,-1,-1,-1,0,1,-2.0,防御,中性
2010-09-27,2905.029,3080.16928,-0.1316885097382926,0.2,,0.048,-1,-1,-1,0,1,-2.0,防御,中性
2010-09-28,2880.907,3076.5871700000002,-0.1506597266751868,0.428,,0.072,-1,-1,0,0,1,-1.0,中性,中性
2010-09-29,2874.812,3073.0068499999998,-0.15628996879095935,0.352,,0.076,-1,-1,0,0,1,-1.0,中性,中性
2010-09-30,2935.574,3069.4672650000007,-0.13790044183140515,0.38,,0.092,-1,-1,0,0,1,-1.0,中性,中性
2010-10-08,3044.233,3066.3442699999996,-0.10118723370207228,0.84,,0.308,-1,-1,1,0,0,-1.5,防御,中性
2010-10-11,3132.895,3063.88865,-0.06389762706678492,0.988,,0.46,0,-1,1,0,0,-0.25,中性,中性
2010-10-12,3172.726,3061.97989,-0.06109310866277817,0.96,,0.46,0,-1,1,0,0,-0.25,中性,中性
2010-10-13,3217.577,3060.1815900000006,-0.039952820815174594,0.976,,0.5,0,0,1,0,0,1.0,中性,中性
2010-10-14,3224.14,3058.4271900000003,-0.049407438594505027,0.996,,0.44,0,0,1,0,0,1.0,中性,中性
2010-10-15,3327.683,3057.00184,-0.022335647574835304,0.996,,0.584,0,0,1,0,0,1.0,中性,中性
2010-10-18,3306.16,3055.6159350000003,-0.02604568349371683,1.0,,0.592,0,0,1,0,0,1.0,中性,中性
2010-10-19,3375.674,3054.6906900000004,0.0057628387179815554,0.948,,0.556,0,0,1,0,0,1.0,中性,中性
2010-10-20,3396.879,3054.2743200000004,0.06940385458737719,0.976,,0.556,0,1,1,0,0,2.25,进攻,中性
2010-10-21,3374.685,3054.1890699999994,0.06343752737622488,0.92,,0.584,0,1,1,0,0,2.25,进攻,中性
2010-10-22,3378.655,3054.0992349999997,0.04386471441869899,0.888,,0.584,0,0,1,0,0,1.0,中性,中性
2010-10-25,3481.081,3054.976925,0.08731420275423618,0.964,,0.568,0,1,1,0,0,2.25,进攻,中性
2010-10-26,3466.084,3055.6249450000005,0.0865456866341503,0.964,,0.392,0,1,1,0,0,2.25,进攻,中性
2010-10-27,3403.872,3055.45022,0.07310063660211541,0.948,,0.584,0,1,1,0,0,2.25,进攻,中性
2010-10-28,3397.692,3055.314765,0.09306465140205167,0.852,,0.58,0,1,1,0,0,2.25,进攻,中性
2010-10-29,3379.983,3054.8225150000003,0.09124888251355268,0.876,,0.608,0,1,1,0,0,2.25,进攻,进攻
2010-11-01,3472.995,3054.683805,0.13494194892655842,0.952,,0.636,0,1,1,0,0,2.25,进攻,进攻
2010-11-02,3463.131,3054.2051749999996,0.12902474925546858,0.984,,0.628,0,1,1,0,0,2.25,进攻,进攻
2010-11-03,3420.341,3053.4284599999996,0.1327699192799745,0.952,,0.672,0,1,1,0,0,2.25,进攻,进攻
2010-11-04,3480.505,3053.15484,0.1462626391700157,0.936,,0.664,0,1,1,0,0,2.25,进攻,进攻
2010-11-05,3520.798,3052.93864,0.21538592184078165,0.972,,0.5,0,1,1,0,0,2.25,进攻,进攻
2010-11-08,3548.566,3052.972835,0.25090939086410713,0.96,,0.364,0,1,1,0,0,2.25,进攻,进攻
2010-11-09,3523.954,3053.2353249999996,0.23291348186099592,0.948,,0.392,0,1,1,0,0,2.25,进攻,进攻
2010-11-10,3499.111,3053.33023,0.24931796686466834,0.924,,0.416,0,1,1,0,0,2.25,进攻,进攻
2010-11-11,3509.975,3053.4698449999996,0.24548464246174806,0.968,,0.416,0,1,1,0,0,2.25,进攻,进攻
2010-11-12,3291.833,3052.2544299999995,0.14026133815694353,0.988,,0.896,0,1,1,0,-1,0.75,中性,进攻
2010-11-15,3314.893,3051.723175,0.15581116329959688,0.848,,0.896,0,1,1,0,-1,0.75,中性,进攻
2010-11-16,3169.538,3050.2256100000004,0.16753987066782328,0.892,,0.96,0,1,1,0,-1,0.75,中性,进攻
2010-11-17,3103.906,3048.33145,0.1199986432595257,0.68,,0.968,0,1,0,0,-1,-0.25,中性,进攻
2010-11-18,3147.962,3046.5678399999997,0.13966824682297352,0.476,,0.968,0,1,0,0,-1,-0.25,中性,中性
2010-11-19,3178.846,3044.9246599999997,0.16611164546727797,0.684,,0.972,0,1,0,0,-1,-0.25,中性,中性
2010-11-22,3171.941,3043.812195,0.14560506733805467,0.72,,0.932,0,1,1,0,-1,0.75,中性,中性
2010-11-23,3107.176,3042.3052050000006,0.08133270273665727,0.616,,0.944,0,1,0,0,-1,-0.25,中性,中性
2010-11-24,3177.043,3041.359435,0.12903601814251386,0.608,,0.96,0,1,0,0,-1,-0.25,中性,中性
2010-11-25,3223.484,3040.8367850000004,0.1455394990092198,0.764,,0.964,0,1,1,0,-1,0.75,中性,中性
2010-11-26,3194.853,3040.5970650000004,0.11708967093814326,0.552,,0.964,0,1,0,0,-1,-0.25,中性,中性
2010-11-29,3190.05,3040.554485,0.11919719384121397,0.488,,0.928,0,1,0,0,-1,-0.25,中性,中性
2010-11-30,3136.985,3040.2065599999996,0.13115267785540796,0.824,,0.932,0,1,1,0,-1,0.75,中性,中性
2010-12-01,3136.024,3039.865905,0.14279842079294158,0.232,,0.928,0,1,-1,0,-1,-1.25,中性,中性
2010-12-02,3155.059,3039.8776649999995,0.14416250502714933,0.512,,0.896,0,1,0,0,-1,-0.25,中性,中性
2010-12-03,3158.156,3039.9375,0.15426472071682218,0.268,,0.88,0,1,-1,0,-1,-1.25,中性,中性
2010-12-06,3165.57,3039.611775,0.15346902099591486,0.364,,0.864,0,1,0,0,-1,-0.25,中性,中性
2010-12-07,3200.339,3039.51946,0.1871948629584359,0.3,,0.888,0,1,0,0,-1,-0.25,中性,中性
2010-12-08,3171.882,3039.613435,0.1750600888514806,0.3,,0.888,0,1,0,0,-1,-0.25,中性,中性
2010-12-09,3123.366,3039.4753250000003,0.12265157704538221,0.444,,0.892,0,1,0,0,-1,-0.25,中性,中性
2010-12-10,3161.977,3039.4392599999996,0.14980020167104047,0.224,,0.56,0,1,-1,0,0,0.25,中性,中性
2010-12-13,3261.061,3039.673915,0.18202950052666567,0.784,,0.712,0,1,1,0,0,2.25,进攻,中性
2010-12-14,3269.474,3039.919295,0.1920496818319537,0.712,,0.32,0,1,1,0,0,2.25,进攻,中性
2010-12-15,3247.644,3039.901125,0.2045415601264906,0.58,,0.228,0,1,0,0,1,2.75,进攻,中性
2010-12-16,3230.665,3039.887725,0.1618326276862747,0.324,,0.22,0,1,0,0,1,2.75,进攻,中性
2010-12-17,3225.661,3040.02286,0.15875914244248723,0.164,,0.2,0,1,-1,0,1,1.75,进攻,进攻
2010-12-20,3178.657,3039.6937300000004,0.15231566488248127,0.64,,0.248,0,1,0,0,1,2.75,进攻,进攻
2010-12-21,3249.509,3039.480635,0.17842660266662014,0.576,,0.24,0,1,0,0,1,2.75,进攻,进攻
2010-12-22,3215.453,3039.14957,0.17511540273370452,0.476,,0.192,0,1,0,0,1,2.75,进攻,进攻
2010-12-23,3188.607,3038.47049,0.1736727011455117,0.368,,0.168,0,1,0,0,1,2.75,进攻,进攻
2010-12-24,3162.955,3037.7290849999995,0.22026690390772607,0.24,,0.164,0,1,-1,0,1,1.75,进攻,进攻
2010-12-27,3099.709,3036.5522250000004,0.20937352471840387,0.48,,0.244,0,1,0,0,1,2.75,进攻,进攻
2010-12-28,3044.931,3035.524015,0.2054019859299283,0.292,,0.248,0,1,-1,0,1,1.75,进攻,进攻
2010-12-29,3061.83,3034.5343449999996,0.20824906623837602,0.092,,0.26,0,1,-1,0,1,1.75,进攻,进攻
2010-12-30,3064.098,3033.423945,0.21946820310500748,0.16,,0.248,0,1,-1,0,1,1.75,进攻,进攻
2010-12-31,3128.261,3032.5359350000003,0.2205932961931436,0.284,,0.364,0,1,-1,0,0,0.25,中性,进攻
2011-01-04,3189.682,3032.085875,0.2360823212142562,0.6,,0.472,0,1,0,0,0,1.25,中性,进攻
2011-01-05,3175.662,3031.5806600000005,0.23282585141392143,0.548,,0.464,0,1,0,0,0,1.25,中性,进攻
2011-01-06,3159.643,3031.213245,0.19362253995309597,0.308,,0.44,0,1,0,0,0,1.25,中性,进攻
2011-01-07,3166.624,3031.1304500000006,0.1832459089655627,0.636,,0.364,0,1,0,0,0,1.25,中性,中性
2011-01-10,3108.187,3030.65153,0.1797598338718731,0.404,,0.44,0,1,0,0,0,1.25,中性,中性
2011-01-11,3124.922,3029.9065600000004,0.1776120747254024,0.232,,0.176,0,1,-1,0,1,1.75,进攻,中性
2011-01-12,3142.337,3029.28047,0.20464409114903903,0.208,,0.18,0,1,-1,0,1,1.75,进攻,中性
2011-01-13,3141.284,3028.517535,0.20073788438486195,0.188,,0.18,0,1,-1,0,1,1.75,进攻,中性
2011-01-14,3091.862,3027.463705,0.15261669087319452,0.196,,0.22,0,1,-1,0,1,1.75,进攻,中性
2011-01-17,2974.35,3025.9575899999995,0.08493406718869156,0.44,,0.548,-1,1,0,0,0,0.0,中性,中性
2011-01-18,2977.648,3024.462485,0.08383142208722272,0.068,,0.52,-1,1,-1,0,0,-1.0,中性,中性
2011-01-19,3044.851,3023.5411000000004,0.0947637172157052,0.212,,0.524,0,1,-1,0,0,0.25,中性,中性
2011-01-20,2944.713,3021.889655,0.05429032364318065,0.336,,0.672,-1,1,0,0,0,0.0,中性,中性
2011-01-21,2983.456,3020.0142350000006,0.061329643141098344,0.504,,0.72,-1,1,0,0,0,0.0,中性,中性
2011-01-24,2954.232,3017.9518550000003,0.056696583782948506,0.376,,0.724,-1,1,0,0,0,0.0,中性,中性
2011-01-25,2938.654,3015.91709,0.026165231006898715,0.14,,0.664,-1,0,-1,0,0,-2.25,防御,中性
2011-01-26,2978.431,3013.84957,0.03490473860796617,0.072,,0.664,-1,0,-1,0,0,-2.25,防御,中性
2011-01-27,3026.466,3011.94517,0.054941952269309535,0.6,,0.716,0,1,0,0,0,1.25,中性,中性
2011-01-28,3036.735,3010.1031199999998,0.040949173458107335,0.34,,0.716,0,0,0,0,0,0.0,中性,中性
2011-01-31,3076.508,3008.550915,0.07346096663225121,0.456,,0.656,0,1,0,0,0,1.25,中性,中性
2011-02-01,3077.283,3007.2036100000005,0.06982569389737425,0.176,,0.576,0,1,-1,0,0,0.25,中性,中性
2011-02-09,3040.949,3005.512505,0.0666893735120555,0.38,,0.608,0,1,0,0,0,1.25,中性,中性
2011-02-10,3104.163,3004.27593,0.07126580456844644,0.552,,0.688,0,1,0,0,0,1.25,中性,中性
2011-02-11,3120.956,3002.92213,0.06946479060502542,0.64,,0.696,0,1,0,0,0,1.25,中性,中性
2011-02-14,3219.143,3001.9993100000006,0.13644701511453294,0.908,,0.788,0,1,1,0,0,2.25,进攻,中性
2011-02-15,3217.671,3001.114795,0.12892378844934638,0.9,,0.784,0,1,1,0,0,2.25,进攻,中性
2011-02-16,3248.527,3000.57577,0.15343812957456837,0.82,,0.8,0,1,1,0,0,2.25,进攻,中性
2011-02-17,3245.907,3000.92319,0.13670235510044138,0.844,,0.8,0,1,1,0,0,2.25,进攻,中性
2011-02-18,3211.876,3001.1157000000003,0.09917343210305796,0.692,,0.748,0,1,0,0,0,1.25,中性,中性
2011-02-21,3257.908,3001.2218450000005,0.10726913143533379,0.736,,0.472,0,1,1,0,0,2.25,进攻,中性
2011-02-22,3163.578,3001.03203,0.07701332011512374,0.9,,0.66,0,1,1,0,0,2.25,进攻,中性
2011-02-23,3174.742,3000.9557249999993,0.07421918220745449,0.644,,0.584,0,1,0,0,0,1.25,中性,中性
2011-02-24,3190.935,3001.0504149999997,0.10095527325535048,0.62,,0.308,0,1,0,0,0,1.25,中性,中性
2011-02-25,3197.617,3001.496455,0.10407631814465335,0.524,,0.288,0,1,0,0,1,2.75,进攻,中性
2011-02-28,3239.559,3002.207485,0.11255201631140865,0.728,,0.256,0,1,1,0,1,3.75,进攻,中性
2011-03-01,3254.893,3003.18163,0.1448704424832299,0.86,,0.228,0,1,1,0,1,3.75,进攻,中性
2011-03-02,3243.298,3004.061295,0.13796216474339618,0.848,,0.228,0,1,1,0,1,3.75,进攻,中性
2011-03-03,3221.718,3005.07264,0.1270399214151432,0.892,,0.216,0,1,1,0,1,3.75,进攻,进攻
2011-03-04,3270.666,3006.2439999999997,0.12200850082847059,0.708,,0.264,0,1,1,0,1,3.75,进攻,进攻
2011-03-07,3334.51,3008.4322699999993,0.14856840135740446,0.908,,0.324,0,1,1,0,0,2.25,进攻,进攻
2011-03-08,3337.457,3010.93561,0.1572151168394913,0.776,,0.32,1,1,1,0,0,3.5,进攻,进攻
2011-03-09,3338.858,3013.338735,0.1428992949596306,0.764,,0.228,1,1,1,0,1,5.0,进攻,进攻
2011-03-10,3280.259,3015.735945,0.12329750822288155,0.756,,0.284,1,1,1,0,1,5.0,进攻,进攻
2011-03-11,3247.376,3017.8820250000003,0.09152193715148105,0.664,,0.336,1,1,0,0,0,2.5,进攻,进攻
2011-03-14,3262.92,3019.7620699999998,0.09379881653631039,0.684,,0.108,1,1,0,0,1,4.0,进攻,进攻
2011-03-15,3203.961,3021.4417599999997,0.07480592706997413,0.904,,0.156,1,1,1,0,1,5.0,进攻,进攻
2011-03-16,3248.195,3024.1091600000004,0.10993999576279889,0.82,,0.196,1,1,1,0,1,5.0,进攻,进攻
2011-03-17,3197.1,3026.23792,0.09021010354796521,0.848,,0.268,1,1,1,0,1,5.0,进攻,进攻
2011-03-18,3215.685,3028.5054750000004,0.08552961379243751,0.492,,0.244,1,1,0,0,1,4.0,进攻,进攻
2011-03-21,3207.11,3030.9109150000004,0.08165270324643203,0.472,,0.176,1,1,0,0,1,4.0,进攻,进攻
2011-03-22,3222.961,3033.181765,0.10633243100184875,0.452,,0.016,1,1,0,0,1,4.0,进攻,进攻
2011-03-23,3264.926,3035.13905,0.1424657313748494,0.612,,0.028,1,1,0,0,1,4.0,进攻,进攻
2011-03-24,3251.361,3037.32614,0.13629559836567728,0.564,,0.028,1,1,0,0,1,4.0,进攻,进攻
2011-03-25,3294.484,3039.72884,0.15602906561378438,0.84,,0.056,1,1,1,0,1,5.0,进攻,进攻
2011-03-28,3290.571,3041.8818,0.15156557745366883,0.904,,0.032,1,1,1,0,1,5.0,进攻,进攻
2011-03-29,3257.979,3043.920185,0.12149620537350914,0.916,,0.048,1,1,1,0,1,5.0,进攻,进攻
2011-03-30,3256.08,3046.334265,0.13022739019343543,0.748,,0.048,1,1,1,0,1,5.0,进攻,进攻
2011-03-31,3223.288,3048.7298949999995,0.1212169700140393,0.544,,0.064,1,1,0,0,1,4.0,进攻,进攻
2011-04-01,3272.729,3051.3059049999997,0.11485147368112658,0.456,,0.072,1,1,0,0,1,4.0,进攻,进攻
2011-04-06,3311.067,3054.18086,0.08765229205517433,0.852,,0.016,1,1,1,0,1,5.0,进攻,进攻
2011-04-07,3324.419,3057.081,0.06113323300014839,0.732,,0.02,1,1,1,0,1,5.0,进攻,进攻
2011-04-08,3353.358,3060.369215,0.056932744901387666,0.62,,0.036,1,1,0,0,1,4.0,进攻,进攻
2011-04-11,3333.427,3063.53967,0.03600535433961638,0.872,,0.008,1,0,1,0,1,3.75,进攻,进攻
2011-04-12,3326.771,3066.2628600000003,0.031832054439323354,0.86,,0.004,1,0,1,0,1,3.75,进攻,进攻
2011-04-13,3372.031,3069.3729,0.013326990581735032,0.768,,0.016,1,0,1,0,1,3.75,进攻,进攻
2011-04-14,3353.56,3072.3463699999998,0.014336874198465965,0.788,,0.004,1,0,1,0,1,3.75,进攻,进攻
2011-04-15,3358.944,3075.4274250000003,-0.00495604729603627,0.768,,0.004,1,0,1,0,1,3.75,进攻,进攻
2011-04-18,3359.438,3078.743785,-0.011022176533223571,0.824,,0.004,1,0,1,0,1,3.75,进攻,进攻
2011-04-19,3295.812,3081.31953,-0.023371959160632838,0.844,,0.012,1,0,1,0,1,3.75,进攻,进攻
2011-04-20,3295.758,3083.87972,-0.024535503033011774,0.664,,0.012,1,0,0,0,1,2.75,进攻,进攻
2011-04-21,3317.367,3086.6740800000007,-0.04702964395255382,0.68,,0.016,1,0,0,0,1,2.75,进攻,进攻
2011-04-22,3299.942,3089.3863,-0.0479336334607009,0.64,,0.008,1,0,0,0,1,2.75,进攻,进攻
2011-04-25,3249.574,3091.9527350000003,-0.04533014167395244,0.632,,0.032,1,0,0,0,1,2.75,进攻,进攻
2011-04-26,3230.96,3094.52365,-0.04907213484918582,0.412,,0.016,1,0,0,0,1,2.75,进攻,进攻
2011-04-27,3209.503,3097.6110700000004,-0.050438123505354926,0.48,,0.024,1,-1,0,0,1,1.5,进攻,进攻
2011-04-28,3161.776,3100.6046,-0.08961112814731953,0.48,,0.04,1,-1,0,0,1,1.5,进攻,进攻
2011-04-29,3192.723,3103.93786,-0.0780819437670709,0.304,,0.048,1,-1,0,0,1,1.5,进攻,进攻
2011-05-03,3211.132,3107.3229950000004,-0.06116612349470418,0.428,,0.048,1,-1,0,0,1,1.5,进攻,进攻
2011-05-04,3129.028,3110.40488,-0.10098448357350454,0.556,,0.068,1,-1,0,0,1,1.5,进攻,进攻
2011-05-05,3126.117,3113.2209550000007,-0.11209987054071258,0.368,,0.06,1,-1,0,0,1,1.5,进攻,进攻
2011-05-06,3121.396,3115.92555,-0.1203782034771228,0.368,,0.056,1,-1,0,0,1,1.5,进攻,进攻
2011-05-09,3129.759,3118.69474,-0.11186156232459343,0.216,,0.048,1,-1,-1,0,1,0.5,中性,进攻
2011-05-10,3153.221,3121.225325,-0.09885082239460252,0.216,,0.06,1,-1,-1,0,1,0.5,中性,进攻
2011-05-11,3145.085,3123.5696599999997,-0.10395800539889877,0.388,,0.06,1,-1,0,0,1,1.5,进攻,进攻
2011-05-12,3101.603,3125.90471,-0.05778847225846517,0.468,,0.04,0,-1,0,0,1,0.25,中性,进攻
2011-05-13,3128.093,3128.27713,-0.0563517434801063,0.4,,0.06,0,-1,0,0,1,0.25,中性,进攻
2011-05-16,3100.463,3130.73685,-0.021793397018745275,0.268,,0.06,0,0,-1,0,1,0.5,中性,进攻
2011-05-17,3116.028,3133.23635,0.003905401774409345,0.416,,0.088,0,0,0,0,1,1.5,进攻,进攻
2011-05-18,3139.379,3135.520885,-0.00272652592375644,0.168,,0.052,1,0,-1,0,1,1.75,进攻,进攻
2011-05-19,3120.639,3137.4165650000004,-0.018310732888601633,0.176,,0.056,0,0,-1,0,1,0.5,中性,进攻
2011-05-20,3121.596,3139.28787,-0.01587198500854836,0.12,,0.04,0,0,-1,0,1,0.5,中性,进攻
2011-05-23,3022.98,3140.49634,-0.027097274180799547,0.456,,0.184,0,0,0,0,1,1.5,进攻,进攻
2011-05-24,3026.223,3141.662075,-0.04747181577334647,0.164,,0.148,0,0,-1,0,1,0.5,中性,进攻
2011-05-25,2990.343,3142.5585149999997,-0.072325781669771,0.156,,0.164,0,-1,-1,0,1,-0.75,中性,进攻
2011-05-26,2978.381,3143.4718,-0.0677564820666241,0.2,,0.164,0,-1,-1,0,1,-0.75,中性,进攻
2011-05-27,2963.308,3143.96972,-0.07107788279180582,0.24,,0.14,0,-1,-1,0,1,-0.75,中性,进攻
2011-05-30,2954.506,3144.3523699999996,-0.05817018570378896,0.08,,0.116,0,-1,-1,0,1,-0.75,中性,中性
2011-05-31,3001.556,3145.0159199999994,-0.042878498378838836,0.104,,0.172,0,0,-1,0,1,0.5,中性,中性
2011-06-01,3004.173,3145.4504100000004,-0.04782351138283003,0.112,,0.1,0,0,-1,0,1,0.5,中性,中性
2011-06-02,2955.705,3145.89908,-0.06410417978085947,0.288,,0.12,0,-1,-1,0,1,-0.75,中性,中性
2011-06-03,2986.349,3146.448655,-0.05661571217821748,0.104,,0.144,0,-1,-1,0,1,-0.75,中性,中性
2011-06-07,3004.262,3147.21582,-0.061267571966594714,0.08,,0.156,0,-1,-1,0,1,-0.75,中性,中性
2011-06-08,3008.652,3147.770785,-0.051461561306505144,0.164,,0.14,0,-1,-1,0,1,-0.75,中性,中性
2011-06-09,2951.889,3147.9390249999997,-0.05490134681622327,0.268,,0.232,0,-1,-1,0,1,-0.75,中性,中性
2011-06-10,2961.932,3148.5854950000003,-0.06326579858107761,0.152,,0.188,0,-1,-1,0,1,-0.75,中性,中性
2011-06-13,2950.348,3149.0861800000002,-0.0952797264448596,0.068,,0.152,0,-1,-1,0,1,-0.75,中性,中性
2011-06-14,2993.559,3149.972045,-0.08439125070271236,0.264,,0.248,0,-1,-1,0,1,-0.75,中性,中性
2011-06-15,2963.119,3150.5099049999994,-0.08760966411343107,0.184,,0.256,0,-1,-1,0,1,-0.75,中性,中性
2011-06-16,2917.578,3150.48738,-0.09691100748607484,0.14,,0.26,0,-1,-1,0,1,-0.75,中性,中性
2011-06-17,2892.157,3150.2367099999997,-0.1033909018957665,0.08,,0.268,0,-1,-1,0,1,-0.75,中性,中性
2011-06-20,2874.896,3149.9243800000004,-0.09556268575061733,0.048,,0.264,0,-1,-1,0,1,-0.75,中性,中性
2011-06-21,2909.073,3149.69277,-0.10476536609069254,0.084,,0.112,0,-1,-1,0,1,-0.75,中性,中性
2011-06-22,2908.582,3149.744015,-0.09543631954813214,0.044,,0.112,0,-1,-1,0,1,-0.75,中性,中性
2011-06-23,2957.629,3150.0512,-0.07243852879956669,0.168,,0.144,0,-1,-1,0,1,-0.75,中性,中性
2011-06-24,3027.47,3150.6294149999994,-0.042834943905303735,0.728,,0.3,0,0,1,0,0,1.0,中性,中性
2011-06-27,3036.491,3151.596755,-0.020394817707081514,0.472,,0.292,0,0,0,0,1,1.5,进攻,中性
2011-06-28,3041.734,3152.55496,-0.001049941689975964,0.34,,0.288,0,0,0,0,1,1.5,进攻,中性
2011-06-29,3000.169,3153.2629750000006,-0.020138609916291905,0.336,,0.288,0,0,0,0,1,1.5,进攻,中性
2011-06-30,3044.089,3153.90837,-0.006530143618121875,0.368,,0.328,0,0,0,0,0,0.0,中性,中性
2011-07-01,3049.745,3154.6411550000003,-0.02509892876585429,0.38,,0.272,0,0,0,0,1,1.5,进攻,中性
2011-07-04,3121.98,3155.830845,-0.021225313369796717,0.692,,0.356,0,0,0,0,0,0.0,中性,中性
2011-07-05,3122.5,3156.8363799999997,-0.0167404465588592,0.54,,0.348,0,0,0,0,0,0.0,中性,中性
2011-07-06,3113.712,3157.8039150000004,-0.014536768869141237,0.472,,0.368,0,0,0,0,0,0.0,中性,中性
2011-07-07,3101.68,3158.4368649999997,-0.020508907909496,0.628,,0.276,0,0,0,0,1,1.5,进攻,中性
2011-07-08,3109.183,3159.06724,0.0003204440402073683,0.272,,0.276,0,0,-1,0,1,0.5,中性,中性
2011-07-11,3113.206,3159.728435,-0.003749213580370947,0.268,,0.26,0,0,-1,0,1,0.5,中性,中性
2011-07-12,3056.905,3160.3806600000007,-0.027187408607033503,0.416,,0.336,0,0,0,0,0,0.0,中性,中性
2011-07-13,3106.247,3161.2491250000003,-0.011153719307136933,0.356,,0.34,0,0,0,0,0,0.0,中性,中性
2011-07-14,3115.745,3162.0162550000005,0.007724471532041255,0.476,,0.26,0,0,0,0,1,1.5,进攻,中性
2011-07-15,3128.889,3162.835655,0.05195723435372446,0.504,,0.192,0,1,0,0,1,2.75,进攻,中性
2011-07-18,3122.6,3163.882685,0.048680032025276265,0.508,,0.164,0,0,0,0,1,1.5,进攻,中性
2011-07-19,3095.125,3165.0693650000003,0.016511152762483272,0.36,,0.2,0,0,0,0,1,1.5,进攻,中性
2011-07-20,3091.567,3166.220355,0.049870394839836685,0.216,,0.204,0,0,-1,0,1,0.5,中性,中性
2011-07-21,3059.139,3167.26691,0.02536756030590026,0.188,,0.196,0,0,-1,0,1,0.5,中性,中性
2011-07-22,3067.985,3168.319455,0.03850510047958333,0.064,,0.072,0,0,-1,0,1,0.5,中性,中性
2011-07-25,2968.289,3168.635755,0.010084548912529412,0.552,,0.384,0,0,0,0,0,0.0,中性,中性
2011-07-26,2977.766,3169.12005,-0.00022327191732829377,0.084,,0.388,0,0,-1,0,0,-1.0,中性,中性
2011-07-27,3000.052,3169.74625,-0.008727671151765759,0.16,,0.368,0,0,-1,0,0,-1.0,中性,中性
2011-07-28,2981.002,3169.9733899999997,-0.018352934977862834,0.14,,0.316,0,0,-1,0,0,-1.0,中性,中性
2011-07-29,2972.079,3169.6126200000003,-0.033944004046145726,0.124,,0.316,0,0,-1,0,0,-1.0,中性,中性
2011-08-01,2977.721,3168.83675,-0.03235386540659402,0.012,,0.112,0,0,-1,0,1,0.5,中性,中性
2011-08-02,2956.383,3167.755035,-0.027809081967504312,0.068,,0.116,0,0,-1,0,1,0.5,中性,中性
2011-08-03,2954.87,3166.4414999999995,-0.048094446071292096,0.036,,0.12,0,0,-1,0,1,0.5,中性,中性
2011-08-04,2960.309,3165.1223449999998,-0.05147365102231494,0.012,,0.128,0,-1,-1,0,1,-0.75,中性,中性
2011-08-05,2897.417,3162.971015,-0.09994150617105235,0.168,,0.188,0,-1,-1,0,1,-0.75,中性,中性
2011-08-08,2793.897,3160.4096999999997,-0.13170209135738242,0.548,,0.528,0,-1,0,0,0,-1.25,中性,中性
2011-08-09,2798.19,3157.52228,-0.13862806127207805,0.476,,0.484,-1,-1,0,0,0,-2.5,防御,中性
2011-08-10,2824.12,3154.6584850000004,-0.12994426519305702,0.452,,0.412,-1,-1,0,0,0,-2.5,防御,中性
2011-08-11,2866.924,3152.1196800000007,-0.10739891577383442,0.408,,0.512,-1,-1,0,0,0,-2.5,防御,中性
2011-08-12,2875.365,3149.60323,-0.11741982892089042,0.428,,0.5,-1,-1,0,0,0,-2.5,防御,中性
2011-08-15,2917.883,3146.7872399999997,-0.07766364540403303,0.324,,0.62,-1,-1,0,0,0,-2.5,防御,防御
2011-08-16,2897.581,3143.944725,-0.08730189728803162,0.26,,0.62,-1,-1,-1,0,0,-3.5,防御,防御
2011-08-17,2886.013,3141.35543,-0.0955588252346099,0.08,,0.608,-1,-1,-1,0,0,-3.5,防御,防御
2011-08-18,2834.254,3138.53824,-0.11363556048144607,0.1,,0.628,-1,-1,-1,0,0,-3.5,防御,防御
2011-08-19,2807.664,3135.676645,-0.13331907213296623,0.092,,0.628,-1,-1,-1,0,0,-3.5,防御,防御
2011-08-22,2777.787,3132.2006049999995,-0.1465811625758513,0.032,,0.412,-1,-1,-1,0,0,-3.5,防御,防御
2011-08-23,2821.003,3128.989965,-0.1302054266983791,0.032,,0.5,-1,-1,-1,0,0,-3.5,防御,防御
2011-08-24,2810.016,3125.93834,-0.12778958307337884,0.068,,0.484,-1,-1,-1,0,0,-3.5,防御,防御
2011-08-25,2903.837,3123.055,-0.11215727928195673,0.52,,0.76,-1,-1,0,0,0,-2.5,防御,防御
2011-08-26,2901.216,3119.95709,-0.1299423303573839,0.184,,0.756,-1,-1,-1,0,0,-3.5,防御,防御
2011-08-29,2852.809,3116.4783049999996,-0.14521475482680368,0.14,,0.78,-1,-1,-1,0,0,-3.5,防御,防御
2011-08-30,2841.74,3113.0672350000004,-0.14888863198135416,0.172,,0.776,-1,-1,-1,0,0,-3.5,防御,防御
2011-08-31,2846.776,3109.80556,-0.13214901628194609,0.02,,0.776,-1,-1,-1,0,0,-3.5,防御,防御
2011-09-01,2834.535,3106.42836,-0.12713064332556512,0.004,,0.772,-1,-1,-1,0,0,-3.5,防御,防御
2011-09-02,2803.854,3103.9884650000004,-0.1406917730131294,0.004,,0.724,-1,-1,-1,0,0,-3.5,防御,防御
2011-09-05,2743.817,3101.133085,-0.1436172287989772,0.008,,0.592,-1,-1,-1,0,0,-3.5,防御,防御
2011-09-06,2723.303,3098.90191,-0.16159497813400991,0.004,,0.608,-1,-1,-1,0,0,-3.5,防御,防御
2011-09-07,2779.09,3097.27783,-0.1307466141190453,0.04,,0.66,-1,-1,-1,0,0,-3.5,防御,防御
2011-09-08,2756.105,3095.318545,-0.1429182273761267,0.016,,0.636,-1,-1,-1,0,0,-3.5,防御,防御
2011-09-09,2751.095,3093.17979,-0.14218876184477625,0.008,,0.636,-1,-1,-1,0,0,-3.5,防御,防御
2011-09-13,2720.283,3090.9215000000004,-0.1559677575993007,0.008,,0.564,-1,-1,-1,0,0,-3.5,防御,防御
2011-09-14,2733.108,3089.05116,-0.16288822472546083,0.016,,0.58,-1,-1,-1,0,0,-3.5,防御,防御
2011-09-15,2729.051,3086.8112,-0.16064349667723765,0.032,,0.584,-1,-1,-1,0,0,-3.5,防御,防御
2011-09-16,2733.987,3084.3637149999995,-0.17013195389627023,0.004,,0.5,-1,-1,-1,0,0,-3.5,防御,防御
2011-09-19,2679.27,3081.7857999999997,-0.18577353292179377,0.008,,0.6,-1,-1,-1,0,0,-3.5,防御,防御
2011-09-20,2689.845,3079.2847749999996,-0.17438233948100956,0.004,,0.576,-1,-1,-1,0,0,-3.5,防御,防御
2011-09-21,2771.011,3077.454905,-0.1489733053241935,0.368,,0.7,-1,-1,0,0,0,-2.5,防御,防御
2011-09-22,2685.688,3075.203225,-0.1667862133324729,0.208,,0.828,-1,-1,-1,0,-1,-5.0,防御,防御
2011-09-23,2669.478,3072.77532,-0.18432659716096256,0.128,,0.644,-1,-1,-1,0,0,-3.5,防御,防御
2011-09-26,2610.919,3070.0391349999995,-0.21145691101992203,0.052,,0.672,-1,-1,-1,0,0,-3.5,防御,防御
2011-09-27,2637.879,3067.40068,-0.20651428114205816,0.04,,0.676,-1,-1,-1,0,0,-3.5,防御,防御
2011-09-28,2610.59,3064.451935,-0.221499762327792,0.048,,0.676,-1,-1,-1,0,0,-3.5,防御,防御
2011-09-29,2588.185,3061.53345,-0.2235663177864703,0.084,,0.672,-1,-1,-1,0,0,-3.5,防御,防御
2011-09-30,2581.351,3058.8233749999995,-0.22406712094099657,0.016,,0.672,-1,-1,-1,0,0,-3.5,防御,防御
2011-10-10,2557.082,3055.7989000000002,-0.2416789762608944,0.004,,0.664,-1,-1,-1,0,0,-3.5,防御,防御
2011-10-11,2551.994,3052.253565,-0.2390194300981643,0.124,,0.628,-1,-1,-1,0,0,-3.5,防御,防御
2011-10-12,2644.758,3049.129985,-0.21262218125696652,0.464,,0.86,-1,-1,0,0,-1,-4.0,防御,防御
2011-10-13,2662.601,3046.2047700000003,-0.2074266588637742,0.412,,0.792,-1,-1,0,0,0,-2.5,防御,防御
2011-10-14,2653.782,3043.320355,-0.19480176660561943,0.104,,0.788,-1,-1,-1,0,0,-3.5,防御,防御
2011-10-17,2666.951,3040.526805,-0.19079283126977153,0.072,,0.792,-1,-1,-1,0,0,-3.5,防御,防御
2011-10-18,2592.209,3037.594565,-0.21859444553466656,0.304,,0.88,-1,-1,0,0,-1,-4.0,防御,防御
2011-10-19,2583.081,3034.262425,-0.21723442412018146,0.08,,0.872,-1,-1,-1,0,-1,-5.0,防御,防御
2011-10-20,2520.532,3030.78782,-0.22435002249525626,0.16,,0.9,-1,-1,-1,0,-1,-5.0,防御,防御
2011-10-21,2507.877,3027.3841700000003,-0.22379819001163748,0.016,,0.892,-1,-1,-1,0,-1,-5.0,防御,防御
2011-10-24,2576.669,3024.45274,-0.197175076639592,0.212,,0.92,-1,-1,-1,0,-1,-5.0,防御,防御
2011-10-25,2625.425,3022.08132,-0.16963598939330293,0.472,,0.92,-1,-1,0,0,-1,-4.0,防御,防御
2011-10-26,2651.652,3020.114925,-0.1694700730379679,0.648,,0.904,-1,-1,0,0,-1,-4.0,防御,防御
2011-10-27,2657.478,3018.093165,-0.17241707908612913,0.356,,0.804,-1,-1,0,0,-1,-4.0,防御,防御
2011-10-28,2709.017,3016.31776,-0.13423050225181754,0.684,,0.852,-1,-1,0,0,-1,-4.0,防御,防御
2011-10-31,2695.307,3014.15299,-0.13780994121461232,0.384,,0.788,-1,-1,0,0,0,-2.5,防御,防御
2011-11-01,2697.534,3011.6922499999996,-0.1357924467129451,0.468,,0.76,-1,-1,0,0,0,-2.5,防御,防御
2011-11-02,2742.39,3009.52589,-0.12376959376105323,0.648,,0.776,-1,-1,0,0,0,-2.5,防御,防御
2011-11-03,2744.301,3007.44918,-0.12968326672948072,0.884,,0.748,-1,-1,1,0,0,-1.5,防御,防御
2011-11-04,2763.746,3005.43479,-0.12124918722387468,0.612,,0.744,-1,-1,0,0,0,-2.5,防御,防御
2011-11-07,2736.248,3003.5750950000006,-0.11779553991919667,0.316,,0.752,-1,-1,0,0,0,-2.5,防御,防御
2011-11-08,2727.71,3001.589035,-0.12799587480295493,0.312,,0.76,-1,-1,0,0,0,-2.5,防御,防御
2011-11-09,2751.654,2999.6356199999996,-0.1125022295057223,0.3,,0.6,-1,-1,0,0,0,-2.5,防御,防御
2011-11-10,2699.588,2997.42714,-0.13364449870155204,0.448,,0.648,-1,-1,0,0,0,-2.5,防御,防御
2011-11-11,2695.002,2995.4428399999997,-0.1415493318901604,0.172,,0.648,-1,-1,-1,0,0,-3.5,防御,防御
2011-11-14,2750.195,2994.3220650000003,-0.1187077390239627,0.356,,0.72,-1,-1,0,0,0,-2.5,防御,防御
2011-11-15,2744.68,2993.157225,-0.12074464472660784,0.332,,0.544,-1,-1,0,0,0,-2.5,防御,防御
2011-11-16,2670.116,2991.2835499999997,-0.1167272029586699,0.56,,0.712,-1,-1,0,0,0,-2.5,防御,防御
2011-11-17,2662.017,2989.87007,-0.12035002047106247,0.176,,0.604,-1,-1,-1,0,0,-3.5,防御,防御
2011-11-18,2606.495,2987.985265,-0.12836253232488715,0.232,,0.684,-1,-1,-1,0,0,-3.5,防御,防御
2011-11-21,2609.687,2986.26254,-0.12379007252597973,0.036,,0.528,-1,-1,-1,0,0,-3.5,防御,防御
2011-11-22,2609.475,2984.616645,-0.11940473281886332,0.044,,0.424,-1,-1,-1,0,0,-3.5,防御,防御
2011-11-23,2584.011,2982.6445450000006,-0.12539998226437854,0.04,,0.416,-1,-1,-1,0,0,-3.5,防御,防御
2011-11-24,2588.915,2980.45679,-0.13747569593903963,0.052,,0.412,-1,-1,-1,0,0,-3.5,防御,防御
2011-11-25,2569.973,2978.12298,-0.14453228891944636,0.008,,0.3,-1,-1,-1,0,0,-3.5,防御,防御
2011-11-28,2573.321,2975.6070449999997,-0.12937150358374738,0.012,,0.304,-1,-1,-1,0,0,-3.5,防御,防御
2011-11-29,2608.569,2973.2634749999997,-0.1265022942730405,0.076,,0.368,-1,-1,-1,0,0,-3.5,防御,防御
2011-11-30,2521.52,2970.6663299999996,-0.1606857191549872,0.324,,0.548,-1,-1,0,0,0,-2.5,防御,防御
2011-12-01,2583.613,2968.06358,-0.14127223753361973,0.66,,0.736,-1,-1,0,0,0,-2.5,防御,防御
2011-12-02,2557.311,2965.245355,-0.13366966034291938,0.136,,0.724,-1,-1,-1,0,0,-3.5,防御,防御
2011-12-05,2521.385,2961.7565649999997,-0.14873636531831236,0.064,,0.744,-1,-1,-1,0,0,-3.5,防御,防御
2011-12-06,2516.341,2958.249915,-0.14710366370340044,0.012,,0.748,-1,-1,-1,0,0,-3.5,防御,防御
2011-12-07,2528.228,2954.64842,-0.1554440717553922,0.004,,0.724,-1,-1,-1,0,0,-3.5,防御,防御
2011-12-08,2525.001,2951.0438899999995,-0.14785703847871112,0.068,,0.68,-1,-1,-1,0,0,-3.5,防御,防御
2011-12-09,2503.461,2947.501815,-0.14193862169237637,0.004,,0.684,-1,-1,-1,0,0,-3.5,防御,防御
2011-12-12,2477.692,2943.600735,-0.14330653557189332,0.004,,0.512,-1,-1,-1,0,0,-3.5,防御,防御
2011-12-13,2421.928,2939.892485,-0.15755978651053826,0.14,,0.636,-1,-1,-1,0,0,-3.5,防御,防御
2011-12-14,2397.48,2936.006175,-0.17586117639536714,0.02,,0.456,-1,-1,-1,0,0,-3.5,防御,防御
2011-12-15,2340.788,2931.75544,-0.19521333763325222,0.124,,0.592,-1,-1,-1,0,0,-3.5,防御,防御
2011-12-16,2390.129,2927.718,-0.1918766687775918,0.128,,0.704,-1,-1,-1,0,0,-3.5,防御,防御
2011-12-19,2384.408,2923.442245,-0.2124090412126297,0.14,,0.7,-1,-1,-1,0,0,-3.5,防御,防御
2011-12-20,2377.073,2919.053145,-0.2171644836095349,0.092,,0.688,-1,-1,-1,0,0,-3.5,防御,防御
2011-12-21,2339.108,2914.5321950000002,-0.23099521522920796,0.072,,0.716,-1,-1,-1,0,0,-3.5,防御,防御
2011-12-22,2341.335,2910.13028,-0.21959896259177392,0.172,,0.712,-1,-1,-1,0,0,-3.5,防御,防御
2011-12-23,2359.159,2905.572745,-0.22500327684243127,0.096,,0.748,-1,-1,-1,0,0,-3.5,防御,防御
2011-12-26,2335.702,2900.5787050000004,-0.23413203398972693,0.02,,0.744,-1,-1,-1,0,0,-3.5,防御,防御
2011-12-27,2305.035,2895.416595,-0.26167528299348497,0.032,,0.664,-1,-1,-1,0,0,-3.5,防御,防御
2011-12-28,2307.928,2890.2619449999997,-0.260871737389912,0.068,,0.424,-1,-1,-1,0,0,-3.5,防御,防御
2011-12-29,2311.361,2885.4174550000002,-0.2576831126321253,0.028,,0.156,-1,-1,-1,0,1,-2.0,防御,防御
2011-12-30,2345.742,2880.9092849999997,-0.24371888782853157,0.104,,0.292,-1,-1,-1,0,1,-2.0,防御,防御
2012-01-04,2298.753,2876.08845,-0.2606568992561711,0.072,,0.352,-1,-1,-1,0,0,-3.5,防御,防御
2012-01-05,2276.385,2871.4505700000004,-0.2687971820689026,0.196,,0.36,-1,-1,-1,0,0,-3.5,防御,防御
2012-01-06,2290.601,2866.6626,-0.25067969073294727,0.092,,0.372,-1,-1,-1,0,0,-3.5,防御,防御
2012-01-09,2368.57,2862.51995,-0.23748175853369025,0.42,,0.788,-1,-1,0,0,0,-2.5,防御,防御
2012-01-10,2447.349,2858.67827,-0.21452204849883405,0.788,,0.952,-1,-1,1,0,-1,-3.0,防御,防御
2012-01-11,2435.608,2854.82076,-0.22157417537023527,0.52,,0.932,-1,-1,0,0,-1,-4.0,防御,防御
2012-01-12,2435.219,2850.8820499999997,-0.22013098059309544,0.352,,0.876,-1,-1,0,0,-1,-4.0,防御,防御
2012-01-13,2394.334,2846.52909,-0.22641767295343485,0.352,,0.892,-1,-1,0,0,-1,-4.0,防御,防御
2012-01-16,2345.649,2842.0005300000003,-0.24127505565947627,0.04,,0.88,-1,-1,-1,0,-1,-5.0,防御,防御
2012-01-17,2460.601,2837.831115,-0.19565570573942537,0.58,,1.0,-1,-1,0,0,-1,-4.0,防御,防御
2012-01-18,2422.189,2833.489205,-0.21049516213410435,0.608,,1.0,-1,-1,0,0,-1,-4.0,防御,防御
2012-01-19,2468.35,2829.5410599999996,-0.16842665926397338,0.368,,1.0,-1,-1,0,0,-1,-4.0,防御,防御
2012-01-20,2504.086,2825.78109,-0.15907227095748966,0.324,,0.996,-1,-1,0,0,-1,-4.0,防御,防御
2012-01-30,2460.72,2821.96825,-0.17977421724690112,0.196,,1.0,-1,-1,-1,0,-1,-5.0,防御,防御
2012-01-31,2464.26,2817.925905,-0.17334506987918818,0.064,,0.996,-1,-1,-1,0,-1,-5.0,防御,防御
2012-02-01,2428.994,2813.51554,-0.18272899206245863,0.14,,1.0,-1,-1,-1,0,-1,-5.0,防御,防御
2012-02-02,2486.238,2809.3246349999995,-0.16505340829446413,0.272,,1.0,-1,-1,-1,0,-1,-5.0,防御,防御
2012-02-03,2506.09,2805.088295,-0.15231213276493594,0.48,,1.0,-1,-1,0,0,-1,-4.0,防御,防御
2012-02-06,2504.322,2800.94277,-0.1524764202824489,0.432,,1.0,-1,-1,0,0,-1,-4.0,防御,防御
2012-02-07,2457.954,2796.598685,-0.16969681205576848,0.32,,1.0,-1,-1,0,0,-1,-4.0,防御,防御
2012-02-08,2528.236,2792.37971,-0.1274172823587354,0.58,,1.0,-1,-1,0,0,-1,-4.0,防御,防御
2012-02-09,2529.231,2788.258065,-0.0947300491034565,0.7,,0.992,-1,-1,0,0,-1,-4.0,防御,防御
2012-02-10,2533.624,2784.131465,-0.09454897630253856,0.68,,0.992,-1,-1,0,0,-1,-4.0,防御,防御
2012-02-13,2531.981,2779.99418,-0.10344425874254626,0.564,,0.956,-1,-1,0,0,-1,-4.0,防御,防御
2012-02-14,2522.107,2776.125655,-0.12027420329244864,0.388,,0.932,-1,-1,0,0,-1,-4.0,防御,防御
2012-02-15,2549.607,2772.3949,-0.11329274718166205,0.712,,0.932,-1,-1,1,0,-1,-3.0,防御,防御
2012-02-16,2536.074,2768.4884349999998,-0.13085137409553427,0.66,,0.932,-1,-1,0,0,-1,-4.0,防御,防御
2012-02-17,2537.086,2764.674155,-0.12441239778974267,0.376,,0.92,-1,-1,0,0,-1,-4.0,防御,防御
2012-02-20,2540.706,2761.129815,-0.11964845619198516,0.608,,0.884,-1,-1,0,0,-1,-4.0,防御,防御
2012-02-21,2562.453,2757.78728,-0.09589860330090383,0.492,,0.52,-1,-1,0,0,0,-2.5,防御,防御
2012-02-22,2597.476,2754.727145,-0.07486223422745741,0.864,,0.46,-1,-1,1,0,0,-1.5,防御,防御
2012-02-23,2606.256,2751.949545,-0.061750954986829476,0.828,,0.392,-1,-1,1,0,0,-1.5,防御,防御
2012-02-24,2648.017,2749.2260149999997,-0.06132074301232582,0.94,,0.4,-1,-1,1,0,0,-1.5,防御,防御
2012-02-27,2656.573,2746.45322,-0.054605738899707434,0.992,,0.252,-1,-1,1,0,1,0.0,中性,防御
2012-02-28,2662.463,2744.120395,-0.08312243421376608,0.86,,0.252,-1,-1,1,0,1,0.0,中性,防御
2012-02-29,2634.143,2741.660525,-0.09205553809161393,0.68,,0.2,-1,-1,0,0,1,-1.0,中性,防御
2012-03-01,2633.345,2739.22027,-0.0769290898899998,0.428,,0.088,-1,-1,0,0,1,-1.0,中性,防御
2012-03-02,2679.934,2736.9711450000004,-0.05693905846418024,0.76,,0.152,-1,-1,1,0,1,0.0,中性,中性
2012-03-05,2662.698,2734.51853,-0.06466191930801723,0.84,,0.172,-1,-1,1,0,1,0.0,中性,中性
2012-03-06,2621.052,2731.8983650000005,-0.07531499875640968,0.76,,0.152,-1,-1,1,0,1,0.0,中性,中性
2012-03-07,2603.005,2729.4053750000003,-0.07163318774800675,0.668,,0.008,-1,-1,0,0,1,-1.0,中性,中性
2012-03-08,2635.791,2726.943865,-0.03937070147170885,0.712,,0.02,-1,0,1,0,1,1.25,中性,中性
2012-03-09,2664.302,2724.7630599999998,-0.02166523519417407,0.748,,0.028,-1,0,1,0,1,1.25,中性,中性
2012-03-12,2654.402,2722.4549300000003,-0.044866485072451834,0.8,,0.04,-1,0,1,0,1,1.25,中性,中性
2012-03-13,2681.073,2720.1633999999995,-0.02722392651949046,0.788,,0.052,-1,0,1,0,1,1.25,中性,中性
2012-03-14,2605.106,2717.585735,-0.05306577926243894,1.0,,0.344,-1,-1,1,0,0,-1.5,防御,中性
2012-03-15,2585.546,2714.9054849999998,-0.04953050840666218,0.9,,0.364,-1,0,1,0,0,-0.25,中性,中性
2012-03-16,2623.52,2712.908185,-0.040096476246090584,0.772,,0.432,-1,0,1,0,0,-0.25,中性,中性
2012-03-19,2630.013,2710.927135,-0.03629027086705228,0.764,,0.436,-1,0,1,0,0,-0.25,中性,中性
2012-03-20,2584.445,2708.897645,-0.05469740712007776,0.72,,0.524,-1,-1,1,0,0,-1.5,防御,中性
2012-03-21,2587.793,2706.944705,-0.03414250896699467,0.696,,0.46,-1,0,0,0,0,-1.25,中性,中性
2012-03-22,2583.747,2705.0469,-0.039443908477997836,0.5,,0.456,-1,0,0,0,0,-1.25,中性,中性
2012-03-23,2552.94,2703.0390700000003,-0.0786972696968723,0.456,,0.404,-1,-1,0,0,0,-2.5,防御,中性
2012-03-26,2555.442,2700.8085000000005,-0.048496325708719756,0.168,,0.404,-1,0,-1,0,0,-2.25,防御,中性
2012-03-27,2547.143,2698.5233500000004,-0.04582731155679132,0.26,,0.404,-1,0,-1,0,0,-2.25,防御,中性
2012-03-28,2474.9,2696.119325,-0.05209621593009961,0.556,,0.568,-1,-1,0,0,0,-2.5,防御,中性
2012-03-29,2443.122,2693.40319,-0.07383090733123088,0.416,,0.58,-1,-1,0,0,0,-2.5,防御,防御
2012-03-30,2454.899,2690.656375,-0.059638242696095634,0.272,,0.496,-1,-1,-1,0,0,-3.5,防御,防御
2012-04-05,2512.832,2688.177275,-0.02911422483323256,0.528,,0.664,-1,0,0,0,0,-1.25,中性,防御
2012-04-06,2519.83,2686.0169800000003,-0.02383286891244163,0.392,,0.624,-1,0,0,0,0,-1.25,中性,防御
2012-04-09,2495.146,2683.68305,-0.024221358564175732,0.248,,0.632,-1,0,-1,0,0,-2.25,防御,防御
2012-04-10,2519.788,2681.5302500000003,-0.012619935626807965,0.336,,0.612,-1,0,0,0,0,-1.25,中性,防御
2012-04-11,2520.036,2679.162635,-0.04715818989865983,0.46,,0.56,-1,0,0,0,0,-1.25,中性,防御
2012-04-12,2570.436,2677.1992200000004,-0.03461464935978009,0.764,,0.676,-1,0,1,0,0,-0.25,中性,防御
2012-04-13,2580.454,2675.5135999999998,-0.027631508541394845,0.784,,0.668,-1,0,1,0,0,-0.25,中性,防御
2012-04-16,2574.044,2673.9230350000003,-0.03483641056772324,0.608,,0.468,-1,0,0,0,0,-1.25,中性,中性
2012-04-17,2541.883,2672.25797,-0.019414329631599947,0.604,,0.496,-1,0,0,0,0,-1.25,中性,中性
2012-04-18,2599.908,2670.712145,0.006514313720707765,0.884,,0.56,-1,0,1,0,0,-0.25,中性,中性
2012-04-19,2596.056,2669.1495149999996,0.029963515638761873,0.724,,0.556,-1,0,1,0,0,-0.25,中性,中性
2012-04-20,2626.839,2667.495565,0.04743534072843292,0.924,,0.516,-1,0,1,0,0,-0.25,中性,中性
2012-04-23,2606.038,2665.3884049999997,0.01139804918676024,0.964,,0.528,-1,0,1,0,0,-0.25,中性,中性
2012-04-24,2604.866,2663.2302799999998,-0.007830732167173005,0.976,,0.524,-1,0,1,0,0,-0.25,中性,中性
2012-04-25,2625.99,2661.1515600000002,-0.009677740517986644,0.972,,0.496,-1,0,1,0,0,-0.25,中性,中性
2012-04-26,2631.487,2659.3081499999994,-0.009780325556787317,0.928,,0.496,-1,0,1,0,0,-0.25,中性,中性
2012-04-27,2626.157,2657.2184899999997,-0.030586740504027765,0.696,,0.488,-1,0,0,0,0,-1.25,中性,中性
2012-05-02,2683.487,2655.3872,-0.0043854002531065195,0.976,,0.248,0,0,1,0,1,2.5,进攻,中性
2012-05-03,2691.518,2653.23489,-0.0022301850504943266,0.832,,0.164,0,0,1,0,1,2.5,进攻,中性
2012-05-04,2715.879,2651.201785,-0.009667115180554187,0.832,,0.168,0,0,1,0,1,2.5,进攻,中性
2012-05-07,2717.778,2649.2221149999996,-0.009664756161951726,0.904,,0.064,0,0,1,0,1,2.5,进攻,中性
2012-05-08,2709.116,2647.2592950000003,-0.019766650046711964,0.868,,0.08,0,0,1,0,1,2.5,进攻,进攻
2012-05-09,2657.514,2645.0009499999996,-0.028774438574281302,0.78,,0.168,0,0,1,0,1,2.5,进攻,进攻
2012-05-10,2657.214,2642.72099,-0.025844389616198282,0.564,,0.156,0,0,0,0,1,1.5,进攻,进攻
2012-05-11,2636.917,2640.6210499999997,-0.04169746632389104,0.456,,0.192,-1,0,0,0,1,0.25,中性,进攻
2012-05-14,2615.534,2638.167485,-0.03113586221304887,0.684,,0.116,-1,0,0,0,1,0.25,中性,进攻
2012-05-15,2617.374,2635.6756299999997,-0.028804431313965706,0.504,,0.116,-1,0,0,0,1,0.25,中性,进攻
2012-05-16,2574.647,2632.90442,-0.06383111015764342,0.484,,0.192,-1,-1,0,0,1,-1.0,中性,进攻
2012-05-17,2613.942,2630.3611300000002,-0.04763323957619825,0.652,,0.208,-1,0,0,0,1,0.25,中性,中性
2012-05-18,2573.976,2627.7553849999995,-0.036005926334286564,0.688,,0.12,-1,0,0,0,1,0.25,中性,中性
2012-05-21,2587.231,2625.233705,-0.028093734938582138,0.448,,0.124,-1,0,0,0,1,0.25,中性,中性
2012-05-22,2627.525,2623.0756349999997,0.008068306288713467,0.496,,0.152,0,0,0,0,1,1.5,进攻,中性
2012-05-23,2616.869,2620.820055,0.0027520541735466253,0.612,,0.132,-1,0,0,0,1,0.25,中性,中性
2012-05-24,2595.26,2618.95491,-0.00544745590588136,0.548,,0.16,-1,0,0,0,1,0.25,中性,中性
2012-05-25,2573.103,2616.931595,-0.0042213442589833505,0.432,,0.156,-1,0,0,0,1,0.25,中性,中性
2012-05-28,2614.689,2615.00478,0.009955521907826226,0.752,,0.264,-1,0,1,0,1,1.25,中性,中性
2012-05-29,2650.854,2613.3540399999997,0.03147153686050386,0.948,,0.352,0,0,1,0,0,1.0,中性,中性
2012-05-30,2642.258,2611.704935,0.026789118030746906,0.696,,0.132,0,0,0,0,1,1.5,进攻,中性
2012-05-31,2632.042,2609.97654,0.008998420206634439,0.508,,0.128,0,0,0,0,1,1.5,进攻,中性
2012-06-01,2632.998,2608.359615,0.04421063485516674,0.504,,0.092,0,0,0,0,1,1.5,进攻,中性
2012-06-04,2559.026,2606.3803949999997,-0.009516518147261177,0.704,,0.38,-1,0,1,0,0,-0.25,中性,中性
2012-06-05,2558.842,2604.37306,0.0005986757183620295,0.32,,0.38,-1,0,0,0,0,-1.25,中性,中性
2012-06-06,2557.401,2602.6729800000003,0.014284212843338029,0.212,,0.248,-1,0,-1,0,1,-0.75,中性,中性
2012-06-07,2542.184,2601.414415,0.010270070709812451,0.264,,0.252,-1,0,-1,0,1,-0.75,中性,中性
2012-06-08,2524.329,2600.04511,-0.0015421868597293997,0.352,,0.244,-1,0,0,0,1,0.25,中性,中性
2012-06-11,2558.265,2598.715835,0.01317385616876976,0.304,,0.34,-1,0,0,0,0,-1.25,中性,中性
2012-06-12,2540.178,2597.082105,0.014666495703348215,0.26,,0.352,-1,0,-1,0,0,-2.25,防御,中性
2012-06-13,2580.636,2595.6084600000004,0.04154834418483011,0.528,,0.364,-1,0,0,0,0,-1.25,中性,中性
2012-06-14,2560.421,2593.8211499999998,0.05718295506720272,0.4,,0.268,-1,1,0,0,1,1.5,进攻,中性
2012-06-15,2568.054,2592.173515,0.07114720456479295,0.356,,0.184,-1,1,0,0,1,1.5,进攻,中性
2012-06-18,2581.212,2590.64951,0.10271071109387098,0.272,,0.18,-1,1,-1,0,1,0.5,中性,中性
2012-06-19,2558.621,2589.2713449999997,0.07049493981287203,0.268,,0.096,-1,1,-1,0,1,0.5,中性,中性
2012-06-20,2552.611,2587.99608,0.07054287689019656,0.148,,0.096,-1,1,-1,0,1,0.5,中性,中性
2012-06-21,2512.185,2586.66807,0.05683965111715117,0.24,,0.172,-1,1,-1,0,1,0.5,中性,中性
2012-06-25,2456.518,2584.845645,0.05019434758890995,0.264,,0.324,-1,1,-1,0,0,-1.0,中性,中性
2012-06-26,2454.915,2583.07014,0.04851078551339305,0.14,,0.176,-1,0,-1,0,1,-0.75,中性,中性
2012-06-27,2447.195,2580.78693,0.03731668785359532,0.108,,0.064,-1,0,-1,0,1,-0.75,中性,中性
2012-06-28,2425.729,2578.409495,0.03854387246318214,0.16,,0.072,-1,0,-1,0,1,-0.75,中性,中性
2012-06-29,2461.612,2576.45351,0.06792825271633629,0.316,,0.216,-1,1,0,0,1,1.5,进攻,中性
2012-07-02,2465.238,2574.571,0.06816070518664352,0.324,,0.216,-1,1,0,0,1,1.5,进攻,中性
2012-07-03,2468.721,2572.680725,0.06808110026949499,0.324,,0.024,-1,1,0,0,1,1.5,进攻,中性
2012-07-04,2464.919,2570.8326450000004,0.05080567257609725,0.184,,0.024,-1,1,-1,0,1,0.5,中性,中性
2012-07-05,2430.37,2568.9652250000004,0.05725582522350159,0.22,,0.04,-1,1,-1,0,1,0.5,中性,中性
2012-07-06,2472.614,2567.60921,0.08620202645861741,0.5,,0.16,-1,1,0,0,1,1.5,进攻,中性
2012-07-09,2416.036,2566.072875,0.05476073746584409,0.484,,0.328,-1,1,0,0,0,0.0,中性,中性
2012-07-10,2406.706,2564.210955,0.01610085410184192,0.26,,0.236,-1,0,-1,0,1,-0.75,中性,中性
2012-07-11,2425.572,2562.55829,-0.008898199643777804,0.24,,0.256,-1,0,-1,0,1,-0.75,中性,中性
2012-07-12,2449.181,2561.0487200000002,0.005572735842549248,0.62,,0.188,-1,0,0,0,1,0.25,中性,中性
2012-07-13,2450.633,2559.7004699999998,0.0063296155294449985,0.216,,0.18,-1,0,-1,0,1,-0.75,中性,中性
2012-07-16,2399.731,2558.033585,0.00225407148710266,0.396,,0.32,-1,0,0,0,0,-1.25,中性,中性
2012-07-17,2414.201,2556.459335,0.02922517392840973,0.176,,0.324,-1,0,-1,0,0,-2.25,防御,中性
2012-07-18,2414.335,2554.861075,-0.018802723399689802,0.388,,0.316,-1,0,0,0,0,-1.25,中性,中性
2012-07-19,2424.322,2553.586335,0.0008806084083448074,0.604,,0.328,-1,0,0,0,0,-1.25,中性,中性
2012-07-20,2398.455,2552.1293849999997,-0.028316486721899237,0.368,,0.276,-1,0,0,0,1,0.25,中性,中性
2012-07-23,2365.431,2550.101485,-0.05537150081906128,0.196,,0.16,-1,-1,-1,0,1,-2.0,防御,中性
2012-07-24,2375.992,2548.5530049999998,-0.03443219870606962,0.164,,0.176,-1,0,-1,0,1,-0.75,中性,中性
2012-07-25,2360.083,2547.0060299999996,-0.0422751657698458,0.064,,0.192,-1,0,-1,0,1,-0.75,中性,中性
2012-07-26,2347.488,2545.688875,-0.03355545546839567,0.148,,0.168,-1,0,-1,0,1,-0.75,中性,中性
2012-07-27,2349.108,2544.2450200000003,-0.055155620660612414,0.132,,0.068,-1,-1,-1,0,1,-2.0,防御,中性
2012-07-30,2335.793,2542.871035,-0.06795326584440309,0.132,,0.068,-1,-1,-1,0,1,-2.0,防御,中性
2012-07-31,2332.922,2541.59472,-0.06844167802702694,0.164,,0.068,-1,-1,-1,0,1,-2.0,防御,中性
2012-08-01,2358.651,2540.4812199999997,-0.04040067470750075,0.172,,0.128,-1,0,-1,0,1,-0.75,中性,中性
2012-08-02,2334.882,2539.37022,-0.07647782881028509,0.168,,0.096,-1,-1,-1,0,1,-2.0,防御,中性
2012-08-03,2353.737,2538.3789349999997,-0.06938630753774566,0.164,,0.032,-1,-1,-1,0,1,-2.0,防御,中性
2012-08-06,2385.611,2537.0832,-0.05841948134371944,0.496,,0.012,-1,-1,0,0,1,-1.0,中性,中性
2012-08-07,2388.873,2535.71456,-0.05652017135989573,0.544,,0.012,-1,-1,0,0,1,-1.0,中性,中性
2012-08-08,2389.795,2534.3946250000004,-0.05246089876440607,0.516,,0.008,-1,-1,0,0,1,-1.0,中性,中性
2012-08-09,2411.7,2533.11837,-0.05408951261900374,0.516,,0.008,-1,-1,0,0,1,-1.0,中性,中性
2012-08-10,2399.751,2532.15608,-0.05375355766432677,0.452,,0.016,-1,-1,0,0,1,-1.0,中性,中性
2012-08-13,2351.931,2531.00033,-0.07297939447066426,0.48,,0.008,-1,-1,0,0,1,-1.0,中性,中性
2012-08-14,2357.016,2530.18275,-0.07229880198653449,0.444,,0.004,-1,-1,0,0,1,-1.0,中性,中性
2012-08-15,2331.615,2529.30144,-0.09008477423781047,0.204,,0.028,-1,-1,-1,0,1,-2.0,防御,中性
2012-08-16,2319.67,2528.0164449999997,-0.1069522875283545,0.032,,0.02,-1,-1,-1,0,1,-2.0,防御,中性
2012-08-17,2313.476,2526.4567,-0.1123373912616411,0.028,,0.004,-1,-1,-1,0,1,-2.0,防御,中性
2012-08-20,2301.788,2524.7073800000003,-0.13075029352152945,0.064,,0.004,-1,-1,-1,0,1,-2.0,防御,中性
2012-08-21,2313.703,2522.988505,-0.12906477631143576,0.372,,0.008,-1,-1,0,0,1,-1.0,中性,中性
2012-08-22,2295.586,2520.92135,-0.13779609331660214,0.296,,0.012,-1,-1,-1,0,1,-2.0,防御,中性
2012-08-23,2302.199,2518.95581,-0.12601593763132823,0.3,,0.012,-1,-1,0,0,1,-1.0,中性,中性
2012-08-24,2275.677,2516.846525,-0.13582268939314812,0.368,,0.02,-1,-1,0,0,1,-1.0,中性,中性
2012-08-27,2228.204,2514.275595,-0.1685601212567175,0.376,,0.084,-1,-1,0,0,1,-1.0,中性,中性
2012-08-28,2238.411,2511.746145,-0.1593447698537348,0.212,,0.096,-1,-1,-1,0,1,-2.0,防御,中性
2012-08-29,2214.814,2509.001485,-0.1549904389535195,0.156,,0.08,-1,-1,-1,0,1,-2.0,防御,中性
2012-08-30,2211.37,2506.377095,-0.15045495494630257,0.416,,0.072,-1,-1,0,0,1,-1.0,中性,中性
2012-08-31,2204.868,2503.762885,-0.163489062676062,0.06,,0.048,-1,-1,-1,0,1,-2.0,防御,中性
2012-09-03,2228.369,2501.14646,-0.16361996500396725,0.396,,0.024,-1,-1,0,0,1,-1.0,中性,中性
2012-09-04,2204.407,2498.670555,-0.1695278258530546,0.288,,0.036,-1,-1,-1,0,1,-2.0,防御,中性
2012-09-05,2199.875,2496.19492,-0.17947963371381526,0.296,,0.032,-1,-1,-1,0,1,-2.0,防御,中性
2012-09-06,2217.823,2493.5330599999998,-0.14866304864370217,0.272,,0.02,-1,-1,-1,0,1,-2.0,防御,中性
2012-09-07,2317.179,2491.395555,-0.10379509782459861,0.992,,0.676,-1,-1,1,0,0,-1.5,防御,中性
2012-09-10,2326.666,2489.678305,-0.11315103372568147,0.888,,0.588,-1,-1,1,0,0,-1.5,防御,防御
2012-09-11,2311.89,2487.92767,-0.12095871769455135,0.688,,0.6,-1,-1,0,0,0,-2.5,防御,防御
2012-09-12,2320.071,2486.49555,-0.10229430303217912,0.708,,0.568,-1,-1,1,0,0,-1.5,防御,防御
2012-09-13,2298.461,2484.9394199999997,-0.11180646983742526,0.652,,0.588,-1,-1,0,0,0,-2.5,防御,防御
2012-09-14,2315.542,2483.469755,-0.1038046681815209,0.792,,0.628,-1,-1,1,0,0,-1.5,防御,防御
2012-09-17,2258.705,2481.843225,-0.11525339412598812,0.588,,0.744,-1,-1,0,0,0,-2.5,防御,防御
2012-09-18,2235.239,2480.074845,-0.1253023938715886,0.196,,0.764,-1,-1,-1,0,0,-3.5,防御,防御
2012-09-19,2246.236,2478.4561599999997,-0.11813510274060002,0.164,,0.76,-1,-1,-1,0,0,-3.5,防御,防御
2012-09-20,2195.951,2476.56931,-0.11271122065538008,0.468,,0.816,-1,-1,0,0,-1,-4.0,防御,防御
2012-09-21,2199.063,2474.52178,-0.09989636211372166,0.372,,0.812,-1,-1,0,0,-1,-4.0,防御,防御
2012-09-24,2215.516,2472.99176,-0.09751236201570812,0.276,,0.752,-1,-1,-1,0,0,-3.5,防御,防御
2012-09-25,2210.154,2471.124465,-0.12045293915391075,0.076,,0.736,-1,-1,-1,0,0,-3.5,防御,防御
2012-09-26,2184.891,2469.262365,-0.13292126849827168,0.108,,0.748,-1,-1,-1,0,0,-3.5,防御,防御
2012-09-27,2251.717,2467.914025,-0.09756102448514037,0.596,,0.864,-1,-1,0,0,-1,-4.0,防御,防御
2012-09-28,2293.106,2466.79785,-0.08996074272915011,0.668,,0.88,-1,-1,0,0,-1,-4.0,防御,防御
2012-10-08,2270.054,2465.5069799999997,-0.09919778923793154,0.22,,0.88,-1,-1,-1,0,-1,-5.0,防御,防御
2012-10-09,2320.157,2464.48276,-0.09736830638848815,0.72,,0.904,-1,-1,1,0,-1,-3.0,防御,防御
2012-10-10,2324.117,2463.58604,-0.09933794595834688,0.636,,0.9,-1,-1,0,0,-1,-4.0,防御,防御
2012-10-11,2302.533,2462.710245,-0.10548032589963496,0.544,,0.904,-1,-1,0,0,-1,-4.0,防御,防御
2012-10-12,2304.531,2462.12326,-0.09337644572940607,0.468,,0.644,-1,-1,0,0,0,-2.5,防御,防御
2012-10-15,2294.857,2461.610145,-0.11733145942087175,0.196,,0.644,-1,-1,-1,0,0,-3.5,防御,防御
2012-10-16,2298.162,2461.397015,-0.11474868030581786,0.272,,0.644,-1,-1,-1,0,0,-3.5,防御,防御
2012-10-17,2300.803,2460.950385,-0.12411723748581471,0.34,,0.644,-1,-1,0,0,0,-2.5,防御,防御
2012-10-18,2336.077,2460.70873,-0.10359058463460613,0.744,,0.676,-1,-1,1,0,0,-1.5,防御,防御
2012-10-19,2332.47,2460.4857150000003,-0.10457198182171379,0.456,,0.664,-1,-1,0,0,0,-2.5,防御,防御
2012-10-22,2341.592,2460.498135,-0.10830125019516434,0.344,,0.512,-1,-1,0,0,0,-2.5,防御,防御
2012-10-23,2312.077,2460.351845,-0.12138004101863309,0.528,,0.532,-1,-1,0,0,0,-2.5,防御,防御
2012-10-24,2307.779,2460.094945,-0.12123342206882537,0.532,,0.536,-1,-1,0,0,0,-2.5,防御,防御
2012-10-25,2291.239,2459.87263,-0.14617100809506434,0.732,,0.388,-1,-1,1,0,0,-1.5,防御,防御
2012-10-26,2247.907,2459.58699,-0.16481814351603807,0.628,,0.516,-1,-1,0,0,0,-2.5,防御,防御
2012-10-29,2235.854,2459.22662,-0.17674756496883703,0.18,,0.516,-1,-1,-1,0,0,-3.5,防御,防御
2012-10-30,2239.882,2458.869225,-0.17584070516429218,0.364,,0.504,-1,-1,0,0,0,-2.5,防御,防御
2012-10-31,2254.82,2458.414615,-0.16769160124557225,0.316,,0.496,-1,-1,0,0,0,-2.5,防御,防御
2012-11-01,2297.884,2458.41027,-0.13532572170833346,0.696,,0.288,-1,-1,0,0,1,-1.0,中性,防御
2012-11-02,2306.774,2458.562215,-0.13188249045805123,0.576,,0.156,-1,-1,0,0,1,-1.0,中性,防御
2012-11-05,2301.88,2458.61861,-0.12705633131418237,0.484,,0.136,-1,-1,0,0,1,-1.0,中性,防御
2012-11-06,2292.206,2458.23679,-0.12361835097536489,0.476,,0.048,-1,-1,0,0,1,-1.0,中性,防御
2012-11-07,2287.505,2457.43757,-0.12603051761039874,0.316,,0.04,-1,-1,0,0,1,-1.0,中性,中性
2012-11-08,2245.405,2456.486555,-0.12787850140232804,0.436,,0.108,-1,-1,0,0,1,-1.0,中性,中性
2012-11-09,2240.924,2455.5150799999997,-0.14270324284165448,0.2,,0.108,-1,-1,-1,0,1,-2.0,防御,中性
2012-11-12,2251.848,2454.80265,-0.12514802002815884,0.244,,0.128,-1,-1,-1,0,1,-2.0,防御,中性
2012-11-13,2212.44,2454.136605,-0.14486182331612452,0.396,,0.172,-1,-1,0,0,1,-1.0,中性,中性
2012-11-14,2223.11,2452.94915,-0.15391480575827055,0.064,,0.176,-1,-1,-1,0,1,-2.0,防御,中性
2012-11-15,2193.623,2451.8063199999997,-0.1617375573633988,0.1,,0.144,-1,-1,-1,0,1,-2.0,防御,中性
2012-11-16,2177.24,2450.35077,-0.16107056711080991,0.084,,0.152,-1,-1,-1,0,1,-2.0,防御,中性
2012-11-19,2174.985,2448.705265,-0.15472291626102797,0.036,,0.132,-1,-1,-1,0,1,-2.0,防御,中性
2012-11-20,2164.881,2447.22607,-0.17203116699538645,0.016,,0.112,-1,-1,-1,0,1,-2.0,防御,防御
2012-11-21,2194.896,2445.87925,-0.17200419185666194,0.18,,0.192,-1,-1,-1,0,1,-2.0,防御,防御
2012-11-22,2177.546,2444.62201,-0.17587684472901588,0.048,,0.196,-1,-1,-1,0,1,-2.0,防御,防御
2012-11-23,2192.676,2443.1542,-0.16692970704874766,0.14,,0.136,-1,-1,-1,0,1,-2.0,防御,防御
2012-11-26,2175.599,2441.501745,-0.17371794433569643,0.036,,0.148,-1,-1,-1,0,1,-2.0,防御,防御
2012-11-27,2150.638,2439.7333249999997,-0.15958728047311743,0.28,,0.176,-1,-1,-1,0,1,-2.0,防御,防御
2012-11-28,2129.161,2438.08936,-0.16792009823193466,0.116,,0.176,-1,-1,-1,0,1,-2.0,防御,防御
2012-11-29,2115.676,2436.02656,-0.17272418365363895,0.1,,0.02,-1,-1,-1,0,1,-2.0,防御,防御
2012-11-30,2139.661,2434.0787100000002,-0.15833747675227294,0.292,,0.076,-1,-1,-1,0,1,-2.0,防御,防御
2012-12-03,2108.85,2431.95484,-0.1645898771515124,0.444,,0.108,-1,-1,0,0,1,-1.0,中性,防御
2012-12-04,2131.473,2429.9523,-0.16682869053831406,0.456,,0.188,-1,-1,0,0,1,-1.0,中性,防御
2012-12-05,2207.878,2428.381155,-0.13081760412065602,0.964,,0.688,-1,-1,1,0,0,-1.5,防御,防御
2012-12-06,2203.602,2426.65113,-0.14610119365923757,0.72,,0.612,-1,-1,1,0,0,-1.5,防御,防御
2012-12-07,2246.757,2425.204545,-0.12250485369398223,0.94,,0.72,-1,-1,1,0,0,-1.5,防御,防御
2012-12-10,2271.046,2423.874345,-0.11565488887694741,0.94,,0.728,-1,-1,1,0,0,-1.5,防御,防御
2012-12-11,2258.5,2422.463315,-0.12502343860171117,0.812,,0.656,-1,-1,1,0,0,-1.5,防御,防御
2012-12-12,2267.767,2420.989885,-0.11367607785600142,0.664,,0.656,-1,-1,0,0,0,-2.5,防御,防御
2012-12-13,2242.635,2419.21568,-0.12143487589765922,0.548,,0.652,-1,-1,0,0,0,-2.5,防御,防御
2012-12-14,2355.865,2417.963725,-0.06222471673065488,0.996,,0.904,-1,-1,1,0,-1,-3.0,防御,防御
2012-12-17,2366.7,2416.55714,-0.036563135299639615,0.988,,0.9,-1,0,1,0,-1,-1.75,防御,防御
2012-12-18,2368.12,2415.1148749999998,-0.03535560294348283,0.964,,0.892,-1,0,1,0,-1,-1.75,防御,防御
2012-12-19,2371.109,2413.658105,-0.0310911063482886,0.804,,0.88,-1,0,1,0,-1,-1.75,防御,防御
2012-12-20,2384.816,2412.41147,-0.01686626989247353,0.856,,0.876,-1,0,1,0,-1,-1.75,防御,防御
2012-12-21,2372.002,2411.104755,-0.0364029749611231,0.876,,0.876,-1,0,1,0,-1,-1.75,防御,防御
2012-12-24,2381.217,2409.61117,-0.034082307671713497,0.636,,0.864,-1,0,0,0,-1,-2.75,防御,防御
2012-12-25,2448.395,2408.539655,-0.008233413172245907,0.984,,0.88,0,0,1,0,-1,-0.5,中性,防御
2012-12-26,2457.619,2407.7224899999997,-0.0029615577631555423,0.952,,0.852,0,0,1,0,-1,-0.5,中性,防御
2012-12-27,2444.594,2406.930435,0.005852606804725324,0.964,,0.848,0,0,1,0,-1,-0.5,中性,防御
2012-12-28,2480.049,2406.151725,0.0030069392149361107,0.924,,0.852,0,0,1,0,-1,-0.5,中性,防御
2012-12-31,2522.952,2405.444975,0.044252651864459036,0.96,,0.832,0,0,1,0,-1,-0.5,中性,中性
2013-01-04,2524.409,2404.79501,0.04890626441285306,0.976,,0.832,0,0,1,0,-1,-0.5,中性,中性
2013-01-07,2535.985,2404.06957,0.04552039683835396,0.92,,0.776,0,0,1,0,0,1.0,中性,中性
2013-01-08,2525.33,2403.67069,0.031091617973518337,0.944,,0.788,0,0,1,0,0,1.0,中性,中性
2013-01-09,2526.126,2403.37359,0.030805510249800827,0.936,,0.756,0,0,1,0,0,1.0,中性,中性
2013-01-10,2530.569,2402.908835,0.05452194433459412,0.928,,0.752,0,1,1,0,0,2.25,进攻,中性
2013-01-11,2483.23,2402.17492,0.028592896780342603,0.944,,0.812,0,0,1,0,-1,-0.5,中性,中性
2013-01-14,2577.725,2402.14132,0.06767494983090572,0.988,,0.872,0,1,1,0,-1,0.75,中性,中性
2013-01-15,2595.856,2402.181635,0.07075545245227333,0.996,,0.832,0,1,1,0,-1,0.75,中性,中性
2013-01-16,2577.092,2402.14836,0.07448002985255098,0.984,,0.592,0,1,1,0,0,2.25,进攻,中性
2013-01-17,2552.758,2402.1474500000004,0.07919360150433463,0.9,,0.644,0,1,1,0,0,2.25,进攻,中性
2013-01-18,2595.439,2402.3474349999997,0.0923601594618162,0.932,,0.68,0,1,1,0,0,2.25,进攻,中性
2013-01-21,2610.898,2402.6662100000003,0.10627380477720494,0.956,,0.68,0,1,1,0,0,2.25,进攻,中性
2013-01-22,2596.898,2403.2762,0.1062454845349583,0.98,,0.716,0,1,1,0,0,2.25,进攻,进攻
2013-01-23,2607.456,2404.09787,0.10997706363436666,0.876,,0.68,0,1,1,0,0,2.25,进攻,进攻
2013-01-24,2582.755,2404.7371500000004,0.10572940324763369,0.992,,0.736,0,1,1,0,0,2.25,进攻,进攻
2013-01-25,2571.674,2405.03136,0.10234032685190497,0.708,,0.572,0,1,1,0,0,2.25,进攻,进攻
2013-01-28,2651.863,2405.691525,0.12431343170312181,0.932,,0.796,0,1,1,0,0,2.25,进攻,进攻
2013-01-29,2675.866,2406.5951250000003,0.14603907178178588,0.96,,0.784,0,1,1,0,0,2.25,进攻,进攻
2013-01-30,2688.711,2407.4397400000003,0.14231581523339254,0.976,,0.748,1,1,1,0,0,3.5,进攻,进攻
2013-01-31,2686.882,2408.27397,0.1262867248683881,0.948,,0.724,1,1,1,0,0,3.5,进攻,进攻
2013-02-01,2743.324,2409.13841,0.14837582408106242,0.952,,0.8,1,1,1,0,0,3.5,进攻,进攻
2013-02-04,2748.028,2409.97628,0.14990114214817574,0.996,,0.804,1,1,1,0,-1,2.0,进攻,进攻
2013-02-05,2771.675,2410.964435,0.1492619314176724,0.972,,0.776,1,1,1,0,0,3.5,进攻,进攻
2013-02-06,2775.844,2412.13424,0.15672167654060765,0.832,,0.772,1,1,1,0,0,3.5,进攻,进攻
2013-02-07,2759.87,2412.93405,0.17344854079477656,0.86,,0.82,1,1,1,0,-1,2.0,进攻,进攻
2013-02-08,2771.725,2413.8123950000004,0.17594662064237143,0.796,,0.636,1,1,1,0,0,3.5,进攻,进攻
2013-02-18,2737.471,2414.365555,0.17406647323850644,0.824,,0.372,1,1,1,0,0,3.5,进攻,进攻
2013-02-19,2685.606,2414.763395,0.15775347355442815,0.884,,0.528,1,1,1,0,0,3.5,进攻,进攻
2013-02-20,2702.635,2415.2522400000003,0.16821397758178613,0.788,,0.508,1,1,1,0,0,3.5,进攻,进攻
2013-02-21,2610.549,2415.175035,0.1341396340583929,0.952,,0.856,1,1,1,0,-1,2.0,进攻,进攻
2013-02-22,2596.604,2415.0006200000003,0.12227195971133709,0.696,,0.78,1,1,0,0,0,2.5,进攻,进攻
2013-02-25,2604.96,2414.8946349999997,0.1347690742146015,0.624,,0.776,1,1,0,0,0,2.5,进攻,进攻
2013-02-26,2567.595,2414.315175,0.11527934813628171,0.824,,0.856,1,1,1,0,-1,2.0,进攻,进攻
2013-02-27,2594.677,2413.83097,0.14017806569209945,0.7,,0.872,1,1,0,0,-1,1.0,中性,进攻
2013-02-28,2673.327,2413.61821,0.19976761553250966,0.892,,0.92,1,1,1,0,-1,2.0,进攻,进攻
2013-03-01,2668.836,2413.3734999999997,0.19229042387658013,0.856,,0.92,1,1,1,0,-1,2.0,进攻,进攻
2013-03-04,2545.715,2412.556495,0.14940351650296613,0.988,,1.0,1,1,1,0,-1,2.0,进攻,进攻
2013-03-05,2622.807,2412.38296,0.1860552508173665,0.908,,1.0,1,1,1,0,-1,2.0,进攻,进攻
2013-03-06,2650.202,2412.3479,0.20197762405731323,0.936,,1.0,1,1,1,0,-1,2.0,进攻,进攻
2013-03-07,2619.479,2412.26071,0.1755140194465099,0.924,,1.0,1,1,1,0,-1,2.0,进攻,进攻
2013-03-08,2606.927,2412.217675,0.18259785965114417,0.704,,0.988,1,1,1,0,-1,2.0,进攻,进攻
2013-03-11,2592.372,2412.092665,0.17841786465140053,0.584,,0.984,1,1,0,0,-1,1.0,中性,进攻
2013-03-12,2555.615,2411.997505,0.1523079163666352,0.816,,0.98,1,1,1,0,-1,2.0,进攻,进攻
2013-03-13,2527.486,2411.565225,0.09075992834390423,0.636,,0.98,0,1,0,0,-1,-0.25,中性,进攻
2013-03-14,2534.273,2411.3667100000002,0.08922939519466899,0.556,,0.988,0,1,0,0,-1,-0.25,中性,进攻
2013-03-15,2539.873,2411.12992,0.09861325582099512,0.8,,0.98,0,1,1,0,-1,0.75,中性,进攻
2013-03-18,2502.493,2410.50476,0.07862776613301925,0.656,,0.988,0,1,0,0,-1,-0.25,中性,进攻
2013-03-19,2525.097,2410.0459,0.09860336982006679,0.62,,0.96,0,1,0,0,-1,-0.25,中性,中性
2013-03-20,2610.174,2410.12047,0.12724105198696467,0.908,,1.0,0,1,1,0,-1,0.75,中性,中性
2013-03-21,2614.988,2410.329895,0.15773773024808468,0.824,,0.984,0,1,1,0,-1,0.75,中性,中性
2013-03-22,2618.308,2410.34799,0.17137719948515562,0.716,,0.976,0,1,1,0,-1,0.75,中性,中性
2013-03-25,2613.097,2410.159205,0.16332255381892202,0.688,,0.972,0,1,0,0,-1,-0.25,中性,中性
2013-03-26,2575.05,2409.823165,0.17263545498055288,0.748,,0.98,0,1,1,0,-1,0.75,中性,中性
2013-03-27,2583.53,2409.580605,0.17483218989178573,0.684,,0.936,0,1,0,0,-1,-0.25,中性,中性
2013-03-28,2499.302,2408.912125,0.1280902507587398,0.884,,0.932,0,1,1,0,-1,0.75,中性,中性
2013-03-29,2495.083,2408.59241,0.12891816588346328,0.612,,0.928,0,1,0,0,-1,-0.25,中性,中性
2013-04-01,2493.187,2408.264135,0.14110360654147036,0.504,,0.82,0,1,0,0,-1,-0.25,中性,中性
2013-04-02,2486.391,2407.909085,0.10422002409716669,0.64,,0.596,0,1,0,0,0,1.25,中性,中性
2013-04-03,2483.547,2407.6159,0.0830493662307803,0.572,,0.544,0,1,0,0,0,1.25,中性,中性
2013-04-08,2472.299,2407.35575,0.0890925942730878,0.616,,0.528,0,1,0,0,0,1.25,中性,中性
2013-04-09,2489.43,2407.011575,0.0729575627856216,0.576,,0.544,0,1,0,0,0,1.25,中性,中性
2013-04-10,2485.309,2406.73723,0.06935623292631132,0.552,,0.54,0,1,0,0,0,1.25,中性,中性
2013-04-11,2477.876,2406.22343,0.07615222018533507,0.432,,0.492,0,1,0,0,0,1.25,中性,中性
2013-04-12,2462.112,2405.731885,0.06837877207987231,0.352,,0.484,0,1,0,0,0,1.25,中性,中性
2013-04-15,2436.818,2405.075705,0.06186049936880611,0.4,,0.488,0,1,0,0,0,1.25,中性,中性
2013-04-16,2459.592,2404.467605,0.07024308991272177,0.544,,0.536,0,1,0,0,0,1.25,中性,中性
2013-04-17,2458.473,2403.9668650000003,0.06852824861580942,0.38,,0.484,0,1,0,0,0,1.25,中性,中性
2013-04-18,2464.851,2403.528065,0.05512403914768216,0.4,,0.472,0,1,0,0,0,1.25,中性,中性
2013-04-19,2533.827,2403.636275,0.08632779842827576,0.764,,0.376,0,1,1,0,0,2.25,进攻,中性
2013-04-22,2530.67,2404.007035,0.08074762810942304,0.684,,0.376,0,1,0,0,0,1.25,中性,中性
2013-04-23,2449.471,2403.979815,0.05942449148536122,0.692,,0.62,0,1,0,0,0,1.25,中性,中性
2013-04-24,2495.579,2404.221735,0.08137694293951037,0.66,,0.76,0,1,0,0,0,1.25,中性,中性
2013-04-25,2467.875,2404.432465,0.07709191402555549,0.696,,0.732,0,1,0,0,0,1.25,中性,中性
2013-04-26,2447.306,2404.360935,0.08870429248185085,0.472,,0.732,0,1,0,0,0,1.25,中性,中性
2013-05-02,2449.639,2404.28294,0.09561670842550551,0.376,,0.468,0,1,0,0,0,1.25,中性,中性
2013-05-03,2492.912,2404.403895,0.11296577230407667,0.628,,0.548,0,1,0,0,0,1.25,中性,中性
2013-05-06,2525.983,2404.709215,0.12025926681508947,0.668,,0.608,0,1,0,0,0,1.25,中性,中性
2013-05-07,2529.938,2405.207055,0.10098595055276949,0.612,,0.6,0,1,0,0,0,1.25,中性,中性
2013-05-08,2542.798,2405.5579749999997,0.10231778232284561,0.652,,0.612,0,1,0,0,0,1.25,中性,中性
2013-05-09,2527.794,2406.116765,0.09814325681616753,0.732,,0.616,0,1,1,0,0,2.25,进攻,中性
2013-05-10,2540.836,2406.7874150000002,0.10846756356104104,0.652,,0.608,0,1,0,0,0,1.25,中性,中性
2013-05-13,2530.768,2407.313395,0.10634424842787227,0.608,,0.616,1,1,0,0,0,2.5,进攻,中性
2013-05-14,2493.338,2407.53418,0.11041794242018699,0.584,,0.672,1,1,0,0,0,2.5,进攻,中性
2013-05-15,2506.925,2407.8156400000003,0.11870148206721876,0.412,,0.664,1,1,0,0,0,2.5,进攻,中性
2013-05-16,2552.709,2408.5805299999997,0.13360626472124215,0.792,,0.68,1,1,1,0,0,3.5,进攻,中性
2013-05-17,2592.048,2409.469765,0.1715788902749904,0.888,,0.732,1,1,1,0,0,3.5,进攻,进攻
2013-05-20,2609.607,2410.4461250000004,0.17385419524899803,0.92,,0.744,1,1,1,0,0,3.5,进攻,进攻
2013-05-21,2614.853,2411.39878,0.19202479186259436,0.868,,0.744,1,1,1,0,0,3.5,进攻,进攻
2013-05-22,2618.034,2412.4966750000003,0.202455402252393,0.896,,0.516,1,1,1,0,0,3.5,进攻,进攻
2013-05-23,2582.849,2413.583765,0.18752497143658453,0.86,,0.592,1,1,1,0,0,3.5,进攻,进攻
2013-05-24,2597.228,2414.689945,0.19970936046831222,0.744,,0.232,1,1,1,0,1,5.0,进攻,进攻
2013-05-27,2599.587,2415.8874650000002,0.1843782119972881,0.756,,0.168,1,1,1,0,1,5.0,进攻,进攻
2013-05-28,2644.359,2417.37182,0.21437572386530523,0.912,,0.18,1,1,1,0,1,5.0,进攻,进攻
2013-05-29,2642.561,2418.839085,0.20517623214738534,0.864,,0.128,1,1,1,0,1,5.0,进攻,进攻
2013-05-30,2634.323,2420.331735,0.21084951776499228,0.764,,0.136,1,1,1,0,1,5.0,进攻,进攻
2013-05-31,2606.426,2421.699255,0.21193152915553437,0.744,,0.132,1,1,1,0,1,5.0,进攻,进攻
2013-06-03,2602.623,2422.919115,0.2223702200068478,0.692,,0.1,1,1,0,0,1,4.0,进攻,进攻
2013-06-04,2565.666,2424.073035,0.21269324792643118,0.724,,0.196,1,1,1,0,1,5.0,进攻,进攻
2013-06-05,2560.539,2425.107045,0.19670312259745826,0.464,,0.192,1,1,0,0,1,4.0,进攻,进攻
2013-06-06,2527.845,2425.818215,0.1986841169357707,0.544,,0.228,1,1,0,0,1,4.0,进攻,进攻
2013-06-07,2484.16,2426.2946500000003,0.16546632305452613,0.624,,0.288,1,1,0,0,1,4.0,进攻,进攻
2013-06-13,2399.937,2426.34536,0.0869880491585131,0.668,,0.588,0,1,0,0,0,1.25,中性,进攻
2013-06-14,2416.771,2426.370715,0.09673661577725934,0.488,,0.544,0,1,0,0,0,1.25,中性,进攻
2013-06-17,2403.839,2426.391155,0.06991499303217918,0.456,,0.532,0,1,0,0,0,1.25,中性,进攻
2013-06-18,2418.745,2426.725225,0.06503567078782213,0.388,,0.432,0,1,0,0,0,1.25,中性,进攻
2013-06-19,2400.765,2426.94397,0.06299092317910104,0.46,,0.356,0,1,0,0,0,1.25,中性,中性
2013-06-20,2321.466,2426.8932250000003,0.02367924041579239,0.492,,0.52,0,0,0,0,0,0.0,中性,中性
2013-06-21,2317.394,2426.881845,0.033335339901499506,0.528,,0.508,0,0,0,0,0,0.0,中性,中性
2013-06-24,2171.21,2426.170515,-0.07838097683865575,0.752,,0.924,0,-1,1,0,-1,-1.75,防御,中性
2013-06-25,2165.421,2425.48868,-0.08504626695398654,0.916,,0.924,0,-1,1,0,-1,-1.75,防御,中性
2013-06-26,2168.297,2424.76165,-0.08438043680218899,0.712,,0.916,0,-1,1,0,-1,-1.75,防御,中性
2013-06-27,2160.735,2424.087395,-0.08872388405594167,0.732,,0.912,0,-1,1,0,-1,-1.75,防御,中性
2013-06-28,2200.639,2423.579595,-0.07722901892640766,0.7,,0.912,0,-1,0,0,-1,-2.75,防御,防御
2013-07-01,2213.317,2423.267795,-0.06689918473930456,0.476,,0.924,0,-1,0,0,-1,-2.75,防御,防御
2013-07-02,2221.984,2423.236695,-0.06687042802062981,0.58,,0.932,0,-1,0,0,-1,-2.75,防御,防御
2013-07-03,2203.828,2423.0637800000004,-0.09988870259904958,0.644,,0.92,0,-1,0,0,-1,-2.75,防御,防御
2013-07-04,2221.979,2423.0996050000003,-0.09588142018758816,0.696,,0.984,0,-1,0,0,-1,-2.75,防御,防御
2013-07-05,2226.849,2423.177,-0.08907205041000665,0.616,,0.984,-1,-1,0,0,-1,-4.0,防御,防御
2013-07-08,2163.619,2422.9707550000003,-0.12759022099966566,0.544,,0.996,-1,-1,0,0,-1,-4.0,防御,防御
2013-07-09,2162.669,2422.642255,-0.1428021619119192,0.296,,0.996,-1,-1,-1,0,-1,-5.0,防御,防御
2013-07-10,2224.065,2422.740545,-0.11897596625586426,0.592,,1.0,-1,-1,0,0,-1,-4.0,防御,防御
2013-07-11,2326.688,2423.3746100000003,-0.08253085093168933,0.98,,1.0,-1,-1,1,0,-1,-3.0,防御,防御
2013-07-12,2275.373,2423.6623600000003,-0.09897993529558513,0.824,,1.0,-1,-1,1,0,-1,-3.0,防御,防御
2013-07-15,2307.297,2423.61295,-0.08662632030231276,0.704,,1.0,-1,-1,1,0,-1,-3.0,防御,防御
2013-07-16,2317.848,2423.56886,-0.08406054132489571,0.652,,0.996,-1,-1,0,0,-1,-4.0,防御,防御
2013-07-17,2282.836,2423.42359,-0.08069892841178639,0.708,,1.0,-1,-1,1,0,-1,-3.0,防御,防御
2013-07-18,2245.328,2423.0498749999997,-0.1289497522039783,0.6,,0.98,-1,-1,0,0,-1,-4.0,防御,防御
2013-07-19,2190.478,2422.5099600000003,-0.1561635160039695,0.72,,0.988,-1,-1,1,0,-1,-3.0,防御,防御
2013-07-22,2202.189,2421.9431950000003,-0.14547521004294772,0.496,,0.868,-1,-1,0,0,-1,-4.0,防御,防御
2013-07-23,2265.845,2421.9788949999997,-0.11239334084938724,0.74,,0.956,-1,-1,1,0,-1,-3.0,防御,防御
2013-07-24,2249.151,2422.048455,-0.13342174483777114,0.72,,0.964,-1,-1,1,0,-1,-3.0,防御,防御
2013-07-25,2237.683,2422.00569,-0.1429450710062209,0.656,,0.964,-1,-1,0,0,-1,-4.0,防御,防御
2013-07-26,2224.008,2422.145975,-0.1435905453352424,0.36,,0.936,-1,-1,0,0,-1,-4.0,防御,防御
2013-07-29,2175.97,2422.03051,-0.16548160352466168,0.424,,0.964,-1,-1,0,0,-1,-4.0,防御,防御
2013-07-30,2189.388,2421.8998699999997,-0.1523051934852513,0.392,,0.964,-1,-1,0,0,-1,-4.0,防御,防御
2013-07-31,2193.021,2421.814205,-0.14723989121482728,0.296,,0.956,-1,-1,-1,0,-1,-5.0,防御,防御
2013-08-01,2245.364,2422.11657,-0.15328808464087318,0.572,,0.968,-1,-1,0,0,-1,-4.0,防御,防御
2013-08-02,2247.263,2422.0942999999997,-0.160173566239864,0.604,,0.964,-1,-1,0,0,-1,-4.0,防御,防御
2013-08-05,2278.329,2422.0204150000004,-0.15263150260477965,0.5,,0.928,-1,-1,0,0,-1,-4.0,防御,防御
2013-08-06,2293.641,2422.13835,-0.14635588760503815,0.712,,0.928,-1,-1,1,0,-1,-3.0,防御,防御
2013-08-07,2280.623,2421.94068,-0.16866436483623515,0.724,,0.84,-1,-1,1,0,-1,-3.0,防御,防御
2013-08-08,2276.782,2421.704005,-0.17148515226191274,0.476,,0.684,-1,-1,0,0,0,-2.5,防御,防御
2013-08-09,2286.01,2421.62139,-0.1752243679363561,0.608,,0.612,-1,-1,0,0,0,-2.5,防御,防御
2013-08-12,2352.794,2421.862705,-0.15240409763661078,0.908,,0.692,-1,-1,1,0,0,-1.5,防御,防御
2013-08-13,2359.068,2422.1837600000003,-0.14522495624793907,0.784,,0.684,-1,-1,1,0,0,-1.5,防御,防御
2013-08-14,2349.08,2422.43835,-0.1524844636462852,0.748,,0.668,-1,-1,1,0,0,-1.5,防御,防御
2013-08-15,2321.576,2422.542215,-0.1519267236073003,0.644,,0.64,-1,-1,0,0,0,-2.5,防御,防御
2013-08-16,2304.144,2422.3825500000003,-0.14203945031400744,0.972,,0.452,-1,-1,1,0,0,-1.5,防御,防御
2013-08-19,2331.43,2422.37735,-0.13734929059972967,0.616,,0.48,0,-1,0,0,0,-1.25,中性,防御
2013-08-20,2312.465,2422.2317150000003,-0.11418441101852517,0.704,,0.276,0,-1,1,0,1,1.25,中性,防御
2013-08-21,2308.589,2422.214275,-0.11091987842582074,0.484,,0.256,0,-1,0,0,1,0.25,中性,防御
2013-08-22,2303.932,2422.19504,-0.11555954793931589,0.516,,0.252,0,-1,0,0,1,0.25,中性,防御
2013-08-23,2286.929,2422.1734899999997,-0.10931085315246358,0.74,,0.252,0,-1,1,0,1,1.25,中性,中性
2013-08-26,2335.616,2422.612035,-0.09984325601992083,0.796,,0.236,0,-1,1,0,1,1.25,中性,中性
2013-08-27,2340.881,2423.13717,-0.12435665371277072,0.86,,0.232,0,-1,1,0,1,1.25,中性,中性
2013-08-28,2328.056,2423.57804,-0.1276886253033157,0.988,,0.236,0,-1,1,0,1,1.25,中性,中性
2013-08-29,2318.311,2423.8954949999998,-0.08932814553082336,0.892,,0.2,0,-1,1,0,1,1.25,中性,中性
2013-08-30,2313.91,2423.975625,-0.11777343891487246,1.0,,0.2,0,-1,1,0,1,1.25,中性,中性
2013-09-02,2320.344,2424.043475,-0.12446522944288785,0.948,,0.18,0,-1,1,0,1,1.25,中性,中性
2013-09-03,2354.502,2424.306585,-0.10115637498907226,0.896,,0.196,0,-1,1,0,1,1.25,中性,中性
2013-09-04,2350.699,2424.59905,-0.09828737053243153,0.928,,0.188,0,-1,1,0,1,1.25,中性,中性
2013-09-05,2341.735,2424.8702,-0.09668249772794946,0.836,,0.188,0,-1,1,0,1,1.25,中性,中性
2013-09-06,2357.782,2425.432085,-0.07741111239368981,0.928,,0.192,0,-1,1,0,1,1.25,中性,中性
2013-09-09,2440.609,2426.43051,-0.03437289069059135,1.0,,0.232,1,0,1,0,1,3.75,进攻,中性
2013-09-10,2474.894,2427.54574,-0.023430388123142354,1.0,,0.24,1,0,1,0,1,3.75,进攻,中性
2013-09-11,2482.889,2428.897985,-0.02243576745766418,1.0,,0.236,1,0,1,0,1,3.75,进攻,中性
2013-09-12,2507.455,2430.3197099999998,0.0019828227291744938,0.988,,0.2,1,0,1,0,1,3.75,进攻,中性
2013-09-13,2488.902,2431.796105,-0.014334102808723825,0.984,,0.196,1,0,1,0,1,3.75,进攻,进攻
2013-09-16,2478.39,2433.301855,-0.0504885881171141,0.948,,0.192,1,-1,1,0,1,2.5,进攻,进攻
2013-09-17,2427.322,2434.56354,-0.07176553009038655,0.944,,0.276,0,-1,1,0,1,1.25,中性,进攻
2013-09-18,2432.51,2435.901685,-0.07096109395838834,0.676,,0.272,0,-1,0,0,1,0.25,中性,进攻
2013-09-23,2472.288,2437.288645,-0.0538858679949501,0.84,,0.292,1,-1,1,0,1,2.5,进攻,进攻
2013-09-24,2443.885,2438.62034,-0.05093687501213562,0.952,,0.34,1,-1,1,0,0,1.0,中性,进攻
2013-09-25,2429.03,2439.8021099999996,-0.059801898952208776,0.948,,0.264,0,-1,1,0,1,1.25,中性,进攻
2013-09-26,2384.443,2440.84633,-0.04595643103554514,0.872,,0.392,0,0,1,0,0,1.0,中性,进攻
2013-09-27,2394.971,2442.067995,-0.04012371532329795,0.596,,0.384,0,0,0,0,0,0.0,中性,进攻
2013-09-30,2409.037,2443.4673749999997,-0.03375198089834419,0.46,,0.38,0,0,0,0,0,0.0,中性,中性
2013-10-08,2441.811,2445.09805,-0.01792960157915624,0.792,,0.44,0,0,1,0,0,1.0,中性,中性
2013-10-09,2453.583,2446.66766,-0.012065002192428786,0.816,,0.448,1,0,1,0,0,2.25,进攻,中性
2013-10-10,2429.317,2448.269995,-0.01738543760281419,0.916,,0.432,0,0,1,0,0,1.0,中性,中性
2013-10-11,2468.508,2449.9551699999997,-0.008404333522131546,0.94,,0.5,1,0,1,0,0,2.25,进攻,中性
2013-10-14,2472.542,2451.2784899999997,-0.005136986990350256,0.972,,0.488,1,0,1,0,0,2.25,进攻,中性
2013-10-15,2467.517,2452.5980649999997,-0.004180596607740061,0.924,,0.492,1,0,1,0,0,2.25,进攻,中性
2013-10-16,2421.371,2453.4711350000002,-0.016547175758048316,0.928,,0.224,0,0,1,0,1,2.5,进攻,中性
2013-10-17,2413.33,2454.182555,-0.009638799450759294,0.768,,0.176,0,0,1,0,1,2.5,进攻,进攻
2013-10-18,2426.054,2455.020325,-0.013635594846625021,0.552,,0.196,0,0,0,0,1,1.5,进攻,进攻
2013-10-21,2471.322,2456.0381,0.005226414933171997,0.824,,0.24,1,0,1,0,1,3.75,进攻,进攻
2013-10-22,2445.891,2457.05438,-0.007692148531493359,0.888,,0.26,0,0,1,0,1,2.5,进攻,进攻
2013-10-23,2418.491,2457.36751,-0.04551849830315968,0.884,,0.292,0,0,1,0,1,2.5,进攻,进攻
2013-10-24,2400.511,2457.5365650000003,-0.05143262456187492,0.528,,0.208,0,-1,0,0,1,0.25,中性,进攻
2013-10-25,2368.559,2457.5387600000004,-0.03303243843262471,0.612,,0.24,0,0,0,0,1,1.5,进攻,进攻
2013-10-28,2365.954,2457.512985,-0.05194185397456863,0.344,,0.168,0,-1,0,0,1,0.25,中性,进攻
2013-10-29,2372.053,2457.4491700000003,-0.03882773641290593,0.86,,0.168,0,0,1,0,1,2.5,进攻,进攻
2013-10-30,2407.471,2457.626515,-0.016277081819764283,0.668,,0.216,0,0,0,0,1,1.5,进攻,进攻
2013-10-31,2373.718,2457.58902,-0.030992729949188558,0.564,,0.176,0,0,0,0,1,1.5,进攻,进攻
2013-11-01,2384.96,2457.271845,-0.0433035742938378,0.336,,0.18,0,0,0,0,1,1.5,进攻,进攻
2013-11-04,2380.454,2456.88602,-0.05761281845523114,0.176,,0.172,0,-1,-1,0,1,-0.75,中性,进攻
2013-11-05,2383.769,2456.581895,-0.057775724148180885,0.376,,0.136,0,-1,0,0,1,0.25,中性,进攻
2013-11-06,2353.568,2455.94949,-0.07441802298098377,0.484,,0.168,0,-1,0,0,1,0.25,中性,进攻
2013-11-07,2340.552,2455.03749,-0.07407328287036041,0.248,,0.148,0,-1,-1,0,1,-0.75,中性,进攻
2013-11-08,2307.945,2453.9551699999997,-0.09165920193196242,0.26,,0.104,0,-1,-1,0,1,-0.75,中性,中性
2013-11-11,2315.889,2452.85469,-0.08490663703666235,0.116,,0.108,0,-1,-1,0,1,-0.75,中性,中性
2013-11-12,2340.0,2451.9280400000002,-0.061499082755727574,0.216,,0.148,-1,-1,-1,0,1,-2.0,防御,中性
2013-11-13,2288.116,2450.73799,-0.0872818293327483,0.312,,0.188,-1,-1,0,0,1,-1.0,中性,中性
2013-11-14,2304.501,2449.60765,-0.09723317463917724,0.264,,0.204,-1,-1,-1,0,1,-2.0,防御,中性
2013-11-15,2350.734,2448.9451700000004,-0.09309781300346287,0.728,,0.32,-1,-1,1,0,0,-1.5,防御,中性
2013-11-18,2428.903,2448.20106,-0.0692456756898645,0.936,,0.588,-1,-1,1,0,0,-1.5,防御,中性
2013-11-19,2412.163,2447.282595,-0.07751487368505994,0.712,,0.576,-1,-1,1,0,0,-1.5,防御,中性
2013-11-20,2424.85,2446.521385,-0.07378972160025432,0.644,,0.54,-1,-1,0,0,0,-2.5,防御,防御
2013-11-21,2409.989,2445.80754,-0.06692609595063437,0.808,,0.532,-1,-1,1,0,0,-1.5,防御,防御
2013-11-22,2397.962,2444.820155,-0.07672256729097338,0.58,,0.448,-1,-1,0,0,0,-2.5,防御,防御
2013-11-25,2388.629,2443.70881,-0.08115058276564702,0.544,,0.456,-1,-1,0,0,0,-2.5,防御,防御
2013-11-26,2387.416,2442.6614,-0.09716645886583475,0.452,,0.444,-1,-1,0,0,0,-2.5,防御,防御
2013-11-27,2414.481,2441.696525,-0.08631021194969568,0.6,,0.396,-1,-1,0,0,0,-2.5,防御,防御
2013-11-28,2439.53,2440.9804,-0.07394423538799144,0.792,,0.356,-1,-1,1,0,0,-1.5,防御,防御
2013-11-29,2438.944,2440.31675,-0.06425733936048827,0.512,,0.348,-1,-1,0,0,0,-2.5,防御,防御
2013-12-02,2418.788,2439.151375,-0.07063450987715092,0.984,,0.372,-1,-1,1,0,0,-1.5,防御,防御
2013-12-03,2442.784,2437.985965,-0.04789477663889219,0.564,,0.412,0,0,0,0,0,0.0,中性,防御
2013-12-04,2475.135,2436.918085,-0.03335391493744089,0.928,,0.364,0,0,1,0,0,1.0,中性,防御
2013-12-05,2468.197,2435.8246599999998,-0.02359638348079085,0.672,,0.344,0,0,0,0,0,0.0,中性,防御
2013-12-06,2452.287,2434.369475,-0.012830494010047655,0.464,,0.3,0,0,0,0,0,0.0,中性,防御
2013-12-09,2450.872,2432.883695,0.021223473782853386,0.328,,0.308,0,0,0,0,0,0.0,中性,中性
2013-12-10,2453.322,2431.29193,0.015123898788921286,0.52,,0.272,0,0,0,0,1,1.5,进攻,中性
2013-12-11,2412.763,2429.476525,0.0037123950480877355,0.528,,0.212,-1,0,0,0,1,0.25,中性,中性
2013-12-12,2410.015,2427.72725,-0.003609309786686943,0.208,,0.208,-1,0,-1,0,1,-0.75,中性,中性
2013-12-13,2406.639,2425.90182,0.0024467201079656498,0.196,,0.116,-1,0,-1,0,1,-0.75,中性,中性
2013-12-16,2367.923,2424.05408,0.0200119235000642,0.428,,0.004,-1,0,0,0,1,0.25,中性,中性
2013-12-17,2356.376,2422.40793,0.016821481370884905,0.116,,0.004,-1,0,-1,0,1,-0.75,中性,中性
2013-12-18,2357.226,2420.6808849999998,0.08567388691098521,0.012,,0.004,-1,1,-1,0,1,0.5,中性,中性
2013-12-19,2332.41,2419.29019,0.07711618202649739,0.056,,0.016,-1,1,-1,0,1,0.5,中性,中性
2013-12-20,2278.136,2417.69785,0.05065680577891318,0.22,,0.036,-1,1,-1,0,1,0.5,中性,中性
2013-12-23,2284.602,2416.09606,0.05732632645835789,0.016,,0.04,-1,1,-1,0,1,0.5,中性,中性
2013-12-24,2288.248,2414.699325,0.03981070952573318,0.04,,0.044,-1,0,-1,0,1,-0.75,中性,中性
2013-12-25,2305.11,2413.25149,0.041473047014955355,0.012,,0.028,-1,0,-1,0,1,-0.75,中性,中性
2013-12-26,2265.334,2411.211525,0.01950959142820108,0.12,,0.036,-1,0,-1,0,1,-0.75,中性,中性
2013-12-27,2303.478,2409.384735,0.04521677735286067,0.096,,0.128,-1,0,-1,0,1,-0.75,中性,中性
2013-12-30,2299.458,2408.15345,0.03486936645215821,0.076,,0.108,-1,0,-1,0,1,-0.75,中性,中性
2013-12-31,2330.026,2406.6895449999997,0.04633318199842007,0.152,,0.148,-1,0,-1,0,1,-0.75,中性,中性
2014-01-02,2321.978,2405.048425,0.0731917218327256,0.032,,0.08,-1,1,-1,0,1,0.5,中性,中性
2014-01-03,2290.779,2403.404925,0.05923698910929054,0.208,,0.092,-1,1,-1,0,1,0.5,中性,中性
2014-01-06,2238.637,2401.563475,0.006551966781546348,0.276,,0.2,-1,0,-1,0,1,-0.75,中性,中性
2014-01-07,2238.001,2399.79162,-0.03811727227715955,0.004,,0.204,-1,0,-1,0,1,-0.75,中性,中性
2014-01-08,2241.911,2398.2231,-0.014706160264712609,0.064,,0.216,-1,0,-1,0,1,-0.75,中性,中性
2014-01-09,2222.221,2396.6967750000003,-0.0368725829401243,0.096,,0.172,-1,0,-1,0,1,-0.75,中性,中性
2014-01-10,2204.851,2395.049665,-0.048750824040230345,0.092,,0.176,-1,0,-1,0,1,-0.75,中性,中性
2014-01-13,2193.679,2393.318695,-0.039055367972118726,0.02,,0.172,-1,0,-1,0,1,-0.75,中性,中性
2014-01-14,2212.846,2391.87046,-0.014466483293309462,0.06,,0.184,-1,0,-1,0,1,-0.75,中性,中性
2014-01-15,2208.941,2390.28968,0.008428753906681408,0.028,,0.184,-1,0,-1,0,1,-0.75,中性,中性
2014-01-16,2211.844,2388.29803,0.004384274010995615,0.084,,0.192,-1,0,-1,0,1,-0.75,中性,中性
2014-01-17,2178.488,2386.11553,-0.03855382870408164,0.028,,0.216,-1,0,-1,0,1,-0.75,中性,中性
2014-01-20,2165.993,2383.853955,-0.03697306227994468,0.004,,0.088,-1,0,-1,0,1,-0.75,中性,中性
2014-01-21,2187.41,2381.72552,-0.02246654240122492,0.008,,0.108,-1,0,-1,0,1,-0.75,中性,中性
2014-01-22,2243.796,2380.06925,0.008897450009172525,0.456,,0.396,-1,0,0,0,0,-1.25,中性,中性
2014-01-23,2231.889,2378.311045,0.02569842415106849,0.248,,0.364,-1,0,-1,0,0,-2.25,防御,中性
2014-01-24,2245.678,2377.042925,0.025710381165878315,0.384,,0.304,-1,0,0,0,0,-1.25,中性,中性
2014-01-27,2215.919,2375.647105,0.01044130448363223,0.316,,0.228,-1,0,0,0,1,0.25,中性,中性
2014-01-28,2219.855,2374.2804450000003,-0.0113607415100625,0.096,,0.24,-1,0,-1,0,1,-0.75,中性,中性
2014-01-29,2227.781,2372.987395,-0.008669212281784522,0.116,,0.16,-1,0,-1,0,1,-0.75,中性,中性
2014-01-30,2202.45,2371.58191,-0.03330467197669884,0.012,,0.188,-1,0,-1,0,1,-0.75,中性,中性
2014-02-07,2212.483,2370.28283,-0.03538391579152966,0.112,,0.16,-1,0,-1,0,1,-0.75,中性,中性
2014-02-10,2267.534,2369.17335,-0.005739221256647831,0.736,,0.236,-1,0,1,0,1,1.25,中性,中性
2014-02-11,2285.562,2368.174615,0.0038563200165846467,0.868,,0.248,-1,0,1,0,1,1.25,中性,中性
2014-02-12,2291.246,2367.241465,0.002290453672556092,0.756,,0.252,-1,0,1,0,1,1.25,中性,中性
2014-02-13,2279.554,2366.3286749999997,-0.03112894711564196,0.888,,0.236,-1,0,1,0,1,1.25,中性,中性
2014-02-14,2295.575,2365.62246,-0.02691444248321806,0.632,,0.184,-1,0,0,0,1,0.25,中性,中性
2014-02-17,2311.647,2364.882735,-0.015935174621553916,0.848,,0.184,-1,0,1,0,1,1.25,中性,中性
2014-02-18,2282.442,2364.00258,-0.016856652549819606,0.872,,0.296,-1,0,1,0,1,1.25,中性,中性
2014-02-19,2308.656,2363.221605,0.0019582109451492524,0.912,,0.336,-1,0,1,0,0,-0.25,中性,中性
2014-02-20,2287.436,2361.98965,-0.018869963927718003,0.936,,0.368,-1,0,1,0,0,-0.25,中性,中性
2014-02-21,2264.294,2360.65777,-0.020831017982975042,0.68,,0.324,-1,0,0,0,0,-1.25,中性,中性
2014-02-24,2214.509,2359.48296,-0.040752165067060364,0.728,,0.488,-1,0,1,0,0,-0.25,中性,中性
2014-02-25,2157.909,2357.79461,-0.06337990878202993,0.848,,0.692,-1,-1,1,0,0,-1.5,防御,中性
2014-02-26,2163.405,2356.2722599999997,-0.05401304544216279,0.62,,0.468,-1,-1,0,0,0,-2.5,防御,中性
2014-02-27,2154.108,2354.8062699999996,-0.07771311722474916,0.804,,0.464,-1,-1,1,0,0,-1.5,防御,中性
2014-02-28,2178.971,2353.45293,-0.06916626688840644,0.636,,0.484,-1,-1,0,0,0,-2.5,防御,中性
2014-03-03,2190.37,2351.94022,-0.05914204812942647,0.78,,0.464,-1,-1,1,0,0,-1.5,防御,防御
2014-03-04,2184.273,2350.2316699999997,-0.057817091839705737,0.668,,0.46,-1,-1,0,0,0,-2.5,防御,防御
2014-03-05,2163.976,2348.40186,-0.0647968157793517,0.584,,0.476,-1,-1,0,0,0,-2.5,防御,防御
2014-03-06,2173.634,2346.5560400000004,-0.06322769382470872,0.608,,0.432,-1,-1,0,0,0,-2.5,防御,防御
2014-03-07,2168.358,2344.75886,-0.0790587563739592,0.54,,0.412,-1,-1,0,0,0,-2.5,防御,防御
2014-03-10,2097.787,2342.543615,-0.10759012532017087,0.672,,0.492,-1,-1,0,0,0,-2.5,防御,防御
2014-03-11,2108.661,2340.4330800000002,-0.09953047633485435,0.392,,0.488,-1,-1,0,0,0,-2.5,防御,防御
2014-03-12,2114.134,2338.53706,-0.10333779798132314,0.508,,0.492,-1,-1,0,0,0,-2.5,防御,防御
2014-03-13,2140.333,2336.7041,-0.12303322654304716,0.496,,0.592,-1,-1,0,0,0,-2.5,防御,防御
2014-03-14,2122.836,2334.554735,-0.142251748963794,0.316,,0.54,-1,-1,0,0,0,-2.5,防御,防御
2014-03-17,2143.038,2332.309685,-0.13687724259924627,0.292,,0.572,-1,-1,-1,0,0,-3.5,防御,防御
2014-03-18,2138.133,2329.952315,-0.14728958246508916,0.456,,0.536,-1,-1,0,0,0,-2.5,防御,防御
2014-03-19,2120.87,2327.4824,-0.1478692210460678,0.432,,0.444,-1,-1,0,0,0,-2.5,防御,防御
2014-03-20,2086.967,2324.827065,-0.15793438482240474,0.652,,0.504,-1,-1,0,0,0,-2.5,防御,防御
2014-03-21,2158.798,2322.70681,-0.11062561950989624,0.892,,0.792,-1,-1,1,0,0,-1.5,防御,防御
2014-03-24,2176.554,2320.6034400000003,-0.1052230001109965,0.9,,0.784,-1,-1,1,0,0,-1.5,防御,防御
2014-03-25,2174.44,2318.4777050000002,-0.12047463725908958,0.808,,0.704,-1,-1,1,0,0,-1.5,防御,防御
2014-03-26,2171.047,2316.111145,-0.11164109604175321,0.536,,0.704,-1,-1,0,0,0,-2.5,防御,防御
2014-03-27,2155.707,2313.676875,-0.11252351761814394,0.712,,0.716,-1,-1,1,0,0,-1.5,防御,防御
2014-03-28,2151.965,2311.265085,-0.09749782234257642,0.728,,0.664,-1,-1,1,0,0,-1.5,防御,防御
2014-03-31,2146.305,2308.96448,-0.10382839708706293,0.416,,0.64,-1,-1,0,0,0,-2.5,防御,防御
2014-04-01,2163.115,2306.76694,-0.1020831145391291,0.244,,0.7,-1,-1,-1,0,0,-3.5,防御,防御
2014-04-02,2180.727,2304.842245,-0.10692228022561956,0.532,,0.696,-1,-1,0,0,0,-2.5,防御,防御
2014-04-03,2165.008,2302.86459,-0.11761371023519496,0.612,,0.712,-1,-1,0,0,0,-2.5,防御,防御
2014-04-04,2185.472,2301.152725,-0.10037594928945037,0.24,,0.736,-1,-1,-1,0,0,-3.5,防御,防御
2014-04-08,2237.316,2299.918505,-0.09365657312028153,0.824,,0.38,-1,-1,1,0,0,-1.5,防御,防御
2014-04-09,2238.62,2299.1119200000003,-0.09460789745937581,0.56,,0.384,-1,-1,0,0,0,-2.5,防御,防御
2014-04-10,2273.761,2298.39687,-0.07852266063415159,0.936,,0.452,-1,-1,1,0,0,-1.5,防御,防御
2014-04-11,2270.666,2297.731005,-0.06223953289272888,0.796,,0.416,-1,-1,1,0,0,-1.5,防御,防御
2014-04-14,2268.613,2296.980345,-0.059965690560346174,0.52,,0.376,-1,-1,0,0,0,-2.5,防御,防御
2014-04-15,2229.463,2296.123835,-0.08103323339051804,0.584,,0.56,-1,-1,0,0,0,-2.5,防御,防御
2014-04-16,2232.526,2295.679135,-0.09662682564230818,0.332,,0.552,-1,-1,0,0,0,-2.5,防御,防御
2014-04-17,2224.803,2295.2161800000003,-0.09039159962565801,0.344,,0.52,-1,-1,0,0,0,-2.5,防御,防御
2014-04-18,2224.479,2295.482525,-0.08022026958132167,0.308,,0.352,-1,-1,0,0,0,-2.5,防御,防御
2014-04-21,2187.248,2295.59166,-0.0888406676745076,0.428,,0.064,-1,-1,0,0,1,-1.0,中性,防御
2014-04-22,2196.795,2295.73415,-0.07251835398653783,0.46,,0.048,-1,-1,0,0,1,-1.0,中性,防御
2014-04-23,2194.668,2295.903815,-0.07239616662031467,0.18,,0.048,-1,-1,-1,0,1,-2.0,防御,防御
2014-04-24,2190.474,2295.85299,-0.07654930138576155,0.176,,0.056,-1,-1,-1,0,1,-2.0,防御,防御
2014-04-25,2167.826,2295.625535,-0.0995422167079063,0.388,,0.088,-1,-1,0,0,1,-1.0,中性,防御
2014-04-28,2134.969,2295.19046,-0.10058018686297188,0.324,,0.128,-1,-1,0,0,1,-1.0,中性,防御
2014-04-29,2158.47,2294.96367,-0.0949659533073931,0.14,,0.196,-1,-1,-1,0,1,-2.0,防御,防御
2014-04-30,2158.659,2294.64707,-0.09317340305672783,0.116,,0.172,-1,-1,-1,0,1,-2.0,防御,防御
2014-05-05,2156.47,2294.2951749999997,-0.09535277956882571,0.196,,0.124,-1,-1,-1,0,1,-2.0,防御,防御
2014-05-06,2157.328,2294.26372,-0.08337978762457687,0.116,,0.116,-1,-1,-1,0,1,-2.0,防御,防御
2014-05-07,2137.316,2294.136955,-0.08683250788702845,0.112,,0.116,-1,-1,-1,0,1,-2.0,防御,防御
2014-05-08,2135.496,2293.69411,-0.0747197181908581,0.172,,0.02,-1,-1,-1,0,1,-2.0,防御,防御
2014-05-09,2133.911,2292.730225,-0.07857803202139657,0.148,,0.02,-1,-1,-1,0,1,-2.0,防御,防御
2014-05-12,2180.054,2292.25363,-0.06835299145299145,0.688,,0.028,-1,-1,0,0,1,-1.0,中性,防御
2014-05-13,2174.852,2291.591405,-0.04950098683807991,0.444,,0.028,-1,0,0,0,1,0.25,中性,防御
2014-05-14,2172.372,2290.864025,-0.057335188832636774,0.08,,0.028,-1,-1,-1,0,1,-2.0,防御,防御
2014-05-15,2144.084,2290.1702649999997,-0.08790871276801204,0.136,,0.028,-1,-1,-1,0,1,-2.0,防御,防御
2014-05-16,2145.952,2289.673385,-0.11649333052822597,0.032,,0.028,-1,-1,-1,0,1,-2.0,防御,防御
2014-05-19,2115.143,2289.29671,-0.12313429896735828,0.032,,0.052,-1,-1,-1,0,1,-2.0,防御,防御
2014-05-20,2115.771,2288.86462,-0.12746314205002363,0.012,,0.056,-1,-1,-1,0,1,-2.0,防御,防御
2014-05-21,2135.905,2288.21492,-0.11372831992179211,0.016,,0.036,-1,-1,-1,0,1,-2.0,防御,防御
2014-05-22,2130.868,2287.623505,-0.11138375003440426,0.14,,0.036,-1,-1,-1,0,1,-2.0,防御,防御
2014-05-23,2148.414,2287.1771599999997,-0.10056605693056553,0.028,,0.044,-1,-1,-1,0,1,-2.0,防御,防御
2014-05-26,2155.976,2286.837,-0.09694163061653271,0.088,,0.06,-1,-1,-1,0,1,-2.0,防御,防御
2014-05-27,2147.28,2286.69355,-0.11066601890841132,0.064,,0.04,-1,-1,-1,0,1,-2.0,防御,防御
2014-05-28,2169.352,2286.59337,-0.11075002152053892,0.248,,0.028,-1,-1,-1,0,1,-2.0,防御,防御
2014-05-29,2155.164,2286.404085,-0.11635363501580998,0.248,,0.012,-1,-1,-1,0,1,-2.0,防御,防御
2014-05-30,2156.464,2285.959585,-0.1084526630692727,0.152,,0.016,-1,-1,-1,0,1,-2.0,防御,防御
2014-06-03,2149.918,2285.4728600000003,-0.11989025636323147,0.1,,0.028,-1,-1,-1,0,1,-2.0,防御,防御
2014-06-04,2128.274,2284.722585,-0.14013821468323961,0.112,,0.044,-1,-1,-1,0,1,-2.0,防御,防御
2014-06-05,2150.602,2284.00739,-0.12867489912677155,0.068,,0.048,-1,-1,-1,0,1,-2.0,防御,防御
2014-06-06,2134.716,2283.277855,-0.12949993210419497,0.048,,0.064,-1,-1,-1,0,1,-2.0,防御,防御
2014-06-09,2134.281,2282.56535,-0.12917484062815188,0.04,,0.064,-1,-1,-1,0,1,-2.0,防御,防御
2014-06-10,2161.268,2281.94164,-0.11904429993290733,0.26,,0.004,-1,-1,-1,0,1,-2.0,防御,防御
2014-06-11,2160.766,2280.9815,-0.10444332907956555,0.16,,0.004,-1,-1,-1,0,1,-2.0,防御,防御
2014-06-12,2153.41,2279.95321,-0.10647444103045,0.292,,0.012,-1,-1,-1,0,1,-2.0,防御,防御
2014-06-13,2176.242,2279.08902,-0.09573392602712738,0.492,,0.004,-1,-1,0,0,1,-1.0,中性,防御
2014-06-16,2191.855,2278.440415,-0.0743554583489412,0.476,,0.008,-1,-1,0,0,1,-1.0,中性,防御
2014-06-17,2169.674,2277.768065,-0.07923268612479506,0.368,,0.004,-1,-1,0,0,1,-1.0,中性,防御
2014-06-18,2160.239,2276.91211,-0.08356729477784486,0.356,,0.008,-1,-1,0,0,1,-1.0,中性,防御
2014-06-19,2126.907,2275.98432,-0.08810757971368655,0.44,,0.032,-1,-1,0,0,1,-1.0,中性,中性
2014-06-20,2136.729,2275.12502,-0.06207136009439307,0.064,,0.04,-1,-1,-1,0,1,-2.0,防御,中性
2014-06-23,2134.11,2274.2759100000003,-0.06587230511047426,0.116,,0.032,-1,-1,-1,0,1,-2.0,防御,中性
2014-06-24,2144.821,2273.5653700000003,-0.06267983190633186,0.12,,0.036,-1,-1,-1,0,1,-2.0,防御,中性
2014-06-25,2133.371,2272.554145,-0.07450360286493918,0.076,,0.04,-1,-1,-1,0,1,-2.0,防御,中性
2014-06-26,2149.076,2271.59512,-0.05132046753370578,0.28,,0.02,-1,-1,-1,0,1,-2.0,防御,防御
2014-06-27,2150.258,2270.70613,-0.0665168063250442,0.504,,0.016,-1,-1,0,0,1,-1.0,中性,防御
2014-06-30,2165.118,2269.940165,-0.05842246303259291,0.48,,0.028,-1,-1,0,0,1,-1.0,中性,防御
2014-07-01,2164.559,2269.19341,-0.07101508738529083,0.504,,0.024,-1,-1,0,0,1,-1.0,中性,防御
2014-07-02,2170.867,2268.446025,-0.06507856663585954,0.664,,0.008,-1,-1,0,0,1,-1.0,中性,防御
2014-07-03,2180.192,2267.574475,-0.048274844496129954,0.76,,0.004,-1,0,1,0,1,1.25,中性,中性
2014-07-04,2178.695,2266.714455,-0.02677611421592696,0.592,,0.004,-1,0,0,0,1,0.25,中性,中性
2014-07-07,2176.289,2265.887225,-0.02757460787551036,0.488,,0.008,-1,0,0,0,1,0.25,中性,中性
2014-07-08,2180.473,2265.00068,-0.027404299278606548,0.46,,0.004,-1,0,0,0,1,0.25,中性,中性
2014-07-09,2148.71,2263.541185,-0.03307996819398251,0.684,,0.02,-1,0,0,0,1,0.25,中性,中性
2014-07-10,2142.847,2261.88095,-0.028121628173513713,0.504,,0.02,-1,0,0,0,1,0.25,中性,中性
2014-07-11,2148.009,2260.20655,-0.020818907415351084,0.592,,0.008,-1,0,0,0,1,0.25,中性,中性
2014-07-14,2171.758,2258.528065,-0.018567943724958846,0.704,,0.02,-1,0,1,0,1,1.25,中性,中性
2014-07-15,2174.976,2256.958435,-0.01537614630721218,0.768,,0.008,-1,0,1,0,1,1.25,中性,中性
2014-07-16,2170.868,2255.4208249999997,-0.018525718811995828,0.84,,0.008,-1,0,1,0,1,1.25,中性,中性
2014-07-17,2157.068,2254.069555,-0.009832507684228498,0.568,,0.004,-1,0,0,0,1,0.25,中性,中性
2014-07-18,2164.144,2252.7277249999997,-0.0008536500348801379,0.592,,0.004,-1,0,0,0,1,0.25,中性,中性
2014-07-21,2166.295,2251.19776,-0.009652968579278554,0.428,,0.004,-1,0,0,0,1,0.25,中性,中性
2014-07-22,2192.698,2249.941825,-0.022773015015625342,0.756,,0.016,-1,0,1,0,1,1.25,中性,中性
2014-07-23,2197.833,2248.78584,-0.01525882335546258,0.848,,0.016,-1,0,1,0,1,1.25,中性,中性
2014-07-24,2237.015,2248.0487,-0.003857632305254821,0.968,,0.04,-1,0,1,0,1,1.25,中性,中性
2014-07-25,2260.454,2247.376115,0.020097756280802903,0.868,,0.056,0,0,1,0,1,2.5,进攻,中性
2014-07-28,2323.897,2246.950415,0.046868827017980896,0.992,,0.232,0,0,1,0,1,2.5,进攻,中性
2014-07-29,2331.369,2246.398205,0.046498286860333415,0.98,,0.216,0,0,1,0,1,2.5,进攻,中性
2014-07-30,2322.011,2245.7403449999997,0.05428545483438896,0.976,,0.252,0,1,1,0,1,3.75,进攻,中性
2014-07-31,2350.251,2245.3450150000003,0.0622685010461097,0.952,,0.256,0,1,1,0,1,3.75,进攻,进攻
2014-08-01,2329.402,2244.649485,0.027284265638354288,0.976,,0.296,0,0,1,0,1,2.5,进攻,进攻
2014-08-04,2375.62,2244.1648750000004,0.03940300022488996,0.964,,0.348,0,0,1,0,0,1.0,中性,进攻
2014-08-05,2369.353,2243.6740550000004,0.03408931210354549,0.968,,0.376,0,0,1,0,0,1.0,中性,进攻
2014-08-06,2363.221,2243.383305,0.03670323229894956,0.968,,0.288,0,0,1,0,1,2.5,进攻,进攻
2014-08-07,2327.457,2242.95394,0.01388845931847138,0.96,,0.404,0,0,1,0,0,1.0,中性,进攻
2014-08-08,2331.134,2242.47934,0.008429920312227557,0.788,,0.412,0,0,1,0,0,1.0,中性,进攻
2014-08-11,2365.349,2241.949475,0.03632381458104961,0.872,,0.444,0,0,1,0,0,1.0,中性,进攻
2014-08-12,2357.052,2241.5052800000003,0.020962845915545758,0.892,,0.456,0,0,1,0,0,1.0,中性,进攻
2014-08-13,2358.901,2241.20733,0.031242404159067094,0.968,,0.456,0,0,1,0,0,1.0,中性,中性
2014-08-14,2335.945,2240.8844999999997,0.03164385896884436,0.94,,0.516,0,0,1,0,0,1.0,中性,中性
2014-08-15,2360.635,2240.8448799999996,0.06598573318058332,0.856,,0.528,0,1,1,0,0,2.25,进攻,中性
2014-08-18,2374.562,2240.88792,0.10039950711545287,0.92,,0.528,0,1,1,0,0,2.25,进攻,中性
2014-08-19,2374.768,2240.901495,0.09769922876206705,0.964,,0.508,0,1,1,0,0,2.25,进攻,中性
2014-08-20,2366.14,2240.69484,0.09843146211796228,0.928,,0.54,0,1,1,0,0,2.25,进攻,中性
2014-08-21,2354.244,2240.59747,0.08043842712913585,0.92,,0.448,0,1,1,0,0,2.25,进攻,进攻
2014-08-22,2365.364,2240.49949,0.07989243826385506,0.892,,0.42,0,1,1,0,0,2.25,进攻,进攻
2014-08-25,2342.863,2240.311535,0.07260539319031989,0.904,,0.216,0,1,1,0,1,3.75,进攻,进攻
2014-08-26,2324.092,2240.01315,0.07399157846482596,0.904,,0.248,0,1,1,0,1,3.75,进攻,进攻
2014-08-27,2327.595,2239.883285,0.07083115188665601,0.648,,0.244,0,1,0,0,1,2.75,进攻,进攻
2014-08-28,2311.278,2239.736915,0.06591162529434702,0.668,,0.196,0,1,0,0,1,2.75,进攻,进攻
2014-08-29,2338.287,2239.888625,0.1146446231195064,0.508,,0.224,0,1,0,0,1,2.75,进攻,进攻
2014-09-01,2355.317,2240.085765,0.11697280881089944,0.708,,0.12,0,1,1,0,1,3.75,进攻,进攻
2014-09-02,2386.46,2240.318065,0.12881208097499974,0.976,,0.18,0,1,1,0,1,3.75,进攻,进攻
2014-09-03,2408.838,2240.921675,0.12545010519391142,0.984,,0.192,0,1,1,0,1,3.75,进攻,进攻
2014-09-04,2426.224,2241.5302899999997,0.14291636282784004,0.972,,0.112,0,1,1,0,1,3.75,进攻,进攻
2014-09-05,2449.259,2242.022915,0.14289107332674456,0.984,,0.14,0,1,1,0,1,3.75,进攻,进攻
2014-09-09,2445.224,2242.10452,0.1436257707074351,0.964,,0.084,1,1,1,0,1,5.0,进攻,进攻
2014-09-10,2432.433,2242.20587,0.14690339341873848,0.952,,0.088,1,1,1,0,1,5.0,进攻,进攻
2014-09-11,2423.454,2242.19889,0.16123254464493209,0.988,,0.1,1,1,1,0,1,5.0,进攻,进攻
2014-09-12,2438.358,2242.3407349999998,0.12949798915878197,0.956,,0.072,1,1,1,0,1,5.0,进攻,进攻
2014-09-15,2437.189,2242.53687,0.11974662700764593,0.98,,0.056,1,1,1,0,1,5.0,进攻,进攻
2014-09-16,2388.765,2242.53755,0.09856560769669431,1.0,,0.208,1,1,1,0,1,5.0,进攻,进攻
2014-09-17,2401.326,2242.6071,0.1060681781647288,0.964,,0.22,1,1,1,0,1,5.0,进攻,进攻
2014-09-18,2408.664,2242.578015,0.1173429413180922,0.932,,0.216,1,1,1,0,1,5.0,进攻,进攻
2014-09-19,2425.211,2242.50642,0.12697511344283008,0.908,,0.216,1,1,1,0,1,5.0,进攻,进攻
2014-09-22,2378.92,2242.2063,0.10837928439807021,0.92,,0.344,1,1,1,0,0,3.5,进攻,进攻
2014-09-23,2399.462,2242.10967,0.10926233695388365,0.832,,0.34,1,1,1,0,0,3.5,进攻,进攻
2014-09-24,2441.864,2242.10507,0.11974768047536455,0.992,,0.396,1,1,1,0,0,3.5,进攻,进攻
2014-09-25,2436.965,2241.91422,0.12561477832876378,0.992,,0.404,1,1,1,0,0,3.5,进攻,进攻
2014-09-26,2437.201,2241.75924,0.11518289870563425,0.904,,0.376,1,1,1,0,0,3.5,进攻,进攻
2014-09-29,2447.799,2241.7368,0.09407835102417361,0.96,,0.344,1,1,1,0,0,3.5,进攻,进攻
2014-09-30,2450.988,2241.73738,0.09486558683474633,0.948,,0.332,1,1,1,0,0,3.5,进攻,进攻
2014-10-08,2478.383,2241.862685,0.08999274769863663,0.964,,0.332,1,1,1,0,0,3.5,进攻,进攻
2014-10-09,2481.955,2242.208645,0.09305155403744969,0.992,,0.312,1,1,1,0,0,3.5,进攻,进攻
2014-10-10,2466.789,2242.492515,0.08735557805584304,0.984,,0.324,1,1,1,0,0,3.5,进攻,进攻
2014-10-13,2454.946,2242.73405,0.1011378076245264,0.952,,0.284,1,1,1,0,1,5.0,进攻,进攻
2014-10-14,2446.562,2243.127245,0.09587167181927558,0.932,,0.288,1,1,1,0,1,5.0,进攻,进攻
2014-10-15,2463.874,2243.664735,0.10745715463346639,0.952,,0.304,1,1,1,0,0,3.5,进攻,进攻
2014-10-16,2444.395,2244.1005800000003,0.09886180089809793,0.996,,0.352,1,1,1,0,0,3.5,进攻,进攻
2014-10-17,2441.732,2244.6471899999997,0.11634894625575143,0.956,,0.336,1,1,1,0,0,3.5,进攻,进攻
2014-10-20,2454.711,2245.530065,0.11740558404402757,0.808,,0.356,1,1,1,0,0,3.5,进攻,进攻
2014-10-21,2433.391,2246.27401,0.10877408336932959,0.844,,0.176,1,1,1,0,1,5.0,进攻,进攻
2014-10-22,2418.641,2246.925975,0.10416329981547379,0.776,,0.192,1,1,1,0,1,5.0,进攻,进攻
2014-10-23,2395.936,2247.380105,0.10522523486663604,0.816,,0.24,1,1,1,0,1,5.0,进攻,进攻
2014-10-24,2390.706,2248.006965,0.11978487743850152,0.688,,0.216,1,1,0,0,1,4.0,进攻,进攻
2014-10-27,2368.832,2248.3337349999997,0.09745884816559891,0.672,,0.088,1,1,0,0,1,4.0,进攻,进攻
2014-10-28,2416.653,2248.91971,0.11951586610020382,0.888,,0.252,1,1,1,0,1,5.0,进攻,进攻
2014-10-29,2451.384,2249.5265,0.13675775688973202,0.996,,0.184,1,1,1,0,1,5.0,进攻,进攻
2014-10-30,2468.925,2250.261235,0.14443654372445924,0.996,,0.224,1,1,1,0,1,5.0,进攻,进攻
2014-10-31,2508.325,2251.348965,0.17358640463085484,1.0,,0.32,1,1,1,0,0,3.5,进攻,进攻
2014-11-03,2512.548,2252.7185200000004,0.17656413311005958,0.992,,0.316,1,1,1,0,0,3.5,进攻,进攻
2014-11-04,2513.172,2254.094375,0.17773046767180078,0.996,,0.32,1,1,1,0,0,3.5,进攻,进攻
2014-11-05,2503.448,2255.40206,0.14834219702814688,0.976,,0.284,1,1,1,0,1,5.0,进攻,进攻
2014-11-06,2506.067,2256.82129,0.15229312155493813,0.944,,0.284,1,1,1,0,1,5.0,进攻,进攻
2014-11-07,2502.153,2258.3078,0.15180687285603023,0.98,,0.268,1,1,1,0,1,5.0,进攻,进攻
2014-11-10,2565.73,2260.168055,0.196655541480651,0.988,,0.52,1,1,1,0,0,3.5,进攻,进攻
2014-11-11,2558.612,2261.896885,0.1922969386081328,1.0,,0.516,1,1,1,0,0,3.5,进攻,进攻
2014-11-12,2594.318,2263.82377,0.2265449664632604,0.96,,0.552,1,1,1,0,0,3.5,进攻,进攻
2014-11-13,2579.75,2265.6633,0.2192954719579765,0.976,,0.536,1,1,1,0,0,3.5,进攻,进攻
2014-11-14,2581.093,2267.676325,0.20843061840297183,0.92,,0.536,1,1,1,0,0,3.5,进攻,进攻
2014-11-17,2567.101,2269.681865,0.20472079922360287,0.916,,0.56,1,1,1,0,0,3.5,进攻,进攻
2014-11-18,2541.416,2271.451895,0.1829265681567891,0.884,,0.572,1,1,1,0,0,3.5,进攻,进攻
2014-11-19,2537.223,2272.91903,0.17683267346204223,0.832,,0.54,1,1,1,0,0,3.5,进攻,进攻
2014-11-20,2537.099,2274.44508,0.1815408330539101,0.76,,0.504,1,1,1,0,0,3.5,进攻,进攻
2014-11-21,2583.455,2276.133965,0.19088787803915652,0.896,,0.572,1,1,1,0,0,3.5,进攻,进攻
2014-11-24,2649.258,2278.3006600000003,0.2292605110330348,0.996,,0.696,1,1,1,0,0,3.5,进攻,进攻
2014-11-25,2685.561,2280.62919,0.2453539683481849,0.988,,0.62,1,1,1,0,0,3.5,进攻,进攻
2014-11-26,2723.018,2283.105375,0.26656830632610173,0.992,,0.612,1,1,1,0,0,3.5,进攻,进攻
2014-11-27,2754.49,2285.865575,0.29423655036898433,0.996,,0.644,1,1,1,0,0,3.5,进攻,进攻
2014-11-28,2808.819,2288.847255,0.3060617445719851,1.0,,0.696,1,1,1,0,0,3.5,进攻,进攻
2014-12-01,2819.812,2291.608645,0.3209307467597564,0.996,,0.692,1,1,1,0,0,3.5,进攻,进攻
2014-12-02,2923.94,2294.800535,0.36998830050963294,0.992,,0.948,1,1,1,0,-1,2.0,进攻,进攻
2014-12-03,2967.549,2298.18205,0.3730592411491773,1.0,,0.932,1,1,1,0,-1,2.0,进攻,进攻
2014-12-04,3104.351,2302.306035,0.4366900441787773,0.996,,1.0,1,1,1,0,-1,2.0,进攻,进攻
2014-12-05,3124.885,2306.452585,0.45113331878276797,1.0,,0.992,1,1,1,0,-1,2.0,进攻,进攻
2014-12-08,3252.881,2311.158755,0.49472393235678735,0.996,,1.0,1,1,1,0,-1,2.0,进攻,进攻
2014-12-09,3106.913,2315.28111,0.41748108337458456,1.0,,1.0,1,1,1,0,-1,2.0,进攻,进攻
2014-12-10,3221.546,2319.8455599999998,0.4848064732305406,0.98,,1.0,1,1,1,0,-1,2.0,进攻,进攻
2014-12-11,3183.012,2324.32344,0.47345363175093125,0.976,,1.0,1,1,1,0,-1,2.0,进攻,进攻
2014-12-12,3193.227,2328.968105,0.5013477317061816,0.956,,0.996,1,1,1,0,-1,2.0,进攻,进攻
2014-12-15,3217.228,2333.9817,0.5056790074922932,0.952,,0.988,1,1,1,0,-1,2.0,进攻,进攻
2014-12-16,3303.402,2339.7091649999998,0.5479061529162039,0.968,,0.984,1,1,1,0,-1,2.0,进攻,进攻
2014-12-17,3360.598,2345.69513,0.5668431071870335,0.984,,0.98,1,1,1,0,-1,2.0,进攻,进攻
2014-12-18,3345.927,2351.654225,0.5683755896184959,0.952,,0.98,1,1,1,0,-1,2.0,进攻,进攻
2014-12-19,3383.167,2357.675205,0.5742426047287299,0.976,,0.976,1,1,1,0,-1,2.0,进攻,进攻
2014-12-22,3394.481,2363.69576,0.578638935420773,0.996,,0.972,1,1,1,0,-1,2.0,进攻,进攻
2014-12-23,3324.924,2369.399015,0.5356779630486652,0.948,,1.0,1,1,1,0,-1,2.0,进攻,进攻
2014-12-24,3230.385,2374.73106,0.4923986825953923,0.924,,1.0,1,1,1,0,-1,2.0,进攻,进攻
2014-12-25,3335.419,2380.539985,0.5364455768133192,0.924,,1.0,1,1,1,0,-1,2.0,进攻,进攻
2014-12-26,3445.839,2386.92739,0.5805208899032746,0.956,,1.0,1,1,1,0,-1,2.0,进攻,进攻
2014-12-29,3455.455,2393.71573,0.5860205306387538,0.964,,1.0,1,1,1,0,-1,2.0,进攻,进攻
2014-12-30,3457.554,2400.460195,0.5887384442047907,0.916,,0.988,1,1,1,0,-1,2.0,进攻,进攻
2014-12-31,3533.705,2407.55805,0.6206139677033378,0.92,,0.988,1,1,1,0,-1,2.0,进攻,进攻
2015-01-05,3641.541,2415.06409,0.6947568541124676,0.972,,0.976,1,1,1,0,-1,2.0,进攻,进攻
2015-01-06,3641.059,2422.655205,0.6991689093995044,0.956,,0.976,1,1,1,0,-1,2.0,进攻,进攻
2015-01-07,3643.79,2430.158965,0.6963569519494563,0.9,,0.964,1,1,1,0,-1,2.0,进攻,进攻
2015-01-08,3559.259,2437.264595,0.638883798286918,0.888,,0.92,1,1,1,0,-1,2.0,进攻,进攻
2015-01-09,3546.723,2444.39386,0.6306952352577682,0.916,,0.916,1,1,1,0,-1,2.0,进攻,进攻
2015-01-12,3513.576,2451.526905,0.6185120421877333,0.864,,0.912,1,1,1,0,-1,2.0,进攻,进攻
2015-01-13,3514.04,2458.303115,0.6290816979344183,0.804,,0.912,1,1,1,0,-1,2.0,进攻,进攻
2015-01-14,3502.423,2464.93246,0.6183872237706918,0.812,,0.912,1,1,1,0,-1,2.0,进攻,进攻
2015-01-15,3604.121,2472.080865,0.6637258545119662,0.828,,0.916,1,1,1,0,-1,2.0,进攻,进攻
2015-01-16,3635.146,2479.40136,0.657841617951948,0.872,,0.904,1,1,1,0,-1,2.0,进攻,进攻
2015-01-19,3355.155,2485.3986,0.5265741300635671,0.904,,1.0,1,1,1,0,-1,2.0,进攻,进攻
2015-01-20,3396.222,2491.619885,0.5181936643250047,0.868,,1.0,1,1,1,0,-1,2.0,进攻,进攻
2015-01-21,3548.885,2498.6327850000002,0.5699877104333908,0.916,,1.0,1,1,1,0,-1,2.0,进攻,进攻
2015-01-22,3567.613,2505.655275,0.535185509512685,0.86,,0.996,1,1,1,0,-1,2.0,进攻,进攻
2015-01-23,3571.732,2512.6103,0.5320320378284173,0.872,,0.992,1,1,1,0,-1,2.0,进攻,进攻
2015-01-26,3607.985,2519.8251849999997,0.5538190818217485,0.836,,0.98,1,1,1,0,-1,2.0,进攻,进攻
2015-01-27,3574.931,2526.77248,0.5210847692437957,0.876,,0.968,1,1,1,0,-1,2.0,进攻,进攻
2015-01-28,3525.323,2533.2125149999997,0.5134025814350636,0.816,,0.976,1,1,1,0,-1,2.0,进攻,进攻
2015-01-29,3481.798,2539.428405,0.46563760197337944,0.788,,0.976,1,1,1,0,-1,2.0,进攻,进攻
2015-01-30,3434.39,2545.23155,0.44950541350317996,0.776,,0.96,1,1,1,0,-1,2.0,进攻,进攻
2015-02-02,3353.96,2550.64802,0.41923247973845856,0.768,,0.94,1,1,1,0,-1,2.0,进攻,进攻
2015-02-03,3437.445,2556.4921799999997,0.4769102071488325,0.76,,0.968,1,1,1,0,-1,2.0,进攻,进攻
2015-02-04,3401.768,2562.353705,0.4592760433334162,0.764,,0.972,1,1,1,0,-1,2.0,进攻,进攻
2015-02-05,3366.946,2568.025805,0.4234457578987285,0.82,,0.944,1,1,1,0,-1,2.0,进攻,进攻
2015-02-06,3312.42,2573.46389,0.4053232597329206,0.748,,0.948,1,1,1,0,-1,2.0,进攻,进攻
2015-02-09,3345.921,2579.0710999999997,0.41842366424025434,0.676,,0.96,1,1,0,0,-1,1.0,中性,进攻
2015-02-10,3406.943,2585.169575,0.4584859660651257,0.632,,0.976,1,1,0,0,-1,1.0,中性,进攻
2015-02-11,3434.124,2591.35622,0.4547458628716423,0.56,,0.976,1,1,0,0,-1,1.0,中性,进攻
2015-02-12,3442.874,2597.5972500000003,0.4498985497114836,0.636,,0.924,1,1,0,0,-1,1.0,中性,进攻
2015-02-13,3469.828,2603.99402,0.4611229391671101,0.772,,0.92,1,1,1,0,-1,2.0,进攻,进攻
2015-02-16,3499.483,2610.652305,0.4789839147303203,0.716,,0.812,1,1,1,0,-1,2.0,进攻,进攻
2015-02-17,3522.322,2617.58907,0.4961584270789263,0.724,,0.808,1,1,1,0,-1,2.0,进攻,进攻
2015-02-25,3478.729,2624.190365,0.47069499662631187,0.728,,0.756,1,1,1,0,0,3.5,进攻,进攻
2015-02-26,3566.295,2631.228545,0.5221952798776541,0.808,,0.784,1,1,1,0,0,3.5,进攻,进攻
2015-02-27,3572.843,2638.31041,0.5373070429225693,0.8,,0.784,1,1,1,0,0,3.5,进攻,进攻
2015-03-02,3601.265,2645.5300950000005,0.5472043031541141,0.848,,0.776,1,1,1,0,0,3.5,进攻,进攻
2015-03-03,3507.9,2652.383015,0.5177317484093218,0.884,,0.8,1,1,1,0,0,3.5,进攻,进攻
2015-03-04,3530.822,2659.359645,0.5100036907359962,0.776,,0.788,1,1,1,0,0,3.5,进攻,进攻
2015-03-05,3496.344,2666.1718100000003,0.4844473164334142,0.824,,0.784,1,1,1,0,0,3.5,进攻,进攻
2015-03-06,3478.52,2672.6641400000003,0.45760666426422403,0.764,,0.776,1,1,1,0,0,3.5,进攻,进攻
2015-03-09,3537.75,2679.47863,0.4686541809785463,0.824,,0.756,1,1,1,0,0,3.5,进攻,进攻
2015-03-10,3520.611,2686.2198249999997,0.451065936203747,0.76,,0.712,1,1,1,0,0,3.5,进攻,进攻
2015-03-11,3524.653,2693.1226699999997,0.43906912253869423,0.756,,0.688,1,1,1,0,0,3.5,进攻,进攻
2015-03-12,3592.844,2700.35713,0.46933123509339003,0.852,,0.704,1,1,1,0,0,3.5,进攻,进攻
2015-03-13,3617.657,2707.8696999999997,0.4872586418618725,0.828,,0.632,1,1,1,0,0,3.5,进攻,进攻
2015-03-16,3705.671,2715.8192000000004,0.5290865846845039,0.892,,0.696,1,1,1,0,0,3.5,进攻,进攻
2015-03-17,3757.122,2723.9252850000003,0.5408410085803641,0.964,,0.672,1,1,1,0,0,3.5,进攻,进攻
2015-03-18,3846.055,2732.5012199999996,0.578070063503487,0.98,,0.744,1,1,1,0,0,3.5,进攻,进攻
2015-03-19,3839.739,2740.957845,0.6074159659907945,0.972,,0.752,1,1,1,0,0,3.5,进攻,进攻
2015-03-20,3892.574,2749.640835,0.6210102251839191,0.952,,0.752,1,1,1,0,0,3.5,进攻,进攻
2015-03-23,3972.061,2758.76474,0.6490722657871748,0.968,,0.752,1,1,1,0,0,3.5,进攻,进攻
2015-03-24,3973.046,2767.78321,0.6382269419031994,0.988,,0.756,1,1,1,0,0,3.5,进攻,进攻
2015-03-25,3940.412,2776.7094500000003,0.656386931885057,0.952,,0.744,1,1,1,0,0,3.5,进攻,进攻
2015-03-26,3949.999,2785.6771249999997,0.6462019402682768,0.924,,0.684,1,1,1,0,0,3.5,进攻,进攻
2015-03-27,3971.697,2794.78602,0.6265021311588197,0.872,,0.676,1,1,1,0,0,3.5,进攻,进攻
2015-03-30,4088.178,2804.58554,0.6775694357530779,0.98,,0.756,1,1,1,0,0,3.5,进攻,进攻
2015-03-31,4051.204,2814.08855,0.6622363112439229,0.972,,0.64,1,1,1,0,0,3.5,进攻,进攻
2015-04-01,4123.895,2824.034445,0.6847359607549477,0.896,,0.656,1,1,1,0,0,3.5,进攻,进攻
2015-04-02,4124.776,2833.98692,0.6829033842678953,0.908,,0.628,1,1,1,0,0,3.5,进攻,进攻
2015-04-03,4170.538,2844.03327,0.6827657387901709,0.904,,0.616,1,1,1,0,0,3.5,进攻,进攻
2015-04-07,4260.044,2854.52966,0.7164066230048489,0.98,,0.624,1,1,1,0,0,3.5,进攻,进攻
2015-04-08,4295.803,2865.2416249999997,0.7414553899826859,0.984,,0.612,1,1,1,0,0,3.5,进攻,进攻
2015-04-09,4262.138,2875.671105,0.7361432797299818,0.976,,0.64,1,1,1,0,0,3.5,进攻,进攻
2015-04-10,4344.416,2886.43391,0.7757228306497037,0.9,,0.64,1,1,1,0,0,3.5,进攻,进攻
2015-04-13,4421.073,2897.6909050000004,0.794358396573851,0.98,,0.648,1,1,1,0,0,3.5,进攻,进攻
2015-04-14,4438.184,2909.0806299999995,0.81565745307121,0.98,,0.616,1,1,1,0,0,3.5,进攻,进攻
2015-04-15,4380.513,2920.3486599999997,0.7940187539009196,0.98,,0.68,1,1,1,0,0,3.5,进攻,进攻
2015-04-16,4513.546,2932.232745,0.8387280620814428,0.944,,0.728,1,1,1,0,0,3.5,进攻,进攻
2015-04-17,4596.136,2944.5428750000005,0.8887782522414196,0.996,,0.724,1,1,1,0,0,3.5,进攻,进攻
2015-04-20,4521.919,2956.4283649999998,0.8696114884350343,1.0,,0.764,1,1,1,0,0,3.5,进攻,进攻
2015-04-21,4619.164,2968.8573300000003,0.927916271553163,0.976,,0.764,1,1,1,0,0,3.5,进攻,进攻
2015-04-22,4739.814,2981.81102,0.9826001189606752,0.988,,0.78,1,1,1,0,0,3.5,进攻,进攻
2015-04-23,4740.892,2994.76419,1.0013626968902818,0.98,,0.76,1,1,1,0,0,3.5,进攻,进攻
2015-04-24,4702.641,3007.4518049999997,0.9459314183707797,0.964,,0.78,1,1,1,0,0,3.5,进攻,进攻
2015-04-27,4807.592,3020.6669699999998,0.9611745854586633,0.98,,0.788,1,1,1,0,0,3.5,进攻,进攻
2015-04-28,4741.861,3033.52194,0.9206176777342363,0.992,,0.792,1,1,1,0,0,3.5,进攻,进攻
2015-04-29,4774.326,3046.49261,0.9033921042927053,0.872,,0.76,1,1,1,0,0,3.5,进攻,进攻
2015-04-30,4749.886,3059.348565,0.890465774186205,0.884,,0.768,1,1,1,0,0,3.5,进攻,进攻
2015-05-04,4787.741,3072.4058250000003,0.9050590250090325,0.848,,0.756,1,1,1,0,0,3.5,进攻,进攻
2015-05-05,4596.837,3084.4876449999997,0.8362023097743594,0.928,,0.812,1,1,1,0,-1,2.0,进攻,进攻
2015-05-06,4553.327,3096.5107300000004,0.8169214949161376,0.828,,0.808,1,1,1,0,-1,2.0,进攻,进攻
2015-05-07,4470.089,3108.14694,0.7864970687244146,0.744,,0.836,1,1,1,0,-1,2.0,进攻,进攻
2015-05-08,4558.404,3120.1989150000004,0.7766499202955885,0.744,,0.836,1,1,1,0,-1,2.0,进攻,进攻
2015-05-11,4690.532,3132.792785,0.8332330185272327,0.84,,0.836,1,1,1,0,-1,2.0,进攻,进攻
2015-05-12,4747.421,3145.65501,0.8299302552732548,0.872,,0.832,1,1,1,0,-1,2.0,进攻,进攻
2015-05-13,4718.436,3158.3928499999997,0.8290283942242465,0.848,,0.832,1,1,1,0,-1,2.0,进攻,进攻
2015-05-14,4700.778,3171.1114000000002,0.8212354223578928,0.792,,0.824,1,1,1,0,-1,2.0,进攻,进攻
2015-05-15,4617.47,3183.3780300000003,0.7987099066222949,0.78,,0.812,1,1,1,0,-1,2.0,进攻,进攻
2015-05-18,4575.14,3195.422255,0.8002326262209729,0.708,,0.784,1,1,1,0,0,3.5,进攻,进攻
2015-05-19,4731.222,3208.1148749999998,0.864724543329459,0.768,,0.828,1,1,1,0,-1,2.0,进攻,进攻
2015-05-20,4754.919,3220.900305,0.8741558764557471,0.852,,0.812,1,1,1,0,-1,2.0,进攻,进攻
2015-05-21,4840.976,3233.92011,0.8738379418259656,0.796,,0.788,1,1,1,0,0,3.5,进攻,进攻
2015-05-22,4951.335,3247.3745149999995,0.8689516083371269,0.968,,0.816,1,1,1,0,-1,2.0,进攻,进攻
2015-05-25,5099.495,3261.2525049999995,0.8988565145234086,0.984,,0.84,1,1,1,0,-1,2.0,进攻,进攻
2015-05-26,5198.918,3275.59025,0.9092484882582486,0.988,,0.836,1,1,1,0,-1,2.0,进攻,进攻
2015-05-27,5181.434,3289.887365,0.8810865169232782,0.976,,0.816,1,1,1,0,-1,2.0,进攻,进攻
2015-05-28,4834.007,3302.3061450000005,0.7210105029907585,0.996,,0.968,1,1,1,0,-1,2.0,进攻,进攻
2015-05-29,4840.829,3314.8632800000005,0.7167204764005544,0.924,,0.964,1,1,1,0,-1,2.0,进攻,进攻
2015-06-01,5076.179,3328.3660750000004,0.7360749536584199,0.916,,0.996,1,1,1,0,-1,2.0,进攻,进攻
2015-06-02,5161.87,3342.3286600000006,0.7394388433013237,0.932,,0.976,1,1,1,0,-1,2.0,进攻,进攻
2015-06-03,5143.59,3356.230505,0.6568970454694072,0.92,,0.96,1,1,1,0,-1,2.0,进攻,进攻
2015-06-04,5181.416,3370.5002999999997,0.6581141386003004,0.96,,0.908,1,1,1,0,-1,2.0,进攻,进攻
2015-06-05,5230.552,3384.99739,0.6079752072086251,0.992,,0.9,1,1,1,0,-1,2.0,进攻,进攻
2015-06-08,5353.751,3399.9394,0.7231737740966677,0.996,,0.88,1,1,1,0,-1,2.0,进攻,进攻
2015-06-09,5317.461,3414.741445,0.6505929140853492,0.976,,0.888,1,1,1,0,-1,2.0,进攻,进攻
2015-06-10,5309.112,3429.4925,0.6679522414618606,0.892,,0.88,1,1,1,0,-1,2.0,进攻,进攻
2015-06-11,5306.59,3444.345725,0.661826735149114,0.86,,0.868,1,1,1,0,-1,2.0,进攻,进攻
2015-06-12,5335.115,3459.218125,0.6582955886247415,0.916,,0.852,1,1,1,0,-1,2.0,进攻,进攻
2015-06-15,5221.167,3473.45115,0.5805424226297617,0.924,,0.864,1,1,1,0,-1,2.0,进攻,进攻
2015-06-16,5064.821,3486.901415,0.5071189710878838,0.836,,0.904,1,1,1,0,-1,2.0,进攻,进攻
2015-06-17,5138.831,3500.7648700000004,0.5358467175165507,0.82,,0.912,1,1,1,0,-1,2.0,进攻,进攻
2015-06-18,4930.549,3513.6463949999998,0.4573767715279795,0.76,,0.988,1,1,1,0,-1,2.0,进攻,进攻
2015-06-19,4637.052,3525.004835,0.3660562542550685,0.704,,1.0,1,1,1,0,-1,2.0,进攻,进攻
2015-06-23,4786.091,3537.220975,0.43945876657631877,0.724,,1.0,1,1,1,0,-1,2.0,进攻,进攻
2015-06-24,4880.126,3550.0011449999997,0.5106948552571906,0.828,,1.0,1,1,1,0,-1,2.0,进攻,进攻
2015-06-25,4706.516,3561.89575,0.41107189231697716,0.86,,1.0,1,1,1,0,-1,2.0,进攻,进攻
2015-06-26,4336.195,3572.0203349999997,0.25838583868834264,0.852,,1.0,1,1,1,0,-1,2.0,进攻,进攻
2015-06-29,4191.549,3581.286645,0.2130237551928762,0.944,,1.0,1,1,1,0,-1,2.0,进攻,进攻
2015-06-30,4472.998,3591.87505,0.29368854398224853,0.972,,1.0,1,1,1,0,-1,2.0,进攻,进攻
2015-07-01,4253.021,3601.207855,0.20355858794098536,0.876,,1.0,1,1,1,0,-1,2.0,进攻,进攻
2015-07-02,4107.996,3609.703645,0.12809274974523155,0.856,,1.0,1,1,1,0,-1,2.0,进攻,进攻
2015-07-03,3885.917,3617.00211,0.06724911625985719,0.808,,1.0,1,1,1,0,-1,2.0,进攻,进攻
2015-07-06,3998.537,3624.7485,0.09735659848674039,0.992,,1.0,1,1,1,0,-1,2.0,进攻,进攻
2015-07-07,3928.003,3632.1623950000003,0.10360133949229322,0.956,,0.992,1,1,1,0,-1,2.0,进攻,进攻
2015-07-08,3663.038,3638.3154200000004,0.03279506180775882,0.944,,1.0,1,0,1,0,-1,0.75,中性,进攻
2015-07-09,3897.626,3645.6862800000004,0.1093045945213651,0.916,,1.0,1,1,1,0,-1,2.0,进攻,进攻
2015-07-10,4106.556,3654.02727,0.16861390308590662,0.84,,1.0,1,1,1,0,-1,2.0,进攻,进攻
2015-07-13,4211.812,3662.9003850000004,0.2025423542501863,0.908,,1.0,1,1,1,0,-1,2.0,进攻,进攻
2015-07-14,4112.149,3671.517305,0.1409575316699967,0.92,,1.0,1,1,1,0,-1,2.0,进攻,进攻
2015-07-15,3966.759,3679.34447,0.09122412139704972,0.852,,1.0,1,1,1,0,-1,2.0,进攻,进攻
2015-07-16,3997.356,3687.28793,0.19140725242201917,0.684,,0.988,1,1,0,0,-1,1.0,中性,进攻
2015-07-17,4151.496,3695.9193549999995,0.22238652243581236,0.66,,1.0,1,1,0,0,-1,1.0,中性,进攻
2015-07-20,4160.612,3704.8278150000006,0.17237160403901508,0.76,,0.976,1,1,1,0,-1,2.0,进攻,进攻
2015-07-21,4166.006,3713.660535,0.16772923520572447,0.688,,0.972,1,1,0,0,-1,1.0,中性,进攻
2015-07-22,4157.16,3722.237015,0.16390591455349957,0.716,,0.968,1,1,1,0,-1,2.0,进攻,进攻
2015-07-23,4250.805,3731.306215,0.17816592918207808,0.792,,0.964,1,1,1,0,-1,2.0,进攻,进攻
2015-07-24,4176.279,3740.001605,0.16821247738767564,0.88,,0.956,1,1,1,0,-1,2.0,进攻,进攻
2015-07-27,3818.731,3746.8562650000003,0.08322868571191933,0.776,,0.968,1,1,1,0,-1,2.0,进攻,进攻
2015-07-28,3811.093,3753.65679,0.09457613566324063,0.784,,0.952,1,1,1,0,-1,2.0,进攻,进攻
2015-07-29,3930.379,3760.9167700000003,0.1444183683274176,0.564,,0.948,1,1,0,0,-1,1.0,中性,进攻
2015-07-30,3815.412,3767.584055,0.13758422879223353,0.604,,0.94,1,1,0,0,-1,1.0,中性,进攻
2015-07-31,3816.699,3774.3336050000003,0.11033020164686258,0.456,,0.932,1,1,0,0,-1,1.0,中性,进攻
2015-08-03,3829.235,3781.20505,0.12566024490794203,0.472,,0.924,1,1,0,0,-1,1.0,中性,进攻
2015-08-04,3948.155,3788.713015,0.172622014133877,0.464,,0.928,1,1,0,0,-1,1.0,中性,中性
2015-08-05,3866.9,3795.7281449999996,0.16739423140785292,0.48,,0.9,1,1,0,0,-1,1.0,中性,中性
2015-08-06,3831.852,3802.66543,0.14523086468568747,0.332,,0.884,1,1,0,0,-1,1.0,中性,中性
2015-08-07,3906.945,3809.991495,0.14675971978398228,0.436,,0.864,1,1,0,0,-1,1.0,中性,中性
2015-08-10,4084.365,3818.139765,0.18934697756982577,0.66,,0.88,1,1,0,0,-1,1.0,中性,中性
2015-08-11,4066.669,3826.3061549999998,0.1811843825826911,0.74,,0.872,1,1,1,0,-1,2.0,进攻,中性
2015-08-12,4016.126,3834.29358,0.15744238619320616,0.572,,0.852,1,1,0,0,-1,1.0,中性,中性
2015-08-13,4075.463,3842.6912150000003,0.16459002658392685,0.544,,0.852,1,1,0,0,-1,1.0,中性,中性
2015-08-14,4073.54,3851.1053850000003,0.15649279083513656,0.608,,0.84,1,1,0,0,-1,1.0,中性,中性
2015-08-17,4077.872,3859.650585,0.17223043243667435,0.592,,0.836,1,1,0,0,-1,1.0,中性,中性
2015-08-18,3825.412,3866.6943800000004,0.07265719745562271,0.752,,0.88,0,1,1,0,-1,0.75,中性,中性
2015-08-19,3886.136,3873.8681399999996,0.08768731231683002,0.612,,0.88,1,1,0,0,-1,1.0,中性,中性
2015-08-20,3761.454,3880.330785,0.04448131420486967,0.472,,0.88,0,0,0,0,-1,-1.5,防御,中性
2015-08-21,3589.536,3885.7368399999996,0.023272043102710915,0.444,,0.892,0,0,0,0,-1,-1.5,防御,中性
2015-08-24,3275.534,3889.55177,-0.07230271024707557,0.384,,0.892,0,-1,0,0,-1,-2.75,防御,中性
2015-08-25,3042.927,3892.2005449999997,-0.12968317762783066,0.404,,0.908,0,-1,0,0,-1,-2.75,防御,中性
2015-08-26,3025.692,3894.811765,-0.13017835171279735,0.596,,0.892,0,-1,0,0,-1,-2.75,防御,防御
2015-08-27,3205.638,3898.30962,-0.09387661649353407,0.488,,0.928,0,-1,0,0,-1,-2.75,防御,防御
2015-08-28,3342.286,3902.5102850000003,-0.050651719261230466,0.552,,0.936,0,-1,0,0,-1,-2.75,防御,防御
2015-08-31,3366.536,3906.514315,-0.044860302560280285,0.472,,0.936,0,0,0,0,-1,-1.5,防御,防御
2015-09-01,3362.083,3910.5316699999994,-0.06422794866685,0.52,,0.928,0,-1,0,0,-1,-2.75,防御,防御
2015-09-02,3365.832,3914.38924,-0.06960997131568869,0.54,,0.924,0,-1,0,0,-1,-2.75,防御,防御
2015-09-07,3250.485,3917.742915,-0.1228349737469947,0.292,,0.928,0,-1,-1,0,-1,-3.75,防御,防御
2015-09-08,3334.023,3921.5075650000003,-0.11261252629006979,0.232,,0.928,0,-1,-1,0,-1,-3.75,防御,防御
2015-09-09,3399.305,3925.668585,-0.11615798526022114,0.428,,0.904,0,-1,0,0,-1,-2.75,防御,防御
2015-09-10,3357.561,3929.7493099999997,-0.12557572272490392,0.244,,0.9,0,-1,-1,0,-1,-3.75,防御,防御
2015-09-11,3347.188,3933.799135,-0.14010934666881092,0.168,,0.904,0,-1,-1,0,-1,-3.75,防御,防御
2015-09-14,3281.132,3937.5193,-0.1739472279000751,0.368,,0.884,0,-1,0,0,-1,-2.75,防御,防御
2015-09-15,3152.232,3940.363185,-0.2065956447521624,0.208,,0.908,0,-1,-1,0,-1,-3.75,防御,防御
2015-09-16,3309.248,3943.663135,-0.1601771591397041,0.248,,0.948,0,-1,-1,0,-1,-3.75,防御,防御
2015-09-17,3236.999,3946.4203249999996,-0.18050637481174048,0.324,,0.912,0,-1,0,0,-1,-2.75,防御,防御
2015-09-18,3251.273,3949.0615999999995,-0.1813894665177127,0.108,,0.904,0,-1,-1,0,-1,-3.75,防御,防御
2015-09-21,3308.247,3951.8303849999998,-0.1907771628339079,0.176,,0.9,0,-1,-1,0,-1,-3.75,防御,防御
2015-09-22,3339.03,3954.4814400000005,-0.17579317161021757,0.24,,0.852,0,-1,-1,0,-1,-3.75,防御,防御
2015-09-23,3263.028,3956.69752,-0.20875095025455315,0.168,,0.804,0,-1,-1,0,-1,-3.75,防御,防御
2015-09-24,3284.999,3958.502815,-0.20359335876663365,0.12,,0.724,0,-1,-1,0,0,-2.25,防御,防御
2015-09-25,3231.951,3959.8248249999997,-0.22505177989026826,0.168,,0.724,0,-1,-1,0,0,-2.25,防御,防御
2015-09-28,3242.752,3960.51683,-0.23879847250403985,0.016,,0.564,0,-1,-1,0,0,-2.25,防御,防御
2015-09-29,3178.854,3960.7866750000003,-0.26000936262673124,0.032,,0.54,0,-1,-1,0,0,-2.25,防御,防御
2015-09-30,3202.948,3960.53701,-0.24851142783269808,0.012,,0.544,0,-1,-1,0,0,-2.25,防御,防御
2015-10-08,3296.482,3961.484855,-0.24121400897151657,0.16,,0.548,0,-1,-1,0,0,-2.25,防御,防御
2015-10-09,3340.116,3962.0777049999997,-0.24450105212015283,0.16,,0.556,0,-1,-1,0,0,-2.25,防御,防御
2015-10-12,3447.693,3963.40111,-0.2231748390783257,0.444,,0.54,0,-1,0,0,0,-1.25,中性,防御
2015-10-13,3445.043,3964.6601900000005,-0.21355261358658217,0.28,,0.536,0,-1,-1,0,0,-2.25,防御,防御
2015-10-14,3406.112,3965.6046100000003,-0.24535786275358673,0.272,,0.528,0,-1,-1,0,0,-2.25,防御,防御
2015-10-15,3486.815,3966.521675,-0.2413594810945543,0.312,,0.536,0,-1,0,0,0,-1.25,中性,防御
2015-10-16,3534.065,3967.3890100000003,-0.21845902149065466,0.456,,0.536,0,-1,0,0,0,-1.25,中性,防御
2015-10-19,3534.182,3968.330285,-0.2348870921231634,0.428,,0.504,0,-1,0,0,0,-1.25,中性,防御
2015-10-20,3577.703,3969.302965,-0.24518071806193242,0.312,,0.436,0,-1,0,0,0,-1.25,中性,防御
2015-10-21,3473.254,3969.6968299999994,-0.26738385940873577,0.576,,0.36,0,-1,0,0,0,-1.25,中性,中性
2015-10-22,3524.534,3970.6948799999996,-0.25052029274613985,0.32,,0.356,0,-1,0,0,0,-1.25,中性,中性
2015-10-23,3571.241,3972.3991600000004,-0.257166373519217,0.352,,0.356,0,-1,0,0,0,-1.25,中性,中性
2015-10-26,3589.261,3973.668370000001,-0.24306912412658233,0.388,,0.348,0,-1,0,0,0,-1.25,中性,中性
2015-10-27,3592.879,3974.4035700000004,-0.24745838470184067,0.316,,0.344,0,-1,0,0,0,-1.25,中性,中性
2015-10-28,3524.92,3974.750895,-0.25789376839781,0.22,,0.34,0,-1,-1,0,0,-2.25,防御,中性
2015-10-29,3533.307,3975.1296599999996,-0.26200957821235527,0.116,,0.336,0,-1,-1,0,0,-2.25,防御,中性
2015-10-30,3534.079,3975.13153,-0.2311933183621695,0.132,,0.32,0,-1,-1,0,0,-2.25,防御,中性
2015-11-02,3475.962,3974.303635,-0.23661050480231272,0.096,,0.34,0,-1,-1,0,0,-2.25,防御,中性
2015-11-03,3465.493,3973.425805,-0.22473735981543097,0.036,,0.312,0,-1,-1,0,0,-2.25,防御,防御
2015-11-04,3628.538,3973.349545,-0.20398937873869893,0.328,,0.404,0,-1,0,0,0,-1.25,中性,防御
2015-11-05,3705.97,3974.0831,-0.20990412174994233,0.768,,0.364,0,-1,1,0,0,-0.25,中性,防御
2015-11-06,3793.374,3975.3163550000004,-0.20096111130653893,0.5,,0.396,0,-1,0,0,0,-1.25,中性,防御
2015-11-09,3840.355,3976.9502500000003,-0.18609577410820022,0.652,,0.344,0,-1,0,0,0,-1.25,中性,防御
2015-11-10,3833.238,3978.54624,-0.1845524294063664,0.496,,0.344,0,-1,0,0,0,-1.25,中性,中性
2015-11-11,3833.646,3980.202355,-0.16975183379642966,0.352,,0.328,0,-1,0,0,0,-1.25,中性,中性
2015-11-12,3795.324,3981.15837,-0.17044636885428643,0.352,,0.316,0,-1,0,0,0,-1.25,中性,中性
2015-11-13,3746.242,3981.71385,-0.20818722943036694,0.312,,0.332,0,-1,0,0,0,-1.25,中性,中性
2015-11-16,3764.126,3983.758705,-0.20837221412183882,0.176,,0.328,0,-1,-1,0,0,-2.25,防御,中性
2015-11-17,3758.387,3985.56953,-0.22363031752274742,0.416,,0.316,0,-1,0,0,0,-1.25,中性,中性
2015-11-18,3715.58,3986.403005,-0.24958016373361935,0.224,,0.268,0,-1,-1,0,1,-0.75,中性,中性
2015-11-19,3774.969,3987.4397850000005,-0.2597366994182757,0.128,,0.268,0,-1,-1,0,1,-0.75,中性,中性
2015-11-20,3774.383,3988.45304,-0.2740060527979091,0.244,,0.26,0,-1,-1,0,1,-0.75,中性,中性
2015-11-23,3753.335,3989.17979,-0.2756184870829196,0.248,,0.264,0,-1,-1,0,1,-0.75,中性,中性
2015-11-24,3753.889,3990.07458,-0.22344154652651504,0.132,,0.264,0,-1,-1,0,1,-0.75,中性,中性
2015-11-25,3781.607,3991.3559999999998,-0.21881004266004844,0.156,,0.224,0,-1,-1,0,1,-0.75,中性,中性
2015-11-26,3759.429,3992.744155,-0.2593978659932993,0.236,,0.236,0,-1,-1,0,1,-0.75,中性,中性
2015-11-27,3556.992,3993.3571650000004,-0.3109101933989038,0.336,,0.46,0,-1,0,0,0,-1.25,中性,中性
2015-11-30,3566.412,3994.419425,-0.3066298052527515,0.224,,0.444,0,-1,-1,0,0,-2.25,防御,中性
2015-12-01,3591.696,3995.19068,-0.30681188308369767,0.128,,0.444,0,-1,-1,0,0,-2.25,防御,中性
2015-12-02,3721.955,3996.791615,-0.2884202279224066,0.22,,0.364,0,-1,-1,0,0,-2.25,防御,中性
2015-12-03,3749.299,3998.70338,-0.2996874527784352,0.172,,0.328,0,-1,-1,0,0,-2.25,防御,中性
2015-12-04,3677.592,4000.52924,-0.3083932350420624,0.128,,0.316,0,-1,-1,0,0,-2.25,防御,防御
2015-12-07,3687.607,4002.23767,-0.30541924901942175,0.036,,0.288,0,-1,-1,0,1,-0.75,中性,防御
2015-12-08,3623.02,4003.318055,-0.31726023679990356,0.052,,0.316,0,-1,-1,0,0,-2.25,防御,防御
2015-12-09,3635.938,4004.3271250000003,-0.3184892921708341,0.032,,0.316,0,-1,-1,0,0,-2.25,防御,防御
2015-12-10,3623.084,4005.228175,-0.3060777408575517,0.036,,0.308,0,-1,-1,0,0,-2.25,防御,防御
2015-12-11,3608.059,4005.91933,-0.2876235902512645,0.02,,0.288,0,-1,-1,0,1,-0.75,中性,防御
2015-12-14,3711.322,4006.978525,-0.2777886643869004,0.06,,0.388,0,-1,-1,0,0,-2.25,防御,防御
2015-12-15,3694.389,4007.83886,-0.2507144741893854,0.044,,0.388,0,-1,-1,0,0,-2.25,防御,防御
2015-12-16,3685.44,4008.872415,-0.20521917804674172,0.028,,0.368,0,-1,-1,0,0,-2.25,防御,防御
2015-12-17,3755.888,4009.82038,-0.21524935484929153,0.224,,0.388,0,-1,-1,0,0,-2.25,防御,防御
2015-12-18,3767.913,4010.79573,-0.22790661552591063,0.188,,0.396,0,-1,-1,0,0,-2.25,防御,防御
2015-12-21,3865.965,4012.1192299999993,-0.17859303994717102,0.264,,0.448,0,-1,-1,0,0,-2.25,防御,防御
2015-12-22,3876.733,4013.963395,-0.10595971813998206,0.176,,0.448,0,-1,-1,0,0,-2.25,防御,防御
2015-12-23,3866.381,4015.6411900000003,-0.07757704848493963,0.264,,0.444,0,-1,-1,0,0,-2.25,防御,防御
2015-12-24,3829.402,4017.3064799999997,-0.1438847055151824,0.084,,0.46,0,-1,-1,0,0,-2.25,防御,防御
2015-12-25,3838.201,4019.1048849999997,-0.09753537544253832,0.044,,0.148,0,-1,-1,0,1,-0.75,中性,防御
2015-12-28,3727.632,4020.054295,-0.09259113202641878,0.192,,0.232,0,-1,-1,0,1,-0.75,中性,防御
2015-12-29,3761.875,4021.260615,-0.03192090824379412,0.02,,0.236,0,0,-1,0,1,0.5,中性,防御
2015-12-30,3765.175,4022.463225,-0.05836184584511772,0.028,,0.124,0,-1,-1,0,1,-0.75,中性,防御
2015-12-31,3731.005,4023.1540300000006,-0.050152202022249015,0.02,,0.132,0,-1,-1,0,1,-0.75,中性,中性
2016-01-04,3469.066,4022.4110750000004,-0.052953859610520015,0.032,,0.508,0,-1,-1,0,0,-2.25,防御,中性
2016-01-05,3478.78,4021.27662,-0.10746182419760131,0.208,,0.512,0,-1,-1,0,0,-2.25,防御,中性
2016-01-06,3539.808,4020.19005,-0.13801053729694657,0.144,,0.516,0,-1,-1,0,0,-2.25,防御,中性
2016-01-07,3294.384,4017.431695,-0.2178226378575302,0.004,,0.708,0,-1,-1,0,0,-2.25,防御,中性
2016-01-08,3361.563,4015.040815,-0.18252889182760645,0.28,,0.716,0,-1,-1,0,0,-2.25,防御,防御
2016-01-11,3192.45,4011.540195,-0.19519940586256945,0.224,,0.744,0,-1,-1,0,0,-2.25,防御,防御
2016-01-12,3215.71,4007.7584399999996,-0.19554075243736113,0.08,,0.736,0,-1,-1,0,0,-2.25,防御,防御
2016-01-13,3155.879,4003.672605,-0.23982125961340206,0.056,,0.74,-1,-1,-1,0,0,-3.5,防御,防御
2016-01-14,3221.571,4000.0784000000003,-0.22569780599584877,0.1,,0.74,-1,-1,-1,0,0,-3.5,防御,防御
2016-01-15,3118.73,3995.9220550000005,-0.25138609977998116,0.072,,0.736,-1,-1,-1,0,0,-3.5,防御,防御
2016-01-18,3130.729,3991.7172149999997,-0.2469067825149862,0.02,,0.736,-1,-1,-1,0,0,-3.5,防御,防御
2016-01-19,3223.125,3987.39195,-0.24176126639542395,0.088,,0.74,-1,-1,-1,0,0,-3.5,防御,防御
2016-01-20,3174.378,3983.0078200000003,-0.23990279385069824,0.12,,0.736,-1,-1,-1,0,0,-3.5,防御,防御
2016-01-21,3081.345,3977.7950699999997,-0.19309713095790204,0.048,,0.744,-1,-1,-1,0,0,-3.5,防御,防御
2016-01-22,3113.463,3972.738505,-0.1830524733980513,0.016,,0.768,-1,-1,-1,0,0,-3.5,防御,防御
2016-01-25,3128.886,3967.530245,-0.20392257337015085,0.012,,0.768,-1,-1,-1,0,0,-3.5,防御,防御
2016-01-26,2940.509,3960.93257,-0.22930760819539275,0.12,,0.784,-1,-1,-1,0,0,-3.5,防御,防御
2016-01-27,2930.352,3954.1053150000002,-0.2322286876696329,0.136,,0.776,-1,-1,-1,0,0,-3.5,防御,防御
2016-01-28,2853.756,3947.063405,-0.2547451383892606,0.032,,0.776,-1,-1,-1,0,0,-3.5,防御,防御
2016-01-29,2946.09,3940.071775,-0.25380589161266465,0.056,,0.812,-1,-1,-1,0,-1,-5.0,防御,防御
2016-02-01,2901.048,3932.47165,-0.24977423776151442,0.016,,0.752,-1,-1,-1,0,0,-3.5,防御,防御
2016-02-02,2961.334,3925.0874000000003,-0.22717944221227748,0.024,,0.756,-1,-1,-1,0,0,-3.5,防御,防御
2016-02-03,2948.639,3917.92803,-0.24528269530285174,0.012,,0.748,-1,-1,-1,0,0,-3.5,防御,防御
2016-02-04,2984.76,3910.2841000000003,-0.2692230003929619,0.044,,0.644,-1,-1,-1,0,0,-3.5,防御,防御
2016-02-05,2963.789,3902.122365,-0.27119984439353184,0.008,,0.636,-1,-1,-1,0,0,-3.5,防御,防御
2016-02-15,2946.707,3894.2463049999997,-0.2662812371922595,0.008,,0.528,-1,-1,-1,0,0,-3.5,防御,防御
2016-02-16,3037.035,3886.3356599999997,-0.2548000067722368,0.116,,0.572,-1,-1,-1,0,0,-3.5,防御,防御
2016-02-17,3063.32,3877.95319,-0.24799560087786043,0.18,,0.556,-1,-1,-1,0,0,-3.5,防御,防御
2016-02-18,3053.699,3869.5172249999996,-0.25115378805416155,0.184,,0.54,-1,-1,-1,0,0,-3.5,防御,防御
2016-02-19,3051.585,3861.261945,-0.2022859237122694,0.048,,0.52,-1,-1,-1,0,0,-3.5,防御,防御
2016-02-22,3118.868,3852.818325,-0.19743724872212398,0.216,,0.532,-1,-1,-1,0,0,-3.5,防御,防御
2016-02-23,3089.363,3844.5558349999997,-0.17867851102259935,0.132,,0.508,-1,-1,-1,0,0,-3.5,防御,防御
2016-02-24,3109.545,3836.23193,-0.1337195113797438,0.168,,0.504,-1,-1,-1,0,0,-3.5,防御,防御
2016-02-25,2918.75,3827.07625,-0.10892391897015874,0.292,,0.62,-1,-1,-1,0,0,-3.5,防御,防御
2016-02-26,2948.031,3817.8776999999995,-0.031185762918400695,0.088,,0.616,-1,0,-1,0,0,-2.25,防御,防御
2016-02-29,2877.467,3809.28085,-0.04898879330744832,0.14,,0.636,-1,0,-1,0,0,-2.25,防御,防御
2016-03-01,2930.694,3801.167685,-0.08576888594407728,0.084,,0.512,-1,-1,-1,0,0,-3.5,防御,防御
2016-03-02,3051.333,3794.0739049999997,-0.08705209548195458,0.292,,0.56,-1,-1,-1,0,0,-3.5,防御,防御
2016-03-03,3058.422,3786.573995,-0.09152256206379494,0.348,,0.532,-1,-1,0,0,0,-2.5,防御,防御
2016-03-04,3093.89,3778.590785,-0.07976989265285839,0.404,,0.496,-1,-1,0,0,0,-2.5,防御,防御
2016-03-07,3104.84,3770.37788,-0.07754160041261704,0.192,,0.472,-1,-1,-1,0,0,-3.5,防御,防御
2016-03-08,3107.673,3762.324065,-0.04393559730317176,0.22,,0.468,-1,0,-1,0,0,-2.25,防御,防御
2016-03-09,3071.907,3754.1797099999994,-0.07861853382535156,0.076,,0.468,-1,-1,-1,0,0,-3.5,防御,防御
2016-03-10,3013.146,3746.15809,-0.11359939752390558,0.012,,0.476,-1,-1,-1,0,0,-3.5,防御,防御
2016-03-11,3018.284,3738.37381,-0.10104864811093528,0.008,,0.468,-1,-1,-1,0,0,-3.5,防御,防御
2016-03-14,3065.69,3730.04615,-0.08409984739429033,0.124,,0.488,-1,-1,-1,0,0,-3.5,防御,防御
2016-03-15,3074.78,3721.645455,-0.06289049023324877,0.056,,0.436,-1,-1,-1,0,0,-3.5,防御,防御
2016-03-16,3090.033,3712.8907400000003,-0.01973173294351438,0.096,,0.432,-1,0,-1,0,0,-2.25,防御,防御
2016-03-17,3124.204,3703.755085,-0.055917235577387925,0.156,,0.436,-1,-1,-1,0,0,-3.5,防御,防御
2016-03-18,3171.963,3694.117425,-0.020091448900663722,0.424,,0.448,-1,0,0,0,0,-1.25,中性,防御
2016-03-21,3249.437,3684.37002,-0.0005647018875376553,0.484,,0.452,-1,0,0,0,0,-1.25,中性,防御
2016-03-22,3225.79,3674.5918,-0.02492468065413489,0.324,,0.444,-1,0,0,0,0,-1.25,中性,防御
2016-03-23,3236.092,3666.6022249999996,-0.030828713728238477,0.22,,0.44,-1,0,-1,0,0,-2.25,防御,防御
2016-03-24,3181.851,3658.3073349999995,-0.024877812878099648,0.276,,0.148,-1,0,-1,0,1,-0.75,中性,防御
2016-03-25,3197.817,3648.915525,-0.02653942969236822,0.076,,0.144,-1,0,-1,0,1,-0.75,中性,防御
2016-03-28,3169.728,3638.954815,-0.019252457725998928,0.172,,0.104,-1,0,-1,0,1,-0.75,中性,防御
2016-03-29,3135.41,3628.9139149999996,-0.03310213053603861,0.092,,0.104,-1,0,-1,0,1,-0.75,中性,防御
2016-03-30,3216.275,3619.08821,0.011771852371955438,0.2,,0.048,-1,0,-1,0,1,-0.75,中性,中性
2016-03-31,3218.088,3609.02589,0.004726895347661131,0.248,,0.052,-1,0,-1,0,1,-0.75,中性,中性
2016-04-01,3221.895,3598.3666099999996,-0.022626242157548604,0.184,,0.04,-1,0,-1,0,1,-0.75,中性,中性
2016-04-05,3264.486,3588.101735,-0.022642926173821576,0.34,,0.06,-1,0,0,0,1,0.25,中性,中性
2016-04-06,3257.528,3577.843815,-0.055157173216988986,0.276,,0.064,-1,-1,-1,0,1,-2.0,防御,中性
2016-04-07,3209.29,3567.3573149999997,-0.06843252754755169,0.256,,0.064,-1,-1,-1,0,1,-2.0,防御,中性
2016-04-08,3185.726,3556.6103700000003,-0.06470309843011623,0.12,,0.036,-1,-1,-1,0,1,-2.0,防御,中性
2016-04-11,3230.096,3546.6550150000003,-0.0736256440333084,0.256,,0.036,-1,-1,-1,0,1,-2.0,防御,中性
2016-04-12,3218.45,3537.42316,-0.08930650681297603,0.088,,0.028,-1,-1,-1,0,1,-2.0,防御,防御
2016-04-13,3261.383,3528.0359200000003,-0.07718872429320278,0.476,,0.032,-1,-1,0,0,1,-1.0,中性,防御
2016-04-14,3275.832,3519.762335,-0.08437564549097565,0.204,,0.028,-1,-1,-1,0,1,-2.0,防御,防御
2016-04-15,3272.205,3512.9381,-0.05788491138281282,0.128,,0.024,-1,-1,-1,0,1,-2.0,防御,防御
2016-04-18,3228.453,3505.1499099999996,-0.08400571536549228,0.1,,0.024,-1,-1,-1,0,1,-2.0,防御,防御
2016-04-19,3238.303,3496.940795,-0.09322753631020708,0.04,,0.004,-1,-1,-1,0,1,-2.0,防御,防御
2016-04-20,3181.026,3489.313345,-0.1137378975783595,0.44,,0.008,-1,-1,0,0,1,-1.0,中性,防御
2016-04-21,3160.603,3483.435385,-0.12031465573986766,0.136,,0.012,-1,-1,-1,0,1,-2.0,防御,防御
2016-04-22,3174.901,3478.352145,-0.09929842379401521,0.016,,0.008,-1,-1,-1,0,1,-2.0,防御,防御
2016-04-25,3162.033,3471.79732,-0.10507833030076352,0.008,,0.008,-1,-1,-1,0,1,-2.0,防御,防御
2016-04-26,3179.161,3466.4280200000003,-0.10042729661674232,0.008,,0.004,-1,-1,-1,0,1,-2.0,防御,防御
2016-04-27,3165.916,3461.71762,-0.08919717764463475,0.024,,0.004,-1,-1,-1,0,1,-2.0,防御,防御
2016-04-28,3160.581,3458.09094,-0.0879851726724018,0.032,,0.004,-1,-1,-1,0,1,-2.0,防御,防御
2016-04-29,3156.745,3453.8819799999997,-0.13002289076206452,0.008,,0.004,-1,-1,-1,0,1,-2.0,防御,防御
2016-05-03,3213.54,3450.3096649999998,-0.13287479391360424,0.096,,0.012,-1,-1,-1,0,1,-2.0,防御,防御
2016-05-04,3209.461,3448.04178,-0.15392972061283705,0.096,,0.012,-1,-1,-1,0,1,-2.0,防御,防御
2016-05-05,3213.92,3444.62325,-0.1631190345684188,0.048,,0.016,-1,-1,-1,0,1,-2.0,防御,防御
2016-05-06,3130.354,3439.74224,-0.18336560370110078,0.248,,0.024,-1,-1,-1,0,1,-2.0,防御,防御
2016-05-09,3065.615,3434.0112549999994,-0.20033957230271138,0.124,,0.048,-1,-1,-1,0,1,-2.0,防御,防御
2016-05-10,3069.112,3428.7960699999994,-0.1913438747258468,0.016,,0.032,-1,-1,-1,0,1,-2.0,防御,防御
2016-05-11,3082.809,3424.37632,-0.17709293740233545,0.036,,0.036,-1,-1,-1,0,1,-2.0,防御,防御
2016-05-12,3090.137,3419.8402249999995,-0.17905590833038,0.04,,0.024,-1,-1,-1,0,1,-2.0,防御,防御
2016-05-13,3074.935,3414.45742,-0.18184715943302276,0.012,,0.024,-1,-1,-1,0,1,-2.0,防御,防御
2016-05-16,3095.309,3409.130905,-0.16693786703556368,0.016,,0.032,-1,-1,-1,0,1,-2.0,防御,防御
2016-05-17,3086.025,3403.731,-0.18250322055624824,0.028,,0.024,-1,-1,-1,0,1,-2.0,防御,防御
2016-05-18,3068.036,3398.28538,-0.1871423753233309,0.068,,0.024,-1,-1,-1,0,1,-2.0,防御,防御
2016-05-19,3062.5,3392.3438549999996,-0.18405897688322514,0.012,,0.02,-1,-1,-1,0,1,-2.0,防御,防御
2016-05-20,3078.218,3386.85355,-0.17999226935053225,0.008,,0.024,-1,-1,-1,0,1,-2.0,防御,防御
2016-05-23,3087.223,3383.1960099999997,-0.18362140751273204,0.032,,0.024,-1,-1,-1,0,1,-2.0,防御,防御
2016-05-24,3063.556,3379.4583249999996,-0.18510071609278966,0.016,,0.032,-1,-1,-1,0,1,-2.0,防御,防御
2016-05-25,3059.226,3375.10256,-0.13994015167872176,0.008,,0.012,-1,-1,-1,0,1,-2.0,防御,防御
2016-05-26,3064.211,3371.346555,-0.14081407307961058,0.036,,0.016,-1,-1,-1,0,1,-2.0,防御,防御
2016-05-27,3062.499,3367.5755549999994,-0.14733902869285154,0.02,,0.02,-1,-1,-1,0,1,-2.0,防御,防御
2016-05-30,3066.71,3363.76293,-0.17604860886281537,0.012,,0.036,-1,-1,-1,0,1,-2.0,防御,防御
2016-05-31,3169.56,3359.8699549999997,-0.15462597141492318,0.356,,0.112,-1,-1,0,0,1,-1.0,中性,防御
2016-06-01,3160.547,3356.3381900000004,-0.14059335565228548,0.236,,0.116,-1,-1,-1,0,1,-2.0,防御,防御
2016-06-02,3167.1,3353.0144299999997,-0.14115034492558454,0.14,,0.12,-1,-1,-1,0,1,-2.0,防御,防御
2016-06-03,3189.326,3349.426335,-0.11970510789341493,0.18,,0.056,-1,-1,-1,0,1,-2.0,防御,防御
2016-06-06,3178.788,3344.89845,-0.1257309668096651,0.108,,0.004,-1,-1,-1,0,1,-2.0,防御,防御
2016-06-07,3177.054,3340.4503750000003,-0.12310782747515647,0.08,,0.008,-1,-1,-1,0,1,-2.0,防御,防御
2016-06-08,3163.986,3336.1896749999996,-0.1230780871377104,0.116,,0.012,-1,-1,-1,0,1,-2.0,防御,防御
2016-06-13,3066.341,3331.144065,-0.17378739974596658,0.184,,0.124,-1,-1,-1,0,1,-2.0,防御,防御
2016-06-14,3075.983,3326.1562799999997,-0.16739060234317504,0.052,,0.124,-1,-1,-1,0,1,-2.0,防御,防御
2016-06-15,3116.368,3321.34876,-0.15441087088651562,0.184,,0.148,-1,-1,-1,0,1,-2.0,防御,防御
2016-06-16,3094.675,3317.695075,-0.17604704932628445,0.208,,0.156,-1,-1,-1,0,1,-2.0,防御,防御
2016-06-17,3110.357,3313.8161800000003,-0.17451464510990566,0.204,,0.152,-1,-1,-1,0,1,-2.0,防御,防御
2016-06-20,3112.674,3310.57228,-0.19485199684942833,0.096,,0.152,-1,-1,-1,0,1,-2.0,防御,防御
2016-06-21,3106.318,3308.15619,-0.1987278979491236,0.18,,0.152,-1,-1,-1,0,1,-2.0,防御,防御
2016-06-22,3133.961,3307.4483249999994,-0.18943296069373405,0.08,,0.176,-1,-1,-1,0,1,-2.0,防御,防御
2016-06-23,3117.317,3307.820275,-0.18595201026165442,0.096,,0.164,-1,-1,-1,0,1,-2.0,防御,防御
2016-06-24,3077.155,3308.0775900000003,-0.19828195553072903,0.304,,0.184,-1,-1,0,0,1,-1.0,中性,防御
2016-06-27,3120.544,3307.65212,-0.1628615700262258,0.16,,0.216,-1,-1,-1,0,1,-2.0,防御,防御
2016-06-28,3136.401,3306.622695,-0.1662665559062968,0.232,,0.224,-1,-1,-1,0,1,-2.0,防御,防御
2016-06-29,3151.39,3305.546965,-0.16301632726234516,0.328,,0.228,-1,-1,0,0,1,-1.0,中性,防御
2016-06-30,3153.921,3304.506155,-0.15467253461198804,0.152,,0.068,-1,-1,-1,0,1,-2.0,防御,防御
2016-07-01,3154.2,3303.4479950000004,-0.09076391166959641,0.128,,0.068,-1,-1,-1,0,1,-2.0,防御,防御
2016-07-04,3204.696,3303.21905,-0.07878739098189602,0.484,,0.1,-1,-1,0,0,1,-1.0,中性,防御
2016-07-05,3207.383,3302.5858499999995,-0.09391046068035336,0.524,,0.1,-1,-1,0,0,1,-1.0,中性,防御
2016-07-06,3216.804,3301.673345,-0.02354916731018608,0.428,,0.1,-1,0,0,0,1,0.25,中性,防御
2016-07-07,3209.954,3300.9353100000003,-0.045100746289746696,0.492,,0.104,-1,0,0,0,1,0.25,中性,防御
2016-07-08,3192.28,3300.16077,-5.325063822447795e-05,0.22,,0.112,-1,0,-1,0,1,-0.75,中性,中性
2016-07-11,3203.33,3299.7717599999996,-0.003849849644402048,0.5,,0.004,-1,0,0,0,1,0.25,中性,中性
2016-07-12,3273.182,3300.37651,0.03716967602370058,0.6,,0.008,-1,0,0,0,1,0.25,中性,中性
2016-07-13,3282.868,3300.24461,0.01902705232943802,0.592,,0.008,-1,0,0,0,1,0.25,中性,中性
2016-07-14,3276.764,3300.443435,0.05067254940312238,0.26,,0.008,-1,1,-1,0,1,0.5,中性,中性
2016-07-15,3276.278,3300.5684600000004,0.04649044998784624,0.244,,0.012,-1,0,-1,0,1,-0.75,中性,中性
2016-07-18,3262.022,3300.337335,0.012068101609462811,0.264,,0.016,-1,0,-1,0,1,-0.75,中性,中性
2016-07-19,3248.234,3299.883355,0.023266290277969448,0.16,,0.02,-1,0,-1,0,1,-0.75,中性,中性
2016-07-20,3237.605,3299.7562399999997,0.05071162106158189,0.112,,0.02,-1,1,-1,0,1,0.5,中性,中性
2016-07-21,3252.523,3299.59386,0.04466409268393434,0.208,,0.016,-1,0,-1,0,1,-0.75,中性,中性
2016-07-22,3225.162,3299.559915,0.030770056818944402,0.196,,0.008,-1,0,-1,0,1,-0.75,中性,中性
2016-07-25,3230.885,3299.5005800000004,0.09875025038182161,0.144,,0.004,-1,1,-1,0,1,0.5,中性,中性
2016-07-26,3269.588,3299.95425,0.11576629701824226,0.18,,0.012,-1,1,-1,0,1,0.5,中性,中性
2016-07-27,3218.243,3300.030725,0.12772185148274762,0.7,,0.048,-1,1,0,0,1,1.5,进攻,中性
2016-07-28,3221.137,3299.6540000000005,0.09336001276267858,0.36,,0.048,-1,1,0,0,1,1.5,进攻,中性
2016-07-29,3203.93,3298.9730699999996,0.10440433939734883,0.16,,0.056,-1,1,-1,0,1,0.5,中性,中性
2016-08-01,3176.809,3297.61865,0.07276281567698883,0.156,,0.02,-1,1,-1,0,1,0.5,中性,中性
2016-08-02,3189.053,3296.3387,0.08153388732903544,0.048,,0.036,-1,1,-1,0,1,0.5,中性,中性
2016-08-03,3193.507,3295.275675,0.06993761642477114,0.132,,0.024,-1,1,-1,0,1,0.5,中性,中性
2016-08-04,3201.289,3293.848045,0.08013390966765854,0.096,,0.032,-1,1,-1,0,1,0.5,中性,中性
2016-08-05,3205.11,3292.20327,0.08769212548108807,0.148,,0.02,-1,1,-1,0,1,0.5,中性,中性
2016-08-08,3234.183,3290.7032749999994,0.06491462890615352,0.196,,0.052,-1,1,-1,0,1,0.5,中性,中性
2016-08-09,3256.981,3289.0996649999997,0.06321931760312349,0.28,,0.004,-1,1,-1,0,1,0.5,中性,中性
2016-08-10,3243.341,3287.9501,0.06210238795637668,0.256,,0.008,-1,1,-1,0,1,0.5,中性,中性
2016-08-11,3233.36,3286.4942300000002,0.05956740513536407,0.232,,0.012,-1,1,-1,0,1,0.5,中性,中性
2016-08-12,3294.234,3285.109195,0.05622745175493149,0.276,,0.036,0,1,-1,0,1,1.75,进攻,中性
2016-08-15,3393.424,3284.13001,0.09842190768776615,0.788,,0.196,0,1,1,0,1,3.75,进攻,中性
2016-08-16,3378.245,3283.05684,0.08641135600224459,0.744,,0.2,0,1,1,0,1,3.75,进攻,中性
2016-08-17,3373.048,3282.2974799999997,0.15564813704496783,0.532,,0.192,0,1,0,0,1,2.75,进攻,中性
2016-08-18,3364.485,3281.45337,0.14126513595006296,0.604,,0.204,0,1,0,0,1,2.75,进攻,进攻
2016-08-19,3365.02,3280.608075,0.16943825941357438,0.436,,0.184,0,1,0,0,1,2.75,进攻,进攻
2016-08-22,3336.795,3279.9122399999997,0.13856820261685465,0.372,,0.212,0,1,0,0,1,2.75,进攻,进攻
2016-08-23,3341.83,3279.293925,0.09520330950440337,0.232,,0.18,0,1,-1,0,1,1.75,进攻,进攻
2016-08-24,3329.863,3277.80055,0.0887519773268699,0.168,,0.124,0,1,-1,0,1,1.75,进攻,进攻
2016-08-25,3308.972,3275.81556,0.06951830866643616,0.332,,0.164,0,1,0,0,1,2.75,进攻,进攻
2016-08-26,3307.09,3273.38414,0.06514023266899427,0.184,,0.128,0,1,-1,0,1,1.75,进攻,进攻
2016-08-29,3307.781,3270.72127,0.06439158817546131,0.164,,0.124,0,1,-1,0,1,1.75,进攻,进攻
2016-08-30,3311.987,3268.1150149999994,0.07815340763896828,0.132,,0.124,0,1,-1,0,1,1.75,进攻,进攻
2016-08-31,3327.794,3265.5857549999996,0.10442507598370598,0.152,,0.132,0,1,-1,0,1,1.75,进攻,进攻
2016-09-01,3301.577,3263.1170199999997,0.09385896091951595,0.212,,0.14,0,1,-1,0,1,1.75,进攻,进攻
2016-09-02,3314.114,3260.9563800000005,0.0810336335376376,0.204,,0.144,0,1,-1,0,1,1.75,进攻,进攻
2016-09-05,3319.68,3258.7341499999998,0.07964797481445807,0.18,,0.136,0,1,-1,0,1,1.75,进攻,进攻
2016-09-06,3342.626,3256.655345,0.08174443444455126,0.352,,0.136,0,1,0,0,1,2.75,进攻,进攻
2016-09-07,3340.817,3254.7815299999997,0.0693338207108114,0.428,,0.136,0,1,0,0,1,2.75,进攻,进攻
2016-09-08,3339.564,3252.604505,0.052838258201624466,0.188,,0.128,0,1,-1,0,1,1.75,进攻,进攻
2016-09-09,3318.044,3250.3228099999997,0.02111350366232667,0.268,,0.08,0,0,-1,0,1,0.5,中性,进攻
2016-09-12,3262.604,3247.869155,0.011412398203230811,0.544,,0.004,0,0,0,0,1,1.5,进攻,进攻
2016-09-13,3260.333,3245.401375,0.007490825353543729,0.1,,0.004,0,0,-1,0,1,0.5,中性,进攻
2016-09-14,3238.73,3242.68699,0.017876072763935102,0.096,,0.012,-1,0,-1,0,1,-0.75,中性,进攻
2016-09-19,3263.124,3240.2054650000005,0.02042236938511488,0.056,,0.016,0,0,-1,0,1,0.5,中性,进攻
2016-09-20,3257.403,3238.70752,0.027660102065539816,0.056,,0.016,0,0,-1,0,1,0.5,中性,进攻
2016-09-21,3266.636,3237.20864,0.0418528996207832,0.052,,0.016,0,0,-1,0,1,0.5,中性,中性
2016-09-22,3291.121,3235.7057649999997,0.023271020046482294,0.152,,0.028,0,0,-1,0,1,0.5,中性,中性
2016-09-23,3275.667,3233.474325,0.01789230126708774,0.084,,0.032,0,0,-1,0,1,0.5,中性,中性
2016-09-26,3220.284,3230.82925,-0.0005000162947581543,0.2,,0.048,-1,0,-1,0,1,-0.75,中性,中性
2016-09-27,3240.755,3228.645065,-0.007269444561869731,0.08,,0.056,0,0,-1,0,1,0.5,中性,中性
2016-09-28,3230.89,3226.36148,-0.00817736639562272,0.012,,0.06,0,0,-1,0,1,0.5,中性,中性
2016-09-29,3244.387,3224.4683149999996,0.010936063739954927,0.04,,0.064,0,0,-1,0,1,0.5,中性,中性
2016-09-30,3253.285,3222.55505,0.02120678300644796,0.008,,0.064,0,0,-1,0,1,0.5,中性,中性
2016-10-10,3293.869,3220.908975,0.019743376048266148,0.316,,0.084,0,0,0,0,1,1.5,进攻,中性
2016-10-11,3306.557,3219.401465,0.02737560005592754,0.372,,0.088,0,0,0,0,1,1.5,进攻,中性
2016-10-12,3300.01,3217.344905,0.011843748495653728,0.208,,0.088,0,0,-1,0,1,0.5,中性,中性
2016-10-13,3302.646,3215.3861899999993,0.008185401449158691,0.276,,0.08,0,0,-1,0,1,0.5,中性,中性
2016-10-14,3305.848,3213.48823,0.010281446303028074,0.284,,0.084,0,0,-1,0,1,0.5,中性,中性
2016-10-17,3277.879,3211.098185,0.015309499627220724,0.348,,0.104,0,0,0,0,1,1.5,进攻,中性
2016-10-18,3321.332,3208.86528,0.02563966373745763,0.456,,0.16,0,0,0,0,1,1.5,进攻,中性
2016-10-19,3316.241,3206.11666,0.042506725817393454,0.46,,0.056,0,0,0,0,1,1.5,进攻,中性
2016-10-20,3318.604,3203.3260150000006,0.04999077707639965,0.324,,0.056,0,0,0,0,1,1.5,进攻,中性
2016-10-21,3327.74,3200.63281,0.04813976876759307,0.516,,0.048,0,0,0,0,1,1.5,进攻,进攻
2016-10-24,3367.578,3198.32369,0.06500406542246706,0.772,,0.08,0,1,1,0,1,3.75,进攻,进攻
2016-10-25,3367.455,3195.96996,0.05922757608060736,0.616,,0.068,0,1,0,0,1,2.75,进攻,进攻
2016-10-26,3354.8,3194.1058000000003,0.05966172191555308,0.552,,0.088,0,1,0,0,1,2.75,进攻,进攻
2016-10-27,3345.695,3192.0249,0.05856961109365644,0.308,,0.068,0,1,0,0,1,2.75,进攻,进攻
2016-10-28,3340.126,3189.8996549999997,0.05809180025627669,0.464,,0.06,0,1,0,0,1,2.75,进攻,进攻
2016-10-31,3336.278,3187.9260199999994,0.03819401656739907,0.264,,0.016,0,0,-1,0,1,0.5,中性,进攻
2016-11-01,3359.052,3187.3759499999996,0.04660938394328529,0.332,,0.024,0,0,0,0,1,1.5,进攻,进攻
2016-11-02,3333.352,3186.64881,0.03716085030118976,0.492,,0.04,0,0,0,0,1,1.5,进攻,进攻
2016-11-03,3365.085,3185.775195,0.07498544893005721,0.752,,0.048,0,1,1,0,1,3.75,进攻,进攻
2016-11-04,3354.175,3186.0741500000004,0.09412793191578217,0.612,,0.052,0,1,0,0,1,2.75,进攻,进攻
2016-11-07,3356.592,3186.0492950000003,0.09366878758416108,0.464,,0.028,0,1,0,0,1,2.75,进攻,进攻
2016-11-08,3371.118,3186.942635,0.09352152533614633,0.572,,0.032,0,1,0,0,1,2.75,进攻,进攻
2016-11-09,3353.055,3187.62936,0.08508295910504926,0.812,,0.044,0,1,1,0,1,3.75,进攻,进攻
2016-11-10,3390.612,3188.8030249999997,0.10266135706933643,0.812,,0.068,0,1,1,0,1,3.75,进攻,进攻
2016-11-11,3417.221,3189.781275,0.10399995606254486,0.948,,0.084,0,1,1,0,1,3.75,进攻,进攻
2016-11-14,3430.248,3191.3388649999997,0.11154251828808892,0.964,,0.06,0,1,1,0,1,3.75,进攻,进攻
2016-11-15,3429.87,3192.83457,0.11793668653170952,0.808,,0.016,0,1,1,0,1,3.75,进攻,进攻
2016-11-16,3429.592,3193.8669050000003,0.11986677551020408,0.752,,0.016,0,1,1,0,1,3.75,进攻,进攻
2016-11-17,3436.535,3195.1776900000004,0.11640403636129726,0.708,,0.016,0,1,1,0,1,3.75,进攻,进攻
2016-11-18,3417.455,3196.85824,0.10696732953855292,0.684,,0.04,0,1,0,0,1,2.75,进攻,进攻
2016-11-21,3441.111,3198.4964800000002,0.12324076987657473,0.792,,0.004,1,1,1,0,1,5.0,进攻,进攻
2016-11-22,3468.364,3200.19387,0.13373905687255538,0.868,,0.032,1,1,1,0,1,5.0,进攻,进攻
2016-11-23,3474.729,3202.8649700000005,0.133971844628193,0.844,,0.016,1,1,1,0,1,5.0,进攻,进攻
2016-11-24,3488.74,3205.6569099999997,0.13918078014066282,0.804,,0.004,1,1,1,0,1,5.0,进攻,进攻
2016-11-25,3521.298,3208.99462,0.14823312279282996,0.812,,0.028,1,1,1,0,1,5.0,进攻,进攻
2016-11-28,3535.081,3211.9395750000003,0.11532231603124732,0.924,,0.024,1,1,1,0,1,5.0,进攻,进攻
2016-11-29,3564.04,3215.254535,0.12766555915795585,0.988,,0.028,1,1,1,0,1,5.0,进攻,进攻
2016-11-30,3538.001,3218.1378699999996,0.11711060591708522,0.84,,0.028,1,1,1,0,1,5.0,进攻,进攻
2016-12-01,3565.036,3221.2198550000003,0.1178023193615203,0.824,,0.008,1,1,1,0,1,5.0,进攻,进攻
2016-12-02,3528.955,3223.94083,0.1101573933209763,0.876,,0.096,1,1,1,0,1,5.0,进攻,进攻
2016-12-05,3469.407,3226.46892,0.0920201545205086,0.776,,0.212,1,1,1,0,1,5.0,进攻,进攻
2016-12-06,3459.153,3229.0311500000007,0.09328960368345496,0.312,,0.216,1,1,0,0,1,4.0,进攻,进攻
2016-12-07,3475.747,3231.2247100000004,0.13351613535480888,0.412,,0.208,1,1,0,0,1,4.0,进攻,进攻
2016-12-08,3470.143,3233.2588249999994,0.128141150324953,0.428,,0.156,1,1,0,0,1,4.0,进攻,进攻
2016-12-09,3493.7,3235.4588300000005,0.12108069393601784,0.664,,0.152,1,1,0,0,1,4.0,进攻,进攻
2016-12-12,3409.179,3237.2468,0.10162747299797226,0.932,,0.36,1,1,1,0,0,3.5,进攻,进攻
2016-12-13,3405.036,3238.67764,0.09474121459369456,0.532,,0.364,1,1,0,0,0,2.5,进攻,进攻
2016-12-14,3378.945,3240.1255500000007,0.085544133436396,0.66,,0.388,1,1,0,0,0,2.5,进攻,进攻
2016-12-15,3340.434,3241.2799950000003,0.07536768611584521,0.58,,0.448,1,1,0,0,0,2.5,进攻,进攻
2016-12-16,3346.031,3243.4164,0.06766835962540707,0.388,,0.444,1,1,0,0,0,2.5,进攻,进攻
2016-12-19,3328.983,3245.3211600000004,0.0679000563625709,0.272,,0.4,1,1,-1,0,0,1.5,进攻,进攻
2016-12-20,3309.064,3247.4791450000002,0.07536474438239216,0.316,,0.368,1,1,0,0,0,2.5,进攻,进攻
2016-12-21,3338.536,3249.5183549999997,0.06985705056554248,0.556,,0.412,1,1,0,0,0,2.5,进攻,进攻
2016-12-22,3335.672,3250.94005,0.0635349242651051,0.412,,0.404,1,1,0,0,0,2.5,进攻,进攻
2016-12-23,3307.599,3252.1859349999995,0.049568285740578144,0.404,,0.352,1,0,0,0,0,1.25,中性,进攻
2016-12-26,3322.401,3253.32849,0.053419220075582086,0.268,,0.356,1,1,-1,0,0,1.5,进攻,进攻
2016-12-27,3316.385,3254.386215,0.05141874326295115,0.2,,0.332,1,1,-1,0,0,1.5,进攻,进攻
2016-12-28,3301.889,3255.3572950000002,0.030328305711368575,0.14,,0.332,1,0,-1,0,0,0.25,中性,进攻
2016-12-29,3297.765,3256.486585,0.02817935993300469,0.124,,0.296,1,0,-1,0,1,1.75,进攻,进攻
2016-12-30,3310.081,3257.97126,0.02899679309028458,0.132,,0.3,1,0,-1,0,0,0.25,中性,进攻
2017-01-03,3342.227,3259.5909749999996,0.041207132563270354,0.216,,0.26,1,0,-1,0,1,1.75,进攻,进攻
2017-01-04,3368.312,3261.1040850000004,0.055143032566065564,0.444,,0.32,1,1,0,0,0,2.5,进攻,进攻
2017-01-05,3367.789,3262.56913,0.05134001180022052,0.512,,0.304,1,1,0,0,0,2.5,进攻,进攻
2017-01-06,3347.667,3263.8572999999997,0.02275614371580925,0.572,,0.316,1,0,0,0,0,1.25,中性,进攻
2017-01-09,3363.901,3265.055785,0.024683599827955316,0.488,,0.3,1,0,0,0,0,1.25,中性,进攻
2017-01-10,3358.272,3265.98733,0.024874540857992677,0.532,,0.104,1,0,0,0,1,2.75,进攻,进攻
2017-01-11,3334.495,3266.41262,0.01776924912965261,0.528,,0.124,1,0,0,0,1,2.75,进攻,进攻
2017-01-12,3317.624,3266.87179,0.01704525597926687,0.272,,0.108,1,0,-1,0,1,1.75,进攻,进攻
2017-01-13,3319.912,3267.29089,0.022066759968647487,0.328,,0.036,1,0,0,0,1,2.75,进攻,进攻
2017-01-16,3319.446,3267.978865,0.025278253523823846,0.912,,0.036,1,0,1,0,1,3.75,进攻,进攻
2017-01-17,3326.356,3268.6215599999996,0.02270022379549652,0.156,,0.016,1,0,-1,0,1,1.75,进攻,进攻
2017-01-18,3339.365,3269.4697450000003,0.03541000421064111,0.12,,0.004,1,0,-1,0,1,1.75,进攻,进攻
2017-01-19,3329.289,3270.4391400000004,0.03045728956617144,0.096,,0.004,1,0,-1,0,1,1.75,进攻,进攻
2017-01-20,3354.889,3271.13221,0.026089219803840713,0.092,,0.008,1,0,-1,0,1,1.75,进攻,进攻
2017-01-23,3364.081,3271.862175,0.04531603113873017,0.136,,0.004,1,0,-1,0,1,1.75,进攻,进攻
2017-01-24,3364.451,3272.574955,0.044491743132937245,0.112,,0.004,1,0,-1,0,1,1.75,进攻,进攻
2017-01-25,3375.904,3273.132045,0.053675954218725286,0.04,,0.008,1,1,-1,0,1,3.0,进攻,进攻
2017-01-26,3387.961,3273.78421,0.06646669661285887,0.048,,0.004,1,1,-1,0,1,3.0,进攻,进攻
2017-02-03,3364.492,3274.56022,0.05501288313489949,0.004,,0.024,1,1,-1,0,1,3.0,进攻,进攻
2017-02-06,3373.205,3275.497615,0.05626979994094272,0.128,,0.02,1,1,-1,0,1,3.0,进攻,进攻
2017-02-07,3365.685,3276.1755599999997,0.05135306434376896,0.136,,0.004,1,1,-1,0,1,3.0,进攻,进攻
2017-02-08,3383.288,3276.9997500000004,0.05559185176171799,0.292,,0.004,1,1,-1,0,1,3.0,进攻,进攻
2017-02-09,3396.292,3277.674295,0.050123632459882383,0.692,,0.008,1,1,0,0,1,4.0,进攻,进攻
2017-02-10,3413.487,3278.3625700000002,0.0480524755901246,0.884,,0.004,1,0,1,0,1,3.75,进攻,进攻
2017-02-13,3436.275,3279.18292,0.05948619032041358,0.808,,0.012,1,1,1,0,1,5.0,进攻,进攻
2017-02-14,3435.804,3280.2196750000003,0.06261103001212365,0.656,,0.008,1,1,0,0,1,4.0,进攻,进攻
2017-02-15,3421.713,3281.1367250000003,0.03869761528780291,0.896,,0.004,1,0,1,0,1,3.75,进攻,进攻
2017-02-16,3440.933,3282.43626,0.014000313547614551,0.784,,0.004,1,0,1,0,1,3.75,进攻,进攻
2017-02-17,3421.442,3283.740455,0.012786816823528335,0.836,,0.012,1,0,1,0,1,3.75,进攻,进攻
2017-02-20,3471.393,3285.222915,0.029156122296510434,0.844,,0.068,1,0,1,0,1,3.75,进攻,进攻
2017-02-21,3482.823,3286.826865,0.035172693592035564,0.748,,0.072,1,0,1,0,1,3.75,进攻,进攻
2017-02-22,3489.757,3288.3798450000004,0.03706872470297351,0.732,,0.068,1,0,1,0,1,3.75,进攻,进攻
2017-02-23,3473.324,3289.916885,0.04091620851745459,0.736,,0.08,1,0,1,0,1,3.75,进攻,进攻
2017-02-24,3473.852,3291.48324,0.039505899462270566,0.604,,0.068,1,0,0,0,1,2.75,进攻,进攻
2017-02-27,3446.223,3292.9306300000003,0.034944380594637225,0.572,,0.132,1,0,0,0,1,2.75,进攻,进攻
2017-02-28,3452.81,3294.1269799999995,0.043469089493655355,0.32,,0.132,1,0,0,0,1,2.75,进攻,进攻
2017-03-01,3458.438,3295.371865,0.04576470552661105,0.66,,0.128,1,0,0,0,1,2.75,进攻,进攻
2017-03-02,3435.096,3296.477745,0.038489549338363016,0.56,,0.18,1,0,0,0,1,2.75,进攻,进攻
2017-03-03,3427.863,3297.9652899999996,0.03498685230346599,0.376,,0.132,1,0,0,0,1,2.75,进攻,进攻
2017-03-06,3446.484,3299.869635,0.03566627020783142,0.36,,0.168,1,0,0,0,1,2.75,进攻,进攻
2017-03-07,3453.957,3301.7938599999998,0.04615370170073252,0.44,,0.152,1,0,0,0,1,2.75,进攻,进攻
2017-03-08,3448.731,3303.62347,0.04061930277594561,0.416,,0.12,1,0,0,0,1,2.75,进攻,进攻
2017-03-09,3426.944,3305.307505,0.03231154810102188,0.476,,0.196,1,0,0,0,1,2.75,进攻,进攻
2017-03-10,3427.892,3307.07229,0.025508686882708353,0.204,,0.176,1,0,-1,0,1,1.75,进攻,进攻
2017-03-13,3458.098,3308.886235,0.035105484676352994,0.44,,0.204,1,0,0,0,1,2.75,进攻,进攻
2017-03-14,3456.693,3310.7395749999996,0.03507314128431149,0.304,,0.208,1,0,0,0,1,2.75,进攻,进攻
2017-03-15,3463.644,3312.717615,0.04388127463047509,0.272,,0.2,1,0,-1,0,1,1.75,进攻,进攻
2017-03-16,3481.507,3314.8126500000003,0.06709456618087883,0.684,,0.192,1,1,0,0,1,4.0,进攻,进攻
2017-03-17,3445.805,3316.650585,0.0568874406387323,0.736,,0.256,1,1,1,0,1,5.0,进攻,进攻
2017-03-20,3449.613,3318.462535,0.06511286831566698,0.524,,0.056,1,1,0,0,1,4.0,进攻,进攻
2017-03-21,3466.347,3320.4764900000005,0.06227866302353213,0.436,,0.072,1,1,0,0,1,4.0,进攻,进攻
2017-03-22,3450.05,3322.43061,0.05914128525085793,0.688,,0.076,1,1,0,0,1,4.0,进攻,进攻
2017-03-23,3461.978,3324.419445,0.059799132808185496,0.716,,0.076,1,1,1,0,1,5.0,进攻,进攻
2017-03-24,3489.6,3326.5549499999997,0.06030741501148085,0.812,,0.112,1,1,1,0,1,5.0,进攻,进攻
2017-03-27,3478.039,3328.6115950000003,0.06178039464939511,0.736,,0.088,1,1,1,0,1,5.0,进攻,进攻
2017-03-28,3469.809,3330.11284,0.0774854019086515,0.428,,0.092,1,1,0,0,1,4.0,进攻,进攻
2017-03-29,3465.193,3331.63607,0.06925484956437633,0.808,,0.096,1,1,1,0,1,5.0,进攻,进攻
2017-03-30,3436.758,3332.98436,0.06371866575463736,0.932,,0.116,1,1,1,0,1,5.0,进攻,进攻
2017-03-31,3456.046,3334.3179600000003,0.06523851809294001,0.728,,0.128,1,1,1,0,1,5.0,进攻,进攻
2017-04-05,3503.893,3335.943485,0.0770322919756492,0.932,,0.312,1,1,1,0,0,3.5,进攻,进攻
2017-04-06,3514.047,3337.6284499999997,0.06684479558840972,0.924,,0.316,1,1,1,0,0,3.5,进攻,进攻
2017-04-07,3517.463,3339.3958350000003,0.06378417187424867,0.888,,0.312,1,1,1,0,0,3.5,进攻,进攻
2017-04-10,3505.139,3341.5898250000005,0.0621601146663191,0.876,,0.288,1,1,1,0,1,5.0,进攻,进攻
2017-04-11,3517.328,3343.7965500000005,0.0650030309031,0.972,,0.292,1,1,1,0,1,5.0,进攻,进攻
2017-04-12,3509.439,3345.7619050000003,0.06158510615128088,0.956,,0.252,1,1,1,0,1,5.0,进攻,进攻
2017-04-13,3514.566,3347.86136,0.07220736335905009,0.756,,0.252,1,1,1,0,1,5.0,进攻,进攻
2017-04-14,3486.505,3349.7421000000004,0.04973095131712224,0.792,,0.316,1,0,1,0,0,2.25,进攻,进攻
2017-04-17,3479.942,3351.57844,0.04936342081290235,0.784,,0.304,1,0,1,0,0,2.25,进攻,进攻
2017-04-18,3462.743,3353.360565,0.04343362449994048,0.66,,0.2,1,0,0,0,1,2.75,进攻,进攻
2017-04-19,3445.876,3354.92014,0.03550036962022296,0.788,,0.252,1,0,1,0,1,3.75,进攻,进攻
2017-04-20,3461.548,3356.641295,0.027904327680012164,0.7,,0.248,1,0,0,0,1,2.75,进攻,进攻
2017-04-21,3466.787,3358.589455,0.029497647333075028,0.468,,0.2,1,0,0,0,1,2.75,进攻,进攻
2017-04-24,3431.259,3360.1430299999997,0.022790926433766456,0.636,,0.328,1,0,0,0,0,1.25,中性,进攻
2017-04-25,3440.974,3361.665895,0.02847808900691784,0.336,,0.264,1,0,0,0,1,2.75,进攻,进攻
2017-04-26,3445.183,3363.1348599999997,0.031453005066275797,0.528,,0.264,1,0,0,0,1,2.75,进攻,进攻
2017-04-27,3446.72,3364.598855,0.033103356494872394,0.784,,0.26,1,0,1,0,1,3.75,进攻,进攻
2017-04-28,3439.753,3366.0266199999996,0.0240249332252076,0.444,,0.264,1,0,0,0,1,2.75,进攻,进攻
2017-05-02,3426.577,3367.136025,0.027967343382877097,0.344,,0.136,1,0,0,0,1,2.75,进攻,进攻
2017-05-03,3413.128,3368.1647500000004,0.01427690533820103,0.46,,0.124,1,0,0,0,1,2.75,进攻,进攻
2017-05-04,3404.386,3369.10266,0.014969701938628566,0.588,,0.008,1,0,0,0,1,2.75,进攻,进攻
2017-05-05,3382.55,3369.9656400000003,0.007733439154952393,0.58,,0.012,1,0,0,0,1,2.75,进攻,进攻
2017-05-08,3358.813,3370.798305,-0.0036501243801017047,0.608,,0.02,0,0,0,0,1,1.5,进攻,进攻
2017-05-09,3352.532,3371.544315,-0.0001559771611261418,0.16,,0.02,0,0,-1,0,1,0.5,中性,进攻
2017-05-10,3337.701,3371.8669099999997,-0.01560514738932084,0.412,,0.008,0,0,0,0,1,1.5,进攻,进攻
2017-05-11,3356.646,3372.2358000000004,-0.01772639229362094,0.708,,0.044,0,0,1,0,1,2.5,进攻,进攻
2017-05-12,3385.379,3372.778875,-0.013080395353338936,0.384,,0.08,1,0,0,0,1,2.75,进攻,进攻
2017-05-15,3399.194,3373.393455,-0.00894377921029077,0.164,,0.08,1,0,-1,0,1,1.75,进攻,进攻
2017-05-16,3428.649,3374.2265899999998,-0.00027495982029357435,0.552,,0.168,1,0,0,0,1,2.75,进攻,进攻
2017-05-17,3409.966,3375.0352500000004,-0.007731334032681114,0.504,,0.176,1,0,0,0,1,2.75,进攻,进攻
2017-05-18,3398.113,3375.8377900000005,-0.005659767282963468,0.288,,0.164,1,0,-1,0,1,1.75,进攻,进攻
2017-05-19,3403.849,3376.59442,-0.01082847952303767,0.12,,0.144,1,0,-1,0,1,1.75,进攻,进攻
2017-05-22,3411.239,3377.524805,-0.016470301271723553,0.32,,0.156,1,0,0,0,1,2.75,进攻,进攻
2017-05-23,3424.194,3378.4913500000002,-0.014543580233163489,0.588,,0.076,1,0,0,0,1,2.75,进攻,进攻
2017-05-24,3424.167,3379.2642450000003,-0.018508974586813554,0.192,,0.068,1,0,-1,0,1,1.75,进攻,进攻
2017-05-25,3485.658,3380.6013199999998,-0.010121267782505217,0.712,,0.476,1,0,1,0,0,2.25,进攻,进攻
2017-05-26,3480.435,3381.8978100000004,-0.015458203079363741,0.344,,0.48,1,0,0,0,0,1.25,中性,进攻
2017-05-31,3492.885,3383.342585,-0.019964702977519844,0.3,,0.484,1,0,0,0,0,1.25,中性,进攻
2017-06-01,3497.738,3384.9472299999998,-0.011380155064964703,0.432,,0.476,1,0,0,0,0,1.25,中性,进攻
2017-06-02,3486.507,3386.4345000000003,-0.022027547547906923,0.216,,0.472,1,0,-1,0,0,0.25,中性,进攻
2017-06-05,3468.754,3387.810735,-0.017059157739330755,0.108,,0.488,1,0,-1,0,0,0.25,中性,中性
2017-06-06,3492.882,3389.2687,0.006766285996425259,0.036,,0.468,1,0,-1,0,0,0.25,中性,中性
2017-06-07,3533.872,3390.91251,0.021600374426918867,0.548,,0.488,1,0,0,0,0,1.25,中性,中性
2017-06-08,3560.979,3392.54649,0.024521922913261607,0.284,,0.492,1,0,-1,0,0,0.25,中性,中性
2017-06-09,3576.17,3394.1424349999998,0.03055407226733875,0.38,,0.424,1,0,0,0,0,1.25,中性,中性
2017-06-12,3574.389,3395.7976750000003,0.02309557202965351,0.24,,0.436,1,0,-1,0,0,0.25,中性,中性
2017-06-13,3582.267,3397.54221,0.05077116807301696,0.076,,0.392,1,1,-1,0,0,1.5,进攻,中性
2017-06-14,3535.299,3398.747535,0.038255983196653354,0.16,,0.552,1,0,-1,0,0,0.25,中性,中性
2017-06-15,3528.793,3399.4243799999995,0.04434757002555534,0.256,,0.552,1,0,-1,0,0,0.25,中性,中性
2017-06-16,3518.761,3400.12696,0.053384380592461866,0.088,,0.548,1,1,-1,0,0,1.5,进攻,中性
2017-06-19,3553.665,3401.030045,0.06205381838960844,0.128,,0.56,1,1,-1,0,0,1.5,进攻,中性
2017-06-20,3546.494,3401.94009,0.06533857337210791,0.184,,0.564,1,1,-1,0,0,1.5,进攻,中性
2017-06-21,3587.955,3403.054765,0.08428093261417735,0.16,,0.596,1,1,-1,0,0,1.5,进攻,中性
2017-06-22,3590.343,3404.3225049999996,0.07542437763139276,0.712,,0.6,1,1,1,0,0,3.5,进攻,进攻
2017-06-23,3622.883,3405.72777,0.08610289021222695,0.328,,0.636,1,1,0,0,0,2.5,进攻,进攻
2017-06-26,3668.092,3407.418915,0.10898933032692293,0.552,,0.564,1,1,0,0,0,2.5,进攻,进攻
2017-06-27,3674.715,3409.2476300000003,0.1060419859011601,0.264,,0.556,1,1,-1,0,0,1.5,进攻,进攻
2017-06-28,3646.167,3410.943015,0.09944020371579287,0.248,,0.6,1,1,-1,0,0,1.5,进攻,进攻
2017-06-29,3668.828,3412.74825,0.11113002284449891,0.08,,0.612,1,1,-1,0,0,1.5,进攻,进攻
2017-06-30,3666.798,3414.522305,0.11190397132603436,0.048,,0.596,1,1,-1,0,0,1.5,进攻,进攻
2017-07-03,3650.846,3416.137565,0.10294763179511324,0.176,,0.596,1,1,-1,0,0,1.5,进攻,进攻
2017-07-04,3619.984,3417.7296,0.08310536657145073,0.18,,0.68,1,1,-1,0,0,1.5,进攻,进攻
2017-07-05,3659.68,3419.4574300000004,0.08650267552412005,0.276,,0.668,1,1,-1,0,0,1.5,进攻,进攻
2017-07-06,3660.097,3421.1595150000003,0.08679522381004268,0.576,,0.628,1,1,0,0,0,2.5,进攻,进攻
2017-07-07,3655.929,3422.72603,0.09208263545926165,0.58,,0.628,1,1,0,0,0,2.5,进攻,进攻
2017-07-10,3653.687,3424.29038,0.0861458170142344,0.744,,0.632,1,1,1,0,0,3.5,进攻,进攻
2017-07-11,3670.809,3425.946605,0.09306482619632961,0.668,,0.648,1,1,0,0,0,2.5,进攻,进攻
2017-07-12,3658.824,3427.650505,0.09726480321607922,0.656,,0.536,1,1,0,0,0,2.5,进攻,进攻
2017-07-13,3686.921,3429.77209,0.11131369920159728,0.736,,0.54,1,1,1,0,0,3.5,进攻,进攻
2017-07-14,3703.094,3431.985895,0.11541932436763402,0.396,,0.532,1,1,0,0,0,2.5,进攻,进攻
2017-07-17,3663.558,3434.1100349999997,0.10366549116930956,0.96,,0.588,1,1,1,0,0,3.5,进攻,进攻
2017-07-18,3667.181,3436.1303199999993,0.10246197340272656,0.7,,0.584,1,1,0,0,0,2.5,进攻,进攻
2017-07-19,3729.747,3438.49204,0.11690306390586236,0.964,,0.7,1,1,1,0,0,3.5,进攻,进攻
2017-07-20,3747.884,3440.89828,0.12573104948233693,0.864,,0.716,1,1,1,0,0,3.5,进攻,进攻
2017-07-21,3728.598,3443.085665,0.11139235903184863,0.776,,0.716,1,1,1,0,0,3.5,进攻,进攻
2017-07-24,3743.469,3445.424675,0.11277611924326436,0.884,,0.6,1,1,1,0,0,3.5,进攻,进攻
2017-07-25,3719.559,3447.9210500000004,0.1055470862854,0.772,,0.624,1,1,1,0,0,3.5,进攻,进攻
2017-07-26,3705.388,3450.244215,0.09759874688379755,0.812,,0.6,1,1,1,0,0,3.5,进攻,进攻
2017-07-27,3712.195,3452.65074,0.09570181002673883,0.856,,0.58,1,1,1,0,0,3.5,进攻,进攻
2017-07-28,3721.891,3455.03826,0.10622673497217416,0.604,,0.584,1,1,0,0,0,2.5,进攻,进攻
2017-07-31,3737.873,3457.4611999999997,0.10810727483209592,0.928,,0.568,1,1,1,0,0,3.5,进攻,进攻
2017-08-01,3770.383,3459.8437700000004,0.12024238750804073,0.888,,0.544,1,1,1,0,0,3.5,进攻,进攻
2017-08-02,3760.853,3462.1152500000003,0.11159706179314322,0.956,,0.496,1,1,1,0,0,3.5,进攻,进攻
2017-08-03,3727.826,3464.25433,0.09761645936215135,0.872,,0.568,1,1,1,0,0,3.5,进攻,进攻
2017-08-04,3707.58,3466.2790000000005,0.08615617988291735,0.968,,0.596,1,1,1,0,0,3.5,进攻,进攻
2017-08-07,3726.795,3468.3837350000003,0.08454503786804013,0.848,,0.616,1,1,1,0,0,3.5,进攻,进攻
2017-08-08,3732.213,3470.655405,0.08627063709105642,0.936,,0.604,1,1,1,0,0,3.5,进攻,进攻
2017-08-09,3731.044,3472.703965,0.09040238032821568,0.872,,0.584,1,1,1,0,0,3.5,进攻,进攻
2017-08-10,3715.921,3474.702365,0.07991669701211856,0.892,,0.564,1,1,1,0,0,3.5,进攻,进攻
2017-08-11,3647.35,3476.3460949999994,0.06602713125050785,0.948,,0.816,1,1,1,0,-1,2.0,进攻,进攻
2017-08-14,3694.683,3478.18081,0.06432288133322839,0.644,,0.832,1,1,0,0,-1,1.0,中性,进攻
2017-08-15,3706.057,3479.873205,0.06409570627045924,0.568,,0.836,1,1,0,0,-1,1.0,中性,进攻
2017-08-16,3701.421,3481.5430350000006,0.06065293371429581,0.524,,0.652,1,1,0,0,0,2.5,进攻,进攻
2017-08-17,3721.277,3483.3754200000003,0.071387811790665,0.72,,0.664,1,1,1,0,0,3.5,进攻,进攻
2017-08-18,3724.675,3485.27032,0.07220313358197195,0.656,,0.648,1,1,0,0,0,2.5,进攻,进攻
2017-08-21,3740.994,3487.27466,0.08553451126058875,0.584,,0.648,1,1,0,0,0,2.5,进攻,进攻
2017-08-22,3752.298,3489.35476,0.08673746890214051,0.592,,0.612,1,1,0,0,0,2.5,进攻,进攻
2017-08-23,3756.088,3491.33994,0.0860648651211906,0.528,,0.576,1,1,0,0,0,2.5,进攻,进攻
2017-08-24,3734.646,3493.34641,0.08720280306576589,0.4,,0.632,1,1,0,0,0,2.5,进攻,进攻
2017-08-25,3795.754,3495.499755,0.10732371742978053,0.736,,0.832,1,1,1,0,-1,2.0,进攻,进攻
2017-08-28,3842.712,3497.9424399999994,0.11496586085993732,0.94,,0.872,1,1,1,0,-1,2.0,进攻,进攻
2017-08-29,3834.538,3500.33217,0.11018695368819009,0.8,,0.844,1,1,1,0,-1,2.0,进攻,进攻
2017-08-30,3834.301,3502.648085,0.11180054344627033,0.92,,0.844,1,1,1,0,-1,2.0,进攻,进攻
2017-08-31,3822.093,3504.9932750000003,0.11530652382997797,0.86,,0.816,1,1,1,0,-1,2.0,进攻,进攻
2017-09-01,3830.538,3507.192905,0.11746169365896009,0.988,,0.812,1,1,1,0,-1,2.0,进攻,进攻
2017-09-04,3845.616,3509.3348799999994,0.11206102314046618,0.96,,0.804,1,1,1,0,-1,2.0,进攻,进攻
2017-09-05,3857.046,3511.4688700000006,0.115819657690168,0.776,,0.808,1,1,1,0,-1,2.0,进攻,进攻
2017-09-06,3849.45,3513.5667700000004,0.1113873134767891,0.812,,0.828,1,1,1,0,-1,2.0,进攻,进攻
2017-09-07,3829.871,3515.568165,0.1000612665722056,0.788,,0.832,1,1,1,0,-1,2.0,进攻,进攻
2017-09-08,3825.99,3517.51544,0.11033270890256408,0.672,,0.412,1,1,0,0,0,2.5,进攻,进攻
2017-09-11,3825.645,3519.5563899999997,0.1090070103515961,0.772,,0.208,1,1,1,0,1,5.0,进攻,进攻
2017-09-12,3837.934,3521.5405049999995,0.10719844262562295,0.968,,0.212,1,1,1,0,1,5.0,进攻,进攻
2017-09-13,3842.606,3523.411715,0.11378269880146674,0.648,,0.192,1,1,0,0,1,4.0,进攻,进攻
2017-09-14,3829.955,3525.187845,0.1062909700754886,0.784,,0.224,1,1,1,0,1,5.0,进攻,进攻
2017-09-15,3831.297,3526.9006299999996,0.09791867262723519,0.768,,0.228,1,1,1,0,1,5.0,进攻,进攻
2017-09-18,3843.143,3528.5098550000002,0.10497409603515084,0.588,,0.204,1,1,0,0,1,4.0,进攻,进攻
2017-09-19,3832.116,3529.99503,0.10441698664105137,0.612,,0.248,1,1,0,0,1,4.0,进攻,进攻
2017-09-20,3842.435,3531.3870049999996,0.10886608624685534,0.632,,0.252,1,1,0,0,1,4.0,进攻,进攻
2017-09-21,3837.818,3532.88609,0.11669718961882114,0.652,,0.168,1,1,0,0,1,4.0,进攻,进攻
2017-09-22,3837.73,3534.24956,0.1104395022519955,0.468,,0.004,1,1,0,0,1,4.0,进攻,进攻
2017-09-25,3817.792,3535.6937449999996,0.08958578358414471,0.404,,0.004,1,1,0,0,1,4.0,进攻,进攻
2017-09-26,3820.782,3537.4506199999996,0.08728824628697351,0.1,,0.004,1,1,-1,0,1,3.0,进攻,进攻
2017-09-27,3821.2,3539.260855,0.08635115706974017,0.176,,0.008,1,1,-1,0,1,3.0,进攻,进攻
2017-09-28,3822.539,3540.994815,0.09055275696627163,0.22,,0.004,1,1,-1,0,1,3.0,进攻,进攻
2017-09-29,3836.501,3542.8266050000007,0.09074302993636074,0.18,,0.008,1,1,-1,0,1,3.0,进攻,进攻
2017-10-09,3882.208,3544.769145,0.10621897118029411,0.628,,0.024,1,1,0,0,1,4.0,进攻,进攻
2017-10-10,3889.864,3547.1725699999997,0.1067835971781439,0.468,,0.024,1,1,0,0,1,4.0,进攻,进攻
2017-10-11,3902.687,3549.6608250000004,0.11936939714699957,0.484,,0.028,1,1,0,0,1,4.0,进攻,进攻
2017-10-12,3912.954,3552.33087,0.12443080947900853,0.32,,0.024,1,1,0,0,1,4.0,进攻,进攻
2017-10-13,3921.002,3555.23371,0.13233988199528524,0.124,,0.024,1,1,-1,0,1,3.0,进攻,进攻
2017-10-16,3913.446,3558.070785,0.1356897346277115,0.42,,0.032,1,1,0,0,1,4.0,进攻,进攻
2017-10-17,3913.069,3560.991215,0.13043904056797717,0.032,,0.032,1,1,-1,0,1,3.0,进攻,进攻
2017-10-18,3944.163,3564.1667099999995,0.13769983561147559,0.272,,0.064,1,1,-1,0,1,3.0,进攻,进攻
2017-10-19,3931.25,3567.13028,0.14571648482379218,0.284,,0.064,1,1,-1,0,1,3.0,进攻,进攻
2017-10-20,3926.852,3570.0861800000002,0.141203624322648,0.04,,0.072,1,1,-1,0,1,3.0,进攻,进攻
2017-10-23,3930.798,3573.2021750000004,0.1409547765677468,0.068,,0.072,1,1,-1,0,1,3.0,进攻,进攻
2017-10-24,3959.395,3576.387145,0.1487428627796863,0.132,,0.088,1,1,-1,0,1,3.0,进攻,进攻
2017-10-25,3976.949,3579.689965,0.15617284148018773,0.028,,0.096,1,1,-1,0,1,3.0,进攻,进攻
2017-10-26,3993.575,3583.148395,0.16547067233568646,0.516,,0.092,1,1,0,0,1,4.0,进攻,进攻
2017-10-27,4021.968,3586.76941,0.17838182453163198,0.396,,0.112,1,1,0,0,1,4.0,进攻,进攻
2017-10-30,4009.722,3590.267615,0.17781062429466,0.708,,0.08,1,1,1,0,1,5.0,进攻,进攻
2017-10-31,4006.718,3593.59007,0.18452587544899557,0.244,,0.096,1,1,-1,0,1,3.0,进攻,进攻
2017-11-01,3996.622,3596.73162,0.1898911907272003,0.488,,0.12,1,1,0,0,1,4.0,进攻,进攻
2017-11-02,3997.134,3599.878345,0.19227318337304466,0.372,,0.124,1,1,0,0,1,4.0,进攻,进攻
2017-11-03,3992.698,3603.1034999999997,0.19624196415436845,0.416,,0.132,1,1,0,0,1,4.0,进攻,进攻
2017-11-06,4020.89,3606.388445,0.19788920249558628,0.26,,0.04,1,1,-1,0,1,3.0,进攻,进攻
2017-11-07,4054.247,3609.86832,0.19757551517865513,0.588,,0.088,1,1,0,0,1,4.0,进攻,进攻
2017-11-08,4048.006,3613.435875,0.19087230678802092,0.528,,0.116,1,1,0,0,1,4.0,进攻,进攻
2017-11-09,4075.9,3617.227255,0.18877727058091986,0.296,,0.152,1,1,-1,0,1,3.0,进攻,进攻
2017-11-10,4111.911,3621.18725,0.2058510260806119,0.568,,0.18,1,1,0,0,1,4.0,进攻,进攻
2017-11-13,4128.073,3625.230385,0.2148133390502318,0.692,,0.176,1,1,0,0,1,4.0,进攻,进攻
2017-11-14,4099.351,3629.0953600000003,0.2043281003358255,0.656,,0.22,1,1,0,0,1,4.0,进攻,进攻
2017-11-15,4073.67,3632.766885,0.19419073245820662,0.388,,0.248,1,1,0,0,1,4.0,进攻,进攻
2017-11-16,4105.012,3636.6455,0.1988257674652778,0.276,,0.264,1,1,-1,0,1,3.0,进攻,进攻
2017-11-17,4120.851,3640.4753100000003,0.20346087092130727,0.916,,0.248,1,1,1,0,1,5.0,进攻,进攻
2017-11-20,4143.833,3644.37407,0.18882374576048466,0.456,,0.26,1,1,0,0,1,4.0,进攻,进攻
2017-11-21,4217.702,3648.640325,0.2118318543515394,0.668,,0.6,1,1,0,0,0,2.5,进攻,进攻
2017-11-22,4227.567,3652.89864,0.2103367273757939,0.76,,0.596,1,1,1,0,0,3.5,进攻,进攻
2017-11-23,4102.397,3656.47082,0.17287143862690701,0.772,,1.0,1,1,1,0,-1,2.0,进攻,进攻
2017-11-24,4104.203,3660.169375,0.17716757775045355,0.304,,0.996,1,1,0,0,-1,1.0,中性,进攻
2017-11-27,4049.948,3663.5530899999994,0.1675512302111939,0.376,,1.0,1,1,0,0,-1,1.0,中性,进攻
2017-11-28,4055.824,3667.003785,0.16116834178766992,0.128,,0.996,1,1,-1,0,-1,0.0,中性,进攻
2017-11-29,4053.753,3670.3561099999997,0.14711370417491088,0.544,,0.992,1,1,0,0,-1,1.0,中性,进攻
2017-11-30,4006.099,3673.4051450000006,0.12499933304858035,0.28,,1.0,1,1,-1,0,-1,0.0,中性,中性
2017-12-01,3998.137,3676.328395,0.11799411101821233,0.136,,1.0,1,1,-1,0,-1,0.0,中性,中性
2017-12-04,4018.857,3679.2413049999996,0.1243479654844506,0.208,,0.992,1,1,-1,0,-1,0.0,中性,中性
2017-12-05,4040.17,3682.2631349999997,0.12782492203959128,0.756,,0.988,1,1,1,0,-1,2.0,进攻,中性
2017-12-06,4015.821,3685.233675,0.13592117668123693,0.236,,0.988,1,1,-1,0,-1,0.0,中性,中性
2017-12-07,3971.057,3687.884295,0.12533010578971338,0.08,,1.0,1,1,-1,0,-1,0.0,中性,中性
2017-12-08,4003.379,3690.79398,0.13772404548078132,0.1,,0.996,1,1,-1,0,-1,0.0,中性,中性
2017-12-11,4069.5,3693.7845150000003,0.14515577579766248,0.08,,1.0,1,1,-1,0,-1,0.0,中性,中性
2017-12-12,4016.016,3696.4504799999995,0.1323904678818011,0.036,,1.0,1,1,-1,0,-1,0.0,中性,中性
2017-12-13,4050.093,3699.2521599999995,0.12880261876194088,0.008,,1.0,1,1,-1,0,-1,0.0,中性,中性
2017-12-14,4026.152,3702.0163000000002,0.1213836672429347,0.024,,0.996,1,1,-1,0,-1,0.0,中性,中性
2017-12-15,3980.856,3704.55132,0.09880887679784323,0.088,,1.0,1,1,-1,0,-1,0.0,中性,中性
2017-12-18,3985.291,3707.24666,0.0864752029120317,0.028,,0.992,1,1,-1,0,-1,0.0,中性,中性
2017-12-19,4035.329,3710.159255,0.09813386888506992,0.024,,0.976,1,1,-1,0,-1,0.0,中性,中性
2017-12-20,4030.49,3713.0195149999995,0.10540466193676812,0.164,,0.972,1,1,-1,0,-1,0.0,中性,中性
2017-12-21,4067.849,3716.1832799999997,0.10875980013235842,0.212,,0.9,1,1,-1,0,-1,0.0,中性,中性
2017-12-22,4054.598,3719.3169550000002,0.1057598482381632,0.052,,0.904,1,1,-1,0,-1,0.0,中性,中性
2017-12-25,4041.54,3722.2922350000003,0.10701464811169803,0.248,,0.888,1,1,-1,0,-1,0.0,中性,中性
2017-12-26,4053.622,3725.2905600000004,0.11979003222113693,0.22,,0.892,1,1,-1,0,-1,0.0,中性,中性
2017-12-27,3991.208,3728.002945,0.09058934114458106,0.4,,0.916,1,1,0,0,-1,1.0,中性,中性
2017-12-28,4018.897,3730.9627100000002,0.09803018881740022,0.512,,0.908,1,1,0,0,-1,1.0,中性,中性
2017-12-29,4030.855,3733.9775250000002,0.10255286686366172,0.216,,0.912,1,1,-1,0,-1,0.0,中性,中性
2018-01-02,4087.401,3737.1240399999997,0.11870584426087949,0.748,,0.928,1,1,1,0,-1,2.0,进攻,中性
2018-01-03,4111.393,3740.39754,0.1200236787040676,0.812,,0.928,1,1,1,0,-1,2.0,进攻,中性
2018-01-04,4128.812,3743.72338,0.12845329537578198,0.764,,0.912,1,1,1,0,-1,2.0,进攻,中性
2018-01-05,4138.751,3747.0095999999994,0.12254941182629087,0.796,,0.888,1,1,1,0,-1,2.0,进攻,中性
2018-01-08,4160.16,3750.581375,0.12342813874019942,0.908,,0.884,1,1,1,0,-1,2.0,进攻,进攻
2018-01-09,4189.298,3754.2798000000003,0.1435053027685107,0.672,,0.872,1,1,0,0,-1,1.0,中性,进攻
2018-01-10,4207.813,3757.98713,0.1474244112848535,0.772,,0.812,1,1,1,0,-1,2.0,进攻,进攻
2018-01-11,4205.586,3761.76481,0.12757943099089575,0.472,,0.8,1,1,0,0,0,2.5,进攻,进攻
2018-01-12,4225.001,3765.579925,0.12730303285800737,0.476,,0.748,1,1,0,0,0,2.5,进攻,进攻
2018-01-15,4225.239,3769.2581200000004,0.13319778640657942,0.872,,0.608,1,1,1,0,0,3.5,进攻,进攻
2018-01-16,4258.473,3773.16029,0.13757399887644328,0.772,,0.62,1,1,1,0,0,3.5,进攻,进攻
2018-01-17,4248.116,3777.0518250000005,0.142102061023901,0.96,,0.588,1,1,1,0,0,3.5,进攻,进攻
2018-01-18,4271.417,3781.0829449999997,0.15275836160747547,0.836,,0.568,1,1,1,0,0,3.5,进攻,进攻
2018-01-19,4285.395,3785.32613,0.15440999193199723,0.936,,0.532,1,1,1,0,0,3.5,进攻,进攻
2018-01-22,4336.597,3789.728885,0.16515959226103072,0.812,,0.564,1,1,1,0,0,3.5,进攻,进攻
2018-01-23,4382.613,3794.1224850000003,0.17248847138466195,0.908,,0.556,1,1,1,0,0,3.5,进攻,进攻
2018-01-24,4389.885,3798.501675,0.16430744568920463,0.952,,0.568,1,1,1,0,0,3.5,进攻,进攻
2018-01-25,4365.079,3802.739755,0.16066195621046608,0.916,,0.208,1,1,1,0,1,5.0,进攻,进攻
2018-01-26,4381.3,3807.12056,0.17529627187535035,0.836,,0.2,1,1,1,0,1,5.0,进攻,进攻
2018-01-29,4302.018,3811.04401,0.16033045814250801,0.884,,0.728,1,1,1,0,0,3.5,进攻,进攻
2018-01-30,4256.102,3814.777325,0.14202739887758775,0.544,,0.752,1,1,0,0,0,2.5,进攻,进攻
2018-01-31,4275.899,3818.5839899999996,0.14567389374615014,0.712,,0.748,1,1,1,0,0,3.5,进攻,进攻
2018-02-01,4245.898,3822.380955,0.13799194005752824,0.956,,0.804,1,1,1,0,-1,2.0,进攻,进攻
2018-02-02,4271.233,3826.3374100000005,0.14944128252457478,0.716,,0.812,1,1,1,0,-1,2.0,进攻,进攻
2018-02-05,4274.146,3830.394425,0.1718496990966043,0.792,,0.808,1,1,1,0,-1,2.0,进攻,进攻
2018-02-06,4148.886,3833.909475,0.12293422737485193,0.992,,0.94,1,1,1,0,-1,2.0,进攻,进攻
2018-02-07,4050.497,3836.85422,0.09293974701414465,0.952,,0.98,1,1,1,0,-1,2.0,进攻,进攻
2018-02-08,4012.047,3839.5805200000004,0.08392074287145412,0.656,,0.988,1,1,0,0,-1,1.0,中性,进攻
2018-02-09,3840.653,3841.6274900000003,0.03207931040876555,0.94,,1.0,0,0,1,0,-1,-0.5,中性,进攻
2018-02-12,3890.105,3843.8731449999996,0.044414613355527655,0.236,,1.0,1,0,-1,0,-1,-1.25,中性,进攻
2018-02-13,3935.632,3846.3253900000004,0.052028418115613206,0.224,,1.0,1,1,-1,0,-1,0.0,中性,进攻
2018-02-14,3966.961,3848.9265949999995,0.05720840935341487,0.004,,1.0,1,1,-1,0,-1,0.0,中性,中性
2018-02-22,4052.733,3851.991495,0.07897711661707607,0.128,,1.0,1,1,-1,0,-1,0.0,中性,中性
2018-02-23,4071.089,3855.214055,0.09008698548671012,0.188,,1.0,1,1,-1,0,-1,0.0,中性,中性
2018-02-26,4118.419,3858.7405099999996,0.08500682604826348,0.556,,0.996,1,1,0,0,-1,1.0,中性,中性
2018-02-27,4058.981,3862.0134850000004,0.05628030411854956,0.44,,0.988,1,1,0,0,-1,1.0,中性,中性
2018-02-28,4023.642,3865.218945,0.049315980178055385,0.232,,0.984,1,0,-1,0,-1,-1.25,中性,中性
2018-03-01,4049.086,3868.67031,0.056016728994411125,0.316,,1.0,1,1,0,0,-1,1.0,中性,中性
2018-03-02,4016.461,3871.989955,0.050853812296037804,0.232,,0.988,1,1,-1,0,-1,0.0,中性,中性
2018-03-05,4018.097,3875.391935,0.048964140285254976,0.184,,0.972,1,0,-1,0,-1,-1.25,中性,中性
2018-03-06,4066.565,3878.94153,0.05745477447566261,0.656,,0.98,1,1,0,0,-1,1.0,中性,中性
2018-03-07,4036.654,3882.197905,0.04656620636621911,0.404,,0.972,1,0,0,0,-1,-0.25,中性,中性
2018-03-08,4077.6,3885.589935,0.059268207146475405,0.236,,1.0,1,1,-1,0,-1,0.0,中性,中性
2018-03-09,4108.865,3888.991015,0.07284684001106023,0.408,,1.0,1,1,0,0,-1,1.0,中性,中性
2018-03-12,4127.666,3892.5795149999994,0.07884913447238495,0.716,,1.0,1,1,1,0,-1,2.0,进攻,中性
2018-03-13,4091.253,3896.0452149999996,0.06942829248401261,0.488,,0.944,1,1,0,0,-1,1.0,中性,中性
2018-03-14,4073.345,3899.392695,0.06133794901110856,0.308,,0.928,1,1,0,0,-1,1.0,中性,中性
2018-03-15,4096.163,3902.817315,0.06598568783788905,0.228,,0.924,1,1,-1,0,-1,0.0,中性,中性
2018-03-16,4056.423,3905.97846,0.059130720857033525,0.16,,0.84,1,1,-1,0,-1,0.0,中性,中性
2018-03-19,4074.248,3909.2288649999996,0.06341220740652576,0.116,,0.832,1,1,-1,0,-1,0.0,中性,中性
2018-03-20,4077.704,3912.189095,0.06103363835277542,0.14,,0.808,1,1,-1,0,-1,0.0,中性,中性
2018-03-21,4061.05,3915.0921699999994,0.05974088467050587,0.396,,0.804,1,1,0,0,-1,1.0,中性,中性
2018-03-22,4020.349,3917.72949,0.04630240980003575,0.244,,0.764,1,0,-1,0,0,0.25,中性,中性
2018-03-23,3904.936,3919.76548,0.01748858335648018,0.984,,0.88,0,0,1,0,-1,-0.5,中性,中性
2018-03-26,3879.893,3921.7324099999996,0.01098644250637748,0.552,,0.832,0,0,0,0,-1,-1.5,防御,中性
2018-03-27,3913.269,3923.954985,0.025008434194424334,0.576,,0.824,0,0,0,0,-1,-1.5,防御,中性
2018-03-28,3842.716,3925.704155,0.005740709624364682,0.376,,0.88,0,0,0,0,-1,-1.5,防御,中性
2018-03-29,3894.05,3927.5050450000003,0.01906469171987868,0.428,,0.88,0,0,0,0,-1,-1.5,防御,中性
2018-03-30,3898.498,3929.1926399999998,0.01987134729037421,0.296,,0.876,0,0,-1,0,-1,-2.5,防御,防御
2018-04-02,3886.919,3930.746385,0.013141662155177203,0.496,,0.872,0,0,0,0,-1,-1.5,防御,防御
2018-04-03,3862.48,3932.1868400000003,-0.005081644260173657,0.264,,0.844,0,0,-1,0,-1,-2.5,防御,防御
2018-04-04,3854.863,3933.54982,-0.00899800095838832,0.216,,0.832,0,0,-1,0,-1,-2.5,防御,防御
2018-04-09,3852.929,3935.1379699999998,-0.012749677337690613,0.136,,0.796,0,0,-1,0,0,-1.0,中性,防御
2018-04-10,3927.173,3937.12987,0.0036338275379674823,0.408,,0.876,0,0,0,0,-1,-1.5,防御,防御
2018-04-11,3938.343,3939.2277799999997,0.00442259402060996,0.488,,0.864,0,0,0,0,-1,-1.5,防御,防御
2018-04-12,3898.635,3940.95263,-0.0037846440196184217,0.232,,0.872,0,0,-1,0,-1,-2.5,防御,防御
2018-04-13,3871.144,3942.57588,-0.01071409678694657,0.052,,0.876,0,0,-1,0,-1,-2.5,防御,防御
2018-04-16,3808.863,3943.68042,-0.034303856103310215,0.312,,0.892,0,0,0,0,-1,-1.5,防御,防御
2018-04-17,3748.641,3944.4719099999998,-0.04645062003179645,0.228,,0.9,0,0,-1,0,-1,-2.5,防御,防御
2018-04-18,3766.282,3945.188905,-0.04089026018805897,0.364,,0.9,0,0,0,0,-1,-1.5,防御,防御
2018-04-19,3811.843,3945.9076599999994,-0.030262302972577038,0.376,,0.92,0,0,0,0,-1,-1.5,防御,防御
2018-04-20,3760.854,3946.338355,-0.05014427709283875,0.332,,0.92,0,-1,0,0,-1,-2.75,防御,防御
2018-04-23,3766.326,3946.9391499999997,-0.05296095071875451,0.08,,0.916,0,-1,-1,0,-1,-3.75,防御,防御
2018-04-24,3843.489,3947.812455,-0.03758186587205692,0.404,,0.908,0,0,0,0,-1,-1.5,防御,防御
2018-04-25,3828.702,3948.621975,-0.04805259514745008,0.052,,0.9,0,0,-1,0,-1,-2.5,防御,防御
2018-04-26,3755.494,3949.1452150000005,-0.06340289925336473,0.108,,0.912,0,-1,-1,0,-1,-3.75,防御,防御
2018-04-27,3756.877,3949.82968,-0.062355523897613896,0.084,,0.884,0,-1,-1,0,-1,-3.75,防御,防御
2018-05-02,3763.646,3950.34951,-0.058293228631579264,0.116,,0.84,0,-1,-1,0,-1,-3.75,防御,防御
2018-05-03,3793.0,3951.0140249999995,-0.05107009172071786,0.18,,0.856,0,-1,-1,0,-1,-3.75,防御,防御
2018-05-04,3774.598,3951.6073699999997,-0.0546247174216532,0.02,,0.856,0,-1,-1,0,-1,-3.75,防御,防御
2018-05-07,3834.188,3952.5098749999997,-0.046433003638497894,0.16,,0.904,0,0,-1,0,-1,-2.5,防御,防御
2018-05-08,3878.677,3953.549215,-0.04330520562758011,0.252,-0.009664337386352417,0.908,0,0,-1,0,-1,-2.5,防御,防御
2018-05-09,3871.615,3954.6131699999996,-0.04357478719152097,0.036,-0.00991641346924288,0.908,0,0,-1,0,-1,-2.5,防御,防御
2018-05-10,3893.057,3955.64385,-0.04485954022424499,0.116,-0.007254070001452617,0.844,0,0,-1,0,-1,-2.5,防御,防御
2018-05-11,3872.838,3956.49257,-0.058141579426208345,0.084,-0.01162309736164735,0.844,0,-1,-1,0,-1,-3.75,防御,防御
2018-05-14,3909.293,3957.721245,-0.05299809378370979,0.076,-0.012524003004329876,0.84,0,-1,-1,0,-1,-3.75,防御,防御
2018-05-15,3924.098,3959.0058300000005,-0.04275140138036482,0.048,-0.010709196070214921,0.832,0,0,-1,0,-1,-2.5,防御,防御
2018-05-16,3892.844,3959.8213149999997,-0.04438896621473998,0.092,-0.010995472692554631,0.772,0,0,-1,0,0,-1.0,中性,防御
2018-05-17,3864.051,3960.4021500000003,-0.0586992193932685,0.016,-0.008539694758798566,0.72,0,-1,-1,0,0,-2.25,防御,防御
2018-05-18,3903.064,3961.2744799999996,-0.05285000598177414,0.16,-0.009919185321992652,0.728,0,-1,-1,0,0,-2.25,防御,防御
2018-05-21,3921.242,3962.163345,-0.053716209123292225,0.472,-0.00550782438920927,0.692,0,-1,0,0,0,-1.25,中性,防御
2018-05-22,3906.208,3963.0965899999997,-0.07385396123291788,0.256,0.002414884741373191,0.648,0,-1,-1,0,0,-2.25,防御,防御
2018-05-23,3854.583,3963.8425650000004,-0.08822663248151952,0.412,0.004692647115693838,0.712,0,-1,0,0,0,-1.25,中性,防御
2018-05-24,3827.217,3964.4176749999997,-0.06707785716496961,0.052,0.007019942951130176,0.62,0,-1,-1,0,0,-2.25,防御,防御
2018-05-25,3816.498,3964.89071,-0.07010009007839046,0.084,0.002405994866258254,0.616,0,-1,-1,0,0,-2.25,防御,防御
2018-05-28,3833.26,3965.367645,-0.053503896840156884,0.092,0.004647796631908507,0.568,0,-1,-1,0,0,-2.25,防御,防御
2018-05-29,3804.009,3965.5357749999994,-0.06208726019669497,0.164,0.008598206666921904,0.584,0,-1,-1,0,0,-2.25,防御,防御
2018-05-30,3723.372,3965.34837,-0.08150003219239066,0.392,0.004594152974843224,0.652,0,-1,0,0,0,-1.25,中性,防御
2018-05-31,3802.376,3965.7211199999997,-0.050853211565665246,0.232,0.0057195668287581825,0.768,0,-1,-1,0,0,-2.25,防御,防御
2018-06-01,3770.589,3966.036165,-0.05691350746610235,0.104,0.0034054729375043724,0.772,0,-1,-1,0,0,-2.25,防御,防御
2018-06-04,3807.578,3966.44008,-0.052571912859800674,0.02,-0.0013343648515333761,0.72,0,-1,-1,0,0,-2.25,防御,防御
2018-06-05,3845.316,3967.0055949999996,-0.048229158674016226,0.032,-0.0022380440240221677,0.708,0,0,-1,0,0,-1.0,中性,防御
2018-06-06,3837.351,3967.5371299999997,-0.04444172187953588,0.036,-0.005042935774559276,0.708,0,0,-1,0,0,-1.0,中性,防御
2018-06-07,3831.013,3968.11259,-0.03526617724197867,0.092,-0.0063478137335349905,0.696,0,0,-1,0,0,-1.0,中性,防御
2018-06-08,3779.616,3968.77392,-0.05589353393720653,0.18,-0.006126697474390985,0.752,0,-1,-1,0,0,-2.25,防御,防御
2018-06-11,3779.982,3969.200415,-0.07114338370807227,0.008,-0.007455252114936806,0.696,0,-1,-1,0,0,-2.25,防御,防御
2018-06-12,3825.953,3969.799895,-0.04732625567228821,0.016,-0.008241623129782383,0.76,0,0,-1,0,0,-1.0,中性,防御
2018-06-13,3788.339,3970.234485,-0.06462913320755848,0.04,-0.012239798627199927,0.764,0,-1,-1,0,0,-2.25,防御,防御
2018-06-14,3773.366,3970.4949299999994,-0.06278600509866494,0.032,-0.01439803184925914,0.752,0,-1,-1,0,0,-2.25,防御,防御
2018-06-15,3753.434,3970.638725,-0.05712891900636441,0.296,-0.021166590398862706,0.696,0,-1,-1,0,0,-2.25,防御,防御
2018-06-19,3621.117,3970.0393399999994,-0.09137952535962868,0.864,-0.047040294522035175,0.92,0,-1,1,-1,-1,-2.75,防御,防御
2018-06-20,3635.444,3969.45507,-0.09909600927210649,0.292,-0.05575385773247821,0.92,0,-1,-1,-1,-1,-4.75,防御,防御
2018-06-21,3592.965,3968.6394550000005,-0.10855379866964054,0.392,-0.06500264425908264,0.916,0,-1,0,-1,-1,-3.75,防御,防御
2018-06-22,3608.905,3968.0107499999995,-0.11282228027638197,0.092,-0.07054705863216837,0.92,0,-1,-1,-1,-1,-4.75,防御,防御
2018-06-25,3560.478,3966.8343699999996,-0.12186658208779266,0.064,-0.06947963705600158,0.92,0,-1,-1,-1,-1,-4.75,防御,防御
2018-06-26,3531.111,3965.276365,-0.1262956694725278,0.096,-0.0706452958388667,0.916,-1,-1,-1,-1,-1,-6.0,防御,防御
2018-06-27,3459.262,3963.399985,-0.14662442625385386,0.136,-0.07036871273125067,0.92,-1,-1,-1,-1,-1,-6.0,防御,防御
2018-06-28,3423.526,3961.3461100000004,-0.142233128416259,0.036,-0.0680782435201509,0.908,-1,-1,-1,-1,-1,-6.0,防御,防御
2018-06-29,3510.985,3959.79057,-0.12638094482142737,0.1,-0.07029302931133219,0.916,-1,-1,-1,-1,-1,-6.0,防御,防御
2018-07-02,3407.964,3957.6776999999997,-0.15453073851577392,0.216,-0.06738170168799706,0.932,-1,-1,-1,-1,-1,-6.0,防御,防御
2018-07-03,3409.28,3955.49602,-0.1659051803334196,0.292,-0.06456920881097494,0.916,-1,-1,-1,-1,-1,-6.0,防御,防御
2018-07-04,3363.747,3953.0295249999995,-0.18184736900607656,0.08,-0.07048179092991802,0.912,-1,-1,-1,-1,-1,-6.0,防御,防御
2018-07-05,3342.438,3950.494465,-0.19046011298165177,0.144,-0.07565332001845082,0.908,-1,-1,-1,-1,-1,-6.0,防御,防御
2018-07-06,3365.123,3948.1707249999995,-0.18692305963804057,0.216,-0.08032761172428049,0.912,-1,-1,-1,-1,-1,-6.0,防御,防御
2018-07-09,3459.184,3946.3366949999995,-0.16849736548594274,0.064,-0.0799117272245492,0.948,-1,-1,-1,-1,-1,-6.0,防御,防御
2018-07-10,3467.516,3944.54605,-0.17229187324463424,0.036,-0.07919769977440194,0.948,-1,-1,-1,-1,-1,-6.0,防御,防御
2018-07-11,3407.53,3942.3940300000004,-0.1901897731672011,0.12,-0.08331499789703678,0.94,-1,-1,-1,-1,-1,-6.0,防御,防御
2018-07-12,3481.056,3940.5862800000004,-0.17227801309972024,0.344,-0.07986685165323126,1.0,-1,-1,0,-1,-1,-5.0,防御,防御
2018-07-13,3492.69,3938.8999549999994,-0.1733280063128979,0.04,-0.08225264986427072,1.0,-1,-1,-1,-1,-1,-6.0,防御,防御
2018-07-16,3472.086,3937.1039,-0.17825098177878218,0.008,-0.07401061591125535,1.0,-1,-1,-1,-1,-1,-6.0,防御,防御
2018-07-17,3449.377,3935.13507,-0.1899967429639685,0.008,-0.05062398606282792,0.916,-1,-1,-1,-1,-1,-6.0,防御,防御
2018-07-18,3431.323,3933.131105,-0.19227182120262254,0.08,-0.0462004248221789,0.908,-1,-1,-1,-1,-1,-6.0,防御,防御
2018-07-19,3428.343,3931.0606450000005,-0.19737571864325132,0.032,-0.04256859937919266,0.9,-1,-1,-1,-1,-1,-6.0,防御,防御
2018-07-20,3492.894,3929.3360250000005,-0.18493067733546165,0.352,-0.04172301063231909,0.924,-1,-1,0,-1,-1,-5.0,防御,防御
2018-07-23,3525.75,3927.776125,-0.18697771547598263,0.564,-0.04107500847157608,0.92,-1,-1,0,-1,-1,-5.0,防御,防御
2018-07-24,3581.706,3926.5956950000004,-0.1827464574216341,0.864,-0.04128769631040219,0.928,-1,-1,1,-1,-1,-4.0,防御,防御
2018-07-25,3577.752,3925.3805450000004,-0.18500097382961067,0.528,-0.038730882244769615,0.892,-1,-1,0,-1,-1,-5.0,防御,防御
2018-07-26,3536.246,3923.9557750000004,-0.18987812133526094,0.544,-0.03503715583654721,0.896,-1,-1,0,-1,-1,-5.0,防御,防御
2018-07-27,3521.227,3922.449215,-0.19630543446009185,0.356,-0.03554235499582026,0.856,-1,-1,0,-1,-1,-5.0,防御,防御
2018-07-30,3515.079,3920.8421049999997,-0.18292322347326295,0.42,-0.0342069405468336,0.804,-1,-1,0,-1,-1,-5.0,防御,防御
2018-07-31,3517.657,3919.01935,-0.17350265571642776,0.068,-0.035776152348156454,0.8,-1,-1,-1,-1,0,-4.5,防御,防御
2018-08-01,3447.388,3916.8069699999996,-0.19376299580509282,0.4,-0.03157264118122605,0.816,-1,-1,0,-1,-1,-5.0,防御,防御
2018-08-02,3370.958,3914.148325,-0.2060671264359153,0.6,-0.027189769320595136,0.84,-1,-1,0,0,-1,-4.0,防御,防御
2018-08-03,3315.284,3911.159975,-0.22381101663149727,0.148,-0.02700881318731152,0.856,-1,-1,-1,0,-1,-5.0,防御,防御
2018-08-06,3273.273,3907.9213299999997,-0.23416911822853026,0.188,-0.027289354971138935,0.796,-1,-1,-1,0,0,-3.5,防御,防御
2018-08-07,3368.87,3905.19845,-0.1880061298382265,0.412,-0.02857772734978159,0.872,-1,-1,0,0,-1,-4.0,防御,防御
2018-08-08,3314.508,3902.205645,-0.18170338109125872,0.392,-0.027037306277933326,0.864,-1,-1,0,0,-1,-4.0,防御,防御
2018-08-09,3397.53,3899.4724800000004,-0.15316794643731735,0.448,-0.028973502007761054,0.876,-1,-1,0,0,-1,-4.0,防御,防御
2018-08-10,3405.019,3896.841325,-0.11342706565784522,0.092,-0.028938094727113173,0.872,-1,-1,-1,0,-1,-5.0,防御,防御
2018-08-13,3390.344,3894.158785,-0.1284697970877393,0.164,-0.027490569770738604,0.868,-1,-1,-1,0,-1,-5.0,防御,防御
2018-08-14,3372.914,3891.369365,-0.14298033962524948,0.02,-0.028273902763278236,0.864,-1,-1,-1,0,-1,-5.0,防御,防御
2018-08-15,3291.976,3888.03227,-0.1701516601751315,0.052,-0.0270518231352338,0.912,-1,-1,-1,0,-1,-5.0,防御,防御
2018-08-16,3276.728,3884.531165,-0.19147696134929193,0.088,-0.023448071057852737,0.912,-1,-1,-1,0,-1,-5.0,防御,防御
2018-08-17,3229.62,3880.7113900000004,-0.20669383548234888,0.028,-0.022750158738679804,0.868,-1,-1,-1,0,-1,-5.0,防御,防御
2018-08-20,3267.25,3876.9378,-0.2066737260099082,0.024,-0.02355480566398449,0.88,-1,-1,-1,0,-1,-5.0,防御,防御
2018-08-21,3326.649,3873.522435,-0.18042262331358538,0.04,-0.02549648424022255,0.896,-1,-1,-1,0,-1,-5.0,防御,防御
2018-08-22,3307.955,3870.0286199999996,-0.17787044672463403,0.004,-0.028368194395422264,0.892,-1,-1,-1,0,-1,-5.0,防御,防御
2018-08-23,3320.026,3866.64564,-0.18005544955083685,0.008,-0.030214276495572956,0.888,-1,-1,-1,-1,-1,-6.0,防御,防御
2018-08-24,3325.335,3863.286645,-0.17207337504335274,0.016,-0.030504170489527804,0.892,-1,-1,-1,-1,-1,-6.0,防御,防御
2018-08-27,3406.574,3860.3560250000005,-0.1521921944641954,0.276,-0.029781567558967437,0.98,-1,-1,-1,0,-1,-5.0,防御,防御
2018-08-28,3400.171,3857.25243,-0.1638714738360263,0.1,-0.02909633538083556,0.976,-1,-1,-1,0,-1,-5.0,防御,防御
2018-08-29,3386.574,3853.9140650000004,-0.1610442708243015,0.012,-0.028500151014609898,0.916,-1,-1,-1,0,-1,-5.0,防御,防御
2018-08-30,3351.094,3850.4295049999996,-0.17817000196193833,0.028,-0.02764176840972632,0.872,-1,-1,-1,0,-1,-5.0,防御,防御
2018-08-31,3334.504,3846.722525,-0.1884610470288023,0.044,-0.028089525828996487,0.828,-1,-1,-1,0,-1,-5.0,防御,防御
2018-09-03,3321.825,3842.772095,-0.1952292167050339,0.024,-0.02642303506044552,0.796,-1,-1,-1,0,0,-3.5,防御,防御
2018-09-04,3363.898,3838.9512200000004,-0.17778294326945798,0.044,-0.025095782420285095,0.744,-1,-1,-1,0,0,-3.5,防御,防御
2018-09-05,3298.141,3834.94517,-0.19031140254508272,0.028,-0.022652968301426935,0.752,-1,-1,-1,0,0,-3.5,防御,防御
2018-09-06,3262.881,3830.891225,-0.2034298928045587,0.012,-0.021612597310199377,0.692,-1,-1,-1,0,0,-3.5,防御,防御
2018-09-07,3277.644,3826.7543849999997,-0.19198663452997877,0.044,-0.022235925664857326,0.7,-1,-1,-1,0,0,-3.5,防御,防御
2018-09-10,3230.068,3822.3004699999997,-0.2071989726693122,0.032,-0.02719677368809048,0.7,-1,-1,-1,0,0,-3.5,防御,防御
2018-09-11,3224.212,3817.702365,-0.20930700217573428,0.016,-0.028622300904931453,0.696,-1,-1,-1,0,0,-3.5,防御,防御
2018-09-12,3202.025,3812.6239800000003,-0.21152780684798267,0.004,-0.029054974742262707,0.632,-1,-1,-1,0,0,-3.5,防御,防御
2018-09-13,3236.566,3807.668975,-0.1949539704140114,0.056,-0.030281376348242017,0.652,-1,-1,-1,-1,0,-4.5,防御,防御
2018-09-14,3242.09,3803.36744,-0.1697456757293846,0.024,-0.03200040716243091,0.592,-1,-1,-1,-1,0,-4.5,防御,防御
2018-09-17,3204.922,3798.871035,-0.17396639546502957,0.004,-0.031510155546536134,0.576,-1,-1,-1,-1,0,-4.5,防御,防御
2018-09-18,3269.432,3794.9684550000006,-0.16452664000353667,0.132,-0.02964391309920189,0.616,-1,-1,-1,0,0,-3.5,防御,防御
2018-09-19,3312.482,3791.251745,-0.13798417577567534,0.432,-0.03181719604352817,0.652,-1,-1,0,-1,0,-3.5,防御,防御
2018-09-20,3310.126,3787.53361,-0.14995287682489955,0.096,-0.03500164460243216,0.648,-1,-1,-1,-1,0,-4.5,防御,防御
2018-09-21,3410.486,3784.5555449999997,-0.1251794922044337,0.628,-0.036299170649319534,0.752,-1,-1,0,-1,0,-3.5,防御,防御
2018-09-25,3379.804,3781.46388,-0.13046708717109867,0.1,-0.03492110477084498,0.708,-1,-1,-1,-1,0,-4.5,防御,防御
2018-09-26,3417.241,3778.4558,-0.11527282989167587,0.412,-0.03540206604444551,0.728,-1,-1,0,-1,0,-3.5,防御,防御
2018-09-27,3403.59,3775.2729,-0.11706589832115943,0.224,-0.03725382035306979,0.724,-1,-1,-1,-1,0,-4.5,防御,防御
2018-09-28,3438.865,3772.3881199999996,-0.1074673319959959,0.372,-0.04550332404944657,0.712,-1,-1,0,-1,0,-3.5,防御,防御
2018-10-08,3290.899,3768.98733,-0.16201832717835452,0.548,-0.03428798623024143,0.948,-1,-1,0,-1,-1,-5.0,防御,防御
2018-10-09,3288.691,3765.41389,-0.16495566790398908,0.148,-0.03213111266814328,0.94,-1,-1,-1,-1,-1,-6.0,防御,防御
2018-10-10,3281.598,3761.4743799999997,-0.15827000988807627,0.116,-0.03213346072216561,0.916,-1,-1,-1,-1,-1,-6.0,防御,防御
2018-10-11,3124.114,3757.0148700000004,-0.1929739632522065,0.86,-0.0460969206218067,1.0,-1,-1,1,-1,-1,-4.0,防御,防御
2018-10-12,3170.726,3752.6180350000004,-0.1675400244114844,0.732,-0.05959753619686958,1.0,-1,-1,1,-1,-1,-4.0,防御,防御
2018-10-15,3126.452,3748.119535,-0.16597721681003863,0.168,-0.061488994895650295,1.0,-1,-1,-1,-1,-1,-6.0,防御,防御
2018-10-16,3100.974,3743.7201250000003,-0.17664848250874465,0.188,-0.06707630090485395,0.992,-1,-1,-1,-1,-1,-6.0,防御,防御
2018-10-17,3118.246,3739.3849000000005,-0.18195843847713555,0.332,-0.07094740475564465,0.996,-1,-1,0,-1,-1,-5.0,防御,防御
2018-10-18,3044.392,3734.4302150000003,-0.1905051352698084,0.264,-0.07588214765954449,1.0,-1,-1,-1,-1,-1,-6.0,防御,防御
2018-10-19,3134.946,3729.9524950000005,-0.16763817046108065,0.54,-0.0817620158497655,1.0,-1,-1,0,-1,-1,-5.0,防御,防御
2018-10-22,3270.273,3725.964615,-0.14913949278897376,0.904,-0.07580775956770103,1.0,-1,-1,1,-1,-1,-4.0,防御,防御
2018-10-23,3183.426,3721.6087549999997,-0.16853649095698753,0.796,-0.07218859085569951,1.0,-1,-1,1,-1,-1,-4.0,防御,防御
2018-10-24,3188.202,3717.342065,-0.15105655873767865,0.684,-0.07169409871823373,0.996,-1,-1,0,-1,-1,-5.0,防御,防御
2018-10-25,3194.308,3713.045495,-0.14974378985524417,0.684,-0.06875041934243076,0.988,-1,-1,0,-1,-1,-5.0,防御,防御
2018-10-26,3173.635,3708.95763,-0.15676580634841852,0.66,-0.0680309471623356,0.988,-1,-1,0,-1,-1,-5.0,防御,防御
2018-10-29,3076.889,3704.2475900000004,-0.18879804903770103,0.388,-0.06179369629891518,0.98,-1,-1,0,-1,-1,-5.0,防御,防御
2018-10-30,3110.261,3699.64462,-0.17600205372863542,0.704,-0.0659781570118223,0.98,-1,-1,1,-1,-1,-4.0,防御,防御
2018-10-31,3153.823,3694.9767300000003,-0.17744695878240713,0.796,-0.06598656184522722,0.98,-1,-1,1,-1,-1,-4.0,防御,防御
2018-11-01,3177.034,3690.3049349999997,-0.18089750706233076,0.856,-0.06385538620434295,0.992,-1,-1,1,-1,-1,-4.0,防御,防御
2018-11-02,3290.246,3686.1121049999997,-0.15016188334842173,0.936,-0.05712318645121173,1.0,-1,-1,1,-1,-1,-4.0,防御,防御
2018-11-05,3262.835,3681.732525,-0.16188357889442662,0.832,-0.06088402940748816,0.964,-1,-1,1,-1,-1,-4.0,防御,防御
2018-11-06,3243.15,3677.1474749999998,-0.1625908442336086,0.684,-0.06082353928600981,0.964,-1,-1,0,-1,-1,-5.0,防御,防御
2018-11-07,3221.91,3672.3105349999996,-0.1758330726297569,0.744,-0.05997545610264199,0.964,-1,-1,1,-1,-1,-4.0,防御,防御
2018-11-08,3212.774,3667.3353399999996,-0.1812707022097817,0.656,-0.04617459611168162,0.944,-1,-1,0,-1,-1,-5.0,防御,防御
2018-11-09,3167.444,3662.14463,-0.1863419135213228,0.588,-0.03244821571120171,0.944,-1,-1,0,-1,-1,-5.0,防御,防御
2018-11-12,3205.141,3657.04533,-0.17052311162559708,0.768,-0.022742385042265,0.932,-1,-1,1,0,-1,-3.0,防御,防御
2018-11-13,3237.382,3652.106045,-0.17055369832521317,0.968,-0.011895833159755398,0.928,-1,-1,1,0,-1,-3.0,防御,防御
2018-11-14,3204.943,3646.838395,-0.18267145970587884,0.952,-0.0034832887698544868,0.944,-1,-1,1,0,-1,-3.0,防御,防御
2018-11-15,3242.372,3641.8096749999995,-0.16994384323620249,0.872,0.004551467768776574,0.904,-1,-1,1,0,-1,-3.0,防御,防御
2018-11-16,3257.674,3636.74096,-0.15485695858670057,0.956,0.010644858569184734,0.896,-1,-1,1,0,-1,-3.0,防御,防御
2018-11-19,3294.603,3631.7870000000003,-0.13916482916960293,0.932,0.013265939933694737,0.764,-1,-1,1,0,0,-1.5,防御,防御
2018-11-20,3218.408,3626.196055,-0.1567117289200728,0.9,0.013910753689703625,0.708,-1,-1,1,0,0,-1.5,防御,防御
2018-11-21,3226.492,3620.41545,-0.1582903325107089,0.788,0.014475928163677265,0.708,-1,-1,1,0,0,-1.5,防御,防御
2018-11-22,3214.427,3614.5381600000005,-0.15498964382050617,0.54,0.015651475007071092,0.716,-1,-1,0,0,0,-2.5,防御,防御
2018-11-23,3143.475,3608.4301400000004,-0.15574511491196685,0.812,0.0118168802659544,0.792,-1,-1,1,0,0,-1.5,防御,防御
2018-11-26,3141.243,3602.229855,-0.1738736516325582,0.384,0.009403762775883173,0.628,-1,-1,0,0,0,-2.5,防御,防御
2018-11-27,3137.241,3596.4059699999993,-0.1679705743585419,0.236,0.012495240128070462,0.62,-1,-1,-1,0,0,-3.5,防御,防御
2018-11-28,3178.933,3591.020125,-0.16510364331341343,0.504,0.012018022636904213,0.616,-1,-1,0,0,0,-2.5,防御,防御
2018-11-29,3137.654,3585.3289,-0.1840322095765341,0.636,0.00998709054626401,0.624,-1,-1,0,0,0,-2.5,防御,防御
2018-11-30,3172.69,3579.9628599999996,-0.17320828873876792,0.436,0.008421731866561588,0.448,-1,-1,0,0,0,-2.5,防御,防御
2018-12-03,3260.95,3574.9114449999997,-0.14880215754945236,0.868,0.006716271271389518,0.58,-1,-1,1,0,0,-1.5,防御,防御
2018-12-04,3267.71,3569.879265,-0.1354386265694716,0.716,0.005473713245560896,0.572,-1,-1,1,0,0,-1.5,防御,防御
2018-12-05,3252.004,3565.3948549999996,-0.139677384707123,0.624,0.004511503135743222,0.568,-1,-1,0,0,0,-2.5,防御,防御
2018-12-06,3181.673,3561.050735,-0.16839725945404982,0.468,0.007285837953588281,0.616,-1,-1,0,0,0,-2.5,防御,防御
2018-12-07,3181.565,3556.8983249999997,-0.16016887612222663,0.084,0.004923091459967166,0.588,-1,-1,-1,0,0,-3.5,防御,防御
2018-12-10,3144.763,3553.4188750000003,-0.16658945885450815,0.116,0.001796013265725982,0.584,-1,-1,-1,0,0,-3.5,防御,防御
2018-12-11,3159.816,3549.7674300000003,-0.15815330707826492,0.044,-0.0007612277223804087,0.58,-1,-1,-1,0,0,-3.5,防御,防御
2018-12-12,3170.609,3545.942315,-0.12441133495548484,0.052,-0.004291448252278451,0.564,-1,-1,-1,0,0,-3.5,防御,防御
2018-12-13,3219.692,3542.20597,-0.11436072182654988,0.588,-0.00622529484273604,0.58,-1,-1,0,0,0,-2.5,防御,防御
2018-12-14,3165.911,3537.7718600000003,-0.11885838019574368,0.52,-0.009566197598937731,0.612,-1,-1,0,0,0,-2.5,防御,防御
2018-12-17,3161.197,3533.2224,-0.12405646588092512,0.176,-0.013015874901171287,0.58,-1,-1,-1,0,0,-3.5,防御,防御
2018-12-18,3128.427,3528.27244,-0.12134634731628724,0.172,-0.015678771846209805,0.508,-1,-1,-1,0,0,-3.5,防御,防御
2018-12-19,3091.126,3523.4331650000004,-0.12460242682827016,0.08,-0.017776554010801582,0.532,-1,-1,-1,0,0,-3.5,防御,防御
2018-12-20,3067.417,3518.6520399999995,-0.11327416078920882,0.236,-0.016292356001184838,0.532,-1,-1,-1,0,0,-3.5,防御,防御
2018-12-21,3029.395,3513.5535849999997,-0.11512428998640578,0.16,-0.013050920956637513,0.46,-1,-1,-1,0,0,-3.5,防御,防御
2018-12-24,3038.198,3508.6622700000003,-0.13465936197391903,0.016,-0.01198629360007053,0.46,-1,-1,-1,0,0,-3.5,防御,防御
2018-12-25,3017.282,3503.658195,-0.11463794805344185,0.464,-0.01384280136819982,0.46,-1,-1,0,0,0,-2.5,防御,防御
2018-12-26,3002.033,3498.3355349999997,-0.1194524943683124,0.096,-0.012519404690390368,0.412,-1,-1,-1,0,0,-3.5,防御,防御
2018-12-27,2990.506,3493.104795,-0.11095989085980607,0.404,-0.010813432142823709,0.392,-1,-1,0,0,0,-2.5,防御,防御
2018-12-28,3010.654,3487.770065,-0.09926407011887728,0.22,-0.014413052528195025,0.372,-1,-1,-1,0,0,-3.5,防御,防御
2019-01-02,2969.535,3482.073415,-0.11755528698356643,0.116,-0.014691335160816887,0.132,-1,-1,-1,0,1,-2.0,防御,防御
2019-01-03,2964.842,3476.2592950000003,-0.14290711335390083,0.284,-0.015449691215727923,0.12,-1,-1,-1,0,1,-2.0,防御,防御
2019-01-04,3035.874,3470.9824,-0.12448161738835528,0.744,-0.014410837502550122,0.32,-1,-1,1,0,0,-1.5,防御,防御
2019-01-07,3054.303,3465.8871900000004,-0.10366071611988747,0.792,-0.01639490062559379,0.244,-1,-1,1,0,1,0.0,中性,防御
2019-01-08,3047.704,3460.6448949999995,-0.12448866091209099,0.66,-0.014559989419884789,0.236,-1,-1,0,0,1,-1.0,中性,防御
2019-01-09,3078.476,3455.75516,-0.1185945503322654,0.832,-0.016930721138571192,0.256,-1,-1,1,0,1,0.0,中性,防御
2019-01-10,3072.686,3450.7473499999996,-0.11503171292416137,0.676,-0.016537919020572,0.232,-1,-1,0,0,1,-1.0,中性,防御
2019-01-11,3094.778,3445.83272,-0.1028008825941612,0.56,-0.01869855783704788,0.256,-1,-1,0,0,1,-1.0,中性,中性
2019-01-14,3067.785,3440.8663950000005,-0.10594688987308976,0.5,-0.01792126271697747,0.152,-1,-1,0,0,1,-1.0,中性,中性
2019-01-15,3127.99,3436.4046000000003,-0.0876087952693182,0.696,-0.015004514139924985,0.236,-1,-1,0,0,1,-1.0,中性,中性
2019-01-16,3128.652,3432.52318,-0.1042808628031654,0.56,-0.0184915709647393,0.232,-1,-1,0,0,1,-1.0,中性,中性
2019-01-17,3111.417,3428.6808,-0.11751627313337587,0.712,-0.01921435175888475,0.2,-1,-1,1,0,1,0.0,中性,中性
2019-01-18,3168.174,3424.9553250000004,-0.1154567125274939,0.844,-0.02167468130172201,0.268,-1,-1,1,0,1,0.0,中性,中性
2019-01-21,3185.636,3421.669925,-0.109598429404833,0.716,-0.024810393759738925,0.236,-1,-1,1,0,1,0.0,中性,中性
2019-01-22,3143.317,3417.91626,-0.11111472448466542,0.624,-0.020044760540668616,0.252,-1,-1,0,0,1,-1.0,中性,中性
2019-01-23,3141.053,3414.129035,-0.10796634241416414,0.376,-0.02152470244262672,0.256,-1,-1,0,0,1,-1.0,中性,中性
2019-01-24,3158.782,3410.48835,-0.1013624444856005,0.636,-0.021643834633432335,0.192,-1,-1,0,0,1,-1.0,中性,中性
2019-01-25,3184.47,3407.0982999999997,-0.09471844469202095,0.696,-0.028759094989750156,0.184,-1,-1,0,0,1,-1.0,中性,中性
2019-01-28,3183.778,3403.742875,-0.07646658861723721,0.544,-0.03067578232876489,0.168,-1,-1,0,-1,1,-2.0,防御,中性
2019-01-29,3193.97,3400.44808,-0.05250376895826059,0.668,-0.02748345132868646,0.16,-1,-1,0,0,1,-1.0,中性,中性
2019-01-30,3168.483,3396.65463,-0.044280067710639526,0.244,-0.03209221801769624,0.096,-1,0,-1,-1,1,-1.75,防御,中性
2019-01-31,3201.633,3392.9710800000003,-0.021886350451062353,0.648,-0.037420251790825976,0.1,-1,0,0,-1,1,-0.75,中性,中性
2019-02-01,3247.397,3389.71489,-0.03605749108751599,0.388,-0.05141973201595129,0.052,-1,0,0,-1,1,-0.75,中性,中性
2019-02-11,3306.473,3386.891535,-0.002424190860302655,0.672,-0.044836649019306396,0.084,-1,0,0,-1,1,-0.75,中性,中性
2019-02-12,3330.335,3384.4988949999997,-0.01977760314110555,0.864,-0.04167479739148061,0.08,-1,0,1,-1,1,0.25,中性,中性
2019-02-13,3397.028,3382.7408300000006,-0.0023468297827412554,0.976,-0.034247172638822376,0.136,0,0,1,-1,1,1.5,进攻,中性
2019-02-14,3402.14,3380.9201200000007,0.0034792929567029063,0.904,-0.030463644594645234,0.112,0,0,1,-1,1,1.5,进攻,中性
2019-02-15,3338.705,3378.55443,-0.010142268673319355,0.9,-0.023618135923353045,0.344,-1,0,1,0,0,-0.25,中性,中性
2019-02-18,3445.745,3376.978885,0.04671024333105711,0.984,-0.01961420055970209,0.472,0,0,1,0,0,1.0,中性,中性
2019-02-19,3439.608,3375.345295,0.04970812346950981,1.0,-0.011177516659960474,0.444,0,0,1,0,0,1.0,中性,中性
2019-02-20,3451.927,3373.3874849999997,0.06883379468792006,0.972,-0.004037083736931679,0.436,0,1,1,0,0,2.25,进攻,中性
2019-02-21,3442.706,3371.4575050000003,0.05370143086693702,1.0,0.0013337286532724146,0.416,0,1,1,0,0,2.25,进攻,中性
2019-02-22,3520.118,3370.280625,0.05815732287957043,1.0,0.011576831844458235,0.444,0,1,1,0,0,2.25,进攻,中性
2019-02-25,3729.483,3370.1436549999994,0.1274285774746029,1.0,0.03641320529239778,0.892,0,1,1,1,-1,1.75,进攻,中性
2019-02-26,3684.694,3369.7488949999997,0.10983889885199694,1.0,0.04590299892259164,0.888,0,1,1,1,-1,1.75,进攻,进攻
2019-02-27,3678.392,3369.175855,0.10617185937657392,0.992,0.06109749103832374,0.888,0,1,1,1,-1,1.75,进攻,进攻
2019-02-28,3669.37,3368.649715,0.07714378140618683,0.988,0.06287366913676928,0.892,0,1,1,1,-1,1.75,进攻,进攻
2019-03-01,3749.714,3368.2273450000002,0.10280159439039971,0.984,0.07092691827795394,0.892,0,1,1,1,-1,1.75,进攻,进攻
2019-03-04,3794.104,3367.8044800000002,0.12033695410169676,0.992,0.08990745749897666,0.888,0,1,1,1,-1,1.75,进攻,进攻
2019-03-05,3816.013,3367.52647,0.13873648426454155,0.984,0.11199914685375312,0.884,0,1,1,1,-1,1.75,进攻,进攻
2019-03-06,3848.09,3367.3016350000003,0.1540217075762993,0.996,0.13832196763175686,0.864,0,1,1,1,-1,1.75,进攻,进攻
2019-03-07,3808.85,3366.9816950000004,0.1466136837431231,1.0,0.1682271106934803,0.888,0,1,1,1,-1,1.75,进攻,进攻
2019-03-08,3657.579,3365.723125,0.08730377674947332,0.996,0.18584961498129915,0.944,0,1,1,1,-1,1.75,进攻,进攻
2019-03-11,3729.955,3364.7524099999996,0.1309264825245493,0.972,0.1965388156522121,0.948,0,1,1,1,-1,1.75,进攻,进攻
2019-03-12,3755.352,3364.06495,0.15093133951253512,0.976,0.20527606369266937,0.944,0,1,1,1,-1,1.75,进攻,进攻
2019-03-13,3724.194,3363.3656649999994,0.13624115370674805,0.968,0.2046307546535917,0.94,0,1,1,1,-1,1.75,进攻,进攻
2019-03-14,3698.486,3362.342775,0.14501799962106054,0.956,0.19754472775302956,0.948,0,1,1,1,-1,1.75,进攻,进攻
2019-03-15,3745.005,3361.46159,0.16152566890762765,0.944,0.19017786713911744,0.924,0,1,1,1,-1,1.75,进攻,进攻
2019-03-18,3851.748,3361.1892900000003,0.20291003349442938,0.956,0.19258356253794484,0.92,0,1,1,1,-1,1.75,进攻,进攻
2019-03-19,3833.963,3361.08619,0.18457741940068595,0.948,0.19106000797304135,0.92,0,1,1,1,-1,1.75,进攻,进攻
2019-03-20,3835.44,3361.127305,0.18301466029629032,0.948,0.19038857234814754,0.92,0,1,1,1,-1,1.75,进攻,进攻
2019-03-21,3836.891,3361.2292700000003,0.19718701422374707,0.956,0.1963895246424452,0.912,0,1,1,1,-1,1.75,进攻,进攻
2019-03-22,3833.801,3361.231975,0.1726198923849771,0.944,0.18877620724249122,0.892,0,1,1,1,-1,1.75,进攻,进攻
2019-03-25,3742.825,3360.926055,0.12991557388085417,0.948,0.17244136496025453,0.776,0,1,1,1,0,3.25,进攻,进攻
2019-03-26,3700.439,3360.81139,0.11791484674601493,0.932,0.158710413645615,0.768,0,1,1,1,0,3.25,进攻,进攻
2019-03-27,3743.388,3360.51645,0.09761130818305652,0.904,0.14727032492741854,0.784,0,1,1,1,0,3.25,进攻,进攻
2019-03-28,3728.395,3360.30548,0.10313941281802141,0.9,0.14628554957381024,0.784,0,1,1,1,0,3.25,进攻,进攻
2019-03-29,3872.341,3360.629295,0.13317761316804977,0.944,0.14729033958344195,0.832,0,1,1,1,-1,1.75,进攻,进攻
2019-04-01,3973.928,3361.272355,0.1675695368713621,0.968,0.14139226572606334,0.852,0,1,1,1,-1,1.75,进攻,进攻
2019-04-02,3971.285,3361.9420250000003,0.1548243388443571,0.96,0.1331264010113984,0.848,0,1,1,1,-1,1.75,进攻,进攻
2019-04-03,4022.157,3362.897745,0.22220615096361218,0.956,0.11805163951765985,0.852,0,1,1,1,-1,1.75,进攻,进攻
2019-04-04,4062.231,3364.31082,0.23521212543227699,0.968,0.0974275506167892,0.84,0,1,1,1,-1,1.75,进攻,进攻
2019-04-08,4057.229,3365.6970549999996,0.23635771352859192,0.972,0.11510473047689307,0.688,0,1,1,1,0,3.25,进攻,进攻
2019-04-09,4075.43,3366.94444,0.3045074539533448,0.912,0.10226747347187626,0.636,1,1,1,1,0,4.5,进攻,进攻
2019-04-10,4085.847,3368.43198,0.288615604123472,0.924,0.09336915334828566,0.632,1,1,1,1,0,4.5,进攻,进攻
2019-04-11,3997.578,3369.5530400000002,0.27863085695862266,0.896,0.08580970240041808,0.724,1,1,1,1,0,4.5,进攻,进攻
2019-04-12,3988.617,3370.728955,0.2862465148047033,0.864,0.08452856167235345,0.708,1,1,1,1,0,4.5,进攻,进攻
2019-04-15,3975.524,3372.5009900000005,0.2749231458967636,0.884,0.09042652573419319,0.696,1,1,1,1,0,4.5,进攻,进攻
2019-04-16,4085.789,3374.7527150000005,0.3420706006322447,0.9,0.08996367553746332,0.692,1,1,1,1,0,4.5,进攻,进攻
2019-04-17,4087.24,3377.2240899999997,0.3037672738222603,0.896,0.0880718101046023,0.688,1,1,1,1,0,4.5,进攻,进攻
2019-04-18,4072.075,3379.53994,0.24517891931346392,0.864,0.08626477190505377,0.688,1,1,1,1,0,4.5,进攻,进攻
2019-04-19,4120.608,3382.3405900000002,0.2943941527147169,0.86,0.07602977105710695,0.696,1,1,1,1,0,4.5,进攻,进攻
2019-04-22,4025.611,3384.81309,0.26265870230305355,0.888,0.08316434914766813,0.78,1,1,1,1,0,4.5,进攻,进攻
2019-04-23,4019.005,3387.611805,0.2581770449186491,0.86,0.07070061888420653,0.684,1,1,1,1,0,4.5,进攻,进攻
2019-04-24,4030.089,3390.64462,0.2698653121735801,0.824,0.07462525465935954,0.624,1,1,1,1,0,4.5,进攻,进攻
2019-04-25,3941.816,3392.798775,0.2811043882310995,0.856,0.06482851868343986,0.756,1,1,1,1,0,4.5,进攻,进攻
2019-04-26,3889.275,3395.20533,0.250465796921866,0.82,0.0620857935825625,0.768,1,1,1,1,0,4.5,进攻,进攻
2019-04-29,3900.334,3397.6606,0.23670034748303892,0.836,0.0528548971946976,0.516,1,1,1,1,0,4.5,进攻,进攻
2019-04-30,3913.211,3400.40792,0.23171832596062858,0.768,0.029613127390282656,0.372,1,1,1,0,0,3.5,进攻,进攻
2019-05-06,3684.617,3402.118815,0.11986064263887863,0.856,0.012477558514128795,0.836,1,1,1,0,-1,2.0,进攻,进攻
2019-05-07,3720.668,3403.89654,0.14031754593781187,0.8,0.002308107126875125,0.832,1,1,1,0,-1,2.0,进攻,进攻
2019-05-08,3667.457,3404.9379050000002,0.13083175307956774,0.772,0.0018529717533317669,0.824,1,1,1,0,-1,2.0,进攻,进攻
2019-05-09,3599.7,3405.598825,0.11725653416762105,0.732,-0.01615943403391007,0.832,1,1,1,0,-1,2.0,进攻,进攻
2019-05-10,3730.451,3407.21343,0.1611308482949625,0.812,-0.02238119411795325,0.92,1,1,1,0,-1,2.0,进攻,进攻
2019-05-13,3668.726,3408.1517799999997,0.15826073010288422,0.744,-0.028016562290736124,0.924,1,1,1,0,-1,2.0,进攻,进攻
2019-05-14,3645.15,3408.91408,0.13728225996921828,0.736,-0.027852217701685777,0.896,1,1,1,0,-1,2.0,进攻,进攻
2019-05-15,3727.092,3410.1891100000003,0.15126728943325185,0.76,-0.025059701952790392,0.944,1,1,1,0,-1,2.0,进攻,进攻
2019-05-16,3743.964,3411.662045,0.16818427035987837,0.788,-0.027857750505855705,0.948,1,1,1,0,-1,2.0,进攻,进攻
2019-05-17,3648.761,3412.7492349999998,0.12533694468123957,0.8,-0.04043956092857992,0.904,1,1,1,-1,-1,1.0,中性,进攻
2019-05-20,3617.792,3413.69648,0.11054451734581172,0.724,-0.045180200859484376,0.9,1,1,1,-1,-1,1.0,中性,进攻
2019-05-21,3666.776,3414.56589,0.11296444518504956,0.724,-0.046138818446844865,0.916,1,1,1,-1,-1,1.0,中性,进攻
2019-05-22,3649.38,3415.1840399999996,0.13390844168918314,0.696,-0.04872884161238178,0.908,1,1,0,-1,-1,0.0,中性,进攻
2019-05-23,3583.965,3415.1953349999994,0.11079308425373435,0.692,-0.057670118399709924,0.88,1,1,0,-1,-1,0.0,中性,中性
2019-05-24,3593.914,3415.2761450000003,0.11805743294216975,0.604,-0.06007974849455677,0.888,1,1,0,-1,-1,0.0,中性,中性
2019-05-27,3637.197,3415.7808999999997,0.15706248657934307,0.68,-0.0597868915809433,0.912,1,1,0,-1,-1,0.0,中性,中性
2019-05-28,3672.261,3416.53607,0.16904709377784521,0.74,-0.05654682676933609,0.904,1,1,1,-1,-1,1.0,中性,中性
2019-05-29,3663.909,3417.28022,0.16787616890127355,0.688,-0.052755733258031734,0.88,1,1,0,-1,-1,0.0,中性,中性
2019-05-30,3641.183,3417.89785,0.14541042544778393,0.7,-0.047203956794858226,0.868,1,1,0,-1,-1,0.0,中性,中性
2019-05-31,3629.789,3418.809855,0.15684807821385038,0.66,-0.03880596556621396,0.852,1,1,0,-1,-1,0.0,中性,中性
2019-06-03,3632.013,3420.1151299999997,0.14477399304690963,0.732,-0.033305003052710336,0.58,1,1,1,-1,0,2.5,进攻,中性
2019-06-04,3598.467,3421.5310449999997,0.1035026602677136,0.636,-0.03331996623846012,0.572,1,1,0,-1,0,1.5,进攻,中性
2019-06-05,3597.105,3423.1502050000004,0.10080300883493343,0.624,-0.03658530704218921,0.5,1,1,0,-1,0,1.5,进攻,中性
2019-06-06,3564.678,3424.129245,0.09614809821882142,0.608,-0.0417097483098815,0.46,1,1,0,-1,0,1.5,进攻,中性
2019-06-10,3610.744,3425.610425,0.1348570390483248,0.56,-0.04169046930191711,0.212,1,1,0,-1,1,3.0,进攻,进攻
2019-06-11,3719.276,3427.2191550000002,0.1690083339488584,0.796,-0.03807285600682486,0.372,1,1,1,-1,0,2.5,进攻,进攻
2019-06-12,3691.096,3428.6495400000003,0.1737278771087043,0.764,-0.03504946512229257,0.376,1,1,1,-1,0,2.5,进攻,进攻
2019-06-13,3685.393,3430.1247849999995,0.16633152056955214,0.716,-0.03370026023859629,0.244,1,1,1,-1,1,4.0,进攻,进攻
2019-06-14,3654.88,3431.5346149999996,0.15273753401948964,0.716,-0.03823994892028082,0.252,1,1,1,-1,1,4.0,进攻,进攻
2019-06-17,3654.825,3433.34886,0.13514739919222074,0.464,-0.033281641403770434,0.14,1,1,0,-1,1,3.0,进攻,进攻
2019-06-18,3667.619,3435.3033149999997,0.15847192166804436,0.416,-0.03474206380606781,0.136,1,1,0,-1,1,3.0,进攻,进攻
2019-06-19,3715.938,3437.7349049999993,0.1754844762917338,0.748,-0.03671740454238814,0.132,1,1,1,-1,1,4.0,进攻,进攻
2019-06-20,3828.518,3440.541245,0.22378370983244933,0.824,-0.030073956635084387,0.284,1,1,1,-1,1,4.0,进攻,进攻
2019-06-21,3833.938,3443.0776899999996,0.24030466567846154,0.808,-0.028042047998911523,0.172,1,1,1,0,1,5.0,进攻,进攻
2019-06-24,3841.266,3445.7442450000003,0.25228033879971323,0.684,-0.01941227995375816,0.18,1,1,0,0,1,4.0,进攻,进攻
2019-06-25,3801.31,3448.1506649999997,0.25480830330808635,0.76,-0.020588454797976885,0.184,1,1,1,0,1,5.0,进攻,进攻
2019-06-26,3794.331,3450.495645,0.24887548474457577,0.564,-0.01911508007118412,0.18,1,1,0,0,1,4.0,进攻,进攻
2019-06-27,3834.817,3452.63686,0.2709508093708177,0.62,-0.020014748424817874,0.184,1,1,0,0,1,4.0,进攻,进攻
2019-06-28,3825.587,3454.76394,0.27433209428410676,0.584,-0.02200318795224543,0.18,1,1,0,0,1,4.0,进攻,进攻
2019-07-01,3935.812,3457.5101299999997,0.31610235859750824,0.776,-0.013188502992177886,0.34,1,1,1,0,0,3.5,进攻,进攻
2019-07-02,3937.169,3460.440505,0.30774542674116656,0.696,-0.008601713743672024,0.34,1,1,0,0,0,2.5,进攻,进攻
2019-07-03,3893.534,3463.2356549999995,0.31115949130082665,0.688,-0.0024581523389903825,0.348,1,1,0,0,0,2.5,进攻,进攻
2019-07-04,3873.102,3465.99204,0.3063434746269784,0.604,0.0008039555846786062,0.364,1,1,0,0,0,2.5,进攻,进攻
2019-07-05,3893.203,3468.6385649999997,0.2823994012926756,0.444,0.00566482353946518,0.312,1,1,0,0,0,2.5,进攻,进攻
2019-07-08,3802.79,3471.1618100000005,0.24505983852944513,0.676,0.006362853297439575,0.448,1,1,0,0,0,2.5,进攻,进攻
2019-07-09,3793.13,3473.8130549999996,0.2445860884127855,0.332,0.004882637754177965,0.284,1,1,0,0,1,4.0,进攻,进攻
2019-07-10,3786.739,3476.35853,0.23006935899451553,0.292,0.002576854797590844,0.272,1,1,-1,0,1,3.0,进攻,进攻
2019-07-11,3785.221,3479.1342950000003,0.23189320353592913,0.324,-0.0014065666727081094,0.272,1,1,0,0,1,4.0,进攻,进攻
2019-07-12,3808.731,3482.0568900000003,0.23069603053918586,0.3,-0.00013372574036074614,0.236,1,1,0,0,1,4.0,进攻,进攻
2019-07-15,3824.188,3485.167705,0.24656323699346605,0.504,0.003530009713089699,0.236,1,1,0,0,1,4.0,进攻,进攻
2019-07-16,3806.845,3488.0190999999995,0.21702594957145016,0.26,0.005019824260882766,0.264,1,1,-1,0,1,3.0,进攻,进攻
2019-07-17,3804.638,3490.8318400000003,0.21606302011217604,0.388,0.006584353695014977,0.228,1,1,0,0,1,4.0,进攻,进攻
2019-07-18,3768.402,3493.64924,0.21115298913646097,0.388,0.0007633002511189257,0.056,1,1,0,0,1,4.0,进攻,进攻
2019-07-19,3807.955,3496.3418549999997,0.20193998183180595,0.368,-0.0012704719031682021,0.104,1,1,0,0,1,4.0,进攻,进攻
2019-07-22,3781.683,3498.6878599999995,0.18710455306255946,0.56,-0.00842067518873102,0.112,1,1,0,0,1,4.0,进攻,进攻
2019-07-23,3789.914,3501.0868000000005,0.20570531066386244,0.236,-0.013463366323076653,0.068,1,1,-1,0,1,3.0,进攻,进攻
2019-07-24,3819.833,3503.1335350000004,0.21609950548430734,0.424,-0.012707143182647318,0.108,1,1,0,0,1,4.0,进攻,进攻
2019-07-25,3851.067,3505.48985,0.21916200611501524,0.312,-0.012783264782872839,0.084,1,1,0,0,1,4.0,进攻,进攻
2019-07-26,3858.569,3507.69649,0.21168326283494587,0.28,-0.010361805128392021,0.084,1,1,-1,0,1,3.0,进攻,进攻
2019-07-29,3854.27,3509.94989,0.21059634183036646,0.22,-0.012793042646757513,0.004,1,1,-1,0,1,3.0,进攻,进攻
2019-07-30,3870.318,3512.1071549999997,0.21175778106870147,0.344,-0.014813473710205582,0.008,1,1,0,0,1,4.0,进攻,进攻
2019-07-31,3835.359,3514.8294550000005,0.2104716989171158,0.288,-0.0176985912598282,0.004,1,1,-1,0,1,3.0,进攻,进攻
2019-08-01,3803.469,3517.403345,0.18797782256742113,0.3,-0.01802641480243372,0.012,1,1,0,0,1,4.0,进攻,进攻
2019-08-02,3747.438,3519.7325450000003,0.15398209704572619,0.58,-0.01970177105811577,0.02,1,1,0,0,1,4.0,进攻,进攻
2019-08-05,3675.688,3522.4904149999998,0.1116643021128556,0.504,-0.018554517742803922,0.008,1,1,0,0,1,4.0,进攻,进攻
2019-08-06,3636.329,3524.81843,0.09188084682171627,0.732,-0.02240277991580475,0.024,1,1,1,0,1,5.0,进攻,进攻
2019-08-07,3621.431,3527.293325,0.06605862536311169,0.44,-0.02582864879703628,0.028,1,1,0,0,1,4.0,进攻,进攻
2019-08-08,3669.294,3530.134925,0.07852528114657242,0.372,-0.02424283991760201,0.036,1,1,0,0,1,4.0,进攻,进攻
2019-08-09,3633.53,3532.7113449999997,0.0883051961763619,0.34,-0.025769968792536457,0.036,1,1,0,0,1,4.0,进攻,进攻
2019-08-12,3699.105,3535.9849099999997,0.07352836614433178,0.232,-0.027910280254473063,0.08,1,1,-1,0,1,3.0,进攻,进攻
2019-08-13,3665.752,3538.63894,0.06574702698679613,0.228,-0.02665359614817342,0.088,1,1,-1,0,1,3.0,进攻,进攻
2019-08-14,3682.402,3540.6995850000003,0.06676705503911284,0.308,-0.026842747545191892,0.092,1,1,0,0,1,4.0,进攻,进攻
2019-08-15,3694.001,3543.2524600000006,0.07299345340554786,0.404,-0.026751702407667444,0.088,1,1,0,0,1,4.0,进攻,进攻
2019-08-16,3710.539,3545.864145,0.054095061586003634,0.352,-0.024220603077922398,0.068,1,1,0,0,1,4.0,进攻,进攻
2019-08-19,3791.095,3548.84808,0.016520252270891156,0.696,-0.013863518884887571,0.204,1,0,0,0,1,2.75,进攻,进攻
2019-08-20,3787.732,3551.918565,0.027963787494972525,0.576,-0.010753710016270235,0.204,1,0,0,0,1,2.75,进攻,进攻
2019-08-21,3781.758,3555.4429099999998,0.028100865813105225,0.448,-0.009587525161474098,0.196,1,0,0,0,1,2.75,进攻,进攻
2019-08-22,3793.506,3558.859135,0.033830330547205634,0.344,-0.008263434086948962,0.188,1,0,0,0,1,2.75,进攻,进攻
2019-08-23,3820.864,3562.19434,0.018974780476590958,0.448,-0.008889378804149528,0.2,1,0,0,0,1,2.75,进攻,进攻
2019-08-26,3765.911,3565.138725,-0.007430739905917139,0.512,-0.008423723220860935,0.236,1,0,0,0,1,2.75,进攻,进攻
2019-08-27,3816.946,3567.772225,0.0002444960224192716,0.652,-0.009067391337440056,0.264,1,0,0,0,1,2.75,进攻,进攻
2019-08-28,3802.584,3570.4709700000003,-0.011825606989441573,0.556,-0.006735949151933651,0.264,1,0,0,0,1,2.75,进攻,进攻
2019-08-29,3790.187,3573.2061550000003,-0.0048999041705501956,0.532,-0.003503355722122903,0.248,1,0,0,0,1,2.75,进攻,进攻
2019-08-30,3799.586,3576.094535,0.03882540882917351,0.588,-0.0007150902393250336,0.208,1,0,0,0,1,2.75,进攻,进攻
2019-09-02,3848.32,3579.272265,0.03173362681319225,0.636,0.0021726871842200346,0.096,1,0,0,0,1,2.75,进攻,进攻
2019-09-03,3853.611,3582.7031,0.02616505723032092,0.56,0.007219318113445672,0.064,1,0,0,0,1,2.75,进攻,进攻
2019-09-04,3886.001,3586.1074000000003,0.043447521799347744,0.72,0.012433088782640933,0.06,1,0,1,0,1,3.75,进攻,进攻
2019-09-05,3925.323,3589.5471049999996,0.06133239384980782,0.84,0.016079162239912792,0.056,1,1,1,0,1,5.0,进攻,进攻
2019-09-06,3948.508,3593.2649300000003,0.05433984734332786,0.7,0.018964775884893204,0.036,1,1,0,0,1,4.0,进攻,进攻
2019-09-09,3972.948,3596.9178100000004,0.03146623299343565,0.748,0.026834088419917634,0.024,1,0,1,0,1,3.75,进攻,进攻
2019-09-10,3959.265,3600.4257650000004,0.032682109869083265,0.736,0.028975820099823135,0.004,1,0,1,0,1,3.75,进攻,进攻
2019-09-11,3930.1,3603.60325,0.024680349581795102,0.708,0.03014045660607967,0.036,1,0,1,1,1,4.75,进攻,进攻
2019-09-12,3972.38,3607.37311,0.035312183744599546,0.58,0.0276445266601153,0.044,1,0,0,0,1,2.75,进攻,进攻
2019-09-16,3957.715,3611.0292249999998,0.032321448087681226,0.688,0.0340742041635973,0.052,1,0,0,1,1,3.75,进攻,进攻
2019-09-17,3891.221,3614.4131949999996,0.03964812674918017,0.696,0.02846626980013145,0.052,1,0,0,0,1,2.75,进攻,进攻
2019-09-18,3910.084,3618.24624,0.056654088879724895,0.444,0.028383550940419333,0.056,1,1,0,0,1,4.0,进攻,进攻
2019-09-19,3924.382,3622.161935,0.04835031794727129,0.408,0.029348797643077296,0.052,1,0,0,0,1,2.75,进攻,进攻
2019-09-20,3935.651,3626.153985,0.055588530721664364,0.5,0.02592287150127026,0.052,1,1,0,0,1,4.0,进攻,进攻
2019-09-23,3890.662,3629.71263,0.004731246550859103,0.44,0.029670437365496793,0.076,1,0,0,0,1,2.75,进攻,进攻
2019-09-24,3901.076,3633.52974,-0.018332491177494914,0.408,0.02539708089117587,0.028,1,0,0,0,1,2.75,进攻,进攻
2019-09-25,3870.984,3637.0212100000003,-0.025256560533932992,0.44,0.02233447524537313,0.008,1,0,0,0,1,2.75,进攻,进攻
2019-09-26,3841.139,3639.9221549999997,-0.04500520491865434,0.52,0.01633673528619428,0.032,1,0,0,0,1,2.75,进攻,进攻
2019-09-27,3852.653,3642.84687,-0.05159184694321928,0.136,0.008833878863988787,0.028,1,-1,-1,0,1,0.5,中性,进攻
2019-09-30,3814.528,3645.65949,-0.0598193989050162,0.052,0.0004632375926261201,0.06,1,-1,-1,0,1,0.5,中性,进攻
2019-10-08,3837.679,3648.93952,-0.05833764780648909,0.104,0.001691176401899197,0.024,1,-1,-1,0,1,0.5,中性,进攻
2019-10-09,3843.239,3652.24789,-0.05937765168397158,0.116,0.0030891940195214573,0.028,1,-1,-1,0,1,0.5,中性,进攻
2019-10-10,3874.639,3655.89727,-0.030753371166241106,0.144,0.0026481423923825353,0.016,1,0,-1,0,1,1.75,进攻,进攻
2019-10-11,3911.725,3659.6568150000003,-0.019277859970009747,0.376,-0.0018560177868185423,0.016,1,0,0,0,1,2.75,进攻,进攻
2019-10-14,3953.241,3663.569975,-0.005605047284332754,0.624,0.00526484197453847,0.06,1,0,0,0,1,2.75,进攻,进攻
2019-10-15,3936.25,3667.1527650000003,-0.03659978525567531,0.316,-0.0039462251203914445,0.056,1,0,0,0,1,2.75,进攻,进攻
2019-10-16,3922.685,3670.9366349999996,-0.04026066489856228,0.268,-0.006350686425888985,0.06,1,0,-1,0,1,1.75,进攻,进攻
2019-10-17,3925.222,3674.75676,-0.03606343203403661,0.08,-0.009239315768755807,0.02,1,0,-1,0,1,1.75,进攻,进攻
2019-10-18,3869.378,3678.461515,-0.060969157949506525,0.272,-0.008382843657279038,0.068,1,-1,-1,0,1,0.5,中性,进攻
2019-10-21,3880.84,3682.410085,-0.03596249115972694,0.128,-0.013313717319424656,0.076,1,0,-1,0,1,1.75,进攻,进攻
2019-10-22,3895.881,3686.5524050000004,-0.030635443349784408,0.052,-0.01375886072694199,0.004,1,0,-1,0,1,1.75,进攻,进攻
2019-10-23,3871.085,3690.7608550000004,-0.03945421552725015,0.084,-0.013930919045149648,0.008,1,0,-1,0,1,1.75,进攻,进攻
2019-10-24,3870.668,3694.9232049999996,-0.01804954873591247,0.096,-0.014123842304619494,0.004,1,0,-1,0,1,1.75,进攻,进攻
2019-10-25,3896.792,3699.320755,0.001932750962583052,0.16,-0.012174857058739219,0.016,1,0,-1,0,1,1.75,进攻,进攻
2019-10-28,3926.585,3703.943515,0.006730449238449898,0.452,-0.009937171024763325,0.004,1,0,0,0,1,2.75,进攻,进攻
2019-10-29,3910.226,3708.5421149999997,-0.0007628006769887508,0.4,-0.009787466744770046,0.008,1,0,0,0,1,2.75,进攻,进攻
2019-10-30,3891.226,3712.944975,0.05607339921625498,0.336,-0.0069542439831500324,0.004,1,1,0,0,1,4.0,进攻,进攻
2019-10-31,3886.752,3717.5310600000003,0.044638220878616464,0.376,-0.00519864841324047,0.004,1,0,0,0,1,2.75,进攻,进攻
2019-11-01,3952.387,3722.468785,0.07769143578234194,0.364,-0.0016032410563768806,0.036,1,1,0,0,1,4.0,进攻,进攻
2019-11-04,3978.122,3727.180025,0.10512598272078222,0.42,0.007849435870160848,0.032,1,1,0,0,1,4.0,进攻,进攻
2019-11-05,4002.813,3731.922575,0.0730104751409415,0.48,0.005276352598361456,0.036,1,1,0,0,1,4.0,进攻,进攻
2019-11-06,3984.882,3736.6084650000003,0.08617596408126427,0.396,0.0037058597315524633,0.044,1,1,0,0,1,4.0,进攻,进攻
2019-11-07,3991.875,3741.1754600000004,0.09511954240566234,0.152,0.0032754937714405408,0.036,1,1,-1,0,1,3.0,进攻,进攻
2019-11-08,3973.011,3745.6770850000003,0.06598146758920898,0.26,0.004069541601534388,0.02,1,1,-1,0,1,3.0,进攻,进攻
2019-11-11,3902.978,3749.718085,0.04247209641973049,0.336,-0.004428983190692959,0.076,1,0,0,0,1,2.75,进攻,进攻
2019-11-12,3903.689,3753.8976049999997,0.06986700416936054,0.1,-0.004262463451013443,0.064,1,1,-1,0,1,3.0,进攻,进攻
2019-11-13,3899.982,3757.7575649999994,0.07800061473959818,0.104,-0.0032044896630095687,0.064,1,1,-1,0,1,3.0,进攻,进攻
2019-11-14,3905.857,3761.64359,0.06520196488686514,0.096,-0.0006288595378591832,0.068,1,1,-1,0,1,3.0,进攻,进攻
2019-11-15,3877.089,3765.4719499999997,0.062396626276244094,0.16,-0.000526475867863252,0.036,1,1,-1,0,1,3.0,进攻,进攻
2019-11-18,3907.929,3769.1707249999995,0.0903926238118955,0.084,-0.0003443668820561907,0.06,1,1,-1,0,1,3.0,进攻,进攻
2019-11-19,3947.039,3772.9777400000003,0.09825638565641803,0.16,0.0004910502916295467,0.068,1,1,-1,0,1,3.0,进攻,进攻
2019-11-20,3907.864,3776.800475,0.07441637062826123,0.18,0.0008277227139994459,0.128,1,1,-1,0,1,3.0,进攻,进攻
2019-11-21,3889.598,3780.5432,0.05918342950024513,0.072,0.0008051020245152252,0.148,1,1,-1,0,1,3.0,进攻,进攻
2019-11-22,3849.995,3783.999265,0.05078892516162381,0.372,-0.0014595921694331437,0.192,1,1,0,0,1,4.0,进攻,进攻
2019-11-25,3878.206,3787.4679450000003,0.06509505289901663,0.496,-0.0043238241283601875,0.192,1,1,0,0,1,4.0,进攻,进攻
2019-11-26,3891.653,3791.00732,0.07214303641341124,0.48,-0.006861829817518039,0.196,1,1,0,0,1,4.0,进攻,进攻
2019-11-27,3875.619,3794.4155650000002,0.06707189649376266,0.152,-0.005344165121403677,0.192,1,1,-1,0,1,3.0,进攻,进攻
2019-11-28,3862.303,3797.8846649999996,0.07331899945171094,0.06,-0.0045714208562464,0.204,1,1,-1,0,1,3.0,进攻,进攻
2019-11-29,3828.671,3801.019855,0.06437565764691322,0.076,-0.0038440278519707993,0.052,1,1,-1,0,1,3.0,进攻,进攻
2019-12-02,3836.059,3803.963165,0.07613057897515585,0.112,-0.004100596163319925,0.016,1,1,-1,0,1,3.0,进攻,进攻
2019-12-03,3851.087,3806.6862349999997,0.0665632900033899,0.088,-0.004059489327801202,0.012,1,1,-1,0,1,3.0,进攻,进攻
2019-12-04,3849.819,3809.283655,0.03509903540366466,0.108,-0.0028037616103006036,0.008,1,0,-1,0,1,1.75,进攻,进攻
2019-12-05,3879.364,3811.6953349999994,0.05100598846521476,0.236,-0.0022783842679787725,0.044,1,1,-1,0,1,3.0,进攻,进攻
2019-12-06,3902.385,3814.1965599999994,0.05887893095797381,0.172,-0.000653564403410023,0.076,1,1,-1,0,1,3.0,进攻,进攻
2019-12-09,3895.447,3816.98027,0.06582076566125283,0.42,0.003885213317676328,0.004,1,1,0,0,1,4.0,进攻,进攻
2019-12-10,3900.384,3819.253465,0.06718762184235905,0.5,0.0054759078577466536,0.008,1,1,0,0,1,4.0,进攻,进攻
2019-12-11,3902.749,3821.56917,0.06410971259555587,0.444,0.005126718847662914,0.008,1,1,0,0,1,4.0,进攻,进攻
2019-12-12,3891.024,3823.764655,0.047117578388014,0.324,0.003752742162998146,0.016,1,0,0,0,1,2.75,进攻,进攻
2019-12-13,3968.221,3826.39223,0.036490098779736746,0.668,0.006132260802977907,0.104,1,0,0,0,1,2.75,进攻,进攻
2019-12-16,3987.546,3828.7293699999996,0.040065332303234946,0.664,0.01247333568161535,0.092,1,0,0,0,1,2.75,进攻,进攻
2019-12-17,4041.8,3830.2909550000004,0.05220518443658939,0.828,0.01620579153463475,0.112,1,1,1,0,1,5.0,进攻,进攻
2019-12-18,4032.783,3832.0314000000003,0.060892955323296416,0.756,0.021041481314286292,0.06,1,1,1,0,1,5.0,进攻,进攻
2019-12-19,4027.15,3833.7751900000003,0.0613596968740997,0.636,0.022581795858327647,0.04,1,1,0,0,1,4.0,进攻,进攻
2019-12-20,4017.253,3835.5146050000003,0.04757358695343217,0.68,0.02299611932492507,0.02,1,0,0,0,1,2.75,进攻,进攻
2019-12-23,3967.096,3836.6015150000003,0.03699014033663328,0.612,0.02395783369239668,0.08,1,0,0,0,1,2.75,进攻,进攻
2019-12-24,3992.958,3837.595785,0.014519494325440307,0.408,0.024678600428169162,0.104,1,0,0,0,1,2.75,进攻,进攻
2019-12-25,3990.867,3838.4700550000002,0.013638733821179638,0.484,0.024882801332374527,0.072,1,0,0,0,1,2.75,进攻,进攻
2019-12-26,4025.988,3839.359545,0.03401896580330366,0.52,0.02855857305257059,0.108,1,0,0,0,1,2.75,进攻,进攻
2019-12-27,4022.028,3840.4254349999997,0.03845134984826104,0.76,0.0268625272027061,0.028,1,0,1,0,1,3.75,进攻,进攻
2019-12-30,4081.633,3842.5457049999995,0.04839973666926678,0.76,0.03351387038255127,0.136,1,0,1,1,1,4.75,进攻,进攻
2019-12-31,4096.582,3844.3788400000003,0.07725696133628213,0.684,0.03180919809972371,0.136,1,1,0,1,1,5.0,进攻,进攻
2020-01-02,4152.241,3846.363285,0.09467405546343,0.824,0.03488172846481885,0.164,1,1,1,1,1,6.0,进攻,进攻
2020-01-03,4144.965,3848.46714,0.0946001295573844,0.776,0.03639878517462747,0.18,1,1,1,1,1,6.0,进攻,进攻
2020-01-06,4129.295,3850.621185,0.09089931605050272,0.84,0.04579216113427331,0.228,1,1,1,1,1,6.0,进攻,进攻
2020-01-07,4160.227,3852.697295,0.09228690605873702,0.78,0.04584446814211329,0.228,1,1,1,1,1,6.0,进攻,进攻
2020-01-08,4112.317,3854.0001399999996,0.07534383769835573,0.824,0.048529970403146994,0.352,1,1,1,1,0,4.5,进攻,进攻
2020-01-09,4164.37,3855.6521749999997,0.09391635330569015,0.716,0.04954244875605984,0.36,1,1,1,1,0,4.5,进攻,进攻
2020-01-10,4163.185,3857.2909000000004,0.09423945195311623,0.6,0.04768607500180999,0.36,1,1,0,1,0,3.5,进攻,进攻
2020-01-13,4203.988,3859.126385,0.11558904808988002,0.604,0.05251402453008991,0.26,1,1,0,1,1,5.0,进攻,进攻
2020-01-14,4189.886,3860.90681,0.10029819154900732,0.684,0.048618885612288,0.288,1,1,0,1,1,5.0,进攻,进攻
2020-01-15,4166.734,3863.0263550000004,0.10182000976813765,0.556,0.04426434638216614,0.208,1,1,0,1,1,5.0,进攻,进攻
2020-01-16,4149.043,3865.269375,0.09475914229188298,0.56,0.039844027737286236,0.24,1,1,0,1,1,5.0,进攻,进攻
2020-01-17,4154.853,3867.3266999999996,0.0877054049221524,0.496,0.03448161610588141,0.236,1,1,0,1,1,5.0,进攻,进攻
2020-01-20,4185.83,3869.613875,0.08692733728081081,0.592,0.0383175103834823,0.252,1,1,0,1,1,5.0,进攻,进攻
2020-01-21,4114.309,3870.823715,0.06627845711713332,0.7,0.03650565652200233,0.368,1,1,0,1,0,3.5,进攻,进攻
2020-01-22,4131.931,3871.61373,0.07203984152641096,0.668,0.03955604775059762,0.352,1,1,0,1,0,3.5,进攻,进攻
2020-01-23,4003.901,3871.77681,0.034514734964930405,0.768,0.024068946974596717,0.584,1,0,1,0,0,2.25,进攻,进攻
2020-02-03,3688.358,3870.107815,-0.03832783319631872,0.632,0.010755594638893529,0.988,0,0,0,0,-1,-1.5,防御,进攻
2020-02-04,3785.638,3868.7248500000005,-0.004688088689562164,0.904,0.008721324127460184,1.0,0,0,1,0,-1,-0.5,中性,进攻
2020-02-05,3828.527,3867.58134,0.021638516767989113,0.832,0.0005629145619074905,0.996,0,0,1,0,-1,-0.5,中性,进攻
2020-02-06,3899.775,3866.7030649999997,0.06096464117737965,0.84,0.005307653809538682,1.0,1,1,1,0,-1,2.0,进攻,进攻
2020-02-07,3899.869,3865.7731750000003,0.0724741903166628,0.824,0.000933628847782364,0.996,1,1,1,0,-1,2.0,进攻,进攻
2020-02-10,3916.005,3865.36531,0.0813418783900619,0.804,0.002105373981525993,0.996,1,1,1,0,-1,2.0,进攻,进攻
2020-02-11,3952.464,3865.1845450000005,0.07717288393898114,0.744,-0.009335803550101773,0.996,1,1,1,0,-1,2.0,进攻,进攻
2020-02-12,3984.433,3865.22909,0.09657357996218541,0.716,-0.007187030859571841,0.996,1,1,1,0,-1,2.0,进攻,进攻
2020-02-13,3959.919,3864.5997399999997,0.07050732542060856,0.748,-0.009586442642573578,0.988,1,1,1,0,-1,2.0,进攻,进攻
2020-02-14,3987.734,3864.10221,0.08783518361307574,0.712,-0.012200431048758786,0.976,1,1,1,0,-1,2.0,进攻,进攻
2020-02-17,4077.424,3864.1289550000006,0.1072729158847947,0.832,-0.003175499394945658,1.0,1,1,1,0,-1,2.0,进攻,进攻
2020-02-18,4057.511,3863.81347,0.09840549582958968,0.824,0.001013213839316851,0.996,1,1,1,0,-1,2.0,进攻,进攻
2020-02-19,4051.311,3863.94197,0.0918389484654385,0.832,-0.0015181129092028955,0.992,1,1,1,0,-1,2.0,进攻,进攻
2020-02-20,4144.656,3864.5702249999995,0.09326091801972791,0.86,0.0031970930400413433,1.0,1,1,1,0,-1,2.0,进攻,进攻
2020-02-21,4149.49,3865.16723,0.09550781311877388,0.908,0.005918429391462254,0.996,0,1,1,0,-1,0.75,中性,进攻
2020-02-24,4132.839,3866.1223449999998,0.09283539560172804,0.912,0.01898196186430967,0.996,0,1,1,0,-1,0.75,中性,进攻
2020-02-25,4123.854,3867.2952400000004,0.0870825036259335,0.948,0.023967992023736562,0.988,0,1,1,0,-1,0.75,中性,进攻
2020-02-26,4073.015,3868.1586450000004,0.0659931889750589,0.96,0.025711594115038316,0.984,0,1,1,0,-1,0.75,中性,进攻
2020-02-27,4084.876,3869.0169699999997,0.08469796551219622,0.856,0.02356979707757234,0.98,0,1,1,0,-1,0.75,中性,中性
2020-02-28,3940.049,3870.29413,0.03225170070522343,0.924,0.024342867909981303,1.0,0,0,1,0,-1,-0.5,中性,中性
2020-03-02,4069.666,3872.03912,0.0702369756986303,0.896,0.04078008508624631,0.708,1,1,1,1,0,4.5,进攻,中性
2020-03-03,4091.362,3874.1586450000004,0.07946177853493785,0.924,0.049568029150104165,0.648,1,1,1,1,0,4.5,进攻,中性
2020-03-04,4115.052,3876.735405,0.08302641393035981,0.856,0.053628803939688385,0.644,1,1,1,1,0,4.5,进攻,中性
2020-03-05,4206.725,3879.116775,0.09313284758024287,0.948,0.05801574350604666,0.66,1,1,1,1,0,4.5,进攻,中性
2020-03-06,4138.507,3881.4656800000002,0.0739296208153859,0.876,0.050788930640329744,0.708,1,1,1,1,0,4.5,进攻,进攻
2020-03-09,3997.133,3883.2255950000003,0.028598036902203416,0.936,0.04838764446051069,0.768,1,0,1,1,0,3.25,进攻,进攻
2020-03-10,4082.732,3885.0037949999996,0.040100903798235166,0.916,0.051441870041611715,0.796,1,0,1,1,0,3.25,进攻,进攻
2020-03-11,4028.429,3886.42612,0.02024080994644062,0.84,0.046132740239394066,0.808,1,0,1,1,-1,1.75,进攻,进攻
2020-03-12,3950.911,3887.9368699999995,-0.005546762756522328,0.772,0.042091820729307505,0.812,1,0,1,1,-1,1.75,进攻,进攻
2020-03-13,3895.313,3889.324475,-0.016152492950080366,0.896,0.03722014215877478,0.812,1,0,1,1,-1,1.75,进攻,进攻
2020-03-16,3727.84,3889.6297950000003,-0.051464339329788,0.844,0.01761331514703457,0.884,0,-1,1,0,-1,-1.75,防御,进攻
2020-03-17,3709.682,3889.931305,-0.06613113549056238,0.772,0.00993413092705353,0.88,0,-1,1,0,-1,-1.75,防御,进攻
2020-03-18,3636.257,3890.1927650000002,-0.08122313001315151,0.744,0.0024062571666618737,0.892,0,-1,1,0,-1,-1.75,防御,进攻
2020-03-19,3589.093,3890.16866,-0.07764349544782989,0.772,-0.0016882192083470526,0.808,0,-1,1,0,-1,-1.75,防御,进攻
2020-03-20,3653.224,3890.248795,-0.06569168335002518,0.684,-0.011234337051337029,0.88,0,-1,0,0,-1,-2.75,防御,防御
2020-03-23,3530.306,3889.53902,-0.1004173395964002,0.676,-0.02850988897583462,0.924,0,-1,0,0,-1,-2.75,防御,防御
2020-03-24,3625.115,3889.34505,-0.07890333771973179,0.696,-0.036575016919654924,0.968,0,-1,0,-1,-1,-3.75,防御,防御
2020-03-25,3722.518,3889.751725,-0.043217323941272645,0.72,-0.037013706070740615,1.0,0,0,1,-1,-1,-1.5,防御,防御
2020-03-26,3698.047,3890.093015,-0.052044359043504906,0.632,-0.037530388127710035,0.996,0,-1,0,-1,-1,-3.75,防御,防御
2020-03-27,3710.061,3890.4832549999996,-0.04157160039927832,0.648,-0.028738640973159035,0.948,0,0,0,0,-1,-1.5,防御,防御
2020-03-30,3674.111,3890.861475,-0.04348397701827511,0.64,-0.03566698892719988,0.9,0,0,0,-1,-1,-2.5,防御,防御
2020-03-31,3686.155,3891.306725,-0.04321645370086524,0.584,-0.04253056063967975,0.896,0,0,0,-1,-1,-2.5,防御,防御
2020-04-01,3675.076,3891.8587150000003,-0.03655812724405216,0.58,-0.05077425887589526,0.884,0,0,0,-1,-1,-2.5,防御,防御
2020-04-02,3734.531,3892.4776500000003,-0.026877703945535902,0.588,-0.06071427769072757,0.856,0,0,0,-1,-1,-2.5,防御,防御
2020-04-03,3713.218,3892.4473599999997,-0.03383109923686767,0.468,-0.060660219578797414,0.832,0,0,0,-1,-1,-2.5,防御,防御
2020-04-07,3798.021,3892.981985,-0.01977422928948991,0.744,-0.05950104599605577,0.8,0,0,1,-1,0,0.0,中性,防御
2020-04-08,3780.345,3893.4567450000004,-0.03358620557426717,0.68,-0.061464329637996196,0.792,0,0,0,-1,0,-1.0,中性,防御
2020-04-09,3792.811,3894.1464,-0.04058189217404151,0.656,-0.06030453252826129,0.784,0,0,0,-1,0,-1.0,中性,防御
2020-04-10,3769.178,3894.7181649999998,-0.0424444585582725,0.648,-0.06270925927040849,0.776,0,0,0,-1,0,-1.0,中性,防御
2020-04-13,3753.257,3895.146355,-0.04319184436170631,0.368,-0.05882424073883241,0.772,0,0,0,-1,0,-1.0,中性,中性
2020-04-14,3825.699,3895.69516,-0.025354744266693707,0.48,-0.04749165781244591,0.728,0,0,0,-1,0,-1.0,中性,中性
2020-04-15,3797.362,3895.53938,-0.018611776879901676,0.492,-0.04816191536843473,0.732,0,0,0,-1,0,-1.0,中性,中性
2020-04-16,3802.381,3895.3815950000003,-0.020217014873068817,0.488,-0.03949725825576078,0.704,0,0,0,-1,0,-1.0,中性,中性
2020-04-17,3839.487,3895.3726999999994,-0.014475288131233888,0.716,-0.04446422789754789,0.668,0,0,1,-1,0,0.0,中性,中性
2020-04-20,3853.455,3895.6334250000004,-0.004554278709974158,0.552,-0.03725177923494494,0.652,0,0,0,-1,0,-1.0,中性,中性
2020-04-21,3808.047,3895.7020050000006,-0.016178344409802148,0.668,-0.031021260137264473,0.584,0,0,0,-1,0,-1.0,中性,中性
2020-04-22,3839.383,3895.7248349999995,-0.014732374732857156,0.608,-0.02736547358513941,0.52,0,0,0,0,0,0.0,中性,中性
2020-04-23,3829.753,3895.7456650000004,-0.02466061475811676,0.748,-0.028536421436405668,0.428,0,0,1,0,0,1.0,中性,中性
2020-04-24,3796.972,3895.0514650000005,-0.028963543283687443,0.688,-0.031247635638830817,0.432,0,0,0,-1,0,-1.0,中性,中性
2020-04-27,3822.769,3894.4794650000003,-0.017592655887887387,0.528,-0.02880320104909484,0.44,0,0,0,0,0,0.0,中性,中性
2020-04-28,3849.147,3894.2575300000003,-0.00967517351248548,0.78,-0.03069356590948502,0.424,0,0,1,-1,0,0.0,中性,中性
2020-04-29,3867.032,3894.22718,-0.021595810329302245,0.476,-0.03381519018289425,0.428,0,0,0,-1,0,-1.0,中性,中性
2020-04-30,3912.577,3894.3240499999997,-0.016476367491997435,0.72,-0.034361938192423946,0.44,1,0,1,-1,0,1.25,中性,中性
2020-05-06,3936.254,3894.9913699999997,-0.01662805631939346,0.772,-0.021661829582823255,0.412,1,0,1,0,0,2.25,进攻,中性
2020-05-07,3924.895,3895.6501950000006,-0.015053645252230852,0.656,-0.010204246934509165,0.412,1,0,0,0,0,1.25,中性,中性
2020-05-08,3963.622,3896.53461,-0.007077626428683259,0.66,-0.010701559467917177,0.292,1,0,0,0,1,2.75,进攻,中性
2020-05-11,3960.18,3897.409405,-0.003229540517255103,0.652,-0.0034365606069186594,0.24,1,0,0,0,1,2.75,进攻,中性
2020-05-12,3960.238,3898.1669399999996,0.01467084877239877,0.456,-0.0012794167362404352,0.248,1,0,0,0,1,2.75,进攻,中性
2020-05-13,3968.253,3898.887265,0.016539227382099453,0.412,0.004902327096480308,0.16,1,0,0,0,1,2.75,进攻,中性
2020-05-14,3925.218,3899.47913,0.006470799095995794,0.468,0.007738275105126702,0.32,1,0,0,0,0,1.25,中性,中性
2020-05-15,3912.816,3900.02002,0.0017816832515884506,0.424,0.006553452638535351,0.056,1,0,0,0,1,2.75,进攻,中性
2020-05-18,3922.912,3900.7925699999996,0.011818918781590915,0.672,0.009373495460813785,0.028,1,0,0,0,1,2.75,进攻,中性
2020-05-19,3956.25,3901.534045,0.012364861285862672,0.468,0.01047882156409008,0.048,1,0,0,0,1,2.75,进攻,中性
2020-05-20,3935.222,3902.30174,-0.0029938898500876387,0.564,0.012560587465662021,0.036,1,0,0,0,1,2.75,进攻,中性
2020-05-21,3913.795,3902.921145,0.0015177089069629002,0.516,0.009996146540805606,0.056,1,0,0,0,1,2.75,进攻,进攻
2020-05-22,3824.064,3902.9422999999997,-0.016848527791303858,0.544,0.007817444850133137,0.4,0,0,0,0,0,0.0,中性,进攻
2020-05-25,3829.325,3902.83359,-0.005368838141348253,0.352,0.006334146289595388,0.384,0,0,0,0,0,0.0,中性,进攻
2020-05-26,3872.77,3902.904595,-0.001401679023754876,0.364,0.008145733694709278,0.436,0,0,0,0,0,0.0,中性,进攻
2020-05-27,3845.614,3902.861315,-0.011830191437931292,0.488,0.01366940050079668,0.432,0,0,0,0,0,0.0,中性,进攻
2020-05-28,3856.632,3902.7928850000003,-0.004899088377882332,0.544,0.013637166885620555,0.404,0,0,0,0,0,0.0,中性,中性
2020-05-29,3867.023,3902.9512050000003,0.0012220688019557446,0.544,0.015179159505135376,0.388,0,0,0,0,0,0.0,中性,中性
2020-06-01,3971.34,3903.7905600000004,0.03726332192032178,0.824,0.029231863102953337,0.548,1,0,1,0,0,2.25,进攻,中性
2020-06-02,3983.568,3904.9712099999997,0.03845326675111105,0.816,0.03696100410191572,0.528,1,0,1,1,0,3.25,进攻,中性
2020-06-03,3983.648,3906.51101,0.03442171002628602,0.812,0.02548596920316193,0.52,1,0,1,0,0,2.25,进攻,中性
2020-06-04,3982.185,3908.2402899999997,0.03438239563989898,0.676,0.023992921475234574,0.516,1,0,0,0,0,1.25,中性,中性
2020-06-05,4001.251,3910.1393900000003,0.03141932543581882,0.636,0.022977074013721177,0.504,1,0,0,0,0,1.25,中性,中性
2020-06-08,4021.955,3911.9026949999998,0.03064023667577631,0.7,0.020765258033205836,0.508,1,0,0,0,0,1.25,中性,中性
2020-06-09,4047.029,3913.9701899999995,0.03891260746199343,0.54,0.019666949114965027,0.524,1,0,0,0,0,1.25,中性,中性
2020-06-10,4039.705,3915.67319,0.03571981630526633,0.524,0.020384272393240366,0.528,1,0,0,0,0,1.25,中性,中性
2020-06-11,3995.885,3917.3238550000005,0.023864204436411462,0.708,0.021644673916804136,0.532,1,0,1,0,0,2.25,进攻,中性
2020-06-12,4003.083,3918.9272600000004,0.028799359757225806,0.72,0.022912038439738103,0.516,1,0,1,0,0,2.25,进攻,中性
2020-06-15,3954.988,3920.232195,-0.0033347437050507134,0.744,0.022727943948009033,0.58,1,0,1,0,0,2.25,进攻,中性
2020-06-16,4014.57,3921.7523499999998,0.006777100502414424,0.636,0.023619125106782546,0.612,1,0,0,0,0,1.25,中性,中性
2020-06-17,4017.594,3922.884845,-0.005988915829580943,0.704,0.0260862524896337,0.604,1,0,1,0,0,2.25,进攻,中性
2020-06-18,4044.384,3924.168105,0.0028766735031366952,0.824,0.03065034121186061,0.604,1,0,1,1,0,3.25,进攻,中性
2020-06-19,4098.71,3925.752865,0.017769390263585816,0.832,0.032793295916969445,0.476,1,0,1,1,0,3.25,进攻,中性
2020-06-22,4102.046,3927.295565,0.021107209329360277,0.832,0.04226625105758841,0.48,1,0,1,1,0,3.25,进攻,中性
2020-06-23,4121.794,3928.800215,0.03899527513324608,0.64,0.044596265069700936,0.452,1,0,0,1,0,2.25,进攻,进攻
2020-06-24,4138.99,3930.6656100000005,0.03657238568499843,0.572,0.038443703470844914,0.408,1,0,0,1,0,2.25,进攻,进攻
2020-06-29,4109.716,3932.12946,0.02978024574609983,0.616,0.04755008088464585,0.464,1,0,0,1,0,2.25,进攻,进攻
2020-06-30,4163.964,3933.93636,0.03427133910980373,0.58,0.0603999558847812,0.496,1,0,0,1,0,2.25,进攻,进攻
2020-07-01,4247.784,3936.2243449999996,0.056129892681005655,0.852,0.06062016047102259,0.376,1,1,1,1,0,4.5,进攻,进攻
2020-07-02,4335.845,3938.90564,0.06228193470603571,0.972,0.07024506257479035,0.504,1,1,1,1,0,4.5,进攻,进攻
2020-07-03,4419.596,3941.76202,0.07884963611127493,0.996,0.08179414994163148,0.532,1,1,1,1,0,4.5,进攻,进攻
2020-07-06,4670.095,3945.8444400000003,0.12471674934089805,1.0,0.11634182957573613,0.796,1,1,1,1,0,4.5,进攻,进攻
2020-07-07,4698.126,3949.9050649999995,0.133453720357108,1.0,0.1382579007995195,0.792,1,1,1,1,0,4.5,进攻,进攻
2020-07-08,4774.004,3954.14847,0.156130525913019,0.992,0.1649463924486032,0.796,1,1,1,1,0,4.5,进攻,进攻
2020-07-09,4840.771,3958.6097849999996,0.1635833813876022,0.992,0.18483175798338314,0.796,1,1,1,1,0,4.5,进攻,进攻
2020-07-10,4753.133,3962.51071,0.15582845388621536,0.984,0.19888360448249798,0.812,1,1,1,1,-1,3.0,进攻,进攻
2020-07-13,4852.961,3966.97919,0.16535298256398945,0.984,0.2224298334292405,0.808,1,1,1,1,-1,3.0,进攻,进攻
2020-07-14,4806.69,3971.3621399999997,0.15457035899197358,0.976,0.23339850237971516,0.816,1,1,1,1,-1,3.0,进攻,进攻
2020-07-15,4744.469,3975.222585,0.12856387791782464,0.972,0.23518306314785398,0.82,1,1,1,1,-1,3.0,进攻,进攻
2020-07-16,4516.253,3978.015275,0.07789400475335118,0.968,0.22713739833944757,0.888,1,1,1,1,-1,3.0,进攻,进攻
2020-07-17,4544.701,3981.2826750000004,0.09071061411647574,0.904,0.2169217685326139,0.88,1,1,1,1,-1,3.0,进攻,进攻
2020-07-20,4680.305,3985.1337799999997,0.12804446712169537,0.948,0.2198602160276144,0.908,1,1,1,1,-1,3.0,进攻,进攻
2020-07-21,4691.043,3988.967085,0.12905149712877928,0.896,0.2207397918473395,0.904,1,1,1,1,-1,3.0,进攻,进攻
2020-07-22,4714.445,3992.861055,0.12628678183299358,0.932,0.21384413578594863,0.9,1,1,1,1,-1,3.0,进攻,进攻
2020-07-23,4712.436,3996.969925,0.1453772674828262,0.936,0.21584790559711964,0.908,1,1,1,1,-1,3.0,进攻,进攻
2020-07-24,4505.591,3999.9925,0.09043229424692734,0.948,0.21024465935532755,1.0,1,1,1,1,-1,3.0,进攻,进攻
2020-07-27,4528.45,4003.2798299999995,0.13100948300170256,0.816,0.20596772580307698,0.996,1,1,1,1,-1,3.0,进攻,进攻
2020-07-28,4568.258,4006.9154249999997,0.2385614411616226,0.792,0.1959249511166612,0.992,1,1,1,1,-1,3.0,进攻,进攻
2020-07-29,4679.008,4011.0472000000004,0.23598928370858485,0.86,0.19558919397260244,0.996,1,1,1,1,-1,3.0,进攻,进攻
2020-07-30,4656.151,4015.255315,0.216172956335426,0.86,0.1888601708116766,0.984,1,1,1,1,-1,3.0,进攻,进攻
2020-07-31,4695.046,4019.54215,0.20392740606829896,0.88,0.17970371147792852,0.976,1,1,1,1,-1,3.0,进攻,进攻
2020-08-03,4771.311,4024.1825100000005,0.22345417243502275,0.932,0.1554935810260667,0.828,1,1,1,1,-1,3.0,进攻,进攻
2020-08-04,4775.802,4028.6883249999996,0.21955972987777073,0.952,0.13301176575011553,0.82,1,1,1,1,-1,3.0,进攻,进攻
2020-08-05,4777.109,4033.015245,0.2086407365127172,0.904,0.11392435661859257,0.808,1,1,1,1,-1,3.0,进攻,进攻
2020-08-06,4762.764,4037.0628599999995,0.19534297602695294,0.936,0.09673364640894477,0.8,1,1,1,1,0,4.5,进攻,进攻
2020-08-07,4707.926,4040.9212399999997,0.18889452031720855,0.916,0.07478989778832634,0.792,1,1,1,1,0,4.5,进攻,进攻
2020-08-10,4724.87,4044.932165,0.1848508451165498,0.892,0.05570050593899256,0.776,1,1,1,1,0,4.5,进攻,进攻
2020-08-11,4681.784,4048.714975,0.14822103367224004,0.908,0.04193452692154276,0.772,1,1,1,1,0,4.5,进攻,进攻
2020-08-12,4647.645,4052.60631,0.1454423660219284,0.884,0.0334175820638114,0.764,1,1,1,1,0,4.5,进攻,进攻
2020-08-13,4635.713,4056.380675,0.14425009583317583,0.816,0.03560674463228941,0.692,1,1,1,1,0,4.5,进攻,进攻
2020-08-14,4704.629,4060.424415,0.1351072320597897,0.776,0.0376491940898267,0.704,1,1,1,1,0,4.5,进攻,进攻
2020-08-17,4815.226,4065.1451199999997,0.1604380297337744,0.944,0.04425405149911921,0.668,1,1,1,1,0,4.5,进攻,进攻
2020-08-18,4812.756,4069.85556,0.16451572393698388,0.88,0.05092784059196842,0.672,1,1,1,1,0,4.5,进攻,进攻
2020-08-19,4740.678,4074.07499,0.1495746454651401,0.912,0.04840207413434516,0.7,1,1,1,1,0,4.5,进攻,进攻
2020-08-20,4679.154,4077.8378350000003,0.14881825871007126,0.808,0.040596175490667186,0.704,1,1,1,1,0,4.5,进攻,进攻
2020-08-21,4718.843,4081.88092,0.15519859109554357,0.72,0.049243517743057685,0.636,1,1,1,1,0,4.5,进攻,进攻
2020-08-24,4755.849,4086.204035,0.20705326253556744,0.684,0.04688432051017832,0.636,1,1,0,1,0,3.5,进攻,进攻
2020-08-25,4761.951,4090.58003,0.17010855436293792,0.716,0.04370202637869958,0.628,1,1,1,1,0,4.5,进攻,进攻
2020-08-26,4706.13,4094.348745,0.15025998677213104,0.736,0.030926055028859034,0.584,1,1,1,1,0,4.5,进攻,进攻
2020-08-27,4731.345,4098.114860000001,0.14976554366749206,0.564,0.026659733362333515,0.572,1,1,0,0,0,2.5,进攻,进攻
2020-08-28,4844.265,4102.32212,0.15155257355781515,0.688,0.024697755135196786,0.64,1,1,0,0,0,2.5,进攻,进攻
2020-08-31,4816.215,4106.478785,0.16375663977371557,0.796,0.0170435065181338,0.608,1,1,1,0,0,3.5,进攻,进攻
2020-09-01,4842.122,4110.73002,0.21139877006844676,0.6,0.01774752011996794,0.612,1,1,0,0,0,2.5,进攻,进攻
2020-09-02,4843.887,4115.0844,0.18643276120009822,0.66,0.01186483447421649,0.608,1,1,0,0,0,2.5,进攻,进攻
2020-09-03,4817.095,4119.654985,0.19577507757987056,0.632,0.008234958365287426,0.616,1,1,0,0,0,2.5,进攻,进攻
2020-09-04,4770.219,4123.987635,0.20737192004578175,0.452,0.01286975160008108,0.6,1,1,0,0,0,2.5,进攻,进攻
2020-09-07,4669.368,4127.834565,0.19871445503865814,0.652,0.006340930588719429,0.64,1,1,0,0,0,2.5,进攻,进攻
2020-09-08,4694.389,4131.777225,0.2592785634576591,0.68,0.008805708366307785,0.636,1,1,0,0,0,2.5,进攻,进攻
2020-09-09,4584.589,4135.314725,0.23584420443585197,0.82,0.009781080880576276,0.644,1,1,1,0,0,3.5,进攻,进攻
2020-09-10,4581.978,4138.68497,0.2600809018724475,0.772,0.0035482003869686807,0.64,1,1,1,0,0,3.5,进攻,进攻
2020-09-11,4627.283,4142.086189999999,0.2892624961236727,0.436,0.006958300500363057,0.636,1,1,0,0,0,2.5,进攻,进攻
2020-09-14,4651.051,4145.802125,0.27313600261029714,0.384,-0.004125678550742418,0.616,1,1,0,0,0,2.5,进攻,进攻
2020-09-15,4688.483,4149.79655,0.3280670287504823,0.276,-0.01088229650814454,0.62,1,1,-1,0,0,1.5,进攻,进攻
2020-09-16,4657.358,4153.833365,0.2847476562812492,0.288,-0.01309108487668087,0.6,1,1,-1,0,0,1.5,进攻,进攻
2020-09-17,4632.714,4157.605905,0.24451083916854133,0.308,-0.009200607248213588,0.564,1,1,0,0,0,2.5,进攻,进攻
2020-09-18,4737.089,4161.833085,0.28097046900701916,0.628,-0.0053793045153593955,0.624,1,1,0,0,0,2.5,进攻,进攻
2020-09-21,4691.428,4165.91213,0.26451505783867146,0.412,-0.007477326486196367,0.624,1,1,0,0,0,2.5,进攻,进攻
2020-09-22,4635.761,4169.779420000001,0.26173678476235485,0.4,-0.0045783339666111145,0.632,1,1,0,0,0,2.5,进攻,进攻
2020-09-23,4652.327,4173.8976999999995,0.2621083486722615,0.204,0.0010652314042924882,0.624,1,1,-1,0,0,1.5,进攻,进攻
2020-09-24,4563.066,4177.532735,0.2416249351033828,0.332,0.001736856534702902,0.632,1,1,0,0,0,2.5,进攻,进攻
2020-09-25,4570.022,4181.12741,0.22372046181970373,0.176,-0.002704611070922569,0.572,1,1,-1,0,0,1.5,进攻,进攻
2020-09-28,4581.909,4184.78786,0.23394559651493663,0.136,-0.01243644349549089,0.572,1,1,-1,0,0,1.5,进攻,进攻
2020-09-29,4591.799,4188.350035,0.20899779121811068,0.128,-0.015752405793155844,0.564,1,1,-1,0,0,1.5,进攻,进攻
2020-09-30,4587.395,4191.775085,0.21348580618964696,0.136,-0.03049639388548997,0.556,1,1,-1,-1,0,0.5,中性,进攻
2020-10-09,4681.141,4195.703555,0.23421414881996472,0.256,-0.024348773521240763,0.624,1,1,-1,0,0,1.5,进攻,进攻
2020-10-12,4823.158,4200.317425,0.2796312617764405,0.636,-0.01687365022397047,0.644,1,1,0,0,0,2.5,进攻,进攻
2020-10-13,4839.201,4204.999685,0.2893337706424046,0.32,-0.010573742267098285,0.64,1,1,0,0,0,2.5,进攻,进攻
2020-10-14,4807.102,4209.580075,0.25652906828268507,0.28,-0.005628069268323821,0.64,1,1,-1,0,0,1.5,进攻,进攻
2020-10-15,4798.736,4213.73265,0.26370253876243566,0.256,-0.003048241494063353,0.584,1,1,-1,0,0,1.5,进攻,进攻
2020-10-16,4791.676,4217.7533,0.26017776756195676,0.256,0.0014180884389616288,0.584,1,1,-1,0,0,1.5,进攻,进攻
2020-10-19,4755.488,4221.32174,0.23857379905180043,0.392,0.004999025580153971,0.584,1,1,0,0,0,2.5,进攻,进攻
2020-10-20,4793.467,4225.12516,0.2439400486057317,0.168,0.0042981556891348305,0.584,1,1,-1,0,0,1.5,进攻,进攻
2020-10-21,4792.828,4228.95355,0.25860526406317996,0.216,0.004718943458694724,0.576,1,1,-1,0,0,1.5,进攻,进攻
2020-10-22,4777.985,4232.75721,0.24446688439262254,0.172,0.006548208167754588,0.564,1,1,-1,0,0,1.5,进攻,进攻
2020-10-23,4718.488,4236.5141699999995,0.23206065769776796,0.204,-0.00156724533976893,0.592,1,1,-1,0,0,1.5,进攻,进攻
2020-10-26,4691.236,4240.00556,0.2355203040738778,0.18,-0.00437803978678597,0.484,1,1,-1,0,0,1.5,进攻,进攻
2020-10-27,4699.279,4243.54762,0.229286676751852,0.096,-0.003181733261067632,0.476,1,1,-1,0,0,1.5,进攻,进攻
2020-10-28,4737.272,4247.10404,0.23073293901220193,0.196,-0.0027547553398195035,0.472,1,1,-1,0,0,1.5,进攻,进攻
2020-10-29,4772.92,4250.8585,0.23425924585056435,0.232,-0.0028673515325172705,0.472,1,1,-1,0,0,1.5,进攻,进攻
2020-10-30,4695.334,4253.9270050000005,0.20006174958345846,0.492,-0.00856827824017481,0.452,1,1,0,0,0,2.5,进攻,进攻
2020-11-02,4720.831,4257.04825,0.19932072472965423,0.48,-0.005528126764773544,0.46,1,1,0,0,0,2.5,进攻,进攻
2020-11-03,4777.561,4260.17485,0.21724555688750913,0.404,-8.632824863907818e-05,0.472,1,1,0,0,0,2.5,进攻,进攻
2020-11-04,4813.656,4263.518305,0.2144588964336156,0.228,0.0037278569027869857,0.472,1,1,-1,0,0,1.5,进攻,进攻
2020-11-05,4885.112,4267.29739,0.2335580705927509,0.48,0.017436374989942438,0.488,1,1,0,0,0,2.5,进攻,进攻
2020-11-06,4885.718,4270.924845,0.23369302552018345,0.52,0.010633046064016716,0.428,1,1,0,0,0,2.5,进攻,进攻
2020-11-09,4981.35,4275.27001,0.25530050629332357,0.764,0.013943226039759171,0.34,1,1,1,0,0,3.5,进攻,进攻
2020-11-10,4953.876,4279.217540000001,0.26206391594046496,0.7,0.009423922100677773,0.344,1,1,0,0,0,2.5,进攻,进攻
2020-11-11,4904.898,4282.9261050000005,0.25354680618766645,0.668,0.004426552524767979,0.348,1,1,0,0,0,2.5,进攻,进攻
2020-11-12,4908.463,4286.44848,0.2512294438417175,0.388,0.0050596095921120465,0.344,1,1,0,0,0,2.5,进攻,进攻
2020-11-13,4856.851,4289.783305000001,0.22764006319115304,0.468,0.007723677549556385,0.368,1,1,0,0,0,2.5,进攻,进攻
2020-11-16,4904.172,4293.470495,0.24622499061044056,0.7,0.008682804275647937,0.364,1,1,0,0,0,2.5,进攻,进攻
2020-11-17,4894.786,4297.199210000001,0.25064956135924343,0.7,0.00818910786958793,0.352,1,1,0,0,0,2.5,进攻,进攻
2020-11-18,4891.672,4300.883305,0.2791815199745611,0.704,0.00841785082663482,0.352,1,1,1,0,0,3.5,进攻,进攻
2020-11-19,4927.989,4304.594099999999,0.2869080059801661,0.58,0.006429672578939005,0.356,1,1,0,0,0,2.5,进攻,进攻
2020-11-20,4943.288,4308.738995,0.27642178595682143,0.62,0.0123204794560825,0.304,1,1,0,0,0,2.5,进攻,进攻
2020-11-23,5005.027,4313.104475,0.30148969709388407,0.868,0.02006760445092981,0.308,1,1,1,0,0,3.5,进攻,进攻
2020-11-24,4974.286,4317.9564,0.2898005306184257,0.732,0.0229038672490931,0.324,1,1,1,0,0,3.5,进攻,进攻
2020-11-25,4910.7,4324.06811,0.269891593610899,0.784,0.02324071265751071,0.408,1,1,1,0,0,3.5,进攻,进攻
2020-11-26,4919.591,4329.737875,0.23877356257585602,0.576,0.02022420677746206,0.392,1,1,0,0,0,2.5,进攻,进攻
2020-11-27,4980.765,4335.499065,0.25032759576339614,0.68,0.023273460461053164,0.296,1,1,0,0,1,4.0,进攻,进攻
2020-11-30,4960.252,4340.80145,0.24515318622528914,0.88,0.02793154523256991,0.304,1,1,1,0,0,3.5,进攻,进攻
2020-12-01,5067.098,4346.637595,0.2724416369405238,0.772,0.029378519219542598,0.412,1,1,1,0,0,3.5,进攻,进攻
2020-12-02,5067.145,4352.393295,0.2663901864691818,0.76,0.0317830311556615,0.408,1,1,1,1,0,4.5,进攻,进攻
2020-12-03,5057.06,4357.916275,0.25736364529190414,0.708,0.031011084725447002,0.312,1,1,1,1,0,4.5,进攻,进攻
2020-12-04,5065.916,4363.32369,0.2517617244650334,0.564,0.03279613099654388,0.308,1,1,0,1,0,3.5,进攻,进攻
2020-12-07,5022.235,4368.63527,0.24321825479830816,0.54,0.02756725104793123,0.244,1,1,0,0,1,4.0,进攻,进攻
2020-12-08,5009.879,4373.745994999999,0.2537595551423526,0.4,0.029371446947587865,0.236,1,1,0,0,1,4.0,进攻,进攻
2020-12-09,4942.699,4378.07237,0.23472308718055546,0.584,0.02628551391758749,0.256,1,1,0,0,1,4.0,进攻,进攻
2020-12-10,4940.525,4382.48744,0.2491883666903667,0.496,0.02787652407635166,0.256,1,1,0,0,1,4.0,进攻,进攻
2020-12-11,4889.629,4386.67903,0.2179707913923532,0.708,0.024214812032658184,0.244,1,1,1,0,1,5.0,进攻,进攻
2020-12-14,4934.835,4390.629925,0.22830604585729675,0.452,0.023849945354980973,0.24,1,1,0,0,1,4.0,进攻,进攻
2020-12-15,4945.1,4394.607975,0.22270783387531945,0.356,0.024624158105193805,0.236,1,1,0,0,1,4.0,进攻,进攻
2020-12-16,4953.867,4398.7131150000005,0.20864052348177853,0.328,0.025077586109581107,0.232,1,1,0,0,1,4.0,进攻,进攻
2020-12-17,5017.478,4403.181235,0.2231647329162081,0.64,0.027976770688610708,0.292,1,1,0,0,1,4.0,进攻,进攻
2020-12-18,4999.968,4407.816,0.2130562565717744,0.66,0.028874749120123333,0.292,1,1,0,0,1,4.0,进攻,进攻
2020-12-21,5046.84,4412.62582,0.2193409503284618,0.664,0.028261631876749904,0.264,1,1,0,0,1,4.0,进攻,进攻
2020-12-22,4964.773,4417.7494400000005,0.2080574424120789,0.78,0.025816761089729523,0.376,1,1,1,0,0,3.5,进攻,进攻
2020-12-23,5007.124,4422.436729999999,0.20248974294686506,0.708,0.02695053610449527,0.3,1,1,1,0,0,3.5,进攻,进攻
2020-12-24,5000.015,4426.979995,0.17708786510801877,0.62,0.02794572355826963,0.3,1,1,0,0,0,2.5,进攻,进攻
2020-12-25,5042.014,4431.614805,0.16286767631222965,0.684,0.03203034492445567,0.268,1,1,0,1,1,5.0,进攻,进攻
2020-12-28,5064.415,4435.903255,0.1458999872386526,0.764,0.029671598007920075,0.26,1,1,1,0,1,5.0,进攻,进攻
2020-12-29,5042.936,4440.4254,0.07983584916366793,0.74,0.022553800715505945,0.088,1,1,1,0,1,5.0,进攻,进攻
2020-12-30,5113.711,4446.00829,0.08845761054514067,0.66,0.021100921480207813,0.156,1,1,0,0,1,4.0,进攻,进攻
2020-12-31,5211.289,4451.651075,0.09159711638280976,0.796,0.019074090694958246,0.296,1,1,1,0,1,5.0,进攻,进攻
2021-01-04,5267.718,4457.847519999999,0.08819814033756201,0.872,0.03477758771407169,0.344,1,1,1,1,0,4.5,进攻,进攻
2021-01-05,5368.505,4464.93549,0.1294666065519312,0.92,0.03915381118033956,0.412,1,1,1,1,0,4.5,进攻,进攻
2021-01-06,5417.668,4472.547265,0.11636339133984364,0.848,0.04185675239602915,0.408,1,1,1,1,0,4.5,进攻,进攻
2021-01-07,5513.657,4481.47635,0.1470797991965367,0.904,0.05034735963456494,0.316,1,1,1,1,0,4.5,进攻,进攻
2021-01-08,5495.431,4490.405095,0.15828156954972195,0.784,0.049124704956551524,0.352,1,1,1,1,0,4.5,进攻,进攻
2021-01-11,5441.158,4499.4295999999995,0.20479477124067236,0.824,0.05276534994325899,0.336,1,1,1,1,0,4.5,进攻,进攻
2021-01-12,5596.353,4509.465899999999,0.2314018017907009,0.752,0.05780181958796615,0.472,1,1,1,1,0,4.5,进攻,进攻
2021-01-13,5577.971,4519.089635,0.19179647480238993,0.876,0.060918346479266416,0.484,1,1,1,1,0,4.5,进攻,进攻
2021-01-14,5470.456,4528.790384999999,0.16614919112871074,0.78,0.060083939291613486,0.616,1,1,1,1,0,4.5,进攻,进攻
2021-01-15,5458.081,4537.955215,0.15773564014428,0.752,0.05674911639853142,0.612,1,1,1,1,0,4.5,进攻,进攻
2021-01-18,5518.521,4546.93523,0.17105484297293372,0.664,0.06046673262415947,0.604,1,1,0,1,0,3.5,进攻,进攻
2021-01-19,5437.523,4555.63261,0.20683901401614113,0.74,0.05786579418434812,0.628,1,1,1,1,0,4.5,进攻,进攻
2021-01-20,5476.434,4564.464475,0.20933961951661173,0.552,0.06140357688970166,0.588,1,1,0,1,0,3.5,进攻,进攻
2021-01-21,5564.969,4573.918765,0.21818185400211632,0.756,0.06486022112090106,0.608,1,1,1,1,0,4.5,进攻,进攻
2021-01-22,5569.776,4583.33687,0.19037539581039398,0.744,0.06478505190270956,0.596,1,1,1,1,0,4.5,进攻,进攻
2021-01-25,5625.923,4593.091105,0.2082776095534702,0.752,0.06788445046381586,0.6,1,1,1,1,0,4.5,进攻,进攻
2021-01-26,5512.968,4601.98329,0.17420958175915624,0.568,0.06091389122632185,0.64,1,1,0,1,0,3.5,进攻,进攻
2021-01-27,5528.003,4611.057215,0.15859205153468303,0.5,0.0647990433297485,0.636,1,1,0,1,0,3.5,进攻,进攻
2021-01-28,5377.143,4618.952824999999,0.12591413965654352,0.52,0.0596506051718424,0.696,1,1,0,1,0,3.5,进攻,进攻
2021-01-29,5351.965,4626.810925,0.12033554185177686,0.612,0.05227164263599837,0.66,1,1,0,1,0,3.5,进攻,进攻
2021-02-01,5417.648,4634.93511,0.13750082935035213,0.56,0.03511881315595722,0.664,1,1,0,1,0,3.5,进攻,进攻
2021-02-02,5501.092,4643.59468,0.16847461068844316,0.492,0.02661579023563254,0.636,1,1,0,0,0,2.5,进攻,进攻
2021-02-03,5485.201,4652.2544,0.16092104121383244,0.624,0.02214397702641624,0.628,1,1,0,0,0,2.5,进攻,进攻
2021-02-04,5473.948,4660.495645,0.16920131300376107,0.632,0.013117355038024359,0.624,1,1,0,0,0,2.5,进攻,进攻
2021-02-05,5483.414,4668.925905,0.17982634215823268,0.596,0.007275581659281993,0.624,1,1,0,0,0,2.5,进攻,进攻
2021-02-08,5564.562,4677.736809999999,0.20036809871534333,0.396,0.0037520646721822537,0.632,1,1,0,0,0,2.5,进攻,进攻
2021-02-09,5686.25,4686.970625,0.20865003382838476,0.42,-0.0030252587827865884,0.616,1,1,0,0,0,2.5,进攻,进攻
2021-02-10,5807.719,4696.741945,0.20611555926969993,0.46,-0.018603041313244528,0.644,1,1,0,0,0,2.5,进攻,进攻
2021-02-18,5768.381,4706.543615,0.1985608661648337,0.768,-0.005075631751937815,0.616,1,1,1,0,0,3.5,进攻,进攻
2021-02-19,5778.842,4716.24091,0.21899061695394617,0.816,0.0010239021802838089,0.616,1,1,1,0,0,3.5,进攻,进攻
2021-02-22,5597.333,4725.07881,0.19622756592324153,0.964,0.006564241105430302,0.732,1,1,1,0,0,3.5,进攻,进攻
2021-02-23,5579.668,4733.99229,0.18242289476467,0.884,0.0006867762800368826,0.696,1,1,1,0,0,3.5,进攻,进攻
2021-02-24,5437.568,4742.066285,0.14334328108398742,0.812,-0.002751684018120648,0.76,1,1,1,0,0,3.5,进攻,进攻
2021-02-25,5469.558,4750.16834,0.14859602713257658,0.82,-0.008411031639887101,0.756,1,1,1,0,0,3.5,进攻,进攻
2021-02-26,5336.761,4757.516985,0.13400203564287438,0.736,-0.011156801220206902,0.788,1,1,1,0,0,3.5,进攻,进攻
2021-03-01,5418.784,4765.04802,0.14529462552403172,0.68,-0.01131823879272631,0.792,1,1,0,0,0,2.5,进攻,进攻
2021-03-02,5349.63,4772.1149,0.1043223275357561,0.748,-0.005159930759270681,0.788,1,1,1,0,0,3.5,进攻,进攻
2021-03-03,5452.213,4779.75149,0.13205349013696432,0.764,-0.005068599383095895,0.8,1,1,1,0,0,3.5,进攻,进攻
2021-03-04,5280.706,4786.33691,0.09057681735404421,0.88,-0.006756742492381673,0.804,1,1,1,0,-1,2.0,进攻,进攻
2021-03-05,5262.796,4792.84999,0.08648199266415602,0.796,-0.0028563659778073625,0.804,1,1,1,0,-1,2.0,进攻,进攻
2021-03-08,5080.025,4798.448925000001,0.054582689359458314,0.868,-0.001587689456814867,0.832,1,1,1,0,-1,2.0,进攻,进攻
2021-03-09,4970.999,4803.462654999999,0.0420903107383539,0.92,-0.0063686032745170484,0.828,1,0,1,0,-1,0.75,中性,进攻
2021-03-10,5003.612,4808.854625,0.07158227837257636,0.64,-0.009964719946543799,0.844,1,1,0,0,-1,1.0,中性,进攻
2021-03-11,5128.216,4814.931625,0.09241394353983035,0.7,-0.0032151584120241328,0.88,1,1,0,0,-1,1.0,中性,进攻
2021-03-12,5146.379,4821.04896,0.12253879246318489,0.804,-0.0003384201512441898,0.884,1,1,1,0,-1,2.0,进攻,进攻
2021-03-15,5035.544,4826.44543,0.09898912653007064,0.836,0.0052455815293730446,0.872,1,1,1,0,-1,2.0,进攻,进攻
2021-03-16,5079.362,4832.1661300000005,0.09769858467701242,0.696,0.0022336389265518175,0.856,1,1,0,0,-1,1.0,中性,进攻
2021-03-17,5100.858,4838.101445,0.0967108294447856,0.564,0.015291286331609921,0.8,1,1,0,0,0,2.5,进攻,进攻
2021-03-18,5141.768,4844.6899650000005,0.09668052544927641,0.584,-0.0009207975869868212,0.808,1,1,0,0,-1,1.0,中性,进攻
2021-03-19,5007.091,4850.578795,0.07509257394428337,0.676,-0.006635166406672943,0.84,1,1,0,0,-1,1.0,中性,进攻
2021-03-22,5057.152,4856.500705,0.0916175701759272,0.692,-0.013919155367500657,0.796,1,1,0,0,0,2.5,进攻,进攻
2021-03-23,5009.246,4862.318864999999,0.057452372121359785,0.752,-0.013086570642651618,0.8,1,1,1,0,0,3.5,进攻,进攻
2021-03-24,4928.685,4867.67913,0.05057244830358698,0.712,-0.014651974260142753,0.792,1,1,1,0,0,3.5,进攻,进攻
2021-03-25,4926.347,4872.97575,0.06268355939833814,0.508,-0.017617265024250317,0.792,1,1,0,0,0,2.5,进攻,进攻
2021-03-26,5037.99,4878.308999999999,0.08289679551759788,0.54,-0.015106117150033072,0.804,1,1,0,0,-1,1.0,中性,进攻
2021-03-29,5046.877,4883.625545,0.10602761388943316,0.596,-0.018642342883040453,0.792,1,1,0,0,0,2.5,进攻,进攻
2021-03-30,5094.729,4889.18095,0.11481498338520035,0.6,-0.01983136370474181,0.8,1,1,0,0,0,2.5,进攻,进攻
2021-03-31,5048.361,4894.51183,0.1018029821194617,0.58,-0.01852822291127587,0.784,1,1,0,0,0,2.5,进攻,进攻
2021-04-01,5110.777,4900.05946,0.11302280435184553,0.54,-0.016210226756512958,0.76,1,1,0,0,0,2.5,进攻,进攻
2021-04-02,5161.557,4905.7574700000005,0.1251607938710313,0.472,-0.014971786199342918,0.776,1,1,0,0,0,2.5,进攻,进攻
2021-04-06,5140.342,4911.224035,0.09809595566550966,0.332,-0.011979717907439569,0.656,1,1,0,0,0,2.5,进攻,进攻
2021-04-07,5103.743,4916.544225,0.05817454041522163,0.632,-0.0028413095089759866,0.624,1,1,0,0,0,2.5,进攻,进攻
2021-04-08,5112.209,4922.125845,0.056415924860322875,0.768,0.001494182457550286,0.62,1,1,1,0,0,3.5,进攻,进攻
2021-04-09,5035.337,4927.287115,0.04747870962588285,0.56,-0.0005920266858883139,0.588,1,0,0,0,0,1.25,中性,进攻
2021-04-12,4947.746,4932.250905,0.031051927007445412,0.672,0.0011200687588686087,0.6,1,0,0,0,0,1.25,中性,进攻
2021-04-13,4939.644,4936.876275,0.030880218111575042,0.484,-0.005650697697600959,0.548,1,0,0,0,0,1.25,中性,进攻
2021-04-14,4980.628,4941.691445,0.04734319590334346,0.304,-0.0024826466074775455,0.544,1,0,0,0,0,1.25,中性,进攻
2021-04-15,4948.974,4946.214395,0.03244144582616304,0.312,-0.0034287554721190716,0.54,1,0,0,0,0,1.25,中性,中性
2021-04-16,4966.181,4950.5517500000005,0.036169251222868626,0.428,-0.0023540796751098103,0.524,1,0,0,0,0,1.25,中性,中性
2021-04-19,5087.017,4955.476605,0.0646783110453466,0.66,0.0013181156679846762,0.512,1,1,0,0,0,2.5,进攻,中性
2021-04-20,5083.365,4960.28446,0.07732922071646664,0.58,0.00037329422303877813,0.496,1,1,0,0,0,2.5,进攻,中性
2021-04-21,5098.745,4965.083235,0.08686601995721377,0.376,0.002982933987798919,0.488,1,1,0,0,0,2.5,进攻,中性
2021-04-22,5089.244,4969.980874999999,0.082984006695495,0.368,0.005264115060445551,0.404,1,1,0,0,0,2.5,进攻,中性
2021-04-23,5135.453,4974.83832,0.08405280507431301,0.356,0.005083013952982052,0.416,1,1,0,0,0,2.5,进攻,进攻
2021-04-26,5077.237,4978.985585,0.06375908249038331,0.52,0.008160373389141107,0.36,1,1,0,0,0,2.5,进攻,进攻
2021-04-27,5090.52,4982.75896,0.08416568448591732,0.364,0.005999349904899143,0.364,1,1,0,0,0,2.5,进攻,进攻
2021-04-28,5119.242,4986.25719,0.08439425177474047,0.34,0.006629220206950892,0.348,1,1,0,0,0,2.5,进攻,进攻
2021-04-29,5164.169,4988.72756,0.0809216250718725,0.516,0.003186191961439322,0.34,1,1,0,0,0,2.5,进攻,进攻
2021-04-30,5123.489,4990.854375,0.06436542204095996,0.688,-0.003263207772278287,0.316,1,1,0,0,0,2.5,进攻,进攻
2021-05-06,5061.124,4992.289975,0.03603028958189691,0.672,0.004489904361561159,0.336,1,0,0,0,0,1.25,中性,进攻
2021-05-07,4996.053,4993.066385,0.022583169966011063,0.812,0.0013017896486569036,0.38,1,0,1,0,0,2.25,进攻,进攻
2021-05-10,4992.422,4994.26283,0.0022226906360724996,0.856,0.0019301692327340358,0.36,0,0,1,0,0,1.0,中性,进攻
2021-05-11,5023.06,4995.113324999999,0.013965630144961327,0.796,0.0026603461463650113,0.38,1,0,1,0,0,2.25,进攻,进攻
2021-05-12,5044.548,4996.3026150000005,0.02847154008095565,0.66,0.005538262508810066,0.288,1,0,0,0,1,2.75,进攻,进攻
2021-05-13,4992.974,4997.545139999999,0.017217405937459462,0.7,0.007591949370825857,0.164,0,0,0,0,1,1.5,进攻,进攻
2021-05-14,5110.59,5000.516825,0.052243521573958285,0.768,0.011044909039598982,0.396,1,1,1,0,0,3.5,进攻,进攻
2021-05-17,5184.985,5003.718245,0.05726002269088437,0.704,0.012923014890703799,0.424,1,1,1,0,0,3.5,进攻,进攻
2021-05-18,5187.601,5006.254725000001,0.059821818563671636,0.448,0.014770830056465734,0.408,1,1,0,0,0,2.5,进攻,进攻
2021-05-19,5172.272,5008.66087,0.057362799468157366,0.496,0.018116078091026333,0.412,1,1,0,0,0,2.5,进攻,进攻
2021-05-20,5186.412,5011.020705,0.052439849196092014,0.736,0.01666112871119685,0.18,1,1,1,0,1,5.0,进攻,进攻
2021-05-21,5134.148,5013.129265,0.038609929261657516,0.528,0.014124742176271132,0.232,1,0,0,0,1,2.75,进攻,进攻
2021-05-24,5155.588,5016.37925,0.030081955601837906,0.556,0.016826704378056112,0.236,1,0,0,0,1,2.75,进攻,进攻
2021-05-25,5318.478,5020.32939,0.06919425220021536,0.78,0.01609533868701929,0.536,1,1,1,0,0,3.5,进攻,进攻
2021-05-26,5320.593,5024.091065,0.08346936281996453,0.78,0.02199947721878659,0.524,1,1,1,0,0,3.5,进攻,进攻
2021-05-27,5338.233,5027.3871899999995,0.0850969115115463,0.62,0.02513392724618413,0.48,1,1,0,0,0,2.5,进攻,进攻
2021-05-28,5321.089,5030.71188,0.06832765649453432,0.792,0.027741426246380207,0.492,1,1,1,0,0,3.5,进攻,进攻
2021-05-31,5331.57,5033.894499999999,0.07485869669524847,0.736,0.03358743626362637,0.48,1,1,1,1,0,4.5,进攻,进攻
2021-06-01,5341.68,5036.746345,0.054189202577096474,0.8,0.041116469957961144,0.456,1,1,1,1,0,4.5,进攻,进攻
2021-06-02,5289.974,5039.317205,0.04397525628337062,0.784,0.05108817029558055,0.476,1,0,1,1,0,3.25,进攻,进攻
2021-06-03,5255.286,5041.70809,0.039197873863469956,0.808,0.0464546676151949,0.416,1,0,1,1,0,3.25,进攻,进攻
2021-06-04,5282.277,5044.305655,0.042709156646103086,0.72,0.04424772659075438,0.364,1,0,1,1,0,3.25,进攻,进攻
2021-06-07,5277.627,5047.15416,0.05085225999978116,0.584,0.045061521448449326,0.368,1,1,0,1,0,3.5,进攻,进攻
2021-06-08,5232.117,5049.690395,0.044359953603669844,0.584,0.04441918980311321,0.392,1,0,0,1,0,2.25,进攻,进攻
2021-06-09,5236.449,5052.46372,0.059431092202863356,0.54,0.04266183828307191,0.384,1,1,0,1,0,3.5,进攻,进攻
2021-06-10,5271.466,5055.582825,0.06698498641338735,0.652,0.04337174663452803,0.328,1,1,0,1,0,3.5,进攻,进攻
2021-06-11,5224.703,5058.527775,0.06852748950891785,0.824,0.04051615368956796,0.152,1,1,1,1,1,6.0,进攻,进攻
2021-06-15,5166.56,5060.8374300000005,0.04695699045662116,0.776,0.0421160184077396,0.132,1,0,1,1,1,4.75,进攻,进攻
2021-06-16,5080.491,5062.163755,0.02737881943742293,0.612,0.03872359190553776,0.28,1,0,0,1,1,3.75,进攻,进攻
2021-06-17,5101.892,5063.609435,0.029880697241165155,0.408,0.03985091985441058,0.288,1,0,0,1,1,3.75,进攻,进攻
2021-06-18,5102.466,5065.418374999999,0.016938390163345085,0.516,0.041403893848595,0.284,1,0,0,1,1,3.75,进攻,进攻
2021-06-21,5090.385,5067.4745299999995,0.018083515734500732,0.436,0.04621036161591063,0.244,1,0,0,1,1,3.75,进攻,进攻
2021-06-22,5122.158,5069.491105,0.014923793898756532,0.572,0.046208661294923736,0.252,1,0,0,1,1,3.75,进攻,进攻
2021-06-23,5147.394,5071.448829999999,0.0367833534383144,0.592,0.04611873912090858,0.004,1,0,0,1,1,3.75,进攻,进攻
2021-06-24,5155.974,5073.418945,0.029727644052753632,0.724,0.04444778762889334,0.008,1,0,1,1,1,4.75,进攻,进攻
2021-06-25,5239.968,5076.088135000001,0.04799045602863172,0.76,0.038858074077813054,0.012,1,0,1,1,1,4.75,进攻,进攻
2021-06-28,5251.76,5078.69021,0.04159964649046999,0.64,0.043974244560565534,0.016,1,0,0,1,1,3.75,进攻,进攻
2021-06-29,5190.545,5080.421609999999,0.024905146991310856,0.552,0.03957907151008366,0.024,1,0,0,1,1,3.75,进攻,进攻
2021-06-30,5224.041,5082.46074,0.03591261122488976,0.308,0.036461453278569866,0.032,1,0,0,1,1,3.75,进攻,进攻
2021-07-01,5229.664,5084.398450000001,0.022674922380243823,0.472,0.027934243680445947,0.024,1,0,0,0,1,2.75,进攻,进攻
2021-07-02,5081.117,5085.5846,-0.024978848803050346,0.472,0.025886136159558593,0.3,0,0,0,0,0,0.0,中性,进攻
2021-07-05,5085.792,5086.9280850000005,-0.034536017303887445,0.448,0.03171371089846464,0.272,0,0,0,1,1,2.5,进攻,进攻
2021-07-06,5083.104,5088.49251,-0.05316210006323918,0.608,0.02624450801680589,0.272,0,-1,0,0,1,0.25,中性,进攻
2021-07-07,5140.49,5090.84812,-0.05116186521580868,0.632,0.03059045439696062,0.324,1,-1,0,1,0,1.0,中性,进攻
2021-07-08,5088.257,5092.81746,-0.07715387446117894,0.78,0.03354809325062602,0.332,0,-1,1,1,0,0.75,中性,进攻
2021-07-09,5069.436,5095.241695000001,-0.07751803270753466,0.776,0.03173076280172893,0.32,0,-1,1,1,0,0.75,中性,进攻
2021-07-12,5132.709,5097.99535,-0.056688116757499185,0.908,0.04137151349019419,0.364,1,-1,1,1,0,2.0,进攻,进攻
2021-07-13,5142.099,5100.5694300000005,-0.08116964744718569,0.836,0.039322025610180944,0.316,1,-1,1,1,0,2.0,进攻,进攻
2021-07-14,5083.085,5102.7296,-0.0887215082330115,0.856,0.03929119354352051,0.26,0,-1,1,1,1,2.25,进攻,进攻
2021-07-15,5151.463,5105.0445,-0.05831195790625143,0.844,0.035079716617743895,0.324,1,-1,1,1,0,2.0,进攻,进攻
2021-07-16,5094.773,5107.231575,-0.06656332143110366,0.848,0.030988575665824136,0.384,0,-1,1,1,0,0.75,中性,进攻
2021-07-19,5113.495,5109.63548,-0.07339394015171818,0.724,0.028383605636518983,0.388,1,-1,1,0,0,1.0,中性,进攻
2021-07-20,5108.994,5111.495005,-0.060418870871902564,0.464,0.025022350736952248,0.376,0,-1,0,0,0,-1.25,中性,进攻
2021-07-21,5144.043,5113.7580800000005,-0.0606947878856936,0.736,0.02870344046556106,0.388,1,-1,1,0,0,1.0,中性,进攻
2021-07-22,5151.752,5116.338035,-0.07425324381860876,0.9,0.0332594804599482,0.388,1,-1,1,1,0,2.0,进攻,进攻
2021-07-23,5089.228,5118.52254,-0.0862777964499829,0.992,0.03374921580659396,0.32,0,-1,1,1,0,0.75,中性,进攻
2021-07-26,4925.299,5120.333705,-0.12453494297735679,0.992,0.030246089476571036,0.64,0,-1,1,1,0,0.75,中性,进攻
2021-07-27,4751.313,5121.24016,-0.13815697823749384,0.996,0.024689679095450945,0.76,0,-1,1,0,0,-0.25,中性,进攻
2021-07-28,4760.483,5122.13303,-0.13884218224917744,0.928,0.014133627207697286,0.752,0,-1,1,0,0,-0.25,中性,进攻
2021-07-29,4850.275,5123.42541,-0.09798288793881815,0.76,0.024218297243979503,0.804,0,-1,1,0,-1,-1.75,防御,进攻
2021-07-30,4811.17,5124.544285,-0.10104606438943453,0.904,0.022547605938035398,0.74,0,-1,1,0,0,-0.25,中性,进攻
2021-08-02,4933.736,5125.80726,-0.08932141770746271,0.976,0.024095142453315788,0.824,0,-1,1,0,-1,-1.75,防御,进攻
2021-08-03,4934.458,5126.36376,-0.10300391267770104,0.94,0.022770784432235347,0.828,0,-1,1,0,-1,-1.75,防御,进攻
2021-08-04,4978.848,5127.061995,-0.0923125697672702,0.78,0.02109363814006948,0.816,0,-1,1,0,-1,-1.75,防御,进攻
2021-08-05,4948.67,5127.769835,-0.09595962548420267,0.772,0.01855490419013539,0.812,0,-1,1,0,-1,-1.75,防御,进攻
2021-08-06,4921.565,5128.38398,-0.10246335585822997,0.72,0.02002801448998781,0.82,0,-1,1,0,-1,-1.75,防御,防御
2021-08-09,4985.563,5129.353415,-0.10405113645961706,0.792,0.017227962873089808,0.824,0,-1,1,0,-1,-1.75,防御,防御
2021-08-10,5043.148,5130.791715,-0.11309773576610238,0.752,0.014930194671232355,0.856,0,-1,1,0,-1,-1.75,防御,防御
2021-08-11,5015.341,5131.901085,-0.13643531995952274,0.908,0.01890241600467335,0.836,0,-1,1,0,-1,-1.75,防御,防御
2021-08-12,4973.351,5132.8037,-0.13782550077742795,0.9,0.024032202846882456,0.804,0,-1,1,0,-1,-1.75,防御,防御
2021-08-13,4945.983,5133.64369,-0.14412212688978165,0.884,0.022882810296642075,0.8,0,-1,1,0,0,-0.25,中性,防御
2021-08-16,4941.068,5134.756590000001,-0.11724601698701853,0.932,0.02133779256639179,0.796,0,-1,1,0,0,-0.25,中性,防御
2021-08-17,4837.403,5135.487425,-0.13303031649911778,0.976,0.015299112809271653,0.876,0,-1,1,0,-1,-1.75,防御,防御
2021-08-18,4894.238,5136.46222,-0.09992150902756525,0.928,0.012823296766552028,0.884,0,-1,1,0,-1,-1.75,防御,防御
2021-08-19,4862.139,5137.086555,-0.11105449471419804,0.912,0.004015906453761042,0.884,0,-1,1,0,-1,-1.75,防御,防御
2021-08-20,4769.268,5137.068295,-0.10633659629876635,0.936,0.0010361790296493645,0.892,0,-1,1,0,-1,-1.75,防御,防御
2021-08-23,4835.878,5137.771015,-0.10757136656489719,0.912,0.007177542272829962,0.792,0,-1,1,0,0,-0.25,中性,防御
2021-08-24,4888.39,5138.60881,-0.08621904692474058,0.976,0.012988419270351548,0.652,0,-1,1,0,0,-0.25,中性,防御
2021-08-25,4898.157,5139.21179,-0.10162038790487449,0.992,0.02321845455152105,0.656,0,-1,1,0,0,-0.25,中性,防御
2021-08-26,4801.609,5139.151555,-0.09072593702432963,1.0,0.023317217160886416,0.684,0,-1,1,0,0,-0.25,中性,防御
2021-08-27,4827.043,5138.86121,-0.08279876324296065,0.988,0.0219487336013382,0.68,0,-1,1,0,0,-0.25,中性,中性
2021-08-30,4813.27,5138.49897,-0.052510568353502096,1.0,0.02117814880331803,0.448,0,-1,1,0,0,-0.25,中性,中性
2021-08-31,4805.61,5137.62027,-0.033270777161693244,1.0,0.022938551788656003,0.448,0,0,1,0,0,1.0,中性,中性
2021-09-01,4869.459,5137.198185,-0.026811231566316596,1.0,0.021964503429241056,0.484,0,0,1,0,0,1.0,中性,中性
2021-09-02,4869.411,5137.02075,-0.05046686801023992,0.996,0.022488043609304897,0.476,0,-1,1,0,0,-0.25,中性,中性
2021-09-03,4843.062,5136.693745,-0.058937944523712704,0.996,0.01866586089524591,0.472,0,-1,1,0,0,-0.25,中性,中性
2021-09-06,4933.726,5137.07812,-0.020219861051755328,0.984,0.02144392704829401,0.552,0,0,1,0,0,1.0,中性,中性
2021-09-07,4992.829,5137.521405,-0.017036194703193064,0.988,0.025824814225748005,0.552,0,0,1,0,0,1.0,中性,中性
2021-09-08,4972.132,5137.908135,-0.02523614654632622,0.992,0.03029878966074473,0.544,0,0,1,1,0,2.0,进攻,中性
2021-09-09,4970.013,5138.29984,-0.03340387975497927,0.992,0.032996571624324345,0.532,0,0,1,1,0,2.0,进攻,中性
2021-09-10,5013.522,5138.727505,0.0012843784944192027,0.996,0.03635538334817179,0.536,0,0,1,1,0,2.0,进攻,中性
2021-09-13,4991.66,5138.969365,-0.012950372067124016,0.976,0.04484494359331692,0.536,0,0,1,1,0,2.0,进攻,中性
2021-09-14,4917.162,5138.53004,-0.018382806514193883,0.976,0.05188219247372228,0.448,0,0,1,1,0,2.0,进攻,进攻
2021-09-15,4867.319,5137.995205,-0.012450785554361854,0.944,0.05234468753078225,0.448,0,0,1,1,0,2.0,进攻,进攻
2021-09-16,4807.698,5137.480195,-0.02408458031884464,0.964,0.04947182149366003,0.488,0,0,1,1,0,2.0,进攻,进攻
2021-09-17,4855.94,5137.16194,-0.0361354429048093,0.952,0.040710995410975004,0.364,0,0,1,1,0,2.0,进攻,进攻
2021-09-22,4821.768,5136.3669549999995,-0.04460362319113387,0.932,0.03607083003908684,0.316,-1,0,1,1,0,0.75,中性,进攻
2021-09-23,4853.196,5135.831675,-0.047408409750548164,0.96,0.03726342835333507,0.272,-1,0,1,1,1,2.25,进攻,进攻
2021-09-24,4849.428,5134.743325,-0.03940546248574539,0.94,0.028977822306750056,0.264,-1,0,1,0,1,1.25,中性,进攻
2021-09-27,4877.37,5133.79445,-0.0456695723566104,0.94,0.017762525314125588,0.072,-1,0,1,0,1,1.25,中性,进攻
2021-09-28,4883.828,5132.92829,-0.053807213598532244,0.9,0.020208510028023374,0.056,-1,-1,1,0,1,0.0,中性,进攻
2021-09-29,4833.928,5131.768349999999,-0.059609652431686366,0.908,0.008793894883207365,0.124,-1,-1,1,0,1,0.0,中性,进攻
2021-09-30,4866.383,5130.98909,-0.046507043947941806,0.848,-0.0034814336947786018,0.152,-1,0,1,0,1,1.25,中性,中性
2021-10-08,4929.941,5130.5894,-0.03565347191400037,0.868,4.576343689444151e-05,0.148,-1,0,1,0,1,1.25,中性,中性
2021-10-11,4936.192,5130.5568650000005,-0.019689843996538947,0.84,-3.754845002579277e-05,0.148,-1,0,1,0,1,1.25,中性,中性
2021-10-12,4883.837,5130.273424999999,-0.012916790797263933,0.864,7.212608595152936e-05,0.196,-1,0,1,0,1,1.25,中性,中性
2021-10-13,4940.109,5130.525825000001,9.413633857024983e-05,0.568,-0.007978418345564564,0.064,-1,0,0,0,1,0.25,中性,中性
2021-10-14,4913.612,5130.419709999999,-0.013455331335727072,0.38,-0.01247362479888725,0.04,-1,0,0,0,1,0.25,中性,中性
2021-10-15,4932.108,5130.3547499999995,-0.0034079791083969635,0.528,-0.02240720627505277,0.044,-1,0,0,0,1,0.25,中性,中性
2021-10-18,4874.775,5129.95929,-0.01840569242240664,0.632,-0.02349967335158276,0.076,-1,0,0,0,1,0.25,中性,中性
2021-10-19,4922.723,5129.485515,-0.03229672713891063,0.596,-0.02259307536395505,0.104,-1,0,0,0,1,0.25,中性,中性
2021-10-20,4910.185,5129.0366,-0.03406798449452275,0.64,-0.02683977458224729,0.092,-1,0,0,0,1,0.25,中性,中性
2021-10-21,4928.016,5128.442480000001,-0.03348451432656474,0.7,-0.027612952848761085,0.036,-1,0,0,0,1,0.25,中性,中性
2021-10-22,4959.725,5128.41724,-0.02544955596548315,0.704,-0.03298217603169118,0.032,-1,0,1,-1,1,0.25,中性,中性
2021-10-25,4979.524,5128.27924,-0.03036324156797854,0.508,-0.02427651508971107,0.012,-1,0,0,0,1,0.25,中性,中性
2021-10-26,4963.098,5128.094655,-0.022480534196059776,0.604,-0.010485571495991053,0.012,-1,0,0,0,1,0.25,中性,中性
2021-10-27,4898.164,5127.375405,-0.03778710229996163,0.684,-0.012869408560547413,0.028,-1,0,0,0,1,0.25,中性,中性
2021-10-28,4864.138,5126.37402,-0.049832377527766814,0.772,-0.021483348332849483,0.036,-1,0,1,0,1,1.25,中性,中性
2021-10-29,4908.77,5125.70319,-0.0494559724904432,0.716,-0.018903577603619937,0.048,-1,0,1,0,1,1.25,中性,中性
2021-11-01,4890.685,5124.58806,-0.04543856735127161,0.792,-0.010342442426615195,0.048,-1,0,1,0,1,1.25,中性,中性
2021-11-02,4839.846,5122.730845,-0.043721118075747634,0.876,-0.011808861671194548,0.068,-1,0,1,0,1,1.25,中性,中性
2021-11-03,4821.112,5120.497815000001,-0.03501584150528425,0.388,-0.0076173141038033965,0.06,-1,0,0,0,1,0.25,中性,中性
2021-11-04,4868.742,5117.999,-0.02477354678751098,0.476,0.006901000311824612,0.068,-1,0,0,0,1,0.25,中性,中性
2021-11-05,4842.346,5115.12239,-0.03597687465409549,0.696,-0.006202076396969236,0.028,-1,0,0,0,1,0.25,中性,中性
2021-11-08,4848.18,5111.795005,-0.03892677797891897,0.328,-0.006367015945398569,0.028,-1,0,0,0,1,0.25,中性,中性
2021-11-09,4846.744,5108.55157,-0.029287154309235452,0.268,-0.0022574890214915877,0.016,-1,0,-1,0,1,-0.75,中性,中性
2021-11-10,4821.193,5105.451745,-0.05662692565828997,0.38,0.0005136138144115066,0.012,-1,-1,0,0,1,-1.0,中性,中性
2021-11-11,4898.653,5101.963245000001,-0.05522330344253634,0.484,0.0010166232935073793,0.056,-1,-1,0,0,1,-1.0,中性,中性
2021-11-12,4888.375,5098.515265,-0.057680997439856996,0.38,0.0013083921021039835,0.048,-1,-1,0,0,1,-1.0,中性,中性
2021-11-15,4882.378,5095.574875,-0.056047709787884314,0.428,-0.004548556840878515,0.02,-1,-1,0,0,1,-1.0,中性,中性
2021-11-16,4883.321,5092.701075,-0.0584394375147983,0.392,-0.008322366124760672,0.016,-1,-1,0,0,1,-1.0,中性,中性
2021-11-17,4885.754,5089.53724,-0.048380763468447,0.164,-0.010016113367855906,0.016,-1,0,-1,0,1,-0.75,中性,中性
2021-11-18,4837.619,5086.53772,-0.06167463342687585,0.408,-0.009208734551725994,0.024,-1,-1,0,0,1,-1.0,中性,中性
2021-11-19,4890.058,5083.60584,-0.08055312064842612,0.452,-0.006859220797918453,0.044,-1,-1,0,0,1,-1.0,中性,中性
2021-11-22,4912.399,5080.34299,-0.07671964384421048,0.536,-0.0039067338889066106,0.048,-1,-1,0,0,1,-1.0,中性,中性
2021-11-23,4913.346,5077.06084,-0.07959319123013187,0.708,-0.0049355547861696936,0.044,-1,-1,1,0,1,0.0,中性,中性
2021-11-24,4916.658,5073.514515,-0.0760053064325742,0.564,-0.006686692693830931,0.012,-1,-1,0,0,1,-1.0,中性,中性
2021-11-25,4896.442,5070.431885,-0.08161348345796826,0.34,-0.0012500025208496135,0.012,-1,-1,0,0,1,-1.0,中性,中性
2021-11-26,4860.127,5067.0925050000005,-0.09015010258944745,0.316,0.0006342879815677271,0.012,-1,-1,0,0,1,-1.0,中性,中性
2021-11-29,4851.423,5064.463905,-0.08290229781847702,0.544,0.0021722683837839263,0.012,-1,-1,0,0,1,-1.0,中性,中性
2021-11-30,4832.026,5061.864210000001,-0.08053986024737758,0.644,0.006946058254762022,0.004,-1,-1,0,0,1,-1.0,中性,中性
2021-12-01,4843.851,5058.995225000001,-0.08299943376691532,0.516,0.011355758818461181,0.004,-1,-1,0,0,1,-1.0,中性,中性
2021-12-02,4856.163,5055.77058,-0.07985861827673701,0.688,0.006704040503712427,0.004,-1,-1,0,0,1,-1.0,中性,中性
2021-12-03,4901.018,5052.849665000001,-0.06328203287502943,0.76,0.01300321042782926,0.008,-1,-1,1,0,1,0.0,中性,中性
2021-12-06,4892.621,5049.943029999999,-0.06566052681884227,0.876,0.01180478560428111,0.012,-1,-1,1,0,1,0.0,中性,中性
2021-12-07,4922.102,5047.13647,-0.06627454298291979,0.848,0.008245119252615396,0.016,-1,-1,1,0,1,0.0,中性,中性
2021-12-08,4995.93,5044.29331,-0.043786795153714975,0.704,0.009506477226089993,0.044,-1,0,1,0,1,1.25,中性,中性
2021-12-09,5078.69,5041.25551,-0.017007447895698635,0.884,0.010257463008374934,0.052,0,0,1,0,1,2.5,进攻,中性
2021-12-10,5055.117,5037.4925,-0.0049943991633879525,0.872,0.014545408898833045,0.06,0,0,1,0,1,2.5,进攻,中性
2021-12-13,5083.801,5034.0696,-0.003545939427961109,0.876,0.01889463008753256,0.068,0,0,1,0,1,2.5,进攻,中性
2021-12-14,5049.695,5030.423865000001,-0.01034225411791101,0.704,0.02249168092413334,0.08,0,0,1,0,1,2.5,进攻,中性
2021-12-15,5005.899,5027.466695,-0.0165971729053892,0.74,0.022946207835827348,0.116,-1,0,1,0,1,1.25,中性,中性
2021-12-16,5034.732,5024.742015,-0.017068196646804035,0.764,0.02086385425356263,0.08,0,0,1,0,1,2.5,进攻,中性
2021-12-17,4954.76,5022.327975,-0.03742359726106059,0.856,0.017194499408459407,0.16,-1,0,1,0,1,1.25,中性,中性
2021-12-20,4880.418,5019.382275,-0.05344402434923068,0.872,0.009876197684499655,0.216,-1,-1,1,0,1,0.0,中性,中性
2021-12-21,4913.485,5017.2658950000005,-0.0623062965270017,0.848,0.006741031709249334,0.22,-1,-1,1,0,1,0.0,中性,中性
2021-12-22,4914.454,5014.744245,-0.06422723049034995,0.8,0.006778525019369264,0.22,-1,-1,1,0,1,0.0,中性,中性
2021-12-23,4948.739,5012.73979,-0.04658585948103722,0.76,0.005825139187911388,0.228,-1,0,1,0,1,1.25,中性,中性
2021-12-24,4921.345,5010.08545,-0.057942883679511725,0.78,0.001444051339303698,0.22,-1,-1,1,0,1,0.0,中性,中性
2021-12-27,4919.324,5008.27854,-0.05934224454955428,0.452,0.0011719599854551621,0.22,-1,-1,0,0,1,-1.0,中性,中性
2021-12-28,4955.964,5006.74438,-0.024631001411697495,0.356,0.0013019384101904397,0.236,-1,0,0,0,1,0.25,中性,中性
2021-12-29,4883.48,5005.761655,-0.03977984156646608,0.264,-0.0018520711055850514,0.32,-1,0,-1,0,0,-2.25,防御,中性
2021-12-30,4921.511,5005.514215,-0.031790221093253246,0.284,8.015900974434054e-05,0.332,-1,0,-1,0,0,-2.25,防御,中性
2021-12-31,4940.373,5005.19802,-0.038929557299012374,0.452,-0.004814771852410082,0.312,-1,0,0,0,0,-1.25,中性,中性
2022-01-04,4917.765,5004.145764999999,-0.03350695532871062,0.824,-0.0015490448531189083,0.32,-1,0,1,0,0,-0.25,中性,中性
2022-01-05,4868.12,5002.75447,-0.039711715464994524,0.872,-0.0021526509194688126,0.348,-1,0,1,0,0,-0.25,中性,中性
2022-01-06,4818.232,5001.66791,-0.06126920501435007,0.692,-0.004183997829258823,0.272,-1,-1,0,0,1,-1.0,中性,中性
2022-01-07,4822.369,5000.382945,-0.06217888842669117,0.888,-0.014376649434268751,0.176,-1,-1,1,0,1,0.0,中性,中性
2022-01-10,4844.045,4999.0988800000005,-0.04702655965816038,0.62,-0.014460458731334391,0.192,-1,0,0,0,1,0.25,中性,中性
2022-01-11,4797.774,4997.37891,-0.06865797153158226,0.632,-0.018833580546880557,0.188,-1,-1,0,0,1,-1.0,中性,中性
2022-01-12,4845.579,4996.57135,-0.0489116983229676,0.512,-0.01849901171136714,0.224,-1,0,0,0,1,0.25,中性,中性
2022-01-13,4765.919,4995.115185,-0.0679722968341614,0.684,-0.0218806964389624,0.276,-1,-1,0,0,1,-1.0,中性,中性
2022-01-14,4726.732,4993.702615,-0.07482138362268576,0.704,-0.022915549560769355,0.264,-1,-1,1,0,1,0.0,中性,中性
2022-01-17,4767.276,4992.89557,-0.07324336130160647,0.32,-0.017147196970663803,0.248,-1,-1,0,0,1,-1.0,中性,中性
2022-01-18,4813.347,4992.33057,-0.06568736227986138,0.708,-0.017660649131050365,0.216,-1,-1,1,0,1,0.0,中性,中性
2022-01-19,4780.378,4991.04251,-0.06068700400139282,0.456,-0.019998286087268502,0.212,-1,-1,0,0,1,-1.0,中性,中性
2022-01-20,4823.509,4989.92567,-0.02066676561159031,0.724,-0.026373966070742272,0.26,-1,0,1,0,1,1.25,中性,中性
2022-01-21,4779.314,4988.348595,0.0058933183311644655,0.416,-0.03249476410002117,0.256,-1,0,0,-1,1,-0.75,中性,中性
2022-01-24,4786.738,4987.04048,0.005515196672270406,0.132,-0.029047177911218358,0.252,-1,0,-1,0,1,-0.75,中性,中性
2022-01-25,4678.451,4984.87885,-0.03542562019679285,0.428,-0.03543735541826587,0.412,-1,0,0,-1,0,-2.25,防御,中性
2022-01-26,4712.311,4982.63262,-0.020547808537216605,0.092,-0.04064437318152336,0.412,-1,0,-1,-1,0,-3.25,防御,中性
2022-01-27,4619.877,4980.0302950000005,-0.0636148752182929,0.14,-0.044432221394688165,0.488,-1,-1,-1,-1,0,-4.5,防御,中性
2022-01-28,4563.772,4977.33044,-0.07512192828472741,0.188,-0.059239045672769275,0.476,-1,-1,-1,-1,0,-4.5,防御,中性
2022-02-07,4634.09,4974.939845,-0.06924453206846237,0.38,-0.052236029411205975,0.588,-1,-1,0,-1,0,-3.5,防御,防御
2022-02-08,4608.773,4972.807025,-0.06868451523338592,0.676,-0.05691991527963958,0.592,-1,-1,0,-1,0,-3.5,防御,防御
2022-02-09,4652.061,4971.3286,-0.05475981725325174,0.576,-0.054543944973136305,0.616,-1,-1,0,-1,0,-3.5,防御,防御
2022-02-10,4639.863,4969.829695,-0.06934021293081638,0.616,-0.05587105468032261,0.604,-1,-1,0,-1,0,-3.5,防御,防御
2022-02-11,4601.395,4967.93353,-0.08759469283867927,0.652,-0.051377754654238994,0.608,-1,-1,0,-1,0,-3.5,防御,防御
2022-02-14,4551.688,4965.9471,-0.09244695425495497,0.332,-0.04946875066024958,0.62,-1,-1,0,-1,0,-3.5,防御,防御
2022-02-15,4600.103,4964.116709999999,-0.07504959935464028,0.088,-0.04808807092840939,0.66,-1,-1,-1,-1,0,-4.5,防御,防御
2022-02-16,4617.989,4961.77157,-0.06631522995529915,0.08,-0.05002599980860478,0.624,-1,-1,-1,-1,0,-4.5,防御,防御
2022-02-17,4629.165,4959.50057,-0.06312461192600471,0.204,-0.0487564277648973,0.556,-1,-1,-1,-1,0,-4.5,防御,防御
2022-02-18,4651.236,4957.263025,-0.03848490605393029,0.192,-0.04944931528560903,0.552,-1,0,-1,-1,0,-3.25,防御,防御
2022-02-21,4634.314,4954.988375,-0.05310816515257333,0.228,-0.04720566735698295,0.512,-1,-1,-1,-1,0,-4.5,防御,防御
2022-02-22,4574.153,4952.181875,-0.059230309952060134,0.404,-0.04361142927758621,0.508,-1,-1,0,-1,0,-3.5,防御,防御
2022-02-23,4623.047,4949.910925,-0.03065900259746368,0.396,-0.03682720036186482,0.584,-1,0,0,-1,0,-2.25,防御,防御
2022-02-24,4529.319,4947.10492,-0.06339262487597896,0.924,-0.031032417144856828,0.66,-1,-1,1,-1,0,-2.5,防御,防御
2022-02-25,4573.425,4944.375835,-0.06443123400547013,0.708,-0.02662227614243462,0.696,-1,-1,1,0,0,-1.5,防御,防御
2022-02-28,4581.646,4941.46322,-0.06461838605826653,0.516,-0.02436017061665663,0.704,-1,-1,0,0,0,-2.5,防御,防御
2022-03-01,4619.686,4938.944205,-0.03788792465192414,0.388,-0.01993330459175302,0.544,-1,0,0,0,0,-1.25,中性,防御
2022-03-02,4578.601,4936.53159,-0.05146877705460673,0.416,-0.015630046026597122,0.544,-1,-1,0,0,0,-2.5,防御,防御
2022-03-03,4551.628,4934.309465,-0.05435847147573292,0.844,-0.011410647859162903,0.388,-1,-1,1,0,0,-1.5,防御,防御
2022-03-04,4496.43,4931.829505,-0.06433730577387664,0.784,0.0017294726877623567,0.388,-1,-1,1,0,0,-1.5,防御,防御
2022-03-07,4352.778,4928.478095,-0.10610644837547656,0.784,0.003911485416663973,0.688,-1,-1,1,0,0,-1.5,防御,防御
2022-03-08,4265.391,4924.58231,-0.12404374984982791,0.844,0.006179606459972398,0.76,-1,-1,1,0,0,-1.5,防御,防御
2022-03-09,4226.346,4920.74917,-0.12734010012673813,0.912,0.0023840365800436025,0.732,-1,-1,1,0,0,-1.5,防御,防御
2022-03-10,4292.837,4916.660405,-0.1298995931269793,0.708,0.0025609942956321685,0.796,-1,-1,1,0,0,-1.5,防御,防御
2022-03-11,4306.522,4912.2680900000005,-0.13745854304243144,0.744,0.004142762580654491,0.804,-1,-1,1,0,-1,-3.0,防御,防御
2022-03-14,4174.758,4907.203874999999,-0.16036863059950934,0.476,0.0023592015510576214,0.832,-1,-1,0,0,-1,-4.0,防御,防御
2022-03-15,3983.812,4901.2615749999995,-0.19843026567536137,0.908,-0.00584729064063183,0.92,-1,-1,1,0,-1,-3.0,防御,防御
2022-03-16,4156.081,4896.10992,-0.1710256781559949,0.888,-0.008515509031271629,0.988,-1,-1,1,0,-1,-3.0,防御,防御
2022-03-17,4237.696,4891.62766,-0.151044742630708,0.844,-0.011450954854140938,1.0,-1,-1,1,0,-1,-3.0,防御,防御
2022-03-18,4265.902,4887.17923,-0.13244631761166303,0.668,-0.016113440850121563,1.0,-1,-1,0,0,-1,-4.0,防御,防御
2022-03-21,4258.746,4881.88057,-0.12503248708375192,0.584,-0.01641003310973521,1.0,-1,-1,0,0,-1,-4.0,防御,防御
2022-03-22,4255.295,4876.55408,-0.11489968795876948,0.624,-0.018755421040917986,0.988,-1,-1,0,0,-1,-4.0,防御,防御
2022-03-23,4276.517,4871.2455,-0.11932252045947844,0.536,-0.021911541471540175,0.984,-1,-1,0,0,-1,-4.0,防御,防御
2022-03-24,4251.306,4865.896585,-0.11830971544047753,0.4,-0.022757643725008103,0.98,-1,-1,0,0,-1,-4.0,防御,防御
2022-03-25,4174.574,4860.111605,-0.13982991826417068,0.476,-0.02387327978712983,0.98,-1,-1,0,0,-1,-4.0,防御,防御
2022-03-28,4148.466,4854.145535,-0.14454529482652378,0.5,-0.02467623913684891,0.972,-1,-1,0,0,-1,-4.0,防御,防御
2022-03-29,4134.144,4848.366385,-0.1523825340296101,0.308,-0.026107253638393835,0.964,-1,-1,0,0,-1,-4.0,防御,防御
2022-03-30,4254.099,4843.36045,-0.12894168263091987,0.652,-0.024549172563718358,1.0,-1,-1,0,0,-1,-4.0,防御,防御
2022-03-31,4222.597,4838.06205,-0.1264667160950681,0.788,-0.027336896562173973,1.0,-1,-1,1,0,-1,-3.0,防御,防御
2022-04-01,4276.158,4833.054705,-0.12128617907797212,0.696,-0.030861090162830118,1.0,-1,-1,0,-1,-1,-5.0,防御,防御
2022-04-06,4263.841,4828.213325000001,-0.13511317883925988,0.86,-0.02996300962124865,0.968,-1,-1,1,0,-1,-3.0,防御,防御
2022-04-07,4209.1,4823.07658,-0.14729816020122388,0.788,-0.03263600564899982,0.952,-1,-1,1,-1,-1,-4.0,防御,防御
2022-04-08,4230.767,4817.873085,-0.13372067904805185,0.82,-0.03273673746598438,0.944,-1,-1,1,-1,-1,-4.0,防御,防御
2022-04-11,4100.07,4812.24992,-0.17004462856993652,0.856,-0.03493902667992432,0.988,-1,-1,1,-1,-1,-4.0,防御,防御
2022-04-12,4179.973,4807.316985,-0.1493074748270723,0.824,-0.03326950035926701,0.992,-1,-1,1,-1,-1,-4.0,防御,防御
2022-04-13,4139.737,4802.613215,-0.16065564663223109,0.74,-0.03671360726029238,0.956,-1,-1,1,-1,-1,-4.0,防御,防御
2022-04-14,4191.568,4798.061595,-0.14015149417152573,0.624,-0.03112699045882039,0.924,-1,-1,0,-1,-1,-5.0,防御,防御
2022-04-15,4188.747,4793.493,-0.14909959386299,0.796,-0.03285959620580026,0.836,-1,-1,1,-1,-1,-4.0,防御,防御
2022-04-18,4166.384,4788.872995000001,-0.15148125783448085,0.468,-0.029913638171737644,0.82,-1,-1,0,0,-1,-4.0,防御,防御
2022-04-19,4134.902,4783.936715,-0.16093981837721294,0.42,-0.022920854454700934,0.82,-1,-1,0,0,-1,-4.0,防御,防御
2022-04-20,4070.789,4778.55369,-0.17923090493928595,0.588,-0.025772626303431245,0.828,-1,-1,0,0,-1,-4.0,防御,防御
2022-04-21,3995.83,4772.75297,-0.19754779774131026,0.736,-0.030766430451961813,0.844,-1,-1,1,-1,-1,-4.0,防御,防御
2022-04-22,4013.25,4766.61938,-0.19138207627574555,0.428,-0.03837149354194469,0.84,-1,-1,0,-1,-1,-5.0,防御,防御
2022-04-25,3814.913,4759.4351449999995,-0.22115449788941322,0.872,-0.04864155806707737,0.924,-1,-1,1,-1,-1,-4.0,防御,防御
2022-04-26,3784.12,4752.403020000001,-0.22203687477616796,0.764,-0.06217624742634953,0.92,-1,-1,1,-1,-1,-4.0,防御,防御
2022-04-27,3895.536,4745.7604949999995,-0.2064130118135501,0.836,-0.0685957789127083,0.924,-1,-1,1,-1,-1,-4.0,防御,防御
2022-04-28,3921.107,4739.21771,-0.19824993840331162,0.62,-0.0735896126788983,0.924,-1,-1,0,-1,-1,-5.0,防御,防御
2022-04-29,4016.241,4733.89333,-0.17017173686931353,0.844,-0.08303321358701199,0.916,-1,-1,1,-1,-1,-4.0,防御,防御
2022-05-05,4010.21,4728.51542,-0.16819812524579392,0.684,-0.07728057197234639,0.912,-1,-1,0,-1,-1,-5.0,防御,防御
2022-05-06,3908.815,4722.643975,-0.1971611968759076,0.408,-0.07129287935882811,0.92,-1,-1,0,-1,-1,-5.0,防御,防御
2022-05-09,3877.436,4716.328705,-0.19926498436914664,0.096,-0.07307653725157826,0.92,-1,-1,-1,-1,-1,-6.0,防御,防御
2022-05-10,3919.868,4710.48676,-0.19147638907796338,0.588,-0.0705537135491432,0.924,-1,-1,0,-1,-1,-5.0,防御,防御
2022-05-11,3976.423,4705.021694999999,-0.17956818020510268,0.844,-0.06466487580733571,0.924,-1,-1,1,-1,-1,-4.0,防御,防御
2022-05-12,3958.74,4699.15185,-0.17888788107010034,0.404,-0.06084718191147209,0.892,-1,-1,0,-1,-1,-5.0,防御,防御
2022-05-13,3988.6,4693.384355,-0.18577617153123527,0.32,-0.06153942226439402,0.888,-1,-1,0,-1,-1,-5.0,防御,防御
2022-05-16,3956.538,4687.75162,-0.19062305981026417,0.36,-0.05760570696646106,0.884,-1,-1,0,-1,-1,-5.0,防御,防御
2022-05-17,4005.893,4682.023770000001,-0.17952010270405117,0.304,-0.05716453208505223,0.88,-1,-1,0,-1,-1,-5.0,防御,防御
2022-05-18,3991.907,4676.50944,-0.18254257706998978,0.192,-0.05075936503192746,0.876,-1,-1,-1,-1,-1,-6.0,防御,防御
2022-05-19,3999.598,4670.939955,-0.18137548472559195,0.336,-0.05032242744137372,0.884,-1,-1,0,-1,-1,-5.0,防御,防御
2022-05-20,4077.6,4665.782985000001,-0.1571060060744759,0.6,-0.05249543649840016,0.892,-1,-1,0,-1,-1,-5.0,防御,防御
2022-05-23,4053.982,4660.3326799999995,-0.1709746591962713,0.496,-0.04943452074693644,0.884,-1,-1,0,-1,-1,-5.0,防御,防御
2022-05-24,3959.154,4654.3696899999995,-0.19404877331829118,0.8,-0.04660522170256287,0.892,-1,-1,1,-1,-1,-4.0,防御,防御
2022-05-25,3983.178,4648.83944,-0.18931457300177923,0.388,-0.03853493666453611,0.892,-1,-1,0,-1,-1,-5.0,防御,防御
2022-05-26,3993.045,4644.17817,-0.18785382265758577,0.576,-0.027437623277693612,0.764,-1,-1,0,0,0,-2.5,防御,防御
2022-05-27,4001.299,4640.4281,-0.18281499096691023,0.516,-0.014564468110753848,0.744,-1,-1,0,0,0,-2.5,防御,防御
2022-05-30,4029.018,4636.770775,-0.17100561363931444,0.444,-0.00532078664558111,0.716,-1,-1,0,0,0,-2.5,防御,防御
2022-05-31,4091.518,4632.97699,-0.15663548612438039,0.6,0.001301499374692927,0.72,-1,-1,0,0,0,-2.5,防御,防御
2022-06-01,4083.177,4629.337025,-0.15497619425061038,0.552,0.009765707844667126,0.676,-1,-1,0,0,0,-2.5,防御,防御
2022-06-02,4089.568,4625.116185000001,-0.15571969492868376,0.532,0.004795080105707283,0.672,-1,-1,0,0,0,-2.5,防御,防御
2022-06-06,4166.085,4621.2743199999995,-0.1421035496543258,0.82,0.011819447995477184,0.488,-1,-1,1,0,0,-1.5,防御,防御
2022-06-07,4179.129,4617.2757249999995,-0.14729368469979098,0.744,0.012287143467856865,0.44,-1,-1,1,0,0,-1.5,防御,防御
2022-06-08,4219.812,4613.631435,-0.13751504561665417,0.872,0.01264390246132785,0.436,-1,-1,1,0,0,-1.5,防御,防御
2022-06-09,4175.675,4609.901985,-0.15164801542105377,0.816,0.010407677881202781,0.46,-1,-1,1,0,0,-1.5,防御,防御
2022-06-10,4238.994,4606.16914,-0.15151052957107092,0.876,0.008573875321385982,0.504,-1,-1,1,0,0,-1.5,防御,防御
2022-06-13,4189.353,4601.900165,-0.1751114952871704,0.872,0.018347450614667027,0.584,-1,-1,1,0,0,-1.5,防御,防御
2022-06-14,4222.311,4597.935014999999,-0.16474514833187848,0.896,0.019181805234123717,0.552,-1,-1,1,0,0,-1.5,防御,防御
2022-06-15,4278.218,4594.45935,-0.158460765871835,0.968,0.023739120606738995,0.556,-1,-1,1,0,0,-1.5,防御,防御
2022-06-16,4250.061,4590.97974,-0.158352930226479,0.848,0.024340604552214762,0.584,-1,-1,1,0,0,-1.5,防御,防御
2022-06-17,4309.044,4587.81962,-0.13920676385999808,0.692,0.021444082142614285,0.628,-1,-1,0,0,0,-2.5,防御,防御
2022-06-20,4330.433,4585.28477,-0.13988808143114673,0.756,0.029687130807802387,0.516,-1,-1,1,0,0,-1.5,防御,防御
2022-06-21,4325.566,4582.44141,-0.12698778548305067,0.68,0.023822321699243476,0.48,-1,-1,0,0,0,-2.5,防御,防御
2022-06-22,4270.623,4579.48383,-0.12494728935103516,0.556,0.029286175009791027,0.316,-1,-1,0,0,0,-2.5,防御,防御
2022-06-23,4343.878,4577.35688,-0.11592728989708934,0.7,0.02898692278506232,0.364,-1,-1,0,0,0,-2.5,防御,防御
2022-06-24,4394.772,4575.15135,-0.1057456230132584,0.644,0.02862877026968813,0.38,-1,-1,0,0,0,-2.5,防御,防御
2022-06-27,4444.264,4572.93072,-0.10194011039984119,0.76,0.039085134404360344,0.388,-1,-1,1,1,0,-0.5,中性,防御
2022-06-28,4490.517,4570.892519999999,-0.08754273476051777,0.744,0.04223002596260628,0.404,-1,-1,1,1,0,-0.5,中性,防御
2022-06-29,4421.357,4568.99126,-0.1012267132638549,0.868,0.041964487021503016,0.54,-1,-1,1,1,0,-0.5,中性,防御
2022-06-30,4485.011,4567.2811,-0.09502752643078105,0.584,0.04418740597652948,0.548,-1,-1,0,1,0,-1.5,防御,防御
2022-07-01,4466.718,4565.54834,-0.08534119111780936,0.384,0.04371877220113718,0.58,-1,-1,0,1,0,-1.5,防御,防御
2022-07-04,4496.03,4564.00044,-0.08645332703716413,0.424,0.040717484255479164,0.472,-1,-1,0,1,0,-1.5,防御,防御
2022-07-05,4489.538,4562.100835,-0.09125525542302171,0.736,0.040093410555261055,0.484,-1,-1,1,1,0,-0.5,中性,防御
2022-07-06,4423.97,4559.873629999999,-0.10041045068237298,0.612,0.04196348888726065,0.624,-1,-1,0,1,0,-1.5,防御,防御
2022-07-07,4443.474,4557.87569,-0.08722997789701148,0.248,0.042679640361698024,0.532,-1,-1,-1,1,0,-2.5,防御,防御
2022-07-08,4428.781,4555.350965,-0.08082861099257987,0.176,0.042243930403733865,0.46,-1,-1,-1,1,0,-2.5,防御,防御
2022-07-11,4354.617,4552.159905,-0.09699631031967892,0.3,0.03483274956411009,0.544,-1,-1,0,1,0,-1.5,防御,防御
2022-07-12,4313.618,4548.867335,-0.10950084072299071,0.244,0.030128499069557835,0.588,-1,-1,-1,1,0,-2.5,防御,防御
2022-07-13,4321.462,4545.62458,-0.09927770670315017,0.224,0.02678171355365344,0.516,-1,-1,-1,0,0,-3.5,防御,防御
2022-07-14,4322.074,4542.16734,-0.1080376565937734,0.408,0.02601446457439871,0.476,-1,-1,0,0,0,-2.5,防御,防御
2022-07-15,4248.527,4538.451675,-0.10856080432755988,0.564,0.026489283935791752,0.532,-1,-1,0,0,0,-2.5,防御,防御
2022-07-18,4292.586,4535.328795,-0.09184908304511441,0.328,0.022911121781474808,0.58,-1,-1,0,0,0,-2.5,防御,防御
2022-07-19,4269.34,4532.3389,-0.10444874599247023,0.116,0.027079714962796153,0.6,-1,-1,-1,0,0,-3.5,防御,防御
2022-07-20,4283.803,4529.719425,-0.11001575411039344,0.064,0.02535479282858799,0.508,-1,-1,-1,0,0,-3.5,防御,防御
2022-07-21,4236.058,4526.620015,-0.11386547256304835,0.22,0.02582986720402225,0.396,-1,-1,-1,0,0,-3.5,防御,防御
2022-07-22,4238.234,4523.702345000001,-0.12133801346695938,0.06,0.02505832260662877,0.344,-1,-1,-1,0,0,-3.5,防御,防御
2022-07-25,4212.644,4520.499585,-0.11856722533819708,0.004,0.01831115389083915,0.308,-1,-1,-1,0,0,-3.5,防御,防御
2022-07-26,4245.976,4517.482325,-0.11297087912478199,0.004,0.012678020376014398,0.288,-1,-1,-1,0,1,-2.0,防御,防御
2022-07-27,4225.036,4514.220655,-0.09691562442355384,0.004,0.014748336550010732,0.232,-1,-1,-1,0,1,-2.0,防御,防御
2022-07-28,4225.673,4510.92988,-0.10326949982715483,0.044,0.01222956864609892,0.14,-1,-1,-1,0,1,-2.0,防御,防御
2022-07-29,4170.102,4507.61075,-0.09735648806234465,0.108,0.01258550632655564,0.172,-1,-1,-1,0,1,-2.0,防御,防御
2022-08-01,4188.678,4504.222225,-0.08218946958787599,0.056,0.009240296171371565,0.152,-1,-1,-1,0,1,-2.0,防御,防御
2022-08-02,4107.024,4500.10764,-0.11373667753539529,0.656,2.2894358528979808e-05,0.264,-1,-1,0,0,1,-1.0,中性,防御
2022-08-03,4066.975,4495.761555,-0.11755797041859084,0.184,-0.004116122431402136,0.212,-1,-1,-1,0,1,-2.0,防御,防御
2022-08-04,4101.537,4491.850055,-0.1183398068082081,0.012,-0.003715563266989297,0.272,-1,-1,-1,0,1,-2.0,防御,防御
2022-08-05,4156.911,4487.9340649999995,-0.10408755603344322,0.02,-0.002762125885434452,0.364,-1,-1,-1,0,0,-3.5,防御,防御
2022-08-08,4148.075,4484.10638,-0.09851794944793923,0.008,-0.0014443974652028624,0.308,-1,-1,-1,0,0,-3.5,防御,防御
2022-08-09,4156.291,4480.227295000001,-0.08686821240823184,0.016,0.0031127319924184604,0.304,-1,-1,-1,0,0,-3.5,防御,防御
2022-08-10,4109.737,4476.402105,-0.10659891745902206,0.012,0.004308627795929887,0.32,-1,-1,-1,0,0,-3.5,防御,防御
2022-08-11,4193.543,4472.756205000001,-0.09191143590857409,0.096,0.002103991670389105,0.476,-1,-1,-1,0,0,-3.5,防御,防御
2022-08-12,4191.152,4469.16104,-0.0946203040937188,0.096,0.0009874719847524638,0.4,-1,-1,-1,0,0,-3.5,防御,防御
2022-08-15,4185.679,4465.449355000001,-0.10009317953335406,0.06,0.0015400665098057598,0.364,-1,-1,-1,0,0,-3.5,防御,防御
2022-08-16,4177.837,4461.539915,-0.09849936797549752,0.124,0.0010828589400897481,0.364,-1,-1,-1,0,0,-3.5,防御,防御
2022-08-17,4216.959,4457.72709,-0.07808964850978972,0.236,0.0008966326255956947,0.388,-1,-1,-1,0,0,-3.5,防御,防御
2022-08-18,4180.1,4453.8121,-0.0958127832141874,0.124,0.001688959526357614,0.38,-1,-1,-1,0,0,-3.5,防御,防御
2022-08-19,4151.074,4450.07665,-0.08351034669891888,0.3,-0.00040167910734389967,0.392,-1,-1,0,0,0,-2.5,防御,防御
2022-08-22,4181.397,4446.662945,-0.08571869004083377,0.176,0.0010838031065645293,0.404,-1,-1,-1,0,0,-3.5,防御,防御
2022-08-23,4161.082,4442.924505,-0.09179321143536612,0.2,0.0036680729060794004,0.388,-1,-1,-1,0,0,-3.5,防御,防御
2022-08-24,4082.42,4438.88318,-0.11629924631241162,0.516,-0.001616955490017502,0.484,-1,-1,0,0,0,-2.5,防御,防御
2022-08-25,4116.24,4435.26515,-0.10098302953238336,0.328,-0.0037991018062050186,0.54,-1,-1,0,0,0,-2.5,防御,防御
2022-08-26,4107.546,4431.697319999999,-0.09756553039923288,0.16,-0.005294665919519104,0.468,-1,-1,-1,0,0,-3.5,防御,防御
2022-08-29,4089.521,4427.801215,-0.09049601572803312,0.092,-0.00591054684312986,0.464,-1,-1,-1,0,0,-3.5,防御,防御
2022-08-30,4075.794,4423.968455,-0.06363384486872525,0.084,-0.0005778430743451635,0.344,-1,-1,-1,0,0,-3.5,防御,防御
2022-08-31,4078.84,4420.121755,-0.0437359669957571,0.4,-0.005616788789849503,0.308,-1,0,0,0,0,-1.25,中性,防御
2022-09-01,4043.74,4416.106734999999,-0.043206590279167845,0.032,-0.009523002231905608,0.304,-1,0,-1,0,0,-2.25,防御,防御
2022-09-02,4023.613,4412.118835,-0.06271470358646292,0.008,-0.010457580275793021,0.196,-1,-1,-1,0,1,-2.0,防御,防御
2022-09-05,4015.426,4407.7027,-0.06759422104426727,0.068,-0.012181227472919165,0.196,-1,-1,-1,0,1,-2.0,防御,防御
2022-09-06,4052.28,4403.522225,-0.02933774843955017,0.232,-0.016462025303771943,0.236,-1,0,-1,0,1,-0.75,中性,防御
2022-09-07,4054.983,4399.38525,0.01786504985677051,0.136,-0.017317239606918555,0.196,-1,0,-1,0,1,-0.75,中性,防御
2022-09-08,4037.684,4395.157065,-0.028487654595759748,0.072,-0.018625336210761234,0.044,-1,0,-1,0,1,-0.75,中性,防御
2022-09-09,4093.787,4391.19723,-0.03395925521792975,0.076,-0.022199890857969473,0.12,-1,0,-1,0,1,-0.75,中性,防御
2022-09-13,4111.115,4387.564710000001,-0.03628470602465794,0.056,-0.022385616207963088,0.124,-1,0,-1,0,1,-0.75,中性,中性
2022-09-14,4065.359,4383.441215,-0.04540937637511144,0.016,-0.024379167309321104,0.172,-1,0,-1,0,1,-0.75,中性,中性
2022-09-15,4027.119,4379.0148149999995,-0.053621664302944905,0.288,-0.028634867423252608,0.152,-1,-1,-1,0,1,-2.0,防御,中性
2022-09-16,3932.683,4374.1115,-0.08040047543362971,0.244,-0.03391800050316318,0.356,-1,-1,-1,-1,0,-4.5,防御,中性
2022-09-19,3928.0,4369.16821,-0.07604863070312973,0.004,-0.033022196292777584,0.352,-1,-1,-1,-1,0,-4.5,防御,中性
2022-09-20,3932.836,4364.350179999999,-0.05790722598281883,0.004,-0.03348242234304921,0.304,-1,-1,-1,-1,0,-4.5,防御,中性
2022-09-21,3903.735,4359.56822,-0.05899313143701801,0.008,-0.03518874978621789,0.316,-1,-1,-1,-1,0,-4.5,防御,防御
2022-09-22,3869.344,4354.657825,-0.06405195368134253,0.008,-0.03316764042391296,0.196,-1,-1,-1,-1,1,-3.0,防御,防御
2022-09-23,3856.021,4349.7778,-0.09357516127386789,0.016,-0.03637603362761421,0.124,-1,-1,-1,-1,1,-3.0,防御,防御
2022-09-26,3836.677,4344.74193,-0.09139399284374039,0.056,-0.034354507985088434,0.128,-1,-1,-1,-1,1,-3.0,防御,防御
2022-09-27,3892.295,4339.92259,-0.08976819846226458,0.012,-0.035511386865348604,0.276,-1,-1,-1,-1,1,-3.0,防御,防御
2022-09-28,3828.71,4334.56105,-0.10205141326799017,0.012,-0.0392122153801886,0.408,-1,-1,-1,-1,0,-4.5,防御,防御
2022-09-29,3827.143,4329.233660000001,-0.0907455275474568,0.012,-0.03577738736866043,0.404,-1,-1,-1,-1,0,-4.5,防御,防御
2022-09-30,3804.885,4323.647575,-0.10066307125871021,0.004,-0.04383919475414344,0.396,-1,-1,-1,-1,0,-4.5,防御,防御
2022-10-10,3720.937,4317.27261,-0.09246988466050576,0.036,-0.04144417034686254,0.548,-1,-1,-1,-1,0,-4.5,防御,防御
2022-10-11,3727.687,4310.517595,-0.10820309126398664,0.008,-0.04222902918674287,0.548,-1,-1,-1,-1,0,-4.5,防御,防御
2022-10-12,3784.306,4304.16354,-0.0858583528373904,0.044,-0.040002897410847726,0.64,-1,-1,-1,-1,0,-4.5,防御,防御
2022-10-13,3752.673,4297.5079000000005,-0.10470902535757509,0.056,-0.039574947501813895,0.644,-1,-1,-1,-1,0,-4.5,防御,防御
2022-10-14,3842.47,4291.471775,-0.08266839701705553,0.124,-0.03850068799833184,0.784,-1,-1,-1,-1,0,-4.5,防御,防御
2022-10-17,3846.412,4285.6743400000005,-0.07679849000956229,0.088,-0.03046630593605193,0.776,-1,-1,-1,-1,0,-4.5,防御,防御
2022-10-18,3838.267,4279.6920150000005,-0.07173930603433898,0.044,-0.032074935675348915,0.764,-1,-1,-1,-1,0,-4.5,防御,防御
2022-10-19,3776.534,4273.800885000001,-0.0722845129040095,0.028,-0.029995774246225126,0.776,-1,-1,-1,0,0,-3.5,防御,防御
2022-10-20,3754.927,4268.17343,-0.0602886008664032,0.048,-0.025453451495799473,0.772,-1,-1,-1,0,0,-3.5,防御,防御
2022-10-21,3742.893,4262.32047,-0.06736609979443098,0.052,-0.025135906831624033,0.648,-1,-1,-1,0,0,-3.5,防御,防御
2022-10-24,3633.373,4255.915064999999,-0.04758693055385532,0.212,-0.0213915840089145,0.784,-1,0,-1,0,0,-2.25,防御,防御
2022-10-25,3627.454,4249.30864,-0.041400906947982596,0.088,-0.02315668782489555,0.776,-1,0,-1,0,0,-2.25,防御,防御
2022-10-26,3656.903,4242.986430000001,-0.06125806564231473,0.116,-0.020874336126436854,0.796,-1,-1,-1,0,0,-3.5,防御,防御
2022-10-27,3631.145,4236.545535,-0.07394901490828998,0.116,-0.020945600395593678,0.792,-1,-1,-1,0,0,-3.5,防御,防御
2022-10-28,3541.33,4229.472365,-0.1182476350398296,0.204,-0.02368794924939832,0.808,-1,-1,-1,0,-1,-5.0,防御,防御
2022-10-31,3508.703,4222.59848,-0.12505754062754815,0.264,-0.021682374143598526,0.808,-1,-1,-1,0,-1,-5.0,防御,防御
2022-11-01,3634.173,4216.16179,-0.07026221501912988,0.364,-0.019831052930224247,0.836,-1,-1,0,0,-1,-4.0,防御,防御
2022-11-02,3677.805,4209.8489500000005,-0.0514853114274485,0.388,-0.01386353698711762,0.836,-1,-1,0,0,-1,-4.0,防御,防御
2022-11-03,3647.897,4203.49961,-0.06938269349886272,0.096,-0.007970366060027878,0.836,-1,-1,-1,0,-1,-5.0,防御,防御
2022-11-04,3767.175,4197.994885,-0.05262216821500121,0.436,0.0023863017567160583,0.852,-1,-1,0,0,-1,-4.0,防御,防御
2022-11-07,3775.297,4192.78021,-0.04633873404163946,0.376,0.0060904885538128894,0.836,-1,0,0,0,-1,-2.75,防御,防御
2022-11-08,3749.325,4187.41499,-0.05998972070400643,0.092,0.008419208233931164,0.84,-1,-1,-1,0,-1,-5.0,防御,防御
2022-11-09,3714.27,4181.766115,-0.06123231977046606,0.04,0.008367369838952587,0.828,-1,-1,-1,0,-1,-5.0,防御,防御
2022-11-10,3685.689,4176.20569,-0.07993323835659116,0.136,0.006699026347104731,0.824,-1,-1,-1,0,-1,-5.0,防御,防御
2022-11-11,3788.439,4170.919989999999,-0.050970125306025515,0.856,0.0019811273562473364,0.84,-1,-1,1,0,-1,-3.0,防御,防御
2022-11-14,3794.017,4166.060479999999,-0.05140041574178211,0.648,0.0007192964763493848,0.84,-1,-1,0,0,-1,-4.0,防御,防御
2022-11-15,3865.973,4161.756684999999,-0.0518998920933883,0.46,0.002214392215069916,0.848,-1,-1,0,0,-1,-4.0,防御,防御
2022-11-16,3834.39,4157.092255,-0.05416698939462483,0.284,0.0006874823349882764,0.84,-1,-1,-1,0,-1,-5.0,防御,防御
2022-11-17,3818.664,4152.118839999999,-0.0354848535823562,0.196,0.0013123177629568161,0.836,-1,0,-1,0,-1,-3.75,防御,防御
2022-11-18,3801.569,4147.224794999999,-0.045593995548278254,0.248,0.0011819789451070761,0.836,-1,0,-1,0,-1,-3.75,防御,防御
2022-11-21,3769.127,4141.952885,-0.05607700389051462,0.096,0.0029113268898306455,0.792,-1,-1,-1,0,0,-3.5,防御,防御
2022-11-22,3769.573,4136.90418,-0.05791269285299605,0.428,0.003701447361824206,0.788,-1,-1,0,0,0,-2.5,防御,防御
2022-11-23,3773.529,4131.838135,-0.06341222600643637,0.412,0.0015069406814978148,0.784,-1,-1,0,0,0,-2.5,防御,防御
2022-11-24,3756.808,4127.22992,-0.08180582365762534,0.136,0.0017616642129616444,0.772,-1,-1,-1,0,0,-3.5,防御,防御
2022-11-25,3775.776,4122.547245,-0.07528475988182737,0.32,0.0051324078639889414,0.764,-1,-1,0,0,0,-2.5,防御,防御
2022-11-28,3733.242,4118.11407,-0.08713047441685773,0.3,0.005374830130577601,0.764,-1,-1,0,0,0,-2.5,防御,防御
2022-11-29,3848.422,4114.53732,-0.07624976446711962,0.784,0.005392202225789733,0.744,-1,-1,1,0,0,-1.5,防御,防御
2022-11-30,3853.037,4110.632055,-0.07802869928159673,0.692,0.0014798692849080641,0.732,-1,-1,0,0,0,-2.5,防御,防御
2022-12-01,3894.769,4107.062035,-0.07702783915491973,0.768,0.0004964045505873038,0.724,-1,-1,1,0,0,-1.5,防御,防御
2022-12-02,3870.948,4103.15647,-0.07297670436516257,0.312,-0.0003603233665709915,0.664,-1,-1,0,0,0,-2.5,防御,防御
2022-12-05,3946.876,4099.691535,-0.06891210508908474,0.98,0.00017944923655810463,0.696,-1,-1,1,0,0,-1.5,防御,防御
2022-12-06,3968.198,4096.52555,-0.05278977445920652,0.688,-0.0014417244252835637,0.684,-1,-1,0,0,0,-2.5,防御,防御
2022-12-07,3958.441,4093.559315,-0.062494212292746765,0.58,-0.0008252323335324885,0.656,-1,-1,0,0,0,-2.5,防御,防御
2022-12-08,3959.18,4090.3547,-0.07457263748598131,0.372,-0.0004532260781612285,0.648,-1,-1,0,0,0,-2.5,防御,防御
2022-12-09,3998.244,4087.2559749999996,-0.059250208408773375,0.684,0.003342616845583679,0.484,-1,-1,0,0,0,-2.5,防御,防御
2022-12-12,3953.443,4083.877365,-0.0825243371847676,0.468,0.007181267742973896,0.576,-1,-1,0,0,0,-2.5,防御,防御
2022-12-13,3945.681,4080.34959,-0.0888483899877911,0.2,0.0038666514545344643,0.412,-1,-1,-1,0,0,-3.5,防御,防御
2022-12-14,3954.886,4076.9524499999998,-0.08569514371067277,0.136,0.0016080668060354242,0.368,-1,-1,-1,0,0,-3.5,防御,防御
2022-12-15,3951.989,4073.84163,-0.07461065984986259,0.044,0.0005999053694671908,0.36,-1,-1,-1,0,0,-3.5,防御,防御
2022-12-16,3954.227,4070.49753,-0.08970118405719496,0.124,0.00016229816857404877,0.352,-1,-1,-1,0,0,-3.5,防御,防御
2022-12-19,3893.221,4067.3170400000004,-0.11412446424979494,0.192,-0.004866350332925484,0.432,-1,-1,-1,0,0,-3.5,防御,防御
2022-12-20,3829.017,4063.595,-0.13843619550953778,0.012,-0.003982355071767252,0.596,-1,-1,-1,0,0,-3.5,防御,防御
2022-12-21,3830.538,4059.83946,-0.14697171840124423,0.004,-0.00626949090828921,0.596,-1,-1,-1,0,0,-3.5,防御,防御
2022-12-22,3836.028,4055.92117,-0.132386731042076,0.028,-0.007540808242499142,0.576,-1,-1,-1,0,0,-3.5,防御,防御
2022-12-23,3828.219,4052.1692599999997,-0.1464415583373152,0.008,-0.006130668872487033,0.572,-1,-1,-1,0,0,-3.5,防御,防御
2022-12-26,3843.489,4048.628565,-0.1395272770745769,0.016,-0.0046393664064904305,0.492,-1,-1,-1,0,0,-3.5,防御,防御
2022-12-27,3887.854,4045.585685,-0.13526956003407453,0.036,-0.0071309603190817805,0.128,-1,-1,-1,0,1,-2.0,防御,防御
2022-12-28,3871.264,4043.178115,-0.13771439288407838,0.044,-0.006418453375999111,0.156,-1,-1,-1,0,1,-2.0,防御,防御
2022-12-29,3856.701,4041.1346650000005,-0.128226231190537,0.024,-0.008080753923225825,0.076,-1,-1,-1,0,1,-2.0,防御,防御
2022-12-30,3871.634,4039.361105,-0.1286920999200175,0.028,-0.012523116402226253,0.072,-1,-1,-1,0,1,-2.0,防御,防御
2023-01-03,3887.899,4037.3364149999998,-0.12212886570819381,0.244,-0.015063104331866306,0.008,-1,-1,-1,0,1,-2.0,防御,防御
2023-01-04,3892.948,4035.2685449999994,-0.10601827898986305,0.2,-0.01505556298267885,0.008,-1,-1,-1,0,1,-2.0,防御,防御
2023-01-05,3968.578,4034.2376450000006,-0.07998853862349431,0.144,-0.01595963201930739,0.068,-1,-1,-1,0,1,-2.0,防御,防御
2023-01-06,3980.889,4034.22303,-0.07880967135659189,0.148,-0.017825918786046335,0.072,-1,-1,-1,0,1,-2.0,防御,防御
2023-01-09,4013.12,4033.508225,-0.07148281126144529,0.156,-0.014577597338313097,0.068,-1,-1,-1,0,1,-2.0,防御,防御
2023-01-10,4017.474,4032.4071150000004,-0.054384260709652965,0.076,-0.01858042486607825,0.032,-1,-1,-1,0,1,-2.0,防御,防御
2023-01-11,4010.031,4031.1277600000003,-0.06582395786595774,0.084,-0.019179864345610476,0.032,-1,-1,-1,0,1,-2.0,防御,防御
2023-01-12,4017.869,4029.923375,-0.05890161008493111,0.028,-0.01892590455967491,0.032,-1,-1,-1,0,1,-2.0,防御,防御
2023-01-13,4074.377,4029.0187850000007,-0.04888786902665687,0.044,-0.023026861936733534,0.088,0,0,-1,0,1,0.5,中性,防御
2023-01-16,4137.964,4028.32602,-0.023156906727906046,0.388,-0.01860810011526448,0.184,0,0,0,0,1,1.5,进攻,防御
2023-01-17,4137.242,4027.7556999999997,-0.02382879284154682,0.064,-0.01871258192477232,0.052,0,0,-1,0,1,0.5,中性,防御
2023-01-18,4130.314,4027.5344,-0.019543545573753707,0.024,-0.022124531993728325,0.004,0,0,-1,0,1,0.5,中性,防御
2023-01-19,4156.008,4027.57211,-0.021189003423476738,0.068,-0.021245375000339184,0.004,0,0,-1,0,1,0.5,中性,防御
2023-01-20,4181.527,4027.8090249999996,-0.0102979004202568,0.24,-0.029064050058924318,0.004,0,0,-1,0,1,0.5,中性,防御
2023-01-30,4201.345,4027.545255,-0.005757189446509381,0.656,-0.012352126443059275,0.004,0,0,0,0,1,1.5,进攻,防御
2023-01-31,4156.858,4027.2165599999994,-0.0031759414997521995,0.364,-0.010046449674560032,0.032,0,0,0,0,1,1.5,进攻,防御
2023-02-01,4195.933,4026.8154350000004,0.0017320500644832926,0.596,-0.0035234064835097945,0.028,0,0,0,0,1,1.5,进攻,防御
2023-02-02,4181.149,4026.401975,0.018048348390464763,0.564,0.001781157936316946,0.028,0,0,0,0,1,1.5,进攻,防御
2023-02-03,4141.632,4026.064635,0.018356886875380285,0.336,0.002561852893778749,0.044,0,0,0,0,1,1.5,进攻,进攻
2023-02-06,4086.878,4025.3451900000005,-0.003574026029754207,0.224,0.011477046151089354,0.116,0,0,-1,0,1,0.5,中性,进攻
2023-02-07,4094.234,4025.3160099999996,-0.01507778251687375,0.152,0.011436420378397205,0.116,0,0,-1,0,1,0.5,中性,进攻
2023-02-08,4076.141,4024.79685,-0.017341537942298424,0.1,0.012131169175919831,0.148,0,0,-1,0,1,0.5,中性,进攻
2023-02-09,4130.857,4024.75245,-0.006119398280822974,0.164,0.011780913048224262,0.088,0,0,-1,0,1,0.5,中性,进攻
2023-02-10,4106.31,4024.3261600000005,-0.000833873311114508,0.216,0.011570475755315446,0.104,0,0,-1,0,1,0.5,中性,中性
2023-02-13,4143.574,4024.100295,-0.011915699922476097,0.364,0.013455731583233321,0.112,0,0,0,0,1,1.5,进攻,中性
2023-02-14,4145.29,4023.9948249999998,-0.010942576169988616,0.256,0.015420194367392615,0.116,0,0,-1,0,1,0.5,中性,中性
2023-02-15,4123.689,4023.93876,-0.01481002245991625,0.252,0.019696911754938373,0.124,0,0,-1,0,1,0.5,中性,中性
2023-02-16,4093.488,4024.052255,-0.020189634013964786,0.796,0.019983211025892844,0.172,0,0,1,0,1,2.5,进攻,中性
2023-02-17,4034.507,4024.24564,-0.04326624944657986,0.3,0.020443681375807987,0.18,0,0,0,0,1,1.5,进攻,中性
2023-02-20,4133.49,4024.84684,-0.011150450946149748,0.504,0.022756217481692875,0.3,0,0,0,0,0,0.0,中性,中性
2023-02-21,4144.354,4026.494045,-0.0016188581557445847,0.5,0.02657614058321056,0.308,0,0,0,0,0,0.0,中性,中性
2023-02-22,4106.951,4028.1082,-0.01780409753008383,0.172,0.03208704222316672,0.344,1,0,-1,1,0,1.25,中性,中性
2023-02-23,4103.646,4029.14875,-0.013803140625443189,0.228,0.03349832301335898,0.332,1,0,-1,1,0,1.25,中性,中性
2023-02-24,4061.046,4029.848445,-0.005235620048892664,0.1,0.04378336410348127,0.348,1,0,-1,1,0,1.25,中性,中性
2023-02-27,4043.844,4029.98646,-0.01758789574951891,0.116,0.02924749095822543,0.336,1,0,-1,0,0,0.25,中性,中性
2023-02-28,4069.459,4030.2827050000005,-0.009272446370655496,0.168,0.025402671981882508,0.32,1,0,-1,0,0,0.25,中性,中性
2023-03-01,4126.942,4031.3733399999996,0.009150460408443806,0.48,0.021198469294073652,0.376,1,0,0,0,0,1.25,中性,中性
2023-03-02,4117.738,4032.57485,0.01029100096815494,0.544,0.017374524630793697,0.372,1,0,0,0,0,1.25,中性,中性
2023-03-03,4130.551,4033.628265,0.012677869198105318,0.64,0.015616819111295754,0.348,1,0,0,0,0,1.25,中性,中性
2023-03-06,4109.01,4034.2912,0.01614099818484882,0.62,0.01562633841804395,0.28,1,0,0,0,1,2.75,进攻,中性
2023-03-07,4048.852,4034.7417600000003,0.006272720562340295,0.82,0.012735036953410939,0.38,1,0,1,0,0,2.25,进攻,中性
2023-03-08,4034.108,4034.9692999999997,0.0046525574123392754,0.232,0.013428591182410798,0.38,0,0,-1,0,0,-1.0,中性,中性
2023-03-09,4019.851,4035.285865,-0.00800265529529054,0.256,0.015469198307613397,0.284,0,0,-1,0,1,0.5,中性,中性
2023-03-10,3967.135,4035.0920749999996,-0.021664209196438078,0.332,0.014272662216876508,0.332,0,0,0,0,0,0.0,中性,中性
2023-03-13,4008.686,4035.1759700000002,-0.007181839886429953,0.384,0.011204028827193069,0.364,0,0,0,0,0,0.0,中性,中性
2023-03-14,3984.696,4035.10146,-0.026647942357528542,0.504,0.011915268459973705,0.376,0,0,0,0,0,0.0,中性,中性
2023-03-15,3986.902,4034.64797,-0.030213944392214698,0.444,0.010168749354067419,0.368,0,0,0,0,0,0.0,中性,中性
2023-03-16,3939.151,4034.073815,-0.031044736762485203,0.552,0.012278854165597375,0.412,0,0,0,0,0,0.0,中性,中性
2023-03-17,3958.819,4034.07214,-0.016960015336025647,0.656,0.014191556868958122,0.328,0,0,0,0,0,0.0,中性,中性
2023-03-20,3939.077,4033.8516349999995,0.0016258620387150646,0.856,0.012954734465039142,0.052,0,0,1,0,1,2.5,进攻,中性
2023-03-21,3982.378,4033.7983000000004,0.013843686354378937,0.432,0.012232224219489218,0.112,0,0,0,0,1,1.5,进攻,中性
2023-03-22,3999.443,4033.78902,0.0169361244659072,0.364,0.011211857239539214,0.104,0,0,0,0,1,1.5,进攻,中性
2023-03-23,4039.09,4033.8393800000003,0.03467320399566054,0.46,0.013773052396349517,0.18,1,0,0,0,1,2.75,进攻,中性
2023-03-24,4027.046,4033.51702,0.04075677944375067,0.54,0.015595387020130191,0.124,0,0,0,0,1,1.5,进攻,进攻
2023-03-27,4012.477,4033.1635199999996,0.040574467825771565,0.636,0.02083932002876776,0.124,0,0,0,0,1,1.5,进攻,进攻
2023-03-28,3999.515,4032.7132549999997,0.04244245736610086,0.392,0.020940066431445192,0.096,0,0,0,0,1,1.5,进攻,进攻
2023-03-29,4006.144,4031.9135499999998,0.029249838462911848,0.396,0.019270427892947417,0.044,0,0,0,0,1,1.5,进攻,进攻
2023-03-30,4038.526,4031.210535,0.05480070310887997,0.412,0.020565074819243412,0.052,0,1,0,0,1,2.75,进攻,进攻
2023-03-31,4050.926,4030.366105,0.05847259953443085,0.344,0.01832244691821172,0.052,0,1,0,0,1,2.75,进攻,进攻
2023-04-03,4090.568,4029.9405699999998,0.07508321539284357,0.744,0.019530552300349058,0.1,0,1,1,0,1,3.75,进攻,进攻
2023-04-04,4103.105,4029.261125,0.10270746320080115,0.84,0.02039398272348958,0.036,0,1,1,0,1,3.75,进攻,进攻
2023-04-06,4096.64,4028.79756,0.09897638938033171,0.584,0.024987564955210484,0.032,0,1,0,0,1,2.75,进攻,进攻
2023-04-07,4123.28,4028.3024050000004,0.08957362327465046,0.344,0.021025478358222438,0.036,0,1,0,0,1,2.75,进攻,进攻
2023-04-10,4104.812,4027.4353750000005,0.09383684642919854,0.672,0.023983151492716237,0.008,0,1,0,0,1,2.75,进攻,进攻
2023-04-11,4100.148,4026.68581,0.06706051055701168,0.54,0.022828012211762116,0.004,0,1,0,0,1,2.75,进攻,进攻
2023-04-12,4097.288,4025.6270299999996,0.06522338220658619,0.696,0.023971469605010842,0.004,0,1,0,0,1,2.75,进攻,进攻
2023-04-13,4068.979,4024.31976,0.06010837703578198,0.72,0.02169571172874707,0.012,0,1,1,0,1,3.75,进攻,进攻
2023-04-14,4091.999,4023.151925,0.08353294316958348,0.664,0.01982544314793966,0.004,0,1,0,0,1,2.75,进攻,进攻
2023-04-17,4149.384,4022.54573,0.10505051096865525,0.904,0.023269750288334556,0.012,0,1,1,0,1,3.75,进攻,进攻
2023-04-18,4162.032,4021.6364999999996,0.1119826294793893,0.732,0.02185638346426666,0.008,0,1,1,0,1,3.75,进攻,进攻
2023-04-19,4124.559,4020.285435,0.13518733144106054,0.72,0.021293800119733364,0.016,0,1,1,0,1,3.75,进攻,进攻
2023-04-20,4113.019,4018.6292099999996,0.13385834803142926,0.744,0.023027474357403266,0.024,0,1,1,0,1,3.75,进攻,进攻
2023-04-21,4032.567,4016.33946,0.10272736247037462,0.868,0.01596707715766721,0.096,0,1,1,0,1,3.75,进攻,进攻
2023-04-24,3982.643,4014.1458900000002,0.09680087135049686,0.764,0.015434460950160211,0.132,-1,1,1,0,1,2.5,进攻,进攻
2023-04-25,3962.666,4011.534165,0.11897676861518147,0.848,0.005918151256719462,0.148,-1,1,1,0,1,2.5,进攻,进攻
2023-04-26,3959.232,4008.9967349999997,0.12840328748258267,0.776,0.0019885962985743966,0.14,-1,1,1,0,1,2.5,进攻,进攻
2023-04-27,3988.419,4006.4586799999997,0.09747637220352479,0.68,-0.0002666581408408142,0.176,-1,1,0,0,1,1.5,进攻,进攻
2023-04-28,4029.086,4004.15642,0.09551376432410086,0.908,-0.00755814215031525,0.196,0,1,1,0,1,3.75,进攻,进攻
2023-05-04,4030.247,4002.187805,0.10481381464443751,0.996,0.0010121477199074302,0.196,0,1,1,0,1,3.75,进攻,进攻
2023-05-05,4016.877,4000.0548200000003,0.0662836210157478,0.972,-0.005931859966632369,0.132,0,1,1,0,1,3.75,进攻,进攻
2023-05-08,4062.662,3998.224225,0.07611719025019759,0.996,-0.0006651623556228614,0.24,0,1,1,0,1,3.75,进攻,进攻
2023-05-09,4027.875,3996.5905149999994,0.07429337280710535,1.0,-0.004360046173485399,0.284,0,1,1,0,1,3.75,进攻,进攻
2023-05-10,3996.87,3995.0067750000003,0.07608493728242705,0.984,-0.000849799829867659,0.26,0,1,1,0,1,3.75,进攻,进攻
2023-05-11,3990.664,3993.352785,0.08274572271290404,0.76,-0.0009616897146373926,0.252,-1,1,1,0,1,2.5,进攻,进攻
2023-05-12,3937.762,3991.431225,0.039415442613699225,0.72,-0.004272276415353993,0.332,-1,0,1,0,0,-0.25,中性,进攻
2023-05-15,3998.887,3990.183025,0.05399817660279349,0.868,-0.006354184534172913,0.444,0,1,1,0,0,2.25,进攻,进攻
2023-05-16,3978.205,3988.6111199999996,0.029030725253383904,0.552,-0.006669811564052774,0.44,-1,0,0,0,0,-1.25,中性,进攻
2023-05-17,3960.165,3987.065245,0.03280182767011186,0.356,-0.004564261873400199,0.424,-1,0,0,0,0,-1.25,中性,进攻
2023-05-18,3956.07,3985.42658,0.03598274160805981,0.5,-0.0054049756617414735,0.324,-1,0,0,0,0,-1.25,中性,进攻
2023-05-19,3944.54,3983.96899,0.037608419050134234,0.356,-0.007351999445296187,0.32,-1,0,0,0,0,-1.25,中性,进攻
2023-05-22,3969.328,3982.62446,0.0531160133367754,0.304,-0.009154446681661543,0.328,-1,1,0,0,0,0.0,中性,中性
2023-05-23,3913.188,3981.12718,0.038098479589067535,0.316,-0.012652791770592309,0.4,-1,0,0,0,0,-1.25,中性,中性
2023-05-24,3859.094,3979.19277,0.02267506093102778,0.388,-0.007360860329442498,0.324,-1,0,0,0,0,-1.25,中性,中性
2023-05-25,3850.5,3977.32009,0.024939256943660615,0.356,-0.007820984582269985,0.244,-1,0,0,0,1,0.25,中性,中性
2023-05-26,3850.951,3975.44648,0.019909814565270967,0.244,-0.006138318021328137,0.244,-1,0,-1,0,1,-0.75,中性,中性
2023-05-29,3833.942,3973.7656800000004,0.026973874182279145,0.44,-0.0031480433454104118,0.248,-1,0,0,0,1,0.25,中性,中性
2023-05-30,3837.753,3972.011055,-0.0027723051162268364,0.496,-0.000819933725197286,0.184,-1,0,0,0,1,0.25,中性,中性
2023-05-31,3798.543,3970.46865,-0.014143129173169067,0.42,0.006064325893183176,0.12,-1,0,0,0,1,0.25,中性,中性
2023-06-01,3806.868,3969.168115,-0.022568989329020517,0.544,0.0009790916099405855,0.132,-1,0,0,0,1,0.25,中性,中性
2023-06-02,3861.834,3967.9696000000004,-0.0023544620077562417,0.424,-0.0001461161682925205,0.356,-1,0,0,0,0,-1.25,中性,中性
2023-06-05,3844.249,3966.4062900000004,-0.02600208367326473,0.332,-0.00447409360908424,0.204,-1,0,0,0,1,0.25,中性,中性
2023-06-06,3808.163,3964.7067299999994,-0.040329388805699695,0.54,-0.00829620604766057,0.212,-1,0,0,0,1,0.25,中性,中性
2023-06-07,3789.342,3962.8719849999998,-0.042718585422897526,0.212,-0.010895999618402374,0.196,-1,0,-1,0,1,-0.75,中性,中性
2023-06-08,3820.187,3961.4242350000004,-0.035106511954495656,0.424,-0.011929382826778245,0.328,-1,0,0,0,0,-1.25,中性,中性
2023-06-09,3836.703,3959.640035,-0.0404029869112541,0.568,-0.010809365381131641,0.216,-1,0,0,0,1,0.25,中性,中性
2023-06-12,3844.432,3957.906435,-0.027573687036843708,0.568,-0.010380223297571711,0.08,-1,0,0,0,1,0.25,中性,中性
2023-06-13,3864.907,3956.302575,-0.020471497822555862,0.348,-0.00948840107964033,0.096,-1,0,0,0,1,0.25,中性,中性
2023-06-14,3864.025,3954.733515,-0.022974366391344758,0.524,-0.010546618426846899,0.096,-1,0,0,0,1,0.25,中性,中性
2023-06-15,3925.499,3953.276215,-0.006702953879679341,0.576,-0.012501904329779934,0.256,-1,0,0,0,1,0.25,中性,中性
2023-06-16,3963.351,3952.1924700000004,0.0023074042031476782,0.672,-0.013016032299012825,0.36,0,0,0,0,0,0.0,中性,中性
2023-06-19,3930.908,3951.09164,0.009680159436106894,0.688,-0.00998583061163949,0.372,-1,0,0,0,0,-1.25,中性,中性
2023-06-20,3924.238,3949.805845,0.024868262533177532,0.472,-0.008179623345251241,0.192,-1,0,0,0,1,0.25,中性,中性
2023-06-21,3864.032,3948.320595,0.008743941451566428,0.436,-0.014381651198192014,0.216,-1,0,0,0,1,0.25,中性,中性
2023-06-26,3809.696,3946.956975,-0.0068643920221646,0.564,-0.013858111059345313,0.408,-1,0,0,0,0,-1.25,中性,中性
2023-06-27,3845.433,3945.6029399999998,0.00449660795267981,0.404,-0.011854599043706893,0.464,-1,0,0,0,0,-1.25,中性,中性
2023-06-28,3840.799,3944.269205,-0.0006998849222672465,0.332,-0.012672089081336213,0.464,-1,0,0,0,0,-1.25,中性,中性
2023-06-29,3821.844,3942.93082,-0.016978518226250183,0.16,-0.012075207982345515,0.476,-1,0,-1,0,0,-2.25,防御,中性
2023-06-30,3842.452,3941.76411,-0.007442530398340197,0.272,-0.016067840596210803,0.42,-1,0,-1,0,0,-2.25,防御,中性
2023-07-03,3892.882,3940.8343200000004,0.00938133394318097,0.604,-0.015841569595917093,0.512,-1,0,0,0,0,-1.25,中性,中性
2023-07-04,3899.013,3940.110685,0.007071691177420236,0.36,-0.012335595211556583,0.396,-1,0,0,0,0,-1.25,中性,中性
2023-07-05,3868.805,3939.3366450000003,-0.004911135808826295,0.268,-0.01323934660626458,0.432,-1,0,-1,0,0,-2.25,防御,中性
2023-07-06,3842.755,3938.4732900000004,-0.012893313756053182,0.144,-0.011681929515564127,0.392,-1,0,-1,0,0,-2.25,防御,中性
2023-07-07,3825.699,3937.3403850000004,-0.03600256817429315,0.2,-0.013068402009852043,0.392,-1,0,-1,0,0,-2.25,防御,中性
2023-07-10,3844.327,3936.287105,-0.03430439783676453,0.112,-0.010674742632778345,0.364,-1,0,-1,0,0,-2.25,防御,中性
2023-07-11,3869.486,3935.446115,-0.03579110517502593,0.076,-0.008949820766046113,0.384,-1,0,-1,0,0,-2.25,防御,防御
2023-07-12,3843.437,3934.1943650000003,-0.04332000655138035,0.332,-0.013168294564427918,0.428,-1,0,0,0,0,-1.25,中性,防御
2023-07-13,3898.423,3933.130905,-0.02783220379094331,0.368,-0.01442744177791666,0.544,-1,0,0,0,0,-1.25,中性,防御
2023-07-14,3899.103,3932.299625,-0.02955945054455489,0.344,-0.0158608883099417,0.544,-1,0,0,0,0,-1.25,中性,防御
2023-07-17,3867.175,3931.499905,-0.050854891434935934,0.172,-0.01430681523812094,0.412,-1,-1,-1,0,0,-3.5,防御,防御
2023-07-18,3854.939,3931.111185,-0.06839716343593127,0.112,-0.0121859113965892,0.296,-1,-1,-1,0,1,-2.0,防御,防御
2023-07-19,3850.866,3930.725515,-0.06921905946038454,0.036,-0.013306503371529166,0.228,-1,-1,-1,0,1,-2.0,防御,防御
2023-07-20,3823.695,3930.17981,-0.07423624450828681,0.132,-0.01738334084518367,0.276,-1,-1,-1,0,1,-2.0,防御,防御
2023-07-21,3821.91,3929.770685,-0.08038916190729184,0.072,-0.014836025258709085,0.112,-1,-1,-1,0,1,-2.0,防御,防御
2023-07-24,3805.221,3929.45007,-0.08999248360706513,0.032,-0.01718448661755101,0.06,-1,-1,-1,0,1,-2.0,防御,防御
2023-07-25,3915.115,3929.74554,-0.0681281827605208,0.872,-0.017309446918604587,0.592,-1,-1,1,0,0,-1.5,防御,防御
2023-07-26,3907.013,3930.09722,-0.06010429030772768,0.696,-0.016786515945350078,0.6,-1,-1,0,0,0,-2.5,防御,防御
2023-07-27,3902.346,3930.1474749999998,-0.0699694203887431,0.768,-0.017287917938095698,0.58,-1,-1,1,0,0,-1.5,防御,防御
2023-07-28,3992.738,3930.967615,-0.04506201524987519,0.976,-0.014666642279833497,0.78,0,0,1,0,0,1.0,中性,防御
2023-07-31,4014.63,3931.90505,-0.030664723471327093,0.988,-0.009774146433750186,0.752,0,0,1,0,0,1.0,中性,防御
2023-08-01,3998.001,3932.8706299999994,-0.02174691781844229,0.988,-0.008882257836291041,0.764,0,0,1,0,0,1.0,中性,防御
2023-08-02,3969.895,3934.11542,-0.030369294964576965,0.96,-0.00638344324540463,0.76,0,0,1,0,0,1.0,中性,防御
2023-08-03,4004.984,3935.501905,-0.01745695254408519,0.916,-0.004577579601890647,0.744,0,0,1,0,0,1.0,中性,中性
2023-08-04,4020.579,3936.68327,-0.026696155301430102,0.988,-0.001475549484708294,0.716,0,0,1,0,0,1.0,中性,中性
2023-08-07,3990.153,3937.87067,-0.028287440548814047,0.88,0.0009968757343017387,0.768,1,0,1,0,0,2.25,进攻,中性
2023-08-08,3979.732,3938.55698,-0.03954122696976081,0.664,0.0025083397276359776,0.764,1,0,0,0,0,1.25,中性,中性
2023-08-09,3967.565,3939.162745,-0.04287396056729442,0.344,0.00357584154530155,0.732,1,0,0,0,0,1.25,中性,中性
2023-08-10,3975.717,3939.8499949999996,-0.035883404398343366,0.468,0.00575981011141935,0.624,1,0,0,0,0,1.25,中性,中性
2023-08-11,3884.254,3940.3885950000004,-0.051113866707316546,0.772,0.0037122126454292026,0.824,0,-1,1,0,-1,-1.75,防御,中性
2023-08-14,3855.906,3940.89349,-0.044268357943114234,0.544,0.003067903886958767,0.82,0,0,0,0,-1,-1.5,防御,中性
2023-08-15,3846.536,3941.411705,-0.06942172353144671,0.352,0.002720718114592069,0.816,0,-1,0,0,-1,-2.75,防御,中性
2023-08-16,3818.334,3942.33651,-0.07866605989739306,0.428,0.0015710866657214773,0.824,0,-1,0,0,-1,-2.75,防御,中性
2023-08-17,3831.101,3943.354745,-0.0671666158179145,0.508,0.005145100863968244,0.816,0,-1,0,0,-1,-2.75,防御,防御
2023-08-18,3784.004,3943.99025,-0.07789219635416889,0.496,0.005324307250313076,0.844,0,-1,0,0,-1,-2.75,防御,防御
2023-08-21,3729.555,3944.4823000000006,-0.08162699954642227,0.304,0.008430969120302834,0.848,0,-1,0,0,-1,-2.75,防御,防御
2023-08-22,3758.227,3945.566785,-0.07063007376150021,0.624,0.009518776661311401,0.62,0,-1,0,0,0,-1.25,中性,防御
2023-08-23,3696.634,3946.5064399999997,-0.09161537196959102,0.34,0.008202563942060204,0.748,0,-1,0,0,0,-1.25,中性,防御
2023-08-24,3723.429,3946.9527199999998,-0.09777530190635098,0.556,0.00765629566994086,0.768,0,-1,0,0,0,-1.25,中性,防御
2023-08-25,3709.152,3947.109455,-0.09922583709794075,0.484,0.003251280544868118,0.412,0,-1,0,0,0,-1.25,中性,防御
2023-08-28,3752.619,3947.633065,-0.0914967518861286,0.992,0.001151666242718008,0.516,0,-1,1,0,0,-0.25,中性,中性
2023-08-29,3790.107,3947.7477249999997,-0.07761066534274685,0.94,0.0038087548430314477,0.588,0,-1,1,0,0,-0.25,中性,中性
2023-08-30,3788.51,3947.81379,-0.06430020163740235,0.832,0.001202976397422617,0.584,0,-1,1,0,0,-0.25,中性,中性
2023-08-31,3765.268,3947.893505,-0.06664174583327964,0.648,-0.0018425720339296792,0.532,0,-1,0,0,0,-1.25,中性,中性
2023-09-01,3791.491,3948.2796099999996,-0.05680807572220958,0.476,-0.005867105459040789,0.576,0,-1,0,0,0,-1.25,中性,中性
2023-09-04,3848.952,3949.0959249999996,-0.02979051632979468,0.884,-0.006220155192746324,0.684,0,0,1,0,0,1.0,中性,中性
2023-09-05,3820.317,3949.2553150000003,-0.046990210757340445,0.496,-0.005350094557001084,0.716,0,0,0,0,0,0.0,中性,中性
2023-09-06,3812.028,3949.34537,-0.043332791259358294,0.308,-0.0027121842001601726,0.716,0,0,0,0,0,0.0,中性,中性
2023-09-07,3758.475,3948.80788,-0.05729436038307445,0.324,-0.003895458049575029,0.764,0,-1,0,0,0,-1.25,中性,中性
2023-09-08,3739.993,3948.335895,-0.05055861021829322,0.092,-0.0025902463440217183,0.58,0,-1,-1,0,0,-2.25,防御,中性
2023-09-11,3767.537,3948.08026,-0.04831794532662392,0.484,0.012239161761113282,0.58,0,0,0,0,0,0.0,中性,中性
2023-09-12,3760.605,3947.87544,-0.045308075978205076,0.128,0.017494485941749405,0.576,0,0,-1,0,0,-1.0,中性,中性
2023-09-13,3736.651,3947.7130600000005,-0.06170358514435348,0.196,0.021990017158508346,0.572,0,-1,-1,0,0,-2.25,防御,中性
2023-09-14,3733.508,3947.5327350000002,-0.06649300915152445,0.292,0.021633620497147232,0.568,0,-1,-1,0,0,-2.25,防御,中性
2023-09-15,3708.777,3947.208975,-0.08177906409612068,0.492,0.025555102352530223,0.504,0,-1,0,0,0,-1.25,中性,中性
2023-09-18,3727.711,3947.06349,-0.07433115986258909,0.264,0.026975556043313365,0.392,0,-1,-1,0,0,-2.25,防御,中性
2023-09-19,3720.502,3946.78712,-0.07276677224567263,0.216,0.026547503649491766,0.324,0,-1,-1,0,0,-2.25,防御,中性
2023-09-20,3705.69,3946.64936,-0.0734651576503651,0.092,0.028584575889087915,0.12,0,-1,-1,0,1,-0.75,中性,中性
2023-09-21,3672.445,3945.769475,-0.08329680610582135,0.1,0.030035229405231068,0.132,-1,-1,-1,1,1,-1.0,中性,中性
2023-09-22,3738.933,3945.198955,-0.07418374921939341,0.468,0.03533043327218066,0.428,-1,-1,0,1,0,-1.5,防御,中性
2023-09-25,3714.604,3944.2981299999997,-0.08302348648185631,0.264,0.03312492749224916,0.312,-1,-1,-1,1,0,-2.5,防御,中性
2023-09-26,3692.893,3943.407855,-0.09721755022774348,0.068,0.029450808062364997,0.208,-1,-1,-1,0,1,-2.0,防御,中性
2023-09-27,3700.495,3942.17595,-0.09812325056268356,0.164,0.0301682549314386,0.224,-1,-1,-1,1,1,-1.0,中性,中性
2023-09-28,3689.517,3940.782545,-0.09937973558818947,0.148,0.02099835154620866,0.2,-1,-1,-1,0,1,-2.0,防御,中性
2023-10-09,3684.727,3939.4139750000004,-0.10636022777982579,0.32,0.032090814616617,0.156,-1,-1,0,1,1,0.0,中性,中性
2023-10-10,3657.126,3937.903705,-0.10906370377011165,0.228,0.03286988106195876,0.056,-1,-1,-1,1,1,-1.0,中性,中性
2023-10-11,3667.548,3936.2502250000002,-0.10550838652653527,0.28,0.0327333205218332,0.056,-1,-1,-1,1,1,-1.0,中性,中性
2023-10-12,3702.382,3934.99492,-0.09638228994398235,0.4,0.03257729132730036,0.112,-1,-1,0,1,1,0.0,中性,中性
2023-10-13,3663.41,3933.583565,-0.09967340701438865,0.22,0.0329121503558798,0.068,-1,-1,-1,1,1,-1.0,中性,中性
2023-10-16,3626.597,3931.94212,-0.1137346318999588,0.3,0.03806067776808186,0.112,-1,-1,0,1,1,0.0,中性,中性
2023-10-17,3639.402,3930.3791850000002,-0.12290547223395087,0.26,0.02206285417623688,0.076,-1,-1,-1,0,1,-2.0,防御,中性
2023-10-18,3610.577,3928.6609349999994,-0.13249657859430197,0.344,0.01752643055886849,0.108,-1,-1,0,0,1,-1.0,中性,中性
2023-10-19,3533.545,3926.8625549999997,-0.14329144036974617,0.616,0.016951565401411628,0.348,-1,-1,0,0,0,-2.5,防御,中性
2023-10-20,3510.589,3925.270415,-0.14646905351032913,0.332,0.016622118455478896,0.368,-1,-1,0,0,0,-2.5,防御,中性
2023-10-23,3474.244,3923.488945,-0.13845349624693148,0.424,0.016245765914730592,0.408,-1,-1,0,0,0,-2.5,防御,中性
2023-10-24,3487.13,3921.7444549999996,-0.12441813137657576,0.652,0.013869096839225437,0.396,-1,-1,0,0,0,-2.5,防御,中性
2023-10-25,3504.458,3920.12565,-0.11563124421790782,0.776,0.014187617964193322,0.472,-1,-1,1,0,0,-1.5,防御,防御
2023-10-26,3514.145,3918.4789299999998,-0.11241750925432004,0.488,0.013537819879984703,0.512,-1,-1,0,0,0,-2.5,防御,防御
2023-10-27,3562.385,3916.8515850000003,-0.10681776413160193,0.708,0.01011241570506094,0.596,-1,-1,1,0,0,-1.5,防御,防御
2023-10-30,3583.772,3915.414125,-0.11052481878023945,0.876,0.016575615728073645,0.34,-1,-1,1,0,0,-1.5,防御,防御
2023-10-31,3572.506,3913.9931500000002,-0.11357641355480197,0.684,0.015631189096592557,0.32,-1,-1,0,0,0,-2.5,防御,防御
2023-11-01,3571.027,3912.490115,-0.11099418777323777,0.404,0.018526307509028284,0.296,-1,-1,0,0,1,-1.0,中性,防御
2023-11-02,3554.189,3910.821565,-0.1251575937156475,0.32,0.015202118588375946,0.284,-1,-1,0,0,1,-1.0,中性,防御
2023-11-03,3584.136,3909.277505,-0.11016702355460384,0.308,0.02208315773842462,0.428,-1,-1,0,0,0,-2.5,防御,防御
2023-11-06,3632.608,3907.5976549999996,-0.09113681455739109,0.888,0.0219992385636838,0.58,-1,-1,1,0,0,-1.5,防御,防御
2023-11-07,3619.759,3905.792005,-0.09294317938067453,0.728,0.020891239075315315,0.564,-1,-1,1,0,0,-1.5,防御,防御
2023-11-08,3611.072,3903.781765,-0.08296336853268427,0.776,0.02326941426070772,0.564,-1,-1,1,0,0,-1.5,防御,防御
2023-11-09,3612.826,3901.7585249999997,-0.0965421128428986,0.652,0.022130667352522337,0.516,-1,-1,0,0,0,-2.5,防御,防御
2023-11-10,3586.489,3899.6408149999997,-0.09846551396923986,0.436,0.023345821873903327,0.448,-1,-1,0,0,0,-2.5,防御,防御
2023-11-13,3579.414,3897.44854,-0.09614523637272687,0.468,0.023917520683965243,0.336,-1,-1,0,0,0,-2.5,防御,防御
2023-11-14,3582.058,3894.9869449999997,-0.09454129982533177,0.524,0.027148344971715588,0.308,-1,-1,0,0,0,-2.5,防御,防御
2023-11-15,3607.245,3892.3333500000003,-0.08550933695690754,0.592,0.02926020313368105,0.3,-1,-1,0,0,0,-2.5,防御,防御
2023-11-16,3572.364,3889.50896,-0.10000786027257003,0.328,0.025445675082399033,0.068,-1,-1,0,0,1,-1.0,中性,防御
2023-11-17,3568.069,3886.697735,-0.08819382048600788,0.296,0.025215365649322363,0.056,-1,-1,-1,0,1,-2.0,防御,防御
2023-11-20,3576.323,3883.79931,-0.07327393424466988,0.456,0.028154127608662094,0.036,-1,-1,0,0,1,-1.0,中性,防御
2023-11-21,3581.067,3880.7970100000002,-0.06997350993377482,0.756,0.02638651272004111,0.032,-1,-1,1,0,1,0.0,中性,防御
2023-11-22,3544.416,3877.512365,-0.07959981833058893,0.464,0.02679753786805117,0.064,-1,-1,0,0,1,-1.0,中性,防御
2023-11-23,3561.52,3874.535675,-0.07105532634557332,0.368,0.027632036107313462,0.068,-1,-1,0,0,1,-1.0,中性,防御
2023-11-24,3538.009,3871.246055,-0.07810403639838215,0.464,0.02775216631475108,0.028,-1,-1,0,0,1,-1.0,中性,中性
2023-11-27,3511.942,3867.9000199999996,-0.07545024500183362,0.64,0.022720961223690495,0.032,-1,-1,0,0,1,-1.0,中性,中性
2023-11-28,3518.523,3864.784475,-0.07574336698829587,0.308,0.021786331514393797,0.04,-1,-1,0,0,1,-1.0,中性,中性
2023-11-29,3488.307,3861.79162,-0.0967226970398003,0.38,0.01937063529799654,0.056,-1,-1,0,0,1,-1.0,中性,中性
2023-11-30,3496.203,3858.8014650000005,-0.09053679925519909,0.42,0.02073601075355369,0.056,-1,-1,0,0,1,-1.0,中性,中性
2023-12-01,3482.881,3855.8351649999995,-0.08541703703334136,0.456,0.024299376702762387,0.016,-1,-1,0,0,1,-1.0,中性,中性
2023-12-04,3460.138,3852.48157,-0.08687629672908914,0.476,0.01803818515274025,0.004,-1,-1,0,0,1,-1.0,中性,中性
2023-12-05,3394.257,3848.921305,-0.11149454202111042,0.52,0.01544567013536069,0.06,-1,-1,0,0,1,-1.0,中性,中性
2023-12-06,3399.598,3845.201425,-0.11392724430324686,0.528,0.012225898861555784,0.068,-1,-1,0,0,1,-1.0,中性,中性
2023-12-07,3391.282,3841.431385,-0.11787176883347128,0.564,0.01337475228686813,0.068,-1,-1,0,0,1,-1.0,中性,中性
2023-12-08,3399.462,3837.8102500000005,-0.12042851225139439,0.888,0.011026039596777393,0.072,-1,-1,1,0,1,0.0,中性,中性
2023-12-11,3419.455,3834.440085,-0.11505360343165483,0.876,0.009189025774904769,0.1,-1,-1,1,0,1,0.0,中性,中性
2023-12-12,3426.803,3831.4015649999997,-0.12704015464021257,0.468,0.0072283305547837795,0.112,-1,-1,0,0,1,-1.0,中性,中性
2023-12-13,3369.605,3827.58214,-0.14980908831945494,0.416,0.006429922473901506,0.144,-1,-1,0,0,1,-1.0,中性,中性
2023-12-14,3351.964,3823.6201899999996,-0.14727996686770584,0.328,0.006241998516584246,0.128,-1,-1,0,0,1,-1.0,中性,中性
2023-12-15,3341.552,3819.7931949999997,-0.14848385852234236,0.496,0.006596297923770367,0.128,-1,-1,0,0,1,-1.0,中性,中性
2023-12-18,3329.366,3815.921795,-0.1383699720913285,0.524,0.001354950188001025,0.124,-1,-1,0,0,1,-1.0,中性,中性
2023-12-19,3334.041,3812.28677,-0.12485379410850628,0.272,0.003165476416507218,0.128,-1,-1,-1,0,1,-2.0,防御,中性
2023-12-20,3297.502,3808.55506,-0.14248876524438214,0.264,-0.00018236504510793505,0.136,-1,-1,-1,0,1,-2.0,防御,中性
2023-12-21,3330.87,3804.862115,-0.1327663853276363,0.428,-2.8378855740252007e-05,0.204,-1,-1,0,0,1,-1.0,中性,中性
2023-12-22,3337.228,3800.9135450000003,-0.126801617229798,0.596,-0.0009858592769346197,0.216,-1,-1,0,0,1,-1.0,中性,中性
2023-12-25,3347.451,3797.0621100000003,-0.12882425076487625,0.092,-0.002240576007742523,0.232,-1,-1,-1,0,1,-2.0,防御,中性
2023-12-26,3324.79,3793.0333050000004,-0.1459309580922309,0.088,-0.003765572906786474,0.228,-1,-1,-1,0,1,-2.0,防御,中性
2023-12-27,3336.357,3789.17004,-0.14430729007571919,0.148,-0.003618012571882434,0.228,-1,-1,-1,0,1,-2.0,防御,中性
2023-12-28,3414.54,3785.99848,-0.11741739374302917,0.812,-0.0003282187494968447,0.748,-1,-1,1,0,0,-1.5,防御,中性
2023-12-29,3431.11,3782.98349,-0.10712236403309605,0.508,-0.005333570410363198,0.768,-1,-1,0,0,0,-2.5,防御,防御
2024-01-02,3386.352,3779.815995,-0.11484097415923211,0.64,-0.0035539484021259726,0.82,-1,-1,0,0,-1,-4.0,防御,防御
2024-01-03,3378.297,3776.871805,-0.12122537963081714,0.44,-0.0038607888904427234,0.628,-1,-1,0,0,0,-2.5,防御,防御
2024-01-04,3347.052,3773.563635,-0.13501379769819555,0.248,-0.0030984600562143916,0.692,-1,-1,-1,0,0,-3.5,防御,防御
2024-01-05,3329.111,3770.28571,-0.13381928726814052,0.62,-0.008818634285219118,0.7,-1,-1,0,0,0,-2.5,防御,防御
2024-01-08,3286.056,3766.7814799999996,-0.15708069647649825,0.3,-0.006652262732019021,0.764,-1,-1,0,0,0,-2.5,防御,防御
2024-01-09,3292.499,3763.5482199999997,-0.15557526949147027,0.216,-0.010414909907529024,0.736,-1,-1,-1,0,0,-3.5,防御,防御
2024-01-10,3277.129,3760.13977,-0.1525780446967102,0.112,-0.012555405611314296,0.72,-1,-1,-1,0,0,-3.5,防御,防御
2024-01-11,3295.672,3756.922745,-0.14507804144241965,0.26,-0.013216153085538918,0.604,-1,-1,-1,0,0,-3.5,防御,防御
2024-01-12,3284.167,3753.43169,-0.1471614436856541,0.204,-0.016086073337532647,0.584,-1,-1,-1,0,0,-3.5,防御,防御
2024-01-15,3280.92,3749.8390750000003,-0.1419503909176857,0.112,-0.016027045176245647,0.572,-1,-1,-1,0,0,-3.5,防御,防御
2024-01-16,3300.876,3746.1480049999996,-0.1363281709930374,0.452,-0.016987339587851924,0.636,-1,-1,0,0,0,-2.5,防御,防御
2024-01-17,3229.082,3742.158185,-0.15140750037908446,0.2,-0.016821723414426115,0.872,-1,-1,-1,0,-1,-5.0,防御,防御
2024-01-18,3274.729,3738.4694450000006,-0.163567609125147,0.94,-0.018658499996819233,0.948,-1,-1,1,0,-1,-3.0,防御,防御
2024-01-19,3269.776,3734.8207500000003,-0.16310081384423347,0.252,-0.023013979848867105,0.88,-1,-1,-1,0,-1,-5.0,防御,防御
2024-01-22,3218.902,3730.8845400000005,-0.17513669982108193,0.86,-0.027168201816292536,0.96,-1,-1,1,0,-1,-3.0,防御,防御
2024-01-23,3231.933,3726.8515749999997,-0.1905471884205775,0.656,-0.029469301774136758,0.968,-1,-1,0,0,-1,-4.0,防御,防御
2024-01-24,3277.109,3722.9824900000003,-0.18370833675830656,0.9,-0.029165389334296243,0.972,-1,-1,1,0,-1,-3.0,防御,防御
2024-01-25,3342.919,3719.2442450000003,-0.1638523852295185,0.968,-0.027715858922401693,1.0,-1,-1,1,0,-1,-3.0,防御,防御
2024-01-26,3333.821,3715.3978250000005,-0.16022438880625312,0.96,-0.033576420872926116,0.964,-1,-1,1,-1,-1,-4.0,防御,防御
2024-01-29,3303.96,3711.434425,-0.17503790277314468,0.952,-0.029398133506229218,0.964,-1,-1,1,0,-1,-3.0,防御,防御
2024-01-30,3245.039,3707.04322,-0.1928926157152987,0.772,-0.03717484365253676,0.964,-1,-1,1,-1,-1,-4.0,防御,防御
2024-01-31,3215.352,3702.59592,-0.19417826835211582,0.896,-0.04633504344759909,0.968,-1,-1,1,-1,-1,-4.0,防御,防御
2024-02-01,3217.711,3698.1837350000005,-0.1914754561362424,0.848,-0.05442691972953717,0.96,-1,-1,1,-1,-1,-4.0,防御,防御
2024-02-02,3179.628,3693.5954349999997,-0.1985946039951456,0.96,-0.06644282907246712,0.984,-1,-1,1,-1,-1,-4.0,防御,防御
2024-02-05,3200.422,3689.2526500000004,-0.19500759234120535,0.984,-0.08897101741318925,0.96,-1,-1,1,-1,-1,-4.0,防御,防御
2024-02-06,3311.692,3685.351115,-0.1474059111479321,0.992,-0.09501093554972062,1.0,-1,-1,1,-1,-1,-4.0,防御,防御
2024-02-07,3343.63,3681.322345,-0.13285489843372733,0.996,-0.10153441407720631,1.0,-1,-1,1,-1,-1,-4.0,防御,防御
2024-02-08,3364.93,3677.336835,-0.1252051196193147,0.988,-0.11350056790472984,1.0,-1,-1,1,-1,-1,-4.0,防御,防御
2024-02-19,3403.808,3673.73308,-0.10856200636193691,0.956,-0.10139049938117262,1.0,-1,-1,1,-1,-1,-4.0,防御,防御
2024-02-20,3410.854,3670.222255,-0.10969353196378806,0.812,-0.09859709600692124,0.996,-1,-1,1,-1,-1,-4.0,防御,防御
2024-02-21,3456.871,3667.343775,-0.0864515470913878,0.948,-0.09352033589479192,1.0,-1,-1,1,-1,-1,-4.0,防御,防御
2024-02-22,3486.675,3664.863935,-0.06512305087336145,0.82,-0.09134849415721868,0.976,-1,-1,1,-1,-1,-4.0,防御,防御
2024-02-23,3489.742,3662.499315,-0.07143927176298814,0.868,-0.08489341572591746,0.972,-1,-1,1,-1,-1,-4.0,防御,防御
2024-02-26,3453.359,3659.96995,-0.06580986919451592,0.92,-0.0753799434125999,0.976,-1,-1,1,-1,-1,-4.0,防御,防御
2024-02-27,3494.787,3657.5017900000003,-0.06140630048270035,0.856,-0.06130879357047081,0.964,-1,-1,1,-1,-1,-4.0,防御,防御
2024-02-28,3450.26,3654.60766,-0.06979816410866957,0.992,-0.05655027265765866,0.972,-1,-1,1,-1,-1,-4.0,防御,防御
2024-02-29,3516.083,3652.03684,-0.06303224494679582,0.916,-0.05255518852320196,0.976,-1,-1,1,-1,-1,-4.0,防御,防御
2024-03-01,3537.804,3649.6414749999994,-0.06656883301711536,0.856,-0.054008713538347575,0.96,-1,-1,1,-1,-1,-4.0,防御,防御
2024-03-04,3540.869,3647.03251,-0.06536633135454306,0.876,-0.04570896523898427,0.952,-1,-1,1,-1,-1,-4.0,防御,防御
2024-03-05,3565.514,3644.720705,-0.05305173496282334,0.86,-0.04798090656252707,0.944,-1,-1,1,-1,-1,-4.0,防御,防御
2024-03-06,3551.048,3642.4915949999995,-0.06341647652598947,0.732,-0.04050378463555404,0.932,-1,-1,1,-1,-1,-4.0,防御,防御
2024-03-07,3529.72,3640.186875,-0.08293997950610987,0.844,-0.031864203748093956,0.924,-1,-1,1,-1,-1,-4.0,防御,防御
2024-03-08,3544.91,3638.2226149999997,-0.0720900909531853,0.632,-0.025115157658262777,0.92,-1,-1,0,0,-1,-4.0,防御,防御
2024-03-11,3589.264,3636.1745,-0.05843713634842129,0.816,-0.002471153791916536,0.872,-1,-1,1,0,-1,-3.0,防御,防御
2024-03-12,3597.494,3634.270945,-0.042831467550003555,0.924,0.027026560712590797,0.872,-1,0,1,0,-1,-1.75,防御,防御
2024-03-13,3572.361,3632.331925,-0.04482147426479144,0.812,0.04150278991757661,0.464,-1,0,1,1,0,0.75,中性,防御
2024-03-14,3562.223,3630.3626900000004,-0.05449554974509874,0.808,0.05124788935370761,0.472,-1,-1,1,1,0,-0.5,中性,防御
2024-03-15,3569.993,3628.489955,-0.05068652517347605,0.792,0.06247305677180104,0.456,-1,-1,1,1,0,-0.5,中性,防御
2024-03-18,3603.528,3626.660955,-0.03562628674714341,0.904,0.06080693695705475,0.432,-1,0,1,1,0,0.75,中性,防御
2024-03-19,3577.63,3624.983165,-0.04175108236007519,0.856,0.0610266134947306,0.572,-1,0,1,1,0,0.75,中性,中性
2024-03-20,3585.384,3623.6146150000004,-0.03327053635201038,0.744,0.062094714516128136,0.4,-1,0,1,1,0,0.75,中性,中性
2024-03-21,3581.09,3622.267565,-0.039332716511553456,0.812,0.06263768783706358,0.34,-1,0,1,1,0,0.75,中性,中性
2024-03-22,3545.002,3620.7378200000003,-0.04717105379865405,0.884,0.05720520883230318,0.508,-1,0,1,1,0,0.75,中性,中性
2024-03-25,3525.763,3619.196925,-0.0485542503555344,0.864,0.04994915825943269,0.404,-1,0,1,1,0,0.75,中性,中性
2024-03-26,3543.747,3617.726895,-0.03504422802792151,0.704,0.04208197325628538,0.284,-1,0,1,1,1,2.25,进攻,中性
2024-03-27,3502.787,3616.2481150000003,-0.06315866050555075,0.7,0.03764341072799793,0.264,-1,-1,0,1,1,0.0,中性,中性
2024-03-28,3520.965,3614.8186,-0.05212910985935504,0.748,0.03653228837705935,0.104,-1,-1,1,1,1,1.0,中性,中性
2024-03-29,3537.484,3613.19685,-0.042083266425536836,0.66,0.03220675379301707,0.096,-1,0,0,1,1,1.25,中性,中性
2024-04-01,3595.647,3611.95384,-0.02833350673355861,0.824,0.03134110556757008,0.236,-1,0,1,1,1,2.25,进攻,中性
2024-04-02,3580.676,3610.8164050000005,-0.02950006735298949,0.804,0.03540940014135008,0.232,-1,0,1,1,1,2.25,进攻,中性
2024-04-03,3567.803,3609.70871,-0.03173206590338984,0.784,0.028147967080895286,0.232,-1,0,1,0,1,1.25,中性,中性
2024-04-08,3536.408,3608.289815,-0.033008980275768485,0.896,0.032610050206060226,0.252,-1,0,1,1,1,2.25,进攻,中性
2024-04-09,3533.487,3606.7737349999998,-0.03655330482382224,0.644,0.03319249251763612,0.248,-1,0,0,1,1,1.25,中性,中性
2024-04-10,3504.709,3605.07512,-0.05339076302769408,0.712,0.025043013018765325,0.172,-1,-1,1,0,1,0.0,中性,中性
2024-04-11,3504.245,3603.2718099999997,-0.04344722539928647,0.664,0.01931100183927459,0.168,-1,0,0,0,1,0.25,中性,中性
2024-04-12,3475.839,3601.33088,-0.04157010001386985,0.636,0.012992181019212179,0.18,-1,0,0,0,1,0.25,中性,中性
2024-04-15,3549.076,3599.4487649999996,-0.024818912557612482,0.96,0.011328019130139255,0.6,-1,0,1,0,0,-0.25,中性,中性
2024-04-16,3511.115,3597.187585,-0.02754739754892377,0.94,0.00980857053276063,0.644,-1,0,1,0,0,-0.25,中性,中性
2024-04-17,3565.403,3595.36006,0.009015874992394313,0.912,0.004543034780977395,0.744,-1,0,1,0,0,-0.25,中性,中性
2024-04-18,3569.802,3593.58788,0.01686697018648453,0.916,0.002440247778924709,0.72,-1,0,1,0,0,-0.25,中性,中性
2024-04-19,3541.662,3591.97603,0.01940508496236859,0.808,-0.004609179308081135,0.748,-1,0,1,0,0,-0.25,中性,中性
2024-04-22,3530.905,3590.5820750000003,0.012553303146140227,0.736,-0.008344018026687605,0.752,-1,0,1,0,0,-0.25,中性,中性
2024-04-23,3506.225,3588.8860350000004,0.0005042149171141652,0.588,-0.0077154414840728824,0.72,-1,0,0,0,0,-1.25,中性,中性
2024-04-24,3521.622,3587.2901500000003,0.0021276868199804344,0.508,-0.008309579222702701,0.716,-1,0,0,0,0,-1.25,中性,中性
2024-04-25,3530.281,3585.8323349999996,-0.009011940034555521,0.408,-0.008955628762252199,0.68,-1,0,0,0,0,-1.25,中性,中性
2024-04-26,3584.269,3584.54142,0.0001386806973211474,0.928,-0.007834101527052106,0.748,-1,0,1,0,0,-0.25,中性,中性
2024-04-29,3623.912,3583.19657,0.01438933902420314,0.98,-0.005251606508044682,0.772,0,0,1,0,0,1.0,中性,中性
2024-04-30,3604.394,3581.7234750000002,0.009343810618065884,0.924,-0.011593728280983595,0.776,0,0,1,0,0,1.0,中性,中性
2024-05-06,3657.877,3580.668835,0.02917346263803089,0.936,-0.005241990184731593,0.764,0,0,1,0,0,1.0,中性,中性
2024-05-07,3659.008,3579.7501,0.02088983230547048,0.804,-0.004212368792970822,0.748,0,0,1,0,0,1.0,中性,中性
2024-05-08,3630.223,3578.77272,-0.0006565530880293657,0.632,0.0019356601868605328,0.772,0,0,0,0,0,0.0,中性,中性
2024-05-09,3664.561,3577.8738900000003,0.012377067092035787,0.744,-0.0012114733254123822,0.752,0,0,1,0,0,1.0,中性,中性
2024-05-10,3666.277,3576.857845,0.015287704039133043,0.828,-0.0021553710737800547,0.748,0,0,1,0,0,1.0,中性,中性
2024-05-13,3664.691,3575.9641149999998,0.014355797926609126,0.852,0.001644233477759327,0.688,0,0,1,0,0,1.0,中性,中性
2024-05-14,3657.045,3574.7572250000003,0.0196727217063819,0.668,0.004172829543814371,0.692,0,0,0,0,0,0.0,中性,中性
2024-05-15,3626.056,3573.39199,0.013030624565920412,0.588,0.004811746688548668,0.692,0,0,0,0,0,0.0,中性,中性
2024-05-16,3640.359,3572.25791,0.016275839196350228,0.776,0.007160858793840985,0.352,0,0,1,0,0,1.0,中性,中性
2024-05-17,3677.97,3571.3730649999993,0.019606375502634332,0.828,0.00628863545670888,0.248,0,0,1,0,1,2.5,进攻,中性
2024-05-20,3690.962,3570.573545,0.03319874458481831,0.92,0.003853490306915397,0.188,0,0,1,0,1,2.5,进攻,中性
2024-05-21,3676.161,3569.8358749999998,0.030294257201864738,0.656,0.003417370255680563,0.204,0,0,0,0,1,1.5,进攻,中性
2024-05-22,3684.451,3569.14858,0.030234405561242683,0.72,0.006621528536211452,0.156,0,0,1,0,1,2.5,进攻,中性
2024-05-23,3641.792,3568.331435,0.016957236488454486,0.72,0.005370064725331414,0.236,0,0,1,0,1,2.5,进攻,进攻
2024-05-24,3601.475,3566.763235,0.016098279660175185,0.516,0.0035641498453136133,0.268,0,0,0,0,1,1.5,进攻,进攻
2024-05-27,3635.708,3565.4067099999997,0.020830431950403128,0.588,0.004316496323204744,0.336,0,0,0,0,0,0.0,中性,进攻
2024-05-28,3609.172,3563.9408399999998,0.020113854995846614,0.54,0.0054342109079656975,0.408,0,0,0,0,0,0.0,中性,进攻
2024-05-29,3613.522,3562.0447599999998,0.02892416788204355,0.384,0.005825444679009584,0.24,0,0,0,0,1,1.5,进攻,进攻
2024-05-30,3594.312,3559.94317,0.021540004143784097,0.492,0.001633763770420238,0.196,0,0,0,0,1,1.5,进攻,进攻
2024-05-31,3579.925,3557.8527900000004,0.026264316758817463,0.268,0.009604780858306405,0.192,0,0,-1,0,1,0.5,中性,进攻
2024-06-03,3588.748,3555.9470549999996,0.026470144897192682,0.736,-0.0017931273196294395,0.056,0,0,1,0,1,2.5,进攻,进攻
2024-06-04,3615.671,3554.00049,0.03812648207044678,0.528,-0.006516314916049537,0.1,0,0,0,0,1,1.5,进攻,进攻
2024-06-05,3594.794,3551.8715650000004,0.03891636691946965,0.384,-0.008875732978643636,0.084,0,0,0,0,1,1.5,进攻,进攻
2024-06-06,3592.245,3549.8820250000003,0.05833029143049573,0.796,-0.011741384237477615,0.04,0,1,1,0,1,3.75,进攻,进攻
2024-06-07,3574.114,3547.853935,0.05133430482074641,0.568,-0.015841932604790165,0.052,0,1,0,0,1,2.75,进攻,进攻
2024-06-11,3542.877,3545.730495,0.044701384314250525,0.528,-0.013148886975397955,0.068,-1,0,0,0,1,0.25,中性,进攻
2024-06-12,3544.123,3543.572525,0.04255408649956971,0.288,-0.014600154066063964,0.072,0,0,-1,0,1,0.5,中性,进攻
2024-06-13,3526.131,3541.7819099999997,0.031196784282875534,0.456,-0.013121087715637803,0.064,-1,0,0,0,1,0.25,中性,进攻
2024-06-14,3541.533,3540.210045,0.033480185467329227,0.688,-0.017075759339392982,0.068,0,0,0,0,1,1.5,进攻,进攻
2024-06-17,3536.199,3538.65836,0.049440216286478655,0.444,-0.010380680795680441,0.008,-1,0,0,0,1,0.25,中性,进攻
2024-06-18,3545.59,3537.2946399999996,0.05776494019625522,0.252,-0.009535654504534974,0.008,0,1,-1,0,1,1.75,进攻,进攻
2024-06-19,3528.749,3535.78288,0.05602097468481704,0.136,-0.011745814169504487,0.012,-1,1,-1,0,1,0.5,中性,进攻
2024-06-20,3503.282,3534.3792700000004,0.05223697244460368,0.444,-0.014453932651934953,0.016,-1,1,0,0,1,1.5,进攻,进攻
2024-06-21,3495.62,3533.209595,0.0484634112177984,0.1,-0.016796766116592643,0.008,-1,0,-1,0,1,-0.75,中性,进攻
2024-06-24,3476.81,3531.80251,0.054376919255848755,0.468,-0.01618578846029406,0.008,-1,1,0,0,1,1.5,进攻,进攻
2024-06-25,3457.902,3530.60885,0.03813778382224475,0.248,-0.02038386157852845,0.004,-1,0,-1,0,1,-0.75,中性,进攻
2024-06-26,3480.265,3529.39303,0.04286102118284996,0.308,-0.021256503626350343,0.008,-1,0,0,0,1,0.25,中性,进攻
2024-06-27,3454.118,3528.1178600000003,0.0318651415659259,0.228,-0.023052275364220054,0.012,-1,0,-1,0,1,-0.75,中性,进攻
2024-06-28,3461.657,3526.66305,0.041165607451899344,0.556,-0.0280445735290884,0.016,-1,0,0,0,1,0.25,中性,进攻
2024-07-01,3478.183,3525.10343,0.04250923986851518,0.468,-0.02705367054258523,0.02,-1,0,0,0,1,0.25,中性,中性
2024-07-02,3471.786,3523.5198100000002,0.016765362244987703,0.308,-0.02611483390109215,0.02,-1,0,0,0,1,0.25,中性,中性
2024-07-03,3463.414,3522.01054,0.009415028955644056,0.08,-0.023503701121990295,0.008,-1,0,-1,0,1,-0.75,中性,中性
2024-07-04,3445.813,3520.2821500000005,0.017559013357146602,0.272,-0.027861495255711466,0.008,-1,0,-1,0,1,-0.75,中性,中性
2024-07-05,3431.061,3518.1926949999997,0.015618520218914966,0.256,-0.02887863460801121,0.012,-1,0,-1,0,1,-0.75,中性,中性
2024-07-08,3401.76,3516.09991,0.016345129983041717,0.3,-0.027682636000581184,0.02,-1,0,0,0,1,0.25,中性,中性
2024-07-09,3439.811,3514.238825,0.03325212046098791,0.56,-0.03306207333602351,0.052,-1,0,0,-1,1,-0.75,中性,中性
2024-07-10,3428.966,3512.59128,0.04348982488429898,0.496,-0.035262876924783915,0.052,-1,0,0,-1,1,-0.75,中性,中性
2024-07-11,3468.169,3511.23216,0.05335460997862107,0.612,-0.035866535195082205,0.08,-1,1,0,-1,1,0.5,中性,中性
2024-07-12,3472.401,3509.75648,0.05958630252272634,0.5,-0.03717855878361864,0.076,-1,1,0,-1,1,0.5,中性,中性
2024-07-15,3476.247,3508.3346900000006,0.05479155692678139,0.216,-0.041595237267798235,0.084,-1,1,-1,-1,1,-0.5,中性,中性
2024-07-16,3498.283,3507.1428499999997,0.06519644098488286,0.132,-0.044923606947962935,0.092,-1,1,-1,-1,1,-0.5,中性,中性
2024-07-17,3501.584,3505.98323,0.06725674505931245,0.316,-0.04696370729524524,0.092,-1,1,0,-1,1,0.5,中性,中性
2024-07-18,3520.931,3505.044,0.06666563663706238,0.292,-0.04803575461377452,0.088,0,1,-1,-1,1,0.75,中性,中性
2024-07-19,3539.016,3504.1005250000003,0.09598207787848079,0.304,-0.049113325320019774,0.092,0,1,0,-1,1,1.75,进攻,中性
2024-07-22,3514.925,3503.07264,0.07334835951310792,0.288,-0.04324586633754279,0.104,0,1,-1,-1,1,0.75,中性,中性
2024-07-23,3439.878,3501.7435800000003,0.052022523867078396,0.46,-0.040238783633635866,0.368,-1,1,0,-1,0,-1.0,中性,中性
2024-07-24,3418.166,3500.4721849999996,0.0619043388086995,0.516,-0.041538711611269874,0.36,-1,1,0,-1,0,-1.0,中性,中性
2024-07-25,3399.272,3498.7738799999997,0.05177675403543325,0.252,-0.03918081248447547,0.344,-1,1,-1,-1,0,-2.0,防御,中性
2024-07-26,3409.293,3497.2473250000003,0.04033555185378335,0.276,-0.03624649252619627,0.352,-1,0,-1,-1,0,-3.25,防御,中性
2024-07-29,3390.742,3495.73657,0.014305760923312816,0.092,-0.034344593129227885,0.34,-1,0,-1,-1,0,-3.25,防御,中性
2024-07-30,3369.382,3494.081005,0.010666739456017593,0.124,-0.03403630937594859,0.372,-1,0,-1,-1,0,-3.25,防御,中性
2024-07-31,3442.084,3492.84384,0.041805590866717424,0.904,-0.031134438373376483,0.632,-1,0,1,-1,0,-1.25,中性,中性
2024-08-01,3419.267,3491.5165399999996,0.053690571977717205,0.672,-0.025345470668264092,0.636,-1,1,0,0,0,0.0,中性,中性
2024-08-02,3384.392,3490.15287,0.052572782077980884,0.54,-0.023786413614401924,0.712,-1,1,0,0,0,0.0,中性,中性
2024-08-05,3343.321,3488.5317349999996,0.03903706703305554,0.72,-0.022381739878833184,0.748,-1,0,1,0,0,-0.25,中性,中性
2024-08-06,3342.979,3486.73472,0.051374248811496104,0.452,-0.020257272048869623,0.632,-1,1,0,0,0,0.0,中性,中性
2024-08-07,3341.489,3485.1251150000003,0.0440776247632344,0.12,-0.018801434505479664,0.628,-1,0,-1,0,0,-2.25,防御,中性
2024-08-08,3342.937,3483.706815,0.009434754198156092,0.364,-0.01922945307167112,0.576,-1,0,0,0,0,-1.25,中性,中性
2024-08-09,3331.627,3482.16794,-0.003589811073593685,0.32,-0.016103654247415222,0.568,-1,0,0,0,0,-1.25,中性,中性
2024-08-12,3325.865,3480.74438,-0.011609453985669815,0.044,-0.014794216758173717,0.56,-1,0,-1,0,0,-2.25,防御,中性
2024-08-13,3334.39,3479.748605,-0.020394217300153228,0.028,-0.012619212478619857,0.504,-1,0,-1,0,0,-2.25,防御,中性
2024-08-14,3309.239,3478.7418549999998,-0.02979165921496485,0.004,-0.009263873705530168,0.528,-1,0,-1,0,0,-2.25,防御,中性
2024-08-15,3341.953,3478.0804000000003,-0.03324335793843625,0.228,-0.007927867961169288,0.6,-1,0,-1,0,0,-2.25,防御,中性
2024-08-16,3345.634,3477.3729200000002,-0.04045143295546616,0.136,-0.006055986161178639,0.576,-1,0,-1,0,0,-2.25,防御,防御
2024-08-19,3356.968,3476.63547,-0.03804693871352105,0.124,-0.009247320163088713,0.6,-1,0,-1,0,0,-2.25,防御,防御
2024-08-20,3332.703,3475.72826,-0.034938736459198094,0.144,-0.007814821879172928,0.368,-1,0,-1,0,0,-2.25,防御,防御
2024-08-21,3321.635,3474.52451,-0.04954579492255162,0.028,-0.006465574453718093,0.344,-1,0,-1,0,0,-2.25,防御,防御
2024-08-22,3313.136,3473.17133,-0.03974309182496394,0.064,-0.010867643680966266,0.332,-1,0,-1,0,0,-2.25,防御,防御
2024-08-23,3327.191,3471.944755,-0.05372228129995804,0.012,-0.012883789568694626,0.344,-1,-1,-1,0,0,-3.5,防御,防御
2024-08-26,3324.223,3470.710735,-0.060371066345111246,0.016,-0.013867955856036285,0.324,-1,-1,-1,0,0,-3.5,防御,防御
2024-08-27,3305.334,3469.4664599999996,-0.06651898163981784,0.044,-0.016860163100671066,0.32,-1,-1,-1,0,0,-3.5,防御,防御
2024-08-28,3286.496,3467.97826,-0.07825463593748339,0.036,-0.0208806662769061,0.06,-1,-1,-1,0,1,-2.0,防御,防御
2024-08-29,3277.681,3466.203625,-0.07698206276006403,0.3,-0.021250404364864695,0.052,-1,-1,0,0,1,-1.0,中性,防御
2024-08-30,3321.432,3464.7119900000002,-0.05900977981256306,0.888,-0.018840155356114496,0.1,-1,-1,1,0,1,0.0,中性,防御
2024-09-02,3265.011,3462.9816849999997,-0.07895799893368238,0.672,-0.01534172086583041,0.184,-1,-1,0,0,1,-1.0,中性,防御
2024-09-03,3273.428,3461.2846950000003,-0.08799464179843008,0.284,-0.016642803260996875,0.192,-1,-1,-1,0,1,-2.0,防御,防御
2024-09-04,3252.165,3459.6130749999998,-0.09599154300187862,0.116,-0.016892319780276388,0.212,-1,-1,-1,0,1,-2.0,防御,防御
2024-09-05,3257.758,3458.0047950000003,-0.0880658477684646,0.068,-0.017181020604352226,0.22,-1,-1,-1,0,1,-2.0,防御,防御
2024-09-06,3231.346,3456.2512349999997,-0.09288497660028583,0.1,-0.019503596371875154,0.26,-1,-1,-1,0,1,-2.0,防御,防御
2024-09-09,3192.952,3454.17977,-0.10561393257633833,0.156,-0.018320348472106063,0.312,-1,-1,-1,0,0,-3.5,防御,防御
2024-09-10,3195.755,3452.2967250000006,-0.11315938158382555,0.168,-0.018665080920200583,0.304,-1,-1,-1,0,0,-3.5,防御,防御
2024-09-11,3186.13,3450.3870300000003,-0.10942998577270424,0.072,-0.02028574560921026,0.292,-1,-1,-1,0,1,-2.0,防御,防御
2024-09-12,3172.475,3448.3677900000002,-0.11516451236464498,0.064,-0.01947242562108853,0.192,-1,-1,-1,0,1,-2.0,防御,防御
2024-09-13,3159.247,3446.25869,-0.11779737454238803,0.108,-0.02219900487643256,0.18,-1,-1,-1,0,1,-2.0,防御,防御
2024-09-18,3171.01,3444.3916600000002,-0.10549838899949837,0.1,-0.022639824602605607,0.184,-1,-1,-1,0,1,-2.0,防御,防御
2024-09-19,3196.036,3442.56424,-0.0935193318439157,0.604,-0.021000307994500034,0.264,-1,-1,0,0,1,-1.0,中性,防御
2024-09-20,3201.05,3440.879445,-0.09670470267770237,0.4,-0.02323669376159876,0.28,-1,-1,0,0,1,-1.0,中性,防御
2024-09-23,3212.764,3439.383555,-0.08279778359346424,0.14,-0.019499859493541605,0.304,-1,-1,-1,0,0,-3.5,防御,防御
2024-09-24,3351.909,3438.5504849999998,-0.04801410976820275,0.976,-0.016363891685213794,0.94,-1,0,1,0,-1,-1.75,防御,防御
2024-09-25,3401.533,3438.116615,-0.03843155191655989,1.0,-0.018043808571809983,0.948,-1,0,1,0,-1,-1.75,防御,防御
2024-09-26,3545.32,3438.3621999999996,-0.013996646500615828,1.0,-0.014385436830616882,1.0,0,0,1,0,-1,-0.5,中性,防御
2024-09-27,3703.685,3439.4662200000002,0.034353568990883376,0.972,-0.005208397359620198,1.0,0,0,1,0,-1,-0.5,中性,防御
2024-09-30,4017.855,3442.254805,0.12614261493697954,1.0,0.0319755488702993,1.0,0,1,1,1,-1,1.75,进攻,防御
2024-10-08,4256.096,3446.5640000000003,0.20350819249362617,1.0,0.10796435236038038,1.0,0,1,1,1,-1,1.75,进攻,防御
2024-10-09,3955.984,3449.34593,0.11956942249964397,0.992,0.13239270359699207,1.0,0,1,1,1,-1,1.75,进攻,防御
2024-10-10,3997.788,3452.3784600000004,0.14069042536769816,0.988,0.1350351614705796,0.996,0,1,1,1,-1,1.75,进攻,防御
2024-10-11,3887.167,3454.816985,0.10927375226332625,0.984,0.1309806576938426,1.0,0,1,1,1,-1,1.75,进攻,进攻
2024-10-14,3961.342,3457.52642,0.13967936949899018,0.984,0.13602546061722598,1.0,0,1,1,1,-1,1.75,进攻,进攻
2024-10-15,3855.995,3459.67238,0.08647856512511987,0.968,0.14123619422358646,1.0,1,1,1,1,-1,3.0,进攻,进攻
2024-10-16,3831.589,3461.9823000000006,0.0912741394115546,0.952,0.13938951020336998,0.996,1,1,1,1,-1,3.0,进攻,进攻
2024-10-17,3788.222,3464.16359,0.062494758657015925,0.952,0.14147843779981928,1.0,1,1,1,1,-1,3.0,进攻,进攻
2024-10-18,3925.234,3467.0820000000003,0.09956630647862252,0.984,0.15389011611078507,1.0,1,1,1,1,-1,3.0,进攻,进攻
2024-10-21,3935.197,3470.1111549999996,0.11111591111743602,0.98,0.1700440175945368,0.996,1,1,1,1,-1,3.0,进攻,进攻
2024-10-22,3957.776,3473.22983,0.12089563440534357,0.964,0.1830012574681288,0.992,1,1,1,1,-1,3.0,进攻,进攻
2024-10-23,3973.209,3476.6083649999996,0.1331871171986967,0.976,0.18856775213806198,0.988,1,1,1,1,-1,3.0,进攻,进攻
2024-10-24,3928.833,3479.5981800000004,0.11563166063819463,0.932,0.1916092764173032,1.0,1,1,1,1,-1,3.0,进攻,进攻
2024-10-25,3956.421,3482.694145,0.12070993782081363,0.964,0.1975456395224322,0.996,1,1,1,1,-1,3.0,进攻,进攻
2024-10-28,3964.157,3485.7776750000003,0.10598758073124537,0.98,0.20768004946212493,0.996,1,1,1,1,-1,3.0,进攻,进攻
2024-10-29,3924.649,3488.77697,0.082986838532503,0.984,0.20969528914170144,0.964,1,1,1,1,-1,3.0,进攻,进攻
2024-10-30,3889.449,3491.54243,0.07908541630021593,0.972,0.21776085104071474,0.972,1,1,1,1,-1,3.0,进攻,进攻
2024-10-31,3891.04,3493.9249299999997,0.06374271196106385,0.984,0.22290983089955763,0.944,1,1,1,1,-1,3.0,进攻,进攻
2024-11-01,3890.02,3496.2194799999997,0.0631351448261388,0.988,0.2087890446988505,0.932,1,1,1,1,-1,3.0,进攻,进攻
2024-11-04,3944.762,3499.0115299999998,0.08664453946768558,0.956,0.17234575429926413,0.924,1,1,1,1,-1,3.0,进攻,进攻
2024-11-05,4044.573,3502.3429100000003,0.10369918797913313,0.98,0.10517085606077115,0.916,1,1,1,1,-1,3.0,进攻,进攻
2024-11-06,4024.283,3505.729065,0.0976483773593757,0.988,0.0938645534764575,0.908,1,1,1,1,-1,3.0,进攻,进攻
2024-11-07,4145.695,3509.811985,0.1312536309336858,0.988,0.10768610751786545,0.908,1,1,1,1,-1,3.0,进攻,进攻
2024-11-08,4104.047,3513.9019399999997,0.12223037999258946,0.988,0.1224747159509667,0.9,1,1,1,1,-1,3.0,进攻,进攻
2024-11-11,4131.131,3518.0951,0.13929045773148574,0.964,0.13979601988611767,0.892,1,1,1,1,-1,3.0,进攻,进攻
2024-11-12,4085.743,3522.1381699999997,0.12234617519865476,0.96,0.1413125588732611,0.884,1,1,1,1,-1,3.0,进攻,进攻
2024-11-13,4110.89,3526.21426,0.11770623468924457,0.944,0.14670566397720153,0.88,1,1,1,1,-1,3.0,进攻,进攻
2024-11-14,4039.619,3529.99152,0.0944623650961458,0.92,0.14112853934720504,0.888,1,1,1,1,-1,3.0,进攻,进攻
2024-11-15,3968.831,3533.431075,0.07961294404679231,0.912,0.12665370929031372,0.836,1,1,1,1,-1,3.0,进攻,进攻
2024-11-18,3950.381,3536.6786000000006,0.07217628895051109,0.952,0.11214702033429713,0.836,1,1,1,1,-1,3.0,进攻,进攻
2024-11-19,3976.891,3540.417645,0.09201486520921565,0.904,0.1082154837213607,0.836,1,1,1,1,-1,3.0,进攻,进攻
2024-11-20,3985.773,3543.9728649999997,0.10670572473778117,0.88,0.10603022284051011,0.832,1,1,1,1,-1,3.0,进攻,进攻
2024-11-21,3989.298,3547.570475,0.09725478503774232,0.86,0.10313142447824886,0.804,1,1,1,1,-1,3.0,进攻,进攻
2024-11-22,3865.699,3550.80446,0.07107641309419455,0.908,0.09553878442255215,0.884,1,1,1,1,-1,3.0,进攻,进攻
2024-11-25,3848.091,3553.8852500000003,0.06491423049313116,0.86,0.08780772756555533,0.888,1,1,1,1,-1,3.0,进攻,进攻
2024-11-26,3840.185,3556.70063,0.06840613725241429,0.816,0.08458699525211122,0.876,1,1,1,1,-1,3.0,进攻,进攻
2024-11-27,3907.045,3559.52126,0.09137621598217827,0.836,0.08051520026767345,0.888,1,1,1,1,-1,3.0,进攻,进攻
2024-11-28,3872.551,3562.2149099999997,0.07908133978758047,0.836,0.07599896305395326,0.888,1,1,1,1,-1,3.0,进攻,进攻
2024-11-29,3916.583,3565.278025,0.08322438628957118,0.888,0.08288450723068452,0.888,1,1,1,1,-1,3.0,进攻,进攻
2024-12-02,3947.632,3568.79099,0.09815249496911371,0.928,0.07942119465704156,0.88,1,1,1,1,-1,3.0,进攻,进攻
2024-12-03,3951.891,3572.473685,0.10011733609483775,0.916,0.06615888426525629,0.824,1,1,1,1,-1,3.0,进攻,进攻
2024-12-04,3930.557,3576.037915,0.09972905173142199,0.888,0.05255461823006313,0.824,1,1,1,1,-1,3.0,进攻,进攻
2024-12-05,3921.588,3579.7477150000004,0.10689363474938585,0.844,0.039621049980274936,0.744,1,1,1,1,0,4.5,进攻,进攻
2024-12-06,3973.141,3583.61131,0.12105053916018149,0.944,0.029213702665292773,0.748,1,1,1,0,0,3.5,进攻,进攻
2024-12-09,3966.571,3586.8857049999997,0.12490744104515694,0.94,0.009913295336870354,0.744,1,1,1,0,0,3.5,进攻,进攻
2024-12-10,3995.637,3590.1457399999995,0.12822243926570787,0.956,0.01251120139962314,0.74,1,1,1,0,0,3.5,进攻,进攻
2024-12-11,3988.831,3593.265245,0.1279995837338339,0.928,0.011538454285120459,0.732,1,1,1,0,0,3.5,进攻,进攻
2024-12-12,4028.505,3596.3887299999997,0.1362015912725385,0.94,0.01728853236645822,0.712,1,1,1,0,0,3.5,进攻,进攻
2024-12-13,3933.181,3599.000365,0.11461058862503415,0.948,0.016068885995348836,0.744,1,1,1,0,0,3.5,进攻,进攻
2024-12-16,3911.842,3601.27522,0.11662207038999428,0.868,0.01585844705193673,0.744,1,1,1,0,0,3.5,进攻,进攻
2024-12-17,3922.033,3603.4520099999995,0.12198494115493097,0.836,0.012016973400065023,0.728,1,1,1,0,0,3.5,进攻,进攻
2024-12-18,3941.89,3605.7127499999997,0.13376629726674727,0.784,0.010479966480113623,0.736,1,1,1,0,0,3.5,进攻,进攻
2024-12-19,3945.464,3608.173275,0.14099936898153853,0.784,0.010213730287969236,0.736,1,1,1,0,0,3.5,进攻,进攻
2024-12-20,3927.744,3610.33806,0.12857612854193579,0.756,0.018640052677151075,0.516,1,1,1,0,0,3.5,进攻,进攻
2024-12-23,3933.572,3612.75462,0.13880649126636668,0.82,0.014004365105301009,0.508,1,1,1,0,0,3.5,进攻,进攻
2024-12-24,3983.688,3615.0926449999997,0.15080379136350008,0.736,0.016720193791640137,0.568,1,1,1,0,0,3.5,进攻,进攻
2024-12-25,3985.629,3617.3317700000002,0.14589399120172808,0.732,0.014480980777141106,0.448,1,1,1,0,0,3.5,进攻,进攻
2024-12-26,3987.48,3619.564825,0.14853853319300203,0.688,0.014407574440398419,0.4,1,1,0,0,0,2.5,进攻,进攻
2024-12-27,3981.031,3621.64241,0.14945282313924912,0.756,0.009860257057837885,0.368,1,1,1,0,0,3.5,进攻,进攻
2024-12-30,3999.055,3623.882445,0.16055485309272433,0.716,0.007412012645279686,0.36,1,1,1,0,0,3.5,进攻,进攻
2024-12-31,3934.911,3625.9084,0.14684961882053393,0.756,-0.00011276434714735384,0.484,1,1,1,0,0,3.5,进攻,进攻
2025-01-02,3820.395,3627.2858250000004,0.12306423733596716,0.82,-0.001827273276660435,0.668,1,1,1,0,0,3.5,进攻,进攻
2025-01-03,3775.165,3628.21533,0.09749198429797445,0.78,-0.012378965621163363,0.696,1,1,1,0,0,3.5,进攻,进攻
2025-01-06,3768.97,3629.07271,0.09915642208175868,0.676,-0.015022878881953639,0.648,1,1,0,0,0,2.5,进攻,进攻
2025-01-07,3796.106,3630.191435,0.09455623413968595,0.632,-0.015590910861902674,0.66,1,1,0,0,0,2.5,进攻,进攻
2025-01-08,3789.215,3631.326395,0.09123773435153382,0.724,-0.022840332833323984,0.636,1,1,1,0,0,3.5,进攻,进攻
2025-01-09,3779.877,3632.375815,0.0873441961977961,0.572,-0.025509223305724582,0.632,1,1,0,0,0,2.5,进攻,进攻
2025-01-10,3732.481,3633.0205800000003,0.06694655635350255,0.616,-0.031100547840046455,0.62,1,1,0,-1,0,1.5,进攻,进攻
2025-01-13,3722.513,3633.7449950000005,0.06309401687921823,0.532,-0.02695225630491016,0.496,1,1,0,0,0,2.5,进攻,进攻
2025-01-14,3820.54,3634.9207749999996,0.08509368686861518,0.708,-0.02287170664695204,0.7,1,1,1,0,0,3.5,进攻,进攻
2025-01-15,3796.026,3635.995455,0.07262188133650693,0.612,-0.020667965512260134,0.704,1,1,0,0,0,2.5,进攻,进攻
2025-01-16,3800.384,3637.272365,0.08121339715641152,0.664,-0.020696414260353402,0.688,1,1,0,0,0,2.5,进攻,进攻
2025-01-17,3812.343,3638.7052649999996,0.10827854941367088,0.56,-0.025671283236561315,0.688,1,1,0,0,0,2.5,进攻,进攻
2025-01-20,3829.676,3640.1349099999998,0.12038912094965548,0.6,-0.02933085684228176,0.704,1,1,0,0,0,2.5,进攻,进攻
2025-01-21,3832.615,3641.7840499999998,0.12748111948676066,0.568,-0.02542637815987825,0.7,1,1,0,0,0,2.5,进攻,进攻
2025-01-22,3797.017,3643.1643099999997,0.1137256316778874,0.48,-0.025280017760201057,0.64,1,1,0,0,0,2.5,进攻,进攻
2025-01-23,3803.744,3644.49561,0.12180283843477335,0.696,-0.027462240244837566,0.644,1,1,0,0,0,2.5,进攻,进攻
2025-01-24,3832.864,3645.6816949999998,0.137556976323848,0.588,-0.03519174412468218,0.668,1,1,0,-1,0,1.5,进攻,进攻
2025-01-27,3817.08,3646.863715,0.10894446503920308,0.56,-0.05065519180893707,0.672,1,1,0,-1,0,1.5,进攻,进攻
2025-02-05,3795.085,3648.000125,0.1099118612263974,0.604,-0.04083760283059734,0.656,1,1,0,-1,0,1.5,进攻,进攻
2025-02-06,3842.831,3649.53224,0.13545682651418645,0.7,-0.027222181106418386,0.656,1,1,0,0,0,2.5,进攻,进攻
2025-02-07,3892.703,3651.32832,0.16432224126848727,0.852,-0.021089458080900014,0.484,1,1,1,0,0,3.5,进攻,进攻
2025-02-10,3901.062,3653.310085,0.16694182045415196,0.804,-0.004049449216576462,0.444,1,1,1,0,0,3.5,进攻,进攻
2025-02-11,3883.135,3655.204535,0.16209719678861734,0.752,0.0023548333447012126,0.452,1,1,1,0,0,3.5,进攻,进攻
2025-02-12,3919.862,3657.4246499999995,0.1725802789582933,0.76,0.004829450494315601,0.456,1,1,1,0,0,3.5,进攻,进攻
2025-02-13,3905.14,3659.2049700000002,0.1721420194997818,0.828,0.0061909030077165195,0.464,1,1,1,0,0,3.5,进攻,进攻
2025-02-14,3939.009,3661.3444399999994,0.18435625017852497,0.784,0.007118726719125057,0.472,1,1,1,0,0,3.5,进攻,进攻
2025-02-17,3947.398,3663.2544150000003,0.18384412141351203,0.844,0.01857777544743322,0.38,1,1,1,0,0,3.5,进攻,进攻
2025-02-18,3912.783,3664.9693199999997,0.18238150825612776,0.808,0.014950204805424194,0.44,1,1,1,0,0,3.5,进攻,进攻
2025-02-19,3940.16,3666.96181,0.17899922590174056,0.72,0.016486318378228892,0.2,1,1,1,0,1,5.0,进攻,进攻
2025-02-20,3928.896,3668.951765,0.17433526799404842,0.72,0.01930954201829449,0.18,1,1,1,0,1,5.0,进攻,进攻
2025-02-21,3978.444,3671.3128599999995,0.18513015316201997,0.856,0.022588918606939457,0.22,1,1,1,0,1,5.0,进攻,进攻
2025-02-24,3969.717,3673.553335,0.1911403446391713,0.844,0.030975390864749208,0.232,1,1,1,1,1,6.0,进攻,进攻
2025-02-25,3925.651,3675.530185,0.18184297793104887,0.752,0.034704274333239526,0.336,1,1,1,1,0,4.5,进攻,进攻
2025-02-26,3959.941,3677.408545,0.19522440370694105,0.788,0.03911435430906085,0.352,1,1,1,1,0,4.5,进攻,进攻
2025-02-27,3968.116,3679.1295649999997,0.1926324638411201,0.824,0.03784652841680902,0.256,1,1,1,1,1,6.0,进攻,进攻
2025-02-28,3890.049,3680.55784,0.1702130091753773,0.808,0.033840832163905654,0.492,1,1,1,1,0,4.5,进攻,进攻
2025-03-03,3888.474,3681.710825,0.1764239256910196,0.692,0.039580488909889855,0.48,1,1,0,1,0,3.5,进攻,进攻
2025-03-04,3885.221,3682.8418899999997,0.18217730981568203,0.608,0.057637435250641245,0.46,1,1,0,1,0,3.5,进攻,进攻
2025-03-05,3902.571,3684.2036299999995,0.19065003580275186,0.648,0.045798185095448085,0.44,1,1,0,1,0,3.5,进攻,进攻
2025-03-06,3956.237,3685.66201,0.1911238887323301,0.764,0.04511406310395549,0.452,1,1,1,1,0,4.5,进攻,进攻
2025-03-07,3944.014,3687.050695,0.20796346474789829,0.736,0.036257906636169235,0.392,1,1,1,1,0,4.5,进攻,进攻
2025-03-10,3928.802,3688.37125,0.20021029941700275,0.62,0.03143314732087732,0.408,1,1,0,1,0,3.5,进攻,进攻
2025-03-11,3941.416,3689.7931049999997,0.211936048755214,0.616,0.028375727433275877,0.388,1,1,0,0,0,2.5,进攻,进攻
2025-03-12,3927.232,3691.2989849999994,0.20550145222573324,0.684,0.03164496710943987,0.38,1,1,0,1,0,3.5,进攻,进攻
2025-03-13,3911.579,3692.655085,0.21051072834663942,0.74,0.02932333913717078,0.384,1,1,1,0,0,3.5,进攻,进攻
2025-03-14,4006.557,3694.29802,0.2548127876648316,0.832,0.0280539742285304,0.632,1,1,1,0,0,3.5,进攻,进攻
2025-03-17,3996.788,3695.8271499999996,0.25065532245118916,0.72,0.023342855171721633,0.64,1,1,1,0,0,3.5,进攻,进攻
2025-03-18,4007.723,3697.48496,0.2578654982690598,0.612,0.031110712718062983,0.588,1,1,0,1,0,3.5,进攻,进攻
2025-03-19,4010.168,3699.113545,0.26405030772504134,0.592,0.025884090142333838,0.576,1,1,0,0,0,2.5,进攻,进攻
2025-03-20,3974.992,3700.779545,0.2582086807394295,0.608,0.024780442166036476,0.624,1,1,0,0,0,2.5,进攻,进攻
2025-03-21,3914.696,3702.34565,0.234526538863012,0.74,0.01562598366594181,0.668,1,1,1,0,0,3.5,进攻,进攻
2025-03-24,3934.849,3703.8413550000005,0.23116541866236795,0.704,0.009334642237358581,0.68,1,1,1,0,0,3.5,进攻,进攻
2025-03-25,3932.295,3705.4569699999997,0.22843910591837058,0.608,0.005253019496900491,0.616,1,1,0,0,0,2.5,进攻,进攻
2025-03-26,3919.357,3706.9861450000003,0.21993305452874834,0.552,0.001230565876848777,0.56,1,1,0,0,0,2.5,进攻,进攻
2025-03-27,3932.412,3708.676645,0.17318578756165515,0.536,0.0005262083079780044,0.572,1,1,0,0,0,2.5,进攻,进攻
2025-03-28,3915.166,3710.3528499999998,0.1510004459753882,0.524,0.006562575249251523,0.388,1,1,0,0,0,2.5,进攻,进攻
2025-03-31,3887.306,3711.84564,0.09646125032437114,0.64,0.007623767034531381,0.4,1,1,0,0,0,2.5,进攻,进攻
2025-04-01,3887.684,3713.205705,0.04967998088390346,0.54,0.00605821252008476,0.4,1,0,0,0,0,1.25,中性,进攻
2025-04-02,3884.386,3714.653665,-0.033218968827894546,0.376,0.004134052951382472,0.396,1,0,0,0,0,1.25,中性,进攻
2025-04-03,3861.503,3715.9999549999998,-0.09271242941888513,0.488,-0.006754725977567877,0.324,1,-1,0,0,0,0.0,中性,进攻
2025-04-07,3589.441,3716.0765899999997,-0.09265532924298991,0.888,-0.02290286956461063,0.908,0,-1,1,0,-1,-1.75,防御,进攻
2025-04-08,3650.759,3716.6160000000004,-0.08680525330507771,0.888,-0.04619561300945896,0.912,0,-1,1,-1,-1,-2.75,防御,进攻
2025-04-09,3686.794,3717.3293550000003,-0.051547309390103435,0.92,-0.04806353928390872,0.912,0,-1,1,-1,-1,-2.75,防御,进攻
2025-04-10,3735.115,3718.374275,-0.05710867680700138,0.824,-0.051709213192326686,0.912,1,-1,1,-1,-1,-1.5,防御,进攻
2025-04-11,3750.517,3719.4191950000004,-0.027354288581805775,0.628,-0.05158699538957168,0.912,1,0,0,-1,-1,-1.25,中性,进攻
2025-04-14,3759.142,3720.53391,-0.018907821272062364,0.608,-0.04650710920507206,0.892,1,0,0,-1,-1,-1.25,中性,进攻
2025-04-15,3761.235,3721.6121350000003,-0.007123922515628767,0.448,-0.0504139588136201,0.892,1,0,0,-1,-1,-1.25,中性,进攻
2025-04-16,3772.82,3722.8324900000002,-0.038829277439255794,0.524,-0.0571155893065437,0.892,1,0,0,-1,-1,-1.25,中性,进攻
2025-04-17,3772.222,3724.17719,-0.041414699187867776,0.416,-0.05950619355404596,0.884,1,0,0,-1,-1,-1.25,中性,中性
2025-04-18,3772.523,3725.561705,-0.04680734836938716,0.388,-0.06477564035833172,0.876,1,0,0,-1,-1,-1.25,中性,中性
2025-04-21,3784.881,3727.10206,-0.04739946979884524,0.416,-0.05649911504037475,0.872,1,0,0,-1,-1,-1.25,中性,中性
2025-04-22,3783.952,3728.7323100000003,-0.03687634470592149,0.464,-0.056956733512153135,0.864,1,0,0,-1,-1,-1.25,中性,中性
2025-04-23,3786.882,3730.2653950000004,-0.042851607551370186,0.484,-0.05585217352971694,0.864,1,0,0,-1,-1,-1.25,中性,中性
2025-04-24,3784.357,3731.91659,-0.04535642760869463,0.436,-0.057987626200434406,0.86,1,0,0,-1,-1,-1.25,中性,中性
2025-04-25,3786.994,3733.543275,-0.035074474175907144,0.484,-0.06037237692684416,0.852,1,0,0,-1,-1,-1.25,中性,中性
2025-04-28,3781.619,3735.0604550000003,-0.027723721277743918,0.484,-0.05850989142011742,0.848,1,0,0,-1,-1,-1.25,中性,中性
2025-04-29,3775.077,3736.5769099999998,-0.02980257206299597,0.436,-0.05847895116315338,0.844,1,0,0,-1,-1,-1.25,中性,中性
2025-04-30,3770.571,3738.112695,-0.030706525930457973,0.544,-0.06489467325504106,0.84,1,0,0,-1,-1,-1.25,中性,中性
2025-05-06,3808.542,3739.92634,-0.03453186782878159,0.624,-0.05723332247209667,0.872,1,0,0,-1,-1,-1.25,中性,中性
2025-05-07,3831.627,3741.9291700000003,-0.05264981000466551,0.668,-0.04967727038407421,0.872,1,-1,0,-1,-1,-2.5,防御,中性
2025-05-08,3852.896,3744.1848499999996,-0.04258820763847859,0.512,-0.03033093095739081,0.06,1,0,0,-1,1,1.75,进攻,中性
2025-05-09,3846.157,3746.21658,-0.07225278270591529,0.444,-0.01317420801232283,0.004,1,-1,0,0,1,1.5,进攻,中性
2025-05-12,3890.61,3748.5247999999997,-0.05200647068612996,0.496,-0.01042479321226919,0.024,1,-1,0,0,1,1.5,进攻,中性
2025-05-13,3896.258,3750.665245,-0.05685440621466631,0.508,-0.012042113607852567,0.004,1,-1,0,0,1,1.5,进攻,中性
2025-05-14,3943.211,3753.019295,-0.03488520937317896,0.592,-0.009492814065924282,0.012,1,0,0,0,1,2.75,进攻,进攻
2025-05-15,3907.199,3755.174055,-0.04954912439885284,0.508,-0.0156105525694622,0.064,1,0,0,0,1,2.75,进攻,进攻
2025-05-16,3889.085,3757.128065,-0.037264405380804555,0.424,-0.01617599993445762,0.084,1,0,0,0,1,2.75,进攻,进攻
2025-05-19,3877.145,3759.00587,-0.023101512762826126,0.448,-0.010337206192626569,0.092,1,0,0,0,1,2.75,进攻,进攻
2025-05-20,3898.171,3760.89207,-0.013216446717417951,0.464,-0.008045379616860804,0.096,1,0,0,0,1,2.75,进攻,进攻
2025-05-21,3916.381,3762.778895,-0.015215403188068355,0.488,-0.005442068611040574,0.104,1,0,0,0,1,2.75,进攻,进攻
2025-05-22,3913.865,3764.773595,-0.01804116792401378,0.408,-0.010059433664424633,0.108,1,0,0,0,1,2.75,进攻,进攻
2025-05-23,3882.274,3766.985575,-0.026827777719287904,0.432,-0.009926928142963698,0.144,1,0,0,0,1,2.75,进攻,进攻
2025-05-26,3860.107,3769.19528,-0.0014465689128926318,0.324,-0.007501151997919453,0.168,1,0,0,0,1,2.75,进攻,进攻
2025-05-27,3839.397,3771.395905,-0.002259302079914427,0.316,-0.0033153120569274774,0.172,1,0,0,0,1,2.75,进攻,进攻
2025-05-28,3836.237,3773.530625,-0.0010280754703223538,0.316,3.793112898398121e-05,0.176,1,0,0,0,1,2.75,进攻,进攻
2025-05-29,3858.7,3775.870415,-0.012373801683881358,0.404,-0.002458721184415702,0.184,1,0,0,0,1,2.75,进攻,进攻
2025-05-30,3840.232,3778.2246649999997,-0.008345661554876815,0.392,-0.005942493541609251,0.208,1,0,0,0,1,2.75,进攻,进攻
2025-06-03,3852.013,3780.27431,-0.016486309622443907,0.424,0.004701820025846182,0.208,1,0,0,0,1,2.75,进攻,进攻
2025-06-04,3868.743,3782.52169,-0.019983878943123368,0.388,-0.0007549500042852708,0.172,1,0,0,0,1,2.75,进攻,进攻
2025-06-05,3877.556,3784.98751,-0.01880998236034348,0.464,-0.0018406905413935748,0.168,1,0,0,0,1,2.75,进攻,进攻
2025-06-06,3873.984,3787.6408250000004,-0.014393125452702993,0.36,-0.0042636848033977826,0.148,1,0,0,0,1,2.75,进攻,进攻
2025-06-09,3885.246,3790.3521599999995,-0.00926716422020879,0.52,0.002411950419505926,0.152,1,0,0,0,1,2.75,进攻,进攻
2025-06-10,3865.465,3792.97204,-0.02710097628047936,0.632,0.002802539349639366,0.104,1,0,0,0,1,2.75,进攻,进攻
2025-06-11,3894.625,3795.73048,-0.018138084506743923,0.504,0.004091898750259171,0.116,1,0,0,0,1,2.75,进攻,进攻
2025-06-12,3892.199,3798.53334,-0.025887737049186454,0.456,0.006225057509274379,0.056,1,0,0,0,1,2.75,进攻,进攻
2025-06-13,3864.182,3801.224925,-0.031249506434341323,0.664,0.005070916727494046,0.048,1,0,0,0,1,2.75,进攻,进攻
2025-06-16,3873.795,3803.92195,-0.03840382474391868,0.436,0.009766746307608987,0.044,1,0,0,0,1,2.75,进攻,进攻
2025-06-17,3870.379,3806.7276500000003,-0.01596722856130961,0.368,0.01135765821425827,0.044,1,0,0,0,1,2.75,进攻,进攻
2025-06-18,3874.971,3809.39274,-0.009425482931059048,0.324,0.01144391074412443,0.036,1,0,0,0,1,2.75,进攻,进攻
2025-06-19,3843.091,3811.880025,-0.020127826563417495,0.484,0.007244714536054131,0.052,1,0,0,0,1,2.75,进攻,进攻
2025-06-20,3846.644,3814.3284049999997,-0.024162521024178818,0.3,0.003875714704970834,0.056,1,0,0,0,1,2.75,进攻,进攻
2025-06-23,3857.902,3816.9544,-0.02219308045897772,0.34,0.008371178582397665,0.032,1,0,0,0,1,2.75,进攻,进攻
2025-06-24,3904.034,3819.866395,-0.006036544133222521,0.58,0.007333821570082444,0.092,1,0,0,0,1,2.75,进攻,进攻
2025-06-25,3960.066,3823.1010449999994,0.006735354024281159,0.66,0.007230388234455987,0.156,1,0,0,0,1,2.75,进攻,进攻
2025-06-26,3946.02,3826.19519,-0.009455559772753364,0.632,0.011272680275454583,0.164,1,0,0,0,1,2.75,进攻,进攻
2025-06-27,3921.758,3829.1828649999998,-0.01602532498634468,0.724,0.014557938748976929,0.212,1,0,1,0,1,3.75,进攻,进攻
2025-06-30,3936.079,3832.3365900000003,-0.012890597570395346,0.552,0.022487889018563356,0.168,1,0,0,0,1,2.75,进攻,进攻
2025-07-01,3942.762,3835.61792,-0.00961283647376765,0.524,0.022453950951342616,0.164,1,0,0,0,1,2.75,进攻,进攻
2025-07-02,3943.685,3838.94794,-0.01384577106341367,0.628,0.022620735277831816,0.16,1,0,0,0,1,2.75,进攻,进攻
2025-07-03,3968.068,3842.1811199999997,0.008426365933054125,0.512,0.021318664308760615,0.184,1,0,0,0,1,2.75,进攻,进攻
2025-07-04,3982.203,3845.7670800000005,0.04235373567392897,0.628,0.020313477855015805,0.184,1,0,0,0,1,2.75,进攻,进攻
2025-07-07,3965.175,3849.225815,0.05033157491129536,0.504,0.019109879897685866,0.216,1,1,0,0,1,4.0,进攻,进攻
2025-07-08,3998.453,3852.957255,0.0608874573159246,0.616,0.020534864875059622,0.228,1,1,0,0,1,4.0,进攻,进攻
2025-07-09,3991.401,3856.6254700000004,0.051446139807476365,0.724,0.021466243325573453,0.184,1,1,1,0,1,5.0,进攻,进攻
2025-07-10,4010.024,3860.51886,0.058273019609602406,0.772,0.022426917167291283,0.204,1,1,1,0,1,5.0,进攻,进攻
2025-07-11,4014.807,3864.628135,0.06215281608369794,0.888,0.027161040790044444,0.124,1,1,1,0,1,5.0,进攻,进攻
2025-07-14,4017.668,3868.7376999999997,0.07640681894964763,0.792,0.02897300264705782,0.124,1,1,1,0,1,5.0,进攻,进攻
2025-07-15,4019.064,3872.90237,0.07966419459112695,0.788,0.027760749669279106,0.116,1,1,1,0,1,5.0,进攻,进攻
2025-07-16,4007.202,3877.076005,0.048857491349390436,0.544,0.032678997194389714,0.124,1,0,0,1,1,3.75,进攻,进攻
2025-07-17,4034.491,3881.4522249999995,0.06281964349032387,0.556,0.04109926334529779,0.076,1,1,0,1,1,5.0,进攻,进攻
2025-07-18,4058.549,3885.8899199999996,0.06793129325878655,0.592,0.04515518363504811,0.088,1,1,0,1,1,5.0,进攻,进攻
2025-07-21,4085.607,3890.3377750000004,0.071678755033322,0.868,0.050990966686754735,0.092,1,1,1,1,1,6.0,进攻,进攻
2025-07-22,4118.958,3894.927315,0.07553693837285436,0.936,0.06007907641097909,0.06,1,1,1,1,1,6.0,进攻,进攻
2025-07-23,4119.769,3899.46234,0.07492377919514492,0.944,0.05877293352729529,0.012,1,1,1,1,1,6.0,进攻,进攻
2025-07-24,4149.037,3903.44798,0.09270961915630105,0.944,0.05738723361261111,0.008,1,1,1,1,1,6.0,进攻,进攻
2025-07-25,4127.163,3907.07613,0.0850264896901578,0.916,0.06139596880887721,0.008,1,1,1,1,1,6.0,进攻,进攻
2025-07-28,4135.824,3910.0286499999997,0.07904272105663024,0.8,0.06967412690025299,0.008,1,1,1,1,1,6.0,进攻,进攻
2025-07-29,4152.025,3912.27035,0.08774901233403543,0.82,0.07977214574716851,0.016,1,1,1,1,1,6.0,进攻,进攻
2025-07-30,4151.238,3912.937265,0.09384585588992089,0.852,0.07881620217084206,0.02,1,1,1,1,1,6.0,进攻,进攻
2025-07-31,4075.591,3912.03474,0.06056992878427381,0.856,0.07759290806542096,0.236,1,1,1,1,1,6.0,进攻,进攻
2025-08-01,4054.929,3912.529465,0.0416743840976308,0.6,0.07882672832404669,0.244,1,0,0,1,1,3.75,进攻,进攻
2025-08-04,4070.702,3912.8940349999993,0.043485594435566544,0.472,0.08210520222175588,0.236,1,0,0,1,1,3.75,进攻,进攻
2025-08-05,4103.45,3913.97545,0.05673637408949195,0.564,0.08416924883007915,0.236,1,1,0,1,1,5.0,进攻,进攻
2025-08-06,4113.485,3914.7361650000003,0.04939536136731326,0.62,0.08601557345254118,0.232,1,0,0,1,1,3.75,进攻,进攻
2025-08-07,4114.666,3916.02952,0.0536539022928757,0.688,0.08347865505096186,0.228,1,1,0,1,1,5.0,进攻,进攻
2025-08-08,4104.967,3917.39641,0.042131916936468006,0.668,0.07994449861572206,0.244,1,0,0,1,1,3.75,进攻,进攻
2025-08-11,4122.511,3919.067855,0.044361627583537455,0.704,0.0837416806254565,0.252,1,0,1,1,1,4.75,进攻,进攻
2025-08-12,4143.825,3920.16081,0.05904799729501997,0.684,0.08465328707061959,0.268,1,1,0,1,1,5.0,进攻,进攻
2025-08-13,4176.578,3921.3677150000003,0.0600021318931212,0.812,0.08313681320224253,0.276,1,1,1,1,1,6.0,进攻,进攻
2025-08-14,4173.313,3922.4453999999996,0.062210096678557925,0.848,0.08503825245919261,0.264,1,1,1,1,1,6.0,进攻,进攻
2025-08-15,4202.353,3923.59112,0.056280545861648434,0.896,0.08986079689645798,0.276,1,1,1,1,1,6.0,进攻,进攻
2025-08-18,4239.413,3925.14402,0.06793834421949962,0.944,0.101679618547321,0.292,1,1,1,1,1,6.0,进攻,进攻
2025-08-19,4223.374,3926.478785,0.07584041474904413,0.908,0.10749248417283663,0.288,1,1,1,1,1,6.0,进攻,进攻
2025-08-20,4271.396,3928.0149799999995,0.07865142435202954,0.888,0.11430002141735085,0.34,1,1,1,1,0,4.5,进攻,进攻
2025-08-21,4288.071,3929.83209,0.08063146339471938,0.896,0.10839923823207176,0.332,1,1,1,1,0,4.5,进攻,进攻
2025-08-22,4377.998,3932.2748349999997,0.12543518089360828,0.912,0.10860101279463419,0.424,1,1,1,1,0,4.5,进攻,进攻
2025-08-25,4469.222,3935.1657450000002,0.14935113363237074,0.976,0.1124311941833982,0.496,1,1,1,1,0,4.5,进攻,进攻
2025-08-26,4452.591,3937.9786000000004,0.1460328768942618,0.924,0.11089030310967907,0.528,1,1,1,1,0,4.5,进攻,进攻
2025-08-27,4386.127,3940.1854250000006,0.12390703461897301,0.972,0.12198778997735471,0.608,1,1,1,1,0,4.5,进攻,进攻
2025-08-28,4463.782,3942.28147,0.12828983703453556,0.944,0.13148180889191963,0.536,1,1,1,1,0,4.5,进攻,进攻
2025-08-29,4496.759,3944.64385,0.14014782908985612,0.916,0.14244248817452543,0.488,1,1,1,1,0,4.5,进攻,进攻
2025-09-01,4523.711,3946.5339299999996,0.15142249469431146,0.92,0.1546923713953745,0.484,1,1,1,1,0,4.5,进攻,进攻
2025-09-02,4490.453,3948.46596,0.13929942944363138,0.92,0.14726806566995143,0.544,1,1,1,1,0,4.5,进攻,进攻
2025-09-03,4459.83,3950.109455,0.13561663787624467,0.792,0.14234372080106938,0.588,1,1,1,1,0,4.5,进攻,进攻
2025-09-04,4365.209,3951.5067849999996,0.11597106948370461,0.892,0.13717843538090846,0.644,1,1,1,1,0,4.5,进攻,进攻
2025-09-05,4460.325,3953.25396,0.11325634453721745,0.76,0.14113453736035964,0.728,1,1,1,1,0,4.5,进攻,进攻
2025-09-08,4467.573,3955.3937300000002,0.11779083604134133,0.8,0.14138585723069985,0.728,1,1,1,1,0,4.5,进攻,进攻
2025-09-09,4436.258,3957.7308650000004,0.10692730011530238,0.72,0.14184089521002985,0.732,1,1,1,1,0,4.5,进攻,进攻
2025-09-10,4445.365,3960.205785,0.10852338355899294,0.596,0.14021006521993318,0.728,1,1,0,1,0,3.5,进攻,进攻
2025-09-11,4548.035,3963.0615049999997,0.1441620511437507,0.74,0.13786504401924127,0.744,1,1,1,1,0,4.5,进攻,进攻
2025-09-12,4521.998,3965.7426299999997,0.1551338852365547,0.888,0.14090854217284288,0.756,1,1,1,1,0,4.5,进攻,进攻
2025-09-15,4533.056,3968.46142,0.15202794313072743,0.776,0.12908889381292998,0.744,1,1,1,1,0,4.5,进攻,进攻
2025-09-16,4523.337,3971.7496100000003,0.15030459311928546,0.832,0.12298700717343958,0.736,1,1,1,1,0,4.5,进攻,进攻
2025-09-17,4551.023,3975.2642699999997,0.16116572182630984,0.804,0.1184158512808684,0.728,1,1,1,1,0,4.5,进攻,进攻
2025-09-18,4498.109,3978.55389,0.1438549673838856,0.972,0.12117565402687136,0.76,1,1,1,1,0,4.5,进攻,进攻
2025-09-19,4501.92,3981.5282650000004,0.14986695327860944,0.844,0.11362521955646354,0.712,1,1,1,1,0,4.5,进攻,进攻
2025-09-22,4522.608,3984.77855,0.1634298920640671,0.632,0.106380582665063,0.656,1,1,0,1,0,3.5,进攻,进攻
2025-09-23,4519.778,3987.7945250000002,0.1625888318083466,0.884,0.09421960431352483,0.652,1,1,1,1,0,4.5,进攻,进攻
2025-09-24,4566.071,3990.8867200000004,0.17549363013871422,0.692,0.0891800041162627,0.588,1,1,0,1,0,3.5,进攻,进攻
2025-09-25,4593.488,3994.094705,0.18955960930238813,0.664,0.08615182893129458,0.556,1,1,0,1,0,3.5,进攻,进攻
2025-09-26,4550.049,3997.192165,0.267620501353832,0.576,0.06830275624504156,0.568,1,1,0,1,0,3.5,进攻,进攻
2025-09-29,4620.053,4000.6844899999996,0.26550478955198087,0.7,0.054133864884078564,0.592,1,1,0,1,0,3.5,进攻,进攻
2025-09-30,4640.694,4004.022255,0.2587342824144774,0.624,0.0436182764050399,0.568,1,1,0,1,0,3.5,进攻,进攻
2025-10-09,4709.482,4007.7368100000003,0.26086666675590986,0.892,0.06550344080021508,0.596,1,1,1,1,0,4.5,进攻,进攻
2025-10-10,4616.834,4010.842795,0.2309860213938506,0.888,0.06749325131331774,0.568,1,1,1,1,0,4.5,进攻,进攻
2025-10-13,4593.979,4013.868535,0.22208179419665464,0.876,0.06748777638127601,0.536,1,1,1,1,0,4.5,进攻,进攻
2025-10-14,4539.064,4016.42133,0.206801489404411,0.944,0.05861784885362642,0.548,1,1,1,1,0,4.5,进攻,进攻
2025-10-15,4606.288,4019.786865,0.22091379922710308,0.74,0.055785847856529625,0.568,1,1,1,1,0,4.5,进攻,进攻
2025-10-16,4618.422,4023.3197649999997,0.22432401910598032,0.652,0.05491303554667404,0.572,1,1,0,1,0,3.5,进攻,进攻
2025-10-17,4514.235,4026.280775,0.19660900675754656,0.7,0.04046617972732358,0.588,1,1,0,1,0,3.5,进攻,进攻
2025-10-20,4538.22,4029.262425,0.1990390186639952,0.556,0.03213142174092032,0.584,1,1,0,1,0,3.5,进攻,进攻
2025-10-21,4607.872,4032.574465,0.21774060558907715,0.668,0.029215600151399235,0.676,1,1,0,0,0,2.5,进攻,进攻
2025-10-22,4592.57,4035.898595,0.21275761959311112,0.548,0.022521872976554835,0.68,1,1,0,0,0,2.5,进攻,进攻
2025-10-23,4606.345,4039.26246,0.21720678043852626,0.592,0.018423421734086842,0.672,1,1,0,0,0,2.5,进攻,进攻
2025-10-24,4660.684,4042.64744,0.2307080497090832,0.6,0.021315566713688616,0.656,1,1,0,0,0,2.5,进攻,进攻
2025-10-27,4716.019,4046.29939,0.2470899368762427,0.748,0.03218415561175236,0.7,1,1,1,1,0,4.5,进攻,进攻
2025-10-28,4691.973,4049.821855,0.2428814034786575,0.632,0.02803783555894146,0.708,1,1,0,0,0,2.5,进攻,进攻
2025-10-29,4747.838,4053.6558900000005,0.2591827603829764,0.7,0.03356952569823113,0.748,1,1,0,1,0,3.5,进攻,进攻
2025-10-30,4709.911,4057.21017,0.23667035836811046,0.812,0.02454353996743386,0.756,1,1,1,0,0,3.5,进攻,进攻
2025-10-31,4640.668,4060.738955,0.21114816238637002,0.828,0.01607977665084559,0.768,1,1,1,0,0,3.5,进攻,进攻
2025-11-03,4653.403,4064.903995,0.20776761168741653,0.752,0.029888776375644577,0.768,1,1,1,0,0,3.5,进攻,进攻
2025-11-04,4618.699,4069.121665,0.20086075529418057,0.7,0.02550335088836886,0.756,1,1,0,0,0,2.5,进攻,进攻
2025-11-05,4627.257,4073.4130999999998,0.1893397179362617,0.696,0.0382830110253245,0.748,1,1,0,1,0,3.5,进攻,进攻
2025-11-06,4693.403,4077.899585,0.20459245768632384,0.728,0.022642092973225614,0.74,1,1,1,0,0,3.5,进攻,进攻
2025-11-07,4678.794,4082.3474800000004,0.18654416413425512,0.656,0.021179011794428826,0.576,1,1,0,0,0,2.5,进攻,进攻
2025-11-10,4695.051,4086.92335,0.2016411244986498,0.752,0.02136547474684236,0.568,1,1,1,0,0,3.5,进攻,进攻
2025-11-11,4652.166,4091.5217749999997,0.19621093393433164,0.632,0.02314451038855614,0.552,1,1,0,0,0,2.5,进攻,进攻
2025-11-12,4645.908,4096.13875,0.19828069365473833,0.64,0.01982287416275952,0.54,1,1,0,0,0,2.5,进攻,进攻
2025-11-13,4702.074,4100.54642,0.20622568891923931,0.704,0.01682646466832205,0.548,1,1,1,0,0,3.5,进攻,进攻
2025-11-14,4628.14,4104.70699,0.18173895747119606,0.732,0.023800053736797944,0.524,1,1,1,0,0,3.5,进攻,进攻
2025-11-17,4598.053,4108.695335,0.17481134377399332,0.656,0.028629964786320183,0.532,1,1,0,0,0,2.5,进攻,进攻
2025-11-18,4568.193,4112.474585,0.17667969854780985,0.664,0.025874985067106504,0.48,1,1,0,0,0,2.5,进攻,进攻
2025-11-19,4588.292,4116.267665,0.188643734487153,0.512,0.019459919062954745,0.488,1,1,0,0,0,2.5,进攻,进攻
2025-11-20,4564.948,4119.92933,0.18897524793606912,0.524,0.016146573489548732,0.5,1,1,0,0,0,2.5,进攻,进攻
2025-11-21,4453.608,4123.2122850000005,0.16093140230908576,0.78,0.003790211866591564,0.564,1,1,1,0,0,3.5,进攻,进攻
2025-11-24,4448.048,4126.433805,0.1527322673439242,0.424,-0.005996014696826646,0.544,1,1,0,0,0,2.5,进攻,进攻
2025-11-25,4490.405,4129.72151,0.16930565653325114,0.368,-0.009659321130743193,0.568,1,1,0,0,0,2.5,进攻,进攻
2025-11-26,4517.626,4133.22424,0.1727961458074001,0.3,-0.011602939554684166,0.548,1,1,0,0,0,2.5,进攻,进攻
2025-11-27,4515.403,4136.82583,0.1671498985587827,0.268,-0.008185295976243068,0.54,1,1,-1,0,0,1.5,进攻,进攻
2025-11-28,4526.662,4140.244985,0.16740080607475427,0.28,-0.005272123024635533,0.484,1,1,-1,0,0,1.5,进攻,进攻
2025-12-01,4576.486,4143.6639000000005,0.18133838446415895,0.556,-0.0053121438407571775,0.532,1,1,0,0,0,2.5,进攻,进攻
2025-12-02,4554.335,4146.930265,0.17221277623090026,0.3,-0.004677578087759149,0.532,1,1,0,0,0,2.5,进攻,进攻
2025-12-03,4531.049,4150.169835,0.17218730476152277,0.392,-0.006293676550706562,0.536,1,1,0,0,0,2.5,进攻,进攻
2025-12-04,4546.566,4153.303355,0.16739506370959978,0.276,-0.010749190007994347,0.44,1,1,-1,0,0,1.5,进攻,进攻
2025-12-05,4584.537,4156.700339999999,0.1778783664452923,0.424,-0.00831394362278537,0.476,1,1,0,0,0,2.5,进攻,进攻
2025-12-08,4621.755,4160.11407,0.19605003076977234,0.58,-0.004391553843200335,0.52,1,1,0,0,0,2.5,进攻,进攻
2025-12-09,4598.223,4163.368195,0.1870073145326483,0.524,-0.003678988066853739,0.48,1,1,0,0,0,2.5,进攻,进攻
2025-12-10,4591.827,4166.763415,0.18640241692092685,0.412,-0.0017442582507276594,0.484,1,1,0,0,0,2.5,进攻,进攻
2025-12-11,4552.185,4169.82354,0.17476621115358038,0.532,-0.001259605953038645,0.436,1,1,0,0,0,2.5,进攻,进攻
2025-12-12,4580.95,4173.08381,0.19199623428120738,0.66,-0.0006469259176715703,0.38,1,1,0,0,0,2.5,进攻,进攻
2025-12-15,4552.06,4175.95189,0.18338478944243364,0.436,-0.0012059553288885638,0.38,1,1,0,0,0,2.5,进攻,进攻
2025-12-16,4497.555,4178.59108,0.16580333041119255,0.488,0.000578407243017276,0.404,1,1,0,0,0,2.5,进攻,进攻
2025-12-17,4579.875,4181.8622000000005,0.17311350259756964,0.484,0.002200629765686468,0.58,1,1,0,0,0,2.5,进攻,进攻
2025-12-18,4552.793,4184.82646,0.14967604075285612,0.34,0.0028170282652733025,0.588,1,1,0,0,0,2.5,进攻,进攻
2025-12-19,4568.178,4187.826770000001,0.15766721912205206,0.512,0.014467307600493085,0.336,1,1,0,0,0,2.5,进攻,进攻
2025-12-22,4611.624,4191.434645,0.17590733543477177,0.54,0.019696070881593197,0.344,1,1,0,0,0,2.5,进攻,进攻
2025-12-23,4620.734,4195.095945,0.17394340916429774,0.54,0.024833481194223683,0.328,1,1,0,0,0,2.5,进攻,进攻
2025-12-24,4634.059,4198.840135,0.175333180141231,0.384,0.026369416793228906,0.328,1,1,0,0,0,2.5,进攻,进攻
2025-12-25,4642.536,4202.53996,0.17720761166269616,0.352,0.024157325114414485,0.324,1,1,0,0,0,2.5,进攻,进攻
2025-12-26,4657.24,4206.044975,0.17367948331530592,0.64,0.022320319895252183,0.328,1,1,0,0,0,2.5,进攻,进攻
2025-12-29,4639.372,4209.521765,0.1650264941290036,0.652,0.020301500699111852,0.32,1,1,0,0,0,2.5,进攻,进攻
2025-12-30,4651.282,4213.1341649999995,0.1730332204757672,0.564,0.023670435019861547,0.32,1,1,0,0,0,2.5,进攻,进攻
2025-12-31,4629.94,4216.576785,0.1579328305222043,0.408,0.017487318579103794,0.32,1,1,0,0,0,2.5,进攻,进攻
2026-01-05,4717.746,4220.529355000001,0.18197745603611382,0.744,0.023580551592698118,0.4,1,1,1,0,0,3.5,进攻,进攻
2026-01-06,4790.694,4224.92493,0.1946796328401028,0.932,0.03177252355439397,0.464,1,1,1,1,0,4.5,进攻,进攻
2026-01-07,4776.666,4228.7754749999995,0.18976229741554218,0.9,0.03487407373943996,0.448,1,1,1,1,0,4.5,进攻,进攻
2026-01-08,4737.654,4232.479805,0.1792049517282166,0.872,0.03770688940778122,0.484,1,1,1,1,0,4.5,进攻,进攻
2026-01-09,4758.922,4236.2358,0.18408714068748333,0.952,0.040247141728646296,0.48,1,1,1,1,0,4.5,进攻,进攻
2026-01-12,4789.916,4240.13454,0.19532681407126473,0.988,0.05640096187113253,0.428,1,1,1,1,0,4.5,进攻,进攻
2026-01-13,4761.032,4244.06474,0.18008244410509278,0.992,0.06300084608847745,0.452,1,1,1,1,0,4.5,进攻,进攻
2026-01-14,4741.931,4248.200915,0.1683808671522753,1.0,0.06693026838625027,0.432,1,1,1,1,0,4.5,进攻,进攻
2026-01-15,4751.429,4252.283815,0.16296770590024945,0.876,0.06951882351647054,0.372,1,1,1,1,0,4.5,进攻,进攻
2026-01-16,4731.873,4256.281705,0.14880341095976224,0.956,0.08095963450256893,0.316,1,1,1,1,0,4.5,进攻,进攻
2026-01-19,4734.456,4260.3571999999995,0.14920423936390614,0.884,0.08381990096394376,0.312,1,1,1,1,0,4.5,进攻,进攻
2026-01-20,4718.878,4264.28953,0.13734295452173595,0.936,0.07566667090292345,0.316,1,1,1,1,0,4.5,进攻,进攻
2026-01-21,4723.069,4268.329045,0.14438634965471464,0.84,0.07869413473853082,0.308,1,1,1,1,0,4.5,进攻,进攻
2026-01-22,4723.709,4272.511060000001,0.14214458835772525,0.912,0.0738996686948572,0.312,1,1,1,1,0,4.5,进攻,进攻
2026-01-23,4702.497,4276.5851250000005,0.13257916317941265,0.968,0.07041433436820865,0.32,1,1,1,1,0,4.5,进攻,进攻
2026-01-26,4706.964,4280.698015,0.13386994433949573,0.996,0.07338591323437438,0.32,1,1,1,1,0,4.5,进攻,进攻
2026-01-27,4705.692,4284.91896,0.15460359000694623,0.94,0.07431009107519948,0.316,1,1,1,1,0,4.5,进攻,进攻
2026-01-28,4717.991,4290.56171,0.1635200024464054,0.972,0.08250615007789142,0.316,1,1,1,1,0,4.5,进攻,进攻
2026-01-29,4753.87,4296.077265,0.1678255986313908,0.996,0.07676549332682381,0.34,1,1,1,1,0,4.5,进攻,进攻
2026-01-30,4706.34,4301.174994999999,0.14692271137701218,0.964,0.07418533415487283,0.364,1,1,1,1,0,4.5,进攻,进攻
2026-02-02,4605.98,4305.52932,0.1197269468589286,0.908,0.06633749226853936,0.38,1,1,1,1,0,4.5,进攻,进攻
2026-02-03,4660.107,4310.07727,0.13256021266367668,0.756,0.05559479276323298,0.356,1,1,1,1,0,4.5,进攻,进攻
2026-02-04,4698.683,4314.774975,0.14463356221864898,0.816,0.03868170592064679,0.38,1,1,1,1,0,4.5,进攻,进攻
2026-02-05,4670.419,4319.320895,0.1329063767204015,0.652,0.028690826014666104,0.376,1,1,0,0,0,2.5,进攻,进攻
2026-02-06,4643.596,4323.6747749999995,0.12060620320597515,0.548,0.020258060138100387,0.376,1,1,0,0,0,2.5,进攻,进攻
2026-02-09,4719.056,4328.408945,0.12988575814937464,0.592,0.006278107089306317,0.456,1,1,0,0,0,2.5,进攻,进攻
2026-02-10,4724.296,4333.16781,0.1320253237655551,0.46,0.0026060888356447265,0.444,1,1,0,0,0,2.5,进攻,进攻
2026-02-11,4713.819,4337.8125,0.12170943278682222,0.356,-0.01014073754224909,0.444,1,1,0,0,0,2.5,进攻,进攻
2026-02-12,4719.578,4342.490629999999,0.1132621426598448,0.484,-0.01353911042921141,0.444,1,1,0,0,0,2.5,进攻,进攻
2026-02-13,4660.406,4346.85825,0.10347935086970761,0.36,-0.044867019309737466,0.508,1,1,0,-1,0,1.5,进攻,进攻
2026-02-24,4707.544,4351.474185,0.10210900604860806,0.564,-0.032173272812909604,0.568,1,1,0,-1,0,1.5,进攻,进攻
2026-02-25,4735.886,4356.218645,0.10443273910343387,0.896,-0.016221013464244094,0.592,1,1,1,0,0,3.5,进攻,进攻
2026-02-26,4726.874,4360.94492,0.0796884786151113,0.768,-0.016806716553525614,0.596,1,1,1,0,0,3.5,进攻,进攻
2026-02-27,4710.647,4365.62277,0.05401946916040434,0.828,-0.017778798271591123,0.6,1,1,1,0,0,3.5,进攻,进攻
2026-03-02,4728.669,4370.41326,0.0620038984043223,0.976,-0.01591416038465754,0.592,1,1,1,0,0,3.5,进攻,进攻
2026-03-03,4655.896,4374.65003,0.06150505901903869,0.996,-0.02409581058042154,0.68,1,1,1,0,0,3.5,进攻,进攻
2026-03-04,4602.625,4378.50502,0.03110434156506736,0.928,-0.02485705193501908,0.732,1,0,1,0,0,2.25,进攻,进攻
2026-03-05,4647.692,4382.479,0.03356484081090394,0.832,-0.03239501092816999,0.744,1,0,1,-1,0,1.25,中性,进攻
2026-03-06,4660.439,4386.55041,0.030224742473601962,0.74,-0.03282898740419682,0.728,1,0,1,-1,0,1.25,中性,进攻
2026-03-09,4615.455,4390.174635,0.027837280559444455,0.948,-0.021751296955675126,0.724,1,0,1,0,0,2.25,进攻,进攻
2026-03-10,4674.756,4394.0671250000005,0.048191522995271185,0.788,-0.018387491004355327,0.596,1,0,1,0,0,2.25,进攻,进攻
2026-03-11,4704.496,4397.87355,0.0777252589738544,0.856,-0.015771568227968658,0.576,1,1,1,0,0,3.5,进攻,进攻
2026-03-12,4687.56,4401.775355,0.05094583914849271,0.94,-0.00667981009707419,0.532,1,1,1,0,0,3.5,进攻,进攻
2026-03-13,4669.14,4405.675630000001,0.04511778542846412,0.944,-0.006186277661796913,0.52,1,0,1,0,0,2.25,进攻,进攻
2026-03-16,4671.559,4409.6477,0.05304042280678911,0.88,0.003286098834445861,0.492,1,1,1,0,0,3.5,进攻,进攻
2026-03-17,4637.439,4413.34404,0.04320770060501222,0.78,7.435349940987379e-05,0.408,1,0,1,0,0,2.25,进攻,进攻
2026-03-18,4658.332,4417.053795,0.024251572382358644,0.66,0.002330254110332941,0.42,1,0,0,0,0,1.25,中性,进攻
2026-03-19,4583.251,4420.400725,0.013545561055091193,0.752,0.00819248677544504,0.52,1,0,1,0,0,2.25,进攻,进攻
2026-03-20,4567.018,4423.824445,0.00749207598582502,0.744,-0.0012987385625922165,0.516,1,0,1,0,0,2.25,进攻,进攻
2026-03-23,4417.997,4426.613895,-0.023288116715601825,0.956,0.01778083793683738,0.8,0,0,1,0,0,1.0,中性,进攻
2026-03-24,4474.722,4429.7905200000005,-0.01676568103479159,0.784,0.0038037306987313,0.816,1,0,1,0,-1,0.75,中性,进攻
2026-03-25,4537.466,4433.296665,0.008749676808632145,0.8,-0.006818040548754567,0.848,1,0,1,0,-1,0.75,中性,进攻
2026-03-26,4477.534,4436.390835,-0.005416799943135486,0.624,-0.013871730928997072,0.872,1,0,0,0,-1,-0.25,中性,进攻
2026-03-27,4502.57,4439.702525,-0.004430629406749431,0.488,-0.018778008866473628,0.88,1,0,0,0,-1,-0.25,中性,中性
2026-03-30,4491.95,4442.90221,-0.006156939566500874,0.568,-0.018024151541991662,0.872,1,0,0,0,-1,-0.25,中性,中性
2026-03-31,4450.049,4445.80874,-0.025409591747478255,0.592,-0.012932444118769593,0.836,1,0,0,0,-1,-0.25,中性,中性
2026-04-01,4526.067,4449.051295,-0.01467751738983536,0.488,-0.011377343622075764,0.888,1,0,0,0,-1,-0.25,中性,中性
2026-04-02,4478.914,4452.0759450000005,-0.01563389756901523,0.448,-0.017458115938072782,0.88,1,0,0,0,-1,-0.25,中性,中性
2026-04-03,4440.789,4454.853660000001,-0.038801286478748254,0.296,-0.021326183622738193,0.884,0,0,-1,0,-1,-2.5,防御,中性
2026-04-07,4440.616,4457.729415,-0.04311381013270865,0.264,-0.022380479724362745,0.872,0,0,-1,0,-1,-2.5,防御,中性
2026-04-08,4595.556,4461.2340699999995,-0.024190770874588874,0.676,-0.01994890790078463,0.92,1,0,0,0,-1,-0.25,中性,中性
2026-04-09,4566.224,4464.604195,-0.010962057548527748,0.436,-0.017205654478290033,0.916,1,0,0,0,-1,-0.25,中性,中性
2026-04-10,4636.566,4468.466115,0.00927017733428892,0.444,-0.017742196808931854,0.92,1,0,0,0,-1,-0.25,中性,中性
2026-04-13,4646.155,4472.327915,0.023593190137878528,0.44,-0.008696919322696006,0.916,1,0,0,0,-1,-0.25,中性,中性
2026-04-14,4701.284,4476.48244,0.020623113448399177,0.504,-0.006715766566108616,0.92,1,0,0,0,-1,-0.25,中性,中性
2026-04-15,4685.246,4480.533815,0.014469011277012056,0.496,-0.00028525197147621917,0.916,1,0,0,0,-1,-0.25,中性,中性
2026-04-16,4736.608,4485.0014,0.049260395172161076,0.432,0.002210312577012541,0.92,1,0,0,0,-1,-0.25,中性,中性
2026-04-17,4728.672,4489.41154,0.04196623345717021,0.444,0.0034531599408416103,0.904,1,0,0,0,-1,-0.25,中性,中性
2026-04-20,4757.442,4493.90924,0.03245966901858388,0.54,0.020252637658086936,0.904,1,0,0,0,-1,-0.25,中性,中性
2026-04-21,4767.997,4498.229055,0.038198002425657185,0.528,0.02652420846980741,0.828,1,0,0,0,-1,-0.25,中性,中性
2026-04-22,4799.627,4502.42686,0.041959948722902984,0.54,0.033798631144233315,0.8,1,0,0,1,0,2.25,进攻,中性
2026-04-23,4786.327,4506.628395,0.026958060233218895,0.748,0.03469125850177224,0.784,1,0,1,1,0,3.25,进攻,中性
2026-04-24,4769.369,4510.86645,0.011312507434766417,0.592,0.03267122628184671,0.736,1,0,0,1,0,2.25,进攻,中性
2026-04-27,4770.947,4515.04079,0.016831725161248867,0.544,0.04421466076277669,0.74,1,0,0,1,0,2.25,进攻,中性
2026-04-28,4758.208,4519.11802,0.0021841520287759764,0.584,0.04090445700016554,0.744,1,0,0,1,0,2.25,进攻,进攻
2026-04-29,4810.347,4523.45133,0.021324394452464146,0.616,0.04696880010182247,0.704,1,0,0,1,0,2.25,进攻,进攻
2026-04-30,4807.307,4527.647525,0.03590840801367401,0.712,0.04138505789822511,0.68,1,0,1,1,0,3.25,进攻,进攻
2026-05-06,4877.093,4532.121975,0.04807019722985517,0.828,0.06286575313715947,0.672,1,0,1,1,0,3.25,进攻,进攻
2026-05-07,4900.51,4536.79865,0.06101523394358477,0.792,0.08163154434839104,0.624,1,1,1,1,0,4.5,进攻,进攻
2026-05-08,4871.912,4541.165945,0.05287257656101674,0.812,0.086885958502678,0.652,1,1,1,1,0,4.5,进攻,进攻
2026-05-11,4951.837,4545.968125,0.055063245154954865,0.904,0.09351199366342011,0.372,1,1,1,1,0,4.5,进攻,进攻
2026-05-12,4948.047,4550.658240000001,0.05754752186140277,0.856,0.09730689115975522,0.344,1,1,1,1,0,4.5,进攻,进攻
2026-05-13,4998.342,4555.575914999999,0.06459802034099305,0.828,0.10389758895166734,0.316,1,1,1,1,0,4.5,进攻,进攻
2026-05-14,4914.597,4560.060560000001,0.05641049781972507,0.908,0.10023441106269937,0.448,1,1,1,1,0,4.5,进攻,进攻
2026-05-15,4859.593,4564.263205,0.04599423837062622,0.872,0.09094673927517483,0.468,1,0,1,1,0,3.25,进攻,进攻
2026-05-18,4833.524,4568.394815,0.02795574888868213,0.612,0.09453943500871853,0.476,1,0,0,1,0,2.25,进攻,进攻
2026-05-19,4852.883,4572.486775,0.04856011270186289,0.596,0.09283362410955953,0.456,1,0,0,1,0,2.25,进攻,进攻
2026-05-20,4850.7,4576.44753,0.05494651758037583,0.604,0.09607451182724258,0.452,1,1,0,1,0,3.5,进攻,进攻
2026-05-21,4783.098,4579.934985,0.04704376544511146,0.856,0.08254267714036723,0.552,1,0,1,1,0,3.25,进攻,进攻
2026-05-22,4845.096,4583.565675,0.05596941083958895,0.472,0.08086980637441887,0.616,1,1,0,1,0,3.5,进攻,进攻
2026-05-25,4921.597,4587.574815,0.07812772456553718,0.572,0.08362716843681617,0.676,1,1,0,1,0,3.5,进攻,进攻
2026-05-26,4947.849,4591.568875,0.11097541588752313,0.672,0.08559896406999767,0.672,1,1,0,1,0,3.5,进攻,进攻
2026-05-27,4908.171,4595.473915,0.10344380276471843,0.68,0.08901604303908983,0.688,1,1,0,1,0,3.5,进攻,进攻
2026-05-28,4914.213,4599.36586,0.09438079638696295,0.58,0.08420475790725779,0.684,1,1,0,1,0,3.5,进攻,进攻
2026-05-29,4892.121,4603.06634,0.08289641506401813,0.86,0.07194056464149368,0.692,1,1,1,1,0,4.5,进攻,进攻
2026-06-01,4844.256,4606.53143,0.07282915832761772,0.724,0.06509833650220798,0.7,1,1,1,1,0,4.5,进攻,进攻
2026-06-02,4914.559,4610.72627,0.08569162000608843,0.624,0.07155432241291493,0.736,1,1,0,1,0,3.5,进攻,进攻
2026-06-03,4938.809,4615.14567,0.07917056886003815,0.696,0.05792245674176555,0.704,1,1,0,1,0,3.5,进攻,进攻
2026-06-04,4904.745,4619.315885,0.07693988255145912,0.564,0.04793780963180838,0.708,1,1,0,1,0,3.5,进攻,进攻
2026-06-05,4816.92,4622.883235,0.06309157106886287,0.668,0.03441741529987152,0.78,1,1,0,1,0,3.5,进攻,进攻
2026-06-08,4713.636,4625.883989999999,0.036746414766661406,0.656,0.014765744645424128,0.812,1,0,0,0,-1,-0.25,中性,进攻
2026-06-09,4801.811,4629.319715,0.04739279015525444,0.404,0.007957946944091132,0.92,1,0,0,0,-1,-0.25,中性,进攻
2026-06-10,4748.593,4632.537845,0.027443687516971238,0.472,-0.0030958644080761877,0.9,1,0,0,0,-1,-0.25,中性,进攻
2026-06-11,4722.412,4635.53735,0.027008042019710743,0.368,-0.005474844680576574,0.828,1,0,0,0,-1,-0.25,中性,进攻
2026-06-12,4777.321,4638.70483,0.04039655675181142,0.884,-0.0023571891057382333,0.848,1,0,1,0,-1,0.75,中性,中性
2026-06-15,4891.713,4642.280505,0.07458572092302918,0.728,-0.00034872562026033727,0.956,1,1,1,0,-1,2.0,进攻,中性
2026-06-16,4884.232,4645.8351,0.0662050448051168,0.52,0.005739558275769996,0.952,1,1,0,0,-1,1.0,中性,中性
2026-06-17,4931.386,4649.480265,0.0833306239372944,0.484,0.0121809682617815,0.96,1,1,0,0,-1,1.0,中性,中性
2026-06-18,4941.599,4652.991195,0.09873008779214487,0.644,0.018846857962176333,0.928,1,1,0,0,-1,1.0,中性,中性
2026-06-22,5059.658,4657.172615,0.10475897267938539,0.884,0.025025252981708324,0.964,1,1,1,0,-1,2.0,进攻,中性
2026-06-23,4919.386,4660.4125650000005,0.08052046293341264,0.808,0.016009965953829308,0.976,1,1,1,0,-1,2.0,进攻,中性
2026-06-24,4943.02,4663.68731,0.08205503375744128,0.596,0.01723994421052888,0.972,1,1,0,0,-1,1.0,中性,中性
2026-06-25,5020.104,4666.8978400000005,0.08857617186483568,0.684,0.023625889042766968,0.988,1,1,0,0,-1,1.0,中性,中性
2026-06-26,4868.221,4668.892835,0.053560105385854095,0.64,0.015784208769872965,1.0,1,1,0,0,-1,1.0,中性,中性
2026-06-29,4926.921,4671.264485,0.06319772795296741,0.628,0.022397799470909918,1.0,1,1,0,0,-1,1.0,中性,中性
2026-06-30,4979.433,4674.231015,0.07256745020394018,0.424,0.033183267620188195,0.996,1,1,0,1,-1,2.0,进攻,中性
2026-07-01,4958.977,4676.70699,0.06478880195137027,0.688,0.03448778011341136,0.988,1,1,0,1,-1,2.0,进攻,中性
2026-07-02,4812.296,4678.284675,0.03727314817608929,0.612,0.02762082751303163,1.0,1,0,0,0,-1,-0.25,中性,中性
2026-07-03,4842.174,4679.876990000001,0.041040728126138015,0.432,0.016943268360199992,1.0,1,0,0,0,-1,-0.25,中性,中性
2026-07-06,4841.998,4681.634715,0.045801457470291185,0.376,0.02478263082749499,0.992,1,0,0,0,-1,-0.25,中性,中性
